日期,代號,名稱,產業,事件,原因,收盤,RS,底部序,在榜天數,樞紐,報酬20D,基準20D,報酬60D,基準60D,報酬120D,基準120D,報酬180D,基準180D,次日開盤,跳空%,報酬20D開,基準20D開,報酬60D開,基準60D開,報酬120D開,基準120D開,報酬180D開,基準180D開,月
2022-01-03,8103,瀚荃,電子工業,進榜,準備,49.97,75.0,3.0,0,,-12.5,-1.7,-21.5,-4.2,-37.9,-14.4,-37.3,-11.9,49.8,-0.4,-12.2,-1.9,-21.2,-4.6,-37.7,-15.1,-37.0,-12.3,2022-01
2022-01-03,5871,中租-KY,其他,進榜,準備,192.98,70.0,1.0,0,,-1.7,-1.7,-9.7,-4.2,-23.3,-14.4,-26.5,-11.9,193.3,0.2,-1.9,-1.9,-9.9,-4.6,-23.5,-15.1,-26.7,-12.3,2022-01
2022-01-03,2454,聯發科,半導體業,移出,掉出掃描母體,872.76,72.0,,6,,,,,,,,,,,,,,,,,,,,2022-01
2022-01-03,3033,威健,電子工業,移出,掉出掃描母體,22.32,71.0,,7,,,,,,,,,,,,,,,,,,,,2022-01
2022-01-04,8104,錸寶,光電業,進榜,準備,76.94,93.0,2.0,0,,-17.8,-1.6,-37.4,-4.6,-56.0,-13.8,-60.1,-11.7,78.0,1.3,-18.9,-1.7,-38.3,-4.8,-56.6,-13.9,-60.6,-11.9,2022-01
2022-01-04,2355,敬鵬,電子工業,進榜,準備,35.12,75.0,2.0,0,,-12.3,-1.6,-22.9,-4.6,-31.8,-13.8,-29.8,-11.7,36.6,4.3,-15.9,-1.7,-26.0,-4.8,-34.6,-13.9,-32.7,-11.9,2022-01
2022-01-04,5483,中美晶,半導體業,進榜,準備,197.02,74.0,3.0,0,,-15.5,-1.6,-33.9,-4.6,-42.6,-13.8,-44.0,-11.7,196.2,-0.4,-15.1,-1.7,-33.6,-4.8,-42.4,-13.9,-43.7,-11.9,2022-01
2022-01-04,5871,中租-KY,其他,移出,掉出掃描母體,192.98,70.0,,1,,,,,,,,,,,,,,,,,,,,2022-01
2022-01-04,6792,詠業,通信網路業,移出,離高點太遠,149.87,85.0,,27,,,,,,,,,,,,,,,,,,,,2022-01
2022-01-04,5222,全訊,電子工業,移出,掉出掃描母體,128.62,84.0,,6,,,,,,,,,,,,,,,,,,,,2022-01
2022-01-05,2883,凱基金,金融保險,移出,掉出掃描母體,13.94,70.0,,19,,,,,,,,,,,,,,,,,,,,2022-01
2022-01-05,6104,創惟,半導體業,移出,離高點太遠,165.45,97.0,,55,,,,,,,,,,,,,,,,,,,,2022-01
2022-01-05,6138,茂達,半導體業,移出,突破失敗,196.62,87.0,,7,,,,,,,,,,,,,,,,,,,,2022-01
2022-01-06,4132,國鼎,生技醫療業,進榜,準備,234.0,96.0,2.0,0,,-23.3,-2.3,-28.8,-3.6,-46.6,-12.8,-73.8,-10.7,212.2,-9.3,-15.4,-2.5,-21.5,-3.7,-41.1,-13.2,-71.1,-10.9,2022-01
2022-01-06,2347,聯強,電子工業,進榜,準備,50.43,71.0,2.0,0,,4.1,-2.3,16.4,-3.6,-15.9,-12.8,-11.8,-10.7,50.7,0.6,3.4,-2.5,15.7,-3.7,-16.4,-13.2,-12.3,-10.9,2022-01
2022-01-06,2883,凱基金,金融保險,進榜,準備,14.06,70.0,1.0,0,,11.3,-2.3,11.3,-3.6,-20.2,-12.8,-25.8,-10.7,14.1,0.3,11.0,-2.5,11.0,-3.7,-20.4,-13.2,-26.0,-10.9,2022-01
2022-01-06,5871,中租-KY,其他,進榜,準備,192.26,70.0,1.0,0,,-0.2,-2.3,-4.9,-3.6,-22.4,-12.8,-24.6,-10.7,191.2,-0.6,0.4,-2.5,-4.3,-3.7,-22.0,-13.2,-24.2,-10.9,2022-01
2022-01-06,6271,同欣電,半導體業,移出,掉出掃描母體,217.33,74.0,,57,,,,,,,,,,,,,,,,,,,,2022-01
2022-01-06,2406,國碩,光電業,移出,離高點太遠,30.41,78.0,,28,,,,,,,,,,,,,,,,,,,,2022-01
2022-01-06,3035,智原,半導體業,移出,離高點太遠,191.62,95.0,,21,,,,,,,,,,,,,,,,,,,,2022-01
2022-01-06,1773,勝一,化學生技醫療,移出,突破失敗,98.7,79.0,,8,,,,,,,,,,,,,,,,,,,,2022-01
2022-01-06,8103,瀚荃,電子工業,移出,掉出掃描母體,49.78,76.0,,3,,,,,,,,,,,,,,,,,,,,2022-01
2022-01-07,5880,合庫金,金融保險,進榜,準備,19.16,72.0,0.0,0,,5.4,-1.4,12.7,-3.4,-2.9,-13.7,5.7,-9.7,19.2,0.2,5.2,-1.4,12.5,-3.4,-3.1,-13.7,5.5,-9.6,2022-01
2022-01-07,2890,永豐金,金融保險,進榜,準備,12.42,71.0,0.0,0,,4.2,-1.4,11.8,-3.4,-5.4,-13.7,8.4,-9.7,12.5,0.3,3.9,-1.4,11.4,-3.4,-5.7,-13.7,8.0,-9.6,2022-01
2022-01-07,4132,國鼎,生技醫療業,移出,離高點太遠,284.5,99.0,,1,,,,,,,,,,,,,,,,,,,,2022-01
2022-01-07,5274,信驊,半導體業,移出,掉出掃描母體,2478.78,80.0,,72,,,,,,,,,,,,,,,,,,,,2022-01
2022-01-07,3491,昇達科,通信網路業,移出,離高點太遠,173.15,99.0,,67,,,,,,,,,,,,,,,,,,,,2022-01
2022-01-07,8046,南電,電子工業,移出,掉出掃描母體,498.58,79.0,,63,,,,,,,,,,,,,,,,,,,,2022-01
2022-01-07,4755,三福化,化學工業,移出,離高點太遠,134.3,98.0,,30,,,,,,,,,,,,,,,,,,,,2022-01
2022-01-07,3167,大量,電機機械,移出,掉出掃描母體,81.11,83.0,,16,,,,,,,,,,,,,,,,,,,,2022-01
2022-01-07,3037,欣興,電子工業,移出,突破失敗,194.43,90.0,,15,,,,,,,,,,,,,,,,,,,,2022-01
2022-01-07,2059,川湖,電子工業,移出,掉出掃描母體,455.82,74.0,,14,,,,,,,,,,,,,,,,,,,,2022-01
2022-01-07,3041,揚智,半導體業,移出,離高點太遠,62.24,83.0,,11,,,,,,,,,,,,,,,,,,,,2022-01
2022-01-07,5234,達興材料,電子工業,移出,離高點太遠,116.81,89.0,,9,,,,,,,,,,,,,,,,,,,,2022-01
2022-01-07,6208,日揚,電子零組件業,移出,突破失敗,59.4,84.0,,9,,,,,,,,,,,,,,,,,,,,2022-01
2022-01-07,2355,敬鵬,電子工業,移出,掉出掃描母體,34.09,73.0,,3,,,,,,,,,,,,,,,,,,,,2022-01
2022-01-10,6266,泰詠,電子零組件業,進榜,觸發,22.67,95.0,2.0,0,,-31.4,-1.1,-38.8,-3.7,-37.5,-12.7,-32.5,-9.9,23.0,1.3,-32.3,-1.2,-39.6,-3.8,-38.3,-12.9,-33.3,-10.1,2022-01
2022-01-10,6266,泰詠,電子零組件業,觸發,進榜即觸發,22.67,95.0,2.0,0,22.67,-31.4,-1.1,-38.8,-3.7,-37.5,-12.7,-32.5,-9.9,23.0,1.3,-32.3,-1.2,-39.6,-3.8,-38.3,-12.9,-33.3,-10.1,2022-01
2022-01-10,6706,惠特,光電業,進榜,準備,206.08,83.0,2.0,0,,-1.7,-1.1,-27.2,-3.7,-50.4,-12.7,-60.7,-9.9,207.8,0.8,-2.5,-1.2,-27.8,-3.8,-50.8,-12.9,-61.1,-10.1,2022-01
2022-01-10,2890,永豐金,金融保險,移出,掉出掃描母體,12.42,71.0,,3,,,,,,,,,,,,,,,,,,,,2022-01
2022-01-10,2476,鉅祥,電子零組件業,移出,離高點太遠,56.83,76.0,,19,,,,,,,,,,,,,,,,,,,,2022-01
2022-01-11,9945,潤泰新,其他,進榜,觸發,41.8,85.0,4.0,0,,2.7,-0.3,4.8,-2.5,6.4,-11.5,-17.4,-9.3,42.1,0.7,1.9,-0.6,4.0,-2.8,5.6,-12.0,-18.1,-9.6,2022-01
2022-01-11,9945,潤泰新,其他,觸發,進榜即觸發,41.8,85.0,4.0,0,41.8,2.7,-0.3,4.8,-2.5,6.4,-11.5,-17.4,-9.3,42.1,0.7,1.9,-0.6,4.0,-2.8,5.6,-12.0,-18.1,-9.6,2022-01
2022-01-11,2891,中信金,金融保險,進榜,觸發,21.77,72.0,1.0,0,,3.8,-0.3,5.7,-2.5,-14.2,-11.5,-21.2,-9.3,21.5,-1.1,5.0,-0.6,6.8,-2.8,-13.3,-12.0,-20.3,-9.6,2022-01
2022-01-11,2891,中信金,金融保險,觸發,進榜即觸發,21.77,72.0,1.0,0,21.77,3.8,-0.3,5.7,-2.5,-14.2,-11.5,-21.2,-9.3,21.5,-1.1,5.0,-0.6,6.8,-2.8,-13.3,-12.0,-20.3,-9.6,2022-01
2022-01-11,2915,潤泰全,貿易百貨,進榜,準備,78.88,81.0,2.0,0,,4.4,-0.3,0.5,-2.5,-23.5,-11.5,-44.3,-9.3,78.9,0.0,4.4,-0.6,0.5,-2.8,-23.5,-12.0,-44.3,-9.6,2022-01
2022-01-11,2890,永豐金,金融保險,進榜,準備,12.42,70.0,0.0,0,,5.1,-0.3,10.9,-2.5,-5.4,-11.5,8.4,-9.3,12.3,-0.6,5.8,-0.6,11.6,-2.8,-4.9,-12.0,9.0,-9.6,2022-01
2022-01-11,2376,技嘉,電子工業,移出,掉出掃描母體,115.2,86.0,,56,,,,,,,,,,,,,,,,,,,,2022-01
2022-01-11,3687,歐買尬,文化創意業,移出,離高點太遠,169.29,94.0,,27,,,,,,,,,,,,,,,,,,,,2022-01
2022-01-11,8155,博智,電子零組件業,移出,晚期未觸發,131.05,75.0,,26,,,,,,,,,,,,,,,,,,,,2022-01
2022-01-11,1611,中電,電器電纜,移出,離高點太遠,15.76,94.0,,12,,,,,,,,,,,,,,,,,,,,2022-01
2022-01-11,8289,泰藝,電子零組件業,移出,離高點太遠,31.9,89.0,,12,,,,,,,,,,,,,,,,,,,,2022-01
2022-01-11,5483,中美晶,半導體業,移出,掉出掃描母體,187.77,71.0,,7,,,,,,,,,,,,,,,,,,,,2022-01
2022-01-11,6266,泰詠,電子零組件業,移出,離高點太遠,20.46,93.0,,1,,,,,,,,,,,,,,,,,,,,2022-01
2022-01-12,2888,新光金,金融保險,進榜,準備,10.55,72.0,1.0,0,,4.8,0.0,-10.6,-2.1,-23.3,-11.1,-25.0,-11.4,10.6,0.9,3.9,-0.1,-11.4,-2.2,-24.0,-11.3,-25.7,-11.6,2022-01
2022-01-12,1722,台肥,化學工業,進榜,準備,59.08,71.0,2.0,0,,-5.8,0.0,9.5,-2.1,-16.2,-11.1,-23.5,-11.4,59.5,0.7,-6.4,-0.1,8.7,-2.2,-16.8,-11.3,-24.1,-11.6,2022-01
2022-01-12,3036,文曄,電子工業,觸發,等待後觸發,66.76,88.0,2.0,14,56.79,0.7,0.0,-12.6,-2.1,-19.4,-11.1,-21.0,-11.4,66.2,-0.8,1.5,-0.1,-11.9,-2.2,-18.7,-11.3,-20.3,-11.6,2022-01
2022-01-12,8104,錸寶,光電業,移出,離高點太遠,66.19,90.0,,8,,,,,,,,,,,,,,,,,,,,2022-01
2022-01-13,2884,玉山金,金融保險,進榜,觸發,22.32,70.0,1.0,0,,1.0,0.0,7.7,-1.9,-6.4,-10.4,-10.1,-11.7,22.3,0.0,1.0,0.1,7.7,-1.8,-6.4,-10.4,-10.1,-11.4,2022-01
2022-01-13,2884,玉山金,金融保險,觸發,進榜即觸發,22.32,70.0,1.0,0,22.32,1.0,0.0,7.7,-1.9,-6.4,-10.4,-10.1,-11.7,22.3,0.0,1.0,0.1,7.7,-1.8,-6.4,-10.4,-10.1,-11.4,2022-01
2022-01-13,6586,醣基,生技醫療業,進榜,準備,91.8,90.0,2.0,0,,94.4,0.0,24.7,-1.9,86.8,-10.4,65.6,-11.7,91.5,-0.3,95.1,0.1,25.2,-1.8,87.5,-10.4,66.2,-11.4,2022-01
2022-01-13,2887,台新新光金,金融保險,進榜,準備,14.92,78.0,0.0,0,,-2.2,0.0,-5.9,-1.9,-25.9,-10.4,-29.5,-11.7,15.0,0.2,-2.4,0.1,-6.1,-1.8,-26.0,-10.4,-29.6,-11.4,2022-01
2022-01-13,2812,台中銀,金融保險,進榜,準備,9.48,74.0,0.0,0,,-1.4,0.0,8.7,-1.9,-1.1,-10.4,0.8,-11.7,9.5,0.0,-1.4,0.1,8.7,-1.8,-1.1,-10.4,0.8,-11.4,2022-01
2022-01-13,5880,合庫金,金融保險,觸發,等待後觸發,20.23,82.0,0.0,6,19.35,-0.5,0.0,4.2,-1.9,-6.9,-10.4,-2.2,-11.7,20.2,-0.4,-0.2,0.1,4.6,-1.8,-6.6,-10.4,-1.9,-11.4,2022-01
2022-01-13,1722,台肥,化學工業,移出,掉出掃描母體,59.08,71.0,,1,,,,,,,,,,,,,,,,,,,,2022-01
2022-01-13,1560,中砂,電機機械,移出,離高點太遠,98.35,91.0,,76,,,,,,,,,,,,,,,,,,,,2022-01
2022-01-13,3515,華擎,電子工業,移出,掉出掃描母體,195.59,88.0,,63,,,,,,,,,,,,,,,,,,,,2022-01
2022-01-14,2880,華南金,金融保險,進榜,準備,17.64,72.0,0.0,0,,0.7,0.0,5.1,-1.1,-3.3,-8.9,-1.2,-13.4,17.6,-0.2,0.9,0.0,5.3,-1.1,-3.1,-9.0,-1.0,-13.4,2022-01
2022-01-14,1708,東鹼,化學工業,進榜,準備,28.29,70.0,3.0,0,,3.8,0.0,71.5,-1.1,26.4,-8.9,6.6,-13.4,27.8,-1.8,5.7,0.0,74.6,-1.1,28.7,-9.0,8.5,-13.4,2022-01
2022-01-14,2882,國泰金,金融保險,進榜,準備,53.51,70.0,1.0,0,,-5.9,0.0,-5.2,-1.1,-28.6,-8.9,-40.5,-13.4,53.2,-0.6,-5.3,0.0,-4.6,-1.1,-28.1,-9.0,-40.1,-13.4,2022-01
2022-01-14,2886,兆豐金,金融保險,進榜,準備,29.24,70.0,1.0,0,,0.4,0.0,10.9,-1.1,-8.8,-8.9,-15.4,-13.4,29.1,-0.4,0.8,0.0,11.4,-1.1,-8.4,-9.0,-15.1,-13.4,2022-01
2022-01-14,5871,中租-KY,其他,移出,掉出掃描母體,195.14,77.0,,8,,,,,,,,,,,,,,,,,,,,2022-01
2022-01-14,2374,佳能,光電業,移出,離高點太遠,22.25,94.0,,50,,,,,,,,,,,,,,,,,,,,2022-01
2022-01-14,5227,立凱-KY,電子零組件業,移出,離高點太遠,84.32,98.0,,31,,,,,,,,,,,,,,,,,,,,2022-01
2022-01-14,2457,飛宏,電子工業,移出,離高點太遠,42.92,74.0,,23,,,,,,,,,,,,,,,,,,,,2022-01
2022-01-17,3592,瑞鼎,電子工業,進榜,觸發,411.29,92.0,3.0,0,,-5.4,0.0,-19.1,-3.9,-48.0,-9.5,-61.0,-12.1,413.9,0.6,-6.1,0.0,-19.6,-4.0,-48.3,-9.6,-61.3,-12.4,2022-01
2022-01-17,3592,瑞鼎,電子工業,觸發,進榜即觸發,411.29,92.0,3.0,0,411.29,-5.4,0.0,-19.1,-3.9,-48.0,-9.5,-61.0,-12.1,413.9,0.6,-6.1,0.0,-19.6,-4.0,-48.3,-9.6,-61.3,-12.4,2022-01
2022-01-17,8155,博智,電子零組件業,進榜,觸發,153.59,89.0,3.0,0,,4.1,0.0,-21.5,-3.9,-29.9,-9.5,-49.3,-12.1,154.0,0.3,3.8,0.0,-21.7,-4.0,-30.1,-9.6,-49.4,-12.4,2022-01
2022-01-17,8155,博智,電子零組件業,觸發,進榜即觸發,153.59,89.0,3.0,0,153.59,4.1,0.0,-21.5,-3.9,-29.9,-9.5,-49.3,-12.1,154.0,0.3,3.8,0.0,-21.7,-4.0,-30.1,-9.6,-49.4,-12.4,2022-01
2022-01-17,3324,雙鴻,其他電子類,進榜,準備,203.95,83.0,2.0,0,,12.5,0.0,-27.7,-3.9,-21.1,-9.5,-44.5,-12.1,205.3,0.7,11.8,0.0,-28.2,-4.0,-21.6,-9.6,-44.8,-12.4,2022-01
2022-01-17,6278,台表科,光電業,進榜,準備,108.14,75.0,1.0,0,,-14.2,0.0,-27.7,-3.9,-34.7,-9.5,-40.0,-12.1,107.0,-1.1,-13.3,0.0,-26.9,-4.0,-34.0,-9.6,-39.3,-12.4,2022-01
2022-01-17,2884,玉山金,金融保險,移出,掉出掃描母體,22.02,71.0,,4,,,,,,,,,,,,,,,,,,,,2022-01
2022-01-17,2880,華南金,金融保險,移出,掉出掃描母體,17.64,72.0,,3,,,,,,,,,,,,,,,,,,,,2022-01
2022-01-17,1708,東鹼,化學工業,移出,掉出掃描母體,28.29,70.0,,3,,,,,,,,,,,,,,,,,,,,2022-01
2022-01-17,2882,國泰金,金融保險,移出,掉出掃描母體,53.51,70.0,,3,,,,,,,,,,,,,,,,,,,,2022-01
2022-01-17,2886,兆豐金,金融保險,移出,掉出掃描母體,29.24,70.0,,3,,,,,,,,,,,,,,,,,,,,2022-01
2022-01-18,5258,虹堡,電子工業,移出,離高點太遠,32.25,88.0,,34,,,,,,,,,,,,,,,,,,,,2022-01
2022-01-19,3714,富采,電子工業,進榜,準備,87.05,85.0,1.0,0,,-17.6,-1.1,-39.6,-4.6,-44.7,-8.4,-52.8,-12.2,87.9,0.9,-18.4,-1.1,-40.2,-4.8,-45.2,-8.4,-53.3,-12.3,2022-01
2022-01-19,2915,潤泰全,貿易百貨,移出,掉出掃描母體,78.11,80.0,,8,,,,,,,,,,,,,,,,,,,,2022-01
2022-01-21,2886,兆豐金,金融保險,進榜,準備,28.77,74.0,1.0,0,,3.4,0.7,12.9,-3.1,-6.1,-7.4,-15.6,-12.0,28.5,-0.9,4.4,1.4,14.0,-2.5,-5.2,-6.9,-14.8,-11.5,2022-01
2022-01-21,6196,帆宣,其他電子業,移出,掉出掃描母體,143.08,89.0,,29,,,,,,,,,,,,,,,,,,,,2022-01
2022-01-21,3583,辛耘,半導體業,移出,離高點太遠,87.89,92.0,,25,,,,,,,,,,,,,,,,,,,,2022-01
2022-01-21,3624,光頡,電子零組件業,移出,離高點太遠,67.53,97.0,,25,,,,,,,,,,,,,,,,,,,,2022-01
2022-01-24,5388,中磊,電子工業,進榜,準備,63.3,75.0,1.0,0,,-1.8,1.4,12.3,-2.6,18.1,-6.6,2.1,-12.2,62.6,-1.1,-0.8,1.9,13.5,-2.1,19.4,-6.3,3.2,-11.8,2022-01
2022-01-24,2892,第一金,金融保險,進榜,準備,19.22,71.0,0.0,0,,4.4,1.4,9.3,-2.6,4.8,-6.6,1.7,-12.2,19.0,-1.0,5.4,1.9,10.4,-2.1,5.8,-6.3,2.7,-11.8,2022-01
2022-01-24,6706,惠特,光電業,移出,晚期未觸發,199.62,79.0,,14,,,,,,,,,,,,,,,,,,,,2022-01
2022-01-24,9945,潤泰新,其他,移出,掉出掃描母體,40.43,82.0,,13,,,,,,,,,,,,,,,,,,,,2022-01
2022-01-25,8406,金可-KY,生技醫療業,進榜,準備,270.5,87.0,3.0,0,,1.7,2.0,3.0,-1.3,3.0,-5.4,3.0,-10.7,271.0,0.2,1.5,2.2,2.8,-1.4,2.8,-5.3,2.8,-10.5,2022-01
2022-01-25,1316,上曜,建材營造,移出,離高點太遠,22.57,97.0,,78,,,,,,,,,,,,,,,,,,,,2022-01
2022-01-25,4927,泰鼎-KY,電子工業,移出,離高點太遠,96.54,97.0,,35,,,,,,,,,,,,,,,,,,,,2022-01
2022-01-25,3533,嘉澤,電子工業,移出,掉出掃描母體,649.42,88.0,,33,,,,,,,,,,,,,,,,,,,,2022-01
2022-01-25,3455,由田,光電業,移出,離高點太遠,71.0,94.0,,27,,,,,,,,,,,,,,,,,,,,2022-01
2022-01-25,3324,雙鴻,其他電子類,移出,離高點太遠,184.37,81.0,,8,,,,,,,,,,,,,,,,,,,,2022-01
2022-01-26,2884,玉山金,金融保險,進榜,準備,21.65,73.0,1.0,0,,0.7,0.0,10.7,-1.2,3.6,-5.0,-14.1,-11.7,21.9,1.0,-0.3,-0.5,9.6,-1.7,2.5,-5.4,-15.0,-12.3,2022-01
2022-01-26,8406,金可-KY,生技醫療業,觸發,等待後觸發,272.5,88.0,3.0,1,271.5,0.7,0.0,2.2,-1.2,2.2,-5.0,2.2,-11.7,275.0,0.9,-0.2,-0.5,1.3,-1.7,1.3,-5.4,1.3,-12.3,2022-01
2022-01-26,6586,醣基,生技醫療業,移出,晚期未觸發,149.0,100.0,,13,,,,,,,,,,,,,,,,,,,,2022-01
2022-02-07,1529,樂事綠能,電機機械,進榜,觸發,22.02,97.0,6.0,0,,-25.9,-3.0,-31.7,-3.6,-40.5,-6.4,-38.2,-13.7,23.4,6.3,-30.3,-3.3,-35.8,-3.7,-44.0,-6.4,-41.9,-13.8,2022-02
2022-02-07,1529,樂事綠能,電機機械,觸發,進榜即觸發,22.02,97.0,6.0,0,22.02,-25.9,-3.0,-31.7,-3.6,-40.5,-6.4,-38.2,-13.7,23.4,6.3,-30.3,-3.3,-35.8,-3.7,-44.0,-6.4,-41.9,-13.8,2022-02
2022-02-07,3324,雙鴻,其他電子類,進榜,準備,211.69,88.0,2.0,0,,-9.5,-3.0,-29.5,-3.6,-22.0,-6.4,-47.4,-13.7,212.1,0.2,-9.7,-3.3,-29.6,-3.7,-22.1,-6.4,-47.5,-13.8,2022-02
2022-02-07,6592,和潤企業,其他,進榜,準備,74.67,86.0,1.0,0,,-0.4,-3.0,-3.6,-3.6,-3.7,-6.4,-14.0,-13.7,74.7,0.0,-0.4,-3.3,-3.6,-3.7,-3.7,-6.4,-14.0,-13.8,2022-02
2022-02-07,9945,潤泰新,其他,進榜,準備,41.92,84.0,3.0,0,,0.6,-3.0,13.7,-3.6,-13.8,-6.4,-10.9,-13.7,41.9,0.0,0.6,-3.3,13.7,-3.7,-13.8,-6.4,-10.9,-13.8,2022-02
2022-02-07,3526,凡甲,電子零組件業,進榜,準備,151.54,76.0,3.0,0,,-15.2,-3.0,-20.5,-3.6,-22.4,-6.4,-43.9,-13.7,150.8,-0.5,-14.8,-3.3,-20.1,-3.7,-22.0,-6.4,-43.6,-13.8,2022-02
2022-02-07,2880,華南金,金融保險,進榜,準備,17.44,71.0,0.0,0,,-1.3,-3.0,2.7,-3.6,4.5,-6.4,1.8,-13.7,17.5,0.2,-1.6,-3.3,2.5,-3.7,4.3,-6.4,1.6,-13.8,2022-02
2022-02-07,2886,兆豐金,金融保險,觸發,等待後觸發,29.67,74.0,1.0,17,29.55,-1.7,-3.0,3.6,-3.6,-6.4,-6.4,-15.5,-13.7,29.7,0.3,-2.0,-3.3,3.3,-3.7,-6.7,-6.4,-15.7,-13.8,2022-02
2022-02-07,2884,玉山金,金融保險,觸發,等待後觸發,22.36,75.0,1.0,12,22.32,-3.3,-3.0,6.2,-3.6,-0.8,-6.4,-15.4,-13.7,22.4,0.0,-3.3,-3.3,6.2,-3.7,-0.8,-6.4,-15.4,-13.8,2022-02
2022-02-07,2347,聯強,電子工業,觸發,等待後觸發,53.17,86.0,2.0,32,51.73,0.1,-3.0,12.7,-3.6,-14.0,-6.4,-17.6,-13.7,53.6,0.9,-0.7,-3.3,11.8,-3.7,-14.8,-6.4,-18.3,-13.8,2022-02
2022-02-08,3324,雙鴻,其他電子類,觸發,等待後觸發,215.78,89.0,2.0,1,213.96,-9.3,-3.1,-31.9,-6.0,-25.4,-8.4,-46.6,-13.6,219.4,1.7,-10.8,-3.2,-33.0,-6.2,-26.6,-8.6,-47.5,-13.7,2022-02
2022-02-08,6278,台表科,光電業,移出,掉出掃描母體,102.77,73.0,,22,,,,,,,,,,,,,,,,,,,,2022-02
2022-02-09,2497,怡利電,汽車工業,進榜,觸發,83.65,99.0,6.0,0,,11.0,-2.5,-19.6,-6.9,-27.1,-9.6,-34.7,-14.9,84.0,0.4,10.5,-2.7,-19.9,-7.0,-27.4,-9.7,-35.0,-15.2,2022-02
2022-02-09,2497,怡利電,汽車工業,觸發,進榜即觸發,83.65,99.0,6.0,0,83.65,11.0,-2.5,-19.6,-6.9,-27.1,-9.6,-34.7,-14.9,84.0,0.4,10.5,-2.7,-19.9,-7.0,-27.4,-9.7,-35.0,-15.2,2022-02
2022-02-09,6104,創惟,半導體業,進榜,觸發,213.86,94.0,5.0,0,,14.8,-2.5,-17.9,-6.9,-53.6,-9.6,-65.7,-14.9,226.2,5.8,8.6,-2.7,-22.3,-7.0,-56.1,-9.7,-67.6,-15.2,2022-02
2022-02-09,6104,創惟,半導體業,觸發,進榜即觸發,213.86,94.0,5.0,0,213.86,14.8,-2.5,-17.9,-6.9,-53.6,-9.6,-65.7,-14.9,226.2,5.8,8.6,-2.7,-22.3,-7.0,-56.1,-9.7,-67.6,-15.2,2022-02
2022-02-09,3059,華晶科,光電業,進榜,觸發,46.7,84.0,5.0,0,,-18.9,-2.5,-30.2,-6.9,-32.8,-9.6,-37.9,-14.9,46.9,0.4,-19.2,-2.7,-30.4,-7.0,-33.0,-9.7,-38.1,-15.2,2022-02
2022-02-09,3059,華晶科,光電業,觸發,進榜即觸發,46.7,84.0,5.0,0,46.7,-18.9,-2.5,-30.2,-6.9,-32.8,-9.6,-37.9,-14.9,46.9,0.4,-19.2,-2.7,-30.4,-7.0,-33.0,-9.7,-38.1,-15.2,2022-02
2022-02-09,3455,由田,光電業,進榜,準備,85.65,96.0,2.0,0,,-15.9,-2.5,-28.2,-6.9,-30.2,-9.6,-31.5,-14.9,86.0,0.4,-16.2,-2.7,-28.5,-7.0,-30.5,-9.7,-31.8,-15.2,2022-02
2022-02-09,3689,湧德,電子零組件業,進榜,準備,41.29,92.0,3.0,0,,-9.6,-2.5,-16.5,-6.9,-23.5,-9.6,-38.0,-14.9,41.4,0.2,-9.8,-2.7,-16.7,-7.0,-23.6,-9.7,-38.1,-15.2,2022-02
2022-02-09,5011,久陽,鋼鐵工業,進榜,準備,33.25,81.0,3.0,0,,-1.8,-2.5,-8.5,-6.9,-29.3,-9.6,-46.8,-14.9,33.4,0.4,-2.1,-2.7,-8.8,-7.0,-29.6,-9.7,-47.0,-15.2,2022-02
2022-02-09,5434,崇越,電子工業,進榜,準備,136.89,77.0,2.0,0,,0.3,-2.5,-4.7,-6.9,-4.6,-9.6,-11.4,-14.9,137.7,0.6,-0.3,-2.7,-5.2,-7.0,-5.2,-9.7,-12.0,-15.2,2022-02
2022-02-09,3526,凡甲,電子零組件業,移出,掉出掃描母體,153.37,70.0,,2,,,,,,,,,,,,,,,,,,,,2022-02
2022-02-10,1229,聯華,食品工業,進榜,準備,44.56,82.0,0.0,0,,-4.1,-2.9,-17.5,-7.2,-12.5,-9.9,-24.2,-14.2,45.0,0.9,-4.9,-2.6,-18.2,-7.1,-13.3,-9.5,-24.9,-14.0,2022-02
2022-02-10,3706,神達,電子工業,進榜,準備,26.5,70.0,1.0,0,,-5.8,-2.9,-15.6,-7.2,-11.3,-9.9,-14.2,-14.2,26.5,-0.1,-5.6,-2.6,-15.5,-7.1,-11.2,-9.5,-14.1,-14.0,2022-02
2022-02-10,2892,第一金,金融保險,觸發,等待後觸發,20.33,73.0,0.0,17,19.72,-3.8,-2.9,-0.9,-7.2,1.7,-9.9,-1.4,-14.2,20.2,-0.6,-3.2,-2.6,-0.4,-7.1,2.3,-9.5,-0.9,-14.0,2022-02
2022-02-10,9945,潤泰新,其他,觸發,等待後觸發,42.92,84.0,3.0,3,42.24,4.8,-2.9,6.7,-7.2,-18.6,-9.9,-10.9,-14.2,42.6,-0.7,5.6,-2.6,7.5,-7.1,-18.0,-9.5,-10.2,-14.0,2022-02
2022-02-11,2618,長榮航,航運業,進榜,觸發,24.71,93.0,6.0,0,,-1.8,-2.7,3.3,-8.6,7.2,-8.5,-19.3,-13.6,24.3,-1.7,-0.2,-2.0,5.1,-8.2,9.0,-8.0,-18.0,-12.9,2022-02
2022-02-11,2618,長榮航,航運業,觸發,進榜即觸發,24.71,93.0,6.0,0,24.71,-1.8,-2.7,3.3,-8.6,7.2,-8.5,-19.3,-13.6,24.3,-1.7,-0.2,-2.0,5.1,-8.2,9.0,-8.0,-18.0,-12.9,2022-02
2022-02-11,3665,貿聯-KY,其他電子業,進榜,準備,271.15,74.0,2.0,0,,-1.5,-2.7,0.3,-8.6,5.1,-8.5,-16.6,-13.6,265.9,-1.9,0.5,-2.0,2.3,-8.2,7.2,-8.0,-14.9,-12.9,2022-02
2022-02-11,5388,中磊,電子工業,移出,掉出掃描母體,63.8,71.0,,18,,,,,,,,,,,,,,,,,,,,2022-02
2022-02-14,8069,元太,光電業,移出,掉出掃描母體,132.7,95.0,,87,,,,,,,,,,,,,,,,,,,,2022-02
2022-02-14,3689,湧德,電子零組件業,移出,離高點太遠,38.21,82.0,,5,,,,,,,,,,,,,,,,,,,,2022-02
2022-02-15,1709,和益,化學工業,進榜,觸發,22.61,91.0,5.0,0,,-9.0,-2.7,-13.5,-7.1,-16.1,-6.9,-22.8,-11.7,23.5,3.8,-12.3,-3.5,-16.7,-7.7,-19.2,-7.8,-25.7,-12.7,2022-02
2022-02-15,1709,和益,化學工業,觸發,進榜即觸發,22.61,91.0,5.0,0,22.61,-9.0,-2.7,-13.5,-7.1,-16.1,-6.9,-22.8,-11.7,23.5,3.8,-12.3,-3.5,-16.7,-7.7,-19.2,-7.8,-25.7,-12.7,2022-02
2022-02-15,8440,綠電,其他,進榜,準備,31.58,99.0,3.0,0,,24.9,-2.7,53.3,-7.1,18.0,-6.9,-16.4,-11.7,33.5,6.0,17.8,-3.5,44.6,-7.7,11.3,-7.8,-21.2,-12.7,2022-02
2022-02-15,3010,華立,電子工業,觸發,等待後觸發,85.98,85.0,2.0,53,80.3,-6.2,-2.7,-12.2,-7.1,-15.2,-6.9,-23.7,-11.7,86.4,0.4,-6.6,-3.5,-12.5,-7.7,-15.6,-7.8,-24.0,-12.7,2022-02
2022-02-16,5321,美而快,電子零組件業,進榜,觸發,93.08,96.0,4.0,0,,-13.9,-2.2,-12.2,-7.0,-45.6,-7.1,-45.0,-12.0,92.4,-0.7,-13.3,-2.3,-11.5,-7.2,-45.2,-7.5,-44.6,-12.2,2022-02
2022-02-16,5321,美而快,電子零組件業,觸發,進榜即觸發,93.08,96.0,4.0,0,93.08,-13.9,-2.2,-12.2,-7.0,-45.6,-7.1,-45.0,-12.0,92.4,-0.7,-13.3,-2.3,-11.5,-7.2,-45.2,-7.5,-44.6,-12.2,2022-02
2022-02-16,2376,技嘉,電子工業,進榜,準備,117.14,87.0,3.0,0,,-13.9,-2.2,-28.4,-7.0,-39.8,-7.1,-26.6,-12.0,118.3,1.0,-14.7,-2.3,-29.1,-7.2,-40.4,-7.5,-27.3,-12.2,2022-02
2022-02-16,8112,至上,電子工業,進榜,準備,36.13,79.0,2.0,0,,-6.2,-2.2,-13.3,-7.0,-24.4,-7.1,-29.8,-12.0,36.4,0.7,-6.9,-2.3,-14.0,-7.2,-24.9,-7.5,-30.3,-12.2,2022-02
2022-02-16,2915,潤泰全,貿易百貨,進榜,準備,79.26,78.0,2.0,0,,4.4,-2.2,-18.6,-7.0,-35.8,-7.1,-35.2,-12.0,80.0,1.0,3.4,-2.3,-19.4,-7.2,-36.4,-7.5,-35.9,-12.2,2022-02
2022-02-16,2886,兆豐金,金融保險,移出,掉出掃描母體,29.74,73.0,,26,,,,,,,,,,,,,,,,,,,,2022-02
2022-02-16,2892,第一金,金融保險,移出,掉出掃描母體,20.02,73.0,,23,,,,,,,,,,,,,,,,,,,,2022-02
2022-02-16,2880,華南金,金融保險,移出,掉出掃描母體,17.87,72.0,,9,,,,,,,,,,,,,,,,,,,,2022-02
2022-02-16,3665,貿聯-KY,其他電子業,移出,掉出掃描母體,259.3,71.0,,5,,,,,,,,,,,,,,,,,,,,2022-02
2022-02-17,6550,北極星藥業-KY,生技醫療業,進榜,準備,99.8,88.0,3.0,0,,9.6,-2.0,8.1,-6.8,24.6,-7.0,-1.9,-11.0,95.7,-4.1,14.3,-1.7,12.7,-6.4,30.0,-6.6,2.3,-10.7,2022-02
2022-02-17,2834,臺企銀,金融保險,進榜,準備,8.1,77.0,0.0,0,,2.2,-2.0,5.2,-6.8,17.7,-7.0,10.9,-11.0,8.0,-0.9,3.1,-1.7,6.1,-6.4,18.7,-6.6,11.9,-10.7,2022-02
2022-02-17,2892,第一金,金融保險,進榜,準備,20.33,71.0,0.0,0,,1.5,-2.0,-0.9,-6.8,6.7,-7.0,-0.6,-11.0,20.2,-0.8,2.3,-1.7,-0.2,-6.4,7.5,-6.6,0.1,-10.7,2022-02
2022-02-17,2886,兆豐金,金融保險,進榜,準備,29.98,70.0,1.0,0,,5.3,-2.0,-2.3,-6.8,-0.7,-7.0,-16.2,-11.0,29.7,-0.8,6.2,-1.7,-1.6,-6.4,0.1,-6.6,-15.6,-10.7,2022-02
2022-02-17,2884,玉山金,金融保險,移出,掉出掃描母體,22.88,72.0,,22,,,,,,,,,,,,,,,,,,,,2022-02
2022-02-17,8440,綠電,其他,移出,晚期未觸發,29.21,98.0,,2,,,,,,,,,,,,,,,,,,,,2022-02
2022-02-18,3689,湧德,電子零組件業,進榜,觸發,42.68,88.0,3.0,0,,-13.6,-2.1,-14.3,-7.6,-22.1,-6.7,-35.4,-11.6,42.0,-1.5,-12.2,-1.8,-13.0,-7.3,-20.9,-6.5,-34.4,-11.4,2022-02
2022-02-18,3689,湧德,電子零組件業,觸發,進榜即觸發,42.68,88.0,3.0,0,42.68,-13.6,-2.1,-14.3,-7.6,-22.1,-6.7,-35.4,-11.6,42.0,-1.5,-12.2,-1.8,-13.0,-7.3,-20.9,-6.5,-34.4,-11.4,2022-02
2022-02-18,1708,東鹼,化學工業,進榜,觸發,30.09,79.0,3.0,0,,15.8,-2.1,42.7,-7.6,28.5,-6.7,13.0,-11.6,30.3,0.6,15.1,-1.8,41.8,-7.3,27.6,-6.5,12.3,-11.4,2022-02
2022-02-18,1708,東鹼,化學工業,觸發,進榜即觸發,30.09,79.0,3.0,0,30.09,15.8,-2.1,42.7,-7.6,28.5,-6.7,13.0,-11.6,30.3,0.6,15.1,-1.8,41.8,-7.3,27.6,-6.5,12.3,-11.4,2022-02
2022-02-18,2812,台中銀,金融保險,移出,掉出掃描母體,9.37,71.0,,36,,,,,,,,,,,,,,,,,,,,2022-02
2022-02-18,3706,神達,電子工業,移出,掉出掃描母體,26.74,72.0,,8,,,,,,,,,,,,,,,,,,,,2022-02
2022-02-18,2892,第一金,金融保險,移出,掉出掃描母體,20.33,71.0,,1,,,,,,,,,,,,,,,,,,,,2022-02
2022-02-18,2886,兆豐金,金融保險,移出,掉出掃描母體,29.98,70.0,,1,,,,,,,,,,,,,,,,,,,,2022-02
2022-02-18,3036,文曄,電子工業,移出,離高點太遠,67.23,82.0,,51,,,,,,,,,,,,,,,,,,,,2022-02
2022-02-18,2887,台新新光金,金融保險,移出,掉出掃描母體,14.7,73.0,,36,,,,,,,,,,,,,,,,,,,,2022-02
2022-02-18,3714,富采,電子工業,移出,掉出掃描母體,83.51,72.0,,30,,,,,,,,,,,,,,,,,,,,2022-02
2022-02-21,3706,神達,電子工業,進榜,準備,27.09,71.0,1.0,0,,-6.5,-2.0,-16.0,-7.1,-10.6,-6.5,-12.3,-11.3,27.0,-0.4,-6.1,-1.7,-15.7,-6.9,-10.2,-6.0,-11.9,-11.0,2022-02
2022-02-21,2376,技嘉,電子工業,移出,掉出掃描母體,117.91,88.0,,5,,,,,,,,,,,,,,,,,,,,2022-02
2022-02-21,3059,華晶科,光電業,移出,突破失敗,42.59,79.0,,12,,,,,,,,,,,,,,,,,,,,2022-02
2022-02-21,3455,由田,光電業,移出,離高點太遠,74.61,93.0,,12,,,,,,,,,,,,,,,,,,,,2022-02
2022-02-22,2382,廣達,電子工業,進榜,準備,72.27,76.0,2.0,0,,-2.2,-0.4,-20.4,-5.6,-10.3,-4.9,-22.1,-10.1,72.3,0.0,-2.2,-0.5,-20.4,-5.8,-10.3,-5.1,-22.1,-10.3,2022-02
2022-02-22,2313,華通,電子工業,進榜,準備,40.6,75.0,1.0,0,,2.1,-0.4,3.1,-5.6,11.5,-4.9,-0.9,-10.1,41.1,1.1,0.9,-0.5,1.9,-5.8,10.3,-5.1,-2.0,-10.3,2022-02
2022-02-22,2812,台中銀,金融保險,進榜,準備,9.27,70.0,0.0,0,,11.1,-0.4,1.8,-5.6,7.0,-4.9,1.0,-10.1,9.2,-0.7,11.9,-0.5,2.6,-5.8,7.7,-5.1,1.7,-10.3,2022-02
2022-02-22,2834,臺企銀,金融保險,移出,掉出掃描母體,8.14,75.0,,5,,,,,,,,,,,,,,,,,,,,2022-02
2022-02-22,3706,神達,電子工業,移出,掉出掃描母體,27.09,71.0,,1,,,,,,,,,,,,,,,,,,,,2022-02
2022-02-22,3592,瑞鼎,電子工業,移出,掉出掃描母體,398.77,88.0,,36,,,,,,,,,,,,,,,,,,,,2022-02
2022-02-22,6104,創惟,半導體業,移出,離高點太遠,199.34,98.0,,13,,,,,,,,,,,,,,,,,,,,2022-02
2022-02-23,6515,穎崴,電子工業,進榜,觸發,383.68,90.0,1.0,0,,13.5,-1.0,-16.8,-6.8,-8.5,-5.6,-18.0,-10.5,370.5,-3.4,17.5,-0.6,-13.9,-6.4,-5.2,-5.2,-15.1,-10.2,2022-02
2022-02-23,6515,穎崴,電子工業,觸發,進榜即觸發,383.68,90.0,1.0,0,383.68,13.5,-1.0,-16.8,-6.8,-8.5,-5.6,-18.0,-10.5,370.5,-3.4,17.5,-0.6,-13.9,-6.4,-5.2,-5.2,-15.1,-10.2,2022-02
2022-02-23,5706,鳳凰,觀光事業,進榜,準備,39.42,87.0,3.0,0,,9.3,-1.0,5.0,-6.8,11.6,-5.6,-4.4,-10.5,38.6,-2.0,11.6,-0.6,7.1,-6.4,13.9,-5.2,-2.4,-10.2,2022-02
2022-02-23,2382,廣達,電子工業,移出,掉出掃描母體,72.27,76.0,,1,,,,,,,,,,,,,,,,,,,,2022-02
2022-02-23,2313,華通,電子工業,移出,掉出掃描母體,40.6,75.0,,1,,,,,,,,,,,,,,,,,,,,2022-02
2022-02-23,2812,台中銀,金融保險,移出,掉出掃描母體,9.27,70.0,,1,,,,,,,,,,,,,,,,,,,,2022-02
2022-02-23,2888,新光金,金融保險,移出,掉出掃描母體,10.64,75.0,,42,,,,,,,,,,,,,,,,,,,,2022-02
2022-02-23,6550,北極星藥業-KY,生技醫療業,移出,離高點太遠,99.1,89.0,,6,,,,,,,,,,,,,,,,,,,,2022-02
2022-02-24,5706,鳳凰,觀光事業,觸發,等待後觸發,43.36,93.0,3.0,1,40.4,1.1,0.5,-1.5,-4.3,1.3,-3.2,-11.7,-8.2,43.3,-0.2,1.2,0.2,-1.4,-4.7,1.5,-3.9,-11.6,-8.8,2022-02
2022-02-24,2891,中信金,金融保險,移出,掉出掃描母體,22.09,76.0,,44,,,,,,,,,,,,,,,,,,,,2022-02
2022-02-24,1529,樂事綠能,電機機械,移出,離高點太遠,22.67,97.0,,17,,,,,,,,,,,,,,,,,,,,2022-02
2022-02-25,3035,智原,半導體業,進榜,觸發,247.47,99.0,6.0,0,,14.1,0.0,-12.5,-5.1,-28.9,-3.3,-37.3,-8.3,253.8,2.6,11.3,-0.4,-14.7,-5.4,-30.6,-3.8,-38.9,-8.9,2022-02
2022-02-25,3035,智原,半導體業,觸發,進榜即觸發,247.47,99.0,6.0,0,247.47,14.1,0.0,-12.5,-5.1,-28.9,-3.3,-37.3,-8.3,253.8,2.6,11.3,-0.4,-14.7,-5.4,-30.6,-3.8,-38.9,-8.9,2022-02
2022-02-25,9941,裕融,其他,進榜,準備,119.77,83.0,1.0,0,,12.9,0.0,4.7,-5.1,4.5,-3.3,-8.8,-8.3,118.9,-0.7,13.7,-0.4,5.5,-5.4,5.3,-3.8,-8.1,-8.9,2022-02
2022-02-25,6515,穎崴,電子工業,移出,掉出掃描母體,363.68,89.0,,2,,,,,,,,,,,,,,,,,,,,2022-02
2022-03-01,6275,元山,其他電子類,進榜,觸發,31.54,82.0,3.0,0,,-3.5,-0.8,-19.4,-5.3,-16.9,-4.4,-31.2,-9.9,31.0,-1.6,-2.0,-0.9,-18.1,-5.3,-15.6,-4.3,-30.1,-9.4,2022-03
2022-03-01,6275,元山,其他電子類,觸發,進榜即觸發,31.54,82.0,3.0,0,31.54,-3.5,-0.8,-19.4,-5.3,-16.9,-4.4,-31.2,-9.9,31.0,-1.6,-2.0,-0.9,-18.1,-5.3,-15.6,-4.3,-30.1,-9.4,2022-03
2022-03-01,1560,中砂,電機機械,進榜,準備,107.08,93.0,3.0,0,,8.6,-0.8,30.9,-5.3,36.9,-4.4,0.5,-9.9,107.5,0.4,8.1,-0.9,30.3,-5.3,36.3,-4.3,0.0,-9.4,2022-03
2022-03-01,6251,定穎,電子零組件業,進榜,準備,24.78,70.0,3.0,0,,-3.1,-0.8,-5.8,-5.3,-18.1,-4.4,-18.1,-9.9,24.2,-2.1,-1.0,-0.9,-3.8,-5.3,-16.3,-4.3,-16.3,-9.4,2022-03
2022-03-02,6104,創惟,半導體業,進榜,觸發,240.26,98.0,6.0,0,,13.3,-0.4,-21.3,-4.7,-52.0,-4.9,-64.2,-9.3,249.1,3.7,9.3,-0.8,-24.1,-4.9,-53.7,-5.2,-65.4,-9.8,2022-03
2022-03-02,6104,創惟,半導體業,觸發,進榜即觸發,240.26,98.0,6.0,0,240.26,13.3,-0.4,-21.3,-4.7,-52.0,-4.9,-64.2,-9.3,249.1,3.7,9.3,-0.8,-24.1,-4.9,-53.7,-5.2,-65.4,-9.8,2022-03
2022-03-02,1722,台肥,化學工業,進榜,觸發,57.46,71.0,2.0,0,,5.8,-0.4,-1.4,-4.7,-8.1,-4.9,-18.9,-9.3,57.5,0.1,5.6,-0.8,-1.6,-4.9,-8.2,-5.2,-19.0,-9.8,2022-03
2022-03-02,1722,台肥,化學工業,觸發,進榜即觸發,57.46,71.0,2.0,0,57.46,5.8,-0.4,-1.4,-4.7,-8.1,-4.9,-18.9,-9.3,57.5,0.1,5.6,-0.8,-1.6,-4.9,-8.2,-5.2,-19.0,-9.8,2022-03
2022-03-02,6469,大樹,生技醫療業,進榜,準備,123.29,89.0,3.0,0,,-6.8,-0.4,0.2,-4.7,27.0,-4.9,27.4,-9.3,123.1,-0.2,-6.6,-0.8,0.3,-4.9,27.2,-5.2,27.6,-9.8,2022-03
2022-03-03,6550,北極星藥業-KY,生技醫療業,進榜,準備,117.38,94.0,3.0,0,,2.1,-1.0,-10.2,-4.9,39.6,-5.0,-10.2,-9.6,115.0,-2.0,4.2,-0.7,-8.4,-4.5,42.4,-4.7,-8.4,-9.1,2022-03
2022-03-03,2812,台中銀,金融保險,進榜,準備,9.34,71.0,0.0,0,,11.0,-1.0,2.2,-4.9,5.8,-5.0,0.2,-9.6,9.4,0.4,10.6,-0.7,1.8,-4.5,5.4,-4.7,-0.1,-9.1,2022-03
2022-03-03,2886,兆豐金,金融保險,進榜,準備,29.74,71.0,0.0,0,,12.6,-1.0,1.7,-4.9,-1.9,-5.0,-15.6,-9.6,29.7,-0.3,12.9,-0.7,2.0,-4.5,-1.6,-4.7,-15.4,-9.1,2022-03
2022-03-03,2301,光寶科,電腦及週邊設備業,進榜,準備,56.06,70.0,0.0,0,,1.1,-1.0,-6.2,-4.9,-1.5,-5.0,2.3,-9.6,55.7,-0.6,1.7,-0.7,-5.6,-4.5,-0.9,-4.7,2.9,-9.1,2022-03
2022-03-03,2883,凱基金,金融保險,移出,逾期,15.04,79.0,,56,,,,,,,,,,,,,,,,,,,,2022-03
2022-03-03,6251,定穎,電子零組件業,移出,掉出掃描母體,24.39,72.0,,2,,,,,,,,,,,,,,,,,,,,2022-03
2022-03-03,1722,台肥,化學工業,移出,掉出掃描母體,57.46,71.0,,1,,,,,,,,,,,,,,,,,,,,2022-03
2022-03-04,2359,所羅門,其他電子業,進榜,觸發,23.3,90.0,2.0,0,,6.2,-0.6,3.3,-4.0,13.3,-3.7,0.0,-8.9,25.0,7.2,-0.9,0.0,-3.6,-3.3,5.7,-3.3,-6.7,-8.3,2022-03
2022-03-04,2359,所羅門,其他電子業,觸發,進榜即觸發,23.3,90.0,2.0,0,23.3,6.2,-0.6,3.3,-4.0,13.3,-3.7,0.0,-8.9,25.0,7.2,-0.9,0.0,-3.6,-3.3,5.7,-3.3,-6.7,-8.3,2022-03
2022-03-04,2906,高林,貿易百貨,進榜,準備,24.27,98.0,2.0,0,,-14.0,-0.6,-35.5,-4.0,-33.1,-3.7,-37.3,-8.9,24.9,2.4,-16.0,0.0,-37.0,-3.3,-34.7,-3.3,-38.8,-8.3,2022-03
2022-03-04,2886,兆豐金,金融保險,移出,掉出掃描母體,29.74,71.0,,1,,,,,,,,,,,,,,,,,,,,2022-03
2022-03-04,3689,湧德,電子零組件業,移出,突破失敗,39.15,83.0,,14,,,,,,,,,,,,,,,,,,,,2022-03
2022-03-07,1722,台肥,化學工業,進榜,準備,56.97,76.0,2.0,0,,9.8,1.3,-1.3,-1.7,-4.6,-1.0,-17.7,-7.0,56.7,-0.4,10.3,2.4,-0.9,-1.0,-4.2,-0.3,-17.4,-6.3,2022-03
2022-03-07,3702,大聯大,電子工業,進榜,準備,43.4,74.0,1.0,0,,0.7,1.3,0.0,-1.7,-2.6,-1.0,-11.6,-7.0,42.9,-1.1,1.8,2.4,1.1,-1.0,-1.6,-0.3,-10.7,-6.3,2022-03
2022-03-07,1605,華新,電器電纜,進榜,準備,25.96,73.0,3.0,0,,-5.6,1.3,52.9,-1.7,34.4,-1.0,47.0,-7.0,26.7,2.9,-8.3,2.4,48.5,-1.0,30.5,-0.3,42.8,-6.3,2022-03
2022-03-07,3010,華立,電子工業,移出,掉出掃描母體,81.81,82.0,,73,,,,,,,,,,,,,,,,,,,,2022-03
2022-03-07,5880,合庫金,金融保險,移出,掉出掃描母體,19.79,76.0,,59,,,,,,,,,,,,,,,,,,,,2022-03
2022-03-07,8155,博智,電子零組件業,移出,掉出掃描母體,154.01,93.0,,49,,,,,,,,,,,,,,,,,,,,2022-03
2022-03-07,3324,雙鴻,其他電子類,移出,掉出掃描母體,211.23,81.0,,28,,,,,,,,,,,,,,,,,,,,2022-03
2022-03-07,2618,長榮航,航運業,移出,離高點太遠,24.42,89.0,,24,,,,,,,,,,,,,,,,,,,,2022-03
2022-03-07,1709,和益,化學工業,移出,離高點太遠,20.58,83.0,,20,,,,,,,,,,,,,,,,,,,,2022-03
2022-03-08,1722,台肥,化學工業,移出,掉出掃描母體,56.97,76.0,,1,,,,,,,,,,,,,,,,,,,,2022-03
2022-03-08,2890,永豐金,金融保險,移出,掉出掃描母體,12.61,77.0,,56,,,,,,,,,,,,,,,,,,,,2022-03
2022-03-08,2497,怡利電,汽車工業,移出,離高點太遠,87.1,99.0,,27,,,,,,,,,,,,,,,,,,,,2022-03
2022-03-08,5011,久陽,鋼鐵工業,移出,掉出掃描母體,32.33,87.0,,27,,,,,,,,,,,,,,,,,,,,2022-03
2022-03-08,8112,至上,電子工業,移出,掉出掃描母體,34.15,78.0,,20,,,,,,,,,,,,,,,,,,,,2022-03
2022-03-08,3035,智原,半導體業,移出,離高點太遠,248.38,99.0,,11,,,,,,,,,,,,,,,,,,,,2022-03
2022-03-08,6469,大樹,生技醫療業,移出,晚期未觸發,110.73,72.0,,6,,,,,,,,,,,,,,,,,,,,2022-03
2022-03-08,2812,台中銀,金融保險,移出,掉出掃描母體,9.17,76.0,,5,,,,,,,,,,,,,,,,,,,,2022-03
2022-03-08,6550,北極星藥業-KY,生技醫療業,移出,晚期未觸發,104.4,96.0,,5,,,,,,,,,,,,,,,,,,,,2022-03
2022-03-08,2906,高林,貿易百貨,移出,離高點太遠,19.69,95.0,,4,,,,,,,,,,,,,,,,,,,,2022-03
2022-03-09,8440,綠電,其他,進榜,觸發,35.34,100.0,2.0,0,,55.4,1.5,33.3,-1.0,6.9,-0.6,-8.1,-5.6,37.9,7.2,44.9,0.6,24.4,-1.8,-0.3,-1.6,-14.3,-6.3,2022-03
2022-03-09,8440,綠電,其他,觸發,進榜即觸發,35.34,100.0,2.0,0,35.34,55.4,1.5,33.3,-1.0,6.9,-0.6,-8.1,-5.6,37.9,7.2,44.9,0.6,24.4,-1.8,-0.3,-1.6,-14.3,-6.3,2022-03
2022-03-09,8091,翔名,電子零組件業,進榜,準備,66.97,90.0,3.0,0,,-3.8,1.5,-6.3,-1.0,-3.3,-0.6,-5.9,-5.6,68.2,1.8,-5.5,0.6,-7.9,-1.8,-5.0,-1.6,-7.5,-6.3,2022-03
2022-03-09,1722,台肥,化學工業,進榜,準備,57.54,78.0,2.0,0,,12.8,1.5,-3.9,-1.0,-6.2,-0.6,-17.5,-5.6,58.1,1.0,11.7,0.6,-4.9,-1.8,-7.1,-1.6,-18.3,-6.3,2022-03
2022-03-09,6592,和潤企業,其他,移出,離高點太遠,73.66,83.0,,30,,,,,,,,,,,,,,,,,,,,2022-03
2022-03-09,1605,華新,電器電纜,移出,掉出掃描母體,24.39,71.0,,2,,,,,,,,,,,,,,,,,,,,2022-03
2022-03-10,3665,貿聯-KY,其他電子業,進榜,準備,271.15,86.0,2.0,0,,-7.0,-0.4,1.5,-1.9,13.4,-1.2,-16.9,-6.9,274.7,1.3,-8.1,-0.3,0.2,-1.9,12.0,-1.0,-18.0,-6.6,2022-03
2022-03-10,2812,台中銀,金融保險,進榜,準備,9.37,76.0,0.0,0,,16.8,-0.4,1.8,-1.9,6.6,-1.2,2.2,-6.9,9.3,-1.1,18.1,-0.3,3.0,-1.9,7.7,-1.0,3.3,-6.6,2022-03
2022-03-10,2886,兆豐金,金融保險,進榜,準備,29.86,72.0,0.0,0,,16.7,-0.4,-1.4,-1.9,-0.0,-1.2,-12.7,-6.9,29.7,-0.7,17.5,-0.3,-0.8,-1.9,0.6,-1.0,-12.1,-6.6,2022-03
2022-03-11,5388,中磊,電子工業,進榜,準備,63.3,74.0,1.0,0,,5.8,-0.4,8.3,-1.3,29.7,-1.7,10.8,-6.2,64.0,1.1,4.7,-0.5,7.2,-1.6,28.3,-2.0,9.6,-6.5,2022-03
2022-03-11,1229,聯華,食品工業,移出,掉出掃描母體,43.82,83.0,,29,,,,,,,,,,,,,,,,,,,,2022-03
2022-03-14,2884,玉山金,金融保險,進榜,準備,22.43,70.0,1.0,0,,17.3,0.2,-3.0,-1.5,0.3,-1.7,-10.9,-6.0,22.4,-0.2,17.5,0.4,-2.8,-1.5,0.5,-1.7,-10.8,-6.0,2022-03
2022-03-15,9933,中鼎,其他,進榜,準備,34.62,86.0,2.0,0,,3.2,1.4,1.4,-1.6,14.1,-1.1,-5.1,-4.0,34.6,0.0,3.2,1.0,1.4,-2.1,14.1,-1.7,-5.1,-4.7,2022-03
2022-03-15,5880,合庫金,金融保險,進榜,準備,19.9,81.0,0.0,0,,9.6,1.4,0.0,-1.6,7.5,-1.1,5.6,-4.0,19.9,0.2,9.4,1.0,-0.2,-2.1,7.3,-1.7,5.4,-4.7,2022-03
2022-03-15,2897,王道銀行,金融保險,進榜,準備,7.2,77.0,3.0,0,,11.2,1.4,-3.1,-1.6,0.7,-1.1,-1.3,-4.0,7.2,0.1,11.1,1.0,-3.2,-2.1,0.6,-1.7,-1.4,-4.7,2022-03
2022-03-15,2892,第一金,金融保險,進榜,準備,19.79,72.0,0.0,0,,10.4,1.4,1.2,-1.6,8.2,-1.1,7.2,-4.0,19.9,0.4,10.0,1.0,0.8,-2.1,7.8,-1.7,6.7,-4.7,2022-03
2022-03-15,2880,華南金,金融保險,進榜,準備,17.64,71.0,0.0,0,,8.4,1.4,1.1,-1.6,9.0,-1.1,7.8,-4.0,17.7,0.2,8.2,1.0,0.9,-2.1,8.7,-1.7,7.5,-4.7,2022-03
2022-03-15,5321,美而快,電子零組件業,移出,掉出掃描母體,86.29,98.0,,27,,,,,,,,,,,,,,,,,,,,2022-03
2022-03-15,8440,綠電,其他,移出,離高點太遠,35.86,100.0,,6,,,,,,,,,,,,,,,,,,,,2022-03
2022-03-16,2890,永豐金,金融保險,進榜,準備,12.83,79.0,0.0,0,,8.2,0.8,-0.3,-2.0,9.5,-2.1,11.1,-3.9,13.0,1.5,6.6,0.0,-1.7,-2.6,7.9,-2.8,9.5,-4.8,2022-03
2022-03-16,2357,華碩,電子工業,進榜,準備,270.48,72.0,1.0,0,,-5.9,0.8,-14.2,-2.0,-22.5,-2.1,-17.5,-3.9,274.0,1.3,-7.2,0.0,-15.4,-2.6,-23.5,-2.8,-18.6,-4.8,2022-03
2022-03-16,2812,台中銀,金融保險,觸發,等待後觸發,9.68,82.0,0.0,6,9.48,7.1,0.8,-1.8,-2.0,3.6,-2.1,-0.3,-3.9,9.8,1.1,5.9,0.0,-2.8,-2.6,2.5,-2.8,-1.3,-4.8,2022-03
2022-03-16,1708,東鹼,化學工業,移出,離高點太遠,33.62,93.0,,26,,,,,,,,,,,,,,,,,,,,2022-03
2022-03-16,6275,元山,其他電子類,移出,掉出掃描母體,30.08,87.0,,15,,,,,,,,,,,,,,,,,,,,2022-03
2022-03-17,8440,綠電,其他,進榜,準備,43.38,100.0,3.0,0,,63.5,-0.7,15.1,-2.9,-20.0,-4.2,-18.5,-4.9,46.0,6.1,54.1,-0.7,8.5,-3.0,-24.5,-4.4,-23.2,-5.1,2022-03
2022-03-17,6515,穎崴,電子工業,進榜,準備,393.68,92.0,3.0,0,,-15.6,-0.7,2.1,-2.9,-5.5,-4.2,13.1,-4.9,391.9,-0.5,-15.2,-0.7,2.6,-3.0,-5.0,-4.4,13.6,-5.1,2022-03
2022-03-17,1560,中砂,電機機械,觸發,等待後觸發,118.57,97.0,3.0,16,108.92,-0.8,-0.7,23.3,-2.9,15.7,-4.2,-7.7,-4.9,116.7,-1.6,0.8,-0.7,25.2,-3.0,17.5,-4.4,-6.2,-5.1,2022-03
2022-03-17,2880,華南金,金融保險,移出,掉出掃描母體,17.95,71.0,,2,,,,,,,,,,,,,,,,,,,,2022-03
2022-03-17,2357,華碩,電子工業,移出,掉出掃描母體,270.48,72.0,,1,,,,,,,,,,,,,,,,,,,,2022-03
2022-03-17,2915,潤泰全,貿易百貨,移出,掉出掃描母體,80.42,72.0,,29,,,,,,,,,,,,,,,,,,,,2022-03
2022-03-18,4755,三福化,化學工業,進榜,觸發,157.39,100.0,5.0,0,,0.3,-0.5,-3.3,-4.1,-20.1,-3.5,-23.8,-4.8,160.8,2.2,-1.9,-0.8,-5.3,-4.8,-21.8,-3.6,-25.4,-5.2,2022-03
2022-03-18,4755,三福化,化學工業,觸發,進榜即觸發,157.39,100.0,5.0,0,157.39,0.3,-0.5,-3.3,-4.1,-20.1,-3.5,-23.8,-4.8,160.8,2.2,-1.9,-0.8,-5.3,-4.8,-21.8,-3.6,-25.4,-5.2,2022-03
2022-03-18,8155,博智,電子零組件業,進榜,觸發,180.72,98.0,4.0,0,,-24.5,-0.5,-33.7,-4.1,-45.9,-3.5,-39.4,-4.8,175.3,-3.0,-22.1,-0.8,-31.7,-4.8,-44.2,-3.6,-37.5,-5.2,2022-03
2022-03-18,8155,博智,電子零組件業,觸發,進榜即觸發,180.72,98.0,4.0,0,180.72,-24.5,-0.5,-33.7,-4.1,-45.9,-3.5,-39.4,-4.8,175.3,-3.0,-22.1,-0.8,-31.7,-4.8,-44.2,-3.6,-37.5,-5.2,2022-03
2022-03-18,3558,神準,通信網路業,進榜,準備,103.96,89.0,2.0,0,,57.1,-0.5,53.6,-4.1,70.9,-3.5,76.9,-4.8,106.4,2.4,53.5,-0.8,50.0,-4.8,66.9,-3.6,72.8,-5.2,2022-03
2022-03-18,2883,凱基金,金融保險,進榜,準備,15.52,85.0,2.0,0,,-2.9,-0.5,-19.9,-4.1,-26.3,-3.5,-24.4,-4.8,15.6,0.3,-3.1,-0.8,-20.2,-4.8,-26.5,-3.6,-24.5,-5.2,2022-03
2022-03-18,3010,華立,電子工業,進榜,準備,82.57,82.0,1.0,0,,-2.8,-0.5,-7.3,-4.1,-10.1,-3.5,-12.6,-4.8,83.3,0.9,-3.6,-0.8,-8.2,-4.8,-11.0,-3.6,-13.4,-5.2,2022-03
2022-03-18,2834,臺企銀,金融保險,進榜,準備,8.28,81.0,0.0,0,,7.2,-0.5,3.8,-4.1,15.2,-3.5,13.4,-4.8,8.3,0.9,6.3,-0.8,3.0,-4.8,14.2,-3.6,12.5,-5.2,2022-03
2022-03-18,2891,中信金,金融保險,進榜,準備,22.37,74.0,1.0,0,,2.8,-0.5,-5.5,-4.1,-14.1,-3.5,-14.6,-4.8,22.6,1.1,1.8,-0.8,-6.5,-4.8,-15.0,-3.6,-15.5,-5.2,2022-03
2022-03-18,3702,大聯大,電子工業,觸發,等待後觸發,45.25,77.0,1.0,11,44.33,-3.9,-0.5,-2.9,-4.1,-4.3,-3.5,-11.2,-4.8,45.2,-0.2,-3.8,-0.8,-2.7,-4.8,-4.1,-3.6,-11.1,-5.2,2022-03
2022-03-18,5880,合庫金,金融保險,觸發,等待後觸發,20.79,80.0,0.0,3,20.38,1.4,-0.5,-3.7,-4.1,3.3,-3.5,-1.0,-4.8,20.7,-0.4,1.8,-0.8,-3.4,-4.8,3.7,-3.6,-0.7,-5.2,2022-03
2022-03-18,2897,王道銀行,金融保險,觸發,等待後觸發,7.6,75.0,3.0,3,7.34,2.0,-0.5,-7.3,-4.1,-6.6,-3.5,-6.2,-4.8,7.8,2.1,-0.1,-0.8,-9.2,-4.8,-8.5,-3.6,-8.1,-5.2,2022-03
2022-03-18,2301,光寶科,電腦及週邊設備業,移出,掉出掃描母體,57.02,74.0,,15,,,,,,,,,,,,,,,,,,,,2022-03
2022-03-18,5388,中磊,電子工業,移出,掉出掃描母體,63.55,71.0,,7,,,,,,,,,,,,,,,,,,,,2022-03
2022-03-21,1712,興農,化學工業,進榜,準備,25.41,91.0,1.0,0,,4.0,-0.6,-3.7,-5.5,36.4,-2.9,16.8,-5.9,25.6,0.6,3.4,-0.7,-4.2,-5.5,35.6,-3.1,16.2,-5.7,2022-03
2022-03-21,8996,高力,電機機械,進榜,準備,63.88,90.0,3.0,0,,-19.5,-0.6,-1.3,-5.5,74.7,-2.9,150.8,-5.9,63.0,-1.3,-18.4,-0.7,0.0,-5.5,77.0,-3.1,154.1,-5.7,2022-03
2022-03-21,2884,玉山金,金融保險,移出,掉出掃描母體,23.18,71.0,,7,,,,,,,,,,,,,,,,,,,,2022-03
2022-03-21,2892,第一金,金融保險,移出,掉出掃描母體,20.63,74.0,,6,,,,,,,,,,,,,,,,,,,,2022-03
2022-03-21,8155,博智,電子零組件業,移出,突破失敗,162.77,96.0,,3,,,,,,,,,,,,,,,,,,,,2022-03
2022-03-22,2892,第一金,金融保險,進榜,觸發,20.78,73.0,0.0,0,,1.8,-1.0,-5.1,-7.8,4.2,-3.1,1.8,-6.7,20.8,0.2,1.7,-1.2,-5.3,-8.0,4.0,-3.3,1.7,-6.9,2022-03
2022-03-22,2892,第一金,金融保險,觸發,進榜即觸發,20.78,73.0,0.0,0,20.78,1.8,-1.0,-5.1,-7.8,4.2,-3.1,1.8,-6.7,20.8,0.2,1.7,-1.2,-5.3,-8.0,4.0,-3.3,1.7,-6.9,2022-03
2022-03-22,4919,新唐,半導體業,進榜,觸發,141.15,72.0,6.0,0,,4.1,-1.0,-3.7,-7.8,-20.1,-3.1,-22.7,-6.7,144.2,2.2,1.8,-1.2,-5.8,-8.0,-21.8,-3.3,-24.4,-6.9,2022-03
2022-03-22,4919,新唐,半導體業,觸發,進榜即觸發,141.15,72.0,6.0,0,141.15,4.1,-1.0,-3.7,-7.8,-20.1,-3.1,-22.7,-6.7,144.2,2.2,1.8,-1.2,-5.8,-8.0,-21.8,-3.3,-24.4,-6.9,2022-03
2022-03-22,2886,兆豐金,金融保險,觸發,等待後觸發,32.13,80.0,0.0,12,30.33,-0.4,-1.0,-15.9,-7.8,-9.3,-3.1,-19.9,-6.7,32.2,0.1,-0.5,-1.2,-16.0,-8.0,-9.4,-3.3,-20.0,-6.9,2022-03
2022-03-22,2834,臺企銀,金融保險,觸發,等待後觸發,8.59,84.0,0.0,4,8.45,2.5,-1.0,-5.3,-7.8,5.8,-3.1,11.8,-6.7,8.6,0.4,2.0,-1.2,-5.7,-8.0,5.4,-3.3,11.4,-6.9,2022-03
2022-03-23,2884,玉山金,金融保險,進榜,觸發,23.67,72.0,1.0,0,,4.1,-1.6,-6.9,-6.6,-5.6,-3.9,-15.1,-7.1,23.7,0.0,4.1,-1.4,-6.9,-6.4,-5.6,-3.6,-15.1,-6.9,2022-03
2022-03-23,2884,玉山金,金融保險,觸發,進榜即觸發,23.67,72.0,1.0,0,23.67,4.1,-1.6,-6.9,-6.6,-5.6,-3.9,-15.1,-7.1,23.7,0.0,4.1,-1.4,-6.9,-6.4,-5.6,-3.6,-15.1,-6.9,2022-03
2022-03-23,2880,華南金,金融保險,進榜,觸發,18.66,71.0,0.0,0,,-0.6,-1.6,-3.2,-6.6,2.8,-3.9,1.2,-7.1,18.5,-0.6,0.0,-1.4,-2.5,-6.4,3.4,-3.6,1.9,-6.9,2022-03
2022-03-23,2880,華南金,金融保險,觸發,進榜即觸發,18.66,71.0,0.0,0,18.66,-0.6,-1.6,-3.2,-6.6,2.8,-3.9,1.2,-7.1,18.5,-0.6,0.0,-1.4,-2.5,-6.4,3.4,-3.6,1.9,-6.9,2022-03
2022-03-23,6550,北極星藥業-KY,生技醫療業,進榜,準備,118.88,97.0,3.0,0,,0.4,-1.6,-9.7,-6.6,73.5,-3.9,-9.7,-7.1,116.1,-2.4,2.8,-1.4,-7.5,-6.4,77.7,-3.6,-7.5,-6.9,2022-03
2022-03-23,2891,中信金,金融保險,觸發,等待後觸發,23.2,78.0,1.0,5,22.73,0.9,-1.6,-9.4,-6.6,-19.3,-3.9,-17.5,-7.1,23.1,-0.3,1.2,-1.4,-9.1,-6.4,-19.1,-3.6,-17.2,-6.9,2022-03
2022-03-23,3558,神準,通信網路業,觸發,等待後觸發,106.85,89.0,2.0,5,105.2,39.4,-1.6,51.4,-6.6,67.0,-3.9,64.7,-7.1,105.6,-1.2,41.0,-1.4,53.1,-6.4,69.0,-3.6,66.6,-6.9,2022-03
2022-03-23,3702,大聯大,電子工業,移出,掉出掃描母體,45.02,74.0,,16,,,,,,,,,,,,,,,,,,,,2022-03
2022-03-23,5434,崇越,電子工業,移出,掉出掃描母體,137.69,74.0,,42,,,,,,,,,,,,,,,,,,,,2022-03
2022-03-24,8069,元太,光電業,進榜,觸發,154.15,97.0,5.0,0,,-1.7,-3.6,9.3,-8.2,41.5,-4.0,0.3,-7.1,158.6,2.9,-4.5,-3.7,6.2,-8.5,37.6,-4.3,-2.6,-7.3,2022-03
2022-03-24,8069,元太,光電業,觸發,進榜即觸發,154.15,97.0,5.0,0,154.15,-1.7,-3.6,9.3,-8.2,41.5,-4.0,0.3,-7.1,158.6,2.9,-4.5,-3.7,6.2,-8.5,37.6,-4.3,-2.6,-7.3,2022-03
2022-03-24,3526,凡甲,電子零組件業,進榜,準備,144.97,75.0,3.0,0,,-16.6,-3.6,-21.4,-8.2,-16.1,-4.0,-34.0,-7.1,144.6,-0.3,-16.4,-3.7,-21.2,-8.5,-15.9,-4.3,-33.9,-7.3,2022-03
2022-03-24,8028,昇陽半導體,半導體業,進榜,準備,50.54,72.0,2.0,0,,-10.4,-3.6,3.5,-8.2,16.4,-4.0,7.8,-7.1,51.2,1.3,-11.5,-3.7,2.1,-8.5,14.9,-4.3,6.4,-7.3,2022-03
2022-03-24,6515,穎崴,電子工業,觸發,等待後觸發,435.5,96.0,3.0,7,395.04,-26.6,-3.6,-22.4,-8.2,-13.7,-4.0,1.1,-7.1,420.0,-3.5,-23.9,-3.7,-19.6,-8.5,-10.5,-4.3,4.8,-7.3,2022-03
2022-03-24,8091,翔名,電子零組件業,移出,晚期未觸發,71.77,89.0,,15,,,,,,,,,,,,,,,,,,,,2022-03
2022-03-24,2880,華南金,金融保險,移出,掉出掃描母體,18.66,71.0,,1,,,,,,,,,,,,,,,,,,,,2022-03
2022-03-25,1708,東鹼,化學工業,進榜,準備,42.01,97.0,3.0,0,,9.3,-3.2,-13.6,-8.3,-0.7,-4.4,-18.0,-7.0,42.1,0.2,9.1,-2.9,-13.8,-7.9,-0.8,-3.9,-18.2,-6.8,2022-03
2022-03-25,2915,潤泰全,貿易百貨,進榜,準備,90.81,71.0,3.0,0,,-6.4,-3.2,-33.7,-8.3,-49.4,-4.4,-36.9,-7.0,90.0,-0.8,-5.6,-2.9,-33.2,-7.9,-49.0,-3.9,-36.4,-6.8,2022-03
2022-03-25,5388,中磊,電子工業,進榜,準備,66.13,71.0,1.0,0,,12.7,-3.2,5.4,-8.3,18.3,-4.4,5.9,-7.0,65.9,-0.4,13.1,-2.9,5.8,-7.9,18.7,-3.9,6.3,-6.8,2022-03
2022-03-25,3526,凡甲,電子零組件業,移出,掉出掃描母體,144.97,75.0,,1,,,,,,,,,,,,,,,,,,,,2022-03
2022-03-28,6586,醣基,生技醫療業,進榜,觸發,201.0,100.0,6.0,0,,-21.6,-4.3,-18.9,-7.3,-12.2,-4.7,-32.8,-6.9,197.4,-1.8,-20.2,-4.6,-17.4,-7.5,-10.6,-4.9,-31.6,-6.9,2022-03
2022-03-28,6586,醣基,生技醫療業,觸發,進榜即觸發,201.0,100.0,6.0,0,201.0,-21.6,-4.3,-18.9,-7.3,-12.2,-4.7,-32.8,-6.9,197.4,-1.8,-20.2,-4.6,-17.4,-7.5,-10.6,-4.9,-31.6,-6.9,2022-03
2022-03-28,1708,東鹼,化學工業,觸發,等待後觸發,46.15,98.0,3.0,3,42.55,-4.5,-4.3,-21.8,-7.3,-16.5,-4.7,-25.8,-6.9,46.8,1.3,-5.7,-4.6,-22.8,-7.5,-17.6,-4.9,-26.8,-6.9,2022-03
2022-03-28,2915,潤泰全,貿易百貨,移出,掉出掃描母體,90.81,71.0,,3,,,,,,,,,,,,,,,,,,,,2022-03
2022-03-28,8440,綠電,其他,移出,離高點太遠,47.98,100.0,,11,,,,,,,,,,,,,,,,,,,,2022-03
2022-03-29,3624,光頡,電子零組件業,進榜,觸發,83.54,99.0,5.0,0,,-28.7,-4.0,-29.9,-6.3,-50.1,-4.4,-54.0,-6.2,84.3,0.9,-29.3,-4.3,-30.6,-6.5,-50.5,-4.7,-54.4,-6.3,2022-03
2022-03-29,3624,光頡,電子零組件業,觸發,進榜即觸發,83.54,99.0,5.0,0,83.54,-28.7,-4.0,-29.9,-6.3,-50.1,-4.4,-54.0,-6.2,84.3,0.9,-29.3,-4.3,-30.6,-6.5,-50.5,-4.7,-54.4,-6.3,2022-03
2022-03-29,2890,永豐金,金融保險,移出,掉出掃描母體,13.17,73.0,,13,,,,,,,,,,,,,,,,,,,,2022-03
2022-03-30,3122,笙泉,半導體業,進榜,觸發,62.39,84.0,5.0,0,,-24.6,-4.0,-39.6,-7.2,-53.5,-5.5,-56.4,-6.2,62.4,0.0,-24.6,-4.0,-39.6,-7.2,-53.5,-5.5,-56.4,-6.4,2022-03
2022-03-30,3122,笙泉,半導體業,觸發,進榜即觸發,62.39,84.0,5.0,0,62.39,-24.6,-4.0,-39.6,-7.2,-53.5,-5.5,-56.4,-6.2,62.4,0.0,-24.6,-4.0,-39.6,-7.2,-53.5,-5.5,-56.4,-6.4,2022-03
2022-03-30,6231,系微,資訊服務業,進榜,準備,79.28,91.0,3.0,0,,-17.9,-4.0,-32.6,-7.2,-34.0,-5.5,-12.7,-6.2,81.0,2.2,-19.7,-4.0,-34.0,-7.2,-35.4,-5.5,-14.5,-6.4,2022-03
2022-03-30,6592,和潤企業,其他,進榜,準備,80.03,87.0,2.0,0,,-6.7,-4.0,-14.2,-7.2,-7.5,-5.5,-11.4,-6.2,80.4,0.4,-7.1,-4.0,-14.6,-7.2,-7.9,-5.5,-11.8,-6.4,2022-03
2022-03-30,2890,永豐金,金融保險,進榜,準備,13.77,79.0,0.0,0,,-0.5,-4.0,-7.1,-7.2,1.5,-5.5,0.6,-6.2,13.7,-0.3,-0.3,-4.0,-6.8,-7.2,1.8,-5.5,0.9,-6.4,2022-03
2022-03-30,3653,健策,電子工業,進榜,準備,354.67,77.0,3.0,0,,-8.8,-4.0,-11.2,-7.2,2.0,-5.5,10.3,-6.2,353.0,-0.5,-8.3,-4.0,-10.7,-7.2,2.5,-5.5,10.8,-6.4,2022-03
2022-03-31,5309,系統電,電子零組件業,進榜,準備,40.72,80.0,2.0,0,,-5.9,-4.2,1.9,-7.4,-7.1,-5.4,-4.1,-6.6,40.9,0.5,-6.3,-3.9,1.4,-7.1,-7.6,-5.3,-4.5,-6.6,2022-03
2022-03-31,2880,華南金,金融保險,進榜,準備,19.09,71.0,0.0,0,,-3.7,-4.2,-5.5,-7.4,0.0,-5.4,-0.6,-6.6,18.9,-1.2,-2.5,-3.9,-4.4,-7.1,1.3,-5.3,0.6,-6.6,2022-03
2022-03-31,1722,台肥,化學工業,移出,掉出掃描母體,60.78,71.0,,22,,,,,,,,,,,,,,,,,,,,2022-03
2022-03-31,1708,東鹼,化學工業,移出,離高點太遠,42.63,97.0,,6,,,,,,,,,,,,,,,,,,,,2022-03
2022-04-01,6138,茂達,半導體業,進榜,觸發,204.37,91.0,5.0,0,,-24.1,-4.1,-45.9,-8.9,-51.6,-6.4,-49.8,-7.2,202.8,-0.8,-23.5,-3.9,-45.5,-8.7,-51.3,-6.2,-49.4,-6.9,2022-04
2022-04-01,6138,茂達,半導體業,觸發,進榜即觸發,204.37,91.0,5.0,0,204.37,-24.1,-4.1,-45.9,-8.9,-51.6,-6.4,-49.8,-7.2,202.8,-0.8,-23.5,-3.9,-45.5,-8.7,-51.3,-6.2,-49.4,-6.9,2022-04
2022-04-01,6217,中探針,電子零組件業,進榜,觸發,51.9,75.0,4.0,0,,-5.7,-4.1,-2.7,-8.9,-16.2,-6.4,-22.0,-7.2,51.6,-0.6,-5.0,-3.9,-2.1,-8.7,-15.7,-6.2,-21.5,-6.9,2022-04
2022-04-01,6217,中探針,電子零組件業,觸發,進榜即觸發,51.9,75.0,4.0,0,51.9,-5.7,-4.1,-2.7,-8.9,-16.2,-6.4,-22.0,-7.2,51.6,-0.6,-5.0,-3.9,-2.1,-8.7,-15.7,-6.2,-21.5,-6.9,2022-04
2022-04-01,2504,國產,建材營造,進榜,觸發,21.48,73.0,4.0,0,,-1.0,-4.1,-18.0,-8.9,-8.1,-6.4,-9.9,-7.2,21.5,0.0,-1.0,-3.9,-18.0,-8.7,-8.1,-6.2,-9.9,-6.9,2022-04
2022-04-01,2504,國產,建材營造,觸發,進榜即觸發,21.48,73.0,4.0,0,21.48,-1.0,-4.1,-18.0,-8.9,-8.1,-6.4,-9.9,-7.2,21.5,0.0,-1.0,-3.9,-18.0,-8.7,-8.1,-6.2,-9.9,-6.9,2022-04
2022-04-01,9802,鈺齊-KY,其他,進榜,準備,103.56,89.0,3.0,0,,21.0,-4.1,37.3,-8.9,38.1,-6.4,24.4,-7.2,104.8,1.2,19.6,-3.9,35.7,-8.7,36.5,-6.2,23.0,-6.9,2022-04
2022-04-01,6208,日揚,電子零組件業,進榜,準備,60.23,83.0,2.0,0,,-4.8,-4.1,-18.5,-8.9,-12.5,-6.4,-9.3,-7.2,60.2,0.0,-4.8,-3.9,-18.5,-8.7,-12.5,-6.2,-9.3,-6.9,2022-04
2022-04-01,2515,中工,建材營造,進榜,準備,8.11,72.0,3.0,0,,-7.7,-4.1,-16.3,-8.9,-14.3,-6.4,-14.4,-7.2,8.2,1.0,-8.6,-3.9,-17.1,-8.7,-15.1,-6.2,-15.2,-6.9,2022-04
2022-04-01,8028,昇陽半導體,半導體業,移出,掉出掃描母體,49.7,72.0,,8,,,,,,,,,,,,,,,,,,,,2022-04
2022-04-01,3624,光頡,電子零組件業,移出,突破失敗,74.64,98.0,,3,,,,,,,,,,,,,,,,,,,,2022-04
2022-04-06,3675,德微,半導體業,進榜,觸發,269.76,93.0,6.0,0,,-5.5,-3.5,-36.8,-11.6,-41.3,-8.9,-50.4,-8.6,271.0,0.4,-5.9,-3.3,-37.1,-11.4,-41.6,-8.8,-50.6,-8.4,2022-04
2022-04-06,3675,德微,半導體業,觸發,進榜即觸發,269.76,93.0,6.0,0,269.76,-5.5,-3.5,-36.8,-11.6,-41.3,-8.9,-50.4,-8.6,271.0,0.4,-5.9,-3.3,-37.1,-11.4,-41.6,-8.8,-50.6,-8.4,2022-04
2022-04-06,6508,惠光,農業科技業,進榜,準備,37.35,93.0,2.0,0,,8.9,-3.5,-24.5,-11.6,-3.4,-8.9,-19.0,-8.6,37.3,0.0,8.9,-3.3,-24.5,-11.4,-3.4,-8.8,-19.0,-8.4,2022-04
2022-04-06,3209,全科,電子工業,進榜,準備,24.54,85.0,1.0,0,,0.3,-3.5,-10.5,-11.6,0.4,-8.9,4.6,-8.6,24.6,0.3,0.0,-3.3,-10.7,-11.4,0.1,-8.8,4.3,-8.4,2022-04
2022-04-06,3030,德律,其他電子業,進榜,準備,59.05,81.0,1.0,0,,-10.8,-3.5,-16.0,-11.6,-11.5,-8.9,-7.5,-8.6,58.7,-0.6,-10.3,-3.3,-15.6,-11.4,-11.0,-8.8,-6.9,-8.4,2022-04
2022-04-06,8028,昇陽半導體,半導體業,進榜,準備,51.3,75.0,2.0,0,,-8.7,-3.5,-2.3,-11.6,-0.8,-8.9,3.4,-8.6,51.2,-0.2,-8.6,-3.3,-2.1,-11.4,-0.7,-8.8,3.6,-8.4,2022-04
2022-04-06,2845,遠東銀,金融保險,進榜,準備,9.77,74.0,0.0,0,,-6.7,-3.5,-12.2,-11.6,-5.9,-8.9,-6.3,-8.6,9.7,-0.4,-6.3,-3.3,-11.8,-11.4,-5.5,-8.8,-5.9,-8.4,2022-04
2022-04-06,2915,潤泰全,貿易百貨,進榜,準備,90.42,73.0,3.0,0,,-4.7,-3.5,-37.4,-11.6,-51.0,-8.9,-38.9,-8.6,90.0,-0.4,-4.3,-3.3,-37.2,-11.4,-50.8,-8.8,-38.7,-8.4,2022-04
2022-04-06,2883,凱基金,金融保險,觸發,等待後觸發,16.05,84.0,2.0,19,15.97,-10.4,-3.5,-27.4,-11.6,-31.2,-8.9,-31.8,-8.6,16.1,0.0,-10.4,-3.3,-27.4,-11.4,-31.2,-8.8,-31.8,-8.4,2022-04
2022-04-06,2890,永豐金,金融保險,觸發,等待後觸發,14.34,83.0,0.0,7,13.89,-5.5,-3.5,-12.8,-11.6,-5.0,-8.9,-8.0,-8.6,14.3,-0.5,-5.0,-3.3,-12.4,-11.4,-4.5,-8.8,-7.6,-8.4,2022-04
2022-04-06,2880,華南金,金融保險,觸發,等待後觸發,19.75,76.0,0.0,6,19.2,-8.1,-3.5,-11.1,-11.6,-4.4,-8.9,-3.4,-8.6,19.8,0.2,-8.3,-3.3,-11.3,-11.4,-4.6,-8.8,-3.5,-8.4,2022-04
2022-04-06,9802,鈺齊-KY,其他,觸發,等待後觸發,104.8,90.0,3.0,5,104.8,17.6,-3.5,23.9,-11.6,29.7,-8.9,20.6,-8.6,104.8,0.0,17.6,-3.3,23.9,-11.4,29.7,-8.8,20.6,-8.4,2022-04
2022-04-07,5434,崇越,電子工業,進榜,準備,137.69,74.0,1.0,0,,-2.0,-3.1,-16.9,-10.5,-2.7,-7.3,2.2,-7.0,138.9,0.9,-2.9,-3.5,-17.6,-10.8,-3.6,-7.5,1.3,-7.5,2022-04
2022-04-07,2515,中工,建材營造,移出,掉出掃描母體,8.23,75.0,,6,,,,,,,,,,,,,,,,,,,,2022-04
2022-04-07,8028,昇陽半導體,半導體業,移出,掉出掃描母體,51.3,75.0,,1,,,,,,,,,,,,,,,,,,,,2022-04
2022-04-07,2845,遠東銀,金融保險,移出,掉出掃描母體,9.77,74.0,,1,,,,,,,,,,,,,,,,,,,,2022-04
2022-04-07,6104,創惟,半導體業,移出,離高點太遠,243.12,97.0,,36,,,,,,,,,,,,,,,,,,,,2022-04
2022-04-07,2359,所羅門,其他電子業,移出,離高點太遠,23.03,93.0,,34,,,,,,,,,,,,,,,,,,,,2022-04
2022-04-07,6515,穎崴,電子工業,移出,離高點太遠,366.4,87.0,,21,,,,,,,,,,,,,,,,,,,,2022-04
2022-04-07,3010,華立,電子工業,移出,掉出掃描母體,82.57,75.0,,20,,,,,,,,,,,,,,,,,,,,2022-04
2022-04-07,4755,三福化,化學工業,移出,離高點太遠,156.96,99.0,,20,,,,,,,,,,,,,,,,,,,,2022-04
2022-04-07,4919,新唐,半導體業,移出,離高點太遠,152.18,81.0,,16,,,,,,,,,,,,,,,,,,,,2022-04
2022-04-07,6138,茂達,半導體業,移出,離高點太遠,181.1,82.0,,6,,,,,,,,,,,,,,,,,,,,2022-04
2022-04-08,2743,山富,觀光事業,進榜,準備,32.93,99.0,3.0,0,,34.6,-5.5,20.3,-10.3,27.4,-10.5,31.5,-7.3,33.4,1.3,32.8,-5.6,18.7,-10.4,25.7,-10.6,29.8,-7.4,2022-04
2022-04-08,5011,久陽,鋼鐵工業,進榜,準備,34.88,90.0,2.0,0,,-12.9,-5.5,-34.7,-10.3,-49.5,-10.5,-37.6,-7.3,35.1,0.7,-13.5,-5.6,-35.2,-10.4,-49.9,-10.6,-38.1,-7.4,2022-04
2022-04-08,1722,台肥,化學工業,進榜,準備,64.92,78.0,1.0,0,,-10.5,-5.5,-21.2,-10.3,-30.3,-10.5,-30.3,-7.3,66.1,1.9,-12.1,-5.6,-22.7,-10.4,-31.6,-10.6,-31.6,-7.4,2022-04
2022-04-08,2845,遠東銀,金融保險,進榜,準備,9.85,77.0,0.0,0,,-11.3,-5.5,-12.1,-10.3,-7.5,-10.5,-6.2,-7.3,9.9,0.4,-11.6,-5.6,-12.4,-10.4,-7.8,-10.6,-6.6,-7.4,2022-04
2022-04-08,2515,中工,建材營造,進榜,準備,8.11,73.0,3.0,0,,-12.8,-5.5,-16.8,-10.3,-18.8,-10.5,-14.9,-7.3,8.1,-0.5,-12.3,-5.6,-16.4,-10.4,-18.4,-10.6,-14.5,-7.4,2022-04
2022-04-08,6231,系微,資訊服務業,觸發,等待後觸發,81.01,94.0,3.0,9,80.67,-20.5,-5.5,-39.7,-10.3,-41.7,-10.5,-22.0,-7.3,82.4,1.7,-21.8,-5.6,-40.8,-10.4,-42.7,-10.6,-23.3,-7.4,2022-04
2022-04-08,6508,惠光,農業科技業,觸發,等待後觸發,39.41,95.0,2.0,2,38.06,7.5,-5.5,-24.4,-10.3,-18.0,-10.5,-21.9,-7.3,40.7,3.2,4.1,-5.6,-26.8,-10.4,-20.5,-10.6,-24.3,-7.4,2022-04
2022-04-08,3653,健策,電子工業,移出,掉出掃描母體,347.85,73.0,,9,,,,,,,,,,,,,,,,,,,,2022-04
2022-04-08,6592,和潤企業,其他,移出,掉出掃描母體,78.69,89.0,,9,,,,,,,,,,,,,,,,,,,,2022-04
2022-04-08,3122,笙泉,半導體業,移出,離高點太遠,57.18,74.0,,9,,,,,,,,,,,,,,,,,,,,2022-04
2022-04-11,1708,東鹼,化學工業,進榜,準備,51.98,99.0,3.0,0,,-18.3,-4.3,-34.2,-10.9,-36.1,-8.6,-37.2,-6.5,54.7,5.3,-22.4,-4.1,-37.5,-10.8,-39.3,-8.5,-40.4,-6.3,2022-04
2022-04-11,1229,聯華,食品工業,進榜,準備,44.83,72.0,1.0,0,,-16.9,-4.3,-14.6,-10.9,-17.1,-8.6,-20.3,-6.5,44.5,-0.7,-16.3,-4.1,-14.0,-10.8,-16.5,-8.5,-19.7,-6.3,2022-04
2022-04-11,1712,興農,化學工業,觸發,等待後觸發,30.04,95.0,1.0,21,25.49,-18.1,-4.3,-22.4,-10.9,1.7,-8.6,-6.0,-6.5,29.7,-1.2,-17.1,-4.1,-21.5,-10.8,2.9,-8.5,-4.8,-6.3,2022-04
2022-04-11,5434,崇越,電子工業,移出,掉出掃描母體,138.9,72.0,,4,,,,,,,,,,,,,,,,,,,,2022-04
2022-04-11,2515,中工,建材營造,移出,掉出掃描母體,8.11,73.0,,3,,,,,,,,,,,,,,,,,,,,2022-04
2022-04-11,3665,貿聯-KY,其他電子業,移出,掉出掃描母體,264.13,81.0,,32,,,,,,,,,,,,,,,,,,,,2022-04
2022-04-11,8996,高力,電機機械,移出,離高點太遠,55.92,76.0,,21,,,,,,,,,,,,,,,,,,,,2022-04
2022-04-11,6217,中探針,電子零組件業,移出,掉出掃描母體,50.39,73.0,,10,,,,,,,,,,,,,,,,,,,,2022-04
2022-04-11,3675,德微,半導體業,移出,離高點太遠,240.28,91.0,,5,,,,,,,,,,,,,,,,,,,,2022-04
2022-04-12,8183,精星,其他電子類,進榜,觸發,61.48,94.0,4.0,0,,-24.9,-4.4,-17.1,-9.4,-22.2,-8.0,-24.3,-6.0,61.6,0.1,-25.0,-4.9,-17.2,-9.9,-22.3,-8.6,-24.4,-6.5,2022-04
2022-04-12,8183,精星,其他電子類,觸發,進榜即觸發,61.48,94.0,4.0,0,61.48,-24.9,-4.4,-17.1,-9.4,-22.2,-8.0,-24.3,-6.0,61.6,0.1,-25.0,-4.9,-17.2,-9.9,-22.3,-8.6,-24.4,-6.5,2022-04
2022-04-12,5603,陸海,航運業,進榜,準備,32.46,97.0,3.0,0,,-12.9,-4.4,-34.0,-9.4,-37.1,-8.0,-42.4,-6.0,33.1,1.8,-14.5,-4.9,-35.2,-9.9,-38.2,-8.6,-43.4,-6.5,2022-04
2022-04-12,6477,安集,光電業,進榜,準備,60.91,96.0,2.0,0,,-17.6,-4.4,-20.3,-9.4,-33.1,-8.0,-28.7,-6.0,61.3,0.6,-18.1,-4.9,-20.8,-9.9,-33.5,-8.6,-29.2,-6.5,2022-04
2022-04-12,4931,新盛力,電腦及週邊設備業,進榜,準備,27.75,94.0,2.0,0,,7.3,-4.4,5.8,-9.4,35.5,-8.0,48.9,-6.0,28.5,2.6,4.6,-4.9,3.1,-9.9,32.1,-8.6,45.1,-6.5,2022-04
2022-04-12,1605,華新,電器電纜,進榜,準備,26.52,80.0,3.0,0,,17.0,-4.4,14.2,-9.4,36.8,-8.0,57.6,-6.0,26.9,1.6,15.1,-4.9,12.4,-9.9,34.7,-8.6,55.1,-6.5,2022-04
2022-04-12,5434,崇越,電子工業,進榜,準備,138.9,78.0,1.0,0,,-7.8,-4.4,-18.2,-9.4,-5.7,-8.0,0.7,-6.0,138.9,0.0,-7.8,-4.9,-18.2,-9.9,-5.7,-8.6,0.7,-6.5,2022-04
2022-04-12,2845,遠東銀,金融保險,移出,掉出掃描母體,9.89,79.0,,4,,,,,,,,,,,,,,,,,,,,2022-04
2022-04-12,1229,聯華,食品工業,移出,掉出掃描母體,44.83,72.0,,1,,,,,,,,,,,,,,,,,,,,2022-04
2022-04-12,6586,醣基,生技醫療業,移出,離高點太遠,209.0,100.0,,15,,,,,,,,,,,,,,,,,,,,2022-04
2022-04-12,6208,日揚,電子零組件業,移出,掉出掃描母體,57.75,75.0,,11,,,,,,,,,,,,,,,,,,,,2022-04
2022-04-12,2915,潤泰全,貿易百貨,移出,掉出掃描母體,86.96,75.0,,6,,,,,,,,,,,,,,,,,,,,2022-04
2022-04-13,2731,雄獅,觀光事業,進榜,觸發,85.42,76.0,3.0,0,,-8.5,-7.0,-11.7,-9.6,-7.7,-9.4,-1.9,-6.7,84.6,-1.0,-7.6,-7.3,-10.9,-10.0,-6.8,-9.7,-1.0,-7.0,2022-04
2022-04-13,2731,雄獅,觀光事業,觸發,進榜即觸發,85.42,76.0,3.0,0,85.42,-8.5,-7.0,-11.7,-9.6,-7.7,-9.4,-1.9,-6.7,84.6,-1.0,-7.6,-7.3,-10.9,-10.0,-6.8,-9.7,-1.0,-7.0,2022-04
2022-04-13,8478,東哥遊艇,其他,進榜,準備,148.1,97.0,3.0,0,,-2.3,-7.0,3.5,-9.6,65.5,-9.4,74.7,-6.7,145.5,-1.7,-0.6,-7.3,5.3,-10.0,68.4,-9.7,77.8,-7.0,2022-04
2022-04-13,2707,晶華,觀光事業,進榜,準備,133.96,75.0,3.0,0,,-10.4,-7.0,-1.1,-9.6,11.9,-9.4,55.2,-6.7,135.8,1.4,-11.6,-7.3,-2.5,-10.0,10.4,-9.7,53.0,-7.0,2022-04
2022-04-13,1605,華新,電器電纜,觸發,等待後觸發,29.15,88.0,3.0,1,26.69,9.3,-7.0,2.2,-9.6,18.9,-9.4,47.2,-6.7,30.2,3.6,5.5,-7.3,-1.4,-10.0,14.7,-9.7,42.0,-7.0,2022-04
2022-04-14,4148,全宇生技-KY,化學生技醫療,進榜,觸發,77.22,99.0,4.0,0,,-29.9,-6.3,-39.1,-9.8,-32.9,-8.3,-39.9,-7.6,79.0,2.3,-31.5,-6.0,-40.5,-9.5,-34.4,-8.2,-41.2,-7.3,2022-04
2022-04-14,4148,全宇生技-KY,化學生技醫療,觸發,進榜即觸發,77.22,99.0,4.0,0,77.22,-29.9,-6.3,-39.1,-9.8,-32.9,-8.3,-39.9,-7.6,79.0,2.3,-31.5,-6.0,-40.5,-9.5,-34.4,-8.2,-41.2,-7.3,2022-04
2022-04-14,6235,華孚,電子工業,進榜,觸發,36.28,98.0,4.0,0,,-17.5,-6.3,-4.9,-9.8,-11.6,-8.3,-12.1,-7.6,36.0,-0.7,-16.9,-6.0,-4.2,-9.5,-11.0,-8.2,-11.5,-7.3,2022-04
2022-04-14,6235,華孚,電子工業,觸發,進榜即觸發,36.28,98.0,4.0,0,36.28,-17.5,-6.3,-4.9,-9.8,-11.6,-8.3,-12.1,-7.6,36.0,-0.7,-16.9,-6.0,-4.2,-9.5,-11.0,-8.2,-11.5,-7.3,2022-04
2022-04-14,8440,綠電,其他,進榜,準備,58.64,100.0,3.0,0,,-19.6,-6.3,-27.5,-9.8,-50.5,-8.3,-44.7,-7.6,62.8,7.1,-24.9,-6.0,-32.3,-9.5,-53.8,-8.2,-48.3,-7.3,2022-04
2022-04-14,4931,新盛力,電腦及週邊設備業,觸發,等待後觸發,31.33,95.0,2.0,2,28.11,-0.4,-6.3,-5.1,-9.8,30.9,-8.3,26.3,-7.6,30.7,-2.0,1.6,-6.0,-3.2,-9.5,33.5,-8.2,28.9,-7.3,2022-04
2022-04-14,8478,東哥遊艇,其他,移出,晚期未觸發,150.26,96.0,,1,,,,,,,,,,,,,,,,,,,,2022-04
2022-04-14,2707,晶華,觀光事業,移出,掉出掃描母體,133.96,75.0,,1,,,,,,,,,,,,,,,,,,,,2022-04
2022-04-14,6231,系微,資訊服務業,移出,離高點太遠,71.32,88.0,,15,,,,,,,,,,,,,,,,,,,,2022-04
2022-04-14,1722,台肥,化學工業,移出,掉出掃描母體,63.95,70.0,,6,,,,,,,,,,,,,,,,,,,,2022-04
2022-04-14,2731,雄獅,觀光事業,移出,掉出掃描母體,85.42,76.0,,1,,,,,,,,,,,,,,,,,,,,2022-04
2022-04-15,2545,皇翔,建材營造,進榜,準備,34.66,92.0,2.0,0,,-4.7,-5.3,-17.1,-11.1,-18.0,-7.8,-17.7,-6.7,35.0,1.1,-5.7,-5.2,-18.0,-10.9,-18.9,-7.6,-18.6,-6.8,2022-04
2022-04-15,1229,聯華,食品工業,進榜,準備,45.03,71.0,1.0,0,,-17.8,-5.3,-17.0,-11.1,-18.0,-7.8,-19.9,-6.7,45.4,0.7,-18.4,-5.2,-17.6,-10.9,-18.6,-7.6,-20.5,-6.8,2022-04
2022-04-15,8440,綠電,其他,觸發,等待後觸發,64.48,100.0,3.0,1,60.03,-24.9,-5.3,-39.4,-11.1,-55.8,-7.8,-49.7,-6.7,68.6,6.5,-29.5,-5.2,-43.0,-10.9,-58.5,-7.6,-52.7,-6.8,2022-04
2022-04-18,6443,元晶,電子工業,進榜,準備,45.3,90.0,3.0,0,,-21.7,-4.3,-33.8,-9.7,-16.3,-7.3,-26.3,-6.1,45.5,0.5,-22.1,-4.7,-34.2,-10.0,-16.8,-7.6,-26.7,-6.6,2022-04
2022-04-18,4904,遠傳,通信網路業,進榜,準備,62.92,79.0,0.0,0,,6.6,-4.3,7.9,-9.7,-7.3,-7.3,-10.8,-6.1,63.1,0.3,6.4,-4.7,7.7,-10.0,-7.5,-7.6,-11.0,-6.6,2022-04
2022-04-18,2634,漢翔,航運業,進榜,準備,30.24,71.0,1.0,0,,-3.0,-4.3,8.7,-9.7,2.4,-7.3,7.8,-6.1,30.3,0.3,-3.3,-4.7,8.4,-10.0,2.1,-7.6,7.5,-6.6,2022-04
2022-04-18,1708,東鹼,化學工業,觸發,等待後觸發,54.97,99.0,3.0,7,51.98,-20.4,-4.3,-37.7,-9.7,-37.3,-7.3,-41.6,-6.1,55.6,1.1,-21.2,-4.7,-38.4,-10.0,-38.0,-7.6,-42.2,-6.6,2022-04
2022-04-18,1229,聯華,食品工業,移出,掉出掃描母體,45.03,71.0,,3,,,,,,,,,,,,,,,,,,,,2022-04
2022-04-18,9945,潤泰新,其他,移出,掉出掃描母體,45.23,78.0,,70,,,,,,,,,,,,,,,,,,,,2022-04
2022-04-18,5706,鳳凰,觀光事業,移出,離高點太遠,44.74,93.0,,54,,,,,,,,,,,,,,,,,,,,2022-04
2022-04-18,2897,王道銀行,金融保險,移出,離高點太遠,7.64,80.0,,34,,,,,,,,,,,,,,,,,,,,2022-04
2022-04-18,2883,凱基金,金融保險,移出,掉出掃描母體,15.48,81.0,,31,,,,,,,,,,,,,,,,,,,,2022-04
2022-04-18,2880,華南金,金融保險,移出,掉出掃描母體,19.01,71.0,,18,,,,,,,,,,,,,,,,,,,,2022-04
2022-04-18,5309,系統電,電子零組件業,移出,掉出掃描母體,39.86,73.0,,18,,,,,,,,,,,,,,,,,,,,2022-04
2022-04-18,5011,久陽,鋼鐵工業,移出,掉出掃描母體,33.17,88.0,,10,,,,,,,,,,,,,,,,,,,,2022-04
2022-04-19,8163,達方,電子工業,進榜,準備,37.73,71.0,3.0,0,,-13.6,-3.9,-16.6,-9.3,-13.4,-7.7,,,38.1,1.1,-14.5,-4.3,-17.5,-9.8,-14.4,-7.8,,,2022-04
2022-04-19,3209,全科,電子工業,觸發,等待後觸發,25.49,89.0,1.0,13,25.14,2.0,-3.9,-6.2,-9.3,-2.5,-7.7,,,25.9,1.7,0.2,-4.3,-7.8,-9.8,-4.2,-7.8,,,2022-04
2022-04-19,8406,金可-KY,生技醫療業,移出,掉出掃描母體,278.5,88.0,,84,,,,,,,,,,,,,,,,,,,,2022-04
2022-04-19,8440,綠電,其他,移出,離高點太遠,63.83,100.0,,5,,,,,,,,,,,,,,,,,,,,2022-04
2022-04-20,6469,大樹,生技醫療業,進榜,準備,122.87,91.0,3.0,0,,-10.2,-4.9,12.0,-9.5,18.8,-10.3,,,126.4,2.9,-12.7,-5.2,8.9,-9.5,15.4,-10.4,,,2022-04
2022-04-20,3088,艾訊,電腦及週邊設備業,進榜,準備,48.68,75.0,1.0,0,,-6.9,-4.9,-4.9,-9.5,-17.2,-10.3,,,49.8,2.3,-9.0,-5.2,-7.1,-9.5,-19.0,-10.4,,,2022-04
2022-04-20,4904,遠傳,通信網路業,觸發,等待後觸發,63.65,80.0,0.0,2,63.33,5.9,-4.9,5.4,-9.5,-8.1,-10.3,,,63.7,0.0,5.9,-5.2,5.4,-9.5,-8.1,-10.4,,,2022-04
2022-04-21,2634,漢翔,航運業,移出,掉出掃描母體,30.51,71.0,,3,,,,,,,,,,,,,,,,,,,,2022-04
2022-04-22,3596,智易,通信網路業,進榜,準備,101.6,82.0,3.0,0,,-6.9,-4.1,-4.0,-8.4,-22.0,-13.3,,,99.3,-2.3,-4.7,-3.1,-1.8,-7.5,-20.2,-12.5,,,2022-04
2022-04-22,2634,漢翔,航運業,進榜,準備,31.32,74.0,1.0,0,,-2.7,-4.1,1.9,-8.4,-9.3,-13.3,,,30.8,-1.7,-1.0,-3.1,3.7,-7.5,-7.7,-12.5,,,2022-04
2022-04-22,9941,裕融,其他,觸發,等待後觸發,150.3,92.0,1.0,56,123.32,-14.8,-4.1,-15.6,-8.4,-37.1,-13.3,,,150.6,0.2,-15.0,-3.1,-15.7,-7.5,-37.3,-12.5,,,2022-04
2022-04-22,6469,大樹,生技醫療業,觸發,等待後觸發,137.31,95.0,3.0,2,124.54,-14.6,-4.1,-6.2,-8.4,8.6,-13.3,,,141.9,3.4,-17.4,-3.1,-9.3,-7.5,5.1,-12.5,,,2022-04
2022-04-22,1712,興農,化學工業,移出,離高點太遠,26.08,87.0,,32,,,,,,,,,,,,,,,,,,,,2022-04
2022-04-22,6550,北極星藥業-KY,生技醫療業,移出,晚期未觸發,119.38,98.0,,30,,,,,,,,,,,,,,,,,,,,2022-04
2022-04-22,6508,惠光,農業科技業,移出,離高點太遠,43.86,96.0,,16,,,,,,,,,,,,,,,,,,,,2022-04
2022-04-22,5434,崇越,電子工業,移出,掉出掃描母體,140.5,73.0,,10,,,,,,,,,,,,,,,,,,,,2022-04
2022-04-22,4148,全宇生技-KY,化學生技醫療,移出,突破失敗,70.66,99.0,,8,,,,,,,,,,,,,,,,,,,,2022-04
2022-04-22,3088,艾訊,電腦及週邊設備業,移出,掉出掃描母體,47.49,71.0,,2,,,,,,,,,,,,,,,,,,,,2022-04
2022-04-25,3558,神準,通信網路業,移出,離高點太遠,144.8,98.0,,38,,,,,,,,,,,,,,,,,,,,2022-04
2022-04-25,1708,東鹼,化學工業,移出,離高點太遠,47.0,98.0,,14,,,,,,,,,,,,,,,,,,,,2022-04
2022-04-25,8183,精星,其他電子類,移出,離高點太遠,53.41,91.0,,13,,,,,,,,,,,,,,,,,,,,2022-04
2022-04-25,6235,華孚,電子工業,移出,離高點太遠,31.91,97.0,,11,,,,,,,,,,,,,,,,,,,,2022-04
2022-04-25,6469,大樹,生技醫療業,移出,離高點太遠,125.59,92.0,,5,,,,,,,,,,,,,,,,,,,,2022-04
2022-04-26,4931,新盛力,電腦及週邊設備業,移出,離高點太遠,29.67,97.0,,14,,,,,,,,,,,,,,,,,,,,2022-04
2022-04-27,5603,陸海,航運業,移出,晚期未觸發,29.51,97.0,,15,,,,,,,,,,,,,,,,,,,,2022-04
2022-04-27,8163,達方,電子工業,移出,掉出掃描母體,36.93,72.0,,8,,,,,,,,,,,,,,,,,,,,2022-04
2022-04-29,6443,元晶,電子工業,移出,晚期未觸發,42.37,87.0,,11,,,,,,,,,,,,,,,,,,,,2022-04
2022-05-03,2915,潤泰全,貿易百貨,進榜,準備,91.96,86.0,3.0,0,,-28.8,0.0,-42.2,-3.9,-49.7,-10.0,,,92.3,0.4,-29.1,-0.1,-42.4,-4.2,-49.9,-10.4,,,2022-05
2022-05-03,2504,國產,建材營造,移出,掉出掃描母體,20.98,77.0,,32,,,,,,,,,,,,,,,,,,,,2022-05
2022-05-03,2634,漢翔,航運業,移出,掉出掃描母體,29.96,76.0,,11,,,,,,,,,,,,,,,,,,,,2022-05
2022-05-04,3665,貿聯-KY,其他電子業,進榜,準備,274.66,82.0,2.0,0,,0.6,0.0,2.9,-3.8,-10.1,-9.8,,,280.8,2.2,-1.6,-0.4,0.7,-4.6,-12.1,-10.5,,,2022-05
2022-05-04,2915,潤泰全,貿易百貨,觸發,等待後觸發,95.42,88.0,3.0,1,92.35,-31.4,0.0,-44.8,-3.8,-52.2,-9.8,,,86.2,-9.7,-24.0,-0.4,-38.9,-4.6,-47.1,-10.5,,,2022-05
2022-05-04,5880,合庫金,金融保險,移出,掉出掃描母體,20.79,80.0,,50,,,,,,,,,,,,,,,,,,,,2022-05
2022-05-04,3030,德律,其他電子業,移出,掉出掃描母體,56.27,82.0,,28,,,,,,,,,,,,,,,,,,,,2022-05
2022-05-05,4915,致伸,電子零組件業,進榜,準備,44.76,70.0,1.0,0,,4.4,-0.4,25.5,-3.9,-1.6,-11.0,,,43.5,-2.9,7.5,0.7,29.3,-2.7,1.3,-9.9,,,2022-05
2022-05-05,3665,貿聯-KY,其他電子業,觸發,等待後觸發,301.86,88.0,2.0,1,281.24,-12.5,-0.4,-3.8,-3.9,-21.8,-11.0,,,290.9,-3.6,-9.2,0.7,-0.2,-2.7,-18.8,-9.9,,,2022-05
2022-05-05,2886,兆豐金,金融保險,移出,掉出掃描母體,31.89,81.0,,56,,,,,,,,,,,,,,,,,,,,2022-05
2022-05-05,2812,台中銀,金融保險,移出,掉出掃描母體,10.02,80.0,,56,,,,,,,,,,,,,,,,,,,,2022-05
2022-05-05,2891,中信金,金融保險,移出,掉出掃描母體,22.96,77.0,,48,,,,,,,,,,,,,,,,,,,,2022-05
2022-05-05,2892,第一金,金融保險,移出,掉出掃描母體,20.94,76.0,,44,,,,,,,,,,,,,,,,,,,,2022-05
2022-05-06,4116,明基醫,生技醫療業,進榜,觸發,49.54,99.0,2.0,0,,4.6,0.3,34.5,-2.7,-11.9,-10.2,,,50.3,1.5,3.0,1.0,32.5,-2.2,-13.3,-9.8,,,2022-05
2022-05-06,4116,明基醫,生技醫療業,觸發,進榜即觸發,49.54,99.0,2.0,0,49.54,4.6,0.3,34.5,-2.7,-11.9,-10.2,,,50.3,1.5,3.0,1.0,32.5,-2.2,-13.3,-9.8,,,2022-05
2022-05-06,4915,致伸,電子零組件業,移出,掉出掃描母體,44.76,70.0,,1,,,,,,,,,,,,,,,,,,,,2022-05
2022-05-06,9941,裕融,其他,移出,掉出掃描母體,134.89,90.0,,70,,,,,,,,,,,,,,,,,,,,2022-05
2022-05-06,2834,臺企銀,金融保險,移出,掉出掃描母體,8.77,85.0,,49,,,,,,,,,,,,,,,,,,,,2022-05
2022-05-06,2884,玉山金,金融保險,移出,掉出掃描母體,23.97,79.0,,44,,,,,,,,,,,,,,,,,,,,2022-05
2022-05-06,5388,中磊,電子工業,移出,掉出掃描母體,67.89,82.0,,42,,,,,,,,,,,,,,,,,,,,2022-05
2022-05-06,2890,永豐金,金融保險,移出,掉出掃描母體,13.55,82.0,,37,,,,,,,,,,,,,,,,,,,,2022-05
2022-05-06,3596,智易,通信網路業,移出,掉出掃描母體,94.56,73.0,,14,,,,,,,,,,,,,,,,,,,,2022-05
2022-05-06,2915,潤泰全,貿易百貨,移出,掉出掃描母體,86.19,80.0,,3,,,,,,,,,,,,,,,,,,,,2022-05
2022-05-09,2347,聯強,電子工業,移出,掉出掃描母體,59.94,90.0,,123,,,,,,,,,,,,,,,,,,,,2022-05
2022-05-09,1560,中砂,電機機械,移出,掉出掃描母體,116.73,95.0,,69,,,,,,,,,,,,,,,,,,,,2022-05
2022-05-09,1605,華新,電器電纜,移出,離高點太遠,32.98,95.0,,27,,,,,,,,,,,,,,,,,,,,2022-05
2022-05-09,6477,安集,光電業,移出,掉出掃描母體,54.59,89.0,,27,,,,,,,,,,,,,,,,,,,,2022-05
2022-05-10,9933,中鼎,其他,移出,逾期,36.5,89.0,,56,,,,,,,,,,,,,,,,,,,,2022-05
2022-05-10,4116,明基醫,生技醫療業,移出,離高點太遠,44.06,98.0,,4,,,,,,,,,,,,,,,,,,,,2022-05
2022-05-11,6470,宇智,通信網路業,進榜,準備,49.04,95.0,1.0,0,,12.7,3.2,12.7,-2.4,-25.3,-7.3,,,47.8,-2.6,15.7,3.6,15.7,-2.0,-23.4,-7.0,,,2022-05
2022-05-12,8069,元太,光電業,移出,離高點太遠,147.89,97.0,,49,,,,,,,,,,,,,,,,,,,,2022-05
2022-05-13,6446,藥華藥,生技醫療業,進榜,準備,311.43,100.0,3.0,0,,14.6,2.3,54.0,-0.1,31.3,-5.1,,,312.2,0.3,14.3,1.8,53.6,-0.6,31.0,-5.6,,,2022-05
2022-05-13,2743,山富,觀光事業,移出,晚期未觸發,40.22,100.0,,35,,,,,,,,,,,,,,,,,,,,2022-05
2022-05-16,3535,晶彩科,光電業,進榜,觸發,25.43,97.0,2.0,0,,1.6,1.8,-2.5,0.0,-1.4,-5.0,,,25.9,2.0,-0.4,1.6,-4.4,0.0,-3.4,-5.1,,,2022-05
2022-05-16,3535,晶彩科,光電業,觸發,進榜即觸發,25.43,97.0,2.0,0,25.43,1.6,1.8,-2.5,0.0,-1.4,-5.0,,,25.9,2.0,-0.4,1.6,-4.4,0.0,-3.4,-5.1,,,2022-05
2022-05-16,4770,上品,化學工業,進榜,準備,246.25,87.0,2.0,0,,4.1,1.8,-8.7,0.0,-1.4,-5.0,,,248.9,1.1,3.0,1.6,-9.7,0.0,-2.5,-5.1,,,2022-05
2022-05-16,3665,貿聯-KY,其他電子業,移出,掉出掃描母體,279.04,84.0,,12,,,,,,,,,,,,,,,,,,,,2022-05
2022-05-17,3265,台星科,半導體業,進榜,觸發,41.67,98.0,2.0,0,,5.8,1.5,-12.0,-0.2,-10.1,-5.4,,,41.4,-0.8,6.6,1.3,-11.3,-0.4,-9.4,-5.7,,,2022-05
2022-05-17,3265,台星科,半導體業,觸發,進榜即觸發,41.67,98.0,2.0,0,41.67,5.8,1.5,-12.0,-0.2,-10.1,-5.4,,,41.4,-0.8,6.6,1.3,-11.3,-0.4,-9.4,-5.7,,,2022-05
2022-05-17,6446,藥華藥,生技醫療業,移出,離高點太遠,281.96,100.0,,4,,,,,,,,,,,,,,,,,,,,2022-05
2022-05-18,8069,元太,光電業,進榜,觸發,172.91,98.0,5.0,0,,3.9,0.0,3.6,-0.3,9.4,-5.5,,,166.2,-3.9,8.1,1.0,7.7,0.3,13.8,-4.4,,,2022-05
2022-05-18,8069,元太,光電業,觸發,進榜即觸發,172.91,98.0,5.0,0,172.91,3.9,0.0,3.6,-0.3,9.4,-5.5,,,166.2,-3.9,8.1,1.0,7.7,0.3,13.8,-4.4,,,2022-05
2022-05-18,1524,耿鼎,汽車工業,進榜,準備,13.29,97.0,2.0,0,,31.9,0.0,59.1,-0.3,42.5,-5.5,,,13.3,0.0,31.9,1.0,59.1,0.3,42.5,-4.4,,,2022-05
2022-05-19,2313,華通,電子工業,進榜,觸發,42.67,85.0,4.0,0,,-6.3,0.0,4.3,0.3,-8.0,-4.8,,,42.8,0.4,-6.7,-0.3,3.9,0.2,-8.3,-5.1,,,2022-05
2022-05-19,2313,華通,電子工業,觸發,進榜即觸發,42.67,85.0,4.0,0,42.67,-6.3,0.0,4.3,0.3,-8.0,-4.8,,,42.8,0.4,-6.7,-0.3,3.9,0.2,-8.3,-5.1,,,2022-05
2022-05-19,8213,志超,電子工業,進榜,觸發,40.47,81.0,1.0,0,,-9.1,0.0,-20.9,0.3,-27.7,-4.8,,,40.8,0.7,-9.7,-0.3,-21.5,0.2,-28.3,-5.1,,,2022-05
2022-05-19,8213,志超,電子工業,觸發,進榜即觸發,40.47,81.0,1.0,0,40.47,-9.1,0.0,-20.9,0.3,-27.7,-4.8,,,40.8,0.7,-9.7,-0.3,-21.5,0.2,-28.3,-5.1,,,2022-05
2022-05-19,8028,昇陽半導體,半導體業,進榜,準備,50.71,86.0,2.0,0,,9.5,0.0,22.4,0.3,-6.6,-4.8,,,51.5,1.5,7.9,-0.3,20.6,0.2,-8.0,-5.1,,,2022-05
2022-05-19,6180,橘子,文化創意業,進榜,準備,49.48,79.0,2.0,0,,-4.1,0.0,-1.3,0.3,-6.0,-4.8,,,49.8,0.6,-4.7,-0.3,-1.9,0.2,-6.5,-5.1,,,2022-05
2022-05-19,1524,耿鼎,汽車工業,觸發,等待後觸發,14.62,98.0,2.0,1,13.29,21.9,0.0,46.9,0.3,29.5,-4.8,,,15.4,5.1,15.9,-0.3,39.7,0.2,23.2,-5.1,,,2022-05
2022-05-19,2545,皇翔,建材營造,移出,掉出掃描母體,33.47,93.0,,34,,,,,,,,,,,,,,,,,,,,2022-05
2022-05-20,4931,新盛力,電腦及週邊設備業,進榜,觸發,37.64,99.0,3.0,0,,-8.4,-2.3,-16.4,0.1,23.7,-4.8,,,40.5,7.5,-14.8,-2.7,-22.2,0.1,15.0,-5.0,,,2022-05
2022-05-20,4931,新盛力,電腦及週邊設備業,觸發,進榜即觸發,37.64,99.0,3.0,0,37.64,-8.4,-2.3,-16.4,0.1,23.7,-4.8,,,40.5,7.5,-14.8,-2.7,-22.2,0.1,15.0,-5.0,,,2022-05
2022-05-20,4915,致伸,電子零組件業,進榜,準備,45.22,84.0,1.0,0,,1.5,-2.3,23.0,0.1,-3.7,-4.8,,,45.4,0.3,1.2,-2.7,22.6,0.1,-4.0,-5.0,,,2022-05
2022-05-20,4958,臻鼎-KY,電子零組件業,進榜,準備,90.56,78.0,1.0,0,,-1.6,-2.3,13.4,0.1,10.0,-4.8,,,91.8,1.4,-2.9,-2.7,11.9,0.1,8.5,-5.0,,,2022-05
2022-05-20,6180,橘子,文化創意業,移出,掉出掃描母體,49.48,79.0,,1,,,,,,,,,,,,,,,,,,,,2022-05
2022-05-23,3558,神準,通信網路業,進榜,準備,175.33,99.0,2.0,0,,-7.8,-1.0,7.3,0.0,-2.7,-5.3,,,176.2,0.5,-8.2,-1.3,6.8,0.0,-3.2,-5.5,,,2022-05
2022-05-23,3265,台星科,半導體業,移出,突破失敗,38.23,96.0,,6,,,,,,,,,,,,,,,,,,,,2022-05
2022-05-24,8213,志超,電子工業,移出,掉出掃描母體,40.55,79.0,,5,,,,,,,,,,,,,,,,,,,,2022-05
2022-05-25,8996,高力,電機機械,進榜,觸發,61.82,89.0,4.0,0,,3.3,-2.7,38.8,0.4,132.7,-4.4,,,62.2,0.6,2.7,-3.0,38.0,0.2,131.3,-4.6,,,2022-05
2022-05-25,8996,高力,電機機械,觸發,進榜即觸發,61.82,89.0,4.0,0,61.82,3.3,-2.7,38.8,0.4,132.7,-4.4,,,62.2,0.6,2.7,-3.0,38.0,0.2,131.3,-4.6,,,2022-05
2022-05-25,1514,亞力,電機機械,進榜,準備,22.56,85.0,2.0,0,,-3.0,-2.7,20.1,0.4,2.3,-4.4,,,22.7,0.7,-3.7,-3.0,19.3,0.2,1.6,-4.6,,,2022-05
2022-05-25,2634,漢翔,航運業,進榜,準備,30.55,83.0,1.0,0,,-8.0,-2.7,5.7,0.4,-7.0,-4.4,,,31.0,1.6,-9.4,-3.0,4.0,0.2,-8.5,-4.6,,,2022-05
2022-05-25,6180,橘子,文化創意業,進榜,準備,49.56,79.0,2.0,0,,-6.5,-2.7,-1.1,0.4,-4.7,-4.4,,,49.9,0.7,-7.1,-3.0,-1.9,0.2,-5.4,-4.6,,,2022-05
2022-05-25,8213,志超,電子工業,進榜,準備,40.39,78.0,1.0,0,,-14.5,-2.7,-19.2,0.4,-26.3,-4.4,,,40.7,0.7,-15.1,-3.0,-19.8,0.2,-26.9,-4.6,,,2022-05
2022-05-25,8028,昇陽半導體,半導體業,觸發,等待後觸發,55.86,91.0,2.0,6,51.72,-4.7,-2.7,17.5,0.4,-9.9,-4.4,,,57.5,2.9,-7.3,-3.0,14.2,0.2,-12.4,-4.6,,,2022-05
2022-05-25,4958,臻鼎-KY,電子零組件業,觸發,等待後觸發,94.32,83.0,1.0,5,93.07,-5.9,-2.7,8.0,0.4,9.4,-4.4,,,94.7,0.4,-6.4,-3.0,7.5,0.2,8.9,-4.6,,,2022-05
2022-05-26,4116,明基醫,生技醫療業,進榜,準備,51.82,99.0,3.0,0,,38.1,-1.9,23.5,1.2,-10.1,-3.9,,,52.8,1.8,35.7,-2.3,21.3,0.6,-11.7,-4.4,,,2022-05
2022-05-26,6180,橘子,文化創意業,移出,掉出掃描母體,49.56,79.0,,1,,,,,,,,,,,,,,,,,,,,2022-05
2022-05-26,8213,志超,電子工業,移出,掉出掃描母體,40.39,78.0,,1,,,,,,,,,,,,,,,,,,,,2022-05
2022-05-27,1560,中砂,電機機械,進榜,觸發,140.17,96.0,4.0,0,,4.9,-1.4,4.6,0.4,-23.2,-4.5,,,142.0,1.3,3.6,-1.6,3.2,0.3,-24.2,-5.2,,,2022-05
2022-05-27,1560,中砂,電機機械,觸發,進榜即觸發,140.17,96.0,4.0,0,140.17,4.9,-1.4,4.6,0.4,-23.2,-4.5,,,142.0,1.3,3.6,-1.6,3.2,0.3,-24.2,-5.2,,,2022-05
2022-05-27,2880,華南金,金融保險,進榜,準備,18.5,77.0,1.0,0,,-1.9,-1.4,5.0,0.4,-0.2,-4.5,,,18.7,0.8,-2.7,-1.6,4.1,0.3,-1.0,-5.2,,,2022-05
2022-05-27,4915,致伸,電子零組件業,移出,掉出掃描母體,46.52,83.0,,7,,,,,,,,,,,,,,,,,,,,2022-05
2022-05-27,2634,漢翔,航運業,移出,掉出掃描母體,30.64,83.0,,2,,,,,,,,,,,,,,,,,,,,2022-05
2022-05-30,6235,華孚,電子工業,進榜,觸發,38.72,99.0,4.0,0,,-1.9,-2.7,-12.5,-0.3,-16.5,-4.8,,,38.8,0.3,-2.2,-2.6,-12.8,-0.3,-16.8,-4.9,,,2022-05
2022-05-30,6235,華孚,電子工業,觸發,進榜即觸發,38.72,99.0,4.0,0,38.72,-1.9,-2.7,-12.5,-0.3,-16.5,-4.8,,,38.8,0.3,-2.2,-2.6,-12.8,-0.3,-16.8,-4.9,,,2022-05
2022-05-30,3675,德微,半導體業,進榜,觸發,282.91,94.0,6.0,0,,-26.2,-2.7,-36.6,-0.3,-45.7,-4.8,,,278.9,-1.4,-25.1,-2.6,-35.7,-0.3,-44.9,-4.9,,,2022-05
2022-05-30,3675,德微,半導體業,觸發,進榜即觸發,282.91,94.0,6.0,0,282.91,-26.2,-2.7,-36.6,-0.3,-45.7,-4.8,,,278.9,-1.4,-25.1,-2.6,-35.7,-0.3,-44.9,-4.9,,,2022-05
2022-05-30,8261,富鼎,半導體業,進榜,觸發,112.56,89.0,4.0,0,,-9.3,-2.7,-7.4,-0.3,-19.1,-4.8,,,114.3,1.6,-10.7,-2.6,-8.8,-0.3,-20.3,-4.9,,,2022-05
2022-05-30,8261,富鼎,半導體業,觸發,進榜即觸發,112.56,89.0,4.0,0,112.56,-9.3,-2.7,-7.4,-0.3,-19.1,-4.8,,,114.3,1.6,-10.7,-2.6,-8.8,-0.3,-20.3,-4.9,,,2022-05
2022-05-30,5258,虹堡,電子工業,進榜,觸發,37.01,88.0,4.0,0,,30.5,-2.7,51.2,-0.3,58.5,-4.8,,,37.5,1.4,28.7,-2.6,49.2,-0.3,56.4,-4.9,,,2022-05
2022-05-30,5258,虹堡,電子工業,觸發,進榜即觸發,37.01,88.0,4.0,0,37.01,30.5,-2.7,51.2,-0.3,58.5,-4.8,,,37.5,1.4,28.7,-2.6,49.2,-0.3,56.4,-4.9,,,2022-05
2022-05-30,2731,雄獅,觀光事業,進榜,觸發,87.07,73.0,3.0,0,,-9.5,-2.7,-14.3,-0.3,-9.6,-4.8,,,87.1,0.0,-9.5,-2.6,-14.3,-0.3,-9.6,-4.9,,,2022-05
2022-05-30,2731,雄獅,觀光事業,觸發,進榜即觸發,87.07,73.0,3.0,0,87.07,-9.5,-2.7,-14.3,-0.3,-9.6,-4.8,,,87.1,0.0,-9.5,-2.6,-14.3,-0.3,-9.6,-4.9,,,2022-05
2022-05-30,3093,港建*,其他電子類,進榜,準備,28.11,97.0,3.0,0,,-16.7,-2.7,-20.9,-0.3,-26.4,-4.8,,,27.7,-1.4,-15.5,-2.6,-19.8,-0.3,-25.4,-4.9,,,2022-05
2022-05-31,1773,勝一,化學生技醫療,進榜,觸發,129.99,94.0,6.0,0,,-5.8,-3.2,-16.0,-0.3,-36.0,-5.3,,,127.6,-1.9,-4.0,-3.1,-14.5,-0.3,-34.8,-5.4,,,2022-05
2022-05-31,1773,勝一,化學生技醫療,觸發,進榜即觸發,129.99,94.0,6.0,0,129.99,-5.8,-3.2,-16.0,-0.3,-36.0,-5.3,,,127.6,-1.9,-4.0,-3.1,-14.5,-0.3,-34.8,-5.4,,,2022-05
2022-05-31,8114,振樺電,電子工業,進榜,準備,102.58,86.0,2.0,0,,6.4,-3.2,35.3,-0.3,1.4,-5.3,,,103.8,1.2,5.1,-3.1,33.7,-0.3,0.2,-5.4,,,2022-05
2022-05-31,8027,鈦昇,電機機械,進榜,準備,76.43,85.0,2.0,0,,-15.4,-3.2,-11.5,-0.3,-31.7,-5.3,,,76.7,0.4,-15.7,-3.1,-11.8,-0.3,-31.9,-5.4,,,2022-05
2022-05-31,2890,永豐金,金融保險,進榜,準備,13.62,81.0,1.0,0,,-6.3,-3.2,-0.3,-0.3,-1.2,-5.3,,,13.5,-1.1,-5.3,-3.1,0.8,-0.3,-0.1,-5.4,,,2022-05
2022-05-31,2731,雄獅,觀光事業,移出,掉出掃描母體,87.07,73.0,,1,,,,,,,,,,,,,,,,,,,,2022-05
2022-06-01,4755,三福化,化學工業,進榜,觸發,193.75,99.0,5.0,0,,-30.0,-4.8,-26.4,0.0,-47.9,-5.6,,,192.9,-0.4,-29.7,-4.9,-26.1,0.0,-47.7,-5.6,,,2022-06
2022-06-01,4755,三福化,化學工業,觸發,進榜即觸發,193.75,99.0,5.0,0,193.75,-30.0,-4.8,-26.4,0.0,-47.9,-5.6,,,192.9,-0.4,-29.7,-4.9,-26.1,0.0,-47.7,-5.6,,,2022-06
2022-06-01,3265,台星科,半導體業,進榜,準備,42.0,96.0,2.0,0,,-10.1,-4.8,-0.4,0.0,-4.1,-5.6,,,42.2,0.6,-10.6,-4.9,-1.0,0.0,-4.7,-5.6,,,2022-06
2022-06-01,3163,波若威,通信網路業,進榜,準備,42.48,93.0,1.0,0,,-21.6,-4.8,11.7,0.0,-0.4,-5.6,,,42.4,-0.2,-21.5,-4.9,11.9,0.0,-0.2,-5.6,,,2022-06
2022-06-01,6605,帝寶,汽車工業,進榜,準備,59.81,88.0,1.0,0,,-0.4,-4.8,14.0,0.0,3.7,-5.6,,,59.6,-0.4,0.0,-4.9,14.5,0.0,4.1,-5.6,,,2022-06
2022-06-01,4915,致伸,電子零組件業,進榜,準備,47.28,81.0,1.0,0,,5.2,-4.8,13.7,0.0,-4.3,-5.6,,,47.3,0.0,5.2,-4.9,13.7,0.0,-4.3,-5.6,,,2022-06
2022-06-01,2880,華南金,金融保險,移出,掉出掃描母體,18.66,77.0,,5,,,,,,,,,,,,,,,,,,,,2022-06
2022-06-01,2890,永豐金,金融保險,移出,掉出掃描母體,13.62,81.0,,1,,,,,,,,,,,,,,,,,,,,2022-06
2022-06-02,2743,山富,觀光事業,進榜,觸發,50.24,100.0,4.0,0,,-20.6,-7.4,-11.1,0.0,-21.4,-5.8,,,49.1,-2.3,-18.7,-7.7,-9.0,0.0,-19.6,-5.9,,,2022-06
2022-06-02,2743,山富,觀光事業,觸發,進榜即觸發,50.24,100.0,4.0,0,50.24,-20.6,-7.4,-11.1,0.0,-21.4,-5.8,,,49.1,-2.3,-18.7,-7.7,-9.0,0.0,-19.6,-5.9,,,2022-06
2022-06-02,2545,皇翔,建材營造,進榜,準備,35.85,95.0,3.0,0,,-19.9,-7.4,-8.1,0.0,-18.1,-5.8,,,36.4,1.6,-21.2,-7.7,-9.5,0.0,-19.4,-5.9,,,2022-06
2022-06-02,5388,中磊,電子工業,進榜,準備,69.01,83.0,2.0,0,,-5.5,-7.4,21.2,0.0,0.1,-5.8,,,69.5,0.7,-6.2,-7.7,20.3,0.0,-0.6,-5.9,,,2022-06
2022-06-02,5309,系統電,電子零組件業,進榜,準備,44.97,81.0,1.0,0,,-17.7,-7.4,-11.3,0.0,-14.1,-5.8,,,45.8,1.8,-19.2,-7.7,-12.9,0.0,-15.6,-5.9,,,2022-06
2022-06-02,2707,晶華,觀光事業,進榜,準備,132.83,75.0,3.0,0,,-1.5,-7.4,6.2,0.0,18.7,-5.8,,,135.1,1.7,-3.1,-7.7,4.4,0.0,16.7,-5.9,,,2022-06
2022-06-02,4958,臻鼎-KY,電子零組件業,移出,掉出掃描母體,99.33,87.0,,13,,,,,,,,,,,,,,,,,,,,2022-06
2022-06-02,4915,致伸,電子零組件業,移出,掉出掃描母體,47.28,81.0,,1,,,,,,,,,,,,,,,,,,,,2022-06
2022-06-02,4116,明基醫,生技醫療業,移出,離高點太遠,47.18,98.0,,7,,,,,,,,,,,,,,,,,,,,2022-06
2022-06-06,3596,智易,通信網路業,進榜,觸發,98.47,79.0,3.0,0,,-17.8,-7.7,-6.5,-0.8,-16.6,-5.4,,,98.5,0.0,-17.8,-7.8,-6.5,-0.8,-16.6,-5.5,,,2022-06
2022-06-06,3596,智易,通信網路業,觸發,進榜即觸發,98.47,79.0,3.0,0,98.47,-17.8,-7.7,-6.5,-0.8,-16.6,-5.4,,,98.5,0.0,-17.8,-7.8,-6.5,-0.8,-16.6,-5.5,,,2022-06
2022-06-06,9945,潤泰新,其他,進榜,觸發,48.41,79.0,5.0,0,,-8.0,-7.7,-16.5,-0.8,-11.8,-5.4,,,48.3,-0.3,-7.8,-7.8,-16.3,-0.8,-11.6,-5.5,,,2022-06
2022-06-06,9945,潤泰新,其他,觸發,進榜即觸發,48.41,79.0,5.0,0,48.41,-8.0,-7.7,-16.5,-0.8,-11.8,-5.4,,,48.3,-0.3,-7.8,-7.8,-16.3,-0.8,-11.6,-5.5,,,2022-06
2022-06-06,3030,德律,其他電子業,進榜,準備,56.19,82.0,2.0,0,,-11.6,-7.7,-8.9,-0.8,-0.9,-5.4,,,56.4,0.3,-11.9,-7.8,-9.1,-0.8,-1.2,-5.5,,,2022-06
2022-06-06,5876,上海商銀,金融保險,進榜,準備,42.05,77.0,1.0,0,,-0.2,-7.7,-2.1,-0.8,-8.0,-5.4,,,42.1,0.0,-0.2,-7.8,-2.1,-0.8,-8.0,-5.5,,,2022-06
2022-06-06,2880,華南金,金融保險,進榜,準備,18.42,75.0,1.0,0,,-4.7,-7.7,4.3,-0.8,0.0,-5.4,,,18.3,-0.9,-3.9,-7.8,5.2,-0.8,0.9,-5.5,,,2022-06
2022-06-06,4931,新盛力,電腦及週邊設備業,移出,離高點太遠,36.34,97.0,,17,,,,,,,,,,,,,,,,,,,,2022-06
2022-06-06,3675,德微,半導體業,移出,突破失敗,255.02,89.0,,7,,,,,,,,,,,,,,,,,,,,2022-06
2022-06-06,1773,勝一,化學生技醫療,移出,掉出掃描母體,131.19,93.0,,6,,,,,,,,,,,,,,,,,,,,2022-06
2022-06-06,4755,三福化,化學工業,移出,離高點太遠,174.93,99.0,,5,,,,,,,,,,,,,,,,,,,,2022-06
2022-06-07,1453,大將,紡織纖維,進榜,準備,28.34,100.0,3.0,0,,-39.7,-7.0,-29.8,-0.2,-44.0,-5.1,,,28.8,1.5,-40.6,-7.2,-30.8,-0.5,-44.9,-5.6,,,2022-06
2022-06-07,4116,明基醫,生技醫療業,進榜,準備,56.97,99.0,3.0,0,,6.4,-7.0,12.5,-0.2,-3.1,-5.1,,,62.0,8.9,-2.3,-7.2,3.3,-0.5,-11.1,-5.6,,,2022-06
2022-06-07,3645,達邁,電子零組件業,進榜,準備,55.12,91.0,3.0,0,,-28.8,-7.0,-32.7,-0.2,-45.1,-5.1,,,54.9,-0.3,-28.5,-7.2,-32.5,-0.5,-44.9,-5.6,,,2022-06
2022-06-07,4915,致伸,電子零組件業,進榜,準備,47.43,84.0,1.0,0,,0.3,-7.0,13.0,-0.2,-1.2,-5.1,,,47.7,0.6,-0.3,-7.2,12.3,-0.5,-1.9,-5.6,,,2022-06
2022-06-07,2006,東和鋼鐵,鋼鐵工業,進榜,準備,55.19,83.0,2.0,0,,-26.1,-7.0,-21.4,-0.2,-25.0,-5.1,,,55.3,0.3,-26.3,-7.2,-21.6,-0.5,-25.2,-5.6,,,2022-06
2022-06-07,2880,華南金,金融保險,移出,掉出掃描母體,18.42,75.0,,1,,,,,,,,,,,,,,,,,,,,2022-06
2022-06-07,3558,神準,通信網路業,移出,離高點太遠,156.35,97.0,,15,,,,,,,,,,,,,,,,,,,,2022-06
2022-06-07,2743,山富,觀光事業,移出,離高點太遠,45.4,99.0,,5,,,,,,,,,,,,,,,,,,,,2022-06
2022-06-08,1522,堤維西,汽車工業,進榜,準備,22.91,94.0,2.0,0,,-3.0,-8.8,10.5,0.0,-4.1,-5.8,,,22.7,-1.1,-2.0,-8.8,11.7,0.0,-3.1,-5.7,,,2022-06
2022-06-08,6180,橘子,文化創意業,進榜,準備,51.52,82.0,2.0,0,,-15.4,-8.8,-6.6,0.0,-6.1,-5.8,,,51.6,0.1,-15.5,-8.8,-6.7,0.0,-6.3,-5.7,,,2022-06
2022-06-08,3030,德律,其他電子業,移出,掉出掃描母體,56.19,83.0,,2,,,,,,,,,,,,,,,,,,,,2022-06
2022-06-08,3535,晶彩科,光電業,移出,離高點太遠,28.25,95.0,,23,,,,,,,,,,,,,,,,,,,,2022-06
2022-06-09,6446,藥華藥,生技醫療業,進榜,觸發,334.53,97.0,3.0,0,,12.0,-8.1,33.8,-0.8,21.3,-5.4,,,342.5,2.4,9.4,-7.7,30.7,-0.5,18.5,-4.9,,,2022-06
2022-06-09,6446,藥華藥,生技醫療業,觸發,進榜即觸發,334.53,97.0,3.0,0,334.53,12.0,-8.1,33.8,-0.8,21.3,-5.4,,,342.5,2.4,9.4,-7.7,30.7,-0.5,18.5,-4.9,,,2022-06
2022-06-09,3703,欣陸,建材營造,進榜,準備,22.52,87.0,2.0,0,,-7.5,-8.1,6.4,-0.8,5.2,-5.4,,,22.3,-1.0,-6.5,-7.7,7.5,-0.5,6.2,-4.9,,,2022-06
2022-06-09,9907,統一實,其他,進榜,準備,12.4,83.0,3.0,0,,-7.1,-8.1,31.4,-0.8,10.7,-5.4,,,12.4,-0.3,-6.8,-7.7,31.8,-0.5,11.0,-4.9,,,2022-06
2022-06-09,5876,上海商銀,金融保險,移出,掉出掃描母體,42.29,78.0,,3,,,,,,,,,,,,,,,,,,,,2022-06
2022-06-10,2368,金像電,電子零組件業,進榜,觸發,91.39,89.0,6.0,0,,-20.4,-7.3,-11.4,-0.8,-1.7,-5.2,,,90.4,-1.1,-19.5,-6.5,-10.5,0.0,-0.6,-4.1,,,2022-06
2022-06-10,2368,金像電,電子零組件業,觸發,進榜即觸發,91.39,89.0,6.0,0,91.39,-20.4,-7.3,-11.4,-0.8,-1.7,-5.2,,,90.4,-1.1,-19.5,-6.5,-10.5,0.0,-0.6,-4.1,,,2022-06
2022-06-10,6576,逸達,生技醫療業,進榜,觸發,125.27,86.0,5.0,0,,-9.1,-7.3,-14.6,-0.8,-32.3,-5.2,,,124.3,-0.8,-8.3,-6.5,-13.9,0.0,-31.7,-4.1,,,2022-06
2022-06-10,6576,逸達,生技醫療業,觸發,進榜即觸發,125.27,86.0,5.0,0,125.27,-9.1,-7.3,-14.6,-0.8,-32.3,-5.2,,,124.3,-0.8,-8.3,-6.5,-13.9,0.0,-31.7,-4.1,,,2022-06
2022-06-10,6122,擎邦,電機機械,進榜,準備,13.62,94.0,3.0,0,,-8.4,-7.3,-7.3,-0.8,-14.2,-5.2,,,13.8,1.0,-9.3,-6.5,-8.3,0.0,-15.1,-4.1,,,2022-06
2022-06-10,1611,中電,電器電纜,進榜,準備,16.83,92.0,2.0,0,,-4.1,-7.3,-14.1,-0.8,-26.6,-5.2,,,16.3,-3.4,-0.8,-6.5,-11.1,0.0,-24.0,-4.1,,,2022-06
2022-06-10,5434,崇越,電子工業,進榜,準備,138.62,75.0,2.0,0,,-15.6,-7.3,-0.9,-0.8,0.9,-5.2,,,136.9,-1.2,-14.6,-6.5,0.3,0.0,2.2,-4.1,,,2022-06
2022-06-10,4915,致伸,電子零組件業,觸發,等待後觸發,48.81,86.0,1.0,3,48.2,1.1,-7.3,9.9,-0.8,-6.5,-5.2,,,48.1,-1.4,2.6,-6.5,11.4,0.0,-5.1,-4.1,,,2022-06
2022-06-10,6180,橘子,文化創意業,移出,掉出掃描母體,51.09,80.0,,2,,,,,,,,,,,,,,,,,,,,2022-06
2022-06-10,1514,亞力,電機機械,移出,掉出掃描母體,22.84,82.0,,16,,,,,,,,,,,,,,,,,,,,2022-06
2022-06-13,6245,立端,通信網路業,進榜,準備,49.68,89.0,1.0,0,,-2.1,-6.0,6.3,-0.2,52.0,-2.7,,,49.2,-0.9,-1.2,-5.8,7.3,0.0,53.4,-2.5,,,2022-06
2022-06-13,8114,振樺電,電子工業,觸發,等待後觸發,114.43,92.0,2.0,13,105.44,3.5,-6.0,19.4,-0.2,-9.1,-2.7,,,113.6,-0.7,4.2,-5.8,20.3,0.0,-8.4,-2.5,,,2022-06
2022-06-13,5388,中磊,電子工業,移出,掉出掃描母體,68.92,86.0,,11,,,,,,,,,,,,,,,,,,,,2022-06
2022-06-13,9907,統一實,其他,移出,掉出掃描母體,12.4,83.0,,4,,,,,,,,,,,,,,,,,,,,2022-06
2022-06-13,5434,崇越,電子工業,移出,掉出掃描母體,138.62,75.0,,3,,,,,,,,,,,,,,,,,,,,2022-06
2022-06-13,3093,港建*,其他電子類,移出,離高點太遠,25.87,95.0,,14,,,,,,,,,,,,,,,,,,,,2022-06
2022-06-13,1453,大將,紡織纖維,移出,離高點太遠,25.23,100.0,,6,,,,,,,,,,,,,,,,,,,,2022-06
2022-06-14,9933,中鼎,其他,進榜,準備,35.54,87.0,3.0,0,,-5.2,-7.6,10.0,-0.4,-5.2,-1.9,,,35.7,0.4,-5.6,-7.7,9.5,-0.6,-5.6,-2.1,,,2022-06
2022-06-14,4116,明基醫,生技醫療業,移出,離高點太遠,57.81,99.0,,7,,,,,,,,,,,,,,,,,,,,2022-06
2022-06-14,1522,堤維西,汽車工業,移出,離高點太遠,22.34,94.0,,6,,,,,,,,,,,,,,,,,,,,2022-06
2022-06-15,2305,全友,電子工業,進榜,觸發,17.15,98.0,3.0,0,,-14.9,-7.2,88.6,-1.4,68.2,-1.7,,,18.8,9.9,-22.5,-7.7,71.6,-1.9,53.1,-2.4,,,2022-06
2022-06-15,2305,全友,電子工業,觸發,進榜即觸發,17.15,98.0,3.0,0,17.15,-14.9,-7.2,88.6,-1.4,68.2,-1.7,,,18.8,9.9,-22.5,-7.7,71.6,-1.9,53.1,-2.4,,,2022-06
2022-06-15,1539,巨庭,電機機械,進榜,準備,29.48,97.0,3.0,0,,-22.9,-7.2,6.8,-1.4,-5.0,-1.7,,,30.0,1.7,-24.2,-7.7,5.1,-1.9,-6.6,-2.4,,,2022-06
2022-06-15,5876,上海商銀,金融保險,進榜,準備,41.89,79.0,1.0,0,,-3.2,-7.2,-3.8,-1.4,-2.9,-1.7,,,42.3,1.0,-4.1,-7.7,-4.7,-1.9,-3.8,-2.4,,,2022-06
2022-06-15,1524,耿鼎,汽車工業,移出,離高點太遠,16.86,99.0,,28,,,,,,,,,,,,,,,,,,,,2022-06
2022-06-15,8027,鈦昇,電機機械,移出,掉出掃描母體,71.01,78.0,,15,,,,,,,,,,,,,,,,,,,,2022-06
2022-06-15,2707,晶華,觀光事業,移出,掉出掃描母體,131.7,81.0,,13,,,,,,,,,,,,,,,,,,,,2022-06
2022-06-15,6122,擎邦,電機機械,移出,掉出掃描母體,12.94,94.0,,5,,,,,,,,,,,,,,,,,,,,2022-06
2022-06-16,2707,晶華,觀光事業,進榜,準備,134.13,84.0,3.0,0,,-0.9,-5.3,4.8,0.1,53.8,-0.2,,,132.5,-1.2,0.3,-4.8,6.1,0.9,55.7,0.0,,,2022-06
2022-06-16,2545,皇翔,建材營造,移出,掉出掃描母體,35.66,94.0,,14,,,,,,,,,,,,,,,,,,,,2022-06
2022-06-16,3209,全科,電子工業,移出,掉出掃描母體,25.36,90.0,,71,,,,,,,,,,,,,,,,,,,,2022-06
2022-06-16,8261,富鼎,半導體業,移出,離高點太遠,109.5,87.0,,17,,,,,,,,,,,,,,,,,,,,2022-06
2022-06-16,8114,振樺電,電子工業,移出,離高點太遠,99.31,86.0,,16,,,,,,,,,,,,,,,,,,,,2022-06
2022-06-16,2368,金像電,電子零組件業,移出,突破失敗,81.75,81.0,,6,,,,,,,,,,,,,,,,,,,,2022-06
2022-06-17,2634,漢翔,航運業,進榜,觸發,34.48,91.0,1.0,0,,-7.2,-4.4,-2.7,1.2,-5.8,-0.6,,,34.5,0.0,-7.2,-4.5,-2.7,1.1,-5.8,-0.7,,,2022-06
2022-06-17,2634,漢翔,航運業,觸發,進榜即觸發,34.48,91.0,1.0,0,34.48,-7.2,-4.4,-2.7,1.2,-5.8,-0.6,,,34.5,0.0,-7.2,-4.5,-2.7,1.1,-5.8,-0.7,,,2022-06
2022-06-17,4116,明基醫,生技醫療業,進榜,準備,68.36,100.0,2.0,0,,-16.9,-4.4,-11.6,1.2,-20.9,-0.6,,,69.2,1.2,-17.9,-4.5,-12.7,1.1,-21.9,-0.7,,,2022-06
2022-06-17,2206,三陽工業,汽車工業,進榜,準備,28.6,91.0,1.0,0,,3.4,-4.4,9.5,1.2,9.6,-0.6,,,29.4,2.7,0.7,-4.5,6.6,1.1,6.7,-0.7,,,2022-06
2022-06-17,5876,上海商銀,金融保險,移出,掉出掃描母體,42.05,80.0,,2,,,,,,,,,,,,,,,,,,,,2022-06
2022-06-17,2313,華通,電子工業,移出,掉出掃描母體,41.45,85.0,,29,,,,,,,,,,,,,,,,,,,,2022-06
2022-06-17,5258,虹堡,電子工業,移出,離高點太遠,49.54,98.0,,18,,,,,,,,,,,,,,,,,,,,2022-06
2022-06-17,3163,波若威,通信網路業,移出,離高點太遠,37.51,87.0,,16,,,,,,,,,,,,,,,,,,,,2022-06
2022-06-17,9945,潤泰新,其他,移出,掉出掃描母體,47.23,82.0,,11,,,,,,,,,,,,,,,,,,,,2022-06
2022-06-17,2006,東和鋼鐵,鋼鐵工業,移出,掉出掃描母體,51.76,72.0,,10,,,,,,,,,,,,,,,,,,,,2022-06
2022-06-17,1539,巨庭,電機機械,移出,離高點太遠,23.92,93.0,,2,,,,,,,,,,,,,,,,,,,,2022-06
2022-06-20,4915,致伸,電子零組件業,移出,掉出掃描母體,47.97,87.0,,13,,,,,,,,,,,,,,,,,,,,2022-06
2022-06-20,4770,上品,化學工業,移出,掉出掃描母體,244.94,83.0,,35,,,,,,,,,,,,,,,,,,,,2022-06
2022-06-20,3645,達邁,電子零組件業,移出,掉出掃描母體,53.65,93.0,,13,,,,,,,,,,,,,,,,,,,,2022-06
2022-06-20,3703,欣陸,建材營造,移出,掉出掃描母體,21.77,84.0,,11,,,,,,,,,,,,,,,,,,,,2022-06
2022-06-20,1611,中電,電器電纜,移出,離高點太遠,15.6,79.0,,10,,,,,,,,,,,,,,,,,,,,2022-06
2022-06-20,6245,立端,通信網路業,移出,掉出掃描母體,45.59,82.0,,7,,,,,,,,,,,,,,,,,,,,2022-06
2022-06-20,2707,晶華,觀光事業,移出,掉出掃描母體,132.1,84.0,,4,,,,,,,,,,,,,,,,,,,,2022-06
2022-06-20,2634,漢翔,航運業,移出,掉出掃描母體,34.48,91.0,,3,,,,,,,,,,,,,,,,,,,,2022-06
2022-06-21,2201,裕隆,汽車工業,進榜,觸發,42.79,88.0,1.0,0,,-3.4,-2.7,-11.9,1.6,31.5,-0.5,,,42.7,-0.1,-3.3,-2.7,-11.8,1.8,31.6,-0.6,,,2022-06
2022-06-21,2201,裕隆,汽車工業,觸發,進榜即觸發,42.79,88.0,1.0,0,42.79,-3.4,-2.7,-11.9,1.6,31.5,-0.5,,,42.7,-0.1,-3.3,-2.7,-11.8,1.8,31.6,-0.6,,,2022-06
2022-06-21,5876,上海商銀,金融保險,進榜,觸發,42.53,82.0,1.0,0,,-6.2,-2.7,-5.2,1.6,-4.6,-0.5,,,42.3,-0.6,-5.7,-2.7,-4.7,1.8,-4.1,-0.6,,,2022-06
2022-06-21,5876,上海商銀,金融保險,觸發,進榜即觸發,42.53,82.0,1.0,0,42.53,-6.2,-2.7,-5.2,1.6,-4.6,-0.5,,,42.3,-0.6,-5.7,-2.7,-4.7,1.8,-4.1,-0.6,,,2022-06
2022-06-21,2233,宇隆,汽車工業,進榜,準備,101.32,89.0,2.0,0,,-9.2,-2.7,-6.9,1.6,-15.8,-0.5,,,101.3,0.0,-9.2,-2.7,-6.9,1.8,-15.8,-0.6,,,2022-06
2022-06-21,5388,中磊,電子工業,進榜,準備,69.78,86.0,2.0,0,,8.1,-2.7,14.5,1.6,0.6,-0.5,,,69.9,0.1,8.0,-2.7,14.4,1.8,0.5,-0.6,,,2022-06
2022-06-21,2305,全友,電子工業,移出,離高點太遠,16.8,99.0,,6,,,,,,,,,,,,,,,,,,,,2022-06
2022-06-23,1319,東陽,汽車工業,進榜,準備,37.16,95.0,1.0,0,,6.7,0.0,22.5,3.5,7.9,0.9,,,37.9,2.0,4.6,-0.5,20.0,2.8,5.7,0.3,,,2022-06
2022-06-23,4114,健喬,生技醫療業,進榜,準備,17.7,94.0,2.0,0,,7.4,0.0,34.0,3.5,74.3,0.9,,,18.1,2.3,5.0,-0.5,31.0,2.8,70.5,0.3,,,2022-06
2022-06-23,5309,系統電,電子零組件業,移出,掉出掃描母體,40.82,72.0,,21,,,,,,,,,,,,,,,,,,,,2022-06
2022-06-24,1513,中興電,電機機械,進榜,觸發,45.84,87.0,1.0,0,,1.9,-0.5,25.8,1.7,24.6,0.0,,,46.4,1.3,0.6,-1.4,24.1,1.1,23.0,-0.2,,,2022-06
2022-06-24,1513,中興電,電機機械,觸發,進榜即觸發,45.84,87.0,1.0,0,45.84,1.9,-0.5,25.8,1.7,24.6,0.0,,,46.4,1.3,0.6,-1.4,24.1,1.1,23.0,-0.2,,,2022-06
2022-06-24,6576,逸達,生技醫療業,移出,掉出掃描母體,130.2,81.0,,14,,,,,,,,,,,,,,,,,,,,2022-06
2022-06-27,2736,富野,觀光事業,進榜,觸發,27.65,99.0,3.0,0,,-8.8,-1.8,-18.9,0.6,-24.7,-0.3,,,27.1,-2.0,-6.9,-1.8,-17.2,0.7,-23.1,-0.4,,,2022-06
2022-06-27,2736,富野,觀光事業,觸發,進榜即觸發,27.65,99.0,3.0,0,27.65,-8.8,-1.8,-18.9,0.6,-24.7,-0.3,,,27.1,-2.0,-6.9,-1.8,-17.2,0.7,-23.1,-0.4,,,2022-06
2022-06-27,1795,美時,化學生技醫療,進榜,準備,137.48,94.0,3.0,0,,-1.3,-1.8,16.2,0.6,70.8,-0.3,,,137.5,0.0,-1.3,-1.8,16.2,0.7,70.8,-0.4,,,2022-06
2022-06-27,8050,廣積,電腦及週邊設備業,進榜,準備,44.69,93.0,3.0,0,,20.5,-1.8,48.6,0.6,57.0,-0.3,,,44.2,-1.1,21.8,-1.8,50.2,0.7,58.7,-0.4,,,2022-06
2022-06-27,2707,晶華,觀光事業,進榜,準備,134.94,85.0,2.0,0,,4.8,-1.8,10.2,0.6,51.7,-0.3,,,136.2,0.9,3.9,-1.8,9.2,0.7,50.3,-0.4,,,2022-06
2022-06-28,4915,致伸,電子零組件業,進榜,準備,49.43,89.0,1.0,0,,5.7,-1.6,8.1,0.5,-5.0,0.0,,,49.1,-0.7,6.4,-1.2,8.9,0.9,-4.4,0.4,,,2022-06
2022-06-28,6245,立端,通信網路業,進榜,準備,50.36,89.0,1.0,0,,-2.3,-1.6,11.1,0.5,62.5,0.0,,,50.2,-0.3,-2.0,-1.2,11.5,0.9,63.0,0.4,,,2022-06
2022-06-28,2880,華南金,金融保險,進榜,準備,18.19,77.0,1.0,0,,-3.7,-1.6,6.1,0.5,4.5,0.0,,,17.9,-1.5,-2.2,-1.2,7.8,0.9,6.1,0.4,,,2022-06
2022-06-28,8050,廣積,電腦及週邊設備業,觸發,等待後觸發,46.51,95.0,3.0,1,45.17,12.6,-1.6,41.4,0.5,53.1,0.0,,,46.3,-0.3,13.0,-1.2,41.9,0.9,53.7,0.4,,,2022-06
2022-06-28,3596,智易,通信網路業,移出,掉出掃描母體,97.3,79.0,,22,,,,,,,,,,,,,,,,,,,,2022-06
2022-06-28,9933,中鼎,其他,移出,掉出掃描母體,35.81,88.0,,14,,,,,,,,,,,,,,,,,,,,2022-06
2022-06-28,4116,明基醫,生技醫療業,移出,離高點太遠,66.64,100.0,,11,,,,,,,,,,,,,,,,,,,,2022-06
2022-06-29,4503,金雨,電機機械,進榜,準備,43.78,96.0,3.0,0,,-16.6,-0.7,-15.4,0.8,-22.2,0.0,,,43.6,-0.3,-16.3,-0.6,-15.1,1.2,-22.0,0.0,,,2022-06
2022-06-29,6206,飛捷,電腦及週邊設備業,進榜,準備,71.85,88.0,2.0,0,,-4.2,-0.7,-18.9,0.8,-26.4,0.0,,,73.9,2.9,-6.9,-0.6,-21.1,1.2,-28.4,0.0,,,2022-06
2022-06-29,2880,華南金,金融保險,移出,掉出掃描母體,18.19,77.0,,1,,,,,,,,,,,,,,,,,,,,2022-06
2022-06-30,8069,元太,光電業,移出,掉出掃描母體,186.77,93.0,,43,,,,,,,,,,,,,,,,,,,,2022-06
2022-06-30,8996,高力,電機機械,移出,掉出掃描母體,63.69,75.0,,36,,,,,,,,,,,,,,,,,,,,2022-06
2022-06-30,1560,中砂,電機機械,移出,離高點太遠,134.2,95.0,,34,,,,,,,,,,,,,,,,,,,,2022-06
2022-06-30,3265,台星科,半導體業,移出,掉出掃描母體,39.99,97.0,,29,,,,,,,,,,,,,,,,,,,,2022-06
2022-07-01,2206,三陽工業,汽車工業,移出,掉出掃描母體,28.96,92.0,,14,,,,,,,,,,,,,,,,,,,,2022-07
2022-07-01,9802,鈺齊-KY,其他,移出,掉出掃描母體,142.19,99.0,,91,,,,,,,,,,,,,,,,,,,,2022-07
2022-07-01,6470,宇智,通信網路業,移出,掉出掃描母體,50.37,97.0,,51,,,,,,,,,,,,,,,,,,,,2022-07
2022-07-01,8028,昇陽半導體,半導體業,移出,掉出掃描母體,53.41,90.0,,43,,,,,,,,,,,,,,,,,,,,2022-07
2022-07-01,5876,上海商銀,金融保險,移出,掉出掃描母體,42.53,84.0,,10,,,,,,,,,,,,,,,,,,,,2022-07
2022-07-01,5388,中磊,電子工業,移出,掉出掃描母體,69.7,88.0,,10,,,,,,,,,,,,,,,,,,,,2022-07
2022-07-01,2201,裕隆,汽車工業,移出,掉出掃描母體,40.6,87.0,,10,,,,,,,,,,,,,,,,,,,,2022-07
2022-07-01,1795,美時,化學生技醫療,移出,晚期未觸發,129.31,94.0,,4,,,,,,,,,,,,,,,,,,,,2022-07
2022-07-01,2736,富野,觀光事業,移出,離高點太遠,23.12,98.0,,4,,,,,,,,,,,,,,,,,,,,2022-07
2022-07-04,6446,藥華藥,生技醫療業,移出,離高點太遠,386.3,99.0,,25,,,,,,,,,,,,,,,,,,,,2022-07
2022-07-05,1218,泰山,食品工業,進榜,觸發,29.26,93.0,3.0,0,,-6.4,2.3,0.0,-0.5,-5.8,2.3,,,28.6,-2.2,-4.3,2.5,2.2,-0.5,-3.7,2.6,,,2022-07
2022-07-05,1218,泰山,食品工業,觸發,進榜即觸發,29.26,93.0,3.0,0,29.26,-6.4,2.3,0.0,-0.5,-5.8,2.3,,,28.6,-2.2,-4.3,2.5,2.2,-0.5,-3.7,2.6,,,2022-07
2022-07-05,9802,鈺齊-KY,其他,進榜,準備,146.71,98.0,3.0,0,,-9.2,2.3,-10.7,-0.5,-8.2,2.3,,,147.1,0.3,-9.5,2.5,-11.0,-0.5,-8.4,2.6,,,2022-07
2022-07-05,8114,振樺電,電子工業,進榜,準備,118.86,94.0,2.0,0,,8.9,2.3,-6.0,-0.5,-22.4,2.3,,,116.7,-1.8,10.9,2.5,-4.3,-0.5,-21.0,2.6,,,2022-07
2022-07-05,4503,金雨,電機機械,移出,離高點太遠,34.62,90.0,,6,,,,,,,,,,,,,,,,,,,,2022-07
2022-07-06,3665,貿聯-KY,其他電子業,進榜,準備,276.85,91.0,3.0,0,,-1.2,3.4,-9.3,1.7,-18.0,4.2,,,272.9,-1.4,0.3,3.0,-8.0,1.3,-16.8,3.9,,,2022-07
2022-07-06,6235,華孚,電子工業,移出,掉出掃描母體,36.98,89.0,,37,,,,,,,,,,,,,,,,,,,,2022-07
2022-07-06,6605,帝寶,汽車工業,移出,掉出掃描母體,59.24,91.0,,35,,,,,,,,,,,,,,,,,,,,2022-07
2022-07-06,2233,宇隆,汽車工業,移出,掉出掃描母體,96.43,90.0,,15,,,,,,,,,,,,,,,,,,,,2022-07
2022-07-06,4915,致伸,電子零組件業,移出,掉出掃描母體,47.58,87.0,,8,,,,,,,,,,,,,,,,,,,,2022-07
2022-07-06,6245,立端,通信網路業,移出,離高點太遠,45.59,87.0,,8,,,,,,,,,,,,,,,,,,,,2022-07
2022-07-08,6605,帝寶,汽車工業,進榜,準備,61.76,92.0,2.0,0,,4.0,2.4,-4.8,0.0,-0.8,2.3,,,62.5,1.2,2.7,2.1,-6.0,-0.4,-2.0,2.0,,,2022-07
2022-07-08,5388,中磊,電子工業,進榜,準備,74.68,91.0,3.0,0,,5.9,2.4,-6.0,0.0,-10.1,2.3,,,75.2,0.7,5.1,2.1,-6.6,-0.4,-10.7,2.0,,,2022-07
2022-07-08,6617,共信-KY,生技醫療業,進榜,準備,319.5,89.0,2.0,0,,25.8,2.4,28.2,0.0,-3.1,2.3,,,315.6,-1.2,27.4,2.1,29.8,-0.4,-1.9,2.0,,,2022-07
2022-07-12,2359,所羅門,其他電子業,進榜,準備,25.78,92.0,3.0,0,,18.9,5.6,-14.3,2.8,-4.9,3.9,,,26.7,3.4,14.9,4.2,-17.2,1.5,-8.1,2.7,,,2022-07
2022-07-14,8222,寶一,電機機械,進榜,觸發,23.48,98.0,4.0,0,,-7.4,4.2,-1.2,0.8,,,,,24.0,2.1,-9.3,4.1,-3.2,0.8,,,,,2022-07
2022-07-14,8222,寶一,電機機械,觸發,進榜即觸發,23.48,98.0,4.0,0,23.48,-7.4,4.2,-1.2,0.8,,,,,24.0,2.1,-9.3,4.1,-3.2,0.8,,,,,2022-07
2022-07-14,1514,亞力,電機機械,進榜,觸發,26.19,91.0,4.0,0,,-2.6,4.2,-10.1,0.8,,,,,26.2,-0.2,-2.4,4.1,-9.9,0.8,,,,,2022-07
2022-07-14,1514,亞力,電機機械,觸發,進榜即觸發,26.19,91.0,4.0,0,26.19,-2.6,4.2,-10.1,0.8,,,,,26.2,-0.2,-2.4,4.1,-9.9,0.8,,,,,2022-07
2022-07-14,5353,台林,通信網路業,進榜,準備,26.46,97.0,3.0,0,,-3.7,4.2,31.9,0.8,,,,,25.4,-3.9,0.2,4.1,37.2,0.8,,,,,2022-07
2022-07-14,3703,欣陸,建材營造,進榜,準備,22.04,86.0,3.0,0,,9.5,4.2,9.8,0.8,,,,,22.2,0.5,8.9,4.1,9.2,0.8,,,,,2022-07
2022-07-14,5388,中磊,電子工業,觸發,等待後觸發,77.78,91.0,3.0,6,75.2,15.5,4.2,-4.9,0.8,,,,,77.8,0.0,15.5,4.1,-4.9,0.8,,,,,2022-07
2022-07-14,4904,遠傳,通信網路業,移出,掉出掃描母體,67.91,91.0,,87,,,,,,,,,,,,,,,,,,,,2022-07
2022-07-15,8028,昇陽半導體,半導體業,進榜,觸發,61.68,93.0,6.0,0,,0.7,4.6,-26.5,-0.7,,,,,62.3,1.0,-0.3,4.4,-27.2,-1.1,,,,,2022-07
2022-07-15,8028,昇陽半導體,半導體業,觸發,進榜即觸發,61.68,93.0,6.0,0,61.68,0.7,4.6,-26.5,-0.7,,,,,62.3,1.0,-0.3,4.4,-27.2,-1.1,,,,,2022-07
2022-07-15,4543,萬在,電機機械,進榜,準備,21.64,94.0,3.0,0,,18.7,4.6,-12.9,-0.7,,,,,22.0,1.7,16.7,4.4,-14.4,-1.1,,,,,2022-07
2022-07-15,2206,三陽工業,汽車工業,進榜,準備,29.58,93.0,1.0,0,,3.5,4.6,10.2,-0.7,,,,,30.0,1.4,2.1,4.4,8.6,-1.1,,,,,2022-07
2022-07-18,6133,金橋,電子零組件業,進榜,觸發,13.68,94.0,3.0,0,,44.4,4.4,52.4,-1.9,,,,,15.0,9.7,31.6,4.5,38.9,-1.7,,,,,2022-07
2022-07-18,6133,金橋,電子零組件業,觸發,進榜即觸發,13.68,94.0,3.0,0,13.68,44.4,4.4,52.4,-1.9,,,,,15.0,9.7,31.6,4.5,38.9,-1.7,,,,,2022-07
2022-07-18,3209,全科,電子工業,進榜,觸發,24.6,88.0,2.0,0,,15.3,4.4,-3.3,-1.9,,,,,24.4,-0.8,16.2,4.5,-2.5,-1.7,,,,,2022-07
2022-07-18,3209,全科,電子工業,觸發,進榜即觸發,24.6,88.0,2.0,0,24.6,15.3,4.4,-3.3,-1.9,,,,,24.4,-0.8,16.2,4.5,-2.5,-1.7,,,,,2022-07
2022-07-18,4915,致伸,電子零組件業,進榜,準備,50.31,87.0,1.0,0,,10.6,4.4,-0.5,-1.9,,,,,50.6,0.6,9.9,4.5,-1.1,-1.7,,,,,2022-07
2022-07-18,3088,艾訊,電腦及週邊設備業,進榜,準備,49.73,85.0,1.0,0,,-9.2,4.4,-19.1,-1.9,,,,,49.7,0.0,-9.2,4.5,-19.1,-1.7,,,,,2022-07
2022-07-20,2305,全友,電子工業,進榜,觸發,18.75,99.0,4.0,0,,44.3,4.0,52.0,-3.7,,,,,19.2,2.7,40.5,3.8,48.1,-3.8,,,,,2022-07
2022-07-20,2305,全友,電子工業,觸發,進榜即觸發,18.75,99.0,4.0,0,18.75,44.3,4.0,52.0,-3.7,,,,,19.2,2.7,40.5,3.8,48.1,-3.8,,,,,2022-07
2022-07-20,3558,神準,通信網路業,進榜,準備,170.79,97.0,3.0,0,,9.6,4.0,-4.8,-3.7,,,,,170.0,-0.5,10.2,3.8,-4.3,-3.8,,,,,2022-07
2022-07-20,6715,嘉基,電子工業,進榜,準備,137.15,94.0,2.0,0,,-1.9,4.0,-13.6,-3.7,,,,,136.7,-0.3,-1.6,3.8,-13.3,-3.8,,,,,2022-07
2022-07-21,2364,倫飛,電子工業,進榜,準備,21.95,100.0,3.0,0,,113.1,3.5,40.0,-4.9,,,,,22.9,4.2,104.5,3.5,34.4,-4.9,,,,,2022-07
2022-07-21,8403,盛弘,生技醫療業,進榜,準備,25.7,83.0,3.0,0,,4.3,3.5,-5.4,-4.9,,,,,26.0,1.0,3.2,3.5,-6.4,-4.9,,,,,2022-07
2022-07-21,4958,臻鼎-KY,電子零組件業,進榜,準備,99.21,82.0,1.0,0,,2.6,3.5,-4.4,-4.9,,,,,99.2,0.0,2.6,3.5,-4.4,-4.9,,,,,2022-07
2022-07-21,3596,智易,通信網路業,進榜,準備,99.16,72.0,2.0,0,,-2.9,3.5,-18.3,-4.9,,,,,98.7,-0.4,-2.5,3.5,-18.0,-4.9,,,,,2022-07
2022-07-22,6550,北極星藥業-KY,生技醫療業,進榜,觸發,124.38,94.0,4.0,0,,14.1,4.1,-20.5,-4.6,,,,,126.9,2.0,11.8,4.2,-22.0,-4.6,,,,,2022-07
2022-07-22,6550,北極星藥業-KY,生技醫療業,觸發,進榜即觸發,124.38,94.0,4.0,0,124.38,14.1,4.1,-20.5,-4.6,,,,,126.9,2.0,11.8,4.2,-22.0,-4.6,,,,,2022-07
2022-07-22,2364,倫飛,電子工業,觸發,等待後觸發,24.11,100.0,3.0,1,21.95,112.9,4.1,33.9,-4.6,,,,,26.5,10.0,93.6,4.2,21.7,-4.6,,,,,2022-07
2022-07-22,3596,智易,通信網路業,移出,掉出掃描母體,99.16,72.0,,1,,,,,,,,,,,,,,,,,,,,2022-07
2022-07-22,1514,亞力,電機機械,移出,離高點太遠,25.63,89.0,,8,,,,,,,,,,,,,,,,,,,,2022-07
2022-07-22,5353,台林,通信網路業,移出,晚期未觸發,23.23,93.0,,8,,,,,,,,,,,,,,,,,,,,2022-07
2022-07-25,4979,華星光,通信網路業,進榜,準備,29.25,98.0,1.0,0,,28.5,3.5,3.6,-5.2,,,,,29.3,0.3,28.0,3.6,3.3,-5.1,,,,,2022-07
2022-07-25,4572,駐龍,電機機械,進榜,準備,112.1,93.0,2.0,0,,-16.5,3.5,-14.0,-5.2,,,,,112.1,0.0,-16.5,3.6,-14.0,-5.1,,,,,2022-07
2022-07-26,3205,佰研,生技醫療業,進榜,觸發,55.4,99.0,2.0,0,,16.1,3.8,-32.6,-5.6,,,,,57.3,3.4,12.2,4.0,-34.8,-5.6,,,,,2022-07
2022-07-26,3205,佰研,生技醫療業,觸發,進榜即觸發,55.4,99.0,2.0,0,55.4,16.1,3.8,-32.6,-5.6,,,,,57.3,3.4,12.2,4.0,-34.8,-5.6,,,,,2022-07
2022-07-26,1539,巨庭,電機機械,進榜,準備,27.72,97.0,3.0,0,,45.5,3.8,-17.9,-5.6,,,,,27.2,-2.0,48.4,4.0,-16.3,-5.6,,,,,2022-07
2022-07-26,4426,利勤,紡織纖維,進榜,準備,33.3,93.0,2.0,0,,-6.6,3.8,-32.7,-5.6,,,,,32.7,-1.8,-4.9,4.0,-31.5,-5.6,,,,,2022-07
2022-07-26,4958,臻鼎-KY,電子零組件業,移出,掉出掃描母體,98.33,80.0,,5,,,,,,,,,,,,,,,,,,,,2022-07
2022-07-27,3017,奇鋐,電子工業,進榜,觸發,105.71,88.0,5.0,0,,0.9,3.6,-14.6,-6.8,,,,,107.1,1.3,-0.4,3.1,-15.7,-7.2,,,,,2022-07
2022-07-27,3017,奇鋐,電子工業,觸發,進榜即觸發,105.71,88.0,5.0,0,105.71,0.9,3.6,-14.6,-6.8,,,,,107.1,1.3,-0.4,3.1,-15.7,-7.2,,,,,2022-07
2022-07-27,6217,中探針,電子零組件業,進榜,觸發,58.62,87.0,5.0,0,,-9.9,3.6,-40.1,-6.8,,,,,59.1,0.8,-10.6,3.1,-40.5,-7.2,,,,,2022-07
2022-07-27,6217,中探針,電子零組件業,觸發,進榜即觸發,58.62,87.0,5.0,0,58.62,-9.9,3.6,-40.1,-6.8,,,,,59.1,0.8,-10.6,3.1,-40.5,-7.2,,,,,2022-07
2022-07-27,9933,中鼎,其他,進榜,觸發,36.17,80.0,3.0,0,,0.6,3.6,3.2,-6.8,,,,,36.0,-0.6,1.1,3.1,3.8,-7.2,,,,,2022-07
2022-07-27,9933,中鼎,其他,觸發,進榜即觸發,36.17,80.0,3.0,0,36.17,0.6,3.6,3.2,-6.8,,,,,36.0,-0.6,1.1,3.1,3.8,-7.2,,,,,2022-07
2022-07-27,6470,宇智,通信網路業,進榜,準備,56.14,95.0,2.0,0,,-1.9,3.6,-33.2,-6.8,,,,,56.6,0.8,-2.8,3.1,-33.7,-7.2,,,,,2022-07
2022-07-27,6279,胡連,電子零組件業,進榜,準備,126.06,89.0,2.0,0,,-1.6,3.6,-3.1,-6.8,,,,,128.1,1.6,-3.1,3.1,-4.6,-7.2,,,,,2022-07
2022-07-27,4958,臻鼎-KY,電子零組件業,進榜,準備,98.77,81.0,1.0,0,,0.4,3.6,-9.7,-6.8,,,,,99.6,0.9,-0.4,3.1,-10.5,-7.2,,,,,2022-07
2022-07-27,2634,漢翔,航運業,進榜,準備,32.74,80.0,2.0,0,,-0.4,3.6,-12.0,-6.8,,,,,32.9,0.4,-0.8,3.1,-12.3,-7.2,,,,,2022-07
2022-07-27,9907,統一實,其他,進榜,準備,12.73,76.0,3.0,0,,28.6,3.6,5.3,-6.8,,,,,12.8,0.9,27.4,3.1,4.4,-7.2,,,,,2022-07
2022-07-28,6446,藥華藥,生技醫療業,進榜,準備,453.21,99.0,3.0,0,,6.3,4.6,-21.0,-6.1,,,,,455.6,0.5,5.8,4.3,-21.4,-6.5,,,,,2022-07
2022-07-28,6279,胡連,電子零組件業,移出,掉出掃描母體,126.06,89.0,,1,,,,,,,,,,,,,,,,,,,,2022-07
2022-07-28,4958,臻鼎-KY,電子零組件業,移出,掉出掃描母體,98.77,81.0,,1,,,,,,,,,,,,,,,,,,,,2022-07
2022-07-29,8996,高力,電機機械,進榜,觸發,75.62,94.0,4.0,0,,22.6,4.3,33.6,-7.3,,,,,76.4,1.0,21.4,4.2,32.2,-7.5,,,,,2022-07
2022-07-29,8996,高力,電機機械,觸發,進榜即觸發,75.62,94.0,4.0,0,75.62,22.6,4.3,33.6,-7.3,,,,,76.4,1.0,21.4,4.2,32.2,-7.5,,,,,2022-07
2022-07-29,1524,耿鼎,汽車工業,進榜,準備,19.56,99.0,3.0,0,,24.2,4.3,-10.6,-7.3,,,,,20.3,3.6,19.9,4.2,-13.7,-7.5,,,,,2022-07
2022-07-29,5353,台林,通信網路業,進榜,準備,27.41,96.0,3.0,0,,17.4,4.3,-0.2,-7.3,,,,,27.3,-0.5,18.0,4.2,0.3,-7.5,,,,,2022-07
2022-07-29,1568,倉佑,汽車工業,進榜,準備,24.99,92.0,2.0,0,,2.5,4.3,-24.3,-7.3,,,,,25.8,3.4,-0.8,4.2,-26.8,-7.5,,,,,2022-07
2022-07-29,2106,建大,橡膠工業,進榜,準備,31.26,85.0,1.0,0,,-10.4,4.3,-19.3,-7.3,,,,,30.9,-1.3,-9.2,4.2,-18.3,-7.5,,,,,2022-07
2022-07-29,6245,立端,通信網路業,進榜,準備,51.72,84.0,2.0,0,,4.4,4.3,-8.9,-7.3,,,,,52.6,1.8,2.6,4.2,-10.5,-7.5,,,,,2022-07
2022-07-29,4958,臻鼎-KY,電子零組件業,進榜,準備,98.77,80.0,1.0,0,,0.9,4.3,-5.8,-7.3,,,,,98.8,0.0,0.9,4.2,-5.8,-7.5,,,,,2022-07
2022-07-29,3596,智易,通信網路業,進榜,準備,103.33,70.0,2.0,0,,-8.5,4.3,-27.4,-7.3,,,,,104.6,1.2,-9.6,4.2,-28.3,-7.5,,,,,2022-07
2022-07-29,3088,艾訊,電腦及週邊設備業,移出,掉出掃描母體,48.61,79.0,,11,,,,,,,,,,,,,,,,,,,,2022-07
2022-08-01,3163,波若威,通信網路業,進榜,準備,40.72,87.0,2.0,0,,11.3,2.4,-19.1,-7.9,,,,,39.5,-3.0,14.8,3.1,-16.6,-7.5,,,,,2022-08
2022-08-01,2233,宇隆,汽車工業,進榜,準備,97.73,78.0,2.0,0,,-3.5,2.4,-22.7,-7.9,,,,,96.4,-1.3,-2.2,3.1,-21.7,-7.5,,,,,2022-08
2022-08-01,5876,上海商銀,金融保險,進榜,準備,41.93,74.0,1.0,0,,-1.8,2.4,-9.5,-7.9,,,,,41.1,-2.0,0.2,3.1,-7.7,-7.5,,,,,2022-08
2022-08-01,4543,萬在,電機機械,觸發,等待後觸發,24.4,96.0,3.0,17,22.27,7.7,2.4,-28.5,-7.9,,,,,24.8,1.5,6.1,3.1,-29.6,-7.5,,,,,2022-08
2022-08-01,1524,耿鼎,汽車工業,觸發,等待後觸發,21.51,100.0,3.0,3,19.56,13.5,2.4,-19.1,-7.9,,,,,21.6,0.4,13.1,3.1,-19.4,-7.5,,,,,2022-08
2022-08-01,9802,鈺齊-KY,其他,移出,掉出掃描母體,139.73,93.0,,27,,,,,,,,,,,,,,,,,,,,2022-08
2022-08-02,8114,振樺電,電子工業,觸發,等待後觸發,129.44,89.0,2.0,28,120.98,7.8,4.3,-24.8,-5.8,,,,,130.3,0.7,7.1,4.7,-25.3,-5.8,,,,,2022-08
2022-08-02,4958,臻鼎-KY,電子零組件業,移出,掉出掃描母體,99.21,80.0,,4,,,,,,,,,,,,,,,,,,,,2022-08
2022-08-02,5876,上海商銀,金融保險,移出,掉出掃描母體,41.93,74.0,,1,,,,,,,,,,,,,,,,,,,,2022-08
2022-08-02,1218,泰山,食品工業,移出,掉出掃描母體,28.7,83.0,,28,,,,,,,,,,,,,,,,,,,,2022-08
2022-08-03,4958,臻鼎-KY,電子零組件業,進榜,準備,98.77,82.0,1.0,0,,0.9,5.9,-6.6,-6.2,,,,,98.3,-0.4,1.3,5.9,-6.2,-6.3,,,,,2022-08
2022-08-03,2106,建大,橡膠工業,移出,掉出掃描母體,31.34,86.0,,5,,,,,,,,,,,,,,,,,,,,2022-08
2022-08-03,3665,貿聯-KY,其他電子業,移出,掉出掃描母體,276.8,80.0,,28,,,,,,,,,,,,,,,,,,,,2022-08
2022-08-03,6550,北極星藥業-KY,生技醫療業,移出,離高點太遠,115.89,91.0,,12,,,,,,,,,,,,,,,,,,,,2022-08
2022-08-03,4572,駐龍,電機機械,移出,掉出掃描母體,101.21,88.0,,9,,,,,,,,,,,,,,,,,,,,2022-08
2022-08-03,4426,利勤,紡織纖維,移出,離高點太遠,28.6,88.0,,8,,,,,,,,,,,,,,,,,,,,2022-08
2022-08-03,3163,波若威,通信網路業,移出,掉出掃描母體,39.06,85.0,,2,,,,,,,,,,,,,,,,,,,,2022-08
2022-08-04,3022,威強電,電子工業,進榜,準備,46.21,89.0,2.0,0,,38.3,5.2,-3.5,-5.1,,,,,46.5,0.7,37.3,4.8,-4.2,-5.7,,,,,2022-08
2022-08-04,6206,飛捷,電腦及週邊設備業,觸發,等待後觸發,76.79,90.0,2.0,36,72.31,-11.2,5.2,-33.6,-5.1,,,,,78.6,2.4,-13.3,4.8,-35.2,-5.7,,,,,2022-08
2022-08-04,4958,臻鼎-KY,電子零組件業,移出,掉出掃描母體,98.77,82.0,,1,,,,,,,,,,,,,,,,,,,,2022-08
2022-08-04,2707,晶華,觀光事業,移出,掉出掃描母體,134.54,82.0,,38,,,,,,,,,,,,,,,,,,,,2022-08
2022-08-04,4543,萬在,電機機械,移出,離高點太遠,22.39,95.0,,20,,,,,,,,,,,,,,,,,,,,2022-08
2022-08-04,9933,中鼎,其他,移出,掉出掃描母體,35.28,77.0,,8,,,,,,,,,,,,,,,,,,,,2022-08
2022-08-04,3017,奇鋐,電子工業,移出,掉出掃描母體,104.8,80.0,,8,,,,,,,,,,,,,,,,,,,,2022-08
2022-08-04,5353,台林,通信網路業,移出,晚期未觸發,24.48,94.0,,6,,,,,,,,,,,,,,,,,,,,2022-08
2022-08-04,1568,倉佑,汽車工業,移出,離高點太遠,22.87,90.0,,6,,,,,,,,,,,,,,,,,,,,2022-08
2022-08-04,2233,宇隆,汽車工業,移出,掉出掃描母體,96.02,76.0,,3,,,,,,,,,,,,,,,,,,,,2022-08
2022-08-05,6442,光聖,通信網路業,進榜,觸發,57.11,97.0,2.0,0,,-0.6,3.6,-34.5,-5.7,,,,,60.1,5.2,-5.5,4.0,-37.8,-5.3,,,,,2022-08
2022-08-05,6442,光聖,通信網路業,觸發,進榜即觸發,57.11,97.0,2.0,0,57.11,-0.6,3.6,-34.5,-5.7,,,,,60.1,5.2,-5.5,4.0,-37.8,-5.3,,,,,2022-08
2022-08-05,5876,上海商銀,金融保險,進榜,觸發,42.43,74.0,0.0,0,,-4.8,3.6,-8.2,-5.7,,,,,42.6,0.4,-5.2,4.0,-8.5,-5.3,,,,,2022-08
2022-08-05,5876,上海商銀,金融保險,觸發,進榜即觸發,42.43,74.0,0.0,0,42.43,-4.8,3.6,-8.2,-5.7,,,,,42.6,0.4,-5.2,4.0,-8.5,-5.3,,,,,2022-08
2022-08-05,4432,銘旺實,紡織纖維,進榜,準備,27.94,99.0,2.0,0,,-10.8,3.6,-31.1,-5.7,,,,,28.7,2.9,-13.3,4.0,-33.0,-5.3,,,,,2022-08
2022-08-05,3163,波若威,通信網路業,進榜,準備,42.69,89.0,2.0,0,,12.1,3.6,-17.2,-5.7,,,,,44.4,3.9,7.8,4.0,-20.3,-5.3,,,,,2022-08
2022-08-05,4958,臻鼎-KY,電子零組件業,進榜,準備,99.21,81.0,1.0,0,,-4.0,3.6,-4.8,-5.7,,,,,98.8,-0.4,-3.5,4.0,-4.4,-5.3,,,,,2022-08
2022-08-05,2233,宇隆,汽車工業,進榜,準備,97.73,76.0,2.0,0,,-3.9,3.6,-20.8,-5.7,,,,,96.4,-1.3,-2.7,4.0,-19.7,-5.3,,,,,2022-08
2022-08-05,6470,宇智,通信網路業,觸發,等待後觸發,60.74,96.0,2.0,9,57.08,-13.5,3.6,-37.0,-5.7,,,,,59.3,-2.4,-11.3,4.0,-35.4,-5.3,,,,,2022-08
2022-08-08,8069,元太,光電業,進榜,觸發,186.36,87.0,5.0,0,,18.5,2.6,-2.2,-5.3,,,,,180.9,-2.9,22.1,2.9,0.8,-5.2,,,,,2022-08
2022-08-08,8069,元太,光電業,觸發,進榜即觸發,186.36,87.0,5.0,0,186.36,18.5,2.6,-2.2,-5.3,,,,,180.9,-2.9,22.1,2.9,0.8,-5.2,,,,,2022-08
2022-08-08,4979,華星光,通信網路業,觸發,等待後觸發,32.43,98.0,1.0,14,29.25,2.7,2.6,-6.2,-5.3,,,,,31.8,-2.1,4.8,2.9,-4.2,-5.2,,,,,2022-08
2022-08-08,3163,波若威,通信網路業,觸發,等待後觸發,46.93,93.0,2.0,3,42.69,-1.3,2.6,-23.4,-5.3,,,,,45.4,-3.2,2.0,2.9,-20.8,-5.2,,,,,2022-08
2022-08-08,4958,臻鼎-KY,電子零組件業,觸發,等待後觸發,100.95,82.0,1.0,3,100.52,-5.2,2.6,-3.9,-5.3,,,,,100.5,-0.4,-4.8,2.9,-3.5,-5.2,,,,,2022-08
2022-08-09,1522,堤維西,汽車工業,進榜,準備,26.55,96.0,3.0,0,,-11.2,1.2,-19.1,-5.6,,,,,26.3,-0.8,-10.5,1.6,-18.5,-5.3,,,,,2022-08
2022-08-09,4908,前鼎,通信網路業,進榜,準備,32.87,85.0,3.0,0,,1.8,1.2,-16.6,-5.6,,,,,32.4,-1.4,3.2,1.6,-15.4,-5.3,,,,,2022-08
2022-08-09,9933,中鼎,其他,進榜,準備,35.44,70.0,3.0,0,,10.3,1.2,-2.6,-5.6,,,,,35.2,-0.6,10.9,1.6,-2.1,-5.3,,,,,2022-08
2022-08-09,2359,所羅門,其他電子業,觸發,等待後觸發,30.65,93.0,3.0,28,26.34,-21.2,1.2,-27.6,-5.6,,,,,28.6,-6.6,-15.7,1.6,-22.5,-5.3,,,,,2022-08
2022-08-09,9907,統一實,其他,觸發,等待後觸發,14.29,84.0,3.0,13,12.85,10.1,1.2,-5.6,-5.6,,,,,14.3,0.0,10.1,1.6,-5.6,-5.3,,,,,2022-08
2022-08-09,6133,金橋,電子零組件業,移出,離高點太遠,20.15,99.0,,22,,,,,,,,,,,,,,,,,,,,2022-08
2022-08-09,4432,銘旺實,紡織纖維,移出,離高點太遠,23.81,98.0,,4,,,,,,,,,,,,,,,,,,,,2022-08
2022-08-10,3047,訊舟,通信網路業,進榜,準備,14.96,86.0,2.0,0,,5.6,0.4,2.8,-5.4,,,,,15.4,3.1,2.4,0.0,-0.3,-6.2,,,,,2022-08
2022-08-10,2834,臺企銀,金融保險,進榜,準備,9.24,79.0,1.0,0,,2.0,0.4,-4.4,-5.4,,,,,9.4,1.2,0.8,0.0,-5.5,-6.2,,,,,2022-08
2022-08-10,8403,盛弘,生技醫療業,移出,掉出掃描母體,25.89,81.0,,20,,,,,,,,,,,,,,,,,,,,2022-08
2022-08-10,1539,巨庭,電機機械,移出,離高點太遠,25.13,93.0,,15,,,,,,,,,,,,,,,,,,,,2022-08
2022-08-11,1712,興農,化學工業,進榜,準備,27.63,82.0,2.0,0,,27.1,0.8,3.7,-5.1,,,,,27.4,-0.7,28.0,0.7,4.4,-5.1,,,,,2022-08
2022-08-11,3596,智易,通信網路業,移出,掉出掃描母體,111.66,80.0,,13,,,,,,,,,,,,,,,,,,,,2022-08
2022-08-11,2359,所羅門,其他電子業,移出,離高點太遠,25.92,82.0,,30,,,,,,,,,,,,,,,,,,,,2022-08
2022-08-11,2305,全友,電子工業,移出,離高點太遠,25.95,99.0,,22,,,,,,,,,,,,,,,,,,,,2022-08
2022-08-12,2233,宇隆,汽車工業,移出,掉出掃描母體,98.58,71.0,,7,,,,,,,,,,,,,,,,,,,,2022-08
2022-08-12,6206,飛捷,電腦及週邊設備業,移出,掉出掃描母體,68.43,80.0,,44,,,,,,,,,,,,,,,,,,,,2022-08
2022-08-12,8222,寶一,電機機械,移出,離高點太遠,21.06,94.0,,29,,,,,,,,,,,,,,,,,,,,2022-08
2022-08-12,3558,神準,通信網路業,移出,晚期未觸發,180.13,96.0,,23,,,,,,,,,,,,,,,,,,,,2022-08
2022-08-12,6470,宇智,通信網路業,移出,離高點太遠,54.35,93.0,,16,,,,,,,,,,,,,,,,,,,,2022-08
2022-08-12,6446,藥華藥,生技醫療業,移出,晚期未觸發,427.72,98.0,,15,,,,,,,,,,,,,,,,,,,,2022-08
2022-08-15,1539,巨庭,電機機械,進榜,觸發,28.64,97.0,3.0,0,,9.2,0.3,-8.0,-5.8,,,,,29.9,4.4,4.6,0.4,-11.8,-5.8,,,,,2022-08
2022-08-15,1539,巨庭,電機機械,觸發,進榜即觸發,28.64,97.0,3.0,0,28.64,9.2,0.3,-8.0,-5.8,,,,,29.9,4.4,4.6,0.4,-11.8,-5.8,,,,,2022-08
2022-08-15,6469,大樹,生技醫療業,進榜,觸發,160.28,96.0,4.0,0,,-2.0,0.3,-7.6,-5.8,,,,,159.2,-0.7,-1.3,0.4,-7.0,-5.8,,,,,2022-08
2022-08-15,6469,大樹,生技醫療業,觸發,進榜即觸發,160.28,96.0,4.0,0,160.28,-2.0,0.3,-7.6,-5.8,,,,,159.2,-0.7,-1.3,0.4,-7.0,-5.8,,,,,2022-08
2022-08-15,4543,萬在,電機機械,進榜,準備,25.94,97.0,3.0,0,,-4.3,0.3,-18.3,-5.8,,,,,25.7,-0.8,-3.6,0.4,-17.7,-5.8,,,,,2022-08
2022-08-15,2233,宇隆,汽車工業,進榜,準備,98.58,71.0,2.0,0,,-3.9,0.3,-17.0,-5.8,,,,,98.2,-0.4,-3.5,0.4,-16.6,-5.8,,,,,2022-08
2022-08-16,5353,台林,通信網路業,進榜,觸發,28.78,97.0,3.0,0,,20.3,0.0,-9.9,-6.2,,,,,28.8,0.1,20.1,0.0,-10.0,-6.4,,,,,2022-08
2022-08-16,5353,台林,通信網路業,觸發,進榜即觸發,28.78,97.0,3.0,0,28.78,20.3,0.0,-9.9,-6.2,,,,,28.8,0.1,20.1,0.0,-10.0,-6.4,,,,,2022-08
2022-08-16,1795,美時,化學生技醫療,進榜,觸發,148.7,96.0,4.0,0,,5.3,0.0,-3.4,-6.2,,,,,149.2,0.3,4.9,0.0,-3.7,-6.4,,,,,2022-08
2022-08-16,1795,美時,化學生技醫療,觸發,進榜即觸發,148.7,96.0,4.0,0,148.7,5.3,0.0,-3.4,-6.2,,,,,149.2,0.3,4.9,0.0,-3.7,-6.4,,,,,2022-08
2022-08-16,6550,北極星藥業-KY,生技醫療業,進榜,準備,134.87,94.0,3.0,0,,53.0,0.0,-27.0,-6.2,,,,,132.4,-1.9,55.8,0.0,-25.7,-6.4,,,,,2022-08
2022-08-16,3520,華盈,電子零組件業,進榜,準備,18.26,84.0,3.0,0,,17.0,0.0,2.7,-6.2,,,,,18.7,2.4,14.3,0.0,0.3,-6.4,,,,,2022-08
2022-08-17,8478,東哥遊艇,其他,進榜,觸發,208.86,95.0,6.0,0,,1.3,0.0,1.7,-6.0,,,,,213.7,2.3,-1.0,0.2,-0.6,-5.9,,,,,2022-08
2022-08-17,8478,東哥遊艇,其他,觸發,進榜即觸發,208.86,95.0,6.0,0,208.86,1.3,0.0,1.7,-6.0,,,,,213.7,2.3,-1.0,0.2,-0.6,-5.9,,,,,2022-08
2022-08-17,6782,視陽,生技醫療業,進榜,準備,295.5,94.0,3.0,0,,-11.1,0.0,-36.1,-6.0,,,,,289.8,-1.9,-9.3,0.2,-34.8,-5.9,,,,,2022-08
2022-08-17,3047,訊舟,通信網路業,觸發,等待後觸發,16.63,92.0,2.0,7,15.33,2.2,0.0,-12.2,-6.0,,,,,16.6,0.0,2.2,0.2,-12.2,-5.9,,,,,2022-08
2022-08-17,6617,共信-KY,生技醫療業,移出,晚期未觸發,419.5,94.0,,40,,,,,,,,,,,,,,,,,,,,2022-08
2022-08-18,6133,金橋,電子零組件業,進榜,觸發,26.23,100.0,2.0,0,,-10.7,-0.4,-3.3,-5.8,,,,,27.9,6.3,-16.0,-0.5,-9.0,-6.0,,,,,2022-08
2022-08-18,6133,金橋,電子零組件業,觸發,進榜即觸發,26.23,100.0,2.0,0,26.23,-10.7,-0.4,-3.3,-5.8,,,,,27.9,6.3,-16.0,-0.5,-9.0,-6.0,,,,,2022-08
2022-08-18,6461,益得,生技醫療業,進榜,觸發,35.51,99.0,5.0,0,,-1.2,-0.4,-16.3,-5.8,,,,,39.0,9.9,-10.1,-0.5,-23.8,-6.0,,,,,2022-08
2022-08-18,6461,益得,生技醫療業,觸發,進榜即觸發,35.51,99.0,5.0,0,35.51,-1.2,-0.4,-16.3,-5.8,,,,,39.0,9.9,-10.1,-0.5,-23.8,-6.0,,,,,2022-08
2022-08-18,4162,智擎,生技醫療業,進榜,準備,86.46,91.0,3.0,0,,34.7,-0.4,24.3,-5.8,,,,,86.0,-0.5,35.3,-0.5,24.9,-6.0,,,,,2022-08
2022-08-18,6220,岳豐,電子零組件業,進榜,準備,25.52,86.0,1.0,0,,3.7,-0.4,-9.5,-5.8,,,,,25.5,0.0,3.7,-0.5,-9.5,-6.0,,,,,2022-08
2022-08-18,3520,華盈,電子零組件業,觸發,等待後觸發,19.82,87.0,3.0,2,18.75,1.2,-0.4,5.4,-5.8,,,,,21.1,6.4,-4.8,-0.5,-0.9,-6.0,,,,,2022-08
2022-08-18,1319,東陽,汽車工業,移出,逾期,44.34,94.0,,56,,,,,,,,,,,,,,,,,,,,2022-08
2022-08-18,5876,上海商銀,金融保險,移出,掉出掃描母體,43.75,77.0,,13,,,,,,,,,,,,,,,,,,,,2022-08
2022-08-18,2233,宇隆,汽車工業,移出,掉出掃描母體,101.14,75.0,,3,,,,,,,,,,,,,,,,,,,,2022-08
2022-08-18,4114,健喬,生技醫療業,移出,逾期,22.05,93.0,,56,,,,,,,,,,,,,,,,,,,,2022-08
2022-08-19,2305,全友,電子工業,進榜,觸發,32.7,100.0,3.0,0,,-6.3,-1.5,-4.6,-5.9,,,,,36.0,9.9,-14.7,-1.3,-13.2,-5.8,,,,,2022-08
2022-08-19,2305,全友,電子工業,觸發,進榜即觸發,32.7,100.0,3.0,0,32.7,-6.3,-1.5,-4.6,-5.9,,,,,36.0,9.9,-14.7,-1.3,-13.2,-5.8,,,,,2022-08
2022-08-19,6125,廣運,光電業,進榜,準備,29.84,86.0,3.0,0,,-1.9,-1.5,-20.2,-5.9,,,,,30.0,0.6,-2.5,-1.3,-20.7,-5.8,,,,,2022-08
2022-08-19,4770,上品,化學工業,進榜,準備,256.33,71.0,3.0,0,,21.4,-1.5,11.5,-5.9,,,,,255.0,-0.5,22.0,-1.3,12.0,-5.8,,,,,2022-08
2022-08-22,2753,八方雲集,觀光事業,進榜,準備,133.8,87.0,1.0,0,,4.7,-1.1,8.2,-6.3,,,,,132.6,-0.9,5.6,-0.9,9.2,-6.1,,,,,2022-08
2022-08-22,2534,宏盛,建材營造,進榜,準備,19.99,71.0,1.0,0,,0.4,-1.1,-1.4,-6.3,,,,,19.8,-0.8,1.2,-0.9,-0.6,-6.1,,,,,2022-08
2022-08-22,4162,智擎,生技醫療業,觸發,等待後觸發,98.88,96.0,3.0,4,87.32,10.4,-1.1,10.4,-6.3,,,,,102.3,3.5,6.7,-0.9,6.7,-6.1,,,,,2022-08
2022-08-22,6715,嘉基,電子工業,移出,掉出掃描母體,133.6,87.0,,33,,,,,,,,,,,,,,,,,,,,2022-08
2022-08-23,2534,宏盛,建材營造,移出,掉出掃描母體,19.99,71.0,,1,,,,,,,,,,,,,,,,,,,,2022-08
2022-08-23,2364,倫飛,電子工業,移出,離高點太遠,46.14,100.0,,33,,,,,,,,,,,,,,,,,,,,2022-08
2022-08-23,6217,中探針,電子零組件業,移出,掉出掃描母體,54.56,78.0,,27,,,,,,,,,,,,,,,,,,,,2022-08
2022-08-23,2305,全友,電子工業,移出,離高點太遠,29.3,99.0,,4,,,,,,,,,,,,,,,,,,,,2022-08
2022-08-24,3207,耀勝,電子零組件業,進榜,觸發,42.82,97.0,4.0,0,,1.8,-1.8,12.7,-5.8,,,,,46.2,8.0,-5.7,-2.1,4.4,-6.1,,,,,2022-08
2022-08-24,3207,耀勝,電子零組件業,觸發,進榜即觸發,42.82,97.0,4.0,0,42.82,1.8,-1.8,12.7,-5.8,,,,,46.2,8.0,-5.7,-2.1,4.4,-6.1,,,,,2022-08
2022-08-24,5258,虹堡,電子工業,進榜,觸發,61.52,97.0,5.0,0,,-6.8,-1.8,-4.2,-5.8,,,,,63.1,2.5,-9.1,-2.1,-6.6,-6.1,,,,,2022-08
2022-08-24,5258,虹堡,電子工業,觸發,進榜即觸發,61.52,97.0,5.0,0,61.52,-6.8,-1.8,-4.2,-5.8,,,,,63.1,2.5,-9.1,-2.1,-6.6,-6.1,,,,,2022-08
2022-08-24,6472,保瑞,生技醫療業,進榜,準備,192.1,98.0,3.0,0,,3.8,-1.8,33.7,-5.8,,,,,193.2,0.6,3.2,-2.1,33.0,-6.1,,,,,2022-08
2022-08-24,3265,台星科,半導體業,進榜,準備,42.36,90.0,3.0,0,,-18.2,-1.8,-4.2,-5.8,,,,,43.0,1.4,-19.4,-2.1,-5.5,-6.1,,,,,2022-08
2022-08-24,4426,利勤,紡織纖維,進榜,準備,31.9,88.0,2.0,0,,-18.0,-1.8,-25.4,-5.8,,,,,32.2,0.9,-18.8,-2.1,-26.1,-6.1,,,,,2022-08
2022-08-24,9802,鈺齊-KY,其他,進榜,準備,145.89,88.0,3.0,0,,1.5,-1.8,-14.5,-5.8,,,,,147.5,1.1,0.3,-2.1,-15.5,-6.1,,,,,2022-08
2022-08-24,3218,大學光,生技醫療業,進榜,準備,277.06,86.0,2.0,0,,-11.2,-1.8,-26.5,-5.8,,,,,279.4,0.8,-12.0,-2.1,-27.1,-6.1,,,,,2022-08
2022-08-24,8403,盛弘,生技醫療業,進榜,準備,28.66,85.0,3.0,0,,0.9,-1.8,-9.2,-5.8,,,,,29.0,1.3,-0.4,-2.1,-10.4,-6.1,,,,,2022-08
2022-08-25,2364,倫飛,電子工業,進榜,準備,55.29,100.0,3.0,0,,-41.4,-3.3,-7.9,-6.5,,,,,53.2,-3.8,-39.1,-3.6,-4.3,-6.8,,,,,2022-08
2022-08-25,4770,上品,化學工業,觸發,等待後觸發,316.8,87.0,3.0,6,258.08,-1.8,-3.3,-18.8,-6.5,,,,,323.4,2.1,-3.8,-3.6,-20.5,-6.8,,,,,2022-08
2022-08-25,9802,鈺齊-KY,其他,觸發,等待後觸發,154.11,90.0,3.0,1,148.77,-7.2,-3.3,-19.6,-6.5,,,,,154.5,0.3,-7.4,-3.6,-19.8,-6.8,,,,,2022-08
2022-08-26,2474,可成,電子工業,進榜,觸發,137.01,75.0,1.0,0,,-1.6,-6.4,4.0,-7.2,,,,,134.4,-1.9,0.4,-5.0,6.0,-5.6,,,,,2022-08
2022-08-26,2474,可成,電子工業,觸發,進榜即觸發,137.01,75.0,1.0,0,137.01,-1.6,-6.4,4.0,-7.2,,,,,134.4,-1.9,0.4,-5.0,6.0,-5.6,,,,,2022-08
2022-08-26,4432,銘旺實,紡織纖維,進榜,準備,29.67,99.0,2.0,0,,-27.2,-6.4,-24.7,-7.2,,,,,29.1,-1.8,-25.9,-5.0,-23.3,-5.6,,,,,2022-08
2022-08-26,4763,材料*-KY,化學工業,進榜,準備,8.35,78.0,3.0,0,,0.0,-6.4,29.7,-7.2,,,,,8.2,-2.3,2.4,-5.0,32.8,-5.6,,,,,2022-08
2022-08-26,6550,北極星藥業-KY,生技醫療業,觸發,等待後觸發,174.83,96.0,3.0,10,136.36,-0.3,-6.4,-37.1,-7.2,,,,,170.3,-2.6,2.3,-5.0,-35.5,-5.6,,,,,2022-08
2022-08-26,3703,欣陸,建材營造,移出,掉出掃描母體,23.72,79.0,,43,,,,,,,,,,,,,,,,,,,,2022-08
2022-08-29,3710,連展投控,電子零組件業,進榜,觸發,17.2,83.0,4.0,0,,-17.2,-4.8,-32.6,-5.2,,,,,17.2,0.0,-17.2,-4.9,-32.6,-5.2,,,,,2022-08
2022-08-29,3710,連展投控,電子零組件業,觸發,進榜即觸發,17.2,83.0,4.0,0,17.2,-17.2,-4.8,-32.6,-5.2,,,,,17.2,0.0,-17.2,-4.9,-32.6,-5.2,,,,,2022-08
2022-08-29,3665,貿聯-KY,其他電子業,進榜,準備,296.7,71.0,3.0,0,,-10.5,-4.8,-24.4,-5.2,,,,,300.3,1.2,-11.6,-4.9,-25.3,-5.2,,,,,2022-08
2022-08-29,4958,臻鼎-KY,電子零組件業,移出,掉出掃描母體,99.64,76.0,,24,,,,,,,,,,,,,,,,,,,,2022-08
2022-08-29,2474,可成,電子工業,移出,掉出掃描母體,137.01,75.0,,3,,,,,,,,,,,,,,,,,,,,2022-08
2022-08-30,1789,神隆,化學生技醫療,進榜,準備,27.01,81.0,1.0,0,,-17.0,-8.2,-15.0,-5.5,,,,,27.3,1.0,-17.8,-8.2,-15.9,-5.5,,,,,2022-08
2022-08-30,4726,永昕,生技醫療業,進榜,準備,50.0,81.0,2.0,0,,-25.4,-8.2,-24.8,-5.5,,,,,50.1,0.2,-25.5,-8.2,-25.0,-5.5,,,,,2022-08
2022-08-30,2474,可成,電子工業,進榜,準備,137.01,78.0,1.0,0,,-1.6,-8.2,4.5,-5.5,,,,,134.8,-1.6,0.1,-8.2,6.3,-5.5,,,,,2022-08
2022-08-31,3432,台端,電子工業,進榜,準備,52.23,98.0,3.0,0,,-31.2,-7.7,-24.4,-6.4,,,,,51.4,-1.6,-30.0,-7.2,-23.2,-6.1,,,,,2022-08
2022-08-31,6190,萬泰科,通信網路業,進榜,準備,35.61,77.0,2.0,0,,-19.6,-7.7,-24.0,-6.4,,,,,35.7,0.2,-19.8,-7.2,-24.2,-6.1,,,,,2022-08
2022-08-31,6125,廣運,光電業,觸發,等待後觸發,31.2,86.0,3.0,12,30.31,-17.5,-7.7,-24.3,-6.4,,,,,31.3,0.3,-17.8,-7.2,-24.5,-6.1,,,,,2022-08
2022-08-31,1789,神隆,化學生技醫療,移出,掉出掃描母體,27.01,81.0,,1,,,,,,,,,,,,,,,,,,,,2022-08
2022-09-01,1319,東陽,汽車工業,進榜,準備,45.68,94.0,2.0,0,,-11.7,-6.9,-16.6,-5.5,,,,,46.6,2.0,-13.4,-7.2,-18.3,-5.7,,,,,2022-09
2022-09-01,2534,宏盛,建材營造,進榜,準備,20.19,71.0,1.0,0,,-4.6,-6.9,-0.8,-5.5,,,,,20.2,0.0,-4.6,-7.2,-0.8,-5.7,,,,,2022-09
2022-09-01,4543,萬在,電機機械,移出,晚期未觸發,25.86,91.0,,17,,,,,,,,,,,,,,,,,,,,2022-09
2022-09-01,4432,銘旺實,紡織纖維,移出,離高點太遠,25.28,97.0,,6,,,,,,,,,,,,,,,,,,,,2022-09
2022-09-02,1789,神隆,化學生技醫療,進榜,準備,27.53,80.0,1.0,0,,-16.0,-7.2,-17.8,-4.8,,,,,27.9,1.2,-16.9,-7.5,-18.8,-5.1,,,,,2022-09
2022-09-02,6605,帝寶,汽車工業,移出,逾期,69.98,86.0,,56,,,,,,,,,,,,,,,,,,,,2022-09
2022-09-02,2474,可成,電子工業,移出,掉出掃描母體,137.38,76.0,,3,,,,,,,,,,,,,,,,,,,,2022-09
2022-09-02,2534,宏盛,建材營造,移出,掉出掃描母體,20.19,71.0,,1,,,,,,,,,,,,,,,,,,,,2022-09
2022-09-02,3209,全科,電子工業,移出,掉出掃描母體,27.22,74.0,,46,,,,,,,,,,,,,,,,,,,,2022-09
2022-09-02,3205,佰研,生技醫療業,移出,離高點太遠,66.7,100.0,,38,,,,,,,,,,,,,,,,,,,,2022-09
2022-09-02,6133,金橋,電子零組件業,移出,離高點太遠,25.47,99.0,,15,,,,,,,,,,,,,,,,,,,,2022-09
2022-09-02,6472,保瑞,生技醫療業,移出,晚期未觸發,185.04,98.0,,9,,,,,,,,,,,,,,,,,,,,2022-09
2022-09-02,5258,虹堡,電子工業,移出,離高點太遠,62.21,94.0,,9,,,,,,,,,,,,,,,,,,,,2022-09
2022-09-02,2364,倫飛,電子工業,移出,離高點太遠,55.91,100.0,,8,,,,,,,,,,,,,,,,,,,,2022-09
2022-09-02,3432,台端,電子工業,移出,晚期未觸發,47.24,97.0,,2,,,,,,,,,,,,,,,,,,,,2022-09
2022-09-05,8933,愛地雅,其他,進榜,準備,20.2,94.0,1.0,0,,-2.4,-5.3,-10.0,-3.1,,,,,19.3,-4.4,2.0,-5.6,-5.9,-3.4,,,,,2022-09
2022-09-05,3703,欣陸,建材營造,進榜,準備,26.13,86.0,2.0,0,,-8.0,-5.3,-8.3,-3.1,,,,,26.6,1.8,-9.6,-5.6,-9.9,-3.4,,,,,2022-09
2022-09-05,4157,太景*-KY,生技醫療業,進榜,準備,19.5,77.0,1.0,0,,-21.0,-5.3,-18.2,-3.1,,,,,19.6,0.8,-21.6,-5.6,-18.8,-3.4,,,,,2022-09
2022-09-05,1789,神隆,化學生技醫療,移出,掉出掃描母體,27.53,80.0,,3,,,,,,,,,,,,,,,,,,,,2022-09
2022-09-05,4979,華星光,通信網路業,移出,離高點太遠,33.29,98.0,,42,,,,,,,,,,,,,,,,,,,,2022-09
2022-09-05,1522,堤維西,汽車工業,移出,掉出掃描母體,24.98,89.0,,27,,,,,,,,,,,,,,,,,,,,2022-09
2022-09-05,1539,巨庭,電機機械,移出,離高點太遠,35.61,98.0,,21,,,,,,,,,,,,,,,,,,,,2022-09
2022-09-05,3520,華盈,電子零組件業,移出,離高點太遠,22.15,89.0,,20,,,,,,,,,,,,,,,,,,,,2022-09
2022-09-05,3265,台星科,半導體業,移出,掉出掃描母體,40.3,85.0,,12,,,,,,,,,,,,,,,,,,,,2022-09
2022-09-05,3665,貿聯-KY,其他電子業,移出,掉出掃描母體,298.97,73.0,,7,,,,,,,,,,,,,,,,,,,,2022-09
2022-09-05,3710,連展投控,電子零組件業,移出,掉出掃描母體,16.6,77.0,,7,,,,,,,,,,,,,,,,,,,,2022-09
2022-09-06,8028,昇陽半導體,半導體業,移出,離高點太遠,59.47,82.0,,53,,,,,,,,,,,,,,,,,,,,2022-09
2022-09-06,2206,三陽工業,汽車工業,移出,掉出掃描母體,30.88,82.0,,53,,,,,,,,,,,,,,,,,,,,2022-09
2022-09-06,6245,立端,通信網路業,移出,掉出掃描母體,52.81,81.0,,39,,,,,,,,,,,,,,,,,,,,2022-09
2022-09-06,6442,光聖,通信網路業,移出,離高點太遠,53.23,95.0,,32,,,,,,,,,,,,,,,,,,,,2022-09
2022-09-06,1795,美時,化學生技醫療,移出,離高點太遠,141.8,86.0,,21,,,,,,,,,,,,,,,,,,,,2022-09
2022-09-06,3207,耀勝,電子零組件業,移出,離高點太遠,40.31,95.0,,13,,,,,,,,,,,,,,,,,,,,2022-09
2022-09-06,4726,永昕,生技醫療業,移出,離高點太遠,44.95,75.0,,7,,,,,,,,,,,,,,,,,,,,2022-09
2022-09-06,6190,萬泰科,通信網路業,移出,離高點太遠,32.8,73.0,,6,,,,,,,,,,,,,,,,,,,,2022-09
2022-09-07,3163,波若威,通信網路業,移出,離高點太遠,42.61,82.0,,33,,,,,,,,,,,,,,,,,,,,2022-09
2022-09-07,6550,北極星藥業-KY,生技醫療業,移出,離高點太遠,176.82,97.0,,22,,,,,,,,,,,,,,,,,,,,2022-09
2022-09-07,8478,東哥遊艇,其他,移出,離高點太遠,246.4,98.0,,21,,,,,,,,,,,,,,,,,,,,2022-09
2022-09-07,6461,益得,生技醫療業,移出,離高點太遠,35.13,98.0,,20,,,,,,,,,,,,,,,,,,,,2022-09
2022-09-07,4426,利勤,紡織纖維,移出,掉出掃描母體,30.2,87.0,,14,,,,,,,,,,,,,,,,,,,,2022-09
2022-09-07,3218,大學光,生技醫療業,移出,掉出掃描母體,253.83,79.0,,14,,,,,,,,,,,,,,,,,,,,2022-09
2022-09-07,4157,太景*-KY,生技醫療業,移出,掉出掃描母體,18.45,71.0,,2,,,,,,,,,,,,,,,,,,,,2022-09
2022-09-08,3454,晶睿,光電業,進榜,觸發,118.26,96.0,1.0,0,,0.0,-4.7,65.6,-1.3,,,,,123.8,4.7,-4.5,-5.4,58.2,-1.9,,,,,2022-09
2022-09-08,3454,晶睿,光電業,觸發,進榜即觸發,118.26,96.0,1.0,0,118.26,0.0,-4.7,65.6,-1.3,,,,,123.8,4.7,-4.5,-5.4,58.2,-1.9,,,,,2022-09
2022-09-08,6768,志強-KY,其他,進榜,觸發,73.69,86.0,3.0,0,,-17.5,-4.7,-11.9,-1.3,,,,,74.2,0.6,-18.0,-5.4,-12.5,-1.9,,,,,2022-09
2022-09-08,6768,志強-KY,其他,觸發,進榜即觸發,73.69,86.0,3.0,0,73.69,-17.5,-4.7,-11.9,-1.3,,,,,74.2,0.6,-18.0,-5.4,-12.5,-1.9,,,,,2022-09
2022-09-08,6715,嘉基,電子工業,進榜,準備,139.37,89.0,3.0,0,,-9.9,-4.7,-15.0,-1.3,,,,,143.4,2.9,-12.4,-5.4,-17.3,-1.9,,,,,2022-09
2022-09-12,8222,寶一,電機機械,進榜,觸發,24.84,96.0,5.0,0,,-15.8,-8.1,23.4,-2.9,,,,,26.2,5.5,-20.2,-8.4,17.0,-3.2,,,,,2022-09
2022-09-12,8222,寶一,電機機械,觸發,進榜即觸發,24.84,96.0,5.0,0,24.84,-15.8,-8.1,23.4,-2.9,,,,,26.2,5.5,-20.2,-8.4,17.0,-3.2,,,,,2022-09
2022-09-12,3521,鴻翊,電腦及週邊設備業,進榜,準備,27.4,98.0,1.0,0,,-7.1,-8.1,-13.7,-2.9,,,,,27.2,-0.7,-6.4,-8.4,-13.1,-3.2,,,,,2022-09
2022-09-12,2206,三陽工業,汽車工業,進榜,準備,31.31,82.0,1.0,0,,4.1,-8.1,0.1,-2.9,,,,,31.4,0.3,3.8,-8.4,-0.1,-3.2,,,,,2022-09
2022-09-12,4958,臻鼎-KY,電子零組件業,進榜,準備,101.39,76.0,1.0,0,,-9.1,-8.1,9.5,-2.9,,,,,102.3,0.9,-9.8,-8.4,8.5,-3.2,,,,,2022-09
2022-09-12,8933,愛地雅,其他,觸發,等待後觸發,21.38,96.0,1.0,7,20.54,-8.5,-8.1,-16.4,-2.9,,,,,22.2,3.9,-12.0,-8.4,-19.6,-3.2,,,,,2022-09
2022-09-12,4915,致伸,電子零組件業,移出,逾期,56.11,84.0,,56,,,,,,,,,,,,,,,,,,,,2022-09
2022-09-12,9933,中鼎,其他,移出,掉出掃描母體,38.64,73.0,,34,,,,,,,,,,,,,,,,,,,,2022-09
2022-09-13,4114,健喬,生技醫療業,進榜,準備,25.32,95.0,2.0,0,,-12.2,-8.5,14.2,-3.6,,,,,24.8,-2.2,-10.2,-7.2,16.7,-2.3,,,,,2022-09
2022-09-13,8916,光隆,其他,進榜,準備,46.6,91.0,0.0,0,,-8.0,-8.5,-2.8,-3.6,,,,,45.6,-2.1,-6.0,-7.2,-0.7,-2.3,,,,,2022-09
2022-09-13,3289,宜特,其他電子類,進榜,準備,60.95,88.0,2.0,0,,-9.5,-8.5,14.0,-3.6,,,,,59.9,-1.7,-7.9,-7.2,16.0,-2.3,,,,,2022-09
2022-09-13,6245,立端,通信網路業,進榜,準備,56.44,82.0,2.0,0,,-16.4,-8.5,45.7,-3.6,,,,,55.4,-1.8,-14.8,-7.2,48.4,-2.3,,,,,2022-09
2022-09-13,6220,岳豐,電子零組件業,觸發,等待後觸發,27.53,88.0,1.0,26,25.89,-21.3,-8.5,-23.7,-3.6,,,,,27.2,-1.3,-20.2,-7.2,-22.7,-2.3,,,,,2022-09
2022-09-13,2834,臺企銀,金融保險,移出,掉出掃描母體,9.35,71.0,,34,,,,,,,,,,,,,,,,,,,,2022-09
2022-09-13,6782,視陽,生技醫療業,移出,掉出掃描母體,269.54,90.0,,27,,,,,,,,,,,,,,,,,,,,2022-09
2022-09-14,4503,金雨,電機機械,進榜,準備,41.06,84.0,3.0,0,,-25.8,-11.4,-18.6,-3.1,,,,,43.5,6.0,-30.0,-11.6,-23.2,-3.2,,,,,2022-09
2022-09-15,2838,聯邦銀,金融保險,進榜,準備,12.37,77.0,2.0,0,,-12.9,-9.7,-3.3,-3.2,,,,,12.3,-0.9,-12.1,-9.3,-2.4,-2.8,,,,,2022-09
2022-09-15,2474,可成,電子工業,進榜,準備,137.26,74.0,1.0,0,,-0.6,-9.7,0.3,-3.2,,,,,136.1,-0.9,0.3,-9.3,1.2,-2.8,,,,,2022-09
2022-09-15,9939,宏全,其他,進榜,準備,69.89,70.0,2.0,0,,-1.7,-9.7,0.2,-3.2,,,,,69.7,-0.2,-1.4,-9.3,0.5,-2.8,,,,,2022-09
2022-09-15,2634,漢翔,航運業,移出,掉出掃描母體,33.6,73.0,,50,,,,,,,,,,,,,,,,,,,,2022-09
2022-09-15,5388,中磊,電子工業,移出,掉出掃描母體,79.92,73.0,,69,,,,,,,,,,,,,,,,,,,,2022-09
2022-09-15,6715,嘉基,電子工業,移出,掉出掃描母體,135.37,86.0,,7,,,,,,,,,,,,,,,,,,,,2022-09
2022-09-16,4958,臻鼎-KY,電子零組件業,移出,掉出掃描母體,102.27,74.0,,4,,,,,,,,,,,,,,,,,,,,2022-09
2022-09-16,4503,金雨,電機機械,移出,晚期未觸發,39.39,85.0,,2,,,,,,,,,,,,,,,,,,,,2022-09
2022-09-19,1712,興農,化學工業,移出,離高點太遠,30.59,82.0,,39,,,,,,,,,,,,,,,,,,,,2022-09
2022-09-19,3521,鴻翊,電腦及週邊設備業,移出,離高點太遠,25.05,98.0,,7,,,,,,,,,,,,,,,,,,,,2022-09
2022-09-20,1519,華城,電機機械,進榜,準備,31.16,76.0,1.0,0,,-6.6,-8.9,13.2,-1.6,,,,,31.2,0.2,-6.8,-8.8,13.0,-1.5,,,,,2022-09
2022-09-20,2707,晶華,觀光事業,進榜,準備,148.72,76.0,2.0,0,,-2.5,-8.9,37.6,-1.6,,,,,151.1,1.6,-4.0,-8.8,35.4,-1.5,,,,,2022-09
2022-09-20,3022,威強電,電子工業,移出,掉出掃描母體,58.0,95.0,,47,,,,,,,,,,,,,,,,,,,,2022-09
2022-09-20,2838,聯邦銀,金融保險,移出,掉出掃描母體,11.7,74.0,,5,,,,,,,,,,,,,,,,,,,,2022-09
2022-09-21,9933,中鼎,其他,進榜,準備,39.52,71.0,3.0,0,,-6.7,-8.9,-12.4,-0.9,,,,,39.4,-0.2,-6.6,-8.6,-12.2,-0.4,,,,,2022-09
2022-09-21,2474,可成,電子工業,移出,掉出掃描母體,139.64,78.0,,6,,,,,,,,,,,,,,,,,,,,2022-09
2022-09-22,4979,華星光,通信網路業,進榜,準備,38.68,99.0,2.0,0,,-27.1,-9.4,26.9,-1.6,,,,,39.0,0.7,-27.7,-9.5,25.9,-1.6,,,,,2022-09
2022-09-22,6279,胡連,電子零組件業,進榜,準備,150.43,92.0,3.0,0,,-18.8,-9.4,-13.0,-1.6,,,,,150.8,0.3,-19.0,-9.5,-13.2,-1.6,,,,,2022-09
2022-09-22,4536,拓凱,其他,進榜,準備,142.48,88.0,1.0,0,,-8.5,-9.4,9.6,-1.6,,,,,142.5,0.0,-8.5,-9.5,9.6,-1.6,,,,,2022-09
2022-09-22,8933,愛地雅,其他,移出,離高點太遠,20.89,96.0,,17,,,,,,,,,,,,,,,,,,,,2022-09
2022-09-23,8050,廣積,電腦及週邊設備業,移出,掉出掃描母體,65.19,97.0,,88,,,,,,,,,,,,,,,,,,,,2022-09
2022-09-23,8114,振樺電,電子工業,移出,掉出掃描母體,132.82,93.0,,80,,,,,,,,,,,,,,,,,,,,2022-09
2022-09-23,6125,廣運,光電業,移出,掉出掃描母體,29.47,80.0,,35,,,,,,,,,,,,,,,,,,,,2022-09
2022-09-23,9802,鈺齊-KY,其他,移出,掉出掃描母體,148.05,86.0,,30,,,,,,,,,,,,,,,,,,,,2022-09
2022-09-23,8403,盛弘,生技醫療業,移出,掉出掃描母體,28.92,85.0,,30,,,,,,,,,,,,,,,,,,,,2022-09
2022-09-23,6768,志強-KY,其他,移出,離高點太遠,66.48,80.0,,15,,,,,,,,,,,,,,,,,,,,2022-09
2022-09-23,6245,立端,通信網路業,移出,掉出掃描母體,56.29,84.0,,10,,,,,,,,,,,,,,,,,,,,2022-09
2022-09-26,2834,臺企銀,金融保險,進榜,準備,9.35,74.0,1.0,0,,-4.7,-5.7,2.4,0.0,,,,,9.3,-0.4,-4.3,-5.9,2.8,0.0,,,,,2022-09
2022-09-26,1513,中興電,電機機械,移出,掉出掃描母體,57.28,83.0,,94,,,,,,,,,,,,,,,,,,,,2022-09
2022-09-26,9907,統一實,其他,移出,掉出掃描母體,15.21,82.0,,61,,,,,,,,,,,,,,,,,,,,2022-09
2022-09-26,8996,高力,電機機械,移出,離高點太遠,99.09,96.0,,59,,,,,,,,,,,,,,,,,,,,2022-09
2022-09-26,1524,耿鼎,汽車工業,移出,掉出掃描母體,22.46,99.0,,59,,,,,,,,,,,,,,,,,,,,2022-09
2022-09-26,8069,元太,光電業,移出,掉出掃描母體,206.36,84.0,,49,,,,,,,,,,,,,,,,,,,,2022-09
2022-09-26,4908,前鼎,通信網路業,移出,掉出掃描母體,33.31,73.0,,48,,,,,,,,,,,,,,,,,,,,2022-09
2022-09-26,3047,訊舟,通信網路業,移出,掉出掃描母體,15.93,91.0,,47,,,,,,,,,,,,,,,,,,,,2022-09
2022-09-26,6469,大樹,生技醫療業,移出,掉出掃描母體,149.14,82.0,,42,,,,,,,,,,,,,,,,,,,,2022-09
2022-09-26,4763,材料*-KY,化學工業,移出,晚期未觸發,8.35,87.0,,31,,,,,,,,,,,,,,,,,,,,2022-09
2022-09-26,1319,東陽,汽車工業,移出,掉出掃描母體,44.26,94.0,,25,,,,,,,,,,,,,,,,,,,,2022-09
2022-09-26,8222,寶一,電機機械,移出,離高點太遠,25.08,97.0,,14,,,,,,,,,,,,,,,,,,,,2022-09
2022-09-26,1519,華城,電機機械,移出,掉出掃描母體,31.67,78.0,,6,,,,,,,,,,,,,,,,,,,,2022-09
2022-09-26,4536,拓凱,其他,移出,掉出掃描母體,133.6,87.0,,4,,,,,,,,,,,,,,,,,,,,2022-09
2022-09-27,2753,八方雲集,觀光事業,觸發,等待後觸發,149.54,91.0,1.0,36,137.74,-10.0,-6.5,3.6,0.0,,,,,147.2,-1.6,-8.6,-6.4,5.2,0.0,,,,,2022-09
2022-09-27,2834,臺企銀,金融保險,移出,掉出掃描母體,9.35,74.0,,1,,,,,,,,,,,,,,,,,,,,2022-09
2022-09-28,5353,台林,通信網路業,移出,離高點太遠,30.29,99.0,,43,,,,,,,,,,,,,,,,,,,,2022-09
2022-09-28,6220,岳豐,電子零組件業,移出,離高點太遠,24.41,92.0,,41,,,,,,,,,,,,,,,,,,,,2022-09
2022-09-28,4162,智擎,生技醫療業,移出,離高點太遠,97.59,89.0,,41,,,,,,,,,,,,,,,,,,,,2022-09
2022-09-28,3703,欣陸,建材營造,移出,掉出掃描母體,24.69,82.0,,23,,,,,,,,,,,,,,,,,,,,2022-09
2022-09-28,4114,健喬,生技醫療業,移出,掉出掃描母體,23.11,93.0,,15,,,,,,,,,,,,,,,,,,,,2022-09
2022-09-28,4979,華星光,通信網路業,移出,掉出掃描母體,35.84,99.0,,6,,,,,,,,,,,,,,,,,,,,2022-09
2022-09-28,6279,胡連,電子零組件業,移出,晚期未觸發,132.56,92.0,,6,,,,,,,,,,,,,,,,,,,,2022-09
2022-09-29,2732,六角,觀光事業,進榜,準備,111.44,93.0,1.0,0,,-25.6,-4.4,-5.3,2.0,,,,,111.4,0.0,-25.6,-3.4,-5.3,3.3,,,,,2022-09
2022-09-29,2834,臺企銀,金融保險,進榜,準備,9.32,71.0,1.0,0,,-5.5,-4.4,2.0,2.0,,,,,9.2,-1.2,-4.4,-3.4,3.2,3.3,,,,,2022-09
2022-09-29,4770,上品,化學工業,移出,離高點太遠,290.07,92.0,,41,,,,,,,,,,,,,,,,,,,,2022-09
2022-09-30,2474,可成,電子工業,進榜,準備,136.86,83.0,1.0,0,,-1.7,-4.0,-1.7,1.8,,,,,136.5,-0.3,-1.5,-3.3,-1.5,2.6,,,,,2022-09
2022-09-30,2834,臺企銀,金融保險,移出,掉出掃描母體,9.32,71.0,,1,,,,,,,,,,,,,,,,,,,,2022-09
2022-09-30,9933,中鼎,其他,移出,掉出掃描母體,37.75,70.0,,9,,,,,,,,,,,,,,,,,,,,2022-09
2022-10-03,2331,精英,電子工業,進榜,準備,24.0,92.0,1.0,0,,-19.2,-3.0,-18.5,2.3,,,,,24.2,0.8,-19.8,-4.0,-19.1,1.4,,,,,2022-10
2022-10-03,2474,可成,電子工業,移出,掉出掃描母體,136.86,83.0,,3,,,,,,,,,,,,,,,,,,,,2022-10
2022-10-03,2206,三陽工業,汽車工業,移出,掉出掃描母體,32.63,88.0,,21,,,,,,,,,,,,,,,,,,,,2022-10
2022-10-03,8916,光隆,其他,移出,離高點太遠,39.62,91.0,,20,,,,,,,,,,,,,,,,,,,,2022-10
2022-10-04,1736,喬山,化學生技醫療,進榜,準備,74.78,94.0,1.0,0,,-10.9,-3.6,-13.4,0.2,,,,,76.4,2.1,-12.7,-4.1,-15.2,0.0,,,,,2022-10
2022-10-05,8996,高力,電機機械,進榜,觸發,122.67,99.0,5.0,0,,-5.1,-3.5,40.8,0.2,,,,,125.1,2.0,-6.9,-3.8,38.1,0.2,,,,,2022-10
2022-10-05,8996,高力,電機機械,觸發,進榜即觸發,122.67,99.0,5.0,0,122.67,-5.1,-3.5,40.8,0.2,,,,,125.1,2.0,-6.9,-3.8,38.1,0.2,,,,,2022-10
2022-10-06,2540,愛山林,建材營造,進榜,準備,28.39,91.0,3.0,0,,-22.2,-3.2,-23.8,0.3,,,,,28.0,-1.4,-21.1,-2.9,-22.7,0.5,,,,,2022-10
2022-10-06,6285,啟碁,通信網路業,進榜,準備,74.75,84.0,3.0,0,,-4.3,-3.2,-10.4,0.3,,,,,74.5,-0.3,-4.0,-2.9,-10.1,0.5,,,,,2022-10
2022-10-06,2474,可成,電子工業,進榜,準備,138.05,81.0,1.0,0,,-1.7,-3.2,-2.9,0.3,,,,,137.7,-0.3,-1.4,-2.9,-2.6,0.5,,,,,2022-10
2022-10-07,6617,共信-KY,生技醫療業,進榜,觸發,429.5,96.0,4.0,0,,-8.8,-2.1,,,,,,,421.0,-2.0,-7.0,-0.8,,,,,,,2022-10
2022-10-07,6617,共信-KY,生技醫療業,觸發,進榜即觸發,429.5,96.0,4.0,0,429.5,-8.8,-2.1,,,,,,,421.0,-2.0,-7.0,-0.8,,,,,,,2022-10
2022-10-07,3454,晶睿,光電業,移出,離高點太遠,118.26,97.0,,29,,,,,,,,,,,,,,,,,,,,2022-10
2022-10-11,2474,可成,電子工業,移出,掉出掃描母體,136.86,81.0,,5,,,,,,,,,,,,,,,,,,,,2022-10
2022-10-11,2331,精英,電子工業,移出,掉出掃描母體,23.26,86.0,,8,,,,,,,,,,,,,,,,,,,,2022-10
2022-10-12,2834,臺企銀,金融保險,進榜,準備,9.39,71.0,1.0,0,,-2.4,0.9,,,,,,,9.4,0.0,-2.4,1.1,,,,,,,2022-10
2022-10-12,3289,宜特,其他電子類,移出,掉出掃描母體,60.0,94.0,,29,,,,,,,,,,,,,,,,,,,,2022-10
2022-10-13,2834,臺企銀,金融保險,移出,掉出掃描母體,9.39,71.0,,1,,,,,,,,,,,,,,,,,,,,2022-10
2022-10-13,2732,六角,觀光事業,移出,離高點太遠,94.26,84.0,,14,,,,,,,,,,,,,,,,,,,,2022-10
2022-10-13,8996,高力,電機機械,移出,離高點太遠,111.12,100.0,,8,,,,,,,,,,,,,,,,,,,,2022-10
2022-10-13,6617,共信-KY,生技醫療業,移出,掉出掃描母體,416.5,97.0,,6,,,,,,,,,,,,,,,,,,,,2022-10
2022-10-18,3289,宜特,其他電子類,進榜,準備,66.04,96.0,3.0,0,,2.9,3.3,,,,,,,66.1,0.1,2.7,3.3,,,,,,,2022-10
2022-10-19,2468,華經,資訊服務業,進榜,觸發,20.14,99.0,2.0,0,,25.5,3.1,,,,,,,21.6,7.4,16.8,3.8,,,,,,,2022-10
2022-10-19,2468,華經,資訊服務業,觸發,進榜即觸發,20.14,99.0,2.0,0,20.14,25.5,3.1,,,,,,,21.6,7.4,16.8,3.8,,,,,,,2022-10
2022-10-19,9939,宏全,其他,移出,掉出掃描母體,66.87,80.0,,34,,,,,,,,,,,,,,,,,,,,2022-10
2022-10-21,2753,八方雲集,觀光事業,移出,掉出掃描母體,139.71,94.0,,60,,,,,,,,,,,,,,,,,,,,2022-10
2022-10-21,6285,啟碁,通信網路業,移出,掉出掃描母體,72.62,88.0,,15,,,,,,,,,,,,,,,,,,,,2022-10
2022-10-21,2468,華經,資訊服務業,移出,離高點太遠,18.24,98.0,,2,,,,,,,,,,,,,,,,,,,,2022-10
2022-10-24,2707,晶華,觀光事業,移出,掉出掃描母體,147.1,83.0,,34,,,,,,,,,,,,,,,,,,,,2022-10
2022-10-26,8033,雷虎,其他,進榜,準備,20.82,95.0,3.0,0,,99.1,6.4,,,,,,,20.4,-2.3,103.7,6.1,,,,,,,2022-10
2022-10-27,4536,拓凱,其他,進榜,準備,139.25,95.0,2.0,0,,1.2,5.7,,,,,,,137.2,-1.4,2.6,6.1,,,,,,,2022-10
2022-10-27,9939,宏全,其他,進榜,準備,71.41,88.0,2.0,0,,-3.1,5.7,,,,,,,71.5,0.1,-3.2,6.1,,,,,,,2022-10
2022-10-27,9933,中鼎,其他,進榜,準備,38.27,79.0,3.0,0,,-15.1,5.7,,,,,,,38.2,-0.1,-15.0,6.1,,,,,,,2022-10
2022-10-28,2540,愛山林,建材營造,移出,離高點太遠,24.67,90.0,,22,,,,,,,,,,,,,,,,,,,,2022-10
2022-10-31,8916,光隆,其他,進榜,準備,45.69,97.0,1.0,0,,-6.0,6.1,,,,,,,45.5,-0.5,-5.5,5.9,,,,,,,2022-10
2022-11-01,3454,晶睿,光電業,進榜,觸發,135.81,99.0,2.0,0,,37.1,5.8,,,,,,,138.6,2.0,34.3,5.7,,,,,,,2022-11
2022-11-01,3454,晶睿,光電業,觸發,進榜即觸發,135.81,99.0,2.0,0,135.81,37.1,5.8,,,,,,,138.6,2.0,34.3,5.7,,,,,,,2022-11
2022-11-01,8033,雷虎,其他,觸發,等待後觸發,21.39,92.0,3.0,6,20.97,89.2,5.8,,,,,,,22.3,4.4,81.2,5.7,,,,,,,2022-11
2022-11-02,2468,華經,資訊服務業,進榜,準備,22.09,99.0,2.0,0,,18.5,6.0,,,,,,,22.7,2.9,15.2,6.8,,,,,,,2022-11
2022-11-03,9942,茂順,其他,進榜,準備,90.52,93.0,3.0,0,,-3.1,6.5,,,,,,,90.5,0.0,-3.1,6.6,,,,,,,2022-11
2022-11-03,2206,三陽工業,汽車工業,進榜,準備,32.88,90.0,2.0,0,,-5.8,6.5,,,,,,,32.6,-0.8,-5.1,6.6,,,,,,,2022-11
2022-11-03,2474,可成,電子工業,進榜,準備,136.86,83.0,1.0,0,,2.6,6.5,,,,,,,137.7,0.6,2.0,6.6,,,,,,,2022-11
2022-11-03,9933,中鼎,其他,移出,掉出掃描母體,38.31,75.0,,7,,,,,,,,,,,,,,,,,,,,2022-11
2022-11-03,1736,喬山,化學生技醫療,移出,掉出掃描母體,66.64,91.0,,30,,,,,,,,,,,,,,,,,,,,2022-11
2022-11-04,4931,新盛力,電腦及週邊設備業,進榜,觸發,50.21,97.0,5.0,0,,-3.9,6.3,,,,,,,53.3,6.2,-9.6,5.7,,,,,,,2022-11
2022-11-04,4931,新盛力,電腦及週邊設備業,觸發,進榜即觸發,50.21,97.0,5.0,0,50.21,-3.9,6.3,,,,,,,53.3,6.2,-9.6,5.7,,,,,,,2022-11
2022-11-04,4102,永日,生技醫療業,進榜,準備,26.61,95.0,2.0,0,,14.5,6.3,,,,,,,28.3,6.3,7.7,5.7,,,,,,,2022-11
2022-11-04,2413,環科,電子工業,進榜,準備,26.11,93.0,1.0,0,,6.8,6.3,,,,,,,26.4,1.3,5.5,5.7,,,,,,,2022-11
2022-11-04,3356,奇偶,光電業,進榜,準備,32.46,88.0,2.0,0,,28.9,6.3,,,,,,,34.2,5.2,22.5,5.7,,,,,,,2022-11
2022-11-04,2474,可成,電子工業,移出,掉出掃描母體,136.86,83.0,,1,,,,,,,,,,,,,,,,,,,,2022-11
2022-11-07,8996,高力,電機機械,進榜,觸發,140.46,100.0,6.0,0,,14.0,6.0,,,,,,,144.3,2.7,11.0,5.5,,,,,,,2022-11
2022-11-07,8996,高力,電機機械,觸發,進榜即觸發,140.46,100.0,6.0,0,140.46,14.0,6.0,,,,,,,144.3,2.7,11.0,5.5,,,,,,,2022-11
2022-11-07,2838,聯邦銀,金融保險,進榜,觸發,12.18,84.0,3.0,0,,-0.3,6.0,,,,,,,12.2,0.0,-0.3,5.5,,,,,,,2022-11
2022-11-07,2838,聯邦銀,金融保險,觸發,進榜即觸發,12.18,84.0,3.0,0,12.18,-0.3,6.0,,,,,,,12.2,0.0,-0.3,5.5,,,,,,,2022-11
2022-11-07,3617,碩天,其他電子業,進榜,準備,82.42,95.0,2.0,0,,13.9,6.0,,,,,,,83.2,1.0,12.7,5.5,,,,,,,2022-11
2022-11-07,2474,可成,電子工業,進榜,準備,137.66,79.0,1.0,0,,1.4,6.0,,,,,,,138.5,0.6,0.9,5.5,,,,,,,2022-11
2022-11-07,3356,奇偶,光電業,觸發,等待後觸發,35.71,92.0,2.0,3,32.91,15.8,6.0,,,,,,,38.9,8.8,6.4,5.5,,,,,,,2022-11
2022-11-07,2468,華經,資訊服務業,觸發,等待後觸發,26.31,99.0,2.0,5,22.09,9.3,6.0,,,,,,,27.2,3.4,5.7,5.5,,,,,,,2022-11
2022-11-09,6532,瑞耘,半導體業,進榜,觸發,51.67,91.0,4.0,0,,-10.4,3.0,,,,,,,51.9,0.5,-10.9,3.4,,,,,,,2022-11
2022-11-09,6532,瑞耘,半導體業,觸發,進榜即觸發,51.67,91.0,4.0,0,51.67,-10.4,3.0,,,,,,,51.9,0.5,-10.9,3.4,,,,,,,2022-11
2022-11-09,3617,碩天,其他電子業,觸發,等待後觸發,91.39,96.0,2.0,2,84.05,-4.5,3.0,,,,,,,91.4,0.0,-4.5,3.4,,,,,,,2022-11
2022-11-09,2474,可成,電子工業,觸發,等待後觸發,140.04,81.0,1.0,2,137.66,0.0,3.0,,,,,,,140.0,0.0,0.0,3.4,,,,,,,2022-11
2022-11-09,3289,宜特,其他電子類,移出,晚期未觸發,70.1,96.0,,22,,,,,,,,,,,,,,,,,,,,2022-11
2022-11-10,2206,三陽工業,汽車工業,移出,掉出掃描母體,33.1,88.0,,7,,,,,,,,,,,,,,,,,,,,2022-11
2022-11-11,6472,保瑞,生技醫療業,進榜,觸發,212.59,99.0,4.0,0,,11.1,3.4,,,,,,,213.5,0.4,10.7,3.1,,,,,,,2022-11
2022-11-11,6472,保瑞,生技醫療業,觸發,進榜即觸發,212.59,99.0,4.0,0,212.59,11.1,3.4,,,,,,,213.5,0.4,10.7,3.1,,,,,,,2022-11
2022-11-11,2753,八方雲集,觀光事業,進榜,準備,143.25,88.0,1.0,0,,19.8,3.4,,,,,,,142.1,-0.8,20.8,3.1,,,,,,,2022-11
2022-11-11,8916,光隆,其他,移出,掉出掃描母體,43.41,91.0,,11,,,,,,,,,,,,,,,,,,,,2022-11
2022-11-11,3454,晶睿,光電業,移出,離高點太遠,153.83,98.0,,10,,,,,,,,,,,,,,,,,,,,2022-11
2022-11-11,4931,新盛力,電腦及週邊設備業,移出,突破失敗,46.19,95.0,,7,,,,,,,,,,,,,,,,,,,,2022-11
2022-11-14,6143,振曜,通信網路業,進榜,觸發,55.92,91.0,4.0,0,,1.5,2.4,,,,,,,57.0,1.9,-0.4,2.4,,,,,,,2022-11
2022-11-14,6143,振曜,通信網路業,觸發,進榜即觸發,55.92,91.0,4.0,0,55.92,1.5,2.4,,,,,,,57.0,1.9,-0.4,2.4,,,,,,,2022-11
2022-11-14,2201,裕隆,汽車工業,進榜,觸發,44.2,84.0,3.0,0,,34.5,2.4,,,,,,,43.8,-0.8,35.6,2.4,,,,,,,2022-11
2022-11-14,2201,裕隆,汽車工業,觸發,進榜即觸發,44.2,84.0,3.0,0,44.2,34.5,2.4,,,,,,,43.8,-0.8,35.6,2.4,,,,,,,2022-11
2022-11-14,4958,臻鼎-KY,電子零組件業,進榜,觸發,103.14,73.0,4.0,0,,-1.7,2.4,,,,,,,103.1,0.0,-1.7,2.4,,,,,,,2022-11
2022-11-14,4958,臻鼎-KY,電子零組件業,觸發,進榜即觸發,103.14,73.0,4.0,0,103.14,-1.7,2.4,,,,,,,103.1,0.0,-1.7,2.4,,,,,,,2022-11
2022-11-14,9939,宏全,其他,移出,掉出掃描母體,68.8,79.0,,18,,,,,,,,,,,,,,,,,,,,2022-11
2022-11-16,4536,拓凱,其他,移出,掉出掃描母體,135.62,88.0,,20,,,,,,,,,,,,,,,,,,,,2022-11
2022-11-17,1760,寶齡富錦,化學生技醫療,進榜,觸發,147.59,92.0,3.0,0,,12.4,2.4,,,,,,,149.4,1.2,11.0,2.5,,,,,,,2022-11
2022-11-17,1760,寶齡富錦,化學生技醫療,觸發,進榜即觸發,147.59,92.0,3.0,0,147.59,12.4,2.4,,,,,,,149.4,1.2,11.0,2.5,,,,,,,2022-11
2022-11-17,3128,昇銳,光電業,進榜,準備,30.4,99.0,3.0,0,,26.8,2.4,,,,,,,31.7,4.4,21.4,2.5,,,,,,,2022-11
2022-11-17,3454,晶睿,光電業,進榜,準備,176.92,99.0,3.0,0,,17.0,2.4,,,,,,,178.3,0.8,16.1,2.5,,,,,,,2022-11
2022-11-17,2754,亞洲藏壽司,觀光事業,進榜,準備,124.96,98.0,3.0,0,,5.0,2.4,,,,,,,125.9,0.8,4.2,2.5,,,,,,,2022-11
2022-11-17,1442,名軒,建材營造,進榜,準備,27.82,95.0,2.0,0,,11.8,2.4,,,,,,,27.8,-0.2,12.0,2.5,,,,,,,2022-11
2022-11-17,5410,國眾,資訊服務業,進榜,準備,27.95,94.0,2.0,0,,-4.9,2.4,,,,,,,27.8,-0.6,-4.4,2.5,,,,,,,2022-11
2022-11-17,6617,共信-KY,生技醫療業,進榜,準備,414.5,91.0,3.0,0,,-18.6,2.4,,,,,,,409.3,-1.2,-17.5,2.5,,,,,,,2022-11
2022-11-17,2707,晶華,觀光事業,進榜,準備,156.82,86.0,3.0,0,,32.6,2.4,,,,,,,156.8,0.0,32.6,2.5,,,,,,,2022-11
2022-11-18,3289,宜特,其他電子類,進榜,準備,71.99,96.0,3.0,0,,-5.3,2.0,,,,,,,73.9,2.6,-7.7,1.8,,,,,,,2022-11
2022-11-18,2754,亞洲藏壽司,觀光事業,觸發,等待後觸發,137.36,98.0,3.0,1,126.87,-8.0,2.0,,,,,,,137.4,0.0,-8.0,1.8,,,,,,,2022-11
2022-11-21,4114,健喬,生技醫療業,進榜,準備,23.69,88.0,2.0,0,,40.7,1.6,,,,,,,23.8,0.5,40.0,1.6,,,,,,,2022-11
2022-11-21,2495,普安,其他電子業,進榜,準備,17.75,87.0,1.0,0,,11.9,1.6,,,,,,,18.1,2.0,9.8,1.6,,,,,,,2022-11
2022-11-21,3443,創意,半導體業,進榜,準備,707.53,87.0,3.0,0,,10.5,1.6,,,,,,,700.8,-1.0,11.5,1.6,,,,,,,2022-11
2022-11-21,2723,美食-KY,觀光事業,進榜,準備,104.52,86.0,1.0,0,,21.8,1.6,,,,,,,104.5,0.0,21.8,1.6,,,,,,,2022-11
2022-11-21,1442,名軒,建材營造,移出,掉出掃描母體,28.54,95.0,,4,,,,,,,,,,,,,,,,,,,,2022-11
2022-11-22,1442,名軒,建材營造,進榜,準備,29.21,96.0,2.0,0,,4.0,0.3,,,,,,,29.3,0.1,3.9,0.0,,,,,,,2022-11
2022-11-22,1736,喬山,化學生技醫療,進榜,準備,72.1,94.0,1.0,0,,-2.8,0.3,,,,,,,71.9,-0.3,-2.6,0.0,,,,,,,2022-11
2022-11-22,4958,臻鼎-KY,電子零組件業,移出,掉出掃描母體,104.01,70.0,,8,,,,,,,,,,,,,,,,,,,,2022-11
2022-11-23,1795,美時,化學生技醫療,進榜,觸發,200.26,95.0,4.0,0,,5.1,0.0,,,,,,,202.6,1.1,3.9,0.0,,,,,,,2022-11
2022-11-23,1795,美時,化學生技醫療,觸發,進榜即觸發,200.26,95.0,4.0,0,200.26,5.1,0.0,,,,,,,202.6,1.1,3.9,0.0,,,,,,,2022-11
2022-11-23,6589,台康生技,生技醫療業,進榜,準備,136.5,94.0,2.0,0,,-11.4,0.0,,,,,,,138.0,1.1,-12.3,0.0,,,,,,,2022-11
2022-11-23,6617,共信-KY,生技醫療業,移出,掉出掃描母體,399.5,88.0,,6,,,,,,,,,,,,,,,,,,,,2022-11
2022-11-24,2308,台達電,電子工業,進榜,準備,281.63,86.0,1.0,0,,-5.1,0.0,,,,,,,278.8,-1.0,-4.2,0.1,,,,,,,2022-11
2022-11-24,4958,臻鼎-KY,電子零組件業,進榜,準備,104.01,70.0,3.0,0,,-8.0,0.0,,,,,,,104.0,0.0,-8.0,0.1,,,,,,,2022-11
2022-11-25,4566,時碩工業,電機機械,進榜,準備,52.22,81.0,3.0,0,,-10.9,0.1,,,,,,,51.7,-1.0,-10.0,0.4,,,,,,,2022-11
2022-11-25,4958,臻鼎-KY,電子零組件業,移出,掉出掃描母體,104.01,70.0,,1,,,,,,,,,,,,,,,,,,,,2022-11
2022-11-25,8033,雷虎,其他,移出,離高點太遠,36.28,99.0,,30,,,,,,,,,,,,,,,,,,,,2022-11
2022-11-28,8222,寶一,電機機械,進榜,觸發,29.01,97.0,5.0,0,,-11.4,0.0,,,,,,,30.8,6.0,-16.4,0.2,,,,,,,2022-11
2022-11-28,8222,寶一,電機機械,觸發,進榜即觸發,29.01,97.0,5.0,0,29.01,-11.4,0.0,,,,,,,30.8,6.0,-16.4,0.2,,,,,,,2022-11
2022-11-28,4979,華星光,通信網路業,進榜,準備,37.14,97.0,3.0,0,,9.5,0.0,,,,,,,36.9,-0.6,10.2,0.2,,,,,,,2022-11
2022-11-29,3047,訊舟,通信網路業,進榜,觸發,16.58,89.0,3.0,0,,-13.1,0.0,,,,,,,16.6,0.3,-13.3,0.0,,,,,,,2022-11
2022-11-29,3047,訊舟,通信網路業,觸發,進榜即觸發,16.58,89.0,3.0,0,16.58,-13.1,0.0,,,,,,,16.6,0.3,-13.3,0.0,,,,,,,2022-11
2022-11-29,3693,營邦,電腦及週邊設備業,進榜,準備,70.84,94.0,3.0,0,,43.4,0.0,,,,,,,71.0,0.3,43.0,0.0,,,,,,,2022-11
2022-11-29,3025,星通,電子工業,進榜,準備,25.17,86.0,3.0,0,,-20.1,0.0,,,,,,,25.1,-0.2,-20.0,0.0,,,,,,,2022-11
2022-11-29,4979,華星光,通信網路業,觸發,等待後觸發,40.84,98.0,3.0,1,37.14,-1.5,0.0,,,,,,,41.4,1.3,-2.8,0.0,,,,,,,2022-11
2022-11-29,3289,宜特,其他電子類,移出,晚期未觸發,66.3,91.0,,11,,,,,,,,,,,,,,,,,,,,2022-11
2022-11-30,5704,老爺知,觀光事業,進榜,觸發,42.94,96.0,3.0,0,,5.8,-1.3,,,,,,,45.5,6.0,-0.2,-1.9,,,,,,,2022-11
2022-11-30,5704,老爺知,觀光事業,觸發,進榜即觸發,42.94,96.0,3.0,0,42.94,5.8,-1.3,,,,,,,45.5,6.0,-0.2,-1.9,,,,,,,2022-11
2022-11-30,2834,臺企銀,金融保險,進榜,觸發,9.65,72.0,1.0,0,,-1.5,-1.3,,,,,,,9.6,-0.8,-0.8,-1.9,,,,,,,2022-11
2022-11-30,2834,臺企銀,金融保險,觸發,進榜即觸發,9.65,72.0,1.0,0,9.65,-1.5,-1.3,,,,,,,9.6,-0.8,-0.8,-1.9,,,,,,,2022-11
2022-11-30,1218,泰山,食品工業,進榜,準備,40.21,93.0,3.0,0,,-30.7,-1.3,,,,,,,40.2,0.1,-30.8,-1.9,,,,,,,2022-11
2022-11-30,6269,台郡,電子工業,進榜,準備,96.36,78.0,1.0,0,,-8.2,-1.3,,,,,,,98.2,1.9,-9.9,-1.9,,,,,,,2022-11
2022-11-30,2707,晶華,觀光事業,觸發,等待後觸發,191.67,92.0,3.0,13,159.25,15.2,-1.3,,,,,,,197.8,3.2,11.7,-1.9,,,,,,,2022-11
2022-12-01,3444,利機,電子通路業,進榜,準備,68.14,94.0,3.0,0,,-23.5,-2.0,,,,,,,67.5,-1.0,-22.8,-1.9,,,,,,,2022-12
2022-12-01,3022,威強電,電子工業,進榜,準備,62.04,92.0,2.0,0,,-3.0,-2.0,,,,,,,62.4,0.5,-3.5,-1.9,,,,,,,2022-12
2022-12-01,2727,王品,觀光事業,進榜,準備,121.1,89.0,1.0,0,,-0.9,-2.0,,,,,,,122.2,0.9,-1.8,-1.9,,,,,,,2022-12
2022-12-01,6285,啟碁,通信網路業,進榜,準備,78.68,88.0,3.0,0,,-15.6,-2.0,,,,,,,78.6,-0.1,-15.5,-1.9,,,,,,,2022-12
2022-12-01,2732,六角,觀光事業,進榜,準備,104.32,85.0,2.0,0,,-1.6,-2.0,,,,,,,104.3,0.0,-1.6,-1.9,,,,,,,2022-12
2022-12-01,3454,晶睿,光電業,觸發,等待後觸發,203.71,100.0,3.0,14,182.0,-12.9,-2.0,,,,,,,210.6,3.4,-15.8,-1.9,,,,,,,2022-12
2022-12-01,2474,可成,電子工業,移出,掉出掃描母體,145.2,73.0,,24,,,,,,,,,,,,,,,,,,,,2022-12
2022-12-01,4566,時碩工業,電機機械,移出,掉出掃描母體,50.5,72.0,,6,,,,,,,,,,,,,,,,,,,,2022-12
2022-12-01,2834,臺企銀,金融保險,移出,掉出掃描母體,9.65,72.0,,1,,,,,,,,,,,,,,,,,,,,2022-12
2022-12-02,1513,中興電,電機機械,進榜,觸發,58.54,83.0,3.0,0,,3.1,-2.0,,,,,,,59.2,1.1,2.0,-2.1,,,,,,,2022-12
2022-12-02,1513,中興電,電機機械,觸發,進榜即觸發,58.54,83.0,3.0,0,58.54,3.1,-2.0,,,,,,,59.2,1.1,2.0,-2.1,,,,,,,2022-12
2022-12-02,4536,拓凱,其他,進榜,準備,143.29,87.0,2.0,0,,3.1,-2.0,,,,,,,143.7,0.3,2.8,-2.1,,,,,,,2022-12
2022-12-02,2228,劍麟,汽車工業,進榜,準備,63.86,82.0,2.0,0,,-11.7,-2.0,,,,,,,64.4,0.9,-12.4,-2.1,,,,,,,2022-12
2022-12-02,2439,美律,通信網路業,進榜,準備,73.32,73.0,1.0,0,,-11.2,-2.0,,,,,,,73.6,0.3,-11.5,-2.1,,,,,,,2022-12
2022-12-02,4958,臻鼎-KY,電子零組件業,進榜,準備,107.07,70.0,3.0,0,,-14.3,-2.0,,,,,,,107.1,0.0,-14.3,-2.1,,,,,,,2022-12
2022-12-02,6269,台郡,電子工業,觸發,等待後觸發,99.06,78.0,1.0,2,99.06,-10.9,-2.0,,,,,,,99.5,0.5,-11.3,-2.1,,,,,,,2022-12
2022-12-05,1342,八貫,其他,進榜,觸發,86.28,95.0,4.0,0,,,,,,,,,,94.6,9.6,,,,,,,,,2022-12
2022-12-05,1342,八貫,其他,觸發,進榜即觸發,86.28,95.0,4.0,0,86.28,,,,,,,,,94.6,9.6,,,,,,,,,2022-12
2022-12-05,3027,盛達,通信網路業,進榜,準備,34.46,97.0,3.0,0,,,,,,,,,,33.9,-1.7,,,,,,,,,2022-12
2022-12-05,4977,眾達-KY,電子工業,進榜,準備,100.3,87.0,2.0,0,,,,,,,,,,98.6,-1.7,,,,,,,,,2022-12
2022-12-05,2066,世德,電機機械,進榜,準備,70.92,86.0,3.0,0,,,,,,,,,,72.1,1.7,,,,,,,,,2022-12
2022-12-05,9939,宏全,其他,進榜,準備,70.06,74.0,1.0,0,,,,,,,,,,69.7,-0.5,,,,,,,,,2022-12
2022-12-05,4551,智伸科,汽車工業,進榜,準備,143.66,72.0,1.0,0,,,,,,,,,,143.7,0.0,,,,,,,,,2022-12
2022-12-05,2439,美律,通信網路業,移出,掉出掃描母體,73.32,73.0,,3,,,,,,,,,,,,,,,,,,,,2022-12
2022-12-05,1218,泰山,食品工業,移出,晚期未觸發,35.54,87.0,,5,,,,,,,,,,,,,,,,,,,,2022-12
2022-12-06,8916,光隆,其他,進榜,準備,45.69,89.0,1.0,0,,,,,,,,,,45.8,0.2,,,,,,,,,2022-12
2022-12-06,3293,鈊象,文化創意業,進榜,準備,169.64,74.0,1.0,0,,,,,,,,,,169.9,0.1,,,,,,,,,2022-12
2022-12-06,4114,健喬,生技醫療業,觸發,等待後觸發,26.28,92.0,2.0,15,23.98,,,,,,,,,26.7,1.5,,,,,,,,,2022-12
2022-12-06,4551,智伸科,汽車工業,移出,掉出掃描母體,143.66,72.0,,1,,,,,,,,,,,,,,,,,,,,2022-12
2022-12-07,3293,鈊象,文化創意業,移出,掉出掃描母體,169.64,74.0,,1,,,,,,,,,,,,,,,,,,,,2022-12
2022-12-07,6532,瑞耘,半導體業,移出,掉出掃描母體,49.36,78.0,,28,,,,,,,,,,,,,,,,,,,,2022-12
2022-12-07,6472,保瑞,生技醫療業,移出,離高點太遠,239.54,99.0,,26,,,,,,,,,,,,,,,,,,,,2022-12
2022-12-07,3025,星通,電子工業,移出,掉出掃描母體,24.19,84.0,,8,,,,,,,,,,,,,,,,,,,,2022-12
2022-12-07,2066,世德,電機機械,移出,掉出掃描母體,70.5,87.0,,2,,,,,,,,,,,,,,,,,,,,2022-12
2022-12-08,3289,宜特,其他電子類,進榜,觸發,76.4,95.0,3.0,0,,,,,,,,,,79.1,3.5,,,,,,,,,2022-12
2022-12-08,3289,宜特,其他電子類,觸發,進榜即觸發,76.4,95.0,3.0,0,76.4,,,,,,,,,79.1,3.5,,,,,,,,,2022-12
2022-12-08,8050,廣積,電腦及週邊設備業,進榜,觸發,68.12,91.0,3.0,0,,,,,,,,,,68.5,0.6,,,,,,,,,2022-12
2022-12-08,8050,廣積,電腦及週邊設備業,觸發,進榜即觸發,68.12,91.0,3.0,0,68.12,,,,,,,,,68.5,0.6,,,,,,,,,2022-12
2022-12-08,2206,三陽工業,汽車工業,進榜,觸發,32.63,81.0,2.0,0,,,,,,,,,,32.9,0.8,,,,,,,,,2022-12
2022-12-08,2206,三陽工業,汽車工業,觸發,進榜即觸發,32.63,81.0,2.0,0,32.63,,,,,,,,,32.9,0.8,,,,,,,,,2022-12
2022-12-08,3693,營邦,電腦及週邊設備業,觸發,等待後觸發,77.23,94.0,3.0,9,72.19,,,,,,,,,80.3,4.0,,,,,,,,,2022-12
2022-12-08,4958,臻鼎-KY,電子零組件業,移出,掉出掃描母體,107.07,73.0,,6,,,,,,,,,,,,,,,,,,,,2022-12
2022-12-09,5284,jpp-KY,其他,進榜,準備,60.06,92.0,1.0,0,,,,,,,,,,59.3,-1.2,,,,,,,,,2022-12
2022-12-09,9942,茂順,其他,移出,掉出掃描母體,88.51,84.0,,36,,,,,,,,,,,,,,,,,,,,2022-12
2022-12-09,3617,碩天,其他電子業,移出,離高點太遠,83.64,86.0,,32,,,,,,,,,,,,,,,,,,,,2022-12
2022-12-09,8222,寶一,電機機械,移出,離高點太遠,29.26,97.0,,11,,,,,,,,,,,,,,,,,,,,2022-12
2022-12-09,6269,台郡,電子工業,移出,掉出掃描母體,92.76,72.0,,9,,,,,,,,,,,,,,,,,,,,2022-12
2022-12-09,2228,劍麟,汽車工業,移出,掉出掃描母體,62.62,82.0,,7,,,,,,,,,,,,,,,,,,,,2022-12
2022-12-12,2748,雲品,觀光事業,進榜,準備,51.58,89.0,3.0,0,,,,,,,,,,51.9,0.7,,,,,,,,,2022-12
2022-12-12,3162,精確,電機機械,進榜,準備,46.54,80.0,2.0,0,,,,,,,,,,46.7,0.3,,,,,,,,,2022-12
2022-12-12,2834,臺企銀,金融保險,進榜,準備,9.57,71.0,1.0,0,,,,,,,,,,9.6,0.4,,,,,,,,,2022-12
2022-12-12,4102,永日,生技醫療業,觸發,等待後觸發,33.64,98.0,2.0,38,26.66,,,,,,,,,34.2,1.8,,,,,,,,,2022-12
2022-12-12,2838,聯邦銀,金融保險,移出,掉出掃描母體,11.96,75.0,,35,,,,,,,,,,,,,,,,,,,,2022-12
2022-12-12,8916,光隆,其他,移出,掉出掃描母體,45.16,86.0,,6,,,,,,,,,,,,,,,,,,,,2022-12
2022-12-12,3128,昇銳,光電業,移出,離高點太遠,37.87,100.0,,25,,,,,,,,,,,,,,,,,,,,2022-12
2022-12-12,5410,國眾,資訊服務業,移出,離高點太遠,25.32,88.0,,25,,,,,,,,,,,,,,,,,,,,2022-12
2022-12-13,5009,榮剛,鋼鐵工業,進榜,準備,30.19,86.0,3.0,0,,,,,,,,,,30.0,-0.5,,,,,,,,,2022-12
2022-12-13,2495,普安,其他電子業,觸發,等待後觸發,20.09,92.0,1.0,22,18.01,,,,,,,,,19.9,-1.1,,,,,,,,,2022-12
2022-12-13,2834,臺企銀,金融保險,移出,掉出掃描母體,9.57,71.0,,1,,,,,,,,,,,,,,,,,,,,2022-12
2022-12-13,2468,華經,資訊服務業,移出,離高點太遠,25.49,99.0,,41,,,,,,,,,,,,,,,,,,,,2022-12
2022-12-13,2754,亞洲藏壽司,觀光事業,移出,離高點太遠,131.16,98.0,,26,,,,,,,,,,,,,,,,,,,,2022-12
2022-12-13,6285,啟碁,通信網路業,移出,掉出掃描母體,74.41,83.0,,12,,,,,,,,,,,,,,,,,,,,2022-12
2022-12-13,3289,宜特,其他電子類,移出,突破失敗,69.06,89.0,,5,,,,,,,,,,,,,,,,,,,,2022-12
2022-12-13,2206,三陽工業,汽車工業,移出,掉出掃描母體,31.86,76.0,,5,,,,,,,,,,,,,,,,,,,,2022-12
2022-12-14,6643,M31,半導體業,進榜,準備,416.35,98.0,2.0,0,,,,,,,,,,423.0,1.6,,,,,,,,,2022-12
2022-12-14,6589,台康生技,生技醫療業,移出,離高點太遠,131.0,87.0,,21,,,,,,,,,,,,,,,,,,,,2022-12
2022-12-14,3444,利機,電子通路業,移出,晚期未觸發,60.04,88.0,,13,,,,,,,,,,,,,,,,,,,,2022-12
2022-12-15,9939,宏全,其他,觸發,等待後觸發,74.52,71.0,1.0,10,71.49,,,,,,,,,73.8,-0.9,,,,,,,,,2022-12
2022-12-16,6176,瑞儀,光電業,進榜,觸發,108.65,70.0,1.0,0,,,,,,,,,,107.1,-1.4,,,,,,,,,2022-12
2022-12-16,6176,瑞儀,光電業,觸發,進榜即觸發,108.65,70.0,1.0,0,108.65,,,,,,,,,107.1,-1.4,,,,,,,,,2022-12
2022-12-16,2748,雲品,觀光事業,移出,掉出掃描母體,51.58,88.0,,4,,,,,,,,,,,,,,,,,,,,2022-12
2022-12-16,2413,環科,電子工業,移出,晚期未觸發,26.15,85.0,,42,,,,,,,,,,,,,,,,,,,,2022-12
2022-12-16,3356,奇偶,光電業,移出,離高點太遠,37.67,91.0,,42,,,,,,,,,,,,,,,,,,,,2022-12
2022-12-16,4102,永日,生技醫療業,移出,離高點太遠,33.09,97.0,,42,,,,,,,,,,,,,,,,,,,,2022-12
2022-12-16,1442,名軒,建材營造,移出,掉出掃描母體,31.11,94.0,,24,,,,,,,,,,,,,,,,,,,,2022-12
2022-12-19,1752,南光,化學生技醫療,進榜,觸發,47.49,94.0,3.0,0,,,,,,,,,,47.2,-0.5,,,,,,,,,2022-12
2022-12-19,1752,南光,化學生技醫療,觸發,進榜即觸發,47.49,94.0,3.0,0,47.49,,,,,,,,,47.2,-0.5,,,,,,,,,2022-12
2022-12-19,3293,鈊象,文化創意業,進榜,觸發,177.5,84.0,2.0,0,,,,,,,,,,179.0,0.8,,,,,,,,,2022-12
2022-12-19,3293,鈊象,文化創意業,觸發,進榜即觸發,177.5,84.0,2.0,0,177.5,,,,,,,,,179.0,0.8,,,,,,,,,2022-12
2022-12-19,3231,緯創,電子工業,進榜,觸發,27.09,74.0,2.0,0,,,,,,,,,,27.0,-0.2,,,,,,,,,2022-12
2022-12-19,3231,緯創,電子工業,觸發,進榜即觸發,27.09,74.0,2.0,0,27.09,,,,,,,,,27.0,-0.2,,,,,,,,,2022-12
2022-12-19,2834,臺企銀,金融保險,進榜,準備,9.65,71.0,1.0,0,,,,,,,,,,9.6,-0.4,,,,,,,,,2022-12
2022-12-19,3047,訊舟,通信網路業,移出,掉出掃描母體,15.52,83.0,,20,,,,,,,,,,,,,,,,,,,,2022-12
2022-12-20,2753,八方雲集,觀光事業,移出,離高點太遠,151.72,83.0,,39,,,,,,,,,,,,,,,,,,,,2022-12
2022-12-20,1795,美時,化學生技醫療,移出,離高點太遠,207.63,94.0,,27,,,,,,,,,,,,,,,,,,,,2022-12
2022-12-20,3027,盛達,通信網路業,移出,離高點太遠,33.67,98.0,,15,,,,,,,,,,,,,,,,,,,,2022-12
2022-12-20,4977,眾達-KY,電子工業,移出,離高點太遠,88.33,84.0,,15,,,,,,,,,,,,,,,,,,,,2022-12
2022-12-21,2834,臺企銀,金融保險,移出,掉出掃描母體,9.57,73.0,,2,,,,,,,,,,,,,,,,,,,,2022-12
2022-12-21,2201,裕隆,汽車工業,移出,離高點太遠,53.58,89.0,,37,,,,,,,,,,,,,,,,,,,,2022-12
2022-12-21,9939,宏全,其他,移出,掉出掃描母體,70.73,70.0,,16,,,,,,,,,,,,,,,,,,,,2022-12
2022-12-22,6143,振曜,通信網路業,移出,離高點太遠,54.6,74.0,,38,,,,,,,,,,,,,,,,,,,,2022-12
2022-12-22,4979,華星光,通信網路業,移出,離高點太遠,41.47,98.0,,24,,,,,,,,,,,,,,,,,,,,2022-12
2022-12-23,6620,漢達,生技醫療業,進榜,準備,115.62,99.0,3.0,0,,,,,,,,,,109.9,-4.9,,,,,,,,,2022-12
2022-12-23,3479,安勤,電腦及週邊設備業,進榜,準備,62.65,90.0,3.0,0,,,,,,,,,,64.7,3.2,,,,,,,,,2022-12
2022-12-23,9904,寶成,其他,進榜,準備,28.55,79.0,1.0,0,,,,,,,,,,28.7,0.4,,,,,,,,,2022-12
2022-12-23,9939,宏全,其他,進榜,準備,73.09,73.0,1.0,0,,,,,,,,,,73.1,0.0,,,,,,,,,2022-12
2022-12-23,3231,緯創,電子工業,移出,掉出掃描母體,26.78,76.0,,4,,,,,,,,,,,,,,,,,,,,2022-12
2022-12-23,1736,喬山,化學生技醫療,移出,掉出掃描母體,69.78,84.0,,31,,,,,,,,,,,,,,,,,,,,2022-12
2022-12-23,2308,台達電,電子工業,移出,掉出掃描母體,267.17,81.0,,29,,,,,,,,,,,,,,,,,,,,2022-12
2022-12-26,1720,生達,化學生技醫療,進榜,準備,50.43,93.0,3.0,0,,,,,,,,,,50.4,0.0,,,,,,,,,2022-12
2022-12-26,1519,華城,電機機械,進榜,準備,35.46,89.0,2.0,0,,,,,,,,,,35.5,0.0,,,,,,,,,2022-12
2022-12-26,6139,亞翔,電子工業,進榜,準備,34.03,89.0,3.0,0,,,,,,,,,,34.2,0.5,,,,,,,,,2022-12
2022-12-26,1734,杏輝,化學生技醫療,進榜,準備,27.01,82.0,1.0,0,,,,,,,,,,27.2,0.5,,,,,,,,,2022-12
2022-12-26,4105,東洋,生技醫療業,進榜,準備,69.32,78.0,2.0,0,,,,,,,,,,68.8,-0.7,,,,,,,,,2022-12
2022-12-26,3443,創意,半導體業,移出,離高點太遠,671.91,88.0,,35,,,,,,,,,,,,,,,,,,,,2022-12
2022-12-26,6176,瑞儀,光電業,移出,掉出掃描母體,107.63,75.0,,10,,,,,,,,,,,,,,,,,,,,2022-12
2022-12-27,2929,淘帝-KY,貿易百貨,進榜,準備,18.15,93.0,1.0,0,,,,,,,,,,18.4,1.4,,,,,,,,,2022-12
2022-12-27,5904,寶雅,貿易百貨,進榜,準備,39.62,90.0,1.0,0,,,,,,,,,,39.6,0.0,,,,,,,,,2022-12
2022-12-27,6121,新普,電腦及週邊設備業,進榜,準備,235.6,81.0,1.0,0,,,,,,,,,,234.0,-0.7,,,,,,,,,2022-12
2022-12-27,3479,安勤,電腦及週邊設備業,觸發,等待後觸發,71.58,92.0,3.0,4,62.65,,,,,,,,,72.2,0.9,,,,,,,,,2022-12
2022-12-27,9939,宏全,其他,移出,掉出掃描母體,73.26,71.0,,4,,,,,,,,,,,,,,,,,,,,2022-12
2022-12-27,1734,杏輝,化學生技醫療,移出,掉出掃描母體,27.01,82.0,,1,,,,,,,,,,,,,,,,,,,,2022-12
2022-12-27,4105,東洋,生技醫療業,移出,掉出掃描母體,69.32,78.0,,1,,,,,,,,,,,,,,,,,,,,2022-12
2022-12-28,2748,雲品,觀光事業,進榜,觸發,56.93,92.0,3.0,0,,,,,,,,,,56.9,0.0,,,,,,,,,2022-12
2022-12-28,2748,雲品,觀光事業,觸發,進榜即觸發,56.93,92.0,3.0,0,56.93,,,,,,,,,56.9,0.0,,,,,,,,,2022-12
2022-12-28,2753,八方雲集,觀光事業,進榜,準備,177.61,88.0,2.0,0,,,,,,,,,,172.4,-2.9,,,,,,,,,2022-12
2022-12-28,3454,晶睿,光電業,移出,離高點太遠,178.31,99.0,,41,,,,,,,,,,,,,,,,,,,,2022-12
2022-12-28,4536,拓凱,其他,移出,掉出掃描母體,148.94,89.0,,26,,,,,,,,,,,,,,,,,,,,2022-12
2022-12-28,1342,八貫,其他,移出,離高點太遠,90.07,98.0,,23,,,,,,,,,,,,,,,,,,,,2022-12
2022-12-28,3162,精確,電機機械,移出,掉出掃描母體,47.83,79.0,,16,,,,,,,,,,,,,,,,,,,,2022-12
2022-12-28,6643,M31,半導體業,移出,離高點太遠,356.97,98.0,,14,,,,,,,,,,,,,,,,,,,,2022-12
2022-12-29,3293,鈊象,文化創意業,移出,掉出掃描母體,181.74,76.0,,10,,,,,,,,,,,,,,,,,,,,2022-12
2022-12-29,2495,普安,其他電子業,移出,掉出掃描母體,19.21,93.0,,38,,,,,,,,,,,,,,,,,,,,2022-12
2022-12-29,2732,六角,觀光事業,移出,掉出掃描母體,106.41,76.0,,28,,,,,,,,,,,,,,,,,,,,2022-12
2022-12-30,3293,鈊象,文化創意業,進榜,準備,184.08,74.0,3.0,0,,,,,,,,,,,,,,,,,,,,2022-12
2022-12-30,9939,宏全,其他,進榜,準備,73.17,70.0,1.0,0,,,,,,,,,,,,,,,,,,,,2022-12
