日期,代號,名稱,產業,事件,原因,收盤,RS,底部序,在榜天數,報酬20D,基準20D,報酬60D,基準60D,月
2026-01-02,8110,華東,電子工業,進榜,觸發,60.49,100.0,1.0,0,27.3,0.0,-20.9,-0.9,2026-01
2026-01-02,8110,華東,電子工業,觸發,進榜即觸發,60.49,100.0,1.0,0,27.3,0.0,-20.9,-0.9,2026-01
2026-01-02,5289,宜鼎,電腦及週邊設備業,進榜,觸發,576.83,96.0,2.0,0,33.4,0.0,94.1,-0.9,2026-01
2026-01-02,5289,宜鼎,電腦及週邊設備業,觸發,進榜即觸發,576.83,96.0,2.0,0,33.4,0.0,94.1,-0.9,2026-01
2026-01-02,3006,晶豪科,電子工業,進榜,觸發,128.89,95.0,1.0,0,50.6,0.0,20.5,-0.9,2026-01
2026-01-02,3006,晶豪科,電子工業,觸發,進榜即觸發,128.89,95.0,1.0,0,50.6,0.0,20.5,-0.9,2026-01
2026-01-02,7728,光焱科技,其他電子業,進榜,觸發,596.7,93.0,3.0,0,11.2,0.0,41.2,-0.9,2026-01
2026-01-02,7728,光焱科技,其他電子業,觸發,進榜即觸發,596.7,93.0,3.0,0,11.2,0.0,41.2,-0.9,2026-01
2026-01-02,2337,旺宏,半導體業,進榜,觸發,43.35,92.0,2.0,0,114.1,0.0,236.8,-0.9,2026-01
2026-01-02,2337,旺宏,半導體業,觸發,進榜即觸發,43.35,92.0,2.0,0,114.1,0.0,236.8,-0.9,2026-01
2026-01-02,3624,光頡,電子零組件業,進榜,觸發,63.67,92.0,2.0,0,-11.1,0.0,-22.8,-0.9,2026-01
2026-01-02,3624,光頡,電子零組件業,觸發,進榜即觸發,63.67,92.0,2.0,0,-11.1,0.0,-22.8,-0.9,2026-01
2026-01-02,5351,鈺創,半導體業,進榜,觸發,55.8,90.0,1.0,0,9.7,0.0,26.7,-0.9,2026-01
2026-01-02,5351,鈺創,半導體業,觸發,進榜即觸發,55.8,90.0,1.0,0,9.7,0.0,26.7,-0.9,2026-01
2026-01-02,2472,立隆電,電子工業,進榜,觸發,115.74,79.0,4.0,0,-8.1,0.0,26.0,-0.9,2026-01
2026-01-02,2472,立隆電,電子工業,觸發,進榜即觸發,115.74,79.0,4.0,0,-8.1,0.0,26.0,-0.9,2026-01
2026-01-02,3048,益登,電子通路業,進榜,觸發,44.99,79.0,1.0,0,-13.5,0.0,-17.1,-0.9,2026-01
2026-01-02,3048,益登,電子通路業,觸發,進榜即觸發,44.99,79.0,1.0,0,-13.5,0.0,-17.1,-0.9,2026-01
2026-01-02,2330,台積電,半導體業,進榜,觸發,1575.64,72.0,2.0,0,12.0,0.0,26.6,-0.9,2026-01
2026-01-02,2330,台積電,半導體業,觸發,進榜即觸發,1575.64,72.0,2.0,0,12.0,0.0,26.6,-0.9,2026-01
2026-01-02,2344,華邦電,半導體業,進榜,準備,90.33,100.0,2.0,0,41.5,0.0,3.5,-0.9,2026-01
2026-01-02,2408,南亞科,半導體業,進榜,準備,206.34,100.0,2.0,0,57.7,0.0,3.9,-0.9,2026-01
2026-01-02,5498,凱崴,電子零組件業,進榜,準備,53.0,100.0,2.0,0,12.8,0.0,23.8,-0.9,2026-01
2026-01-02,4768,晶呈科技,化學工業,進榜,準備,383.69,99.0,3.0,0,2.3,0.0,23.4,-0.9,2026-01
2026-01-02,3260,威剛,半導體業,進榜,準備,271.42,98.0,2.0,0,29.6,0.0,37.1,-0.9,2026-01
2026-01-02,4967,十銓,半導體業,進榜,準備,187.43,98.0,2.0,0,30.5,0.0,13.4,-0.9,2026-01
2026-01-02,8299,群聯,半導體業,進榜,準備,1434.53,98.0,2.0,0,64.7,0.0,14.9,-0.9,2026-01
2026-01-02,7769,鴻勁,半導體業,進榜,準備,3386.92,96.0,1.0,0,9.3,0.0,22.4,-0.9,2026-01
2026-01-02,8131,福懋科,半導體業,進榜,準備,65.81,96.0,2.0,0,18.4,0.0,-8.8,-0.9,2026-01
2026-01-02,6770,力積電,半導體業,進榜,準備,41.96,95.0,2.0,0,65.1,0.0,31.6,-0.9,2026-01
2026-01-02,6155,鈞寶,電子零組件業,進榜,準備,48.0,94.0,2.0,0,14.3,0.0,-5.6,-0.9,2026-01
2026-01-02,2308,台達電,電子工業,進榜,準備,989.82,91.0,3.0,0,22.6,0.0,74.4,-0.9,2026-01
2026-01-02,6785,昱展新藥,生技醫療業,進榜,準備,308.69,90.0,2.0,0,-12.8,0.0,-45.5,-0.9,2026-01
2026-01-02,8150,南茂,電子工業,進榜,準備,47.99,87.0,2.0,0,23.9,0.0,26.3,-0.9,2026-01
2026-01-02,3711,日月光投控,半導體業,進榜,準備,255.66,86.0,2.0,0,15.1,0.0,52.3,-0.9,2026-01
2026-01-02,6173,信昌電,電子零組件業,進榜,準備,69.84,85.0,2.0,0,-2.3,0.0,-7.1,-0.9,2026-01
2026-01-02,2467,志聖,電子工業,進榜,準備,267.46,83.0,2.0,0,-11.9,0.0,100.7,-0.9,2026-01
2026-01-02,2441,超豐,半導體業,進榜,準備,87.9,81.0,3.0,0,-0.9,0.0,2.9,-0.9,2026-01
2026-01-02,6175,立敦,電子零組件業,進榜,準備,53.89,81.0,3.0,0,-12.9,0.0,-3.8,-0.9,2026-01
2026-01-02,2867,三商壽,金融保險,進榜,準備,8.01,80.0,1.0,0,-2.2,0.0,-3.5,-0.9,2026-01
2026-01-02,3357,臺慶科,電子零組件業,進榜,準備,157.3,79.0,2.0,0,-2.8,0.0,-3.7,-0.9,2026-01
2026-01-02,6531,愛普*,半導體業,進榜,準備,455.37,77.0,3.0,0,-6.3,0.0,12.5,-0.9,2026-01
2026-01-02,4973,廣穎,半導體業,進榜,準備,39.14,74.0,1.0,0,30.4,0.0,97.5,-0.9,2026-01
2026-01-02,6548,長科*,半導體業,進榜,準備,44.89,74.0,3.0,0,27.3,0.0,14.6,-0.9,2026-01
2026-01-02,6239,力成,半導體業,進榜,準備,179.96,72.0,2.0,0,38.4,0.0,16.9,-0.9,2026-01
2026-01-02,6196,帆宣,其他電子業,進榜,準備,272.71,71.0,3.0,0,2.9,0.0,17.9,-0.9,2026-01
2026-01-05,1717,長興,化學工業,進榜,觸發,45.39,83.0,3.0,0,23.9,-0.3,75.1,0.0,2026-01
2026-01-05,1717,長興,化學工業,觸發,進榜即觸發,45.39,83.0,3.0,0,23.9,-0.3,75.1,0.0,2026-01
2026-01-05,8028,昇陽半導體,半導體業,進榜,觸發,203.18,70.0,5.0,0,-19.8,-0.3,-4.1,0.0,2026-01
2026-01-05,8028,昇陽半導體,半導體業,觸發,進榜即觸發,203.18,70.0,5.0,0,-19.8,-0.3,-4.1,0.0,2026-01
2026-01-05,4764,雙鍵,化學工業,進榜,準備,122.93,99.0,2.0,0,-11.8,-0.3,34.3,0.0,2026-01
2026-01-05,3037,欣興,電子工業,進榜,準備,229.53,90.0,1.0,0,58.7,-0.3,172.2,0.0,2026-01
2026-01-05,3189,景碩,半導體業,進榜,準備,160.53,89.0,3.0,0,48.9,-0.3,127.9,0.0,2026-01
2026-01-05,3443,創意,半導體業,進榜,準備,2309.48,89.0,2.0,0,15.7,-0.3,19.6,0.0,2026-01
2026-01-05,2327,國巨*,電子工業,進榜,準備,242.26,88.0,2.0,0,5.7,-0.3,24.4,0.0,2026-01
2026-01-05,6788,華景電,半導體業,進榜,準備,369.02,79.0,3.0,0,-20.5,-0.3,-3.5,0.0,2026-01
2026-01-06,8042,金山電,電子零組件業,進榜,準備,61.93,92.0,3.0,0,-12.0,0.0,4.0,0.2,2026-01
2026-01-06,8112,至上,電子工業,進榜,準備,74.16,87.0,2.0,0,-10.2,0.0,4.7,0.2,2026-01
2026-01-06,6485,點序,半導體業,進榜,準備,92.13,84.0,3.0,0,1.6,0.0,-15.1,0.2,2026-01
2026-01-06,1605,華新,電器電纜,進榜,準備,35.53,83.0,1.0,0,1.5,0.0,-10.7,0.2,2026-01
2026-01-06,2313,華通,電子工業,進榜,準備,101.74,83.0,2.0,0,75.4,0.0,148.8,0.2,2026-01
2026-01-06,2369,菱生,電子工業,進榜,準備,24.25,78.0,1.0,0,3.9,0.0,32.2,0.2,2026-01
2026-01-06,2408,南亞科,半導體業,觸發,,227.77,100.0,,4,21.4,0.0,-3.7,0.2,2026-01
2026-01-06,2308,台達電,電子工業,觸發,,1044.54,90.0,,4,15.7,0.0,66.7,0.2,2026-01
2026-01-07,2451,創見,半導體業,進榜,觸發,228.46,95.0,2.0,0,-4.0,0.0,4.2,0.0,2026-01
2026-01-07,2451,創見,半導體業,觸發,進榜即觸發,228.46,95.0,2.0,0,-4.0,0.0,4.2,0.0,2026-01
2026-01-07,1303,南亞,塑膠工業,進榜,觸發,64.39,93.0,2.0,0,19.9,0.0,36.8,0.0,2026-01
2026-01-07,1303,南亞,塑膠工業,觸發,進榜即觸發,64.39,93.0,2.0,0,19.9,0.0,36.8,0.0,2026-01
2026-01-07,8422,可寧衛,其他,進榜,觸發,33.42,88.0,1.0,0,3.7,0.0,-16.2,0.0,2026-01
2026-01-07,8422,可寧衛,其他,觸發,進榜即觸發,33.42,88.0,1.0,0,3.7,0.0,-16.2,0.0,2026-01
2026-01-07,1727,中華化,化學工業,進榜,觸發,51.91,86.0,4.0,0,-16.2,0.0,9.8,0.0,2026-01
2026-01-07,1727,中華化,化學工業,觸發,進榜即觸發,51.91,86.0,4.0,0,-16.2,0.0,9.8,0.0,2026-01
2026-01-07,3532,台勝科,半導體業,進榜,觸發,118.74,71.0,1.0,0,17.2,0.0,62.6,0.0,2026-01
2026-01-07,3532,台勝科,半導體業,觸發,進榜即觸發,118.74,71.0,1.0,0,17.2,0.0,62.6,0.0,2026-01
2026-01-07,6265,方土昶,電子通路業,進榜,準備,35.0,100.0,2.0,0,14.6,0.0,14.1,0.0,2026-01
2026-01-07,8021,尖點,其他電子業,進榜,準備,190.56,99.0,3.0,0,11.3,0.0,77.7,0.0,2026-01
2026-01-07,8271,宇瞻,半導體業,進榜,準備,116.77,94.0,3.0,0,-10.9,0.0,33.5,0.0,2026-01
2026-01-07,2495,普安,其他電子業,進榜,準備,32.61,80.0,2.0,0,-1.8,0.0,35.7,0.0,2026-01
2026-01-07,2492,華新科,電子工業,進榜,準備,131.3,78.0,2.0,0,-0.8,0.0,9.5,0.0,2026-01
2026-01-07,6182,合晶,半導體業,進榜,準備,34.66,76.0,1.0,0,3.1,0.0,4.9,0.0,2026-01
2026-01-07,2323,中環,光電業,進榜,準備,11.6,72.0,1.0,0,-7.8,0.0,-6.5,0.0,2026-01
2026-01-07,6485,點序,半導體業,觸發,,101.27,90.0,,1,-5.1,0.0,-23.5,0.0,2026-01
2026-01-07,1605,華新,電器電纜,觸發,,39.08,88.0,,1,-5.0,0.0,-18.3,0.0,2026-01
2026-01-07,2369,菱生,電子工業,觸發,,26.65,84.0,,1,-1.9,0.0,17.8,0.0,2026-01
2026-01-07,4973,廣穎,半導體業,觸發,,43.54,81.0,,5,3.1,0.0,77.1,0.0,2026-01
2026-01-07,8028,昇陽半導體,半導體業,移出,掉出掃描母體,199.21,70.0,,2,,,,,2026-01
2026-01-08,6443,元晶,電子工業,進榜,觸發,31.2,93.0,1.0,0,35.1,0.0,29.6,0.9,2026-01
2026-01-08,6443,元晶,電子工業,觸發,進榜即觸發,31.2,93.0,1.0,0,35.1,0.0,29.6,0.9,2026-01
2026-01-08,6603,富強鑫,電機機械,進榜,觸發,30.45,90.0,2.0,0,-16.9,0.0,-24.0,0.9,2026-01
2026-01-08,6603,富強鑫,電機機械,觸發,進榜即觸發,30.45,90.0,2.0,0,-16.9,0.0,-24.0,0.9,2026-01
2026-01-08,3709,鑫聯大投控,電腦及週邊設備業,進榜,觸發,60.45,85.0,6.0,0,-1.6,0.0,8.0,0.9,2026-01
2026-01-08,3709,鑫聯大投控,電腦及週邊設備業,觸發,進榜即觸發,60.45,85.0,6.0,0,-1.6,0.0,8.0,0.9,2026-01
2026-01-08,8088,品安,半導體業,進榜,觸發,52.85,84.0,3.0,0,-1.1,0.0,-6.8,0.9,2026-01
2026-01-08,8088,品安,半導體業,觸發,進榜即觸發,52.85,84.0,3.0,0,-1.1,0.0,-6.8,0.9,2026-01
2026-01-08,5274,信驊,半導體業,進榜,準備,6922.62,76.0,2.0,0,19.3,0.0,89.3,0.9,2026-01
2026-01-08,6830,汎銓,其他電子業,進榜,準備,182.72,73.0,2.0,0,24.3,0.0,340.6,0.9,2026-01
2026-01-08,2492,華新科,電子工業,移出,離高點太遠,121.85,74.0,,1,,,,,2026-01
2026-01-08,2323,中環,光電業,移出,掉出掃描母體,11.6,72.0,,1,,,,,2026-01
2026-01-08,6173,信昌電,電子零組件業,移出,掉出掃描母體,67.05,84.0,,6,,,,,2026-01
2026-01-08,6175,立敦,電子零組件業,移出,晚期未觸發,50.85,77.0,,6,,,,,2026-01
2026-01-08,3624,光頡,電子零組件業,移出,突破失敗,56.63,86.0,,6,,,,,2026-01
2026-01-08,2472,立隆電,電子工業,移出,突破失敗,104.91,73.0,,6,,,,,2026-01
2026-01-08,3048,益登,電子通路業,移出,離高點太遠,40.91,72.0,,6,,,,,2026-01
2026-01-08,6788,華景電,半導體業,移出,掉出掃描母體,355.51,75.0,,3,,,,,2026-01
2026-01-08,8042,金山電,電子零組件業,移出,晚期未觸發,57.47,88.0,,2,,,,,2026-01
2026-01-08,1727,中華化,化學工業,移出,突破失敗,46.72,84.0,,1,,,,,2026-01
2026-01-08,3532,台勝科,半導體業,移出,掉出掃描母體,118.74,71.0,,1,,,,,2026-01
2026-01-09,6515,穎崴,電子工業,進榜,觸發,3464.38,98.0,4.0,0,29.2,-0.7,195.3,1.1,2026-01
2026-01-09,6515,穎崴,電子工業,觸發,進榜即觸發,3464.38,98.0,4.0,0,29.2,-0.7,195.3,1.1,2026-01
2026-01-09,3715,定穎投控,電子零組件業,進榜,觸發,138.62,93.0,4.0,0,1.8,-0.7,41.9,1.1,2026-01
2026-01-09,3715,定穎投控,電子零組件業,觸發,進榜即觸發,138.62,93.0,4.0,0,1.8,-0.7,41.9,1.1,2026-01
2026-01-09,8996,高力,電機機械,進榜,觸發,631.57,93.0,2.0,0,26.5,-0.7,93.2,1.1,2026-01
2026-01-09,8996,高力,電機機械,觸發,進榜即觸發,631.57,93.0,2.0,0,26.5,-0.7,93.2,1.1,2026-01
2026-01-09,6442,光聖,通信網路業,進榜,準備,1388.01,98.0,3.0,0,21.1,-0.7,53.9,1.1,2026-01
2026-01-09,3105,穩懋,半導體業,進榜,準備,215.59,97.0,1.0,0,1.4,-0.7,149.0,1.1,2026-01
2026-01-09,8074,鉅橡,電子零組件業,進榜,準備,53.89,96.0,2.0,0,6.2,-0.7,26.5,1.1,2026-01
2026-01-09,7610,聯友金屬,綠能環保,進榜,準備,137.45,95.0,3.0,0,31.4,-0.7,282.0,1.1,2026-01
2026-01-09,6282,康舒,電子零組件業,進榜,準備,44.79,85.0,2.0,0,2.9,-0.7,11.7,1.1,2026-01
2026-01-09,8150,南茂,電子工業,觸發,,57.56,93.0,,7,-10.8,-0.7,15.4,1.1,2026-01
2026-01-09,2313,華通,電子工業,觸發,,113.53,87.0,,3,48.9,-0.7,126.4,1.1,2026-01
2026-01-12,6163,華電網,通信網路業,進榜,觸發,65.6,99.0,2.0,0,-20.4,-1.0,13.0,0.7,2026-01
2026-01-12,6163,華電網,通信網路業,觸發,進榜即觸發,65.6,99.0,2.0,0,-20.4,-1.0,13.0,0.7,2026-01
2026-01-12,3081,聯亞,通信網路業,進榜,觸發,610.86,85.0,5.0,0,62.7,-1.0,325.0,0.7,2026-01
2026-01-12,3081,聯亞,通信網路業,觸發,進榜即觸發,610.86,85.0,5.0,0,62.7,-1.0,325.0,0.7,2026-01
2026-01-12,6903,巨漢,其他電子業,進榜,準備,246.03,93.0,3.0,0,-0.2,-1.0,55.1,0.7,2026-01
2026-01-12,2406,國碩,光電業,進榜,準備,28.05,92.0,1.0,0,2.3,-1.0,22.8,0.7,2026-01
2026-01-12,3025,星通,電子工業,進榜,準備,70.8,84.0,2.0,0,-24.1,-1.0,-14.1,0.7,2026-01
2026-01-12,3701,大眾控,電子工業,進榜,準備,55.9,82.0,1.0,0,-10.4,-1.0,20.2,0.7,2026-01
2026-01-12,4991,環宇-KY,半導體業,進榜,準備,233.0,82.0,3.0,0,10.7,-1.0,210.7,0.7,2026-01
2026-01-12,8390,金益鼎,其他,進榜,準備,95.81,81.0,1.0,0,0.5,-1.0,-11.2,0.7,2026-01
2026-01-12,2478,大毅,電子工業,進榜,準備,64.28,76.0,2.0,0,-8.9,-1.0,16.0,0.7,2026-01
2026-01-12,6239,力成,半導體業,觸發,,215.75,81.0,,10,10.5,-1.0,-5.5,0.7,2026-01
2026-01-12,6196,帆宣,其他電子業,移出,掉出掃描母體,272.71,70.0,,10,,,,,2026-01
2026-01-13,7751,竑騰,電子工業,進榜,觸發,863.51,92.0,3.0,0,6.1,-0.8,123.5,1.2,2026-01
2026-01-13,7751,竑騰,電子工業,觸發,進榜即觸發,863.51,92.0,3.0,0,6.1,-0.8,123.5,1.2,2026-01
2026-01-13,5425,台半,半導體業,進榜,觸發,64.24,73.0,1.0,0,-8.2,-0.8,-4.9,1.2,2026-01
2026-01-13,5425,台半,半導體業,觸發,進榜即觸發,64.24,73.0,1.0,0,-8.2,-0.8,-4.9,1.2,2026-01
2026-01-13,2485,兆赫,通信網路業,進榜,準備,30.25,96.0,2.0,0,24.5,-0.8,139.0,1.2,2026-01
2026-01-13,3624,光頡,電子零組件業,進榜,準備,64.37,91.0,3.0,0,-17.4,-0.8,-12.8,1.2,2026-01
2026-01-13,3236,千如,電子零組件業,進榜,準備,32.28,90.0,3.0,0,-13.8,-0.8,3.8,1.2,2026-01
2026-01-13,1784,訊聯,生技醫療業,進榜,準備,115.5,82.0,1.0,0,-17.4,-0.8,-31.6,1.2,2026-01
2026-01-13,3138,耀登,通信網路業,進榜,準備,142.79,82.0,1.0,0,12.8,-0.8,36.6,1.2,2026-01
2026-01-13,6257,矽格,半導體業,進榜,準備,125.52,81.0,2.0,0,-0.8,-0.8,46.7,1.2,2026-01
2026-01-13,2375,凱美,電子工業,進榜,準備,94.57,80.0,3.0,0,-11.4,-0.8,-7.7,1.2,2026-01
2026-01-13,2492,華新科,電子工業,進榜,準備,130.31,79.0,2.0,0,-5.7,-0.8,13.7,1.2,2026-01
2026-01-13,3265,台星科,半導體業,進榜,準備,135.98,74.0,1.0,0,-1.1,-0.8,26.6,1.2,2026-01
2026-01-13,2331,精英,電子工業,進榜,準備,26.2,72.0,1.0,0,-3.6,-0.8,-15.6,1.2,2026-01
2026-01-13,7769,鴻勁,半導體業,觸發,,3416.55,94.0,,11,15.6,-0.8,29.0,1.2,2026-01
2026-01-13,2406,國碩,光電業,觸發,,30.85,94.0,,1,-9.2,-0.8,9.2,1.2,2026-01
2026-01-13,2478,大毅,電子工業,觸發,,70.71,80.0,,1,-18.7,-0.8,3.4,1.2,2026-01
2026-01-13,2327,國巨*,電子工業,觸發,,258.64,89.0,,8,-2.5,-0.8,24.0,1.2,2026-01
2026-01-13,6830,汎銓,其他電子業,移出,掉出掃描母體,188.71,71.0,,5,,,,,2026-01
2026-01-13,4768,晶呈科技,化學工業,移出,晚期未觸發,402.85,99.0,,11,,,,,2026-01
2026-01-14,8043,蜜望實,電子零組件業,進榜,觸發,98.06,99.0,2.0,0,-30.1,-1.7,-8.3,0.8,2026-01
2026-01-14,8043,蜜望實,電子零組件業,觸發,進榜即觸發,98.06,99.0,2.0,0,-30.1,-1.7,-8.3,0.8,2026-01
2026-01-14,8042,金山電,電子零組件業,進榜,觸發,69.76,93.0,3.0,0,-20.5,-1.7,-8.4,0.8,2026-01
2026-01-14,8042,金山電,電子零組件業,觸發,進榜即觸發,69.76,93.0,3.0,0,-20.5,-1.7,-8.4,0.8,2026-01
2026-01-14,5328,華容,電子零組件業,進榜,觸發,23.5,86.0,3.0,0,3.8,-1.7,8.9,0.8,2026-01
2026-01-14,5328,華容,電子零組件業,觸發,進榜即觸發,23.5,86.0,3.0,0,3.8,-1.7,8.9,0.8,2026-01
2026-01-14,1519,華城,電機機械,進榜,觸發,799.29,81.0,2.0,0,8.3,-1.7,2.5,0.8,2026-01
2026-01-14,1519,華城,電機機械,觸發,進榜即觸發,799.29,81.0,2.0,0,8.3,-1.7,2.5,0.8,2026-01
2026-01-14,4989,榮科,電子零組件業,進榜,準備,57.17,98.0,3.0,0,-17.0,-1.7,92.6,0.8,2026-01
2026-01-14,6127,九豪,電子零組件業,進榜,準備,42.0,92.0,1.0,0,-23.8,-1.7,19.0,0.8,2026-01
2026-01-14,3481,群創,光電業,進榜,準備,23.85,90.0,2.0,0,-10.0,-1.7,4.9,0.8,2026-01
2026-01-14,6173,信昌電,電子零組件業,進榜,準備,76.09,89.0,2.0,0,-19.1,-1.7,15.5,0.8,2026-01
2026-01-14,1528,恩德,電機機械,進榜,準備,24.25,87.0,3.0,0,-8.0,-1.7,21.6,0.8,2026-01
2026-01-14,3532,台勝科,半導體業,進榜,準備,135.71,81.0,1.0,0,8.8,-1.7,37.5,0.8,2026-01
2026-01-14,2404,漢唐,其他電子業,進榜,準備,1114.2,77.0,3.0,0,-19.7,-1.7,-13.0,0.8,2026-01
2026-01-14,6488,環球晶,半導體業,進榜,準備,514.01,74.0,1.0,0,-13.7,-1.7,16.3,0.8,2026-01
2026-01-14,3402,漢科,其他電子類,進榜,準備,139.92,70.0,2.0,0,-14.7,-1.7,-4.1,0.8,2026-01
2026-01-14,6182,合晶,半導體業,觸發,,39.28,83.0,,7,-13.9,-1.7,14.6,0.8,2026-01
2026-01-14,2485,兆赫,通信網路業,觸發,,33.25,98.0,,1,10.7,-1.7,113.5,0.8,2026-01
2026-01-14,2331,精英,電子工業,觸發,,28.8,76.0,,1,-12.0,-1.7,-23.4,0.8,2026-01
2026-01-14,6531,愛普*,半導體業,移出,掉出掃描母體,472.75,73.0,,12,,,,,2026-01
2026-01-14,4991,環宇-KY,半導體業,移出,離高點太遠,200.5,73.0,,2,,,,,2026-01
2026-01-14,5425,台半,半導體業,移出,掉出掃描母體,64.24,73.0,,1,,,,,2026-01
2026-01-15,3491,昇達科,通信網路業,進榜,觸發,885.34,95.0,4.0,0,67.4,-0.9,74.2,-0.5,2026-01
2026-01-15,3491,昇達科,通信網路業,觸發,進榜即觸發,885.34,95.0,4.0,0,67.4,-0.9,74.2,-0.5,2026-01
2026-01-15,1802,台玻,玻璃陶瓷,進榜,觸發,38.0,87.0,4.0,0,36.1,-0.9,74.2,-0.5,2026-01
2026-01-15,1802,台玻,玻璃陶瓷,觸發,進榜即觸發,38.0,87.0,4.0,0,36.1,-0.9,74.2,-0.5,2026-01
2026-01-15,2312,金寶,其他電子業,進榜,觸發,32.74,83.0,2.0,0,-26.4,-0.9,-18.9,-0.5,2026-01
2026-01-15,2312,金寶,其他電子業,觸發,進榜即觸發,32.74,83.0,2.0,0,-26.4,-0.9,-18.9,-0.5,2026-01
2026-01-15,5340,建榮,電子零組件業,進榜,觸發,76.1,81.0,3.0,0,31.9,-0.9,42.3,-0.5,2026-01
2026-01-15,5340,建榮,電子零組件業,觸發,進榜即觸發,76.1,81.0,3.0,0,31.9,-0.9,42.3,-0.5,2026-01
2026-01-15,6133,金橋,電子零組件業,進榜,準備,22.8,78.0,3.0,0,3.3,-0.9,-2.4,-0.5,2026-01
2026-01-15,2367,燿華,電子工業,進榜,準備,36.9,74.0,1.0,0,50.1,-0.9,64.7,-0.5,2026-01
2026-01-15,5381,光譜,電子零組件業,進榜,準備,34.12,74.0,1.0,0,-12.8,-0.9,-31.3,-0.5,2026-01
2026-01-15,5498,凱崴,電子零組件業,觸發,,66.5,100.0,,13,-11.3,-0.9,16.1,-0.5,2026-01
2026-01-15,6155,鈞寶,電子零組件業,觸發,,60.14,98.0,,13,-17.8,-0.9,-27.8,-0.5,2026-01
2026-01-15,4989,榮科,電子零組件業,觸發,,62.84,98.0,,1,-17.0,-0.9,64.7,-0.5,2026-01
2026-01-15,2330,台積電,半導體業,移出,掉出掃描母體,1699.9,71.0,,13,,,,,2026-01
2026-01-15,6488,環球晶,半導體業,移出,掉出掃描母體,514.01,74.0,,1,,,,,2026-01
2026-01-15,3402,漢科,其他電子類,移出,掉出掃描母體,139.92,70.0,,1,,,,,2026-01
2026-01-15,8271,宇瞻,半導體業,移出,晚期未觸發,118.23,88.0,,8,,,,,2026-01
2026-01-16,3691,碩禾,光電業,進榜,觸發,114.5,81.0,1.0,0,-6.6,-0.9,-6.1,-1.2,2026-01
2026-01-16,3691,碩禾,光電業,觸發,進榜即觸發,114.5,81.0,1.0,0,-6.6,-0.9,-6.1,-1.2,2026-01
2026-01-16,5347,世界,半導體業,進榜,觸發,136.28,76.0,1.0,0,-1.4,-0.9,0.7,-1.2,2026-01
2026-01-16,5347,世界,半導體業,觸發,進榜即觸發,136.28,76.0,1.0,0,-1.4,-0.9,0.7,-1.2,2026-01
2026-01-16,8046,南電,電子工業,進榜,觸發,288.89,72.0,3.0,0,73.7,-0.9,201.9,-1.2,2026-01
2026-01-16,8046,南電,電子工業,觸發,進榜即觸發,288.89,72.0,3.0,0,73.7,-0.9,201.9,-1.2,2026-01
2026-01-16,7795,長廣,電子零組件業,進榜,準備,290.51,86.0,2.0,0,42.1,-0.9,34.4,-1.2,2026-01
2026-01-16,1795,美時,化學生技醫療,進榜,準備,328.72,73.0,3.0,0,-14.8,-0.9,-33.6,-1.2,2026-01
2026-01-16,2330,台積電,半導體業,進榜,準備,1729.73,71.0,2.0,0,12.9,-0.9,26.0,-1.2,2026-01
2026-01-16,1528,恩德,電機機械,觸發,,28.35,92.0,,2,-11.3,-0.9,-11.3,-1.2,2026-01
2026-01-16,3037,欣興,電子工業,觸發,,273.44,89.0,,11,62.8,-0.9,188.3,-1.2,2026-01
2026-01-16,6785,昱展新藥,生技醫療業,移出,掉出掃描母體,279.22,78.0,,14,,,,,2026-01
2026-01-16,8422,可寧衛,其他,移出,離高點太遠,40.31,92.0,,9,,,,,2026-01
2026-01-16,6442,光聖,通信網路業,移出,晚期未觸發,1244.25,95.0,,7,,,,,2026-01
2026-01-19,5475,德宏,電子零組件業,進榜,觸發,111.5,97.0,3.0,0,93.7,-1.1,176.7,-2.3,2026-01
2026-01-19,5475,德宏,電子零組件業,觸發,進榜即觸發,111.5,97.0,3.0,0,93.7,-1.1,176.7,-2.3,2026-01
2026-01-19,4971,IET-KY,半導體業,進榜,觸發,337.79,92.0,4.0,0,32.9,-1.1,103.0,-2.3,2026-01
2026-01-19,4971,IET-KY,半導體業,觸發,進榜即觸發,337.79,92.0,4.0,0,32.9,-1.1,103.0,-2.3,2026-01
2026-01-19,1815,富喬,電子零組件業,進榜,觸發,108.5,91.0,6.0,0,4.1,-1.1,-0.5,-2.3,2026-01
2026-01-19,1815,富喬,電子零組件業,觸發,進榜即觸發,108.5,91.0,6.0,0,4.1,-1.1,-0.5,-2.3,2026-01
2026-01-19,3264,欣銓,半導體業,進榜,觸發,151.49,89.0,4.0,0,1.0,-1.1,25.6,-2.3,2026-01
2026-01-19,3264,欣銓,半導體業,觸發,進榜即觸發,151.49,89.0,4.0,0,1.0,-1.1,25.6,-2.3,2026-01
2026-01-19,2329,華泰,半導體業,進榜,觸發,66.71,82.0,1.0,0,-18.2,-1.1,-17.4,-2.3,2026-01
2026-01-19,2329,華泰,半導體業,觸發,進榜即觸發,66.71,82.0,1.0,0,-18.2,-1.1,-17.4,-2.3,2026-01
2026-01-19,3535,晶彩科,光電業,進榜,觸發,106.5,79.0,3.0,0,8.9,-1.1,9.4,-2.3,2026-01
2026-01-19,3535,晶彩科,光電業,觸發,進榜即觸發,106.5,79.0,3.0,0,8.9,-1.1,9.4,-2.3,2026-01
2026-01-19,6217,中探針,電子零組件業,進榜,觸發,58.0,76.0,2.0,0,46.9,-1.1,382.8,-2.3,2026-01
2026-01-19,6217,中探針,電子零組件業,觸發,進榜即觸發,58.0,76.0,2.0,0,46.9,-1.1,382.8,-2.3,2026-01
2026-01-19,6275,元山,其他電子類,進榜,觸發,58.09,75.0,2.0,0,-10.7,-1.1,-13.5,-2.3,2026-01
2026-01-19,6275,元山,其他電子類,觸發,進榜即觸發,58.09,75.0,2.0,0,-10.7,-1.1,-13.5,-2.3,2026-01
2026-01-19,2413,環科,電子工業,進榜,準備,50.91,97.0,2.0,0,7.2,-1.1,-13.2,-2.3,2026-01
2026-01-19,8103,瀚荃,電子工業,進榜,準備,95.5,83.0,2.0,0,-1.8,-1.1,18.3,-2.3,2026-01
2026-01-19,6531,愛普*,半導體業,進榜,準備,511.49,77.0,3.0,0,-17.0,-1.1,46.2,-2.3,2026-01
2026-01-19,2303,聯電,半導體業,進榜,準備,61.45,71.0,1.0,0,4.8,-1.1,16.3,-2.3,2026-01
2026-01-19,3189,景碩,半導體業,觸發,,202.09,86.0,,14,60.8,-1.1,154.4,-2.3,2026-01
2026-01-19,6265,方土昶,電子通路業,觸發,,52.6,100.0,,12,-24.0,-1.1,-25.1,-2.3,2026-01
2026-01-19,7795,長廣,電子零組件業,觸發,,326.82,90.0,,3,26.3,-1.1,21.0,-2.3,2026-01
2026-01-19,8131,福懋科,半導體業,觸發,,75.38,96.0,,17,-7.7,-1.1,-19.4,-2.3,2026-01
2026-01-19,2492,華新科,電子工業,觸發,,145.73,80.0,,6,6.5,-1.1,-11.6,-2.3,2026-01
2026-01-19,1795,美時,化學生技醫療,移出,掉出掃描母體,328.72,73.0,,3,,,,,2026-01
2026-01-20,4939,亞電,電子零組件業,進榜,觸發,43.0,91.0,4.0,0,-16.3,-0.6,0.7,-1.8,2026-01
2026-01-20,4939,亞電,電子零組件業,觸發,進榜即觸發,43.0,91.0,4.0,0,-16.3,-0.6,0.7,-1.8,2026-01
2026-01-20,2481,強茂,半導體業,進榜,觸發,95.84,82.0,3.0,0,-7.2,-0.6,3.5,-1.8,2026-01
2026-01-20,2481,強茂,半導體業,觸發,進榜即觸發,95.84,82.0,3.0,0,-7.2,-0.6,3.5,-1.8,2026-01
2026-01-20,3016,嘉晶,半導體業,進榜,觸發,65.61,80.0,1.0,0,-4.5,-0.6,12.4,-1.8,2026-01
2026-01-20,3016,嘉晶,半導體業,觸發,進榜即觸發,65.61,80.0,1.0,0,-4.5,-0.6,12.4,-1.8,2026-01
2026-01-20,3543,州巧,光電業,進榜,觸發,49.34,76.0,4.0,0,6.4,-0.6,-21.5,-1.8,2026-01
2026-01-20,3543,州巧,光電業,觸發,進榜即觸發,49.34,76.0,4.0,0,6.4,-0.6,-21.5,-1.8,2026-01
2026-01-20,3595,山太士,光電業,進榜,準備,449.0,89.0,3.0,0,53.7,-0.6,482.4,-1.8,2026-01
2026-01-20,3372,典範,半導體業,進榜,準備,24.43,84.0,1.0,0,0.0,-0.6,-28.7,-1.8,2026-01
2026-01-20,5469,瀚宇博,電子零組件業,進榜,準備,101.34,73.0,2.0,0,-10.3,-0.6,-12.4,-1.8,2026-01
2026-01-20,6548,長科*,半導體業,觸發,,54.5,82.0,,18,-10.1,-0.6,-3.6,-1.8,2026-01
2026-01-20,6282,康舒,電子零組件業,觸發,,62.73,92.0,,11,-18.5,-0.6,-25.2,-1.8,2026-01
2026-01-20,3138,耀登,通信網路業,觸發,,164.94,87.0,,7,18.2,-0.6,-6.0,-1.8,2026-01
2026-01-20,5381,光譜,電子零組件業,觸發,,39.35,81.0,,5,-16.3,-0.6,-40.8,-1.8,2026-01
2026-01-20,2404,漢唐,其他電子業,移出,掉出掃描母體,1060.91,71.0,,6,,,,,2026-01
2026-01-21,6510,精測,半導體業,進榜,觸發,2964.02,98.0,4.0,0,21.8,-0.3,21.8,-1.2,2026-01
2026-01-21,6510,精測,半導體業,觸發,進榜即觸發,2964.02,98.0,4.0,0,21.8,-0.3,21.8,-1.2,2026-01
2026-01-21,6435,大中,半導體業,進榜,觸發,148.6,79.0,3.0,0,-3.6,-0.3,24.6,-1.2,2026-01
2026-01-21,6435,大中,半導體業,觸發,進榜即觸發,148.6,79.0,3.0,0,-3.6,-0.3,24.6,-1.2,2026-01
2026-01-21,6126,信音,電子零組件業,進榜,準備,37.65,78.0,1.0,0,-3.2,-0.3,-15.5,-1.2,2026-01
2026-01-21,3707,漢磊,半導體業,進榜,準備,67.1,77.0,3.0,0,-11.2,-0.3,-10.3,-1.2,2026-01
2026-01-21,3234,光環,通信網路業,進榜,準備,48.69,75.0,3.0,0,105.5,-0.3,108.4,-1.2,2026-01
2026-01-21,5469,瀚宇博,電子零組件業,移出,掉出掃描母體,101.34,73.0,,1,,,,,2026-01
2026-01-21,3006,晶豪科,電子工業,移出,離高點太遠,136.36,94.0,,19,,,,,2026-01
2026-01-21,4764,雙鍵,化學工業,移出,離高點太遠,115.19,97.0,,16,,,,,2026-01
2026-01-21,8112,至上,電子工業,移出,掉出掃描母體,71.99,80.0,,15,,,,,2026-01
2026-01-21,2451,創見,半導體業,移出,離高點太遠,221.74,93.0,,14,,,,,2026-01
2026-01-21,3709,鑫聯大投控,電腦及週邊設備業,移出,離高點太遠,54.97,72.0,,13,,,,,2026-01
2026-01-21,7751,竑騰,電子工業,移出,突破失敗,792.38,86.0,,8,,,,,2026-01
2026-01-21,3532,台勝科,半導體業,移出,掉出掃描母體,139.2,76.0,,7,,,,,2026-01
2026-01-21,8043,蜜望實,電子零組件業,移出,離高點太遠,91.4,97.0,,7,,,,,2026-01
2026-01-21,5475,德宏,電子零組件業,移出,突破失敗,102.0,96.0,,2,,,,,2026-01
2026-01-21,6275,元山,其他電子類,移出,掉出掃描母體,56.76,71.0,,2,,,,,2026-01
2026-01-21,3543,州巧,光電業,移出,掉出掃描母體,49.34,76.0,,1,,,,,2026-01
2026-01-22,3543,州巧,光電業,進榜,觸發,50.33,77.0,4.0,0,-0.6,-1.7,-19.7,-2.1,2026-01
2026-01-22,3543,州巧,光電業,觸發,進榜即觸發,50.33,77.0,4.0,0,-0.6,-1.7,-19.7,-2.1,2026-01
2026-01-22,5425,台半,半導體業,進榜,準備,71.26,70.0,1.0,0,-19.2,-1.7,-14.0,-2.1,2026-01
2026-01-22,5469,瀚宇博,電子零組件業,進榜,準備,100.86,70.0,2.0,0,-11.7,-1.7,-20.9,-2.1,2026-01
2026-01-22,3234,光環,通信網路業,觸發,,53.55,82.0,,1,70.3,-1.7,102.0,-2.1,2026-01
2026-01-22,1605,華新,電器電纜,移出,離高點太遠,38.49,82.0,,16,,,,,2026-01
2026-01-22,6485,點序,半導體業,移出,離高點太遠,104.74,85.0,,16,,,,,2026-01
2026-01-22,1784,訊聯,生技醫療業,移出,掉出掃描母體,103.0,72.0,,9,,,,,2026-01
2026-01-22,1528,恩德,電機機械,移出,離高點太遠,28.0,92.0,,8,,,,,2026-01
2026-01-22,6133,金橋,電子零組件業,移出,離高點太遠,21.1,72.0,,7,,,,,2026-01
2026-01-22,2312,金寶,其他電子業,移出,離高點太遠,29.89,78.0,,7,,,,,2026-01
2026-01-22,2413,環科,電子工業,移出,離高點太遠,43.5,94.0,,3,,,,,2026-01
2026-01-22,1815,富喬,電子零組件業,移出,離高點太遠,99.0,90.0,,3,,,,,2026-01
2026-01-23,2383,台光電,電子工業,進榜,觸發,1791.82,85.0,6.0,0,21.7,-4.3,164.2,-1.7,2026-01
2026-01-23,2383,台光電,電子工業,觸發,進榜即觸發,1791.82,85.0,6.0,0,21.7,-4.3,164.2,-1.7,2026-01
2026-01-23,1623,大東電,電器電纜,進榜,觸發,326.4,80.0,1.0,0,-39.9,-4.3,-23.4,-1.7,2026-01
2026-01-23,1623,大東電,電器電纜,觸發,進榜即觸發,326.4,80.0,1.0,0,-39.9,-4.3,-23.4,-1.7,2026-01
2026-01-23,6274,台燿,電子零組件業,進榜,準備,500.0,87.0,3.0,0,-2.7,-4.3,122.0,-1.7,2026-01
2026-01-23,3532,台勝科,半導體業,進榜,準備,146.19,79.0,1.0,0,-15.0,-4.3,41.6,-1.7,2026-01
2026-01-23,6016,康和證,金融業,進榜,準備,14.4,73.0,1.0,0,-1.5,-4.3,23.3,-1.7,2026-01
2026-01-23,5425,台半,半導體業,移出,掉出掃描母體,71.26,70.0,,1,,,,,2026-01
2026-01-23,5351,鈺創,半導體業,移出,離高點太遠,59.6,90.0,,21,,,,,2026-01
2026-01-23,4973,廣穎,半導體業,移出,離高點太遠,49.06,86.0,,21,,,,,2026-01
2026-01-23,2467,志聖,電子工業,移出,離高點太遠,234.77,75.0,,21,,,,,2026-01
2026-01-23,5498,凱崴,電子零組件業,移出,離高點太遠,62.2,99.0,,21,,,,,2026-01
2026-01-23,2369,菱生,電子工業,移出,離高點太遠,27.65,84.0,,17,,,,,2026-01
2026-01-23,6265,方土昶,電子通路業,移出,離高點太遠,48.2,100.0,,16,,,,,2026-01
2026-01-23,8088,品安,半導體業,移出,離高點太遠,59.49,85.0,,15,,,,,2026-01
2026-01-23,6603,富強鑫,電機機械,移出,離高點太遠,30.3,87.0,,15,,,,,2026-01
2026-01-23,8074,鉅橡,電子零組件業,移出,離高點太遠,61.26,97.0,,14,,,,,2026-01
2026-01-23,3701,大眾控,電子工業,移出,離高點太遠,52.1,79.0,,11,,,,,2026-01
2026-01-23,3236,千如,電子零組件業,移出,晚期未觸發,33.27,87.0,,10,,,,,2026-01
2026-01-23,5328,華容,電子零組件業,移出,離高點太遠,28.95,89.0,,9,,,,,2026-01
2026-01-23,3481,群創,光電業,移出,離高點太遠,23.46,89.0,,9,,,,,2026-01
2026-01-23,6127,九豪,電子零組件業,移出,離高點太遠,36.2,78.0,,9,,,,,2026-01
2026-01-23,4989,榮科,電子零組件業,移出,離高點太遠,55.18,93.0,,9,,,,,2026-01
2026-01-23,2329,華泰,半導體業,移出,突破失敗,61.22,76.0,,4,,,,,2026-01
2026-01-23,3535,晶彩科,光電業,移出,離高點太遠,99.2,77.0,,4,,,,,2026-01
2026-01-23,6531,愛普*,半導體業,移出,掉出掃描母體,472.75,72.0,,4,,,,,2026-01
2026-01-23,4971,IET-KY,半導體業,移出,離高點太遠,334.79,94.0,,4,,,,,2026-01
2026-01-23,2481,強茂,半導體業,移出,突破失敗,87.89,78.0,,3,,,,,2026-01
2026-01-23,4939,亞電,電子零組件業,移出,離高點太遠,45.98,94.0,,3,,,,,2026-01
2026-01-26,6209,今國光,光電業,進榜,觸發,72.88,96.0,4.0,0,-24.3,-3.7,-6.4,-1.7,2026-01
2026-01-26,6209,今國光,光電業,觸發,進榜即觸發,72.88,96.0,4.0,0,-24.3,-3.7,-6.4,-1.7,2026-01
2026-01-26,6949,沛爾生醫-創,創新版股票,進榜,觸發,473.0,94.0,3.0,0,24.9,-3.7,64.7,-1.7,2026-01
2026-01-26,6949,沛爾生醫-創,創新版股票,觸發,進榜即觸發,473.0,94.0,3.0,0,24.9,-3.7,64.7,-1.7,2026-01
2026-01-26,2489,瑞軒,光電業,進榜,觸發,23.58,84.0,1.0,0,79.5,-3.7,90.9,-1.7,2026-01
2026-01-26,2489,瑞軒,光電業,觸發,進榜即觸發,23.58,84.0,1.0,0,79.5,-3.7,90.9,-1.7,2026-01
2026-01-26,6133,金橋,電子零組件業,進榜,觸發,25.5,84.0,3.0,0,7.1,-3.7,-11.0,-1.7,2026-01
2026-01-26,6133,金橋,電子零組件業,觸發,進榜即觸發,25.5,84.0,3.0,0,7.1,-3.7,-11.0,-1.7,2026-01
2026-01-26,8155,博智,電子零組件業,進榜,觸發,199.51,75.0,6.0,0,-7.4,-3.7,125.4,-1.7,2026-01
2026-01-26,8155,博智,電子零組件業,觸發,進榜即觸發,199.51,75.0,6.0,0,-7.4,-3.7,125.4,-1.7,2026-01
2026-01-26,6190,萬泰科,通信網路業,進榜,觸發,55.49,72.0,3.0,0,-13.7,-3.7,29.3,-1.7,2026-01
2026-01-26,6190,萬泰科,通信網路業,觸發,進榜即觸發,55.49,72.0,3.0,0,-13.7,-3.7,29.3,-1.7,2026-01
2026-01-26,6134,萬旭,電子零組件業,進榜,準備,34.04,84.0,2.0,0,-5.1,-3.7,-7.9,-1.7,2026-01
2026-01-26,2855,統一證,金融保險,進榜,準備,28.16,72.0,1.0,0,3.2,-3.7,33.2,-1.7,2026-01
2026-01-26,4916,事欣科,電腦及週邊設備業,進榜,準備,68.62,72.0,3.0,0,-11.7,-3.7,-5.7,-1.7,2026-01
2026-01-26,2367,燿華,電子工業,觸發,,48.23,87.0,,11,44.1,-3.7,26.2,-1.7,2026-01
2026-01-26,3260,威剛,半導體業,觸發,,334.31,98.0,,24,-17.5,-3.7,34.0,-1.7,2026-01
2026-01-26,4967,十銓,半導體業,觸發,,218.43,97.0,,24,-16.0,-3.7,28.2,-1.7,2026-01
2026-01-26,5469,瀚宇博,電子零組件業,移出,掉出掃描母體,103.77,72.0,,4,,,,,2026-01
2026-01-26,7728,光焱科技,其他電子業,移出,離高點太遠,625.21,93.0,,24,,,,,2026-01
2026-01-26,1623,大東電,電器電纜,移出,掉出掃描母體,326.4,80.0,,3,,,,,2026-01
2026-01-27,6446,藥華藥,生技醫療業,進榜,準備,650.24,77.0,2.0,0,-3.3,-3.0,-9.3,-1.6,2026-01
2026-01-27,2419,仲琦,通信網路業,進榜,準備,34.15,75.0,1.0,0,-13.2,-3.0,-11.6,-1.6,2026-01
2026-01-27,2887,台新新光金,金融保險,進榜,準備,22.32,71.0,1.0,0,5.2,-3.0,3.2,-1.6,2026-01
2026-01-27,2303,聯電,半導體業,觸發,,74.92,84.0,,8,-18.6,-3.0,19.9,-1.6,2026-01
2026-01-27,1717,長興,化學工業,移出,離高點太遠,60.25,90.0,,22,,,,,2026-01
2026-01-27,6282,康舒,電子零組件業,移出,離高點太遠,52.9,83.0,,18,,,,,2026-01
2026-01-27,8042,金山電,電子零組件業,移出,離高點太遠,64.01,87.0,,13,,,,,2026-01
2026-01-27,5381,光譜,電子零組件業,移出,離高點太遠,34.53,70.0,,12,,,,,2026-01
2026-01-27,3543,州巧,光電業,移出,掉出掃描母體,48.07,73.0,,5,,,,,2026-01
2026-01-27,6016,康和證,金融業,移出,掉出掃描母體,14.26,72.0,,4,,,,,2026-01
2026-01-27,6190,萬泰科,通信網路業,移出,掉出掃描母體,55.49,72.0,,1,,,,,2026-01
2026-01-28,3163,波若威,通信網路業,進榜,觸發,396.09,94.0,5.0,0,39.5,-6.1,132.6,-1.3,2026-01
2026-01-28,3163,波若威,通信網路業,觸發,進榜即觸發,396.09,94.0,5.0,0,39.5,-6.1,132.6,-1.3,2026-01
2026-01-28,7777,能率亞洲,其他,進榜,觸發,37.25,89.0,2.0,0,-31.0,-6.1,-25.5,-1.3,2026-01
2026-01-28,7777,能率亞洲,其他,觸發,進榜即觸發,37.25,89.0,2.0,0,-31.0,-6.1,-25.5,-1.3,2026-01
2026-01-28,6291,沛亨,半導體業,進榜,觸發,218.62,82.0,2.0,0,11.7,-6.1,120.5,-1.3,2026-01
2026-01-28,6291,沛亨,半導體業,觸發,進榜即觸發,218.62,82.0,2.0,0,11.7,-6.1,120.5,-1.3,2026-01
2026-01-28,3006,晶豪科,電子工業,進榜,準備,165.22,96.0,2.0,0,-20.5,-6.1,18.4,-1.3,2026-01
2026-01-28,6442,光聖,通信網路業,進榜,準備,1556.56,93.0,3.0,0,8.9,-6.1,33.4,-1.3,2026-01
2026-01-28,7792,安葆,其他電子業,進榜,準備,393.48,91.0,2.0,0,-19.8,-6.1,-19.8,-1.3,2026-01
2026-01-28,2486,一詮,光電業,進榜,準備,130.76,85.0,1.0,0,-6.9,-6.1,112.2,-1.3,2026-01
2026-01-28,1326,台化,塑膠工業,進榜,準備,43.6,77.0,1.0,0,-2.4,-6.1,12.1,-1.3,2026-01
2026-01-28,2009,第一銅,鋼鐵工業,進榜,準備,51.43,72.0,2.0,0,-20.4,-6.1,-24.4,-1.3,2026-01
2026-01-28,6016,康和證,金融業,進榜,準備,14.44,72.0,1.0,0,-1.2,-6.1,33.9,-1.3,2026-01
2026-01-28,1608,華榮,電器電纜,進榜,準備,38.0,71.0,1.0,0,-15.2,-6.1,-15.4,-1.3,2026-01
2026-01-28,2484,希華,電子工業,進榜,準備,29.92,71.0,1.0,0,-14.4,-6.1,48.5,-1.3,2026-01
2026-01-28,8299,群聯,半導體業,觸發,,2268.44,99.0,,26,-29.8,-6.1,4.6,-1.3,2026-01
2026-01-28,2344,華邦電,半導體業,觸發,,126.34,100.0,,26,-20.5,-6.1,-9.8,-1.3,2026-01
2026-01-28,2419,仲琦,通信網路業,移出,掉出掃描母體,34.15,75.0,,1,,,,,2026-01
2026-01-28,2887,台新新光金,金融保險,移出,掉出掃描母體,22.32,71.0,,1,,,,,2026-01
2026-01-28,2441,超豐,半導體業,移出,離高點太遠,91.6,76.0,,26,,,,,2026-01
2026-01-28,4916,事欣科,電腦及週邊設備業,移出,掉出掃描母體,69.31,73.0,,2,,,,,2026-01
2026-01-29,6588,東典光電,通信網路業,進榜,觸發,61.4,93.0,4.0,0,18.2,-4.5,132.9,-1.0,2026-01
2026-01-29,6588,東典光電,通信網路業,觸發,進榜即觸發,61.4,93.0,4.0,0,18.2,-4.5,132.9,-1.0,2026-01
2026-01-29,6426,統新,通信網路業,進榜,觸發,111.5,78.0,3.0,0,9.0,-4.5,135.0,-1.0,2026-01
2026-01-29,6426,統新,通信網路業,觸發,進榜即觸發,111.5,78.0,3.0,0,9.0,-4.5,135.0,-1.0,2026-01
2026-01-29,2233,宇隆,汽車工業,進榜,觸發,258.8,74.0,4.0,0,-20.2,-4.5,10.4,-1.0,2026-01
2026-01-29,2233,宇隆,汽車工業,觸發,進榜即觸發,258.8,74.0,4.0,0,-20.2,-4.5,10.4,-1.0,2026-01
2026-01-29,2887,台新新光金,金融保險,進榜,準備,21.98,70.0,1.0,0,6.3,-4.5,4.2,-1.0,2026-01
2026-01-29,6442,光聖,通信網路業,觸發,,1710.23,95.0,,1,-1.2,-4.5,13.9,-1.0,2026-01
2026-01-29,6155,鈞寶,電子零組件業,移出,離高點太遠,53.6,93.0,,27,,,,,2026-01
2026-01-29,8150,南茂,電子工業,移出,離高點太遠,61.42,93.0,,27,,,,,2026-01
2026-01-29,6163,華電網,通信網路業,移出,離高點太遠,64.3,97.0,,17,,,,,2026-01
2026-01-29,2375,凱美,電子工業,移出,晚期未觸發,94.08,70.0,,16,,,,,2026-01
2026-01-29,3624,光頡,電子零組件業,移出,離高點太遠,57.62,73.0,,16,,,,,2026-01
2026-01-29,2492,華新科,電子工業,移出,離高點太遠,139.76,73.0,,16,,,,,2026-01
2026-01-29,8103,瀚荃,電子工業,移出,掉出掃描母體,92.11,80.0,,10,,,,,2026-01
2026-01-29,3372,典範,半導體業,移出,離高點太遠,21.05,79.0,,9,,,,,2026-01
2026-01-29,3016,嘉晶,半導體業,移出,離高點太遠,63.62,81.0,,9,,,,,2026-01
2026-01-29,2489,瑞軒,光電業,移出,離高點太遠,20.61,78.0,,3,,,,,2026-01
2026-01-30,6683,雍智科技,半導體業,進榜,觸發,573.09,78.0,2.0,0,87.5,-1.8,294.1,0.0,2026-01
2026-01-30,6683,雍智科技,半導體業,觸發,進榜即觸發,573.09,78.0,2.0,0,87.5,-1.8,294.1,0.0,2026-01
2026-01-30,4958,臻鼎-KY,電子零組件業,進榜,觸發,194.17,75.0,2.0,0,-10.7,-1.8,110.7,0.0,2026-01
2026-01-30,4958,臻鼎-KY,電子零組件業,觸發,進榜即觸發,194.17,75.0,2.0,0,-10.7,-1.8,110.7,0.0,2026-01
2026-01-30,3028,增你強,電子工業,進榜,觸發,43.33,71.0,3.0,0,8.9,-1.8,64.1,0.0,2026-01
2026-01-30,3028,增你強,電子工業,觸發,進榜即觸發,43.33,71.0,3.0,0,8.9,-1.8,64.1,0.0,2026-01
2026-01-30,8112,至上,電子工業,進榜,準備,79.72,84.0,2.0,0,0.9,-1.8,2.6,0.0,2026-01
2026-01-30,2885,元大金,金融保險,進榜,準備,40.21,70.0,2.0,0,3.0,-1.8,31.2,0.0,2026-01
2026-01-30,3006,晶豪科,電子工業,觸發,,194.08,98.0,,2,-18.2,-1.8,13.8,0.0,2026-01
2026-01-30,2867,三商壽,金融保險,移出,掉出掃描母體,7.97,71.0,,28,,,,,2026-01
2026-01-30,1608,華榮,電器電纜,移出,掉出掃描母體,37.95,72.0,,2,,,,,2026-01
2026-01-30,2484,希華,電子工業,移出,掉出掃描母體,30.17,72.0,,2,,,,,2026-01
2026-01-30,3357,臺慶科,電子零組件業,移出,掉出掃描母體,155.82,73.0,,28,,,,,2026-01
2026-01-30,8021,尖點,其他電子業,移出,離高點太遠,204.17,98.0,,23,,,,,2026-01
2026-01-30,2406,國碩,光電業,移出,離高點太遠,27.85,91.0,,18,,,,,2026-01
2026-01-30,6173,信昌電,電子零組件業,移出,掉出掃描母體,71.72,81.0,,16,,,,,2026-01
2026-01-30,1802,台玻,玻璃陶瓷,移出,離高點太遠,48.25,92.0,,15,,,,,2026-01
2026-01-30,5347,世界,半導體業,移出,離高點太遠,140.19,79.0,,14,,,,,2026-01
2026-01-30,6217,中探針,電子零組件業,移出,離高點太遠,59.5,81.0,,11,,,,,2026-01
2026-01-30,2303,聯電,半導體業,移出,離高點太遠,61.35,74.0,,11,,,,,2026-01
2026-01-30,6435,大中,半導體業,移出,突破失敗,135.93,76.0,,9,,,,,2026-01
2026-01-30,3707,漢磊,半導體業,移出,離高點太遠,59.8,73.0,,9,,,,,2026-01
2026-01-30,6209,今國光,光電業,移出,離高點太遠,65.03,92.0,,4,,,,,2026-01
2026-01-30,6134,萬旭,電子零組件業,移出,離高點太遠,28.83,76.0,,4,,,,,2026-01
2026-01-30,6133,金橋,電子零組件業,移出,離高點太遠,24.75,85.0,,4,,,,,2026-01
2026-01-30,2009,第一銅,鋼鐵工業,移出,晚期未觸發,49.55,71.0,,2,,,,,2026-01
2026-02-02,3363,上詮,通信網路業,進榜,觸發,458.0,78.0,6.0,0,27.7,-0.8,100.9,0.7,2026-02
2026-02-02,3363,上詮,通信網路業,觸發,進榜即觸發,458.0,78.0,6.0,0,27.7,-0.8,100.9,0.7,2026-02
2026-02-02,5386,青雲,電腦及週邊設備業,進榜,觸發,69.06,77.0,1.0,0,176.4,-0.8,330.8,0.7,2026-02
2026-02-02,5386,青雲,電腦及週邊設備業,觸發,進榜即觸發,69.06,77.0,1.0,0,176.4,-0.8,330.8,0.7,2026-02
2026-02-02,1590,亞德客-KY,電機機械,進榜,準備,1146.18,73.0,3.0,0,-12.0,-0.8,31.2,0.7,2026-02
2026-02-02,6548,長科*,半導體業,移出,離高點太遠,54.4,85.0,,31,,,,,2026-02
2026-02-02,8110,華東,電子工業,移出,離高點太遠,69.33,100.0,,31,,,,,2026-02
2026-02-02,8131,福懋科,半導體業,移出,離高點太遠,70.15,95.0,,31,,,,,2026-02
2026-02-02,2327,國巨*,電子工業,移出,離高點太遠,256.16,83.0,,28,,,,,2026-02
2026-02-02,1303,南亞,塑膠工業,移出,離高點太遠,70.26,87.0,,26,,,,,2026-02
2026-02-02,6182,合晶,半導體業,移出,離高點太遠,34.81,74.0,,26,,,,,2026-02
2026-02-02,7610,聯友金屬,綠能環保,移出,晚期未觸發,157.2,94.0,,24,,,,,2026-02
2026-02-02,3105,穩懋,半導體業,移出,離高點太遠,220.57,95.0,,24,,,,,2026-02
2026-02-02,3025,星通,電子工業,移出,離高點太遠,62.31,78.0,,21,,,,,2026-02
2026-02-02,2478,大毅,電子工業,移出,掉出掃描母體,64.88,71.0,,21,,,,,2026-02
2026-02-02,3265,台星科,半導體業,移出,離高點太遠,129.62,72.0,,20,,,,,2026-02
2026-02-02,3691,碩禾,光電業,移出,離高點太遠,114.0,84.0,,17,,,,,2026-02
2026-02-02,3595,山太士,光電業,移出,離高點太遠,491.5,93.0,,13,,,,,2026-02
2026-02-02,3532,台勝科,半導體業,移出,離高點太遠,132.71,78.0,,10,,,,,2026-02
2026-02-02,7792,安葆,其他電子業,移出,離高點太遠,337.27,89.0,,5,,,,,2026-02
2026-02-02,1326,台化,塑膠工業,移出,離高點太遠,38.51,73.0,,5,,,,,2026-02
2026-02-02,7777,能率亞洲,其他,移出,突破失敗,33.9,92.0,,5,,,,,2026-02
2026-02-03,7728,光焱科技,其他電子業,進榜,觸發,802.15,97.0,2.0,0,-5.6,-1.4,-8.5,0.0,2026-02
2026-02-03,7728,光焱科技,其他電子業,觸發,進榜即觸發,802.15,97.0,2.0,0,-5.6,-1.4,-8.5,0.0,2026-02
2026-02-03,4542,科嶠,電子零組件業,進榜,觸發,109.9,89.0,3.0,0,58.4,-1.4,98.8,0.0,2026-02
2026-02-03,4542,科嶠,電子零組件業,觸發,進榜即觸發,109.9,89.0,3.0,0,58.4,-1.4,98.8,0.0,2026-02
2026-02-03,3017,奇鋐,電子工業,進榜,觸發,1623.75,80.0,4.0,0,14.1,-1.4,58.1,0.0,2026-02
2026-02-03,3017,奇鋐,電子工業,觸發,進榜即觸發,1623.75,80.0,4.0,0,14.1,-1.4,58.1,0.0,2026-02
2026-02-03,2467,志聖,電子工業,進榜,準備,263.99,86.0,3.0,0,36.4,-1.4,134.9,0.0,2026-02
2026-02-03,8027,鈦昇,電機機械,進榜,準備,117.0,74.0,2.0,0,-6.8,-1.4,113.7,0.0,2026-02
2026-02-03,2454,聯發科,半導體業,進榜,準備,1784.34,73.0,3.0,0,-4.2,-1.4,94.7,0.0,2026-02
2026-02-03,2867,三商壽,金融保險,進榜,準備,7.87,71.0,1.0,0,0.4,-1.4,-1.8,0.0,2026-02
2026-02-03,5274,信驊,半導體業,觸發,,8859.14,91.0,,26,7.2,-1.4,82.0,0.0,2026-02
2026-02-03,2885,元大金,金融保險,移出,掉出掃描母體,39.42,72.0,,4,,,,,2026-02
2026-02-03,6770,力積電,半導體業,移出,離高點太遠,59.5,99.0,,32,,,,,2026-02
2026-02-03,8299,群聯,半導體業,移出,離高點太遠,1975.58,98.0,,32,,,,,2026-02
2026-02-03,3260,威剛,半導體業,移出,離高點太遠,302.38,97.0,,32,,,,,2026-02
2026-02-03,4967,十銓,半導體業,移出,離高點太遠,214.56,96.0,,32,,,,,2026-02
2026-02-03,2344,華邦電,半導體業,移出,離高點太遠,104.95,100.0,,32,,,,,2026-02
2026-02-03,8390,金益鼎,其他,移出,晚期未觸發,89.84,79.0,,22,,,,,2026-02
2026-02-03,6257,矽格,半導體業,移出,晚期未觸發,124.53,77.0,,21,,,,,2026-02
2026-02-03,8112,至上,電子工業,移出,掉出掃描母體,71.8,81.0,,4,,,,,2026-02
2026-02-04,6285,啟碁,通信網路業,進榜,觸發,204.06,84.0,2.0,0,-15.7,-1.9,26.3,-0.4,2026-02
2026-02-04,6285,啟碁,通信網路業,觸發,進榜即觸發,204.06,84.0,2.0,0,-15.7,-1.9,26.3,-0.4,2026-02
2026-02-04,4991,環宇-KY,半導體業,進榜,觸發,265.5,83.0,4.0,0,29.6,-1.9,166.7,-0.4,2026-02
2026-02-04,4991,環宇-KY,半導體業,觸發,進榜即觸發,265.5,83.0,4.0,0,29.6,-1.9,166.7,-0.4,2026-02
2026-02-04,6568,宏觀,半導體業,進榜,觸發,165.05,77.0,3.0,0,24.6,-1.9,27.3,-0.4,2026-02
2026-02-04,6568,宏觀,半導體業,觸發,進榜即觸發,165.05,77.0,3.0,0,24.6,-1.9,27.3,-0.4,2026-02
2026-02-04,6830,汎銓,其他電子業,進榜,觸發,206.69,71.0,2.0,0,71.5,-1.9,251.7,-0.4,2026-02
2026-02-04,6830,汎銓,其他電子業,觸發,進榜即觸發,206.69,71.0,2.0,0,71.5,-1.9,251.7,-0.4,2026-02
2026-02-04,3221,台嘉碩,通信網路業,進榜,準備,31.0,83.0,1.0,0,-11.1,-1.9,34.3,-0.4,2026-02
2026-02-04,6903,巨漢,其他電子業,移出,離高點太遠,240.65,92.0,,23,,,,,2026-02
2026-02-04,2233,宇隆,汽車工業,移出,掉出掃描母體,256.35,72.0,,6,,,,,2026-02
2026-02-05,8210,勤誠,電子工業,進榜,觸發,1073.54,88.0,6.0,0,-18.8,-0.7,30.0,-0.7,2026-02
2026-02-05,8210,勤誠,電子工業,觸發,進榜即觸發,1073.54,88.0,6.0,0,-18.8,-0.7,30.0,-0.7,2026-02
2026-02-05,6244,茂迪,光電業,進榜,觸發,29.44,86.0,1.0,0,12.3,-0.7,-6.9,-0.7,2026-02
2026-02-05,6244,茂迪,光電業,觸發,進榜即觸發,29.44,86.0,1.0,0,12.3,-0.7,-6.9,-0.7,2026-02
2026-02-05,2408,南亞科,半導體業,移出,離高點太遠,274.12,100.0,,34,,,,,2026-02
2026-02-05,3443,創意,半導體業,移出,離高點太遠,2329.39,84.0,,31,,,,,2026-02
2026-02-05,2495,普安,其他電子業,移出,離高點太遠,31.1,75.0,,29,,,,,2026-02
2026-02-05,3028,增你強,電子工業,移出,離高點太遠,42.48,71.0,,6,,,,,2026-02
2026-02-05,6285,啟碁,通信網路業,移出,突破失敗,183.9,81.0,,1,,,,,2026-02
2026-02-06,7610,聯友金屬,綠能環保,進榜,準備,180.65,97.0,3.0,0,46.2,0.4,369.2,0.0,2026-02
2026-02-06,7744,崴寶,電子零組件業,進榜,準備,357.96,74.0,3.0,0,30.9,0.4,49.3,0.0,2026-02
2026-02-06,2885,元大金,金融保險,進榜,準備,39.84,70.0,1.0,0,4.7,0.4,27.3,0.0,2026-02
2026-02-06,2337,旺宏,半導體業,移出,離高點太遠,80.8,99.0,,35,,,,,2026-02
2026-02-06,3037,欣興,電子工業,移出,離高點太遠,339.31,96.0,,32,,,,,2026-02
2026-02-06,2331,精英,電子工業,移出,離高點太遠,25.25,72.0,,24,,,,,2026-02
2026-02-06,2485,兆赫,通信網路業,移出,離高點太遠,41.45,99.0,,24,,,,,2026-02
2026-02-06,3138,耀登,通信網路業,移出,離高點太遠,172.33,91.0,,24,,,,,2026-02
2026-02-06,1519,華城,電機機械,移出,離高點太遠,814.51,72.0,,23,,,,,2026-02
2026-02-06,5340,建榮,電子零組件業,移出,離高點太遠,101.33,94.0,,22,,,,,2026-02
2026-02-06,7795,長廣,電子零組件業,移出,離高點太遠,379.05,94.0,,21,,,,,2026-02
2026-02-06,3264,欣銓,半導體業,移出,離高點太遠,140.21,90.0,,18,,,,,2026-02
2026-02-06,6291,沛亨,半導體業,移出,離高點太遠,209.28,85.0,,9,,,,,2026-02
2026-02-06,3006,晶豪科,電子工業,移出,離高點太遠,159.25,97.0,,9,,,,,2026-02
2026-02-06,8027,鈦昇,電機機械,移出,掉出掃描母體,113.5,70.0,,3,,,,,2026-02
2026-02-06,7728,光焱科技,其他電子業,移出,離高點太遠,748.08,97.0,,3,,,,,2026-02
2026-02-06,8210,勤誠,電子工業,移出,突破失敗,966.68,84.0,,1,,,,,2026-02
2026-02-06,6244,茂迪,光電業,移出,突破失敗,26.51,82.0,,1,,,,,2026-02
2026-02-09,6584,南俊國際,電子零組件業,進榜,觸發,377.0,84.0,4.0,0,21.1,-0.5,74.3,-0.1,2026-02
2026-02-09,6584,南俊國際,電子零組件業,觸發,進榜即觸發,377.0,84.0,4.0,0,21.1,-0.5,74.3,-0.1,2026-02
2026-02-09,2345,智邦,通信網路業,進榜,觸發,1294.75,71.0,6.0,0,21.8,-0.5,83.1,-0.1,2026-02
2026-02-09,2345,智邦,通信網路業,觸發,進榜即觸發,1294.75,71.0,6.0,0,21.8,-0.5,83.1,-0.1,2026-02
2026-02-09,7610,聯友金屬,綠能環保,移出,晚期未觸發,198.35,98.0,,3,,,,,2026-02
2026-02-09,3711,日月光投控,半導體業,移出,晚期未觸發,324.04,90.0,,38,,,,,2026-02
2026-02-10,7610,聯友金屬,綠能環保,進榜,觸發,218.1,98.0,4.0,0,20.8,-0.4,322.6,0.0,2026-02
2026-02-10,7610,聯友金屬,綠能環保,觸發,進榜即觸發,218.1,98.0,4.0,0,20.8,-0.4,322.6,0.0,2026-02
2026-02-10,7751,竑騰,電子工業,進榜,觸發,915.88,93.0,3.0,0,74.2,-0.4,63.8,0.0,2026-02
2026-02-10,7751,竑騰,電子工業,觸發,進榜即觸發,915.88,93.0,3.0,0,74.2,-0.4,63.8,0.0,2026-02
2026-02-10,2489,瑞軒,光電業,進榜,準備,24.56,90.0,1.0,0,53.4,-0.4,68.8,0.0,2026-02
2026-02-10,8390,金益鼎,其他,進榜,準備,102.55,85.0,3.0,0,-11.5,-0.4,6.1,0.0,2026-02
2026-02-10,2330,台積電,半導體業,觸發,,1868.9,81.0,,25,-1.8,-0.4,16.6,0.0,2026-02
2026-02-10,7744,崴寶,電子零組件業,移出,掉出掃描母體,383.6,75.0,,4,,,,,2026-02
2026-02-10,6443,元晶,電子工業,移出,離高點太遠,37.7,96.0,,33,,,,,2026-02
2026-02-10,2367,燿華,電子工業,移出,離高點太遠,51.32,91.0,,26,,,,,2026-02
2026-02-10,4958,臻鼎-KY,電子零組件業,移出,掉出掃描母體,180.76,72.0,,11,,,,,2026-02
2026-02-10,3221,台嘉碩,通信網路業,移出,離高點太遠,26.62,75.0,,6,,,,,2026-02
2026-02-11,5475,德宏,電子零組件業,進榜,觸發,163.0,99.0,4.0,0,21.2,-1.7,76.1,0.2,2026-02
2026-02-11,5475,德宏,電子零組件業,觸發,進榜即觸發,163.0,99.0,4.0,0,21.2,-1.7,76.1,0.2,2026-02
2026-02-11,7750,新代,電機機械,進榜,觸發,1214.44,85.0,5.0,0,5.7,-1.7,98.0,0.2,2026-02
2026-02-11,7750,新代,電機機械,觸發,進榜即觸發,1214.44,85.0,5.0,0,5.7,-1.7,98.0,0.2,2026-02
2026-02-11,8103,瀚荃,電子工業,進榜,觸發,106.17,78.0,3.0,0,-24.2,-1.7,-5.5,0.2,2026-02
2026-02-11,8103,瀚荃,電子工業,觸發,進榜即觸發,106.17,78.0,3.0,0,-24.2,-1.7,-5.5,0.2,2026-02
2026-02-11,2337,旺宏,半導體業,進榜,準備,98.5,100.0,2.0,0,50.8,-1.7,43.1,0.2,2026-02
2026-02-11,6291,沛亨,半導體業,進榜,準備,271.68,92.0,3.0,0,23.9,-1.7,81.1,0.2,2026-02
2026-02-11,2360,致茂,其他電子業,進榜,準備,1041.19,88.0,3.0,0,44.8,-1.7,116.2,0.2,2026-02
2026-02-11,7734,印能科技,半導體業,進榜,準備,1560.23,84.0,3.0,0,12.1,-1.7,120.1,0.2,2026-02
2026-02-11,2867,三商壽,金融保險,觸發,,8.02,73.0,,8,-6.9,-1.7,-4.5,0.2,2026-02
2026-02-23,3105,穩懋,半導體業,進榜,觸發,269.37,97.0,2.0,0,15.9,-2.8,96.3,0.0,2026-02
2026-02-23,3105,穩懋,半導體業,觸發,進榜即觸發,269.37,97.0,2.0,0,15.9,-2.8,96.3,0.0,2026-02
2026-02-23,6217,中探針,電子零組件業,進榜,觸發,70.5,88.0,5.0,0,118.4,-2.8,285.8,0.0,2026-02
2026-02-23,6217,中探針,電子零組件業,觸發,進榜即觸發,70.5,88.0,5.0,0,118.4,-2.8,285.8,0.0,2026-02
2026-02-23,7744,崴寶,電子零組件業,進榜,觸發,398.88,76.0,3.0,0,13.3,-2.8,23.9,0.0,2026-02
2026-02-23,7744,崴寶,電子零組件業,觸發,進榜即觸發,398.88,76.0,3.0,0,13.3,-2.8,23.9,0.0,2026-02
2026-02-23,2515,中工,建材營造,進榜,觸發,16.53,73.0,2.0,0,-21.0,-2.8,-23.1,0.0,2026-02
2026-02-23,2515,中工,建材營造,觸發,進榜即觸發,16.53,73.0,2.0,0,-21.0,-2.8,-23.1,0.0,2026-02
2026-02-23,3037,欣興,電子工業,進榜,準備,404.67,97.0,1.0,0,13.4,-2.8,139.2,0.0,2026-02
2026-02-23,3576,聯合再生,光電業,進榜,準備,16.65,96.0,3.0,0,24.3,-2.8,9.6,0.0,2026-02
2026-02-23,1303,南亞,塑膠工業,進榜,準備,83.2,90.0,2.0,0,-13.5,-2.8,3.7,0.0,2026-02
2026-02-23,1560,中砂,電機機械,進榜,準備,464.39,80.0,3.0,0,-4.6,-2.8,47.2,0.0,2026-02
2026-02-23,6271,同欣電,半導體業,進榜,準備,163.43,78.0,3.0,0,-12.7,-2.8,36.9,0.0,2026-02
2026-02-23,1711,永光,化學工業,進榜,準備,25.3,76.0,2.0,0,52.6,-2.8,102.0,0.0,2026-02
2026-02-23,5234,達興材料,電子工業,進榜,準備,402.71,75.0,3.0,0,-11.6,-2.8,10.1,0.0,2026-02
2026-02-23,2489,瑞軒,光電業,觸發,,29.04,92.0,,13,5.7,-2.8,72.5,0.0,2026-02
2026-02-23,3715,定穎投控,電子零組件業,移出,掉出掃描母體,140.11,74.0,,45,,,,,2026-02
2026-02-23,3017,奇鋐,電子工業,移出,掉出掃描母體,1593.96,71.0,,20,,,,,2026-02
2026-02-23,8103,瀚荃,電子工業,移出,掉出掃描母體,106.17,78.0,,12,,,,,2026-02
2026-02-24,4577,達航科技,其他電子類,進榜,觸發,71.6,92.0,6.0,0,33.2,-2.3,94.8,0.0,2026-02
2026-02-24,4577,達航科技,其他電子類,觸發,進榜即觸發,71.6,92.0,6.0,0,33.2,-2.3,94.8,0.0,2026-02
2026-02-24,4979,華星光,通信網路業,進榜,觸發,390.98,91.0,4.0,0,8.3,-2.3,66.7,0.0,2026-02
2026-02-24,4979,華星光,通信網路業,觸發,進榜即觸發,390.98,91.0,4.0,0,8.3,-2.3,66.7,0.0,2026-02
2026-02-24,4927,泰鼎-KY,電子工業,進榜,觸發,40.25,84.0,1.0,0,6.0,-2.3,53.8,0.0,2026-02
2026-02-24,4927,泰鼎-KY,電子工業,觸發,進榜即觸發,40.25,84.0,1.0,0,6.0,-2.3,53.8,0.0,2026-02
2026-02-24,6770,力積電,半導體業,進榜,準備,73.46,99.0,2.0,0,-11.8,-2.3,-8.3,0.0,2026-02
2026-02-24,8021,尖點,其他電子業,進榜,準備,244.01,94.0,3.0,0,1.0,-2.3,89.4,0.0,2026-02
2026-02-24,2367,燿華,電子工業,進榜,準備,60.86,93.0,3.0,0,22.7,-2.3,14.5,0.0,2026-02
2026-02-24,3711,日月光投控,半導體業,進榜,準備,378.05,92.0,3.0,0,-7.7,-2.3,61.7,0.0,2026-02
2026-02-24,8358,金居,電子零組件業,進榜,準備,299.13,87.0,3.0,0,-24.5,-2.3,81.4,0.0,2026-02
2026-02-24,5864,致和證,金融業,進榜,準備,21.57,85.0,2.0,0,4.1,-2.3,39.5,0.0,2026-02
2026-02-24,6244,茂迪,光電業,進榜,準備,30.68,85.0,1.0,0,-3.9,-2.3,-0.6,0.0,2026-02
2026-02-24,3430,奇鈦科,化學工業,進榜,準備,76.94,76.0,2.0,0,-3.9,-2.3,127.9,0.0,2026-02
2026-02-24,2484,希華,電子工業,進榜,準備,30.02,73.0,3.0,0,-4.0,-2.3,78.9,0.0,2026-02
2026-02-24,4958,臻鼎-KY,電子零組件業,進榜,準備,210.06,71.0,2.0,0,-1.9,-2.3,150.1,0.0,2026-02
2026-02-25,4764,雙鍵,化學工業,進榜,觸發,131.16,96.0,3.0,0,-4.8,-2.6,150.6,-0.4,2026-02
2026-02-25,4764,雙鍵,化學工業,觸發,進榜即觸發,131.16,96.0,3.0,0,-4.8,-2.6,150.6,-0.4,2026-02
2026-02-25,4722,國精化,化學工業,進榜,觸發,206.2,91.0,6.0,0,-18.8,-2.6,33.1,-0.4,2026-02
2026-02-25,4722,國精化,化學工業,觸發,進榜即觸發,206.2,91.0,6.0,0,-18.8,-2.6,33.1,-0.4,2026-02
2026-02-25,5291,邑昇,電子零組件業,進榜,觸發,48.24,89.0,1.0,0,57.4,-2.6,53.7,-0.4,2026-02
2026-02-25,5291,邑昇,電子零組件業,觸發,進榜即觸發,48.24,89.0,1.0,0,57.4,-2.6,53.7,-0.4,2026-02
2026-02-25,1326,台化,塑膠工業,進榜,觸發,48.64,81.0,1.0,0,-8.3,-2.6,-9.6,-0.4,2026-02
2026-02-25,1326,台化,塑膠工業,觸發,進榜即觸發,48.64,81.0,1.0,0,-8.3,-2.6,-9.6,-0.4,2026-02
2026-02-25,3709,鑫聯大投控,電腦及週邊設備業,進榜,觸發,65.66,77.0,6.0,0,-4.6,-2.6,28.8,-0.4,2026-02
2026-02-25,3709,鑫聯大投控,電腦及週邊設備業,觸發,進榜即觸發,65.66,77.0,6.0,0,-4.6,-2.6,28.8,-0.4,2026-02
2026-02-25,4977,眾達-KY,電子工業,進榜,觸發,149.28,71.0,3.0,0,24.4,-2.6,49.5,-0.4,2026-02
2026-02-25,4977,眾達-KY,電子工業,觸發,進榜即觸發,149.28,71.0,3.0,0,24.4,-2.6,49.5,-0.4,2026-02
2026-02-25,2413,環科,電子工業,進榜,準備,54.57,97.0,3.0,0,0.9,-2.6,-6.7,-0.4,2026-02
2026-02-25,4971,IET-KY,半導體業,進榜,準備,449.05,96.0,3.0,0,16.9,-2.6,70.0,-0.4,2026-02
2026-02-25,6187,萬潤,其他電子類,進榜,準備,491.75,74.0,1.0,0,88.6,-2.6,131.9,-0.4,2026-02
2026-02-25,1312,國喬,塑膠工業,進榜,準備,14.27,70.0,1.0,0,-1.8,-2.6,-28.1,-0.4,2026-02
2026-02-25,3036,文曄,電子工業,進榜,準備,177.92,70.0,3.0,0,24.0,-2.6,60.4,-0.4,2026-02
2026-02-25,6271,同欣電,半導體業,觸發,,186.64,84.0,,2,-21.7,-2.6,37.8,-0.4,2026-02
2026-02-25,2867,三商壽,金融保險,移出,掉出掃描母體,8.15,70.0,,22,,,,,2026-02
2026-02-25,2515,中工,建材營造,移出,掉出掃描母體,17.43,75.0,,2,,,,,2026-02
2026-02-25,4958,臻鼎-KY,電子零組件業,移出,掉出掃描母體,210.06,71.0,,1,,,,,2026-02
2026-02-25,8155,博智,電子零組件業,移出,掉出掃描母體,215.28,76.0,,30,,,,,2026-02
2026-02-26,4768,晶呈科技,化學工業,進榜,觸發,456.89,97.0,4.0,0,4.5,-3.0,8.4,-1.0,2026-02
2026-02-26,4768,晶呈科技,化學工業,觸發,進榜即觸發,456.89,97.0,4.0,0,4.5,-3.0,8.4,-1.0,2026-02
2026-02-26,6903,巨漢,其他電子業,進榜,觸發,308.63,92.0,4.0,0,-6.2,-3.0,33.6,-1.0,2026-02
2026-02-26,6903,巨漢,其他電子業,觸發,進榜即觸發,308.63,92.0,4.0,0,-6.2,-3.0,33.6,-1.0,2026-02
2026-02-26,6223,旺矽,半導體業,進榜,觸發,2934.97,90.0,6.0,0,24.4,-3.0,117.0,-1.0,2026-02
2026-02-26,6223,旺矽,半導體業,觸發,進榜即觸發,2934.97,90.0,6.0,0,24.4,-3.0,117.0,-1.0,2026-02
2026-02-26,6739,竹陞科技,其他電子業,進榜,觸發,1082.06,90.0,4.0,0,12.3,-3.0,18.3,-1.0,2026-02
2026-02-26,6739,竹陞科技,其他電子業,觸發,進榜即觸發,1082.06,90.0,4.0,0,12.3,-3.0,18.3,-1.0,2026-02
2026-02-26,6257,矽格,半導體業,進榜,觸發,148.16,85.0,4.0,0,-3.0,-3.0,55.1,-1.0,2026-02
2026-02-26,6257,矽格,半導體業,觸發,進榜即觸發,148.16,85.0,4.0,0,-3.0,-3.0,55.1,-1.0,2026-02
2026-02-26,2455,全新,通信網路業,進榜,觸發,216.03,74.0,3.0,0,24.4,-3.0,92.4,-1.0,2026-02
2026-02-26,2455,全新,通信網路業,觸發,進榜即觸發,216.03,74.0,3.0,0,24.4,-3.0,92.4,-1.0,2026-02
2026-02-26,6691,洋基工程,其他電子業,進榜,觸發,602.44,74.0,4.0,0,-13.3,-3.0,-1.3,-1.0,2026-02
2026-02-26,6691,洋基工程,其他電子業,觸發,進榜即觸發,602.44,74.0,4.0,0,-13.3,-3.0,-1.3,-1.0,2026-02
2026-02-26,2472,立隆電,電子工業,進榜,觸發,125.1,73.0,5.0,0,2.0,-3.0,165.7,-1.0,2026-02
2026-02-26,2472,立隆電,電子工業,觸發,進榜即觸發,125.1,73.0,5.0,0,2.0,-3.0,165.7,-1.0,2026-02
2026-02-26,3450,聯鈞,其他電子業,進榜,觸發,308.88,72.0,2.0,0,-12.3,-3.0,61.9,-1.0,2026-02
2026-02-26,3450,聯鈞,其他電子業,觸發,進榜即觸發,308.88,72.0,2.0,0,-12.3,-3.0,61.9,-1.0,2026-02
2026-02-26,6789,采鈺,半導體業,進榜,觸發,340.09,72.0,2.0,0,-5.7,-3.0,58.8,-1.0,2026-02
2026-02-26,6789,采鈺,半導體業,觸發,進榜即觸發,340.09,72.0,2.0,0,-5.7,-3.0,58.8,-1.0,2026-02
2026-02-26,6805,富世達,電子工業,進榜,觸發,1698.12,72.0,5.0,0,11.4,-3.0,1.8,-1.0,2026-02
2026-02-26,6805,富世達,電子工業,觸發,進榜即觸發,1698.12,72.0,5.0,0,11.4,-3.0,1.8,-1.0,2026-02
2026-02-26,3357,臺慶科,電子零組件業,進榜,觸發,180.4,71.0,3.0,0,-16.6,-3.0,55.6,-1.0,2026-02
2026-02-26,3357,臺慶科,電子零組件業,觸發,進榜即觸發,180.4,71.0,3.0,0,-16.6,-3.0,55.6,-1.0,2026-02
2026-02-26,6443,元晶,電子工業,進榜,準備,45.1,97.0,2.0,0,-0.2,-3.0,-9.0,-1.0,2026-02
2026-02-26,8150,南茂,電子工業,進榜,準備,70.6,94.0,3.0,0,-21.3,-3.0,31.3,-1.0,2026-02
2026-02-26,8438,昶昕,其他,進榜,準備,68.41,93.0,2.0,0,-5.3,-3.0,27.5,-1.0,2026-02
2026-02-26,1717,長興,化學工業,進榜,準備,67.93,85.0,3.0,0,-10.6,-3.0,24.0,-1.0,2026-02
2026-02-26,8039,台虹,電子工業,進榜,準備,95.6,85.0,3.0,0,16.0,-3.0,64.9,-1.0,2026-02
2026-02-26,3372,典範,半導體業,進榜,準備,24.43,83.0,3.0,0,-21.2,-3.0,-14.0,-1.0,2026-02
2026-02-26,3221,台嘉碩,通信網路業,進榜,準備,31.59,81.0,1.0,0,13.5,-3.0,77.6,-1.0,2026-02
2026-02-26,6862,三集瑞-KY,電子工業,進榜,準備,214.36,71.0,1.0,0,-15.5,-3.0,-15.5,-1.0,2026-02
2026-02-26,2855,統一證,金融保險,觸發,,30.94,73.0,,31,2.0,-3.0,39.2,-1.0,2026-02
2026-02-26,2360,致茂,其他電子業,觸發,,1368.43,93.0,,15,17.0,-3.0,90.2,-1.0,2026-02
2026-02-26,6187,萬潤,其他電子類,觸發,,540.13,77.0,,1,77.0,-3.0,106.6,-1.0,2026-02
2026-02-26,5234,達興材料,電子工業,移出,掉出掃描母體,442.54,77.0,,3,,,,,2026-02
2026-02-26,1312,國喬,塑膠工業,移出,掉出掃描母體,14.27,70.0,,1,,,,,2026-02
2026-02-26,6126,信音,電子零組件業,移出,掉出掃描母體,39.05,70.0,,36,,,,,2026-02
2026-02-26,2345,智邦,通信網路業,移出,掉出掃描母體,1438.61,73.0,,17,,,,,2026-02
2026-03-02,1802,台玻,玻璃陶瓷,進榜,觸發,67.2,88.0,4.0,0,-19.0,-3.7,4.8,-1.0,2026-03
2026-03-02,1802,台玻,玻璃陶瓷,觸發,進榜即觸發,67.2,88.0,4.0,0,-19.0,-3.7,4.8,-1.0,2026-03
2026-03-02,3701,大眾控,電子工業,進榜,觸發,64.7,86.0,3.0,0,-7.7,-3.7,-18.7,-1.0,2026-03
2026-03-02,3701,大眾控,電子工業,觸發,進榜即觸發,64.7,86.0,3.0,0,-7.7,-3.7,-18.7,-1.0,2026-03
2026-03-02,4989,榮科,電子零組件業,進榜,觸發,66.71,86.0,4.0,0,-8.2,-3.7,45.2,-1.0,2026-03
2026-03-02,4989,榮科,電子零組件業,觸發,進榜即觸發,66.71,86.0,4.0,0,-8.2,-3.7,45.2,-1.0,2026-03
2026-03-02,2605,新興,航運業,進榜,觸發,35.86,77.0,3.0,0,13.2,-3.7,-15.2,-1.0,2026-03
2026-03-02,2605,新興,航運業,觸發,進榜即觸發,35.86,77.0,3.0,0,13.2,-3.7,-15.2,-1.0,2026-03
2026-03-02,2338,光罩,半導體業,進榜,觸發,54.1,75.0,1.0,0,-15.9,-3.7,3.3,-1.0,2026-03
2026-03-02,2338,光罩,半導體業,觸發,進榜即觸發,54.1,75.0,1.0,0,-15.9,-3.7,3.3,-1.0,2026-03
2026-03-02,3563,牧德,光電業,進榜,觸發,615.85,74.0,5.0,0,34.6,-3.7,30.1,-1.0,2026-03
2026-03-02,3563,牧德,光電業,觸發,進榜即觸發,615.85,74.0,5.0,0,34.6,-3.7,30.1,-1.0,2026-03
2026-03-02,3138,耀登,通信網路業,進榜,準備,214.18,92.0,1.0,0,-18.2,-3.7,-26.2,-1.0,2026-03
2026-03-02,3481,群創,光電業,進榜,準備,27.91,91.0,2.0,0,-13.8,-3.7,62.5,-1.0,2026-03
2026-03-02,6152,百一,電子工業,進榜,準備,20.05,91.0,1.0,0,-18.0,-3.7,-25.2,-1.0,2026-03
2026-03-02,3615,安可,光電業,進榜,準備,31.84,71.0,2.0,0,-0.8,-3.7,50.5,-1.0,2026-03
2026-03-02,2467,志聖,電子工業,觸發,,349.68,90.0,,27,14.4,-3.7,74.8,-1.0,2026-03
2026-03-02,2367,燿華,電子工業,觸發,,70.51,94.0,,6,7.9,-3.7,-7.2,-1.0,2026-03
2026-03-02,6443,元晶,電子工業,觸發,,49.6,98.0,,4,-14.0,-3.7,-18.4,-1.0,2026-03
2026-03-02,8039,台虹,電子工業,觸發,,104.96,88.0,,4,4.7,-3.7,44.1,-1.0,2026-03
2026-03-02,6244,茂迪,光電業,觸發,,36.1,90.0,,6,-23.8,-3.7,-17.1,-1.0,2026-03
2026-03-02,6257,矽格,半導體業,移出,突破失敗,134.87,80.0,,4,,,,,2026-03
2026-03-02,2472,立隆電,電子工業,移出,掉出掃描母體,125.1,73.0,,4,,,,,2026-03
2026-03-03,2485,兆赫,通信網路業,進榜,觸發,54.4,99.0,3.0,0,46.3,-4.0,36.4,0.4,2026-03
2026-03-03,2485,兆赫,通信網路業,觸發,進榜即觸發,54.4,99.0,3.0,0,46.3,-4.0,36.4,0.4,2026-03
2026-03-03,3049,精金,電子工業,進榜,觸發,12.5,88.0,2.0,0,-8.4,-4.0,0.0,0.4,2026-03
2026-03-03,3049,精金,電子工業,觸發,進榜即觸發,12.5,88.0,2.0,0,-8.4,-4.0,0.0,0.4,2026-03
2026-03-03,2867,三商壽,金融保險,進榜,準備,8.17,71.0,1.0,0,-6.5,-4.0,-8.0,0.4,2026-03
2026-03-03,6134,萬旭,電子零組件業,進榜,準備,33.99,70.0,1.0,0,-17.4,-4.0,5.7,0.4,2026-03
2026-03-03,3576,聯合再生,光電業,觸發,,26.7,99.0,,8,-20.4,-4.0,-31.3,0.4,2026-03
2026-03-03,2489,瑞軒,光電業,移出,離高點太遠,39.27,96.0,,21,,,,,2026-03
2026-03-03,7769,鴻勁,半導體業,移出,離高點太遠,4097.88,92.0,,60,,,,,2026-03
2026-03-03,6239,力成,半導體業,移出,離高點太遠,226.54,86.0,,60,,,,,2026-03
2026-03-03,6510,精測,半導體業,移出,離高點太遠,3560.8,96.0,,41,,,,,2026-03
2026-03-03,6949,沛爾生醫-創,創新版股票,移出,離高點太遠,638.0,87.0,,36,,,,,2026-03
2026-03-03,2486,一詮,光電業,移出,離高點太遠,135.25,81.0,,34,,,,,2026-03
2026-03-03,6426,統新,通信網路業,移出,離高點太遠,162.5,92.0,,33,,,,,2026-03
2026-03-03,6588,東典光電,通信網路業,移出,離高點太遠,103.5,99.0,,33,,,,,2026-03
2026-03-03,2337,旺宏,半導體業,移出,晚期未觸發,104.5,100.0,,20,,,,,2026-03
2026-03-03,2484,希華,電子工業,移出,掉出掃描母體,29.92,72.0,,7,,,,,2026-03
2026-03-03,8358,金居,電子零組件業,移出,掉出掃描母體,285.19,73.0,,7,,,,,2026-03
2026-03-03,2413,環科,電子工業,移出,晚期未觸發,51.21,95.0,,6,,,,,2026-03
2026-03-03,4722,國精化,化學工業,移出,離高點太遠,188.27,79.0,,6,,,,,2026-03
2026-03-03,8150,南茂,電子工業,移出,離高點太遠,61.12,91.0,,5,,,,,2026-03
2026-03-03,6903,巨漢,其他電子業,移出,突破失敗,276.84,90.0,,5,,,,,2026-03
2026-03-03,6739,竹陞科技,其他電子業,移出,突破失敗,949.64,85.0,,5,,,,,2026-03
2026-03-03,6691,洋基工程,其他電子業,移出,掉出掃描母體,597.15,72.0,,5,,,,,2026-03
2026-03-03,3357,臺慶科,電子零組件業,移出,掉出掃描母體,198.09,77.0,,5,,,,,2026-03
2026-03-04,4123,晟德,生技醫療業,進榜,觸發,44.61,75.0,1.0,0,-14.9,0.0,-22.2,4.2,2026-03
2026-03-04,4123,晟德,生技醫療業,觸發,進榜即觸發,44.61,75.0,1.0,0,-14.9,0.0,-22.2,4.2,2026-03
2026-03-04,6861,睿生光電,化學生技醫療,進榜,準備,143.55,96.0,3.0,0,-8.7,0.0,174.0,4.2,2026-03
2026-03-04,3036,文曄,電子工業,觸發,,190.07,83.0,,7,15.1,0.0,47.1,4.2,2026-03
2026-03-04,2308,台達電,電子工業,移出,離高點太遠,1248.47,87.0,,61,,,,,2026-03
2026-03-04,5289,宜鼎,電腦及週邊設備業,移出,離高點太遠,721.28,95.0,,61,,,,,2026-03
2026-03-04,5274,信驊,半導體業,移出,離高點太遠,7832.06,85.0,,55,,,,,2026-03
2026-03-04,8996,高力,電機機械,移出,離高點太遠,744.96,90.0,,54,,,,,2026-03
2026-03-04,3491,昇達科,通信網路業,移出,離高點太遠,1522.0,100.0,,48,,,,,2026-03
2026-03-04,8046,南電,電子工業,移出,離高點太遠,449.06,94.0,,47,,,,,2026-03
2026-03-04,3234,光環,通信網路業,移出,離高點太遠,82.14,95.0,,42,,,,,2026-03
2026-03-04,6274,台燿,電子零組件業,移出,掉出掃描母體,533.73,75.0,,40,,,,,2026-03
2026-03-04,3163,波若威,通信網路業,移出,離高點太遠,612.17,99.0,,35,,,,,2026-03
2026-03-04,6442,光聖,通信網路業,移出,離高點太遠,2082.02,94.0,,35,,,,,2026-03
2026-03-04,6683,雍智科技,半導體業,移出,離高點太遠,746.21,91.0,,33,,,,,2026-03
2026-03-04,3363,上詮,通信網路業,移出,離高點太遠,559.0,86.0,,30,,,,,2026-03
2026-03-04,1590,亞德客-KY,電機機械,移出,晚期未觸發,1082.51,73.0,,30,,,,,2026-03
2026-03-04,2454,聯發科,半導體業,移出,晚期未觸發,1709.78,74.0,,29,,,,,2026-03
2026-03-04,4542,科嶠,電子零組件業,移出,離高點太遠,138.25,95.0,,29,,,,,2026-03
2026-03-04,6584,南俊國際,電子零組件業,移出,離高點太遠,367.5,81.0,,23,,,,,2026-03
2026-03-04,7610,聯友金屬,綠能環保,移出,離高點太遠,222.22,96.0,,22,,,,,2026-03
2026-03-04,8390,金益鼎,其他,移出,掉出掃描母體,97.26,76.0,,22,,,,,2026-03
2026-03-04,7751,竑騰,電子工業,移出,離高點太遠,1091.74,95.0,,22,,,,,2026-03
2026-03-04,5475,德宏,電子零組件業,移出,離高點太遠,173.0,99.0,,21,,,,,2026-03
2026-03-04,3037,欣興,電子工業,移出,離高點太遠,416.15,97.0,,9,,,,,2026-03
2026-03-04,7744,崴寶,電子零組件業,移出,離高點太遠,423.04,71.0,,9,,,,,2026-03
2026-03-04,1303,南亞,塑膠工業,移出,離高點太遠,78.92,87.0,,9,,,,,2026-03
2026-03-04,1560,中砂,電機機械,移出,晚期未觸發,460.91,82.0,,9,,,,,2026-03
2026-03-04,3105,穩懋,半導體業,移出,離高點太遠,292.27,98.0,,9,,,,,2026-03
2026-03-04,6271,同欣電,半導體業,移出,離高點太遠,153.06,76.0,,9,,,,,2026-03
2026-03-04,4979,華星光,通信網路業,移出,離高點太遠,416.35,93.0,,8,,,,,2026-03
2026-03-04,6770,力積電,半導體業,移出,離高點太遠,61.2,98.0,,8,,,,,2026-03
2026-03-04,3711,日月光投控,半導體業,移出,離高點太遠,324.54,90.0,,8,,,,,2026-03
2026-03-04,5864,致和證,金融業,移出,離高點太遠,20.45,85.0,,8,,,,,2026-03
2026-03-04,3430,奇鈦科,化學工業,移出,掉出掃描母體,72.59,73.0,,8,,,,,2026-03
2026-03-04,8021,尖點,其他電子業,移出,晚期未觸發,229.57,94.0,,8,,,,,2026-03
2026-03-04,4577,達航科技,其他電子類,移出,離高點太遠,81.0,92.0,,8,,,,,2026-03
2026-03-04,6244,茂迪,光電業,移出,離高點太遠,31.58,88.0,,8,,,,,2026-03
2026-03-04,4971,IET-KY,半導體業,移出,離高點太遠,449.05,97.0,,7,,,,,2026-03
2026-03-04,1326,台化,塑膠工業,移出,離高點太遠,43.06,79.0,,7,,,,,2026-03
2026-03-04,4764,雙鍵,化學工業,移出,離高點太遠,117.61,96.0,,7,,,,,2026-03
2026-03-04,3709,鑫聯大投控,電腦及週邊設備業,移出,離高點太遠,62.91,80.0,,7,,,,,2026-03
2026-03-04,5291,邑昇,電子零組件業,移出,離高點太遠,49.63,89.0,,7,,,,,2026-03
2026-03-04,8438,昶昕,其他,移出,離高點太遠,63.77,93.0,,6,,,,,2026-03
2026-03-04,1717,長興,化學工業,移出,離高點太遠,58.48,80.0,,6,,,,,2026-03
2026-03-04,3372,典範,半導體業,移出,離高點太遠,20.76,81.0,,6,,,,,2026-03
2026-03-04,6862,三集瑞-KY,電子工業,移出,掉出掃描母體,200.23,71.0,,6,,,,,2026-03
2026-03-04,6223,旺矽,半導體業,移出,突破失敗,2650.94,91.0,,6,,,,,2026-03
2026-03-04,6443,元晶,電子工業,移出,離高點太遠,45.5,98.0,,6,,,,,2026-03
2026-03-04,4768,晶呈科技,化學工業,移出,離高點太遠,446.57,97.0,,6,,,,,2026-03
2026-03-04,3138,耀登,通信網路業,移出,離高點太遠,192.51,92.0,,2,,,,,2026-03
2026-03-04,3481,群創,光電業,移出,離高點太遠,24.19,91.0,,2,,,,,2026-03
2026-03-04,1802,台玻,玻璃陶瓷,移出,離高點太遠,57.4,87.0,,2,,,,,2026-03
2026-03-04,2338,光罩,半導體業,移出,離高點太遠,48.65,72.0,,2,,,,,2026-03
2026-03-04,2485,兆赫,通信網路業,移出,突破失敗,49.8,99.0,,1,,,,,2026-03
2026-03-05,4130,健亞,生技醫療業,進榜,準備,34.95,87.0,2.0,0,-2.6,-1.8,-25.8,3.1,2026-03
2026-03-05,4749,新應材,光電業,進榜,準備,955.68,71.0,3.0,0,-17.1,-1.8,8.7,3.1,2026-03
2026-03-05,2313,華通,電子工業,移出,離高點太遠,201.51,96.0,,58,,,,,2026-03
2026-03-05,4991,環宇-KY,半導體業,移出,離高點太遠,333.0,93.0,,29,,,,,2026-03
2026-03-05,2885,元大金,金融保險,移出,掉出掃描母體,42.03,71.0,,27,,,,,2026-03
2026-03-05,3221,台嘉碩,通信網路業,移出,離高點太遠,30.35,82.0,,7,,,,,2026-03
2026-03-05,2455,全新,通信網路業,移出,離高點太遠,216.53,82.0,,7,,,,,2026-03
2026-03-05,3701,大眾控,電子工業,移出,離高點太遠,61.0,86.0,,3,,,,,2026-03
2026-03-05,2867,三商壽,金融保險,移出,掉出掃描母體,7.96,70.0,,2,,,,,2026-03
2026-03-05,4123,晟德,生技醫療業,移出,掉出掃描母體,44.61,75.0,,1,,,,,2026-03
2026-03-06,2485,兆赫,通信網路業,進榜,觸發,56.2,100.0,3.0,0,30.1,-2.1,23.1,3.7,2026-03
2026-03-06,2485,兆赫,通信網路業,觸發,進榜即觸發,56.2,100.0,3.0,0,30.1,-2.1,23.1,3.7,2026-03
2026-03-06,4764,雙鍵,化學工業,進榜,觸發,139.39,98.0,4.0,0,-13.9,-2.1,106.1,3.7,2026-03
2026-03-06,4764,雙鍵,化學工業,觸發,進榜即觸發,139.39,98.0,4.0,0,-13.9,-2.1,106.1,3.7,2026-03
2026-03-06,6683,雍智科技,半導體業,進榜,準備,902.41,94.0,3.0,0,63.2,-2.1,89.1,3.7,2026-03
2026-03-06,6640,均華,半導體業,進榜,準備,879.01,80.0,1.0,0,49.3,-2.1,42.0,3.7,2026-03
2026-03-06,3576,聯合再生,光電業,移出,離高點太遠,22.55,99.0,,11,,,,,2026-03
2026-03-06,3450,聯鈞,其他電子業,移出,離高點太遠,281.93,71.0,,8,,,,,2026-03
2026-03-06,3615,安可,光電業,移出,掉出掃描母體,32.92,71.0,,4,,,,,2026-03
2026-03-06,2605,新興,航運業,移出,離高點太遠,32.86,74.0,,4,,,,,2026-03
2026-03-06,6134,萬旭,電子零組件業,移出,掉出掃描母體,32.3,71.0,,3,,,,,2026-03
2026-03-09,2426,鼎元,光電業,進榜,觸發,25.02,84.0,1.0,0,56.1,1.7,188.2,7.5,2026-03
2026-03-09,2426,鼎元,光電業,觸發,進榜即觸發,25.02,84.0,1.0,0,56.1,1.7,188.2,7.5,2026-03
2026-03-09,6505,台塑化,油電燃氣業,進榜,觸發,66.68,84.0,1.0,0,-20.4,1.7,-15.7,7.5,2026-03
2026-03-09,6505,台塑化,油電燃氣業,觸發,進榜即觸發,66.68,84.0,1.0,0,-20.4,1.7,-15.7,7.5,2026-03
2026-03-09,1314,中石化,塑膠工業,進榜,觸發,9.81,71.0,1.0,0,-15.5,1.7,-15.9,7.5,2026-03
2026-03-09,1314,中石化,塑膠工業,觸發,進榜即觸發,9.81,71.0,1.0,0,-15.5,1.7,-15.9,7.5,2026-03
2026-03-09,6861,睿生光電,化學生技醫療,移出,晚期未觸發,134.61,96.0,,5,,,,,2026-03
2026-03-09,4749,新應材,光電業,移出,掉出掃描母體,1004.16,75.0,,4,,,,,2026-03
2026-03-09,3189,景碩,半導體業,移出,離高點太遠,264.05,95.0,,63,,,,,2026-03
2026-03-09,6291,沛亨,半導體業,移出,離高點太遠,244.17,85.0,,26,,,,,2026-03
2026-03-09,7734,印能科技,半導體業,移出,離高點太遠,1550.29,85.0,,26,,,,,2026-03
2026-03-09,2360,致茂,其他電子業,移出,離高點太遠,1229.6,93.0,,26,,,,,2026-03
2026-03-09,1711,永光,化學工業,移出,離高點太遠,25.25,79.0,,14,,,,,2026-03
2026-03-09,2367,燿華,電子工業,移出,離高點太遠,61.76,95.0,,13,,,,,2026-03
2026-03-09,4977,眾達-KY,電子工業,移出,離高點太遠,142.65,78.0,,12,,,,,2026-03
2026-03-09,8039,台虹,電子工業,移出,離高點太遠,95.3,89.0,,11,,,,,2026-03
2026-03-09,6789,采鈺,半導體業,移出,離高點太遠,309.76,71.0,,11,,,,,2026-03
2026-03-09,3563,牧德,光電業,移出,掉出掃描母體,608.98,72.0,,7,,,,,2026-03
2026-03-09,6152,百一,電子工業,移出,離高點太遠,18.25,93.0,,7,,,,,2026-03
2026-03-09,4989,榮科,電子零組件業,移出,離高點太遠,58.02,89.0,,7,,,,,2026-03
2026-03-09,4130,健亞,生技醫療業,移出,離高點太遠,32.5,87.0,,4,,,,,2026-03
2026-03-09,2485,兆赫,通信網路業,移出,突破失敗,51.4,99.0,,3,,,,,2026-03
2026-03-09,4764,雙鍵,化學工業,移出,突破失敗,125.84,98.0,,3,,,,,2026-03
2026-03-10,3653,健策,電子工業,進榜,觸發,3473.43,85.0,4.0,0,21.3,0.7,3.6,6.3,2026-03
2026-03-10,3653,健策,電子工業,觸發,進榜即觸發,3473.43,85.0,4.0,0,21.3,0.7,3.6,6.3,2026-03
2026-03-10,5246,勵威,半導體業,進榜,準備,134.0,100.0,3.0,0,11.6,0.7,37.7,6.3,2026-03
2026-03-10,5289,宜鼎,電腦及週邊設備業,進榜,準備,877.36,97.0,3.0,0,22.1,0.7,93.9,6.3,2026-03
2026-03-10,1785,光洋科,其他電子類,進榜,準備,72.78,74.0,2.0,0,41.9,0.7,84.5,6.3,2026-03
2026-03-10,6683,雍智科技,半導體業,觸發,,981.01,95.0,,4,61.8,0.7,63.3,6.3,2026-03
2026-03-10,6505,台塑化,油電燃氣業,移出,突破失敗,60.04,74.0,,1,,,,,2026-03
2026-03-10,1314,中石化,塑膠工業,移出,掉出掃描母體,9.81,71.0,,1,,,,,2026-03
2026-03-11,4764,雙鍵,化學工業,進榜,觸發,144.23,98.0,3.0,0,4.0,-0.3,82.4,1.8,2026-03
2026-03-11,4764,雙鍵,化學工業,觸發,進榜即觸發,144.23,98.0,3.0,0,4.0,-0.3,82.4,1.8,2026-03
2026-03-11,3481,群創,光電業,進榜,觸發,29.62,93.0,4.0,0,-14.2,-0.3,59.6,1.8,2026-03
2026-03-11,3481,群創,光電業,觸發,進榜即觸發,29.62,93.0,4.0,0,-14.2,-0.3,59.6,1.8,2026-03
2026-03-11,4973,廣穎,半導體業,進榜,觸發,54.89,90.0,4.0,0,40.8,-0.3,191.5,1.8,2026-03
2026-03-11,4973,廣穎,半導體業,觸發,進榜即觸發,54.89,90.0,4.0,0,40.8,-0.3,191.5,1.8,2026-03
2026-03-11,8039,台虹,電子工業,進榜,觸發,114.81,90.0,3.0,0,17.6,-0.3,12.0,1.8,2026-03
2026-03-11,8039,台虹,電子工業,觸發,進榜即觸發,114.81,90.0,3.0,0,17.6,-0.3,12.0,1.8,2026-03
2026-03-11,8271,宇瞻,半導體業,進榜,觸發,140.71,89.0,5.0,0,14.2,-0.3,45.8,1.8,2026-03
2026-03-11,8271,宇瞻,半導體業,觸發,進榜即觸發,140.71,89.0,5.0,0,14.2,-0.3,45.8,1.8,2026-03
2026-03-11,2368,金像電,電子零組件業,進榜,觸發,891.69,86.0,4.0,0,21.4,-0.3,51.4,1.8,2026-03
2026-03-11,2368,金像電,電子零組件業,觸發,進榜即觸發,891.69,86.0,4.0,0,21.4,-0.3,51.4,1.8,2026-03
2026-03-11,8112,至上,電子工業,進榜,觸發,80.47,85.0,2.0,0,-4.4,-0.3,-0.8,1.8,2026-03
2026-03-11,8112,至上,電子工業,觸發,進榜即觸發,80.47,85.0,2.0,0,-4.4,-0.3,-0.8,1.8,2026-03
2026-03-11,3167,大量,電機機械,進榜,觸發,321.44,82.0,5.0,0,96.0,-0.3,167.8,1.8,2026-03
2026-03-11,3167,大量,電機機械,觸發,進榜即觸發,321.44,82.0,5.0,0,96.0,-0.3,167.8,1.8,2026-03
2026-03-11,4960,誠美材,電子工業,進榜,觸發,19.25,75.0,2.0,0,19.5,-0.3,58.2,1.8,2026-03
2026-03-11,4960,誠美材,電子工業,觸發,進榜即觸發,19.25,75.0,2.0,0,19.5,-0.3,58.2,1.8,2026-03
2026-03-11,2485,兆赫,通信網路業,進榜,準備,55.3,99.0,3.0,0,32.9,-0.3,14.3,1.8,2026-03
2026-03-11,6861,睿生光電,化學生技醫療,進榜,準備,162.42,96.0,3.0,0,-16.8,-0.3,108.9,1.8,2026-03
2026-03-11,5274,信驊,半導體業,進榜,準備,9098.94,87.0,2.0,0,25.1,-0.3,74.3,1.8,2026-03
2026-03-11,4755,三福化,化學工業,進榜,準備,149.43,73.0,2.0,0,-10.1,-0.3,-8.5,1.8,2026-03
2026-03-11,3131,弘塑,其他電子類,進榜,準備,1924.58,70.0,1.0,0,61.7,-0.3,54.6,1.8,2026-03
2026-03-11,5246,勵威,半導體業,移出,離高點太遠,168.0,100.0,,1,,,,,2026-03
2026-03-12,3675,德微,半導體業,進榜,觸發,207.5,81.0,2.0,0,-6.7,0.2,50.1,3.0,2026-03
2026-03-12,3675,德微,半導體業,觸發,進榜即觸發,207.5,81.0,2.0,0,-6.7,0.2,50.1,3.0,2026-03
2026-03-12,6531,愛普*,半導體業,進榜,觸發,482.19,76.0,6.0,0,16.8,0.2,98.4,3.0,2026-03
2026-03-12,6531,愛普*,半導體業,觸發,進榜即觸發,482.19,76.0,6.0,0,16.8,0.2,98.4,3.0,2026-03
2026-03-12,1727,中華化,化學工業,進榜,觸發,55.21,73.0,4.0,0,5.6,0.2,68.0,3.0,2026-03
2026-03-12,1727,中華化,化學工業,觸發,進榜即觸發,55.21,73.0,4.0,0,5.6,0.2,68.0,3.0,2026-03
2026-03-12,5475,德宏,電子零組件業,進榜,準備,221.0,100.0,3.0,0,30.1,0.2,18.1,3.0,2026-03
2026-03-12,4542,科嶠,電子零組件業,進榜,準備,177.53,98.0,2.0,0,-2.6,0.2,94.6,3.0,2026-03
2026-03-12,6291,沛亨,半導體業,進榜,準備,314.91,90.0,2.0,0,38.8,0.2,77.2,3.0,2026-03
2026-03-12,6739,竹陞科技,其他電子業,進榜,準備,1091.94,87.0,3.0,0,36.7,0.2,11.8,3.0,2026-03
2026-03-12,1711,永光,化學工業,進榜,準備,29.4,83.0,1.0,0,44.7,0.2,51.7,3.0,2026-03
2026-03-12,3030,德律,其他電子業,進榜,準備,271.98,81.0,2.0,0,11.7,0.2,23.7,3.0,2026-03
2026-03-12,3498,陽程,其他電子類,進榜,準備,73.5,74.0,1.0,0,19.2,0.2,79.6,3.0,2026-03
2026-03-12,2485,兆赫,通信網路業,觸發,,60.8,99.0,,1,32.9,0.2,11.8,3.0,2026-03
2026-03-12,3131,弘塑,其他電子類,移出,掉出掃描母體,1924.58,70.0,,1,,,,,2026-03
2026-03-12,5386,青雲,電腦及週邊設備業,移出,離高點太遠,190.91,100.0,,38,,,,,2026-03
2026-03-13,3595,山太士,光電業,進榜,觸發,1170.0,98.0,4.0,0,46.2,0.6,96.2,2.1,2026-03
2026-03-13,3595,山太士,光電業,觸發,進榜即觸發,1170.0,98.0,4.0,0,46.2,0.6,96.2,2.1,2026-03
2026-03-13,6727,亞泰金屬,電子零組件業,進榜,觸發,258.19,75.0,2.0,0,45.6,0.6,61.9,2.1,2026-03
2026-03-13,6727,亞泰金屬,電子零組件業,觸發,進榜即觸發,258.19,75.0,2.0,0,45.6,0.6,61.9,2.1,2026-03
2026-03-13,3037,欣興,電子工業,進榜,準備,506.96,98.0,2.0,0,17.5,0.6,74.0,2.1,2026-03
2026-03-13,2360,致茂,其他電子業,進榜,準備,1517.17,93.0,3.0,0,20.3,0.6,44.4,2.1,2026-03
2026-03-13,8096,擎亞,電子通路業,進榜,準備,75.7,86.0,2.0,0,25.6,0.6,55.9,2.1,2026-03
2026-03-13,3354,律勝,電子零組件業,進榜,準備,32.45,85.0,3.0,0,-16.6,0.6,-15.9,2.1,2026-03
2026-03-13,4977,眾達-KY,電子工業,進榜,準備,177.24,80.0,3.0,0,0.8,0.6,-5.9,2.1,2026-03
2026-03-13,3615,安可,光電業,進榜,準備,36.71,79.0,2.0,0,-15.0,0.6,44.2,2.1,2026-03
2026-03-13,3715,定穎投控,電子零組件業,進榜,準備,164.96,77.0,3.0,0,12.3,0.6,-2.1,2.1,2026-03
2026-03-13,2481,強茂,半導體業,進榜,準備,95.16,71.0,3.0,0,2.2,0.6,42.4,2.1,2026-03
2026-03-13,6451,訊芯-KY,半導體業,進榜,準備,215.39,71.0,3.0,0,120.9,0.6,157.5,2.1,2026-03
2026-03-13,4755,三福化,化學工業,觸發,,165.0,78.0,,2,-14.7,0.6,-21.2,2.1,2026-03
2026-03-13,6446,藥華藥,生技醫療業,移出,離高點太遠,591.7,74.0,,45,,,,,2026-03
2026-03-13,3049,精金,電子工業,移出,離高點太遠,12.45,88.0,,10,,,,,2026-03
2026-03-16,3260,威剛,半導體業,進榜,觸發,382.21,97.0,4.0,0,-3.6,0.5,3.2,1.4,2026-03
2026-03-16,3260,威剛,半導體業,觸發,進榜即觸發,382.21,97.0,4.0,0,-3.6,0.5,3.2,1.4,2026-03
2026-03-16,3006,晶豪科,電子工業,進榜,觸發,176.17,95.0,3.0,0,-11.9,0.5,15.5,1.4,2026-03
2026-03-16,3006,晶豪科,電子工業,觸發,進榜即觸發,176.17,95.0,3.0,0,-11.9,0.5,15.5,1.4,2026-03
2026-03-16,2451,創見,半導體業,進榜,觸發,249.1,92.0,6.0,0,-4.4,0.5,12.5,1.4,2026-03
2026-03-16,2451,創見,半導體業,觸發,進榜即觸發,249.1,92.0,6.0,0,-4.4,0.5,12.5,1.4,2026-03
2026-03-16,5351,鈺創,半導體業,進榜,觸發,70.1,89.0,3.0,0,-3.1,0.5,20.3,1.4,2026-03
2026-03-16,5351,鈺創,半導體業,觸發,進榜即觸發,70.1,89.0,3.0,0,-3.1,0.5,20.3,1.4,2026-03
2026-03-16,1721,三晃,化學工業,進榜,觸發,20.8,83.0,1.0,0,-7.2,0.5,8.7,1.4,2026-03
2026-03-16,1721,三晃,化學工業,觸發,進榜即觸發,20.8,83.0,1.0,0,-7.2,0.5,8.7,1.4,2026-03
2026-03-16,8064,東捷,光電業,進榜,觸發,61.35,75.0,2.0,0,21.5,0.5,115.2,1.4,2026-03
2026-03-16,8064,東捷,光電業,觸發,進榜即觸發,61.35,75.0,2.0,0,21.5,0.5,115.2,1.4,2026-03
2026-03-16,1708,東鹼,化學工業,進榜,觸發,41.4,70.0,1.0,0,-6.0,0.5,10.0,1.4,2026-03
2026-03-16,1708,東鹼,化學工業,觸發,進榜即觸發,41.4,70.0,1.0,0,-6.0,0.5,10.0,1.4,2026-03
2026-03-16,5386,青雲,電腦及週邊設備業,進榜,準備,229.09,100.0,2.0,0,13.0,0.5,40.0,1.4,2026-03
2026-03-16,3693,營邦,電腦及週邊設備業,進榜,準備,481.96,85.0,1.0,0,23.3,0.5,0.5,1.4,2026-03
2026-03-16,3131,弘塑,其他電子類,進榜,準備,2120.96,77.0,1.0,0,49.1,0.5,40.5,1.4,2026-03
2026-03-16,1309,台達化,塑膠工業,進榜,準備,16.13,72.0,1.0,0,30.4,0.5,-7.1,1.4,2026-03
2026-03-16,2399,映泰,電子工業,進榜,準備,27.15,70.0,1.0,0,36.5,0.5,70.0,1.4,2026-03
2026-03-16,8096,擎亞,電子通路業,觸發,,83.2,89.0,,3,14.7,0.5,45.4,1.4,2026-03
2026-03-16,6451,訊芯-KY,半導體業,觸發,,236.88,77.0,,3,92.4,0.5,110.8,1.4,2026-03
2026-03-16,6640,均華,半導體業,觸發,,1050.67,84.0,,10,62.4,0.5,-4.2,1.4,2026-03
2026-03-16,3354,律勝,電子零組件業,移出,離高點太遠,30.0,80.0,,3,,,,,2026-03
2026-03-16,6861,睿生光電,化學生技醫療,移出,晚期未觸發,155.47,95.0,,5,,,,,2026-03
2026-03-16,3481,群創,光電業,移出,離高點太遠,26.68,88.0,,5,,,,,2026-03
2026-03-16,5475,德宏,電子零組件業,移出,離高點太遠,202.0,99.0,,4,,,,,2026-03
2026-03-16,4755,三福化,化學工業,移出,掉出掃描母體,165.0,78.0,,5,,,,,2026-03
2026-03-17,2486,一詮,光電業,進榜,觸發,162.2,89.0,2.0,0,14.2,0.6,55.1,1.7,2026-03
2026-03-17,2486,一詮,光電業,觸發,進榜即觸發,162.2,89.0,2.0,0,14.2,0.6,55.1,1.7,2026-03
2026-03-17,8240,華宏,光電業,進榜,觸發,52.88,74.0,1.0,0,18.8,0.6,3.9,1.7,2026-03
2026-03-17,8240,華宏,光電業,觸發,進榜即觸發,52.88,74.0,1.0,0,18.8,0.6,3.9,1.7,2026-03
2026-03-17,2337,旺宏,半導體業,進榜,準備,130.5,100.0,3.0,0,6.5,0.6,12.3,1.7,2026-03
2026-03-17,2344,華邦電,半導體業,進榜,準備,122.86,99.0,3.0,0,-27.1,0.6,40.0,1.7,2026-03
2026-03-17,2367,燿華,電子工業,進榜,準備,76.38,95.0,1.0,0,-8.3,0.6,-18.4,1.7,2026-03
2026-03-17,2308,台達電,電子工業,進榜,準備,1432.51,85.0,3.0,0,28.1,0.6,53.8,1.7,2026-03
2026-03-17,2605,新興,航運業,進榜,準備,39.24,81.0,3.0,0,-12.1,0.6,-22.2,1.7,2026-03
2026-03-17,3430,奇鈦科,化學工業,進榜,準備,80.0,80.0,1.0,0,-3.8,0.6,53.7,1.7,2026-03
2026-03-17,2478,大毅,電子工業,進榜,準備,72.69,78.0,3.0,0,1.0,0.6,133.3,1.7,2026-03
2026-03-17,1711,永光,化學工業,觸發,,39.05,90.0,,5,11.7,0.6,10.9,1.7,2026-03
2026-03-17,5386,青雲,電腦及週邊設備業,觸發,,252.0,100.0,,1,-6.5,0.6,27.9,1.7,2026-03
2026-03-17,1785,光洋科,其他電子類,觸發,,89.1,80.0,,7,56.7,0.6,56.2,1.7,2026-03
2026-03-17,1309,台達化,塑膠工業,移出,掉出掃描母體,16.13,72.0,,1,,,,,2026-03
2026-03-17,2399,映泰,電子工業,移出,掉出掃描母體,27.15,70.0,,1,,,,,2026-03
2026-03-17,3081,聯亞,通信網路業,移出,離高點太遠,1225.36,95.0,,64,,,,,2026-03
2026-03-17,8039,台虹,電子工業,移出,離高點太遠,115.8,88.0,,6,,,,,2026-03
2026-03-17,3167,大量,電機機械,移出,離高點太遠,329.4,82.0,,6,,,,,2026-03
2026-03-17,3030,德律,其他電子業,移出,掉出掃描母體,244.58,71.0,,5,,,,,2026-03
2026-03-17,3615,安可,光電業,移出,掉出掃描母體,34.74,71.0,,4,,,,,2026-03
2026-03-17,1708,東鹼,化學工業,移出,掉出掃描母體,41.4,70.0,,1,,,,,2026-03
2026-03-18,7751,竑騰,電子工業,進榜,觸發,1546.22,96.0,3.0,0,22.6,0.3,-10.1,1.8,2026-03
2026-03-18,7751,竑騰,電子工業,觸發,進榜即觸發,1546.22,96.0,3.0,0,22.6,0.3,-10.1,1.8,2026-03
2026-03-18,4967,十銓,半導體業,進榜,觸發,238.77,95.0,3.0,0,-11.0,0.3,12.4,1.8,2026-03
2026-03-18,4967,十銓,半導體業,觸發,進榜即觸發,238.77,95.0,3.0,0,-11.0,0.3,12.4,1.8,2026-03
2026-03-18,4989,榮科,電子零組件業,進榜,觸發,71.34,92.0,4.0,0,35.8,0.3,7.0,1.8,2026-03
2026-03-18,4989,榮科,電子零組件業,觸發,進榜即觸發,71.34,92.0,4.0,0,35.8,0.3,7.0,1.8,2026-03
2026-03-18,6894,衛司特,綠能環保類,進榜,觸發,363.56,84.0,3.0,0,-4.1,0.3,0.7,1.8,2026-03
2026-03-18,6894,衛司特,綠能環保類,觸發,進榜即觸發,363.56,84.0,3.0,0,-4.1,0.3,0.7,1.8,2026-03
2026-03-18,2345,智邦,通信網路業,進榜,觸發,1587.43,80.0,6.0,0,29.4,0.3,51.9,1.8,2026-03
2026-03-18,2345,智邦,通信網路業,觸發,進榜即觸發,1587.43,80.0,6.0,0,29.4,0.3,51.9,1.8,2026-03
2026-03-18,8155,博智,電子零組件業,進榜,觸發,241.39,78.0,6.0,0,54.1,0.3,53.5,1.8,2026-03
2026-03-18,8155,博智,電子零組件業,觸發,進榜即觸發,241.39,78.0,6.0,0,54.1,0.3,53.5,1.8,2026-03
2026-03-18,2495,普安,其他電子業,進榜,觸發,35.21,77.0,2.0,0,19.2,0.3,40.5,1.8,2026-03
2026-03-18,2495,普安,其他電子業,觸發,進榜即觸發,35.21,77.0,2.0,0,19.2,0.3,40.5,1.8,2026-03
2026-03-18,6788,華景電,半導體業,進榜,觸發,371.43,76.0,3.0,0,11.9,0.3,20.9,1.8,2026-03
2026-03-18,6788,華景電,半導體業,觸發,進榜即觸發,371.43,76.0,3.0,0,11.9,0.3,20.9,1.8,2026-03
2026-03-18,2399,映泰,電子工業,進榜,觸發,30.8,74.0,1.0,0,14.4,0.3,55.8,1.8,2026-03
2026-03-18,2399,映泰,電子工業,觸發,進榜即觸發,30.8,74.0,1.0,0,14.4,0.3,55.8,1.8,2026-03
2026-03-18,6715,嘉基,電子工業,進榜,準備,324.85,97.0,1.0,0,29.1,0.3,19.1,1.8,2026-03
2026-03-18,3189,景碩,半導體業,進榜,準備,364.87,96.0,3.0,0,7.1,0.3,80.6,1.8,2026-03
2026-03-18,3049,精金,電子工業,進榜,準備,14.95,92.0,2.0,0,-7.7,0.3,-1.3,1.8,2026-03
2026-03-18,8996,高力,電機機械,進榜,準備,946.86,92.0,2.0,0,28.8,0.3,32.5,1.8,2026-03
2026-03-18,7734,印能科技,半導體業,進榜,準備,1888.18,88.0,2.0,0,31.8,0.3,54.2,1.8,2026-03
2026-03-18,3028,增你強,電子工業,進榜,準備,55.48,84.0,3.0,0,6.6,0.3,28.5,1.8,2026-03
2026-03-18,6693,廣閎科,半導體業,進榜,準備,101.75,79.0,2.0,0,40.7,0.3,81.9,1.8,2026-03
2026-03-18,1809,中釉,玻璃陶瓷,進榜,準備,29.37,76.0,3.0,0,-8.0,0.3,74.3,1.8,2026-03
2026-03-18,2337,旺宏,半導體業,觸發,,143.5,100.0,,1,-8.7,0.3,10.8,1.8,2026-03
2026-03-18,3715,定穎投控,電子零組件業,觸發,,172.41,83.0,,5,14.1,0.3,-2.6,1.8,2026-03
2026-03-18,3693,營邦,電腦及週邊設備業,觸發,,522.37,88.0,,2,24.9,0.3,-3.0,1.8,2026-03
2026-03-18,2481,強茂,半導體業,移出,掉出掃描母體,102.13,71.0,,5,,,,,2026-03
2026-03-18,2887,台新新光金,金融保險,移出,掉出掃描母體,24.1,72.0,,48,,,,,2026-03
2026-03-18,4927,泰鼎-KY,電子工業,移出,離高點太遠,45.5,85.0,,22,,,,,2026-03
2026-03-19,3135,凌航,半導體業,進榜,觸發,134.05,97.0,4.0,0,-21.0,1.3,35.0,2.0,2026-03
2026-03-19,3135,凌航,半導體業,觸發,進榜即觸發,134.05,97.0,4.0,0,-21.0,1.3,35.0,2.0,2026-03
2026-03-19,3105,穩懋,半導體業,進榜,觸發,353.02,96.0,1.0,0,67.0,1.3,39.7,2.0,2026-03
2026-03-19,3105,穩懋,半導體業,觸發,進榜即觸發,353.02,96.0,1.0,0,67.0,1.3,39.7,2.0,2026-03
2026-03-19,3508,位速,其他電子類,進榜,觸發,52.3,90.0,1.0,0,-54.0,1.3,-64.7,2.0,2026-03
2026-03-19,3508,位速,其他電子類,觸發,進榜即觸發,52.3,90.0,1.0,0,-54.0,1.3,-64.7,2.0,2026-03
2026-03-19,6127,九豪,電子零組件業,進榜,觸發,44.4,90.0,4.0,0,8.1,1.3,72.3,2.0,2026-03
2026-03-19,6127,九豪,電子零組件業,觸發,進榜即觸發,44.4,90.0,4.0,0,8.1,1.3,72.3,2.0,2026-03
2026-03-19,6274,台燿,電子零組件業,進榜,觸發,579.36,81.0,2.0,0,64.0,1.3,177.9,2.0,2026-03
2026-03-19,6274,台燿,電子零組件業,觸發,進榜即觸發,579.36,81.0,2.0,0,64.0,1.3,177.9,2.0,2026-03
2026-03-19,6584,南俊國際,電子零組件業,進榜,觸發,456.5,80.0,5.0,0,60.6,1.3,32.7,2.0,2026-03
2026-03-19,6584,南俊國際,電子零組件業,觸發,進榜即觸發,456.5,80.0,5.0,0,60.6,1.3,32.7,2.0,2026-03
2026-03-19,3533,嘉澤,電子工業,進榜,觸發,1994.63,75.0,2.0,0,29.3,1.3,13.1,2.0,2026-03
2026-03-19,3533,嘉澤,電子工業,觸發,進榜即觸發,1994.63,75.0,2.0,0,29.3,1.3,13.1,2.0,2026-03
2026-03-19,1309,台達化,塑膠工業,進榜,觸發,16.98,74.0,1.0,0,11.4,1.3,-15.7,2.0,2026-03
2026-03-19,1309,台達化,塑膠工業,觸發,進榜即觸發,16.98,74.0,1.0,0,11.4,1.3,-15.7,2.0,2026-03
2026-03-19,7781,昕力資*,數位雲端,進榜,準備,33.95,100.0,2.0,0,-10.9,1.3,-14.6,2.0,2026-03
2026-03-19,1708,東鹼,化學工業,進榜,準備,44.52,72.0,1.0,0,-15.4,1.3,3.3,2.0,2026-03
2026-03-19,1809,中釉,玻璃陶瓷,觸發,,32.3,82.0,,1,-13.8,1.3,52.3,2.0,2026-03
2026-03-19,6291,沛亨,半導體業,觸發,,355.19,88.0,,7,17.8,1.3,53.2,2.0,2026-03
2026-03-19,6016,康和證,金融業,移出,掉出掃描母體,16.03,72.0,,50,,,,,2026-03
2026-03-20,4991,環宇-KY,半導體業,進榜,觸發,427.0,94.0,3.0,0,68.9,1.8,31.1,2.5,2026-03
2026-03-20,4991,環宇-KY,半導體業,觸發,進榜即觸發,427.0,94.0,3.0,0,68.9,1.8,31.1,2.5,2026-03
2026-03-20,7795,長廣,電子零組件業,進榜,觸發,432.78,90.0,3.0,0,-1.6,1.8,-7.6,2.5,2026-03
2026-03-20,7795,長廣,電子零組件業,觸發,進榜即觸發,432.78,90.0,3.0,0,-1.6,1.8,-7.6,2.5,2026-03
2026-03-20,3363,上詮,通信網路業,進榜,觸發,734.0,88.0,5.0,0,34.9,1.8,-6.7,2.5,2026-03
2026-03-20,3363,上詮,通信網路業,觸發,進榜即觸發,734.0,88.0,5.0,0,34.9,1.8,-6.7,2.5,2026-03
2026-03-20,2369,菱生,電子工業,進榜,觸發,35.75,86.0,4.0,0,-8.5,1.8,-3.5,2.5,2026-03
2026-03-20,2369,菱生,電子工業,觸發,進榜即觸發,35.75,86.0,4.0,0,-8.5,1.8,-3.5,2.5,2026-03
2026-03-20,3221,台嘉碩,通信網路業,進榜,觸發,36.57,86.0,1.0,0,45.9,1.8,61.4,2.5,2026-03
2026-03-20,3221,台嘉碩,通信網路業,觸發,進榜即觸發,36.57,86.0,1.0,0,45.9,1.8,61.4,2.5,2026-03
2026-03-20,2349,錸德,光電業,進榜,觸發,15.8,72.0,1.0,0,-13.3,1.8,-13.6,2.5,2026-03
2026-03-20,2349,錸德,光電業,觸發,進榜即觸發,15.8,72.0,1.0,0,-13.3,1.8,-13.6,2.5,2026-03
2026-03-20,5452,佶優,其他電子類,進榜,準備,39.14,79.0,2.0,0,-10.6,1.8,-15.6,2.5,2026-03
2026-03-20,1305,華夏,塑膠工業,進榜,準備,16.67,73.0,2.0,0,-14.0,1.8,-23.8,2.5,2026-03
2026-03-20,3049,精金,電子工業,觸發,,18.0,93.0,,2,-24.7,1.8,-17.2,2.5,2026-03
2026-03-20,7781,昕力資*,數位雲端,移出,離高點太遠,32.15,100.0,,1,,,,,2026-03
2026-03-20,4764,雙鍵,化學工業,移出,離高點太遠,138.91,94.0,,9,,,,,2026-03
2026-03-20,1727,中華化,化學工業,移出,掉出掃描母體,54.61,72.0,,8,,,,,2026-03
2026-03-20,1721,三晃,化學工業,移出,離高點太遠,19.0,78.0,,4,,,,,2026-03
2026-03-20,2344,華邦電,半導體業,移出,離高點太遠,109.43,98.0,,3,,,,,2026-03
2026-03-20,3508,位速,其他電子類,移出,突破失敗,47.9,87.0,,1,,,,,2026-03
2026-03-23,5291,邑昇,電子零組件業,進榜,觸發,68.0,95.0,1.0,0,-0.7,4.0,-4.7,4.2,2026-03
2026-03-23,5291,邑昇,電子零組件業,觸發,進榜即觸發,68.0,95.0,1.0,0,-0.7,4.0,-4.7,4.2,2026-03
2026-03-23,1304,台聚,塑膠工業,進榜,觸發,16.36,79.0,1.0,0,-13.3,4.0,-18.1,4.2,2026-03
2026-03-23,1304,台聚,塑膠工業,觸發,進榜即觸發,16.36,79.0,1.0,0,-13.3,4.0,-18.1,4.2,2026-03
2026-03-23,1308,亞聚,塑膠工業,進榜,觸發,17.9,75.0,2.0,0,-15.7,4.0,-23.1,4.2,2026-03
2026-03-23,1308,亞聚,塑膠工業,觸發,進榜即觸發,17.9,75.0,2.0,0,-15.7,4.0,-23.1,4.2,2026-03
2026-03-23,6530,創威,通信網路業,進榜,觸發,95.54,74.0,1.0,0,27.7,4.0,0.4,4.2,2026-03
2026-03-23,6530,創威,通信網路業,觸發,進榜即觸發,95.54,74.0,1.0,0,27.7,4.0,0.4,4.2,2026-03
2026-03-23,7728,光焱科技,其他電子業,進榜,準備,875.88,94.0,3.0,0,-13.9,4.0,-20.1,4.2,2026-03
2026-03-23,1305,華夏,塑膠工業,觸發,,18.3,81.0,,3,-21.7,4.0,-28.2,4.2,2026-03
2026-03-23,6217,中探針,電子零組件業,移出,離高點太遠,171.0,99.0,,28,,,,,2026-03
2026-03-23,2426,鼎元,光電業,移出,離高點太遠,33.46,89.0,,14,,,,,2026-03
2026-03-23,1785,光洋科,其他電子類,移出,離高點太遠,89.3,78.0,,13,,,,,2026-03
2026-03-23,5289,宜鼎,電腦及週邊設備業,移出,離高點太遠,1051.87,97.0,,13,,,,,2026-03
2026-03-23,8112,至上,電子工業,移出,離高點太遠,77.08,82.0,,12,,,,,2026-03
2026-03-23,8271,宇瞻,半導體業,移出,離高點太遠,165.62,92.0,,12,,,,,2026-03
2026-03-23,4973,廣穎,半導體業,移出,離高點太遠,78.58,96.0,,12,,,,,2026-03
2026-03-23,6531,愛普*,半導體業,移出,離高點太遠,519.43,78.0,,11,,,,,2026-03
2026-03-23,1711,永光,化學工業,移出,離高點太遠,38.45,91.0,,11,,,,,2026-03
2026-03-23,3037,欣興,電子工業,移出,離高點太遠,497.98,97.0,,10,,,,,2026-03
2026-03-23,3260,威剛,半導體業,移出,離高點太遠,412.0,98.0,,7,,,,,2026-03
2026-03-23,5386,青雲,電腦及週邊設備業,移出,離高點太遠,239.05,100.0,,7,,,,,2026-03
2026-03-23,3006,晶豪科,電子工業,移出,離高點太遠,179.15,94.0,,7,,,,,2026-03
2026-03-23,2451,創見,半導體業,移出,離高點太遠,261.1,91.0,,7,,,,,2026-03
2026-03-23,5351,鈺創,半導體業,移出,離高點太遠,74.5,90.0,,7,,,,,2026-03
2026-03-23,3693,營邦,電腦及週邊設備業,移出,離高點太遠,474.57,88.0,,7,,,,,2026-03
2026-03-23,2478,大毅,電子工業,移出,掉出掃描母體,67.55,71.0,,6,,,,,2026-03
2026-03-23,2486,一詮,光電業,移出,離高點太遠,142.74,83.0,,6,,,,,2026-03
2026-03-23,6715,嘉基,電子工業,移出,離高點太遠,302.7,97.0,,5,,,,,2026-03
2026-03-23,8996,高力,電機機械,移出,離高點太遠,815.57,91.0,,5,,,,,2026-03
2026-03-23,3189,景碩,半導體業,移出,晚期未觸發,345.41,97.0,,5,,,,,2026-03
2026-03-23,4989,榮科,電子零組件業,移出,突破失敗,64.82,89.0,,5,,,,,2026-03
2026-03-23,6788,華景電,半導體業,移出,突破失敗,331.39,71.0,,5,,,,,2026-03
2026-03-23,1809,中釉,玻璃陶瓷,移出,離高點太遠,29.07,80.0,,5,,,,,2026-03
2026-03-23,3105,穩懋,半導體業,移出,離高點太遠,313.68,96.0,,4,,,,,2026-03
2026-03-23,4991,環宇-KY,半導體業,移出,突破失敗,385.0,93.0,,3,,,,,2026-03
2026-03-23,3363,上詮,通信網路業,移出,突破失敗,661.0,85.0,,3,,,,,2026-03
2026-03-23,3221,台嘉碩,通信網路業,移出,突破失敗,33.44,84.0,,3,,,,,2026-03
2026-03-23,2349,錸德,光電業,移出,掉出掃描母體,15.8,72.0,,3,,,,,2026-03
2026-03-24,7610,聯友金屬,綠能環保,進榜,觸發,293.41,98.0,6.0,0,79.0,1.9,602.7,4.5,2026-03
2026-03-24,7610,聯友金屬,綠能環保,觸發,進榜即觸發,293.41,98.0,6.0,0,79.0,1.9,602.7,4.5,2026-03
2026-03-24,3221,台嘉碩,通信網路業,進榜,觸發,36.77,88.0,1.0,0,22.9,1.9,59.9,4.5,2026-03
2026-03-24,3221,台嘉碩,通信網路業,觸發,進榜即觸發,36.77,88.0,1.0,0,22.9,1.9,59.9,4.5,2026-03
2026-03-24,6205,詮欣,電子工業,進榜,準備,60.85,78.0,1.0,0,26.6,1.9,35.6,4.5,2026-03
2026-03-24,6830,汎銓,其他電子業,移出,離高點太遠,409.88,94.0,,48,,,,,2026-03
2026-03-24,7728,光焱科技,其他電子業,移出,離高點太遠,788.39,92.0,,1,,,,,2026-03
2026-03-24,6683,雍智科技,半導體業,移出,離高點太遠,1094.44,95.0,,18,,,,,2026-03
2026-03-24,4542,科嶠,電子零組件業,移出,離高點太遠,175.55,95.0,,12,,,,,2026-03
2026-03-24,3595,山太士,光電業,移出,離高點太遠,1600.0,100.0,,11,,,,,2026-03
2026-03-24,6727,亞泰金屬,電子零組件業,移出,掉出掃描母體,273.03,70.0,,11,,,,,2026-03
2026-03-24,2337,旺宏,半導體業,移出,離高點太遠,136.5,100.0,,7,,,,,2026-03
2026-03-24,2367,燿華,電子工業,移出,離高點太遠,67.92,95.0,,7,,,,,2026-03
2026-03-24,3430,奇鈦科,化學工業,移出,掉出掃描母體,75.06,77.0,,7,,,,,2026-03
2026-03-24,2495,普安,其他電子業,移出,離高點太遠,35.5,80.0,,6,,,,,2026-03
2026-03-24,3049,精金,電子工業,移出,離高點太遠,14.6,92.0,,6,,,,,2026-03
2026-03-24,2399,映泰,電子工業,移出,離高點太遠,30.9,76.0,,6,,,,,2026-03
2026-03-24,6127,九豪,電子零組件業,移出,離高點太遠,40.25,89.0,,5,,,,,2026-03
2026-03-24,3135,凌航,半導體業,移出,離高點太遠,123.74,99.0,,5,,,,,2026-03
2026-03-24,2369,菱生,電子工業,移出,離高點太遠,32.65,84.0,,4,,,,,2026-03
2026-03-24,8064,東捷,光電業,移出,離高點太遠,64.13,77.0,,8,,,,,2026-03
2026-03-25,3017,奇鋐,電子工業,進榜,觸發,2085.55,87.0,4.0,0,40.2,0.3,15.5,2.4,2026-03
2026-03-25,3017,奇鋐,電子工業,觸發,進榜即觸發,2085.55,87.0,4.0,0,40.2,0.3,15.5,2.4,2026-03
2026-03-25,2455,全新,通信網路業,進榜,觸發,264.7,85.0,4.0,0,29.8,0.3,49.3,2.4,2026-03
2026-03-25,2455,全新,通信網路業,觸發,進榜即觸發,264.7,85.0,4.0,0,29.8,0.3,49.3,2.4,2026-03
2026-03-25,3026,禾伸堂,電子工業,進榜,觸發,132.64,74.0,2.0,0,61.8,0.3,509.2,2.4,2026-03
2026-03-25,3026,禾伸堂,電子工業,觸發,進榜即觸發,132.64,74.0,2.0,0,61.8,0.3,509.2,2.4,2026-03
2026-03-25,3583,辛耘,半導體業,進榜,觸發,492.42,71.0,1.0,0,64.0,0.3,77.5,2.4,2026-03
2026-03-25,3583,辛耘,半導體業,觸發,進榜即觸發,492.42,71.0,1.0,0,64.0,0.3,77.5,2.4,2026-03
2026-03-25,5292,華懋,綠能環保,進榜,觸發,195.08,71.0,3.0,0,12.3,0.3,2.7,2.4,2026-03
2026-03-25,5292,華懋,綠能環保,觸發,進榜即觸發,195.08,71.0,3.0,0,12.3,0.3,2.7,2.4,2026-03
2026-03-25,4991,環宇-KY,半導體業,進榜,準備,437.0,95.0,3.0,0,36.4,0.3,22.7,2.4,2026-03
2026-03-25,7815,新特,半導體業,進榜,準備,410.5,93.0,1.0,0,25.2,0.3,3.3,2.4,2026-03
2026-03-25,6788,華景電,半導體業,進榜,準備,386.86,78.0,3.0,0,14.5,0.3,10.9,2.4,2026-03
2026-03-25,1708,東鹼,化學工業,移出,掉出掃描母體,41.26,71.0,,6,,,,,2026-03
2026-03-25,1305,華夏,塑膠工業,移出,離高點太遠,15.92,72.0,,5,,,,,2026-03
2026-03-25,1304,台聚,塑膠工業,移出,掉出掃描母體,15.18,75.0,,2,,,,,2026-03
2026-03-25,1308,亞聚,塑膠工業,移出,掉出掃描母體,17.41,73.0,,2,,,,,2026-03
2026-03-26,3081,聯亞,通信網路業,進榜,觸發,1533.97,98.0,5.0,0,50.3,0.0,27.5,2.6,2026-03
2026-03-26,3081,聯亞,通信網路業,觸發,進榜即觸發,1533.97,98.0,5.0,0,50.3,0.0,27.5,2.6,2026-03
2026-03-26,4906,正文,通信網路業,進榜,觸發,36.21,72.0,1.0,0,-1.0,0.0,23.9,2.6,2026-03
2026-03-26,4906,正文,通信網路業,觸發,進榜即觸發,36.21,72.0,1.0,0,-1.0,0.0,23.9,2.6,2026-03
2026-03-26,2313,華通,電子工業,進榜,準備,241.32,97.0,3.0,0,-4.1,0.0,-0.5,2.6,2026-03
2026-03-26,6683,雍智科技,半導體業,進榜,準備,1253.63,97.0,3.0,0,35.7,0.0,54.0,2.6,2026-03
2026-03-26,2355,敬鵬,電子工業,進榜,準備,48.24,73.0,2.0,0,8.9,0.0,13.2,2.6,2026-03
2026-03-26,2419,仲琦,通信網路業,進榜,準備,33.25,72.0,2.0,0,-5.0,0.0,-14.0,2.6,2026-03
2026-03-26,4958,臻鼎-KY,電子零組件業,進榜,準備,217.02,71.0,3.0,0,64.1,0.0,170.5,2.6,2026-03
2026-03-26,8240,華宏,光電業,移出,掉出掃描母體,54.24,76.0,,9,,,,,2026-03
2026-03-26,4967,十銓,半導體業,移出,離高點太遠,222.31,94.0,,8,,,,,2026-03
2026-03-26,5452,佶優,其他電子類,移出,離高點太遠,34.08,73.0,,6,,,,,2026-03
2026-03-26,7795,長廣,電子零組件業,移出,離高點太遠,377.06,82.0,,6,,,,,2026-03
2026-03-26,6205,詮欣,電子工業,移出,掉出掃描母體,58.49,74.0,,2,,,,,2026-03
2026-03-26,3221,台嘉碩,通信網路業,移出,離高點太遠,32.64,82.0,,2,,,,,2026-03
2026-03-27,4971,IET-KY,半導體業,進榜,觸發,576.78,96.0,4.0,0,30.6,0.4,-10.4,2.3,2026-03
2026-03-27,4971,IET-KY,半導體業,觸發,進榜即觸發,576.78,96.0,4.0,0,30.6,0.4,-10.4,2.3,2026-03
2026-03-27,2484,希華,電子工業,進榜,觸發,30.62,75.0,3.0,0,31.1,0.4,126.2,2.3,2026-03
2026-03-27,2484,希華,電子工業,觸發,進榜即觸發,30.62,75.0,3.0,0,31.1,0.4,126.2,2.3,2026-03
2026-03-27,3105,穩懋,半導體業,進榜,準備,380.9,98.0,1.0,0,30.6,0.4,21.6,2.3,2026-03
2026-03-27,3265,台星科,半導體業,進榜,準備,141.36,74.0,3.0,0,15.9,0.4,30.1,2.3,2026-03
2026-03-27,6147,頎邦,半導體業,進榜,準備,75.85,72.0,1.0,0,87.5,0.4,217.1,2.3,2026-03
2026-03-27,6213,聯茂,電子工業,進榜,準備,156.68,71.0,3.0,0,60.4,0.4,114.9,2.3,2026-03
2026-03-27,2313,華通,電子工業,觸發,,265.4,97.0,,1,-11.3,0.4,-12.2,2.3,2026-03
2026-03-27,6683,雍智科技,半導體業,觸發,,1378.0,98.0,,1,33.2,0.4,36.1,2.3,2026-03
2026-03-27,2330,台積電,半導體業,移出,掉出掃描母體,1835.1,72.0,,70,,,,,2026-03
2026-03-27,6788,華景電,半導體業,移出,掉出掃描母體,367.57,73.0,,2,,,,,2026-03
2026-03-30,6588,東典光電,通信網路業,進榜,觸發,129.5,98.0,5.0,0,5.8,1.4,-30.0,1.3,2026-03
2026-03-30,6588,東典光電,通信網路業,觸發,進榜即觸發,129.5,98.0,5.0,0,5.8,1.4,-30.0,1.3,2026-03
2026-03-30,3167,大量,電機機械,進榜,觸發,407.03,90.0,4.0,0,99.0,1.4,87.0,1.3,2026-03
2026-03-30,3167,大量,電機機械,觸發,進榜即觸發,407.03,90.0,4.0,0,99.0,1.4,87.0,1.3,2026-03
2026-03-30,1304,台聚,塑膠工業,進榜,觸發,17.6,82.0,1.0,0,-22.8,1.4,-25.8,1.3,2026-03
2026-03-30,1304,台聚,塑膠工業,觸發,進榜即觸發,17.6,82.0,1.0,0,-22.8,1.4,-25.8,1.3,2026-03
2026-03-30,8027,鈦昇,電機機械,進榜,觸發,144.0,76.0,2.0,0,22.2,1.4,45.8,1.3,2026-03
2026-03-30,8027,鈦昇,電機機械,觸發,進榜即觸發,144.0,76.0,2.0,0,22.2,1.4,45.8,1.3,2026-03
2026-03-30,6727,亞泰金屬,電子零組件業,進榜,準備,324.46,85.0,2.0,0,19.4,1.4,21.2,1.3,2026-03
2026-03-30,1305,華夏,塑膠工業,進榜,準備,18.26,80.0,3.0,0,-23.1,1.4,-29.3,1.3,2026-03
2026-03-30,1326,台化,塑膠工業,進榜,準備,48.1,80.0,3.0,0,7.9,1.4,12.7,1.3,2026-03
2026-03-30,1308,亞聚,塑膠工業,進榜,準備,19.13,79.0,2.0,0,-25.0,1.4,-29.1,1.3,2026-03
2026-03-30,3665,貿聯-KY,其他電子業,進榜,準備,1863.92,78.0,3.0,0,47.9,1.4,-1.3,1.3,2026-03
2026-03-30,7734,印能科技,半導體業,觸發,,2012.4,90.0,,12,61.0,1.4,50.4,1.3,2026-03
2026-03-30,2855,統一證,金融保險,移出,掉出掃描母體,31.57,71.0,,63,,,,,2026-03
2026-03-30,3028,增你強,電子工業,移出,晚期未觸發,47.94,76.0,,12,,,,,2026-03
2026-03-30,6894,衛司特,綠能環保類,移出,突破失敗,333.0,83.0,,12,,,,,2026-03
2026-03-30,6530,創威,通信網路業,移出,突破失敗,87.41,72.0,,7,,,,,2026-03
2026-03-30,4906,正文,通信網路業,移出,掉出掃描母體,36.7,71.0,,4,,,,,2026-03
2026-03-30,2484,希華,電子工業,移出,掉出掃描母體,30.62,75.0,,3,,,,,2026-03
2026-03-31,6147,頎邦,半導體業,移出,掉出掃描母體,75.76,73.0,,4,,,,,2026-03
2026-03-31,6515,穎崴,電子工業,移出,離高點太遠,7097.51,99.0,,81,,,,,2026-03
2026-03-31,6187,萬潤,其他電子類,移出,離高點太遠,799.83,94.0,,34,,,,,2026-03
2026-03-31,3036,文曄,電子工業,移出,離高點太遠,210.98,83.0,,34,,,,,2026-03
2026-03-31,2368,金像電,電子零組件業,移出,離高點太遠,853.96,85.0,,20,,,,,2026-03
2026-03-31,3498,陽程,其他電子類,移出,離高點太遠,68.9,76.0,,19,,,,,2026-03
2026-03-31,6739,竹陞科技,其他電子業,移出,離高點太遠,1091.94,80.0,,19,,,,,2026-03
2026-03-31,3675,德微,半導體業,移出,掉出掃描母體,192.0,72.0,,19,,,,,2026-03
2026-03-31,6451,訊芯-KY,半導體業,移出,離高點太遠,295.85,89.0,,18,,,,,2026-03
2026-03-31,2360,致茂,其他電子業,移出,離高點太遠,1452.71,95.0,,18,,,,,2026-03
2026-03-31,4977,眾達-KY,電子工業,移出,離高點太遠,167.76,77.0,,18,,,,,2026-03
2026-03-31,7751,竑騰,電子工業,移出,離高點太遠,1380.0,96.0,,13,,,,,2026-03
2026-03-31,8155,博智,電子零組件業,移出,離高點太遠,234.98,81.0,,13,,,,,2026-03
2026-03-31,4991,環宇-KY,半導體業,移出,離高點太遠,390.0,95.0,,6,,,,,2026-03
2026-03-31,2455,全新,通信網路業,移出,離高點太遠,244.84,84.0,,6,,,,,2026-03
2026-03-31,3583,辛耘,半導體業,移出,突破失敗,449.32,70.0,,6,,,,,2026-03
2026-03-31,4958,臻鼎-KY,電子零組件業,移出,掉出掃描母體,224.96,73.0,,5,,,,,2026-03
2026-03-31,3167,大量,電機機械,移出,離高點太遠,366.72,88.0,,1,,,,,2026-03
2026-04-01,6830,汎銓,其他電子業,進榜,觸發,513.22,97.0,1.0,0,80.2,1.5,-3.3,3.0,2026-04
2026-04-01,6830,汎銓,其他電子業,觸發,進榜即觸發,513.22,97.0,1.0,0,80.2,1.5,-3.3,3.0,2026-04
2026-04-01,4906,正文,通信網路業,進榜,觸發,39.22,78.0,1.0,0,-13.6,1.5,8.9,3.0,2026-04
2026-04-01,4906,正文,通信網路業,觸發,進榜即觸發,39.22,78.0,1.0,0,-13.6,1.5,8.9,3.0,2026-04
2026-04-01,7419,達勝,電子零組件業,進榜,準備,173.0,100.0,2.0,0,-23.1,1.5,-58.6,3.0,2026-04
2026-04-01,3221,台嘉碩,通信網路業,進榜,準備,38.61,88.0,2.0,0,12.1,1.5,51.0,3.0,2026-04
2026-04-01,1582,信錦,電子工業,進榜,準備,104.47,81.0,1.0,0,-13.0,1.5,-20.2,3.0,2026-04
2026-04-01,2484,希華,電子工業,進榜,準備,30.96,75.0,3.0,0,32.8,1.5,132.3,3.0,2026-04
2026-04-01,6147,頎邦,半導體業,進榜,準備,75.46,74.0,1.0,0,134.3,1.5,180.3,3.0,2026-04
2026-04-01,8091,翔名,電子零組件業,進榜,準備,154.86,71.0,1.0,0,25.1,1.5,75.3,3.0,2026-04
2026-04-01,6213,聯茂,電子工業,觸發,,161.64,76.0,,5,77.9,1.5,127.3,3.0,2026-04
2026-04-01,4960,誠美材,電子工業,移出,離高點太遠,21.9,80.0,,21,,,,,2026-04
2026-04-01,1305,華夏,塑膠工業,移出,離高點太遠,16.77,77.0,,2,,,,,2026-04
2026-04-01,1308,亞聚,塑膠工業,移出,離高點太遠,17.65,75.0,,2,,,,,2026-04
2026-04-02,5475,德宏,電子零組件業,進榜,觸發,246.5,99.0,3.0,0,57.4,2.8,-6.7,3.8,2026-04
2026-04-02,5475,德宏,電子零組件業,觸發,進榜即觸發,246.5,99.0,3.0,0,57.4,2.8,-6.7,3.8,2026-04
2026-04-02,3167,大量,電機機械,進榜,觸發,443.35,94.0,4.0,0,72.8,2.8,89.0,3.8,2026-04
2026-04-02,3167,大量,電機機械,觸發,進榜即觸發,443.35,94.0,4.0,0,72.8,2.8,89.0,3.8,2026-04
2026-04-02,6664,群翊,電子零組件業,進榜,觸發,344.81,72.0,1.0,0,30.5,2.8,12.1,3.8,2026-04
2026-04-02,6664,群翊,電子零組件業,觸發,進榜即觸發,344.81,72.0,1.0,0,30.5,2.8,12.1,3.8,2026-04
2026-04-02,3714,富采,電子工業,進榜,準備,53.42,77.0,3.0,0,37.6,2.8,16.8,3.8,2026-04
2026-04-02,3455,由田,光電業,進榜,準備,137.13,76.0,2.0,0,111.2,2.8,70.1,3.8,2026-04
2026-04-02,6727,亞泰金屬,電子零組件業,觸發,,354.14,89.0,,3,13.7,2.8,17.6,3.8,2026-04
2026-04-02,6147,頎邦,半導體業,觸發,,82.97,80.0,,1,111.3,2.8,164.0,3.8,2026-04
2026-04-02,3715,定穎投控,電子零組件業,移出,離高點太遠,170.92,85.0,,20,,,,,2026-04
2026-04-02,5292,華懋,綠能環保,移出,離高點太遠,187.54,74.0,,8,,,,,2026-04
2026-04-07,3163,波若威,通信網路業,進榜,觸發,887.27,99.0,6.0,0,8.6,2.5,-25.8,4.1,2026-04
2026-04-07,3163,波若威,通信網路業,觸發,進榜即觸發,887.27,99.0,6.0,0,8.6,2.5,-25.8,4.1,2026-04
2026-04-07,7751,竑騰,電子工業,進榜,觸發,1830.0,97.0,3.0,0,30.6,2.5,-23.0,4.1,2026-04
2026-04-07,7751,竑騰,電子工業,觸發,進榜即觸發,1830.0,97.0,3.0,0,30.6,2.5,-23.0,4.1,2026-04
2026-04-07,8438,昶昕,其他,進榜,觸發,77.18,96.0,3.0,0,14.2,2.5,29.6,4.1,2026-04
2026-04-07,8438,昶昕,其他,觸發,進榜即觸發,77.18,96.0,3.0,0,14.2,2.5,29.6,4.1,2026-04
2026-04-07,6285,啟碁,通信網路業,進榜,觸發,193.74,85.0,4.0,0,18.3,2.5,33.2,4.1,2026-04
2026-04-07,6285,啟碁,通信網路業,觸發,進榜即觸發,193.74,85.0,4.0,0,18.3,2.5,33.2,4.1,2026-04
2026-04-07,4991,環宇-KY,半導體業,進榜,準備,470.5,95.0,3.0,0,54.1,2.5,11.8,4.1,2026-04
2026-04-07,6739,竹陞科技,其他電子業,進榜,準備,1398.28,87.0,3.0,0,2.8,2.5,-14.2,4.1,2026-04
2026-04-07,2351,順德,電子工業,進榜,準備,108.28,73.0,1.0,0,43.6,2.5,95.4,4.1,2026-04
2026-04-07,3455,由田,光電業,觸發,,150.45,81.0,,5,95.4,2.5,70.5,4.1,2026-04
2026-04-07,5291,邑昇,電子零組件業,移出,離高點太遠,66.31,96.0,,15,,,,,2026-04
2026-04-07,4906,正文,通信網路業,移出,突破失敗,36.06,73.0,,6,,,,,2026-04
2026-04-08,6715,嘉基,電子工業,進榜,觸發,371.12,98.0,1.0,0,23.9,1.5,30.3,4.4,2026-04
2026-04-08,6715,嘉基,電子工業,觸發,進榜即觸發,371.12,98.0,1.0,0,23.9,1.5,30.3,4.4,2026-04
2026-04-08,3037,欣興,電子工業,進榜,觸發,618.73,97.0,1.0,0,44.5,1.5,56.3,4.4,2026-04
2026-04-08,3037,欣興,電子工業,觸發,進榜即觸發,618.73,97.0,1.0,0,44.5,1.5,56.3,4.4,2026-04
2026-04-08,8021,尖點,其他電子業,進榜,觸發,291.81,95.0,4.0,0,45.2,1.5,90.4,4.4,2026-04
2026-04-08,8021,尖點,其他電子業,觸發,進榜即觸發,291.81,95.0,4.0,0,45.2,1.5,90.4,4.4,2026-04
2026-04-08,3093,港建*,其他電子類,進榜,觸發,56.91,91.0,2.0,0,8.3,1.5,23.3,4.4,2026-04
2026-04-08,3093,港建*,其他電子類,觸發,進榜即觸發,56.91,91.0,2.0,0,8.3,1.5,23.3,4.4,2026-04
2026-04-08,2399,映泰,電子工業,進榜,觸發,37.95,83.0,1.0,0,14.6,1.5,31.8,4.4,2026-04
2026-04-08,2399,映泰,電子工業,觸發,進榜即觸發,37.95,83.0,1.0,0,14.6,1.5,31.8,4.4,2026-04
2026-04-08,6257,矽格,半導體業,進榜,觸發,167.85,83.0,5.0,0,24.9,1.5,49.3,4.4,2026-04
2026-04-08,6257,矽格,半導體業,觸發,進榜即觸發,167.85,83.0,5.0,0,24.9,1.5,49.3,4.4,2026-04
2026-04-08,4958,臻鼎-KY,電子零組件業,進榜,觸發,245.82,78.0,4.0,0,72.5,1.5,149.4,4.4,2026-04
2026-04-08,4958,臻鼎-KY,電子零組件業,觸發,進榜即觸發,245.82,78.0,4.0,0,72.5,1.5,149.4,4.4,2026-04
2026-04-08,6944,兆聯實業,綠能環保,進榜,觸發,677.85,78.0,6.0,0,9.9,1.5,10.7,4.4,2026-04
2026-04-08,6944,兆聯實業,綠能環保,觸發,進榜即觸發,677.85,78.0,6.0,0,9.9,1.5,10.7,4.4,2026-04
2026-04-08,2330,台積電,半導體業,進榜,觸發,1944.81,74.0,2.0,0,18.5,1.5,25.7,4.4,2026-04
2026-04-08,2330,台積電,半導體業,觸發,進榜即觸發,1944.81,74.0,2.0,0,18.5,1.5,25.7,4.4,2026-04
2026-04-08,2472,立隆電,電子工業,進榜,觸發,138.4,74.0,4.0,0,43.4,1.5,202.5,4.4,2026-04
2026-04-08,2472,立隆電,電子工業,觸發,進榜即觸發,138.4,74.0,4.0,0,43.4,1.5,202.5,4.4,2026-04
2026-04-08,6190,萬泰科,通信網路業,進榜,觸發,59.49,73.0,4.0,0,22.5,1.5,40.7,4.4,2026-04
2026-04-08,6190,萬泰科,通信網路業,觸發,進榜即觸發,59.49,73.0,4.0,0,22.5,1.5,40.7,4.4,2026-04
2026-04-08,4760,勤凱,其他電子類,進榜,觸發,223.05,72.0,2.0,0,17.4,1.5,52.3,4.4,2026-04
2026-04-08,4760,勤凱,其他電子類,觸發,進榜即觸發,223.05,72.0,2.0,0,17.4,1.5,52.3,4.4,2026-04
2026-04-08,6187,萬潤,其他電子類,進榜,準備,967.7,95.0,2.0,0,15.3,1.5,5.1,4.4,2026-04
2026-04-08,1717,長興,化學工業,進榜,準備,66.06,80.0,3.0,0,20.3,1.5,23.5,4.4,2026-04
2026-04-08,3583,辛耘,半導體業,進榜,準備,551.87,79.0,1.0,0,43.1,1.5,52.8,4.4,2026-04
2026-04-08,1560,中砂,電機機械,進榜,準備,497.66,74.0,3.0,0,15.2,1.5,50.9,4.4,2026-04
2026-04-08,6672,騰輝電子-KY,電子工業,進榜,準備,138.45,72.0,3.0,0,63.2,1.5,127.5,4.4,2026-04
2026-04-08,2308,台達電,電子工業,觸發,,1656.34,84.0,,22,36.9,1.5,25.3,4.4,2026-04
2026-04-08,2419,仲琦,通信網路業,觸發,,36.95,77.0,,13,-16.9,1.5,-19.6,4.4,2026-04
2026-04-08,3265,台星科,半導體業,觸發,,154.56,75.0,,12,17.1,1.5,19.7,4.4,2026-04
2026-04-08,2605,新興,航運業,移出,離高點太遠,37.45,79.0,,22,,,,,2026-04
2026-04-08,1304,台聚,塑膠工業,移出,離高點太遠,15.82,76.0,,9,,,,,2026-04
2026-04-08,6664,群翊,電子零組件業,移出,掉出掃描母體,349.67,73.0,,6,,,,,2026-04
2026-04-09,3234,光環,通信網路業,進榜,觸發,100.05,94.0,3.0,0,-6.7,1.3,23.8,4.6,2026-04
2026-04-09,3234,光環,通信網路業,觸發,進榜即觸發,100.05,94.0,3.0,0,-6.7,1.3,23.8,4.6,2026-04
2026-04-09,8996,高力,電機機械,進榜,觸發,1010.0,94.0,2.0,0,0.5,1.3,41.1,4.6,2026-04
2026-04-09,8996,高力,電機機械,觸發,進榜即觸發,1010.0,94.0,2.0,0,0.5,1.3,41.1,4.6,2026-04
2026-04-09,2426,鼎元,光電業,進榜,觸發,42.95,93.0,1.0,0,57.0,1.3,84.4,4.6,2026-04
2026-04-09,2426,鼎元,光電業,觸發,進榜即觸發,42.95,93.0,1.0,0,57.0,1.3,84.4,4.6,2026-04
2026-04-09,6451,訊芯-KY,半導體業,進榜,觸發,392.8,93.0,3.0,0,12.2,1.3,32.6,4.6,2026-04
2026-04-09,6451,訊芯-KY,半導體業,觸發,進榜即觸發,392.8,93.0,3.0,0,12.2,1.3,32.6,4.6,2026-04
2026-04-09,6903,巨漢,其他電子業,進榜,觸發,347.76,91.0,6.0,0,18.7,1.3,12.9,4.6,2026-04
2026-04-09,6903,巨漢,其他電子業,觸發,進榜即觸發,347.76,91.0,6.0,0,18.7,1.3,12.9,4.6,2026-04
2026-04-09,2368,金像電,電子零組件業,進榜,觸發,1087.31,89.0,4.0,0,21.5,1.3,12.7,4.6,2026-04
2026-04-09,2368,金像電,電子零組件業,觸發,進榜即觸發,1087.31,89.0,4.0,0,21.5,1.3,12.7,4.6,2026-04
2026-04-09,2486,一詮,光電業,進榜,觸發,173.68,89.0,1.0,0,61.8,1.3,49.4,4.6,2026-04
2026-04-09,2486,一詮,光電業,觸發,進榜即觸發,173.68,89.0,1.0,0,61.8,1.3,49.4,4.6,2026-04
2026-04-09,3264,欣銓,半導體業,進榜,觸發,176.98,86.0,5.0,0,24.1,1.3,45.2,4.6,2026-04
2026-04-09,3264,欣銓,半導體業,觸發,進榜即觸發,176.98,86.0,5.0,0,24.1,1.3,45.2,4.6,2026-04
2026-04-09,3363,上詮,通信網路業,進榜,觸發,763.0,86.0,4.0,0,6.2,1.3,-24.8,4.6,2026-04
2026-04-09,3363,上詮,通信網路業,觸發,進榜即觸發,763.0,86.0,4.0,0,6.2,1.3,-24.8,4.6,2026-04
2026-04-09,3028,增你強,電子工業,進榜,觸發,56.7,83.0,3.0,0,32.6,1.3,38.6,4.6,2026-04
2026-04-09,3028,增你強,電子工業,觸發,進榜即觸發,56.7,83.0,3.0,0,32.6,1.3,38.6,4.6,2026-04
2026-04-09,2409,友達,光電業,進榜,觸發,18.43,74.0,3.0,0,-4.8,1.3,69.1,4.6,2026-04
2026-04-09,2409,友達,光電業,觸發,進榜即觸發,18.43,74.0,3.0,0,-4.8,1.3,69.1,4.6,2026-04
2026-04-09,5243,乙盛-KY,電子工業,進榜,觸發,113.5,74.0,3.0,0,-5.7,1.3,-8.8,4.6,2026-04
2026-04-09,5243,乙盛-KY,電子工業,觸發,進榜即觸發,113.5,74.0,3.0,0,-5.7,1.3,-8.8,4.6,2026-04
2026-04-09,6664,群翊,電子零組件業,進榜,觸發,375.45,71.0,1.0,0,14.8,1.3,1.4,4.6,2026-04
2026-04-09,6664,群翊,電子零組件業,觸發,進榜即觸發,375.45,71.0,1.0,0,14.8,1.3,1.4,4.6,2026-04
2026-04-09,6217,中探針,電子零組件業,進榜,準備,215.0,99.0,3.0,0,23.7,1.3,19.1,4.6,2026-04
2026-04-09,2360,致茂,其他電子業,進榜,準備,1824.57,95.0,3.0,0,21.2,1.3,19.5,4.6,2026-04
2026-04-09,8064,東捷,光電業,進榜,準備,77.73,83.0,2.0,0,32.2,1.3,78.2,4.6,2026-04
2026-04-09,3498,陽程,其他電子類,進榜,準備,84.1,81.0,1.0,0,11.2,1.3,47.4,4.6,2026-04
2026-04-09,1785,光洋科,其他電子類,進榜,準備,103.26,80.0,3.0,0,59.0,1.3,45.7,4.6,2026-04
2026-04-09,3030,德律,其他電子業,進榜,準備,269.53,71.0,3.0,0,41.4,1.3,15.0,4.6,2026-04
2026-04-09,8091,翔名,電子零組件業,觸發,,181.4,79.0,,8,3.5,1.3,56.8,4.6,2026-04
2026-04-09,1717,長興,化學工業,觸發,,72.66,84.0,,1,6.9,1.3,17.5,4.6,2026-04
2026-04-09,3714,富采,電子工業,觸發,,56.47,77.0,,7,24.1,1.3,13.5,4.6,2026-04
2026-04-09,6584,南俊國際,電子零組件業,移出,離高點太遠,589.0,89.0,,21,,,,,2026-04
2026-04-09,2485,兆赫,通信網路業,移出,離高點太遠,69.9,98.0,,29,,,,,2026-04
2026-04-10,4577,達航科技,其他電子類,進榜,觸發,127.5,96.0,6.0,0,9.4,1.0,-32.5,2.8,2026-04
2026-04-10,4577,達航科技,其他電子類,觸發,進榜即觸發,127.5,96.0,6.0,0,9.4,1.0,-32.5,2.8,2026-04
2026-04-10,4989,榮科,電子零組件業,進榜,觸發,76.26,93.0,4.0,0,17.2,1.0,31.0,2.8,2026-04
2026-04-10,4989,榮科,電子零組件業,觸發,進榜即觸發,76.26,93.0,4.0,0,17.2,1.0,31.0,2.8,2026-04
2026-04-10,6442,光聖,通信網路業,進榜,觸發,2305.09,92.0,4.0,0,-16.1,1.0,-33.8,2.8,2026-04
2026-04-10,6442,光聖,通信網路業,觸發,進榜即觸發,2305.09,92.0,4.0,0,-16.1,1.0,-33.8,2.8,2026-04
2026-04-10,6426,統新,通信網路業,進榜,觸發,197.0,91.0,3.0,0,32.0,1.0,-7.1,2.8,2026-04
2026-04-10,6426,統新,通信網路業,觸發,進榜即觸發,197.0,91.0,3.0,0,32.0,1.0,-7.1,2.8,2026-04
2026-04-10,8240,華宏,光電業,進榜,觸發,61.85,79.0,1.0,0,10.7,1.0,-19.5,2.8,2026-04
2026-04-10,8240,華宏,光電業,觸發,進榜即觸發,61.85,79.0,1.0,0,10.7,1.0,-19.5,2.8,2026-04
2026-04-10,3532,台勝科,半導體業,進榜,觸發,165.14,78.0,2.0,0,61.9,1.0,131.4,2.8,2026-04
2026-04-10,3532,台勝科,半導體業,觸發,進榜即觸發,165.14,78.0,2.0,0,61.9,1.0,131.4,2.8,2026-04
2026-04-10,4908,前鼎,通信網路業,進榜,觸發,128.15,74.0,2.0,0,76.4,1.0,25.6,2.8,2026-04
2026-04-10,4908,前鼎,通信網路業,觸發,進榜即觸發,128.15,74.0,2.0,0,76.4,1.0,25.6,2.8,2026-04
2026-04-10,3587,閎康,其他電子類,進榜,觸發,284.29,72.0,1.0,0,21.3,1.0,0.3,2.8,2026-04
2026-04-10,3587,閎康,其他電子類,觸發,進榜即觸發,284.29,72.0,1.0,0,21.3,1.0,0.3,2.8,2026-04
2026-04-10,6530,創威,通信網路業,進榜,準備,99.46,78.0,2.0,0,8.9,1.0,-14.8,2.8,2026-04
2026-04-10,6706,惠特,光電業,進榜,準備,140.0,73.0,2.0,0,20.4,1.0,-1.1,2.8,2026-04
2026-04-10,6217,中探針,電子零組件業,觸發,,236.5,100.0,,1,19.2,1.0,3.2,2.8,2026-04
2026-04-10,3030,德律,其他電子業,觸發,,296.43,77.0,,1,31.0,1.0,-0.1,2.8,2026-04
2026-04-10,1309,台達化,塑膠工業,移出,離高點太遠,22.37,88.0,,22,,,,,2026-04
2026-04-10,1582,信錦,電子工業,移出,掉出掃描母體,96.63,73.0,,9,,,,,2026-04
2026-04-10,2399,映泰,電子工業,移出,突破失敗,34.2,79.0,,2,,,,,2026-04
2026-04-10,3714,富采,電子工業,移出,掉出掃描母體,56.47,77.0,,8,,,,,2026-04
2026-04-10,2409,友達,光電業,移出,掉出掃描母體,18.43,74.0,,1,,,,,2026-04
2026-04-10,6664,群翊,電子零組件業,移出,掉出掃描母體,375.45,71.0,,1,,,,,2026-04
2026-04-13,3693,營邦,電腦及週邊設備業,進榜,觸發,613.05,91.0,3.0,0,-4.7,0.1,-16.4,2.3,2026-04
2026-04-13,3693,營邦,電腦及週邊設備業,觸發,進榜即觸發,613.05,91.0,3.0,0,-4.7,0.1,-16.4,2.3,2026-04
2026-04-13,6949,沛爾生醫-創,創新版股票,進榜,觸發,711.0,84.0,4.0,0,-4.4,0.1,35.0,2.3,2026-04
2026-04-13,6949,沛爾生醫-創,創新版股票,觸發,進榜即觸發,711.0,84.0,4.0,0,-4.4,0.1,35.0,2.3,2026-04
2026-04-13,3581,博磊,半導體業,進榜,觸發,81.53,78.0,3.0,0,185.7,0.1,58.7,2.3,2026-04
2026-04-13,3581,博磊,半導體業,觸發,進榜即觸發,81.53,78.0,3.0,0,185.7,0.1,58.7,2.3,2026-04
2026-04-13,3031,佰鴻,電子工業,進榜,觸發,29.96,73.0,1.0,0,-4.2,0.1,2.1,2.3,2026-04
2026-04-13,3031,佰鴻,電子工業,觸發,進榜即觸發,29.96,73.0,1.0,0,-4.2,0.1,2.1,2.3,2026-04
2026-04-13,3042,晶技,電子工業,進榜,觸發,126.95,71.0,1.0,0,15.4,0.1,62.3,2.3,2026-04
2026-04-13,3042,晶技,電子工業,觸發,進榜即觸發,126.95,71.0,1.0,0,15.4,0.1,62.3,2.3,2026-04
2026-04-13,3289,宜特,其他電子類,進榜,觸發,169.59,70.0,1.0,0,6.1,0.1,-4.7,2.3,2026-04
2026-04-13,3289,宜特,其他電子類,觸發,進榜即觸發,169.59,70.0,1.0,0,6.1,0.1,-4.7,2.3,2026-04
2026-04-13,7742,天弘化,化學工業,進榜,準備,228.0,100.0,2.0,0,-16.4,0.1,-39.9,2.3,2026-04
2026-04-13,6515,穎崴,電子工業,進榜,準備,8497.16,97.0,3.0,0,16.2,0.1,-10.0,2.3,2026-04
2026-04-13,3585,聯致,電子零組件業,進榜,準備,30.1,86.0,2.0,0,265.4,0.1,123.6,2.3,2026-04
2026-04-13,3702,大聯大,電子工業,進榜,準備,93.34,73.0,1.0,0,18.0,0.1,9.2,2.3,2026-04
2026-04-13,6664,群翊,電子零組件業,進榜,準備,400.25,72.0,1.0,0,13.5,0.1,-12.0,2.3,2026-04
2026-04-13,1560,中砂,電機機械,移出,掉出掃描母體,512.56,70.0,,5,,,,,2026-04
2026-04-13,2330,台積電,半導體業,移出,掉出掃描母體,1994.68,70.0,,5,,,,,2026-04
2026-04-14,4764,雙鍵,化學工業,進榜,觸發,181.5,97.0,4.0,0,68.8,-0.3,80.0,1.6,2026-04
2026-04-14,4764,雙鍵,化學工業,觸發,進榜即觸發,181.5,97.0,4.0,0,68.8,-0.3,80.0,1.6,2026-04
2026-04-14,6980,鐳洋科技,通信網路業,進榜,觸發,182.0,93.0,2.0,0,-7.1,-0.3,-23.9,1.6,2026-04
2026-04-14,6980,鐳洋科技,通信網路業,觸發,進榜即觸發,182.0,93.0,2.0,0,-7.1,-0.3,-23.9,1.6,2026-04
2026-04-14,3443,創意,半導體業,進榜,觸發,3036.17,85.0,4.0,0,74.8,-0.3,42.9,1.6,2026-04
2026-04-14,3443,創意,半導體業,觸發,進榜即觸發,3036.17,85.0,4.0,0,74.8,-0.3,42.9,1.6,2026-04
2026-04-14,3714,富采,電子工業,進榜,觸發,61.99,76.0,3.0,0,11.3,-0.3,2.8,1.6,2026-04
2026-04-14,3714,富采,電子工業,觸發,進榜即觸發,61.99,76.0,3.0,0,11.3,-0.3,2.8,1.6,2026-04
2026-04-14,3673,TPK-KY,光電業,進榜,觸發,59.03,71.0,1.0,0,10.1,-0.3,28.6,1.6,2026-04
2026-04-14,3673,TPK-KY,光電業,觸發,進榜即觸發,59.03,71.0,1.0,0,10.1,-0.3,28.6,1.6,2026-04
2026-04-14,2409,友達,光電業,進榜,觸發,19.47,70.0,3.0,0,2.0,-0.3,58.8,1.6,2026-04
2026-04-14,2409,友達,光電業,觸發,進榜即觸發,19.47,70.0,3.0,0,2.0,-0.3,58.8,1.6,2026-04
2026-04-14,5246,勵威,半導體業,進榜,準備,230.0,100.0,3.0,0,-11.3,-0.3,-43.5,1.6,2026-04
2026-04-14,6664,群翊,電子零組件業,移出,掉出掃描母體,400.25,72.0,,1,,,,,2026-04
2026-04-14,6568,宏觀,半導體業,移出,離高點太遠,201.23,77.0,,69,,,,,2026-04
2026-04-14,6805,富世達,電子工業,移出,離高點太遠,1717.99,70.0,,47,,,,,2026-04
2026-04-14,2419,仲琦,通信網路業,移出,掉出掃描母體,35.35,71.0,,19,,,,,2026-04
2026-04-14,6739,竹陞科技,其他電子業,移出,晚期未觸發,1462.51,80.0,,7,,,,,2026-04
2026-04-14,6190,萬泰科,通信網路業,移出,掉出掃描母體,62.81,71.0,,6,,,,,2026-04
2026-04-14,6217,中探針,電子零組件業,移出,離高點太遠,218.0,99.0,,5,,,,,2026-04
2026-04-14,6706,惠特,光電業,移出,掉出掃描母體,141.5,70.0,,4,,,,,2026-04
2026-04-14,6442,光聖,通信網路業,移出,離高點太遠,2057.23,88.0,,4,,,,,2026-04
2026-04-15,8155,博智,電子零組件業,進榜,觸發,353.21,89.0,6.0,0,16.7,-1.1,-3.0,0.4,2026-04
2026-04-15,8155,博智,電子零組件業,觸發,進榜即觸發,353.21,89.0,6.0,0,16.7,-1.1,-3.0,0.4,2026-04
2026-04-15,4979,華星光,通信網路業,進榜,觸發,530.27,87.0,5.0,0,10.5,-1.1,-21.4,0.4,2026-04
2026-04-15,4979,華星光,通信網路業,觸發,進榜即觸發,530.27,87.0,5.0,0,10.5,-1.1,-21.4,0.4,2026-04
2026-04-15,4960,誠美材,電子工業,進榜,觸發,28.05,86.0,3.0,0,20.0,-1.1,-16.8,0.4,2026-04
2026-04-15,4960,誠美材,電子工業,觸發,進榜即觸發,28.05,86.0,3.0,0,20.0,-1.1,-16.8,0.4,2026-04
2026-04-15,6739,竹陞科技,其他電子業,進榜,觸發,1605.8,84.0,4.0,0,-18.2,-1.1,-34.6,0.4,2026-04
2026-04-15,6739,竹陞科技,其他電子業,觸發,進榜即觸發,1605.8,84.0,4.0,0,-18.2,-1.1,-34.6,0.4,2026-04
2026-04-15,2495,普安,其他電子業,進榜,觸發,44.27,80.0,3.0,0,-19.5,-1.1,4.9,0.4,2026-04
2026-04-15,2495,普安,其他電子業,觸發,進榜即觸發,44.27,80.0,3.0,0,-19.5,-1.1,4.9,0.4,2026-04
2026-04-15,2399,映泰,電子工業,進榜,準備,37.05,78.0,1.0,0,27.4,-1.1,18.8,0.4,2026-04
2026-04-15,6664,群翊,電子零組件業,進榜,準備,418.24,74.0,1.0,0,7.8,-1.1,-10.0,0.4,2026-04
2026-04-15,3221,台嘉碩,通信網路業,觸發,,41.35,81.0,,14,0.7,-1.1,35.4,0.4,2026-04
2026-04-15,6187,萬潤,其他電子類,觸發,,1120.75,95.0,,7,0.4,-1.1,-8.8,0.4,2026-04
2026-04-15,2360,致茂,其他電子業,觸發,,2003.06,95.0,,6,11.9,-1.1,-7.6,0.4,2026-04
2026-04-15,6530,創威,通信網路業,觸發,,102.4,78.0,,5,10.5,-1.1,-22.8,0.4,2026-04
2026-04-15,7419,達勝,電子零組件業,移出,離高點太遠,195.0,100.0,,14,,,,,2026-04
2026-04-16,5340,建榮,電子零組件業,進榜,觸發,124.18,89.0,5.0,0,-17.6,-2.5,-37.7,-0.9,2026-04
2026-04-16,5340,建榮,電子零組件業,觸發,進榜即觸發,124.18,89.0,5.0,0,-17.6,-2.5,-37.7,-0.9,2026-04
2026-04-16,8289,泰藝,電子零組件業,進榜,觸發,47.1,88.0,4.0,0,14.4,-2.5,13.4,-0.9,2026-04
2026-04-16,8289,泰藝,電子零組件業,觸發,進榜即觸發,47.1,88.0,4.0,0,14.4,-2.5,13.4,-0.9,2026-04
2026-04-16,8150,南茂,電子工業,進榜,觸發,72.77,86.0,3.0,0,9.8,-2.5,42.9,-0.9,2026-04
2026-04-16,8150,南茂,電子工業,觸發,進榜即觸發,72.77,86.0,3.0,0,9.8,-2.5,42.9,-0.9,2026-04
2026-04-16,4977,眾達-KY,電子工業,進榜,觸發,203.31,77.0,2.0,0,5.6,-2.5,-31.5,-0.9,2026-04
2026-04-16,4977,眾達-KY,電子工業,觸發,進榜即觸發,203.31,77.0,2.0,0,5.6,-2.5,-31.5,-0.9,2026-04
2026-04-16,5498,凱崴,電子零組件業,進榜,準備,69.3,92.0,3.0,0,1.7,-2.5,-21.1,-0.9,2026-04
2026-04-16,2484,希華,電子工業,觸發,,39.93,82.0,,15,-7.4,-2.5,99.8,-0.9,2026-04
2026-04-16,6515,穎崴,電子工業,移出,晚期未觸發,9747.91,97.0,,3,,,,,2026-04
2026-04-16,2409,友達,光電業,移出,掉出掃描母體,19.71,71.0,,2,,,,,2026-04
2026-04-16,7734,印能科技,半導體業,移出,離高點太遠,2265.81,88.0,,29,,,,,2026-04
2026-04-16,3585,聯致,電子零組件業,移出,離高點太遠,60.7,97.0,,3,,,,,2026-04
2026-04-17,3555,博士旺,半導體業,進榜,觸發,260.0,96.0,6.0,0,-20.8,-2.8,-41.2,0.0,2026-04
2026-04-17,3555,博士旺,半導體業,觸發,進榜即觸發,260.0,96.0,6.0,0,-20.8,-2.8,-41.2,0.0,2026-04
2026-04-17,1711,永光,化學工業,進榜,觸發,47.95,88.0,2.0,0,2.0,-2.8,-8.8,0.0,2026-04
2026-04-17,1711,永光,化學工業,觸發,進榜即觸發,47.95,88.0,2.0,0,2.0,-2.8,-8.8,0.0,2026-04
2026-04-17,3437,榮創,光電業,進榜,觸發,27.2,80.0,1.0,0,-12.9,-2.8,-27.0,0.0,2026-04
2026-04-17,3437,榮創,光電業,觸發,進榜即觸發,27.2,80.0,1.0,0,-12.9,-2.8,-27.0,0.0,2026-04
2026-04-17,1815,富喬,電子零組件業,進榜,觸發,127.0,76.0,6.0,0,-18.5,-2.8,-28.1,0.0,2026-04
2026-04-17,1815,富喬,電子零組件業,觸發,進榜即觸發,127.0,76.0,6.0,0,-18.5,-2.8,-28.1,0.0,2026-04
2026-04-17,6173,信昌電,電子零組件業,進榜,觸發,91.59,72.0,4.0,0,80.0,-2.8,152.8,0.0,2026-04
2026-04-17,6173,信昌電,電子零組件業,觸發,進榜即觸發,91.59,72.0,4.0,0,80.0,-2.8,152.8,0.0,2026-04
2026-04-17,6205,詮欣,電子工業,進榜,觸發,73.61,71.0,1.0,0,1.6,-2.8,-9.0,0.0,2026-04
2026-04-17,6205,詮欣,電子工業,觸發,進榜即觸發,73.61,71.0,1.0,0,1.6,-2.8,-9.0,0.0,2026-04
2026-04-17,3585,聯致,電子零組件業,進榜,準備,82.0,99.0,2.0,0,6.8,-2.8,-26.3,0.0,2026-04
2026-04-17,5297,廣化,半導體業,進榜,準備,144.0,98.0,1.0,0,-26.0,-2.8,-37.4,0.0,2026-04
2026-04-17,8074,鉅橡,電子零組件業,進榜,準備,68.15,84.0,3.0,0,10.1,-2.8,-9.8,0.0,2026-04
2026-04-17,7769,鴻勁,半導體業,進榜,準備,4443.49,82.0,2.0,0,47.9,-2.8,49.3,0.0,2026-04
2026-04-17,2481,強茂,半導體業,進榜,準備,118.0,73.0,3.0,0,9.3,-2.8,47.9,0.0,2026-04
2026-04-17,2303,聯電,半導體業,進榜,準備,71.77,72.0,2.0,0,52.1,-2.8,131.3,0.0,2026-04
2026-04-17,4991,環宇-KY,半導體業,觸發,,660.0,97.0,,10,5.8,-2.8,-35.5,0.0,2026-04
2026-04-17,8096,擎亞,電子通路業,移出,離高點太遠,91.5,84.0,,35,,,,,2026-04
2026-04-17,4760,勤凱,其他電子類,移出,掉出掃描母體,260.8,72.0,,9,,,,,2026-04
2026-04-17,6944,兆聯實業,綠能環保,移出,掉出掃描母體,682.39,72.0,,9,,,,,2026-04
2026-04-17,8150,南茂,電子工業,移出,突破失敗,66.45,79.0,,1,,,,,2026-04
2026-04-20,3189,景碩,半導體業,進榜,觸發,429.76,96.0,3.0,0,19.2,-3.1,79.2,-0.3,2026-04
2026-04-20,3189,景碩,半導體業,觸發,進榜即觸發,429.76,96.0,3.0,0,19.2,-3.1,79.2,-0.3,2026-04
2026-04-20,4956,光鋐,電子工業,進榜,觸發,54.7,92.0,1.0,0,-22.1,-3.1,-40.5,-0.3,2026-04
2026-04-20,4956,光鋐,電子工業,觸發,進榜即觸發,54.7,92.0,1.0,0,-22.1,-3.1,-40.5,-0.3,2026-04
2026-04-20,6584,南俊國際,電子零組件業,進榜,觸發,733.0,92.0,4.0,0,-10.4,-3.1,-12.3,-0.3,2026-04
2026-04-20,6584,南俊國際,電子零組件業,觸發,進榜即觸發,733.0,92.0,4.0,0,-10.4,-3.1,-12.3,-0.3,2026-04
2026-04-20,6163,華電網,通信網路業,進榜,觸發,74.1,89.0,2.0,0,-31.0,-3.1,-39.9,-0.3,2026-04
2026-04-20,6163,華電網,通信網路業,觸發,進榜即觸發,74.1,89.0,2.0,0,-31.0,-3.1,-39.9,-0.3,2026-04
2026-04-20,6290,良維,電子零組件業,進榜,觸發,252.1,77.0,5.0,0,4.3,-3.1,-0.4,-0.3,2026-04
2026-04-20,6290,良維,電子零組件業,觸發,進榜即觸發,252.1,77.0,5.0,0,4.3,-3.1,-0.4,-0.3,2026-04
2026-04-20,6789,采鈺,半導體業,進榜,觸發,470.36,76.0,3.0,0,9.7,-3.1,11.8,-0.3,2026-04
2026-04-20,6789,采鈺,半導體業,觸發,進榜即觸發,470.36,76.0,3.0,0,9.7,-3.1,11.8,-0.3,2026-04
2026-04-20,6788,華景電,半導體業,進榜,觸發,457.29,74.0,3.0,0,-14.8,-3.1,-16.0,-0.3,2026-04
2026-04-20,6788,華景電,半導體業,觸發,進榜即觸發,457.29,74.0,3.0,0,-14.8,-3.1,-16.0,-0.3,2026-04
2026-04-20,8358,金居,電子零組件業,進榜,觸發,402.16,74.0,4.0,0,6.2,-3.1,8.7,-0.3,2026-04
2026-04-20,8358,金居,電子零組件業,觸發,進榜即觸發,402.16,74.0,4.0,0,6.2,-3.1,8.7,-0.3,2026-04
2026-04-20,8383,千附,其他電子類,進榜,觸發,66.56,74.0,2.0,0,-19.8,-3.1,30.9,-0.3,2026-04
2026-04-20,8383,千附,其他電子類,觸發,進榜即觸發,66.56,74.0,2.0,0,-19.8,-3.1,30.9,-0.3,2026-04
2026-04-20,1721,三晃,化學工業,進榜,觸發,22.55,72.0,1.0,0,27.3,-3.1,2.2,-0.3,2026-04
2026-04-20,1721,三晃,化學工業,觸發,進榜即觸發,22.55,72.0,1.0,0,27.3,-3.1,2.2,-0.3,2026-04
2026-04-20,6217,中探針,電子零組件業,進榜,準備,268.0,99.0,3.0,0,-0.9,-3.1,-18.7,-0.3,2026-04
2026-04-20,6696,仁新*,生技醫療業,進榜,準備,492.0,88.0,3.0,0,-19.0,-3.1,51.6,-0.3,2026-04
2026-04-20,2455,全新,通信網路業,進榜,準備,330.75,84.0,3.0,0,15.0,-3.1,-5.4,-0.3,2026-04
2026-04-20,6568,宏觀,半導體業,進榜,準備,245.35,83.0,2.0,0,-14.7,-3.1,-38.5,-0.3,2026-04
2026-04-20,7795,長廣,電子零組件業,進榜,準備,435.76,79.0,3.0,0,-21.2,-3.1,29.2,-0.3,2026-04
2026-04-20,4576,大銀微系統,電機機械,進榜,準備,197.29,78.0,3.0,0,27.3,-3.1,6.9,-0.3,2026-04
2026-04-20,4927,泰鼎-KY,電子工業,進榜,準備,52.2,76.0,1.0,0,-4.4,-3.1,-24.7,-0.3,2026-04
2026-04-20,5864,致和證,金融業,進榜,準備,22.28,73.0,2.0,0,24.0,-3.1,61.8,-0.3,2026-04
2026-04-20,6456,GIS-KY,光電業,進榜,準備,83.8,73.0,2.0,0,-18.7,-3.1,-16.8,-0.3,2026-04
2026-04-20,5297,廣化,半導體業,觸發,,201.0,99.0,,3,-42.3,-3.1,-59.0,-0.3,2026-04
2026-04-20,8074,鉅橡,電子零組件業,觸發,,74.95,86.0,,3,-0.9,-3.1,-19.9,-0.3,2026-04
2026-04-20,5246,勵威,半導體業,觸發,,349.0,100.0,,6,-56.9,-3.1,-70.5,-0.3,2026-04
2026-04-20,5498,凱崴,電子零組件業,觸發,,75.6,93.0,,4,-13.5,-3.1,-28.6,-0.3,2026-04
2026-04-20,3031,佰鴻,電子工業,移出,掉出掃描母體,31.93,75.0,,7,,,,,2026-04
2026-04-20,2481,強茂,半導體業,移出,掉出掃描母體,118.0,73.0,,3,,,,,2026-04
2026-04-20,6640,均華,半導體業,移出,離高點太遠,1553.81,87.0,,45,,,,,2026-04
2026-04-20,2355,敬鵬,電子工業,移出,掉出掃描母體,50.88,71.0,,25,,,,,2026-04
2026-04-21,6861,睿生光電,化學生技醫療,進榜,觸發,193.72,93.0,4.0,0,108.7,-3.9,16.1,-3.2,2026-04
2026-04-21,6861,睿生光電,化學生技醫療,觸發,進榜即觸發,193.72,93.0,4.0,0,108.7,-3.9,16.1,-3.2,2026-04
2026-04-21,7734,印能科技,半導體業,進榜,觸發,2847.17,92.0,1.0,0,16.8,-3.9,0.1,-3.2,2026-04
2026-04-21,7734,印能科技,半導體業,觸發,進榜即觸發,2847.17,92.0,1.0,0,16.8,-3.9,0.1,-3.2,2026-04
2026-04-21,7707,益芯科,半導體業,進榜,觸發,189.5,82.0,2.0,0,-19.5,-3.9,-39.1,-3.2,2026-04
2026-04-21,7707,益芯科,半導體業,觸發,進榜即觸發,189.5,82.0,2.0,0,-19.5,-3.9,-39.1,-3.2,2026-04
2026-04-21,6849,奇鼎科技,其他電子業,進榜,準備,244.5,99.0,2.0,0,-18.0,-3.9,-34.4,-3.2,2026-04
2026-04-21,6515,穎崴,電子工業,進榜,準備,10636.34,96.0,3.0,0,-15.3,-3.9,-43.1,-3.2,2026-04
2026-04-21,8150,南茂,電子工業,進榜,準備,73.17,81.0,3.0,0,0.4,-3.9,51.0,-3.2,2026-04
2026-04-21,3701,大眾控,電子工業,進榜,準備,71.5,73.0,3.0,0,-28.1,-3.9,-45.2,-3.2,2026-04
2026-04-21,6271,同欣電,半導體業,進榜,準備,185.16,72.0,3.0,0,0.0,-3.9,9.6,-3.2,2026-04
2026-04-21,2399,映泰,電子工業,觸發,,41.95,79.0,,6,0.6,-3.9,-11.1,-3.2,2026-04
2026-04-21,6456,GIS-KY,光電業,移出,掉出掃描母體,83.8,73.0,,1,,,,,2026-04
2026-04-21,8027,鈦昇,電機機械,移出,掉出掃描母體,149.5,72.0,,22,,,,,2026-04
2026-04-21,5243,乙盛-KY,電子工業,移出,掉出掃描母體,121.5,71.0,,12,,,,,2026-04
2026-04-21,1815,富喬,電子零組件業,移出,掉出掃描母體,118.0,72.0,,4,,,,,2026-04
2026-04-21,8358,金居,電子零組件業,移出,掉出掃描母體,402.16,74.0,,1,,,,,2026-04
2026-04-22,6977,聯純,綠能環保,進榜,觸發,392.0,83.0,4.0,0,-26.9,-3.1,-51.1,-4.1,2026-04
2026-04-22,6977,聯純,綠能環保,觸發,進榜即觸發,392.0,83.0,4.0,0,-26.9,-3.1,-51.1,-4.1,2026-04
2026-04-22,6877,鏵友益,其他電子類,進榜,觸發,179.28,79.0,4.0,0,-15.6,-3.1,-32.5,-4.1,2026-04
2026-04-22,6877,鏵友益,其他電子類,觸發,進榜即觸發,179.28,79.0,4.0,0,-15.6,-3.1,-32.5,-4.1,2026-04
2026-04-22,2454,聯發科,半導體業,進榜,觸發,2281.37,74.0,3.0,0,54.7,-3.1,46.4,-4.1,2026-04
2026-04-22,2454,聯發科,半導體業,觸發,進榜即觸發,2281.37,74.0,3.0,0,54.7,-3.1,46.4,-4.1,2026-04
2026-04-22,3675,德微,半導體業,進榜,觸發,234.0,71.0,1.0,0,35.3,-3.1,13.0,-4.1,2026-04
2026-04-22,3675,德微,半導體業,觸發,進榜即觸發,234.0,71.0,1.0,0,35.3,-3.1,13.0,-4.1,2026-04
2026-04-22,7763,崇舜,化學工業,進榜,準備,301.0,93.0,3.0,0,-26.7,-3.1,-51.5,-4.1,2026-04
2026-04-22,4919,新唐,半導體業,進榜,準備,154.0,91.0,1.0,0,17.9,-3.1,-12.0,-4.1,2026-04
2026-04-22,6829,千附精密,電機機械,進榜,準備,257.11,84.0,2.0,0,-26.4,-3.1,-24.4,-4.1,2026-04
2026-04-22,2351,順德,電子工業,觸發,,164.91,82.0,,15,15.7,-3.1,-6.0,-4.1,2026-04
2026-04-22,3701,大眾控,電子工業,觸發,,78.6,77.0,,1,-30.3,-3.1,-51.7,-4.1,2026-04
2026-04-22,6672,騰輝電子-KY,電子工業,觸發,,206.0,86.0,,14,-13.3,-3.1,7.5,-4.1,2026-04
2026-04-22,3702,大聯大,電子工業,移出,掉出掃描母體,99.04,70.0,,9,,,,,2026-04
2026-04-22,3585,聯致,電子零組件業,移出,掉出掃描母體,165.0,100.0,,5,,,,,2026-04
2026-04-22,6271,同欣電,半導體業,移出,掉出掃描母體,185.16,72.0,,1,,,,,2026-04
2026-04-22,2313,華通,電子工業,移出,離高點太遠,242.79,91.0,,27,,,,,2026-04
2026-04-22,3093,港建*,其他電子類,移出,離高點太遠,63.71,89.0,,14,,,,,2026-04
2026-04-22,7742,天弘化,化學工業,移出,離高點太遠,231.0,99.0,,9,,,,,2026-04
2026-04-22,5246,勵威,半導體業,移出,離高點太遠,303.0,99.0,,8,,,,,2026-04
2026-04-22,6664,群翊,電子零組件業,移出,掉出掃描母體,414.35,71.0,,7,,,,,2026-04
2026-04-22,5340,建榮,電子零組件業,移出,離高點太遠,115.24,81.0,,6,,,,,2026-04
2026-04-22,6173,信昌電,電子零組件業,移出,掉出掃描母體,88.81,70.0,,5,,,,,2026-04
2026-04-22,5297,廣化,半導體業,移出,離高點太遠,246.0,100.0,,5,,,,,2026-04
2026-04-22,3437,榮創,光電業,移出,離高點太遠,26.05,73.0,,5,,,,,2026-04
2026-04-23,3162,精確,電機機械,進榜,觸發,83.03,72.0,5.0,0,4.4,-1.0,-18.7,-1.4,2026-04
2026-04-23,3162,精確,電機機械,觸發,進榜即觸發,83.03,72.0,5.0,0,4.4,-1.0,-18.7,-1.4,2026-04
2026-04-23,6727,亞泰金屬,電子零組件業,移出,離高點太遠,413.0,88.0,,24,,,,,2026-04
2026-04-23,6980,鐳洋科技,通信網路業,移出,離高點太遠,240.5,95.0,,9,,,,,2026-04
2026-04-23,4960,誠美材,電子工業,移出,離高點太遠,40.5,93.0,,8,,,,,2026-04
2026-04-23,2303,聯電,半導體業,移出,掉出掃描母體,77.28,71.0,,6,,,,,2026-04
2026-04-23,6829,千附精密,電機機械,移出,離高點太遠,231.55,82.0,,1,,,,,2026-04
2026-04-23,3026,禾伸堂,電子工業,移出,離高點太遠,222.06,86.0,,29,,,,,2026-04
2026-04-23,7815,新特,半導體業,移出,離高點太遠,475.0,94.0,,29,,,,,2026-04
2026-04-23,6588,東典光電,通信網路業,移出,離高點太遠,135.5,97.0,,24,,,,,2026-04
2026-04-23,6830,汎銓,其他電子業,移出,離高點太遠,803.0,98.0,,22,,,,,2026-04
2026-04-23,2484,希華,電子工業,移出,離高點太遠,42.8,82.0,,22,,,,,2026-04
2026-04-23,3221,台嘉碩,通信網路業,移出,離高點太遠,45.18,83.0,,22,,,,,2026-04
2026-04-23,6285,啟碁,通信網路業,移出,離高點太遠,213.9,80.0,,16,,,,,2026-04
2026-04-23,6187,萬潤,其他電子類,移出,離高點太遠,1239.25,95.0,,15,,,,,2026-04
2026-04-23,6715,嘉基,電子工業,移出,離高點太遠,393.76,97.0,,15,,,,,2026-04
2026-04-23,6451,訊芯-KY,半導體業,移出,離高點太遠,446.28,94.0,,14,,,,,2026-04
2026-04-23,4908,前鼎,通信網路業,移出,離高點太遠,174.85,86.0,,13,,,,,2026-04
2026-04-23,6530,創威,通信網路業,移出,離高點太遠,115.14,82.0,,13,,,,,2026-04
2026-04-23,4764,雙鍵,化學工業,移出,離高點太遠,193.5,96.0,,9,,,,,2026-04
2026-04-23,3673,TPK-KY,光電業,移出,離高點太遠,60.2,70.0,,9,,,,,2026-04
2026-04-23,2495,普安,其他電子業,移出,突破失敗,40.4,76.0,,8,,,,,2026-04
2026-04-23,4979,華星光,通信網路業,移出,離高點太遠,564.09,90.0,,8,,,,,2026-04
2026-04-23,8289,泰藝,電子零組件業,移出,離高點太遠,47.7,88.0,,7,,,,,2026-04
2026-04-23,3555,博士旺,半導體業,移出,離高點太遠,228.0,94.0,,6,,,,,2026-04
2026-04-23,6696,仁新*,生技醫療業,移出,離高點太遠,421.5,72.0,,3,,,,,2026-04
2026-04-23,7795,長廣,電子零組件業,移出,晚期未觸發,403.0,79.0,,3,,,,,2026-04
2026-04-23,4956,光鋐,電子工業,移出,離高點太遠,49.5,90.0,,3,,,,,2026-04
2026-04-23,6163,華電網,通信網路業,移出,離高點太遠,64.4,81.0,,3,,,,,2026-04
2026-04-23,7707,益芯科,半導體業,移出,突破失敗,170.0,79.0,,2,,,,,2026-04
2026-04-23,6672,騰輝電子-KY,電子工業,移出,離高點太遠,191.5,85.0,,15,,,,,2026-04
2026-04-24,8046,南電,電子工業,進榜,觸發,872.17,95.0,4.0,0,1.1,-0.2,49.6,-0.9,2026-04
2026-04-24,8046,南電,電子工業,觸發,進榜即觸發,872.17,95.0,4.0,0,1.1,-0.2,49.6,-0.9,2026-04
2026-04-24,4925,智微,半導體業,進榜,觸發,130.0,94.0,3.0,0,36.5,-0.2,-4.2,-0.9,2026-04
2026-04-24,4925,智微,半導體業,觸發,進榜即觸發,130.0,94.0,3.0,0,36.5,-0.2,-4.2,-0.9,2026-04
2026-04-24,3209,全科,電子工業,進榜,觸發,49.9,76.0,1.0,0,35.6,-0.2,5.0,-0.9,2026-04
2026-04-24,3209,全科,電子工業,觸發,進榜即觸發,49.9,76.0,1.0,0,35.6,-0.2,5.0,-0.9,2026-04
2026-04-24,4720,德淵,化學生技醫療,進榜,觸發,26.89,76.0,1.0,0,-6.8,-0.2,-24.1,-0.9,2026-04
2026-04-24,4720,德淵,化學生技醫療,觸發,進榜即觸發,26.89,76.0,1.0,0,-6.8,-0.2,-24.1,-0.9,2026-04
2026-04-24,1727,中華化,化學工業,進榜,觸發,70.58,74.0,5.0,0,47.8,-0.2,13.8,-0.9,2026-04
2026-04-24,1727,中華化,化學工業,觸發,進榜即觸發,70.58,74.0,5.0,0,47.8,-0.2,13.8,-0.9,2026-04
2026-04-24,6291,沛亨,半導體業,移出,離高點太遠,436.0,94.0,,43,,,,,2026-04
2026-04-24,4971,IET-KY,半導體業,移出,離高點太遠,761.39,97.0,,28,,,,,2026-04
2026-04-24,5475,德宏,電子零組件業,移出,離高點太遠,335.5,98.0,,22,,,,,2026-04
2026-04-24,4991,環宇-KY,半導體業,移出,離高點太遠,596.0,96.0,,17,,,,,2026-04
2026-04-24,2426,鼎元,光電業,移出,離高點太遠,47.64,92.0,,15,,,,,2026-04
2026-04-24,3234,光環,通信網路業,移出,離高點太遠,101.01,94.0,,15,,,,,2026-04
2026-04-24,3030,德律,其他電子業,移出,離高點太遠,308.66,83.0,,15,,,,,2026-04
2026-04-24,3363,上詮,通信網路業,移出,離高點太遠,821.0,87.0,,15,,,,,2026-04
2026-04-24,6426,統新,通信網路業,移出,離高點太遠,216.0,93.0,,14,,,,,2026-04
2026-04-24,3532,台勝科,半導體業,移出,掉出掃描母體,171.13,71.0,,14,,,,,2026-04
2026-04-24,3042,晶技,電子工業,移出,離高點太遠,141.65,75.0,,11,,,,,2026-04
2026-04-24,3289,宜特,其他電子類,移出,離高點太遠,180.99,72.0,,11,,,,,2026-04
2026-04-24,3714,富采,電子工業,移出,離高點太遠,65.64,79.0,,10,,,,,2026-04
2026-04-24,6739,竹陞科技,其他電子業,移出,離高點太遠,1462.51,79.0,,9,,,,,2026-04
2026-04-24,4977,眾達-KY,電子工業,移出,離高點太遠,204.25,81.0,,8,,,,,2026-04
2026-04-24,5498,凱崴,電子零組件業,移出,離高點太遠,71.5,92.0,,8,,,,,2026-04
2026-04-24,1711,永光,化學工業,移出,離高點太遠,50.9,91.0,,7,,,,,2026-04
2026-04-24,6788,華景電,半導體業,移出,離高點太遠,442.82,75.0,,4,,,,,2026-04
2026-04-24,8383,千附,其他電子類,移出,離高點太遠,62.39,71.0,,4,,,,,2026-04
2026-04-24,8150,南茂,電子工業,移出,晚期未觸發,68.92,80.0,,3,,,,,2026-04
2026-04-24,6849,奇鼎科技,其他電子業,移出,離高點太遠,278.0,99.0,,3,,,,,2026-04
2026-04-24,6515,穎崴,電子工業,移出,晚期未觸發,9986.15,96.0,,3,,,,,2026-04
2026-04-24,3701,大眾控,電子工業,移出,掉出掃描母體,70.9,73.0,,3,,,,,2026-04
2026-04-27,4967,十銓,半導體業,進榜,觸發,275.1,83.0,4.0,0,-4.6,0.3,-23.6,-0.0,2026-04
2026-04-27,4967,十銓,半導體業,觸發,進榜即觸發,275.1,83.0,4.0,0,-4.6,0.3,-23.6,-0.0,2026-04
2026-04-27,6435,大中,半導體業,進榜,觸發,195.37,80.0,5.0,0,39.2,0.3,46.1,-0.0,2026-04
2026-04-27,6435,大中,半導體業,觸發,進榜即觸發,195.37,80.0,5.0,0,39.2,0.3,46.1,-0.0,2026-04
2026-04-27,8103,瀚荃,電子工業,進榜,觸發,112.95,74.0,4.0,0,-8.2,0.3,-29.8,-0.0,2026-04
2026-04-27,8103,瀚荃,電子工業,觸發,進榜即觸發,112.95,74.0,4.0,0,-8.2,0.3,-29.8,-0.0,2026-04
2026-04-27,3031,佰鴻,電子工業,進榜,準備,31.79,72.0,1.0,0,-3.6,0.3,-24.0,-0.0,2026-04
2026-04-27,8112,至上,電子工業,進榜,準備,83.96,71.0,3.0,0,-6.5,0.3,4.8,-0.0,2026-04
2026-04-27,4927,泰鼎-KY,電子工業,觸發,,58.6,87.0,,7,4.4,0.3,-39.2,-0.0,2026-04
2026-04-27,3162,精確,電機機械,移出,掉出掃描母體,80.95,70.0,,4,,,,,2026-04
2026-04-27,2467,志聖,電子工業,移出,離高點太遠,490.84,91.0,,83,,,,,2026-04
2026-04-27,3131,弘塑,其他電子類,移出,離高點太遠,2823.04,76.0,,42,,,,,2026-04
2026-04-27,6693,廣閎科,半導體業,移出,離高點太遠,136.17,78.0,,40,,,,,2026-04
2026-04-27,7610,聯友金屬,綠能環保,移出,離高點太遠,473.24,97.0,,34,,,,,2026-04
2026-04-27,3081,聯亞,通信網路業,移出,離高點太遠,2305.49,99.0,,32,,,,,2026-04
2026-04-27,3105,穩懋,半導體業,移出,離高點太遠,490.44,97.0,,31,,,,,2026-04
2026-04-27,6213,聯茂,電子工業,移出,離高點太遠,262.79,92.0,,31,,,,,2026-04
2026-04-27,3163,波若威,通信網路業,移出,離高點太遠,883.02,98.0,,20,,,,,2026-04
2026-04-27,2351,順德,電子工業,移出,離高點太遠,145.04,80.0,,20,,,,,2026-04
2026-04-27,3583,辛耘,半導體業,移出,離高點太遠,729.22,85.0,,19,,,,,2026-04
2026-04-27,8021,尖點,其他電子業,移出,離高點太遠,404.36,95.0,,19,,,,,2026-04
2026-04-27,3498,陽程,其他電子類,移出,離高點太遠,77.0,72.0,,18,,,,,2026-04
2026-04-27,4989,榮科,電子零組件業,移出,離高點太遠,95.91,89.0,,17,,,,,2026-04
2026-04-27,3587,閎康,其他電子類,移出,離高點太遠,307.89,71.0,,17,,,,,2026-04
2026-04-27,6949,沛爾生醫-創,創新版股票,移出,離高點太遠,756.0,86.0,,14,,,,,2026-04
2026-04-27,3693,營邦,電腦及週邊設備業,移出,離高點太遠,611.08,86.0,,14,,,,,2026-04
2026-04-27,8074,鉅橡,電子零組件業,移出,離高點太遠,67.39,84.0,,10,,,,,2026-04
2026-04-27,2455,全新,通信網路業,移出,離高點太遠,309.4,84.0,,7,,,,,2026-04
2026-04-27,6584,南俊國際,電子零組件業,移出,離高點太遠,690.0,92.0,,7,,,,,2026-04
2026-04-27,1721,三晃,化學工業,移出,離高點太遠,24.65,77.0,,7,,,,,2026-04
2026-04-27,6977,聯純,綠能環保,移出,離高點太遠,334.0,81.0,,5,,,,,2026-04
2026-04-27,7763,崇舜,化學工業,移出,晚期未觸發,316.0,95.0,,5,,,,,2026-04
2026-04-27,4919,新唐,半導體業,移出,離高點太遠,136.0,89.0,,5,,,,,2026-04
2026-04-28,5289,宜鼎,電腦及週邊設備業,進榜,觸發,1265.15,92.0,4.0,0,30.3,-0.5,5.0,-1.0,2026-04
2026-04-28,5289,宜鼎,電腦及週邊設備業,觸發,進榜即觸發,1265.15,92.0,4.0,0,30.3,-0.5,5.0,-1.0,2026-04
2026-04-28,3260,威剛,半導體業,進榜,觸發,484.0,88.0,5.0,0,-14.8,-0.5,-20.9,-1.0,2026-04
2026-04-28,3260,威剛,半導體業,觸發,進榜即觸發,484.0,88.0,5.0,0,-14.8,-0.5,-20.9,-1.0,2026-04
2026-04-28,2464,盟立,其他電子業,進榜,觸發,106.5,73.0,2.0,0,66.2,-0.5,37.6,-1.0,2026-04
2026-04-28,2464,盟立,其他電子業,觸發,進榜即觸發,106.5,73.0,2.0,0,66.2,-0.5,37.6,-1.0,2026-04
2026-04-28,8112,至上,電子工業,移出,掉出掃描母體,83.96,71.0,,1,,,,,2026-04
2026-04-28,8091,翔名,電子零組件業,移出,掉出掃描母體,175.99,71.0,,27,,,,,2026-04
2026-04-28,3581,博磊,半導體業,移出,離高點太遠,148.33,87.0,,15,,,,,2026-04
2026-04-28,6217,中探針,電子零組件業,移出,晚期未觸發,269.5,98.0,,8,,,,,2026-04
2026-04-28,3675,德微,半導體業,移出,掉出掃描母體,227.0,71.0,,6,,,,,2026-04
2026-04-29,2426,鼎元,光電業,進榜,觸發,59.43,95.0,1.0,0,36.1,-1.0,4.3,-1.4,2026-04
2026-04-29,2426,鼎元,光電業,觸發,進榜即觸發,59.43,95.0,1.0,0,36.1,-1.0,4.3,-1.4,2026-04
2026-04-29,4542,科嶠,電子零組件業,進榜,觸發,196.0,91.0,2.0,0,33.4,-1.0,58.9,-1.4,2026-04
2026-04-29,4542,科嶠,電子零組件業,觸發,進榜即觸發,196.0,91.0,2.0,0,33.4,-1.0,58.9,-1.4,2026-04
2026-04-29,6234,高僑,光電業,進榜,觸發,48.05,82.0,2.0,0,6.6,-1.0,-26.2,-1.4,2026-04
2026-04-29,6234,高僑,光電業,觸發,進榜即觸發,48.05,82.0,2.0,0,6.6,-1.0,-26.2,-1.4,2026-04
2026-04-29,8027,鈦昇,電機機械,進榜,準備,176.0,81.0,2.0,0,39.5,-1.0,9.9,-1.4,2026-04
2026-04-29,3702,大聯大,電子工業,進榜,準備,98.56,72.0,1.0,0,19.1,-1.0,13.7,-1.4,2026-04
2026-04-29,7792,安葆,其他電子業,進榜,準備,363.44,72.0,3.0,0,-31.7,-1.0,-40.8,-1.4,2026-04
2026-04-29,6664,群翊,電子零組件業,進榜,準備,445.48,71.0,2.0,0,-3.7,-1.0,-19.0,-1.4,2026-04
2026-04-29,1785,光洋科,其他電子類,觸發,,171.12,92.0,,20,-16.1,-1.0,-37.5,-1.4,2026-04
2026-04-29,8064,東捷,光電業,觸發,,94.21,81.0,,20,40.1,-1.0,10.9,-1.4,2026-04
2026-04-29,3265,台星科,半導體業,移出,掉出掃描母體,163.86,70.0,,33,,,,,2026-04
2026-04-29,8240,華宏,光電業,移出,離高點太遠,66.92,77.0,,19,,,,,2026-04
2026-04-29,8103,瀚荃,電子工業,移出,掉出掃描母體,124.1,75.0,,2,,,,,2026-04
2026-04-30,1595,川寶,電子零組件業,進榜,觸發,72.8,81.0,1.0,0,17.4,0.0,-31.3,-3.3,2026-04
2026-04-30,1595,川寶,電子零組件業,觸發,進榜即觸發,72.8,81.0,1.0,0,17.4,0.0,-31.3,-3.3,2026-04
2026-04-30,2467,志聖,電子工業,進榜,準備,603.27,93.0,3.0,0,1.6,0.0,-15.8,-3.3,2026-04
2026-04-30,4908,前鼎,通信網路業,進榜,準備,212.6,92.0,2.0,0,8.9,0.0,-37.6,-3.3,2026-04
2026-04-30,3581,博磊,半導體業,進榜,準備,178.7,91.0,3.0,0,31.8,0.0,-43.5,-3.3,2026-04
2026-04-30,4540,全球傳動,電機機械,進榜,準備,68.5,73.0,2.0,0,0.1,0.0,-30.4,-3.3,2026-04
2026-04-30,3430,奇鈦科,化學工業,進榜,準備,120.49,70.0,2.0,0,38.5,0.0,-16.2,-3.3,2026-04
2026-04-30,8027,鈦昇,電機機械,觸發,,193.5,83.0,,1,33.6,0.0,-9.8,-3.3,2026-04
2026-04-30,4576,大銀微系統,電機機械,觸發,,221.2,82.0,,10,20.0,0.0,-18.4,-3.3,2026-04
2026-04-30,7792,安葆,其他電子業,移出,掉出掃描母體,363.44,72.0,,1,,,,,2026-04
2026-04-30,6568,宏觀,半導體業,移出,離高點太遠,237.91,83.0,,10,,,,,2026-04
2026-04-30,3031,佰鴻,電子工業,移出,掉出掃描母體,31.55,70.0,,3,,,,,2026-04
2026-04-30,3260,威剛,半導體業,移出,離高點太遠,436.0,83.0,,2,,,,,2026-04
2026-05-04,3135,凌航,半導體業,進榜,觸發,145.77,90.0,5.0,0,61.1,0.3,-4.8,-5.5,2026-05
2026-05-04,3135,凌航,半導體業,觸發,進榜即觸發,145.77,90.0,5.0,0,61.1,0.3,-4.8,-5.5,2026-05
2026-05-04,3711,日月光投控,半導體業,進榜,觸發,520.25,86.0,4.0,0,14.5,0.3,-4.1,-5.5,2026-05
2026-05-04,3711,日月光投控,半導體業,觸發,進榜即觸發,520.25,86.0,4.0,0,14.5,0.3,-4.1,-5.5,2026-05
2026-05-04,3498,陽程,其他電子類,進榜,觸發,96.4,82.0,1.0,0,49.4,0.3,-3.2,-5.5,2026-05
2026-05-04,3498,陽程,其他電子類,觸發,進榜即觸發,96.4,82.0,1.0,0,49.4,0.3,-3.2,-5.5,2026-05
2026-05-04,3532,台勝科,半導體業,進榜,觸發,207.05,76.0,2.0,0,68.9,0.3,48.8,-5.5,2026-05
2026-05-04,3532,台勝科,半導體業,觸發,進榜即觸發,207.05,76.0,2.0,0,68.9,0.3,48.8,-5.5,2026-05
2026-05-04,3535,晶彩科,光電業,進榜,觸發,141.0,71.0,6.0,0,-4.6,0.3,-47.2,-5.5,2026-05
2026-05-04,3535,晶彩科,光電業,觸發,進榜即觸發,141.0,71.0,6.0,0,-4.6,0.3,-47.2,-5.5,2026-05
2026-05-04,2449,京元電子,半導體業,進榜,觸發,315.52,70.0,4.0,0,-4.4,0.3,-32.7,-5.5,2026-05
2026-05-04,2449,京元電子,半導體業,觸發,進榜即觸發,315.52,70.0,4.0,0,-4.4,0.3,-32.7,-5.5,2026-05
2026-05-04,4919,新唐,半導體業,進榜,準備,162.0,90.0,1.0,0,28.4,0.3,-33.0,-5.5,2026-05
2026-05-04,8074,鉅橡,電子零組件業,進榜,準備,84.52,89.0,3.0,0,-9.5,0.3,-44.6,-5.5,2026-05
2026-05-04,3030,德律,其他電子業,進榜,準備,368.34,87.0,3.0,0,8.4,0.3,-30.8,-5.5,2026-05
2026-05-04,6706,惠特,光電業,進榜,準備,166.5,80.0,2.0,0,30.0,0.3,-43.5,-5.5,2026-05
2026-05-04,3265,台星科,半導體業,進榜,準備,180.49,74.0,2.0,0,0.3,0.3,-24.1,-5.5,2026-05
2026-05-04,4720,德淵,化學生技醫療,移出,離高點太遠,24.97,70.0,,10,,,,,2026-05
2026-05-05,4991,環宇-KY,半導體業,進榜,觸發,744.0,97.0,3.0,0,-5.6,0.2,-56.9,-7.1,2026-05
2026-05-05,4991,環宇-KY,半導體業,觸發,進榜即觸發,744.0,97.0,3.0,0,-5.6,0.2,-56.9,-7.1,2026-05
2026-05-05,6405,悅城,光電業,進榜,觸發,61.4,82.0,1.0,0,23.5,0.2,-47.7,-7.1,2026-05
2026-05-05,6405,悅城,光電業,觸發,進榜即觸發,61.4,82.0,1.0,0,23.5,0.2,-47.7,-7.1,2026-05
2026-05-05,6261,久元,半導體業,進榜,觸發,107.15,73.0,2.0,0,-2.3,0.2,-36.0,-7.1,2026-05
2026-05-05,6261,久元,半導體業,觸發,進榜即觸發,107.15,73.0,2.0,0,-2.3,0.2,-36.0,-7.1,2026-05
2026-05-05,5386,青雲,電腦及週邊設備業,進榜,準備,290.51,99.0,3.0,0,27.8,0.2,-28.7,-7.1,2026-05
2026-05-05,6830,汎銓,其他電子業,進榜,準備,975.0,99.0,1.0,0,-32.2,0.2,-67.6,-7.1,2026-05
2026-05-05,6451,訊芯-KY,半導體業,進榜,準備,520.74,95.0,3.0,0,26.5,0.2,-38.2,-7.1,2026-05
2026-05-05,3529,力旺,半導體業,進榜,準備,4416.25,86.0,2.0,0,-20.6,0.2,-48.1,-7.1,2026-05
2026-05-05,8150,南茂,電子工業,進榜,準備,83.04,82.0,3.0,0,17.2,0.2,-20.5,-7.1,2026-05
2026-05-05,6706,惠特,光電業,觸發,,183.0,83.0,,1,13.1,0.2,-51.6,-7.1,2026-05
2026-05-05,3653,健策,電子工業,移出,離高點太遠,4750.51,82.0,,56,,,,,2026-05
2026-05-05,4540,全球傳動,電機機械,移出,掉出掃描母體,68.4,71.0,,5,,,,,2026-05
2026-05-06,4764,雙鍵,化學工業,進榜,觸發,332.55,97.0,4.0,0,-13.6,1.5,-22.7,-4.4,2026-05
2026-05-06,4764,雙鍵,化學工業,觸發,進榜即觸發,332.55,97.0,4.0,0,-13.6,1.5,-22.7,-4.4,2026-05
2026-05-06,3026,禾伸堂,電子工業,進榜,觸發,271.24,88.0,2.0,0,134.4,1.5,65.9,-4.4,2026-05
2026-05-06,3026,禾伸堂,電子工業,觸發,進榜即觸發,271.24,88.0,2.0,0,134.4,1.5,65.9,-4.4,2026-05
2026-05-06,8299,群聯,半導體業,進榜,觸發,2308.15,82.0,5.0,0,15.5,1.5,-28.9,-4.4,2026-05
2026-05-06,8299,群聯,半導體業,觸發,進榜即觸發,2308.15,82.0,5.0,0,15.5,1.5,-28.9,-4.4,2026-05
2026-05-06,2303,聯電,半導體業,進榜,觸發,89.86,74.0,2.0,0,42.8,1.5,34.7,-4.4,2026-05
2026-05-06,2303,聯電,半導體業,觸發,進榜即觸發,89.86,74.0,2.0,0,42.8,1.5,34.7,-4.4,2026-05
2026-05-06,5274,信驊,半導體業,移出,逾期,16921.95,92.0,,56,,,,,2026-05
2026-05-06,2449,京元電子,半導體業,移出,掉出掃描母體,335.92,72.0,,2,,,,,2026-05
2026-05-06,3017,奇鋐,電子工業,移出,離高點太遠,2418.25,79.0,,42,,,,,2026-05
2026-05-06,1326,台化,塑膠工業,移出,掉出掃描母體,51.21,71.0,,37,,,,,2026-05
2026-05-06,4577,達航科技,其他電子類,移出,離高點太遠,160.0,96.0,,26,,,,,2026-05
2026-05-06,6405,悅城,光電業,移出,突破失敗,55.6,77.0,,1,,,,,2026-05
2026-05-07,7610,聯友金屬,綠能環保,進榜,觸發,624.68,99.0,5.0,0,127.9,1.5,111.3,-4.2,2026-05
2026-05-07,7610,聯友金屬,綠能環保,觸發,進榜即觸發,624.68,99.0,5.0,0,127.9,1.5,111.3,-4.2,2026-05
2026-05-07,4540,全球傳動,電機機械,進榜,觸發,75.7,73.0,2.0,0,-6.3,1.5,-35.3,-4.2,2026-05
2026-05-07,4540,全球傳動,電機機械,觸發,進榜即觸發,75.7,73.0,2.0,0,-6.3,1.5,-35.3,-4.2,2026-05
2026-05-07,6173,信昌電,電子零組件業,進榜,觸發,110.27,71.0,4.0,0,94.1,1.5,45.1,-4.2,2026-05
2026-05-07,6173,信昌電,電子零組件業,觸發,進榜即觸發,110.27,71.0,4.0,0,94.1,1.5,45.1,-4.2,2026-05
2026-05-07,1721,三晃,化學工業,進榜,準備,30.0,81.0,1.0,0,-7.8,1.5,-34.7,-4.2,2026-05
2026-05-07,6405,悅城,光電業,進榜,準備,61.1,81.0,1.0,0,29.3,1.5,-40.9,-4.2,2026-05
2026-05-07,5864,致和證,金融業,觸發,,30.57,79.0,,17,47.5,1.5,-1.4,-4.2,2026-05
2026-05-07,5386,青雲,電腦及週邊設備業,觸發,,346.62,100.0,,2,3.6,1.5,-30.8,-4.2,2026-05
2026-05-07,4919,新唐,半導體業,觸發,,177.0,91.0,,3,9.6,1.5,-29.7,-4.2,2026-05
2026-05-07,8150,南茂,電子工業,觸發,,96.86,88.0,,2,1.0,1.5,-19.9,-4.2,2026-05
2026-05-07,3167,大量,電機機械,移出,離高點太遠,751.36,97.0,,35,,,,,2026-05
2026-05-07,7751,竑騰,電子工業,移出,離高點太遠,2155.0,96.0,,30,,,,,2026-05
2026-05-07,8064,東捷,光電業,移出,離高點太遠,107.21,86.0,,28,,,,,2026-05
2026-05-07,8996,高力,電機機械,移出,離高點太遠,1075.0,76.0,,28,,,,,2026-05
2026-05-07,4542,科嶠,電子零組件業,移出,離高點太遠,213.0,91.0,,8,,,,,2026-05
2026-05-07,3535,晶彩科,光電業,移出,掉出掃描母體,136.5,72.0,,3,,,,,2026-05
2026-05-07,8074,鉅橡,電子零組件業,移出,晚期未觸發,81.2,86.0,,3,,,,,2026-05
2026-05-08,6727,亞泰金屬,電子零組件業,進榜,觸發,498.57,92.0,3.0,0,-6.2,1.2,-25.8,-3.3,2026-05
2026-05-08,6727,亞泰金屬,電子零組件業,觸發,進榜即觸發,498.57,92.0,3.0,0,-6.2,1.2,-25.8,-3.3,2026-05
2026-05-08,8271,宇瞻,半導體業,進榜,觸發,254.54,86.0,6.0,0,-14.8,1.2,-12.0,-3.3,2026-05
2026-05-08,8271,宇瞻,半導體業,觸發,進榜即觸發,254.54,86.0,6.0,0,-14.8,1.2,-12.0,-3.3,2026-05
2026-05-08,6278,台表科,光電業,進榜,觸發,195.41,80.0,2.0,0,2.7,1.2,-21.7,-3.3,2026-05
2026-05-08,6278,台表科,光電業,觸發,進榜即觸發,195.41,80.0,2.0,0,2.7,1.2,-21.7,-3.3,2026-05
2026-05-08,3036,文曄,電子工業,進榜,觸發,233.82,73.0,4.0,0,16.8,1.2,-9.1,-3.3,2026-05
2026-05-08,3036,文曄,電子工業,觸發,進榜即觸發,233.82,73.0,4.0,0,16.8,1.2,-9.1,-3.3,2026-05
2026-05-08,3709,鑫聯大投控,電腦及週邊設備業,進榜,觸發,87.89,73.0,6.0,0,-6.7,1.2,-17.3,-3.3,2026-05
2026-05-08,3709,鑫聯大投控,電腦及週邊設備業,觸發,進榜即觸發,87.89,73.0,6.0,0,-6.7,1.2,-17.3,-3.3,2026-05
2026-05-08,2351,順德,電子工業,進榜,準備,181.8,83.0,1.0,0,9.6,1.2,-9.0,-3.3,2026-05
2026-05-08,3526,凡甲,電子零組件業,進榜,準備,395.0,72.0,2.0,0,-2.8,1.2,-22.8,-3.3,2026-05
2026-05-08,3455,由田,光電業,移出,離高點太遠,256.51,90.0,,36,,,,,2026-05
2026-05-08,2399,映泰,電子工業,移出,掉出掃描母體,43.5,72.0,,23,,,,,2026-05
2026-05-08,6205,詮欣,電子工業,移出,離高點太遠,83.32,78.0,,21,,,,,2026-05
2026-05-08,6290,良維,電子零組件業,移出,離高點太遠,269.65,72.0,,18,,,,,2026-05
2026-05-08,3189,景碩,半導體業,移出,離高點太遠,457.22,92.0,,18,,,,,2026-05
2026-05-08,6877,鏵友益,其他電子類,移出,離高點太遠,165.34,78.0,,16,,,,,2026-05
2026-05-08,8046,南電,電子工業,移出,離高點太遠,852.21,92.0,,14,,,,,2026-05
2026-05-08,4925,智微,半導體業,移出,離高點太遠,185.0,97.0,,14,,,,,2026-05
2026-05-08,6664,群翊,電子零組件業,移出,掉出掃描母體,442.56,70.0,,9,,,,,2026-05
2026-05-08,4908,前鼎,通信網路業,移出,離高點太遠,228.0,93.0,,8,,,,,2026-05
2026-05-08,2467,志聖,電子工業,移出,離高點太遠,531.95,91.0,,8,,,,,2026-05
2026-05-08,3265,台星科,半導體業,移出,掉出掃描母體,180.98,72.0,,4,,,,,2026-05
2026-05-08,6830,汎銓,其他電子業,移出,離高點太遠,787.0,98.0,,3,,,,,2026-05
2026-05-08,6451,訊芯-KY,半導體業,移出,離高點太遠,440.78,94.0,,3,,,,,2026-05
2026-05-08,4991,環宇-KY,半導體業,移出,離高點太遠,644.0,97.0,,3,,,,,2026-05
2026-05-08,4540,全球傳動,電機機械,移出,掉出掃描母體,75.7,73.0,,1,,,,,2026-05
2026-05-11,6715,嘉基,電子工業,進榜,觸發,481.87,98.0,1.0,0,-14.0,-1.0,-22.9,-3.1,2026-05
2026-05-11,6715,嘉基,電子工業,觸發,進榜即觸發,481.87,98.0,1.0,0,-14.0,-1.0,-22.9,-3.1,2026-05
2026-05-11,6831,邁科,電腦及週邊設備業,進榜,觸發,594.0,93.0,4.0,0,20.4,-1.0,0.5,-3.1,2026-05
2026-05-11,6831,邁科,電腦及週邊設備業,觸發,進榜即觸發,594.0,93.0,4.0,0,20.4,-1.0,0.5,-3.1,2026-05
2026-05-11,4973,廣穎,半導體業,進榜,觸發,109.5,90.0,5.0,0,46.1,-1.0,35.2,-3.1,2026-05
2026-05-11,4973,廣穎,半導體業,觸發,進榜即觸發,109.5,90.0,5.0,0,46.1,-1.0,35.2,-3.1,2026-05
2026-05-11,2451,創見,半導體業,進榜,觸發,329.74,84.0,6.0,0,-14.3,-1.0,-14.3,-3.1,2026-05
2026-05-11,2451,創見,半導體業,觸發,進榜即觸發,329.74,84.0,6.0,0,-14.3,-1.0,-14.3,-3.1,2026-05
2026-05-11,3006,晶豪科,電子工業,進榜,觸發,220.96,82.0,4.0,0,-6.8,-1.0,8.2,-3.1,2026-05
2026-05-11,3006,晶豪科,電子工業,觸發,進榜即觸發,220.96,82.0,4.0,0,-6.8,-1.0,8.2,-3.1,2026-05
2026-05-11,3016,嘉晶,半導體業,進榜,觸發,127.74,81.0,4.0,0,-19.1,-1.0,-18.7,-3.1,2026-05
2026-05-11,3016,嘉晶,半導體業,觸發,進榜即觸發,127.74,81.0,4.0,0,-19.1,-1.0,-18.7,-3.1,2026-05
2026-05-11,3481,群創,光電業,進榜,觸發,31.57,80.0,4.0,0,49.7,-1.0,51.4,-3.1,2026-05
2026-05-11,3481,群創,光電業,觸發,進榜即觸發,31.57,80.0,4.0,0,49.7,-1.0,51.4,-3.1,2026-05
2026-05-11,6716,應廣,半導體業,進榜,觸發,102.41,80.0,2.0,0,-11.2,-1.0,-18.6,-3.1,2026-05
2026-05-11,6716,應廣,半導體業,觸發,進榜即觸發,102.41,80.0,2.0,0,-11.2,-1.0,-18.6,-3.1,2026-05
2026-05-11,1809,中釉,玻璃陶瓷,進榜,觸發,39.35,76.0,4.0,0,35.6,-1.0,-0.0,-3.1,2026-05
2026-05-11,1809,中釉,玻璃陶瓷,觸發,進榜即觸發,39.35,76.0,4.0,0,35.6,-1.0,-0.0,-3.1,2026-05
2026-05-11,2408,南亞科,半導體業,進榜,觸發,300.04,75.0,5.0,0,12.8,-1.0,48.3,-3.1,2026-05
2026-05-11,2408,南亞科,半導體業,觸發,進榜即觸發,300.04,75.0,5.0,0,12.8,-1.0,48.3,-3.1,2026-05
2026-05-11,1560,中砂,電機機械,進榜,觸發,624.81,74.0,3.0,0,3.2,-1.0,8.8,-3.1,2026-05
2026-05-11,1560,中砂,電機機械,觸發,進榜即觸發,624.81,74.0,3.0,0,3.2,-1.0,8.8,-3.1,2026-05
2026-05-11,6016,康和證,金融業,進榜,觸發,21.24,73.0,1.0,0,34.7,-1.0,-1.6,-3.1,2026-05
2026-05-11,6016,康和證,金融業,觸發,進榜即觸發,21.24,73.0,1.0,0,34.7,-1.0,-1.6,-3.1,2026-05
2026-05-11,8210,勤誠,電子工業,進榜,觸發,1538.57,71.0,5.0,0,-11.6,-1.0,-24.0,-3.1,2026-05
2026-05-11,8210,勤誠,電子工業,觸發,進榜即觸發,1538.57,71.0,5.0,0,-11.6,-1.0,-24.0,-3.1,2026-05
2026-05-11,2855,統一證,金融保險,進榜,準備,41.93,72.0,1.0,0,21.7,-1.0,9.4,-3.1,2026-05
2026-05-11,3680,家登,半導體業,進榜,準備,610.77,72.0,1.0,0,-18.0,-1.0,-26.7,-3.1,2026-05
2026-05-11,6196,帆宣,其他電子業,進榜,準備,419.93,71.0,3.0,0,14.7,-1.0,21.2,-3.1,2026-05
2026-05-11,3430,奇鈦科,化學工業,觸發,,165.92,86.0,,11,-17.9,-1.0,-31.3,-3.1,2026-05
2026-05-11,1721,三晃,化學工業,觸發,,31.35,84.0,,4,-19.8,-1.0,-34.9,-3.1,2026-05
2026-05-11,3526,凡甲,電子零組件業,移出,掉出掃描母體,395.0,72.0,,3,,,,,2026-05
2026-05-11,2426,鼎元,光電業,移出,離高點太遠,66.62,96.0,,12,,,,,2026-05
2026-05-11,5386,青雲,電腦及週邊設備業,移出,離高點太遠,291.84,99.0,,6,,,,,2026-05
2026-05-11,3709,鑫聯大投控,電腦及週邊設備業,移出,掉出掃描母體,87.89,73.0,,3,,,,,2026-05
2026-05-12,6531,愛普*,半導體業,進榜,觸發,1047.81,90.0,6.0,0,-8.7,0.0,-14.1,-2.3,2026-05
2026-05-12,6531,愛普*,半導體業,觸發,進榜即觸發,1047.81,90.0,6.0,0,-8.7,0.0,-14.1,-2.3,2026-05
2026-05-12,6223,旺矽,半導體業,進榜,觸發,5461.34,88.0,6.0,0,7.4,0.0,15.4,-2.3,2026-05
2026-05-12,6223,旺矽,半導體業,觸發,進榜即觸發,5461.34,88.0,6.0,0,7.4,0.0,15.4,-2.3,2026-05
2026-05-12,4977,眾達-KY,電子工業,進榜,觸發,256.38,83.0,2.0,0,-28.8,0.0,-48.0,-2.3,2026-05
2026-05-12,4977,眾達-KY,電子工業,觸發,進榜即觸發,256.38,83.0,2.0,0,-28.8,0.0,-48.0,-2.3,2026-05
2026-05-12,8042,金山電,電子零組件業,進榜,觸發,96.81,78.0,3.0,0,48.2,0.0,16.2,-2.3,2026-05
2026-05-12,8042,金山電,電子零組件業,觸發,進榜即觸發,96.81,78.0,3.0,0,48.2,0.0,16.2,-2.3,2026-05
2026-05-12,3587,閎康,其他電子類,進榜,觸發,379.21,76.0,2.0,0,-21.4,0.0,-29.6,-2.3,2026-05
2026-05-12,3587,閎康,其他電子類,觸發,進榜即觸發,379.21,76.0,2.0,0,-21.4,0.0,-29.6,-2.3,2026-05
2026-05-12,3691,碩禾,光電業,進榜,觸發,155.0,74.0,3.0,0,7.7,0.0,-27.4,-2.3,2026-05
2026-05-12,3691,碩禾,光電業,觸發,進榜即觸發,155.0,74.0,3.0,0,7.7,0.0,-27.4,-2.3,2026-05
2026-05-12,3450,聯鈞,其他電子業,進榜,觸發,469.56,73.0,2.0,0,7.8,0.0,4.7,-2.3,2026-05
2026-05-12,3450,聯鈞,其他電子業,觸發,進榜即觸發,469.56,73.0,2.0,0,7.8,0.0,4.7,-2.3,2026-05
2026-05-12,2467,志聖,電子工業,進榜,準備,642.9,94.0,3.0,0,-11.6,0.0,-19.3,-2.3,2026-05
2026-05-12,6291,沛亨,半導體業,進榜,準備,518.0,94.0,3.0,0,7.7,0.0,-26.1,-2.3,2026-05
2026-05-12,3583,辛耘,半導體業,進榜,準備,943.23,91.0,1.0,0,-9.0,0.0,-21.9,-2.3,2026-05
2026-05-12,1597,直得,電機機械,進榜,準備,186.03,86.0,2.0,0,-14.4,0.0,-23.5,-2.3,2026-05
2026-05-12,2399,映泰,電子工業,進榜,準備,46.45,75.0,1.0,0,2.5,0.0,-8.1,-2.3,2026-05
2026-05-12,4760,勤凱,其他電子類,進榜,準備,295.12,72.0,3.0,0,30.4,0.0,-17.1,-2.3,2026-05
2026-05-12,3526,凡甲,電子零組件業,進榜,準備,391.5,71.0,2.0,0,-11.9,0.0,-24.4,-2.3,2026-05
2026-05-12,8147,正淩,電子零組件業,進榜,準備,179.44,70.0,2.0,0,-18.3,0.0,-28.7,-2.3,2026-05
2026-05-12,2855,統一證,金融保險,移出,掉出掃描母體,41.93,72.0,,1,,,,,2026-05
2026-05-12,3680,家登,半導體業,移出,掉出掃描母體,610.77,72.0,,1,,,,,2026-05
2026-05-12,6196,帆宣,其他電子業,移出,掉出掃描母體,419.93,71.0,,1,,,,,2026-05
2026-05-12,8150,南茂,電子工業,移出,離高點太遠,85.9,82.0,,7,,,,,2026-05
2026-05-13,6217,中探針,電子零組件業,進榜,觸發,341.0,99.0,3.0,0,-31.7,0.0,-51.6,-2.0,2026-05
2026-05-13,6217,中探針,電子零組件業,觸發,進榜即觸發,341.0,99.0,3.0,0,-31.7,0.0,-51.6,-2.0,2026-05
2026-05-13,6419,京晨科,光電業,進榜,觸發,165.5,92.0,1.0,0,-23.0,0.0,-15.4,-2.0,2026-05
2026-05-13,6419,京晨科,光電業,觸發,進榜即觸發,165.5,92.0,1.0,0,-23.0,0.0,-15.4,-2.0,2026-05
2026-05-13,6658,聯策,其他電子業,進榜,準備,211.64,96.0,1.0,0,-16.8,0.0,-27.7,-2.0,2026-05
2026-05-13,6218,豪勉,通信網路業,進榜,準備,45.1,84.0,1.0,0,-27.4,0.0,-23.9,-2.0,2026-05
2026-05-13,8043,蜜望實,電子零組件業,進榜,準備,98.26,71.0,3.0,0,101.2,0.0,27.4,-2.0,2026-05
2026-05-13,8147,正淩,電子零組件業,移出,掉出掃描母體,179.44,70.0,,1,,,,,2026-05
2026-05-13,6683,雍智科技,半導體業,移出,離高點太遠,2124.21,99.0,,48,,,,,2026-05
2026-05-13,3665,貿聯-KY,其他電子業,移出,離高點太遠,2478.62,75.0,,44,,,,,2026-05
2026-05-13,2486,一詮,光電業,移出,離高點太遠,254.53,92.0,,34,,,,,2026-05
2026-05-13,1785,光洋科,其他電子類,移出,離高點太遠,151.45,88.0,,34,,,,,2026-05
2026-05-13,5864,致和證,金融業,移出,離高點太遠,28.43,72.0,,23,,,,,2026-05
2026-05-13,4927,泰鼎-KY,電子工業,移出,離高點太遠,50.8,83.0,,23,,,,,2026-05
2026-05-13,4919,新唐,半導體業,移出,離高點太遠,166.0,90.0,,9,,,,,2026-05
2026-05-13,3529,力旺,半導體業,移出,離高點太遠,3894.65,81.0,,8,,,,,2026-05
2026-05-13,6716,應廣,半導體業,移出,離高點太遠,93.94,72.0,,2,,,,,2026-05
2026-05-13,4977,眾達-KY,電子工業,移出,突破失敗,230.79,79.0,,1,,,,,2026-05
2026-05-14,6208,日揚,電子零組件業,進榜,觸發,102.51,87.0,1.0,0,-24.4,0.0,-20.3,-0.9,2026-05
2026-05-14,6208,日揚,電子零組件業,觸發,進榜即觸發,102.51,87.0,1.0,0,-24.4,0.0,-20.3,-0.9,2026-05
2026-05-14,2344,華邦電,半導體業,進榜,觸發,134.0,78.0,4.0,0,16.8,0.0,34.0,-0.9,2026-05
2026-05-14,2344,華邦電,半導體業,觸發,進榜即觸發,134.0,78.0,4.0,0,16.8,0.0,34.0,-0.9,2026-05
2026-05-14,8091,翔名,電子零組件業,進榜,觸發,211.88,76.0,2.0,0,10.0,0.0,12.8,-0.9,2026-05
2026-05-14,8091,翔名,電子零組件業,觸發,進榜即觸發,211.88,76.0,2.0,0,10.0,0.0,12.8,-0.9,2026-05
2026-05-14,2327,國巨*,電子工業,進榜,觸發,458.71,74.0,4.0,0,82.3,0.0,24.9,-0.9,2026-05
2026-05-14,2327,國巨*,電子工業,觸發,進榜即觸發,458.71,74.0,4.0,0,82.3,0.0,24.9,-0.9,2026-05
2026-05-14,2492,華新科,電子工業,進榜,觸發,218.84,72.0,3.0,0,89.8,0.0,25.0,-0.9,2026-05
2026-05-14,2492,華新科,電子工業,觸發,進榜即觸發,218.84,72.0,3.0,0,89.8,0.0,25.0,-0.9,2026-05
2026-05-14,8021,尖點,其他電子業,進榜,準備,488.52,95.0,3.0,0,16.2,0.0,-11.1,-0.9,2026-05
2026-05-14,8147,正淩,電子零組件業,進榜,準備,178.45,71.0,2.0,0,-20.6,0.0,-29.4,-0.9,2026-05
2026-05-14,3691,碩禾,光電業,移出,突破失敗,139.0,71.0,,2,,,,,2026-05
2026-05-14,3533,嘉澤,電子工業,移出,離高點太遠,2407.31,73.0,,56,,,,,2026-05
2026-05-14,4764,雙鍵,化學工業,移出,突破失敗,301.44,96.0,,8,,,,,2026-05
2026-05-14,8210,勤誠,電子工業,移出,掉出掃描母體,1503.94,70.0,,3,,,,,2026-05
2026-05-14,6016,康和證,金融業,移出,掉出掃描母體,20.62,70.0,,3,,,,,2026-05
2026-05-14,3526,凡甲,電子零組件業,移出,掉出掃描母體,389.0,71.0,,2,,,,,2026-05
2026-05-14,3450,聯鈞,其他電子業,移出,掉出掃描母體,440.12,71.0,,2,,,,,2026-05
2026-05-15,6451,訊芯-KY,半導體業,進榜,觸發,576.71,96.0,2.0,0,-13.0,1.7,-24.9,-0.1,2026-05
2026-05-15,6451,訊芯-KY,半導體業,觸發,進榜即觸發,576.71,96.0,2.0,0,-13.0,1.7,-24.9,-0.1,2026-05
2026-05-15,8028,昇陽半導體,半導體業,進榜,觸發,284.95,71.0,4.0,0,10.5,1.7,-8.4,-0.1,2026-05
2026-05-15,8028,昇陽半導體,半導體業,觸發,進榜即觸發,284.95,71.0,4.0,0,10.5,1.7,-8.4,-0.1,2026-05
2026-05-15,3691,碩禾,光電業,進榜,準備,152.5,79.0,3.0,0,3.9,1.7,-22.6,-0.1,2026-05
2026-05-15,3374,精材,半導體業,進榜,準備,275.71,74.0,1.0,0,-16.2,1.7,21.1,-0.1,2026-05
2026-05-15,2049,上銀,電機機械,進榜,準備,390.22,73.0,3.0,0,-17.6,1.7,-5.7,-0.1,2026-05
2026-05-15,3580,友威科,其他電子類,進榜,準備,103.63,72.0,1.0,0,-10.2,1.7,-25.1,-0.1,2026-05
2026-05-15,8043,蜜望實,電子零組件業,觸發,,112.27,81.0,,2,63.3,1.7,30.5,-0.1,2026-05
2026-05-15,7750,新代,電機機械,移出,離高點太遠,2555.0,93.0,,93,,,,,2026-05
2026-05-15,8438,昶昕,其他,移出,離高點太遠,92.06,89.0,,38,,,,,2026-05
2026-05-15,2472,立隆電,電子工業,移出,離高點太遠,213.75,82.0,,37,,,,,2026-05
2026-05-15,2368,金像電,電子零組件業,移出,離高點太遠,1280.93,87.0,,36,,,,,2026-05
2026-05-15,3443,創意,半導體業,移出,離高點太遠,4823.03,90.0,,31,,,,,2026-05
2026-05-15,8155,博智,電子零組件業,移出,離高點太遠,393.12,85.0,,30,,,,,2026-05
2026-05-15,7734,印能科技,半導體業,移出,離高點太遠,3726.67,96.0,,24,,,,,2026-05
2026-05-15,2454,聯發科,半導體業,移出,離高點太遠,3240.64,87.0,,23,,,,,2026-05
2026-05-15,6234,高僑,光電業,移出,離高點太遠,52.5,86.0,,16,,,,,2026-05
2026-05-15,1595,川寶,電子零組件業,移出,離高點太遠,85.0,87.0,,15,,,,,2026-05
2026-05-15,3532,台勝科,半導體業,移出,離高點太遠,221.02,81.0,,11,,,,,2026-05
2026-05-15,6706,惠特,光電業,移出,離高點太遠,158.5,80.0,,11,,,,,2026-05
2026-05-15,6261,久元,半導體業,移出,離高點太遠,111.03,76.0,,10,,,,,2026-05
2026-05-15,3016,嘉晶,半導體業,移出,突破失敗,110.34,80.0,,4,,,,,2026-05
2026-05-15,3587,閎康,其他電子類,移出,突破失敗,347.24,73.0,,3,,,,,2026-05
2026-05-15,8042,金山電,電子零組件業,移出,離高點太遠,97.21,84.0,,3,,,,,2026-05
2026-05-15,6217,中探針,電子零組件業,移出,離高點太遠,300.0,99.0,,2,,,,,2026-05
2026-05-18,3624,光頡,電子零組件業,進榜,觸發,83.11,76.0,3.0,0,54.5,2.5,4.1,0.0,2026-05
2026-05-18,3624,光頡,電子零組件業,觸發,進榜即觸發,83.11,76.0,3.0,0,54.5,2.5,4.1,0.0,2026-05
2026-05-18,3615,安可,光電業,進榜,觸發,40.3,74.0,1.0,0,24.5,2.5,-9.4,0.0,2026-05
2026-05-18,3615,安可,光電業,觸發,進榜即觸發,40.3,74.0,1.0,0,24.5,2.5,-9.4,0.0,2026-05
2026-05-18,8064,東捷,光電業,進榜,準備,131.03,93.0,1.0,0,5.7,2.5,-19.5,0.0,2026-05
2026-05-18,6834,天二科技,電子工業,進榜,準備,52.4,76.0,2.0,0,73.5,2.5,104.2,0.0,2026-05
2026-05-18,8096,擎亞,電子通路業,進榜,準備,105.0,74.0,3.0,0,38.6,2.5,19.5,0.0,2026-05
2026-05-18,3374,精材,半導體業,移出,掉出掃描母體,275.71,74.0,,3,,,,,2026-05
2026-05-18,3580,友威科,其他電子類,移出,掉出掃描母體,103.63,72.0,,3,,,,,2026-05
2026-05-18,4958,臻鼎-KY,電子零組件業,移出,離高點太遠,385.86,86.0,,40,,,,,2026-05
2026-05-18,1717,長興,化學工業,移出,掉出掃描母體,78.48,74.0,,40,,,,,2026-05
2026-05-18,7769,鴻勁,半導體業,移出,離高點太遠,6571.42,87.0,,31,,,,,2026-05
2026-05-18,6405,悅城,光電業,移出,離高點太遠,54.0,78.0,,11,,,,,2026-05
2026-05-18,1721,三晃,化學工業,移出,離高點太遠,29.3,85.0,,11,,,,,2026-05
2026-05-18,8271,宇瞻,半導體業,移出,突破失敗,230.6,87.0,,10,,,,,2026-05
2026-05-18,8021,尖點,其他電子業,移出,離高點太遠,398.88,92.0,,4,,,,,2026-05
2026-05-18,6208,日揚,電子零組件業,移出,突破失敗,92.8,84.0,,4,,,,,2026-05
2026-05-18,6451,訊芯-KY,半導體業,移出,突破失敗,519.74,94.0,,3,,,,,2026-05
2026-05-18,8028,昇陽半導體,半導體業,移出,掉出掃描母體,284.95,71.0,,3,,,,,2026-05
2026-05-19,3055,蔚華科,電子通路業,進榜,觸發,123.61,82.0,1.0,0,-31.4,2.2,-4.1,0.0,2026-05
2026-05-19,3055,蔚華科,電子通路業,觸發,進榜即觸發,123.61,82.0,1.0,0,-31.4,2.2,-4.1,0.0,2026-05
2026-05-19,3673,TPK-KY,光電業,進榜,觸發,73.57,82.0,3.0,0,4.5,2.2,-14.9,0.0,2026-05
2026-05-19,3673,TPK-KY,光電業,觸發,進榜即觸發,73.57,82.0,3.0,0,4.5,2.2,-14.9,0.0,2026-05
2026-05-19,3090,日電貿,電子工業,進榜,觸發,160.03,78.0,4.0,0,69.2,2.2,9.4,0.0,2026-05
2026-05-19,3090,日電貿,電子工業,觸發,進榜即觸發,160.03,78.0,4.0,0,69.2,2.2,9.4,0.0,2026-05
2026-05-19,3675,德微,半導體業,進榜,觸發,283.5,78.0,1.0,0,12.9,2.2,-1.9,0.0,2026-05
2026-05-19,3675,德微,半導體業,觸發,進榜即觸發,283.5,78.0,1.0,0,12.9,2.2,-1.9,0.0,2026-05
2026-05-19,3580,友威科,其他電子類,進榜,觸發,109.55,76.0,1.0,0,-11.2,2.2,-27.2,0.0,2026-05
2026-05-19,3580,友威科,其他電子類,觸發,進榜即觸發,109.55,76.0,1.0,0,-11.2,2.2,-27.2,0.0,2026-05
2026-05-19,2355,敬鵬,電子工業,進榜,觸發,61.91,74.0,3.0,0,-9.9,2.2,-30.4,0.0,2026-05
2026-05-19,2355,敬鵬,電子工業,觸發,進榜即觸發,61.91,74.0,3.0,0,-9.9,2.2,-30.4,0.0,2026-05
2026-05-19,1582,信錦,電子工業,進榜,觸發,113.17,73.0,3.0,0,-21.3,2.2,-33.6,0.0,2026-05
2026-05-19,1582,信錦,電子工業,觸發,進榜即觸發,113.17,73.0,3.0,0,-21.3,2.2,-33.6,0.0,2026-05
2026-05-19,3663,鑫科,其他電子類,進榜,觸發,83.4,72.0,1.0,0,-14.9,2.2,-22.9,0.0,2026-05
2026-05-19,3663,鑫科,其他電子類,觸發,進榜即觸發,83.4,72.0,1.0,0,-14.9,2.2,-22.9,0.0,2026-05
2026-05-19,5291,邑昇,電子零組件業,進榜,準備,75.94,91.0,3.0,0,-16.7,2.2,-26.4,0.0,2026-05
2026-05-19,3033,威健,電子工業,進榜,準備,46.84,70.0,2.0,0,0.0,2.2,3.8,0.0,2026-05
2026-05-19,2308,台達電,電子工業,移出,離高點太遠,1905.04,76.0,,63,,,,,2026-05
2026-05-19,6274,台燿,電子零組件業,移出,離高點太遠,1225.0,92.0,,61,,,,,2026-05
2026-05-19,2360,致茂,其他電子業,移出,離高點太遠,2037.76,89.0,,40,,,,,2026-05
2026-05-19,6903,巨漢,其他電子業,移出,離高點太遠,371.73,85.0,,40,,,,,2026-05
2026-05-19,6789,采鈺,半導體業,移出,離高點太遠,516.1,81.0,,29,,,,,2026-05
2026-05-19,6861,睿生光電,化學生技醫療,移出,離高點太遠,406.81,100.0,,28,,,,,2026-05
2026-05-19,4967,十銓,半導體業,移出,掉出掃描母體,269.77,76.0,,22,,,,,2026-05
2026-05-19,3430,奇鈦科,化學工業,移出,離高點太遠,156.54,88.0,,19,,,,,2026-05
2026-05-19,3135,凌航,半導體業,移出,離高點太遠,176.24,95.0,,15,,,,,2026-05
2026-05-19,3030,德律,其他電子業,移出,離高點太遠,353.18,86.0,,15,,,,,2026-05
2026-05-19,3711,日月光投控,半導體業,移出,離高點太遠,467.73,76.0,,15,,,,,2026-05
2026-05-19,2408,南亞科,半導體業,移出,掉出掃描母體,304.02,76.0,,8,,,,,2026-05
2026-05-19,2451,創見,半導體業,移出,突破失敗,294.22,81.0,,8,,,,,2026-05
2026-05-19,3583,辛耘,半導體業,移出,離高點太遠,834.24,90.0,,7,,,,,2026-05
2026-05-19,6291,沛亨,半導體業,移出,晚期未觸發,472.0,95.0,,7,,,,,2026-05
2026-05-19,6658,聯策,其他電子業,移出,離高點太遠,181.83,97.0,,6,,,,,2026-05
2026-05-19,6218,豪勉,通信網路業,移出,離高點太遠,39.35,81.0,,6,,,,,2026-05
2026-05-19,6419,京晨科,光電業,移出,離高點太遠,158.0,92.0,,6,,,,,2026-05
2026-05-19,8147,正淩,電子零組件業,移出,掉出掃描母體,186.79,73.0,,5,,,,,2026-05
2026-05-19,2344,華邦電,半導體業,移出,突破失敗,117.5,72.0,,5,,,,,2026-05
2026-05-20,2478,大毅,電子工業,進榜,觸發,104.33,75.0,3.0,0,115.6,2.8,22.7,-0.1,2026-05
2026-05-20,2478,大毅,電子工業,觸發,進榜即觸發,104.33,75.0,3.0,0,115.6,2.8,22.7,-0.1,2026-05
2026-05-20,6175,立敦,電子零組件業,進榜,觸發,80.0,74.0,3.0,0,31.9,2.8,-3.3,-0.1,2026-05
2026-05-20,6175,立敦,電子零組件業,觸發,進榜即觸發,80.0,74.0,3.0,0,31.9,2.8,-3.3,-0.1,2026-05
2026-05-20,3048,益登,電子通路業,進榜,觸發,60.74,70.0,3.0,0,17.7,2.8,-3.2,-0.1,2026-05
2026-05-20,3048,益登,電子通路業,觸發,進榜即觸發,60.74,70.0,3.0,0,17.7,2.8,-3.2,-0.1,2026-05
2026-05-20,8042,金山電,電子零組件業,進榜,準備,115.44,91.0,3.0,0,69.4,2.8,-2.5,-0.1,2026-05
2026-05-20,3236,千如,電子零組件業,進榜,準備,43.4,76.0,3.0,0,52.8,2.8,4.1,-0.1,2026-05
2026-05-20,3088,艾訊,電腦及週邊設備業,進榜,準備,132.32,71.0,1.0,0,4.4,2.8,-2.9,-0.1,2026-05
2026-05-20,6834,天二科技,電子工業,觸發,,60.25,85.0,,2,53.4,2.8,67.6,-0.1,2026-05
2026-05-20,5291,邑昇,電子零組件業,移出,離高點太遠,71.17,91.0,,1,,,,,2026-05
2026-05-20,2383,台光電,電子工業,移出,離高點太遠,4375.02,92.0,,117,,,,,2026-05
2026-05-20,3264,欣銓,半導體業,移出,離高點太遠,202.48,79.0,,41,,,,,2026-05
2026-05-20,8027,鈦昇,電機機械,移出,離高點太遠,240.0,89.0,,21,,,,,2026-05
2026-05-20,3581,博磊,半導體業,移出,離高點太遠,204.08,96.0,,20,,,,,2026-05
2026-05-20,8299,群聯,半導體業,移出,掉出掃描母體,2447.13,77.0,,14,,,,,2026-05
2026-05-20,6278,台表科,光電業,移出,離高點太遠,197.36,83.0,,12,,,,,2026-05
2026-05-20,4973,廣穎,半導體業,移出,離高點太遠,109.0,93.0,,9,,,,,2026-05
2026-05-20,6531,愛普*,半導體業,移出,離高點太遠,966.36,88.0,,8,,,,,2026-05
2026-05-20,2467,志聖,電子工業,移出,離高點太遠,548.79,92.0,,8,,,,,2026-05
2026-05-20,4760,勤凱,其他電子類,移出,離高點太遠,276.49,70.0,,8,,,,,2026-05
2026-05-20,3691,碩禾,光電業,移出,離高點太遠,139.0,74.0,,5,,,,,2026-05
2026-05-20,2049,上銀,電機機械,移出,掉出掃描母體,373.82,71.0,,5,,,,,2026-05
2026-05-20,3055,蔚華科,電子通路業,移出,突破失敗,111.65,76.0,,1,,,,,2026-05
2026-05-20,3580,友威科,其他電子類,移出,掉出掃描母體,109.55,76.0,,1,,,,,2026-05
2026-05-20,1582,信錦,電子工業,移出,掉出掃描母體,113.17,73.0,,1,,,,,2026-05
2026-05-20,3663,鑫科,其他電子類,移出,掉出掃描母體,83.4,72.0,,1,,,,,2026-05
2026-05-21,6449,鈺邦,電子工業,進榜,觸發,292.11,74.0,2.0,0,46.8,1.9,-20.6,-1.2,2026-05
2026-05-21,6449,鈺邦,電子工業,觸發,進榜即觸發,292.11,74.0,2.0,0,46.8,1.9,-20.6,-1.2,2026-05
2026-05-21,4542,科嶠,電子零組件業,進榜,準備,259.5,96.0,3.0,0,56.8,1.9,2.1,-1.2,2026-05
2026-05-21,4958,臻鼎-KY,電子零組件業,進榜,準備,466.31,92.0,3.0,0,37.7,1.9,7.9,-1.2,2026-05
2026-05-21,5291,邑昇,電子零組件業,進榜,準備,78.22,91.0,3.0,0,-17.1,1.9,-29.3,-1.2,2026-05
2026-05-21,6155,鈞寶,電子零組件業,進榜,準備,58.85,77.0,2.0,0,65.8,1.9,2.6,-1.2,2026-05
2026-05-21,1582,信錦,電子工業,進榜,準備,113.66,70.0,3.0,0,-17.5,1.9,-35.4,-1.2,2026-05
2026-05-21,3663,鑫科,其他電子類,進榜,準備,83.7,70.0,1.0,0,2.4,1.9,-23.8,-1.2,2026-05
2026-05-21,3236,千如,電子零組件業,觸發,,47.7,78.0,,1,47.2,1.9,-6.5,-1.2,2026-05
2026-05-21,1597,直得,電機機械,移出,離高點太遠,165.64,84.0,,9,,,,,2026-05
2026-05-21,6223,旺矽,半導體業,移出,離高點太遠,5630.76,88.0,,9,,,,,2026-05
2026-05-21,8064,東捷,光電業,移出,離高點太遠,119.62,92.0,,3,,,,,2026-05
2026-05-22,2426,鼎元,光電業,進榜,觸發,83.1,99.0,2.0,0,8.2,1.5,-19.3,-2.8,2026-05
2026-05-22,2426,鼎元,光電業,觸發,進榜即觸發,83.1,99.0,2.0,0,8.2,1.5,-19.3,-2.8,2026-05
2026-05-22,3581,博磊,半導體業,進榜,觸發,246.89,98.0,2.0,0,-28.2,1.5,-56.9,-2.8,2026-05
2026-05-22,3581,博磊,半導體業,觸發,進榜即觸發,246.89,98.0,2.0,0,-28.2,1.5,-56.9,-2.8,2026-05
2026-05-22,4991,環宇-KY,半導體業,進榜,觸發,814.0,98.0,3.0,0,-30.7,1.5,-40.4,-2.8,2026-05
2026-05-22,4991,環宇-KY,半導體業,觸發,進榜即觸發,814.0,98.0,3.0,0,-30.7,1.5,-40.4,-2.8,2026-05
2026-05-22,2489,瑞軒,光電業,進榜,觸發,50.09,93.0,3.0,0,-1.4,1.5,-37.9,-2.8,2026-05
2026-05-22,2489,瑞軒,光電業,觸發,進榜即觸發,50.09,93.0,3.0,0,-1.4,1.5,-37.9,-2.8,2026-05
2026-05-22,8289,泰藝,電子零組件業,進榜,觸發,66.66,92.0,5.0,0,0.8,1.5,-30.6,-2.8,2026-05
2026-05-22,8289,泰藝,電子零組件業,觸發,進榜即觸發,66.66,92.0,5.0,0,0.8,1.5,-30.6,-2.8,2026-05
2026-05-22,2455,全新,通信網路業,進榜,觸發,422.13,88.0,3.0,0,-3.6,1.5,-1.1,-2.8,2026-05
2026-05-22,2455,全新,通信網路業,觸發,進榜即觸發,422.13,88.0,3.0,0,-3.6,1.5,-1.1,-2.8,2026-05
2026-05-22,3221,台嘉碩,通信網路業,進榜,觸發,56.12,86.0,2.0,0,4.8,1.5,-17.1,-2.8,2026-05
2026-05-22,3221,台嘉碩,通信網路業,觸發,進榜即觸發,56.12,86.0,2.0,0,4.8,1.5,-17.1,-2.8,2026-05
2026-05-22,2484,希華,電子工業,進榜,觸發,48.85,82.0,4.0,0,35.7,1.5,45.8,-2.8,2026-05
2026-05-22,2484,希華,電子工業,觸發,進榜即觸發,48.85,82.0,4.0,0,35.7,1.5,45.8,-2.8,2026-05
2026-05-22,6174,安碁,電子零組件業,進榜,觸發,46.43,79.0,1.0,0,9.1,1.5,-8.5,-2.8,2026-05
2026-05-22,6174,安碁,電子零組件業,觸發,進榜即觸發,46.43,79.0,1.0,0,9.1,1.5,-8.5,-2.8,2026-05
2026-05-22,3042,晶技,電子工業,進榜,觸發,172.53,78.0,1.0,0,14.8,1.5,3.5,-2.8,2026-05
2026-05-22,3042,晶技,電子工業,觸發,進榜即觸發,172.53,78.0,1.0,0,14.8,1.5,3.5,-2.8,2026-05
2026-05-22,4908,前鼎,通信網路業,進榜,準備,265.25,96.0,3.0,0,-24.7,1.5,-43.8,-2.8,2026-05
2026-05-22,4919,新唐,半導體業,進榜,準備,199.5,96.0,1.0,0,8.3,1.5,-40.9,-2.8,2026-05
2026-05-22,6274,台燿,電子零組件業,進榜,準備,1455.0,95.0,3.0,0,30.6,1.5,6.2,-2.8,2026-05
2026-05-22,6291,沛亨,半導體業,進榜,準備,541.0,95.0,3.0,0,9.2,1.5,-30.8,-2.8,2026-05
2026-05-22,6278,台表科,光電業,進榜,準備,238.19,86.0,1.0,0,-15.9,1.5,-27.8,-2.8,2026-05
2026-05-22,6166,凌華,電腦及週邊設備業,進榜,準備,125.88,81.0,2.0,0,24.4,1.5,-2.7,-2.8,2026-05
2026-05-22,4760,勤凱,其他電子類,進榜,準備,334.34,80.0,3.0,0,12.0,1.5,-27.9,-2.8,2026-05
2026-05-22,4951,精拓科,半導體業,進榜,準備,134.73,77.0,3.0,0,-24.3,1.5,-42.9,-2.8,2026-05
2026-05-22,6706,惠特,光電業,進榜,準備,185.0,77.0,1.0,0,-8.1,1.5,-35.9,-2.8,2026-05
2026-05-22,3450,聯鈞,其他電子業,進榜,準備,458.58,73.0,3.0,0,21.5,1.5,26.3,-2.8,2026-05
2026-05-22,6196,帆宣,其他電子業,進榜,準備,436.73,73.0,3.0,0,27.1,1.5,15.2,-2.8,2026-05
2026-05-22,3490,單井,光電業,進榜,準備,42.81,72.0,1.0,0,-23.2,1.5,4.0,-2.8,2026-05
2026-05-22,8096,擎亞,電子通路業,觸發,,118.5,76.0,,4,32.9,1.5,-7.2,-2.8,2026-05
2026-05-22,1582,信錦,電子工業,移出,掉出掃描母體,113.66,70.0,,1,,,,,2026-05
2026-05-22,3663,鑫科,其他電子類,移出,掉出掃描母體,83.7,70.0,,1,,,,,2026-05
2026-05-22,6715,嘉基,電子工業,移出,離高點太遠,454.3,98.0,,11,,,,,2026-05
2026-05-25,5386,青雲,電腦及週邊設備業,進榜,觸發,362.56,99.0,3.0,0,-8.1,0.4,-36.4,-3.3,2026-05
2026-05-25,5386,青雲,電腦及週邊設備業,觸發,進榜即觸發,362.56,99.0,3.0,0,-8.1,0.4,-36.4,-3.3,2026-05
2026-05-25,8064,東捷,光電業,進榜,觸發,144.44,94.0,1.0,0,7.2,0.4,-31.3,-3.3,2026-05
2026-05-25,8064,東捷,光電業,觸發,進榜即觸發,144.44,94.0,1.0,0,7.2,0.4,-31.3,-3.3,2026-05
2026-05-25,2454,聯發科,半導體業,進榜,觸發,4219.79,92.0,3.0,0,6.8,0.4,-8.9,-3.3,2026-05
2026-05-25,2454,聯發科,半導體業,觸發,進榜即觸發,4219.79,92.0,3.0,0,6.8,0.4,-8.9,-3.3,2026-05
2026-05-25,1597,直得,電機機械,進榜,觸發,199.96,88.0,2.0,0,-23.4,0.4,-32.8,-3.3,2026-05
2026-05-25,1597,直得,電機機械,觸發,進榜即觸發,199.96,88.0,2.0,0,-23.4,0.4,-32.8,-3.3,2026-05
2026-05-25,3532,台勝科,半導體業,進榜,觸發,272.41,86.0,4.0,0,36.6,0.4,30.9,-3.3,2026-05
2026-05-25,3532,台勝科,半導體業,觸發,進榜即觸發,272.41,86.0,4.0,0,36.6,0.4,30.9,-3.3,2026-05
2026-05-25,4927,泰鼎-KY,電子工業,進榜,觸發,61.9,86.0,4.0,0,-21.0,0.4,-47.9,-3.3,2026-05
2026-05-25,4927,泰鼎-KY,電子工業,觸發,進榜即觸發,61.9,86.0,4.0,0,-21.0,0.4,-47.9,-3.3,2026-05
2026-05-25,6182,合晶,半導體業,進榜,觸發,76.8,85.0,4.0,0,49.1,0.4,43.2,-3.3,2026-05
2026-05-25,6182,合晶,半導體業,觸發,進榜即觸發,76.8,85.0,4.0,0,49.1,0.4,43.2,-3.3,2026-05
2026-05-25,6405,悅城,光電業,進榜,觸發,69.0,85.0,1.0,0,-1.7,0.4,-44.6,-3.3,2026-05
2026-05-25,6405,悅城,光電業,觸發,進榜即觸發,69.0,85.0,1.0,0,-1.7,0.4,-44.6,-3.3,2026-05
2026-05-25,3711,日月光投控,半導體業,進榜,觸發,611.42,84.0,3.0,0,7.3,0.4,-3.8,-3.3,2026-05
2026-05-25,3711,日月光投控,半導體業,觸發,進榜即觸發,611.42,84.0,3.0,0,7.3,0.4,-3.8,-3.3,2026-05
2026-05-25,8261,富鼎,半導體業,進榜,觸發,173.47,73.0,3.0,0,47.7,0.4,5.8,-3.3,2026-05
2026-05-25,8261,富鼎,半導體業,觸發,進榜即觸發,173.47,73.0,3.0,0,47.7,0.4,5.8,-3.3,2026-05
2026-05-25,2305,全友,電子工業,進榜,觸發,20.65,72.0,2.0,0,79.7,0.4,29.8,-3.3,2026-05
2026-05-25,2305,全友,電子工業,觸發,進榜即觸發,20.65,72.0,2.0,0,79.7,0.4,29.8,-3.3,2026-05
2026-05-25,2233,宇隆,汽車工業,進榜,觸發,373.27,71.0,3.0,0,-25.6,0.4,-49.5,-3.3,2026-05
2026-05-25,2233,宇隆,汽車工業,觸發,進榜即觸發,373.27,71.0,3.0,0,-25.6,0.4,-49.5,-3.3,2026-05
2026-05-25,6658,聯策,其他電子業,進榜,準備,210.65,96.0,2.0,0,-11.0,0.4,-25.7,-3.3,2026-05
2026-05-25,6451,訊芯-KY,半導體業,進榜,準備,575.71,95.0,3.0,0,3.5,0.4,-28.1,-3.3,2026-05
2026-05-25,2467,志聖,電子工業,進榜,準備,656.77,93.0,2.0,0,-11.7,0.4,-16.7,-3.3,2026-05
2026-05-25,6197,佳必琪,電子零組件業,進榜,準備,268.55,73.0,3.0,0,27.7,0.4,12.1,-3.3,2026-05
2026-05-25,3444,利機,電子通路業,進榜,準備,103.53,71.0,2.0,0,-13.4,0.4,-26.4,-3.3,2026-05
2026-05-25,4908,前鼎,通信網路業,觸發,,291.58,96.0,,3,-27.9,0.4,-48.0,-3.3,2026-05
2026-05-25,4919,新唐,半導體業,觸發,,219.0,96.0,,3,-11.2,0.4,-46.8,-3.3,2026-05
2026-05-25,3033,威健,電子工業,移出,掉出掃描母體,51.74,72.0,,6,,,,,2026-05
2026-05-25,3088,艾訊,電腦及週邊設備業,移出,掉出掃描母體,139.18,71.0,,5,,,,,2026-05
2026-05-25,3490,單井,光電業,移出,掉出掃描母體,42.81,72.0,,3,,,,,2026-05
2026-05-26,2472,立隆電,電子工業,進榜,觸發,302.41,91.0,4.0,0,17.6,0.7,-26.1,-2.7,2026-05
2026-05-26,2472,立隆電,電子工業,觸發,進榜即觸發,302.41,91.0,4.0,0,17.6,0.7,-26.1,-2.7,2026-05
2026-05-26,6488,環球晶,半導體業,進榜,觸發,862.66,79.0,2.0,0,11.4,0.7,15.1,-2.7,2026-05
2026-05-26,6488,環球晶,半導體業,觸發,進榜即觸發,862.66,79.0,2.0,0,11.4,0.7,15.1,-2.7,2026-05
2026-05-26,6821,聯寶,電子零組件業,進榜,觸發,69.4,75.0,2.0,0,-8.9,0.7,-40.2,-2.7,2026-05
2026-05-26,6821,聯寶,電子零組件業,觸發,進榜即觸發,69.4,75.0,2.0,0,-8.9,0.7,-40.2,-2.7,2026-05
2026-05-26,6271,同欣電,半導體業,進榜,觸發,257.24,73.0,3.0,0,-2.2,0.7,-23.8,-2.7,2026-05
2026-05-26,6271,同欣電,半導體業,觸發,進榜即觸發,257.24,73.0,3.0,0,-2.2,0.7,-23.8,-2.7,2026-05
2026-05-26,6127,九豪,電子零組件業,進榜,觸發,57.2,71.0,4.0,0,48.8,0.7,-14.4,-2.7,2026-05
2026-05-26,6127,九豪,電子零組件業,觸發,進榜即觸發,57.2,71.0,4.0,0,48.8,0.7,-14.4,-2.7,2026-05
2026-05-26,6426,統新,通信網路業,進榜,準備,288.5,93.0,3.0,0,-26.7,0.7,-13.3,-2.7,2026-05
2026-05-26,7769,鴻勁,半導體業,進榜,準備,7800.79,89.0,2.0,0,-14.5,0.7,-17.3,-2.7,2026-05
2026-05-26,2308,台達電,電子工業,進榜,準備,2337.78,81.0,2.0,0,-14.4,0.7,-25.4,-2.7,2026-05
2026-05-26,2351,順德,電子工業,觸發,,214.58,86.0,,18,0.7,0.7,-14.5,-2.7,2026-05
2026-05-26,6658,聯策,其他電子業,觸發,,231.51,97.0,,1,-18.8,0.7,-29.2,-2.7,2026-05
2026-05-26,6706,惠特,光電業,觸發,,197.0,80.0,,4,-18.8,0.7,-40.6,-2.7,2026-05
2026-05-26,6155,鈞寶,電子零組件業,移出,掉出掃描母體,60.64,71.0,,5,,,,,2026-05
2026-05-26,2305,全友,電子工業,移出,掉出掃描母體,20.65,72.0,,1,,,,,2026-05
2026-05-26,2233,宇隆,汽車工業,移出,掉出掃描母體,373.27,71.0,,1,,,,,2026-05
2026-05-27,6141,柏承,電子工業,進榜,觸發,39.3,95.0,3.0,0,7.6,0.9,15.5,-2.2,2026-05
2026-05-27,6141,柏承,電子工業,觸發,進榜即觸發,39.3,95.0,3.0,0,7.6,0.9,15.5,-2.2,2026-05
2026-05-27,3131,弘塑,其他電子類,進榜,觸發,3363.1,84.0,3.0,0,4.2,0.9,-31.3,-2.2,2026-05
2026-05-27,3131,弘塑,其他電子類,觸發,進榜即觸發,3363.1,84.0,3.0,0,4.2,0.9,-31.3,-2.2,2026-05
2026-05-27,5864,致和證,金融業,進榜,觸發,34.4,79.0,3.0,0,22.9,0.9,-0.3,-2.2,2026-05
2026-05-27,5864,致和證,金融業,觸發,進榜即觸發,34.4,79.0,3.0,0,22.9,0.9,-0.3,-2.2,2026-05
2026-05-27,2344,華邦電,半導體業,進榜,觸發,155.0,77.0,4.0,0,41.6,0.9,16.8,-2.2,2026-05
2026-05-27,2344,華邦電,半導體業,觸發,進榜即觸發,155.0,77.0,4.0,0,41.6,0.9,16.8,-2.2,2026-05
2026-05-27,2305,全友,電子工業,進榜,觸發,22.85,75.0,2.0,0,65.4,0.9,13.8,-2.2,2026-05
2026-05-27,2305,全友,電子工業,觸發,進榜即觸發,22.85,75.0,2.0,0,65.4,0.9,13.8,-2.2,2026-05
2026-05-27,6432,今展科,電子零組件業,進榜,觸發,64.29,75.0,3.0,0,26.2,0.9,2.8,-2.2,2026-05
2026-05-27,6432,今展科,電子零組件業,觸發,進榜即觸發,64.29,75.0,3.0,0,26.2,0.9,2.8,-2.2,2026-05
2026-05-27,6016,康和證,金融業,進榜,觸發,23.58,74.0,1.0,0,6.2,0.9,-16.9,-2.2,2026-05
2026-05-27,6016,康和證,金融業,觸發,進榜即觸發,23.58,74.0,1.0,0,6.2,0.9,-16.9,-2.2,2026-05
2026-05-27,2360,致茂,其他電子業,進榜,準備,2602.98,91.0,3.0,0,-16.1,0.9,-19.3,-2.2,2026-05
2026-05-27,2070,精湛,電機機械,進榜,準備,81.8,80.0,2.0,0,-22.9,0.9,-16.5,-2.2,2026-05
2026-05-27,6116,彩晶,電子工業,進榜,準備,14.5,71.0,2.0,0,34.5,0.9,-4.8,-2.2,2026-05
2026-05-27,6291,沛亨,半導體業,觸發,,645.0,95.0,,5,-7.9,0.9,-39.8,-2.2,2026-05
2026-05-27,3444,利機,電子通路業,觸發,,114.76,77.0,,2,-20.5,0.9,-30.5,-2.2,2026-05
2026-05-27,2355,敬鵬,電子工業,移出,掉出掃描母體,63.57,70.0,,8,,,,,2026-05
2026-05-27,3048,益登,電子通路業,移出,掉出掃描母體,71.87,75.0,,7,,,,,2026-05
2026-05-27,3581,博磊,半導體業,移出,離高點太遠,250.87,98.0,,5,,,,,2026-05
2026-05-27,4951,精拓科,半導體業,移出,掉出掃描母體,129.44,71.0,,5,,,,,2026-05
2026-05-27,4908,前鼎,通信網路業,移出,離高點太遠,257.8,94.0,,5,,,,,2026-05
2026-05-27,6271,同欣電,半導體業,移出,掉出掃描母體,257.24,73.0,,1,,,,,2026-05
2026-05-27,6127,九豪,電子零組件業,移出,掉出掃描母體,57.2,71.0,,1,,,,,2026-05
2026-05-28,4973,廣穎,半導體業,進榜,觸發,152.5,96.0,5.0,0,18.0,-0.3,3.3,-2.0,2026-05
2026-05-28,4973,廣穎,半導體業,觸發,進榜即觸發,152.5,96.0,5.0,0,18.0,-0.3,3.3,-2.0,2026-05
2026-05-28,8150,南茂,電子工業,進榜,觸發,101.7,78.0,4.0,0,-5.3,-0.3,-13.8,-2.0,2026-05
2026-05-28,8150,南茂,電子工業,觸發,進榜即觸發,101.7,78.0,4.0,0,-5.3,-0.3,-13.8,-2.0,2026-05
2026-05-28,5425,台半,半導體業,進榜,觸發,111.78,77.0,3.0,0,0.0,-0.3,-23.0,-2.0,2026-05
2026-05-28,5425,台半,半導體業,觸發,進榜即觸發,111.78,77.0,3.0,0,0.0,-0.3,-23.0,-2.0,2026-05
2026-05-28,6716,應廣,半導體業,進榜,觸發,115.7,74.0,2.0,0,-17.9,-0.3,5.9,-2.0,2026-05
2026-05-28,6716,應廣,半導體業,觸發,進榜即觸發,115.7,74.0,2.0,0,-17.9,-0.3,5.9,-2.0,2026-05
2026-05-28,7709,榮田,電機機械,進榜,準備,99.22,83.0,3.0,0,-12.7,-0.3,-28.4,-2.0,2026-05
2026-05-28,4760,勤凱,其他電子類,觸發,,417.19,86.0,,6,-26.0,-0.3,-39.8,-2.0,2026-05
2026-05-28,1727,中華化,化學工業,移出,離高點太遠,94.04,85.0,,34,,,,,2026-05
2026-05-28,6727,亞泰金屬,電子零組件業,移出,離高點太遠,571.77,96.0,,20,,,,,2026-05
2026-05-28,1809,中釉,玻璃陶瓷,移出,離高點太遠,41.49,78.0,,17,,,,,2026-05
2026-05-28,6834,天二科技,電子工業,移出,離高點太遠,70.1,86.0,,10,,,,,2026-05
2026-05-28,4958,臻鼎-KY,電子零組件業,移出,晚期未觸發,482.7,92.0,,7,,,,,2026-05
2026-05-28,5291,邑昇,電子零組件業,移出,離高點太遠,70.48,86.0,,7,,,,,2026-05
2026-05-28,4991,環宇-KY,半導體業,移出,離高點太遠,705.0,96.0,,6,,,,,2026-05
2026-05-28,4919,新唐,半導體業,移出,離高點太遠,188.5,93.0,,6,,,,,2026-05
2026-05-28,2489,瑞軒,光電業,移出,離高點太遠,46.78,88.0,,6,,,,,2026-05
2026-05-28,8064,東捷,光電業,移出,突破失敗,132.03,92.0,,3,,,,,2026-05
2026-05-28,1597,直得,電機機械,移出,離高點太遠,179.56,86.0,,3,,,,,2026-05
2026-05-29,8358,金居,電子零組件業,進榜,觸發,605.23,86.0,4.0,0,-10.2,-0.7,-29.1,-3.1,2026-05
2026-05-29,8358,金居,電子零組件業,觸發,進榜即觸發,605.23,86.0,4.0,0,-10.2,-0.7,-29.1,-3.1,2026-05
2026-05-29,6127,九豪,電子零組件業,進榜,觸發,67.3,80.0,4.0,0,25.6,-0.7,-29.0,-3.1,2026-05
2026-05-29,6127,九豪,電子零組件業,觸發,進榜即觸發,67.3,80.0,4.0,0,25.6,-0.7,-29.0,-3.1,2026-05
2026-05-29,6770,力積電,半導體業,進榜,觸發,88.41,76.0,4.0,0,-11.0,-0.7,-22.2,-3.1,2026-05
2026-05-29,6770,力積電,半導體業,觸發,進榜即觸發,88.41,76.0,4.0,0,-11.0,-0.7,-22.2,-3.1,2026-05
2026-05-29,5274,信驊,半導體業,進榜,準備,17148.18,89.0,3.0,0,-19.4,-0.7,-10.2,-3.1,2026-05
2026-05-29,6224,聚鼎,電子零組件業,進榜,準備,95.0,83.0,2.0,0,-26.1,-0.7,-15.9,-3.1,2026-05
2026-05-29,6116,彩晶,電子工業,觸發,,17.1,81.0,,2,12.6,-0.7,-17.5,-3.1,2026-05
2026-05-29,3702,大聯大,電子工業,移出,掉出掃描母體,117.4,72.0,,30,,,,,2026-05
2026-05-29,4927,泰鼎-KY,電子工業,移出,突破失敗,56.2,77.0,,4,,,,,2026-05
2026-05-29,3444,利機,電子通路業,移出,離高點太遠,102.55,70.0,,4,,,,,2026-05
2026-05-29,6716,應廣,半導體業,移出,掉出掃描母體,115.7,74.0,,1,,,,,2026-05
2026-06-01,8064,東捷,光電業,進榜,觸發,155.85,96.0,1.0,0,-6.3,-0.7,-33.6,-3.2,2026-06
2026-06-01,8064,東捷,光電業,觸發,進榜即觸發,155.85,96.0,1.0,0,-6.3,-0.7,-33.6,-3.2,2026-06
2026-06-01,3485,敘豐,光電業,進榜,觸發,358.4,95.0,2.0,0,-20.0,-0.7,-32.8,-3.2,2026-06
2026-06-01,3485,敘豐,光電業,觸發,進榜即觸發,358.4,95.0,2.0,0,-20.0,-0.7,-32.8,-3.2,2026-06
2026-06-01,3234,光環,通信網路業,進榜,觸發,112.92,86.0,4.0,0,7.6,-0.7,59.9,-3.2,2026-06
2026-06-01,3234,光環,通信網路業,觸發,進榜即觸發,112.92,86.0,4.0,0,7.6,-0.7,59.9,-3.2,2026-06
2026-06-01,4939,亞電,電子零組件業,進榜,觸發,55.24,78.0,4.0,0,16.4,-0.7,42.6,-3.2,2026-06
2026-06-01,4939,亞電,電子零組件業,觸發,進榜即觸發,55.24,78.0,4.0,0,16.4,-0.7,42.6,-3.2,2026-06
2026-06-01,2408,南亞科,半導體業,進榜,觸發,380.28,74.0,5.0,0,18.6,-0.7,36.0,-3.2,2026-06
2026-06-01,2408,南亞科,半導體業,觸發,進榜即觸發,380.28,74.0,5.0,0,18.6,-0.7,36.0,-3.2,2026-06
2026-06-01,8027,鈦昇,電機機械,進榜,準備,283.0,93.0,3.0,0,-23.5,-0.7,-37.1,-3.2,2026-06
2026-06-01,4906,正文,通信網路業,進榜,準備,52.83,76.0,2.0,0,-19.2,-0.7,-29.4,-3.2,2026-06
2026-06-01,3580,友威科,其他電子類,進榜,準備,111.52,72.0,2.0,0,-14.9,-0.7,-28.7,-3.2,2026-06
2026-06-01,3450,聯鈞,其他電子業,觸發,,537.92,79.0,,10,-1.1,-0.7,6.7,-3.2,2026-06
2026-06-01,6658,聯策,其他電子業,移出,離高點太遠,206.18,97.0,,7,,,,,2026-06
2026-06-01,8261,富鼎,半導體業,移出,離高點太遠,171.5,71.0,,7,,,,,2026-06
2026-06-01,3131,弘塑,其他電子類,移出,離高點太遠,3205.99,80.0,,5,,,,,2026-06
2026-06-01,5425,台半,半導體業,移出,掉出掃描母體,113.73,77.0,,4,,,,,2026-06
2026-06-01,4760,勤凱,其他電子類,移出,離高點太遠,420.62,84.0,,10,,,,,2026-06
2026-06-02,6265,方土昶,電子通路業,進榜,觸發,61.6,89.0,4.0,0,-18.3,-0.8,-5.7,-3.4,2026-06
2026-06-02,6265,方土昶,電子通路業,觸發,進榜即觸發,61.6,89.0,4.0,0,-18.3,-0.8,-5.7,-3.4,2026-06
2026-06-02,1809,中釉,玻璃陶瓷,進榜,觸發,52.27,88.0,3.0,0,4.9,-0.8,-24.9,-3.4,2026-06
2026-06-02,1809,中釉,玻璃陶瓷,觸發,進榜即觸發,52.27,88.0,3.0,0,4.9,-0.8,-24.9,-3.4,2026-06
2026-06-02,2409,友達,光電業,進榜,觸發,25.71,77.0,4.0,0,17.2,-0.8,-1.8,-3.4,2026-06
2026-06-02,2409,友達,光電業,觸發,進榜即觸發,25.71,77.0,4.0,0,17.2,-0.8,-1.8,-3.4,2026-06
2026-06-02,6155,鈞寶,電子零組件業,進榜,觸發,75.2,72.0,2.0,0,15.9,-0.8,-23.1,-3.4,2026-06
2026-06-02,6155,鈞寶,電子零組件業,觸發,進榜即觸發,75.2,72.0,2.0,0,15.9,-0.8,-23.1,-3.4,2026-06
2026-06-02,2855,統一證,金融保險,進榜,準備,47.44,72.0,1.0,0,6.0,-0.8,0.8,-3.4,2026-06
2026-06-02,6015,宏遠證,金融業,進榜,準備,20.85,71.0,2.0,0,-16.1,-0.8,-23.0,-3.4,2026-06
2026-06-02,3580,友威科,其他電子類,移出,掉出掃描母體,111.52,72.0,,1,,,,,2026-06
2026-06-02,4576,大銀微系統,電機機械,移出,離高點太遠,237.15,81.0,,43,,,,,2026-06
2026-06-02,6831,邁科,電腦及週邊設備業,移出,離高點太遠,686.0,95.0,,22,,,,,2026-06
2026-06-02,6175,立敦,電子零組件業,移出,離高點太遠,93.26,77.0,,13,,,,,2026-06
2026-06-02,4542,科嶠,電子零組件業,移出,離高點太遠,236.5,95.0,,12,,,,,2026-06
2026-06-02,6278,台表科,光電業,移出,離高點太遠,208.54,80.0,,11,,,,,2026-06
2026-06-02,2426,鼎元,光電業,移出,離高點太遠,71.5,98.0,,11,,,,,2026-06
2026-06-02,7769,鴻勁,半導體業,移出,離高點太遠,7084.89,85.0,,7,,,,,2026-06
2026-06-02,6432,今展科,電子零組件業,移出,掉出掃描母體,67.15,74.0,,6,,,,,2026-06
2026-06-02,2360,致茂,其他電子業,移出,晚期未觸發,2399.7,88.0,,6,,,,,2026-06
2026-06-02,6224,聚鼎,電子零組件業,移出,晚期未觸發,83.9,76.0,,4,,,,,2026-06
2026-06-03,1409,新纖,紡織纖維,進榜,觸發,29.2,75.0,2.0,0,-6.9,-1.3,-16.8,-4.4,2026-06
2026-06-03,1409,新纖,紡織纖維,觸發,進榜即觸發,29.2,75.0,2.0,0,-6.9,-1.3,-16.8,-4.4,2026-06
2026-06-03,6548,長科*,半導體業,進榜,觸發,88.76,75.0,4.0,0,2.1,-1.3,-17.2,-4.4,2026-06
2026-06-03,6548,長科*,半導體業,觸發,進榜即觸發,88.76,75.0,4.0,0,2.1,-1.3,-17.2,-4.4,2026-06
2026-06-03,9105,泰金寶-DR,存託憑證,進榜,觸發,11.45,75.0,2.0,0,-19.0,-1.3,-27.7,-4.4,2026-06
2026-06-03,9105,泰金寶-DR,存託憑證,觸發,進榜即觸發,11.45,75.0,2.0,0,-19.0,-1.3,-27.7,-4.4,2026-06
2026-06-03,6207,雷科,電子零組件業,進榜,準備,138.9,90.0,2.0,0,9.0,-1.3,-20.1,-4.4,2026-06
2026-06-03,2312,金寶,其他電子業,進榜,準備,42.67,72.0,2.0,0,-18.2,-1.3,-25.5,-4.4,2026-06
2026-06-03,2855,統一證,金融保險,觸發,,52.1,77.0,,1,-4.5,-1.3,-6.8,-4.4,2026-06
2026-06-03,6015,宏遠證,金融業,觸發,,22.9,77.0,,1,-24.7,-1.3,-28.4,-4.4,2026-06
2026-06-03,3498,陽程,其他電子類,移出,離高點太遠,138.0,89.0,,30,,,,,2026-06
2026-06-03,2303,聯電,半導體業,移出,離高點太遠,128.3,88.0,,28,,,,,2026-06
2026-06-03,6426,統新,通信網路業,移出,離高點太遠,242.5,91.0,,8,,,,,2026-06
2026-06-03,6141,柏承,電子工業,移出,離高點太遠,40.0,95.0,,7,,,,,2026-06
2026-06-03,2070,精湛,電機機械,移出,掉出掃描母體,70.98,72.0,,7,,,,,2026-06
2026-06-03,8150,南茂,電子工業,移出,掉出掃描母體,97.36,70.0,,6,,,,,2026-06
2026-06-03,6155,鈞寶,電子零組件業,移出,掉出掃描母體,75.2,72.0,,1,,,,,2026-06
2026-06-04,3049,精金,電子工業,進榜,準備,17.3,78.0,3.0,0,-24.0,-0.6,-21.7,-5.1,2026-06
2026-06-04,3528,安馳,電子工業,進榜,準備,137.68,78.0,2.0,0,-29.4,-0.6,-40.3,-5.1,2026-06
2026-06-04,4720,德淵,化學生技醫療,進榜,準備,29.2,77.0,2.0,0,-12.5,-0.6,-34.9,-5.1,2026-06
2026-06-04,5285,界霖,電子工業,進榜,準備,97.95,74.0,3.0,0,-1.1,-0.6,-17.3,-5.1,2026-06
2026-06-04,2464,盟立,其他電子業,移出,離高點太遠,170.0,89.0,,37,,,,,2026-06
2026-06-04,6173,信昌電,電子零組件業,移出,離高點太遠,214.08,94.0,,28,,,,,2026-06
2026-06-04,3036,文曄,電子工業,移出,掉出掃描母體,284.38,75.0,,27,,,,,2026-06
2026-06-04,3624,光頡,電子零組件業,移出,離高點太遠,102.65,73.0,,17,,,,,2026-06
2026-06-04,8042,金山電,電子零組件業,移出,晚期未觸發,147.65,91.0,,15,,,,,2026-06
2026-06-04,3236,千如,電子零組件業,移出,掉出掃描母體,53.38,71.0,,15,,,,,2026-06
2026-06-04,6291,沛亨,半導體業,移出,離高點太遠,590.0,93.0,,13,,,,,2026-06
2026-06-04,3532,台勝科,半導體業,移出,離高點太遠,290.37,92.0,,10,,,,,2026-06
2026-06-04,6488,環球晶,半導體業,移出,離高點太遠,866.65,82.0,,9,,,,,2026-06
2026-06-04,6821,聯寶,電子零組件業,移出,掉出掃描母體,69.4,71.0,,9,,,,,2026-06
2026-06-04,7709,榮田,電機機械,移出,離高點太遠,120.94,91.0,,7,,,,,2026-06
2026-06-04,6770,力積電,半導體業,移出,突破失敗,80.73,74.0,,6,,,,,2026-06
2026-06-04,8358,金居,電子零組件業,移出,離高點太遠,562.43,82.0,,6,,,,,2026-06
2026-06-04,1409,新纖,紡織纖維,移出,掉出掃描母體,29.2,75.0,,1,,,,,2026-06
2026-06-05,6155,鈞寶,電子零組件業,進榜,觸發,78.57,76.0,2.0,0,5.3,0.0,-26.7,-4.1,2026-06
2026-06-05,6155,鈞寶,電子零組件業,觸發,進榜即觸發,78.57,76.0,2.0,0,5.3,0.0,-26.7,-4.1,2026-06
2026-06-05,5228,鈺鎧,電子零組件業,進榜,準備,69.4,96.0,3.0,0,-9.7,0.0,-40.1,-4.1,2026-06
2026-06-05,3037,欣興,電子工業,移出,離高點太遠,931.09,98.0,,58,,,,,2026-06
2026-06-05,3006,晶豪科,電子工業,移出,離高點太遠,221.46,83.0,,25,,,,,2026-06
2026-06-05,6706,惠特,光電業,移出,離高點太遠,190.0,76.0,,14,,,,,2026-06
2026-06-05,3450,聯鈞,其他電子業,移出,離高點太遠,500.0,79.0,,14,,,,,2026-06
2026-06-05,6182,合晶,半導體業,移出,離高點太遠,85.5,92.0,,11,,,,,2026-06
2026-06-05,5386,青雲,電腦及週邊設備業,移出,離高點太遠,339.31,99.0,,11,,,,,2026-06
2026-06-05,2467,志聖,電子工業,移出,離高點太遠,574.55,87.0,,11,,,,,2026-06
2026-06-05,6116,彩晶,電子工業,移出,離高點太遠,18.45,87.0,,9,,,,,2026-06
2026-06-05,2344,華邦電,半導體業,移出,離高點太遠,162.0,85.0,,9,,,,,2026-06
2026-06-05,2408,南亞科,半導體業,移出,離高點太遠,358.85,78.0,,4,,,,,2026-06
2026-06-05,2312,金寶,其他電子業,移出,掉出掃描母體,40.36,70.0,,2,,,,,2026-06
2026-06-05,9105,泰金寶-DR,存託憑證,移出,離高點太遠,11.35,77.0,,2,,,,,2026-06
2026-06-08,4542,科嶠,電子零組件業,進榜,觸發,314.5,99.0,2.0,0,28.3,0.7,-5.4,-1.6,2026-06
2026-06-08,4542,科嶠,電子零組件業,觸發,進榜即觸發,314.5,99.0,2.0,0,28.3,0.7,-5.4,-1.6,2026-06
2026-06-08,4741,泓瀚,化學工業,進榜,觸發,68.78,96.0,2.0,0,-23.4,0.7,-38.8,-1.6,2026-06
2026-06-08,4741,泓瀚,化學工業,觸發,進榜即觸發,68.78,96.0,2.0,0,-23.4,0.7,-38.8,-1.6,2026-06
2026-06-08,7788,松川精密,電子零組件業,進榜,觸發,243.86,78.0,3.0,0,-5.5,0.7,29.6,-1.6,2026-06
2026-06-08,7788,松川精密,電子零組件業,觸發,進榜即觸發,243.86,78.0,3.0,0,-5.5,0.7,29.6,-1.6,2026-06
2026-06-08,2059,川湖,電子工業,進榜,觸發,6158.28,75.0,5.0,0,33.7,0.7,125.1,-1.6,2026-06
2026-06-08,2059,川湖,電子工業,觸發,進榜即觸發,6158.28,75.0,5.0,0,33.7,0.7,125.1,-1.6,2026-06
2026-06-08,6693,廣閎科,半導體業,進榜,準備,164.6,83.0,3.0,0,50.9,0.7,5.1,-1.6,2026-06
2026-06-08,6147,頎邦,半導體業,移出,離高點太遠,240.01,99.0,,68,,,,,2026-06
2026-06-08,6257,矽格,半導體業,移出,離高點太遠,197.87,75.0,,61,,,,,2026-06
2026-06-08,3028,增你強,電子工業,移出,離高點太遠,70.36,74.0,,60,,,,,2026-06
2026-06-08,3209,全科,電子工業,移出,離高點太遠,64.0,81.0,,45,,,,,2026-06
2026-06-08,2351,順德,電子工業,移出,離高點太遠,181.8,85.0,,31,,,,,2026-06
2026-06-08,3481,群創,光電業,移出,離高點太遠,47.26,95.0,,28,,,,,2026-06
2026-06-08,2399,映泰,電子工業,移出,離高點太遠,44.65,78.0,,27,,,,,2026-06
2026-06-08,8091,翔名,電子零組件業,移出,離高點太遠,223.19,76.0,,25,,,,,2026-06
2026-06-08,8096,擎亞,電子通路業,移出,離高點太遠,119.5,86.0,,21,,,,,2026-06
2026-06-08,3675,德微,半導體業,移出,離高點太遠,346.0,87.0,,20,,,,,2026-06
2026-06-08,3090,日電貿,電子工業,移出,離高點太遠,206.32,88.0,,20,,,,,2026-06
2026-06-08,3673,TPK-KY,光電業,移出,離高點太遠,80.79,81.0,,20,,,,,2026-06
2026-06-08,6449,鈺邦,電子工業,移出,離高點太遠,333.7,80.0,,18,,,,,2026-06
2026-06-08,6274,台燿,電子零組件業,移出,離高點太遠,1535.0,96.0,,17,,,,,2026-06
2026-06-08,2455,全新,通信網路業,移出,離高點太遠,357.08,85.0,,17,,,,,2026-06
2026-06-08,8289,泰藝,電子零組件業,移出,離高點太遠,65.86,92.0,,17,,,,,2026-06
2026-06-08,6451,訊芯-KY,半導體業,移出,離高點太遠,599.7,98.0,,14,,,,,2026-06
2026-06-08,2454,聯發科,半導體業,移出,離高點太遠,4045.83,95.0,,14,,,,,2026-06
2026-06-08,6405,悅城,光電業,移出,離高點太遠,72.0,92.0,,14,,,,,2026-06
2026-06-08,3711,日月光投控,半導體業,移出,離高點太遠,535.11,84.0,,14,,,,,2026-06
2026-06-08,2472,立隆電,電子工業,移出,離高點太遠,333.93,95.0,,13,,,,,2026-06
2026-06-08,3485,敘豐,光電業,移出,離高點太遠,312.5,94.0,,7,,,,,2026-06
2026-06-08,8064,東捷,光電業,移出,離高點太遠,150.89,97.0,,7,,,,,2026-06
2026-06-08,4906,正文,通信網路業,移出,掉出掃描母體,47.44,71.0,,7,,,,,2026-06
2026-06-08,6265,方土昶,電子通路業,移出,離高點太遠,52.9,88.0,,6,,,,,2026-06
2026-06-08,2409,友達,光電業,移出,離高點太遠,23.99,77.0,,6,,,,,2026-06
2026-06-08,6015,宏遠證,金融業,移出,離高點太遠,20.35,75.0,,6,,,,,2026-06
2026-06-08,6207,雷科,電子零組件業,移出,離高點太遠,129.94,92.0,,5,,,,,2026-06
2026-06-08,6548,長科*,半導體業,移出,離高點太遠,82.1,76.0,,5,,,,,2026-06
2026-06-08,3049,精金,電子工業,移出,離高點太遠,15.15,72.0,,4,,,,,2026-06
2026-06-08,4720,德淵,化學生技醫療,移出,掉出掃描母體,26.84,72.0,,4,,,,,2026-06
2026-06-08,5285,界霖,電子工業,移出,晚期未觸發,86.41,71.0,,4,,,,,2026-06
2026-06-09,3167,大量,電機機械,進榜,觸發,946.41,98.0,5.0,0,-14.8,-0.2,,,2026-06
2026-06-09,3167,大量,電機機械,觸發,進榜即觸發,946.41,98.0,5.0,0,-14.8,-0.2,,,2026-06
2026-06-09,8021,尖點,其他電子業,進榜,觸發,503.95,95.0,4.0,0,2.4,-0.2,,,2026-06
2026-06-09,8021,尖點,其他電子業,觸發,進榜即觸發,503.95,95.0,4.0,0,2.4,-0.2,,,2026-06
2026-06-09,8996,高力,電機機械,進榜,觸發,1330.0,86.0,4.0,0,-0.8,-0.2,,,2026-06
2026-06-09,8996,高力,電機機械,觸發,進榜即觸發,1330.0,86.0,4.0,0,-0.8,-0.2,,,2026-06
2026-06-09,2368,金像電,電子零組件業,進榜,觸發,1484.49,84.0,4.0,0,-22.5,-0.2,,,2026-06
2026-06-09,2368,金像電,電子零組件業,觸發,進榜即觸發,1484.49,84.0,4.0,0,-22.5,-0.2,,,2026-06
2026-06-09,4739,康普,化學工業,進榜,觸發,128.95,76.0,3.0,0,-14.7,-0.2,,,2026-06
2026-06-09,4739,康普,化學工業,觸發,進榜即觸發,128.95,76.0,3.0,0,-14.7,-0.2,,,2026-06
2026-06-09,3550,聯穎,電子工業,進榜,觸發,25.9,72.0,3.0,0,11.2,-0.2,,,2026-06
2026-06-09,3550,聯穎,電子工業,觸發,進榜即觸發,25.9,72.0,3.0,0,11.2,-0.2,,,2026-06
2026-06-09,8182,加高,電子零組件業,進榜,準備,50.52,75.0,2.0,0,5.3,-0.2,,,2026-06
2026-06-09,8105,凌巨,光電業,進榜,準備,21.65,74.0,1.0,0,-6.0,-0.2,,,2026-06
2026-06-09,3615,安可,光電業,移出,離高點太遠,52.65,78.0,,22,,,,,2026-06
2026-06-09,6016,康和證,金融業,移出,離高點太遠,25.88,80.0,,13,,,,,2026-06
2026-06-09,8027,鈦昇,電機機械,移出,離高點太遠,248.5,91.0,,8,,,,,2026-06
2026-06-10,3441,聯一光,光電業,進榜,觸發,65.0,78.0,2.0,0,4.0,0.4,,,2026-06
2026-06-10,3441,聯一光,光電業,觸發,進榜即觸發,65.0,78.0,2.0,0,4.0,0.4,,,2026-06
2026-06-10,2413,環科,電子工業,進榜,準備,58.92,70.0,3.0,0,-24.0,0.4,,,2026-06
2026-06-10,1560,中砂,電機機械,移出,掉出掃描母體,660.57,71.0,,30,,,,,2026-06
2026-06-10,2492,華新科,電子工業,移出,離高點太遠,405.35,96.0,,27,,,,,2026-06
2026-06-10,5864,致和證,金融業,移出,離高點太遠,38.9,90.0,,14,,,,,2026-06
2026-06-10,5274,信驊,半導體業,移出,晚期未觸發,15238.81,87.0,,12,,,,,2026-06
2026-06-10,3234,光環,通信網路業,移出,離高點太遠,107.68,87.0,,9,,,,,2026-06
2026-06-10,4939,亞電,電子零組件業,移出,離高點太遠,60.1,79.0,,9,,,,,2026-06
2026-06-10,1809,中釉,玻璃陶瓷,移出,離高點太遠,50.38,91.0,,8,,,,,2026-06
2026-06-10,6127,九豪,電子零組件業,移出,離高點太遠,77.0,91.0,,12,,,,,2026-06
2026-06-10,3167,大量,電機機械,移出,離高點太遠,853.86,98.0,,1,,,,,2026-06
2026-06-10,8996,高力,電機機械,移出,突破失敗,1220.0,83.0,,1,,,,,2026-06
2026-06-11,2493,揚博,電子工業,進榜,準備,185.71,79.0,2.0,0,38.7,0.0,,,2026-06
2026-06-11,2345,智邦,通信網路業,移出,離高點太遠,2257.13,80.0,,85,,,,,2026-06
2026-06-11,6435,大中,半導體業,移出,離高點太遠,251.4,82.0,,45,,,,,2026-06
2026-06-11,7610,聯友金屬,綠能環保,移出,離高點太遠,1279.81,100.0,,35,,,,,2026-06
2026-06-11,2308,台達電,電子工業,移出,離高點太遠,2148.76,83.0,,16,,,,,2026-06
2026-06-11,3528,安馳,電子工業,移出,離高點太遠,115.06,73.0,,7,,,,,2026-06
2026-06-11,6693,廣閎科,半導體業,移出,晚期未觸發,154.63,78.0,,3,,,,,2026-06
2026-06-11,4542,科嶠,電子零組件業,移出,離高點太遠,305.0,99.0,,3,,,,,2026-06
2026-06-11,2368,金像電,電子零組件業,移出,突破失敗,1335.55,77.0,,2,,,,,2026-06
2026-06-12,6173,信昌電,電子零組件業,進榜,觸發,274.68,99.0,3.0,0,-13.0,-1.7,,,2026-06
2026-06-12,6173,信昌電,電子零組件業,觸發,進榜即觸發,274.68,99.0,3.0,0,-13.0,-1.7,,,2026-06
2026-06-12,8042,金山電,電子零組件業,進榜,觸發,170.5,96.0,3.0,0,-10.9,-1.7,,,2026-06
2026-06-12,8042,金山電,電子零組件業,觸發,進榜即觸發,170.5,96.0,3.0,0,-10.9,-1.7,,,2026-06
2026-06-12,3090,日電貿,電子工業,進榜,觸發,252.11,94.0,4.0,0,-7.8,-1.7,,,2026-06
2026-06-12,3090,日電貿,電子工業,觸發,進榜即觸發,252.11,94.0,4.0,0,-7.8,-1.7,,,2026-06
2026-06-12,3236,千如,電子零組件業,進榜,觸發,62.48,89.0,3.0,0,-13.8,-1.7,,,2026-06
2026-06-12,3236,千如,電子零組件業,觸發,進榜即觸發,62.48,89.0,3.0,0,-13.8,-1.7,,,2026-06
2026-06-12,3152,璟德,通信網路業,進榜,觸發,371.02,73.0,2.0,0,-32.6,-1.7,,,2026-06
2026-06-12,3152,璟德,通信網路業,觸發,進榜即觸發,371.02,73.0,2.0,0,-32.6,-1.7,,,2026-06
2026-06-12,6834,天二科技,電子工業,進榜,準備,84.1,95.0,3.0,0,40.3,-1.7,,,2026-06
2026-06-12,6613,朋億*,其他電子類,進榜,準備,305.16,70.0,1.0,0,17.3,-1.7,,,2026-06
2026-06-12,8105,凌巨,光電業,觸發,,22.45,78.0,,3,-18.0,-1.7,,,2026-06
2026-06-12,8021,尖點,其他電子業,移出,離高點太遠,519.89,96.0,,3,,,,,2026-06
2026-06-12,2855,統一證,金融保險,移出,離高點太遠,48.45,77.0,,10,,,,,2026-06
2026-06-12,5228,鈺鎧,電子零組件業,移出,晚期未觸發,69.3,98.0,,7,,,,,2026-06
2026-06-12,4739,康普,化學工業,移出,掉出掃描母體,122.5,73.0,,3,,,,,2026-06
2026-06-15,3532,台勝科,半導體業,進榜,觸發,358.23,96.0,3.0,0,46.0,-1.3,,,2026-06
2026-06-15,3532,台勝科,半導體業,觸發,進榜即觸發,358.23,96.0,3.0,0,46.0,-1.3,,,2026-06
2026-06-15,6449,鈺邦,電子工業,進榜,觸發,458.46,93.0,2.0,0,-36.4,-1.3,,,2026-06
2026-06-15,6449,鈺邦,電子工業,觸發,進榜即觸發,458.46,93.0,2.0,0,-36.4,-1.3,,,2026-06
2026-06-15,3624,光頡,電子零組件業,進榜,觸發,128.43,90.0,3.0,0,-11.2,-1.3,,,2026-06
2026-06-15,3624,光頡,電子零組件業,觸發,進榜即觸發,128.43,90.0,3.0,0,-11.2,-1.3,,,2026-06
2026-06-15,2375,凱美,電子工業,進榜,觸發,187.66,84.0,3.0,0,-10.3,-1.3,,,2026-06
2026-06-15,2375,凱美,電子工業,觸發,進榜即觸發,187.66,84.0,3.0,0,-10.3,-1.3,,,2026-06
2026-06-15,6693,廣閎科,半導體業,進榜,觸發,185.05,83.0,3.0,0,17.3,-1.3,,,2026-06
2026-06-15,6693,廣閎科,半導體業,觸發,進榜即觸發,185.05,83.0,3.0,0,17.3,-1.3,,,2026-06
2026-06-15,3008,大立光,光電業,進榜,觸發,4379.99,79.0,2.0,0,-8.6,-1.3,,,2026-06
2026-06-15,3008,大立光,光電業,觸發,進榜即觸發,4379.99,79.0,2.0,0,-8.6,-1.3,,,2026-06
2026-06-15,1714,和桐,化學工業,進榜,觸發,16.52,76.0,4.0,0,0.0,-1.3,,,2026-06
2026-06-15,1714,和桐,化學工業,觸發,進榜即觸發,16.52,76.0,4.0,0,0.0,-1.3,,,2026-06
2026-06-15,8121,越峰,電子零組件業,進榜,觸發,48.8,76.0,2.0,0,-17.8,-1.3,,,2026-06
2026-06-15,8121,越峰,電子零組件業,觸發,進榜即觸發,48.8,76.0,2.0,0,-17.8,-1.3,,,2026-06
2026-06-15,4958,臻鼎-KY,電子零組件業,進榜,準備,590.0,97.0,3.0,0,4.7,-1.3,,,2026-06
2026-06-15,8096,擎亞,電子通路業,進榜,準備,145.5,91.0,3.0,0,0.3,-1.3,,,2026-06
2026-06-15,5328,華容,電子零組件業,進榜,準備,46.55,81.0,3.0,0,42.2,-1.3,,,2026-06
2026-06-15,4534,慶騰,電機機械,進榜,準備,35.6,77.0,3.0,0,8.1,-1.3,,,2026-06
2026-06-15,6613,朋億*,其他電子類,觸發,,335.53,76.0,,3,9.8,-1.3,,,2026-06
2026-06-16,2492,華新科,電子工業,進榜,觸發,491.39,98.0,3.0,0,-30.5,-1.1,,,2026-06
2026-06-16,2492,華新科,電子工業,觸發,進榜即觸發,491.39,98.0,3.0,0,-30.5,-1.1,,,2026-06
2026-06-16,6182,合晶,半導體業,進榜,觸發,107.0,97.0,4.0,0,55.1,-1.1,,,2026-06
2026-06-16,6182,合晶,半導體業,觸發,進榜即觸發,107.0,97.0,4.0,0,55.1,-1.1,,,2026-06
2026-06-16,6488,環球晶,半導體業,進榜,觸發,1040.98,91.0,2.0,0,31.6,-1.1,,,2026-06
2026-06-16,6488,環球晶,半導體業,觸發,進榜即觸發,1040.98,91.0,2.0,0,31.6,-1.1,,,2026-06
2026-06-16,2302,麗正,半導體業,進榜,觸發,41.49,86.0,2.0,0,7.7,-1.1,,,2026-06
2026-06-16,2302,麗正,半導體業,觸發,進榜即觸發,41.49,86.0,2.0,0,7.7,-1.1,,,2026-06
2026-06-16,8926,台汽電,油電燃氣業,進榜,準備,74.61,74.0,2.0,0,-10.2,-1.1,,,2026-06
2026-06-16,6446,藥華藥,生技醫療業,進榜,準備,892.5,71.0,2.0,0,41.2,-1.1,,,2026-06
2026-06-16,5328,華容,電子零組件業,觸發,,51.2,84.0,,1,30.9,-1.1,,,2026-06
2026-06-16,4741,泓瀚,化學工業,移出,離高點太遠,72.16,97.0,,8,,,,,2026-06
2026-06-16,6449,鈺邦,電子工業,移出,突破失敗,414.4,90.0,,1,,,,,2026-06
2026-06-17,7610,聯友金屬,綠能環保,進榜,觸發,1732.47,100.0,4.0,0,39.1,-4.3,,,2026-06
2026-06-17,7610,聯友金屬,綠能環保,觸發,進榜即觸發,1732.47,100.0,4.0,0,39.1,-4.3,,,2026-06
2026-06-17,6586,醣基,生技醫療業,進榜,觸發,83.3,94.0,2.0,0,50.7,-4.3,,,2026-06
2026-06-17,6586,醣基,生技醫療業,觸發,進榜即觸發,83.3,94.0,2.0,0,50.7,-4.3,,,2026-06
2026-06-17,2408,南亞科,半導體業,進榜,觸發,435.6,88.0,5.0,0,-9.2,-4.3,,,2026-06
2026-06-17,2408,南亞科,半導體業,觸發,進榜即觸發,435.6,88.0,5.0,0,-9.2,-4.3,,,2026-06
2026-06-17,6432,今展科,電子零組件業,進榜,觸發,77.9,84.0,3.0,0,-16.3,-4.3,,,2026-06
2026-06-17,6432,今展科,電子零組件業,觸發,進榜即觸發,77.9,84.0,3.0,0,-16.3,-4.3,,,2026-06
2026-06-17,6949,沛爾生醫-創,創新版股票,進榜,觸發,895.0,81.0,5.0,0,15.1,-4.3,,,2026-06
2026-06-17,6949,沛爾生醫-創,創新版股票,觸發,進榜即觸發,895.0,81.0,5.0,0,15.1,-4.3,,,2026-06
2026-06-17,1303,南亞,塑膠工業,進榜,觸發,125.89,72.0,5.0,0,58.1,-4.3,,,2026-06
2026-06-17,1303,南亞,塑膠工業,觸發,進榜即觸發,125.89,72.0,5.0,0,58.1,-4.3,,,2026-06
2026-06-17,4542,科嶠,電子零組件業,進榜,準備,378.0,100.0,3.0,0,-13.4,-4.3,,,2026-06
2026-06-17,6207,雷科,電子零組件業,進榜,準備,163.3,95.0,3.0,0,-20.1,-4.3,,,2026-06
2026-06-17,4707,磐亞,化學工業,進榜,準備,21.89,85.0,1.0,0,79.2,-4.3,,,2026-06
2026-06-17,2413,環科,電子工業,移出,掉出掃描母體,58.82,71.0,,7,,,,,2026-06
2026-06-17,3152,璟德,通信網路業,移出,掉出掃描母體,360.11,71.0,,5,,,,,2026-06
2026-06-18,3481,群創,光電業,進榜,觸發,64.4,97.0,5.0,0,-21.7,-5.3,,,2026-06
2026-06-18,3481,群創,光電業,觸發,進榜即觸發,64.4,97.0,5.0,0,-21.7,-5.3,,,2026-06
2026-06-18,2344,華邦電,半導體業,進榜,觸發,218.5,93.0,4.0,0,-30.9,-5.3,,,2026-06
2026-06-18,2344,華邦電,半導體業,觸發,進榜即觸發,218.5,93.0,4.0,0,-30.9,-5.3,,,2026-06
2026-06-18,8358,金居,電子零組件業,進榜,觸發,696.81,92.0,4.0,0,-46.8,-5.3,,,2026-06
2026-06-18,8358,金居,電子零組件業,觸發,進榜即觸發,696.81,92.0,4.0,0,-46.8,-5.3,,,2026-06
2026-06-18,3234,光環,通信網路業,進榜,觸發,138.17,90.0,3.0,0,-33.6,-5.3,,,2026-06
2026-06-18,3234,光環,通信網路業,觸發,進榜即觸發,138.17,90.0,3.0,0,-33.6,-5.3,,,2026-06
2026-06-18,6435,大中,半導體業,進榜,觸發,309.37,88.0,5.0,0,-15.9,-5.3,,,2026-06
2026-06-18,6435,大中,半導體業,觸發,進榜即觸發,309.37,88.0,5.0,0,-15.9,-5.3,,,2026-06
2026-06-18,8261,富鼎,半導體業,進榜,觸發,211.91,82.0,4.0,0,8.1,-5.3,,,2026-06
2026-06-18,8261,富鼎,半導體業,觸發,進榜即觸發,211.91,82.0,4.0,0,8.1,-5.3,,,2026-06
2026-06-18,2316,楠梓電,電子工業,進榜,觸發,203.52,75.0,4.0,0,-24.8,-5.3,,,2026-06
2026-06-18,2316,楠梓電,電子工業,觸發,進榜即觸發,203.52,75.0,4.0,0,-24.8,-5.3,,,2026-06
2026-06-18,6525,捷敏-KY,半導體業,進榜,觸發,143.0,75.0,4.0,0,8.7,-5.3,,,2026-06
2026-06-18,6525,捷敏-KY,半導體業,觸發,進榜即觸發,143.0,75.0,4.0,0,8.7,-5.3,,,2026-06
2026-06-18,3317,尼克森,半導體業,進榜,觸發,87.62,74.0,3.0,0,-11.9,-5.3,,,2026-06
2026-06-18,3317,尼克森,半導體業,觸發,進榜即觸發,87.62,74.0,3.0,0,-11.9,-5.3,,,2026-06
2026-06-18,2342,茂矽,半導體業,進榜,觸發,55.2,71.0,5.0,0,-26.8,-5.3,,,2026-06
2026-06-18,2342,茂矽,半導體業,觸發,進榜即觸發,55.2,71.0,5.0,0,-26.8,-5.3,,,2026-06
2026-06-18,6274,台燿,電子零組件業,進榜,準備,1835.0,98.0,2.0,0,-38.7,-5.3,,,2026-06
2026-06-18,6175,立敦,電子零組件業,進榜,準備,111.91,85.0,3.0,0,-21.8,-5.3,,,2026-06
2026-06-18,8091,翔名,電子零組件業,進榜,準備,281.0,85.0,3.0,0,-14.1,-5.3,,,2026-06
2026-06-18,2483,百容,電子工業,進榜,準備,39.65,79.0,2.0,0,5.7,-5.3,,,2026-06
2026-06-18,3537,堡達,電子零組件業,進榜,準備,86.1,74.0,1.0,0,-38.5,-5.3,,,2026-06
2026-06-18,2428,興勤,電子工業,進榜,準備,308.6,71.0,2.0,0,-20.9,-5.3,,,2026-06
2026-06-18,6834,天二科技,電子工業,觸發,,101.5,96.0,,6,-6.8,-5.3,,,2026-06
2026-06-22,2426,鼎元,光電業,進榜,觸發,89.9,98.0,2.0,0,-39.0,-4.2,,,2026-06
2026-06-22,2426,鼎元,光電業,觸發,進榜即觸發,89.9,98.0,2.0,0,-39.0,-4.2,,,2026-06
2026-06-22,3189,景碩,半導體業,進榜,觸發,794.64,98.0,5.0,0,-6.1,-4.2,,,2026-06
2026-06-22,3189,景碩,半導體業,觸發,進榜即觸發,794.64,98.0,5.0,0,-6.1,-4.2,,,2026-06
2026-06-22,6715,嘉基,電子工業,進榜,觸發,509.92,98.0,2.0,0,-25.1,-4.2,,,2026-06
2026-06-22,6715,嘉基,電子工業,觸發,進榜即觸發,509.92,98.0,2.0,0,-25.1,-4.2,,,2026-06
2026-06-22,2337,旺宏,半導體業,進榜,觸發,185.5,95.0,5.0,0,-33.7,-4.2,,,2026-06
2026-06-22,2337,旺宏,半導體業,觸發,進榜即觸發,185.5,95.0,5.0,0,-33.7,-4.2,,,2026-06
2026-06-22,3711,日月光投控,半導體業,進榜,觸發,667.9,88.0,4.0,0,-5.2,-4.2,,,2026-06
2026-06-22,3711,日月光投控,半導體業,觸發,進榜即觸發,667.9,88.0,4.0,0,-5.2,-4.2,,,2026-06
2026-06-22,8162,微矽電子-創,創新版股票,進榜,觸發,86.2,88.0,2.0,0,-28.2,-4.2,,,2026-06
2026-06-22,8162,微矽電子-創,創新版股票,觸發,進榜即觸發,86.2,88.0,2.0,0,-28.2,-4.2,,,2026-06
2026-06-22,6213,聯茂,電子工業,進榜,觸發,305.43,87.0,3.0,0,16.1,-4.2,,,2026-06
2026-06-22,6213,聯茂,電子工業,觸發,進榜即觸發,305.43,87.0,3.0,0,16.1,-4.2,,,2026-06
2026-06-22,2409,友達,光電業,進榜,觸發,30.43,85.0,4.0,0,-17.3,-4.2,,,2026-06
2026-06-22,2409,友達,光電業,觸發,進榜即觸發,30.43,85.0,4.0,0,-17.3,-4.2,,,2026-06
2026-06-22,5425,台半,半導體業,進榜,觸發,126.91,82.0,5.0,0,-31.2,-4.2,,,2026-06
2026-06-22,5425,台半,半導體業,觸發,進榜即觸發,126.91,82.0,5.0,0,-31.2,-4.2,,,2026-06
2026-06-22,6271,同欣電,半導體業,進榜,觸發,266.5,77.0,4.0,0,-24.8,-4.2,,,2026-06
2026-06-22,6271,同欣電,半導體業,觸發,進榜即觸發,266.5,77.0,4.0,0,-24.8,-4.2,,,2026-06
2026-06-22,2303,聯電,半導體業,進榜,準備,157.31,93.0,3.0,0,-14.5,-4.2,,,2026-06
2026-06-22,6415,矽力*-KY,半導體業,進榜,準備,673.0,93.0,3.0,0,-31.4,-4.2,,,2026-06
2026-06-22,3675,德微,半導體業,進榜,準備,405.0,90.0,2.0,0,-34.0,-4.2,,,2026-06
2026-06-22,6208,日揚,電子零組件業,進榜,準備,103.98,83.0,3.0,0,-18.9,-4.2,,,2026-06
2026-06-22,5285,界霖,電子工業,進榜,準備,101.1,79.0,2.0,0,-20.3,-4.2,,,2026-06
2026-06-22,3028,增你強,電子工業,進榜,準備,80.95,75.0,3.0,0,-18.0,-4.2,,,2026-06
2026-06-22,3374,精材,半導體業,進榜,準備,273.73,70.0,2.0,0,38.8,-4.2,,,2026-06
2026-06-22,3537,堡達,電子零組件業,移出,掉出掃描母體,86.1,74.0,,4,,,,,2026-06
2026-06-22,2428,興勤,電子工業,移出,掉出掃描母體,308.6,71.0,,4,,,,,2026-06
2026-06-22,3042,晶技,電子工業,移出,離高點太遠,198.0,83.0,,31,,,,,2026-06
2026-06-22,8182,加高,電子零組件業,移出,離高點太遠,48.83,73.0,,13,,,,,2026-06
2026-06-23,3016,嘉晶,半導體業,進榜,觸發,151.6,92.0,6.0,0,-30.9,-3.0,,,2026-06
2026-06-23,3016,嘉晶,半導體業,觸發,進榜即觸發,151.6,92.0,6.0,0,-30.9,-3.0,,,2026-06
2026-06-23,8438,昶昕,其他,進榜,觸發,99.55,92.0,6.0,0,-29.5,-3.0,,,2026-06
2026-06-23,8438,昶昕,其他,觸發,進榜即觸發,99.55,92.0,6.0,0,-29.5,-3.0,,,2026-06
2026-06-23,3450,聯鈞,其他電子業,進榜,觸發,612.0,83.0,1.0,0,-25.1,-3.0,,,2026-06
2026-06-23,3450,聯鈞,其他電子業,觸發,進榜即觸發,612.0,83.0,1.0,0,-25.1,-3.0,,,2026-06
2026-06-23,3707,漢磊,半導體業,進榜,觸發,100.5,75.0,4.0,0,-34.3,-3.0,,,2026-06
2026-06-23,3707,漢磊,半導體業,觸發,進榜即觸發,100.5,75.0,4.0,0,-34.3,-3.0,,,2026-06
2026-06-23,8016,矽創,半導體業,進榜,準備,320.5,70.0,2.0,0,-6.6,-3.0,,,2026-06
2026-06-23,3675,德微,半導體業,觸發,,445.5,93.0,,1,-38.7,-3.0,,,2026-06
2026-06-23,3374,精材,半導體業,觸發,,301.0,79.0,,1,38.9,-3.0,,,2026-06
2026-06-23,8043,蜜望實,電子零組件業,移出,離高點太遠,200.69,89.0,,41,,,,,2026-06
2026-06-23,6174,安碁,電子零組件業,移出,離高點太遠,48.62,86.0,,32,,,,,2026-06
2026-06-23,3221,台嘉碩,通信網路業,移出,離高點太遠,55.33,82.0,,32,,,,,2026-06
2026-06-23,2484,希華,電子工業,移出,離高點太遠,62.42,92.0,,32,,,,,2026-06
2026-06-23,4973,廣穎,半導體業,移出,離高點太遠,183.0,98.0,,26,,,,,2026-06
2026-06-23,3236,千如,電子零組件業,移出,離高點太遠,60.31,79.0,,11,,,,,2026-06
2026-06-23,3090,日電貿,電子工業,移出,離高點太遠,297.91,95.0,,11,,,,,2026-06
2026-06-23,4534,慶騰,電機機械,移出,掉出掃描母體,33.8,71.0,,8,,,,,2026-06
2026-06-23,3189,景碩,半導體業,移出,突破失敗,725.76,97.0,,1,,,,,2026-06
2026-06-23,6213,聯茂,電子工業,移出,突破失敗,278.66,84.0,,1,,,,,2026-06
2026-06-23,6271,同欣電,半導體業,移出,突破失敗,244.5,73.0,,1,,,,,2026-06
2026-06-24,2061,風青,電器電纜,進榜,觸發,63.8,97.0,2.0,0,-17.4,-3.4,,,2026-06
2026-06-24,2061,風青,電器電纜,觸發,進榜即觸發,63.8,97.0,2.0,0,-17.4,-3.4,,,2026-06
2026-06-24,5464,霖宏,電子零組件業,進榜,觸發,98.0,97.0,4.0,0,-17.3,-3.4,,,2026-06
2026-06-24,5464,霖宏,電子零組件業,觸發,進榜即觸發,98.0,97.0,4.0,0,-17.3,-3.4,,,2026-06
2026-06-24,2460,建通,電子工業,進榜,觸發,40.45,71.0,3.0,0,-22.0,-3.4,,,2026-06
2026-06-24,2460,建通,電子工業,觸發,進榜即觸發,40.45,71.0,3.0,0,-22.0,-3.4,,,2026-06
2026-06-24,6213,聯茂,電子工業,進榜,準備,306.42,89.0,3.0,0,12.1,-3.4,,,2026-06
2026-06-24,8040,九暘,半導體業,進榜,準備,125.0,88.0,2.0,0,-39.4,-3.4,,,2026-06
2026-06-24,3094,聯傑,半導體業,進榜,準備,45.25,74.0,2.0,0,-18.6,-3.4,,,2026-06
2026-06-24,2483,百容,電子工業,觸發,,46.1,87.0,,6,-13.6,-3.4,,,2026-06
2026-06-24,5285,界霖,電子工業,觸發,,108.5,84.0,,2,-26.2,-3.4,,,2026-06
2026-06-24,8016,矽創,半導體業,移出,掉出掃描母體,320.5,70.0,,1,,,,,2026-06
2026-06-24,6155,鈞寶,電子零組件業,移出,離高點太遠,86.2,76.0,,19,,,,,2026-06
2026-06-24,3624,光頡,電子零組件業,移出,離高點太遠,146.28,93.0,,9,,,,,2026-06
2026-06-24,6488,環球晶,半導體業,移出,離高點太遠,961.28,86.0,,8,,,,,2026-06
2026-06-24,8358,金居,電子零組件業,移出,離高點太遠,635.09,88.0,,6,,,,,2026-06
2026-06-24,6415,矽力*-KY,半導體業,移出,晚期未觸發,605.0,91.0,,2,,,,,2026-06
2026-06-24,3016,嘉晶,半導體業,移出,突破失敗,136.69,89.0,,1,,,,,2026-06
2026-06-24,3707,漢磊,半導體業,移出,掉出掃描母體,100.5,75.0,,1,,,,,2026-06
2026-06-25,3189,景碩,半導體業,進榜,觸發,810.61,98.0,5.0,0,-12.3,-3.8,,,2026-06
2026-06-25,3189,景碩,半導體業,觸發,進榜即觸發,810.61,98.0,5.0,0,-12.3,-3.8,,,2026-06
2026-06-25,8046,南電,電子工業,進榜,觸發,1045.0,94.0,4.0,0,6.2,-3.8,,,2026-06
2026-06-25,8046,南電,電子工業,觸發,進榜即觸發,1045.0,94.0,4.0,0,6.2,-3.8,,,2026-06
2026-06-25,6672,騰輝電子-KY,電子工業,進榜,觸發,289.5,93.0,4.0,0,-22.5,-3.8,,,2026-06
2026-06-25,6672,騰輝電子-KY,電子工業,觸發,進榜即觸發,289.5,93.0,4.0,0,-22.5,-3.8,,,2026-06
2026-06-25,5347,世界,半導體業,進榜,觸發,214.92,83.0,4.0,0,-26.9,-3.8,,,2026-06
2026-06-25,5347,世界,半導體業,觸發,進榜即觸發,214.92,83.0,4.0,0,-26.9,-3.8,,,2026-06
2026-06-25,6270,倍微,電子通路業,進榜,觸發,41.42,74.0,4.0,0,-26.2,-3.8,,,2026-06
2026-06-25,6270,倍微,電子通路業,觸發,進榜即觸發,41.42,74.0,4.0,0,-26.2,-3.8,,,2026-06
2026-06-25,2243,宏旭-KY,汽車工業,進榜,準備,55.5,98.0,2.0,0,-9.2,-3.8,,,2026-06
2026-06-25,3147,大綜,資訊服務業,進榜,準備,334.99,78.0,3.0,0,-34.8,-3.8,,,2026-06
2026-06-25,6213,聯茂,電子工業,觸發,,336.67,92.0,,1,-8.1,-3.8,,,2026-06
2026-06-25,4707,磐亞,化學工業,觸發,,24.7,88.0,,8,38.4,-3.8,,,2026-06
2026-06-25,3026,禾伸堂,電子工業,移出,離高點太遠,771.0,100.0,,50,,,,,2026-06
2026-06-25,7788,松川精密,電子零組件業,移出,離高點太遠,252.78,75.0,,17,,,,,2026-06
2026-06-25,3550,聯穎,電子工業,移出,離高點太遠,32.95,84.0,,16,,,,,2026-06
2026-06-25,2342,茂矽,半導體業,移出,離高點太遠,53.2,71.0,,7,,,,,2026-06
2026-06-25,2337,旺宏,半導體業,移出,離高點太遠,161.5,94.0,,3,,,,,2026-06
2026-06-25,6715,嘉基,電子工業,移出,離高點太遠,472.51,96.0,,3,,,,,2026-06
2026-06-25,8438,昶昕,其他,移出,離高點太遠,93.25,89.0,,2,,,,,2026-06
2026-06-25,6586,醣基,生技醫療業,移出,離高點太遠,124.5,99.0,,8,,,,,2026-06
2026-06-26,6748,亞果生醫,生技醫療業,進榜,準備,169.0,92.0,3.0,0,13.9,-2.2,,,2026-06
2026-06-26,5289,宜鼎,電腦及週邊設備業,移出,掉出掃描母體,1686.86,93.0,,59,,,,,2026-06
2026-06-26,6693,廣閎科,半導體業,移出,離高點太遠,220.47,91.0,,11,,,,,2026-06
2026-06-26,8121,越峰,電子零組件業,移出,離高點太遠,47.25,74.0,,11,,,,,2026-06
2026-06-26,3532,台勝科,半導體業,移出,離高點太遠,335.28,95.0,,11,,,,,2026-06
2026-06-26,2492,華新科,電子工業,移出,離高點太遠,537.15,99.0,,10,,,,,2026-06
2026-06-26,7610,聯友金屬,綠能環保,移出,離高點太遠,1666.63,100.0,,9,,,,,2026-06
2026-06-26,6207,雷科,電子零組件業,移出,離高點太遠,144.38,94.0,,9,,,,,2026-06
2026-06-26,8091,翔名,電子零組件業,移出,晚期未觸發,255.0,82.0,,8,,,,,2026-06
2026-06-26,6274,台燿,電子零組件業,移出,離高點太遠,1580.0,96.0,,8,,,,,2026-06
2026-06-26,3234,光環,通信網路業,移出,離高點太遠,120.06,85.0,,8,,,,,2026-06
2026-06-26,6525,捷敏-KY,半導體業,移出,離高點太遠,146.0,80.0,,8,,,,,2026-06
2026-06-26,2426,鼎元,光電業,移出,離高點太遠,77.6,97.0,,4,,,,,2026-06
2026-06-26,2409,友達,光電業,移出,離高點太遠,27.48,86.0,,4,,,,,2026-06
2026-06-26,5425,台半,半導體業,移出,離高點太遠,111.78,81.0,,4,,,,,2026-06
2026-06-26,3675,德微,半導體業,移出,離高點太遠,359.5,89.0,,4,,,,,2026-06
2026-06-26,3450,聯鈞,其他電子業,移出,突破失敗,530.0,80.0,,3,,,,,2026-06
2026-06-26,8040,九暘,半導體業,移出,離高點太遠,107.0,85.0,,2,,,,,2026-06
2026-06-26,2460,建通,電子工業,移出,突破失敗,36.0,70.0,,2,,,,,2026-06
2026-06-26,5347,世界,半導體業,移出,突破失敗,197.33,82.0,,1,,,,,2026-06
2026-06-29,6226,光鼎,光電業,進榜,觸發,20.05,87.0,4.0,0,2.2,-4.9,,,2026-06
2026-06-29,6226,光鼎,光電業,觸發,進榜即觸發,20.05,87.0,4.0,0,2.2,-4.9,,,2026-06
2026-06-29,7795,長廣,電子零組件業,進榜,觸發,506.0,78.0,4.0,0,-26.9,-4.9,,,2026-06
2026-06-29,7795,長廣,電子零組件業,觸發,進榜即觸發,506.0,78.0,4.0,0,-26.9,-4.9,,,2026-06
2026-06-29,5434,崇越,電子工業,進榜,觸發,525.99,74.0,2.0,0,-1.7,-4.9,,,2026-06
2026-06-29,5434,崇越,電子工業,觸發,進榜即觸發,525.99,74.0,2.0,0,-1.7,-4.9,,,2026-06
2026-06-29,1718,中纖,化學工業,進榜,觸發,12.25,72.0,1.0,0,-20.6,-4.9,,,2026-06
2026-06-29,1718,中纖,化學工業,觸發,進榜即觸發,12.25,72.0,1.0,0,-20.6,-4.9,,,2026-06
2026-06-29,6446,藥華藥,生技醫療業,觸發,,1143.77,87.0,,13,-2.5,-4.9,,,2026-06
2026-06-29,2478,大毅,電子工業,移出,離高點太遠,202.73,97.0,,40,,,,,2026-06
2026-06-29,6166,凌華,電腦及週邊設備業,移出,離高點太遠,138.26,86.0,,38,,,,,2026-06
2026-06-29,3441,聯一光,光電業,移出,離高點太遠,76.2,86.0,,19,,,,,2026-06
2026-06-29,8042,金山電,電子零組件業,移出,離高點太遠,169.0,96.0,,17,,,,,2026-06
2026-06-29,6834,天二科技,電子工業,移出,離高點太遠,109.0,98.0,,17,,,,,2026-06
2026-06-29,4958,臻鼎-KY,電子零組件業,移出,晚期未觸發,573.0,97.0,,14,,,,,2026-06
2026-06-29,3008,大立光,光電業,移出,離高點太遠,4340.36,84.0,,14,,,,,2026-06
2026-06-29,2375,凱美,電子工業,移出,離高點太遠,190.63,87.0,,14,,,,,2026-06
2026-06-29,6182,合晶,半導體業,移出,離高點太遠,112.0,97.0,,13,,,,,2026-06
2026-06-29,6432,今展科,電子零組件業,移出,離高點太遠,69.22,83.0,,12,,,,,2026-06
2026-06-29,6175,立敦,電子零組件業,移出,晚期未觸發,104.05,86.0,,11,,,,,2026-06
2026-06-29,2316,楠梓電,電子工業,移出,離高點太遠,207.98,82.0,,11,,,,,2026-06
2026-06-29,3317,尼克森,半導體業,移出,離高點太遠,85.04,78.0,,11,,,,,2026-06
2026-06-29,8162,微矽電子-創,創新版股票,移出,突破失敗,77.5,86.0,,7,,,,,2026-06
2026-06-29,3147,大綜,資訊服務業,移出,離高點太遠,271.39,71.0,,4,,,,,2026-06
2026-06-29,6270,倍微,電子通路業,移出,離高點太遠,38.01,71.0,,4,,,,,2026-06
2026-06-30,2472,立隆電,電子工業,進榜,觸發,446.72,98.0,4.0,0,-51.5,-7.8,,,2026-06
2026-06-30,2472,立隆電,電子工業,觸發,進榜即觸發,446.72,98.0,4.0,0,-51.5,-7.8,,,2026-06
2026-06-30,6658,聯策,其他電子業,進榜,觸發,234.0,98.0,4.0,0,-41.0,-7.8,,,2026-06
2026-06-30,6658,聯策,其他電子業,觸發,進榜即觸發,234.0,98.0,4.0,0,-41.0,-7.8,,,2026-06
2026-06-30,3037,欣興,電子工業,進榜,準備,1067.81,97.0,2.0,0,-35.6,-7.8,,,2026-06
2026-06-30,2428,興勤,電子工業,進榜,準備,307.62,76.0,2.0,0,-33.7,-7.8,,,2026-06
2026-06-30,7827,漢康-KY,生技醫療業,進榜,準備,173.0,71.0,3.0,0,-18.5,-7.8,,,2026-06
2026-06-30,4542,科嶠,電子零組件業,觸發,,449.5,99.0,,13,-43.8,-7.8,,,2026-06
2026-06-30,5285,界霖,電子工業,移出,離高點太遠,96.3,79.0,,8,,,,,2026-06
2026-06-30,3094,聯傑,半導體業,移出,掉出掃描母體,40.55,72.0,,6,,,,,2026-06
2026-07-01,2484,希華,電子工業,進榜,觸發,79.07,96.0,4.0,0,-27.8,-8.3,,,2026-07
2026-07-01,2484,希華,電子工業,觸發,進榜即觸發,79.07,96.0,4.0,0,-27.8,-8.3,,,2026-07
2026-07-01,3055,蔚華科,電子通路業,進榜,觸發,127.1,76.0,3.0,0,-26.7,-8.3,,,2026-07
2026-07-01,3055,蔚華科,電子通路業,觸發,進榜即觸發,127.1,76.0,3.0,0,-26.7,-8.3,,,2026-07
2026-07-01,3026,禾伸堂,電子工業,進榜,準備,899.0,100.0,3.0,0,-52.4,-8.3,,,2026-07
2026-07-01,2464,盟立,其他電子業,進榜,準備,190.0,93.0,2.0,0,-35.5,-8.3,,,2026-07
2026-07-01,2375,凱美,電子工業,進榜,準備,230.24,91.0,3.0,0,-54.4,-8.3,,,2026-07
2026-07-01,6538,倉和,電子零組件業,進榜,準備,142.0,80.0,3.0,0,-9.5,-8.3,,,2026-07
2026-07-01,8016,矽創,半導體業,進榜,準備,339.0,75.0,2.0,0,-24.9,-8.3,,,2026-07
2026-07-01,5483,中美晶,半導體業,進榜,準備,195.88,74.0,1.0,0,-22.1,-8.3,,,2026-07
2026-07-01,7827,漢康-KY,生技醫療業,移出,掉出掃描母體,173.0,71.0,,1,,,,,2026-07
2026-07-01,6197,佳必琪,電子零組件業,移出,晚期未觸發,341.08,88.0,,37,,,,,2026-07
2026-07-01,8105,凌巨,光電業,移出,離高點太遠,21.65,75.0,,22,,,,,2026-07
2026-07-01,2408,南亞科,半導體業,移出,離高點太遠,419.65,86.0,,14,,,,,2026-07
2026-07-01,2344,華邦電,半導體業,移出,離高點太遠,190.0,87.0,,13,,,,,2026-07
2026-07-02,8042,金山電,電子零組件業,進榜,準備,206.5,98.0,3.0,0,-52.2,-7.1,,,2026-07
2026-07-02,6488,環球晶,半導體業,進榜,準備,1200.36,93.0,3.0,0,-28.8,-7.1,,,2026-07
2026-07-02,8071,能率網通,電子零組件業,進榜,準備,33.8,77.0,2.0,0,-38.0,-7.1,,,2026-07
2026-07-02,5536,聖暉*,其他電子類,進榜,準備,1415.5,76.0,2.0,0,-34.7,-7.1,,,2026-07
2026-07-02,5299,杰力,半導體業,進榜,準備,131.69,73.0,2.0,0,-21.0,-7.1,,,2026-07
2026-07-03,3042,晶技,電子工業,進榜,觸發,249.0,92.0,1.0,0,-38.0,-7.6,,,2026-07
2026-07-03,3042,晶技,電子工業,觸發,進榜即觸發,249.0,92.0,1.0,0,-38.0,-7.6,,,2026-07
2026-07-03,6174,安碁,電子零組件業,進榜,觸發,61.8,92.0,1.0,0,-34.8,-7.6,,,2026-07
2026-07-03,6174,安碁,電子零組件業,觸發,進榜即觸發,61.8,92.0,1.0,0,-34.8,-7.6,,,2026-07
2026-07-03,4989,榮科,電子零組件業,進榜,觸發,110.5,88.0,6.0,0,-44.7,-7.6,,,2026-07
2026-07-03,4989,榮科,電子零組件業,觸發,進榜即觸發,110.5,88.0,6.0,0,-44.7,-7.6,,,2026-07
2026-07-03,1717,長興,化學工業,進榜,觸發,81.6,72.0,6.0,0,-24.4,-7.6,,,2026-07
2026-07-03,1717,長興,化學工業,觸發,進榜即觸發,81.6,72.0,6.0,0,-24.4,-7.6,,,2026-07
2026-07-03,3532,台勝科,半導體業,進榜,準備,439.05,98.0,3.0,0,-39.6,-7.6,,,2026-07
2026-07-03,6834,天二科技,電子工業,進榜,準備,132.0,98.0,2.0,0,-33.6,-7.6,,,2026-07
2026-07-03,6525,捷敏-KY,半導體業,進榜,準備,183.0,88.0,3.0,0,-30.3,-7.6,,,2026-07
2026-07-03,8182,加高,電子零組件業,進榜,準備,58.68,82.0,2.0,0,-36.4,-7.6,,,2026-07
2026-07-03,1409,新纖,紡織纖維,進榜,準備,29.88,77.0,3.0,0,-29.7,-7.6,,,2026-07
2026-07-03,3088,艾訊,電腦及週邊設備業,進榜,準備,143.59,73.0,2.0,0,-14.7,-7.6,,,2026-07
2026-07-03,3518,柏騰,其他電子業,進榜,準備,36.35,71.0,2.0,0,-28.7,-7.6,,,2026-07
2026-07-03,3141,晶宏,半導體業,進榜,準備,82.7,70.0,1.0,0,-14.8,-7.6,,,2026-07
2026-07-03,3026,禾伸堂,電子工業,觸發,,988.0,100.0,,2,-53.5,-7.6,,,2026-07
2026-07-03,6488,環球晶,半導體業,觸發,,1250.17,95.0,,1,-30.7,-7.6,,,2026-07
2026-07-03,2428,興勤,電子工業,觸發,,333.99,79.0,,3,-34.5,-7.6,,,2026-07
2026-07-03,8042,金山電,電子零組件業,移出,晚期未觸發,210.5,98.0,,1,,,,,2026-07
2026-07-03,6748,亞果生醫,生技醫療業,移出,晚期未觸發,151.5,86.0,,7,,,,,2026-07
2026-07-03,5434,崇越,電子工業,移出,掉出掃描母體,527.94,71.0,,4,,,,,2026-07
2026-07-03,6658,聯策,其他電子業,移出,離高點太遠,208.5,96.0,,3,,,,,2026-07
2026-07-03,2464,盟立,其他電子業,移出,離高點太遠,172.5,91.0,,2,,,,,2026-07
2026-07-03,6226,光鼎,光電業,移出,離高點太遠,24.0,90.0,,4,,,,,2026-07
2026-07-06,8150,南茂,電子工業,進榜,觸發,115.5,87.0,5.0,0,-28.6,-7.0,,,2026-07
2026-07-06,8150,南茂,電子工業,觸發,進榜即觸發,115.5,87.0,5.0,0,-28.6,-7.0,,,2026-07
2026-07-06,3675,德微,半導體業,進榜,準備,450.0,94.0,2.0,0,-43.9,-7.0,,,2026-07
2026-07-06,6693,廣閎科,半導體業,進榜,準備,275.83,94.0,3.0,0,-40.9,-7.0,,,2026-07
2026-07-06,2351,順德,電子工業,進榜,準備,226.5,91.0,3.0,0,-26.9,-7.0,,,2026-07
2026-07-06,6748,亞果生醫,生技醫療業,進榜,準備,179.5,91.0,3.0,0,22.3,-7.0,,,2026-07
2026-07-06,3317,尼克森,半導體業,進榜,準備,104.69,84.0,3.0,0,-35.5,-7.0,,,2026-07
2026-07-06,4923,力士,半導體業,進榜,準備,65.7,81.0,3.0,0,-35.9,-7.0,,,2026-07
2026-07-06,2855,統一證,金融保險,進榜,準備,52.2,79.0,2.0,0,-14.3,-7.0,,,2026-07
2026-07-06,5299,杰力,半導體業,觸發,,137.02,76.0,,4,-21.5,-7.0,,,2026-07
2026-07-06,1714,和桐,化學工業,移出,離高點太遠,20.68,87.0,,21,,,,,2026-07
2026-07-06,2243,宏旭-KY,汽車工業,移出,掉出掃描母體,65.9,99.0,,11,,,,,2026-07
2026-07-06,3532,台勝科,半導體業,移出,離高點太遠,405.13,98.0,,3,,,,,2026-07
2026-07-06,3518,柏騰,其他電子業,移出,掉出掃描母體,36.35,71.0,,3,,,,,2026-07
2026-07-06,2327,國巨*,電子工業,移出,離高點太遠,1005.0,99.0,,53,,,,,2026-07
2026-07-06,2493,揚博,電子工業,移出,離高點太遠,278.81,92.0,,25,,,,,2026-07
2026-07-06,4542,科嶠,電子零組件業,移出,離高點太遠,434.5,98.0,,19,,,,,2026-07
2026-07-06,3189,景碩,半導體業,移出,離高點太遠,763.0,98.0,,11,,,,,2026-07
2026-07-06,8046,南電,電子工業,移出,離高點太遠,1075.0,95.0,,11,,,,,2026-07
2026-07-06,3037,欣興,電子工業,移出,掉出掃描母體,967.02,96.0,,6,,,,,2026-07
2026-07-06,2472,立隆電,電子工業,移出,離高點太遠,398.94,96.0,,6,,,,,2026-07
2026-07-06,2375,凱美,電子工業,移出,晚期未觸發,206.47,88.0,,5,,,,,2026-07
2026-07-06,3042,晶技,電子工業,移出,突破失敗,224.5,90.0,,3,,,,,2026-07
2026-07-07,6259,百徽,電子零組件業,進榜,觸發,42.14,90.0,4.0,0,-28.1,-4.7,,,2026-07
2026-07-07,6259,百徽,電子零組件業,觸發,進榜即觸發,42.14,90.0,4.0,0,-28.1,-4.7,,,2026-07
2026-07-07,2883,凱基金,金融保險,進榜,準備,30.1,71.0,2.0,0,5.0,-4.7,,,2026-07
2026-07-07,6525,捷敏-KY,半導體業,觸發,,221.0,95.0,,4,-38.9,-4.7,,,2026-07
2026-07-07,3141,晶宏,半導體業,移出,掉出掃描母體,83.2,72.0,,4,,,,,2026-07
2026-07-07,6613,朋億*,其他電子類,移出,離高點太遠,328.5,73.0,,25,,,,,2026-07
2026-07-07,6173,信昌電,電子零組件業,移出,離高點太遠,282.13,99.0,,25,,,,,2026-07
2026-07-07,2302,麗正,半導體業,移出,離高點太遠,48.9,94.0,,21,,,,,2026-07
2026-07-07,1303,南亞,塑膠工業,移出,離高點太遠,165.7,90.0,,20,,,,,2026-07
2026-07-07,6208,日揚,電子零組件業,移出,掉出掃描母體,94.4,79.0,,15,,,,,2026-07
2026-07-07,2303,聯電,半導體業,移出,離高點太遠,152.39,94.0,,15,,,,,2026-07
2026-07-07,6538,倉和,電子零組件業,移出,離高點太遠,125.5,76.0,,6,,,,,2026-07
2026-07-07,6834,天二科技,電子工業,移出,離高點太遠,118.5,99.0,,4,,,,,2026-07
2026-07-07,4989,榮科,電子零組件業,移出,離高點太遠,99.9,86.0,,4,,,,,2026-07
2026-07-07,1717,長興,化學工業,移出,掉出掃描母體,85.4,73.0,,4,,,,,2026-07
2026-07-07,5299,杰力,半導體業,移出,突破失敗,123.46,74.0,,5,,,,,2026-07
2026-07-08,2395,研華,電子工業,進榜,觸發,534.5,76.0,2.0,0,16.4,-4.4,,,2026-07
2026-07-08,2395,研華,電子工業,觸發,進榜即觸發,534.5,76.0,2.0,0,16.4,-4.4,,,2026-07
2026-07-08,8033,雷虎,其他,進榜,觸發,227.5,70.0,3.0,0,-16.5,-4.4,,,2026-07
2026-07-08,8033,雷虎,其他,觸發,進榜即觸發,227.5,70.0,3.0,0,-16.5,-4.4,,,2026-07
2026-07-08,2885,元大金,金融保險,進榜,準備,66.78,72.0,2.0,0,-3.4,-4.4,,,2026-07
2026-07-08,2305,全友,電子工業,移出,離高點太遠,35.15,93.0,,42,,,,,2026-07
2026-07-08,5328,華容,電子零組件業,移出,離高點太遠,71.8,96.0,,23,,,,,2026-07
2026-07-08,3028,增你強,電子工業,移出,掉出掃描母體,76.15,79.0,,16,,,,,2026-07
2026-07-08,2428,興勤,電子工業,移出,離高點太遠,293.95,78.0,,8,,,,,2026-07
2026-07-08,1409,新纖,紡織纖維,移出,晚期未觸發,28.19,80.0,,5,,,,,2026-07
2026-07-08,6693,廣閎科,半導體業,移出,晚期未觸發,244.0,92.0,,2,,,,,2026-07
2026-07-09,7827,漢康-KY,生技醫療業,進榜,觸發,185.0,79.0,3.0,0,-15.7,-4.2,,,2026-07
2026-07-09,7827,漢康-KY,生技醫療業,觸發,進榜即觸發,185.0,79.0,3.0,0,-15.7,-4.2,,,2026-07
2026-07-09,8091,翔名,電子零組件業,進榜,準備,295.0,88.0,3.0,0,-23.7,-4.2,,,2026-07
2026-07-09,5471,松翰,電子工業,進榜,準備,66.77,81.0,2.0,0,-17.9,-4.2,,,2026-07
2026-07-09,2887,台新新光金,金融保險,進榜,準備,35.45,73.0,2.0,0,-0.8,-4.2,,,2026-07
2026-07-09,8383,千附,其他電子類,進榜,準備,67.63,70.0,2.0,0,3.5,-4.2,,,2026-07
2026-07-09,2885,元大金,金融保險,移出,掉出掃描母體,66.78,72.0,,1,,,,,2026-07
2026-07-09,6435,大中,半導體業,移出,離高點太遠,365.4,95.0,,21,,,,,2026-07
2026-07-09,7795,長廣,電子零組件業,移出,離高點太遠,552.0,86.0,,10,,,,,2026-07
2026-07-09,5536,聖暉*,其他電子類,移出,離高點太遠,1215.0,71.0,,7,,,,,2026-07
2026-07-09,6259,百徽,電子零組件業,移出,突破失敗,38.03,86.0,,2,,,,,2026-07
2026-07-13,6182,合晶,半導體業,進榜,觸發,189.5,100.0,4.0,0,-50.9,-2.7,,,2026-07
2026-07-13,6182,合晶,半導體業,觸發,進榜即觸發,189.5,100.0,4.0,0,-50.9,-2.7,,,2026-07
2026-07-13,7610,聯友金屬,綠能環保,進榜,觸發,2425.0,100.0,4.0,0,-19.6,-2.7,,,2026-07
2026-07-13,7610,聯友金屬,綠能環保,觸發,進榜即觸發,2425.0,100.0,4.0,0,-19.6,-2.7,,,2026-07
2026-07-13,1303,南亞,塑膠工業,進榜,觸發,199.5,96.0,6.0,0,-7.3,-2.7,,,2026-07
2026-07-13,1303,南亞,塑膠工業,觸發,進榜即觸發,199.5,96.0,6.0,0,-7.3,-2.7,,,2026-07
2026-07-13,8039,台虹,電子工業,進榜,觸發,169.0,73.0,6.0,0,33.7,-2.7,,,2026-07
2026-07-13,8039,台虹,電子工業,觸發,進榜即觸發,169.0,73.0,6.0,0,33.7,-2.7,,,2026-07
2026-07-13,6538,倉和,電子零組件業,進榜,準備,149.5,88.0,3.0,0,-2.7,-2.7,,,2026-07
2026-07-13,2645,長榮航太,航運業,進榜,準備,251.5,77.0,3.0,0,-24.7,-2.7,,,2026-07
2026-07-13,3702,大聯大,電子工業,進榜,準備,113.05,77.0,3.0,0,11.1,-2.7,,,2026-07
2026-07-13,8383,千附,其他電子類,觸發,,74.33,78.0,,4,-6.0,-2.7,,,2026-07
2026-07-13,8926,台汽電,油電燃氣業,移出,離高點太遠,69.3,77.0,,27,,,,,2026-07
2026-07-13,8261,富鼎,半導體業,移出,離高點太遠,292.5,96.0,,25,,,,,2026-07
2026-07-13,2483,百容,電子工業,移出,離高點太遠,61.2,97.0,,25,,,,,2026-07
2026-07-13,3481,群創,光電業,移出,離高點太遠,61.0,98.0,,25,,,,,2026-07
2026-07-13,2061,風青,電器電纜,移出,離高點太遠,67.3,99.0,,19,,,,,2026-07
2026-07-13,6213,聯茂,電子工業,移出,離高點太遠,359.5,93.0,,19,,,,,2026-07
2026-07-13,5464,霖宏,電子零組件業,移出,離高點太遠,87.0,97.0,,19,,,,,2026-07
2026-07-13,6672,騰輝電子-KY,電子工業,移出,離高點太遠,275.0,93.0,,18,,,,,2026-07
2026-07-13,2484,希華,電子工業,移出,離高點太遠,83.53,98.0,,12,,,,,2026-07
2026-07-13,8071,能率網通,電子零組件業,移出,離高點太遠,28.85,75.0,,11,,,,,2026-07
2026-07-13,8182,加高,電子零組件業,移出,離高點太遠,47.64,78.0,,10,,,,,2026-07
2026-07-13,6174,安碁,電子零組件業,移出,離高點太遠,56.5,94.0,,10,,,,,2026-07
2026-07-13,3675,德微,半導體業,移出,離高點太遠,356.5,89.0,,7,,,,,2026-07
2026-07-13,3317,尼克森,半導體業,移出,晚期未觸發,91.29,84.0,,7,,,,,2026-07
2026-07-14,3532,台勝科,半導體業,進榜,觸發,510.0,100.0,3.0,0,-44.3,-1.6,,,2026-07
2026-07-14,3532,台勝科,半導體業,觸發,進榜即觸發,510.0,100.0,3.0,0,-44.3,-1.6,,,2026-07
2026-07-14,6829,千附精密,電機機械,進榜,觸發,256.5,90.0,3.0,0,-19.7,-1.6,,,2026-07
2026-07-14,6829,千附精密,電機機械,觸發,進榜即觸發,256.5,90.0,3.0,0,-19.7,-1.6,,,2026-07
2026-07-14,1810,和成,玻璃陶瓷,進榜,觸發,28.8,77.0,2.0,0,-13.9,-1.6,,,2026-07
2026-07-14,1810,和成,玻璃陶瓷,觸發,進榜即觸發,28.8,77.0,2.0,0,-13.9,-1.6,,,2026-07
2026-07-14,6446,藥華藥,生技醫療業,移出,離高點太遠,1200.0,94.0,,28,,,,,2026-07
2026-07-14,8016,矽創,半導體業,移出,離高點太遠,309.5,80.0,,13,,,,,2026-07
2026-07-14,3026,禾伸堂,電子工業,移出,離高點太遠,815.0,100.0,,13,,,,,2026-07
2026-07-14,3088,艾訊,電腦及週邊設備業,移出,掉出掃描母體,136.73,75.0,,11,,,,,2026-07
2026-07-14,6525,捷敏-KY,半導體業,移出,離高點太遠,181.5,92.0,,11,,,,,2026-07
2026-07-14,8150,南茂,電子工業,移出,離高點太遠,104.0,87.0,,8,,,,,2026-07
2026-07-14,4923,力士,半導體業,移出,離高點太遠,57.6,84.0,,8,,,,,2026-07
2026-07-14,2351,順德,電子工業,移出,離高點太遠,193.22,89.0,,8,,,,,2026-07
2026-07-14,2855,統一證,金融保險,移出,離高點太遠,46.65,84.0,,8,,,,,2026-07
2026-07-14,7827,漢康-KY,生技醫療業,移出,突破失敗,164.5,77.0,,5,,,,,2026-07
2026-07-15,8046,南電,電子工業,進榜,觸發,1415.0,99.0,4.0,0,-10.6,-2.5,,,2026-07
2026-07-15,8046,南電,電子工業,觸發,進榜即觸發,1415.0,99.0,4.0,0,-10.6,-2.5,,,2026-07
2026-07-15,3033,威健,電子工業,進榜,觸發,53.37,80.0,3.0,0,-5.7,-2.5,,,2026-07
2026-07-15,3033,威健,電子工業,觸發,進榜即觸發,53.37,80.0,3.0,0,-5.7,-2.5,,,2026-07
2026-07-15,4534,慶騰,電機機械,進榜,準備,38.5,88.0,3.0,0,-11.2,-2.5,,,2026-07
2026-07-15,2466,冠西電,光電業,進榜,準備,115.5,80.0,2.0,0,-18.6,-2.5,,,2026-07
2026-07-15,8096,擎亞,電子通路業,移出,離高點太遠,146.0,91.0,,30,,,,,2026-07
2026-07-16,6141,柏承,電子工業,進榜,觸發,43.75,98.0,3.0,0,-16.3,-2.4,,,2026-07
2026-07-16,6141,柏承,電子工業,觸發,進榜即觸發,43.75,98.0,3.0,0,-16.3,-2.4,,,2026-07
2026-07-16,4939,亞電,電子零組件業,進榜,觸發,66.8,84.0,5.0,0,-4.3,-2.4,,,2026-07
2026-07-16,4939,亞電,電子零組件業,觸發,進榜即觸發,66.8,84.0,5.0,0,-4.3,-2.4,,,2026-07
2026-07-16,5434,崇越,電子工業,進榜,觸發,596.0,83.0,2.0,0,-11.6,-2.4,,,2026-07
2026-07-16,5434,崇越,電子工業,觸發,進榜即觸發,596.0,83.0,2.0,0,-11.6,-2.4,,,2026-07
2026-07-16,6505,台塑化,油電燃氣業,進榜,觸發,80.0,77.0,6.0,0,-12.8,-2.4,,,2026-07
2026-07-16,6505,台塑化,油電燃氣業,觸發,進榜即觸發,80.0,77.0,6.0,0,-12.8,-2.4,,,2026-07
2026-07-16,4534,慶騰,電機機械,觸發,,42.35,93.0,,1,-21.8,-2.4,,,2026-07
2026-07-16,6182,合晶,半導體業,移出,突破失敗,166.0,100.0,,3,,,,,2026-07
2026-07-16,6829,千附精密,電機機械,移出,離高點太遠,231.5,84.0,,2,,,,,2026-07
2026-07-16,8046,南電,電子工業,移出,突破失敗,1275.0,99.0,,1,,,,,2026-07
2026-07-17,6243,迅杰,半導體業,進榜,準備,51.6,77.0,1.0,0,-9.3,0.0,,,2026-07
2026-07-17,6196,帆宣,其他電子業,移出,逾期,542.0,88.0,,56,,,,,2026-07
2026-07-17,3711,日月光投控,半導體業,移出,突破失敗,614.0,89.0,,25,,,,,2026-07
2026-07-17,1718,中纖,化學工業,移出,離高點太遠,13.65,91.0,,18,,,,,2026-07
2026-07-17,5483,中美晶,半導體業,移出,離高點太遠,232.98,91.0,,16,,,,,2026-07
2026-07-17,3055,蔚華科,電子通路業,移出,離高點太遠,163.0,94.0,,16,,,,,2026-07
2026-07-17,6488,環球晶,半導體業,移出,離高點太遠,1240.0,97.0,,15,,,,,2026-07
2026-07-17,6748,亞果生醫,生技醫療業,移出,離高點太遠,261.0,99.0,,11,,,,,2026-07
2026-07-17,8033,雷虎,其他,移出,離高點太遠,219.0,78.0,,9,,,,,2026-07
2026-07-17,5471,松翰,電子工業,移出,離高點太遠,55.9,81.0,,8,,,,,2026-07
2026-07-17,6538,倉和,電子零組件業,移出,離高點太遠,137.0,92.0,,4,,,,,2026-07
2026-07-17,3702,大聯大,電子工業,移出,掉出掃描母體,109.67,75.0,,4,,,,,2026-07
2026-07-17,2645,長榮航太,航運業,移出,離高點太遠,216.5,76.0,,4,,,,,2026-07
2026-07-17,3532,台勝科,半導體業,移出,離高點太遠,424.0,99.0,,3,,,,,2026-07
2026-07-17,3033,威健,電子工業,移出,掉出掃描母體,52.02,78.0,,2,,,,,2026-07
2026-07-17,4939,亞電,電子零組件業,移出,離高點太遠,60.2,81.0,,1,,,,,2026-07
2026-07-20,4707,磐亞,化學工業,移出,離高點太遠,35.3,99.0,,33,,,,,2026-07
2026-07-20,3374,精材,半導體業,移出,離高點太遠,345.5,94.0,,28,,,,,2026-07
2026-07-20,8091,翔名,電子零組件業,移出,掉出掃描母體,268.0,90.0,,11,,,,,2026-07
2026-07-20,8383,千附,其他電子類,移出,離高點太遠,80.2,88.0,,11,,,,,2026-07
2026-07-20,7610,聯友金屬,綠能環保,移出,離高點太遠,2170.0,100.0,,7,,,,,2026-07
2026-07-20,1303,南亞,塑膠工業,移出,離高點太遠,186.5,98.0,,7,,,,,2026-07
2026-07-20,4534,慶騰,電機機械,移出,離高點太遠,37.55,93.0,,5,,,,,2026-07
2026-07-20,6141,柏承,電子工業,移出,離高點太遠,37.7,97.0,,4,,,,,2026-07
2026-07-20,5434,崇越,電子工業,移出,突破失敗,544.0,85.0,,4,,,,,2026-07
2026-07-21,3577,泓格,電腦及週邊設備業,進榜,觸發,157.0,95.0,4.0,0,-23.2,-1.2,,,2026-07
2026-07-21,3577,泓格,電腦及週邊設備業,觸發,進榜即觸發,157.0,95.0,4.0,0,-23.2,-1.2,,,2026-07
2026-07-21,4939,亞電,電子零組件業,進榜,觸發,72.8,89.0,5.0,0,-17.4,-1.2,,,2026-07
2026-07-21,4939,亞電,電子零組件業,觸發,進榜即觸發,72.8,89.0,5.0,0,-17.4,-1.2,,,2026-07
2026-07-21,6414,樺漢,電子工業,進榜,觸發,445.5,81.0,2.0,0,-12.6,-1.2,,,2026-07
2026-07-21,6414,樺漢,電子工業,觸發,進榜即觸發,445.5,81.0,2.0,0,-12.6,-1.2,,,2026-07
2026-07-21,1709,和益,化學工業,進榜,準備,27.28,82.0,1.0,0,16.4,-1.2,,,2026-07
2026-07-22,3374,精材,半導體業,進榜,觸發,418.0,94.0,3.0,0,-28.5,-1.8,,,2026-07
2026-07-22,3374,精材,半導體業,觸發,進榜即觸發,418.0,94.0,3.0,0,-28.5,-1.8,,,2026-07
2026-07-22,3088,艾訊,電腦及週邊設備業,進榜,準備,144.57,85.0,2.0,0,-12.5,-1.8,,,2026-07
2026-07-23,6166,凌華,電腦及週邊設備業,進榜,觸發,159.5,95.0,3.0,0,-24.5,-0.8,,,2026-07
2026-07-23,6166,凌華,電腦及週邊設備業,觸發,進榜即觸發,159.5,95.0,3.0,0,-24.5,-0.8,,,2026-07
2026-07-23,6579,研揚,電子工業,進榜,觸發,183.5,84.0,4.0,0,-18.3,-0.8,,,2026-07
2026-07-23,6579,研揚,電子工業,觸發,進榜即觸發,183.5,84.0,4.0,0,-18.3,-0.8,,,2026-07
2026-07-23,3702,大聯大,電子工業,進榜,準備,117.4,82.0,3.0,0,-14.0,-0.8,,,2026-07
2026-07-23,6206,飛捷,電腦及週邊設備業,進榜,準備,130.0,71.0,1.0,0,9.6,-0.8,,,2026-07
2026-07-23,2466,冠西電,光電業,移出,離高點太遠,104.0,83.0,,8,,,,,2026-07
2026-07-23,6243,迅杰,半導體業,移出,掉出掃描母體,50.1,74.0,,6,,,,,2026-07
2026-07-24,2425,承啟,電子工業,進榜,準備,46.85,81.0,3.0,0,-19.9,0.0,,,2026-07
2026-07-24,3022,威強電,電子工業,進榜,準備,90.59,72.0,1.0,0,-0.4,0.0,,,2026-07
2026-07-24,1810,和成,玻璃陶瓷,移出,離高點太遠,28.6,81.0,,10,,,,,2026-07
2026-07-24,3577,泓格,電腦及週邊設備業,移出,離高點太遠,146.5,94.0,,3,,,,,2026-07
2026-07-24,4939,亞電,電子零組件業,移出,離高點太遠,62.7,84.0,,3,,,,,2026-07
2026-07-24,3374,精材,半導體業,移出,突破失敗,365.0,92.0,,2,,,,,2026-07
2026-07-27,2881,富邦金,金融保險,進榜,準備,130.0,78.0,3.0,0,1.5,-0.0,,,2026-07
2026-07-27,2850,新產,金融保險,進榜,準備,158.0,73.0,1.0,0,4.1,-0.0,,,2026-07
2026-07-27,2890,永豐金,金融保險,進榜,準備,39.6,73.0,2.0,0,-1.6,-0.0,,,2026-07
2026-07-27,6206,飛捷,電腦及週邊設備業,移出,掉出掃描母體,134.0,74.0,,4,,,,,2026-07
2026-07-27,8039,台虹,電子工業,移出,離高點太遠,216.0,95.0,,14,,,,,2026-07
2026-07-27,6505,台塑化,油電燃氣業,移出,離高點太遠,77.9,85.0,,11,,,,,2026-07
2026-07-28,2618,長榮航,航運業,進榜,準備,42.75,71.0,1.0,0,-1.3,2.0,,,2026-07
2026-07-28,2059,川湖,電子工業,移出,離高點太遠,7423.81,96.0,,50,,,,,2026-07
2026-07-28,6949,沛爾生醫-創,創新版股票,移出,離高點太遠,891.0,96.0,,41,,,,,2026-07
2026-07-28,6414,樺漢,電子工業,移出,離高點太遠,436.0,85.0,,7,,,,,2026-07
2026-07-28,3088,艾訊,電腦及週邊設備業,移出,掉出掃描母體,141.5,87.0,,6,,,,,2026-07
2026-07-28,3702,大聯大,電子工業,移出,掉出掃描母體,112.09,83.0,,5,,,,,2026-07
2026-07-28,6166,凌華,電腦及週邊設備業,移出,離高點太遠,137.0,96.0,,5,,,,,2026-07
2026-07-28,6579,研揚,電子工業,移出,突破失敗,162.5,83.0,,5,,,,,2026-07
2026-07-29,5904,寶雅,貿易百貨,進榜,準備,72.0,91.0,2.0,0,3.9,5.0,,,2026-07
2026-07-29,2880,華南金,金融保險,進榜,準備,40.09,77.0,2.0,0,-1.2,5.0,,,2026-07
2026-07-29,2886,兆豐金,金融保險,進榜,準備,48.11,73.0,1.0,0,-3.1,5.0,,,2026-07
2026-07-29,2867,三商壽,金融保險,進榜,準備,9.37,71.0,1.0,0,3.5,5.0,,,2026-07
2026-07-29,4904,遠傳,通信網路業,進榜,準備,106.5,70.0,1.0,0,-5.2,5.0,,,2026-07
2026-07-29,1709,和益,化學工業,移出,離高點太遠,23.3,82.0,,8,,,,,2026-07
2026-07-30,2884,玉山金,金融保險,進榜,準備,37.7,75.0,3.0,0,2.3,6.2,,,2026-07
2026-07-30,2892,第一金,金融保險,進榜,準備,34.18,75.0,1.0,0,-2.4,6.2,,,2026-07
2026-07-30,2801,彰銀,金融保險,進榜,準備,23.43,74.0,0.0,0,5.4,6.2,,,2026-07
2026-07-31,2347,聯強,電子工業,進榜,準備,93.7,82.0,1.0,0,-7.7,3.5,,,2026-07
2026-07-31,6214,精誠,資訊服務業,進榜,準備,154.0,80.0,3.0,0,17.5,3.5,,,2026-07
2026-07-31,2330,台積電,半導體業,進榜,準備,2425.0,75.0,3.0,0,-0.2,3.5,,,2026-07
2026-07-31,4904,遠傳,通信網路業,移出,掉出掃描母體,105.5,73.0,,2,,,,,2026-07
2026-08-03,3441,聯一光,光電業,進榜,觸發,92.4,99.0,3.0,0,47.2,2.1,,,2026-08
2026-08-03,3441,聯一光,光電業,觸發,進榜即觸發,92.4,99.0,3.0,0,47.2,2.1,,,2026-08
2026-08-03,6206,飛捷,電腦及週邊設備業,進榜,準備,133.5,80.0,1.0,0,3.4,2.1,,,2026-08
2026-08-03,2027,大成鋼,鋼鐵工業,進榜,準備,44.45,71.0,1.0,0,9.8,2.1,,,2026-08
2026-08-03,2884,玉山金,金融保險,移出,掉出掃描母體,38.65,72.0,,4,,,,,2026-08
2026-08-03,2892,第一金,金融保險,移出,掉出掃描母體,35.38,73.0,,4,,,,,2026-08
2026-08-03,2801,彰銀,金融保險,移出,掉出掃描母體,23.8,70.0,,4,,,,,2026-08
2026-08-03,2330,台積電,半導體業,移出,掉出掃描母體,2425.0,75.0,,3,,,,,2026-08
2026-08-04,2059,川湖,電子工業,進榜,觸發,9461.63,99.0,4.0,0,49.6,1.9,,,2026-08
2026-08-04,2059,川湖,電子工業,觸發,進榜即觸發,9461.63,99.0,4.0,0,49.6,1.9,,,2026-08
2026-08-04,2301,光寶科,電腦及週邊設備業,進榜,觸發,249.7,86.0,6.0,0,20.3,1.9,,,2026-08
2026-08-04,2301,光寶科,電腦及週邊設備業,觸發,進榜即觸發,249.7,86.0,6.0,0,20.3,1.9,,,2026-08
2026-08-04,2885,元大金,金融保險,進榜,準備,66.35,86.0,3.0,0,0.5,1.9,,,2026-08
2026-08-04,3034,聯詠,半導體業,進榜,準備,524.0,77.0,2.0,0,5.3,1.9,,,2026-08
2026-08-04,2618,長榮航,航運業,移出,掉出掃描母體,43.7,71.0,,7,,,,,2026-08
2026-08-04,2867,三商壽,金融保險,移出,掉出掃描母體,9.82,72.0,,6,,,,,2026-08
2026-08-04,2027,大成鋼,鋼鐵工業,移出,掉出掃描母體,44.45,71.0,,1,,,,,2026-08
2026-08-04,2886,兆豐金,金融保險,移出,掉出掃描母體,49.75,74.0,,6,,,,,2026-08
2026-08-05,3702,大聯大,電子工業,進榜,觸發,124.65,90.0,3.0,0,-18.2,0.9,,,2026-08
2026-08-05,3702,大聯大,電子工業,觸發,進榜即觸發,124.65,90.0,3.0,0,-18.2,0.9,,,2026-08
2026-08-05,3605,宏致,電子工業,進榜,觸發,100.06,77.0,6.0,0,26.9,0.9,,,2026-08
2026-08-05,3605,宏致,電子工業,觸發,進榜即觸發,100.06,77.0,6.0,0,26.9,0.9,,,2026-08
2026-08-05,8050,廣積,電腦及週邊設備業,進榜,準備,64.9,83.0,1.0,0,-13.1,0.9,,,2026-08
2026-08-05,1590,亞德客-KY,電機機械,進榜,準備,1510.0,72.0,3.0,0,-7.6,0.9,,,2026-08
2026-08-05,3213,茂訊,電腦及週邊設備業,進榜,準備,134.5,72.0,2.0,0,-5.6,0.9,,,2026-08
2026-08-05,2388,威盛,半導體業,進榜,準備,83.0,71.0,1.0,0,-8.0,0.9,,,2026-08
2026-08-06,3006,晶豪科,電子工業,進榜,觸發,258.0,87.0,5.0,0,,,,,2026-08
2026-08-06,3006,晶豪科,電子工業,觸發,進榜即觸發,258.0,87.0,5.0,0,,,,,2026-08
2026-08-06,2377,微星,電子工業,進榜,準備,149.58,83.0,1.0,0,,,,,2026-08
2026-08-06,3141,晶宏,半導體業,進榜,準備,78.4,83.0,3.0,0,,,,,2026-08
2026-08-06,2362,藍天,電子工業,進榜,準備,51.1,73.0,1.0,0,,,,,2026-08
2026-08-06,1590,亞德客-KY,電機機械,觸發,,1560.0,74.0,,1,,,,,2026-08
2026-08-06,6214,精誠,資訊服務業,移出,掉出掃描母體,153.0,72.0,,6,,,,,2026-08
2026-08-06,2388,威盛,半導體業,移出,掉出掃描母體,83.0,71.0,,1,,,,,2026-08
2026-08-07,2006,東和鋼鐵,鋼鐵工業,進榜,觸發,88.5,71.0,2.0,0,,,,,2026-08
2026-08-07,2006,東和鋼鐵,鋼鐵工業,觸發,進榜即觸發,88.5,71.0,2.0,0,,,,,2026-08
2026-08-07,1709,和益,化學工業,進榜,準備,26.99,86.0,2.0,0,,,,,2026-08
2026-08-07,2049,上銀,電機機械,進榜,準備,387.0,80.0,2.0,0,,,,,2026-08
2026-08-07,1904,正隆,造紙工業,進榜,準備,22.8,71.0,3.0,0,,,,,2026-08
2026-08-07,2425,承啟,電子工業,觸發,,52.9,92.0,,14,,,,,2026-08
2026-08-07,3441,聯一光,光電業,移出,突破失敗,84.4,96.0,,4,,,,,2026-08
2026-08-10,6213,聯茂,電子工業,進榜,觸發,427.5,99.0,4.0,0,,,,,2026-08
2026-08-10,6213,聯茂,電子工業,觸發,進榜即觸發,427.5,99.0,4.0,0,,,,,2026-08
2026-08-10,2408,南亞科,半導體業,進榜,觸發,502.0,91.0,5.0,0,,,,,2026-08
2026-08-10,2408,南亞科,半導體業,觸發,進榜即觸發,502.0,91.0,5.0,0,,,,,2026-08
2026-08-10,5351,鈺創,半導體業,進榜,觸發,114.0,91.0,6.0,0,,,,,2026-08
2026-08-10,5351,鈺創,半導體業,觸發,進榜即觸發,114.0,91.0,6.0,0,,,,,2026-08
2026-08-10,2465,麗臺,電腦及週邊設備業,進榜,觸發,93.6,78.0,2.0,0,,,,,2026-08
2026-08-10,2465,麗臺,電腦及週邊設備業,觸發,進榜即觸發,93.6,78.0,2.0,0,,,,,2026-08
2026-08-10,2103,台橡,橡膠工業,進榜,準備,27.5,87.0,3.0,0,,,,,2026-08
2026-08-10,2376,技嘉,電子工業,進榜,準備,349.5,72.0,3.0,0,,,,,2026-08
2026-08-10,3704,合勤控,通信網路業,進榜,準備,50.4,72.0,2.0,0,,,,,2026-08
2026-08-10,3022,威強電,電子工業,觸發,,108.9,89.0,,17,,,,,2026-08
2026-08-10,5904,寶雅,貿易百貨,觸發,,79.2,93.0,,12,,,,,2026-08
2026-08-10,6206,飛捷,電腦及週邊設備業,觸發,,158.0,86.0,,7,,,,,2026-08
2026-08-10,2362,藍天,電子工業,移出,掉出掃描母體,50.5,74.0,,4,,,,,2026-08
2026-08-10,2347,聯強,電子工業,移出,掉出掃描母體,93.4,75.0,,10,,,,,2026-08
2026-08-10,2006,東和鋼鐵,鋼鐵工業,移出,掉出掃描母體,88.5,71.0,,3,,,,,2026-08
2026-08-11,6446,藥華藥,生技醫療業,進榜,觸發,1460.0,98.0,3.0,0,,,,,2026-08
2026-08-11,6446,藥華藥,生技醫療業,觸發,進榜即觸發,1460.0,98.0,3.0,0,,,,,2026-08
2026-08-11,6227,茂綸,電子通路業,進榜,準備,126.03,77.0,2.0,0,,,,,2026-08
2026-08-11,2891,中信金,金融保險,進榜,準備,66.8,72.0,2.0,0,,,,,2026-08
2026-08-11,1904,正隆,造紙工業,觸發,,24.5,78.0,,4,,,,,2026-08
2026-08-11,2049,上銀,電機機械,移出,掉出掃描母體,387.0,72.0,,4,,,,,2026-08
2026-08-11,3704,合勤控,通信網路業,移出,掉出掃描母體,50.4,72.0,,1,,,,,2026-08
2026-08-12,3081,聯亞,通信網路業,進榜,觸發,2725.0,96.0,3.0,0,,,,,2026-08
2026-08-12,3081,聯亞,通信網路業,觸發,進榜即觸發,2725.0,96.0,3.0,0,,,,,2026-08
2026-08-12,6538,倉和,電子零組件業,進榜,準備,161.5,97.0,2.0,0,,,,,2026-08
2026-08-12,2377,微星,電子工業,觸發,,164.15,89.0,,6,,,,,2026-08
2026-08-12,2891,中信金,金融保險,移出,掉出掃描母體,66.8,72.0,,1,,,,,2026-08
2026-08-12,2425,承啟,電子工業,移出,掉出掃描母體,45.95,81.0,,19,,,,,2026-08
2026-08-12,2880,華南金,金融保險,移出,掉出掃描母體,41.87,71.0,,14,,,,,2026-08
2026-08-12,8050,廣積,電腦及週邊設備業,移出,離高點太遠,58.8,72.0,,7,,,,,2026-08
2026-08-13,6716,應廣,半導體業,進榜,準備,117.5,89.0,3.0,0,,,,,2026-08
2026-08-13,2851,中再保,金融保險,進榜,準備,37.85,73.0,2.0,0,,,,,2026-08
2026-08-13,6214,精誠,資訊服務業,進榜,準備,156.5,72.0,2.0,0,,,,,2026-08
2026-08-13,1590,亞德客-KY,電機機械,移出,掉出掃描母體,1595.0,74.0,,8,,,,,2026-08
2026-08-13,3006,晶豪科,電子工業,移出,掉出掃描母體,274.0,77.0,,7,,,,,2026-08
2026-08-13,1904,正隆,造紙工業,移出,掉出掃描母體,25.15,74.0,,6,,,,,2026-08
2026-08-13,3022,威強電,電子工業,移出,離高點太遠,94.54,79.0,,20,,,,,2026-08
2026-08-13,3034,聯詠,半導體業,移出,掉出掃描母體,537.0,70.0,,9,,,,,2026-08
2026-08-13,6227,茂綸,電子通路業,移出,掉出掃描母體,120.73,71.0,,2,,,,,2026-08
2026-08-14,3498,陽程,其他電子類,進榜,觸發,158.0,96.0,3.0,0,,,,,2026-08
2026-08-14,3498,陽程,其他電子類,觸發,進榜即觸發,158.0,96.0,3.0,0,,,,,2026-08
2026-08-14,2324,仁寶,電子工業,進榜,觸發,43.2,74.0,2.0,0,,,,,2026-08
2026-08-14,2324,仁寶,電子工業,觸發,進榜即觸發,43.2,74.0,2.0,0,,,,,2026-08
2026-08-14,3037,欣興,電子工業,進榜,準備,1020.0,95.0,3.0,0,,,,,2026-08
2026-08-14,3490,單井,光電業,進榜,準備,39.65,78.0,2.0,0,,,,,2026-08
2026-08-14,3702,大聯大,電子工業,移出,突破失敗,111.12,78.0,,9,,,,,2026-08
2026-08-14,3141,晶宏,半導體業,移出,掉出掃描母體,75.6,76.0,,8,,,,,2026-08
2026-08-14,3081,聯亞,通信網路業,移出,離高點太遠,2540.0,95.0,,2,,,,,2026-08
2026-08-17,3234,光環,通信網路業,進榜,觸發,142.93,96.0,4.0,0,,,,,2026-08
2026-08-17,3234,光環,通信網路業,觸發,進榜即觸發,142.93,96.0,4.0,0,,,,,2026-08
2026-08-17,6187,萬潤,其他電子類,進榜,準備,1385.0,99.0,2.0,0,,,,,2026-08
2026-08-17,3081,聯亞,通信網路業,進榜,準備,2790.0,95.0,3.0,0,,,,,2026-08
2026-08-17,3008,大立光,光電業,進榜,準備,5070.0,93.0,3.0,0,,,,,2026-08
2026-08-17,6419,京晨科,光電業,進榜,準備,180.0,93.0,2.0,0,,,,,2026-08
2026-08-17,2881,富邦金,金融保險,移出,掉出掃描母體,129.5,75.0,,21,,,,,2026-08
2026-08-17,5904,寶雅,貿易百貨,移出,離高點太遠,76.5,89.0,,19,,,,,2026-08
2026-08-17,3213,茂訊,電腦及週邊設備業,移出,掉出掃描母體,136.0,71.0,,12,,,,,2026-08
2026-08-18,2615,萬海,航運業,進榜,準備,105.0,77.0,2.0,0,,,,,2026-08
2026-08-18,2881,富邦金,金融保險,進榜,準備,129.5,77.0,3.0,0,,,,,2026-08
2026-08-18,2603,長榮,航運業,進榜,準備,238.0,72.0,3.0,0,,,,,2026-08
2026-08-18,3490,單井,光電業,觸發,,44.5,85.0,,4,,,,,2026-08
2026-08-18,6419,京晨科,光電業,移出,離高點太遠,163.5,91.0,,1,,,,,2026-08
2026-08-18,2376,技嘉,電子工業,移出,晚期未觸發,348.0,78.0,,8,,,,,2026-08
2026-08-18,2465,麗臺,電腦及週邊設備業,移出,離高點太遠,86.2,78.0,,8,,,,,2026-08
2026-08-19,2637,慧洋-KY,航運業,進榜,準備,91.8,73.0,1.0,0,,,,,2026-08
2026-08-19,2027,大成鋼,鋼鐵工業,進榜,準備,50.0,71.0,1.0,0,,,,,2026-08
2026-08-19,2603,長榮,航運業,移出,掉出掃描母體,238.0,72.0,,1,,,,,2026-08
2026-08-19,2885,元大金,金融保險,移出,掉出掃描母體,64.0,81.0,,15,,,,,2026-08
2026-08-19,2377,微星,電子工業,移出,離高點太遠,142.3,82.0,,13,,,,,2026-08
2026-08-19,2324,仁寶,電子工業,移出,離高點太遠,39.3,72.0,,5,,,,,2026-08
2026-08-19,3081,聯亞,通信網路業,移出,晚期未觸發,2680.0,95.0,,2,,,,,2026-08
2026-08-20,3441,聯一光,光電業,進榜,觸發,97.3,97.0,3.0,0,,,,,2026-08
2026-08-20,3441,聯一光,光電業,觸發,進榜即觸發,97.3,97.0,3.0,0,,,,,2026-08
2026-08-20,1904,正隆,造紙工業,進榜,準備,25.5,76.0,3.0,0,,,,,2026-08
2026-08-20,2603,長榮,航運業,進榜,準備,246.0,70.0,3.0,0,,,,,2026-08
2026-08-20,2851,中再保,金融保險,觸發,,44.2,84.0,,7,,,,,2026-08
2026-08-20,2615,萬海,航運業,觸發,,113.5,83.0,,2,,,,,2026-08
2026-08-20,2850,新產,金融保險,觸發,,166.0,77.0,,24,,,,,2026-08
2026-08-20,3605,宏致,電子工業,移出,離高點太遠,110.0,88.0,,15,,,,,2026-08
2026-08-20,5351,鈺創,半導體業,移出,離高點太遠,118.0,94.0,,10,,,,,2026-08
2026-08-21,6141,柏承,電子工業,進榜,準備,45.4,99.0,3.0,0,,,,,2026-08
2026-08-21,6187,萬潤,其他電子類,移出,離高點太遠,1195.0,97.0,,4,,,,,2026-08
2026-08-24,6716,應廣,半導體業,移出,晚期未觸發,122.5,88.0,,11,,,,,2026-08
2026-08-25,2426,鼎元,光電業,進榜,觸發,90.8,99.0,3.0,0,,,,,2026-08
2026-08-25,2426,鼎元,光電業,觸發,進榜即觸發,90.8,99.0,3.0,0,,,,,2026-08
2026-08-25,6949,沛爾生醫-創,創新版股票,進榜,觸發,1355.0,95.0,5.0,0,,,,,2026-08
2026-08-25,6949,沛爾生醫-創,創新版股票,觸發,進榜即觸發,1355.0,95.0,5.0,0,,,,,2026-08
2026-08-25,4939,亞電,電子零組件業,進榜,觸發,71.7,94.0,6.0,0,,,,,2026-08
2026-08-25,4939,亞電,電子零組件業,觸發,進榜即觸發,71.7,94.0,6.0,0,,,,,2026-08
2026-08-25,6547,高端疫苗,生技醫療業,進榜,準備,56.3,80.0,2.0,0,,,,,2026-08
2026-08-25,1563,巧新,電機機械,進榜,準備,65.1,79.0,3.0,0,,,,,2026-08
2026-08-25,3034,聯詠,半導體業,進榜,準備,555.0,78.0,2.0,0,,,,,2026-08
2026-08-25,2882,國泰金,金融保險,進榜,準備,103.0,72.0,3.0,0,,,,,2026-08
2026-08-26,8039,台虹,電子工業,進榜,觸發,320.5,99.0,6.0,0,,,,,2026-08
2026-08-26,8039,台虹,電子工業,觸發,進榜即觸發,320.5,99.0,6.0,0,,,,,2026-08
2026-08-26,6226,光鼎,光電業,進榜,觸發,28.15,98.0,5.0,0,,,,,2026-08
2026-08-26,6226,光鼎,光電業,觸發,進榜即觸發,28.15,98.0,5.0,0,,,,,2026-08
2026-08-26,3081,聯亞,通信網路業,進榜,觸發,3255.0,97.0,3.0,0,,,,,2026-08
2026-08-26,3081,聯亞,通信網路業,觸發,進榜即觸發,3255.0,97.0,3.0,0,,,,,2026-08
2026-08-26,2351,順德,電子工業,進榜,觸發,219.0,93.0,2.0,0,,,,,2026-08
2026-08-26,2351,順德,電子工業,觸發,進榜即觸發,219.0,93.0,2.0,0,,,,,2026-08
2026-08-26,7427,華上生醫,生技醫療業,進榜,準備,75.3,95.0,3.0,0,,,,,2026-08
2026-08-26,6141,柏承,電子工業,觸發,,50.4,99.0,,5,,,,,2026-08
2026-08-26,6547,高端疫苗,生技醫療業,觸發,,61.9,86.0,,1,,,,,2026-08
2026-08-26,1709,和益,化學工業,觸發,,36.01,95.0,,19,,,,,2026-08
2026-08-26,2882,國泰金,金融保險,移出,掉出掃描母體,103.0,72.0,,1,,,,,2026-08
2026-08-26,2637,慧洋-KY,航運業,移出,離高點太遠,91.2,70.0,,7,,,,,2026-08
2026-08-26,2603,長榮,航運業,移出,掉出掃描母體,246.0,75.0,,6,,,,,2026-08
2026-08-27,3406,玉晶光,光電業,進榜,觸發,834.0,92.0,4.0,0,,,,,2026-08
2026-08-27,3406,玉晶光,光電業,觸發,進榜即觸發,834.0,92.0,4.0,0,,,,,2026-08
2026-08-27,3504,揚明光,光電業,進榜,觸發,94.1,79.0,3.0,0,,,,,2026-08
2026-08-27,3504,揚明光,光電業,觸發,進榜即觸發,94.1,79.0,3.0,0,,,,,2026-08
2026-08-27,6187,萬潤,其他電子類,進榜,準備,1430.0,97.0,2.0,0,,,,,2026-08
2026-08-27,2615,萬海,航運業,移出,離高點太遠,113.5,85.0,,9,,,,,2026-08
2026-08-27,2027,大成鋼,鋼鐵工業,移出,掉出掃描母體,50.0,72.0,,8,,,,,2026-08
2026-08-28,3450,聯鈞,其他電子業,進榜,觸發,635.0,93.0,3.0,0,,,,,2026-08
2026-08-28,3450,聯鈞,其他電子業,觸發,進榜即觸發,635.0,93.0,3.0,0,,,,,2026-08
2026-08-28,7788,松川精密,電子零組件業,進榜,觸發,327.5,91.0,5.0,0,,,,,2026-08
2026-08-28,7788,松川精密,電子零組件業,觸發,進榜即觸發,327.5,91.0,5.0,0,,,,,2026-08
2026-08-28,3374,精材,半導體業,進榜,準備,386.0,93.0,3.0,0,,,,,2026-08
2026-08-28,2882,國泰金,金融保險,進榜,準備,105.5,76.0,3.0,0,,,,,2026-08
2026-08-28,3003,健和興,電子工業,進榜,準備,72.1,74.0,3.0,0,,,,,2026-08
2026-08-31,1303,南亞,塑膠工業,進榜,觸發,242.5,98.0,6.0,0,,,,,2026-08
2026-08-31,1303,南亞,塑膠工業,觸發,進榜即觸發,242.5,98.0,6.0,0,,,,,2026-08
2026-08-31,6782,視陽,生技醫療業,進榜,觸發,254.5,80.0,4.0,0,,,,,2026-08
2026-08-31,6782,視陽,生技醫療業,觸發,進榜即觸發,254.5,80.0,4.0,0,,,,,2026-08
2026-08-31,6491,晶碩,生技醫療業,進榜,觸發,399.5,77.0,2.0,0,,,,,2026-08
2026-08-31,6491,晶碩,生技醫療業,觸發,進榜即觸發,399.5,77.0,2.0,0,,,,,2026-08
2026-08-31,1301,台塑,塑膠工業,進榜,觸發,66.2,75.0,6.0,0,,,,,2026-08
2026-08-31,1301,台塑,塑膠工業,觸發,進榜即觸發,66.2,75.0,6.0,0,,,,,2026-08
2026-08-31,2892,第一金,金融保險,進榜,觸發,35.3,71.0,1.0,0,,,,,2026-08
2026-08-31,2892,第一金,金融保險,觸發,進榜即觸發,35.3,71.0,1.0,0,,,,,2026-08
2026-08-31,2801,彰銀,金融保險,進榜,觸發,25.15,70.0,0.0,0,,,,,2026-08
2026-08-31,2801,彰銀,金融保險,觸發,進榜即觸發,25.15,70.0,0.0,0,,,,,2026-08
2026-08-31,3141,晶宏,半導體業,進榜,準備,82.3,79.0,3.0,0,,,,,2026-08
2026-08-31,6913,鴻呈,電子零組件業,進榜,準備,166.0,77.0,1.0,0,,,,,2026-08
2026-08-31,2883,凱基金,金融保險,觸發,,33.85,87.0,,55,,,,,2026-08
2026-08-31,2890,永豐金,金融保險,觸發,,41.1,77.0,,35,,,,,2026-08
2026-08-31,6446,藥華藥,生技醫療業,移出,離高點太遠,1395.0,94.0,,20,,,,,2026-08
2026-08-31,3037,欣興,電子工業,移出,離高點太遠,999.0,89.0,,17,,,,,2026-08
2026-08-31,3490,單井,光電業,移出,離高點太遠,45.5,88.0,,17,,,,,2026-08
2026-09-01,6933,AMAX-KY,電子工業,進榜,觸發,314.5,95.0,2.0,0,,,,,2026-09
2026-09-01,6933,AMAX-KY,電子工業,觸發,進榜即觸發,314.5,95.0,2.0,0,,,,,2026-09
2026-09-01,2455,全新,通信網路業,進榜,觸發,524.0,92.0,5.0,0,,,,,2026-09
2026-09-01,2455,全新,通信網路業,觸發,進榜即觸發,524.0,92.0,5.0,0,,,,,2026-09
2026-09-01,6669,緯穎,電子工業,進榜,觸發,7800.0,90.0,6.0,0,,,,,2026-09
2026-09-01,6669,緯穎,電子工業,觸發,進榜即觸發,7800.0,90.0,6.0,0,,,,,2026-09
2026-09-01,2885,元大金,金融保險,進榜,準備,66.7,78.0,3.0,0,,,,,2026-09
2026-09-01,2887,台新新光金,金融保險,觸發,,40.3,89.0,,54,,,,,2026-09
2026-09-01,3141,晶宏,半導體業,觸發,,90.5,86.0,,1,,,,,2026-09
2026-09-01,3504,揚明光,光電業,移出,掉出掃描母體,90.3,74.0,,5,,,,,2026-09
2026-09-01,3003,健和興,電子工業,移出,掉出掃描母體,69.0,72.0,,4,,,,,2026-09
2026-09-02,3362,先進光,光電業,進榜,準備,210.0,92.0,1.0,0,,,,,2026-09
2026-09-02,2465,麗臺,電腦及週邊設備業,進榜,準備,105.0,90.0,3.0,0,,,,,2026-09
2026-09-02,2486,一詮,光電業,進榜,準備,288.0,89.0,2.0,0,,,,,2026-09
2026-09-02,3504,揚明光,光電業,進榜,準備,94.3,74.0,3.0,0,,,,,2026-09
2026-09-02,2801,彰銀,金融保險,移出,掉出掃描母體,25.2,70.0,,2,,,,,2026-09
2026-09-02,6913,鴻呈,電子零組件業,移出,掉出掃描母體,162.5,74.0,,2,,,,,2026-09
2026-09-02,2892,第一金,金融保險,移出,掉出掃描母體,35.9,70.0,,2,,,,,2026-09
2026-09-02,6669,緯穎,電子工業,移出,掉出掃描母體,7800.0,90.0,,1,,,,,2026-09
