日期,代號,名稱,產業,事件,原因,收盤,RS,底部序,在榜天數,樞紐,報酬20D,基準20D,報酬60D,基準60D,報酬120D,基準120D,報酬180D,基準180D,次日開盤,跳空%,報酬20D開,基準20D開,報酬60D開,基準60D開,報酬120D開,基準120D開,報酬180D開,基準180D開,月
2016-06-04,9911,櫻花,其他,進榜,觸發,17.45,94.0,1.0,0,,7.2,1.0,32.4,4.4,17.3,1.9,,,17.2,-1.7,9.0,0.9,34.6,4.1,19.3,1.6,,,2016-06
2016-06-04,9911,櫻花,其他,觸發,進榜即觸發,17.45,94.0,1.0,0,17.45,7.2,1.0,32.4,4.4,17.3,1.9,,,17.2,-1.7,9.0,0.9,34.6,4.1,19.3,1.6,,,2016-06
2016-06-04,4534,慶騰,電機機械,進榜,準備,28.45,100.0,2.0,0,,10.9,1.0,3.8,4.4,-4.6,1.9,,,29.1,2.1,8.6,0.9,1.7,4.1,-6.6,1.6,,,2016-06
2016-06-04,1592,英瑞-KY,汽車工業,進榜,準備,49.64,99.0,2.0,0,,-13.3,1.0,13.7,4.4,-14.9,1.9,,,51.1,3.0,-15.9,0.9,10.4,4.1,-17.3,1.6,,,2016-06
2016-06-04,4916,事欣科,電腦及週邊設備業,進榜,準備,33.32,99.0,2.0,0,,0.4,1.0,-14.1,4.4,-27.0,1.9,,,35.8,7.5,-6.6,0.9,-20.1,4.1,-32.1,1.6,,,2016-06
2016-06-04,3548,兆利,電子零組件業,進榜,準備,39.44,97.0,3.0,0,,-6.7,1.0,22.0,4.4,3.4,1.9,,,39.8,1.0,-7.5,0.9,20.9,4.1,2.5,1.6,,,2016-06
2016-06-04,3527,聚積,半導體業,進榜,準備,44.99,96.0,1.0,0,,-0.4,1.0,3.4,4.4,1.2,1.9,,,45.6,1.4,-1.7,0.9,2.0,4.1,-0.1,1.6,,,2016-06
2016-06-04,2345,智邦,通信網路業,進榜,準備,33.22,94.0,3.0,0,,7.6,1.0,17.6,4.4,3.7,1.9,,,33.5,0.8,6.7,0.9,16.7,4.1,2.9,1.6,,,2016-06
2016-06-04,1590,亞德客-KY,電機機械,進榜,準備,182.93,92.0,2.0,0,,10.1,1.0,6.2,4.4,8.7,1.9,,,184.1,0.7,9.4,0.9,5.5,4.1,7.9,1.6,,,2016-06
2016-06-04,6187,萬潤,其他電子類,進榜,準備,41.35,92.0,2.0,0,,11.1,1.0,-1.8,4.4,-18.0,1.9,,,41.3,-0.2,11.3,0.9,-1.6,4.1,-17.8,1.6,,,2016-06
2016-06-04,1215,卜蜂,食品工業,進榜,準備,17.91,91.0,2.0,0,,22.5,1.0,24.4,4.4,48.3,1.9,,,18.1,0.9,21.4,0.9,23.3,4.1,46.9,1.6,,,2016-06
2016-06-04,6446,藥華藥,生技醫療業,進榜,準備,151.97,90.0,3.0,0,,2.9,1.0,-15.7,4.4,-2.8,1.9,,,152.6,0.4,2.4,0.9,-16.0,4.1,-3.2,1.6,,,2016-06
2016-06-04,4746,台耀,化學生技醫療,進榜,準備,71.28,88.0,3.0,0,,13.1,1.0,5.3,4.4,-9.1,1.9,,,71.6,0.5,12.5,0.9,4.8,4.1,-9.5,1.6,,,2016-06
2016-06-04,5534,長虹,建材營造,進榜,準備,27.65,87.0,1.0,0,,4.0,1.0,-7.6,4.4,3.8,1.9,,,27.7,0.2,3.9,0.9,-7.7,4.1,3.6,1.6,,,2016-06
2016-06-04,1262,綠悅-KY,其他,進榜,準備,138.86,86.0,1.0,0,,-2.2,1.0,-11.3,4.4,-4.3,1.9,,,140.6,1.3,-3.4,0.9,-12.4,4.1,-5.5,1.6,,,2016-06
2016-06-04,1323,永裕,塑膠工業,進榜,準備,21.13,86.0,3.0,0,,-2.5,1.0,1.6,4.4,7.9,1.9,,,21.2,0.3,-2.8,0.9,1.3,4.1,7.6,1.6,,,2016-06
2016-06-04,1210,大成,食品工業,進榜,準備,13.57,85.0,2.0,0,,12.5,1.0,6.3,4.4,18.3,1.9,,,13.6,0.2,12.3,0.9,6.1,4.1,18.1,1.6,,,2016-06
2016-06-04,4991,環宇-KY,半導體業,進榜,準備,73.1,84.0,2.0,0,,-6.7,1.0,-18.1,4.4,-15.6,1.9,,,72.5,-0.8,-5.9,0.9,-17.4,4.1,-14.9,1.6,,,2016-06
2016-06-04,2489,瑞軒,光電業,進榜,準備,15.17,83.0,1.0,0,,8.8,1.0,29.5,4.4,19.4,1.9,,,15.1,-0.5,9.4,0.9,30.2,4.1,20.0,1.6,,,2016-06
2016-06-04,6290,良維,電子零組件業,進榜,準備,21.08,83.0,3.0,0,,-2.2,1.0,-10.8,4.4,-11.9,1.9,,,21.1,0.3,-2.4,0.9,-11.1,4.1,-12.2,1.6,,,2016-06
2016-06-04,1563,巧新,電機機械,進榜,準備,142.4,82.0,1.0,0,,10.8,1.0,30.4,4.4,16.2,1.9,,,143.7,0.9,9.8,0.9,29.2,4.1,15.2,1.6,,,2016-06
2016-06-04,2360,致茂,其他電子業,進榜,準備,58.43,81.0,2.0,0,,0.3,1.0,8.4,4.4,2.3,1.9,,,59.0,1.0,-0.8,0.9,7.3,4.1,1.3,1.6,,,2016-06
2016-06-04,5347,世界,半導體業,進榜,準備,32.76,80.0,3.0,0,,3.9,1.0,15.9,4.4,15.3,1.9,,,32.9,0.6,3.3,0.9,15.3,4.1,14.7,1.6,,,2016-06
2016-06-04,8437,大地-KY,其他,進榜,準備,92.71,79.0,2.0,0,,8.4,1.0,12.8,4.4,11.0,1.9,,,92.7,0.0,8.4,0.9,12.8,4.1,11.0,1.6,,,2016-06
2016-06-04,2301,光寶科,電腦及週邊設備業,進榜,準備,22.38,77.0,1.0,0,,10.7,1.0,21.0,4.4,24.3,1.9,,,22.5,0.5,10.1,0.9,20.5,4.1,23.7,1.6,,,2016-06
2016-06-04,2634,漢翔,航運業,進榜,準備,33.48,75.0,1.0,0,,-5.0,1.0,-0.3,4.4,-9.2,1.9,,,33.5,0.0,-5.0,0.9,-0.3,4.1,-9.2,1.6,,,2016-06
2016-06-04,3231,緯創,電子工業,進榜,準備,11.15,74.0,2.0,0,,9.1,1.0,21.5,4.4,18.6,1.9,,,11.1,0.0,9.1,0.9,21.5,4.1,18.6,1.6,,,2016-06
2016-06-04,2912,統一超,貿易百貨,進榜,準備,166.91,72.0,1.0,0,,0.6,1.0,4.1,4.4,-1.1,1.9,,,167.2,0.2,0.4,0.9,3.9,4.1,-1.3,1.6,,,2016-06
2016-06-04,3702,大聯大,電子工業,進榜,準備,21.34,70.0,1.0,0,,0.9,1.0,8.3,4.4,11.3,1.9,,,21.3,0.0,0.9,0.9,8.3,4.1,11.3,1.6,,,2016-06
2016-06-06,4126,太醫,生技醫療業,進榜,準備,65.92,94.0,3.0,0,,-6.6,0.7,-17.5,4.3,-28.8,2.5,,,66.5,0.8,-7.4,0.4,-18.2,4.0,-29.4,2.3,,,2016-06
2016-06-06,8210,勤誠,電子工業,進榜,準備,35.37,91.0,2.0,0,,4.7,0.7,2.0,4.3,-2.9,2.5,,,37.3,5.5,-0.8,0.4,-3.4,4.0,-8.0,2.3,,,2016-06
2016-06-06,2449,京元電子,半導體業,進榜,準備,17.33,90.0,1.0,0,,-6.3,0.7,-0.3,4.3,-8.9,2.5,,,17.4,0.3,-6.6,0.4,-0.6,4.0,-9.2,2.3,,,2016-06
2016-06-06,3105,穩懋,半導體業,進榜,準備,71.63,81.0,2.0,0,,-6.1,0.7,-3.0,4.3,1.7,2.5,,,71.2,-0.6,-5.5,0.4,-2.4,4.0,2.3,2.3,,,2016-06
2016-06-06,3587,閎康,其他電子類,進榜,準備,52.05,81.0,3.0,0,,16.9,0.7,9.4,4.3,2.0,2.5,,,52.8,1.4,15.3,0.4,7.9,4.0,0.6,2.3,,,2016-06
2016-06-06,2325,矽品,半導體業,進榜,準備,47.39,74.0,2.0,0,,-2.2,0.7,-5.2,4.3,-1.7,2.5,,,47.5,0.2,-2.4,0.4,-5.4,4.0,-1.9,2.3,,,2016-06
2016-06-06,3624,光頡,電子零組件業,進榜,準備,19.17,71.0,2.0,0,,-7.9,0.7,-10.3,4.3,-21.0,2.5,,,19.2,0.2,-8.1,0.4,-10.4,4.0,-21.1,2.3,,,2016-06
2016-06-07,2377,微星,電子工業,進榜,準備,31.51,80.0,2.0,0,,12.8,0.6,51.1,3.2,63.4,2.4,,,31.3,-0.6,13.5,0.4,51.9,3.0,64.3,2.0,,,2016-06
2016-06-07,2351,順德,電子工業,進榜,準備,25.91,79.0,2.0,0,,1.4,0.6,17.7,3.2,20.8,2.4,,,25.8,-0.6,1.9,0.4,18.4,3.0,21.5,2.0,,,2016-06
2016-06-07,3042,晶技,電子工業,進榜,準備,24.79,79.0,1.0,0,,0.9,0.6,-4.2,3.2,-1.6,2.4,,,25.1,1.3,-0.4,0.4,-5.4,3.0,-2.9,2.0,,,2016-06
2016-06-07,1565,精華,生技醫療業,進榜,準備,436.94,75.0,2.0,0,,3.6,0.6,11.2,3.2,-12.7,2.4,,,435.1,-0.4,4.1,0.4,11.7,3.0,-12.4,2.0,,,2016-06
2016-06-07,1326,台化,塑膠工業,進榜,準備,54.72,70.0,2.0,0,,-3.8,0.6,1.2,3.2,23.0,2.4,,,54.6,-0.2,-3.6,0.4,1.5,3.0,23.3,2.0,,,2016-06
2016-06-07,3702,大聯大,電子工業,觸發,等待後觸發,21.66,72.0,1.0,3,21.37,0.7,0.6,4.4,3.2,12.1,2.4,,,21.7,0.0,0.7,0.4,4.4,3.0,12.1,2.0,,,2016-06
2016-06-07,2912,統一超,貿易百貨,移出,掉出掃描母體,165.91,73.0,,3,,,,,,,,,,,,,,,,,,,,2016-06
2016-06-07,3624,光頡,電子零組件業,移出,掉出掃描母體,19.17,71.0,,1,,,,,,,,,,,,,,,,,,,,2016-06
2016-06-07,2634,漢翔,航運業,移出,掉出掃描母體,32.94,72.0,,3,,,,,,,,,,,,,,,,,,,,2016-06
2016-06-08,3289,宜特,其他電子類,進榜,觸發,78.83,87.0,4.0,0,,-4.0,0.7,-14.0,3.7,-12.8,2.1,,,77.2,-2.0,-2.1,1.3,-12.3,4.3,-11.0,2.6,,,2016-06
2016-06-08,3289,宜特,其他電子類,觸發,進榜即觸發,78.83,87.0,4.0,0,78.83,-4.0,0.7,-14.0,3.7,-12.8,2.1,,,77.2,-2.0,-2.1,1.3,-12.3,4.3,-11.0,2.6,,,2016-06
2016-06-08,3078,僑威,電子零組件業,進榜,觸發,13.31,83.0,3.0,0,,25.4,0.7,20.4,3.7,17.0,2.1,,,13.3,-0.4,25.9,1.3,20.9,4.3,17.5,2.6,,,2016-06
2016-06-08,3078,僑威,電子零組件業,觸發,進榜即觸發,13.31,83.0,3.0,0,13.31,25.4,0.7,20.4,3.7,17.0,2.1,,,13.3,-0.4,25.9,1.3,20.9,4.3,17.5,2.6,,,2016-06
2016-06-08,4551,智伸科,汽車工業,進榜,準備,77.72,91.0,2.0,0,,9.3,0.7,36.0,3.7,14.5,2.1,,,77.0,-0.9,10.4,1.3,37.3,4.3,15.6,2.6,,,2016-06
2016-06-08,2545,皇翔,建材營造,進榜,準備,14.46,85.0,1.0,0,,11.3,0.7,19.3,3.7,22.2,2.1,,,14.4,-0.4,11.8,1.3,19.9,4.3,22.7,2.6,,,2016-06
2016-06-08,2105,正新,橡膠工業,進榜,準備,44.15,79.0,1.0,0,,-1.9,0.7,4.9,3.7,-6.4,2.1,,,43.6,-1.3,-0.6,1.3,6.3,4.3,-5.1,2.6,,,2016-06
2016-06-08,3023,信邦,電子零組件業,進榜,準備,49.43,79.0,2.0,0,,-2.2,0.7,1.6,3.7,-6.2,2.1,,,49.4,0.0,-2.2,1.3,1.6,4.3,-6.2,2.6,,,2016-06
2016-06-08,3624,光頡,電子零組件業,進榜,準備,19.24,72.0,2.0,0,,-8.2,0.7,-11.4,3.7,-21.0,2.1,,,19.3,0.4,-8.5,1.3,-11.7,4.3,-21.3,2.6,,,2016-06
2016-06-08,6446,藥華藥,生技醫療業,觸發,等待後觸發,157.82,77.0,3.0,4,153.69,-3.0,0.7,-20.3,3.7,-7.2,2.1,,,154.2,-2.3,-0.7,1.3,-18.4,4.3,-5.0,2.6,,,2016-06
2016-06-08,1326,台化,塑膠工業,移出,掉出掃描母體,54.72,70.0,,1,,,,,,,,,,,,,,,,,,,,2016-06
2016-06-13,2379,瑞昱,半導體業,進榜,觸發,61.92,87.0,1.0,0,,10.0,2.2,32.1,5.6,8.1,3.3,,,61.6,-0.5,10.6,2.3,32.8,5.7,8.7,3.2,,,2016-06
2016-06-13,2379,瑞昱,半導體業,觸發,進榜即觸發,61.92,87.0,1.0,0,61.92,10.0,2.2,32.1,5.6,8.1,3.3,,,61.6,-0.5,10.6,2.3,32.8,5.7,8.7,3.2,,,2016-06
2016-06-13,4722,國精化,化學工業,進榜,準備,20.35,72.0,2.0,0,,6.4,2.2,8.6,5.6,-1.8,3.3,,,20.3,-0.4,6.8,2.3,9.0,5.7,-1.4,3.2,,,2016-06
2016-06-13,8210,勤誠,電子工業,觸發,等待後觸發,37.97,94.0,2.0,7,35.88,1.8,2.2,-5.5,5.6,-9.5,3.3,,,38.0,0.0,1.8,2.3,-5.5,5.7,-9.5,3.2,,,2016-06
2016-06-13,1323,永裕,塑膠工業,移出,掉出掃描母體,20.64,86.0,,9,,,,,,,,,,,,,,,,,,,,2016-06
2016-06-13,6290,良維,電子零組件業,移出,掉出掃描母體,20.83,71.0,,9,,,,,,,,,,,,,,,,,,,,2016-06
2016-06-14,1909,榮成,造紙工業,進榜,準備,9.8,87.0,1.0,0,,19.6,2.4,21.5,5.7,22.8,3.3,,,9.9,0.7,18.8,2.3,20.6,5.8,22.0,3.1,,,2016-06
2016-06-14,5434,崇越,電子工業,進榜,準備,36.9,80.0,1.0,0,,6.8,2.4,38.7,5.7,23.5,3.3,,,36.9,0.0,6.8,2.3,38.7,5.8,23.5,3.1,,,2016-06
2016-06-14,8069,元太,光電業,進榜,準備,12.15,71.0,3.0,0,,2.0,2.4,38.8,5.7,30.7,3.3,,,12.1,0.0,2.0,2.3,38.8,5.8,30.7,3.1,,,2016-06
2016-06-14,2325,矽品,半導體業,移出,掉出掃描母體,45.78,70.0,,8,,,,,,,,,,,,,,,,,,,,2016-06
2016-06-14,3289,宜特,其他電子類,移出,掉出掃描母體,75.65,86.0,,6,,,,,,,,,,,,,,,,,,,,2016-06
2016-06-15,3036,文曄,電子工業,進榜,觸發,21.22,71.0,1.0,0,,7.8,2.6,20.6,5.9,16.9,3.4,,,21.3,0.2,7.5,2.6,20.3,5.7,16.6,3.3,,,2016-06
2016-06-15,3036,文曄,電子工業,觸發,進榜即觸發,21.22,71.0,1.0,0,21.22,7.8,2.6,20.6,5.9,16.9,3.4,,,21.3,0.2,7.5,2.6,20.3,5.7,16.6,3.3,,,2016-06
2016-06-15,3092,鴻碩,電子零組件業,進榜,準備,15.74,98.0,3.0,0,,27.2,2.6,28.1,5.9,14.9,3.4,,,15.6,-1.0,28.5,2.6,29.4,5.7,16.1,3.3,,,2016-06
2016-06-15,3535,晶彩科,光電業,進榜,準備,13.27,96.0,2.0,0,,19.9,2.6,14.2,5.9,13.9,3.4,,,13.3,0.0,19.9,2.6,14.2,5.7,13.9,3.3,,,2016-06
2016-06-15,2330,台積電,半導體業,進榜,準備,123.0,72.0,1.0,0,,7.7,2.6,16.7,5.9,15.7,3.4,,,121.9,-0.9,8.7,2.6,17.8,5.7,16.8,3.3,,,2016-06
2016-06-15,2377,微星,電子工業,觸發,等待後觸發,32.7,84.0,2.0,8,31.93,24.0,2.6,51.7,5.9,45.9,3.4,,,32.7,0.0,24.0,2.6,51.7,5.7,45.9,3.3,,,2016-06
2016-06-15,8069,元太,光電業,移出,掉出掃描母體,12.15,71.0,,1,,,,,,,,,,,,,,,,,,,,2016-06
2016-06-15,1565,精華,生技醫療業,移出,掉出掃描母體,416.14,75.0,,8,,,,,,,,,,,,,,,,,,,,2016-06
2016-06-16,6213,聯茂,電子工業,進榜,準備,20.0,90.0,2.0,0,,16.2,3.6,17.6,6.0,14.0,4.3,,,20.1,0.3,15.8,3.1,17.2,5.6,13.6,3.5,,,2016-06
2016-06-16,8271,宇瞻,半導體業,進榜,準備,18.3,89.0,2.0,0,,12.3,3.6,8.2,6.0,7.9,4.3,,,18.4,0.8,11.5,3.1,7.3,5.6,7.0,3.5,,,2016-06
2016-06-16,2330,台積電,半導體業,移出,掉出掃描母體,123.0,72.0,,1,,,,,,,,,,,,,,,,,,,,2016-06
2016-06-16,3587,閎康,其他電子類,移出,掉出掃描母體,52.25,76.0,,10,,,,,,,,,,,,,,,,,,,,2016-06
2016-06-16,2351,順德,電子工業,移出,掉出掃描母體,24.34,74.0,,9,,,,,,,,,,,,,,,,,,,,2016-06
2016-06-17,3221,台嘉碩,通信網路業,進榜,觸發,20.93,96.0,4.0,0,,-4.8,3.5,-5.9,5.0,-12.6,3.7,,,21.1,1.0,-5.7,3.2,-6.9,4.7,-13.4,3.3,,,2016-06
2016-06-17,3221,台嘉碩,通信網路業,觸發,進榜即觸發,20.93,96.0,4.0,0,20.93,-4.8,3.5,-5.9,5.0,-12.6,3.7,,,21.1,1.0,-5.7,3.2,-6.9,4.7,-13.4,3.3,,,2016-06
2016-06-17,3587,閎康,其他電子類,進榜,準備,53.05,78.0,3.0,0,,15.2,3.5,5.8,5.0,2.2,3.7,,,53.0,0.0,15.2,3.2,5.8,4.7,2.2,3.3,,,2016-06
2016-06-17,1216,統一,食品工業,進榜,準備,41.26,77.0,1.0,0,,4.4,3.5,-7.5,5.0,-10.4,3.7,,,41.3,0.2,4.2,3.2,-7.6,4.7,-10.5,3.3,,,2016-06
2016-06-17,3036,文曄,電子工業,移出,掉出掃描母體,21.12,72.0,,2,,,,,,,,,,,,,,,,,,,,2016-06
2016-06-20,8341,日友,其他,進榜,準備,101.78,78.0,3.0,0,,-0.9,3.2,-18.5,4.0,-26.3,2.9,,,102.4,0.6,-1.5,3.0,-19.0,3.8,-26.8,2.5,,,2016-06
2016-06-20,6277,宏正,電子工業,進榜,準備,42.51,74.0,1.0,0,,0.8,3.2,0.9,4.0,-1.4,2.9,,,42.7,0.5,0.3,3.0,0.4,3.8,-1.9,2.5,,,2016-06
2016-06-20,8050,廣積,電腦及週邊設備業,進榜,準備,33.44,74.0,1.0,0,,6.0,3.2,25.2,4.0,10.0,2.9,,,33.7,0.8,5.2,3.0,24.2,3.8,9.2,2.5,,,2016-06
2016-06-20,1733,五鼎,化學生技醫療,進榜,準備,33.37,71.0,2.0,0,,-0.4,3.2,-15.5,4.0,-18.6,2.9,,,33.5,0.4,-0.8,3.0,-15.8,3.8,-18.9,2.5,,,2016-06
2016-06-20,3231,緯創,電子工業,移出,掉出掃描母體,11.63,71.0,,16,,,,,,,,,,,,,,,,,,,,2016-06
2016-06-20,3702,大聯大,電子工業,移出,掉出掃描母體,21.31,73.0,,16,,,,,,,,,,,,,,,,,,,,2016-06
2016-06-21,4728,雙美,生技醫療業,進榜,準備,38.72,88.0,3.0,0,,3.7,2.9,-9.7,3.4,-15.8,2.5,,,38.8,0.2,3.4,2.7,-9.9,3.3,-16.0,2.3,,,2016-06
2016-06-21,4129,聯合,生技醫療業,進榜,準備,58.86,74.0,2.0,0,,4.3,2.9,-12.0,3.4,-22.6,2.5,,,59.5,1.1,3.1,2.7,-13.0,3.3,-23.4,2.3,,,2016-06
2016-06-21,1527,鑽全,電機機械,進榜,準備,44.62,73.0,3.0,0,,22.1,2.9,32.5,3.4,27.1,2.5,,,44.7,0.3,21.8,2.7,32.1,3.3,26.8,2.3,,,2016-06
2016-06-21,8069,元太,光電業,進榜,準備,12.53,71.0,3.0,0,,0.8,2.9,27.8,3.4,32.4,2.5,,,12.6,0.3,0.6,2.7,27.5,3.3,32.0,2.3,,,2016-06
2016-06-21,3702,大聯大,電子工業,進榜,準備,21.31,70.0,1.0,0,,10.1,2.9,4.4,3.4,10.9,2.5,,,21.4,0.3,9.8,2.7,4.1,3.3,10.6,2.3,,,2016-06
2016-06-21,1215,卜蜂,食品工業,觸發,等待後觸發,21.26,97.0,2.0,17,18.23,-1.9,2.9,3.1,3.4,21.7,2.5,,,21.3,0.0,-1.9,2.7,3.1,3.3,21.7,2.3,,,2016-06
2016-06-21,4551,智伸科,汽車工業,觸發,等待後觸發,88.25,97.0,2.0,13,78.44,-1.6,2.9,23.5,3.4,10.1,2.5,,,87.5,-0.8,-0.8,2.7,24.6,3.3,11.0,2.3,,,2016-06
2016-06-21,3624,光頡,電子零組件業,移出,掉出掃描母體,19.58,72.0,,13,,,,,,,,,,,,,,,,,,,,2016-06
2016-06-21,4722,國精化,化學工業,移出,掉出掃描母體,20.32,72.0,,8,,,,,,,,,,,,,,,,,,,,2016-06
2016-06-21,1733,五鼎,化學生技醫療,移出,掉出掃描母體,33.37,71.0,,1,,,,,,,,,,,,,,,,,,,,2016-06
2016-06-21,4991,環宇-KY,半導體業,移出,掉出掃描母體,70.28,77.0,,17,,,,,,,,,,,,,,,,,,,,2016-06
2016-06-22,2103,台橡,橡膠工業,進榜,觸發,19.75,89.0,3.0,0,,-1.9,3.3,2.6,3.1,23.0,2.8,,,19.7,-0.2,-1.7,3.3,2.7,3.1,23.2,2.4,,,2016-06
2016-06-22,2103,台橡,橡膠工業,觸發,進榜即觸發,19.75,89.0,3.0,0,19.75,-1.9,3.3,2.6,3.1,23.0,2.8,,,19.7,-0.2,-1.7,3.3,2.7,3.1,23.2,2.4,,,2016-06
2016-06-22,2228,劍麟,汽車工業,進榜,準備,128.11,86.0,3.0,0,,4.9,3.3,13.9,3.1,-19.6,2.8,,,128.1,0.0,4.9,3.3,13.9,3.1,-19.6,2.4,,,2016-06
2016-06-22,2723,美食-KY,觀光事業,進榜,準備,178.29,82.0,2.0,0,,12.1,3.3,10.9,3.1,-9.0,2.8,,,178.3,0.0,12.1,3.3,10.9,3.1,-9.0,2.4,,,2016-06
2016-06-22,2912,統一超,貿易百貨,進榜,準備,168.92,76.0,1.0,0,,-1.8,3.3,0.2,3.1,-4.3,2.8,,,168.6,-0.2,-1.6,3.3,0.4,3.1,-4.1,2.4,,,2016-06
2016-06-22,1527,鑽全,電機機械,觸發,等待後觸發,46.64,79.0,3.0,1,45.39,17.7,3.3,23.3,3.1,29.5,2.8,,,46.4,-0.5,18.3,3.3,23.9,3.1,30.2,2.4,,,2016-06
2016-06-22,3702,大聯大,電子工業,移出,掉出掃描母體,21.31,70.0,,1,,,,,,,,,,,,,,,,,,,,2016-06
2016-06-23,3526,凡甲,電子零組件業,進榜,準備,29.23,97.0,3.0,0,,28.2,3.2,112.3,3.7,84.8,2.7,,,29.2,0.0,28.2,3.2,112.3,3.6,84.8,2.8,,,2016-06
2016-06-23,2464,盟立,其他電子業,進榜,準備,26.47,76.0,3.0,0,,4.5,3.2,13.0,3.7,-5.5,2.7,,,26.3,-0.5,5.0,3.2,13.5,3.6,-5.0,2.8,,,2016-06
2016-06-23,6196,帆宣,其他電子業,進榜,準備,19.33,74.0,3.0,0,,4.0,3.2,-2.3,3.7,1.0,2.7,,,19.3,-0.2,4.2,3.2,-2.1,3.6,1.2,2.8,,,2016-06
2016-06-23,8299,群聯,半導體業,進榜,準備,169.63,71.0,1.0,0,,-0.4,3.2,-10.6,3.7,-0.4,2.7,,,170.3,0.4,-0.7,3.2,-11.0,3.6,-0.7,2.8,,,2016-06
2016-06-23,2360,致茂,其他電子業,移出,掉出掃描母體,58.36,72.0,,19,,,,,,,,,,,,,,,,,,,,2016-06
2016-06-23,1592,英瑞-KY,汽車工業,移出,離高點太遠,43.39,98.0,,19,,,,,,,,,,,,,,,,,,,,2016-06
2016-06-23,8341,日友,其他,移出,掉出掃描母體,98.54,76.0,,3,,,,,,,,,,,,,,,,,,,,2016-06
2016-06-24,2105,正新,橡膠工業,移出,掉出掃描母體,44.21,78.0,,16,,,,,,,,,,,,,,,,,,,,2016-06
2016-06-24,3526,凡甲,電子零組件業,移出,離高點太遠,27.38,98.0,,1,,,,,,,,,,,,,,,,,,,,2016-06
2016-06-24,8299,群聯,半導體業,移出,掉出掃描母體,169.63,71.0,,1,,,,,,,,,,,,,,,,,,,,2016-06
2016-06-24,3548,兆利,電子零組件業,移出,離高點太遠,34.31,98.0,,20,,,,,,,,,,,,,,,,,,,,2016-06
2016-06-24,1262,綠悅-KY,其他,移出,掉出掃描母體,133.63,83.0,,20,,,,,,,,,,,,,,,,,,,,2016-06
2016-06-24,3105,穩懋,半導體業,移出,掉出掃描母體,73.04,79.0,,18,,,,,,,,,,,,,,,,,,,,2016-06
2016-06-24,2449,京元電子,半導體業,移出,掉出掃描母體,16.44,79.0,,18,,,,,,,,,,,,,,,,,,,,2016-06
2016-06-24,4126,太醫,生技醫療業,移出,晚期未觸發,58.32,91.0,,18,,,,,,,,,,,,,,,,,,,,2016-06
2016-06-24,3023,信邦,電子零組件業,移出,掉出掃描母體,48.25,75.0,,16,,,,,,,,,,,,,,,,,,,,2016-06
2016-06-24,3092,鴻碩,電子零組件業,移出,離高點太遠,13.91,97.0,,9,,,,,,,,,,,,,,,,,,,,2016-06
2016-06-24,3535,晶彩科,光電業,移出,掉出掃描母體,12.51,89.0,,9,,,,,,,,,,,,,,,,,,,,2016-06
2016-06-24,1216,統一,食品工業,移出,掉出掃描母體,41.13,72.0,,7,,,,,,,,,,,,,,,,,,,,2016-06
2016-06-24,8069,元太,光電業,移出,掉出掃描母體,12.29,73.0,,3,,,,,,,,,,,,,,,,,,,,2016-06
2016-06-27,6223,旺矽,半導體業,進榜,準備,64.63,85.0,2.0,0,,-2.3,4.5,5.2,5.6,0.4,3.5,,,64.7,0.1,-2.4,4.8,5.1,5.9,0.3,3.6,,,2016-06
2016-06-27,3702,大聯大,電子工業,進榜,準備,21.25,73.0,1.0,0,,10.3,4.5,5.4,5.6,10.3,3.5,,,21.1,-0.7,11.1,4.8,6.1,5.9,11.1,3.6,,,2016-06
2016-06-27,3587,閎康,其他電子類,觸發,等待後觸發,57.05,93.0,3.0,10,53.98,6.2,4.5,-0.4,5.6,-4.7,3.5,,,56.5,-0.9,7.2,4.8,0.5,5.9,-3.8,3.6,,,2016-06
2016-06-27,5347,世界,半導體業,移出,掉出掃描母體,32.15,79.0,,23,,,,,,,,,,,,,,,,,,,,2016-06
2016-06-27,6196,帆宣,其他電子業,移出,掉出掃描母體,18.65,70.0,,4,,,,,,,,,,,,,,,,,,,,2016-06
2016-06-28,2472,立隆電,電子工業,進榜,準備,22.76,72.0,2.0,0,,10.2,3.9,16.7,5.3,10.8,3.2,,,22.8,0.4,9.8,3.5,16.2,4.9,10.3,2.8,,,2016-06
2016-06-29,1532,勤美,電機機械,進榜,準備,21.89,91.0,2.0,0,,-9.1,3.3,-12.0,4.8,-10.2,2.6,,,21.9,0.3,-9.3,3.0,-12.2,4.5,-10.4,2.2,,,2016-06
2016-06-29,8432,東生華,生技醫療業,進榜,準備,71.65,89.0,3.0,0,,-11.2,3.3,-18.6,4.8,-28.2,2.6,,,69.9,-2.4,-9.0,3.0,-16.6,4.5,-26.4,2.2,,,2016-06
2016-06-29,5347,世界,半導體業,進榜,準備,33.07,76.0,3.0,0,,10.2,3.3,15.3,4.8,6.8,2.6,,,33.4,1.2,9.0,3.0,13.9,4.5,5.5,2.2,,,2016-06
2016-06-29,2345,智邦,通信網路業,移出,晚期未觸發,32.35,84.0,,25,,,,,,,,,,,,,,,,,,,,2016-06
2016-06-29,3702,大聯大,電子工業,移出,掉出掃描母體,21.02,71.0,,2,,,,,,,,,,,,,,,,,,,,2016-06
2016-06-30,1541,錩泰,電機機械,進榜,準備,43.79,94.0,2.0,0,,-6.5,2.7,-11.6,4.1,-14.6,1.7,,,43.8,0.0,-6.5,2.6,-11.6,3.7,-14.6,1.3,,,2016-06
2016-06-30,3535,晶彩科,光電業,進榜,準備,13.5,93.0,2.0,0,,16.6,2.7,-0.3,4.1,15.9,1.7,,,14.1,4.3,11.8,2.6,-4.5,3.7,11.1,1.3,,,2016-06
2016-06-30,8464,億豐,其他,進榜,準備,202.05,81.0,2.0,0,,16.8,2.7,40.3,4.1,11.9,1.7,,,202.7,0.3,16.4,2.6,39.9,3.7,11.5,1.3,,,2016-06
2016-06-30,1733,五鼎,化學生技醫療,進榜,準備,33.87,74.0,2.0,0,,-8.6,2.7,-15.5,4.1,-21.0,1.7,,,34.2,1.0,-9.4,2.6,-16.3,3.7,-21.7,1.3,,,2016-06
2016-06-30,2105,正新,橡膠工業,進榜,準備,43.95,74.0,1.0,0,,3.0,2.7,3.6,4.1,-8.4,1.7,,,44.1,0.3,2.7,2.6,3.3,3.7,-8.7,1.3,,,2016-06
2016-06-30,2404,漢唐,其他電子業,進榜,準備,29.79,70.0,3.0,0,,-0.7,2.7,0.7,4.1,1.7,1.7,,,30.0,0.6,-1.3,2.6,0.1,3.7,1.0,1.3,,,2016-06
2016-06-30,3702,大聯大,電子工業,進榜,準備,21.57,70.0,1.0,0,,8.4,2.7,6.1,4.1,7.0,1.7,,,21.7,0.7,7.7,2.6,5.4,3.7,6.3,1.3,,,2016-06
2016-06-30,1909,榮成,造紙工業,觸發,等待後觸發,11.01,92.0,1.0,16,9.94,5.8,2.7,2.9,4.1,6.0,1.7,,,11.0,0.3,5.5,2.6,2.6,3.7,5.6,1.3,,,2016-06
2016-06-30,5347,世界,半導體業,觸發,等待後觸發,33.7,78.0,3.0,1,33.67,9.5,2.7,12.7,4.1,0.9,1.7,,,34.1,1.1,8.2,2.6,11.4,3.7,-0.2,1.3,,,2016-06
2016-06-30,2464,盟立,其他電子業,移出,掉出掃描母體,26.41,72.0,,7,,,,,,,,,,,,,,,,,,,,2016-06
2016-06-30,2472,立隆電,電子工業,移出,掉出掃描母體,22.7,71.0,,2,,,,,,,,,,,,,,,,,,,,2016-06
2016-06-30,6446,藥華藥,生技醫療業,移出,掉出掃描母體,158.38,70.0,,26,,,,,,,,,,,,,,,,,,,,2016-06
2016-07-01,2330,台積電,半導體業,進榜,觸發,130.18,71.0,1.0,0,,6.6,2.8,11.7,3.9,7.5,1.2,,,129.8,-0.3,6.9,2.7,12.1,3.6,7.9,1.0,,,2016-07
2016-07-01,2330,台積電,半導體業,觸發,進榜即觸發,130.18,71.0,1.0,0,130.18,6.6,2.8,11.7,3.9,7.5,1.2,,,129.8,-0.3,6.9,2.7,12.1,3.6,7.9,1.0,,,2016-07
2016-07-01,3036,文曄,電子工業,進榜,觸發,21.53,70.0,1.0,0,,5.8,2.8,15.3,3.9,13.0,1.2,,,21.7,0.7,5.0,2.7,14.5,3.6,12.2,1.0,,,2016-07
2016-07-01,3036,文曄,電子工業,觸發,進榜即觸發,21.53,70.0,1.0,0,21.53,5.8,2.8,15.3,3.9,13.0,1.2,,,21.7,0.7,5.0,2.7,14.5,3.6,12.2,1.0,,,2016-07
2016-07-01,3092,鴻碩,電子零組件業,進榜,準備,17.41,100.0,3.0,0,,-2.2,2.8,15.3,3.9,2.4,1.2,,,18.2,4.8,-6.6,2.7,10.1,3.6,-2.3,1.0,,,2016-07
2016-07-01,3526,凡甲,電子零組件業,進榜,準備,29.78,98.0,3.0,0,,24.1,2.8,85.7,3.9,76.9,1.2,,,29.8,0.0,24.1,2.7,85.7,3.6,76.9,1.0,,,2016-07
2016-07-01,8450,霹靂,文化創意業,進榜,準備,100.22,93.0,3.0,0,,-10.5,2.8,-17.5,3.9,-27.3,1.2,,,100.2,0.0,-10.5,2.7,-17.5,3.6,-27.3,1.0,,,2016-07
2016-07-01,1808,潤隆,建材營造,進榜,準備,6.45,82.0,2.0,0,,6.3,2.8,5.5,3.9,4.4,1.2,,,6.4,0.0,6.3,2.7,5.5,3.6,4.4,1.0,,,2016-07
2016-07-01,1216,統一,食品工業,進榜,準備,41.77,74.0,1.0,0,,1.7,2.8,-3.5,3.9,-17.1,1.2,,,41.6,-0.5,2.2,2.7,-3.1,3.6,-16.7,1.0,,,2016-07
2016-07-01,6213,聯茂,電子工業,觸發,等待後觸發,21.04,89.0,2.0,15,20.58,11.4,2.8,0.8,3.9,5.0,1.2,,,20.8,-1.0,12.5,2.7,1.8,3.6,6.0,1.0,,,2016-07
2016-07-01,1541,錩泰,電機機械,移出,掉出掃描母體,43.79,94.0,,1,,,,,,,,,,,,,,,,,,,,2016-07
2016-07-01,2404,漢唐,其他電子業,移出,掉出掃描母體,29.79,70.0,,1,,,,,,,,,,,,,,,,,,,,2016-07
2016-07-01,3702,大聯大,電子工業,移出,掉出掃描母體,21.57,70.0,,1,,,,,,,,,,,,,,,,,,,,2016-07
2016-07-04,2472,立隆電,電子工業,進榜,觸發,23.33,74.0,2.0,0,,8.0,2.7,13.0,3.0,7.0,0.9,,,23.3,0.0,8.0,2.5,13.0,2.8,7.0,0.5,,,2016-07
2016-07-04,2472,立隆電,電子工業,觸發,進榜即觸發,23.33,74.0,2.0,0,23.33,8.0,2.7,13.0,3.0,7.0,0.9,,,23.3,0.0,8.0,2.5,13.0,2.8,7.0,0.5,,,2016-07
2016-07-04,3540,曜越,電腦及週邊設備業,進榜,準備,12.56,92.0,3.0,0,,17.6,2.7,3.9,3.0,13.1,0.9,,,12.7,1.2,16.2,2.5,2.7,2.8,11.7,0.5,,,2016-07
2016-07-04,4107,邦特,生技醫療業,進榜,準備,111.89,77.0,3.0,0,,-7.5,2.7,-2.7,3.0,-28.2,0.9,,,111.6,-0.3,-7.3,2.5,-2.5,2.8,-28.0,0.5,,,2016-07
2016-07-04,2351,順德,電子工業,進榜,準備,25.2,74.0,2.0,0,,20.9,2.7,25.9,3.0,21.5,0.9,,,25.4,0.9,19.9,2.5,24.8,2.8,20.5,0.5,,,2016-07
2016-07-04,3092,鴻碩,電子零組件業,觸發,等待後觸發,19.13,100.0,3.0,3,17.52,-10.3,2.7,2.8,3.0,-5.8,0.9,,,19.4,1.4,-11.5,2.5,1.4,2.8,-7.1,0.5,,,2016-07
2016-07-04,1733,五鼎,化學生技醫療,移出,掉出掃描母體,33.74,72.0,,4,,,,,,,,,,,,,,,,,,,,2016-07
2016-07-04,2723,美食-KY,觀光事業,移出,掉出掃描母體,172.82,73.0,,12,,,,,,,,,,,,,,,,,,,,2016-07
2016-07-04,2330,台積電,半導體業,移出,掉出掃描母體,130.18,71.0,,3,,,,,,,,,,,,,,,,,,,,2016-07
2016-07-05,6452,康友-KY,生技醫療業,進榜,觸發,287.16,78.0,2.0,0,,6.7,2.2,4.3,3.0,-3.4,0.7,,,284.0,-1.1,7.9,2.4,5.4,3.1,-2.3,0.9,,,2016-07
2016-07-05,6452,康友-KY,生技醫療業,觸發,進榜即觸發,287.16,78.0,2.0,0,287.16,6.7,2.2,4.3,3.0,-3.4,0.7,,,284.0,-1.1,7.9,2.4,5.4,3.1,-2.3,0.9,,,2016-07
2016-07-05,6485,點序,半導體業,進榜,準備,47.75,97.0,2.0,0,,-6.0,2.2,-22.4,3.0,-23.1,0.7,,,47.8,0.0,-6.0,2.4,-22.4,3.1,-23.1,0.9,,,2016-07
2016-07-05,5349,先豐,電子零組件業,進榜,準備,43.82,88.0,2.0,0,,-13.8,2.2,-23.7,3.0,-31.5,0.7,,,43.7,-0.2,-13.6,2.4,-23.6,3.1,-31.4,0.9,,,2016-07
2016-07-05,2439,美律,通信網路業,進榜,準備,39.25,79.0,3.0,0,,37.7,2.2,96.6,3.0,71.8,0.7,,,39.8,1.4,35.8,2.4,93.9,3.1,69.5,0.9,,,2016-07
2016-07-05,1568,倉佑,汽車工業,進榜,準備,19.16,78.0,3.0,0,,-3.3,2.2,55.2,3.0,22.6,0.7,,,19.0,-0.8,-2.5,2.4,56.4,3.1,23.6,0.9,,,2016-07
2016-07-05,2464,盟立,其他電子業,進榜,準備,27.41,77.0,3.0,0,,-2.4,2.2,4.0,3.0,-11.5,0.7,,,27.3,-0.2,-2.1,2.4,4.3,3.1,-11.3,0.9,,,2016-07
2016-07-05,5243,乙盛-KY,電子工業,進榜,準備,26.26,74.0,3.0,0,,6.8,2.2,22.6,3.0,5.5,0.7,,,26.0,-0.8,7.7,2.4,23.6,3.1,6.3,0.9,,,2016-07
2016-07-05,1733,五鼎,化學生技醫療,進榜,準備,33.81,72.0,2.0,0,,-10.9,2.2,-16.7,3.0,-20.6,0.7,,,33.6,-0.6,-10.4,2.4,-16.2,3.1,-20.2,0.9,,,2016-07
2016-07-05,3231,緯創,電子工業,進榜,準備,12.17,71.0,2.0,0,,2.6,2.2,9.9,3.0,9.9,0.7,,,12.2,0.0,2.6,2.4,9.9,3.1,9.9,0.9,,,2016-07
2016-07-05,1216,統一,食品工業,移出,掉出掃描母體,41.51,70.0,,4,,,,,,,,,,,,,,,,,,,,2016-07
2016-07-05,2105,正新,橡膠工業,移出,掉出掃描母體,43.63,71.0,,5,,,,,,,,,,,,,,,,,,,,2016-07
2016-07-05,3036,文曄,電子工業,移出,掉出掃描母體,21.89,72.0,,4,,,,,,,,,,,,,,,,,,,,2016-07
2016-07-06,3522,御頂,觀光事業,進榜,觸發,59.21,100.0,2.0,0,,34.3,3.3,20.8,4.0,19.5,1.4,,,59.7,0.8,33.2,2.8,19.8,3.4,18.6,1.1,,,2016-07
2016-07-06,3522,御頂,觀光事業,觸發,進榜即觸發,59.21,100.0,2.0,0,59.21,34.3,3.3,20.8,4.0,19.5,1.4,,,59.7,0.8,33.2,2.8,19.8,3.4,18.6,1.1,,,2016-07
2016-07-06,8112,至上,電子工業,進榜,準備,6.9,83.0,3.0,0,,10.6,3.3,23.7,4.0,51.1,1.4,,,7.0,2.1,8.3,2.8,21.2,3.4,48.1,1.1,,,2016-07
2016-07-06,3702,大聯大,電子工業,進榜,準備,21.71,70.0,1.0,0,,9.7,3.3,5.6,4.0,6.7,1.4,,,21.8,0.3,9.4,2.8,5.3,3.4,6.4,1.1,,,2016-07
2016-07-06,2472,立隆電,電子工業,移出,掉出掃描母體,23.21,74.0,,2,,,,,,,,,,,,,,,,,,,,2016-07
2016-07-06,5243,乙盛-KY,電子工業,移出,掉出掃描母體,26.26,74.0,,1,,,,,,,,,,,,,,,,,,,,2016-07
2016-07-06,8432,東生華,生技醫療業,移出,離高點太遠,65.77,73.0,,7,,,,,,,,,,,,,,,,,,,,2016-07
2016-07-06,8464,億豐,其他,移出,掉出掃描母體,196.54,82.0,,6,,,,,,,,,,,,,,,,,,,,2016-07
2016-07-07,3163,波若威,通信網路業,進榜,準備,33.29,94.0,2.0,0,,13.1,3.0,1.2,3.4,-7.6,1.1,,,33.9,1.7,11.2,2.5,-0.6,3.0,-9.2,0.4,,,2016-07
2016-07-07,1721,三晃,化學工業,進榜,準備,15.1,90.0,3.0,0,,-9.9,3.0,-9.6,3.4,-13.7,1.1,,,15.1,0.0,-9.9,2.5,-9.6,3.0,-13.7,0.4,,,2016-07
2016-07-07,4141,龍燈-KY,生技醫療業,進榜,準備,39.95,85.0,1.0,0,,3.5,3.0,-6.6,3.4,-21.1,1.1,,,40.3,0.8,2.6,2.5,-7.4,3.0,-21.7,0.4,,,2016-07
2016-07-07,9933,中鼎,其他,進榜,準備,26.98,85.0,1.0,0,,-5.5,3.0,-0.1,3.4,5.9,1.1,,,27.2,0.7,-6.2,2.5,-0.9,3.0,5.2,0.4,,,2016-07
2016-07-07,3702,大聯大,電子工業,移出,掉出掃描母體,21.71,70.0,,1,,,,,,,,,,,,,,,,,,,,2016-07
2016-07-07,1733,五鼎,化學生技醫療,移出,掉出掃描母體,32.96,71.0,,2,,,,,,,,,,,,,,,,,,,,2016-07
2016-07-11,3541,西柏,其他電子類,進榜,觸發,79.95,99.0,3.0,0,,5.4,3.0,1.8,3.2,-7.1,1.3,,,80.8,1.1,4.2,2.8,0.7,3.0,-8.1,1.1,,,2016-07
2016-07-11,3541,西柏,其他電子類,觸發,進榜即觸發,79.95,99.0,3.0,0,79.95,5.4,3.0,1.8,3.2,-7.1,1.3,,,80.8,1.1,4.2,2.8,0.7,3.0,-8.1,1.1,,,2016-07
2016-07-11,6138,茂達,半導體業,進榜,觸發,22.59,79.0,2.0,0,,4.1,3.0,10.2,3.2,19.1,1.3,,,22.3,-1.4,5.6,2.8,11.7,3.0,20.8,1.1,,,2016-07
2016-07-11,6138,茂達,半導體業,觸發,進榜即觸發,22.59,79.0,2.0,0,22.59,4.1,3.0,10.2,3.2,19.1,1.3,,,22.3,-1.4,5.6,2.8,11.7,3.0,20.8,1.1,,,2016-07
2016-07-11,8016,矽創,半導體業,進榜,觸發,53.73,74.0,1.0,0,,-1.4,3.0,-1.0,3.2,-1.9,1.3,,,53.7,0.0,-1.4,2.8,-1.0,3.0,-1.9,1.1,,,2016-07
2016-07-11,8016,矽創,半導體業,觸發,進榜即觸發,53.73,74.0,1.0,0,53.73,-1.4,3.0,-1.0,3.2,-1.9,1.3,,,53.7,0.0,-1.4,2.8,-1.0,3.0,-1.9,1.1,,,2016-07
2016-07-11,1216,統一,食品工業,進榜,觸發,41.9,72.0,1.0,0,,0.4,3.0,-3.5,3.2,-15.4,1.3,,,41.5,-0.9,1.4,2.8,-2.6,3.0,-14.6,1.1,,,2016-07
2016-07-11,1216,統一,食品工業,觸發,進榜即觸發,41.9,72.0,1.0,0,41.9,0.4,3.0,-3.5,3.2,-15.4,1.3,,,41.5,-0.9,1.4,2.8,-2.6,3.0,-14.6,1.1,,,2016-07
2016-07-11,1262,綠悅-KY,其他,進榜,準備,136.68,85.0,1.0,0,,-4.8,3.0,6.4,3.2,-4.1,1.3,,,135.8,-0.6,-4.2,2.8,7.1,3.0,-3.5,1.1,,,2016-07
2016-07-11,8341,日友,其他,進榜,準備,99.86,77.0,3.0,0,,-8.0,3.0,-17.3,3.2,-24.9,1.3,,,100.9,1.0,-8.9,2.8,-18.1,3.0,-25.7,1.1,,,2016-07
2016-07-11,3702,大聯大,電子工業,進榜,準備,22.43,75.0,1.0,0,,6.3,3.0,1.2,3.2,3.7,1.3,,,22.6,0.6,5.6,2.8,0.6,3.0,3.0,1.1,,,2016-07
2016-07-11,6245,立端,通信網路業,進榜,準備,24.08,75.0,1.0,0,,-8.2,3.0,-3.8,3.2,-7.3,1.3,,,24.5,1.7,-9.7,2.8,-5.4,3.0,-8.8,1.1,,,2016-07
2016-07-11,2330,台積電,半導體業,進榜,準備,133.31,73.0,1.0,0,,4.7,3.0,10.3,3.2,6.8,1.3,,,134.1,0.6,4.1,2.8,9.6,3.0,6.1,1.1,,,2016-07
2016-07-11,6196,帆宣,其他電子業,進榜,準備,19.37,73.0,3.0,0,,3.3,3.0,-2.2,3.2,1.5,1.3,,,19.4,0.2,3.2,2.8,-2.4,3.0,1.4,1.1,,,2016-07
2016-07-11,2360,致茂,其他電子業,進榜,準備,59.18,72.0,2.0,0,,14.4,3.0,13.3,3.2,-1.6,1.3,,,58.7,-0.9,15.4,2.8,14.3,3.0,-0.7,1.1,,,2016-07
2016-07-11,2412,中華電,通信網路業,進榜,準備,78.78,72.0,0.0,0,,-0.5,3.0,-3.9,3.2,-13.3,1.3,,,78.8,0.0,-0.5,2.8,-3.9,3.0,-13.3,1.1,,,2016-07
2016-07-11,3231,緯創,電子工業,觸發,等待後觸發,12.76,76.0,2.0,6,12.22,0.0,3.0,8.7,3.2,13.7,1.3,,,12.8,0.0,0.0,2.8,8.7,3.0,13.7,1.1,,,2016-07
2016-07-11,3042,晶技,電子工業,移出,掉出掃描母體,25.01,74.0,,34,,,,,,,,,,,,,,,,,,,,2016-07
2016-07-11,1568,倉佑,汽車工業,移出,掉出掃描母體,18.42,70.0,,6,,,,,,,,,,,,,,,,,,,,2016-07
2016-07-12,8464,億豐,其他,進榜,準備,204.81,82.0,2.0,0,,21.1,2.4,40.2,2.8,,,,,208.3,1.7,19.1,2.1,37.9,2.5,,,,,2016-07
2016-07-12,3042,晶技,電子工業,進榜,準備,25.62,77.0,1.0,0,,-3.7,2.4,0.0,2.8,,,,,25.9,1.1,-4.7,2.1,-1.0,2.5,,,,,2016-07
2016-07-12,3380,明泰,通信網路業,進榜,準備,13.98,72.0,1.0,0,,11.9,2.4,0.2,2.8,,,,,14.2,1.7,10.0,2.1,-1.5,2.5,,,,,2016-07
2016-07-12,8341,日友,其他,移出,掉出掃描母體,99.86,77.0,,1,,,,,,,,,,,,,,,,,,,,2016-07
2016-07-13,8436,大江,生技醫療業,進榜,觸發,63.35,78.0,4.0,0,,3.4,2.0,27.2,1.0,,,,,63.6,0.5,2.9,1.9,26.6,0.7,,,,,2016-07
2016-07-13,8436,大江,生技醫療業,觸發,進榜即觸發,63.35,78.0,4.0,0,63.35,3.4,2.0,27.2,1.0,,,,,63.6,0.5,2.9,1.9,26.6,0.7,,,,,2016-07
2016-07-13,2472,立隆電,電子工業,進榜,準備,23.72,72.0,2.0,0,,9.2,2.0,6.3,1.0,,,,,23.7,0.0,9.2,1.9,6.3,0.7,,,,,2016-07
2016-07-13,1565,精華,生技醫療業,進榜,準備,476.11,71.0,2.0,0,,-7.7,2.0,-5.2,1.0,,,,,474.9,-0.3,-7.5,1.9,-5.0,0.7,,,,,2016-07
2016-07-13,2723,美食-KY,觀光事業,進榜,準備,176.16,71.0,2.0,0,,21.7,2.0,7.5,1.0,,,,,177.1,0.5,21.1,1.9,7.0,0.7,,,,,2016-07
2016-07-13,2330,台積電,半導體業,移出,掉出掃描母體,134.1,73.0,,2,,,,,,,,,,,,,,,,,,,,2016-07
2016-07-13,6196,帆宣,其他電子業,移出,掉出掃描母體,19.53,71.0,,2,,,,,,,,,,,,,,,,,,,,2016-07
2016-07-13,2360,致茂,其他電子業,移出,掉出掃描母體,59.71,73.0,,2,,,,,,,,,,,,,,,,,,,,2016-07
2016-07-13,2412,中華電,通信網路業,移出,掉出掃描母體,79.42,73.0,,2,,,,,,,,,,,,,,,,,,,,2016-07
2016-07-13,3522,御頂,觀光事業,移出,離高點太遠,54.21,100.0,,7,,,,,,,,,,,,,,,,,,,,2016-07
2016-07-14,2355,敬鵬,電子工業,進榜,準備,48.47,78.0,1.0,0,,-0.0,1.0,-8.6,0.4,,,,,48.9,0.9,-0.9,0.7,-9.4,0.1,,,,,2016-07
2016-07-14,3036,文曄,電子工業,進榜,準備,22.87,73.0,1.0,0,,4.2,1.0,8.7,0.4,,,,,23.2,1.4,2.8,0.7,7.2,0.1,,,,,2016-07
2016-07-14,6196,帆宣,其他電子業,進榜,準備,19.6,70.0,3.0,0,,-1.6,1.0,-4.6,0.4,,,,,19.8,1.2,-2.7,0.7,-5.7,0.1,,,,,2016-07
2016-07-14,3163,波若威,通信網路業,觸發,等待後觸發,36.05,96.0,2.0,7,34.0,0.7,1.0,-13.2,0.4,,,,,36.6,1.6,-0.9,0.7,-14.6,0.1,,,,,2016-07
2016-07-14,6245,立端,通信網路業,移出,掉出掃描母體,24.08,72.0,,3,,,,,,,,,,,,,,,,,,,,2016-07
2016-07-14,3380,明泰,通信網路業,移出,掉出掃描母體,13.98,73.0,,2,,,,,,,,,,,,,,,,,,,,2016-07
2016-07-14,2723,美食-KY,觀光事業,移出,掉出掃描母體,176.16,71.0,,1,,,,,,,,,,,,,,,,,,,,2016-07
2016-07-14,1216,統一,食品工業,移出,掉出掃描母體,43.25,73.0,,3,,,,,,,,,,,,,,,,,,,,2016-07
2016-07-15,6160,欣技,電腦及週邊設備業,進榜,觸發,29.09,97.0,3.0,0,,-13.7,0.7,-23.1,-0.0,,,,,30.1,3.3,-16.5,0.4,-25.5,-0.4,,,,,2016-07
2016-07-15,6160,欣技,電腦及週邊設備業,觸發,進榜即觸發,29.09,97.0,3.0,0,29.09,-13.7,0.7,-23.1,-0.0,,,,,30.1,3.3,-16.5,0.4,-25.5,-0.4,,,,,2016-07
2016-07-15,6274,台燿,電子零組件業,進榜,觸發,26.54,92.0,6.0,0,,-2.9,0.7,-16.3,-0.0,,,,,26.5,0.0,-2.9,0.4,-16.3,-0.4,,,,,2016-07
2016-07-15,6274,台燿,電子零組件業,觸發,進榜即觸發,26.54,92.0,6.0,0,26.54,-2.9,0.7,-16.3,-0.0,,,,,26.5,0.0,-2.9,0.4,-16.3,-0.4,,,,,2016-07
2016-07-15,3617,碩天,其他電子業,進榜,準備,72.29,79.0,2.0,0,,3.3,0.7,-23.2,-0.0,,,,,71.1,-1.7,5.1,0.4,-21.9,-0.4,,,,,2016-07
2016-07-15,2723,美食-KY,觀光事業,進榜,準備,180.72,75.0,2.0,0,,13.9,0.7,2.0,-0.0,,,,,181.6,0.5,13.4,0.4,1.5,-0.4,,,,,2016-07
2016-07-15,2395,研華,電子工業,進榜,準備,148.85,71.0,1.0,0,,1.6,0.7,1.0,-0.0,,,,,147.4,-1.0,2.6,0.4,2.0,-0.4,,,,,2016-07
2016-07-15,9938,百和,其他,進榜,準備,61.27,71.0,2.0,0,,1.2,0.7,16.7,-0.0,,,,,61.6,0.5,0.7,0.4,16.1,-0.4,,,,,2016-07
2016-07-15,3702,大聯大,電子工業,觸發,等待後觸發,23.15,77.0,1.0,4,22.66,1.7,0.7,-2.4,-0.0,,,,,23.1,-0.2,1.9,0.4,-2.2,-0.4,,,,,2016-07
2016-07-15,2472,立隆電,電子工業,觸發,等待後觸發,24.47,79.0,2.0,2,24.29,2.2,0.7,2.6,-0.0,,,,,24.4,-0.2,2.5,0.4,2.9,-0.4,,,,,2016-07
2016-07-15,4107,邦特,生技醫療業,移出,掉出掃描母體,111.89,75.0,,11,,,,,,,,,,,,,,,,,,,,2016-07
2016-07-15,2439,美律,通信網路業,移出,掉出掃描母體,40.57,80.0,,10,,,,,,,,,,,,,,,,,,,,2016-07
2016-07-15,3036,文曄,電子工業,移出,掉出掃描母體,22.87,73.0,,1,,,,,,,,,,,,,,,,,,,,2016-07
2016-07-15,1532,勤美,電機機械,移出,掉出掃描母體,21.55,81.0,,16,,,,,,,,,,,,,,,,,,,,2016-07
2016-07-18,6411,晶焱,半導體業,進榜,準備,22.13,77.0,1.0,0,,20.7,0.3,27.1,-1.5,,,,,22.0,-0.6,21.5,0.1,27.9,-1.7,,,,,2016-07
2016-07-18,2376,技嘉,電子工業,進榜,準備,23.44,76.0,2.0,0,,8.9,0.3,3.8,-1.5,,,,,23.6,0.5,8.3,0.1,3.3,-1.7,,,,,2016-07
2016-07-18,6187,萬潤,其他電子類,觸發,等待後觸發,48.3,96.0,2.0,44,41.55,-8.9,0.3,-28.5,-1.5,,,,,48.1,-0.4,-8.5,0.1,-28.2,-1.7,,,,,2016-07
2016-07-18,6277,宏正,電子工業,移出,掉出掃描母體,43.47,74.0,,28,,,,,,,,,,,,,,,,,,,,2016-07
2016-07-18,1808,潤隆,建材營造,移出,掉出掃描母體,6.42,76.0,,17,,,,,,,,,,,,,,,,,,,,2016-07
2016-07-18,2723,美食-KY,觀光事業,移出,掉出掃描母體,180.72,75.0,,3,,,,,,,,,,,,,,,,,,,,2016-07
2016-07-18,2395,研華,電子工業,移出,掉出掃描母體,148.85,71.0,,3,,,,,,,,,,,,,,,,,,,,2016-07
2016-07-18,6138,茂達,半導體業,移出,掉出掃描母體,22.32,75.0,,7,,,,,,,,,,,,,,,,,,,,2016-07
2016-07-19,3324,雙鴻,其他電子類,進榜,觸發,67.54,97.0,4.0,0,,17.6,0.0,3.3,-1.4,,,,,67.0,-0.8,18.6,0.0,4.2,-1.5,,,,,2016-07
2016-07-19,3324,雙鴻,其他電子類,觸發,進榜即觸發,67.54,97.0,4.0,0,67.54,17.6,0.0,3.3,-1.4,,,,,67.0,-0.8,18.6,0.0,4.2,-1.5,,,,,2016-07
2016-07-19,3260,威剛,半導體業,進榜,準備,26.61,86.0,1.0,0,,-2.0,0.0,13.1,-1.4,,,,,26.6,0.0,-2.0,0.0,13.1,-1.5,,,,,2016-07
2016-07-19,2439,美律,通信網路業,進榜,準備,41.79,85.0,3.0,0,,63.4,0.0,58.7,-1.4,,,,,41.7,-0.1,63.7,0.0,58.9,-1.5,,,,,2016-07
2016-07-19,1815,富喬,電子零組件業,進榜,準備,10.83,83.0,1.0,0,,1.6,0.0,-7.0,-1.4,,,,,10.8,-0.3,2.0,0.0,-6.7,-1.5,,,,,2016-07
2016-07-19,2421,建準,電子工業,進榜,準備,16.03,82.0,3.0,0,,9.2,0.0,-4.9,-1.4,,,,,16.2,1.0,8.1,0.0,-5.9,-1.5,,,,,2016-07
2016-07-19,3023,信邦,電子零組件業,進榜,準備,51.92,79.0,2.0,0,,-5.5,0.0,-13.5,-1.4,,,,,51.9,0.0,-5.5,0.0,-13.5,-1.5,,,,,2016-07
2016-07-19,2723,美食-KY,觀光事業,進榜,準備,188.31,78.0,2.0,0,,5.8,0.0,-7.2,-1.4,,,,,187.1,-0.6,6.5,0.0,-6.6,-1.5,,,,,2016-07
2016-07-19,1568,倉佑,汽車工業,進榜,準備,19.41,74.0,3.0,0,,21.7,0.0,37.6,-1.4,,,,,19.2,-0.9,22.9,0.0,38.9,-1.5,,,,,2016-07
2016-07-19,2312,金寶,其他電子業,進榜,準備,9.56,72.0,1.0,0,,-0.4,0.0,-3.7,-1.4,,,,,9.5,-0.4,0.0,0.0,-3.3,-1.5,,,,,2016-07
2016-07-19,3380,明泰,通信網路業,進榜,準備,14.43,71.0,1.0,0,,10.1,0.0,-7.1,-1.4,,,,,14.4,-0.5,10.7,0.0,-6.7,-1.5,,,,,2016-07
2016-07-19,5443,均豪,光電業,進榜,準備,11.24,71.0,3.0,0,,22.0,0.0,12.4,-1.4,,,,,11.2,-0.6,22.7,0.0,13.1,-1.5,,,,,2016-07
2016-07-19,2330,台積電,半導體業,進榜,準備,133.71,70.0,1.0,0,,2.9,0.0,9.4,-1.4,,,,,133.3,-0.3,3.2,0.0,9.7,-1.5,,,,,2016-07
2016-07-19,8464,億豐,其他,觸發,等待後觸發,216.92,82.0,2.0,7,208.26,6.2,0.0,19.9,-1.4,,,,,217.3,0.2,6.0,0.0,19.7,-1.5,,,,,2016-07
2016-07-19,1262,綠悅-KY,其他,移出,掉出掃描母體,136.24,78.0,,8,,,,,,,,,,,,,,,,,,,,2016-07
2016-07-19,1565,精華,生技醫療業,移出,掉出掃描母體,497.9,74.0,,6,,,,,,,,,,,,,,,,,,,,2016-07
2016-07-19,2376,技嘉,電子工業,移出,掉出掃描母體,23.44,76.0,,1,,,,,,,,,,,,,,,,,,,,2016-07
2016-07-19,1590,亞德客-KY,電機機械,移出,掉出掃描母體,186.96,86.0,,45,,,,,,,,,,,,,,,,,,,,2016-07
2016-07-19,2464,盟立,其他電子業,移出,離高點太遠,29.31,85.0,,14,,,,,,,,,,,,,,,,,,,,2016-07
2016-07-19,3042,晶技,電子工業,移出,掉出掃描母體,25.34,71.0,,7,,,,,,,,,,,,,,,,,,,,2016-07
2016-07-19,3617,碩天,其他電子業,移出,掉出掃描母體,71.39,72.0,,4,,,,,,,,,,,,,,,,,,,,2016-07
2016-07-20,3546,宇峻,文化創意業,進榜,觸發,17.86,94.0,2.0,0,,38.5,0.2,37.9,-1.2,,,,,18.1,1.2,36.9,0.0,36.3,-1.6,,,,,2016-07
2016-07-20,3546,宇峻,文化創意業,觸發,進榜即觸發,17.86,94.0,2.0,0,17.86,38.5,0.2,37.9,-1.2,,,,,18.1,1.2,36.9,0.0,36.3,-1.6,,,,,2016-07
2016-07-20,8070,長華*,電子工業,進榜,觸發,6.07,83.0,1.0,0,,9.2,0.2,20.6,-1.2,,,,,6.1,0.0,9.2,0.0,20.6,-1.6,,,,,2016-07
2016-07-20,8070,長華*,電子工業,觸發,進榜即觸發,6.07,83.0,1.0,0,6.07,9.2,0.2,20.6,-1.2,,,,,6.1,0.0,9.2,0.0,20.6,-1.6,,,,,2016-07
2016-07-20,4935,茂林-KY,光電業,進榜,準備,50.05,80.0,2.0,0,,15.5,0.2,-12.0,-1.2,,,,,50.7,1.3,14.0,0.0,-13.1,-1.6,,,,,2016-07
2016-07-20,1419,新紡,紡織纖維,進榜,準備,32.52,73.0,1.0,0,,-1.0,0.2,-9.6,-1.2,,,,,32.5,0.0,-1.0,0.0,-9.6,-1.6,,,,,2016-07
2016-07-20,2356,英業達,電子工業,進榜,準備,15.05,73.0,2.0,0,,-3.8,0.2,2.6,-1.2,,,,,15.1,0.4,-4.2,0.0,2.2,-1.6,,,,,2016-07
2016-07-20,2395,研華,電子工業,進榜,準備,149.73,72.0,1.0,0,,0.2,0.2,0.4,-1.2,,,,,150.3,0.4,-0.2,0.0,0.0,-1.6,,,,,2016-07
2016-07-20,2912,統一超,貿易百貨,移出,掉出掃描母體,177.62,72.0,,28,,,,,,,,,,,,,,,,,,,,2016-07
2016-07-20,9938,百和,其他,移出,掉出掃描母體,61.84,72.0,,5,,,,,,,,,,,,,,,,,,,,2016-07
2016-07-20,5443,均豪,光電業,移出,掉出掃描母體,11.24,71.0,,1,,,,,,,,,,,,,,,,,,,,2016-07
2016-07-20,8437,大地-KY,其他,移出,掉出掃描母體,97.29,74.0,,46,,,,,,,,,,,,,,,,,,,,2016-07
2016-07-20,8436,大江,生技醫療業,移出,掉出掃描母體,64.1,73.0,,7,,,,,,,,,,,,,,,,,,,,2016-07
2016-07-21,6116,彩晶,電子工業,進榜,準備,4.6,96.0,1.0,0,,-8.9,-0.0,31.1,-1.7,,,,,4.5,-1.7,-7.4,-0.1,33.3,-1.8,,,,,2016-07
2016-07-21,1262,綠悅-KY,其他,進榜,準備,135.37,82.0,1.0,0,,-7.1,-0.0,13.1,-1.7,,,,,134.1,-1.0,-6.2,-0.1,14.2,-1.8,,,,,2016-07
2016-07-21,2382,廣達,電子工業,進榜,準備,37.07,77.0,1.0,0,,-3.3,-0.0,3.1,-1.7,,,,,36.7,-0.9,-2.4,-0.1,4.0,-1.8,,,,,2016-07
2016-07-21,2376,技嘉,電子工業,進榜,準備,23.61,75.0,2.0,0,,10.3,-0.0,3.3,-1.7,,,,,23.7,0.4,9.9,-0.1,2.9,-1.8,,,,,2016-07
2016-07-21,2344,華邦電,半導體業,進榜,準備,7.34,71.0,2.0,0,,1.9,-0.0,3.3,-1.7,,,,,7.3,-0.2,2.2,-0.1,3.5,-1.8,,,,,2016-07
2016-07-21,1568,倉佑,汽車工業,移出,掉出掃描母體,19.23,75.0,,2,,,,,,,,,,,,,,,,,,,,2016-07
2016-07-21,1419,新紡,紡織纖維,移出,掉出掃描母體,32.52,73.0,,1,,,,,,,,,,,,,,,,,,,,2016-07
2016-07-21,2356,英業達,電子工業,移出,掉出掃描母體,15.05,73.0,,1,,,,,,,,,,,,,,,,,,,,2016-07
2016-07-21,2395,研華,電子工業,移出,掉出掃描母體,149.73,72.0,,1,,,,,,,,,,,,,,,,,,,,2016-07
2016-07-21,4129,聯合,生技醫療業,移出,掉出掃描母體,61.37,76.0,,30,,,,,,,,,,,,,,,,,,,,2016-07
2016-07-21,8016,矽創,半導體業,移出,掉出掃描母體,54.5,71.0,,10,,,,,,,,,,,,,,,,,,,,2016-07
2016-07-22,2633,台灣高鐵,航運業,進榜,準備,11.69,79.0,2.0,0,,-1.6,-0.4,20.9,-1.2,,,,,11.7,-0.3,-1.3,-0.6,21.2,-1.5,,,,,2016-07
2016-07-22,2355,敬鵬,電子工業,移出,掉出掃描母體,48.26,72.0,,8,,,,,,,,,,,,,,,,,,,,2016-07
2016-07-22,2330,台積電,半導體業,移出,掉出掃描母體,134.88,72.0,,3,,,,,,,,,,,,,,,,,,,,2016-07
2016-07-22,1262,綠悅-KY,其他,移出,掉出掃描母體,135.37,82.0,,1,,,,,,,,,,,,,,,,,,,,2016-07
2016-07-22,2382,廣達,電子工業,移出,掉出掃描母體,37.07,77.0,,1,,,,,,,,,,,,,,,,,,,,2016-07
2016-07-22,2344,華邦電,半導體業,移出,掉出掃描母體,7.34,71.0,,1,,,,,,,,,,,,,,,,,,,,2016-07
2016-07-22,1210,大成,食品工業,移出,掉出掃描母體,14.77,82.0,,48,,,,,,,,,,,,,,,,,,,,2016-07
2016-07-25,6173,信昌電,電子零組件業,進榜,準備,11.68,90.0,2.0,0,,10.0,-0.5,16.0,-0.8,,,,,11.8,0.7,9.3,-0.6,15.2,-1.0,,,,,2016-07
2016-07-25,5443,均豪,光電業,進榜,準備,11.53,83.0,3.0,0,,14.9,-0.5,11.8,-0.8,,,,,11.4,-0.8,15.8,-0.6,12.8,-1.0,,,,,2016-07
2016-07-25,2355,敬鵬,電子工業,進榜,準備,48.82,74.0,1.0,0,,7.3,-0.5,-7.6,-0.8,,,,,48.7,-0.1,7.5,-0.6,-7.5,-1.0,,,,,2016-07
2016-07-25,2330,台積電,半導體業,進榜,準備,134.49,72.0,1.0,0,,0.9,-0.5,9.9,-0.8,,,,,134.9,0.3,0.6,-0.6,9.6,-1.0,,,,,2016-07
2016-07-25,2344,華邦電,半導體業,進榜,準備,7.27,72.0,2.0,0,,4.0,-0.5,5.8,-0.8,,,,,7.3,0.6,3.4,-0.6,5.2,-1.0,,,,,2016-07
2016-07-25,2228,劍麟,汽車工業,移出,掉出掃描母體,134.07,72.0,,33,,,,,,,,,,,,,,,,,,,,2016-07
2016-07-25,5349,先豐,電子零組件業,移出,掉出掃描母體,43.57,84.0,,20,,,,,,,,,,,,,,,,,,,,2016-07
2016-07-26,4984,科納-KY,通信網路業,進榜,觸發,64.58,97.0,6.0,0,,4.0,-0.4,-17.5,-0.9,,,,,65.9,2.0,2.0,-0.7,-19.1,-1.2,,,,,2016-07
2016-07-26,4984,科納-KY,通信網路業,觸發,進榜即觸發,64.58,97.0,6.0,0,64.58,4.0,-0.4,-17.5,-0.9,,,,,65.9,2.0,2.0,-0.7,-19.1,-1.2,,,,,2016-07
2016-07-26,2542,興富發,建材營造,進榜,準備,19.4,86.0,1.0,0,,-3.6,-0.4,-4.7,-0.9,,,,,19.5,0.6,-4.2,-0.7,-5.2,-1.2,,,,,2016-07
2016-07-26,8042,金山電,電子零組件業,進榜,準備,32.67,76.0,1.0,0,,0.5,-0.4,6.4,-0.9,,,,,32.5,-0.6,1.1,-0.7,7.1,-1.2,,,,,2016-07
2016-07-26,5534,長虹,建材營造,移出,掉出掃描母體,27.19,70.0,,52,,,,,,,,,,,,,,,,,,,,2016-07
2016-07-26,4728,雙美,生技醫療業,移出,晚期未觸發,38.91,79.0,,35,,,,,,,,,,,,,,,,,,,,2016-07
2016-07-26,9933,中鼎,其他,移出,掉出掃描母體,27.15,75.0,,19,,,,,,,,,,,,,,,,,,,,2016-07
2016-07-26,2439,美律,通信網路業,移出,掉出掃描母體,46.98,92.0,,7,,,,,,,,,,,,,,,,,,,,2016-07
2016-07-27,3522,御頂,觀光事業,進榜,觸發,72.74,100.0,2.0,0,,17.3,-0.4,-7.3,-0.7,,,,,75.2,3.4,13.5,-0.6,-10.3,-0.9,,,,,2016-07
2016-07-27,3522,御頂,觀光事業,觸發,進榜即觸發,72.74,100.0,2.0,0,72.74,17.3,-0.4,-7.3,-0.7,,,,,75.2,3.4,13.5,-0.6,-10.3,-0.9,,,,,2016-07
2016-07-27,3008,大立光,光電業,進榜,準備,2615.29,95.0,1.0,0,,5.2,-0.4,7.5,-0.7,,,,,2622.7,0.3,4.9,-0.6,7.2,-0.9,,,,,2016-07
2016-07-27,8446,華研,文化創意業,進榜,準備,58.3,82.0,2.0,0,,-1.1,-0.4,-15.5,-0.7,,,,,59.0,1.1,-2.2,-0.6,-16.4,-0.9,,,,,2016-07
2016-07-27,6138,茂達,半導體業,進榜,準備,22.55,79.0,2.0,0,,-2.8,-0.4,6.0,-0.7,,,,,22.6,0.2,-2.9,-0.6,5.8,-0.9,,,,,2016-07
2016-07-27,8069,元太,光電業,進榜,準備,12.95,71.0,3.0,0,,26.5,-0.4,47.0,-0.7,,,,,13.1,1.1,25.2,-0.6,45.4,-0.9,,,,,2016-07
2016-07-27,2330,台積電,半導體業,移出,掉出掃描母體,135.67,70.0,,2,,,,,,,,,,,,,,,,,,,,2016-07
2016-07-27,3221,台嘉碩,通信網路業,移出,掉出掃描母體,19.9,77.0,,40,,,,,,,,,,,,,,,,,,,,2016-07
2016-07-27,2103,台橡,橡膠工業,移出,掉出掃描母體,19.41,74.0,,35,,,,,,,,,,,,,,,,,,,,2016-07
2016-07-27,2312,金寶,其他電子業,移出,掉出掃描母體,9.25,71.0,,8,,,,,,,,,,,,,,,,,,,,2016-07
2016-07-28,2449,京元電子,半導體業,進榜,觸發,17.28,76.0,1.0,0,,0.2,0.0,-2.9,-0.7,,,,,17.9,3.3,-3.0,-0.2,-6.0,-0.7,,,,,2016-07
2016-07-28,2449,京元電子,半導體業,觸發,進榜即觸發,17.28,76.0,1.0,0,17.28,0.2,0.0,-2.9,-0.7,,,,,17.9,3.3,-3.0,-0.2,-6.0,-0.7,,,,,2016-07
2016-07-28,3032,偉訓,電子工業,進榜,準備,23.2,93.0,2.0,0,,4.6,0.0,12.2,-0.7,,,,,24.1,3.8,0.7,-0.2,8.0,-0.7,,,,,2016-07
2016-07-28,6239,力成,半導體業,進榜,準備,49.98,75.0,2.0,0,,0.9,0.0,9.1,-0.7,,,,,49.9,-0.2,1.1,-0.2,9.4,-0.7,,,,,2016-07
2016-07-28,3005,神基,電子工業,進榜,準備,12.93,74.0,1.0,0,,17.8,0.0,79.9,-0.7,,,,,13.2,2.1,15.3,-0.2,76.1,-0.7,,,,,2016-07
2016-07-28,2330,台積電,半導體業,進榜,準備,138.41,73.0,1.0,0,,0.3,0.0,8.5,-0.7,,,,,138.8,0.3,0.0,-0.2,8.2,-0.7,,,,,2016-07
2016-07-28,3526,凡甲,電子零組件業,移出,離高點太遠,35.81,98.0,,27,,,,,,,,,,,,,,,,,,,,2016-07
2016-07-28,8450,霹靂,文化創意業,移出,離高點太遠,91.38,79.0,,27,,,,,,,,,,,,,,,,,,,,2016-07
2016-07-28,1721,三晃,化學工業,移出,掉出掃描母體,14.17,80.0,,21,,,,,,,,,,,,,,,,,,,,2016-07
2016-07-28,2633,台灣高鐵,航運業,移出,掉出掃描母體,11.31,73.0,,6,,,,,,,,,,,,,,,,,,,,2016-07
2016-07-28,3522,御頂,觀光事業,移出,突破失敗,65.51,100.0,,1,,,,,,,,,,,,,,,,,,,,2016-07
2016-07-29,2492,華新科,電子工業,進榜,觸發,27.28,96.0,4.0,0,,-6.2,0.0,7.3,-1.0,,,,,27.3,0.1,-6.3,0.0,7.2,-1.2,,,,,2016-07
2016-07-29,2492,華新科,電子工業,觸發,進榜即觸發,27.28,96.0,4.0,0,27.28,-6.2,0.0,7.3,-1.0,,,,,27.3,0.1,-6.3,0.0,7.2,-1.2,,,,,2016-07
2016-07-29,2409,友達,光電業,進榜,準備,9.08,87.0,1.0,0,,-0.8,0.0,-0.8,-1.0,,,,,9.2,0.8,-1.5,0.0,-1.5,-1.2,,,,,2016-07
2016-07-29,5904,寶雅,貿易百貨,進榜,準備,24.97,76.0,1.0,0,,17.9,0.0,19.4,-1.0,,,,,24.7,-1.1,19.3,0.0,20.8,-1.2,,,,,2016-07
2016-07-29,4919,新唐,半導體業,進榜,準備,24.21,75.0,2.0,0,,9.4,0.0,5.3,-1.0,,,,,24.5,1.4,8.0,0.0,3.9,-1.2,,,,,2016-07
2016-07-29,2344,華邦電,半導體業,移出,掉出掃描母體,7.47,74.0,,4,,,,,,,,,,,,,,,,,,,,2016-07
2016-07-29,2545,皇翔,建材營造,移出,掉出掃描母體,15.24,92.0,,51,,,,,,,,,,,,,,,,,,,,2016-07
2016-07-29,3092,鴻碩,電子零組件業,移出,離高點太遠,17.22,100.0,,28,,,,,,,,,,,,,,,,,,,,2016-07
2016-07-29,3023,信邦,電子零組件業,移出,掉出掃描母體,50.35,71.0,,10,,,,,,,,,,,,,,,,,,,,2016-07
2016-08-01,3548,兆利,電子零組件業,進榜,觸發,43.75,99.0,4.0,0,,10.4,-0.2,-8.7,-1.4,,,,,44.6,1.9,8.4,-0.4,-10.4,-1.7,,,,,2016-08
2016-08-01,3548,兆利,電子零組件業,觸發,進榜即觸發,43.75,99.0,4.0,0,43.75,10.4,-0.2,-8.7,-1.4,,,,,44.6,1.9,8.4,-0.4,-10.4,-1.7,,,,,2016-08
2016-08-01,6462,神盾,半導體業,進榜,觸發,144.27,88.0,5.0,0,,8.8,-0.2,9.8,-1.4,,,,,146.0,1.2,7.5,-0.4,8.5,-1.7,,,,,2016-08
2016-08-01,6462,神盾,半導體業,觸發,進榜即觸發,144.27,88.0,5.0,0,144.27,8.8,-0.2,9.8,-1.4,,,,,146.0,1.2,7.5,-0.4,8.5,-1.7,,,,,2016-08
2016-08-01,1605,華新,電器電纜,進榜,觸發,6.59,79.0,2.0,0,,0.0,-0.2,11.2,-1.4,,,,,6.6,0.0,0.0,-0.4,11.2,-1.7,,,,,2016-08
2016-08-01,1605,華新,電器電纜,觸發,進榜即觸發,6.59,79.0,2.0,0,6.59,0.0,-0.2,11.2,-1.4,,,,,6.6,0.0,0.0,-0.4,11.2,-1.7,,,,,2016-08
2016-08-01,3522,御頂,觀光事業,進榜,準備,75.35,100.0,2.0,0,,9.2,-0.2,-12.6,-1.4,,,,,76.9,2.0,7.0,-0.4,-14.3,-1.7,,,,,2016-08
2016-08-01,2105,正新,橡膠工業,進榜,準備,45.88,70.0,1.0,0,,1.0,-0.2,-4.0,-1.4,,,,,46.6,1.5,-0.4,-0.4,-5.4,-1.7,,,,,2016-08
2016-08-01,8446,華研,文化創意業,觸發,等待後觸發,60.06,81.0,2.0,5,60.06,-5.1,-0.2,-14.7,-1.4,,,,,59.8,-0.4,-4.8,-0.4,-14.3,-1.7,,,,,2016-08
2016-08-01,1563,巧新,電機機械,移出,逾期,189.17,97.0,,58,,,,,,,,,,,,,,,,,,,,2016-08
2016-08-01,5904,寶雅,貿易百貨,移出,掉出掃描母體,24.97,76.0,,3,,,,,,,,,,,,,,,,,,,,2016-08
2016-08-01,2489,瑞軒,光電業,移出,逾期,18.44,83.0,,58,,,,,,,,,,,,,,,,,,,,2016-08
2016-08-01,4534,慶騰,電機機械,移出,逾期,37.54,100.0,,58,,,,,,,,,,,,,,,,,,,,2016-08
2016-08-01,2301,光寶科,電腦及週邊設備業,移出,逾期,26.3,83.0,,58,,,,,,,,,,,,,,,,,,,,2016-08
2016-08-01,4916,事欣科,電腦及週邊設備業,移出,逾期,33.75,99.0,,58,,,,,,,,,,,,,,,,,,,,2016-08
2016-08-01,3527,聚積,半導體業,移出,逾期,44.07,91.0,,58,,,,,,,,,,,,,,,,,,,,2016-08
2016-08-01,4746,台耀,化學生技醫療,移出,逾期,77.26,82.0,,58,,,,,,,,,,,,,,,,,,,,2016-08
2016-08-02,2228,劍麟,汽車工業,進榜,準備,141.03,74.0,3.0,0,,-3.4,-0.4,-17.0,-1.8,,,,,137.7,-2.4,-1.1,0.0,-15.0,-1.5,,,,,2016-08
2016-08-02,3454,晶睿,光電業,進榜,準備,65.53,72.0,2.0,0,,-4.6,-0.4,-17.0,-1.8,,,,,64.7,-1.3,-3.3,0.0,-15.9,-1.5,,,,,2016-08
2016-08-02,2436,偉詮電,半導體業,進榜,準備,20.33,71.0,1.0,0,,0.8,-0.4,-5.9,-1.8,,,,,20.0,-1.7,2.6,0.0,-4.3,-1.5,,,,,2016-08
2016-08-02,5904,寶雅,貿易百貨,進榜,準備,25.16,70.0,1.0,0,,16.5,-0.4,15.9,-1.8,,,,,24.8,-1.3,18.0,0.0,17.4,-1.5,,,,,2016-08
2016-08-02,3540,曜越,電腦及週邊設備業,觸發,等待後觸發,14.77,98.0,3.0,29,12.74,-15.9,-0.4,2.8,-1.8,,,,,14.6,-1.1,-15.0,0.0,3.9,-1.5,,,,,2016-08
2016-08-02,2355,敬鵬,電子工業,移出,掉出掃描母體,48.75,71.0,,8,,,,,,,,,,,,,,,,,,,,2016-08
2016-08-02,8042,金山電,電子零組件業,移出,掉出掃描母體,33.04,72.0,,7,,,,,,,,,,,,,,,,,,,,2016-08
2016-08-03,6510,精測,半導體業,進榜,觸發,750.51,96.0,4.0,0,,20.8,-0.3,19.7,-2.0,,,,,763.5,1.7,18.8,-0.5,17.6,-2.3,,,,,2016-08
2016-08-03,6510,精測,半導體業,觸發,進榜即觸發,750.51,96.0,4.0,0,750.51,20.8,-0.3,19.7,-2.0,,,,,763.5,1.7,18.8,-0.5,17.6,-2.3,,,,,2016-08
2016-08-03,2360,致茂,其他電子業,進榜,觸發,64.6,73.0,2.0,0,,-2.0,-0.3,-4.1,-2.0,,,,,65.1,0.7,-2.6,-0.5,-4.8,-2.3,,,,,2016-08
2016-08-03,2360,致茂,其他電子業,觸發,進榜即觸發,64.6,73.0,2.0,0,64.6,-2.0,-0.3,-4.1,-2.0,,,,,65.1,0.7,-2.6,-0.5,-4.8,-2.3,,,,,2016-08
2016-08-03,5439,高技,電子零組件業,進榜,準備,19.31,94.0,2.0,0,,-1.1,-0.3,-6.1,-2.0,,,,,19.3,0.2,-1.3,-0.5,-6.3,-2.3,,,,,2016-08
2016-08-03,6230,尼得科超眾,電子工業,進榜,準備,139.27,80.0,2.0,0,,12.1,-0.3,-14.9,-2.0,,,,,139.3,0.0,12.1,-0.5,-14.9,-2.3,,,,,2016-08
2016-08-03,2340,台亞,光電業,進榜,準備,11.98,79.0,1.0,0,,5.8,-0.3,3.5,-2.0,,,,,12.2,1.5,4.2,-0.5,1.9,-2.3,,,,,2016-08
2016-08-03,2456,奇力新,電子零組件業,進榜,準備,76.13,71.0,3.0,0,,-1.6,-0.3,-2.7,-2.0,,,,,76.7,0.7,-2.3,-0.5,-3.4,-2.3,,,,,2016-08
2016-08-03,8050,廣積,電腦及週邊設備業,移出,掉出掃描母體,36.41,74.0,,44,,,,,,,,,,,,,,,,,,,,2016-08
2016-08-03,2472,立隆電,電子工業,移出,掉出掃描母體,25.2,73.0,,21,,,,,,,,,,,,,,,,,,,,2016-08
2016-08-03,2330,台積電,半導體業,移出,掉出掃描母體,138.02,72.0,,6,,,,,,,,,,,,,,,,,,,,2016-08
2016-08-03,3454,晶睿,光電業,移出,掉出掃描母體,65.53,72.0,,1,,,,,,,,,,,,,,,,,,,,2016-08
2016-08-03,2436,偉詮電,半導體業,移出,掉出掃描母體,20.33,71.0,,1,,,,,,,,,,,,,,,,,,,,2016-08
2016-08-03,3702,大聯大,電子工業,移出,掉出掃描母體,24.48,75.0,,23,,,,,,,,,,,,,,,,,,,,2016-08
2016-08-04,6188,廣明,電腦及週邊設備業,進榜,觸發,18.57,77.0,1.0,0,,8.9,-0.7,2.5,-3.1,,,,,19.1,2.9,5.9,-0.9,-0.3,-3.3,,,,,2016-08
2016-08-04,6188,廣明,電腦及週邊設備業,觸發,進榜即觸發,18.57,77.0,1.0,0,18.57,8.9,-0.7,2.5,-3.1,,,,,19.1,2.9,5.9,-0.9,-0.3,-3.3,,,,,2016-08
2016-08-04,3236,千如,電子零組件業,進榜,準備,11.91,96.0,3.0,0,,5.8,-0.7,14.3,-3.1,,,,,11.9,0.0,5.8,-0.9,14.3,-3.3,,,,,2016-08
2016-08-04,4999,鑫禾,電子零組件業,進榜,準備,34.43,88.0,1.0,0,,-0.4,-0.7,-2.8,-3.1,,,,,34.1,-0.9,0.5,-0.9,-2.0,-3.3,,,,,2016-08
2016-08-04,2472,立隆電,電子工業,進榜,準備,25.98,75.0,2.0,0,,-2.1,-0.7,-7.0,-3.1,,,,,26.1,0.5,-2.6,-0.9,-7.5,-3.3,,,,,2016-08
2016-08-04,2456,奇力新,電子零組件業,移出,掉出掃描母體,76.13,71.0,,1,,,,,,,,,,,,,,,,,,,,2016-08
2016-08-04,6485,點序,半導體業,移出,掉出掃描母體,44.87,90.0,,30,,,,,,,,,,,,,,,,,,,,2016-08
2016-08-04,8069,元太,光電業,移出,掉出掃描母體,12.74,72.0,,8,,,,,,,,,,,,,,,,,,,,2016-08
2016-08-05,3596,智易,通信網路業,進榜,觸發,41.42,96.0,4.0,0,,-4.6,-1.4,-24.3,-4.1,,,,,41.5,0.3,-4.9,-1.8,-24.5,-4.4,,,,,2016-08
2016-08-05,3596,智易,通信網路業,觸發,進榜即觸發,41.42,96.0,4.0,0,41.42,-4.6,-1.4,-24.3,-4.1,,,,,41.5,0.3,-4.9,-1.8,-24.5,-4.4,,,,,2016-08
2016-08-05,4952,凌通,電子工業,進榜,準備,25.04,74.0,2.0,0,,-10.6,-1.4,-17.2,-4.1,,,,,25.3,0.9,-11.4,-1.8,-17.9,-4.4,,,,,2016-08
2016-08-05,2330,台積電,半導體業,進榜,準備,138.8,70.0,1.0,0,,-1.4,-1.4,4.2,-4.1,,,,,139.6,0.6,-2.0,-1.8,3.7,-4.4,,,,,2016-08
2016-08-05,5347,世界,半導體業,移出,掉出掃描母體,34.66,73.0,,37,,,,,,,,,,,,,,,,,,,,2016-08
2016-08-05,3231,緯創,電子工業,移出,掉出掃描母體,12.41,75.0,,31,,,,,,,,,,,,,,,,,,,,2016-08
2016-08-05,4935,茂林-KY,光電業,移出,掉出掃描母體,59.14,91.0,,16,,,,,,,,,,,,,,,,,,,,2016-08
2016-08-08,2439,美律,通信網路業,進榜,觸發,61.16,98.0,3.0,0,,7.9,-1.2,7.5,-4.3,,,,,61.7,0.9,6.9,-1.2,6.5,-4.4,,,,,2016-08
2016-08-08,2439,美律,通信網路業,觸發,進榜即觸發,61.16,98.0,3.0,0,61.16,7.9,-1.2,7.5,-4.3,,,,,61.7,0.9,6.9,-1.2,6.5,-4.4,,,,,2016-08
2016-08-08,8358,金居,電子零組件業,進榜,準備,16.49,99.0,2.0,0,,5.8,-1.2,14.4,-4.3,,,,,16.7,1.0,4.8,-1.2,13.3,-4.4,,,,,2016-08
2016-08-08,3617,碩天,其他電子業,進榜,準備,78.61,70.0,2.0,0,,-4.6,-1.2,-33.0,-4.3,,,,,80.1,1.9,-6.4,-1.2,-34.2,-4.4,,,,,2016-08
2016-08-08,2105,正新,橡膠工業,觸發,等待後觸發,48.74,76.0,1.0,7,46.02,-5.0,-1.2,-10.0,-4.3,,,,,48.7,0.0,-5.0,-1.2,-10.0,-4.4,,,,,2016-08
2016-08-08,1815,富喬,電子零組件業,觸發,等待後觸發,11.24,85.0,1.0,20,10.98,-9.7,-1.2,-13.5,-4.3,,,,,11.7,3.8,-13.0,-1.2,-16.7,-4.4,,,,,2016-08
2016-08-08,3005,神基,電子工業,移出,掉出掃描母體,13.51,72.0,,11,,,,,,,,,,,,,,,,,,,,2016-08
2016-08-08,6239,力成,半導體業,移出,掉出掃描母體,50.35,71.0,,11,,,,,,,,,,,,,,,,,,,,2016-08
2016-08-08,1605,華新,電器電纜,移出,掉出掃描母體,6.66,72.0,,7,,,,,,,,,,,,,,,,,,,,2016-08
2016-08-08,2472,立隆電,電子工業,移出,掉出掃描母體,26.04,74.0,,4,,,,,,,,,,,,,,,,,,,,2016-08
2016-08-08,2330,台積電,半導體業,移出,掉出掃描母體,138.8,70.0,,3,,,,,,,,,,,,,,,,,,,,2016-08
2016-08-08,8210,勤誠,電子工業,移出,掉出掃描母體,38.12,80.0,,63,,,,,,,,,,,,,,,,,,,,2016-08
2016-08-08,2376,技嘉,電子工業,移出,掉出掃描母體,24.86,73.0,,18,,,,,,,,,,,,,,,,,,,,2016-08
2016-08-09,3526,凡甲,電子零組件業,進榜,準備,43.82,99.0,3.0,0,,41.4,-0.5,15.4,-3.5,,,,,44.1,0.6,40.5,-0.5,14.6,-3.7,,,,,2016-08
2016-08-09,2330,台積電,半導體業,進榜,準備,139.98,73.0,1.0,0,,0.3,-0.5,5.9,-3.5,,,,,140.4,0.3,0.0,-0.5,5.6,-3.7,,,,,2016-08
2016-08-09,1605,華新,電器電纜,進榜,準備,6.63,72.0,2.0,0,,2.5,-0.5,13.2,-3.5,,,,,6.6,0.0,2.5,-0.5,13.2,-3.7,,,,,2016-08
2016-08-09,3005,神基,電子工業,進榜,準備,13.57,72.0,1.0,0,,31.8,-0.5,62.9,-3.5,,,,,13.6,0.2,31.6,-0.5,62.5,-3.7,,,,,2016-08
2016-08-09,6239,力成,半導體業,進榜,準備,49.8,72.0,2.0,0,,2.3,-0.5,6.3,-3.5,,,,,50.2,0.7,1.6,-0.5,5.6,-3.7,,,,,2016-08
2016-08-09,3702,大聯大,電子工業,進榜,準備,23.93,71.0,1.0,0,,-4.1,-0.5,-3.6,-3.5,,,,,23.8,-0.5,-3.6,-0.5,-3.1,-3.7,,,,,2016-08
2016-08-09,4919,新唐,半導體業,移出,掉出掃描母體,25.6,77.0,,11,,,,,,,,,,,,,,,,,,,,2016-08
2016-08-09,4952,凌通,電子工業,移出,掉出掃描母體,24.9,73.0,,4,,,,,,,,,,,,,,,,,,,,2016-08
2016-08-09,5434,崇越,電子工業,移出,逾期,44.06,83.0,,56,,,,,,,,,,,,,,,,,,,,2016-08
2016-08-09,6160,欣技,電腦及週邊設備業,移出,掉出掃描母體,29.66,97.0,,25,,,,,,,,,,,,,,,,,,,,2016-08
2016-08-09,3596,智易,通信網路業,移出,突破失敗,37.9,93.0,,4,,,,,,,,,,,,,,,,,,,,2016-08
2016-08-10,3596,智易,通信網路業,進榜,觸發,41.66,96.0,4.0,0,,-3.4,-0.1,-22.0,-3.4,,,,,40.5,-2.9,-0.6,0.0,-19.7,-3.5,,,,,2016-08
2016-08-10,3596,智易,通信網路業,觸發,進榜即觸發,41.66,96.0,4.0,0,41.66,-3.4,-0.1,-22.0,-3.4,,,,,40.5,-2.9,-0.6,0.0,-19.7,-3.5,,,,,2016-08
2016-08-10,2545,皇翔,建材營造,進榜,準備,16.02,94.0,2.0,0,,7.8,-0.1,3.5,-3.4,,,,,16.1,0.5,7.3,0.0,3.0,-3.5,,,,,2016-08
2016-08-10,2472,立隆電,電子工業,進榜,準備,25.91,76.0,2.0,0,,-3.1,-0.1,-7.2,-3.4,,,,,25.0,-3.5,0.4,0.0,-3.8,-3.5,,,,,2016-08
2016-08-10,8069,元太,光電業,進榜,準備,13.33,76.0,3.0,0,,26.6,-0.1,37.2,-3.4,,,,,13.4,0.3,26.2,0.0,36.8,-3.5,,,,,2016-08
2016-08-10,4919,新唐,半導體業,進榜,準備,25.83,71.0,2.0,0,,5.7,-0.1,-1.8,-3.4,,,,,25.9,0.3,5.4,0.0,-2.1,-3.5,,,,,2016-08
2016-08-10,8050,廣積,電腦及週邊設備業,進榜,準備,36.3,71.0,1.0,0,,15.8,-0.1,2.5,-3.4,,,,,36.5,0.6,15.1,0.0,1.9,-3.5,,,,,2016-08
2016-08-10,4141,龍燈-KY,生技醫療業,觸發,等待後觸發,43.89,86.0,1.0,34,41.15,-14.6,-0.1,-25.5,-3.4,,,,,40.9,-6.8,-8.3,0.0,-20.1,-3.5,,,,,2016-08
2016-08-10,3617,碩天,其他電子業,移出,掉出掃描母體,81.02,74.0,,2,,,,,,,,,,,,,,,,,,,,2016-08
2016-08-10,3702,大聯大,電子工業,移出,掉出掃描母體,23.93,71.0,,1,,,,,,,,,,,,,,,,,,,,2016-08
2016-08-10,8446,華研,文化創意業,移出,掉出掃描母體,58.3,72.0,,14,,,,,,,,,,,,,,,,,,,,2016-08
2016-08-10,2360,致茂,其他電子業,移出,掉出掃描母體,65.5,73.0,,7,,,,,,,,,,,,,,,,,,,,2016-08
2016-08-11,3520,華盈,電子零組件業,進榜,準備,230.33,92.0,1.0,0,,-2.7,0.7,-35.6,-5.1,,,,,230.3,0.0,-2.7,0.6,-35.6,-5.4,,,,,2016-08
2016-08-11,1210,大成,食品工業,進榜,準備,15.03,78.0,3.0,0,,-3.5,0.7,-2.8,-5.1,,,,,15.2,0.9,-4.3,0.6,-3.6,-5.4,,,,,2016-08
2016-08-11,8050,廣積,電腦及週邊設備業,觸發,等待後觸發,36.97,73.0,1.0,1,36.81,14.8,0.7,-5.0,-5.1,,,,,37.4,1.1,13.6,0.6,-6.0,-5.4,,,,,2016-08
2016-08-11,2472,立隆電,電子工業,移出,掉出掃描母體,25.91,76.0,,1,,,,,,,,,,,,,,,,,,,,2016-08
2016-08-11,4919,新唐,半導體業,移出,掉出掃描母體,25.83,71.0,,1,,,,,,,,,,,,,,,,,,,,2016-08
2016-08-11,8271,宇瞻,半導體業,移出,掉出掃描母體,20.17,92.0,,56,,,,,,,,,,,,,,,,,,,,2016-08
2016-08-11,3540,曜越,電腦及週邊設備業,移出,離高點太遠,12.77,90.0,,38,,,,,,,,,,,,,,,,,,,,2016-08
2016-08-11,6196,帆宣,其他電子業,移出,掉出掃描母體,19.73,72.0,,28,,,,,,,,,,,,,,,,,,,,2016-08
2016-08-11,6274,台燿,電子零組件業,移出,掉出掃描母體,25.52,89.0,,27,,,,,,,,,,,,,,,,,,,,2016-08
2016-08-11,2228,劍麟,汽車工業,移出,晚期未觸發,139.82,77.0,,9,,,,,,,,,,,,,,,,,,,,2016-08
2016-08-11,3596,智易,通信網路業,移出,突破失敗,38.14,94.0,,1,,,,,,,,,,,,,,,,,,,,2016-08
2016-08-12,4919,新唐,半導體業,進榜,準備,26.19,75.0,2.0,0,,4.5,0.6,-5.4,-3.5,,,,,26.4,0.8,3.7,0.5,-6.2,-3.5,,,,,2016-08
2016-08-12,8042,金山電,電子零組件業,進榜,準備,33.78,75.0,1.0,0,,1.6,0.6,9.5,-3.5,,,,,33.7,-0.2,1.8,0.5,9.7,-3.5,,,,,2016-08
2016-08-12,3036,文曄,電子工業,進榜,準備,24.6,73.0,1.0,0,,2.6,0.6,6.1,-3.5,,,,,24.7,0.5,2.1,0.5,5.6,-3.5,,,,,2016-08
2016-08-12,1605,華新,電器電纜,移出,掉出掃描母體,6.59,71.0,,3,,,,,,,,,,,,,,,,,,,,2016-08
2016-08-12,6187,萬潤,其他電子類,移出,掉出掃描母體,45.2,91.0,,69,,,,,,,,,,,,,,,,,,,,2016-08
2016-08-12,4551,智伸科,汽車工業,移出,掉出掃描母體,84.62,93.0,,65,,,,,,,,,,,,,,,,,,,,2016-08
2016-08-12,3546,宇峻,文化創意業,移出,離高點太遠,25.2,99.0,,23,,,,,,,,,,,,,,,,,,,,2016-08
2016-08-12,2449,京元電子,半導體業,移出,掉出掃描母體,17.88,72.0,,15,,,,,,,,,,,,,,,,,,,,2016-08
2016-08-12,2105,正新,橡膠工業,移出,掉出掃描母體,47.31,72.0,,11,,,,,,,,,,,,,,,,,,,,2016-08
2016-08-15,6271,同欣電,半導體業,進榜,觸發,98.19,89.0,4.0,0,,-4.4,0.2,-25.4,-4.0,,,,,97.8,-0.4,-4.0,0.0,-25.1,-4.3,,,,,2016-08
2016-08-15,6271,同欣電,半導體業,觸發,進榜即觸發,98.19,89.0,4.0,0,98.19,-4.4,0.2,-25.4,-4.0,,,,,97.8,-0.4,-4.0,0.0,-25.1,-4.3,,,,,2016-08
2016-08-15,1563,巧新,電機機械,進榜,準備,202.74,97.0,1.0,0,,-3.1,0.2,-18.4,-4.0,,,,,199.5,-1.6,-1.5,0.0,-17.0,-4.3,,,,,2016-08
2016-08-15,3679,新至陞,電子工業,進榜,準備,40.21,97.0,3.0,0,,2.2,0.2,-1.0,-4.0,,,,,41.0,2.1,0.1,0.0,-3.0,-4.3,,,,,2016-08
2016-08-15,1592,英瑞-KY,汽車工業,進榜,準備,48.77,94.0,3.0,0,,14.3,0.2,-21.5,-4.0,,,,,48.8,0.0,14.3,0.0,-21.5,-4.3,,,,,2016-08
2016-08-15,1808,潤隆,建材營造,進榜,準備,7.24,84.0,2.0,0,,-2.5,0.2,-5.4,-4.0,,,,,7.3,0.5,-3.0,0.0,-5.9,-4.3,,,,,2016-08
2016-08-15,1568,倉佑,汽車工業,進榜,準備,21.51,81.0,3.0,0,,29.7,0.2,5.3,-4.0,,,,,22.0,2.4,26.7,0.0,2.8,-4.3,,,,,2016-08
2016-08-15,5534,長虹,建材營造,進榜,準備,27.56,73.0,1.0,0,,-6.0,0.2,-1.0,-4.0,,,,,27.6,0.2,-6.2,0.0,-1.2,-4.3,,,,,2016-08
2016-08-15,2376,技嘉,電子工業,進榜,準備,25.51,72.0,2.0,0,,-1.7,0.2,-5.8,-4.0,,,,,25.7,0.9,-2.6,0.0,-6.7,-4.3,,,,,2016-08
2016-08-15,2449,京元電子,半導體業,進榜,準備,18.12,72.0,1.0,0,,-6.1,0.2,-13.1,-4.0,,,,,18.1,0.0,-6.1,0.0,-13.1,-4.3,,,,,2016-08
2016-08-15,2301,光寶科,電腦及週邊設備業,進榜,準備,26.41,71.0,1.0,0,,4.1,0.2,-10.0,-4.0,,,,,26.5,0.2,3.9,0.0,-10.2,-4.3,,,,,2016-08
2016-08-15,2456,奇力新,電子零組件業,進榜,準備,77.32,71.0,3.0,0,,-3.9,0.2,-7.7,-4.0,,,,,77.8,0.6,-4.5,0.0,-8.2,-4.3,,,,,2016-08
2016-08-15,8069,元太,光電業,觸發,等待後觸發,13.74,72.0,3.0,5,13.57,14.5,0.2,25.0,-4.0,,,,,13.8,0.8,13.6,0.0,24.1,-4.3,,,,,2016-08
2016-08-15,6239,力成,半導體業,移出,掉出掃描母體,51.99,77.0,,6,,,,,,,,,,,,,,,,,,,,2016-08
2016-08-15,4141,龍燈-KY,生技醫療業,移出,掉出掃描母體,41.29,80.0,,39,,,,,,,,,,,,,,,,,,,,2016-08
2016-08-15,3520,華盈,電子零組件業,移出,離高點太遠,197.68,73.0,,4,,,,,,,,,,,,,,,,,,,,2016-08
2016-08-16,1305,華夏,塑膠工業,進榜,準備,9.5,74.0,3.0,0,,6.1,-0.4,38.9,-4.5,,,,,9.6,0.5,5.5,-0.4,38.1,-4.5,,,,,2016-08
2016-08-16,1565,精華,生技醫療業,進榜,準備,518.07,70.0,3.0,0,,-6.7,-0.4,-24.6,-4.5,,,,,515.5,-0.5,-6.2,-0.4,-24.2,-4.5,,,,,2016-08
2016-08-16,4919,新唐,半導體業,觸發,等待後觸發,27.16,78.0,2.0,4,26.6,0.4,-0.4,-10.6,-4.5,,,,,26.8,-1.1,1.5,-0.4,-9.5,-4.5,,,,,2016-08
2016-08-16,1568,倉佑,汽車工業,觸發,等待後觸發,23.64,89.0,3.0,1,22.13,17.5,-0.4,-3.9,-4.5,,,,,23.8,0.6,16.8,-0.4,-4.5,-4.5,,,,,2016-08
2016-08-16,2330,台積電,半導體業,移出,掉出掃描母體,140.37,72.0,,7,,,,,,,,,,,,,,,,,,,,2016-08
2016-08-16,3005,神基,電子工業,移出,掉出掃描母體,13.68,71.0,,7,,,,,,,,,,,,,,,,,,,,2016-08
2016-08-16,3036,文曄,電子工業,移出,掉出掃描母體,24.71,72.0,,4,,,,,,,,,,,,,,,,,,,,2016-08
2016-08-16,5534,長虹,建材營造,移出,掉出掃描母體,27.56,73.0,,1,,,,,,,,,,,,,,,,,,,,2016-08
2016-08-16,2449,京元電子,半導體業,移出,掉出掃描母體,18.12,72.0,,1,,,,,,,,,,,,,,,,,,,,2016-08
2016-08-16,2456,奇力新,電子零組件業,移出,掉出掃描母體,77.32,71.0,,1,,,,,,,,,,,,,,,,,,,,2016-08
2016-08-16,3324,雙鴻,其他電子類,移出,離高點太遠,79.46,97.0,,28,,,,,,,,,,,,,,,,,,,,2016-08
2016-08-17,3005,神基,電子工業,進榜,準備,14.81,80.0,1.0,0,,20.7,-0.8,43.6,-4.5,,,,,14.9,0.6,20.1,-0.8,42.8,-4.5,,,,,2016-08
2016-08-17,3231,緯創,電子工業,進榜,準備,13.28,79.0,2.0,0,,-5.7,-0.8,0.7,-4.5,,,,,13.3,0.2,-5.9,-0.8,0.4,-4.5,,,,,2016-08
2016-08-17,1565,精華,生技醫療業,移出,掉出掃描母體,518.07,70.0,,1,,,,,,,,,,,,,,,,,,,,2016-08
2016-08-17,3078,僑威,電子零組件業,移出,掉出掃描母體,16.51,84.0,,70,,,,,,,,,,,,,,,,,,,,2016-08
2016-08-18,4551,智伸科,汽車工業,進榜,觸發,95.87,94.0,2.0,0,,11.0,-1.2,-0.2,-4.5,,,,,99.5,3.8,7.0,-1.4,-3.8,-4.6,,,,,2016-08
2016-08-18,4551,智伸科,汽車工業,觸發,進榜即觸發,95.87,94.0,2.0,0,95.87,11.0,-1.2,-0.2,-4.5,,,,,99.5,3.8,7.0,-1.4,-3.8,-4.6,,,,,2016-08
2016-08-18,4532,瑞智,電機機械,進榜,準備,20.39,83.0,1.0,0,,5.9,-1.2,-0.6,-4.5,,,,,20.5,0.8,5.1,-1.4,-1.3,-4.6,,,,,2016-08
2016-08-18,3036,文曄,電子工業,進榜,準備,25.52,71.0,1.0,0,,-5.2,-1.2,-0.8,-4.5,,,,,25.7,0.6,-5.8,-1.4,-1.4,-4.6,,,,,2016-08
2016-08-18,1210,大成,食品工業,移出,掉出掃描母體,14.77,77.0,,7,,,,,,,,,,,,,,,,,,,,2016-08
2016-08-18,6138,茂達,半導體業,移出,掉出掃描母體,21.62,71.0,,22,,,,,,,,,,,,,,,,,,,,2016-08
2016-08-19,2489,瑞軒,光電業,進榜,準備,18.9,88.0,1.0,0,,3.5,-0.2,-2.9,-4.1,,,,,19.1,0.9,2.6,-0.1,-3.7,-4.2,,,,,2016-08
2016-08-19,2355,敬鵬,電子工業,進榜,準備,51.25,70.0,1.0,0,,3.2,-0.2,-19.0,-4.1,,,,,51.5,0.4,2.8,-0.1,-19.3,-4.2,,,,,2016-08
2016-08-19,2301,光寶科,電腦及週邊設備業,移出,掉出掃描母體,26.54,71.0,,4,,,,,,,,,,,,,,,,,,,,2016-08
2016-08-22,2464,盟立,其他電子業,進榜,觸發,32.05,90.0,4.0,0,,-4.5,0.4,-27.0,-3.2,,,,,32.3,0.6,-5.1,0.4,-27.5,-3.2,,,,,2016-08
2016-08-22,2464,盟立,其他電子業,觸發,進榜即觸發,32.05,90.0,4.0,0,32.05,-4.5,0.4,-27.0,-3.2,,,,,32.3,0.6,-5.1,0.4,-27.5,-3.2,,,,,2016-08
2016-08-22,1101,台泥,水泥工業,進榜,準備,18.22,81.0,1.0,0,,-8.2,0.4,-4.7,-3.2,,,,,18.2,0.0,-8.2,0.4,-4.7,-3.2,,,,,2016-08
2016-08-22,3587,閎康,其他電子類,移出,掉出掃描母體,59.29,78.0,,66,,,,,,,,,,,,,,,,,,,,2016-08
2016-08-22,6223,旺矽,半導體業,移出,掉出掃描母體,63.76,76.0,,56,,,,,,,,,,,,,,,,,,,,2016-08
2016-08-22,2421,建準,電子工業,移出,掉出掃描母體,17.14,75.0,,34,,,,,,,,,,,,,,,,,,,,2016-08
2016-08-22,1815,富喬,電子零組件業,移出,離高點太遠,10.11,77.0,,34,,,,,,,,,,,,,,,,,,,,2016-08
2016-08-22,3231,緯創,電子工業,移出,掉出掃描母體,13.11,71.0,,5,,,,,,,,,,,,,,,,,,,,2016-08
2016-08-23,2489,瑞軒,光電業,觸發,等待後觸發,19.64,91.0,1.0,4,19.48,1.9,0.6,-6.8,-3.5,,,,,19.6,-0.2,2.1,0.5,-6.6,-3.7,,,,,2016-08
2016-08-23,3260,威剛,半導體業,移出,掉出掃描母體,25.78,83.0,,35,,,,,,,,,,,,,,,,,,,,2016-08
2016-08-24,1580,新麥,電機機械,進榜,準備,75.1,95.0,1.0,0,,3.2,0.7,4.9,-3.3,,,,,76.7,2.1,1.0,0.6,2.8,-3.4,,,,,2016-08
2016-08-24,5434,崇越,電子工業,進榜,準備,47.18,88.0,1.0,0,,11.1,0.7,1.1,-3.3,,,,,47.8,1.4,9.6,0.6,-0.2,-3.4,,,,,2016-08
2016-08-24,8083,瑞穎,電機機械,進榜,準備,96.15,79.0,1.0,0,,-5.6,0.7,-11.1,-3.3,,,,,95.6,-0.6,-5.0,0.6,-10.6,-3.4,,,,,2016-08
2016-08-24,4919,新唐,半導體業,移出,掉出掃描母體,26.5,75.0,,12,,,,,,,,,,,,,,,,,,,,2016-08
2016-08-24,2355,敬鵬,電子工業,移出,掉出掃描母體,52.11,72.0,,5,,,,,,,,,,,,,,,,,,,,2016-08
2016-08-24,3535,晶彩科,光電業,移出,掉出掃描母體,15.2,92.0,,55,,,,,,,,,,,,,,,,,,,,2016-08
2016-08-24,2492,華新科,電子工業,移出,突破失敗,24.87,86.0,,26,,,,,,,,,,,,,,,,,,,,2016-08
2016-08-25,1536,和大,汽車工業,進榜,觸發,129.76,72.0,6.0,0,,-5.2,0.4,-25.5,-3.4,,,,,130.2,0.3,-5.5,0.4,-25.7,-3.6,,,,,2016-08
2016-08-25,1536,和大,汽車工業,觸發,進榜即觸發,129.76,72.0,6.0,0,129.76,-5.2,0.4,-25.5,-3.4,,,,,130.2,0.3,-5.5,0.4,-25.7,-3.6,,,,,2016-08
2016-08-25,2301,光寶科,電腦及週邊設備業,進榜,準備,26.5,75.0,1.0,0,,-0.4,0.4,4.9,-3.4,,,,,26.5,0.0,-0.4,0.4,4.9,-3.6,,,,,2016-08
2016-08-25,2355,敬鵬,電子工業,進榜,準備,52.25,72.0,1.0,0,,-0.5,0.4,-16.6,-3.4,,,,,52.6,0.7,-1.2,0.4,-17.1,-3.6,,,,,2016-08
2016-08-25,3044,健鼎,電子工業,進榜,準備,40.81,71.0,1.0,0,,0.7,0.4,8.4,-3.4,,,,,40.8,0.0,0.7,0.4,8.4,-3.6,,,,,2016-08
2016-08-25,1717,長興,化學工業,進榜,準備,22.64,70.0,1.0,0,,-1.1,0.4,-5.6,-3.4,,,,,22.6,0.0,-1.1,0.4,-5.6,-3.6,,,,,2016-08
2016-08-25,4919,新唐,半導體業,進榜,準備,26.57,70.0,2.0,0,,-3.0,0.4,-7.0,-3.4,,,,,26.6,0.3,-3.2,0.4,-7.3,-3.6,,,,,2016-08
2016-08-25,1580,新麥,電機機械,觸發,等待後觸發,78.02,94.0,1.0,1,76.69,-1.0,0.4,1.4,-3.4,,,,,77.5,-0.7,-0.3,0.4,2.1,-3.6,,,,,2016-08
2016-08-25,2340,台亞,光電業,觸發,等待後觸發,12.81,88.0,1.0,22,12.16,-3.6,0.4,-1.1,-3.4,,,,,12.9,1.1,-4.6,0.4,-2.1,-3.6,,,,,2016-08
2016-08-25,1592,英瑞-KY,汽車工業,觸發,等待後觸發,52.07,97.0,3.0,10,49.39,-1.7,0.4,-20.3,-3.4,,,,,52.6,1.0,-2.7,0.4,-21.1,-3.6,,,,,2016-08
2016-08-26,2383,台光電,電子工業,進榜,觸發,63.12,89.0,4.0,0,,2.4,0.0,-0.9,-3.8,,,,,62.9,-0.4,2.7,0.0,-0.6,-4.0,,,,,2016-08
2016-08-26,2383,台光電,電子工業,觸發,進榜即觸發,63.12,89.0,4.0,0,63.12,2.4,0.0,-0.9,-3.8,,,,,62.9,-0.4,2.7,0.0,-0.6,-4.0,,,,,2016-08
2016-08-26,6414,樺漢,電子工業,進榜,觸發,329.37,80.0,5.0,0,,2.6,0.0,-16.0,-3.8,,,,,325.5,-1.2,3.8,0.0,-15.0,-4.0,,,,,2016-08
2016-08-26,6414,樺漢,電子工業,觸發,進榜即觸發,329.37,80.0,5.0,0,329.37,2.6,0.0,-16.0,-3.8,,,,,325.5,-1.2,3.8,0.0,-15.0,-4.0,,,,,2016-08
2016-08-26,8444,綠河-KY,其他,進榜,準備,133.89,99.0,2.0,0,,10.4,0.0,8.0,-3.8,,,,,134.3,0.3,10.1,0.0,7.7,-4.0,,,,,2016-08
2016-08-26,3044,健鼎,電子工業,移出,掉出掃描母體,40.81,71.0,,1,,,,,,,,,,,,,,,,,,,,2016-08
2016-08-26,1717,長興,化學工業,移出,掉出掃描母體,22.64,70.0,,1,,,,,,,,,,,,,,,,,,,,2016-08
2016-08-26,3522,御頂,觀光事業,移出,離高點太遠,76.35,100.0,,25,,,,,,,,,,,,,,,,,,,,2016-08
2016-08-26,3526,凡甲,電子零組件業,移出,晚期未觸發,50.27,100.0,,17,,,,,,,,,,,,,,,,,,,,2016-08
2016-08-29,3056,富華新,建材營造,進榜,準備,5.02,97.0,2.0,0,,0.5,0.0,-12.7,-3.9,,,,,5.1,1.2,-0.7,0.0,-13.8,-4.1,,,,,2016-08
2016-08-29,3706,神達,電子工業,進榜,準備,12.95,89.0,1.0,0,,7.7,0.0,5.5,-3.9,,,,,13.1,1.1,6.5,0.0,4.4,-4.1,,,,,2016-08
2016-08-29,3231,緯創,電子工業,進榜,準備,13.05,71.0,2.0,0,,6.2,0.0,2.0,-3.9,,,,,13.0,0.0,6.2,0.0,2.0,-4.1,,,,,2016-08
2016-08-29,6411,晶焱,半導體業,觸發,等待後觸發,29.23,94.0,1.0,42,22.39,-2.3,0.0,-8.8,-3.9,,,,,29.3,0.2,-2.4,0.0,-8.9,-4.1,,,,,2016-08
2016-08-29,2351,順德,電子工業,移出,逾期,32.13,92.0,,56,,,,,,,,,,,,,,,,,,,,2016-08
2016-08-30,1590,亞德客-KY,電機機械,進榜,準備,193.85,77.0,3.0,0,,18.0,-0.3,2.7,-3.8,,,,,194.3,0.2,17.7,-0.4,2.5,-4.1,,,,,2016-08
2016-08-30,2352,佳世達,電腦及週邊設備業,進榜,準備,9.2,77.0,1.0,0,,2.7,-0.3,17.4,-3.8,,,,,9.2,0.4,2.3,-0.4,16.9,-4.1,,,,,2016-08
2016-08-30,8114,振樺電,電子工業,進榜,準備,118.28,75.0,1.0,0,,2.1,-0.3,-2.8,-3.8,,,,,119.2,0.8,1.3,-0.4,-3.5,-4.1,,,,,2016-08
2016-08-30,1707,葡萄王,化學生技醫療,進榜,準備,155.46,70.0,1.0,0,,12.3,-0.3,5.2,-3.8,,,,,155.5,0.0,12.3,-0.4,5.2,-4.1,,,,,2016-08
2016-08-30,3231,緯創,電子工業,移出,掉出掃描母體,13.05,71.0,,1,,,,,,,,,,,,,,,,,,,,2016-08
2016-08-31,4956,光鋐,電子工業,進榜,觸發,24.26,99.0,1.0,0,,-15.4,0.0,-7.1,-3.7,,,,,22.9,-5.5,-10.4,0.0,-1.7,-3.7,,,,,2016-08
2016-08-31,4956,光鋐,電子工業,觸發,進榜即觸發,24.26,99.0,1.0,0,24.26,-15.4,0.0,-7.1,-3.7,,,,,22.9,-5.5,-10.4,0.0,-1.7,-3.7,,,,,2016-08
2016-08-31,3231,緯創,電子工業,進榜,觸發,13.54,75.0,2.0,0,,-1.3,0.0,-2.4,-3.7,,,,,13.5,-0.4,-0.9,0.0,-1.9,-3.7,,,,,2016-08
2016-08-31,3231,緯創,電子工業,觸發,進榜即觸發,13.54,75.0,2.0,0,13.54,-1.3,0.0,-2.4,-3.7,,,,,13.5,-0.4,-0.9,0.0,-1.9,-3.7,,,,,2016-08
2016-08-31,3526,凡甲,電子零組件業,進榜,準備,61.12,100.0,3.0,0,,-7.8,0.0,-11.4,-3.7,,,,,62.4,2.1,-9.7,0.0,-13.2,-3.7,,,,,2016-08
2016-08-31,3559,全智科,電子工業,進榜,準備,23.55,79.0,2.0,0,,-1.1,0.0,-0.6,-3.7,,,,,23.5,-0.2,-0.9,0.0,-0.4,-3.7,,,,,2016-08
2016-08-31,8112,至上,電子工業,移出,逾期,8.25,88.0,,56,,,,,,,,,,,,,,,,,,,,2016-08
2016-08-31,1909,榮成,造紙工業,移出,掉出掃描母體,11.5,87.0,,78,,,,,,,,,,,,,,,,,,,,2016-08
2016-08-31,2464,盟立,其他電子業,移出,掉出掃描母體,31.06,77.0,,9,,,,,,,,,,,,,,,,,,,,2016-08
2016-08-31,1536,和大,汽車工業,移出,掉出掃描母體,132.54,72.0,,6,,,,,,,,,,,,,,,,,,,,2016-08
2016-09-01,2349,錸德,光電業,進榜,準備,15.16,93.0,2.0,0,,4.8,0.3,-14.4,-3.2,,,,,15.3,0.7,4.0,0.2,-15.0,-3.3,,,,,2016-09
2016-09-01,2355,敬鵬,電子工業,移出,掉出掃描母體,54.11,70.0,,7,,,,,,,,,,,,,,,,,,,,2016-09
2016-09-01,1590,亞德客-KY,電機機械,移出,掉出掃描母體,194.26,75.0,,2,,,,,,,,,,,,,,,,,,,,2016-09
2016-09-01,4956,光鋐,電子工業,移出,突破失敗,21.88,98.0,,1,,,,,,,,,,,,,,,,,,,,2016-09
2016-09-01,3231,緯創,電子工業,移出,掉出掃描母體,13.54,75.0,,1,,,,,,,,,,,,,,,,,,,,2016-09
2016-09-02,8271,宇瞻,半導體業,進榜,準備,20.59,87.0,3.0,0,,-3.6,0.9,-5.3,-2.3,,,,,20.8,1.1,-4.7,0.6,-6.3,-2.6,,,,,2016-09
2016-09-02,3260,威剛,半導體業,進榜,準備,27.38,80.0,2.0,0,,15.4,0.9,22.4,-2.3,,,,,27.8,1.5,13.7,0.6,20.6,-2.6,,,,,2016-09
2016-09-02,2353,宏碁,電子工業,進榜,準備,9.78,77.0,1.0,0,,-5.5,0.9,-12.7,-2.3,,,,,9.8,0.0,-5.5,0.6,-12.7,-2.6,,,,,2016-09
2016-09-02,5227,立凱-KY,電子零組件業,進榜,準備,177.16,76.0,3.0,0,,3.5,0.9,-14.1,-2.3,,,,,177.4,0.1,3.3,0.6,-14.2,-2.6,,,,,2016-09
2016-09-02,2723,美食-KY,觀光事業,移出,掉出掃描母體,191.03,81.0,,45,,,,,,,,,,,,,,,,,,,,2016-09
2016-09-02,6116,彩晶,電子工業,移出,掉出掃描母體,4.24,83.0,,43,,,,,,,,,,,,,,,,,,,,2016-09
2016-09-02,2542,興富發,建材營造,移出,掉出掃描母體,18.88,87.0,,38,,,,,,,,,,,,,,,,,,,,2016-09
2016-09-02,4984,科納-KY,通信網路業,移出,掉出掃描母體,64.87,79.0,,38,,,,,,,,,,,,,,,,,,,,2016-09
2016-09-02,2409,友達,光電業,移出,掉出掃描母體,8.49,82.0,,35,,,,,,,,,,,,,,,,,,,,2016-09
2016-09-02,5439,高技,電子零組件業,移出,掉出掃描母體,18.28,90.0,,30,,,,,,,,,,,,,,,,,,,,2016-09
2016-09-02,3236,千如,電子零組件業,移出,離高點太遠,11.74,96.0,,29,,,,,,,,,,,,,,,,,,,,2016-09
2016-09-02,1563,巧新,電機機械,移出,掉出掃描母體,181.88,93.0,,18,,,,,,,,,,,,,,,,,,,,2016-09
2016-09-02,8083,瑞穎,電機機械,移出,掉出掃描母體,91.92,71.0,,9,,,,,,,,,,,,,,,,,,,,2016-09
2016-09-05,6220,岳豐,電子零組件業,進榜,觸發,13.78,94.0,3.0,0,,40.0,0.5,134.9,-2.9,,,,,13.6,-1.3,41.9,0.4,138.0,-3.2,,,,,2016-09
2016-09-05,6220,岳豐,電子零組件業,觸發,進榜即觸發,13.78,94.0,3.0,0,13.78,40.0,0.5,134.9,-2.9,,,,,13.6,-1.3,41.9,0.4,138.0,-3.2,,,,,2016-09
2016-09-05,2809,京城銀,金融保險,進榜,準備,19.39,81.0,1.0,0,,-4.1,0.5,-1.8,-2.9,,,,,19.5,0.5,-4.7,0.4,-2.3,-3.2,,,,,2016-09
2016-09-05,1590,亞德客-KY,電機機械,進榜,準備,203.27,80.0,3.0,0,,10.1,0.5,-3.6,-2.9,,,,,199.2,-2.0,12.3,0.4,-1.6,-3.2,,,,,2016-09
2016-09-05,2355,敬鵬,電子工業,進榜,準備,53.54,73.0,1.0,0,,-10.7,0.5,-19.7,-2.9,,,,,53.8,0.5,-11.2,0.4,-20.1,-3.2,,,,,2016-09
2016-09-05,3231,緯創,電子工業,進榜,準備,13.19,70.0,2.0,0,,5.1,0.5,0.7,-2.9,,,,,13.3,0.4,4.6,0.4,0.2,-3.2,,,,,2016-09
2016-09-05,8271,宇瞻,半導體業,移出,掉出掃描母體,20.59,87.0,,3,,,,,,,,,,,,,,,,,,,,2016-09
2016-09-05,6452,康友-KY,生技醫療業,移出,掉出掃描母體,305.76,83.0,,62,,,,,,,,,,,,,,,,,,,,2016-09
2016-09-06,6209,今國光,光電業,進榜,觸發,21.92,89.0,2.0,0,,-1.0,0.0,-14.5,-3.2,,,,,22.4,2.1,-3.0,-0.1,-16.2,-3.4,,,,,2016-09
2016-09-06,6209,今國光,光電業,觸發,進榜即觸發,21.92,89.0,2.0,0,21.92,-1.0,0.0,-14.5,-3.2,,,,,22.4,2.1,-3.0,-0.1,-16.2,-3.4,,,,,2016-09
2016-09-06,2395,研華,電子工業,進榜,觸發,164.93,70.0,1.0,0,,-6.2,0.0,-10.8,-3.2,,,,,164.6,-0.2,-6.0,-0.1,-10.7,-3.4,,,,,2016-09
2016-09-06,2395,研華,電子工業,觸發,進榜即觸發,164.93,70.0,1.0,0,164.93,-6.2,0.0,-10.8,-3.2,,,,,164.6,-0.2,-6.0,-0.1,-10.7,-3.4,,,,,2016-09
2016-09-06,6116,彩晶,電子工業,進榜,準備,4.34,85.0,1.0,0,,42.2,0.0,59.5,-3.2,,,,,4.3,0.0,42.2,-0.1,59.5,-3.4,,,,,2016-09
2016-09-06,6239,力成,半導體業,進榜,準備,50.95,75.0,2.0,0,,-0.2,0.0,-2.4,-3.2,,,,,50.7,-0.6,0.4,-0.1,-1.8,-3.4,,,,,2016-09
2016-09-06,2308,台達電,電子工業,進榜,準備,136.25,74.0,2.0,0,,-4.9,0.0,-11.1,-3.2,,,,,136.3,0.0,-4.9,-0.1,-11.1,-3.4,,,,,2016-09
2016-09-06,3231,緯創,電子工業,移出,掉出掃描母體,13.19,70.0,,1,,,,,,,,,,,,,,,,,,,,2016-09
2016-09-07,9951,皇田,電機機械,進榜,觸發,141.08,78.0,4.0,0,,-3.3,-1.5,-21.1,-3.3,,,,,141.7,0.5,-3.7,-1.6,-21.5,-3.3,,,,,2016-09
2016-09-07,9951,皇田,電機機械,觸發,進榜即觸發,141.08,78.0,4.0,0,141.08,-3.3,-1.5,-21.1,-3.3,,,,,141.7,0.5,-3.7,-1.6,-21.5,-3.3,,,,,2016-09
2016-09-07,1909,榮成,造紙工業,進榜,準備,11.91,88.0,1.0,0,,-5.4,-1.5,1.1,-3.3,,,,,11.9,0.0,-5.4,-1.6,1.1,-3.3,,,,,2016-09
2016-09-07,2023,燁輝,鋼鐵工業,進榜,準備,7.73,72.0,3.0,0,,1.4,-1.5,12.9,-3.3,,,,,7.8,0.5,1.0,-1.6,12.4,-3.3,,,,,2016-09
2016-09-07,2330,台積電,半導體業,進榜,準備,144.29,70.0,1.0,0,,1.9,-1.5,-1.1,-3.3,,,,,143.1,-0.8,2.7,-1.6,-0.3,-3.3,,,,,2016-09
2016-09-07,2353,宏碁,電子工業,移出,掉出掃描母體,9.78,73.0,,5,,,,,,,,,,,,,,,,,,,,2016-09
2016-09-07,8114,振樺電,電子工業,移出,掉出掃描母體,115.13,71.0,,8,,,,,,,,,,,,,,,,,,,,2016-09
2016-09-07,2395,研華,電子工業,移出,掉出掃描母體,164.93,70.0,,1,,,,,,,,,,,,,,,,,,,,2016-09
2016-09-08,1569,濱川,電腦及週邊設備業,進榜,準備,16.01,99.0,2.0,0,,-7.2,-1.8,40.4,-3.4,,,,,15.9,-0.7,-6.6,-1.7,41.4,-3.5,,,,,2016-09
2016-09-08,2723,美食-KY,觀光事業,進榜,準備,210.8,90.0,3.0,0,,-12.1,-1.8,-15.1,-3.4,,,,,207.3,-1.7,-10.6,-1.7,-13.7,-3.5,,,,,2016-09
2016-09-08,2421,建準,電子工業,進榜,準備,17.5,76.0,3.0,0,,-11.6,-1.8,-8.1,-3.4,,,,,17.6,0.6,-12.1,-1.7,-8.6,-3.5,,,,,2016-09
2016-09-08,2354,鴻準,其他電子業,進榜,準備,61.29,72.0,1.0,0,,6.9,-1.8,-3.5,-3.4,,,,,60.8,-0.8,7.8,-1.7,-2.7,-3.5,,,,,2016-09
2016-09-08,6116,彩晶,電子工業,觸發,等待後觸發,5.08,94.0,1.0,2,4.47,20.7,-1.8,35.6,-3.4,,,,,5.3,3.5,16.6,-1.7,31.0,-3.5,,,,,2016-09
2016-09-08,2330,台積電,半導體業,移出,掉出掃描母體,144.29,70.0,,1,,,,,,,,,,,,,,,,,,,,2016-09
2016-09-09,2488,漢平,其他電子業,進榜,觸發,32.46,95.0,4.0,0,,-23.3,-2.1,-29.7,-3.0,,,,,31.4,-3.3,-20.7,-1.2,-27.3,-2.3,,,,,2016-09
2016-09-09,2488,漢平,其他電子業,觸發,進榜即觸發,32.46,95.0,4.0,0,32.46,-23.3,-2.1,-29.7,-3.0,,,,,31.4,-3.3,-20.7,-1.2,-27.3,-2.3,,,,,2016-09
2016-09-09,6138,茂達,半導體業,進榜,準備,24.31,79.0,3.0,0,,0.8,-2.1,-0.5,-3.0,,,,,23.9,-1.9,2.8,-1.2,1.4,-2.3,,,,,2016-09
2016-09-09,2823,中壽,金融保險,進榜,準備,20.35,73.0,1.0,0,,-0.7,-2.1,14.9,-3.0,,,,,20.0,-1.6,0.9,-1.2,16.7,-2.3,,,,,2016-09
2016-09-09,4915,致伸,電子零組件業,進榜,準備,27.57,73.0,2.0,0,,-1.5,-2.1,-0.4,-3.0,,,,,27.0,-1.9,0.4,-1.2,1.5,-2.3,,,,,2016-09
2016-09-09,3617,碩天,其他電子業,進榜,準備,78.01,71.0,2.0,0,,-28.9,-2.1,-25.3,-3.0,,,,,75.3,-3.5,-26.3,-1.2,-22.6,-2.3,,,,,2016-09
2016-09-09,4532,瑞智,電機機械,觸發,等待後觸發,22.14,89.0,1.0,22,20.82,-0.4,-2.1,-13.6,-3.0,,,,,21.8,-1.7,1.3,-1.2,-12.1,-2.3,,,,,2016-09
2016-09-09,1590,亞德客-KY,電機機械,移出,掉出掃描母體,202.45,75.0,,4,,,,,,,,,,,,,,,,,,,,2016-09
2016-09-09,2308,台達電,電子工業,移出,掉出掃描母體,135.87,73.0,,3,,,,,,,,,,,,,,,,,,,,2016-09
2016-09-09,1101,台泥,水泥工業,移出,掉出掃描母體,17.69,72.0,,18,,,,,,,,,,,,,,,,,,,,2016-09
2016-09-10,2328,廣宇,電子零組件業,進榜,準備,18.43,99.0,1.0,0,,5.9,-2.4,-1.6,-2.2,,,,,18.5,0.2,5.7,-2.4,-1.8,-2.3,,,,,2016-09
2016-09-10,3163,波若威,通信網路業,移出,掉出掃描母體,37.66,73.0,,65,,,,,,,,,,,,,,,,,,,,2016-09
2016-09-10,5443,均豪,光電業,移出,晚期未觸發,14.35,90.0,,47,,,,,,,,,,,,,,,,,,,,2016-09
2016-09-10,2355,敬鵬,電子工業,移出,掉出掃描母體,54.19,75.0,,5,,,,,,,,,,,,,,,,,,,,2016-09
2016-09-10,3617,碩天,其他電子業,移出,掉出掃描母體,78.01,71.0,,1,,,,,,,,,,,,,,,,,,,,2016-09
2016-09-10,9911,櫻花,其他,移出,掉出掃描母體,21.97,94.0,,98,,,,,,,,,,,,,,,,,,,,2016-09
2016-09-10,6213,聯茂,電子工業,移出,掉出掃描母體,23.51,80.0,,86,,,,,,,,,,,,,,,,,,,,2016-09
2016-09-10,3008,大立光,光電業,移出,掉出掃描母體,2728.15,84.0,,45,,,,,,,,,,,,,,,,,,,,2016-09
2016-09-10,1305,華夏,塑膠工業,移出,晚期未觸發,10.28,87.0,,25,,,,,,,,,,,,,,,,,,,,2016-09
2016-09-10,6209,今國光,光電業,移出,突破失敗,19.97,86.0,,4,,,,,,,,,,,,,,,,,,,,2016-09
2016-09-12,1527,鑽全,電機機械,移出,離高點太遠,60.82,91.0,,83,,,,,,,,,,,,,,,,,,,,2016-09
2016-09-12,3380,明泰,通信網路業,移出,掉出掃描母體,15.46,82.0,,55,,,,,,,,,,,,,,,,,,,,2016-09
2016-09-12,6173,信昌電,電子零組件業,移出,掉出掃描母體,13.55,72.0,,49,,,,,,,,,,,,,,,,,,,,2016-09
2016-09-12,6230,尼得科超眾,電子工業,移出,掉出掃描母體,140.94,80.0,,40,,,,,,,,,,,,,,,,,,,,2016-09
2016-09-12,2376,技嘉,電子工業,移出,掉出掃描母體,25.07,77.0,,28,,,,,,,,,,,,,,,,,,,,2016-09
2016-09-12,2354,鴻準,其他電子業,移出,掉出掃描母體,59.81,75.0,,4,,,,,,,,,,,,,,,,,,,,2016-09
2016-09-12,2823,中壽,金融保險,移出,掉出掃描母體,20.07,70.0,,3,,,,,,,,,,,,,,,,,,,,2016-09
2016-09-12,4915,致伸,電子零組件業,移出,掉出掃描母體,26.83,74.0,,3,,,,,,,,,,,,,,,,,,,,2016-09
2016-09-13,2633,台灣高鐵,航運業,進榜,觸發,12.29,71.0,2.0,0,,14.8,-1.2,11.2,-1.5,,,,,12.2,-1.0,15.9,-1.2,12.3,-1.2,,,,,2016-09
2016-09-13,2633,台灣高鐵,航運業,觸發,進榜即觸發,12.29,71.0,2.0,0,12.29,14.8,-1.2,11.2,-1.5,,,,,12.2,-1.0,15.9,-1.2,12.3,-1.2,,,,,2016-09
2016-09-13,2379,瑞昱,半導體業,移出,掉出掃描母體,77.73,88.0,,92,,,,,,,,,,,,,,,,,,,,2016-09
2016-09-13,3032,偉訓,電子工業,移出,掉出掃描母體,23.11,70.0,,47,,,,,,,,,,,,,,,,,,,,2016-09
2016-09-13,3548,兆利,電子零組件業,移出,掉出掃描母體,45.25,90.0,,43,,,,,,,,,,,,,,,,,,,,2016-09
2016-09-13,6271,同欣電,半導體業,移出,掉出掃描母體,94.25,86.0,,29,,,,,,,,,,,,,,,,,,,,2016-09
2016-09-13,2349,錸德,光電業,移出,離高點太遠,15.35,93.0,,12,,,,,,,,,,,,,,,,,,,,2016-09
2016-09-13,2488,漢平,其他電子業,移出,離高點太遠,29.22,92.0,,4,,,,,,,,,,,,,,,,,,,,2016-09
2016-09-14,4956,光鋐,電子工業,進榜,準備,23.74,100.0,1.0,0,,-6.2,-0.9,-8.7,-1.4,,,,,24.4,2.6,-8.6,-1.3,-11.0,-1.9,,,,,2016-09
2016-09-14,1563,巧新,電機機械,進榜,準備,199.77,94.0,2.0,0,,-9.3,-0.9,-21.2,-1.4,,,,,199.2,-0.3,-9.1,-1.3,-21.0,-1.9,,,,,2016-09
2016-09-14,1590,亞德客-KY,電機機械,進榜,準備,201.63,77.0,3.0,0,,3.3,-0.9,5.9,-1.4,,,,,209.0,3.7,-0.4,-1.3,2.2,-1.9,,,,,2016-09
2016-09-14,1717,長興,化學工業,進榜,準備,22.83,75.0,1.0,0,,-4.7,-0.9,-6.3,-1.4,,,,,22.8,-0.3,-4.4,-1.3,-6.0,-1.9,,,,,2016-09
2016-09-14,9938,百和,其他,進榜,準備,67.58,72.0,2.0,0,,9.2,-0.9,-6.9,-1.4,,,,,69.2,2.4,6.6,-1.3,-9.1,-1.9,,,,,2016-09
2016-09-14,5272,笙科,半導體業,進榜,準備,38.95,70.0,1.0,0,,-9.2,-0.9,-13.0,-1.4,,,,,39.8,2.1,-11.1,-1.3,-14.8,-1.9,,,,,2016-09
2016-09-14,1215,卜蜂,食品工業,移出,掉出掃描母體,21.91,91.0,,102,,,,,,,,,,,,,,,,,,,,2016-09
2016-09-14,1808,潤隆,建材營造,移出,掉出掃描母體,6.97,77.0,,30,,,,,,,,,,,,,,,,,,,,2016-09
2016-09-14,2301,光寶科,電腦及週邊設備業,移出,掉出掃描母體,26.7,81.0,,20,,,,,,,,,,,,,,,,,,,,2016-09
2016-09-14,6239,力成,半導體業,移出,掉出掃描母體,48.52,71.0,,8,,,,,,,,,,,,,,,,,,,,2016-09
2016-09-14,2421,建準,電子工業,移出,掉出掃描母體,16.78,74.0,,6,,,,,,,,,,,,,,,,,,,,2016-09
2016-09-19,3008,大立光,光電業,進榜,準備,2875.72,90.0,2.0,0,,-3.3,-1.3,-2.8,-1.9,,,,,2887.1,0.4,-3.7,-1.5,-3.1,-2.1,,,,,2016-09
2016-09-19,2456,奇力新,電子零組件業,進榜,準備,76.02,81.0,3.0,0,,2.3,-1.3,3.3,-1.9,,,,,76.9,1.1,1.1,-1.5,2.1,-2.1,,,,,2016-09
2016-09-19,2354,鴻準,其他電子業,進榜,準備,63.13,79.0,1.0,0,,7.1,-1.3,-3.3,-1.9,,,,,62.9,-0.3,7.4,-1.5,-2.9,-2.1,,,,,2016-09
2016-09-19,2929,淘帝-KY,貿易百貨,進榜,準備,75.2,74.0,2.0,0,,-0.3,-1.3,-18.7,-1.9,,,,,75.0,-0.3,0.0,-1.5,-18.4,-2.1,,,,,2016-09
2016-09-19,2823,中壽,金融保險,進榜,準備,20.35,72.0,1.0,0,,-0.7,-1.3,13.7,-1.9,,,,,20.4,0.0,-0.7,-1.5,13.7,-2.1,,,,,2016-09
2016-09-19,9938,百和,其他,觸發,等待後觸發,73.78,82.0,2.0,5,68.56,0.4,-1.3,-14.4,-1.9,,,,,72.8,-1.3,1.8,-1.5,-13.3,-2.1,,,,,2016-09
2016-09-19,1707,葡萄王,化學生技醫療,觸發,等待後觸發,167.88,80.0,1.0,20,156.8,9.8,-1.3,-4.2,-1.9,,,,,167.9,0.0,9.8,-1.5,-4.2,-2.1,,,,,2016-09
2016-09-19,1909,榮成,造紙工業,移出,掉出掃描母體,11.93,90.0,,12,,,,,,,,,,,,,,,,,,,,2016-09
2016-09-19,1717,長興,化學工業,移出,掉出掃描母體,22.83,75.0,,5,,,,,,,,,,,,,,,,,,,,2016-09
2016-09-19,5272,笙科,半導體業,移出,掉出掃描母體,38.95,70.0,,5,,,,,,,,,,,,,,,,,,,,2016-09
2016-09-20,1319,東陽,汽車工業,進榜,觸發,48.29,93.0,4.0,0,,2.5,-1.3,-10.0,-1.8,,,,,48.6,0.6,2.0,-1.5,-10.5,-2.1,,,,,2016-09
2016-09-20,1319,東陽,汽車工業,觸發,進榜即觸發,48.29,93.0,4.0,0,48.29,2.5,-1.3,-10.0,-1.8,,,,,48.6,0.6,2.0,-1.5,-10.5,-2.1,,,,,2016-09
2016-09-20,2368,金像電,電子零組件業,進榜,準備,11.32,82.0,1.0,0,,-5.1,-1.3,-6.0,-1.8,,,,,11.5,1.3,-6.3,-1.5,-7.1,-2.1,,,,,2016-09
2016-09-20,2371,大同,電機機械,進榜,準備,6.49,81.0,1.0,0,,18.9,-1.3,33.7,-1.8,,,,,6.5,0.9,17.9,-1.5,32.5,-2.1,,,,,2016-09
2016-09-20,6285,啟碁,通信網路業,進榜,準備,62.39,77.0,1.0,0,,-8.2,-1.3,-12.1,-1.8,,,,,62.2,-0.3,-7.9,-1.5,-11.9,-2.1,,,,,2016-09
2016-09-21,3078,僑威,電子零組件業,進榜,觸發,17.42,84.0,4.0,0,,-4.6,-2.0,-10.3,-3.2,,,,,17.7,1.4,-5.9,-2.1,-11.5,-3.5,,,,,2016-09
2016-09-21,3078,僑威,電子零組件業,觸發,進榜即觸發,17.42,84.0,4.0,0,17.42,-4.6,-2.0,-10.3,-3.2,,,,,17.7,1.4,-5.9,-2.1,-11.5,-3.5,,,,,2016-09
2016-09-21,8114,振樺電,電子工業,進榜,準備,117.65,78.0,1.0,0,,5.6,-2.0,-6.8,-3.2,,,,,117.7,0.0,5.6,-2.1,-6.8,-3.5,,,,,2016-09
2016-09-21,2376,技嘉,電子工業,進榜,準備,25.51,76.0,2.0,0,,-3.8,-2.0,-4.8,-3.2,,,,,25.5,0.0,-3.8,-2.1,-4.8,-3.5,,,,,2016-09
2016-09-21,3022,威強電,電子工業,進榜,準備,47.87,71.0,1.0,0,,2.0,-2.0,1.2,-3.2,,,,,48.2,0.8,1.2,-2.1,0.4,-3.5,,,,,2016-09
2016-09-21,2472,立隆電,電子工業,進榜,準備,26.43,70.0,2.0,0,,-3.8,-2.0,-4.4,-3.2,,,,,26.6,0.7,-4.5,-2.1,-5.1,-3.5,,,,,2016-09
2016-09-21,2354,鴻準,其他電子業,觸發,等待後觸發,63.49,79.0,1.0,2,63.27,5.8,-2.0,-6.7,-3.2,,,,,64.0,0.8,5.0,-2.1,-7.4,-3.5,,,,,2016-09
2016-09-21,2328,廣宇,電子零組件業,觸發,等待後觸發,20.34,99.0,1.0,11,18.86,-1.9,-2.0,-14.0,-3.2,,,,,21.0,3.4,-5.1,-2.1,-16.8,-3.5,,,,,2016-09
2016-09-21,4919,新唐,半導體業,移出,掉出掃描母體,26.12,71.0,,27,,,,,,,,,,,,,,,,,,,,2016-09
2016-09-21,5227,立凱-KY,電子零組件業,移出,掉出掃描母體,190.35,76.0,,19,,,,,,,,,,,,,,,,,,,,2016-09
2016-09-22,2542,興富發,建材營造,進榜,準備,19.03,78.0,1.0,0,,-3.5,-1.8,-7.6,-2.8,,,,,19.1,0.1,-3.5,-2.0,-7.7,-3.0,,,,,2016-09
2016-09-22,1605,華新,電器電纜,進榜,準備,7.18,77.0,2.0,0,,-1.6,-1.8,12.8,-2.8,,,,,7.1,-0.5,-1.2,-2.0,13.3,-3.0,,,,,2016-09
2016-09-22,2421,建準,電子工業,進榜,準備,17.47,75.0,3.0,0,,-9.2,-1.8,-6.8,-2.8,,,,,17.6,0.9,-10.0,-2.0,-7.6,-3.0,,,,,2016-09
2016-09-22,6239,力成,半導體業,進榜,準備,49.98,71.0,2.0,0,,11.2,-1.8,4.1,-2.8,,,,,50.3,0.7,10.4,-2.0,3.4,-3.0,,,,,2016-09
2016-09-22,3022,威強電,電子工業,移出,掉出掃描母體,47.87,71.0,,1,,,,,,,,,,,,,,,,,,,,2016-09
2016-09-22,2472,立隆電,電子工業,移出,掉出掃描母體,26.43,70.0,,1,,,,,,,,,,,,,,,,,,,,2016-09
2016-09-23,8234,新漢,電腦及週邊設備業,進榜,準備,28.68,92.0,1.0,0,,-11.9,-2.1,-15.6,-3.2,,,,,29.2,1.7,-13.4,-2.0,-17.0,-3.2,,,,,2016-09
2016-09-23,2351,順德,電子工業,進榜,準備,32.54,81.0,2.0,0,,-6.2,-2.1,-3.5,-3.2,,,,,32.4,-0.6,-5.7,-2.0,-2.9,-3.2,,,,,2016-09
2016-09-23,2428,興勤,電子工業,進榜,準備,42.98,72.0,3.0,0,,3.5,-2.1,1.0,-3.2,,,,,43.0,0.0,3.5,-2.0,1.0,-3.2,,,,,2016-09
2016-09-23,2368,金像電,電子零組件業,觸發,等待後觸發,12.0,87.0,1.0,3,11.66,-12.0,-2.1,-14.1,-3.2,,,,,12.0,0.4,-12.4,-2.0,-14.4,-3.2,,,,,2016-09
2016-09-23,2371,大同,電機機械,觸發,等待後觸發,7.73,93.0,1.0,3,6.54,1.5,-2.1,19.3,-3.2,,,,,7.7,0.0,1.5,-2.0,19.3,-3.2,,,,,2016-09
2016-09-23,2633,台灣高鐵,航運業,移出,掉出掃描母體,13.12,71.0,,10,,,,,,,,,,,,,,,,,,,,2016-09
2016-09-23,2929,淘帝-KY,貿易百貨,移出,掉出掃描母體,74.5,70.0,,4,,,,,,,,,,,,,,,,,,,,2016-09
2016-09-26,1262,綠悅-KY,其他,進榜,觸發,142.78,71.0,2.0,0,,6.6,-2.0,-8.5,-3.3,,,,,143.2,0.3,6.3,-2.3,-8.8,-3.7,,,,,2016-09
2016-09-26,1262,綠悅-KY,其他,觸發,進榜即觸發,142.78,71.0,2.0,0,142.78,6.6,-2.0,-8.5,-3.3,,,,,143.2,0.3,6.3,-2.3,-8.8,-3.7,,,,,2016-09
2016-09-26,2633,台灣高鐵,航運業,進榜,準備,14.33,76.0,2.0,0,,22.7,-2.0,-7.1,-3.3,,,,,14.0,-2.6,25.9,-2.3,-4.7,-3.7,,,,,2016-09
2016-09-26,2356,英業達,電子工業,進榜,準備,15.18,74.0,2.0,0,,-0.2,-2.0,-15.9,-3.3,,,,,15.4,1.2,-1.4,-2.3,-16.9,-3.7,,,,,2016-09
2016-09-26,2929,淘帝-KY,貿易百貨,進榜,準備,74.5,73.0,2.0,0,,-2.8,-2.0,-19.5,-3.3,,,,,75.0,0.6,-3.4,-2.3,-20.0,-3.7,,,,,2016-09
2016-09-26,3006,晶豪科,電子工業,進榜,準備,24.18,71.0,1.0,0,,-0.4,-2.0,1.6,-3.3,,,,,25.2,4.2,-4.4,-2.3,-2.4,-3.7,,,,,2016-09
2016-09-26,2456,奇力新,電子零組件業,移出,掉出掃描母體,82.73,83.0,,7,,,,,,,,,,,,,,,,,,,,2016-09
2016-09-26,2542,興富發,建材營造,移出,掉出掃描母體,19.07,75.0,,4,,,,,,,,,,,,,,,,,,,,2016-09
2016-09-26,2421,建準,電子工業,移出,掉出掃描母體,17.5,70.0,,4,,,,,,,,,,,,,,,,,,,,2016-09
2016-09-26,1592,英瑞-KY,汽車工業,移出,掉出掃描母體,51.18,94.0,,42,,,,,,,,,,,,,,,,,,,,2016-09
2016-09-26,2723,美食-KY,觀光事業,移出,掉出掃描母體,200.91,77.0,,18,,,,,,,,,,,,,,,,,,,,2016-09
2016-09-26,4956,光鋐,電子工業,移出,離高點太遠,20.73,98.0,,12,,,,,,,,,,,,,,,,,,,,2016-09
2016-09-29,2369,菱生,電子工業,進榜,準備,9.65,85.0,1.0,0,,-8.2,-2.3,-2.5,-3.6,,,,,9.6,0.0,-8.2,-2.1,-2.5,-3.5,,,,,2016-09
2016-09-29,4162,智擎,生技醫療業,進榜,準備,153.18,79.0,2.0,0,,-11.3,-2.3,-26.8,-3.6,,,,,152.9,-0.2,-11.2,-2.1,-26.7,-3.5,,,,,2016-09
2016-09-29,3044,健鼎,電子工業,進榜,準備,42.74,75.0,1.0,0,,6.2,-2.3,4.0,-3.6,,,,,42.7,0.0,6.2,-2.1,4.0,-3.5,,,,,2016-09
2016-09-29,2382,廣達,電子工業,進榜,準備,39.03,74.0,1.0,0,,-3.7,-2.3,-13.4,-3.6,,,,,38.6,-1.2,-2.6,-2.1,-12.3,-3.5,,,,,2016-09
2016-09-29,3231,緯創,電子工業,進榜,準備,13.86,74.0,2.0,0,,-1.5,-2.3,-2.9,-3.6,,,,,13.7,-0.8,-0.6,-2.1,-2.1,-3.5,,,,,2016-09
2016-09-29,2360,致茂,其他電子業,進榜,準備,65.73,73.0,2.0,0,,-6.6,-2.3,-10.5,-3.6,,,,,65.5,-0.4,-6.3,-2.1,-10.1,-3.5,,,,,2016-09
2016-09-29,8044,網家,電子商務業,進榜,準備,328.04,72.0,1.0,0,,-5.8,-2.3,-28.7,-3.6,,,,,327.2,-0.3,-5.5,-2.1,-28.6,-3.5,,,,,2016-09
2016-09-29,3005,神基,電子工業,觸發,等待後觸發,21.05,97.0,1.0,43,15.01,6.4,-2.3,-2.8,-3.6,,,,,20.7,-1.8,8.4,-2.1,-0.9,-3.5,,,,,2016-09
2016-09-29,8114,振樺電,電子工業,觸發,等待後觸發,121.12,81.0,1.0,8,120.49,-2.9,-2.3,-9.2,-3.6,,,,,120.8,-0.3,-2.6,-2.1,-9.0,-3.5,,,,,2016-09
2016-09-29,2428,興勤,電子工業,觸發,等待後觸發,43.31,75.0,3.0,6,43.11,-2.2,-2.3,0.2,-3.6,,,,,43.1,-0.5,-1.7,-2.1,0.7,-3.5,,,,,2016-09
2016-09-29,2356,英業達,電子工業,觸發,等待後觸發,15.57,74.0,2.0,3,15.3,-2.7,-2.3,-18.4,-3.6,,,,,15.5,-0.6,-2.2,-2.1,-17.9,-3.5,,,,,2016-09
2016-09-29,3559,全智科,電子工業,移出,掉出掃描母體,23.3,78.0,,29,,,,,,,,,,,,,,,,,,,,2016-09
2016-09-29,6239,力成,半導體業,移出,掉出掃描母體,49.86,71.0,,7,,,,,,,,,,,,,,,,,,,,2016-09
2016-09-29,5904,寶雅,貿易百貨,移出,逾期,29.54,86.0,,58,,,,,,,,,,,,,,,,,,,,2016-09
2016-09-29,4999,鑫禾,電子零組件業,移出,逾期,34.19,81.0,,56,,,,,,,,,,,,,,,,,,,,2016-09
2016-09-29,2545,皇翔,建材營造,移出,掉出掃描母體,17.1,78.0,,50,,,,,,,,,,,,,,,,,,,,2016-09
2016-09-29,3526,凡甲,電子零組件業,移出,晚期未觸發,55.3,99.0,,29,,,,,,,,,,,,,,,,,,,,2016-09
2016-09-29,1262,綠悅-KY,其他,移出,掉出掃描母體,142.78,71.0,,3,,,,,,,,,,,,,,,,,,,,2016-09
2016-09-30,3022,威強電,電子工業,進榜,準備,47.45,77.0,1.0,0,,3.3,-2.2,-1.4,-3.4,,,,,48.2,1.5,1.7,-2.5,-2.9,-3.5,,,,,2016-09
2016-09-30,6269,台郡,電子工業,進榜,準備,61.86,77.0,1.0,0,,-3.6,-2.2,-9.5,-3.4,,,,,62.3,0.6,-4.3,-2.5,-10.1,-3.5,,,,,2016-09
2016-09-30,3032,偉訓,電子工業,進榜,準備,25.81,72.0,3.0,0,,0.2,-2.2,-11.5,-3.4,,,,,26.4,2.3,-2.0,-2.5,-13.5,-3.5,,,,,2016-09
2016-09-30,2376,技嘉,電子工業,移出,掉出掃描母體,25.39,73.0,,9,,,,,,,,,,,,,,,,,,,,2016-09
2016-09-30,2360,致茂,其他電子業,移出,掉出掃描母體,65.73,73.0,,1,,,,,,,,,,,,,,,,,,,,2016-09
2016-09-30,2340,台亞,光電業,移出,掉出掃描母體,12.26,78.0,,58,,,,,,,,,,,,,,,,,,,,2016-09
2016-10-03,6190,萬泰科,通信網路業,進榜,準備,8.44,98.0,1.0,0,,-8.8,-2.5,-7.3,-3.2,,,,,8.4,0.0,-8.8,-2.6,-7.3,-3.4,,,,,2016-10
2016-10-03,5439,高技,電子零組件業,進榜,準備,18.71,85.0,3.0,0,,-3.2,-2.5,-7.3,-3.2,,,,,18.7,-0.3,-2.8,-2.6,-7.0,-3.4,,,,,2016-10
2016-10-03,3032,偉訓,電子工業,觸發,等待後觸發,28.37,83.0,3.0,3,25.99,-7.5,-2.5,-19.7,-3.2,,,,,28.7,1.2,-8.6,-2.6,-20.6,-3.4,,,,,2016-10
2016-10-03,3541,西柏,其他電子類,移出,掉出掃描母體,89.66,97.0,,84,,,,,,,,,,,,,,,,,,,,2016-10
2016-10-03,8358,金居,電子零組件業,移出,逾期,18.58,97.0,,56,,,,,,,,,,,,,,,,,,,,2016-10
2016-10-03,1605,華新,電器電纜,移出,掉出掃描母體,6.79,73.0,,11,,,,,,,,,,,,,,,,,,,,2016-10
2016-10-03,2382,廣達,電子工業,移出,掉出掃描母體,37.87,70.0,,4,,,,,,,,,,,,,,,,,,,,2016-10
2016-10-04,3338,泰碩,電子工業,進榜,準備,25.01,91.0,3.0,0,,-12.3,-3.6,-7.5,-3.3,,,,,25.3,1.3,-13.4,-3.7,-8.6,-3.3,,,,,2016-10
2016-10-04,8112,至上,電子工業,進榜,準備,8.53,88.0,3.0,0,,12.9,-3.6,22.1,-3.3,,,,,8.5,0.0,12.9,-3.7,22.1,-3.3,,,,,2016-10
2016-10-04,6412,群電,電子工業,進榜,準備,27.07,78.0,1.0,0,,11.1,-3.6,4.3,-3.3,,,,,27.1,0.2,10.8,-3.7,4.1,-3.3,,,,,2016-10
2016-10-04,2360,致茂,其他電子業,進榜,準備,66.58,73.0,2.0,0,,-7.4,-3.6,-11.8,-3.3,,,,,66.6,0.0,-7.4,-3.7,-11.8,-3.3,,,,,2016-10
2016-10-04,2376,技嘉,電子工業,進榜,準備,25.42,72.0,2.0,0,,-4.8,-3.6,1.6,-3.3,,,,,25.5,0.5,-5.2,-3.7,1.2,-3.3,,,,,2016-10
2016-10-04,8044,網家,電子商務業,移出,掉出掃描母體,338.22,73.0,,5,,,,,,,,,,,,,,,,,,,,2016-10
2016-10-04,6269,台郡,電子工業,移出,掉出掃描母體,61.73,74.0,,4,,,,,,,,,,,,,,,,,,,,2016-10
2016-10-04,6462,神盾,半導體業,移出,掉出掃描母體,154.25,94.0,,64,,,,,,,,,,,,,,,,,,,,2016-10
2016-10-04,3036,文曄,電子工業,移出,掉出掃描母體,24.86,71.0,,47,,,,,,,,,,,,,,,,,,,,2016-10
2016-10-04,3231,緯創,電子工業,移出,掉出掃描母體,13.37,71.0,,5,,,,,,,,,,,,,,,,,,,,2016-10
2016-10-05,6235,華孚,電子工業,進榜,觸發,14.64,96.0,3.0,0,,-11.8,-4.4,-2.0,-3.3,,,,,14.5,-0.7,-11.1,-4.7,-1.2,-3.7,,,,,2016-10
2016-10-05,6235,華孚,電子工業,觸發,進榜即觸發,14.64,96.0,3.0,0,14.64,-11.8,-4.4,-2.0,-3.3,,,,,14.5,-0.7,-11.1,-4.7,-1.2,-3.7,,,,,2016-10
2016-10-05,1305,華夏,塑膠工業,進榜,觸發,12.2,92.0,4.0,0,,11.4,-4.4,8.2,-3.3,,,,,12.4,1.4,9.9,-4.7,6.8,-3.7,,,,,2016-10
2016-10-05,1305,華夏,塑膠工業,觸發,進榜即觸發,12.2,92.0,4.0,0,12.2,11.4,-4.4,8.2,-3.3,,,,,12.4,1.4,9.9,-4.7,6.8,-3.7,,,,,2016-10
2016-10-05,8044,網家,電子商務業,進榜,準備,340.88,74.0,1.0,0,,-15.2,-4.4,-28.1,-3.3,,,,,344.4,1.0,-16.1,-4.7,-28.8,-3.7,,,,,2016-10
2016-10-05,6269,台郡,電子工業,進榜,準備,61.66,73.0,1.0,0,,-6.2,-4.4,-8.8,-3.3,,,,,61.7,0.1,-6.3,-4.7,-8.9,-3.7,,,,,2016-10
2016-10-05,3231,緯創,電子工業,進榜,準備,13.77,72.0,2.0,0,,-4.0,-4.4,5.3,-3.3,,,,,13.9,1.3,-5.2,-4.7,4.0,-3.7,,,,,2016-10
2016-10-05,4915,致伸,電子零組件業,進榜,準備,27.57,71.0,2.0,0,,5.2,-4.4,-6.1,-3.3,,,,,27.6,0.2,5.0,-4.7,-6.3,-3.7,,,,,2016-10
2016-10-05,5439,高技,電子零組件業,移出,掉出掃描母體,18.68,85.0,,2,,,,,,,,,,,,,,,,,,,,2016-10
2016-10-05,2376,技嘉,電子工業,移出,掉出掃描母體,25.42,72.0,,1,,,,,,,,,,,,,,,,,,,,2016-10
2016-10-05,8444,綠河-KY,其他,移出,掉出掃描母體,139.06,97.0,,40,,,,,,,,,,,,,,,,,,,,2016-10
2016-10-05,2371,大同,電機機械,移出,離高點太遠,7.09,89.0,,15,,,,,,,,,,,,,,,,,,,,2016-10
2016-10-06,5274,信驊,半導體業,進榜,觸發,350.41,94.0,5.0,0,,-9.5,-4.6,-3.6,-3.1,,,,,351.1,0.2,-9.7,-4.7,-3.8,-3.3,,,,,2016-10
2016-10-06,5274,信驊,半導體業,觸發,進榜即觸發,350.41,94.0,5.0,0,350.41,-9.5,-4.6,-3.6,-3.1,,,,,351.1,0.2,-9.7,-4.7,-3.8,-3.3,,,,,2016-10
2016-10-06,9911,櫻花,其他,進榜,準備,23.34,94.0,2.0,0,,-6.1,-4.6,-19.2,-3.1,,,,,23.5,0.9,-6.9,-4.7,-19.9,-3.3,,,,,2016-10
2016-10-06,1262,綠悅-KY,其他,進榜,準備,145.48,72.0,2.0,0,,-0.9,-4.6,-9.9,-3.1,,,,,146.8,0.9,-1.8,-4.7,-10.7,-3.3,,,,,2016-10
2016-10-06,3036,文曄,電子工業,進榜,準備,25.32,71.0,1.0,0,,-0.7,-4.6,-1.5,-3.1,,,,,25.4,0.1,-0.8,-4.7,-1.6,-3.3,,,,,2016-10
2016-10-06,4162,智擎,生技醫療業,觸發,等待後觸發,159.18,77.0,2.0,7,157.6,-20.4,-4.6,-28.0,-3.1,,,,,159.5,0.2,-20.6,-4.7,-28.1,-3.3,,,,,2016-10
2016-10-06,6285,啟碁,通信網路業,移出,掉出掃描母體,63.29,74.0,,16,,,,,,,,,,,,,,,,,,,,2016-10
2016-10-06,2633,台灣高鐵,航運業,移出,掉出掃描母體,14.43,75.0,,10,,,,,,,,,,,,,,,,,,,,2016-10
2016-10-07,1218,泰山,食品工業,進榜,準備,12.19,86.0,2.0,0,,-8.3,-4.1,,,,,,,12.2,0.0,-8.3,-4.3,,,,,,,2016-10
2016-10-07,2382,廣達,電子工業,進榜,準備,38.68,75.0,1.0,0,,-4.3,-4.1,,,,,,,39.1,1.0,-5.3,-4.3,,,,,,,2016-10
2016-10-07,2330,台積電,半導體業,進榜,準備,147.43,72.0,1.0,0,,0.5,-4.1,,,,,,,149.8,1.6,-1.0,-4.3,,,,,,,2016-10
2016-10-07,8042,金山電,電子零組件業,移出,逾期,36.05,79.0,,56,,,,,,,,,,,,,,,,,,,,2016-10
2016-10-07,6269,台郡,電子工業,移出,掉出掃描母體,61.4,73.0,,2,,,,,,,,,,,,,,,,,,,,2016-10
2016-10-07,2809,京城銀,金融保險,移出,掉出掃描母體,18.58,73.0,,32,,,,,,,,,,,,,,,,,,,,2016-10
2016-10-07,1563,巧新,電機機械,移出,掉出掃描母體,193.74,90.0,,23,,,,,,,,,,,,,,,,,,,,2016-10
2016-10-07,2368,金像電,電子零組件業,移出,掉出掃描母體,11.56,86.0,,17,,,,,,,,,,,,,,,,,,,,2016-10
2016-10-07,4915,致伸,電子零組件業,移出,掉出掃描母體,27.22,71.0,,2,,,,,,,,,,,,,,,,,,,,2016-10
2016-10-11,6209,今國光,光電業,進榜,準備,21.78,94.0,3.0,0,,-15.0,-2.7,,,,,,,22.1,1.5,-16.2,-2.4,,,,,,,2016-10
2016-10-11,2376,技嘉,電子工業,進榜,準備,25.27,79.0,2.0,0,,-1.3,-2.7,,,,,,,24.9,-1.4,0.1,-2.4,,,,,,,2016-10
2016-10-11,6510,精測,半導體業,移出,掉出掃描母體,945.7,93.0,,69,,,,,,,,,,,,,,,,,,,,2016-10
2016-10-11,3679,新至陞,電子工業,移出,逾期,39.88,95.0,,57,,,,,,,,,,,,,,,,,,,,2016-10
2016-10-11,2383,台光電,電子工業,移出,掉出掃描母體,60.52,81.0,,46,,,,,,,,,,,,,,,,,,,,2016-10
2016-10-11,3706,神達,電子工業,移出,掉出掃描母體,13.17,85.0,,43,,,,,,,,,,,,,,,,,,,,2016-10
2016-10-11,2352,佳世達,電腦及週邊設備業,移出,掉出掃描母體,9.35,77.0,,42,,,,,,,,,,,,,,,,,,,,2016-10
2016-10-11,3078,僑威,電子零組件業,移出,掉出掃描母體,17.16,74.0,,20,,,,,,,,,,,,,,,,,,,,2016-10
2016-10-11,2351,順德,電子工業,移出,掉出掃描母體,31.75,79.0,,18,,,,,,,,,,,,,,,,,,,,2016-10
2016-10-11,3032,偉訓,電子工業,移出,離高點太遠,26.29,72.0,,11,,,,,,,,,,,,,,,,,,,,2016-10
2016-10-11,3338,泰碩,電子工業,移出,掉出掃描母體,22.82,83.0,,7,,,,,,,,,,,,,,,,,,,,2016-10
2016-10-12,4938,和碩,電子工業,進榜,準備,46.39,78.0,1.0,0,,-0.6,-4.9,,,,,,,46.8,0.9,-1.4,-5.1,,,,,,,2016-10
2016-10-12,6239,力成,半導體業,進榜,準備,51.32,75.0,2.0,0,,1.7,-4.9,,,,,,,51.3,0.0,1.7,-5.1,,,,,,,2016-10
2016-10-12,2376,技嘉,電子工業,移出,掉出掃描母體,25.27,79.0,,1,,,,,,,,,,,,,,,,,,,,2016-10
2016-10-12,9951,皇田,電機機械,移出,掉出掃描母體,136.45,78.0,,35,,,,,,,,,,,,,,,,,,,,2016-10
2016-10-12,5274,信驊,半導體業,移出,突破失敗,317.9,91.0,,6,,,,,,,,,,,,,,,,,,,,2016-10
2016-10-13,1215,卜蜂,食品工業,進榜,觸發,22.45,90.0,3.0,0,,13.0,-2.7,,,,,,,22.7,1.3,11.6,-2.5,,,,,,,2016-10
2016-10-13,1215,卜蜂,食品工業,觸發,進榜即觸發,22.45,90.0,3.0,0,22.45,13.0,-2.7,,,,,,,22.7,1.3,11.6,-2.5,,,,,,,2016-10
2016-10-13,3483,力致,電腦及週邊設備業,進榜,準備,13.04,94.0,3.0,0,,-2.9,-2.7,,,,,,,13.0,-0.4,-2.6,-2.5,,,,,,,2016-10
2016-10-13,2439,美律,通信網路業,移出,離高點太遠,66.87,98.0,,66,,,,,,,,,,,,,,,,,,,,2016-10
2016-10-13,8050,廣積,電腦及週邊設備業,移出,掉出掃描母體,40.29,79.0,,64,,,,,,,,,,,,,,,,,,,,2016-10
2016-10-13,2360,致茂,其他電子業,移出,掉出掃描母體,65.57,73.0,,9,,,,,,,,,,,,,,,,,,,,2016-10
2016-10-14,5347,世界,半導體業,進榜,觸發,39.19,78.0,4.0,0,,-5.5,-2.4,,,,,,,39.3,0.3,-5.8,-2.5,,,,,,,2016-10
2016-10-14,5347,世界,半導體業,觸發,進榜即觸發,39.19,78.0,4.0,0,39.19,-5.5,-2.4,,,,,,,39.3,0.3,-5.8,-2.5,,,,,,,2016-10
2016-10-14,1304,台聚,塑膠工業,進榜,準備,10.83,84.0,2.0,0,,-0.6,-2.4,,,,,,,10.9,1.0,-1.6,-2.5,,,,,,,2016-10
2016-10-14,1210,大成,食品工業,進榜,準備,14.8,74.0,3.0,0,,6.0,-2.4,,,,,,,15.0,1.4,4.5,-2.5,,,,,,,2016-10
2016-10-14,8464,億豐,其他,移出,掉出掃描母體,267.6,93.0,,94,,,,,,,,,,,,,,,,,,,,2016-10
2016-10-14,6411,晶焱,半導體業,移出,掉出掃描母體,28.62,88.0,,88,,,,,,,,,,,,,,,,,,,,2016-10
2016-10-14,6188,廣明,電腦及週邊設備業,移出,掉出掃描母體,20.47,91.0,,71,,,,,,,,,,,,,,,,,,,,2016-10
2016-10-14,5434,崇越,電子工業,移出,掉出掃描母體,49.44,92.0,,51,,,,,,,,,,,,,,,,,,,,2016-10
2016-10-14,6414,樺漢,電子工業,移出,掉出掃描母體,342.42,80.0,,49,,,,,,,,,,,,,,,,,,,,2016-10
2016-10-14,1569,濱川,電腦及週邊設備業,移出,掉出掃描母體,14.68,99.0,,36,,,,,,,,,,,,,,,,,,,,2016-10
2016-10-14,2328,廣宇,電子零組件業,移出,離高點太遠,19.51,99.0,,34,,,,,,,,,,,,,,,,,,,,2016-10
2016-10-14,1590,亞德客-KY,電機機械,移出,晚期未觸發,210.24,79.0,,30,,,,,,,,,,,,,,,,,,,,2016-10
2016-10-14,3008,大立光,光電業,移出,掉出掃描母體,2822.74,91.0,,25,,,,,,,,,,,,,,,,,,,,2016-10
2016-10-14,8234,新漢,電腦及週邊設備業,移出,離高點太遠,24.44,80.0,,21,,,,,,,,,,,,,,,,,,,,2016-10
2016-10-14,2929,淘帝-KY,貿易百貨,移出,掉出掃描母體,74.96,76.0,,18,,,,,,,,,,,,,,,,,,,,2016-10
2016-10-14,4162,智擎,生技醫療業,移出,掉出掃描母體,145.91,72.0,,15,,,,,,,,,,,,,,,,,,,,2016-10
2016-10-14,2369,菱生,電子工業,移出,掉出掃描母體,8.85,83.0,,15,,,,,,,,,,,,,,,,,,,,2016-10
2016-10-14,6190,萬泰科,通信網路業,移出,掉出掃描母體,7.7,98.0,,11,,,,,,,,,,,,,,,,,,,,2016-10
2016-10-14,3036,文曄,電子工業,移出,掉出掃描母體,24.77,73.0,,8,,,,,,,,,,,,,,,,,,,,2016-10
2016-10-14,1262,綠悅-KY,其他,移出,掉出掃描母體,138.72,77.0,,8,,,,,,,,,,,,,,,,,,,,2016-10
2016-10-14,2382,廣達,電子工業,移出,掉出掃描母體,37.69,72.0,,7,,,,,,,,,,,,,,,,,,,,2016-10
2016-10-17,8016,矽創,半導體業,進榜,觸發,55.53,72.0,2.0,0,,0.0,-2.6,,,,,,,55.3,-0.5,0.5,-2.6,,,,,,,2016-10
2016-10-17,8016,矽創,半導體業,觸發,進榜即觸發,55.53,72.0,2.0,0,55.53,0.0,-2.6,,,,,,,55.3,-0.5,0.5,-2.6,,,,,,,2016-10
2016-10-17,2382,廣達,電子工業,進榜,準備,38.5,76.0,1.0,0,,-13.2,-2.6,,,,,,,38.7,0.5,-13.6,-2.6,,,,,,,2016-10
2016-10-17,3056,富華新,建材營造,移出,掉出掃描母體,4.73,90.0,,49,,,,,,,,,,,,,,,,,,,,2016-10
2016-10-18,5469,瀚宇博,電子零組件業,進榜,準備,8.93,89.0,2.0,0,,27.5,-2.6,,,,,,,9.0,0.8,26.5,-2.8,,,,,,,2016-10
2016-10-18,2103,台橡,橡膠工業,進榜,準備,23.69,75.0,3.0,0,,-11.4,-2.6,,,,,,,23.6,-0.4,-11.0,-2.8,,,,,,,2016-10
2016-10-18,6452,康友-KY,生技醫療業,進榜,準備,309.23,71.0,3.0,0,,-18.2,-2.6,,,,,,,311.1,0.6,-18.7,-2.8,,,,,,,2016-10
2016-10-18,2330,台積電,半導體業,移出,掉出掃描母體,146.25,71.0,,11,,,,,,,,,,,,,,,,,,,,2016-10
2016-10-18,2356,英業達,電子工業,移出,掉出掃描母體,15.51,73.0,,22,,,,,,,,,,,,,,,,,,,,2016-10
2016-10-18,8016,矽創,半導體業,移出,掉出掃描母體,55.53,72.0,,1,,,,,,,,,,,,,,,,,,,,2016-10
2016-10-19,3546,宇峻,文化創意業,進榜,觸發,27.07,99.0,3.0,0,,-0.1,-2.7,,,,,,,27.7,2.3,-2.4,-2.8,,,,,,,2016-10
2016-10-19,3546,宇峻,文化創意業,觸發,進榜即觸發,27.07,99.0,3.0,0,27.07,-0.1,-2.7,,,,,,,27.7,2.3,-2.4,-2.8,,,,,,,2016-10
2016-10-19,1262,綠悅-KY,其他,進榜,觸發,153.14,78.0,2.0,0,,-9.4,-2.7,,,,,,,154.5,0.9,-10.2,-2.8,,,,,,,2016-10
2016-10-19,1262,綠悅-KY,其他,觸發,進榜即觸發,153.14,78.0,2.0,0,153.14,-9.4,-2.7,,,,,,,154.5,0.9,-10.2,-2.8,,,,,,,2016-10
2016-10-19,8083,瑞穎,電機機械,進榜,準備,91.92,77.0,1.0,0,,-7.7,-2.7,,,,,,,92.2,0.3,-8.0,-2.8,,,,,,,2016-10
2016-10-19,3036,文曄,電子工業,進榜,準備,25.18,75.0,1.0,0,,0.6,-2.7,,,,,,,25.2,0.0,0.6,-2.8,,,,,,,2016-10
2016-10-19,4919,新唐,半導體業,進榜,準備,26.15,75.0,3.0,0,,-7.4,-2.7,,,,,,,26.8,2.5,-9.7,-2.8,,,,,,,2016-10
2016-10-19,2330,台積電,半導體業,進榜,準備,148.61,73.0,1.0,0,,-5.0,-2.7,,,,,,,148.6,0.0,-5.0,-2.8,,,,,,,2016-10
2016-10-19,4915,致伸,電子零組件業,進榜,準備,27.3,71.0,2.0,0,,-1.6,-2.7,,,,,,,27.3,0.1,-1.7,-2.8,,,,,,,2016-10
2016-10-19,8044,網家,電子商務業,移出,掉出掃描母體,327.6,74.0,,14,,,,,,,,,,,,,,,,,,,,2016-10
2016-10-20,2415,錩新,電子工業,進榜,準備,14.29,96.0,2.0,0,,11.3,-3.1,,,,,,,14.2,-0.5,11.8,-3.3,,,,,,,2016-10
2016-10-20,6505,台塑化,油電燃氣業,進榜,準備,76.73,73.0,2.0,0,,-4.8,-3.1,,,,,,,76.4,-0.5,-4.3,-3.3,,,,,,,2016-10
2016-10-20,8083,瑞穎,電機機械,移出,掉出掃描母體,91.92,77.0,,1,,,,,,,,,,,,,,,,,,,,2016-10
2016-10-20,6138,茂達,半導體業,移出,掉出掃描母體,23.86,79.0,,41,,,,,,,,,,,,,,,,,,,,2016-10
2016-10-20,2382,廣達,電子工業,移出,掉出掃描母體,38.21,72.0,,3,,,,,,,,,,,,,,,,,,,,2016-10
2016-10-21,5904,寶雅,貿易百貨,進榜,準備,29.76,89.0,1.0,0,,-10.2,-2.8,,,,,,,29.9,0.6,-10.8,-3.0,,,,,,,2016-10
2016-10-21,2340,台亞,光電業,進榜,準備,12.39,76.0,1.0,0,,1.5,-2.8,,,,,,,12.6,1.9,-0.4,-3.0,,,,,,,2016-10
2016-10-21,2409,友達,光電業,進榜,準備,8.73,72.0,1.0,0,,-6.4,-2.8,,,,,,,8.9,1.6,-7.9,-3.0,,,,,,,2016-10
2016-10-21,4915,致伸,電子零組件業,觸發,等待後觸發,28.17,80.0,2.0,2,28.14,-4.2,-2.8,,,,,,,28.8,2.3,-6.4,-3.0,,,,,,,2016-10
2016-10-21,6505,台塑化,油電燃氣業,移出,掉出掃描母體,76.73,73.0,,1,,,,,,,,,,,,,,,,,,,,2016-10
2016-10-21,9938,百和,其他,移出,掉出掃描母體,74.11,72.0,,37,,,,,,,,,,,,,,,,,,,,2016-10
2016-10-24,4956,光鋐,電子工業,進榜,觸發,24.17,99.0,2.0,0,,-6.3,-2.5,,,,,,,25.0,3.6,-9.5,-2.7,,,,,,,2016-10
2016-10-24,4956,光鋐,電子工業,觸發,進榜即觸發,24.17,99.0,2.0,0,24.17,-6.3,-2.5,,,,,,,25.0,3.6,-9.5,-2.7,,,,,,,2016-10
2016-10-24,6191,精成科,電子工業,進榜,準備,7.97,92.0,1.0,0,,5.0,-2.5,,,,,,,8.0,0.5,4.5,-2.7,,,,,,,2016-10
2016-10-24,4999,鑫禾,電子零組件業,進榜,準備,37.4,89.0,1.0,0,,-16.0,-2.5,,,,,,,37.3,-0.2,-15.9,-2.7,,,,,,,2016-10
2016-10-24,6269,台郡,電子工業,進榜,準備,60.73,81.0,1.0,0,,-8.3,-2.5,,,,,,,61.0,0.4,-8.7,-2.7,,,,,,,2016-10
2016-10-24,8016,矽創,半導體業,進榜,準備,60.16,79.0,2.0,0,,-5.1,-2.5,,,,,,,60.2,0.0,-5.1,-2.7,,,,,,,2016-10
2016-10-24,2360,致茂,其他電子業,進榜,準備,66.65,74.0,2.0,0,,-13.7,-2.5,,,,,,,66.7,0.0,-13.7,-2.7,,,,,,,2016-10
2016-10-24,4919,新唐,半導體業,移出,掉出掃描母體,26.6,74.0,,5,,,,,,,,,,,,,,,,,,,,2016-10
2016-10-24,3006,晶豪科,電子工業,移出,掉出掃描母體,23.89,72.0,,28,,,,,,,,,,,,,,,,,,,,2016-10
2016-10-25,1605,華新,電器電纜,進榜,準備,7.07,77.0,2.0,0,,26.4,-2.5,,,,,,,7.1,0.0,26.4,-2.4,,,,,,,2016-10
2016-10-25,2382,廣達,電子工業,進榜,準備,38.33,71.0,1.0,0,,-11.2,-2.5,,,,,,,38.5,0.5,-11.6,-2.4,,,,,,,2016-10
2016-10-25,2317,鴻海,其他電子業,進榜,準備,70.6,70.0,1.0,0,,-5.3,-2.5,,,,,,,70.2,-0.6,-4.7,-2.4,,,,,,,2016-10
2016-10-25,8112,至上,電子工業,觸發,等待後觸發,9.3,92.0,3.0,21,8.79,15.1,-2.5,,,,,,,9.3,-0.2,15.3,-2.4,,,,,,,2016-10
2016-10-25,2360,致茂,其他電子業,移出,掉出掃描母體,66.65,74.0,,1,,,,,,,,,,,,,,,,,,,,2016-10
2016-10-25,1568,倉佑,汽車工業,移出,掉出掃描母體,26.94,91.0,,71,,,,,,,,,,,,,,,,,,,,2016-10
2016-10-25,2103,台橡,橡膠工業,移出,掉出掃描母體,23.66,71.0,,7,,,,,,,,,,,,,,,,,,,,2016-10
2016-10-26,6548,長科*,半導體業,進榜,準備,7.09,100.0,2.0,0,,7.6,-2.5,,,,,,,7.4,3.8,3.7,-2.6,,,,,,,2016-10
2016-10-26,6173,信昌電,電子零組件業,進榜,準備,13.86,87.0,3.0,0,,-9.8,-2.5,,,,,,,13.9,0.6,-10.3,-2.6,,,,,,,2016-10
2016-10-26,5439,高技,電子零組件業,進榜,準備,19.03,86.0,3.0,0,,-14.8,-2.5,,,,,,,19.0,0.0,-14.8,-2.6,,,,,,,2016-10
2016-10-26,2317,鴻海,其他電子業,移出,掉出掃描母體,70.6,70.0,,1,,,,,,,,,,,,,,,,,,,,2016-10
2016-10-27,2352,佳世達,電腦及週邊設備業,進榜,準備,9.56,82.0,1.0,0,,11.5,-2.5,,,,,,,9.6,0.4,11.1,-2.4,,,,,,,2016-10
2016-10-27,2317,鴻海,其他電子業,進榜,準備,70.35,71.0,1.0,0,,-5.0,-2.5,,,,,,,70.8,0.6,-5.6,-2.4,,,,,,,2016-10
2016-10-27,2023,燁輝,鋼鐵工業,觸發,等待後觸發,9.24,90.0,3.0,50,7.8,-0.4,-2.5,,,,,,,9.1,-1.6,1.2,-2.4,,,,,,,2016-10
2016-10-27,6548,長科*,半導體業,觸發,等待後觸發,7.79,100.0,2.0,1,7.17,-3.1,-2.5,,,,,,,8.3,6.9,-9.4,-2.4,,,,,,,2016-10
2016-10-27,2382,廣達,電子工業,移出,掉出掃描母體,38.5,72.0,,2,,,,,,,,,,,,,,,,,,,,2016-10
2016-10-27,6173,信昌電,電子零組件業,移出,掉出掃描母體,13.86,87.0,,1,,,,,,,,,,,,,,,,,,,,2016-10
2016-10-27,4956,光鋐,電子工業,移出,離高點太遠,23.5,99.0,,3,,,,,,,,,,,,,,,,,,,,2016-10
2016-10-28,1569,濱川,電腦及週邊設備業,進榜,觸發,17.6,99.0,2.0,0,,35.5,-2.0,,,,,,,18.4,4.7,29.4,-1.8,,,,,,,2016-10
2016-10-28,1569,濱川,電腦及週邊設備業,觸發,進榜即觸發,17.6,99.0,2.0,0,17.6,35.5,-2.0,,,,,,,18.4,4.7,29.4,-1.8,,,,,,,2016-10
2016-10-28,3313,斐成,電子零組件業,進榜,準備,17.25,100.0,2.0,0,,1.4,-2.0,,,,,,,17.0,-1.7,3.1,-1.8,,,,,,,2016-10
2016-10-28,2371,大同,電機機械,進榜,準備,7.99,95.0,2.0,0,,14.3,-2.0,,,,,,,8.0,-0.5,14.8,-1.8,,,,,,,2016-10
2016-10-28,5904,寶雅,貿易百貨,移出,掉出掃描母體,29.82,86.0,,7,,,,,,,,,,,,,,,,,,,,2016-10
2016-10-28,3260,威剛,半導體業,移出,逾期,30.49,89.0,,56,,,,,,,,,,,,,,,,,,,,2016-10
2016-10-28,8114,振樺電,電子工業,移出,掉出掃描母體,120.49,78.0,,37,,,,,,,,,,,,,,,,,,,,2016-10
2016-10-28,6452,康友-KY,生技醫療業,移出,掉出掃描母體,305.76,78.0,,10,,,,,,,,,,,,,,,,,,,,2016-10
2016-10-28,4999,鑫禾,電子零組件業,移出,掉出掃描母體,36.67,87.0,,4,,,,,,,,,,,,,,,,,,,,2016-10
2016-10-31,3540,曜越,電腦及週邊設備業,進榜,觸發,15.18,89.0,4.0,0,,-17.6,-1.8,,,,,,,15.1,-0.4,-17.2,-1.7,,,,,,,2016-10
2016-10-31,3540,曜越,電腦及週邊設備業,觸發,進榜即觸發,15.18,89.0,4.0,0,15.18,-17.6,-1.8,,,,,,,15.1,-0.4,-17.2,-1.7,,,,,,,2016-10
2016-10-31,3679,新至陞,電子工業,進榜,準備,44.67,96.0,3.0,0,,-11.6,-1.8,,,,,,,44.9,0.5,-12.0,-1.7,,,,,,,2016-10
2016-10-31,3152,璟德,通信網路業,進榜,準備,315.58,92.0,1.0,0,,-5.1,-1.8,,,,,,,316.2,0.2,-5.3,-1.7,,,,,,,2016-10
2016-10-31,3189,景碩,半導體業,進榜,準備,54.87,71.0,1.0,0,,-1.1,-1.8,,,,,,,55.1,0.4,-1.5,-1.7,,,,,,,2016-10
2016-10-31,4551,智伸科,汽車工業,移出,掉出掃描母體,109.4,90.0,,74,,,,,,,,,,,,,,,,,,,,2016-10
2016-10-31,2409,友達,光電業,移出,掉出掃描母體,8.66,73.0,,10,,,,,,,,,,,,,,,,,,,,2016-10
2016-11-01,8358,金居,電子零組件業,進榜,準備,18.65,95.0,2.0,0,,-6.9,-1.4,,,,,,,18.7,0.3,-7.2,-1.1,,,,,,,2016-11
2016-11-01,1262,綠悅-KY,其他,移出,掉出掃描母體,150.88,71.0,,13,,,,,,,,,,,,,,,,,,,,2016-11
2016-11-01,5439,高技,電子零組件業,移出,掉出掃描母體,18.25,83.0,,6,,,,,,,,,,,,,,,,,,,,2016-11
2016-11-02,1326,台化,塑膠工業,進榜,準備,63.31,72.0,2.0,0,,6.7,0.0,,,,,,,63.0,-0.4,7.2,0.1,,,,,,,2016-11
2016-11-02,2340,台亞,光電業,移出,掉出掃描母體,12.39,76.0,,12,,,,,,,,,,,,,,,,,,,,2016-11
2016-11-02,2352,佳世達,電腦及週邊設備業,移出,掉出掃描母體,9.56,82.0,,6,,,,,,,,,,,,,,,,,,,,2016-11
2016-11-02,3189,景碩,半導體業,移出,掉出掃描母體,54.94,72.0,,2,,,,,,,,,,,,,,,,,,,,2016-11
2016-11-02,2489,瑞軒,光電業,移出,掉出掃描母體,20.47,81.0,,75,,,,,,,,,,,,,,,,,,,,2016-11
2016-11-02,1580,新麥,電機機械,移出,掉出掃描母體,77.75,88.0,,70,,,,,,,,,,,,,,,,,,,,2016-11
2016-11-02,1707,葡萄王,化學生技醫療,移出,掉出掃描母體,176.95,84.0,,64,,,,,,,,,,,,,,,,,,,,2016-11
2016-11-02,2354,鴻準,其他電子業,移出,掉出掃描母體,64.41,86.0,,44,,,,,,,,,,,,,,,,,,,,2016-11
2016-11-02,2428,興勤,電子工業,移出,掉出掃描母體,42.37,81.0,,40,,,,,,,,,,,,,,,,,,,,2016-11
2016-11-02,6235,華孚,電子工業,移出,掉出掃描母體,14.25,93.0,,28,,,,,,,,,,,,,,,,,,,,2016-11
2016-11-02,1218,泰山,食品工業,移出,掉出掃描母體,11.6,84.0,,26,,,,,,,,,,,,,,,,,,,,2016-11
2016-11-02,6209,今國光,光電業,移出,晚期未觸發,21.01,94.0,,22,,,,,,,,,,,,,,,,,,,,2016-11
2016-11-02,3540,曜越,電腦及週邊設備業,移出,突破失敗,13.72,88.0,,2,,,,,,,,,,,,,,,,,,,,2016-11
2016-11-03,2823,中壽,金融保險,移出,掉出掃描母體,20.18,74.0,,45,,,,,,,,,,,,,,,,,,,,2016-11
2016-11-03,1319,東陽,汽車工業,移出,掉出掃描母體,47.4,88.0,,44,,,,,,,,,,,,,,,,,,,,2016-11
2016-11-03,3231,緯創,電子工業,移出,掉出掃描母體,13.54,79.0,,29,,,,,,,,,,,,,,,,,,,,2016-11
2016-11-03,3483,力致,電腦及週邊設備業,移出,晚期未觸發,12.42,95.0,,21,,,,,,,,,,,,,,,,,,,,2016-11
2016-11-03,3546,宇峻,文化創意業,移出,離高點太遠,27.6,98.0,,15,,,,,,,,,,,,,,,,,,,,2016-11
2016-11-03,2317,鴻海,其他電子業,移出,掉出掃描母體,68.05,73.0,,7,,,,,,,,,,,,,,,,,,,,2016-11
2016-11-04,2352,佳世達,電腦及週邊設備業,進榜,準備,9.92,88.0,1.0,0,,9.3,0.9,,,,,,,10.1,1.4,7.8,0.6,,,,,,,2016-11
2016-11-04,8358,金居,電子零組件業,觸發,等待後觸發,18.87,96.0,2.0,3,18.84,-7.3,0.9,,,,,,,19.3,2.2,-9.3,0.6,,,,,,,2016-11
2016-11-04,9911,櫻花,其他,移出,掉出掃描母體,24.35,93.0,,29,,,,,,,,,,,,,,,,,,,,2016-11
2016-11-04,3036,文曄,電子工業,移出,掉出掃描母體,25.38,80.0,,16,,,,,,,,,,,,,,,,,,,,2016-11
2016-11-07,2014,中鴻,鋼鐵工業,進榜,觸發,6.84,86.0,2.0,0,,29.3,0.4,,,,,,,7.1,3.2,25.3,0.1,,,,,,,2016-11
2016-11-07,2014,中鴻,鋼鐵工業,觸發,進榜即觸發,6.84,86.0,2.0,0,6.84,29.3,0.4,,,,,,,7.1,3.2,25.3,0.1,,,,,,,2016-11
2016-11-07,2376,技嘉,電子工業,進榜,準備,25.01,76.0,2.0,0,,-4.5,0.4,,,,,,,24.9,-0.5,-4.1,0.1,,,,,,,2016-11
2016-11-07,1101,台泥,水泥工業,進榜,準備,17.98,73.0,1.0,0,,-1.1,0.4,,,,,,,18.1,0.5,-1.6,0.1,,,,,,,2016-11
2016-11-07,4532,瑞智,電機機械,移出,掉出掃描母體,22.2,91.0,,81,,,,,,,,,,,,,,,,,,,,2016-11
2016-11-07,5347,世界,半導體業,移出,掉出掃描母體,39.07,80.0,,24,,,,,,,,,,,,,,,,,,,,2016-11
2016-11-08,3625,西勝,電腦及週邊設備業,進榜,準備,18.25,98.0,3.0,0,,18.4,0.7,,,,,,,18.1,-1.0,19.6,0.8,,,,,,,2016-11
2016-11-08,3545,敦泰,電子工業,進榜,準備,33.1,85.0,1.0,0,,-1.8,0.7,,,,,,,33.3,0.6,-2.4,0.8,,,,,,,2016-11
2016-11-08,8042,金山電,電子零組件業,進榜,準備,35.65,84.0,1.0,0,,20.6,0.7,,,,,,,35.9,0.8,19.7,0.8,,,,,,,2016-11
2016-11-08,6505,台塑化,油電燃氣業,進榜,準備,78.92,78.0,2.0,0,,2.8,0.7,,,,,,,78.9,0.0,2.8,0.8,,,,,,,2016-11
2016-11-08,2823,中壽,金融保險,進榜,準備,20.32,76.0,1.0,0,,18.2,0.7,,,,,,,20.5,0.7,17.4,0.8,,,,,,,2016-11
2016-11-08,3044,健鼎,電子工業,移出,掉出掃描母體,43.16,78.0,,40,,,,,,,,,,,,,,,,,,,,2016-11
2016-11-08,8016,矽創,半導體業,移出,掉出掃描母體,58.1,72.0,,15,,,,,,,,,,,,,,,,,,,,2016-11
2016-11-09,2330,台積電,半導體業,移出,掉出掃描母體,147.82,77.0,,21,,,,,,,,,,,,,,,,,,,,2016-11
2016-11-09,2376,技嘉,電子工業,移出,掉出掃描母體,24.95,75.0,,2,,,,,,,,,,,,,,,,,,,,2016-11
2016-11-09,3545,敦泰,電子工業,移出,掉出掃描母體,33.1,85.0,,1,,,,,,,,,,,,,,,,,,,,2016-11
2016-11-09,2823,中壽,金融保險,移出,掉出掃描母體,20.32,76.0,,1,,,,,,,,,,,,,,,,,,,,2016-11
2016-11-09,2377,微星,電子工業,移出,掉出掃描母體,53.67,94.0,,155,,,,,,,,,,,,,,,,,,,,2016-11
2016-11-09,8070,長華*,電子工業,移出,掉出掃描母體,7.64,90.0,,112,,,,,,,,,,,,,,,,,,,,2016-11
2016-11-09,8069,元太,光電業,移出,掉出掃描母體,18.28,95.0,,91,,,,,,,,,,,,,,,,,,,,2016-11
2016-11-09,3022,威強電,電子工業,移出,掉出掃描母體,48.34,86.0,,40,,,,,,,,,,,,,,,,,,,,2016-11
2016-11-09,1210,大成,食品工業,移出,掉出掃描母體,15.12,76.0,,26,,,,,,,,,,,,,,,,,,,,2016-11
2016-11-09,4915,致伸,電子零組件業,移出,掉出掃描母體,27.69,77.0,,21,,,,,,,,,,,,,,,,,,,,2016-11
2016-11-09,6269,台郡,電子工業,移出,掉出掃描母體,59.21,81.0,,16,,,,,,,,,,,,,,,,,,,,2016-11
2016-11-09,6191,精成科,電子工業,移出,掉出掃描母體,7.9,90.0,,16,,,,,,,,,,,,,,,,,,,,2016-11
2016-11-09,3313,斐成,電子零組件業,移出,離高點太遠,15.69,99.0,,12,,,,,,,,,,,,,,,,,,,,2016-11
2016-11-09,3679,新至陞,電子工業,移出,掉出掃描母體,42.24,91.0,,9,,,,,,,,,,,,,,,,,,,,2016-11
2016-11-09,8358,金居,電子零組件業,移出,掉出掃描母體,18.39,95.0,,8,,,,,,,,,,,,,,,,,,,,2016-11
2016-11-10,5201,凱衛,資訊服務業,進榜,觸發,23.04,100.0,1.0,0,,27.9,1.9,,,,,,,22.8,-1.2,29.4,2.5,,,,,,,2016-11
2016-11-10,5201,凱衛,資訊服務業,觸發,進榜即觸發,23.04,100.0,1.0,0,23.04,27.9,1.9,,,,,,,22.8,-1.2,29.4,2.5,,,,,,,2016-11
2016-11-10,2029,盛餘,鋼鐵工業,進榜,觸發,21.64,96.0,1.0,0,,15.3,1.9,,,,,,,21.6,0.0,15.3,2.5,,,,,,,2016-11
2016-11-10,2029,盛餘,鋼鐵工業,觸發,進榜即觸發,21.64,96.0,1.0,0,21.64,15.3,1.9,,,,,,,21.6,0.0,15.3,2.5,,,,,,,2016-11
2016-11-10,3545,敦泰,電子工業,進榜,準備,33.1,86.0,1.0,0,,-1.7,1.9,,,,,,,32.2,-2.8,1.2,2.5,,,,,,,2016-11
2016-11-10,3231,緯創,電子工業,進榜,準備,13.86,84.0,2.0,0,,-3.6,1.9,,,,,,,13.5,-2.5,-1.1,2.5,,,,,,,2016-11
2016-11-10,3036,文曄,電子工業,進榜,準備,26.1,81.0,1.0,0,,-5.1,1.9,,,,,,,25.6,-2.0,-3.2,2.5,,,,,,,2016-11
2016-11-10,2823,中壽,金融保險,進榜,準備,20.56,80.0,1.0,0,,13.7,1.9,,,,,,,20.5,-0.5,14.3,2.5,,,,,,,2016-11
2016-11-10,2002,中鋼,鋼鐵工業,進榜,準備,17.82,72.0,1.0,0,,4.5,1.9,,,,,,,17.7,-0.6,5.1,2.5,,,,,,,2016-11
2016-11-10,1312,國喬,塑膠工業,進榜,準備,14.42,71.0,1.0,0,,23.8,1.9,,,,,,,14.4,-0.3,24.2,2.5,,,,,,,2016-11
2016-11-10,2415,錩新,電子工業,觸發,等待後觸發,15.96,96.0,2.0,21,14.7,-7.1,1.9,,,,,,,16.0,0.0,-7.1,2.5,,,,,,,2016-11
2016-11-10,1605,華新,電器電纜,觸發,等待後觸發,8.0,83.0,2.0,16,7.28,9.6,1.9,,,,,,,8.2,2.5,6.9,2.5,,,,,,,2016-11
2016-11-10,3625,西勝,電腦及週邊設備業,觸發,等待後觸發,19.0,99.0,3.0,2,18.52,15.4,1.9,,,,,,,18.5,-2.5,18.4,2.5,,,,,,,2016-11
2016-11-11,2031,新光鋼,鋼鐵工業,進榜,準備,11.97,89.0,1.0,0,,12.8,3.1,,,,,,,12.3,2.7,9.8,3.3,,,,,,,2016-11
2016-11-11,2882,國泰金,金融保險,進榜,準備,27.77,84.0,1.0,0,,12.9,3.1,,,,,,,27.8,0.1,12.8,3.3,,,,,,,2016-11
2016-11-11,1210,大成,食品工業,進榜,準備,15.68,83.0,3.0,0,,-2.0,3.1,,,,,,,15.6,-0.7,-1.4,3.3,,,,,,,2016-11
2016-11-11,9933,中鼎,其他,進榜,準備,28.14,71.0,1.0,0,,4.0,3.1,,,,,,,28.2,0.1,3.9,3.3,,,,,,,2016-11
2016-11-11,3545,敦泰,電子工業,移出,掉出掃描母體,33.1,86.0,,1,,,,,,,,,,,,,,,,,,,,2016-11
2016-11-11,3231,緯創,電子工業,移出,掉出掃描母體,13.86,84.0,,1,,,,,,,,,,,,,,,,,,,,2016-11
2016-11-11,4938,和碩,電子工業,移出,掉出掃描母體,46.84,83.0,,30,,,,,,,,,,,,,,,,,,,,2016-11
2016-11-11,6239,力成,半導體業,移出,掉出掃描母體,53.14,85.0,,30,,,,,,,,,,,,,,,,,,,,2016-11
2016-11-14,2006,東和鋼鐵,鋼鐵工業,進榜,觸發,17.03,76.0,1.0,0,,0.5,3.1,,,,,,,17.0,0.0,0.5,3.2,,,,,,,2016-11
2016-11-14,2006,東和鋼鐵,鋼鐵工業,觸發,進榜即觸發,17.03,76.0,1.0,0,17.03,0.5,3.1,,,,,,,17.0,0.0,0.5,3.2,,,,,,,2016-11
2016-11-14,2881,富邦金,金融保險,進榜,準備,24.44,87.0,1.0,0,,6.0,3.1,,,,,,,24.8,1.3,4.6,3.2,,,,,,,2016-11
2016-11-14,2545,皇翔,建材營造,進榜,準備,16.88,77.0,2.0,0,,1.8,3.1,,,,,,,17.1,1.3,0.5,3.2,,,,,,,2016-11
2016-11-14,2809,京城銀,金融保險,進榜,準備,18.76,77.0,1.0,0,,6.7,3.1,,,,,,,18.8,0.0,6.7,3.2,,,,,,,2016-11
2016-11-14,2301,光寶科,電腦及週邊設備業,進榜,準備,26.11,74.0,2.0,0,,8.1,3.1,,,,,,,26.1,0.0,8.1,3.2,,,,,,,2016-11
2016-11-14,6505,台塑化,油電燃氣業,移出,掉出掃描母體,74.17,73.0,,6,,,,,,,,,,,,,,,,,,,,2016-11
2016-11-15,1313,聯成,塑膠工業,進榜,準備,7.69,88.0,1.0,0,,12.8,3.0,,,,,,,7.8,1.7,10.9,2.6,,,,,,,2016-11
2016-11-15,3044,健鼎,電子工業,進榜,準備,44.74,84.0,1.0,0,,-0.4,3.0,,,,,,,44.7,0.0,-0.4,2.6,,,,,,,2016-11
2016-11-15,9933,中鼎,其他,移出,掉出掃描母體,29.16,74.0,,4,,,,,,,,,,,,,,,,,,,,2016-11
2016-11-16,6108,競國,電子零組件業,進榜,準備,14.21,90.0,2.0,0,,17.0,2.7,,,,,,,14.4,1.1,15.7,2.6,,,,,,,2016-11
2016-11-17,6108,競國,電子零組件業,觸發,等待後觸發,15.29,92.0,2.0,1,14.58,11.9,2.8,,,,,,,15.3,0.0,11.9,2.8,,,,,,,2016-11
2016-11-17,1101,台泥,水泥工業,移出,掉出掃描母體,17.71,77.0,,10,,,,,,,,,,,,,,,,,,,,2016-11
2016-11-17,3036,文曄,電子工業,移出,掉出掃描母體,25.32,70.0,,7,,,,,,,,,,,,,,,,,,,,2016-11
2016-11-17,3044,健鼎,電子工業,移出,掉出掃描母體,43.1,79.0,,2,,,,,,,,,,,,,,,,,,,,2016-11
2016-11-18,3260,威剛,半導體業,進榜,準備,30.65,94.0,2.0,0,,6.3,2.5,,,,,,,30.9,0.9,5.4,2.4,,,,,,,2016-11
2016-11-18,1580,新麥,電機機械,進榜,準備,78.02,87.0,1.0,0,,-3.4,2.5,,,,,,,78.3,0.3,-3.7,2.4,,,,,,,2016-11
2016-11-18,3022,威強電,電子工業,進榜,準備,48.08,82.0,1.0,0,,1.4,2.5,,,,,,,48.4,0.8,0.6,2.4,,,,,,,2016-11
2016-11-18,2340,台亞,光電業,進榜,準備,12.58,81.0,2.0,0,,6.6,2.5,,,,,,,12.6,0.4,6.2,2.4,,,,,,,2016-11
2016-11-18,8042,金山電,電子零組件業,觸發,等待後觸發,39.46,89.0,1.0,10,36.05,3.9,2.5,,,,,,,40.1,1.7,2.2,2.4,,,,,,,2016-11
2016-11-18,1326,台化,塑膠工業,移出,掉出掃描母體,65.0,75.0,,16,,,,,,,,,,,,,,,,,,,,2016-11
2016-11-18,3005,神基,電子工業,移出,掉出掃描母體,20.99,95.0,,93,,,,,,,,,,,,,,,,,,,,2016-11
2016-11-21,6462,神盾,半導體業,進榜,觸發,180.76,95.0,6.0,0,,-8.6,1.6,,,,,,,188.7,4.4,-12.4,1.4,,,,,,,2016-11
2016-11-21,6462,神盾,半導體業,觸發,進榜即觸發,180.76,95.0,6.0,0,180.76,-8.6,1.6,,,,,,,188.7,4.4,-12.4,1.4,,,,,,,2016-11
2016-11-21,5269,祥碩,半導體業,進榜,準備,213.06,95.0,2.0,0,,-6.6,1.6,,,,,,,214.7,0.7,-7.2,1.4,,,,,,,2016-11
2016-11-21,8444,綠河-KY,其他,進榜,準備,145.81,93.0,3.0,0,,4.4,1.6,,,,,,,147.8,1.4,3.0,1.4,,,,,,,2016-11
2016-11-21,6191,精成科,電子工業,進榜,準備,8.37,91.0,1.0,0,,9.1,1.6,,,,,,,8.5,1.3,7.7,1.4,,,,,,,2016-11
2016-11-21,3706,神達,電子工業,進榜,準備,13.37,88.0,2.0,0,,0.0,1.6,,,,,,,13.4,0.0,0.0,1.4,,,,,,,2016-11
2016-11-21,3545,敦泰,電子工業,進榜,準備,33.7,86.0,1.0,0,,-10.4,1.6,,,,,,,34.7,2.9,-12.9,1.4,,,,,,,2016-11
2016-11-21,1326,台化,塑膠工業,進榜,準備,64.33,74.0,2.0,0,,0.9,1.6,,,,,,,64.3,0.0,0.9,1.4,,,,,,,2016-11
2016-11-21,6245,立端,通信網路業,進榜,準備,23.83,71.0,2.0,0,,-5.0,1.6,,,,,,,23.8,0.0,-5.0,1.4,,,,,,,2016-11
2016-11-21,1312,國喬,塑膠工業,移出,掉出掃描母體,16.22,87.0,,11,,,,,,,,,,,,,,,,,,,,2016-11
2016-11-21,2301,光寶科,電腦及週邊設備業,移出,掉出掃描母體,27.63,72.0,,7,,,,,,,,,,,,,,,,,,,,2016-11
2016-11-22,1101,台泥,水泥工業,進榜,準備,17.98,76.0,1.0,0,,-2.3,1.3,,,,,,,18.0,0.1,-2.4,1.1,,,,,,,2016-11
2016-11-22,3231,緯創,電子工業,進榜,準備,13.63,74.0,2.0,0,,-0.4,1.3,,,,,,,13.7,0.2,-0.6,1.1,,,,,,,2016-11
2016-11-22,2207,和泰車,汽車工業,進榜,準備,265.47,72.0,1.0,0,,-0.6,1.3,,,,,,,266.6,0.4,-1.0,1.1,,,,,,,2016-11
2016-11-22,2301,光寶科,電腦及週邊設備業,進榜,準備,28.03,72.0,2.0,0,,-0.9,1.3,,,,,,,28.0,0.0,-0.9,1.1,,,,,,,2016-11
2016-11-22,2104,國際中橡,橡膠工業,進榜,準備,17.5,71.0,1.0,0,,5.9,1.3,,,,,,,17.7,1.1,4.7,1.1,,,,,,,2016-11
2016-11-22,6245,立端,通信網路業,移出,掉出掃描母體,23.83,71.0,,1,,,,,,,,,,,,,,,,,,,,2016-11
2016-11-22,6548,長科*,半導體業,移出,離高點太遠,7.63,100.0,,27,,,,,,,,,,,,,,,,,,,,2016-11
2016-11-23,1301,台塑,塑膠工業,進榜,準備,59.6,70.0,1.0,0,,0.5,1.2,,,,,,,59.3,-0.5,0.9,1.1,,,,,,,2016-11
2016-11-23,3231,緯創,電子工業,移出,掉出掃描母體,13.63,74.0,,1,,,,,,,,,,,,,,,,,,,,2016-11
2016-11-24,6488,環球晶,半導體業,進榜,準備,74.26,92.0,1.0,0,,13.7,0.9,,,,,,,75.0,1.0,12.6,0.8,,,,,,,2016-11
2016-11-24,4417,金洲,紡織纖維,進榜,準備,22.99,85.0,1.0,0,,-4.5,0.9,,,,,,,23.1,0.5,-4.9,0.8,,,,,,,2016-11
2016-11-24,5469,瀚宇博,電子零組件業,觸發,等待後觸發,12.46,97.0,2.0,37,9.1,0.0,0.9,,,,,,,12.6,0.8,-0.8,0.8,,,,,,,2016-11
2016-11-24,2207,和泰車,汽車工業,移出,掉出掃描母體,268.03,72.0,,2,,,,,,,,,,,,,,,,,,,,2016-11
2016-11-24,1301,台塑,塑膠工業,移出,掉出掃描母體,59.6,70.0,,1,,,,,,,,,,,,,,,,,,,,2016-11
2016-11-24,5201,凱衛,資訊服務業,移出,離高點太遠,28.77,100.0,,14,,,,,,,,,,,,,,,,,,,,2016-11
2016-11-25,8110,華東,電子工業,進榜,準備,9.98,88.0,3.0,0,,-1.7,0.6,,,,,,,10.1,1.7,-3.3,0.5,,,,,,,2016-11
2016-11-25,2369,菱生,電子工業,進榜,準備,9.61,86.0,2.0,0,,-2.1,0.6,,,,,,,9.5,-0.8,-1.3,0.5,,,,,,,2016-11
2016-11-25,2888,新光金,金融保險,進榜,準備,6.31,80.0,1.0,0,,-4.9,0.6,,,,,,,6.3,-0.1,-4.8,0.5,,,,,,,2016-11
2016-11-25,6285,啟碁,通信網路業,進榜,準備,58.93,75.0,2.0,0,,-8.6,0.6,,,,,,,59.2,0.5,-9.1,0.5,,,,,,,2016-11
2016-11-25,2301,光寶科,電腦及週邊設備業,移出,掉出掃描母體,28.22,70.0,,3,,,,,,,,,,,,,,,,,,,,2016-11
2016-11-25,1101,台泥,水泥工業,移出,掉出掃描母體,17.81,71.0,,3,,,,,,,,,,,,,,,,,,,,2016-11
2016-11-28,3362,先進光,光電業,進榜,觸發,24.5,95.0,2.0,0,,-12.6,0.4,,,,,,,24.9,1.8,-14.2,0.4,,,,,,,2016-11
2016-11-28,3362,先進光,光電業,觸發,進榜即觸發,24.5,95.0,2.0,0,24.5,-12.6,0.4,,,,,,,24.9,1.8,-14.2,0.4,,,,,,,2016-11
2016-11-28,2034,允強,鋼鐵工業,進榜,準備,14.88,83.0,2.0,0,,0.2,0.4,,,,,,,14.9,0.0,0.2,0.4,,,,,,,2016-11
2016-11-28,3044,健鼎,電子工業,進榜,準備,44.07,78.0,1.0,0,,-1.1,0.4,,,,,,,44.1,0.0,-1.1,0.4,,,,,,,2016-11
2016-11-28,2027,大成鋼,鋼鐵工業,進榜,準備,8.83,76.0,3.0,0,,-8.2,0.4,,,,,,,8.9,0.5,-8.7,0.4,,,,,,,2016-11
2016-11-28,1909,榮成,造紙工業,進榜,準備,11.93,73.0,1.0,0,,-1.3,0.4,,,,,,,11.9,0.0,-1.3,0.4,,,,,,,2016-11
2016-11-28,3625,西勝,電腦及週邊設備業,移出,離高點太遠,19.91,99.0,,20,,,,,,,,,,,,,,,,,,,,2016-11
2016-11-28,1210,大成,食品工業,移出,掉出掃描母體,16.08,73.0,,17,,,,,,,,,,,,,,,,,,,,2016-11
2016-11-29,2520,冠德,建材營造,進榜,準備,9.25,78.0,1.0,0,,5.9,0.3,,,,,,,9.3,0.3,5.6,0.0,,,,,,,2016-11
2016-11-29,3264,欣銓,半導體業,進榜,準備,15.18,77.0,2.0,0,,0.4,0.3,,,,,,,15.2,0.0,0.4,0.0,,,,,,,2016-11
2016-11-29,1301,台塑,塑膠工業,進榜,準備,60.48,71.0,1.0,0,,-3.9,0.3,,,,,,,60.5,0.1,-4.0,0.0,,,,,,,2016-11
2016-11-29,2369,菱生,電子工業,移出,掉出掃描母體,9.53,84.0,,4,,,,,,,,,,,,,,,,,,,,2016-11
2016-11-29,6412,群電,電子工業,移出,逾期,28.98,91.0,,56,,,,,,,,,,,,,,,,,,,,2016-11
2016-11-29,8444,綠河-KY,其他,移出,掉出掃描母體,144.62,94.0,,8,,,,,,,,,,,,,,,,,,,,2016-11
2016-11-29,3545,敦泰,電子工業,移出,掉出掃描母體,32.68,79.0,,8,,,,,,,,,,,,,,,,,,,,2016-11
2016-11-30,3005,神基,電子工業,進榜,準備,22.4,96.0,2.0,0,,-7.7,0.3,,,,,,,22.4,0.0,-7.7,0.0,,,,,,,2016-11
2016-11-30,3008,大立光,光電業,進榜,準備,2792.47,79.0,3.0,0,,0.9,0.3,,,,,,,2800.0,0.3,0.7,0.0,,,,,,,2016-11
2016-11-30,6505,台塑化,油電燃氣業,進榜,準備,78.56,77.0,2.0,0,,0.5,0.3,,,,,,,78.6,0.0,0.5,0.0,,,,,,,2016-11
2016-11-30,2301,光寶科,電腦及週邊設備業,進榜,準備,28.39,72.0,2.0,0,,-4.6,0.3,,,,,,,28.4,0.0,-4.6,0.0,,,,,,,2016-11
2016-11-30,3036,文曄,電子工業,進榜,準備,26.1,70.0,1.0,0,,-4.9,0.3,,,,,,,26.1,0.0,-4.9,0.0,,,,,,,2016-11
2016-11-30,2809,京城銀,金融保險,移出,掉出掃描母體,19.04,70.0,,16,,,,,,,,,,,,,,,,,,,,2016-11
2016-12-01,1101,台泥,水泥工業,進榜,準備,17.98,72.0,1.0,0,,-7.8,0.0,,,,,,,17.8,-1.1,-6.8,0.0,,,,,,,2016-12
2016-12-01,2809,京城銀,金融保險,進榜,準備,19.0,72.0,1.0,0,,3.3,0.0,,,,,,,19.1,0.6,2.7,0.0,,,,,,,2016-12
2016-12-01,2823,中壽,金融保險,觸發,等待後觸發,24.97,90.0,1.0,21,20.71,-10.9,0.0,,,,,,,25.0,0.0,-10.9,0.0,,,,,,,2016-12
2016-12-02,2501,國建,建材營造,進榜,準備,11.23,79.0,1.0,0,,-5.2,0.7,,,,,,,11.1,-1.0,-4.2,0.4,,,,,,,2016-12
2016-12-02,5534,長虹,建材營造,進榜,準備,29.96,78.0,2.0,0,,3.8,0.7,,,,,,,30.1,0.3,3.4,0.4,,,,,,,2016-12
2016-12-02,1460,宏遠,紡織纖維,進榜,準備,19.18,75.0,1.0,0,,-4.8,0.7,,,,,,,19.1,-0.3,-4.5,0.4,,,,,,,2016-12
2016-12-02,2204,中華,汽車工業,進榜,準備,27.2,72.0,1.0,0,,-2.1,0.7,,,,,,,27.2,0.0,-2.1,0.4,,,,,,,2016-12
2016-12-02,2548,華固,建材營造,進榜,準備,24.44,72.0,1.0,0,,1.3,0.7,,,,,,,24.6,0.5,0.8,0.4,,,,,,,2016-12
2016-12-02,3044,健鼎,電子工業,移出,掉出掃描母體,44.74,74.0,,4,,,,,,,,,,,,,,,,,,,,2016-12
2016-12-02,3008,大立光,光電業,移出,掉出掃描母體,2762.2,79.0,,2,,,,,,,,,,,,,,,,,,,,2016-12
2016-12-02,2301,光寶科,電腦及週邊設備業,移出,掉出掃描母體,28.22,70.0,,2,,,,,,,,,,,,,,,,,,,,2016-12
2016-12-02,6116,彩晶,電子工業,移出,離高點太遠,6.74,98.0,,87,,,,,,,,,,,,,,,,,,,,2016-12
2016-12-02,5269,祥碩,半導體業,移出,掉出掃描母體,207.07,91.0,,11,,,,,,,,,,,,,,,,,,,,2016-12
2016-12-02,4417,金洲,紡織纖維,移出,掉出掃描母體,22.09,71.0,,8,,,,,,,,,,,,,,,,,,,,2016-12
2016-12-02,3005,神基,電子工業,移出,掉出掃描母體,21.68,95.0,,2,,,,,,,,,,,,,,,,,,,,2016-12
2016-12-05,1582,信錦,電子工業,進榜,準備,41.33,81.0,1.0,0,,,,,,,,,,41.3,0.0,,,,,,,,,2016-12
2016-12-05,3036,文曄,電子工業,移出,掉出掃描母體,26.34,73.0,,5,,,,,,,,,,,,,,,,,,,,2016-12
2016-12-05,5534,長虹,建材營造,移出,掉出掃描母體,29.96,78.0,,3,,,,,,,,,,,,,,,,,,,,2016-12
2016-12-05,2023,燁輝,鋼鐵工業,移出,掉出掃描母體,8.91,90.0,,89,,,,,,,,,,,,,,,,,,,,2016-12
2016-12-05,2545,皇翔,建材營造,移出,掉出掃描母體,17.66,79.0,,21,,,,,,,,,,,,,,,,,,,,2016-12
2016-12-06,3455,由田,光電業,進榜,觸發,26.1,91.0,4.0,0,,,,,,,,,,27.5,5.3,,,,,,,,,2016-12
2016-12-06,3455,由田,光電業,觸發,進榜即觸發,26.1,91.0,4.0,0,26.1,,,,,,,,,27.5,5.3,,,,,,,,,2016-12
2016-12-06,3313,斐成,電子零組件業,進榜,準備,18.49,98.0,3.0,0,,,,,,,,,,19.1,3.3,,,,,,,,,2016-12
2016-12-06,3532,台勝科,半導體業,進榜,準備,77.45,95.0,1.0,0,,,,,,,,,,78.0,0.8,,,,,,,,,2016-12
2016-12-06,6411,晶焱,半導體業,進榜,準備,27.9,82.0,2.0,0,,,,,,,,,,28.1,0.6,,,,,,,,,2016-12
2016-12-06,3008,大立光,光電業,進榜,準備,2781.12,74.0,3.0,0,,,,,,,,,,2837.9,2.0,,,,,,,,,2016-12
2016-12-06,2233,宇隆,汽車工業,進榜,準備,47.15,73.0,3.0,0,,,,,,,,,,47.6,0.9,,,,,,,,,2016-12
2016-12-06,5534,長虹,建材營造,進榜,準備,30.94,72.0,2.0,0,,,,,,,,,,31.3,1.1,,,,,,,,,2016-12
2016-12-06,3044,健鼎,電子工業,進榜,準備,44.68,71.0,1.0,0,,,,,,,,,,44.2,-1.1,,,,,,,,,2016-12
2016-12-06,1582,信錦,電子工業,觸發,等待後觸發,41.86,80.0,1.0,1,41.86,,,,,,,,,41.9,0.0,,,,,,,,,2016-12
2016-12-06,6285,啟碁,通信網路業,移出,掉出掃描母體,59.31,72.0,,11,,,,,,,,,,,,,,,,,,,,2016-12
2016-12-06,2204,中華,汽車工業,移出,掉出掃描母體,27.3,71.0,,4,,,,,,,,,,,,,,,,,,,,2016-12
2016-12-06,1101,台泥,水泥工業,移出,掉出掃描母體,17.79,73.0,,5,,,,,,,,,,,,,,,,,,,,2016-12
2016-12-07,1312,國喬,塑膠工業,進榜,準備,17.94,92.0,1.0,0,,,,,,,,,,17.9,-0.2,,,,,,,,,2016-12
2016-12-07,2301,光寶科,電腦及週邊設備業,進榜,準備,28.22,71.0,2.0,0,,,,,,,,,,28.3,0.2,,,,,,,,,2016-12
2016-12-07,2204,中華,汽車工業,進榜,準備,27.65,70.0,1.0,0,,,,,,,,,,27.7,0.0,,,,,,,,,2016-12
2016-12-07,2548,華固,建材營造,移出,掉出掃描母體,24.61,70.0,,5,,,,,,,,,,,,,,,,,,,,2016-12
2016-12-07,6411,晶焱,半導體業,移出,掉出掃描母體,27.9,82.0,,1,,,,,,,,,,,,,,,,,,,,2016-12
2016-12-07,5534,長虹,建材營造,移出,掉出掃描母體,30.94,72.0,,1,,,,,,,,,,,,,,,,,,,,2016-12
2016-12-07,3044,健鼎,電子工業,移出,掉出掃描母體,44.68,71.0,,1,,,,,,,,,,,,,,,,,,,,2016-12
2016-12-07,1460,宏遠,紡織纖維,移出,掉出掃描母體,18.91,73.0,,5,,,,,,,,,,,,,,,,,,,,2016-12
2016-12-08,1101,台泥,水泥工業,進榜,觸發,18.42,73.0,1.0,0,,,,,,,,,,18.4,0.0,,,,,,,,,2016-12
2016-12-08,1101,台泥,水泥工業,觸發,進榜即觸發,18.42,73.0,1.0,0,18.42,,,,,,,,,18.4,0.0,,,,,,,,,2016-12
2016-12-08,4977,眾達-KY,電子工業,進榜,準備,49.44,90.0,1.0,0,,,,,,,,,,49.4,0.0,,,,,,,,,2016-12
2016-12-08,6411,晶焱,半導體業,進榜,準備,27.96,81.0,2.0,0,,,,,,,,,,28.1,0.4,,,,,,,,,2016-12
2016-12-08,6239,力成,半導體業,進榜,準備,54.06,78.0,3.0,0,,,,,,,,,,53.8,-0.4,,,,,,,,,2016-12
2016-12-08,2548,華固,建材營造,進榜,準備,25.06,71.0,1.0,0,,,,,,,,,,25.2,0.5,,,,,,,,,2016-12
2016-12-08,3044,健鼎,電子工業,進榜,準備,44.55,71.0,1.0,0,,,,,,,,,,44.6,0.0,,,,,,,,,2016-12
2016-12-08,2809,京城銀,金融保險,觸發,等待後觸發,19.98,79.0,1.0,7,19.42,,,,,,,,,20.2,1.0,,,,,,,,,2016-12
2016-12-08,2301,光寶科,電腦及週邊設備業,移出,掉出掃描母體,28.22,71.0,,1,,,,,,,,,,,,,,,,,,,,2016-12
2016-12-08,2204,中華,汽車工業,移出,掉出掃描母體,27.65,70.0,,1,,,,,,,,,,,,,,,,,,,,2016-12
2016-12-08,3362,先進光,光電業,移出,離高點太遠,22.12,93.0,,10,,,,,,,,,,,,,,,,,,,,2016-12
2016-12-09,5269,祥碩,半導體業,進榜,準備,213.46,91.0,2.0,0,,,,,,,,,,213.5,0.0,,,,,,,,,2016-12
2016-12-09,8358,金居,電子零組件業,進榜,準備,18.46,91.0,3.0,0,,,,,,,,,,18.5,0.3,,,,,,,,,2016-12
2016-12-09,4906,正文,通信網路業,進榜,準備,15.25,74.0,1.0,0,,,,,,,,,,15.5,1.6,,,,,,,,,2016-12
2016-12-09,5534,長虹,建材營造,進榜,準備,31.77,73.0,2.0,0,,,,,,,,,,31.3,-1.5,,,,,,,,,2016-12
2016-12-09,1304,台聚,塑膠工業,移出,逾期,11.39,83.0,,56,,,,,,,,,,,,,,,,,,,,2016-12
2016-12-09,1580,新麥,電機機械,移出,掉出掃描母體,81.2,89.0,,21,,,,,,,,,,,,,,,,,,,,2016-12
2016-12-09,3008,大立光,光電業,移出,掉出掃描母體,2837.88,73.0,,3,,,,,,,,,,,,,,,,,,,,2016-12
2016-12-09,2415,錩新,電子工業,移出,掉出掃描母體,14.83,94.0,,50,,,,,,,,,,,,,,,,,,,,2016-12
2016-12-09,3152,璟德,通信網路業,移出,掉出掃描母體,295.62,86.0,,39,,,,,,,,,,,,,,,,,,,,2016-12
2016-12-09,6462,神盾,半導體業,移出,離高點太遠,169.06,92.0,,18,,,,,,,,,,,,,,,,,,,,2016-12
2016-12-09,2888,新光金,金融保險,移出,掉出掃描母體,6.25,71.0,,14,,,,,,,,,,,,,,,,,,,,2016-12
2016-12-09,1101,台泥,水泥工業,移出,掉出掃描母體,18.42,73.0,,1,,,,,,,,,,,,,,,,,,,,2016-12
2016-12-12,2408,南亞科,半導體業,進榜,準備,33.86,83.0,1.0,0,,,,,,,,,,33.7,-0.5,,,,,,,,,2016-12
2016-12-12,3006,晶豪科,電子工業,進榜,準備,24.25,72.0,1.0,0,,,,,,,,,,23.9,-1.5,,,,,,,,,2016-12
2016-12-12,1101,台泥,水泥工業,進榜,準備,18.37,71.0,1.0,0,,,,,,,,,,18.4,0.0,,,,,,,,,2016-12
2016-12-12,3008,大立光,光電業,進榜,準備,2826.53,71.0,3.0,0,,,,,,,,,,2800.0,-0.9,,,,,,,,,2016-12
2016-12-12,3313,斐成,電子零組件業,觸發,等待後觸發,21.2,100.0,3.0,6,18.54,,,,,,,,,21.7,2.2,,,,,,,,,2016-12
2016-12-12,2501,國建,建材營造,移出,掉出掃描母體,11.17,75.0,,10,,,,,,,,,,,,,,,,,,,,2016-12
2016-12-12,5534,長虹,建材營造,移出,掉出掃描母體,31.77,73.0,,3,,,,,,,,,,,,,,,,,,,,2016-12
2016-12-12,1909,榮成,造紙工業,移出,掉出掃描母體,12.04,74.0,,14,,,,,,,,,,,,,,,,,,,,2016-12
2016-12-13,4725,信昌化,化學工業,進榜,準備,49.87,94.0,1.0,0,,,,,,,,,,50.2,0.7,,,,,,,,,2016-12
2016-12-13,6412,群電,電子工業,進榜,準備,29.42,89.0,1.0,0,,,,,,,,,,29.5,0.4,,,,,,,,,2016-12
2016-12-13,2888,新光金,金融保險,進榜,準備,6.48,81.0,1.0,0,,,,,,,,,,6.5,-0.5,,,,,,,,,2016-12
2016-12-13,5534,長虹,建材營造,進榜,準備,31.63,75.0,2.0,0,,,,,,,,,,31.8,0.5,,,,,,,,,2016-12
2016-12-13,2317,鴻海,其他電子業,進榜,準備,69.53,71.0,1.0,0,,,,,,,,,,69.9,0.6,,,,,,,,,2016-12
2016-12-13,1101,台泥,水泥工業,移出,掉出掃描母體,18.37,71.0,,1,,,,,,,,,,,,,,,,,,,,2016-12
2016-12-14,6283,淳安,其他電子業,進榜,準備,24.98,99.0,2.0,0,,,,,,,,,,24.9,-0.4,,,,,,,,,2016-12
2016-12-14,1560,中砂,電機機械,進榜,準備,44.88,80.0,3.0,0,,,,,,,,,,45.1,0.5,,,,,,,,,2016-12
2016-12-14,6488,環球晶,半導體業,觸發,等待後觸發,78.6,94.0,1.0,20,74.98,,,,,,,,,80.4,2.3,,,,,,,,,2016-12
2016-12-14,1301,台塑,塑膠工業,移出,掉出掃描母體,61.15,73.0,,15,,,,,,,,,,,,,,,,,,,,2016-12
2016-12-14,3044,健鼎,電子工業,移出,掉出掃描母體,44.55,72.0,,6,,,,,,,,,,,,,,,,,,,,2016-12
2016-12-14,2548,華固,建材營造,移出,掉出掃描母體,25.42,73.0,,6,,,,,,,,,,,,,,,,,,,,2016-12
2016-12-14,5534,長虹,建材營造,移出,掉出掃描母體,31.63,75.0,,1,,,,,,,,,,,,,,,,,,,,2016-12
2016-12-14,2317,鴻海,其他電子業,移出,掉出掃描母體,69.53,71.0,,1,,,,,,,,,,,,,,,,,,,,2016-12
2016-12-14,3022,威強電,電子工業,移出,掉出掃描母體,49.02,74.0,,26,,,,,,,,,,,,,,,,,,,,2016-12
2016-12-15,3406,玉晶光,光電業,進榜,準備,95.64,98.0,2.0,0,,,,,,,,,,97.7,2.1,,,,,,,,,2016-12
2016-12-15,2456,奇力新,電子零組件業,進榜,準備,78.51,80.0,3.0,0,,,,,,,,,,79.0,0.7,,,,,,,,,2016-12
2016-12-15,3481,群創,光電業,進榜,準備,9.05,72.0,1.0,0,,,,,,,,,,9.1,0.9,,,,,,,,,2016-12
2016-12-15,3044,健鼎,電子工業,進榜,準備,44.8,71.0,1.0,0,,,,,,,,,,45.1,0.7,,,,,,,,,2016-12
2016-12-15,5534,長虹,建材營造,進榜,準備,31.72,71.0,2.0,0,,,,,,,,,,32.0,0.8,,,,,,,,,2016-12
2016-12-15,8358,金居,電子零組件業,觸發,等待後觸發,20.93,96.0,3.0,6,18.97,,,,,,,,,21.9,4.5,,,,,,,,,2016-12
2016-12-15,3006,晶豪科,電子工業,觸發,等待後觸發,24.57,75.0,1.0,3,24.39,,,,,,,,,24.7,0.4,,,,,,,,,2016-12
2016-12-15,2233,宇隆,汽車工業,移出,掉出掃描母體,47.94,71.0,,9,,,,,,,,,,,,,,,,,,,,2016-12
2016-12-15,3008,大立光,光電業,移出,掉出掃描母體,2826.53,71.0,,3,,,,,,,,,,,,,,,,,,,,2016-12
2016-12-16,2351,順德,電子工業,進榜,準備,32.01,73.0,3.0,0,,,,,,,,,,32.1,0.4,,,,,,,,,2016-12
2016-12-16,3008,大立光,光電業,進榜,準備,2837.88,72.0,3.0,0,,,,,,,,,,2811.4,-0.9,,,,,,,,,2016-12
2016-12-16,3044,健鼎,電子工業,觸發,等待後觸發,45.1,72.0,1.0,1,44.98,,,,,,,,,45.3,0.5,,,,,,,,,2016-12
2016-12-16,4725,信昌化,化學工業,觸發,等待後觸發,52.96,97.0,1.0,3,50.53,,,,,,,,,53.4,0.8,,,,,,,,,2016-12
2016-12-19,4714,永捷,化學工業,進榜,準備,10.31,96.0,1.0,0,,,,,,,,,,10.5,2.0,,,,,,,,,2016-12
2016-12-19,1303,南亞,塑膠工業,進榜,準備,47.25,81.0,1.0,0,,,,,,,,,,47.2,0.0,,,,,,,,,2016-12
2016-12-19,2548,華固,建材營造,進榜,準備,25.1,70.0,3.0,0,,,,,,,,,,25.1,0.0,,,,,,,,,2016-12
2016-12-19,3006,晶豪科,電子工業,移出,掉出掃描母體,24.21,70.0,,7,,,,,,,,,,,,,,,,,,,,2016-12
2016-12-19,3008,大立光,光電業,移出,掉出掃描母體,2837.88,72.0,,3,,,,,,,,,,,,,,,,,,,,2016-12
2016-12-19,6220,岳豐,電子零組件業,移出,離高點太遠,29.62,99.0,,105,,,,,,,,,,,,,,,,,,,,2016-12
2016-12-19,6239,力成,半導體業,移出,掉出掃描母體,52.6,73.0,,11,,,,,,,,,,,,,,,,,,,,2016-12
2016-12-19,5269,祥碩,半導體業,移出,掉出掃描母體,211.46,91.0,,10,,,,,,,,,,,,,,,,,,,,2016-12
2016-12-20,3346,麗清,汽車工業,進榜,準備,44.18,97.0,2.0,0,,,,,,,,,,44.1,-0.2,,,,,,,,,2016-12
2016-12-20,1704,榮化,化學工業,進榜,準備,38.6,76.0,3.0,0,,,,,,,,,,38.9,0.7,,,,,,,,,2016-12
2016-12-20,4714,永捷,化學工業,觸發,等待後觸發,10.82,97.0,1.0,1,10.58,,,,,,,,,10.9,0.6,,,,,,,,,2016-12
2016-12-20,3532,台勝科,半導體業,觸發,等待後觸發,98.81,98.0,1.0,14,78.32,,,,,,,,,98.8,0.0,,,,,,,,,2016-12
2016-12-20,2548,華固,建材營造,移出,掉出掃描母體,25.1,70.0,,1,,,,,,,,,,,,,,,,,,,,2016-12
2016-12-20,4977,眾達-KY,電子工業,移出,晚期未觸發,47.86,88.0,,12,,,,,,,,,,,,,,,,,,,,2016-12
2016-12-21,2204,中華,汽車工業,進榜,準備,27.2,71.0,1.0,0,,,,,,,,,,27.2,0.0,,,,,,,,,2016-12
2016-12-21,6412,群電,電子工業,移出,掉出掃描母體,29.42,89.0,,8,,,,,,,,,,,,,,,,,,,,2016-12
2016-12-21,1215,卜蜂,食品工業,移出,掉出掃描母體,26.15,83.0,,69,,,,,,,,,,,,,,,,,,,,2016-12
2016-12-22,1326,台化,塑膠工業,移出,掉出掃描母體,65.68,78.0,,31,,,,,,,,,,,,,,,,,,,,2016-12
2016-12-22,5469,瀚宇博,電子零組件業,移出,離高點太遠,12.46,98.0,,65,,,,,,,,,,,,,,,,,,,,2016-12
2016-12-22,2456,奇力新,電子零組件業,移出,掉出掃描母體,78.08,79.0,,7,,,,,,,,,,,,,,,,,,,,2016-12
2016-12-22,4714,永捷,化學工業,移出,突破失敗,9.63,95.0,,3,,,,,,,,,,,,,,,,,,,,2016-12
2016-12-23,1305,華夏,塑膠工業,移出,掉出掃描母體,14.2,96.0,,79,,,,,,,,,,,,,,,,,,,,2016-12
2016-12-23,1605,華新,電器電纜,移出,掉出掃描母體,8.07,87.0,,59,,,,,,,,,,,,,,,,,,,,2016-12
2016-12-23,2371,大同,電機機械,移出,逾期,9.05,97.0,,56,,,,,,,,,,,,,,,,,,,,2016-12
2016-12-23,2029,盛餘,鋼鐵工業,移出,離高點太遠,21.93,94.0,,43,,,,,,,,,,,,,,,,,,,,2016-12
2016-12-23,2006,東和鋼鐵,鋼鐵工業,移出,掉出掃描母體,16.52,71.0,,39,,,,,,,,,,,,,,,,,,,,2016-12
2016-12-23,2027,大成鋼,鋼鐵工業,移出,掉出掃描母體,8.29,71.0,,25,,,,,,,,,,,,,,,,,,,,2016-12
2016-12-23,6505,台塑化,油電燃氣業,移出,掉出掃描母體,77.09,77.0,,23,,,,,,,,,,,,,,,,,,,,2016-12
2016-12-26,6220,岳豐,電子零組件業,進榜,準備,35.04,100.0,3.0,0,,,,,,,,,,36.0,2.8,,,,,,,,,2016-12
2016-12-26,4714,永捷,化學工業,進榜,準備,10.96,97.0,2.0,0,,,,,,,,,,11.2,2.2,,,,,,,,,2016-12
2016-12-26,2376,技嘉,電子工業,進榜,準備,27.41,79.0,2.0,0,,,,,,,,,,27.4,0.0,,,,,,,,,2016-12
2016-12-26,3044,健鼎,電子工業,移出,掉出掃描母體,44.43,76.0,,11,,,,,,,,,,,,,,,,,,,,2016-12
2016-12-26,3406,玉晶光,光電業,移出,離高點太遠,81.4,98.0,,11,,,,,,,,,,,,,,,,,,,,2016-12
2016-12-26,2351,順德,電子工業,移出,掉出掃描母體,31.04,74.0,,10,,,,,,,,,,,,,,,,,,,,2016-12
2016-12-27,5434,崇越,電子工業,進榜,準備,50.21,79.0,2.0,0,,,,,,,,,,50.0,-0.4,,,,,,,,,2016-12
2016-12-27,2014,中鴻,鋼鐵工業,移出,掉出掃描母體,8.36,96.0,,50,,,,,,,,,,,,,,,,,,,,2016-12
2016-12-27,6191,精成科,電子工業,移出,離高點太遠,8.59,91.0,,36,,,,,,,,,,,,,,,,,,,,2016-12
2016-12-27,1704,榮化,化學工業,移出,掉出掃描母體,38.95,74.0,,7,,,,,,,,,,,,,,,,,,,,2016-12
2016-12-28,3580,友威科,其他電子類,進榜,觸發,36.71,99.0,4.0,0,,,,,,,,,,37.4,1.9,,,,,,,,,2016-12
2016-12-28,3580,友威科,其他電子類,觸發,進榜即觸發,36.71,99.0,4.0,0,36.71,,,,,,,,,37.4,1.9,,,,,,,,,2016-12
2016-12-28,4919,新唐,半導體業,進榜,準備,26.43,74.0,3.0,0,,,,,,,,,,26.3,-0.4,,,,,,,,,2016-12
2016-12-28,3008,大立光,光電業,進榜,準備,2818.96,73.0,3.0,0,,,,,,,,,,2819.0,0.0,,,,,,,,,2016-12
2016-12-28,2376,技嘉,電子工業,移出,掉出掃描母體,27.26,79.0,,2,,,,,,,,,,,,,,,,,,,,2016-12
2016-12-28,5534,長虹,建材營造,移出,掉出掃描母體,30.8,73.0,,13,,,,,,,,,,,,,,,,,,,,2016-12
2016-12-28,2204,中華,汽車工業,移出,掉出掃描母體,26.99,71.0,,7,,,,,,,,,,,,,,,,,,,,2016-12
2016-12-29,3615,安可,光電業,進榜,觸發,23.92,92.0,4.0,0,,,,,,,,,,24.1,0.8,,,,,,,,,2016-12
2016-12-29,3615,安可,光電業,觸發,進榜即觸發,23.92,92.0,4.0,0,23.92,,,,,,,,,24.1,0.8,,,,,,,,,2016-12
2016-12-29,3231,緯創,電子工業,進榜,準備,14.5,73.0,2.0,0,,,,,,,,,,14.6,0.6,,,,,,,,,2016-12
2016-12-29,3481,群創,光電業,移出,掉出掃描母體,9.13,74.0,,14,,,,,,,,,,,,,,,,,,,,2016-12
2016-12-30,2233,宇隆,汽車工業,進榜,觸發,51.7,85.0,4.0,0,,,,,,,,,,,,,,,,,,,,2016-12
2016-12-30,2233,宇隆,汽車工業,觸發,進榜即觸發,51.7,85.0,4.0,0,51.7,,,,,,,,,,,,,,,,,,,2016-12
2016-12-30,6412,群電,電子工業,進榜,準備,29.42,89.0,2.0,0,,,,,,,,,,,,,,,,,,,,2016-12
2016-12-30,6505,台塑化,油電燃氣業,進榜,準備,81.84,85.0,2.0,0,,,,,,,,,,,,,,,,,,,,2016-12
2016-12-30,6411,晶焱,半導體業,觸發,等待後觸發,31.65,90.0,2.0,22,28.4,,,,,,,,,,,,,,,,,,,2016-12
2016-12-30,2352,佳世達,電腦及週邊設備業,移出,逾期,10.7,86.0,,56,,,,,,,,,,,,,,,,,,,,2016-12
