日期,代號,名稱,產業,事件,原因,收盤,RS,底部序,在榜天數,報酬20D,基準20D,報酬60D,基準60D,次日開盤,跳空%,報酬20D開,基準20D開,報酬60D開,基準60D開,月
2017-01-03,8183,精星,其他電子類,進榜,觸發,11.88,96.0,1.0,0,56.3,3.0,38.0,5.8,11.9,0.0,56.3,2.9,38.0,5.7,2017-01
2017-01-03,8183,精星,其他電子類,觸發,進榜即觸發,11.88,96.0,1.0,0,56.3,3.0,38.0,5.8,11.9,0.0,56.3,2.9,38.0,5.7,2017-01
2017-01-03,3005,神基,電子工業,進榜,準備,21.68,94.0,2.0,0,17.5,3.0,6.3,5.8,21.8,0.4,17.0,2.9,5.9,5.7,2017-01
2017-01-03,5269,祥碩,半導體業,進榜,準備,219.44,93.0,2.0,0,15.5,3.0,18.9,5.8,221.4,0.9,14.4,2.9,17.8,5.7,2017-01
2017-01-03,3152,璟德,通信網路業,進榜,準備,309.34,88.0,2.0,0,14.1,3.0,27.0,5.8,315.0,1.8,12.1,2.9,24.8,5.7,2017-01
2017-01-03,1710,東聯,化學工業,進榜,準備,19.61,82.0,2.0,0,17.4,3.0,0.0,5.8,19.7,0.4,16.9,2.9,-0.4,5.7,2017-01
2017-01-03,1326,台化,塑膠工業,進榜,準備,65.81,77.0,2.0,0,0.1,3.0,-2.6,5.8,65.8,0.0,0.1,2.9,-2.6,5.7,2017-01
2017-01-03,3545,敦泰,電子工業,進榜,準備,33.42,77.0,1.0,0,1.4,3.0,14.2,5.8,33.6,0.4,1.0,2.9,13.8,5.7,2017-01
2017-01-03,1301,台塑,塑膠工業,進榜,準備,60.61,74.0,1.0,0,0.1,3.0,3.0,5.8,60.6,0.0,0.1,2.9,3.0,5.7,2017-01
2017-01-03,6412,群電,電子工業,移出,掉出掃描母體,29.42,89.0,,4,,,,,,,,,,,2017-01
2017-01-04,5009,榮剛,鋼鐵工業,進榜,觸發,13.41,74.0,1.0,0,16.5,3.0,4.6,4.8,13.4,-0.3,16.8,2.8,4.9,4.6,2017-01
2017-01-04,5009,榮剛,鋼鐵工業,觸發,進榜即觸發,13.41,74.0,1.0,0,16.5,3.0,4.6,4.8,13.4,-0.3,16.8,2.8,4.9,4.6,2017-01
2017-01-04,2467,志聖,電子工業,進榜,準備,12.86,90.0,2.0,0,-9.8,3.0,-8.9,4.8,13.0,1.4,-11.0,2.8,-10.1,4.6,2017-01
2017-01-04,3044,健鼎,電子工業,進榜,準備,44.55,71.0,1.0,0,6.0,3.0,13.3,4.8,44.6,0.1,5.8,2.8,13.1,4.6,2017-01
2017-01-04,6220,岳豐,電子零組件業,觸發,等待後觸發,40.89,100.0,3.0,9,1.8,3.0,-20.1,4.8,41.0,0.3,1.5,2.8,-20.3,4.6,2017-01
2017-01-04,3152,璟德,通信網路業,觸發,等待後觸發,325.56,89.0,2.0,1,9.6,3.0,21.8,4.8,326.8,0.4,9.2,2.8,21.4,4.6,2017-01
2017-01-04,3231,緯創,電子工業,移出,掉出掃描母體,14.53,71.0,,6,,,,,,,,,,,2017-01
2017-01-04,3260,威剛,半導體業,移出,掉出掃描母體,32.03,70.0,,47,,,,,,,,,,,2017-01
2017-01-05,3374,精材,半導體業,進榜,觸發,32.99,92.0,1.0,0,1.9,2.5,23.5,4.1,33.4,1.4,0.5,2.4,21.8,3.9,2017-01
2017-01-05,3374,精材,半導體業,觸發,進榜即觸發,32.99,92.0,1.0,0,1.9,2.5,23.5,4.1,33.4,1.4,0.5,2.4,21.8,3.9,2017-01
2017-01-05,1909,榮成,造紙工業,進榜,準備,13.75,74.0,1.0,0,61.0,2.5,42.8,4.1,14.9,8.4,48.5,2.4,31.8,3.9,2017-01
2017-01-05,3008,大立光,光電業,觸發,等待後觸發,3064.91,83.0,3.0,8,17.0,2.5,10.5,4.1,3064.9,0.0,17.0,2.4,10.5,3.9,2017-01
2017-01-05,3005,神基,電子工業,觸發,等待後觸發,22.15,94.0,2.0,2,13.7,2.5,-3.2,4.1,22.6,2.1,11.4,2.4,-5.3,3.9,2017-01
2017-01-05,5269,祥碩,半導體業,觸發,等待後觸發,238.59,95.0,2.0,2,10.4,2.5,3.3,4.1,241.8,1.3,8.9,2.4,2.0,3.9,2017-01
2017-01-05,3044,健鼎,電子工業,觸發,等待後觸發,45.88,75.0,1.0,1,4.2,2.5,9.6,4.1,45.9,0.1,4.1,2.4,9.5,3.9,2017-01
2017-01-05,3346,麗清,汽車工業,觸發,等待後觸發,49.46,97.0,2.0,16,32.1,2.5,53.2,4.1,49.5,0.2,31.9,2.4,52.9,3.9,2017-01
2017-01-05,2002,中鋼,鋼鐵工業,移出,逾期,18.01,74.0,,56,,,,,,,,,,,2017-01
2017-01-05,5009,榮剛,鋼鐵工業,移出,掉出掃描母體,13.41,74.0,,1,,,,,,,,,,,2017-01
2017-01-06,4977,眾達-KY,電子工業,進榜,觸發,57.16,96.0,4.0,0,-7.6,2.6,-16.3,3.9,56.7,-0.7,-6.9,2.5,-15.6,3.7,2017-01
2017-01-06,4977,眾達-KY,電子工業,觸發,進榜即觸發,57.16,96.0,4.0,0,-7.6,2.6,-16.3,3.9,56.7,-0.7,-6.9,2.5,-15.6,3.7,2017-01
2017-01-06,1906,寶隆,造紙工業,進榜,觸發,14.7,94.0,5.0,0,47.3,2.6,18.8,3.9,15.0,1.8,44.7,2.5,16.7,3.7,2017-01
2017-01-06,1906,寶隆,造紙工業,觸發,進榜即觸發,14.7,94.0,5.0,0,47.3,2.6,18.8,3.9,15.0,1.8,44.7,2.5,16.7,3.7,2017-01
2017-01-06,2371,大同,電機機械,進榜,準備,9.25,95.0,2.0,0,91.7,2.6,21.2,3.9,9.2,-0.1,91.9,2.5,21.4,3.7,2017-01
2017-01-06,3360,尚立,電子通路業,進榜,準備,15.19,89.0,3.0,0,-5.9,2.6,2.3,3.9,15.0,-1.4,-4.6,2.5,3.7,3.7,2017-01
2017-01-06,1904,正隆,造紙工業,進榜,準備,10.33,88.0,0.0,0,-7.5,2.6,-2.3,3.9,10.3,-0.3,-7.2,2.5,-2.0,3.7,2017-01
2017-01-06,3481,群創,光電業,進榜,準備,10.15,77.0,1.0,0,-4.6,2.6,9.7,3.9,10.3,1.5,-6.1,2.5,8.0,3.7,2017-01
2017-01-06,3019,亞光,光電業,進榜,準備,24.49,71.0,1.0,0,40.2,2.6,68.7,3.9,24.6,0.3,39.8,2.5,68.2,3.7,2017-01
2017-01-06,1909,榮成,造紙工業,觸發,等待後觸發,15.1,87.0,1.0,1,47.7,2.6,26.7,3.9,15.2,1.0,46.2,2.5,25.4,3.7,2017-01
2017-01-06,2823,中壽,金融保險,移出,掉出掃描母體,22.58,84.0,,57,,,,,,,,,,,2017-01
2017-01-06,2882,國泰金,金融保險,移出,逾期,30.95,87.0,,56,,,,,,,,,,,2017-01
2017-01-06,2031,新光鋼,鋼鐵工業,移出,逾期,13.09,89.0,,56,,,,,,,,,,,2017-01
2017-01-06,2340,台亞,光電業,移出,掉出掃描母體,13.18,73.0,,49,,,,,,,,,,,2017-01
2017-01-06,4714,永捷,化學工業,移出,離高點太遠,9.53,93.0,,11,,,,,,,,,,,2017-01
2017-01-09,2337,旺宏,半導體業,進榜,準備,7.75,91.0,1.0,0,67.6,2.9,144.1,2.8,7.8,0.8,66.3,2.9,142.2,2.6,2017-01
2017-01-09,6213,聯茂,電子工業,進榜,準備,25.17,71.0,3.0,0,8.7,2.9,18.3,2.8,25.2,0.0,8.7,2.9,18.3,2.6,2017-01
2017-01-09,3044,健鼎,電子工業,移出,掉出掃描母體,45.46,70.0,,5,,,,,,,,,,,2017-01
2017-01-09,2881,富邦金,金融保險,移出,逾期,26.05,87.0,,56,,,,,,,,,,,2017-01
2017-01-09,2233,宇隆,汽車工業,移出,掉出掃描母體,50.8,74.0,,10,,,,,,,,,,,2017-01
2017-01-10,3049,精金,電子工業,進榜,準備,8.15,85.0,3.0,0,24.7,3.6,9.3,2.6,8.2,0.9,23.6,3.4,8.4,2.4,2017-01
2017-01-10,3044,健鼎,電子工業,進榜,準備,45.04,73.0,1.0,0,7.0,3.6,9.9,2.6,45.0,0.0,7.0,3.4,9.9,2.4,2017-01
2017-01-10,5305,敦南,半導體業,進榜,準備,21.58,73.0,3.0,0,24.7,3.6,11.6,2.6,21.7,0.4,24.2,3.4,11.2,2.4,2017-01
2017-01-10,2371,大同,電機機械,觸發,等待後觸發,10.21,97.0,2.0,4,54.0,3.6,-2.8,2.6,10.2,0.0,54.0,3.4,-2.8,2.4,2017-01
2017-01-10,4919,新唐,半導體業,移出,掉出掃描母體,27.12,75.0,,13,,,,,,,,,,,2017-01
2017-01-10,1326,台化,塑膠工業,移出,掉出掃描母體,65.75,75.0,,7,,,,,,,,,,,2017-01
2017-01-10,1301,台塑,塑膠工業,移出,掉出掃描母體,60.68,72.0,,7,,,,,,,,,,,2017-01
2017-01-10,1569,濱川,電腦及週邊設備業,移出,掉出掃描母體,22.52,99.0,,74,,,,,,,,,,,2017-01
2017-01-10,8042,金山電,電子零組件業,移出,掉出掃描母體,39.66,85.0,,63,,,,,,,,,,,2017-01
2017-01-10,1313,聯成,塑膠工業,移出,逾期,8.38,88.0,,56,,,,,,,,,,,2017-01
2017-01-10,3615,安可,光電業,移出,突破失敗,21.45,76.0,,12,,,,,,,,,,,2017-01
2017-01-10,3360,尚立,電子通路業,移出,晚期未觸發,13.67,82.0,,4,,,,,,,,,,,2017-01
2017-01-10,3019,亞光,光電業,移出,掉出掃描母體,23.96,71.0,,4,,,,,,,,,,,2017-01
2017-01-11,1704,榮化,化學工業,進榜,準備,40.22,74.0,3.0,0,-1.6,3.7,-2.7,3.3,40.0,-0.5,-1.1,3.6,-2.2,3.1,2017-01
2017-01-11,2204,中華,汽車工業,進榜,準備,28.52,74.0,1.0,0,5.5,3.7,-2.7,3.3,28.4,-0.4,5.9,3.6,-2.3,3.1,2017-01
2017-01-11,3231,緯創,電子工業,進榜,準備,15.52,73.0,2.0,0,-1.1,3.7,0.9,3.3,15.5,-0.4,-0.8,3.6,1.3,3.1,2017-01
2017-01-11,4919,新唐,半導體業,進榜,準備,27.12,72.0,3.0,0,22.4,3.7,6.6,3.3,27.3,0.5,21.8,3.6,6.1,3.1,2017-01
2017-01-11,5534,長虹,建材營造,進榜,準備,31.48,70.0,2.0,0,12.9,3.7,8.9,3.3,31.6,0.3,12.5,3.6,8.5,3.1,2017-01
2017-01-11,6213,聯茂,電子工業,移出,掉出掃描母體,25.44,70.0,,2,,,,,,,,,,,2017-01
2017-01-12,3546,宇峻,文化創意業,進榜,觸發,30.89,97.0,3.0,0,-7.5,3.8,1.5,2.4,30.9,-0.1,-7.4,3.9,1.6,2.4,2017-01
2017-01-12,3546,宇峻,文化創意業,觸發,進榜即觸發,30.89,97.0,3.0,0,-7.5,3.8,1.5,2.4,30.9,-0.1,-7.4,3.9,1.6,2.4,2017-01
2017-01-12,6223,旺矽,半導體業,進榜,觸發,76.55,83.0,3.0,0,-8.2,3.8,14.0,2.4,78.5,2.5,-10.4,3.9,11.2,2.4,2017-01
2017-01-12,6223,旺矽,半導體業,觸發,進榜即觸發,76.55,83.0,3.0,0,-8.2,3.8,14.0,2.4,78.5,2.5,-10.4,3.9,11.2,2.4,2017-01
2017-01-12,2351,順德,電子工業,進榜,準備,33.71,76.0,3.0,0,19.6,3.8,-1.6,2.4,33.7,-0.1,19.8,3.9,-1.5,2.4,2017-01
2017-01-12,1326,台化,塑膠工業,進榜,準備,66.29,70.0,2.0,0,0.6,3.8,-5.0,2.4,66.3,0.0,0.6,3.9,-5.0,2.4,2017-01
2017-01-12,3049,精金,電子工業,觸發,等待後觸發,8.95,91.0,3.0,2,26.5,3.8,2.0,2.4,9.1,2.0,24.0,3.9,0.0,2.4,2017-01
2017-01-12,3044,健鼎,電子工業,移出,掉出掃描母體,45.34,71.0,,2,,,,,,,,,,,2017-01
2017-01-12,1704,榮化,化學工業,移出,掉出掃描母體,40.22,74.0,,1,,,,,,,,,,,2017-01
2017-01-13,3406,玉晶光,光電業,進榜,準備,96.05,99.0,2.0,0,119.5,4.3,156.4,2.3,98.5,2.5,114.0,4.5,150.0,2.4,2017-01
2017-01-13,6426,統新,通信網路業,進榜,準備,57.4,98.0,1.0,0,21.9,4.3,118.0,2.3,59.0,2.9,18.5,4.5,111.9,2.4,2017-01
2017-01-13,2352,佳世達,電腦及週邊設備業,進榜,準備,11.37,89.0,3.0,0,0.6,4.3,15.9,2.3,11.4,0.0,0.6,4.5,15.9,2.4,2017-01
2017-01-13,5009,榮剛,鋼鐵工業,進榜,準備,13.59,75.0,1.0,0,18.3,4.3,3.6,2.3,13.7,1.0,17.1,4.5,2.5,2.4,2017-01
2017-01-13,3019,亞光,光電業,進榜,準備,24.49,73.0,1.0,0,53.2,4.3,57.4,2.3,24.5,0.2,53.0,4.5,57.1,2.4,2017-01
2017-01-13,1301,台塑,塑膠工業,進榜,準備,61.22,71.0,1.0,0,3.1,4.3,0.0,2.3,60.9,-0.5,3.6,4.5,0.6,2.4,2017-01
2017-01-13,2337,旺宏,半導體業,觸發,等待後觸發,9.44,95.0,1.0,4,38.9,4.3,112.3,2.3,9.7,3.2,34.6,4.5,105.7,2.4,2017-01
2017-01-13,1326,台化,塑膠工業,觸發,等待後觸發,66.76,73.0,2.0,1,-0.7,4.3,-6.8,2.3,66.5,-0.4,-0.3,4.5,-6.4,2.4,2017-01
2017-01-13,3231,緯創,電子工業,移出,掉出掃描母體,15.55,71.0,,2,,,,,,,,,,,2017-01
2017-01-13,5534,長虹,建材營造,移出,掉出掃描母體,31.43,71.0,,2,,,,,,,,,,,2017-01
2017-01-13,2351,順德,電子工業,移出,掉出掃描母體,33.71,76.0,,1,,,,,,,,,,,2017-01
2017-01-13,4919,新唐,半導體業,移出,掉出掃描母體,27.09,71.0,,2,,,,,,,,,,,2017-01
2017-01-16,3044,健鼎,電子工業,進榜,準備,46.07,71.0,1.0,0,9.7,4.7,9.1,3.4,46.2,0.4,9.3,4.6,8.6,3.3,2017-01
2017-01-16,3706,神達,電子工業,移出,逾期,13.67,86.0,,56,,,,,,,,,,,2017-01
2017-01-16,1301,台塑,塑膠工業,移出,掉出掃描母體,61.22,71.0,,3,,,,,,,,,,,2017-01
2017-01-16,3264,欣銓,半導體業,移出,掉出掃描母體,15.34,74.0,,48,,,,,,,,,,,2017-01
2017-01-16,1312,國喬,塑膠工業,移出,掉出掃描母體,16.82,87.0,,40,,,,,,,,,,,2017-01
2017-01-16,6505,台塑化,油電燃氣業,移出,掉出掃描母體,78.92,72.0,,17,,,,,,,,,,,2017-01
2017-01-16,4977,眾達-KY,電子工業,移出,突破失敗,52.48,92.0,,10,,,,,,,,,,,2017-01
2017-01-17,3217,優群,電子零組件業,進榜,準備,14.5,96.0,1.0,0,7.7,4.5,-3.8,2.7,14.7,1.5,6.1,4.5,-5.3,2.6,2017-01
2017-01-17,1309,台達化,塑膠工業,進榜,準備,7.23,90.0,3.0,0,0.9,4.5,-15.2,2.7,7.3,0.5,0.5,4.5,-15.6,2.6,2017-01
2017-01-17,3689,湧德,電子零組件業,進榜,準備,25.65,89.0,1.0,0,-7.7,4.5,-6.3,2.7,25.5,-0.8,-7.0,4.5,-5.6,2.6,2017-01
2017-01-17,1310,台苯,塑膠工業,進榜,準備,14.34,88.0,3.0,0,13.8,4.5,10.7,2.7,14.5,1.0,12.7,4.5,9.6,2.6,2017-01
2017-01-17,1718,中纖,化學工業,進榜,準備,7.27,77.0,2.0,0,6.3,4.5,-11.1,2.7,7.3,0.2,6.1,4.5,-11.3,2.6,2017-01
2017-01-17,4919,新唐,半導體業,進榜,準備,27.36,74.0,3.0,0,15.7,4.5,5.1,2.7,27.4,0.0,15.7,4.5,5.1,2.6,2017-01
2017-01-17,2340,台亞,光電業,進榜,準備,13.09,72.0,3.0,0,21.9,4.5,20.5,2.7,13.1,0.4,21.5,4.5,20.1,2.6,2017-01
2017-01-17,3019,亞光,光電業,觸發,等待後觸發,27.83,88.0,1.0,4,37.9,4.5,47.9,2.7,28.5,2.6,34.5,4.5,44.2,2.6,2017-01
2017-01-17,3406,玉晶光,光電業,觸發,等待後觸發,105.82,99.0,2.0,4,61.9,4.5,134.6,2.7,108.7,2.7,57.7,4.5,128.5,2.6,2017-01
2017-01-17,1326,台化,塑膠工業,移出,掉出掃描母體,65.95,72.0,,5,,,,,,,,,,,2017-01
2017-01-17,2104,國際中橡,橡膠工業,移出,逾期,18.79,80.0,,56,,,,,,,,,,,2017-01
2017-01-17,4906,正文,通信網路業,移出,晚期未觸發,15.76,85.0,,39,,,,,,,,,,,2017-01
2017-01-18,2023,燁輝,鋼鐵工業,進榜,觸發,9.13,87.0,4.0,0,17.4,4.5,1.6,2.9,9.1,0.0,17.4,4.4,1.6,2.8,2017-01
2017-01-18,2023,燁輝,鋼鐵工業,觸發,進榜即觸發,9.13,87.0,4.0,0,17.4,4.5,1.6,2.9,9.1,0.0,17.4,4.4,1.6,2.8,2017-01
2017-01-18,1455,集盛,紡織纖維,進榜,觸發,8.21,79.0,1.0,0,17.3,4.5,-8.1,2.9,8.2,0.0,17.3,4.4,-8.1,2.8,2017-01
2017-01-18,1455,集盛,紡織纖維,觸發,進榜即觸發,8.21,79.0,1.0,0,17.3,4.5,-8.1,2.9,8.2,0.0,17.3,4.4,-8.1,2.8,2017-01
2017-01-18,2439,美律,通信網路業,進榜,準備,75.16,94.0,3.0,0,8.0,4.5,15.2,2.9,76.3,1.5,6.4,4.4,13.5,2.8,2017-01
2017-01-18,2204,中華,汽車工業,觸發,等待後觸發,29.23,76.0,1.0,7,0.5,4.5,-5.4,2.9,29.2,0.0,0.5,4.4,-5.4,2.8,2017-01
2017-01-18,2340,台亞,光電業,移出,晚期未觸發,13.09,71.0,,1,,,,,,,,,,,2017-01
2017-01-19,5534,長虹,建材營造,進榜,準備,31.33,78.0,3.0,0,10.9,4.3,9.2,3.1,31.3,0.0,10.9,4.2,9.2,3.0,2017-01
2017-01-19,6213,聯茂,電子工業,進榜,準備,26.22,75.0,3.0,0,8.4,4.3,15.9,3.1,26.7,1.7,6.6,4.2,14.0,3.0,2017-01
2017-01-19,2002,中鋼,鋼鐵工業,進榜,準備,18.19,71.0,2.0,0,4.0,4.3,-0.8,3.1,18.1,-0.4,4.4,4.2,-0.4,3.0,2017-01
2017-01-19,5305,敦南,半導體業,觸發,等待後觸發,24.91,87.0,3.0,9,4.2,4.3,-1.7,3.1,25.7,3.1,1.0,4.2,-4.7,3.0,2017-01
2017-01-19,3044,健鼎,電子工業,移出,掉出掃描母體,47.15,71.0,,3,,,,,,,,,,,2017-01
2017-01-20,1314,中石化,塑膠工業,進榜,準備,8.58,83.0,3.0,0,17.4,4.3,10.1,3.0,8.6,0.0,17.4,4.1,10.1,2.7,2017-01
2017-01-20,2002,中鋼,鋼鐵工業,移出,掉出掃描母體,18.19,71.0,,1,,,,,,,,,,,2017-01
2017-01-20,8110,華東,電子工業,移出,逾期,9.9,82.0,,56,,,,,,,,,,,2017-01
2017-01-20,2467,志聖,電子工業,移出,離高點太遠,11.23,81.0,,16,,,,,,,,,,,2017-01
2017-01-23,2383,台光電,電子工業,進榜,觸發,82.79,93.0,4.0,0,-1.8,3.9,8.1,3.1,84.3,1.8,-3.5,3.7,6.2,2.7,2017-01
2017-01-23,2383,台光電,電子工業,觸發,進榜即觸發,82.79,93.0,4.0,0,-1.8,3.9,8.1,3.1,84.3,1.8,-3.5,3.7,6.2,2.7,2017-01
2017-01-23,2344,華邦電,半導體業,進榜,觸發,9.74,87.0,4.0,0,-14.0,3.9,32.7,3.1,9.9,1.6,-15.3,3.7,30.7,2.7,2017-01
2017-01-23,2344,華邦電,半導體業,觸發,進榜即觸發,9.74,87.0,4.0,0,-14.0,3.9,32.7,3.1,9.9,1.6,-15.3,3.7,30.7,2.7,2017-01
2017-01-23,2031,新光鋼,鋼鐵工業,進榜,準備,13.2,90.0,3.0,0,2.9,3.9,1.6,3.1,13.3,0.4,2.4,3.7,1.1,2.7,2017-01
2017-01-23,2034,允強,鋼鐵工業,移出,逾期,15.34,76.0,,56,,,,,,,,,,,2017-01
2017-01-23,3481,群創,光電業,移出,掉出掃描母體,10.27,72.0,,17,,,,,,,,,,,2017-01
2017-01-24,3224,三顧,電子通路業,進榜,準備,38.38,92.0,2.0,0,5.1,3.7,12.6,3.1,38.7,0.7,4.4,3.4,11.7,2.9,2017-01
2017-01-24,1313,聯成,塑膠工業,進榜,準備,8.8,89.0,2.0,0,2.6,3.7,-4.1,3.1,8.9,0.7,1.9,3.4,-4.8,2.9,2017-01
2017-01-24,2915,潤泰全,貿易百貨,進榜,準備,41.07,74.0,2.0,0,-1.0,3.7,-16.0,3.1,40.6,-1.0,0.0,3.4,-15.1,2.9,2017-01
2017-01-24,3260,威剛,半導體業,進榜,準備,32.16,72.0,3.0,0,6.3,3.7,36.4,3.1,32.5,1.0,5.3,3.4,35.1,2.9,2017-01
2017-01-24,3481,群創,光電業,進榜,準備,10.35,72.0,1.0,0,-6.4,3.7,8.7,3.1,10.5,1.9,-8.2,3.4,6.7,2.9,2017-01
2017-01-24,2520,冠德,建材營造,移出,逾期,9.72,81.0,,56,,,,,,,,,,,2017-01
2017-02-02,2014,中鴻,鋼鐵工業,進榜,觸發,10.24,97.0,4.0,0,2.1,3.4,-22.7,2.5,10.6,3.4,-1.2,3.2,-25.3,2.3,2017-02
2017-02-02,2014,中鴻,鋼鐵工業,觸發,進榜即觸發,10.24,97.0,4.0,0,2.1,3.4,-22.7,2.5,10.6,3.4,-1.2,3.2,-25.3,2.3,2017-02
2017-02-02,2421,建準,電子工業,進榜,觸發,21.66,87.0,4.0,0,-10.1,3.4,-0.8,2.5,21.9,0.9,-10.9,3.2,-1.6,2.3,2017-02
2017-02-02,2421,建準,電子工業,觸發,進榜即觸發,21.66,87.0,4.0,0,-10.1,3.4,-0.8,2.5,21.9,0.9,-10.9,3.2,-1.6,2.3,2017-02
2017-02-02,6182,合晶,半導體業,進榜,準備,11.57,95.0,3.0,0,4.2,3.4,19.3,2.5,11.9,2.6,1.6,3.2,16.2,2.3,2017-02
2017-02-02,1603,華電,電器電纜,進榜,準備,18.55,93.0,3.0,0,10.9,3.4,1.8,2.5,18.5,0.0,10.9,3.2,1.8,2.3,2017-02
2017-02-02,2029,盛餘,鋼鐵工業,進榜,準備,23.7,93.0,3.0,0,17.9,3.4,-8.4,2.5,24.1,1.8,15.9,3.2,-10.0,2.3,2017-02
2017-02-02,3706,神達,電子工業,進榜,準備,14.65,85.0,2.0,0,-5.1,3.4,-6.0,2.5,14.7,0.4,-5.5,3.2,-6.4,2.3,2017-02
2017-02-02,1312,國喬,塑膠工業,進榜,準備,17.26,82.0,3.0,0,0.5,3.4,-8.3,2.5,17.5,1.2,-0.7,3.2,-9.4,2.3,2017-02
2017-02-02,2104,國際中橡,橡膠工業,進榜,準備,18.5,77.0,1.0,0,6.3,3.4,5.6,2.5,18.6,0.5,5.7,3.2,5.0,2.3,2017-02
2017-02-02,1304,台聚,塑膠工業,進榜,準備,11.25,72.0,2.0,0,2.2,3.4,-7.7,2.5,11.3,0.3,1.8,3.2,-8.0,2.3,2017-02
2017-02-02,1560,中砂,電機機械,觸發,等待後觸發,51.5,82.0,3.0,50,8.6,3.4,1.7,2.5,51.6,0.3,8.3,3.2,1.4,2.3,2017-02
2017-02-02,5009,榮剛,鋼鐵工業,觸發,等待後觸發,15.0,86.0,1.0,20,11.1,3.4,-10.8,2.5,15.3,1.8,9.0,3.2,-12.4,2.3,2017-02
2017-02-02,3481,群創,光電業,觸發,等待後觸發,11.13,81.0,1.0,9,-13.7,3.4,0.0,2.5,11.1,0.0,-13.7,3.2,0.0,2.3,2017-02
2017-02-03,2069,運錩,鋼鐵工業,進榜,準備,14.34,90.0,2.0,0,9.1,2.8,3.5,2.1,14.4,0.2,8.8,2.6,3.3,1.9,2017-02
2017-02-03,2515,中工,建材營造,進榜,準備,4.46,77.0,1.0,0,4.8,2.8,-3.2,2.1,4.5,1.9,2.9,2.6,-5.0,1.9,2017-02
2017-02-03,8039,台虹,電子工業,進榜,準備,23.1,73.0,1.0,0,0.0,2.8,1.0,2.1,23.2,0.5,-0.5,2.6,0.5,1.9,2017-02
2017-02-03,1513,中興電,電機機械,進榜,準備,14.3,72.0,1.0,0,-0.2,2.8,-8.6,2.1,14.3,0.0,-0.2,2.6,-8.6,1.9,2017-02
2017-02-03,1314,中石化,塑膠工業,觸發,等待後觸發,10.36,92.0,3.0,14,-4.4,2.8,-10.8,2.1,10.3,-0.8,-3.6,2.6,-10.1,1.9,2017-02
2017-02-03,1312,國喬,塑膠工業,觸發,等待後觸發,18.3,86.0,3.0,1,-3.9,2.8,-12.9,2.1,18.5,1.1,-5.0,2.6,-13.8,1.9,2017-02
2017-02-03,2809,京城銀,金融保險,移出,掉出掃描母體,20.12,74.0,,64,,,,,,,,,,,2017-02
2017-02-03,2915,潤泰全,貿易百貨,移出,掉出掃描母體,40.43,72.0,,10,,,,,,,,,,,2017-02
2017-02-03,3260,威剛,半導體業,移出,掉出掃描母體,32.46,71.0,,10,,,,,,,,,,,2017-02
2017-02-06,2415,錩新,電子工業,進榜,觸發,20.35,96.0,5.0,0,11.1,2.2,4.9,0.7,20.0,-1.7,13.1,2.1,6.8,0.6,2017-02
2017-02-06,2415,錩新,電子工業,觸發,進榜即觸發,20.35,96.0,5.0,0,11.1,2.2,4.9,0.7,20.0,-1.7,13.1,2.1,6.8,0.6,2017-02
2017-02-06,6510,精測,半導體業,進榜,觸發,1114.11,91.0,6.0,0,3.5,2.2,-12.4,0.7,1131.4,1.6,1.9,2.1,-13.7,0.6,2017-02
2017-02-06,6510,精測,半導體業,觸發,進榜即觸發,1114.11,91.0,6.0,0,3.5,2.2,-12.4,0.7,1131.4,1.6,1.9,2.1,-13.7,0.6,2017-02
2017-02-06,6462,神盾,半導體業,進榜,觸發,187.31,85.0,6.0,0,-2.0,2.2,-34.6,0.7,194.9,4.0,-5.8,2.1,-37.1,0.6,2017-02
2017-02-06,6462,神盾,半導體業,觸發,進榜即觸發,187.31,85.0,6.0,0,-2.0,2.2,-34.6,0.7,194.9,4.0,-5.8,2.1,-37.1,0.6,2017-02
2017-02-06,3491,昇達科,通信網路業,進榜,準備,52.52,82.0,2.0,0,-3.3,2.2,3.4,0.7,52.2,-0.7,-2.6,2.1,4.1,0.6,2017-02
2017-02-06,2501,國建,建材營造,進榜,準備,12.19,81.0,1.0,0,2.9,2.2,-4.1,0.7,12.2,0.5,2.4,2.1,-4.5,0.6,2017-02
2017-02-06,2034,允強,鋼鐵工業,進榜,準備,16.31,80.0,3.0,0,-10.3,2.2,-18.4,0.7,16.3,0.2,-10.5,2.1,-18.5,0.6,2017-02
2017-02-06,2882,國泰金,金融保險,進榜,準備,30.6,80.0,1.0,0,1.7,2.2,1.1,0.7,30.6,0.0,1.7,2.1,1.1,0.6,2017-02
2017-02-06,2548,華固,建材營造,進榜,準備,26.57,72.0,3.0,0,2.3,2.2,5.7,0.7,26.6,0.0,2.3,2.1,5.7,0.6,2017-02
2017-02-06,2809,京城銀,金融保險,進榜,準備,20.29,71.0,1.0,0,0.0,2.2,2.6,0.7,20.3,0.0,0.0,2.1,2.6,0.6,2017-02
2017-02-06,1718,中纖,化學工業,觸發,等待後觸發,8.32,86.0,2.0,20,-9.4,2.2,-21.8,0.7,8.5,2.0,-11.2,2.1,-23.3,0.6,2017-02
2017-02-06,2515,中工,建材營造,觸發,等待後觸發,4.89,85.0,1.0,3,-3.9,2.2,-11.8,0.7,4.9,-0.3,-3.7,2.1,-11.6,0.6,2017-02
2017-02-06,2204,中華,汽車工業,移出,掉出掃描母體,29.38,74.0,,26,,,,,,,,,,,2017-02
2017-02-06,2408,南亞科,半導體業,移出,逾期,33.54,72.0,,56,,,,,,,,,,,2017-02
2017-02-06,6223,旺矽,半導體業,移出,掉出掃描母體,78.84,82.0,,25,,,,,,,,,,,2017-02
2017-02-07,4714,永捷,化學工業,進榜,準備,10.24,93.0,3.0,0,9.3,1.9,-13.2,0.0,10.7,4.6,4.4,1.7,-17.1,0.0,2017-02
2017-02-07,2520,冠德,建材營造,進榜,準備,11.29,88.0,3.0,0,1.1,1.9,-15.9,0.0,11.3,0.4,0.7,1.7,-16.3,0.0,2017-02
2017-02-07,8110,華東,電子工業,進榜,準備,10.85,85.0,3.0,0,7.2,1.9,5.3,0.0,11.0,1.1,6.0,1.7,4.1,0.0,2017-02
2017-02-07,1704,榮化,化學工業,進榜,準備,40.36,74.0,3.0,0,-2.1,1.9,-8.3,0.0,40.4,0.0,-2.1,1.7,-8.3,0.0,2017-02
2017-02-07,2029,盛餘,鋼鐵工業,觸發,等待後觸發,24.92,94.0,3.0,5,10.7,1.9,-18.1,0.0,25.0,0.1,10.6,1.7,-18.2,0.0,2017-02
2017-02-07,1304,台聚,塑膠工業,觸發,等待後觸發,11.8,76.0,2.0,5,-0.9,1.9,-12.1,0.0,11.8,0.0,-0.9,1.7,-12.1,0.0,2017-02
2017-02-07,2888,新光金,金融保險,移出,逾期,6.44,79.0,,56,,,,,,,,,,,2017-02
2017-02-07,3481,群創,光電業,移出,掉出掃描母體,10.9,75.0,,14,,,,,,,,,,,2017-02
2017-02-07,1513,中興電,電機機械,移出,掉出掃描母體,14.33,70.0,,4,,,,,,,,,,,2017-02
2017-02-07,2882,國泰金,金融保險,移出,掉出掃描母體,30.6,80.0,,1,,,,,,,,,,,2017-02
2017-02-07,2809,京城銀,金融保險,移出,掉出掃描母體,20.29,71.0,,1,,,,,,,,,,,2017-02
2017-02-07,3406,玉晶光,光電業,移出,離高點太遠,146.11,100.0,,25,,,,,,,,,,,2017-02
2017-02-08,6188,廣明,電腦及週邊設備業,進榜,觸發,22.99,83.0,4.0,0,22.0,1.3,17.3,-0.9,22.9,-0.3,22.3,1.2,17.7,-1.1,2017-02
2017-02-08,6188,廣明,電腦及週邊設備業,觸發,進榜即觸發,22.99,83.0,4.0,0,22.0,1.3,17.3,-0.9,22.9,-0.3,22.3,1.2,17.7,-1.1,2017-02
2017-02-08,1815,富喬,電子零組件業,進榜,觸發,13.07,80.0,4.0,0,1.2,1.3,-14.9,-0.9,13.3,1.5,-0.3,1.2,-16.1,-1.1,2017-02
2017-02-08,1815,富喬,電子零組件業,觸發,進榜即觸發,13.07,80.0,4.0,0,1.2,1.3,-14.9,-0.9,13.3,1.5,-0.3,1.2,-16.1,-1.1,2017-02
2017-02-08,6138,茂達,半導體業,進榜,觸發,27.98,74.0,6.0,0,26.6,1.3,8.4,-0.9,28.9,3.2,22.6,1.2,5.0,-1.1,2017-02
2017-02-08,6138,茂達,半導體業,觸發,進榜即觸發,27.98,74.0,6.0,0,26.6,1.3,8.4,-0.9,28.9,3.2,22.6,1.2,5.0,-1.1,2017-02
2017-02-08,5483,中美晶,半導體業,進榜,準備,30.67,84.0,2.0,0,-5.9,1.3,-9.0,-0.9,31.2,1.7,-7.5,1.2,-10.6,-1.1,2017-02
2017-02-08,1723,中碳,化學生技醫療,進榜,準備,90.54,78.0,2.0,0,-4.9,1.3,-14.4,-0.9,90.9,0.4,-5.3,1.2,-14.7,-1.1,2017-02
2017-02-08,5443,均豪,光電業,進榜,準備,14.86,74.0,3.0,0,10.7,1.3,9.2,-0.9,14.9,0.4,10.2,1.2,8.7,-1.1,2017-02
2017-02-08,1303,南亞,塑膠工業,移出,掉出掃描母體,48.94,73.0,,51,,,,,,,,,,,2017-02
2017-02-08,8039,台虹,電子工業,移出,掉出掃描母體,23.19,74.0,,5,,,,,,,,,,,2017-02
2017-02-08,1704,榮化,化學工業,移出,掉出掃描母體,40.36,74.0,,1,,,,,,,,,,,2017-02
2017-02-08,6283,淳安,其他電子業,移出,逾期,36.84,100.0,,56,,,,,,,,,,,2017-02
2017-02-08,3580,友威科,其他電子類,移出,離高點太遠,42.83,100.0,,42,,,,,,,,,,,2017-02
2017-02-08,2439,美律,通信網路業,移出,掉出掃描母體,72.3,80.0,,21,,,,,,,,,,,2017-02
2017-02-08,6213,聯茂,電子工業,移出,掉出掃描母體,27.64,73.0,,20,,,,,,,,,,,2017-02
2017-02-09,3615,安可,光電業,進榜,觸發,24.6,85.0,6.0,0,8.8,0.9,-13.7,-0.4,25.6,4.2,4.4,0.6,-17.2,-0.7,2017-02
2017-02-09,3615,安可,光電業,觸發,進榜即觸發,24.6,85.0,6.0,0,8.8,0.9,-13.7,-0.4,25.6,4.2,4.4,0.6,-17.2,-0.7,2017-02
2017-02-09,1704,榮化,化學工業,進榜,準備,40.44,73.0,3.0,0,-4.6,0.9,-9.2,-0.4,40.9,1.2,-5.7,0.6,-10.3,-0.7,2017-02
2017-02-09,1262,綠悅-KY,其他,進榜,準備,159.44,72.0,3.0,0,-4.8,0.9,-25.7,-0.4,159.0,-0.3,-4.5,0.6,-25.5,-0.7,2017-02
2017-02-09,3189,景碩,半導體業,進榜,準備,62.39,72.0,3.0,0,-4.3,0.9,-2.1,-0.4,62.8,0.7,-5.0,0.6,-2.8,-0.7,2017-02
2017-02-09,1303,南亞,塑膠工業,進榜,準備,49.07,71.0,3.0,0,-7.6,0.9,-6.9,-0.4,49.2,0.3,-7.8,0.6,-7.2,-0.7,2017-02
2017-02-09,5443,均豪,光電業,移出,掉出掃描母體,14.86,74.0,,1,,,,,,,,,,,2017-02
2017-02-09,3545,敦泰,電子工業,移出,掉出掃描母體,33.89,74.0,,37,,,,,,,,,,,2017-02
2017-02-09,2352,佳世達,電腦及週邊設備業,移出,晚期未觸發,11.73,84.0,,27,,,,,,,,,,,2017-02
2017-02-09,2031,新光鋼,鋼鐵工業,移出,晚期未觸發,13.65,85.0,,17,,,,,,,,,,,2017-02
2017-02-09,2344,華邦電,半導體業,移出,突破失敗,8.83,71.0,,17,,,,,,,,,,,2017-02
2017-02-09,1603,華電,電器電纜,移出,掉出掃描母體,17.72,91.0,,7,,,,,,,,,,,2017-02
2017-02-10,2352,佳世達,電腦及週邊設備業,進榜,準備,11.8,83.0,3.0,0,2.1,1.1,17.2,-0.6,11.9,1.2,0.9,1.0,15.8,-1.0,2017-02
2017-02-10,2882,國泰金,金融保險,進榜,準備,30.66,81.0,1.0,0,5.2,1.1,1.9,-0.6,31.2,1.7,3.5,1.0,0.2,-1.0,2017-02
2017-02-10,6005,群益證,金融保險,進榜,準備,4.81,75.0,2.0,0,-0.6,1.1,0.0,-0.6,4.9,1.0,-1.6,1.0,-1.0,-1.0,2017-02
2017-02-10,8039,台虹,電子工業,進榜,準備,22.86,70.0,2.0,0,0.3,1.1,0.7,-0.6,22.9,0.1,0.1,1.0,0.5,-1.0,2017-02
2017-02-10,1303,南亞,塑膠工業,觸發,等待後觸發,50.31,76.0,3.0,1,-9.8,1.1,-8.8,-0.6,50.2,-0.1,-9.7,1.0,-8.7,-1.0,2017-02
2017-02-10,1704,榮化,化學工業,移出,掉出掃描母體,40.44,73.0,,1,,,,,,,,,,,2017-02
2017-02-10,1262,綠悅-KY,其他,移出,掉出掃描母體,159.44,72.0,,1,,,,,,,,,,,2017-02
2017-02-10,3189,景碩,半導體業,移出,掉出掃描母體,62.39,72.0,,1,,,,,,,,,,,2017-02
2017-02-10,3546,宇峻,文化創意業,移出,掉出掃描母體,30.14,78.0,,29,,,,,,,,,,,2017-02
2017-02-13,3105,穩懋,半導體業,進榜,觸發,91.96,85.0,5.0,0,7.0,1.1,13.5,-0.9,91.6,-0.4,7.5,0.8,14.0,-1.1,2017-02
2017-02-13,3105,穩懋,半導體業,觸發,進榜即觸發,91.96,85.0,5.0,0,7.0,1.1,13.5,-0.9,91.6,-0.4,7.5,0.8,14.0,-1.1,2017-02
2017-02-13,3003,健和興,電子工業,進榜,觸發,33.9,72.0,3.0,0,-4.5,1.1,7.6,-0.9,34.5,1.8,-6.2,0.8,5.8,-1.1,2017-02
2017-02-13,3003,健和興,電子工業,觸發,進榜即觸發,33.9,72.0,3.0,0,-4.5,1.1,7.6,-0.9,34.5,1.8,-6.2,0.8,5.8,-1.1,2017-02
2017-02-13,2340,台亞,光電業,進榜,觸發,14.43,70.0,4.0,0,3.8,1.1,17.3,-0.9,15.5,7.4,-3.3,0.8,9.3,-1.1,2017-02
2017-02-13,2340,台亞,光電業,觸發,進榜即觸發,14.43,70.0,4.0,0,3.8,1.1,17.3,-0.9,15.5,7.4,-3.3,0.8,9.3,-1.1,2017-02
2017-02-13,4912,聯德控股-KY,電子工業,進榜,準備,75.2,96.0,3.0,0,-19.7,1.1,-2.6,-0.9,76.0,1.1,-20.6,0.8,-3.7,-1.1,2017-02
2017-02-13,2369,菱生,電子工業,進榜,準備,10.72,82.0,3.0,0,3.3,1.1,9.3,-0.9,10.8,1.1,2.2,0.8,8.1,-1.1,2017-02
2017-02-13,2104,國際中橡,橡膠工業,觸發,等待後觸發,19.34,77.0,1.0,11,-1.0,1.1,0.5,-0.9,19.9,2.8,-3.7,0.8,-2.3,-1.1,2017-02
2017-02-13,1582,信錦,電子工業,移出,掉出掃描母體,42.06,71.0,,70,,,,,,,,,,,2017-02
2017-02-13,5434,崇越,電子工業,移出,掉出掃描母體,55.92,74.0,,48,,,,,,,,,,,2017-02
2017-02-13,8039,台虹,電子工業,移出,掉出掃描母體,22.86,70.0,,3,,,,,,,,,,,2017-02
2017-02-14,2467,志聖,電子工業,進榜,觸發,12.98,90.0,3.0,0,-4.7,1.3,-18.7,-0.5,12.6,-2.7,-2.1,1.1,-16.4,-0.9,2017-02
2017-02-14,2467,志聖,電子工業,觸發,進榜即觸發,12.98,90.0,3.0,0,-4.7,1.3,-18.7,-0.5,12.6,-2.7,-2.1,1.1,-16.4,-0.9,2017-02
2017-02-14,4551,智伸科,汽車工業,進榜,觸發,111.25,72.0,4.0,0,-8.7,1.3,0.3,-0.5,112.4,1.0,-9.6,1.1,-0.7,-0.9,2017-02
2017-02-14,4551,智伸科,汽車工業,觸發,進榜即觸發,111.25,72.0,4.0,0,-8.7,1.3,0.3,-0.5,112.4,1.0,-9.6,1.1,-0.7,-0.9,2017-02
2017-02-14,2905,三商,貿易百貨,進榜,準備,15.55,89.0,2.0,0,-2.2,1.3,-17.2,-0.5,15.4,-0.7,-1.5,1.1,-16.6,-0.9,2017-02
2017-02-14,2881,富邦金,金融保險,進榜,準備,25.85,73.0,1.0,0,1.8,1.3,-6.5,-0.5,25.8,-0.4,2.2,1.1,-6.2,-0.9,2017-02
2017-02-14,3189,景碩,半導體業,進榜,準備,62.77,72.0,3.0,0,-4.3,1.3,-1.8,-0.5,64.0,1.9,-6.1,1.1,-3.6,-0.9,2017-02
2017-02-14,1704,榮化,化學工業,進榜,準備,40.49,70.0,3.0,0,-4.9,1.3,-8.8,-0.5,40.7,0.4,-5.3,1.1,-9.2,-0.9,2017-02
2017-02-14,6182,合晶,半導體業,移出,晚期未觸發,11.91,95.0,,12,,,,,,,,,,,2017-02
2017-02-14,6462,神盾,半導體業,移出,掉出掃描母體,187.99,78.0,,8,,,,,,,,,,,2017-02
2017-02-14,3003,健和興,電子工業,移出,掉出掃描母體,33.9,72.0,,1,,,,,,,,,,,2017-02
2017-02-15,4943,康控-KY,電子工業,進榜,觸發,109.4,82.0,4.0,0,-2.0,1.0,56.3,-1.1,116.0,6.0,-7.6,0.7,47.4,-1.4,2017-02
2017-02-15,4943,康控-KY,電子工業,觸發,進榜即觸發,109.4,82.0,4.0,0,-2.0,1.0,56.3,-1.1,116.0,6.0,-7.6,0.7,47.4,-1.4,2017-02
2017-02-15,2605,新興,航運業,進榜,觸發,16.73,78.0,1.0,0,5.5,1.0,-13.8,-1.1,17.1,1.9,3.5,0.7,-15.4,-1.4,2017-02
2017-02-15,2605,新興,航運業,觸發,進榜即觸發,16.73,78.0,1.0,0,5.5,1.0,-13.8,-1.1,17.1,1.9,3.5,0.7,-15.4,-1.4,2017-02
2017-02-15,2439,美律,通信網路業,進榜,觸發,80.3,76.0,3.0,0,7.1,1.0,33.8,-1.1,83.4,3.9,3.1,0.7,28.8,-1.4,2017-02
2017-02-15,2439,美律,通信網路業,觸發,進榜即觸發,80.3,76.0,3.0,0,7.1,1.0,33.8,-1.1,83.4,3.9,3.1,0.7,28.8,-1.4,2017-02
2017-02-15,5434,崇越,電子工業,進榜,準備,56.16,72.0,2.0,0,0.2,1.0,1.7,-1.1,56.5,0.5,-0.3,0.7,1.2,-1.4,2017-02
2017-02-15,2881,富邦金,金融保險,移出,掉出掃描母體,25.85,73.0,,1,,,,,,,,,,,2017-02
2017-02-15,1704,榮化,化學工業,移出,掉出掃描母體,40.49,70.0,,1,,,,,,,,,,,2017-02
2017-02-15,2371,大同,電機機械,移出,離高點太遠,15.72,98.0,,40,,,,,,,,,,,2017-02
2017-02-15,4551,智伸科,汽車工業,移出,掉出掃描母體,111.25,72.0,,1,,,,,,,,,,,2017-02
2017-02-16,6456,GIS-KY,光電業,進榜,準備,96.98,92.0,2.0,0,13.3,1.7,61.7,-1.4,99.6,2.7,10.3,1.5,57.4,-1.6,2017-02
2017-02-16,2606,裕民,航運業,進榜,準備,18.58,82.0,1.0,0,8.9,1.7,0.0,-1.4,18.4,-1.0,10.0,1.5,1.0,-1.6,2017-02
2017-02-16,1463,強盛新,紡織纖維,進榜,準備,11.93,72.0,1.0,0,8.7,1.7,25.8,-1.4,12.0,0.5,8.2,1.5,25.2,-1.6,2017-02
2017-02-16,2204,中華,汽車工業,進榜,準備,30.09,71.0,2.0,0,-0.5,1.7,-6.4,-1.4,30.1,0.0,-0.5,1.5,-6.4,-1.6,2017-02
2017-02-16,2034,允強,鋼鐵工業,移出,掉出掃描母體,16.03,71.0,,10,,,,,,,,,,,2017-02
2017-02-16,3189,景碩,半導體業,移出,掉出掃描母體,63.07,70.0,,2,,,,,,,,,,,2017-02
2017-02-16,1304,台聚,塑膠工業,移出,掉出掃描母體,11.84,73.0,,14,,,,,,,,,,,2017-02
2017-02-16,4714,永捷,化學工業,移出,掉出掃描母體,9.77,93.0,,9,,,,,,,,,,,2017-02
2017-02-17,3406,玉晶光,光電業,進榜,觸發,191.69,100.0,3.0,0,-5.3,1.4,34.4,-2.0,200.2,4.5,-9.3,1.4,28.7,-2.1,2017-02
2017-02-17,3406,玉晶光,光電業,觸發,進榜即觸發,191.69,100.0,3.0,0,-5.3,1.4,34.4,-2.0,200.2,4.5,-9.3,1.4,28.7,-2.1,2017-02
2017-02-17,2233,宇隆,汽車工業,進榜,觸發,62.44,90.0,4.0,0,-3.4,1.4,-11.9,-2.0,62.4,0.0,-3.4,1.4,-11.9,-2.1,2017-02
2017-02-17,2233,宇隆,汽車工業,觸發,進榜即觸發,62.44,90.0,4.0,0,-3.4,1.4,-11.9,-2.0,62.4,0.0,-3.4,1.4,-11.9,-2.1,2017-02
2017-02-17,3533,嘉澤,電子工業,進榜,準備,80.84,83.0,1.0,0,-2.8,1.4,31.2,-2.0,81.2,0.5,-3.2,1.4,30.6,-2.1,2017-02
2017-02-17,2049,上銀,電機機械,進榜,準備,136.89,81.0,2.0,0,13.6,1.4,10.6,-2.0,137.6,0.5,13.0,1.4,10.0,-2.1,2017-02
2017-02-17,3545,敦泰,電子工業,進榜,準備,37.06,75.0,3.0,0,7.3,1.4,-18.0,-2.0,37.5,1.3,6.0,1.4,-19.0,-2.1,2017-02
2017-02-17,2882,國泰金,金融保險,移出,掉出掃描母體,31.14,75.0,,7,,,,,,,,,,,2017-02
2017-02-17,2204,中華,汽車工業,移出,掉出掃描母體,30.09,71.0,,1,,,,,,,,,,,2017-02
2017-02-17,3706,神達,電子工業,移出,掉出掃描母體,14.43,72.0,,15,,,,,,,,,,,2017-02
2017-02-17,1303,南亞,塑膠工業,移出,掉出掃描母體,50.44,71.0,,8,,,,,,,,,,,2017-02
2017-02-18,5469,瀚宇博,電子零組件業,進榜,觸發,13.74,93.0,3.0,0,-4.0,0.9,-19.4,-2.0,14.4,4.8,-8.4,0.8,-23.1,-2.4,2017-02
2017-02-18,5469,瀚宇博,電子零組件業,觸發,進榜即觸發,13.74,93.0,3.0,0,-4.0,0.9,-19.4,-2.0,14.4,4.8,-8.4,0.8,-23.1,-2.4,2017-02
2017-02-18,5371,中光電,光電業,進榜,觸發,24.75,79.0,3.0,0,1.6,0.9,-5.0,-2.0,25.2,1.8,-0.2,0.8,-6.7,-2.4,2017-02
2017-02-18,5371,中光電,光電業,觸發,進榜即觸發,24.75,79.0,3.0,0,1.6,0.9,-5.0,-2.0,25.2,1.8,-0.2,0.8,-6.7,-2.4,2017-02
2017-02-18,6145,勁永,電子通路業,進榜,準備,15.95,95.0,2.0,0,-13.8,0.9,-29.5,-2.0,16.3,2.2,-15.6,0.8,-31.0,-2.4,2017-02
2017-02-18,3529,力旺,半導體業,進榜,準備,385.16,83.0,3.0,0,-0.7,0.9,-12.4,-2.0,382.9,-0.6,-0.1,0.8,-11.9,-2.4,2017-02
2017-02-18,4974,亞泰,電子零組件業,進榜,準備,23.13,80.0,2.0,0,11.5,0.9,8.5,-2.0,23.3,0.8,10.6,0.8,7.7,-2.4,2017-02
2017-02-18,8011,台通,通信網路業,進榜,準備,18.85,72.0,2.0,0,16.3,0.9,11.3,-2.0,19.1,1.1,15.0,0.8,10.0,-2.4,2017-02
2017-02-18,3224,三顧,電子通路業,觸發,等待後觸發,49.52,96.0,2.0,25,-12.5,0.9,-15.2,-2.0,50.1,1.1,-13.5,0.8,-16.2,-2.4,2017-02
2017-02-18,8110,華東,電子工業,觸發,等待後觸發,11.71,89.0,3.0,11,0.0,0.9,-9.2,-2.0,12.2,4.2,-4.1,0.8,-12.8,-2.4,2017-02
2017-02-18,6005,群益證,金融保險,移出,掉出掃描母體,4.86,72.0,,8,,,,,,,,,,,2017-02
2017-02-18,1904,正隆,造紙工業,移出,掉出掃描母體,9.55,72.0,,43,,,,,,,,,,,2017-02
2017-02-18,2069,運錩,鋼鐵工業,移出,掉出掃描母體,14.89,92.0,,15,,,,,,,,,,,2017-02
2017-02-20,8039,台虹,電子工業,進榜,準備,24.04,75.0,1.0,0,-4.4,1.1,-4.3,-1.9,24.5,1.9,-6.2,0.8,-6.0,-2.1,2017-02
2017-02-20,3443,創意,半導體業,進榜,準備,82.48,73.0,3.0,0,9.8,1.1,2.6,-1.9,83.4,1.1,8.6,0.8,1.4,-2.1,2017-02
2017-02-20,2548,華固,建材營造,移出,掉出掃描母體,27.76,72.0,,14,,,,,,,,,,,2017-02
2017-02-20,1463,強盛新,紡織纖維,移出,掉出掃描母體,11.93,71.0,,4,,,,,,,,,,,2017-02
2017-02-20,1710,東聯,化學工業,移出,離高點太遠,21.35,83.0,,48,,,,,,,,,,,2017-02
2017-02-20,1723,中碳,化學生技醫療,移出,掉出掃描母體,88.82,73.0,,12,,,,,,,,,,,2017-02
2017-02-20,3406,玉晶光,光電業,移出,離高點太遠,190.06,100.0,,3,,,,,,,,,,,2017-02
2017-02-21,1907,永豐餘,造紙工業,進榜,觸發,8.24,76.0,2.0,0,-3.3,1.2,-17.7,-1.7,8.2,0.0,-3.3,0.7,-17.7,-2.1,2017-02
2017-02-21,1907,永豐餘,造紙工業,觸發,進榜即觸發,8.24,76.0,2.0,0,-3.3,1.2,-17.7,-1.7,8.2,0.0,-3.3,0.7,-17.7,-2.1,2017-02
2017-02-21,2448,晶電,光電業,進榜,準備,28.33,80.0,3.0,0,8.2,1.2,7.7,-1.7,27.8,-1.7,10.1,0.7,9.5,-2.1,2017-02
2017-02-21,2612,中航,航運業,進榜,準備,23.17,73.0,2.0,0,-8.4,1.2,-19.3,-1.7,23.5,1.3,-9.6,0.7,-20.4,-2.1,2017-02
2017-02-21,2548,華固,建材營造,進榜,準備,27.43,71.0,3.0,0,6.0,1.2,1.3,-1.7,27.5,0.1,5.8,0.7,1.2,-2.1,2017-02
2017-02-21,3044,健鼎,電子工業,進榜,準備,50.72,70.0,1.0,0,2.3,1.2,6.7,-1.7,52.6,3.7,-1.4,0.7,2.9,-2.1,2017-02
2017-02-21,3532,台勝科,半導體業,移出,離高點太遠,149.67,100.0,,77,,,,,,,,,,,2017-02
2017-02-21,3224,三顧,電子通路業,移出,離高點太遠,45.03,94.0,,28,,,,,,,,,,,2017-02
2017-02-21,4912,聯德控股-KY,電子工業,移出,離高點太遠,67.65,93.0,,8,,,,,,,,,,,2017-02
2017-02-22,5014,建錩,鋼鐵工業,進榜,觸發,13.07,98.0,1.0,0,31.7,0.8,-15.6,-1.7,12.6,-3.2,36.1,0.6,-12.8,-1.9,2017-02
2017-02-22,5014,建錩,鋼鐵工業,觸發,進榜即觸發,13.07,98.0,1.0,0,31.7,0.8,-15.6,-1.7,12.6,-3.2,36.1,0.6,-12.8,-1.9,2017-02
2017-02-22,6205,詮欣,電子工業,進榜,觸發,29.73,92.0,3.0,0,-11.2,0.8,-12.3,-1.7,28.4,-4.6,-6.9,0.6,-8.1,-1.9,2017-02
2017-02-22,6205,詮欣,電子工業,觸發,進榜即觸發,29.73,92.0,3.0,0,-11.2,0.8,-12.3,-1.7,28.4,-4.6,-6.9,0.6,-8.1,-1.9,2017-02
2017-02-22,4976,佳凌,電子工業,進榜,觸發,29.7,91.0,3.0,0,-1.4,0.8,24.7,-1.7,30.5,2.7,-4.0,0.6,21.5,-1.9,2017-02
2017-02-22,4976,佳凌,電子工業,觸發,進榜即觸發,29.7,91.0,3.0,0,-1.4,0.8,24.7,-1.7,30.5,2.7,-4.0,0.6,21.5,-1.9,2017-02
2017-02-22,3362,先進光,光電業,進榜,觸發,24.5,74.0,3.0,0,34.6,0.8,108.8,-1.7,26.9,9.9,22.5,0.6,90.0,-1.9,2017-02
2017-02-22,3362,先進光,光電業,觸發,進榜即觸發,24.5,74.0,3.0,0,34.6,0.8,108.8,-1.7,26.9,9.9,22.5,0.6,90.0,-1.9,2017-02
2017-02-22,3545,敦泰,電子工業,移出,晚期未觸發,40.66,84.0,,5,,,,,,,,,,,2017-02
2017-02-22,2548,華固,建材營造,移出,掉出掃描母體,27.43,71.0,,1,,,,,,,,,,,2017-02
2017-02-22,2421,建準,電子工業,移出,掉出掃描母體,20.48,71.0,,20,,,,,,,,,,,2017-02
2017-02-22,6510,精測,半導體業,移出,掉出掃描母體,1165.93,74.0,,16,,,,,,,,,,,2017-02
2017-02-22,2905,三商,貿易百貨,移出,掉出掃描母體,14.59,78.0,,8,,,,,,,,,,,2017-02
2017-02-22,2439,美律,通信網路業,移出,掉出掃描母體,82.3,72.0,,7,,,,,,,,,,,2017-02
2017-02-23,6271,同欣電,半導體業,進榜,觸發,112.78,80.0,3.0,0,-5.9,0.3,-18.2,-1.3,114.8,1.7,-7.6,0.2,-19.6,-1.4,2017-02
2017-02-23,6271,同欣電,半導體業,觸發,進榜即觸發,112.78,80.0,3.0,0,-5.9,0.3,-18.2,-1.3,114.8,1.7,-7.6,0.2,-19.6,-1.4,2017-02
2017-02-23,3189,景碩,半導體業,進榜,準備,65.1,73.0,3.0,0,-5.4,0.3,-9.0,-1.3,65.5,0.6,-6.0,0.2,-9.5,-1.4,2017-02
2017-02-23,2313,華通,電子工業,進榜,準備,14.26,71.0,2.0,0,12.6,0.3,17.6,-1.3,14.4,0.8,11.8,0.2,16.8,-1.4,2017-02
2017-02-23,1907,永豐餘,造紙工業,移出,掉出掃描母體,8.07,71.0,,2,,,,,,,,,,,2017-02
2017-02-23,1309,台達化,塑膠工業,移出,掉出掃描母體,7.36,86.0,,37,,,,,,,,,,,2017-02
2017-02-23,1718,中纖,化學工業,移出,掉出掃描母體,7.76,73.0,,37,,,,,,,,,,,2017-02
2017-02-23,2352,佳世達,電腦及週邊設備業,移出,掉出掃描母體,11.44,70.0,,13,,,,,,,,,,,2017-02
2017-02-23,2612,中航,航運業,移出,掉出掃描母體,24.04,71.0,,2,,,,,,,,,,,2017-02
2017-02-23,3044,健鼎,電子工業,移出,掉出掃描母體,51.08,70.0,,2,,,,,,,,,,,2017-02
2017-02-24,3630,新鉅科,光電業,進榜,觸發,26.84,88.0,3.0,0,58.6,-0.4,59.7,-1.4,29.5,9.9,44.4,-0.7,45.4,-1.7,2017-02
2017-02-24,3630,新鉅科,光電業,觸發,進榜即觸發,26.84,88.0,3.0,0,58.6,-0.4,59.7,-1.4,29.5,9.9,44.4,-0.7,45.4,-1.7,2017-02
2017-02-24,2402,毅嘉,電子工業,進榜,準備,14.11,83.0,2.0,0,20.5,-0.4,-0.8,-1.4,14.2,0.3,20.2,-0.7,-1.1,-1.7,2017-02
2017-02-24,6196,帆宣,其他電子業,進榜,準備,24.05,74.0,3.0,0,7.7,-0.4,21.6,-1.4,24.4,1.3,6.3,-0.7,20.0,-1.7,2017-02
2017-02-24,2515,中工,建材營造,移出,掉出掃描母體,4.76,72.0,,21,,,,,,,,,,,2017-02
2017-02-24,6220,岳豐,電子零組件業,移出,離高點太遠,39.21,99.0,,60,,,,,,,,,,,2017-02
2017-02-24,2104,國際中橡,橡膠工業,移出,掉出掃描母體,19.7,70.0,,22,,,,,,,,,,,2017-02
2017-02-24,8039,台虹,電子工業,移出,掉出掃描母體,24.31,74.0,,4,,,,,,,,,,,2017-02
2017-03-01,2492,華新科,電子工業,進榜,觸發,36.0,83.0,6.0,0,-2.3,0.0,6.3,-1.4,36.5,1.3,-3.5,-0.7,5.0,-2.1,2017-03
2017-03-01,2492,華新科,電子工業,觸發,進榜即觸發,36.0,83.0,6.0,0,-2.3,0.0,6.3,-1.4,36.5,1.3,-3.5,-0.7,5.0,-2.1,2017-03
2017-03-01,1463,強盛新,紡織纖維,進榜,準備,12.45,78.0,2.0,0,4.2,0.0,29.1,-1.4,12.5,0.2,3.9,-0.7,28.8,-2.1,2017-03
2017-03-01,2327,國巨*,電子工業,進榜,準備,16.06,73.0,3.0,0,4.5,0.0,27.5,-1.4,15.7,-2.5,7.2,-0.7,30.8,-2.1,2017-03
2017-03-01,2603,長榮,航運業,進榜,準備,10.86,71.0,1.0,0,-5.7,0.0,0.7,-1.4,11.1,2.0,-7.5,-0.7,-1.3,-2.1,2017-03
2017-03-01,3189,景碩,半導體業,移出,掉出掃描母體,63.97,70.0,,6,,,,,,,,,,,2017-03
2017-03-01,8112,至上,電子工業,移出,掉出掃描母體,10.97,71.0,,148,,,,,,,,,,,2017-03
2017-03-01,5534,長虹,建材營造,移出,掉出掃描母體,34.36,72.0,,41,,,,,,,,,,,2017-03
2017-03-01,6271,同欣電,半導體業,移出,掉出掃描母體,108.84,73.0,,6,,,,,,,,,,,2017-03
2017-03-02,1605,華新,電器電纜,進榜,準備,9.6,81.0,3.0,0,-4.2,0.0,-11.8,-1.2,9.6,-0.3,-3.8,0.0,-11.5,-1.3,2017-03
2017-03-02,5871,中租-KY,其他,進榜,準備,36.09,74.0,2.0,0,4.7,0.0,18.9,-1.2,36.0,-0.1,4.9,0.0,19.1,-1.3,2017-03
2017-03-02,2548,華固,建材營造,進榜,準備,27.43,70.0,3.0,0,4.0,0.0,3.0,-1.2,27.3,-0.3,4.3,0.0,3.3,-1.3,2017-03
2017-03-02,2402,毅嘉,電子工業,觸發,等待後觸發,15.56,91.0,2.0,6,10.8,0.0,-9.3,-1.2,15.4,-1.2,12.1,0.0,-8.2,-1.3,2017-03
2017-03-02,2327,國巨*,電子工業,移出,掉出掃描母體,16.06,73.0,,1,,,,,,,,,,,2017-03
2017-03-02,6426,統新,通信網路業,移出,離高點太遠,62.17,98.0,,48,,,,,,,,,,,2017-03
2017-03-02,4919,新唐,半導體業,移出,掉出掃描母體,32.34,73.0,,44,,,,,,,,,,,2017-03
2017-03-02,1455,集盛,紡織纖維,移出,掉出掃描母體,9.14,72.0,,43,,,,,,,,,,,2017-03
2017-03-02,8011,台通,通信網路業,移出,掉出掃描母體,18.3,71.0,,12,,,,,,,,,,,2017-03
2017-03-03,1904,正隆,造紙工業,進榜,觸發,10.87,84.0,0.0,0,-5.3,0.0,-10.9,-0.9,11.4,4.7,-9.5,0.0,-14.9,-1.1,2017-03
2017-03-03,1904,正隆,造紙工業,觸發,進榜即觸發,10.87,84.0,0.0,0,-5.3,0.0,-10.9,-0.9,11.4,4.7,-9.5,0.0,-14.9,-1.1,2017-03
2017-03-03,1907,永豐餘,造紙工業,進榜,準備,8.24,77.0,2.0,0,-3.3,0.0,-15.5,-0.9,8.2,-0.4,-2.9,0.0,-15.1,-1.1,2017-03
2017-03-03,2548,華固,建材營造,移出,掉出掃描母體,27.43,70.0,,1,,,,,,,,,,,2017-03
2017-03-03,5434,崇越,電子工業,移出,掉出掃描母體,57.94,75.0,,16,,,,,,,,,,,2017-03
2017-03-03,6145,勁永,電子通路業,移出,離高點太遠,13.55,89.0,,13,,,,,,,,,,,2017-03
2017-03-06,2327,國巨*,電子工業,進榜,觸發,16.44,76.0,3.0,0,2.6,0.2,25.8,-0.7,16.4,-0.4,2.9,0.0,26.2,-1.0,2017-03
2017-03-06,2327,國巨*,電子工業,觸發,進榜即觸發,16.44,76.0,3.0,0,2.6,0.2,25.8,-0.7,16.4,-0.4,2.9,0.0,26.2,-1.0,2017-03
2017-03-06,3260,威剛,半導體業,進榜,準備,36.28,78.0,2.0,0,37.4,0.2,27.5,-0.7,36.0,-0.8,38.5,0.0,28.6,-1.0,2017-03
2017-03-06,8112,至上,電子工業,進榜,準備,11.53,76.0,3.0,0,-4.8,0.2,-3.1,-0.7,11.5,0.2,-5.0,0.0,-3.3,-1.0,2017-03
2017-03-06,6188,廣明,電腦及週邊設備業,移出,掉出掃描母體,23.82,73.0,,26,,,,,,,,,,,2017-03
2017-03-06,2467,志聖,電子工業,移出,掉出掃描母體,12.02,83.0,,20,,,,,,,,,,,2017-03
2017-03-07,6426,統新,通信網路業,進榜,準備,74.84,99.0,2.0,0,89.7,0.0,121.5,-0.9,82.1,9.7,72.9,-0.2,101.9,-1.0,2017-03
2017-03-07,1905,華紙,造紙工業,進榜,準備,10.77,85.0,2.0,0,-13.5,0.0,-21.4,-0.9,10.7,-0.8,-12.9,-0.2,-20.7,-1.0,2017-03
2017-03-07,1802,台玻,玻璃陶瓷,進榜,準備,15.37,80.0,3.0,0,-4.7,0.0,-22.0,-0.9,15.5,1.1,-5.8,-0.2,-22.9,-1.0,2017-03
2017-03-07,1455,集盛,紡織纖維,進榜,準備,9.55,79.0,2.0,0,-15.2,0.0,-23.4,-0.9,9.5,-0.9,-14.5,-0.2,-22.7,-1.0,2017-03
2017-03-07,3008,大立光,光電業,移出,掉出掃描母體,3405.45,70.0,,69,,,,,,,,,,,2017-03
2017-03-07,1312,國喬,塑膠工業,移出,掉出掃描母體,17.58,76.0,,33,,,,,,,,,,,2017-03
2017-03-07,2340,台亞,光電業,移出,掉出掃描母體,15.77,79.0,,22,,,,,,,,,,,2017-03
2017-03-08,4714,永捷,化學工業,進榜,觸發,11.19,94.0,4.0,0,-10.9,-0.3,-22.7,-1.0,11.5,3.0,-13.5,-0.5,-25.0,-1.3,2017-03
2017-03-08,4714,永捷,化學工業,觸發,進榜即觸發,11.19,94.0,4.0,0,-10.9,-0.3,-22.7,-1.0,11.5,3.0,-13.5,-0.5,-25.0,-1.3,2017-03
2017-03-08,1305,華夏,塑膠工業,進榜,觸發,15.87,80.0,4.0,0,7.5,-0.3,0.2,-1.0,16.0,1.1,6.4,-0.5,-0.9,-1.3,2017-03
2017-03-08,1305,華夏,塑膠工業,觸發,進榜即觸發,15.87,80.0,4.0,0,7.5,-0.3,0.2,-1.0,16.0,1.1,6.4,-0.5,-0.9,-1.3,2017-03
2017-03-08,3563,牧德,光電業,進榜,準備,52.7,90.0,2.0,0,-1.8,-0.3,40.6,-1.0,52.9,0.4,-2.1,-0.5,40.0,-1.3,2017-03
2017-03-08,3645,達邁,電子零組件業,進榜,準備,35.16,90.0,2.0,0,-4.8,-0.3,8.4,-1.0,34.9,-0.9,-4.0,-0.5,9.4,-1.3,2017-03
2017-03-08,6188,廣明,電腦及週邊設備業,進榜,準備,26.45,80.0,3.0,0,3.0,-0.3,17.8,-1.0,26.2,-0.9,3.9,-0.5,18.9,-1.3,2017-03
2017-03-08,6213,聯茂,電子工業,進榜,準備,29.29,72.0,2.0,0,5.0,-0.3,2.0,-1.0,29.5,0.8,4.1,-0.5,1.1,-1.3,2017-03
2017-03-08,6426,統新,通信網路業,觸發,等待後觸發,82.11,100.0,2.0,1,61.9,-0.3,97.1,-1.0,87.2,6.2,52.5,-0.5,85.7,-1.3,2017-03
2017-03-08,2327,國巨*,電子工業,移出,掉出掃描母體,16.12,71.0,,2,,,,,,,,,,,2017-03
2017-03-08,3491,昇達科,通信網路業,移出,掉出掃描母體,50.79,70.0,,30,,,,,,,,,,,2017-03
2017-03-08,6205,詮欣,電子工業,移出,突破失敗,27.25,81.0,,14,,,,,,,,,,,2017-03
2017-03-09,2327,國巨*,電子工業,進榜,準備,16.2,74.0,3.0,0,5.0,0.0,28.3,-0.9,16.2,-0.1,5.1,0.0,28.4,-0.9,2017-03
2017-03-09,8011,台通,通信網路業,進榜,準備,19.41,70.0,1.0,0,3.7,0.0,12.9,-0.9,20.4,5.0,-1.3,0.0,7.5,-0.9,2017-03
2017-03-09,4725,信昌化,化學工業,移出,掉出掃描母體,53.63,86.0,,86,,,,,,,,,,,2017-03
2017-03-09,3533,嘉澤,電子工業,移出,掉出掃描母體,78.96,72.0,,20,,,,,,,,,,,2017-03
2017-03-09,6196,帆宣,其他電子業,移出,掉出掃描母體,23.6,71.0,,13,,,,,,,,,,,2017-03
2017-03-10,1215,卜蜂,食品工業,進榜,準備,30.99,82.0,3.0,0,1.3,0.0,23.8,-0.2,30.9,-0.2,1.5,-0.3,24.1,-0.5,2017-03
2017-03-10,2352,佳世達,電腦及週邊設備業,進榜,準備,12.15,72.0,2.0,0,10.2,0.0,40.9,-0.2,12.2,0.6,9.6,-0.3,40.1,-0.5,2017-03
2017-03-10,8112,至上,電子工業,移出,掉出掃描母體,11.36,73.0,,4,,,,,,,,,,,2017-03
2017-03-10,1906,寶隆,造紙工業,移出,離高點太遠,20.37,97.0,,63,,,,,,,,,,,2017-03
2017-03-10,2337,旺宏,半導體業,移出,離高點太遠,12.89,97.0,,60,,,,,,,,,,,2017-03
2017-03-10,1313,聯成,塑膠工業,移出,掉出掃描母體,9.03,78.0,,45,,,,,,,,,,,2017-03
2017-03-10,5483,中美晶,半導體業,移出,離高點太遠,28.2,83.0,,30,,,,,,,,,,,2017-03
2017-03-10,2369,菱生,電子工業,移出,掉出掃描母體,11.08,74.0,,25,,,,,,,,,,,2017-03
2017-03-13,1902,台紙,造紙工業,進榜,準備,13.56,81.0,2.0,0,-7.8,-0.7,27.0,-0.8,13.5,-0.4,-7.5,-0.8,27.5,-1.1,2017-03
2017-03-13,6271,同欣電,半導體業,進榜,準備,111.99,77.0,3.0,0,-11.3,-0.7,-14.8,-0.8,113.6,1.4,-12.5,-0.8,-16.0,-1.1,2017-03
2017-03-13,2439,美律,通信網路業,進榜,準備,86.59,74.0,3.0,0,0.7,-0.7,22.8,-0.8,86.9,0.3,0.3,-0.8,22.4,-1.1,2017-03
2017-03-13,3491,昇達科,通信網路業,進榜,準備,52.86,73.0,1.0,0,-4.8,-0.7,7.7,-0.8,53.4,1.0,-5.8,-0.8,6.6,-1.1,2017-03
2017-03-13,6456,GIS-KY,光電業,觸發,等待後觸發,110.62,95.0,2.0,25,-9.6,-0.7,54.5,-0.8,111.8,1.0,-10.5,-0.8,52.9,-1.1,2017-03
2017-03-13,2313,華通,電子工業,觸發,等待後觸發,14.94,80.0,2.0,18,3.1,-0.7,19.5,-0.8,15.3,2.2,0.9,-0.8,16.9,-1.1,2017-03
2017-03-13,6188,廣明,電腦及週邊設備業,觸發,等待後觸發,28.44,88.0,3.0,5,-11.2,-0.7,3.4,-0.8,28.3,-0.5,-10.8,-0.8,3.9,-1.1,2017-03
2017-03-13,8183,精星,其他電子類,移出,離高點太遠,16.77,97.0,,69,,,,,,,,,,,2017-03
2017-03-13,3217,優群,電子零組件業,移出,離高點太遠,15.31,93.0,,55,,,,,,,,,,,2017-03
2017-03-13,2448,晶電,光電業,移出,掉出掃描母體,27.07,76.0,,20,,,,,,,,,,,2017-03
2017-03-13,1305,華夏,塑膠工業,移出,掉出掃描母體,15.29,74.0,,5,,,,,,,,,,,2017-03
2017-03-14,3625,西勝,電腦及週邊設備業,進榜,觸發,24.59,92.0,5.0,0,5.5,-1.1,7.5,-1.4,27.0,9.9,-4.0,-1.2,-2.3,-1.5,2017-03
2017-03-14,3625,西勝,電腦及週邊設備業,觸發,進榜即觸發,24.59,92.0,5.0,0,5.5,-1.1,7.5,-1.4,27.0,9.9,-4.0,-1.2,-2.3,-1.5,2017-03
2017-03-14,2328,廣宇,電子零組件業,進榜,觸發,21.96,76.0,2.0,0,-5.1,-1.1,-11.6,-1.4,22.5,2.6,-7.5,-1.2,-13.9,-1.5,2017-03
2017-03-14,2328,廣宇,電子零組件業,觸發,進榜即觸發,21.96,76.0,2.0,0,-5.1,-1.1,-11.6,-1.4,22.5,2.6,-7.5,-1.2,-13.9,-1.5,2017-03
2017-03-14,3044,健鼎,電子工業,進榜,準備,51.75,71.0,0.0,0,-2.5,-1.1,7.9,-1.4,52.4,1.2,-3.6,-1.2,6.7,-1.5,2017-03
2017-03-14,6214,精誠,資訊服務業,進榜,準備,36.91,70.0,1.0,0,-7.2,-1.1,-5.0,-1.4,36.9,0.0,-7.2,-1.2,-5.0,-1.5,2017-03
2017-03-14,5871,中租-KY,其他,觸發,等待後觸發,37.85,79.0,2.0,12,-0.6,-1.1,10.0,-1.4,38.0,0.3,-0.8,-1.2,9.7,-1.5,2017-03
2017-03-14,1909,榮成,造紙工業,移出,離高點太遠,21.47,95.0,,68,,,,,,,,,,,2017-03
2017-03-14,1310,台苯,塑膠工業,移出,逾期,16.15,77.0,,56,,,,,,,,,,,2017-03
2017-03-14,3689,湧德,電子零組件業,移出,逾期,25.06,82.0,,56,,,,,,,,,,,2017-03
2017-03-14,2603,長榮,航運業,移出,掉出掃描母體,10.61,71.0,,13,,,,,,,,,,,2017-03
2017-03-15,5443,均豪,光電業,進榜,準備,17.88,79.0,2.0,0,-15.5,-2.7,-16.5,-1.6,17.9,0.4,-15.8,-3.0,-16.8,-2.0,2017-03
2017-03-15,3491,昇達科,通信網路業,移出,掉出掃描母體,53.21,73.0,,2,,,,,,,,,,,2017-03
2017-03-15,3044,健鼎,電子工業,移出,掉出掃描母體,51.75,71.0,,1,,,,,,,,,,,2017-03
2017-03-16,3360,尚立,電子通路業,進榜,觸發,16.54,75.0,4.0,0,-9.0,-3.4,-9.4,-2.7,17.0,2.5,-11.2,-3.6,-11.6,-2.9,2017-03
2017-03-16,3360,尚立,電子通路業,觸發,進榜即觸發,16.54,75.0,4.0,0,-9.0,-3.4,-9.4,-2.7,17.0,2.5,-11.2,-3.6,-11.6,-2.9,2017-03
2017-03-16,6533,晶心科,電子工業,進榜,準備,179.58,99.0,2.0,0,-27.9,-3.4,-30.3,-2.7,178.7,-0.5,-27.6,-3.6,-29.9,-2.9,2017-03
2017-03-16,3661,世芯-KY,半導體業,進榜,準備,39.23,92.0,2.0,0,30.3,-3.4,44.5,-2.7,40.0,1.9,27.9,-3.6,41.9,-2.9,2017-03
2017-03-16,2467,志聖,電子工業,進榜,準備,12.92,87.0,3.0,0,-12.2,-3.4,-13.6,-2.7,12.8,-0.9,-11.4,-3.6,-12.8,-2.9,2017-03
2017-03-16,8064,東捷,光電業,進榜,準備,15.29,84.0,2.0,0,-9.7,-3.4,-20.6,-2.7,15.4,0.5,-10.1,-3.6,-20.9,-2.9,2017-03
2017-03-16,3491,昇達科,通信網路業,進榜,準備,57.28,81.0,1.0,0,-12.8,-3.4,-2.4,-2.7,57.6,0.5,-13.2,-3.6,-2.9,-2.9,2017-03
2017-03-16,4120,友華,生技醫療業,進榜,準備,58.43,79.0,3.0,0,-10.0,-3.4,-8.7,-2.7,58.3,-0.3,-9.8,-3.6,-8.5,-2.9,2017-03
2017-03-16,2457,飛宏,電子工業,進榜,準備,11.86,72.0,2.0,0,25.0,-3.4,6.6,-2.7,11.9,0.0,25.0,-3.6,6.6,-2.9,2017-03
2017-03-16,3008,大立光,光電業,進榜,準備,3530.32,71.0,3.0,0,2.5,-3.4,0.6,-2.7,3545.5,0.4,2.0,-3.6,0.2,-2.9,2017-03
2017-03-16,2328,廣宇,電子零組件業,移出,掉出掃描母體,21.99,70.0,,2,,,,,,,,,,,2017-03
2017-03-17,6182,合晶,半導體業,進榜,準備,12.59,95.0,3.0,0,23.4,-3.4,10.2,-3.3,12.7,0.9,22.3,-3.6,9.2,-3.4,2017-03
2017-03-17,6196,帆宣,其他電子業,進榜,準備,24.43,75.0,2.0,0,-0.9,-3.4,15.8,-3.3,25.1,2.6,-3.3,-3.6,12.9,-3.4,2017-03
2017-03-17,3044,健鼎,電子工業,進榜,準備,52.29,70.0,0.0,0,-4.4,-3.4,4.3,-3.3,52.6,0.6,-4.9,-3.6,3.7,-3.4,2017-03
2017-03-17,4557,永新-KY,汽車工業,進榜,準備,45.69,70.0,1.0,0,-4.4,-3.4,-8.9,-3.3,46.3,1.3,-5.7,-3.6,-10.1,-3.4,2017-03
2017-03-17,2501,國建,建材營造,觸發,等待後觸發,13.13,78.0,1.0,39,-5.3,-3.4,-14.9,-3.3,13.1,-0.2,-5.1,-3.6,-14.7,-3.4,2017-03
2017-03-17,6214,精誠,資訊服務業,觸發,等待後觸發,38.8,78.0,1.0,3,-12.0,-3.4,-10.6,-3.3,38.9,0.1,-12.2,-3.6,-10.7,-3.4,2017-03
2017-03-17,5443,均豪,光電業,移出,掉出掃描母體,17.94,74.0,,2,,,,,,,,,,,2017-03
2017-03-17,2457,飛宏,電子工業,移出,掉出掃描母體,11.86,72.0,,1,,,,,,,,,,,2017-03
2017-03-17,3049,精金,電子工業,移出,離高點太遠,10.52,90.0,,66,,,,,,,,,,,2017-03
2017-03-17,1902,台紙,造紙工業,移出,掉出掃描母體,12.98,74.0,,4,,,,,,,,,,,2017-03
2017-03-20,6197,佳必琪,電子零組件業,進榜,準備,27.45,83.0,1.0,0,-20.9,-4.0,-19.6,-3.0,28.3,3.0,-23.2,-4.2,-22.0,-3.3,2017-03
2017-03-20,1902,台紙,造紙工業,進榜,準備,13.56,78.0,2.0,0,-6.4,-4.0,33.1,-3.0,13.4,-1.4,-5.1,-4.2,35.0,-3.3,2017-03
2017-03-20,5443,均豪,光電業,進榜,準備,18.61,74.0,2.0,0,-15.5,-4.0,-18.9,-3.0,18.6,0.0,-15.5,-4.2,-18.9,-3.3,2017-03
2017-03-20,2457,飛宏,電子工業,進榜,準備,12.05,73.0,2.0,0,14.5,-4.0,5.2,-3.0,12.1,0.0,14.5,-4.2,5.2,-3.3,2017-03
2017-03-20,6269,台郡,電子工業,進榜,準備,68.62,72.0,2.0,0,-2.4,-4.0,7.2,-3.0,68.6,0.0,-2.4,-4.2,7.2,-3.3,2017-03
2017-03-20,2474,可成,電子工業,進榜,準備,172.32,71.0,1.0,0,-2.2,-4.0,24.2,-3.0,172.3,0.0,-2.2,-4.2,24.2,-3.3,2017-03
2017-03-20,9939,宏全,其他,進榜,準備,38.68,71.0,1.0,0,-6.8,-4.0,-0.6,-3.0,39.1,1.1,-7.8,-4.2,-1.8,-3.3,2017-03
2017-03-20,2328,廣宇,電子零組件業,進榜,準備,22.61,70.0,2.0,0,-12.9,-4.0,-15.9,-3.0,22.7,0.3,-13.2,-4.2,-16.2,-3.3,2017-03
2017-03-20,6196,帆宣,其他電子業,觸發,等待後觸發,25.75,81.0,2.0,3,-2.4,-4.0,11.9,-3.0,26.1,1.4,-3.7,-4.2,10.4,-3.3,2017-03
2017-03-20,3044,健鼎,電子工業,移出,掉出掃描母體,52.29,70.0,,3,,,,,,,,,,,2017-03
2017-03-20,1815,富喬,電子零組件業,移出,掉出掃描母體,12.83,73.0,,40,,,,,,,,,,,2017-03
2017-03-20,3630,新鉅科,光電業,移出,離高點太遠,44.58,97.0,,24,,,,,,,,,,,2017-03
2017-03-20,1605,華新,電器電纜,移出,掉出掃描母體,9.5,73.0,,18,,,,,,,,,,,2017-03
2017-03-20,1907,永豐餘,造紙工業,移出,掉出掃描母體,8.17,73.0,,17,,,,,,,,,,,2017-03
2017-03-20,1455,集盛,紡織纖維,移出,掉出掃描母體,9.14,71.0,,13,,,,,,,,,,,2017-03
2017-03-20,4714,永捷,化學工業,移出,離高點太遠,10.21,87.0,,12,,,,,,,,,,,2017-03
2017-03-20,3491,昇達科,通信網路業,移出,掉出掃描母體,55.49,74.0,,4,,,,,,,,,,,2017-03
2017-03-21,3653,健策,電子工業,進榜,準備,55.15,80.0,2.0,0,-12.8,-3.9,11.4,-2.6,54.4,-1.4,-11.6,-3.6,13.0,-2.0,2017-03
2017-03-21,2448,晶電,光電業,進榜,準備,29.97,74.0,2.0,0,-7.3,-3.9,-8.2,-2.6,30.2,0.6,-7.9,-3.6,-8.8,-2.0,2017-03
2017-03-21,4974,亞泰,電子零組件業,觸發,等待後觸發,25.79,90.0,2.0,31,-11.1,-3.9,8.3,-2.6,26.0,0.9,-11.9,-3.6,7.3,-2.0,2017-03
2017-03-21,2457,飛宏,電子工業,移出,掉出掃描母體,12.05,73.0,,1,,,,,,,,,,,2017-03
2017-03-21,6269,台郡,電子工業,移出,掉出掃描母體,68.62,72.0,,1,,,,,,,,,,,2017-03
2017-03-21,2474,可成,電子工業,移出,掉出掃描母體,172.32,71.0,,1,,,,,,,,,,,2017-03
2017-03-21,2328,廣宇,電子零組件業,移出,掉出掃描母體,22.61,70.0,,1,,,,,,,,,,,2017-03
2017-03-21,5014,建錩,鋼鐵工業,移出,離高點太遠,16.16,99.0,,27,,,,,,,,,,,2017-03
2017-03-21,1802,台玻,玻璃陶瓷,移出,掉出掃描母體,14.9,72.0,,14,,,,,,,,,,,2017-03
2017-03-21,1905,華紙,造紙工業,移出,掉出掃描母體,9.79,72.0,,14,,,,,,,,,,,2017-03
2017-03-22,3406,玉晶光,光電業,進榜,觸發,212.04,100.0,3.0,0,16.3,-3.5,17.5,-2.5,219.0,3.3,12.6,-3.7,13.8,-2.7,2017-03
2017-03-22,3406,玉晶光,光電業,觸發,進榜即觸發,212.04,100.0,3.0,0,16.3,-3.5,17.5,-2.5,219.0,3.3,12.6,-3.7,13.8,-2.7,2017-03
2017-03-22,6139,亞翔,電子工業,進榜,觸發,27.64,88.0,2.0,0,-19.1,-3.5,-18.6,-2.5,28.2,2.2,-20.8,-3.7,-20.4,-2.7,2017-03
2017-03-22,6139,亞翔,電子工業,觸發,進榜即觸發,27.64,88.0,2.0,0,-19.1,-3.5,-18.6,-2.5,28.2,2.2,-20.8,-3.7,-20.4,-2.7,2017-03
2017-03-22,1808,潤隆,建材營造,進榜,準備,9.87,88.0,1.0,0,1.7,-3.5,4.6,-2.5,10.0,1.3,0.4,-3.7,3.3,-2.7,2017-03
2017-03-22,2548,華固,建材營造,進榜,準備,28.45,71.0,2.0,0,-2.7,-3.5,-1.6,-2.5,28.3,-0.6,-2.2,-3.7,-1.0,-2.7,2017-03
2017-03-22,6182,合晶,半導體業,觸發,等待後觸發,13.42,96.0,3.0,5,9.3,-3.5,5.9,-2.5,13.8,3.1,6.0,-3.7,2.7,-2.7,2017-03
2017-03-22,2448,晶電,光電業,觸發,等待後觸發,31.23,79.0,2.0,1,-11.5,-3.5,-11.3,-2.5,31.6,1.2,-12.5,-3.7,-12.4,-2.7,2017-03
2017-03-22,4557,永新-KY,汽車工業,觸發,等待後觸發,48.36,79.0,1.0,5,-9.9,-3.5,-12.5,-2.5,49.1,1.5,-11.2,-3.7,-13.8,-2.7,2017-03
2017-03-22,9939,宏全,其他,移出,掉出掃描母體,38.18,70.0,,2,,,,,,,,,,,2017-03
2017-03-22,3005,神基,電子工業,移出,掉出掃描母體,24.76,76.0,,78,,,,,,,,,,,2017-03
2017-03-22,6271,同欣電,半導體業,移出,掉出掃描母體,110.81,74.0,,9,,,,,,,,,,,2017-03
2017-03-22,6214,精誠,資訊服務業,移出,掉出掃描母體,37.53,73.0,,8,,,,,,,,,,,2017-03
2017-03-23,2344,華邦電,半導體業,進榜,觸發,10.92,89.0,4.0,0,15.6,-4.0,27.1,-2.3,11.3,3.5,11.7,-4.2,22.8,-2.5,2017-03
2017-03-23,2344,華邦電,半導體業,觸發,進榜即觸發,10.92,89.0,4.0,0,15.6,-4.0,27.1,-2.3,11.3,3.5,11.7,-4.2,22.8,-2.5,2017-03
2017-03-23,3413,京鼎,半導體業,進榜,觸發,68.33,75.0,3.0,0,2.7,-4.0,40.6,-2.3,69.5,1.8,0.9,-4.2,38.2,-2.5,2017-03
2017-03-23,3413,京鼎,半導體業,觸發,進榜即觸發,68.33,75.0,3.0,0,2.7,-4.0,40.6,-2.3,69.5,1.8,0.9,-4.2,38.2,-2.5,2017-03
2017-03-23,2337,旺宏,半導體業,進榜,準備,15.06,98.0,3.0,0,30.7,-4.0,68.3,-2.3,15.1,0.5,30.0,-4.2,67.5,-2.5,2017-03
2017-03-23,8021,尖點,其他電子業,進榜,準備,19.0,80.0,1.0,0,2.4,-4.0,-14.6,-2.3,18.9,-0.7,3.1,-4.2,-14.0,-2.5,2017-03
2017-03-23,6190,萬泰科,通信網路業,進榜,準備,10.23,76.0,2.0,0,-10.5,-4.0,-21.3,-2.3,10.3,0.6,-11.0,-4.2,-21.8,-2.5,2017-03
2017-03-23,3008,大立光,光電業,移出,晚期未觸發,3594.65,79.0,,7,,,,,,,,,,,2017-03
2017-03-23,2029,盛餘,鋼鐵工業,移出,掉出掃描母體,25.31,78.0,,49,,,,,,,,,,,2017-03
2017-03-23,2014,中鴻,鋼鐵工業,移出,掉出掃描母體,10.15,89.0,,49,,,,,,,,,,,2017-03
2017-03-23,2049,上銀,電機機械,移出,掉出掃描母體,152.14,78.0,,34,,,,,,,,,,,2017-03
2017-03-23,3529,力旺,半導體業,移出,掉出掃描母體,381.17,71.0,,33,,,,,,,,,,,2017-03
2017-03-24,5306,桂盟,其他,進榜,準備,93.94,76.0,1.0,0,1.4,-3.3,-4.5,-2.0,95.3,1.4,0.0,-3.4,-5.9,-2.1,2017-03
2017-03-24,2457,飛宏,電子工業,進榜,準備,12.15,73.0,2.0,0,22.0,-3.3,5.2,-2.0,12.2,0.8,21.0,-3.4,4.4,-2.1,2017-03
2017-03-24,6173,信昌電,電子零組件業,進榜,準備,16.51,70.0,3.0,0,19.3,-3.3,16.7,-2.0,16.7,1.4,17.7,-3.4,15.1,-2.1,2017-03
2017-03-24,1902,台紙,造紙工業,移出,掉出掃描母體,13.47,77.0,,4,,,,,,,,,,,2017-03
2017-03-24,6190,萬泰科,通信網路業,移出,掉出掃描母體,10.23,76.0,,1,,,,,,,,,,,2017-03
2017-03-24,6488,環球晶,半導體業,移出,離高點太遠,157.93,98.0,,120,,,,,,,,,,,2017-03
2017-03-24,2233,宇隆,汽車工業,移出,突破失敗,56.62,72.0,,35,,,,,,,,,,,2017-03
2017-03-24,5371,中光電,光電業,移出,掉出掃描母體,25.15,70.0,,34,,,,,,,,,,,2017-03
2017-03-24,6533,晶心科,電子工業,移出,離高點太遠,155.64,99.0,,8,,,,,,,,,,,2017-03
2017-03-27,2340,台亞,光電業,進榜,觸發,17.11,84.0,4.0,0,-3.2,-2.2,-4.9,-1.4,17.2,0.5,-3.8,-2.5,-5.4,-1.6,2017-03
2017-03-27,2340,台亞,光電業,觸發,進榜即觸發,17.11,84.0,4.0,0,-3.2,-2.2,-4.9,-1.4,17.2,0.5,-3.8,-2.5,-5.4,-1.6,2017-03
2017-03-27,6548,長科*,半導體業,進榜,準備,10.98,98.0,3.0,0,-8.3,-2.2,-1.8,-1.4,11.0,0.0,-8.3,-2.5,-1.8,-1.6,2017-03
2017-03-27,8913,?,,進榜,準備,12.86,98.0,2.0,0,-5.3,-2.2,-11.3,-1.4,14.1,10.0,-13.9,-2.5,-19.4,-1.6,2017-03
2017-03-27,2404,漢唐,其他電子業,進榜,準備,38.01,72.0,3.0,0,6.2,-2.2,13.7,-1.4,38.1,0.3,5.9,-2.5,13.3,-1.6,2017-03
2017-03-27,3231,緯創,電子工業,進榜,準備,16.22,71.0,3.0,0,1.3,-2.2,13.6,-1.4,16.3,0.7,0.5,-2.5,12.8,-1.6,2017-03
2017-03-27,2352,佳世達,電腦及週邊設備業,移出,掉出掃描母體,12.65,70.0,,17,,,,,,,,,,,2017-03
2017-03-27,6173,信昌電,電子零組件業,移出,掉出掃描母體,16.51,70.0,,3,,,,,,,,,,,2017-03
2017-03-27,5305,敦南,半導體業,移出,掉出掃描母體,25.48,76.0,,76,,,,,,,,,,,2017-03
2017-03-27,2415,錩新,電子工業,移出,離高點太遠,21.67,92.0,,49,,,,,,,,,,,2017-03
2017-03-27,4976,佳凌,電子工業,移出,離高點太遠,27.73,82.0,,33,,,,,,,,,,,2017-03
2017-03-27,1904,正隆,造紙工業,移出,掉出掃描母體,10.33,73.0,,24,,,,,,,,,,,2017-03
2017-03-28,5371,中光電,光電業,進榜,準備,25.91,81.0,2.0,0,-4.3,-1.5,-8.7,-0.3,26.0,0.3,-4.6,-1.8,-9.0,-0.6,2017-03
2017-03-28,2548,華固,建材營造,移出,掉出掃描母體,28.62,73.0,,6,,,,,,,,,,,2017-03
2017-03-28,8913,?,,移出,離高點太遠,11.92,97.0,,1,,,,,,,,,,,2017-03
2017-03-28,3374,精材,半導體業,移出,離高點太遠,43.27,92.0,,82,,,,,,,,,,,2017-03
2017-03-28,5009,榮剛,鋼鐵工業,移出,掉出掃描母體,16.15,75.0,,74,,,,,,,,,,,2017-03
2017-03-28,1314,中石化,塑膠工業,移出,掉出掃描母體,9.74,87.0,,67,,,,,,,,,,,2017-03
2017-03-28,6138,茂達,半導體業,移出,離高點太遠,31.68,74.0,,48,,,,,,,,,,,2017-03
2017-03-28,5469,瀚宇博,電子零組件業,移出,掉出掃描母體,13.05,87.0,,38,,,,,,,,,,,2017-03
2017-03-28,2492,華新科,電子工業,移出,掉出掃描母體,35.17,72.0,,27,,,,,,,,,,,2017-03
2017-03-28,6426,統新,通信網路業,移出,離高點太遠,109.1,100.0,,21,,,,,,,,,,,2017-03
2017-03-28,4120,友華,生技醫療業,移出,掉出掃描母體,55.29,70.0,,12,,,,,,,,,,,2017-03
2017-03-28,3360,尚立,電子通路業,移出,掉出掃描母體,15.92,79.0,,12,,,,,,,,,,,2017-03
2017-03-28,6197,佳必琪,電子零組件業,移出,掉出掃描母體,26.8,82.0,,8,,,,,,,,,,,2017-03
2017-03-28,6139,亞翔,電子工業,移出,突破失敗,25.05,82.0,,6,,,,,,,,,,,2017-03
2017-03-29,5483,中美晶,半導體業,進榜,準備,32.47,90.0,2.0,0,-9.9,-1.5,-4.0,-0.5,32.9,1.2,-11.0,-1.6,-5.2,-0.7,2017-03
2017-03-29,2352,佳世達,電腦及週邊設備業,進榜,準備,12.69,73.0,2.0,0,7.6,-1.5,30.5,-0.5,12.7,0.3,7.3,-1.6,30.2,-0.7,2017-03
2017-03-29,2548,華固,建材營造,進榜,準備,28.66,71.0,2.0,0,-1.1,-1.5,-0.9,-0.5,28.4,-1.0,-0.1,-1.6,0.1,-0.7,2017-03
2017-03-29,3044,健鼎,電子工業,進榜,準備,52.53,70.0,0.0,0,-1.8,-1.5,11.0,-0.5,52.2,-0.6,-1.3,-1.6,11.7,-0.7,2017-03
2017-03-29,2337,旺宏,半導體業,觸發,等待後觸發,18.16,99.0,3.0,6,12.1,-1.5,35.4,-0.5,18.3,0.8,11.2,-1.6,34.3,-0.7,2017-03
2017-03-29,3231,緯創,電子工業,移出,掉出掃描母體,16.19,71.0,,2,,,,,,,,,,,2017-03
2017-03-29,5443,均豪,光電業,移出,掉出掃描母體,16.67,73.0,,9,,,,,,,,,,,2017-03
2017-03-29,3653,健策,電子工業,移出,掉出掃描母體,50.38,71.0,,8,,,,,,,,,,,2017-03
2017-03-30,6426,統新,通信網路業,進榜,觸發,131.38,100.0,1.0,0,29.5,-1.7,-7.7,-1.0,138.4,5.4,22.9,-1.7,-12.4,-0.9,2017-03
2017-03-30,6426,統新,通信網路業,觸發,進榜即觸發,131.38,100.0,1.0,0,29.5,-1.7,-7.7,-1.0,138.4,5.4,22.9,-1.7,-12.4,-0.9,2017-03
2017-03-30,8070,長華*,電子工業,進榜,觸發,8.9,71.0,3.0,0,-5.4,-1.7,-12.5,-1.0,8.9,-0.3,-5.1,-1.7,-12.2,-0.9,2017-03
2017-03-30,8070,長華*,電子工業,觸發,進榜即觸發,8.9,71.0,3.0,0,-5.4,-1.7,-12.5,-1.0,8.9,-0.3,-5.1,-1.7,-12.2,-0.9,2017-03
2017-03-30,3673,TPK-KY,光電業,進榜,準備,90.54,97.0,2.0,0,0.0,-1.7,-13.0,-1.0,90.1,-0.5,0.5,-1.7,-12.6,-0.9,2017-03
2017-03-30,6435,大中,半導體業,進榜,準備,43.35,95.0,3.0,0,29.6,-1.7,12.5,-1.0,44.5,2.6,26.4,-1.7,9.7,-0.9,2017-03
2017-03-30,6470,宇智,通信網路業,進榜,準備,38.77,89.0,1.0,0,-4.9,-1.7,-20.4,-1.0,40.0,3.2,-7.9,-1.7,-22.9,-0.9,2017-03
2017-03-30,1310,台苯,塑膠工業,進榜,準備,17.26,88.0,2.0,0,-6.9,-1.7,-2.8,-1.0,17.3,0.0,-6.9,-1.7,-2.8,-0.9,2017-03
2017-03-30,3419,譁裕,電子工業,進榜,準備,20.85,79.0,1.0,0,-7.0,-1.7,-5.9,-1.0,20.8,0.0,-7.0,-1.7,-5.9,-0.9,2017-03
2017-03-30,6191,精成科,電子工業,進榜,準備,10.08,71.0,3.0,0,-15.8,-1.7,-21.9,-1.0,10.3,2.2,-17.6,-1.7,-23.6,-0.9,2017-03
2017-03-30,2457,飛宏,電子工業,觸發,等待後觸發,14.63,87.0,2.0,6,-7.6,-1.7,-16.6,-1.0,14.9,2.0,-9.4,-1.7,-18.2,-0.9,2017-03
2017-03-30,5269,祥碩,半導體業,移出,掉出掃描母體,269.71,78.0,,86,,,,,,,,,,,2017-03
2017-03-30,3044,健鼎,電子工業,移出,掉出掃描母體,52.53,70.0,,1,,,,,,,,,,,2017-03
2017-03-30,2520,冠德,建材營造,移出,掉出掃描母體,10.97,74.0,,51,,,,,,,,,,,2017-03
2017-03-31,3450,聯鈞,其他電子業,進榜,準備,91.13,71.0,2.0,0,-11.9,-1.7,-7.6,-1.0,92.3,1.3,-13.1,-1.9,-8.8,-1.3,2017-03
2017-03-31,6191,精成科,電子工業,移出,掉出掃描母體,10.08,71.0,,1,,,,,,,,,,,2017-03
2017-03-31,3615,安可,光電業,移出,離高點太遠,25.18,80.0,,50,,,,,,,,,,,2017-03
2017-03-31,8070,長華*,電子工業,移出,掉出掃描母體,8.9,71.0,,1,,,,,,,,,,,2017-03
2017-04-05,8027,鈦昇,電機機械,進榜,準備,27.89,96.0,2.0,0,8.7,-1.9,-3.3,-1.7,28.3,1.4,7.2,-1.9,-4.7,-1.8,2017-04
2017-04-05,6435,大中,半導體業,觸發,等待後觸發,51.62,97.0,3.0,6,1.6,-1.9,-5.7,-1.7,51.7,0.2,1.3,-1.9,-6.0,-1.8,2017-04
2017-04-05,1463,強盛新,紡織纖維,觸發,等待後觸發,14.05,79.0,2.0,35,6.0,-1.9,13.6,-1.7,14.3,1.9,4.0,-1.9,11.4,-1.8,2017-04
2017-04-05,2548,華固,建材營造,移出,掉出掃描母體,28.62,73.0,,7,,,,,,,,,,,2017-04
2017-04-05,2023,燁輝,鋼鐵工業,移出,掉出掃描母體,10.28,76.0,,77,,,,,,,,,,,2017-04
2017-04-06,5014,建錩,鋼鐵工業,進榜,準備,19.11,100.0,1.0,0,-40.1,-2.2,-32.9,-1.3,19.5,2.2,-41.4,-2.2,-34.4,-1.4,2017-04
2017-04-06,1229,聯華,食品工業,進榜,準備,9.67,74.0,0.0,0,-2.7,-2.2,5.3,-1.3,9.7,0.2,-2.9,-2.2,5.1,-1.4,2017-04
2017-04-06,3044,健鼎,電子工業,進榜,準備,52.47,70.0,0.0,0,-2.3,-2.2,11.6,-1.3,52.5,0.0,-2.3,-2.2,11.6,-1.4,2017-04
2017-04-06,3450,聯鈞,其他電子業,移出,掉出掃描母體,90.82,70.0,,6,,,,,,,,,,,2017-04
2017-04-06,1560,中砂,電機機械,移出,掉出掃描母體,53.9,71.0,,113,,,,,,,,,,,2017-04
2017-04-06,2448,晶電,光電業,移出,掉出掃描母體,30.36,75.0,,16,,,,,,,,,,,2017-04
2017-04-06,3406,玉晶光,光電業,移出,離高點太遠,227.91,100.0,,15,,,,,,,,,,,2017-04
2017-04-07,2345,智邦,通信網路業,進榜,觸發,56.37,89.0,4.0,0,-10.4,-2.3,5.4,-1.5,57.1,1.3,-11.5,-2.4,4.1,-1.4,2017-04
2017-04-07,2345,智邦,通信網路業,觸發,進榜即觸發,56.37,89.0,4.0,0,-10.4,-2.3,5.4,-1.5,57.1,1.3,-11.5,-2.4,4.1,-1.4,2017-04
2017-04-07,3006,晶豪科,電子工業,進榜,觸發,30.94,72.0,3.0,0,-7.4,-2.3,-13.9,-1.5,31.7,2.4,-9.6,-2.4,-15.9,-1.4,2017-04
2017-04-07,3006,晶豪科,電子工業,觸發,進榜即觸發,30.94,72.0,3.0,0,-7.4,-2.3,-13.9,-1.5,31.7,2.4,-9.6,-2.4,-15.9,-1.4,2017-04
2017-04-07,2338,光罩,半導體業,進榜,準備,12.7,95.0,1.0,0,10.9,-2.3,3.3,-1.5,12.8,1.0,9.8,-2.4,2.3,-1.4,2017-04
2017-04-07,1584,精剛,其他,進榜,準備,15.53,77.0,3.0,0,-18.3,-2.3,-35.6,-1.5,15.5,0.0,-18.3,-2.4,-35.6,-1.4,2017-04
2017-04-07,3044,健鼎,電子工業,移出,掉出掃描母體,52.47,70.0,,1,,,,,,,,,,,2017-04
2017-04-07,2501,國建,建材營造,移出,掉出掃描母體,12.72,72.0,,60,,,,,,,,,,,2017-04
2017-04-07,2605,新興,航運業,移出,掉出掃描母體,16.73,71.0,,51,,,,,,,,,,,2017-04
2017-04-07,8011,台通,通信網路業,移出,掉出掃描母體,21.2,71.0,,29,,,,,,,,,,,2017-04
2017-04-07,2467,志聖,電子工業,移出,掉出掃描母體,12.63,74.0,,22,,,,,,,,,,,2017-04
2017-04-10,4716,大立,化學工業,進榜,觸發,17.76,97.0,2.0,0,-11.9,-3.3,-6.3,-1.2,17.6,-0.8,-11.2,-3.4,-5.6,-1.2,2017-04
2017-04-10,4716,大立,化學工業,觸發,進榜即觸發,17.76,97.0,2.0,0,-11.9,-3.3,-6.3,-1.2,17.6,-0.8,-11.2,-3.4,-5.6,-1.2,2017-04
2017-04-10,3675,德微,半導體業,進榜,觸發,38.92,96.0,5.0,0,-1.4,-3.3,-4.3,-1.2,41.0,5.3,-6.3,-3.4,-9.0,-1.2,2017-04
2017-04-10,3675,德微,半導體業,觸發,進榜即觸發,38.92,96.0,5.0,0,-1.4,-3.3,-4.3,-1.2,41.0,5.3,-6.3,-3.4,-9.0,-1.2,2017-04
2017-04-10,2436,偉詮電,半導體業,進榜,觸發,24.79,71.0,4.0,0,-4.8,-3.3,-1.7,-1.2,25.3,1.9,-6.6,-3.4,-3.5,-1.2,2017-04
2017-04-10,2436,偉詮電,半導體業,觸發,進榜即觸發,24.79,71.0,4.0,0,-4.8,-3.3,-1.7,-1.2,25.3,1.9,-6.6,-3.4,-3.5,-1.2,2017-04
2017-04-10,6173,信昌電,電子零組件業,進榜,準備,17.56,79.0,3.0,0,0.7,-3.3,4.0,-1.2,17.9,2.0,-1.3,-3.4,2.0,-1.2,2017-04
2017-04-10,5871,中租-KY,其他,移出,掉出掃描母體,37.79,71.0,,39,,,,,,,,,,,2017-04
2017-04-11,1314,中石化,塑膠工業,進榜,準備,10.07,90.0,3.0,0,-11.1,-2.0,-3.7,-0.3,10.0,-0.4,-10.7,-1.9,-3.3,-0.3,2017-04
2017-04-11,1569,濱川,電腦及週邊設備業,進榜,準備,22.84,78.0,3.0,0,26.6,-2.0,29.7,-0.3,22.8,0.0,26.6,-1.9,29.7,-0.3,2017-04
2017-04-11,6411,晶焱,半導體業,移出,掉出掃描母體,40.15,81.0,,124,,,,,,,,,,,2017-04
2017-04-11,8358,金居,電子零組件業,移出,掉出掃描母體,35.37,93.0,,123,,,,,,,,,,,2017-04
2017-04-11,3346,麗清,汽車工業,移出,離高點太遠,80.57,98.0,,112,,,,,,,,,,,2017-04
2017-04-11,4943,康控-KY,電子工業,移出,離高點太遠,145.3,95.0,,55,,,,,,,,,,,2017-04
2017-04-11,3443,創意,半導體業,移出,掉出掃描母體,85.03,74.0,,50,,,,,,,,,,,2017-04
2017-04-11,6188,廣明,電腦及週邊設備業,移出,掉出掃描母體,26.25,72.0,,34,,,,,,,,,,,2017-04
2017-04-11,4557,永新-KY,汽車工業,移出,掉出掃描母體,45.79,72.0,,25,,,,,,,,,,,2017-04
2017-04-11,5014,建錩,鋼鐵工業,移出,離高點太遠,16.13,99.0,,5,,,,,,,,,,,2017-04
2017-04-11,3006,晶豪科,電子工業,移出,掉出掃描母體,31.66,75.0,,4,,,,,,,,,,,2017-04
2017-04-11,4716,大立,化學工業,移出,突破失敗,16.08,97.0,,1,,,,,,,,,,,2017-04
2017-04-11,2436,偉詮電,半導體業,移出,掉出掃描母體,24.79,71.0,,1,,,,,,,,,,,2017-04
2017-04-12,3003,健和興,電子工業,進榜,觸發,37.58,80.0,2.0,0,-3.8,-1.9,-1.2,-0.4,38.6,2.8,-6.4,-2.0,-3.9,-0.3,2017-04
2017-04-12,3003,健和興,電子工業,觸發,進榜即觸發,37.58,80.0,2.0,0,-3.8,-1.9,-1.2,-0.4,38.6,2.8,-6.4,-2.0,-3.9,-0.3,2017-04
2017-04-12,3406,玉晶光,光電業,進榜,準備,266.98,100.0,3.0,0,3.0,-1.9,4.9,-0.4,268.6,0.6,2.4,-2.0,4.2,-0.3,2017-04
2017-04-12,2006,東和鋼鐵,鋼鐵工業,進榜,準備,19.54,75.0,2.0,0,-5.2,-1.9,-0.6,-0.4,19.5,-0.4,-4.8,-2.0,-0.2,-0.3,2017-04
2017-04-12,8069,元太,光電業,進榜,準備,21.79,75.0,3.0,0,-2.4,-1.9,-7.8,-0.4,22.1,1.6,-4.0,-2.0,-9.3,-0.3,2017-04
2017-04-12,6173,信昌電,電子零組件業,觸發,等待後觸發,18.61,88.0,3.0,2,3.8,-1.9,-3.1,-0.4,18.8,0.8,2.9,-2.0,-3.9,-0.3,2017-04
2017-04-12,1314,中石化,塑膠工業,移出,掉出掃描母體,10.07,90.0,,1,,,,,,,,,,,2017-04
2017-04-12,1569,濱川,電腦及週邊設備業,移出,掉出掃描母體,22.84,78.0,,1,,,,,,,,,,,2017-04
2017-04-12,3313,斐成,電子零組件業,移出,掉出掃描母體,33.08,96.0,,127,,,,,,,,,,,2017-04
2017-04-12,2439,美律,通信網路業,移出,掉出掃描母體,88.59,74.0,,30,,,,,,,,,,,2017-04
2017-04-13,2606,裕民,航運業,移出,逾期,19.74,86.0,,56,,,,,,,,,,,2017-04
2017-04-13,2457,飛宏,電子工業,移出,離高點太遠,13.46,75.0,,20,,,,,,,,,,,2017-04
2017-04-13,6548,長科*,半導體業,移出,晚期未觸發,10.61,94.0,,17,,,,,,,,,,,2017-04
2017-04-13,3003,健和興,電子工業,移出,掉出掃描母體,37.58,80.0,,1,,,,,,,,,,,2017-04
2017-04-14,2317,鴻海,其他電子業,進榜,準備,79.66,73.0,1.0,0,7.5,-0.1,22.5,0.9,79.7,0.0,7.5,-0.2,22.5,0.8,2017-04
2017-04-14,6108,競國,電子零組件業,移出,掉出掃描母體,19.16,77.0,,149,,,,,,,,,,,2017-04
2017-04-14,3455,由田,光電業,移出,掉出掃描母體,30.56,82.0,,129,,,,,,,,,,,2017-04
2017-04-14,3152,璟德,通信網路業,移出,掉出掃描母體,391.67,84.0,,101,,,,,,,,,,,2017-04
2017-04-14,2383,台光電,電子工業,移出,掉出掃描母體,87.25,86.0,,81,,,,,,,,,,,2017-04
2017-04-14,3105,穩懋,半導體業,移出,掉出掃描母體,100.39,87.0,,60,,,,,,,,,,,2017-04
2017-04-14,6456,GIS-KY,光電業,移出,掉出掃描母體,102.66,92.0,,57,,,,,,,,,,,2017-04
2017-04-14,4974,亞泰,電子零組件業,移出,掉出掃描母體,23.84,85.0,,55,,,,,,,,,,,2017-04
2017-04-14,2402,毅嘉,電子工業,移出,離高點太遠,15.9,86.0,,49,,,,,,,,,,,2017-04
2017-04-14,3563,牧德,光電業,移出,掉出掃描母體,50.31,81.0,,37,,,,,,,,,,,2017-04
2017-04-14,3625,西勝,電腦及週邊設備業,移出,離高點太遠,24.06,88.0,,31,,,,,,,,,,,2017-04
2017-04-14,8021,尖點,其他電子業,移出,離高點太遠,17.37,78.0,,22,,,,,,,,,,,2017-04
2017-04-14,2337,旺宏,半導體業,移出,離高點太遠,18.92,100.0,,22,,,,,,,,,,,2017-04
2017-04-14,5483,中美晶,半導體業,移出,掉出掃描母體,31.67,88.0,,16,,,,,,,,,,,2017-04
2017-04-14,1310,台苯,塑膠工業,移出,掉出掃描母體,16.6,86.0,,15,,,,,,,,,,,2017-04
2017-04-14,6470,宇智,通信網路業,移出,離高點太遠,33.2,75.0,,15,,,,,,,,,,,2017-04
2017-04-17,3661,世芯-KY,半導體業,觸發,等待後觸發,51.12,97.0,2.0,32,10.5,0.0,6.0,1.4,51.1,0.0,10.5,-0.3,6.0,1.1,2017-04
2017-04-17,6196,帆宣,其他電子業,移出,掉出掃描母體,24.05,77.0,,31,,,,,,,,,,,2017-04
2017-04-17,3673,TPK-KY,光電業,移出,離高點太遠,76.1,95.0,,18,,,,,,,,,,,2017-04
2017-04-17,8027,鈦昇,電機機械,移出,離高點太遠,25.28,96.0,,12,,,,,,,,,,,2017-04
2017-04-17,1584,精剛,其他,移出,掉出掃描母體,14.59,74.0,,10,,,,,,,,,,,2017-04
2017-04-18,6207,雷科,電子零組件業,進榜,準備,24.29,94.0,1.0,0,-3.9,-0.5,-19.8,0.8,25.1,3.3,-6.9,-0.4,-22.4,1.1,2017-04
2017-04-18,2614,東森,貿易百貨,進榜,準備,13.64,83.0,3.0,0,-5.1,-0.5,-10.8,0.8,13.4,-1.5,-3.7,-0.4,-9.5,1.1,2017-04
2017-04-18,5871,中租-KY,其他,進榜,準備,38.06,82.0,1.0,0,11.3,-0.5,19.3,0.8,37.8,-0.6,12.0,-0.4,20.0,1.1,2017-04
2017-04-18,3008,大立光,光電業,進榜,準備,3617.35,74.0,3.0,0,0.8,-0.5,11.6,0.8,3590.9,-0.7,1.6,-0.4,12.4,1.1,2017-04
2017-04-18,2006,東和鋼鐵,鋼鐵工業,移出,掉出掃描母體,18.99,76.0,,6,,,,,,,,,,,2017-04
2017-04-19,4912,聯德控股-KY,電子工業,進榜,觸發,74.36,95.0,3.0,0,19.9,-0.1,46.6,1.7,78.3,5.3,13.9,-0.2,39.3,1.7,2017-04
2017-04-19,4912,聯德控股-KY,電子工業,觸發,進榜即觸發,74.36,95.0,3.0,0,19.9,-0.1,46.6,1.7,78.3,5.3,13.9,-0.2,39.3,1.7,2017-04
2017-04-19,3236,千如,電子零組件業,進榜,觸發,18.55,90.0,4.0,0,-5.6,-0.1,5.9,1.7,18.7,0.9,-6.4,-0.2,4.9,1.7,2017-04
2017-04-19,3236,千如,電子零組件業,觸發,進榜即觸發,18.55,90.0,4.0,0,-5.6,-0.1,5.9,1.7,18.7,0.9,-6.4,-0.2,4.9,1.7,2017-04
2017-04-19,8066,來思達,貿易百貨,進榜,準備,78.28,95.0,1.0,0,2.9,-0.1,-10.5,1.7,78.0,-0.3,3.2,-0.2,-10.2,1.7,2017-04
2017-04-19,1569,濱川,電腦及週邊設備業,進榜,準備,23.13,85.0,3.0,0,14.2,-0.1,33.9,1.7,23.1,0.0,14.2,-0.2,33.9,1.7,2017-04
2017-04-19,3491,昇達科,通信網路業,進榜,準備,53.28,73.0,2.0,0,0.5,-0.1,11.6,1.7,54.3,1.9,-1.4,-0.2,9.5,1.7,2017-04
2017-04-19,2317,鴻海,其他電子業,移出,掉出掃描母體,79.91,70.0,,5,,,,,,,,,,,2017-04
2017-04-19,6213,聯茂,電子工業,移出,掉出掃描母體,29.33,82.0,,42,,,,,,,,,,,2017-04
2017-04-20,4739,康普,化學工業,進榜,準備,41.1,83.0,3.0,0,29.3,0.0,28.9,2.0,42.4,3.2,25.2,-0.3,24.8,1.6,2017-04
2017-04-20,3533,嘉澤,電子工業,進榜,準備,77.45,72.0,1.0,0,34.0,0.0,53.4,2.0,78.6,1.5,32.1,-0.3,51.2,1.6,2017-04
2017-04-20,6182,合晶,半導體業,移出,離高點太遠,14.44,96.0,,34,,,,,,,,,,,2017-04
2017-04-20,6426,統新,通信網路業,移出,離高點太遠,125.13,100.0,,21,,,,,,,,,,,2017-04
2017-04-20,3236,千如,電子零組件業,移出,突破失敗,16.96,85.0,,1,,,,,,,,,,,2017-04
2017-04-21,2492,華新科,電子工業,進榜,觸發,42.99,93.0,6.0,0,-10.6,-0.4,-6.4,1.7,43.1,0.2,-10.8,-0.6,-6.6,1.5,2017-04
2017-04-21,2492,華新科,電子工業,觸發,進榜即觸發,42.99,93.0,6.0,0,-10.6,-0.4,-6.4,1.7,43.1,0.2,-10.8,-0.6,-6.6,1.5,2017-04
2017-04-21,2383,台光電,電子工業,進榜,準備,90.59,87.0,3.0,0,2.5,-0.4,23.0,1.7,89.8,-0.8,3.3,-0.6,24.0,1.5,2017-04
2017-04-21,8064,東捷,光電業,移出,掉出掃描母體,14.22,71.0,,36,,,,,,,,,,,2017-04
2017-04-24,3441,聯一光,光電業,進榜,觸發,26.01,98.0,4.0,0,20.1,0.0,23.2,2.0,26.6,2.1,17.6,-0.3,20.6,1.6,2017-04
2017-04-24,3441,聯一光,光電業,觸發,進榜即觸發,26.01,98.0,4.0,0,20.1,0.0,23.2,2.0,26.6,2.1,17.6,-0.3,20.6,1.6,2017-04
2017-04-24,6209,今國光,光電業,進榜,觸發,29.48,89.0,4.0,0,-9.4,0.0,-20.4,2.0,29.7,0.8,-10.1,-0.3,-21.0,1.6,2017-04
2017-04-24,6209,今國光,光電業,觸發,進榜即觸發,29.48,89.0,4.0,0,-9.4,0.0,-20.4,2.0,29.7,0.8,-10.1,-0.3,-21.0,1.6,2017-04
2017-04-24,6456,GIS-KY,光電業,進榜,準備,113.27,96.0,2.0,0,44.5,0.0,80.0,2.0,114.8,1.3,42.6,-0.3,77.6,1.6,2017-04
2017-04-24,2383,台光電,電子工業,移出,掉出掃描母體,90.59,87.0,,3,,,,,,,,,,,2017-04
2017-04-24,8110,華東,電子工業,移出,掉出掃描母體,11.88,81.0,,76,,,,,,,,,,,2017-04
2017-04-24,3362,先進光,光電業,移出,離高點太遠,55.64,99.0,,61,,,,,,,,,,,2017-04
2017-04-24,2313,華通,電子工業,移出,掉出掃描母體,15.16,79.0,,60,,,,,,,,,,,2017-04
2017-04-24,3260,威剛,半導體業,移出,離高點太遠,42.44,86.0,,49,,,,,,,,,,,2017-04
2017-04-24,5306,桂盟,其他,移出,掉出掃描母體,95.91,74.0,,31,,,,,,,,,,,2017-04
2017-04-24,6435,大中,半導體業,移出,離高點太遠,46.87,96.0,,25,,,,,,,,,,,2017-04
2017-04-24,2345,智邦,通信網路業,移出,突破失敗,50.58,79.0,,17,,,,,,,,,,,2017-04
2017-04-25,3092,鴻碩,電子零組件業,進榜,觸發,27.6,90.0,5.0,0,-7.2,-0.3,7.2,1.5,27.9,1.2,-8.3,-0.5,5.9,1.3,2017-04
2017-04-25,3092,鴻碩,電子零組件業,觸發,進榜即觸發,27.6,90.0,5.0,0,-7.2,-0.3,7.2,1.5,27.9,1.2,-8.3,-0.5,5.9,1.3,2017-04
2017-04-25,8027,鈦昇,電機機械,進榜,準備,31.66,98.0,2.0,0,-4.9,-0.3,-15.2,1.5,32.0,1.0,-5.8,-0.5,-16.1,1.3,2017-04
2017-04-25,6196,帆宣,其他電子業,進榜,準備,27.7,88.0,3.0,0,7.2,-0.3,5.4,1.5,28.2,1.8,5.3,-0.5,3.6,1.3,2017-04
2017-04-25,3152,璟德,通信網路業,進榜,準備,404.14,86.0,3.0,0,-0.6,-0.3,17.6,1.5,401.6,-0.6,0.0,-0.5,18.3,1.3,2017-04
2017-04-25,2474,可成,電子工業,進榜,準備,179.71,79.0,1.0,0,7.2,-0.3,20.7,1.5,183.3,2.0,5.2,-0.5,18.4,1.3,2017-04
2017-04-25,2006,東和鋼鐵,鋼鐵工業,進榜,準備,19.15,71.0,2.0,0,-3.1,-0.3,2.5,1.5,19.1,0.0,-3.1,-0.5,2.5,1.3,2017-04
2017-04-25,1569,濱川,電腦及週邊設備業,觸發,等待後觸發,27.51,93.0,3.0,6,4.7,-0.3,13.8,1.5,27.8,1.2,3.5,-0.5,12.5,1.3,2017-04
2017-04-25,6456,GIS-KY,光電業,觸發,等待後觸發,124.26,96.0,2.0,1,39.3,-0.3,63.1,1.5,126.5,1.8,36.8,-0.5,60.2,1.3,2017-04
2017-04-25,1215,卜蜂,食品工業,移出,掉出掃描母體,31.51,75.0,,46,,,,,,,,,,,2017-04
2017-04-25,8069,元太,光電業,移出,掉出掃描母體,21.19,74.0,,13,,,,,,,,,,,2017-04
2017-04-25,4739,康普,化學工業,移出,掉出掃描母體,39.84,80.0,,5,,,,,,,,,,,2017-04
2017-04-26,2439,美律,通信網路業,進榜,觸發,95.16,86.0,3.0,0,8.4,-0.3,31.4,1.2,101.5,6.6,1.7,-0.4,23.2,1.3,2017-04
2017-04-26,2439,美律,通信網路業,觸發,進榜即觸發,95.16,86.0,3.0,0,8.4,-0.3,31.4,1.2,101.5,6.6,1.7,-0.4,23.2,1.3,2017-04
2017-04-26,6205,詮欣,電子工業,進榜,準備,27.7,81.0,3.0,0,-6.5,-0.3,-7.4,1.2,27.5,-0.7,-5.8,-0.4,-6.7,1.3,2017-04
2017-04-26,6213,聯茂,電子工業,進榜,準備,30.38,79.0,2.0,0,-1.9,-0.3,-2.1,1.2,30.7,1.0,-2.9,-0.4,-3.1,1.3,2017-04
2017-04-26,2338,光罩,半導體業,觸發,等待後觸發,13.54,96.0,1.0,19,2.5,-0.3,6.2,1.2,13.8,2.2,0.3,-0.4,3.9,1.3,2017-04
2017-04-26,2006,東和鋼鐵,鋼鐵工業,移出,掉出掃描母體,19.15,71.0,,1,,,,,,,,,,,2017-04
2017-04-27,4976,佳凌,電子工業,進榜,觸發,33.76,94.0,5.0,0,5.5,-0.4,3.2,0.9,37.1,10.0,-4.0,-0.5,-6.2,0.8,2017-04
2017-04-27,4976,佳凌,電子工業,觸發,進榜即觸發,33.76,94.0,5.0,0,5.5,-0.4,3.2,0.9,37.1,10.0,-4.0,-0.5,-6.2,0.8,2017-04
2017-04-27,3673,TPK-KY,光電業,進榜,準備,94.71,98.0,2.0,0,-14.1,-0.4,-11.5,0.9,95.1,0.4,-14.5,-0.5,-11.8,0.8,2017-04
2017-04-27,3443,創意,半導體業,進榜,準備,90.56,83.0,3.0,0,-5.2,-0.4,58.7,0.9,89.3,-1.4,-3.8,-0.5,61.0,0.8,2017-04
2017-04-27,2049,上銀,電機機械,進榜,準備,145.07,77.0,2.0,0,3.1,-0.4,12.1,0.9,145.1,0.0,3.1,-0.5,12.1,0.8,2017-04
2017-04-27,2369,菱生,電子工業,進榜,準備,11.47,72.0,3.0,0,3.5,-0.4,7.7,0.9,11.5,0.0,3.5,-0.5,7.7,0.8,2017-04
2017-04-27,3092,鴻碩,電子零組件業,移出,掉出掃描母體,27.43,87.0,,2,,,,,,,,,,,2017-04
2017-04-28,6283,淳安,其他電子業,進榜,觸發,51.29,100.0,4.0,0,1.3,-0.7,-1.3,0.7,53.2,3.7,-2.3,-0.8,-4.8,0.5,2017-04
2017-04-28,6283,淳安,其他電子業,觸發,進榜即觸發,51.29,100.0,4.0,0,1.3,-0.7,-1.3,0.7,53.2,3.7,-2.3,-0.8,-4.8,0.5,2017-04
2017-04-28,3018,隆銘綠能,其他電子業,進榜,觸發,79.47,99.0,2.0,0,-4.3,-0.7,13.0,0.7,79.4,-0.1,-4.2,-0.8,13.2,0.5,2017-04
2017-04-28,3018,隆銘綠能,其他電子業,觸發,進榜即觸發,79.47,99.0,2.0,0,-4.3,-0.7,13.0,0.7,79.4,-0.1,-4.2,-0.8,13.2,0.5,2017-04
2017-04-28,6426,統新,通信網路業,進榜,準備,154.85,100.0,2.0,0,-2.3,-0.7,-26.0,0.7,159.5,3.0,-5.1,-0.8,-28.2,0.5,2017-04
2017-04-28,3037,欣興,電子工業,進榜,準備,15.09,87.0,2.0,0,-6.5,-0.7,-2.4,0.7,15.3,1.3,-7.7,-0.8,-3.7,0.5,2017-04
2017-04-28,3144,新揚科,電子零組件業,進榜,準備,20.86,86.0,2.0,0,-1.0,-0.7,-2.8,0.7,21.7,4.0,-4.8,-0.8,-6.6,0.5,2017-04
2017-04-28,3563,牧德,光電業,進榜,準備,53.52,86.0,3.0,0,38.4,-0.7,118.5,0.7,54.5,1.9,35.8,-0.8,114.5,0.5,2017-04
2017-04-28,5274,信驊,半導體業,進榜,準備,418.63,76.0,3.0,0,29.2,-0.7,31.7,0.7,420.1,0.3,28.7,-0.8,31.2,0.5,2017-04
2017-04-28,2049,上銀,電機機械,移出,掉出掃描母體,145.07,77.0,,1,,,,,,,,,,,2017-04
2017-04-28,2369,菱生,電子工業,移出,掉出掃描母體,11.47,72.0,,1,,,,,,,,,,,2017-04
2017-04-28,5371,中光電,光電業,移出,掉出掃描母體,24.81,81.0,,31,,,,,,,,,,,2017-04
2017-05-02,4968,立積,電子工業,進榜,準備,65.07,95.0,1.0,0,14.7,-0.5,-1.7,0.8,64.2,-1.3,16.3,-0.7,-0.4,0.6,2017-05
2017-05-02,2313,華通,電子工業,進榜,準備,16.31,83.0,3.0,0,4.8,-0.5,23.7,0.8,16.3,0.0,4.8,-0.7,23.7,0.6,2017-05
2017-05-02,2049,上銀,電機機械,進榜,準備,145.81,82.0,2.0,0,3.6,-0.5,9.2,0.8,147.3,1.0,2.5,-0.7,8.1,0.6,2017-05
2017-05-02,6269,台郡,電子工業,進榜,準備,76.58,78.0,2.0,0,-6.9,-0.5,7.4,0.8,76.2,-0.4,-6.5,-0.7,7.8,0.6,2017-05
2017-05-02,1215,卜蜂,食品工業,進榜,準備,33.4,71.0,3.0,0,14.6,-0.5,31.7,0.8,34.1,2.1,12.3,-0.7,29.1,0.6,2017-05
2017-05-02,6426,統新,通信網路業,觸發,等待後觸發,170.09,100.0,2.0,4,-7.1,-0.5,-29.2,0.8,174.4,2.5,-9.4,-0.7,-30.9,0.6,2017-05
2017-05-02,6196,帆宣,其他電子業,觸發,等待後觸發,30.49,92.0,3.0,7,-1.0,-0.5,-6.0,0.8,30.7,0.7,-1.7,-0.7,-6.6,0.6,2017-05
2017-05-02,1229,聯華,食品工業,移出,掉出掃描母體,9.6,70.0,,26,,,,,,,,,,,2017-05
2017-05-02,3443,創意,半導體業,移出,掉出掃描母體,89.71,81.0,,5,,,,,,,,,,,2017-05
2017-05-02,3018,隆銘綠能,其他電子業,移出,突破失敗,72.93,98.0,,4,,,,,,,,,,,2017-05
2017-05-03,3546,宇峻,文化創意業,進榜,觸發,39.18,74.0,6.0,0,-12.1,0.0,-18.0,1.2,39.0,-0.5,-11.7,-0.1,-17.6,1.1,2017-05
2017-05-03,3546,宇峻,文化創意業,觸發,進榜即觸發,39.18,74.0,6.0,0,-12.1,0.0,-18.0,1.2,39.0,-0.5,-11.7,-0.1,-17.6,1.1,2017-05
2017-05-03,3653,健策,電子工業,進榜,準備,54.93,86.0,3.0,0,6.8,0.0,9.2,1.2,55.6,1.2,5.4,-0.1,7.9,1.1,2017-05
2017-05-03,1215,卜蜂,食品工業,移出,掉出掃描母體,33.4,71.0,,1,,,,,,,,,,,2017-05
2017-05-03,3645,達邁,電子零組件業,移出,逾期,38.7,91.0,,56,,,,,,,,,,,2017-05
2017-05-03,3491,昇達科,通信網路業,移出,掉出掃描母體,52.79,72.0,,14,,,,,,,,,,,2017-05
2017-05-03,3441,聯一光,光電業,移出,離高點太遠,29.28,99.0,,9,,,,,,,,,,,2017-05
2017-05-04,4739,康普,化學工業,進榜,觸發,43.9,86.0,3.0,0,19.5,0.0,36.4,0.9,43.5,-0.8,20.5,0.0,37.5,0.7,2017-05
2017-05-04,4739,康普,化學工業,觸發,進榜即觸發,43.9,86.0,3.0,0,19.5,0.0,36.4,0.9,43.5,-0.8,20.5,0.0,37.5,0.7,2017-05
2017-05-04,2436,偉詮電,半導體業,進榜,觸發,26.37,83.0,4.0,0,-9.0,0.0,-7.6,0.9,26.5,0.5,-9.5,0.0,-8.0,0.7,2017-05
2017-05-04,2436,偉詮電,半導體業,觸發,進榜即觸發,26.37,83.0,4.0,0,-9.0,0.0,-7.6,0.9,26.5,0.5,-9.5,0.0,-8.0,0.7,2017-05
2017-05-04,2369,菱生,電子工業,進榜,觸發,12.27,81.0,3.0,0,0.3,0.0,0.4,0.9,12.5,1.6,-1.3,0.0,-1.2,0.7,2017-05
2017-05-04,2369,菱生,電子工業,觸發,進榜即觸發,12.27,81.0,3.0,0,0.3,0.0,0.4,0.9,12.5,1.6,-1.3,0.0,-1.2,0.7,2017-05
2017-05-04,6412,群電,電子工業,進榜,觸發,35.89,73.0,3.0,0,0.0,0.0,6.4,0.9,35.8,-0.2,0.2,0.0,6.5,0.7,2017-05
2017-05-04,6412,群電,電子工業,觸發,進榜即觸發,35.89,73.0,3.0,0,0.0,0.0,6.4,0.9,35.8,-0.2,0.2,0.0,6.5,0.7,2017-05
2017-05-04,5536,聖暉*,其他電子類,進榜,準備,31.67,90.0,1.0,0,34.2,0.0,51.3,0.9,31.7,0.0,34.2,0.0,51.3,0.7,2017-05
2017-05-04,2448,晶電,光電業,進榜,準備,30.22,83.0,2.0,0,2.9,0.0,-9.9,0.9,30.6,1.1,1.7,0.0,-10.9,0.7,2017-05
2017-05-04,4120,友華,生技醫療業,進榜,準備,53.82,72.0,3.0,0,2.8,0.0,-4.8,0.9,54.0,0.4,2.4,0.0,-5.2,0.7,2017-05
2017-05-04,6190,萬泰科,通信網路業,進榜,準備,9.81,72.0,3.0,0,-11.9,0.0,-11.1,0.9,9.9,1.3,-13.1,0.0,-12.2,0.7,2017-05
2017-05-04,2049,上銀,電機機械,移出,掉出掃描母體,145.44,80.0,,2,,,,,,,,,,,2017-05
2017-05-04,3653,健策,電子工業,移出,掉出掃描母體,54.93,86.0,,1,,,,,,,,,,,2017-05
2017-05-04,2327,國巨*,電子工業,移出,逾期,21.48,92.0,,56,,,,,,,,,,,2017-05
2017-05-05,3491,昇達科,通信網路業,進榜,準備,54.31,74.0,2.0,0,7.9,0.6,17.0,1.3,54.3,0.0,7.9,0.5,17.0,1.1,2017-05
2017-05-05,6176,瑞儀,光電業,進榜,準備,42.38,70.0,1.0,0,2.3,0.6,19.1,1.3,42.8,1.1,1.2,0.5,17.8,1.1,2017-05
2017-05-05,3008,大立光,光電業,移出,掉出掃描母體,3761.14,74.0,,17,,,,,,,,,,,2017-05
2017-05-05,6269,台郡,電子工業,移出,掉出掃描母體,77.57,76.0,,3,,,,,,,,,,,2017-05
2017-05-05,4120,友華,生技醫療業,移出,掉出掃描母體,53.82,72.0,,1,,,,,,,,,,,2017-05
2017-05-05,6190,萬泰科,通信網路業,移出,掉出掃描母體,9.81,72.0,,1,,,,,,,,,,,2017-05
2017-05-08,2727,王品,觀光事業,進榜,準備,97.86,82.0,1.0,0,29.4,0.9,11.4,1.9,97.9,0.0,29.4,1.0,11.4,1.8,2017-05
2017-05-08,9802,鈺齊-KY,其他,進榜,準備,49.63,81.0,3.0,0,3.5,0.9,10.5,1.9,49.5,-0.2,3.7,1.0,10.8,1.8,2017-05
2017-05-08,1215,卜蜂,食品工業,進榜,準備,33.34,74.0,3.0,0,14.4,0.9,19.8,1.9,33.4,0.2,14.2,1.0,19.6,1.8,2017-05
2017-05-08,6269,台郡,電子工業,進榜,準備,76.25,74.0,2.0,0,-3.9,0.9,20.4,1.9,76.6,0.4,-4.3,1.0,19.9,1.8,2017-05
2017-05-08,2383,台光電,電子工業,進榜,準備,92.45,73.0,3.0,0,5.6,0.9,20.5,1.9,93.2,0.8,4.8,1.0,19.5,1.8,2017-05
2017-05-08,3008,大立光,光電業,進榜,準備,3734.65,71.0,3.0,0,-2.9,0.9,11.4,1.9,3746.0,0.3,-3.2,1.0,11.1,1.8,2017-05
2017-05-08,8299,群聯,半導體業,進榜,準備,186.81,70.0,3.0,0,18.0,0.9,49.3,1.9,185.2,-0.9,19.0,1.0,50.6,1.8,2017-05
2017-05-08,2436,偉詮電,半導體業,移出,突破失敗,23.99,72.0,,4,,,,,,,,,,,2017-05
2017-05-08,6205,詮欣,電子工業,移出,掉出掃描母體,26.61,79.0,,12,,,,,,,,,,,2017-05
2017-05-09,2049,上銀,電機機械,進榜,準備,145.07,80.0,2.0,0,3.8,2.0,15.6,3.1,146.6,1.0,2.8,1.9,14.5,3.0,2017-05
2017-05-09,2317,鴻海,其他電子業,進榜,準備,85.68,73.0,1.0,0,1.0,2.0,18.4,3.1,86.9,1.4,-0.5,1.9,16.8,3.0,2017-05
2017-05-09,6176,瑞儀,光電業,移出,掉出掃描母體,44.1,79.0,,4,,,,,,,,,,,2017-05
2017-05-09,3019,亞光,光電業,移出,掉出掃描母體,41.39,93.0,,116,,,,,,,,,,,2017-05
2017-05-09,2614,東森,貿易百貨,移出,掉出掃描母體,12.63,72.0,,21,,,,,,,,,,,2017-05
2017-05-09,6207,雷科,電子零組件業,移出,離高點太遠,21.71,90.0,,21,,,,,,,,,,,2017-05
2017-05-09,6209,今國光,光電業,移出,離高點太遠,27.35,82.0,,15,,,,,,,,,,,2017-05
2017-05-09,3152,璟德,通信網路業,移出,掉出掃描母體,394.79,72.0,,14,,,,,,,,,,,2017-05
2017-05-09,6213,聯茂,電子工業,移出,掉出掃描母體,30.88,70.0,,13,,,,,,,,,,,2017-05
2017-05-09,3144,新揚科,電子零組件業,移出,離高點太遠,19.93,79.0,,11,,,,,,,,,,,2017-05
2017-05-09,3546,宇峻,文化創意業,移出,突破失敗,36.0,73.0,,6,,,,,,,,,,,2017-05
2017-05-09,4739,康普,化學工業,移出,掉出掃描母體,41.47,80.0,,5,,,,,,,,,,,2017-05
2017-05-10,8011,台通,通信網路業,進榜,準備,22.0,84.0,2.0,0,0.6,1.5,-2.9,2.5,21.8,-0.8,1.4,1.5,-2.1,2.6,2017-05
2017-05-10,3443,創意,半導體業,進榜,準備,90.13,80.0,3.0,0,23.4,1.5,68.3,2.5,91.4,1.4,21.7,1.5,65.9,2.6,2017-05
2017-05-10,4968,立積,電子工業,觸發,等待後觸發,75.24,97.0,1.0,8,-5.0,1.5,-17.0,2.5,76.1,1.2,-6.1,1.5,-17.9,2.6,2017-05
2017-05-10,8027,鈦昇,電機機械,移出,晚期未觸發,29.93,97.0,,15,,,,,,,,,,,2017-05
2017-05-10,8299,群聯,半導體業,移出,掉出掃描母體,182.29,70.0,,2,,,,,,,,,,,2017-05
2017-05-11,6438,迅得,其他電子類,進榜,準備,44.17,91.0,2.0,0,-2.6,1.4,10.5,3.0,43.8,-0.9,-1.7,1.5,11.5,3.0,2017-05
2017-05-11,3144,新揚科,電子零組件業,進榜,準備,24.05,89.0,2.0,0,-13.6,1.4,-7.1,3.0,24.3,0.9,-14.4,1.5,-7.9,3.0,2017-05
2017-05-11,4974,亞泰,電子零組件業,進榜,準備,24.58,73.0,2.0,0,8.4,1.4,14.8,3.0,24.7,0.5,7.9,1.5,14.2,3.0,2017-05
2017-05-11,3044,健鼎,電子工業,進榜,準備,55.44,70.0,0.0,0,1.2,1.4,9.3,3.0,55.7,0.5,0.7,1.5,8.7,3.0,2017-05
2017-05-11,3533,嘉澤,電子工業,觸發,等待後觸發,99.64,92.0,1.0,21,-1.9,1.4,34.7,3.0,107.5,7.9,-9.1,1.5,24.8,3.0,2017-05
2017-05-12,4739,康普,化學工業,進榜,觸發,45.89,88.0,3.0,0,7.6,1.1,47.2,2.8,47.5,3.5,3.9,1.1,42.1,2.8,2017-05
2017-05-12,4739,康普,化學工業,觸發,進榜即觸發,45.89,88.0,3.0,0,7.6,1.1,47.2,2.8,47.5,3.5,3.9,1.1,42.1,2.8,2017-05
2017-05-12,4528,江興鍛,電機機械,進榜,準備,42.73,90.0,1.0,0,2.1,1.1,18.6,2.8,42.9,0.5,1.6,1.1,18.0,2.8,2017-05
2017-05-12,3003,健和興,電子工業,進榜,準備,36.49,79.0,3.0,0,-2.6,1.1,18.3,2.8,36.7,0.5,-3.1,1.1,17.7,2.8,2017-05
2017-05-12,3014,聯陽,半導體業,進榜,準備,19.02,76.0,3.0,0,-0.1,1.1,-2.8,2.8,19.1,0.5,-0.7,1.1,-3.3,2.8,2017-05
2017-05-12,5536,聖暉*,其他電子類,觸發,等待後觸發,36.31,94.0,1.0,8,13.8,1.1,26.4,2.8,37.4,3.0,10.5,1.1,22.8,2.8,2017-05
2017-05-12,2317,鴻海,其他電子業,移出,掉出掃描母體,85.68,71.0,,3,,,,,,,,,,,2017-05
2017-05-12,3044,健鼎,電子工業,移出,掉出掃描母體,55.44,70.0,,1,,,,,,,,,,,2017-05
2017-05-12,3406,玉晶光,光電業,移出,離高點太遠,253.15,100.0,,30,,,,,,,,,,,2017-05
2017-05-12,6426,統新,通信網路業,移出,離高點太遠,150.15,100.0,,14,,,,,,,,,,,2017-05
2017-05-15,2428,興勤,電子工業,進榜,觸發,58.91,83.0,4.0,0,-0.1,0.9,11.0,2.6,58.8,-0.1,0.0,0.7,11.1,2.4,2017-05
2017-05-15,2428,興勤,電子工業,觸發,進榜即觸發,58.91,83.0,4.0,0,-0.1,0.9,11.0,2.6,58.8,-0.1,0.0,0.7,11.1,2.4,2017-05
2017-05-15,6279,胡連,電子零組件業,進榜,觸發,116.82,78.0,2.0,0,-8.5,0.9,-6.6,2.6,118.7,1.6,-9.9,0.7,-8.1,2.4,2017-05
2017-05-15,6279,胡連,電子零組件業,觸發,進榜即觸發,116.82,78.0,2.0,0,-8.5,0.9,-6.6,2.6,118.7,1.6,-9.9,0.7,-8.1,2.4,2017-05
2017-05-15,6188,廣明,電腦及週邊設備業,進榜,準備,29.31,85.0,3.0,0,-2.8,0.9,4.6,2.6,29.1,-0.6,-2.3,0.7,5.2,2.4,2017-05
2017-05-15,3218,大學光,生技醫療業,進榜,準備,19.76,84.0,3.0,0,-13.9,0.9,-8.7,2.6,20.4,3.1,-16.5,0.7,-11.4,2.4,2017-05
2017-05-15,5306,桂盟,其他,進榜,準備,99.86,77.0,1.0,0,-11.2,0.9,-3.3,2.6,99.9,0.0,-11.2,0.7,-3.3,2.4,2017-05
2017-05-15,2408,南亞科,半導體業,進榜,準備,38.62,71.0,2.0,0,-3.0,0.9,21.3,2.6,38.6,0.0,-3.0,0.7,21.3,2.4,2017-05
2017-05-15,4974,亞泰,電子零組件業,移出,掉出掃描母體,24.6,72.0,,4,,,,,,,,,,,2017-05
2017-05-15,2369,菱生,電子工業,移出,掉出掃描母體,11.71,77.0,,11,,,,,,,,,,,2017-05
2017-05-15,3008,大立光,光電業,移出,掉出掃描母體,3696.81,73.0,,7,,,,,,,,,,,2017-05
2017-05-16,6111,光聚晶電,文化創意業,進榜,準備,82.95,92.0,2.0,0,15.2,0.3,-54.2,2.3,85.7,3.3,11.6,0.3,-55.7,2.3,2017-05
2017-05-16,4974,亞泰,電子零組件業,進榜,準備,24.89,72.0,2.0,0,7.1,0.3,11.1,2.3,24.9,0.0,7.1,0.3,11.1,2.3,2017-05
2017-05-16,8299,群聯,半導體業,進榜,準備,190.69,71.0,3.0,0,15.1,0.3,44.8,2.3,191.7,0.5,14.5,0.3,44.1,2.3,2017-05
2017-05-16,5871,中租-KY,其他,觸發,等待後觸發,43.23,85.0,1.0,28,-2.1,0.3,11.6,2.3,43.1,-0.4,-1.7,0.3,12.0,2.3,2017-05
2017-05-16,2408,南亞科,半導體業,移出,掉出掃描母體,38.62,71.0,,1,,,,,,,,,,,2017-05
2017-05-16,3419,譁裕,電子工業,移出,掉出掃描母體,19.95,72.0,,47,,,,,,,,,,,2017-05
2017-05-16,2492,華新科,電子工業,移出,離高點太遠,39.65,86.0,,25,,,,,,,,,,,2017-05
2017-05-16,3443,創意,半導體業,移出,掉出掃描母體,88.86,77.0,,6,,,,,,,,,,,2017-05
2017-05-17,1808,潤隆,建材營造,移出,逾期,10.18,84.0,,56,,,,,,,,,,,2017-05
2017-05-17,6412,群電,電子工業,移出,掉出掃描母體,36.48,75.0,,13,,,,,,,,,,,2017-05
2017-05-17,5274,信驊,半導體業,移出,晚期未觸發,470.07,87.0,,19,,,,,,,,,,,2017-05
2017-05-17,6269,台郡,電子工業,移出,掉出掃描母體,76.25,76.0,,9,,,,,,,,,,,2017-05
2017-05-18,6108,競國,電子零組件業,進榜,準備,19.4,79.0,2.0,0,-0.3,0.8,7.2,1.0,19.2,-1.1,0.8,0.7,8.4,0.8,2017-05
2017-05-18,6412,群電,電子工業,進榜,準備,37.31,76.0,3.0,0,4.9,0.8,-2.8,1.0,38.1,2.1,2.8,0.7,-4.7,0.8,2017-05
2017-05-18,6111,光聚晶電,文化創意業,觸發,等待後觸發,90.61,94.0,2.0,2,-5.5,0.8,-59.8,1.0,94.7,4.5,-9.5,0.7,-61.5,0.8,2017-05
2017-05-18,9802,鈺齊-KY,其他,移出,晚期未觸發,51.42,84.0,,10,,,,,,,,,,,2017-05
2017-05-18,3218,大學光,生技醫療業,移出,晚期未觸發,18.42,78.0,,3,,,,,,,,,,,2017-05
2017-05-18,6279,胡連,電子零組件業,移出,掉出掃描母體,112.47,72.0,,3,,,,,,,,,,,2017-05
2017-05-19,2337,旺宏,半導體業,進榜,準備,21.11,99.0,3.0,0,21.1,0.8,18.6,-0.4,21.2,0.4,20.7,0.6,18.2,-0.6,2017-05
2017-05-19,9802,鈺齊-KY,其他,進榜,準備,51.24,80.0,3.0,0,-2.9,0.8,0.3,-0.4,51.2,-0.1,-2.8,0.6,0.4,-0.6,2017-05
2017-05-19,6412,群電,電子工業,移出,掉出掃描母體,37.31,76.0,,1,,,,,,,,,,,2017-05
2017-05-22,3630,新鉅科,光電業,進榜,觸發,48.29,99.0,3.0,0,-15.9,0.5,-11.4,0.0,48.2,-0.2,-15.8,0.5,-11.2,-0.1,2017-05
2017-05-22,3630,新鉅科,光電業,觸發,進榜即觸發,48.29,99.0,3.0,0,-15.9,0.5,-11.4,0.0,48.2,-0.2,-15.8,0.5,-11.2,-0.1,2017-05
2017-05-22,4906,正文,通信網路業,進榜,觸發,25.07,95.0,5.0,0,-20.7,0.5,-38.2,0.0,25.1,0.1,-20.8,0.5,-38.2,-0.1,2017-05
2017-05-22,4906,正文,通信網路業,觸發,進榜即觸發,25.07,95.0,5.0,0,-20.7,0.5,-38.2,0.0,25.1,0.1,-20.8,0.5,-38.2,-0.1,2017-05
2017-05-22,9941,裕融,其他,進榜,觸發,37.23,82.0,1.0,0,-1.9,0.5,11.6,0.0,39.0,4.7,-6.2,0.5,6.7,-0.1,2017-05
2017-05-22,9941,裕融,其他,觸發,進榜即觸發,37.23,82.0,1.0,0,-1.9,0.5,11.6,0.0,39.0,4.7,-6.2,0.5,6.7,-0.1,2017-05
2017-05-22,5483,中美晶,半導體業,進榜,準備,31.54,80.0,3.0,0,-0.4,0.5,23.3,0.0,31.4,-0.3,-0.1,0.5,23.7,-0.1,2017-05
2017-05-22,2227,裕日車,汽車工業,進榜,準備,153.72,79.0,2.0,0,4.4,0.5,1.6,0.0,154.8,0.7,3.6,0.5,0.9,-0.1,2017-05
2017-05-22,1560,中砂,電機機械,進榜,準備,54.49,72.0,3.0,0,3.6,0.5,13.2,0.0,55.3,1.5,2.1,0.5,11.6,-0.1,2017-05
2017-05-22,2404,漢唐,其他電子業,移出,逾期,42.04,80.0,,56,,,,,,,,,,,2017-05
2017-05-22,5306,桂盟,其他,移出,掉出掃描母體,95.91,71.0,,7,,,,,,,,,,,2017-05
2017-05-23,8163,達方,電子工業,進榜,準備,16.6,89.0,3.0,0,-3.7,1.0,-6.1,-0.2,16.5,-0.5,-3.2,0.9,-5.6,-0.4,2017-05
2017-05-23,6412,群電,電子工業,進榜,準備,39.31,77.0,3.0,0,0.0,1.0,-6.6,-0.2,39.4,0.1,-0.1,0.9,-6.8,-0.4,2017-05
2017-05-23,3419,譁裕,電子工業,進榜,準備,20.38,73.0,1.0,0,0.9,1.0,-11.0,-0.2,20.3,-0.5,1.4,0.9,-10.6,-0.4,2017-05
2017-05-23,2633,台灣高鐵,航運業,進榜,準備,17.76,70.0,3.0,0,4.3,1.0,6.1,-0.2,17.7,-0.4,4.8,0.9,6.6,-0.4,2017-05
2017-05-23,2340,台亞,光電業,移出,掉出掃描母體,16.79,74.0,,57,,,,,,,,,,,2017-05
2017-05-23,3014,聯陽,半導體業,移出,掉出掃描母體,19.04,73.0,,11,,,,,,,,,,,2017-05
2017-05-23,1560,中砂,電機機械,移出,掉出掃描母體,54.49,72.0,,1,,,,,,,,,,,2017-05
2017-05-23,3630,新鉅科,光電業,移出,離高點太遠,44.78,99.0,,1,,,,,,,,,,,2017-05
2017-05-23,4906,正文,通信網路業,移出,突破失敗,23.06,92.0,,1,,,,,,,,,,,2017-05
2017-05-24,3437,榮創,光電業,進榜,觸發,30.97,85.0,3.0,0,9.4,0.8,7.1,0.0,31.4,1.5,7.8,0.6,5.5,-0.1,2017-05
2017-05-24,3437,榮創,光電業,觸發,進榜即觸發,30.97,85.0,3.0,0,9.4,0.8,7.1,0.0,31.4,1.5,7.8,0.6,5.5,-0.1,2017-05
2017-05-24,1902,台紙,造紙工業,進榜,準備,15.83,86.0,2.0,0,17.1,0.8,11.6,0.0,15.8,0.0,17.1,0.6,11.6,-0.1,2017-05
2017-05-24,3014,聯陽,半導體業,進榜,準備,19.3,70.0,3.0,0,-2.5,0.8,-7.4,0.0,19.3,0.1,-2.6,0.6,-7.5,-0.1,2017-05
2017-05-24,2352,佳世達,電腦及週邊設備業,移出,逾期,14.11,73.0,,56,,,,,,,,,,,2017-05
2017-05-24,2633,台灣高鐵,航運業,移出,掉出掃描母體,17.76,70.0,,1,,,,,,,,,,,2017-05
2017-05-25,2314,台揚,通信網路業,進榜,觸發,87.53,91.0,5.0,0,-6.1,0.3,-10.3,-0.3,87.5,0.0,-6.1,0.0,-10.3,-0.4,2017-05
2017-05-25,2314,台揚,通信網路業,觸發,進榜即觸發,87.53,91.0,5.0,0,-6.1,0.3,-10.3,-0.3,87.5,0.0,-6.1,0.0,-10.3,-0.4,2017-05
2017-05-25,8271,宇瞻,半導體業,進榜,準備,25.27,71.0,3.0,0,-0.5,0.3,-4.5,-0.3,25.4,0.6,-1.0,0.0,-5.1,-0.4,2017-05
2017-05-25,6108,競國,電子零組件業,移出,掉出掃描母體,19.34,71.0,,7,,,,,,,,,,,2017-05
2017-05-25,3673,TPK-KY,光電業,移出,掉出掃描母體,85.53,93.0,,28,,,,,,,,,,,2017-05
2017-05-26,4976,佳凌,電子工業,移出,離高點太遠,35.63,94.0,,29,,,,,,,,,,,2017-05
2017-05-26,3037,欣興,電子工業,移出,掉出掃描母體,13.96,79.0,,28,,,,,,,,,,,2017-05
2017-05-26,4968,立積,電子工業,移出,離高點太遠,66.82,96.0,,24,,,,,,,,,,,2017-05
2017-05-26,3144,新揚科,電子零組件業,移出,晚期未觸發,21.28,87.0,,15,,,,,,,,,,,2017-05
2017-05-31,2633,台灣高鐵,航運業,進榜,觸發,18.56,71.0,3.0,0,-0.4,0.8,5.2,0.1,18.4,-0.8,0.4,0.7,6.0,0.1,2017-05
2017-05-31,2633,台灣高鐵,航運業,觸發,進榜即觸發,18.56,71.0,3.0,0,-0.4,0.8,5.2,0.1,18.4,-0.8,0.4,0.7,6.0,0.1,2017-05
2017-05-31,5274,信驊,半導體業,進榜,準備,540.79,92.0,3.0,0,-4.5,0.8,-6.2,0.1,522.2,-3.4,-1.2,0.7,-2.8,0.1,2017-05
2017-05-31,1808,潤隆,建材營造,進榜,準備,10.13,80.0,1.0,0,2.6,0.8,-5.9,0.1,10.1,0.1,2.5,0.7,-6.0,0.1,2017-05
2017-05-31,5490,同亨,電腦及週邊設備業,進榜,準備,49.21,74.0,1.0,0,-1.9,0.8,-9.9,0.1,49.7,1.0,-2.9,0.7,-10.7,0.1,2017-05
2017-05-31,4915,致伸,電子零組件業,進榜,準備,34.91,70.0,2.0,0,11.9,0.8,24.3,0.1,34.9,0.0,11.9,0.7,24.3,0.1,2017-05
2017-05-31,2227,裕日車,汽車工業,觸發,等待後觸發,171.74,90.0,2.0,9,-5.6,0.8,-7.2,0.1,171.7,0.0,-5.6,0.7,-7.2,0.1,2017-05
2017-05-31,3563,牧德,光電業,觸發,等待後觸發,74.07,95.0,3.0,33,3.0,0.8,36.4,0.1,74.4,0.4,2.5,0.7,35.8,0.1,2017-05
2017-05-31,8271,宇瞻,半導體業,移出,掉出掃描母體,25.18,72.0,,6,,,,,,,,,,,2017-05
2017-05-31,6283,淳安,其他電子業,移出,離高點太遠,51.95,94.0,,33,,,,,,,,,,,2017-05
2017-06-01,8271,宇瞻,半導體業,進榜,準備,25.68,73.0,3.0,0,-1.9,0.5,-5.7,0.1,25.8,0.6,-2.5,0.3,-6.2,0.0,2017-06
2017-06-01,3014,聯陽,半導體業,移出,掉出掃描母體,19.37,72.0,,8,,,,,,,,,,,2017-06
2017-06-01,4915,致伸,電子零組件業,移出,掉出掃描母體,34.91,70.0,,1,,,,,,,,,,,2017-06
2017-06-01,6412,群電,電子工業,移出,掉出掃描母體,36.78,72.0,,9,,,,,,,,,,,2017-06
2017-06-02,6207,雷科,電子零組件業,進榜,準備,23.92,90.0,2.0,0,-21.4,0.1,-13.4,0.1,24.2,1.3,-22.4,0.0,-14.5,0.0,2017-06
2017-06-02,2337,旺宏,半導體業,觸發,等待後觸發,25.27,99.0,3.0,14,-0.6,0.1,-0.9,0.1,25.3,0.0,-0.6,0.0,-0.9,0.0,2017-06
2017-06-02,2448,晶電,光電業,移出,掉出掃描母體,31.33,72.0,,29,,,,,,,,,,,2017-06
2017-06-02,5274,信驊,半導體業,移出,離高點太遠,462.21,76.0,,2,,,,,,,,,,,2017-06
2017-06-03,6488,環球晶,半導體業,進榜,觸發,187.28,98.0,4.0,0,-17.8,0.0,-2.3,0.0,190.5,1.7,-19.2,-0.2,-4.0,0.0,2017-06
2017-06-03,6488,環球晶,半導體業,觸發,進榜即觸發,187.28,98.0,4.0,0,-17.8,0.0,-2.3,0.0,190.5,1.7,-19.2,-0.2,-4.0,0.0,2017-06
2017-06-03,6411,晶焱,半導體業,進榜,觸發,39.54,72.0,4.0,0,5.3,0.0,38.1,0.0,39.7,0.4,4.9,-0.2,37.5,0.0,2017-06
2017-06-03,6411,晶焱,半導體業,觸發,進榜即觸發,39.54,72.0,4.0,0,5.3,0.0,38.1,0.0,39.7,0.4,4.9,-0.2,37.5,0.0,2017-06
2017-06-03,6156,松上,電子零組件業,進榜,準備,23.0,93.0,3.0,0,-3.2,0.0,-9.0,0.0,24.0,4.5,-7.4,-0.2,-12.9,0.0,2017-06
2017-06-03,5490,同亨,電腦及週邊設備業,移出,掉出掃描母體,49.7,72.0,,3,,,,,,,,,,,2017-06
2017-06-05,2421,建準,電子工業,進榜,觸發,23.24,79.0,4.0,0,17.6,-0.3,56.3,0.2,23.5,1.1,16.3,-0.4,54.5,0.0,2017-06
2017-06-05,2421,建準,電子工業,觸發,進榜即觸發,23.24,79.0,4.0,0,17.6,-0.3,56.3,0.2,23.5,1.1,16.3,-0.4,54.5,0.0,2017-06
2017-06-05,5305,敦南,半導體業,進榜,觸發,27.73,73.0,3.0,0,-0.9,-0.3,13.7,0.2,27.6,-0.3,-0.6,-0.4,14.1,0.0,2017-06
2017-06-05,5305,敦南,半導體業,觸發,進榜即觸發,27.73,73.0,3.0,0,-0.9,-0.3,13.7,0.2,27.6,-0.3,-0.6,-0.4,14.1,0.0,2017-06
2017-06-05,3152,璟德,通信網路業,進榜,觸發,430.96,70.0,2.0,0,7.4,-0.3,31.2,0.2,428.5,-0.6,8.0,-0.4,32.0,0.0,2017-06
2017-06-05,3152,璟德,通信網路業,觸發,進榜即觸發,430.96,70.0,2.0,0,7.4,-0.3,31.2,0.2,428.5,-0.6,8.0,-0.4,32.0,0.0,2017-06
2017-06-05,3018,隆銘綠能,其他電子業,進榜,準備,82.38,99.0,2.0,0,-5.2,-0.3,35.5,0.2,81.8,-0.7,-4.6,-0.4,36.4,0.0,2017-06
2017-06-05,1909,榮成,造紙工業,進榜,準備,23.37,91.0,2.0,0,10.0,-0.3,47.7,0.2,23.8,1.8,8.2,-0.4,45.2,0.0,2017-06
2017-06-05,2327,國巨*,電子工業,進榜,準備,20.98,91.0,2.0,0,1.3,-0.3,26.5,0.2,21.2,1.0,0.3,-0.4,25.3,0.0,2017-06
2017-06-05,6290,良維,電子零組件業,進榜,準備,26.72,86.0,2.0,0,1.5,-0.3,14.2,0.2,26.7,0.0,1.5,-0.4,14.2,0.0,2017-06
2017-06-05,2404,漢唐,其他電子業,進榜,準備,44.21,78.0,3.0,0,0.0,-0.3,-14.3,0.2,44.5,0.7,-0.7,-0.4,-14.9,0.0,2017-06
2017-06-05,2426,鼎元,光電業,進榜,準備,11.98,76.0,1.0,0,-8.2,-0.3,-15.1,0.2,12.0,0.3,-8.5,-0.4,-15.4,0.0,2017-06
2017-06-05,1808,潤隆,建材營造,移出,掉出掃描母體,10.17,80.0,,5,,,,,,,,,,,2017-06
2017-06-05,8271,宇瞻,半導體業,移出,掉出掃描母體,25.94,72.0,,4,,,,,,,,,,,2017-06
2017-06-06,1597,直得,電機機械,進榜,觸發,35.02,96.0,4.0,0,-14.5,-0.3,24.4,0.1,35.5,1.5,-15.8,-0.5,22.6,0.0,2017-06
2017-06-06,1597,直得,電機機械,觸發,進榜即觸發,35.02,96.0,4.0,0,-14.5,-0.3,24.4,0.1,35.5,1.5,-15.8,-0.5,22.6,0.0,2017-06
2017-06-06,3443,創意,半導體業,進榜,觸發,99.79,77.0,3.0,0,7.5,-0.3,88.5,0.1,105.1,5.3,2.1,-0.5,79.1,0.0,2017-06
2017-06-06,3443,創意,半導體業,觸發,進榜即觸發,99.79,77.0,3.0,0,7.5,-0.3,88.5,0.1,105.1,5.3,2.1,-0.5,79.1,0.0,2017-06
2017-06-06,2726,雅茗-KY,觀光事業,進榜,準備,123.14,93.0,2.0,0,-7.9,-0.3,-10.9,0.1,125.3,1.7,-9.4,-0.5,-12.4,0.0,2017-06
2017-06-06,3037,欣興,電子工業,進榜,準備,14.65,83.0,2.0,0,-1.4,-0.3,-3.2,0.1,14.6,-0.6,-0.8,-0.5,-2.7,0.0,2017-06
2017-06-06,8215,明基材,光電業,進榜,準備,14.19,82.0,1.0,0,-6.6,-0.3,-7.3,0.1,14.3,1.0,-7.5,-0.5,-8.3,0.0,2017-06
2017-06-06,6180,橘子,文化創意業,進榜,準備,22.65,74.0,1.0,0,-3.0,-0.3,29.6,0.1,22.7,0.4,-3.4,-0.5,29.1,0.0,2017-06
2017-06-06,2401,凌陽,半導體業,進榜,準備,11.68,71.0,2.0,0,-5.7,-0.3,14.8,0.1,11.7,0.0,-5.7,-0.5,14.8,0.0,2017-06
2017-06-06,1569,濱川,電腦及週邊設備業,移出,掉出掃描母體,27.04,71.0,,48,,,,,,,,,,,2017-06
2017-06-06,3152,璟德,通信網路業,移出,掉出掃描母體,430.96,70.0,,1,,,,,,,,,,,2017-06
2017-06-07,1909,榮成,造紙工業,觸發,等待後觸發,24.68,93.0,2.0,2,4.8,-0.1,40.5,0.9,24.8,0.6,4.2,-0.3,39.7,0.6,2017-06
2017-06-08,2375,凱美,電子工業,進榜,觸發,33.17,91.0,4.0,0,1.1,-0.2,4.8,1.0,33.7,1.7,-0.5,-0.4,3.1,0.8,2017-06
2017-06-08,2375,凱美,電子工業,觸發,進榜即觸發,33.17,91.0,4.0,0,1.1,-0.2,4.8,1.0,33.7,1.7,-0.5,-0.4,3.1,0.8,2017-06
2017-06-08,3653,健策,電子工業,進榜,觸發,62.12,91.0,3.0,0,-7.3,-0.2,-18.1,1.0,63.7,2.6,-9.6,-0.4,-20.1,0.8,2017-06
2017-06-08,3653,健策,電子工業,觸發,進榜即觸發,62.12,91.0,3.0,0,-7.3,-0.2,-18.1,1.0,63.7,2.6,-9.6,-0.4,-20.1,0.8,2017-06
2017-06-08,3236,千如,電子零組件業,進榜,觸發,21.11,90.0,5.0,0,-5.8,-0.2,13.2,1.0,21.5,1.7,-7.4,-0.4,11.2,0.8,2017-06
2017-06-08,3236,千如,電子零組件業,觸發,進榜即觸發,21.11,90.0,5.0,0,-5.8,-0.2,13.2,1.0,21.5,1.7,-7.4,-0.4,11.2,0.8,2017-06
2017-06-08,1808,潤隆,建材營造,進榜,準備,10.22,81.0,1.0,0,1.7,-0.2,0.0,1.0,10.2,0.0,1.7,-0.4,0.0,0.8,2017-06
2017-06-08,5425,台半,半導體業,進榜,準備,30.57,73.0,2.0,0,-6.9,-0.2,0.9,1.0,31.0,1.3,-8.1,-0.4,-0.5,0.8,2017-06
2017-06-08,3152,璟德,通信網路業,進榜,準備,431.59,72.0,2.0,0,3.6,-0.2,27.8,1.0,434.7,0.7,2.9,-0.4,26.9,0.8,2017-06
2017-06-08,6156,松上,電子零組件業,觸發,等待後觸發,26.06,97.0,3.0,5,-16.5,-0.2,-13.9,1.0,26.2,0.7,-17.1,-0.4,-14.5,0.8,2017-06
2017-06-08,2327,國巨*,電子工業,觸發,等待後觸發,22.79,93.0,2.0,3,-8.1,-0.2,25.9,1.0,22.7,-0.4,-7.7,-0.4,26.4,0.8,2017-06
2017-06-08,8066,來思達,貿易百貨,移出,掉出掃描母體,77.27,91.0,,50,,,,,,,,,,,2017-06
2017-06-08,3037,欣興,電子工業,移出,掉出掃描母體,14.24,82.0,,2,,,,,,,,,,,2017-06
2017-06-08,2401,凌陽,半導體業,移出,掉出掃描母體,11.33,70.0,,2,,,,,,,,,,,2017-06
2017-06-09,5478,智冠,文化創意業,進榜,準備,56.7,88.0,2.0,0,-12.7,-0.2,-23.2,1.7,55.6,-1.9,-11.0,0.0,-21.7,1.9,2017-06
2017-06-09,9934,成霖,其他,進榜,準備,14.53,82.0,3.0,0,-5.5,-0.2,-2.3,1.7,14.5,0.0,-5.5,0.0,-2.3,1.9,2017-06
2017-06-09,6411,晶焱,半導體業,移出,掉出掃描母體,39.43,71.0,,6,,,,,,,,,,,2017-06
2017-06-09,3675,德微,半導體業,移出,掉出掃描母體,39.12,94.0,,60,,,,,,,,,,,2017-06
2017-06-09,3491,昇達科,通信網路業,移出,掉出掃描母體,57.97,72.0,,35,,,,,,,,,,,2017-06
2017-06-09,2049,上銀,電機機械,移出,晚期未觸發,152.88,76.0,,31,,,,,,,,,,,2017-06
2017-06-09,6207,雷科,電子零組件業,移出,掉出掃描母體,22.85,88.0,,7,,,,,,,,,,,2017-06
2017-06-12,2345,智邦,通信網路業,進榜,觸發,61.31,92.0,5.0,0,-3.2,0.0,14.4,1.6,62.2,1.4,-4.5,-0.2,12.8,1.5,2017-06
2017-06-12,2345,智邦,通信網路業,觸發,進榜即觸發,61.31,92.0,5.0,0,-3.2,0.0,14.4,1.6,62.2,1.4,-4.5,-0.2,12.8,1.5,2017-06
2017-06-12,3515,華擎,電子工業,進榜,準備,39.39,92.0,1.0,0,-5.7,0.0,47.4,1.6,39.5,0.3,-6.0,-0.2,46.9,1.5,2017-06
2017-06-12,4915,致伸,電子零組件業,進榜,準備,35.87,72.0,2.0,0,2.0,0.0,27.6,1.6,36.2,0.8,1.2,-0.2,26.5,1.5,2017-06
2017-06-12,3231,緯創,電子工業,進榜,準備,17.64,71.0,2.0,0,-0.7,0.0,-2.9,1.6,17.7,0.5,-1.1,-0.2,-3.4,1.5,2017-06
2017-06-12,3152,璟德,通信網路業,觸發,等待後觸發,449.05,78.0,2.0,4,-2.1,0.0,25.2,1.6,445.3,-0.8,-1.3,-0.2,26.3,1.5,2017-06
2017-06-12,1808,潤隆,建材營造,移出,掉出掃描母體,10.18,83.0,,4,,,,,,,,,,,2017-06
2017-06-12,5425,台半,半導體業,移出,掉出掃描母體,30.26,72.0,,4,,,,,,,,,,,2017-06
2017-06-12,2727,王品,觀光事業,移出,離高點太遠,112.98,81.0,,35,,,,,,,,,,,2017-06
2017-06-12,8011,台通,通信網路業,移出,掉出掃描母體,21.88,76.0,,33,,,,,,,,,,,2017-06
2017-06-12,6488,環球晶,半導體業,移出,掉出掃描母體,172.79,96.0,,9,,,,,,,,,,,2017-06
2017-06-13,6412,群電,電子工業,進榜,準備,39.66,81.0,2.0,0,-3.1,0.0,-6.5,2.1,39.8,0.4,-3.6,-0.2,-7.0,1.9,2017-06
2017-06-13,3231,緯創,電子工業,移出,掉出掃描母體,17.64,71.0,,1,,,,,,,,,,,2017-06
2017-06-13,3003,健和興,電子工業,移出,掉出掃描母體,35.55,72.0,,32,,,,,,,,,,,2017-06
2017-06-13,6111,光聚晶電,文化創意業,移出,離高點太遠,93.77,94.0,,28,,,,,,,,,,,2017-06
2017-06-14,1808,潤隆,建材營造,進榜,觸發,10.43,87.0,1.0,0,-1.2,0.9,-2.8,2.6,10.4,0.0,-1.2,0.8,-2.8,2.6,2017-06
2017-06-14,1808,潤隆,建材營造,觸發,進榜即觸發,10.43,87.0,1.0,0,-1.2,0.9,-2.8,2.6,10.4,0.0,-1.2,0.8,-2.8,2.6,2017-06
2017-06-14,3231,緯創,電子工業,進榜,準備,17.44,71.0,2.0,0,3.2,0.9,-3.4,2.6,17.7,1.7,1.5,0.8,-5.0,2.6,2017-06
2017-06-14,3413,京鼎,半導體業,移出,離高點太遠,92.73,95.0,,83,,,,,,,,,,,2017-06
2017-06-14,6173,信昌電,電子零組件業,移出,掉出掃描母體,19.16,85.0,,65,,,,,,,,,,,2017-06
2017-06-14,6196,帆宣,其他電子業,移出,掉出掃描母體,28.68,86.0,,50,,,,,,,,,,,2017-06
2017-06-14,6188,廣明,電腦及週邊設備業,移出,晚期未觸發,27.78,78.0,,30,,,,,,,,,,,2017-06
2017-06-14,5483,中美晶,半導體業,移出,掉出掃描母體,30.9,84.0,,23,,,,,,,,,,,2017-06
2017-06-14,2314,台揚,通信網路業,移出,掉出掃描母體,83.21,72.0,,20,,,,,,,,,,,2017-06
2017-06-14,1597,直得,電機機械,移出,突破失敗,32.01,94.0,,8,,,,,,,,,,,2017-06
2017-06-14,2726,雅茗-KY,觀光事業,移出,離高點太遠,106.25,88.0,,8,,,,,,,,,,,2017-06
2017-06-15,2455,全新,通信網路業,進榜,準備,47.05,75.0,2.0,0,2.1,1.2,3.6,2.7,46.9,-0.3,2.4,1.2,4.0,2.6,2017-06
2017-06-15,3231,緯創,電子工業,觸發,等待後觸發,18.02,76.0,2.0,1,-0.6,1.2,-7.9,2.7,18.0,0.2,-0.8,1.2,-8.1,2.6,2017-06
2017-06-15,3419,譁裕,電子工業,移出,掉出掃描母體,20.38,72.0,,23,,,,,,,,,,,2017-06
2017-06-15,3437,榮創,光電業,移出,離高點太遠,31.3,89.0,,22,,,,,,,,,,,2017-06
2017-06-15,2426,鼎元,光電業,移出,掉出掃描母體,11.04,70.0,,10,,,,,,,,,,,2017-06
2017-06-16,3019,亞光,光電業,進榜,觸發,42.44,91.0,4.0,0,-4.9,0.7,139.9,2.8,42.4,0.0,-4.9,0.6,139.9,2.6,2017-06
2017-06-16,3019,亞光,光電業,觸發,進榜即觸發,42.44,91.0,4.0,0,-4.9,0.7,139.9,2.8,42.4,0.0,-4.9,0.6,139.9,2.6,2017-06
2017-06-16,3380,明泰,通信網路業,進榜,準備,21.08,86.0,3.0,0,-13.0,0.7,-24.7,2.8,21.0,-0.3,-12.7,0.6,-24.5,2.6,2017-06
2017-06-16,3037,欣興,電子工業,進榜,準備,14.4,84.0,2.0,0,2.5,0.7,-2.1,2.8,14.6,1.1,1.4,0.6,-3.2,2.6,2017-06
2017-06-16,3035,智原,半導體業,進榜,準備,32.37,72.0,1.0,0,-3.1,0.7,14.1,2.8,31.8,-1.6,-1.5,0.6,16.0,2.6,2017-06
2017-06-19,2351,順德,電子工業,進榜,觸發,45.52,83.0,4.0,0,6.1,0.6,5.8,2.5,46.6,2.3,3.7,0.4,3.4,2.5,2017-06
2017-06-19,2351,順德,電子工業,觸發,進榜即觸發,45.52,83.0,4.0,0,6.1,0.6,5.8,2.5,46.6,2.3,3.7,0.4,3.4,2.5,2017-06
2017-06-19,6269,台郡,電子工業,進榜,準備,75.58,77.0,2.0,0,1.3,0.6,20.7,2.5,76.2,0.9,0.4,0.4,19.6,2.5,2017-06
2017-06-19,2317,鴻海,其他電子業,進榜,準備,90.21,73.0,2.0,0,9.6,0.6,10.1,2.5,91.9,1.8,7.7,0.4,8.1,2.5,2017-06
2017-06-19,2441,超豐,半導體業,進榜,準備,29.78,72.0,1.0,0,2.2,0.6,5.5,2.5,30.1,1.0,1.2,0.4,4.5,2.5,2017-06
2017-06-19,4915,致伸,電子零組件業,觸發,等待後觸發,39.21,85.0,2.0,7,1.4,0.6,11.2,2.5,39.9,1.8,-0.5,0.4,9.2,2.5,2017-06
2017-06-19,3037,欣興,電子工業,移出,掉出掃描母體,14.4,84.0,,3,,,,,,,,,,,2017-06
2017-06-19,3035,智原,半導體業,移出,掉出掃描母體,32.37,72.0,,3,,,,,,,,,,,2017-06
2017-06-20,5483,中美晶,半導體業,進榜,準備,31.4,81.0,3.0,0,5.3,0.9,46.2,2.7,31.3,-0.4,5.8,0.9,46.8,2.9,2017-06
2017-06-20,4938,和碩,電子工業,進榜,準備,55.59,72.0,2.0,0,0.1,0.9,-1.9,2.7,55.6,0.0,0.1,0.9,-1.9,2.9,2017-06
2017-06-20,2474,可成,電子工業,移出,逾期,217.54,88.0,,56,,,,,,,,,,,2017-06
2017-06-20,3236,千如,電子零組件業,移出,突破失敗,19.3,84.0,,12,,,,,,,,,,,2017-06
2017-06-20,2455,全新,通信網路業,移出,掉出掃描母體,46.74,71.0,,5,,,,,,,,,,,2017-06
2017-06-21,3037,欣興,電子工業,進榜,準備,14.57,83.0,2.0,0,0.0,0.4,-0.7,2.4,15.0,3.1,-3.0,0.4,-3.6,2.2,2017-06
2017-06-21,3035,智原,半導體業,進榜,準備,32.33,71.0,1.0,0,-2.0,0.4,12.8,2.4,32.8,1.5,-3.5,0.4,11.1,2.2,2017-06
2017-06-21,4938,和碩,電子工業,移出,掉出掃描母體,55.59,72.0,,1,,,,,,,,,,,2017-06
2017-06-21,6438,迅得,其他電子類,移出,掉出掃描母體,41.39,71.0,,41,,,,,,,,,,,2017-06
2017-06-22,4735,豪展,生技醫療業,進榜,觸發,30.53,90.0,2.0,0,-11.3,0.3,-18.0,2.5,30.6,0.4,-11.7,0.2,-18.3,2.4,2017-06
2017-06-22,4735,豪展,生技醫療業,觸發,進榜即觸發,30.53,90.0,2.0,0,-11.3,0.3,-18.0,2.5,30.6,0.4,-11.7,0.2,-18.3,2.4,2017-06
2017-06-22,6269,台郡,電子工業,觸發,等待後觸發,79.23,79.0,2.0,3,-2.1,0.3,12.0,2.5,78.2,-1.3,-0.8,0.2,13.4,2.4,2017-06
2017-06-22,3231,緯創,電子工業,移出,掉出掃描母體,18.02,72.0,,8,,,,,,,,,,,2017-06
2017-06-22,3035,智原,半導體業,移出,掉出掃描母體,32.33,71.0,,1,,,,,,,,,,,2017-06
2017-06-23,3231,緯創,電子工業,進榜,準備,18.42,72.0,2.0,0,-4.6,0.4,-13.3,2.5,18.5,0.3,-4.9,0.4,-13.6,2.5,2017-06
2017-06-23,2227,裕日車,汽車工業,移出,離高點太遠,158.23,86.0,,32,,,,,,,,,,,2017-06
2017-06-23,8215,明基材,光電業,移出,掉出掃描母體,13.55,73.0,,17,,,,,,,,,,,2017-06
2017-06-23,3019,亞光,光電業,移出,掉出掃描母體,40.94,88.0,,7,,,,,,,,,,,2017-06
2017-06-26,3105,穩懋,半導體業,進榜,觸發,131.32,93.0,6.0,0,12.3,0.0,22.4,2.2,132.5,0.9,11.3,0.0,21.3,2.1,2017-06
2017-06-26,3105,穩懋,半導體業,觸發,進榜即觸發,131.32,93.0,6.0,0,12.3,0.0,22.4,2.2,132.5,0.9,11.3,0.0,21.3,2.1,2017-06
2017-06-26,8112,至上,電子工業,進榜,觸發,14.82,85.0,3.0,0,-7.2,0.0,-4.5,2.2,14.4,-2.6,-4.7,0.0,-2.0,2.1,2017-06
2017-06-26,8112,至上,電子工業,觸發,進榜即觸發,14.82,85.0,3.0,0,-7.2,0.0,-4.5,2.2,14.4,-2.6,-4.7,0.0,-2.0,2.1,2017-06
2017-06-26,3481,群創,光電業,進榜,觸發,12.54,84.0,5.0,0,-7.2,0.0,-3.4,2.2,12.7,0.9,-8.1,0.0,-4.3,2.1,2017-06
2017-06-26,3481,群創,光電業,觸發,進榜即觸發,12.54,84.0,5.0,0,-7.2,0.0,-3.4,2.2,12.7,0.9,-8.1,0.0,-4.3,2.1,2017-06
2017-06-26,3661,世芯-KY,半導體業,移出,掉出掃描母體,56.51,96.0,,102,,,,,,,,,,,2017-06
2017-06-27,3044,健鼎,電子工業,進榜,準備,58.34,70.0,0.0,0,9.3,0.0,9.8,1.9,58.3,-0.1,9.4,0.2,9.9,2.1,2017-06
2017-06-27,2313,華通,電子工業,移出,逾期,18.03,87.0,,56,,,,,,,,,,,2017-06
2017-06-27,1808,潤隆,建材營造,移出,掉出掃描母體,10.39,79.0,,13,,,,,,,,,,,2017-06
2017-06-28,2601,益航,貿易百貨,進榜,準備,8.73,84.0,2.0,0,-5.3,0.3,-11.3,1.9,8.9,2.0,-7.2,0.0,-13.0,1.6,2017-06
2017-06-28,2383,台光電,電子工業,移出,晚期未觸發,99.87,86.0,,51,,,,,,,,,,,2017-06
2017-06-28,2338,光罩,半導體業,移出,掉出掃描母體,14.12,94.0,,82,,,,,,,,,,,2017-06
2017-06-28,6180,橘子,文化創意業,移出,掉出掃描母體,22.03,71.0,,22,,,,,,,,,,,2017-06
2017-06-28,5483,中美晶,半導體業,移出,掉出掃描母體,31.17,75.0,,8,,,,,,,,,,,2017-06
2017-06-29,6208,日揚,電子零組件業,進榜,準備,16.73,92.0,3.0,0,15.9,0.5,22.7,2.3,16.7,-0.2,16.1,0.7,23.0,2.6,2017-06
2017-06-29,3044,健鼎,電子工業,移出,掉出掃描母體,58.52,71.0,,2,,,,,,,,,,,2017-06
2017-06-29,3533,嘉澤,電子工業,移出,掉出掃描母體,100.01,85.0,,70,,,,,,,,,,,2017-06
2017-06-29,6156,松上,電子零組件業,移出,離高點太遠,23.22,95.0,,26,,,,,,,,,,,2017-06
2017-06-29,5478,智冠,文化創意業,移出,離高點太遠,49.46,76.0,,20,,,,,,,,,,,2017-06
2017-06-29,6269,台郡,電子工業,移出,掉出掃描母體,74.59,72.0,,10,,,,,,,,,,,2017-06
2017-06-29,3037,欣興,電子工業,移出,掉出掃描母體,14.44,77.0,,8,,,,,,,,,,,2017-06
2017-06-29,3231,緯創,電子工業,移出,掉出掃描母體,18.07,72.0,,6,,,,,,,,,,,2017-06
2017-06-30,2383,台光電,電子工業,進榜,觸發,109.53,91.0,4.0,0,1.7,0.3,-0.8,1.7,108.8,-0.7,2.4,0.0,-0.1,1.8,2017-06
2017-06-30,2383,台光電,電子工業,觸發,進榜即觸發,109.53,91.0,4.0,0,1.7,0.3,-0.8,1.7,108.8,-0.7,2.4,0.0,-0.1,1.8,2017-06
2017-06-30,8404,百和興業-KY,其他,進榜,準備,27.87,79.0,2.0,0,22.7,0.3,33.3,1.7,28.0,0.6,21.9,0.0,32.4,1.8,2017-06
2017-06-30,2441,超豐,半導體業,移出,掉出掃描母體,29.75,72.0,,11,,,,,,,,,,,2017-06
2017-07-03,6411,晶焱,半導體業,進榜,觸發,45.77,85.0,4.0,0,29.6,0.0,13.1,0.7,45.8,0.0,29.6,0.0,13.1,0.6,2017-07
2017-07-03,6411,晶焱,半導體業,觸發,進榜即觸發,45.77,85.0,4.0,0,29.6,0.0,13.1,0.7,45.8,0.0,29.6,0.0,13.1,0.6,2017-07
2017-07-03,1229,聯華,食品工業,進榜,準備,10.18,70.0,0.0,0,-3.1,0.0,12.0,0.7,10.2,0.7,-3.8,0.0,11.3,0.6,2017-07
2017-07-03,1215,卜蜂,食品工業,移出,逾期,43.45,94.0,,56,,,,,,,,,,,2017-07
2017-07-04,1229,聯華,食品工業,移出,掉出掃描母體,10.18,70.0,,1,,,,,,,,,,,2017-07
2017-07-04,3380,明泰,通信網路業,移出,掉出掃描母體,19.48,77.0,,18,,,,,,,,,,,2017-07
2017-07-05,8341,日友,其他,進榜,觸發,111.8,81.0,4.0,0,-5.4,0.3,18.4,0.5,112.8,0.9,-6.2,0.4,17.4,0.4,2017-07
2017-07-05,8341,日友,其他,觸發,進榜即觸發,111.8,81.0,4.0,0,-5.4,0.3,18.4,0.5,112.8,0.9,-6.2,0.4,17.4,0.4,2017-07
2017-07-05,3533,嘉澤,電子工業,進榜,準備,101.52,89.0,2.0,0,35.3,0.3,42.5,0.5,101.9,0.4,34.8,0.4,41.9,0.4,2017-07
2017-07-05,3044,健鼎,電子工業,進榜,準備,58.58,72.0,0.0,0,5.6,0.3,12.6,0.5,59.2,1.1,4.4,0.4,11.3,0.4,2017-07
2017-07-05,2031,新光鋼,鋼鐵工業,進榜,準備,16.15,71.0,3.0,0,28.3,0.3,9.6,0.5,16.4,1.6,26.3,0.4,7.9,0.4,2017-07
2017-07-05,2441,超豐,半導體業,進榜,準備,29.49,71.0,1.0,0,5.5,0.3,6.8,0.5,29.4,-0.4,5.9,0.4,7.2,0.4,2017-07
2017-07-06,3406,玉晶光,光電業,進榜,觸發,278.79,100.0,5.0,0,0.6,0.3,17.4,0.4,286.5,2.8,-2.1,0.4,14.2,0.6,2017-07
2017-07-06,3406,玉晶光,光電業,觸發,進榜即觸發,278.79,100.0,5.0,0,0.6,0.3,17.4,0.4,286.5,2.8,-2.1,0.4,14.2,0.6,2017-07
2017-07-06,6274,台燿,電子零組件業,進榜,觸發,40.98,87.0,4.0,0,15.8,0.3,40.1,0.4,41.0,0.0,15.8,0.4,40.1,0.6,2017-07
2017-07-06,6274,台燿,電子零組件業,觸發,進榜即觸發,40.98,87.0,4.0,0,15.8,0.3,40.1,0.4,41.0,0.0,15.8,0.4,40.1,0.6,2017-07
2017-07-06,1569,濱川,電腦及週邊設備業,進榜,觸發,29.64,82.0,4.0,0,6.6,0.3,-3.9,0.4,29.1,-1.7,8.4,0.4,-2.3,0.6,2017-07
2017-07-06,1569,濱川,電腦及週邊設備業,觸發,進榜即觸發,29.64,82.0,4.0,0,6.6,0.3,-3.9,0.4,29.1,-1.7,8.4,0.4,-2.3,0.6,2017-07
2017-07-06,2474,可成,電子工業,進榜,準備,221.09,91.0,1.0,0,0.7,0.3,-20.2,0.4,220.2,-0.4,1.1,0.4,-19.9,0.6,2017-07
2017-07-06,3491,昇達科,通信網路業,進榜,準備,57.71,71.0,3.0,0,9.8,0.3,-0.4,0.4,57.7,0.0,9.8,0.4,-0.4,0.6,2017-07
2017-07-06,3018,隆銘綠能,其他電子業,觸發,等待後觸發,89.11,99.0,2.0,31,3.5,0.3,38.0,0.4,90.9,2.0,1.4,0.4,35.3,0.6,2017-07
2017-07-06,2031,新光鋼,鋼鐵工業,移出,掉出掃描母體,16.15,71.0,,1,,,,,,,,,,,2017-07
2017-07-06,4974,亞泰,電子零組件業,移出,掉出掃描母體,26.36,79.0,,51,,,,,,,,,,,2017-07
2017-07-07,2399,映泰,電子工業,進榜,觸發,14.07,97.0,3.0,0,4.9,0.9,-18.9,0.7,14.2,0.6,4.2,0.8,-19.4,0.5,2017-07
2017-07-07,2399,映泰,電子工業,觸發,進榜即觸發,14.07,97.0,3.0,0,4.9,0.9,-18.9,0.7,14.2,0.6,4.2,0.8,-19.4,0.5,2017-07
2017-07-07,3533,嘉澤,電子工業,觸發,等待後觸發,108.28,92.0,2.0,2,24.0,0.9,31.4,0.7,111.3,2.8,20.6,0.8,27.9,0.5,2017-07
2017-07-07,8163,達方,電子工業,移出,掉出掃描母體,15.74,73.0,,45,,,,,,,,,,,2017-07
2017-07-07,3491,昇達科,通信網路業,移出,掉出掃描母體,57.71,71.0,,1,,,,,,,,,,,2017-07
2017-07-07,4528,江興鍛,電機機械,移出,逾期,45.97,85.0,,56,,,,,,,,,,,2017-07
2017-07-07,2404,漢唐,其他電子業,移出,掉出掃描母體,43.09,73.0,,32,,,,,,,,,,,2017-07
2017-07-07,2327,國巨*,電子工業,移出,掉出掃描母體,20.94,94.0,,32,,,,,,,,,,,2017-07
2017-07-07,3653,健策,電子工業,移出,突破失敗,57.03,86.0,,29,,,,,,,,,,,2017-07
2017-07-07,4735,豪展,生技醫療業,移出,突破失敗,27.35,79.0,,15,,,,,,,,,,,2017-07
2017-07-10,2726,雅茗-KY,觀光事業,進榜,準備,120.45,95.0,3.0,0,-3.1,1.3,-5.4,1.6,122.1,1.3,-4.4,1.2,-6.6,1.6,2017-07
2017-07-10,3492,長盛,電子零組件業,進榜,準備,28.22,81.0,2.0,0,5.5,1.3,-8.9,1.6,27.5,-2.6,8.3,1.2,-6.4,1.6,2017-07
2017-07-10,1210,大成,食品工業,進榜,準備,18.92,73.0,2.0,0,-4.5,1.3,-4.3,1.6,19.0,0.3,-4.8,1.2,-4.6,1.6,2017-07
2017-07-10,2031,新光鋼,鋼鐵工業,進榜,準備,16.4,72.0,3.0,0,27.1,1.3,6.9,1.6,16.6,1.2,25.7,1.2,5.7,1.6,2017-07
2017-07-10,5483,中美晶,半導體業,進榜,準備,31.64,70.0,3.0,0,43.0,1.3,40.3,1.6,32.1,1.4,41.0,1.2,38.4,1.6,2017-07
2017-07-10,1463,強盛新,紡織纖維,移出,掉出掃描母體,16.01,77.0,,131,,,,,,,,,,,2017-07
2017-07-10,5305,敦南,半導體業,移出,掉出掃描母體,26.99,75.0,,35,,,,,,,,,,,2017-07
2017-07-10,9934,成霖,其他,移出,掉出掃描母體,13.73,74.0,,31,,,,,,,,,,,2017-07
2017-07-10,8112,至上,電子工業,移出,突破失敗,13.41,76.0,,14,,,,,,,,,,,2017-07
2017-07-11,2444,兆勁,通信網路業,進榜,準備,16.78,82.0,2.0,0,27.4,1.0,119.6,2.1,16.8,0.0,27.4,1.0,119.6,2.0,2017-07
2017-07-11,3491,昇達科,通信網路業,進榜,準備,58.44,72.0,3.0,0,10.6,1.0,-1.9,2.1,59.6,2.0,8.4,1.0,-3.8,2.0,2017-07
2017-07-11,8299,群聯,半導體業,觸發,等待後觸發,256.39,91.0,3.0,56,13.8,1.0,-4.5,2.1,257.1,0.3,13.5,1.0,-4.7,2.0,2017-07
2017-07-11,1210,大成,食品工業,移出,掉出掃描母體,18.92,73.0,,1,,,,,,,,,,,2017-07
2017-07-12,2352,佳世達,電腦及週邊設備業,進榜,觸發,17.13,89.0,2.0,0,4.7,0.4,-5.0,1.7,17.2,0.6,4.0,0.3,-5.6,1.4,2017-07
2017-07-12,2352,佳世達,電腦及週邊設備業,觸發,進榜即觸發,17.13,89.0,2.0,0,4.7,0.4,-5.0,1.7,17.2,0.6,4.0,0.3,-5.6,1.4,2017-07
2017-07-12,3008,大立光,光電業,進榜,觸發,4109.25,79.0,4.0,0,2.0,0.4,3.3,1.7,4113.0,0.1,1.9,0.3,3.2,1.4,2017-07
2017-07-12,3008,大立光,光電業,觸發,進榜即觸發,4109.25,79.0,4.0,0,2.0,0.4,3.3,1.7,4113.0,0.1,1.9,0.3,3.2,1.4,2017-07
2017-07-12,2313,華通,電子工業,進榜,準備,18.26,87.0,2.0,0,17.5,0.4,40.7,1.7,18.4,1.0,16.4,0.3,39.3,1.4,2017-07
2017-07-12,6269,台郡,電子工業,進榜,準備,77.91,76.0,3.0,0,20.3,0.4,9.2,1.7,78.6,0.9,19.3,0.3,8.3,1.4,2017-07
2017-07-12,8349,恒耀,鋼鐵工業,進榜,準備,48.51,76.0,2.0,0,-2.6,0.4,25.5,1.7,48.7,0.5,-3.1,0.3,24.9,1.4,2017-07
2017-07-12,6438,迅得,其他電子類,進榜,準備,43.03,75.0,3.0,0,15.0,0.4,18.6,1.7,43.5,1.2,13.6,0.3,17.2,1.4,2017-07
2017-07-12,1210,大成,食品工業,進榜,準備,19.27,70.0,2.0,0,-8.5,0.4,-2.1,1.7,19.4,0.6,-9.0,0.3,-2.7,1.4,2017-07
2017-07-12,8271,宇瞻,半導體業,進榜,準備,25.52,70.0,3.0,0,3.9,0.4,-4.3,1.7,25.7,0.6,3.3,0.3,-4.8,1.4,2017-07
2017-07-12,9802,鈺齊-KY,其他,觸發,等待後觸發,58.12,86.0,3.0,54,-9.8,0.4,-17.9,1.7,58.8,1.1,-10.8,0.3,-18.8,1.4,2017-07
2017-07-12,2474,可成,電子工業,觸發,等待後觸發,227.0,92.0,1.0,6,-0.5,0.4,-18.0,1.7,227.0,0.0,-0.5,0.3,-18.0,1.4,2017-07
2017-07-12,2441,超豐,半導體業,移出,掉出掃描母體,29.49,72.0,,7,,,,,,,,,,,2017-07
2017-07-13,2723,美食-KY,觀光事業,進榜,準備,253.07,92.0,2.0,0,-3.4,-1.0,-9.0,1.8,260.2,2.8,-6.0,-1.1,-11.5,1.6,2017-07
2017-07-13,5457,宣德,電子零組件業,進榜,準備,29.82,90.0,3.0,0,-2.0,-1.0,19.6,1.8,29.7,-0.5,-1.5,-1.1,20.3,1.6,2017-07
2017-07-13,3260,威剛,半導體業,進榜,準備,51.74,85.0,3.0,0,-5.3,-1.0,5.9,1.8,52.1,0.6,-5.9,-1.1,5.3,1.6,2017-07
2017-07-13,2303,聯電,半導體業,進榜,準備,9.67,78.0,1.0,0,-5.7,-1.0,5.7,1.8,9.7,0.3,-6.0,-1.1,5.4,1.6,2017-07
2017-07-13,2441,超豐,半導體業,進榜,準備,30.2,73.0,1.0,0,-0.4,-1.0,5.9,1.8,30.2,0.0,-0.4,-1.1,5.9,1.6,2017-07
2017-07-13,2401,凌陽,半導體業,進榜,準備,11.22,70.0,2.0,0,19.9,-1.0,20.9,1.8,11.3,0.4,19.4,-1.1,20.5,1.6,2017-07
2017-07-13,1210,大成,食品工業,移出,掉出掃描母體,19.27,70.0,,1,,,,,,,,,,,2017-07
2017-07-13,3481,群創,光電業,移出,掉出掃描母體,12.47,73.0,,17,,,,,,,,,,,2017-07
2017-07-14,5269,祥碩,半導體業,進榜,觸發,292.45,78.0,4.0,0,-5.9,-1.2,9.8,1.4,302.8,3.5,-9.1,-1.4,6.1,1.2,2017-07
2017-07-14,5269,祥碩,半導體業,觸發,進榜即觸發,292.45,78.0,4.0,0,-5.9,-1.2,9.8,1.4,302.8,3.5,-9.1,-1.4,6.1,1.2,2017-07
2017-07-14,8069,元太,光電業,進榜,觸發,22.89,72.0,4.0,0,-1.1,-1.2,41.1,1.4,23.3,1.9,-2.9,-1.4,38.5,1.2,2017-07
2017-07-14,8069,元太,光電業,觸發,進榜即觸發,22.89,72.0,4.0,0,-1.1,-1.2,41.1,1.4,23.3,1.9,-2.9,-1.4,38.5,1.2,2017-07
2017-07-14,2731,雄獅,觀光事業,進榜,準備,81.06,78.0,1.0,0,-9.9,-1.2,-16.1,1.4,81.8,0.9,-10.7,-1.4,-16.9,1.2,2017-07
2017-07-14,3003,健和興,電子工業,進榜,準備,40.07,74.0,3.0,0,1.4,-1.2,33.4,1.4,40.6,1.4,0.0,-1.4,31.6,1.2,2017-07
2017-07-14,9934,成霖,其他,進榜,準備,14.15,72.0,3.0,0,11.6,-1.2,-3.7,1.4,14.2,0.2,11.3,-1.4,-3.9,1.2,2017-07
2017-07-14,3037,欣興,電子工業,進榜,準備,14.77,71.0,2.0,0,-1.5,-1.2,-8.7,1.4,14.9,0.8,-2.3,-1.4,-9.5,1.2,2017-07
2017-07-14,1463,強盛新,紡織纖維,進榜,準備,16.06,70.0,1.0,0,-4.8,-1.2,-0.2,1.4,16.1,0.2,-5.0,-1.4,-0.4,1.2,2017-07
2017-07-14,3491,昇達科,通信網路業,移出,掉出掃描母體,59.96,71.0,,3,,,,,,,,,,,2017-07
2017-07-14,6438,迅得,其他電子類,移出,掉出掃描母體,43.03,70.0,,2,,,,,,,,,,,2017-07
2017-07-14,8271,宇瞻,半導體業,移出,掉出掃描母體,25.61,71.0,,2,,,,,,,,,,,2017-07
2017-07-14,3008,大立光,光電業,移出,掉出掃描母體,4037.36,78.0,,2,,,,,,,,,,,2017-07
2017-07-14,2401,凌陽,半導體業,移出,掉出掃描母體,11.22,70.0,,1,,,,,,,,,,,2017-07
2017-07-14,2337,旺宏,半導體業,移出,離高點太遠,23.46,100.0,,56,,,,,,,,,,,2017-07
2017-07-14,8341,日友,其他,移出,掉出掃描母體,108.49,77.0,,9,,,,,,,,,,,2017-07
2017-07-17,8929,富堡,其他,進榜,觸發,39.92,98.0,2.0,0,-3.7,-2.8,-11.6,1.3,40.9,2.6,-6.1,-2.8,-13.8,1.1,2017-07
2017-07-17,8929,富堡,其他,觸發,進榜即觸發,39.92,98.0,2.0,0,-3.7,-2.8,-11.6,1.3,40.9,2.6,-6.1,-2.8,-13.8,1.1,2017-07
2017-07-17,6141,柏承,電子工業,進榜,觸發,19.46,95.0,4.0,0,-14.2,-2.8,-9.3,1.3,19.7,1.5,-15.5,-2.8,-10.6,1.1,2017-07
2017-07-17,6141,柏承,電子工業,觸發,進榜即觸發,19.46,95.0,4.0,0,-14.2,-2.8,-9.3,1.3,19.7,1.5,-15.5,-2.8,-10.6,1.1,2017-07
2017-07-17,3092,鴻碩,電子零組件業,進榜,觸發,28.86,85.0,5.0,0,2.8,-2.8,2.4,1.3,28.7,-0.6,3.4,-2.8,2.9,1.1,2017-07
2017-07-17,3092,鴻碩,電子零組件業,觸發,進榜即觸發,28.86,85.0,5.0,0,2.8,-2.8,2.4,1.3,28.7,-0.6,3.4,-2.8,2.9,1.1,2017-07
2017-07-17,5263,智崴,文化創意業,進榜,觸發,188.87,79.0,1.0,0,-13.4,-2.8,0.6,1.3,189.2,0.2,-13.5,-2.8,0.4,1.1,2017-07
2017-07-17,5263,智崴,文化創意業,觸發,進榜即觸發,188.87,79.0,1.0,0,-13.4,-2.8,0.6,1.3,189.2,0.2,-13.5,-2.8,0.4,1.1,2017-07
2017-07-17,2455,全新,通信網路業,進榜,觸發,51.33,76.0,2.0,0,-1.6,-2.8,-1.7,1.3,51.7,0.8,-2.3,-2.8,-2.5,1.1,2017-07
2017-07-17,2455,全新,通信網路業,觸發,進榜即觸發,51.33,76.0,2.0,0,-1.6,-2.8,-1.7,1.3,51.7,0.8,-2.3,-2.8,-2.5,1.1,2017-07
2017-07-17,3081,聯亞,通信網路業,進榜,準備,311.39,90.0,2.0,0,-7.7,-2.8,-6.1,1.3,314.5,1.0,-8.7,-2.8,-7.0,1.1,2017-07
2017-07-17,8436,大江,生技醫療業,進榜,準備,96.33,74.0,2.0,0,-4.1,-2.8,6.6,1.3,96.9,0.6,-4.7,-2.8,6.0,1.1,2017-07
2017-07-17,2401,凌陽,半導體業,進榜,準備,11.59,73.0,2.0,0,7.7,-2.8,15.0,1.3,11.7,0.7,6.9,-2.8,14.2,1.1,2017-07
2017-07-17,3152,璟德,通信網路業,移出,掉出掃描母體,446.55,74.0,,39,,,,,,,,,,,2017-07
2017-07-17,6274,台燿,電子零組件業,移出,掉出掃描母體,38.3,73.0,,11,,,,,,,,,,,2017-07
2017-07-18,3661,世芯-KY,半導體業,進榜,觸發,66.92,97.0,4.0,0,1.0,-2.3,56.9,1.2,68.4,2.2,-1.2,-2.5,53.5,1.2,2017-07
2017-07-18,3661,世芯-KY,半導體業,觸發,進榜即觸發,66.92,97.0,4.0,0,1.0,-2.3,56.9,1.2,68.4,2.2,-1.2,-2.5,53.5,1.2,2017-07
2017-07-18,4977,眾達-KY,電子工業,進榜,觸發,72.45,82.0,4.0,0,6.7,-2.3,16.1,1.2,71.8,-0.9,7.7,-2.5,17.2,1.2,2017-07
2017-07-18,4977,眾達-KY,電子工業,觸發,進榜即觸發,72.45,82.0,4.0,0,6.7,-2.3,16.1,1.2,71.8,-0.9,7.7,-2.5,17.2,1.2,2017-07
2017-07-18,2049,上銀,電機機械,進榜,觸發,158.46,76.0,4.0,0,23.5,-2.3,40.2,1.2,158.5,0.0,23.5,-2.5,40.2,1.2,2017-07
2017-07-18,2049,上銀,電機機械,觸發,進榜即觸發,158.46,76.0,4.0,0,23.5,-2.3,40.2,1.2,158.5,0.0,23.5,-2.5,40.2,1.2,2017-07
2017-07-18,4966,譜瑞-KY,半導體業,進榜,準備,372.57,84.0,3.0,0,-7.2,-2.3,5.2,1.2,372.6,0.0,-7.2,-2.5,5.2,1.2,2017-07
2017-07-18,4551,智伸科,汽車工業,進榜,準備,131.7,80.0,3.0,0,0.0,-2.3,9.0,1.2,131.7,0.0,0.0,-2.5,9.0,1.2,2017-07
2017-07-18,3152,璟德,通信網路業,進榜,準備,464.64,78.0,3.0,0,2.7,-2.3,0.2,1.2,471.5,1.5,1.2,-2.5,-1.3,1.2,2017-07
2017-07-18,2408,南亞科,半導體業,進榜,準備,45.43,76.0,2.0,0,1.3,-2.3,40.1,1.2,45.3,-0.3,1.6,-2.5,40.6,1.2,2017-07
2017-07-18,2405,輔信,電子工業,進榜,準備,10.39,72.0,3.0,0,-5.5,-2.3,2.0,1.2,10.5,1.4,-6.8,-2.5,0.6,1.2,2017-07
2017-07-18,8163,達方,電子工業,進榜,準備,15.77,72.0,3.0,0,-2.3,-2.3,3.3,1.2,15.8,0.2,-2.5,-2.5,3.1,1.2,2017-07
2017-07-18,1568,倉佑,汽車工業,進榜,準備,32.19,71.0,3.0,0,-5.3,-2.3,4.3,1.2,32.6,1.3,-6.5,-2.5,3.0,1.2,2017-07
2017-07-18,3311,閎暉,通信網路業,進榜,準備,27.02,70.0,1.0,0,-8.1,-2.3,6.1,1.2,27.3,1.0,-9.1,-2.5,5.0,1.2,2017-07
2017-07-18,8349,恒耀,鋼鐵工業,觸發,等待後觸發,49.65,80.0,2.0,6,-6.3,-2.3,23.1,1.2,49.9,0.5,-6.7,-2.5,22.6,1.2,2017-07
2017-07-18,3037,欣興,電子工業,移出,掉出掃描母體,14.89,74.0,,4,,,,,,,,,,,2017-07
2017-07-18,1463,強盛新,紡織纖維,移出,掉出掃描母體,16.24,71.0,,4,,,,,,,,,,,2017-07
2017-07-18,6269,台郡,電子工業,移出,掉出掃描母體,76.58,70.0,,6,,,,,,,,,,,2017-07
2017-07-19,6231,系微,資訊服務業,進榜,觸發,32.92,98.0,5.0,0,-8.4,-2.1,2.1,1.3,33.0,0.4,-8.7,-2.3,1.7,1.1,2017-07
2017-07-19,6231,系微,資訊服務業,觸發,進榜即觸發,32.92,98.0,5.0,0,-8.4,-2.1,2.1,1.3,33.0,0.4,-8.7,-2.3,1.7,1.1,2017-07
2017-07-19,4919,新唐,半導體業,進榜,觸發,36.12,74.0,4.0,0,2.4,-2.1,33.7,1.3,38.0,5.2,-2.6,-2.3,27.1,1.1,2017-07
2017-07-19,4919,新唐,半導體業,觸發,進榜即觸發,36.12,74.0,4.0,0,2.4,-2.1,33.7,1.3,38.0,5.2,-2.6,-2.3,27.1,1.1,2017-07
2017-07-19,2436,偉詮電,半導體業,進榜,觸發,25.64,70.0,4.0,0,-11.8,-2.1,0.5,1.3,25.9,1.2,-12.8,-2.3,-0.7,1.1,2017-07
2017-07-19,2436,偉詮電,半導體業,觸發,進榜即觸發,25.64,70.0,4.0,0,-11.8,-2.1,0.5,1.3,25.9,1.2,-12.8,-2.3,-0.7,1.1,2017-07
2017-07-19,3515,華擎,電子工業,觸發,等待後觸發,42.0,95.0,1.0,37,35.3,-2.1,19.4,1.3,43.7,4.0,30.1,-2.3,14.8,1.1,2017-07
2017-07-19,5483,中美晶,半導體業,移出,掉出掃描母體,33.07,72.0,,9,,,,,,,,,,,2017-07
2017-07-19,8163,達方,電子工業,移出,掉出掃描母體,15.77,72.0,,1,,,,,,,,,,,2017-07
2017-07-19,1568,倉佑,汽車工業,移出,掉出掃描母體,32.19,71.0,,1,,,,,,,,,,,2017-07
2017-07-19,1902,台紙,造紙工業,移出,逾期,17.23,86.0,,56,,,,,,,,,,,2017-07
2017-07-19,2049,上銀,電機機械,移出,掉出掃描母體,158.46,76.0,,1,,,,,,,,,,,2017-07
2017-07-20,3413,京鼎,半導體業,進榜,觸發,125.19,99.0,5.0,0,9.7,-1.5,18.3,1.6,127.2,1.6,8.0,-1.6,16.5,1.7,2017-07
2017-07-20,3413,京鼎,半導體業,觸發,進榜即觸發,125.19,99.0,5.0,0,9.7,-1.5,18.3,1.6,127.2,1.6,8.0,-1.6,16.5,1.7,2017-07
2017-07-20,6435,大中,半導體業,進榜,觸發,54.46,95.0,5.0,0,3.6,-1.5,9.0,1.6,55.2,1.4,2.2,-1.6,7.6,1.7,2017-07
2017-07-20,6435,大中,半導體業,觸發,進榜即觸發,54.46,95.0,5.0,0,3.6,-1.5,9.0,1.6,55.2,1.4,2.2,-1.6,7.6,1.7,2017-07
2017-07-20,3374,精材,半導體業,進榜,觸發,51.05,87.0,5.0,0,-6.2,-1.5,6.4,1.6,52.5,2.8,-8.8,-1.6,3.4,1.7,2017-07
2017-07-20,3374,精材,半導體業,觸發,進榜即觸發,51.05,87.0,5.0,0,-6.2,-1.5,6.4,1.6,52.5,2.8,-8.8,-1.6,3.4,1.7,2017-07
2017-07-20,8155,博智,電子零組件業,進榜,準備,32.14,91.0,2.0,0,11.8,-1.5,52.0,1.6,32.3,0.4,11.4,-1.6,51.4,1.7,2017-07
2017-07-20,2231,為升,汽車工業,進榜,準備,205.48,83.0,2.0,0,-1.0,-1.5,-8.6,1.6,206.5,0.5,-1.5,-1.6,-9.1,1.7,2017-07
2017-07-20,3323,加百裕,電腦及週邊設備業,進榜,準備,18.03,78.0,1.0,0,28.3,-1.5,94.1,1.6,18.3,1.4,26.6,-1.6,91.4,1.7,2017-07
2017-07-20,5483,中美晶,半導體業,進榜,準備,33.31,74.0,3.0,0,18.8,-1.5,68.9,1.6,33.6,0.9,17.8,-1.6,67.3,1.7,2017-07
2017-07-20,3450,聯鈞,其他電子業,進榜,準備,100.49,73.0,3.0,0,-19.6,-1.5,-16.2,1.6,100.9,0.4,-19.9,-1.6,-16.5,1.7,2017-07
2017-07-20,1568,倉佑,汽車工業,進榜,準備,32.76,71.0,3.0,0,-5.3,-1.5,4.8,1.6,33.2,1.3,-6.5,-1.6,3.5,1.7,2017-07
2017-07-20,4551,智伸科,汽車工業,觸發,等待後觸發,138.59,82.0,3.0,2,-6.1,-1.5,0.8,1.6,140.1,1.1,-7.1,-1.6,-0.3,1.7,2017-07
2017-07-20,2633,台灣高鐵,航運業,移出,掉出掃描母體,19.11,71.0,,50,,,,,,,,,,,2017-07
2017-07-20,2455,全新,通信網路業,移出,掉出掃描母體,51.82,75.0,,3,,,,,,,,,,,2017-07
2017-07-20,6412,群電,電子工業,移出,掉出掃描母體,37.93,77.0,,37,,,,,,,,,,,2017-07
2017-07-20,3311,閎暉,通信網路業,移出,掉出掃描母體,26.96,70.0,,2,,,,,,,,,,,2017-07
2017-07-20,2436,偉詮電,半導體業,移出,掉出掃描母體,25.64,70.0,,1,,,,,,,,,,,2017-07
2017-07-21,2338,光罩,半導體業,進榜,準備,14.37,93.0,2.0,0,10.8,-1.8,14.0,1.3,14.3,-0.3,11.1,-1.8,14.3,1.4,2017-07
2017-07-21,4528,江興鍛,電機機械,進榜,準備,51.22,90.0,1.0,0,7.8,-1.8,10.1,1.3,51.2,0.0,7.8,-1.8,10.1,1.4,2017-07
2017-07-21,2455,全新,通信網路業,進榜,準備,55.34,80.0,1.0,0,-4.9,-1.8,-7.2,1.3,55.0,-0.6,-4.4,-1.8,-6.7,1.4,2017-07
2017-07-21,5287,數字,電子商務業,進榜,準備,102.27,77.0,2.0,0,-9.2,-1.8,-14.2,1.3,102.3,0.0,-9.2,-1.8,-14.2,1.4,2017-07
2017-07-21,3491,昇達科,通信網路業,進榜,準備,66.57,72.0,2.0,0,-12.8,-1.8,-14.6,1.3,67.1,0.8,-13.4,-1.8,-15.3,1.4,2017-07
2017-07-21,6269,台郡,電子工業,進榜,準備,78.9,70.0,3.0,0,19.2,-1.8,9.7,1.3,78.9,0.0,19.2,-1.8,9.7,1.4,2017-07
2017-07-21,3450,聯鈞,其他電子業,移出,掉出掃描母體,100.49,73.0,,1,,,,,,,,,,,2017-07
2017-07-24,6188,廣明,電腦及週邊設備業,進榜,觸發,29.11,73.0,5.0,0,-8.8,-1.4,-5.6,1.5,29.4,1.0,-9.7,-1.4,-6.5,1.6,2017-07
2017-07-24,6188,廣明,電腦及週邊設備業,觸發,進榜即觸發,29.11,73.0,5.0,0,-8.8,-1.4,-5.6,1.5,29.4,1.0,-9.7,-1.4,-6.5,1.6,2017-07
2017-07-24,6488,環球晶,半導體業,進榜,準備,180.8,95.0,3.0,0,-0.8,-1.4,39.1,1.5,180.1,-0.4,-0.4,-1.4,39.6,1.6,2017-07
2017-07-24,2327,國巨*,電子工業,進榜,準備,22.59,86.0,2.0,0,14.5,-1.4,43.7,1.5,22.7,0.5,14.0,-1.4,43.0,1.6,2017-07
2017-07-24,2458,義隆,半導體業,進榜,準備,33.83,70.0,1.0,0,-6.9,-1.4,-2.5,1.5,33.9,0.1,-7.0,-1.4,-2.6,1.6,2017-07
2017-07-24,2444,兆勁,通信網路業,觸發,等待後觸發,17.96,86.0,2.0,13,40.3,-1.4,115.8,1.5,18.0,0.0,40.3,-1.4,115.8,1.6,2017-07
2017-07-24,2405,輔信,電子工業,移出,掉出掃描母體,10.73,74.0,,6,,,,,,,,,,,2017-07
2017-07-24,2338,光罩,半導體業,移出,掉出掃描母體,14.37,93.0,,3,,,,,,,,,,,2017-07
2017-07-24,5287,數字,電子商務業,移出,掉出掃描母體,102.27,77.0,,3,,,,,,,,,,,2017-07
2017-07-24,2601,益航,貿易百貨,移出,掉出掃描母體,8.52,78.0,,26,,,,,,,,,,,2017-07
2017-07-24,5269,祥碩,半導體業,移出,掉出掃描母體,304.82,70.0,,10,,,,,,,,,,,2017-07
2017-07-24,2731,雄獅,觀光事業,移出,掉出掃描母體,77.41,72.0,,10,,,,,,,,,,,2017-07
2017-07-24,2401,凌陽,半導體業,移出,掉出掃描母體,11.63,71.0,,7,,,,,,,,,,,2017-07
2017-07-24,6435,大中,半導體業,移出,離高點太遠,50.33,94.0,,4,,,,,,,,,,,2017-07
2017-07-25,8071,能率網通,電子零組件業,進榜,準備,16.64,94.0,2.0,0,-14.4,-1.1,-5.7,1.4,16.9,1.4,-15.6,-1.3,-7.0,1.2,2017-07
2017-07-25,6182,合晶,半導體業,進榜,準備,16.07,79.0,3.0,0,-2.1,-1.1,51.5,1.4,16.3,1.2,-3.3,-1.3,49.8,1.2,2017-07
2017-07-25,6548,長科*,半導體業,進榜,準備,11.44,78.0,3.0,0,-4.6,-1.1,-2.5,1.4,11.4,0.0,-4.6,-1.3,-2.5,1.2,2017-07
2017-07-25,3041,揚智,半導體業,進榜,準備,55.1,75.0,1.0,0,-4.5,-1.1,-5.9,1.4,56.0,1.7,-6.1,-1.3,-7.5,1.2,2017-07
2017-07-25,8086,宏捷科,半導體業,進榜,準備,56.8,75.0,1.0,0,-12.9,-1.1,-15.4,1.4,58.0,2.1,-14.7,-1.3,-17.2,1.2,2017-07
2017-07-25,3492,長盛,電子零組件業,觸發,等待後觸發,30.31,82.0,2.0,15,-10.0,-1.1,-15.5,1.4,31.2,3.1,-12.7,-1.3,-18.1,1.2,2017-07
2017-07-25,3491,昇達科,通信網路業,移出,掉出掃描母體,65.55,70.0,,4,,,,,,,,,,,2017-07
2017-07-25,6269,台郡,電子工業,移出,掉出掃描母體,80.56,71.0,,4,,,,,,,,,,,2017-07
2017-07-25,5263,智崴,文化創意業,移出,掉出掃描母體,194.83,74.0,,8,,,,,,,,,,,2017-07
2017-07-26,3144,新揚科,電子零組件業,進榜,觸發,22.26,78.0,3.0,0,4.1,-1.0,1.8,1.5,22.8,2.3,1.7,-1.1,-0.6,1.2,2017-07
2017-07-26,3144,新揚科,電子零組件業,觸發,進榜即觸發,22.26,78.0,3.0,0,4.1,-1.0,1.8,1.5,22.8,2.3,1.7,-1.1,-0.6,1.2,2017-07
2017-07-26,3512,皇龍,電子零組件業,進榜,準備,37.51,98.0,3.0,0,-28.0,-1.0,-32.0,1.5,38.6,3.0,-30.1,-1.1,-34.0,1.2,2017-07
2017-07-26,5269,祥碩,半導體業,進榜,準備,339.93,83.0,3.0,0,-21.8,-1.0,-15.8,1.5,343.1,0.9,-22.6,-1.1,-16.5,1.2,2017-07
2017-07-26,3504,揚明光,光電業,進榜,準備,39.84,74.0,3.0,0,82.5,-1.0,80.5,1.5,39.4,-1.0,84.4,-1.1,82.3,1.2,2017-07
2017-07-26,6269,台郡,電子工業,進榜,準備,82.22,73.0,2.0,0,16.6,-1.0,0.5,1.5,82.9,0.8,15.7,-1.1,-0.3,1.2,2017-07
2017-07-26,8404,百和興業-KY,其他,觸發,等待後觸發,34.49,92.0,2.0,26,-6.6,-1.0,27.2,1.5,34.7,0.5,-7.1,-1.1,26.5,1.2,2017-07
2017-07-26,5483,中美晶,半導體業,觸發,等待後觸發,41.17,92.0,3.0,6,-4.7,-1.0,46.8,1.5,41.6,1.2,-5.8,-1.1,45.1,1.2,2017-07
2017-07-26,2441,超豐,半導體業,移出,掉出掃描母體,31.63,71.0,,13,,,,,,,,,,,2017-07
2017-07-26,3152,璟德,通信網路業,移出,掉出掃描母體,476.49,74.0,,8,,,,,,,,,,,2017-07
2017-07-26,6188,廣明,電腦及週邊設備業,移出,掉出掃描母體,28.87,72.0,,2,,,,,,,,,,,2017-07
2017-07-26,2726,雅茗-KY,觀光事業,移出,掉出掃描母體,115.63,90.0,,16,,,,,,,,,,,2017-07
2017-07-26,8349,恒耀,鋼鐵工業,移出,掉出掃描母體,49.48,72.0,,14,,,,,,,,,,,2017-07
2017-07-26,8155,博智,電子零組件業,移出,掉出掃描母體,31.63,89.0,,6,,,,,,,,,,,2017-07
2017-07-27,3037,欣興,電子工業,進榜,觸發,15.26,74.0,1.0,0,-8.7,-0.9,-11.1,0.9,15.2,-0.3,-8.4,-1.0,-10.9,1.1,2017-07
2017-07-27,3037,欣興,電子工業,觸發,進榜即觸發,15.26,74.0,1.0,0,-8.7,-0.9,-11.1,0.9,15.2,-0.3,-8.4,-1.0,-10.9,1.1,2017-07
2017-07-27,3673,TPK-KY,光電業,進榜,準備,87.62,86.0,3.0,0,24.3,-0.9,-6.7,0.9,87.2,-0.5,24.9,-1.0,-6.2,1.1,2017-07
2017-07-27,6438,迅得,其他電子類,進榜,準備,43.98,74.0,3.0,0,16.0,-0.9,22.5,0.9,43.7,-0.6,16.7,-1.0,23.2,1.1,2017-07
2017-07-27,3665,貿聯-KY,其他電子業,進榜,準備,168.38,72.0,2.0,0,5.8,-0.9,41.2,0.9,167.3,-0.7,6.5,-1.0,42.2,1.1,2017-07
2017-07-27,3081,聯亞,通信網路業,觸發,等待後觸發,343.79,93.0,2.0,10,-10.0,-0.9,-15.4,0.9,339.8,-1.1,-9.0,-1.0,-14.4,1.1,2017-07
2017-07-27,6269,台郡,電子工業,觸發,等待後觸發,86.19,78.0,2.0,1,15.0,-0.9,-2.5,0.9,86.9,0.8,14.1,-1.0,-3.3,1.1,2017-07
2017-07-27,3044,健鼎,電子工業,移出,掉出掃描母體,62.54,72.0,,22,,,,,,,,,,,2017-07
2017-07-27,2303,聯電,半導體業,移出,掉出掃描母體,10.03,75.0,,14,,,,,,,,,,,2017-07
2017-07-27,8069,元太,光電業,移出,掉出掃描母體,23.71,72.0,,13,,,,,,,,,,,2017-07
2017-07-27,2458,義隆,半導體業,移出,掉出掃描母體,34.26,70.0,,3,,,,,,,,,,,2017-07
2017-07-27,3504,揚明光,光電業,移出,掉出掃描母體,39.84,74.0,,1,,,,,,,,,,,2017-07
2017-07-28,3019,亞光,光電業,進榜,觸發,49.53,86.0,4.0,0,70.0,-0.4,97.8,1.6,50.6,2.2,66.4,-0.5,93.6,1.5,2017-07
2017-07-28,3019,亞光,光電業,觸發,進榜即觸發,49.53,86.0,4.0,0,70.0,-0.4,97.8,1.6,50.6,2.2,66.4,-0.5,93.6,1.5,2017-07
2017-07-28,3167,大量,電機機械,進榜,準備,30.74,92.0,3.0,0,-7.3,-0.4,1.4,1.6,30.7,-0.2,-7.1,-0.5,1.7,1.5,2017-07
2017-07-28,9938,百和,其他,進榜,準備,82.89,73.0,2.0,0,-0.4,-0.4,1.6,1.6,83.6,0.8,-1.2,-0.5,0.8,1.5,2017-07
2017-07-28,3044,健鼎,電子工業,進榜,準備,63.05,72.0,0.0,0,12.1,-0.4,21.1,1.6,63.0,-0.1,12.2,-0.5,21.2,1.5,2017-07
2017-07-28,2474,可成,電子工業,移出,掉出掃描母體,215.77,85.0,,22,,,,,,,,,,,2017-07
2017-07-31,3441,聯一光,光電業,進榜,觸發,35.15,96.0,5.0,0,21.6,0.0,11.6,1.5,35.6,1.4,19.9,-0.2,10.1,1.4,2017-07
2017-07-31,3441,聯一光,光電業,觸發,進榜即觸發,35.15,96.0,5.0,0,21.6,0.0,11.6,1.5,35.6,1.4,19.9,-0.2,10.1,1.4,2017-07
2017-07-31,3707,漢磊,半導體業,進榜,準備,15.78,84.0,2.0,0,-8.9,0.0,50.8,1.5,15.8,0.3,-9.2,-0.2,50.3,1.4,2017-07
2017-07-31,3504,揚明光,光電業,進榜,準備,40.99,74.0,2.0,0,72.3,0.0,75.2,1.5,41.6,1.5,69.9,-0.2,72.7,1.4,2017-07
2017-07-31,5530,龍巖,其他,進榜,準備,59.72,73.0,1.0,0,-4.7,0.0,3.3,1.5,60.0,0.5,-5.2,-0.2,2.7,1.4,2017-07
2017-07-31,6176,瑞儀,光電業,進榜,準備,50.47,72.0,2.0,0,6.7,0.0,7.9,1.5,50.9,0.8,5.8,-0.2,7.0,1.4,2017-07
2017-07-31,2049,上銀,電機機械,進榜,準備,162.92,71.0,3.0,0,25.1,0.0,40.3,1.5,165.2,1.4,23.4,-0.2,38.5,1.4,2017-07
2017-07-31,6290,良維,電子零組件業,移出,逾期,26.44,80.0,,56,,,,,,,,,,,2017-07
2017-07-31,6488,環球晶,半導體業,移出,晚期未觸發,174.58,88.0,,7,,,,,,,,,,,2017-07
2017-07-31,6438,迅得,其他電子類,移出,晚期未觸發,44.8,77.0,,4,,,,,,,,,,,2017-07
2017-08-01,2454,聯發科,半導體業,進榜,觸發,189.94,82.0,2.0,0,-8.7,-0.5,15.7,1.1,194.8,2.6,-11.0,-0.6,12.8,0.9,2017-08
2017-08-01,2454,聯發科,半導體業,觸發,進榜即觸發,189.94,82.0,2.0,0,-8.7,-0.5,15.7,1.1,194.8,2.6,-11.0,-0.6,12.8,0.9,2017-08
2017-08-01,1305,華夏,塑膠工業,進榜,觸發,18.28,73.0,4.0,0,16.6,-0.5,-5.3,1.1,18.3,0.0,16.6,-0.6,-5.3,0.9,2017-08
2017-08-01,1305,華夏,塑膠工業,觸發,進榜即觸發,18.28,73.0,4.0,0,16.6,-0.5,-5.3,1.1,18.3,0.0,16.6,-0.6,-5.3,0.9,2017-08
2017-08-01,1444,力麗,紡織纖維,進榜,準備,10.21,83.0,1.0,0,-8.8,-0.5,-5.4,1.1,10.3,0.8,-9.5,-0.6,-6.2,0.9,2017-08
2017-08-01,4721,美琪瑪,化學工業,進榜,準備,37.25,78.0,3.0,0,110.2,-0.5,159.6,1.1,37.9,1.7,106.7,-0.6,155.3,0.9,2017-08
2017-08-01,3035,智原,半導體業,進榜,準備,34.88,70.0,1.0,0,9.8,-0.5,10.5,1.1,35.0,0.2,9.5,-0.6,10.2,0.9,2017-08
2017-08-01,2031,新光鋼,鋼鐵工業,觸發,等待後觸發,20.98,91.0,3.0,22,-8.4,-0.5,-8.4,1.1,21.1,0.8,-9.1,-0.6,-9.1,0.9,2017-08
2017-08-01,3665,貿聯-KY,其他電子業,移出,掉出掃描母體,166.17,71.0,,5,,,,,,,,,,,2017-08
2017-08-01,2344,華邦電,半導體業,移出,掉出掃描母體,13.84,85.0,,131,,,,,,,,,,,2017-08
2017-08-01,5269,祥碩,半導體業,移出,掉出掃描母體,315.99,77.0,,6,,,,,,,,,,,2017-08
2017-08-02,3227,原相,半導體業,進榜,觸發,63.09,75.0,2.0,0,28.3,-0.3,30.9,0.5,63.4,0.5,27.6,-0.1,30.2,0.6,2017-08
2017-08-02,3227,原相,半導體業,觸發,進榜即觸發,63.09,75.0,2.0,0,28.3,-0.3,30.9,0.5,63.4,0.5,27.6,-0.1,30.2,0.6,2017-08
2017-08-02,8155,博智,電子零組件業,進榜,準備,31.76,90.0,2.0,0,38.8,-0.3,54.6,0.5,32.2,1.5,36.7,-0.1,52.3,0.6,2017-08
2017-08-02,3311,閎暉,通信網路業,進榜,準備,29.5,76.0,1.0,0,-4.9,-0.3,-5.1,0.5,28.6,-3.0,-1.9,-0.1,-2.2,0.6,2017-08
2017-08-02,3665,貿聯-KY,其他電子業,進榜,準備,166.54,73.0,2.0,0,9.3,-0.3,33.4,0.5,170.2,2.2,6.9,-0.1,30.6,0.6,2017-08
2017-08-02,1560,中砂,電機機械,進榜,準備,63.89,72.0,3.0,0,-5.7,-0.3,-8.4,0.5,64.6,1.2,-6.8,-0.1,-9.5,0.6,2017-08
2017-08-02,5530,龍巖,其他,移出,掉出掃描母體,59.15,71.0,,2,,,,,,,,,,,2017-08
2017-08-02,3035,智原,半導體業,移出,掉出掃描母體,34.88,70.0,,1,,,,,,,,,,,2017-08
2017-08-02,4551,智伸科,汽車工業,移出,掉出掃描母體,133.23,73.0,,15,,,,,,,,,,,2017-08
2017-08-02,8086,宏捷科,半導體業,移出,掉出掃描母體,58.24,75.0,,8,,,,,,,,,,,2017-08
2017-08-02,3041,揚智,半導體業,移出,掉出掃描母體,52.88,72.0,,8,,,,,,,,,,,2017-08
2017-08-02,1305,華夏,塑膠工業,移出,掉出掃描母體,18.28,73.0,,1,,,,,,,,,,,2017-08
2017-08-03,2405,輔信,電子工業,進榜,觸發,11.11,77.0,2.0,0,-2.6,0.0,2.8,0.6,11.4,3.0,-5.4,0.0,-0.2,0.4,2017-08
2017-08-03,2405,輔信,電子工業,觸發,進榜即觸發,11.11,77.0,2.0,0,-2.6,0.0,2.8,0.6,11.4,3.0,-5.4,0.0,-0.2,0.4,2017-08
2017-08-03,2474,可成,電子工業,進榜,準備,222.57,79.0,1.0,0,2.0,0.0,-13.9,0.6,223.5,0.4,1.6,0.0,-14.2,0.4,2017-08
2017-08-03,3645,達邁,電子零組件業,進榜,準備,36.98,71.0,3.0,0,-7.0,0.0,-8.0,0.6,37.3,0.9,-7.8,0.0,-8.8,0.4,2017-08
2017-08-03,3144,新揚科,電子零組件業,移出,掉出掃描母體,22.82,75.0,,8,,,,,,,,,,,2017-08
2017-08-03,3311,閎暉,通信網路業,移出,掉出掃描母體,29.5,76.0,,1,,,,,,,,,,,2017-08
2017-08-03,3512,皇龍,電子零組件業,移出,離高點太遠,31.87,96.0,,8,,,,,,,,,,,2017-08
2017-08-03,3044,健鼎,電子工業,移出,掉出掃描母體,61.85,73.0,,6,,,,,,,,,,,2017-08
2017-08-04,3362,先進光,光電業,進榜,觸發,67.04,99.0,4.0,0,11.7,0.1,-0.3,0.5,73.7,10.0,1.6,0.0,-9.3,0.4,2017-08
2017-08-04,3362,先進光,光電業,觸發,進榜即觸發,67.04,99.0,4.0,0,11.7,0.1,-0.3,0.5,73.7,10.0,1.6,0.0,-9.3,0.4,2017-08
2017-08-04,3437,榮創,光電業,進榜,準備,33.89,88.0,3.0,0,-3.5,0.1,-1.3,0.5,34.2,1.0,-4.4,0.0,-2.2,0.4,2017-08
2017-08-04,2401,凌陽,半導體業,進榜,準備,12.36,77.0,1.0,0,8.9,0.1,19.0,0.5,12.9,4.3,4.4,0.0,14.2,0.4,2017-08
2017-08-04,8091,翔名,電子零組件業,進榜,準備,57.14,73.0,2.0,0,4.4,0.1,32.5,0.5,58.6,2.5,1.9,0.0,29.2,0.4,2017-08
2017-08-04,3289,宜特,其他電子類,進榜,準備,83.93,70.0,3.0,0,-6.9,0.1,-5.3,0.5,84.3,0.4,-7.3,0.0,-5.6,0.4,2017-08
2017-08-04,3673,TPK-KY,光電業,觸發,等待後觸發,95.55,94.0,3.0,8,12.2,0.1,-13.1,0.5,99.3,3.9,8.0,0.0,-16.4,0.4,2017-08
2017-08-04,4721,美琪瑪,化學工業,觸發,等待後觸發,41.17,89.0,3.0,3,117.4,0.1,122.1,0.5,43.0,4.3,108.3,0.0,112.8,0.4,2017-08
2017-08-04,2383,台光電,電子工業,移出,掉出掃描母體,113.98,76.0,,35,,,,,,,,,,,2017-08
2017-08-04,1560,中砂,電機機械,移出,掉出掃描母體,63.74,72.0,,2,,,,,,,,,,,2017-08
2017-08-04,3645,達邁,電子零組件業,移出,掉出掃描母體,36.98,71.0,,1,,,,,,,,,,,2017-08
2017-08-04,3665,貿聯-KY,其他電子業,移出,掉出掃描母體,166.39,71.0,,2,,,,,,,,,,,2017-08
2017-08-07,6435,大中,半導體業,進榜,觸發,62.06,98.0,4.0,0,-4.1,0.0,35.5,0.5,65.1,5.0,-8.6,-0.3,29.1,0.4,2017-08
2017-08-07,6435,大中,半導體業,觸發,進榜即觸發,62.06,98.0,4.0,0,-4.1,0.0,35.5,0.5,65.1,5.0,-8.6,-0.3,29.1,0.4,2017-08
2017-08-07,4976,佳凌,電子工業,進榜,觸發,46.44,93.0,5.0,0,-3.8,0.0,0.9,0.5,47.9,3.1,-6.7,-0.3,-2.2,0.4,2017-08
2017-08-07,4976,佳凌,電子工業,觸發,進榜即觸發,46.44,93.0,5.0,0,-3.8,0.0,0.9,0.5,47.9,3.1,-6.7,-0.3,-2.2,0.4,2017-08
2017-08-07,3630,新鉅科,光電業,進榜,準備,49.44,96.0,3.0,0,19.5,0.0,1.8,0.5,50.6,2.3,16.7,-0.3,-0.6,0.4,2017-08
2017-08-07,6488,環球晶,半導體業,進榜,準備,203.86,94.0,3.0,0,-11.8,0.0,22.8,0.5,206.4,1.3,-12.9,-0.3,21.3,0.4,2017-08
2017-08-07,6438,迅得,其他電子類,進榜,準備,49.73,81.0,3.0,0,5.2,0.0,6.7,0.5,51.9,4.4,0.7,-0.3,2.1,0.4,2017-08
2017-08-07,6213,聯茂,電子工業,進榜,準備,39.8,76.0,2.0,0,4.3,0.0,16.4,0.5,39.7,-0.4,4.7,-0.3,16.8,0.4,2017-08
2017-08-07,3035,智原,半導體業,進榜,準備,36.3,74.0,1.0,0,3.8,0.0,6.7,0.5,36.6,0.9,2.9,-0.3,5.8,0.4,2017-08
2017-08-07,6525,捷敏-KY,半導體業,進榜,準備,34.97,71.0,2.0,0,-5.6,0.0,27.9,0.5,35.0,0.1,-5.7,-0.3,27.7,0.4,2017-08
2017-08-07,3323,加百裕,電腦及週邊設備業,觸發,等待後觸發,21.43,92.0,1.0,18,22.3,0.0,50.7,0.5,21.6,0.7,21.5,-0.3,49.7,0.4,2017-08
2017-08-07,8155,博智,電子零組件業,觸發,等待後觸發,35.53,94.0,2.0,5,26.6,0.0,39.0,0.5,36.8,3.6,22.2,-0.3,34.2,0.4,2017-08
2017-08-07,2401,凌陽,半導體業,觸發,等待後觸發,13.57,84.0,1.0,3,-3.3,0.0,8.4,0.5,13.7,1.2,-4.4,-0.3,7.1,0.4,2017-08
2017-08-07,9934,成霖,其他,觸發,等待後觸發,17.96,90.0,3.0,24,-20.6,0.0,-21.4,0.5,18.0,0.2,-20.8,-0.3,-21.6,0.4,2017-08
2017-08-07,3289,宜特,其他電子類,移出,掉出掃描母體,83.93,70.0,,3,,,,,,,,,,,2017-08
2017-08-07,3081,聯亞,通信網路業,移出,突破失敗,294.0,71.0,,21,,,,,,,,,,,2017-08
2017-08-08,4502,健信,電機機械,進榜,觸發,81.36,99.0,4.0,0,30.0,0.4,3.0,1.2,83.4,2.5,26.9,0.4,0.5,1.3,2017-08
2017-08-08,4502,健信,電機機械,觸發,進榜即觸發,81.36,99.0,4.0,0,30.0,0.4,3.0,1.2,83.4,2.5,26.9,0.4,0.5,1.3,2017-08
2017-08-08,1904,正隆,造紙工業,進榜,準備,12.76,74.0,1.0,0,1.4,0.4,-2.5,1.2,12.7,-0.5,1.9,0.4,-1.9,1.3,2017-08
2017-08-08,3044,健鼎,電子工業,進榜,準備,63.05,71.0,0.0,0,12.1,0.4,11.6,1.2,64.7,2.6,9.3,0.4,8.8,1.3,2017-08
2017-08-08,6409,旭隼,其他電子業,進榜,準備,379.56,71.0,1.0,0,0.2,0.4,1.1,1.2,377.4,-0.6,0.8,0.4,1.7,1.3,2017-08
2017-08-08,8112,至上,電子工業,進榜,準備,14.28,71.0,2.0,0,1.6,0.4,2.3,1.2,14.1,-1.0,2.6,0.4,3.3,1.3,2017-08
2017-08-08,9938,百和,其他,觸發,等待後觸發,87.9,81.0,2.0,11,-4.2,0.4,-6.8,1.2,87.6,-0.4,-3.8,0.4,-6.5,1.3,2017-08
2017-08-08,3003,健和興,電子工業,移出,掉出掃描母體,43.17,72.0,,25,,,,,,,,,,,2017-08
2017-08-08,6525,捷敏-KY,半導體業,移出,掉出掃描母體,34.97,71.0,,1,,,,,,,,,,,2017-08
2017-08-08,2231,為升,汽車工業,移出,掉出掃描母體,200.18,77.0,,19,,,,,,,,,,,2017-08
2017-08-08,3037,欣興,電子工業,移出,掉出掃描母體,15.66,71.0,,12,,,,,,,,,,,2017-08
2017-08-09,2748,雲品,觀光事業,進榜,準備,46.82,84.0,1.0,0,-9.4,0.6,-3.8,1.7,47.5,1.4,-10.6,0.8,-5.1,1.8,2017-08
2017-08-09,3152,璟德,通信網路業,進榜,準備,477.74,74.0,3.0,0,12.2,0.6,-7.7,1.7,479.7,0.4,11.8,0.8,-8.0,1.8,2017-08
2017-08-09,2382,廣達,電子工業,進榜,準備,46.09,72.0,2.0,0,-10.5,0.6,-3.8,1.7,46.2,0.3,-10.8,0.8,-4.1,1.8,2017-08
2017-08-09,6525,捷敏-KY,半導體業,進榜,準備,34.66,72.0,2.0,0,-4.6,0.6,22.9,1.7,34.8,0.3,-4.9,0.8,22.6,1.8,2017-08
2017-08-09,2606,裕民,航運業,進榜,準備,22.26,71.0,2.0,0,7.6,0.6,3.5,1.7,22.2,-0.1,7.8,0.8,3.6,1.8,2017-08
2017-08-09,8271,宇瞻,半導體業,進榜,準備,26.51,71.0,2.0,0,-9.2,0.6,-7.5,1.7,26.2,-1.3,-8.1,0.8,-6.3,1.8,2017-08
2017-08-09,3044,健鼎,電子工業,觸發,等待後觸發,69.11,83.0,0.0,1,1.4,0.6,3.2,1.7,69.1,0.0,1.4,0.8,3.2,1.8,2017-08
2017-08-09,6409,旭隼,其他電子業,移出,掉出掃描母體,379.56,71.0,,1,,,,,,,,,,,2017-08
2017-08-09,9802,鈺齊-KY,其他,移出,掉出掃描母體,54.26,72.0,,82,,,,,,,,,,,2017-08
2017-08-09,2375,凱美,電子工業,移出,掉出掃描母體,33.78,85.0,,62,,,,,,,,,,,2017-08
2017-08-09,2399,映泰,電子工業,移出,離高點太遠,13.69,94.0,,33,,,,,,,,,,,2017-08
2017-08-09,6182,合晶,半導體業,移出,掉出掃描母體,16.18,72.0,,15,,,,,,,,,,,2017-08
2017-08-09,6548,長科*,半導體業,移出,掉出掃描母體,11.48,75.0,,15,,,,,,,,,,,2017-08
2017-08-09,3707,漢磊,半導體業,移出,掉出掃描母體,14.23,76.0,,9,,,,,,,,,,,2017-08
2017-08-09,6488,環球晶,半導體業,移出,晚期未觸發,177.51,87.0,,2,,,,,,,,,,,2017-08
2017-08-09,4976,佳凌,電子工業,移出,離高點太遠,41.67,89.0,,2,,,,,,,,,,,2017-08
2017-08-09,4502,健信,電機機械,移出,突破失敗,73.26,98.0,,1,,,,,,,,,,,2017-08
2017-08-10,3454,晶睿,光電業,進榜,準備,70.84,74.0,3.0,0,2.2,2.3,8.9,3.4,70.8,0.0,2.2,3.0,8.9,3.9,2017-08
2017-08-10,6116,彩晶,電子工業,進榜,準備,7.65,71.0,3.0,0,33.4,2.3,23.4,3.4,7.6,-0.5,34.1,3.0,24.0,3.9,2017-08
2017-08-10,6525,捷敏-KY,半導體業,移出,掉出掃描母體,34.66,72.0,,1,,,,,,,,,,,2017-08
2017-08-10,2606,裕民,航運業,移出,掉出掃描母體,22.26,71.0,,1,,,,,,,,,,,2017-08
2017-08-10,8271,宇瞻,半導體業,移出,掉出掃描母體,26.51,71.0,,1,,,,,,,,,,,2017-08
2017-08-10,6456,GIS-KY,光電業,移出,離高點太遠,225.45,99.0,,108,,,,,,,,,,,2017-08
2017-08-10,6208,日揚,電子零組件業,移出,離高點太遠,17.3,88.0,,42,,,,,,,,,,,2017-08
2017-08-10,3406,玉晶光,光電業,移出,掉出掃描母體,288.96,93.0,,35,,,,,,,,,,,2017-08
2017-08-10,3492,長盛,電子零組件業,移出,掉出掃描母體,28.96,77.0,,31,,,,,,,,,,,2017-08
2017-08-10,5457,宣德,電子零組件業,移出,離高點太遠,29.23,81.0,,28,,,,,,,,,,,2017-08
2017-08-10,3092,鴻碩,電子零組件業,移出,掉出掃描母體,31.57,82.0,,24,,,,,,,,,,,2017-08
2017-08-10,6141,柏承,電子工業,移出,掉出掃描母體,19.18,88.0,,24,,,,,,,,,,,2017-08
2017-08-10,3661,世芯-KY,半導體業,移出,離高點太遠,65.44,96.0,,23,,,,,,,,,,,2017-08
2017-08-10,4919,新唐,半導體業,移出,掉出掃描母體,37.29,70.0,,22,,,,,,,,,,,2017-08
2017-08-10,6231,系微,資訊服務業,移出,離高點太遠,29.92,97.0,,22,,,,,,,,,,,2017-08
2017-08-10,1568,倉佑,汽車工業,移出,掉出掃描母體,32.12,76.0,,21,,,,,,,,,,,2017-08
2017-08-10,1444,力麗,紡織纖維,移出,掉出掃描母體,9.14,73.0,,9,,,,,,,,,,,2017-08
2017-08-10,2405,輔信,電子工業,移出,離高點太遠,10.78,83.0,,7,,,,,,,,,,,2017-08
2017-08-10,3437,榮創,光電業,移出,晚期未觸發,33.42,90.0,,6,,,,,,,,,,,2017-08
2017-08-10,3630,新鉅科,光電業,移出,離高點太遠,43.86,95.0,,3,,,,,,,,,,,2017-08
2017-08-11,2382,廣達,電子工業,移出,掉出掃描母體,45.91,77.0,,2,,,,,,,,,,,2017-08
2017-08-11,3563,牧德,光電業,移出,離高點太遠,100.71,99.0,,105,,,,,,,,,,,2017-08
2017-08-11,1569,濱川,電腦及週邊設備業,移出,掉出掃描母體,29.6,76.0,,36,,,,,,,,,,,2017-08
2017-08-11,2352,佳世達,電腦及週邊設備業,移出,掉出掃描母體,17.78,88.0,,30,,,,,,,,,,,2017-08
2017-08-11,8929,富堡,其他,移出,離高點太遠,42.7,95.0,,25,,,,,,,,,,,2017-08
2017-08-11,8436,大江,生技醫療業,移出,掉出掃描母體,93.4,72.0,,25,,,,,,,,,,,2017-08
2017-08-11,3374,精材,半導體業,移出,掉出掃描母體,47.52,79.0,,22,,,,,,,,,,,2017-08
2017-08-11,5483,中美晶,半導體業,移出,離高點太遠,39.79,78.0,,22,,,,,,,,,,,2017-08
2017-08-11,2455,全新,通信網路業,移出,掉出掃描母體,51.98,72.0,,21,,,,,,,,,,,2017-08
2017-08-11,3167,大量,電機機械,移出,晚期未觸發,28.37,86.0,,14,,,,,,,,,,,2017-08
2017-08-14,2603,長榮,航運業,進榜,觸發,12.85,83.0,3.0,0,21.7,4.6,-3.6,5.6,12.9,0.3,21.3,4.1,-3.8,4.9,2017-08
2017-08-14,2603,長榮,航運業,觸發,進榜即觸發,12.85,83.0,3.0,0,21.7,4.6,-3.6,5.6,12.9,0.3,21.3,4.1,-3.8,4.9,2017-08
2017-08-14,3665,貿聯-KY,其他電子業,進榜,準備,170.19,76.0,2.0,0,20.8,4.6,27.7,5.6,174.7,2.7,17.6,4.1,24.3,4.9,2017-08
2017-08-14,8341,日友,其他,進榜,準備,113.95,74.0,3.0,0,5.4,4.6,29.6,5.6,115.7,1.5,3.8,4.1,27.7,4.9,2017-08
2017-08-14,2104,國際中橡,橡膠工業,進榜,準備,22.96,72.0,1.0,0,41.3,4.6,34.4,5.6,23.2,1.3,39.6,4.1,32.7,4.9,2017-08
2017-08-14,9910,豐泰,其他,進榜,準備,76.3,71.0,2.0,0,-3.4,4.6,-8.4,5.6,76.3,0.0,-3.4,4.1,-8.4,4.9,2017-08
2017-08-14,2317,鴻海,其他電子業,移出,逾期,97.62,78.0,,56,,,,,,,,,,,2017-08
2017-08-14,2351,順德,電子工業,移出,掉出掃描母體,47.22,74.0,,56,,,,,,,,,,,2017-08
2017-08-14,6411,晶焱,半導體業,移出,離高點太遠,51.87,89.0,,42,,,,,,,,,,,2017-08
2017-08-14,3260,威剛,半導體業,移出,掉出掃描母體,49.27,84.0,,32,,,,,,,,,,,2017-08
2017-08-14,9934,成霖,其他,移出,離高點太遠,15.17,86.0,,31,,,,,,,,,,,2017-08
2017-08-14,4977,眾達-KY,電子工業,移出,離高點太遠,73.43,90.0,,27,,,,,,,,,,,2017-08
2017-08-14,3413,京鼎,半導體業,移出,離高點太遠,127.82,98.0,,25,,,,,,,,,,,2017-08
2017-08-14,8071,能率網通,電子零組件業,移出,掉出掃描母體,14.96,79.0,,20,,,,,,,,,,,2017-08
2017-08-14,3504,揚明光,光電業,移出,離高點太遠,38.85,77.0,,14,,,,,,,,,,,2017-08
2017-08-14,3441,聯一光,光電業,移出,離高點太遠,36.06,99.0,,14,,,,,,,,,,,2017-08
2017-08-14,3362,先進光,光電業,移出,離高點太遠,64.15,100.0,,10,,,,,,,,,,,2017-08
2017-08-14,6435,大中,半導體業,移出,離高點太遠,57.24,98.0,,7,,,,,,,,,,,2017-08
2017-08-14,8112,至上,電子工業,移出,掉出掃描母體,13.8,77.0,,6,,,,,,,,,,,2017-08
2017-08-14,2748,雲品,觀光事業,移出,掉出掃描母體,44.27,80.0,,5,,,,,,,,,,,2017-08
2017-08-15,4502,健信,電機機械,進榜,觸發,86.62,100.0,4.0,0,14.3,4.2,-12.7,4.0,88.2,1.9,12.2,4.3,-14.3,4.1,2017-08
2017-08-15,4502,健信,電機機械,觸發,進榜即觸發,86.62,100.0,4.0,0,14.3,4.2,-12.7,4.0,88.2,1.9,12.2,4.3,-14.3,4.1,2017-08
2017-08-15,2481,強茂,半導體業,進榜,觸發,17.8,83.0,1.0,0,8.8,4.2,31.4,4.0,18.2,2.1,6.5,4.3,28.7,4.1,2017-08
2017-08-15,2481,強茂,半導體業,觸發,進榜即觸發,17.8,83.0,1.0,0,8.8,4.2,31.4,4.0,18.2,2.1,6.5,4.3,28.7,4.1,2017-08
2017-08-15,8069,元太,光電業,進榜,準備,23.78,82.0,3.0,0,38.8,4.2,32.1,4.0,23.7,-0.1,39.0,4.3,32.3,4.1,2017-08
2017-08-15,2606,裕民,航運業,進榜,準備,22.2,75.0,2.0,0,12.3,4.2,2.7,4.0,22.4,1.0,11.1,4.3,1.7,4.1,2017-08
2017-08-15,3665,貿聯-KY,其他電子業,觸發,等待後觸發,180.83,78.0,2.0,1,18.1,4.2,17.9,4.0,178.2,-1.5,19.8,4.3,19.6,4.1,2017-08
2017-08-15,2104,國際中橡,橡膠工業,移出,掉出掃描母體,22.96,72.0,,1,,,,,,,,,,,2017-08
2017-08-15,9910,豐泰,其他,移出,掉出掃描母體,76.3,71.0,,1,,,,,,,,,,,2017-08
2017-08-16,3504,揚明光,光電業,進榜,準備,45.26,90.0,2.0,0,73.6,3.9,24.2,4.0,46.8,3.3,68.1,3.4,20.2,3.6,2017-08
2017-08-16,6409,旭隼,其他電子業,進榜,準備,377.43,74.0,1.0,0,0.9,3.9,-2.8,4.0,373.9,-0.9,1.9,3.4,-1.9,3.6,2017-08
2017-08-16,8039,台虹,電子工業,進榜,準備,28.76,74.0,2.0,0,13.1,3.9,2.0,4.0,29.2,1.4,11.5,3.4,0.5,3.6,2017-08
2017-08-16,2104,國際中橡,橡膠工業,進榜,準備,24.48,73.0,1.0,0,30.1,3.9,22.9,4.0,24.5,0.0,30.1,3.4,22.9,3.6,2017-08
2017-08-16,2633,台灣高鐵,航運業,進榜,準備,18.85,72.0,3.0,0,-0.2,3.9,-5.6,4.0,18.9,0.2,-0.4,3.4,-5.7,3.6,2017-08
2017-08-16,2428,興勤,電子工業,移出,掉出掃描母體,62.94,74.0,,93,,,,,,,,,,,2017-08
2017-08-17,6173,信昌電,電子零組件業,進榜,觸發,22.26,87.0,4.0,0,20.6,3.3,10.4,2.4,22.1,-0.7,21.4,3.8,11.2,2.8,2017-08
2017-08-17,6173,信昌電,電子零組件業,觸發,進榜即觸發,22.26,87.0,4.0,0,20.6,3.3,10.4,2.4,22.1,-0.7,21.4,3.8,11.2,2.8,2017-08
2017-08-17,2344,華邦電,半導體業,進榜,準備,15.05,89.0,3.0,0,24.0,3.3,45.0,2.4,14.9,-1.3,25.6,3.8,46.9,2.8,2017-08
2017-08-17,2231,為升,汽車工業,進榜,準備,203.36,79.0,2.0,0,-3.5,3.3,-12.9,2.4,205.5,1.0,-4.5,3.8,-13.8,2.8,2017-08
2017-08-17,3504,揚明光,光電業,觸發,等待後觸發,49.74,94.0,2.0,1,57.4,3.3,10.0,2.4,50.6,1.8,54.6,3.8,8.1,2.8,2017-08
2017-08-17,6409,旭隼,其他電子業,移出,掉出掃描母體,377.43,74.0,,1,,,,,,,,,,,2017-08
2017-08-17,2633,台灣高鐵,航運業,移出,掉出掃描母體,18.85,72.0,,1,,,,,,,,,,,2017-08
2017-08-18,1597,直得,電機機械,進榜,觸發,38.99,97.0,4.0,0,28.1,3.4,49.4,2.1,41.2,5.7,21.1,3.3,41.3,2.1,2017-08
2017-08-18,1597,直得,電機機械,觸發,進榜即觸發,38.99,97.0,4.0,0,28.1,3.4,49.4,2.1,41.2,5.7,21.1,3.3,41.3,2.1,2017-08
2017-08-18,8374,羅昇,電機機械,進榜,觸發,26.82,94.0,4.0,0,0.0,3.4,3.3,2.1,26.9,0.2,-0.2,3.3,3.1,2.1,2017-08
2017-08-18,8374,羅昇,電機機械,觸發,進榜即觸發,26.82,94.0,4.0,0,0.0,3.4,3.3,2.1,26.9,0.2,-0.2,3.3,3.1,2.1,2017-08
2017-08-18,2359,所羅門,其他電子業,進榜,觸發,16.4,85.0,2.0,0,9.8,3.4,1.9,2.1,16.9,3.3,6.3,3.3,-1.4,2.1,2017-08
2017-08-18,2359,所羅門,其他電子業,觸發,進榜即觸發,16.4,85.0,2.0,0,9.8,3.4,1.9,2.1,16.9,3.3,6.3,3.3,-1.4,2.1,2017-08
2017-08-18,2383,台光電,電子工業,進榜,準備,117.46,83.0,3.0,0,-7.2,3.4,-24.8,2.1,118.6,1.0,-8.1,3.3,-25.6,2.1,2017-08
2017-08-18,6290,良維,電子零組件業,進榜,準備,27.87,81.0,1.0,0,18.4,3.4,64.7,2.1,28.7,3.1,14.8,3.3,59.8,2.1,2017-08
2017-08-18,2104,國際中橡,橡膠工業,移出,掉出掃描母體,24.41,71.0,,2,,,,,,,,,,,2017-08
2017-08-18,2231,為升,汽車工業,移出,掉出掃描母體,203.36,79.0,,1,,,,,,,,,,,2017-08
2017-08-18,5871,中租-KY,其他,移出,掉出掃描母體,46.1,74.0,,122,,,,,,,,,,,2017-08
2017-08-18,2345,智邦,通信網路業,移出,掉出掃描母體,63.27,79.0,,67,,,,,,,,,,,2017-08
2017-08-18,2454,聯發科,半導體業,移出,突破失敗,173.71,76.0,,17,,,,,,,,,,,2017-08
2017-08-21,6274,台燿,電子零組件業,進榜,觸發,52.5,94.0,4.0,0,13.0,3.3,0.4,1.8,54.3,3.5,9.2,3.0,-3.0,1.6,2017-08
2017-08-21,6274,台燿,電子零組件業,觸發,進榜即觸發,52.5,94.0,4.0,0,13.0,3.3,0.4,1.8,54.3,3.5,9.2,3.0,-3.0,1.6,2017-08
2017-08-21,2428,興勤,電子工業,進榜,觸發,72.59,85.0,4.0,0,-1.5,3.3,-13.0,1.8,74.0,1.9,-3.3,3.0,-14.7,1.6,2017-08
2017-08-21,2428,興勤,電子工業,觸發,進榜即觸發,72.59,85.0,4.0,0,-1.5,3.3,-13.0,1.8,74.0,1.9,-3.3,3.0,-14.7,1.6,2017-08
2017-08-21,2464,盟立,其他電子業,進榜,觸發,31.56,72.0,2.0,0,-1.0,3.3,-9.3,1.8,32.8,3.9,-4.7,3.0,-12.7,1.6,2017-08
2017-08-21,2464,盟立,其他電子業,觸發,進榜即觸發,31.56,72.0,2.0,0,-1.0,3.3,-9.3,1.8,32.8,3.9,-4.7,3.0,-12.7,1.6,2017-08
2017-08-21,2030,彰源,鋼鐵工業,進榜,準備,10.5,86.0,2.0,0,-4.8,3.3,-7.2,1.8,11.1,5.4,-9.7,3.0,-11.9,1.6,2017-08
2017-08-21,2633,台灣高鐵,航運業,進榜,準備,19.79,74.0,3.0,0,-3.0,3.3,-11.0,1.8,19.9,0.6,-3.6,3.0,-11.5,1.6,2017-08
2017-08-21,6525,捷敏-KY,半導體業,進榜,準備,34.61,71.0,2.0,0,-8.3,3.3,23.0,1.8,34.6,-0.1,-8.2,3.0,23.1,1.6,2017-08
2017-08-21,2481,強茂,半導體業,移出,掉出掃描母體,17.55,72.0,,6,,,,,,,,,,,2017-08
2017-08-22,3406,玉晶光,光電業,進榜,觸發,331.29,89.0,5.0,0,4.5,2.5,-23.1,1.4,351.6,6.1,-1.5,2.1,-27.5,1.1,2017-08
2017-08-22,3406,玉晶光,光電業,觸發,進榜即觸發,331.29,89.0,5.0,0,4.5,2.5,-23.1,1.4,351.6,6.1,-1.5,2.1,-27.5,1.1,2017-08
2017-08-22,1305,華夏,塑膠工業,進榜,觸發,21.98,88.0,4.0,0,-8.3,2.5,-24.5,1.4,22.6,2.8,-10.7,2.1,-26.5,1.1,2017-08
2017-08-22,1305,華夏,塑膠工業,觸發,進榜即觸發,21.98,88.0,4.0,0,-8.3,2.5,-24.5,1.4,22.6,2.8,-10.7,2.1,-26.5,1.1,2017-08
2017-08-22,8105,凌巨,光電業,進榜,準備,22.61,74.0,2.0,0,-2.3,2.5,-13.1,1.4,22.8,0.8,-3.1,2.1,-13.8,1.1,2017-08
2017-08-22,2344,華邦電,半導體業,觸發,等待後觸發,16.31,93.0,3.0,5,26.9,2.5,36.5,1.4,16.5,1.2,25.4,2.1,34.9,1.1,2017-08
2017-08-22,6525,捷敏-KY,半導體業,移出,掉出掃描母體,34.61,71.0,,1,,,,,,,,,,,2017-08
2017-08-22,2464,盟立,其他電子業,移出,掉出掃描母體,31.56,72.0,,1,,,,,,,,,,,2017-08
2017-08-23,6209,今國光,光電業,進榜,觸發,35.2,90.0,4.0,0,30.0,2.1,5.0,1.3,37.4,6.3,22.3,1.9,-1.2,1.3,2017-08
2017-08-23,6209,今國光,光電業,觸發,進榜即觸發,35.2,90.0,4.0,0,30.0,2.1,5.0,1.3,37.4,6.3,22.3,1.9,-1.2,1.3,2017-08
2017-08-23,3630,新鉅科,光電業,進榜,準備,50.4,97.0,3.0,0,-1.0,2.1,-2.3,1.3,51.2,1.5,-2.4,1.9,-3.8,1.3,2017-08
2017-08-23,3059,華晶科,光電業,進榜,準備,28.3,86.0,2.0,0,-9.1,2.1,-21.9,1.3,31.1,10.0,-17.3,1.9,-29.0,1.3,2017-08
2017-08-23,3041,揚智,半導體業,進榜,準備,57.85,82.0,1.0,0,-11.3,2.1,-15.4,1.3,61.3,5.9,-16.2,1.9,-20.1,1.3,2017-08
2017-08-23,3008,大立光,光電業,進榜,準備,4348.05,71.0,3.0,0,0.2,2.1,-2.2,1.3,4363.4,0.4,-0.2,1.9,-2.5,1.3,2017-08
2017-08-23,6180,橘子,文化創意業,進榜,準備,23.31,71.0,2.0,0,93.4,2.1,139.2,1.3,23.4,0.3,92.9,1.9,138.6,1.3,2017-08
2017-08-23,3665,貿聯-KY,其他電子業,移出,掉出掃描母體,180.45,71.0,,9,,,,,,,,,,,2017-08
2017-08-24,4974,亞泰,電子零組件業,進榜,觸發,32.35,81.0,6.0,0,-5.3,2.0,-13.5,1.0,34.6,6.8,-11.3,1.7,-19.0,0.8,2017-08
2017-08-24,4974,亞泰,電子零組件業,觸發,進榜即觸發,32.35,81.0,6.0,0,-5.3,2.0,-13.5,1.0,34.6,6.8,-11.3,1.7,-19.0,0.8,2017-08
2017-08-24,8112,至上,電子工業,進榜,準備,15.0,82.0,3.0,0,-4.3,2.0,-2.3,1.0,15.2,1.5,-5.7,1.7,-3.8,0.8,2017-08
2017-08-24,2303,聯電,半導體業,進榜,準備,9.74,75.0,2.0,0,6.0,2.0,6.4,1.0,9.8,0.3,5.7,1.7,6.0,0.8,2017-08
2017-08-24,3152,璟德,通信網路業,觸發,等待後觸發,551.48,87.0,3.0,15,-3.1,2.0,-17.4,1.0,550.8,-0.1,-3.0,1.7,-17.3,0.8,2017-08
2017-08-24,3630,新鉅科,光電業,觸發,等待後觸發,55.41,98.0,3.0,1,-2.8,2.0,-11.1,1.0,60.9,9.9,-11.5,1.7,-19.1,0.8,2017-08
2017-08-24,6290,良維,電子零組件業,觸發,等待後觸發,30.51,86.0,1.0,6,25.8,2.0,45.0,1.0,30.3,-0.7,26.7,1.7,46.0,0.8,2017-08
2017-08-24,2633,台灣高鐵,航運業,移出,掉出掃描母體,19.38,72.0,,3,,,,,,,,,,,2017-08
2017-08-25,6456,GIS-KY,光電業,進榜,準備,266.37,99.0,3.0,0,-9.6,0.8,-28.1,1.0,271.8,2.0,-11.4,0.6,-29.5,0.9,2017-08
2017-08-25,5457,宣德,電子零組件業,進榜,準備,35.68,92.0,3.0,0,15.0,0.8,21.4,1.0,36.5,2.2,12.4,0.6,18.8,0.9,2017-08
2017-08-25,6251,定穎,電子零組件業,進榜,準備,13.61,82.0,2.0,0,-10.0,0.8,-10.7,1.0,14.1,3.8,-13.3,0.6,-14.0,0.9,2017-08
2017-08-25,3006,晶豪科,電子工業,進榜,準備,33.28,76.0,3.0,0,-5.4,0.8,2.2,1.0,34.4,3.5,-8.6,0.6,-1.2,0.9,2017-08
2017-08-25,2481,強茂,半導體業,進榜,準備,18.31,72.0,1.0,0,4.9,0.8,30.8,1.0,18.4,0.7,4.1,0.6,29.9,0.9,2017-08
2017-08-25,2610,華航,航運業,進榜,準備,9.87,71.0,1.0,0,-4.1,0.8,-5.4,1.0,10.0,1.2,-5.3,0.6,-6.5,0.9,2017-08
2017-08-25,5289,宜鼎,電腦及週邊設備業,進榜,準備,64.48,71.0,2.0,0,3.4,0.8,28.4,1.0,65.0,0.8,2.5,0.6,27.4,0.9,2017-08
2017-08-25,3454,晶睿,光電業,移出,掉出掃描母體,71.67,71.0,,15,,,,,,,,,,,2017-08
2017-08-25,3019,亞光,光電業,移出,離高點太遠,84.21,98.0,,28,,,,,,,,,,,2017-08
2017-08-25,2606,裕民,航運業,移出,掉出掃描母體,24.86,73.0,,10,,,,,,,,,,,2017-08
2017-08-28,2534,宏盛,建材營造,進榜,觸發,16.55,76.0,1.0,0,-6.7,-0.1,0.2,0.7,16.4,-0.6,-6.1,-0.3,0.8,0.8,2017-08
2017-08-28,2534,宏盛,建材營造,觸發,進榜即觸發,16.55,76.0,1.0,0,-6.7,-0.1,0.2,0.7,16.4,-0.6,-6.1,-0.3,0.8,0.8,2017-08
2017-08-28,6120,達運,電子工業,進榜,準備,21.11,93.0,3.0,0,9.2,-0.1,26.5,0.7,21.1,0.0,9.2,-0.3,26.5,0.8,2017-08
2017-08-28,1229,聯華,食品工業,進榜,準備,10.9,70.0,0.0,0,4.7,-0.1,17.9,0.7,10.9,0.0,4.7,-0.3,17.9,0.8,2017-08
2017-08-28,8069,元太,光電業,觸發,等待後觸發,30.97,91.0,3.0,13,3.4,-0.1,26.1,0.7,30.5,-1.6,5.1,-0.3,28.1,0.8,2017-08
2017-08-28,6180,橘子,文化創意業,觸發,等待後觸發,29.03,88.0,2.0,5,47.3,-0.1,112.5,0.7,29.7,2.1,44.2,-0.3,108.0,0.8,2017-08
2017-08-28,3008,大立光,光電業,移出,掉出掃描母體,4593.02,74.0,,5,,,,,,,,,,,2017-08
2017-08-28,2481,強茂,半導體業,移出,掉出掃描母體,18.31,72.0,,3,,,,,,,,,,,2017-08
2017-08-28,8105,凌巨,光電業,移出,掉出掃描母體,22.28,71.0,,6,,,,,,,,,,,2017-08
2017-08-29,5287,數字,電子商務業,進榜,觸發,104.83,73.0,2.0,0,-16.3,-0.5,-10.3,1.0,108.6,3.6,-19.2,-0.8,-13.4,0.8,2017-08
2017-08-29,5287,數字,電子商務業,觸發,進榜即觸發,104.83,73.0,2.0,0,-16.3,-0.5,-10.3,1.0,108.6,3.6,-19.2,-0.8,-13.4,0.8,2017-08
2017-08-29,5356,協益,電腦及週邊設備業,進榜,觸發,33.54,71.0,1.0,0,-7.1,-0.5,-23.2,1.0,33.6,0.2,-7.2,-0.8,-23.3,0.8,2017-08
2017-08-29,5356,協益,電腦及週邊設備業,觸發,進榜即觸發,33.54,71.0,1.0,0,-7.1,-0.5,-23.2,1.0,33.6,0.2,-7.2,-0.8,-23.3,0.8,2017-08
2017-08-29,3257,虹冠電,半導體業,進榜,準備,39.64,96.0,2.0,0,-12.9,-0.5,-20.6,1.0,41.1,3.6,-15.9,-0.8,-23.4,0.8,2017-08
2017-08-29,8107,大億金茂,電機機械,進榜,準備,31.89,91.0,1.0,0,9.8,-0.5,-14.0,1.0,32.2,0.9,8.8,-0.8,-14.8,0.8,2017-08
2017-08-29,8436,大江,生技醫療業,進榜,準備,100.06,73.0,2.0,0,2.4,-0.5,26.1,1.0,100.1,0.0,2.4,-0.8,26.1,0.8,2017-08
2017-08-29,2104,國際中橡,橡膠工業,進榜,準備,24.38,70.0,1.0,0,22.0,-0.5,31.1,1.0,24.9,2.0,19.6,-0.8,28.6,0.8,2017-08
2017-08-29,2303,聯電,半導體業,移出,掉出掃描母體,9.71,74.0,,5,,,,,,,,,,,2017-08
2017-08-29,5289,宜鼎,電腦及週邊設備業,移出,掉出掃描母體,64.21,71.0,,4,,,,,,,,,,,2017-08
2017-08-29,1229,聯華,食品工業,移出,掉出掃描母體,10.9,70.0,,1,,,,,,,,,,,2017-08
2017-08-29,5536,聖暉*,其他電子類,移出,掉出掃描母體,44.04,87.0,,117,,,,,,,,,,,2017-08
2017-08-30,3413,京鼎,半導體業,進榜,觸發,157.31,98.0,5.0,0,-15.6,-0.5,-2.7,0.8,162.2,3.1,-18.2,-0.8,-5.7,0.6,2017-08
2017-08-30,3413,京鼎,半導體業,觸發,進榜即觸發,157.31,98.0,5.0,0,-15.6,-0.5,-2.7,0.8,162.2,3.1,-18.2,-0.8,-5.7,0.6,2017-08
2017-08-30,5263,智崴,文化創意業,進榜,觸發,199.04,80.0,1.0,0,0.9,-0.5,-3.2,0.8,200.4,0.7,0.2,-0.8,-3.8,0.6,2017-08
2017-08-30,5263,智崴,文化創意業,觸發,進榜即觸發,199.04,80.0,1.0,0,0.9,-0.5,-3.2,0.8,200.4,0.7,0.2,-0.8,-3.8,0.6,2017-08
2017-08-30,3003,健和興,電子工業,進榜,觸發,46.49,77.0,3.0,0,9.3,-0.5,19.6,0.8,47.6,2.3,6.8,-0.8,16.9,0.6,2017-08
2017-08-30,3003,健和興,電子工業,觸發,進榜即觸發,46.49,77.0,3.0,0,9.3,-0.5,19.6,0.8,47.6,2.3,6.8,-0.8,16.9,0.6,2017-08
2017-08-30,1902,台紙,造紙工業,進榜,準備,20.85,89.0,3.0,0,-9.3,-0.5,-13.4,0.8,20.9,0.5,-9.7,-0.8,-13.8,0.6,2017-08
2017-08-30,4939,亞電,電子零組件業,進榜,準備,14.82,84.0,3.0,0,-15.6,-0.5,-3.4,0.8,15.2,2.3,-17.5,-0.8,-5.6,0.6,2017-08
2017-08-30,1444,力麗,紡織纖維,進榜,準備,9.91,82.0,2.0,0,-10.3,-0.5,-5.2,0.8,9.8,-0.9,-9.6,-0.8,-4.3,0.6,2017-08
2017-08-30,3035,智原,半導體業,移出,掉出掃描母體,38.3,75.0,,23,,,,,,,,,,,2017-08
2017-08-30,8091,翔名,電子零組件業,移出,掉出掃描母體,59.15,74.0,,26,,,,,,,,,,,2017-08
2017-08-31,3665,貿聯-KY,其他電子業,進榜,觸發,199.82,77.0,2.0,0,6.5,-0.9,2.9,0.2,204.4,2.3,4.1,-1.1,0.6,0.0,2017-08
2017-08-31,3665,貿聯-KY,其他電子業,觸發,進榜即觸發,199.82,77.0,2.0,0,6.5,-0.9,2.9,0.2,204.4,2.3,4.1,-1.1,0.6,0.0,2017-08
2017-08-31,5289,宜鼎,電腦及週邊設備業,進榜,準備,66.08,73.0,2.0,0,-4.4,-0.9,19.6,0.2,65.8,-0.4,-4.0,-1.1,20.1,0.0,2017-08
2017-08-31,2303,聯電,半導體業,進榜,準備,9.8,70.0,2.0,0,2.7,-0.9,5.0,0.2,10.0,1.7,1.0,-1.1,3.3,0.0,2017-08
2017-08-31,5457,宣德,電子零組件業,觸發,等待後觸發,39.58,94.0,3.0,6,-9.3,-0.9,14.7,0.2,40.8,3.0,-11.9,-1.1,11.3,0.0,2017-08
2017-08-31,1902,台紙,造紙工業,移出,掉出掃描母體,20.85,89.0,,1,,,,,,,,,,,2017-08
2017-08-31,9941,裕融,其他,移出,掉出掃描母體,41.56,71.0,,101,,,,,,,,,,,2017-08
2017-08-31,3630,新鉅科,光電業,移出,離高點太遠,56.27,89.0,,8,,,,,,,,,,,2017-08
2017-08-31,5356,協益,電腦及週邊設備業,移出,掉出掃描母體,34.35,72.0,,2,,,,,,,,,,,2017-08
2017-09-01,3144,新揚科,電子零組件業,進榜,觸發,25.85,88.0,3.0,0,-14.7,-1.3,-16.2,0.0,26.4,2.2,-16.6,-1.3,-18.0,0.0,2017-09
2017-09-01,3144,新揚科,電子零組件業,觸發,進榜即觸發,25.85,88.0,3.0,0,-14.7,-1.3,-16.2,0.0,26.4,2.2,-16.6,-1.3,-18.0,0.0,2017-09
2017-09-01,6169,昱泉,文化創意業,進榜,準備,93.01,97.0,2.0,0,-20.1,-1.3,-27.5,0.0,92.1,-1.0,-19.2,-1.3,-26.7,0.0,2017-09
2017-09-01,8105,凌巨,光電業,進榜,準備,24.64,83.0,2.0,0,-11.9,-1.3,-21.8,0.0,24.7,0.4,-12.2,-1.3,-22.1,0.0,2017-09
2017-09-01,1568,倉佑,汽車工業,進榜,準備,33.21,74.0,3.0,0,0.2,-1.3,-17.8,0.0,33.2,0.0,0.2,-1.3,-17.8,0.0,2017-09
2017-09-01,2481,強茂,半導體業,進榜,準備,18.27,71.0,1.0,0,3.2,-1.3,39.4,0.0,18.4,0.5,2.8,-1.3,38.8,0.0,2017-09
2017-09-01,3035,智原,半導體業,進榜,準備,38.55,71.0,1.0,0,-9.5,-1.3,23.2,0.0,38.5,0.0,-9.5,-1.3,23.2,0.0,2017-09
2017-09-01,8436,大江,生技醫療業,移出,掉出掃描母體,100.59,75.0,,3,,,,,,,,,,,2017-09
2017-09-01,5289,宜鼎,電腦及週邊設備業,移出,掉出掃描母體,66.08,73.0,,1,,,,,,,,,,,2017-09
2017-09-01,2723,美食-KY,觀光事業,移出,掉出掃描母體,254.49,74.0,,50,,,,,,,,,,,2017-09
2017-09-01,1904,正隆,造紙工業,移出,掉出掃描母體,12.69,74.0,,24,,,,,,,,,,,2017-09
2017-09-01,4939,亞電,電子零組件業,移出,掉出掃描母體,13.82,73.0,,2,,,,,,,,,,,2017-09
2017-09-04,8349,恒耀,鋼鐵工業,進榜,觸發,60.9,79.0,1.0,0,-2.3,-0.5,-4.3,0.0,62.6,2.7,-4.9,-0.8,-6.8,0.0,2017-09
2017-09-04,8349,恒耀,鋼鐵工業,觸發,進榜即觸發,60.9,79.0,1.0,0,-2.3,-0.5,-4.3,0.0,62.6,2.7,-4.9,-0.8,-6.8,0.0,2017-09
2017-09-04,6208,日揚,電子零組件業,進榜,準備,19.67,90.0,3.0,0,-2.3,-0.5,27.8,0.0,20.0,1.7,-3.9,-0.8,25.7,0.0,2017-09
2017-09-04,6182,合晶,半導體業,進榜,準備,16.79,76.0,3.0,0,23.4,-0.5,107.4,0.0,17.2,2.3,20.7,-0.8,102.9,0.0,2017-09
2017-09-04,5289,宜鼎,電腦及週邊設備業,進榜,準備,66.08,73.0,2.0,0,-4.9,-0.5,21.3,0.0,66.4,0.4,-5.3,-0.8,20.8,0.0,2017-09
2017-09-04,1312,國喬,塑膠工業,進榜,準備,21.78,71.0,3.0,0,-10.2,-0.5,3.1,0.0,22.2,1.7,-11.7,-0.8,1.3,0.0,2017-09
2017-09-04,2534,宏盛,建材營造,移出,掉出掃描母體,16.51,73.0,,7,,,,,,,,,,,2017-09
2017-09-04,3035,智原,半導體業,移出,掉出掃描母體,38.55,71.0,,3,,,,,,,,,,,2017-09
2017-09-04,3504,揚明光,光電業,移出,離高點太遠,64.96,97.0,,19,,,,,,,,,,,2017-09
2017-09-04,2383,台光電,電子工業,移出,掉出掃描母體,114.39,75.0,,17,,,,,,,,,,,2017-09
2017-09-04,5287,數字,電子商務業,移出,掉出掃描母體,104.64,72.0,,6,,,,,,,,,,,2017-09
2017-09-05,1515,力山,電機機械,進榜,觸發,31.8,98.0,4.0,0,14.8,-0.5,40.7,-0.1,31.9,0.3,14.4,-0.5,40.2,-0.2,2017-09
2017-09-05,1515,力山,電機機械,觸發,進榜即觸發,31.8,98.0,4.0,0,14.8,-0.5,40.7,-0.1,31.9,0.3,14.4,-0.5,40.2,-0.2,2017-09
2017-09-05,3707,漢磊,半導體業,進榜,觸發,15.34,81.0,3.0,0,15.5,-0.5,69.6,-0.1,15.2,-0.6,16.2,-0.5,70.7,-0.2,2017-09
2017-09-05,3707,漢磊,半導體業,觸發,進榜即觸發,15.34,81.0,3.0,0,15.5,-0.5,69.6,-0.1,15.2,-0.6,16.2,-0.5,70.7,-0.2,2017-09
2017-09-05,4170,鑫品生醫,生技醫療業,進榜,準備,61.6,100.0,2.0,0,-21.0,-0.5,-26.7,-0.1,60.8,-1.4,-19.9,-0.5,-25.7,-0.2,2017-09
2017-09-05,3272,東碩,電腦及週邊設備業,進榜,準備,47.18,78.0,1.0,0,4.0,-0.5,-15.3,-0.1,46.9,-0.6,4.7,-0.5,-14.7,-0.2,2017-09
2017-09-05,3008,大立光,光電業,進榜,準備,4543.26,74.0,3.0,0,-8.1,-0.5,-13.4,-0.1,4577.7,0.8,-8.8,-0.5,-14.0,-0.2,2017-09
2017-09-05,3035,智原,半導體業,進榜,準備,39.21,73.0,1.0,0,-10.9,-0.5,35.1,-0.1,39.7,1.4,-12.1,-0.5,33.3,-0.2,2017-09
2017-09-05,8436,大江,生技醫療業,進榜,準備,102.45,70.0,2.0,0,0.5,-0.5,51.7,-0.1,102.2,-0.3,0.8,-0.5,52.1,-0.2,2017-09
2017-09-05,6208,日揚,電子零組件業,觸發,等待後觸發,21.63,91.0,3.0,1,-9.2,-0.5,12.5,-0.1,22.1,2.1,-11.1,-0.5,10.2,-0.2,2017-09
2017-09-05,6182,合晶,半導體業,觸發,等待後觸發,18.45,83.0,3.0,1,13.5,-0.5,87.7,-0.1,18.9,2.5,10.8,-0.5,83.2,-0.2,2017-09
2017-09-05,2481,強茂,半導體業,觸發,等待後觸發,19.88,80.0,1.0,4,-1.9,-0.5,44.8,-0.1,19.6,-1.3,-0.6,-0.5,46.7,-0.2,2017-09
2017-09-05,3515,華擎,電子工業,移出,離高點太遠,53.06,91.0,,85,,,,,,,,,,,2017-09
2017-09-05,2474,可成,電子工業,移出,掉出掃描母體,221.09,74.0,,33,,,,,,,,,,,2017-09
2017-09-05,8341,日友,其他,移出,掉出掃描母體,121.8,71.0,,22,,,,,,,,,,,2017-09
2017-09-06,6231,系微,資訊服務業,進榜,觸發,36.63,95.0,5.0,0,-4.7,-0.4,-7.3,-0.3,39.0,6.4,-10.5,-0.7,-12.9,-0.8,2017-09
2017-09-06,6231,系微,資訊服務業,觸發,進榜即觸發,36.63,95.0,5.0,0,-4.7,-0.4,-7.3,-0.3,39.0,6.4,-10.5,-0.7,-12.9,-0.8,2017-09
2017-09-06,4977,眾達-KY,電子工業,進榜,觸發,88.05,91.0,4.0,0,-2.2,-0.4,-13.7,-0.3,89.3,1.5,-3.6,-0.7,-14.9,-0.8,2017-09
2017-09-06,4977,眾達-KY,電子工業,觸發,進榜即觸發,88.05,91.0,4.0,0,-2.2,-0.4,-13.7,-0.3,89.3,1.5,-3.6,-0.7,-14.9,-0.8,2017-09
2017-09-06,3311,閎暉,通信網路業,進榜,觸發,30.81,80.0,2.0,0,-8.5,-0.4,-17.2,-0.3,31.4,1.8,-10.1,-0.7,-18.6,-0.8,2017-09
2017-09-06,3311,閎暉,通信網路業,觸發,進榜即觸發,30.81,80.0,2.0,0,-8.5,-0.4,-17.2,-0.3,31.4,1.8,-10.1,-0.7,-18.6,-0.8,2017-09
2017-09-06,2467,志聖,電子工業,進榜,準備,15.61,77.0,3.0,0,4.8,-0.4,-0.4,-0.3,15.8,1.2,3.6,-0.7,-1.5,-0.8,2017-09
2017-09-06,6261,久元,半導體業,進榜,準備,32.35,75.0,1.0,0,11.4,-0.4,1.2,-0.3,33.3,2.8,8.3,-0.7,-1.6,-0.8,2017-09
2017-09-06,2534,宏盛,建材營造,進榜,準備,16.34,71.0,1.0,0,-3.8,-0.4,3.2,-0.3,16.4,0.6,-4.4,-0.7,2.5,-0.8,2017-09
2017-09-06,4551,智伸科,汽車工業,進榜,準備,142.42,71.0,2.0,0,9.1,-0.4,-7.3,-0.3,143.6,0.8,8.3,-0.7,-8.0,-0.8,2017-09
2017-09-06,2313,華通,電子工業,移出,逾期,24.14,88.0,,56,,,,,,,,,,,2017-09
2017-09-06,5289,宜鼎,電腦及週邊設備業,移出,掉出掃描母體,66.08,71.0,,2,,,,,,,,,,,2017-09
2017-09-06,3035,智原,半導體業,移出,掉出掃描母體,39.21,73.0,,1,,,,,,,,,,,2017-09
2017-09-06,8436,大江,生技醫療業,移出,掉出掃描母體,102.45,70.0,,1,,,,,,,,,,,2017-09
2017-09-06,8112,至上,電子工業,移出,掉出掃描母體,14.51,71.0,,13,,,,,,,,,,,2017-09
2017-09-07,1336,台翰,電子零組件業,進榜,準備,13.69,92.0,3.0,0,18.3,0.0,-9.0,-0.3,13.6,-0.5,18.9,-0.3,-8.5,-0.7,2017-09
2017-09-07,1312,國喬,塑膠工業,觸發,等待後觸發,22.7,76.0,3.0,3,-15.7,0.0,9.6,-0.3,22.6,-0.4,-15.4,-0.3,10.0,-0.7,2017-09
2017-09-07,2534,宏盛,建材營造,移出,掉出掃描母體,16.34,71.0,,1,,,,,,,,,,,2017-09
2017-09-07,8299,群聯,半導體業,移出,掉出掃描母體,271.17,84.0,,114,,,,,,,,,,,2017-09
2017-09-07,3105,穩懋,半導體業,移出,掉出掃描母體,144.62,73.0,,73,,,,,,,,,,,2017-09
2017-09-07,3152,璟德,通信網路業,移出,掉出掃描母體,536.09,72.0,,29,,,,,,,,,,,2017-09
2017-09-07,4974,亞泰,電子零組件業,移出,離高點太遠,30.97,71.0,,14,,,,,,,,,,,2017-09
2017-09-07,6169,昱泉,文化創意業,移出,離高點太遠,86.51,94.0,,6,,,,,,,,,,,2017-09
2017-09-07,4170,鑫品生醫,生技醫療業,移出,離高點太遠,53.0,100.0,,2,,,,,,,,,,,2017-09
2017-09-08,1229,聯華,食品工業,進榜,準備,11.73,75.0,0.0,0,-3.0,-0.4,7.6,-1.1,11.9,1.3,-4.3,-0.7,6.2,-1.5,2017-09
2017-09-08,2327,國巨*,電子工業,觸發,等待後觸發,34.08,94.0,2.0,46,-5.0,-0.4,28.9,-1.1,34.3,0.7,-5.6,-0.7,28.0,-1.5,2017-09
2017-09-08,2104,國際中橡,橡膠工業,觸發,等待後觸發,29.73,87.0,1.0,10,6.4,-0.4,1.3,-1.1,30.3,1.9,4.4,-0.7,-0.6,-1.5,2017-09
2017-09-08,9938,百和,其他,移出,掉出掃描母體,84.22,74.0,,42,,,,,,,,,,,2017-09
2017-09-08,3044,健鼎,電子工業,移出,掉出掃描母體,70.05,78.0,,31,,,,,,,,,,,2017-09
2017-09-11,1526,日馳,電機機械,進榜,觸發,25.44,98.0,3.0,0,22.5,-0.5,24.6,-2.0,25.4,0.0,22.5,-1.0,24.6,-2.4,2017-09
2017-09-11,1526,日馳,電機機械,觸發,進榜即觸發,25.44,98.0,3.0,0,22.5,-0.5,24.6,-2.0,25.4,0.0,22.5,-1.0,24.6,-2.4,2017-09
2017-09-11,5483,中美晶,半導體業,進榜,觸發,44.33,86.0,4.0,0,4.5,-0.5,12.4,-2.0,46.1,4.0,0.4,-1.0,8.1,-2.4,2017-09
2017-09-11,5483,中美晶,半導體業,觸發,進榜即觸發,44.33,86.0,4.0,0,4.5,-0.5,12.4,-2.0,46.1,4.0,0.4,-1.0,8.1,-2.4,2017-09
2017-09-11,6238,勝麗,其他電子類,進榜,觸發,241.91,86.0,1.0,0,4.5,-0.5,-21.8,-2.0,242.3,0.2,4.3,-1.0,-21.9,-2.4,2017-09
2017-09-11,6238,勝麗,其他電子類,觸發,進榜即觸發,241.91,86.0,1.0,0,4.5,-0.5,-21.8,-2.0,242.3,0.2,4.3,-1.0,-21.9,-2.4,2017-09
2017-09-11,4919,新唐,半導體業,進榜,觸發,43.14,79.0,4.0,0,-1.8,-0.5,5.9,-2.0,45.2,4.9,-6.4,-1.0,1.0,-2.4,2017-09
2017-09-11,4919,新唐,半導體業,觸發,進榜即觸發,43.14,79.0,4.0,0,-1.8,-0.5,5.9,-2.0,45.2,4.9,-6.4,-1.0,1.0,-2.4,2017-09
2017-09-11,2448,晶電,光電業,進榜,觸發,36.84,75.0,3.0,0,3.4,-0.5,34.4,-2.0,37.9,2.9,0.5,-1.0,30.6,-2.4,2017-09
2017-09-11,2448,晶電,光電業,觸發,進榜即觸發,36.84,75.0,3.0,0,3.4,-0.5,34.4,-2.0,37.9,2.9,0.5,-1.0,30.6,-2.4,2017-09
2017-09-11,3504,揚明光,光電業,進榜,準備,79.58,98.0,3.0,0,-8.5,-0.5,-38.1,-2.0,79.6,0.0,-8.5,-1.0,-38.1,-2.4,2017-09
2017-09-11,5285,界霖,電子工業,進榜,準備,43.56,90.0,2.0,0,29.3,-0.5,25.0,-2.0,43.7,0.3,28.9,-1.0,24.6,-2.4,2017-09
2017-09-11,5536,聖暉*,其他電子類,進榜,準備,45.91,80.0,1.0,0,-5.7,-0.5,-0.3,-2.0,45.9,0.0,-5.7,-1.0,-0.3,-2.4,2017-09
2017-09-11,6261,久元,半導體業,觸發,等待後觸發,37.76,86.0,1.0,5,-11.9,-0.5,-16.3,-2.0,36.8,-2.6,-9.5,-1.0,-14.1,-2.4,2017-09
2017-09-11,4551,智伸科,汽車工業,觸發,等待後觸發,145.48,82.0,2.0,5,0.0,-0.5,-14.7,-2.0,147.8,1.6,-1.6,-1.0,-16.1,-2.4,2017-09
2017-09-11,6176,瑞儀,光電業,移出,掉出掃描母體,53.77,70.0,,42,,,,,,,,,,,2017-09
2017-09-11,3008,大立光,光電業,移出,掉出掃描母體,4570.05,71.0,,6,,,,,,,,,,,2017-09
2017-09-11,3227,原相,半導體業,移出,離高點太遠,81.59,90.0,,40,,,,,,,,,,,2017-09
2017-09-11,3406,玉晶光,光電業,移出,離高點太遠,411.06,96.0,,20,,,,,,,,,,,2017-09
2017-09-11,6456,GIS-KY,光電業,移出,晚期未觸發,255.95,95.0,,17,,,,,,,,,,,2017-09
2017-09-11,4977,眾達-KY,電子工業,移出,突破失敗,80.9,89.0,,5,,,,,,,,,,,2017-09
2017-09-11,3311,閎暉,通信網路業,移出,掉出掃描母體,29.36,74.0,,5,,,,,,,,,,,2017-09
2017-09-12,6176,瑞儀,光電業,進榜,觸發,55.53,74.0,1.0,0,-4.4,-0.5,-15.8,-2.4,56.9,2.5,-6.8,-0.6,-17.9,-2.7,2017-09
2017-09-12,6176,瑞儀,光電業,觸發,進榜即觸發,55.53,74.0,1.0,0,-4.4,-0.5,-15.8,-2.4,56.9,2.5,-6.8,-0.6,-17.9,-2.7,2017-09
2017-09-12,2317,鴻海,其他電子業,進榜,準備,100.19,70.0,1.0,0,-7.7,-0.5,-20.0,-2.4,99.8,-0.4,-7.3,-0.6,-19.7,-2.7,2017-09
2017-09-12,2408,南亞科,半導體業,移出,逾期,50.4,85.0,,56,,,,,,,,,,,2017-09
2017-09-12,3533,嘉澤,電子工業,移出,離高點太遠,146.16,92.0,,69,,,,,,,,,,,2017-09
2017-09-12,2031,新光鋼,鋼鐵工業,移出,掉出掃描母體,19.18,78.0,,64,,,,,,,,,,,2017-09
2017-09-12,4966,譜瑞-KY,半導體業,移出,逾期,384.67,80.0,,56,,,,,,,,,,,2017-09
2017-09-12,3673,TPK-KY,光電業,移出,離高點太遠,96.38,72.0,,47,,,,,,,,,,,2017-09
2017-09-12,4721,美琪瑪,化學工業,移出,離高點太遠,95.2,100.0,,42,,,,,,,,,,,2017-09
2017-09-12,4502,健信,電機機械,移出,離高點太遠,99.01,98.0,,28,,,,,,,,,,,2017-09
2017-09-13,3167,大量,電機機械,進榜,觸發,33.47,88.0,4.0,0,-9.6,-0.5,0.9,-2.2,33.7,0.7,-10.3,-0.6,0.2,-2.2,2017-09
2017-09-13,3167,大量,電機機械,觸發,進榜即觸發,33.47,88.0,4.0,0,-9.6,-0.5,0.9,-2.2,33.7,0.7,-10.3,-0.6,0.2,-2.2,2017-09
2017-09-13,1904,正隆,造紙工業,進榜,準備,14.65,83.0,1.0,0,-12.2,-0.5,-23.7,-2.2,14.7,0.0,-12.2,-0.6,-23.7,-2.2,2017-09
2017-09-13,1313,聯成,塑膠工業,進榜,準備,11.44,75.0,2.0,0,-2.1,-0.5,16.9,-2.2,11.5,0.6,-2.7,-0.6,16.2,-2.2,2017-09
2017-09-13,2317,鴻海,其他電子業,移出,掉出掃描母體,100.19,70.0,,1,,,,,,,,,,,2017-09
2017-09-13,6269,台郡,電子工業,移出,掉出掃描母體,90.86,76.0,,49,,,,,,,,,,,2017-09
2017-09-13,3006,晶豪科,電子工業,移出,掉出掃描母體,31.6,71.0,,19,,,,,,,,,,,2017-09
2017-09-13,6120,達運,電子工業,移出,晚期未觸發,25.45,97.0,,16,,,,,,,,,,,2017-09
2017-09-13,3413,京鼎,半導體業,移出,離高點太遠,143.22,97.0,,14,,,,,,,,,,,2017-09
2017-09-13,6231,系微,資訊服務業,移出,離高點太遠,35.45,93.0,,7,,,,,,,,,,,2017-09
2017-09-13,5536,聖暉*,其他電子類,移出,掉出掃描母體,45.29,77.0,,2,,,,,,,,,,,2017-09
2017-09-14,2439,美律,通信網路業,移出,掉出掃描母體,140.32,87.0,,141,,,,,,,,,,,2017-09
2017-09-14,3059,華晶科,光電業,移出,離高點太遠,26.99,73.0,,22,,,,,,,,,,,2017-09
2017-09-14,6176,瑞儀,光電業,移出,掉出掃描母體,54.06,72.0,,2,,,,,,,,,,,2017-09
2017-09-15,3625,西勝,電腦及週邊設備業,進榜,觸發,33.63,76.0,6.0,0,-2.5,-0.9,-19.5,-2.2,34.9,3.6,-5.9,-1.1,-22.3,-2.6,2017-09
2017-09-15,3625,西勝,電腦及週邊設備業,觸發,進榜即觸發,33.63,76.0,6.0,0,-2.5,-0.9,-19.5,-2.2,34.9,3.6,-5.9,-1.1,-22.3,-2.6,2017-09
2017-09-15,9938,百和,其他,進榜,觸發,92.24,72.0,2.0,0,-10.5,-0.9,-12.0,-2.2,92.6,0.4,-10.8,-1.1,-12.3,-2.6,2017-09
2017-09-15,9938,百和,其他,觸發,進榜即觸發,92.24,72.0,2.0,0,-10.5,-0.9,-12.0,-2.2,92.6,0.4,-10.8,-1.1,-12.3,-2.6,2017-09
2017-09-15,5289,宜鼎,電腦及週邊設備業,進榜,準備,65.79,71.0,2.0,0,-3.1,-0.9,13.8,-2.2,66.1,0.4,-3.6,-1.1,13.3,-2.6,2017-09
2017-09-15,2454,聯發科,半導體業,進榜,準備,189.62,70.0,2.0,0,9.9,-0.9,1.4,-2.2,194.5,2.6,7.2,-1.1,-1.2,-2.6,2017-09
2017-09-15,3443,創意,半導體業,移出,掉出掃描母體,175.84,95.0,,101,,,,,,,,,,,2017-09
2017-09-15,4528,江興鍛,電機機械,移出,逾期,55.97,86.0,,56,,,,,,,,,,,2017-09
2017-09-15,2603,長榮,航運業,移出,離高點太遠,14.34,77.0,,32,,,,,,,,,,,2017-09
2017-09-15,1305,華夏,塑膠工業,移出,掉出掃描母體,20.8,71.0,,24,,,,,,,,,,,2017-09
2017-09-15,3041,揚智,半導體業,移出,掉出掃描母體,55.63,73.0,,23,,,,,,,,,,,2017-09
2017-09-15,2610,華航,航運業,移出,掉出掃描母體,10.48,73.0,,21,,,,,,,,,,,2017-09
2017-09-18,8215,明基材,光電業,進榜,觸發,15.64,77.0,1.0,0,-6.7,-1.2,-12.9,-2.1,15.9,1.9,-8.4,-1.3,-14.5,-2.4,2017-09
2017-09-18,8215,明基材,光電業,觸發,進榜即觸發,15.64,77.0,1.0,0,-6.7,-1.2,-12.9,-2.1,15.9,1.9,-8.4,-1.3,-14.5,-2.4,2017-09
2017-09-18,3081,聯亞,通信網路業,進榜,準備,324.43,80.0,1.0,0,-12.9,-1.2,-9.9,-2.1,324.8,0.1,-13.0,-1.3,-10.0,-2.4,2017-09
2017-09-18,2231,為升,汽車工業,進榜,準備,200.45,71.0,2.0,0,-12.1,-1.2,-12.5,-2.1,200.2,-0.1,-12.0,-1.3,-12.4,-2.4,2017-09
2017-09-18,5425,台半,半導體業,進榜,準備,33.72,71.0,2.0,0,35.0,-1.2,46.8,-2.1,34.3,1.7,32.7,-1.3,44.3,-2.4,2017-09
2017-09-18,2352,佳世達,電腦及週邊設備業,進榜,準備,17.82,70.0,3.0,0,-7.8,-1.2,-11.0,-2.1,17.8,0.0,-7.8,-1.3,-11.0,-2.4,2017-09
2017-09-18,5289,宜鼎,電腦及週邊設備業,移出,掉出掃描母體,65.79,71.0,,3,,,,,,,,,,,2017-09
2017-09-18,2454,聯發科,半導體業,移出,掉出掃描母體,189.62,70.0,,3,,,,,,,,,,,2017-09
2017-09-19,2352,佳世達,電腦及週邊設備業,移出,掉出掃描母體,17.82,70.0,,1,,,,,,,,,,,2017-09
2017-09-19,6209,今國光,光電業,移出,離高點太遠,47.36,95.0,,27,,,,,,,,,,,2017-09
2017-09-19,3167,大量,電機機械,移出,突破失敗,30.51,85.0,,6,,,,,,,,,,,2017-09
2017-09-20,5274,信驊,半導體業,進榜,觸發,510.39,71.0,5.0,0,-4.9,-0.4,-2.1,-1.4,520.6,2.0,-6.7,-0.5,-4.1,-1.4,2017-09
2017-09-20,5274,信驊,半導體業,觸發,進榜即觸發,510.39,71.0,5.0,0,-4.9,-0.4,-2.1,-1.4,520.6,2.0,-6.7,-0.5,-4.1,-1.4,2017-09
2017-09-20,6153,嘉聯益,電子零組件業,進榜,準備,22.21,76.0,1.0,0,25.6,-0.4,63.5,-1.4,22.2,0.0,25.6,-0.5,63.5,-1.4,2017-09
2017-09-20,5289,宜鼎,電腦及週邊設備業,進榜,準備,65.79,74.0,2.0,0,-4.0,-0.4,12.5,-1.4,66.1,0.4,-4.4,-0.5,12.0,-1.4,2017-09
2017-09-20,2231,為升,汽車工業,移出,掉出掃描母體,198.07,70.0,,2,,,,,,,,,,,2017-09
2017-09-20,4915,致伸,電子零組件業,移出,掉出掃描母體,42.66,75.0,,100,,,,,,,,,,,2017-09
2017-09-20,2030,彰源,鋼鐵工業,移出,掉出掃描母體,9.88,76.0,,30,,,,,,,,,,,2017-09
2017-09-20,1444,力麗,紡織纖維,移出,掉出掃描母體,9.36,77.0,,21,,,,,,,,,,,2017-09
2017-09-20,3144,新揚科,電子零組件業,移出,突破失敗,23.78,82.0,,19,,,,,,,,,,,2017-09
2017-09-20,1312,國喬,塑膠工業,移出,掉出掃描母體,21.74,74.0,,16,,,,,,,,,,,2017-09
2017-09-20,3707,漢磊,半導體業,移出,掉出掃描母體,15.2,72.0,,15,,,,,,,,,,,2017-09
2017-09-20,9938,百和,其他,移出,掉出掃描母體,89.57,71.0,,5,,,,,,,,,,,2017-09
2017-09-21,2351,順德,電子工業,進榜,觸發,62.34,86.0,4.0,0,10.2,-0.7,8.0,-1.7,64.1,2.8,7.2,-0.8,5.1,-1.9,2017-09
2017-09-21,2351,順德,電子工業,觸發,進榜即觸發,62.34,86.0,4.0,0,10.2,-0.7,8.0,-1.7,64.1,2.8,7.2,-0.8,5.1,-1.9,2017-09
2017-09-21,2472,立隆電,電子工業,進榜,觸發,32.83,73.0,2.0,0,-1.3,-0.7,33.3,-1.7,33.0,0.6,-2.0,-0.8,32.5,-1.9,2017-09
2017-09-21,2472,立隆電,電子工業,觸發,進榜即觸發,32.83,73.0,2.0,0,-1.3,-0.7,33.3,-1.7,33.0,0.6,-2.0,-0.8,32.5,-1.9,2017-09
2017-09-21,8924,大田,其他,進榜,準備,21.3,99.0,1.0,0,12.9,-0.7,17.2,-1.7,22.0,3.4,9.1,-0.8,13.3,-1.9,2017-09
2017-09-21,2313,華通,電子工業,進榜,準備,28.49,90.0,2.0,0,-10.9,-0.7,11.9,-1.7,28.0,-1.8,-9.2,-0.8,13.9,-1.9,2017-09
2017-09-21,9938,百和,其他,進榜,準備,91.57,72.0,2.0,0,-9.9,-0.7,-12.0,-1.7,90.9,-0.7,-9.2,-0.8,-11.4,-1.9,2017-09
2017-09-21,2454,聯發科,半導體業,進榜,準備,190.59,71.0,2.0,0,9.2,-0.7,-2.0,-1.7,190.6,0.0,9.2,-0.8,-2.0,-1.9,2017-09
2017-09-21,5285,界霖,電子工業,觸發,等待後觸發,49.28,94.0,2.0,10,17.7,-0.7,9.9,-1.7,50.3,2.0,15.4,-0.8,7.8,-1.9,2017-09
2017-09-21,8105,凌巨,光電業,移出,掉出掃描母體,22.09,72.0,,20,,,,,,,,,,,2017-09
2017-09-22,1586,和勤,電機機械,進榜,準備,34.16,87.0,1.0,0,0.7,0.0,8.3,-1.3,34.3,0.5,0.2,0.0,7.8,-1.5,2017-09
2017-09-22,5274,信驊,半導體業,移出,掉出掃描母體,528.59,73.0,,2,,,,,,,,,,,2017-09
2017-09-22,8374,羅昇,電機機械,移出,離高點太遠,24.58,87.0,,35,,,,,,,,,,,2017-09
2017-09-22,6251,定穎,電子零組件業,移出,掉出掃描母體,12.62,73.0,,28,,,,,,,,,,,2017-09
2017-09-22,3625,西勝,電腦及週邊設備業,移出,掉出掃描母體,33.28,74.0,,7,,,,,,,,,,,2017-09
2017-09-25,6409,旭隼,其他電子業,進榜,準備,418.73,82.0,1.0,0,-1.5,1.2,-11.2,0.0,425.9,1.7,-3.2,1.3,-12.7,0.0,2017-09
2017-09-25,8436,大江,生技醫療業,進榜,準備,106.44,80.0,2.0,0,-1.7,1.2,40.8,0.0,106.4,0.0,-1.7,1.3,40.8,0.0,2017-09
2017-09-25,8091,翔名,電子零組件業,進榜,準備,61.67,75.0,2.0,0,19.3,1.2,15.6,0.0,61.3,-0.7,20.1,1.3,16.4,0.0,2017-09
2017-09-25,2472,立隆電,電子工業,移出,掉出掃描母體,32.69,75.0,,4,,,,,,,,,,,2017-09
2017-09-25,2327,國巨*,電子工業,移出,離高點太遠,29.57,91.0,,63,,,,,,,,,,,2017-09
2017-09-25,2049,上銀,電機機械,移出,逾期,209.58,86.0,,56,,,,,,,,,,,2017-09
2017-09-25,6438,迅得,其他電子類,移出,掉出掃描母體,50.32,77.0,,49,,,,,,,,,,,2017-09
2017-09-25,6116,彩晶,電子工業,移出,離高點太遠,9.48,86.0,,46,,,,,,,,,,,2017-09
2017-09-25,6173,信昌電,電子零組件業,移出,離高點太遠,24.19,85.0,,39,,,,,,,,,,,2017-09
2017-09-25,2428,興勤,電子工業,移出,掉出掃描母體,69.29,79.0,,35,,,,,,,,,,,2017-09
2017-09-25,5457,宣德,電子零組件業,移出,離高點太遠,36.91,93.0,,31,,,,,,,,,,,2017-09
2017-09-25,2303,聯電,半導體業,移出,掉出掃描母體,10.1,74.0,,25,,,,,,,,,,,2017-09
2017-09-25,1568,倉佑,汽車工業,移出,晚期未觸發,33.06,77.0,,24,,,,,,,,,,,2017-09
2017-09-25,6261,久元,半導體業,移出,離高點太遠,31.89,76.0,,19,,,,,,,,,,,2017-09
2017-09-25,1336,台翰,電子零組件業,移出,晚期未觸發,14.08,86.0,,18,,,,,,,,,,,2017-09
2017-09-25,6153,嘉聯益,電子零組件業,移出,掉出掃描母體,21.16,72.0,,5,,,,,,,,,,,2017-09
2017-09-26,8091,翔名,電子零組件業,移出,掉出掃描母體,61.67,75.0,,1,,,,,,,,,,,2017-09
2017-09-26,2401,凌陽,半導體業,移出,掉出掃描母體,13.21,79.0,,53,,,,,,,,,,,2017-09
2017-09-26,8039,台虹,電子工業,移出,掉出掃描母體,30.84,81.0,,41,,,,,,,,,,,2017-09
2017-09-26,1597,直得,電機機械,移出,離高點太遠,46.11,97.0,,39,,,,,,,,,,,2017-09
2017-09-26,2359,所羅門,其他電子業,移出,掉出掃描母體,16.94,77.0,,39,,,,,,,,,,,2017-09
2017-09-26,6180,橘子,文化創意業,移出,離高點太遠,41.16,98.0,,34,,,,,,,,,,,2017-09
2017-09-26,3257,虹冠電,半導體業,移出,離高點太遠,34.54,93.0,,28,,,,,,,,,,,2017-09
2017-09-26,8349,恒耀,鋼鐵工業,移出,離高點太遠,55.9,81.0,,22,,,,,,,,,,,2017-09
2017-09-26,6208,日揚,電子零組件業,移出,掉出掃描母體,19.34,89.0,,22,,,,,,,,,,,2017-09
2017-09-26,2467,志聖,電子工業,移出,晚期未觸發,15.46,79.0,,20,,,,,,,,,,,2017-09
2017-09-26,4919,新唐,半導體業,移出,突破失敗,39.66,80.0,,15,,,,,,,,,,,2017-09
2017-09-26,3504,揚明光,光電業,移出,離高點太遠,69.04,97.0,,15,,,,,,,,,,,2017-09
2017-09-26,6238,勝麗,其他電子類,移出,掉出掃描母體,229.27,82.0,,15,,,,,,,,,,,2017-09
2017-09-26,3081,聯亞,通信網路業,移出,掉出掃描母體,314.15,79.0,,8,,,,,,,,,,,2017-09
2017-09-26,8215,明基材,光電業,移出,突破失敗,14.0,71.0,,8,,,,,,,,,,,2017-09
2017-09-26,2313,華通,電子工業,移出,離高點太遠,23.89,86.0,,5,,,,,,,,,,,2017-09
2017-09-27,2369,菱生,電子工業,進榜,觸發,14.82,77.0,4.0,0,-11.4,0.7,-14.7,0.3,14.4,-2.5,-9.1,0.6,-12.5,0.1,2017-09
2017-09-27,2369,菱生,電子工業,觸發,進榜即觸發,14.82,77.0,4.0,0,-11.4,0.7,-14.7,0.3,14.4,-2.5,-9.1,0.6,-12.5,0.1,2017-09
2017-09-27,3202,樺晟,電子零組件業,進榜,準備,24.65,96.0,3.0,0,-4.7,0.7,-5.9,0.3,24.8,0.6,-5.2,0.6,-6.5,0.1,2017-09
2017-09-27,8341,日友,其他,進榜,準備,132.38,79.0,2.0,0,-3.4,0.7,28.1,0.3,133.4,0.8,-4.1,0.6,27.1,0.1,2017-09
2017-09-27,5425,台半,半導體業,觸發,等待後觸發,38.5,87.0,2.0,9,38.2,0.7,30.3,0.3,39.1,1.5,36.1,0.6,28.3,0.1,2017-09
2017-09-27,3018,隆銘綠能,其他電子業,移出,離高點太遠,128.56,98.0,,114,,,,,,,,,,,2017-09
2017-09-27,3272,東碩,電腦及週邊設備業,移出,晚期未觸發,45.15,80.0,,22,,,,,,,,,,,2017-09
2017-09-28,3661,世芯-KY,半導體業,進榜,觸發,83.66,94.0,4.0,0,26.7,0.5,4.1,0.2,84.6,1.1,25.3,0.6,3.0,0.2,2017-09
2017-09-28,3661,世芯-KY,半導體業,觸發,進榜即觸發,83.66,94.0,4.0,0,26.7,0.5,4.1,0.2,84.6,1.1,25.3,0.6,3.0,0.2,2017-09
2017-09-28,3152,璟德,通信網路業,進榜,準備,553.41,82.0,3.0,0,-24.2,0.5,-11.2,0.2,557.9,0.8,-24.8,0.6,-12.0,0.2,2017-09
2017-09-28,1229,聯華,食品工業,移出,掉出掃描母體,11.29,72.0,,20,,,,,,,,,,,2017-09
2017-09-29,4952,凌通,電子工業,進榜,準備,31.14,83.0,1.0,0,6.4,0.9,1.4,0.0,31.7,2.0,4.4,0.7,-0.6,-0.3,2017-09
2017-09-29,6182,合晶,半導體業,移出,離高點太遠,20.04,80.0,,25,,,,,,,,,,,2017-09
2017-09-29,1904,正隆,造紙工業,移出,離高點太遠,12.51,70.0,,16,,,,,,,,,,,2017-09
2017-09-29,5289,宜鼎,電腦及週邊設備業,移出,掉出掃描母體,63.14,72.0,,9,,,,,,,,,,,2017-09
2017-09-30,2408,南亞科,半導體業,進榜,準備,63.96,93.0,2.0,0,1.2,0.5,-14.3,-0.3,65.2,2.0,-0.8,0.4,-15.9,-0.5,2017-09
2017-09-30,8091,翔名,電子零組件業,進榜,準備,62.68,78.0,2.0,0,30.5,0.5,4.6,-0.3,63.4,1.2,29.0,0.4,3.3,-0.5,2017-09
2017-09-30,3707,漢磊,半導體業,進榜,準備,16.95,72.0,3.0,0,51.6,0.5,26.6,-0.3,16.8,-0.6,52.4,0.4,27.4,-0.5,2017-09
2017-09-30,3454,晶睿,光電業,進榜,準備,74.24,71.0,3.0,0,4.9,0.5,-1.2,-0.3,74.2,0.0,4.9,0.4,-1.2,-0.5,2017-09
2017-09-30,8436,大江,生技醫療業,移出,掉出掃描母體,101.65,72.0,,5,,,,,,,,,,,2017-09
2017-10-02,5269,祥碩,半導體業,進榜,觸發,330.6,75.0,4.0,0,-9.3,0.0,-8.2,-0.5,332.7,0.6,-9.8,0.0,-8.8,-0.6,2017-10
2017-10-02,5269,祥碩,半導體業,觸發,進榜即觸發,330.6,75.0,4.0,0,-9.3,0.0,-8.2,-0.5,332.7,0.6,-9.8,0.0,-8.8,-0.6,2017-10
2017-10-02,6180,橘子,文化創意業,進榜,準備,49.64,99.0,3.0,0,-8.6,0.0,-0.2,-0.5,49.4,-0.5,-8.2,0.0,0.2,-0.6,2017-10
2017-10-02,3443,創意,半導體業,進榜,準備,199.14,97.0,3.0,0,30.2,0.0,15.2,-0.5,200.5,0.7,29.4,0.0,14.5,-0.6,2017-10
2017-10-02,4915,致伸,電子零組件業,進榜,準備,46.32,83.0,3.0,0,1.5,0.0,7.4,-0.5,46.5,0.4,1.1,0.0,6.9,-0.6,2017-10
2017-10-02,3583,辛耘,半導體業,進榜,準備,58.57,74.0,1.0,0,10.3,0.0,8.8,-0.5,58.5,-0.1,10.4,0.0,8.9,-0.6,2017-10
2017-10-02,1476,儒鴻,紡織纖維,進榜,準備,290.05,71.0,2.0,0,-10.9,0.0,-23.4,-0.5,289.7,-0.1,-10.8,0.0,-23.3,-0.6,2017-10
2017-10-02,3707,漢磊,半導體業,觸發,等待後觸發,17.72,76.0,3.0,2,37.3,0.0,22.2,-0.5,18.0,1.4,35.4,0.0,20.5,-0.6,2017-10
2017-10-02,6213,聯茂,電子工業,移出,逾期,42.38,83.0,,56,,,,,,,,,,,2017-10
2017-10-02,2369,菱生,電子工業,移出,掉出掃描母體,14.29,73.0,,5,,,,,,,,,,,2017-10
2017-10-03,3272,東碩,電腦及週邊設備業,進榜,觸發,53.58,90.0,4.0,0,-10.0,0.2,-27.3,0.0,52.7,-1.6,-8.6,0.0,-26.1,0.0,2017-10
2017-10-03,3272,東碩,電腦及週邊設備業,觸發,進榜即觸發,53.58,90.0,4.0,0,-10.0,0.2,-27.3,0.0,52.7,-1.6,-8.6,0.0,-26.1,0.0,2017-10
2017-10-03,4966,譜瑞-KY,半導體業,進榜,準備,413.01,84.0,2.0,0,4.9,0.2,15.5,0.0,410.6,-0.6,5.5,0.0,16.2,0.0,2017-10
2017-10-05,2534,宏盛,建材營造,進榜,觸發,17.13,77.0,1.0,0,-1.8,-0.1,,,17.3,0.8,-2.6,-0.3,,,2017-10
2017-10-05,2534,宏盛,建材營造,觸發,進榜即觸發,17.13,77.0,1.0,0,-1.8,-0.1,,,17.3,0.8,-2.6,-0.3,,,2017-10
2017-10-05,2360,致茂,其他電子業,進榜,準備,92.57,78.0,2.0,0,29.3,-0.1,,,92.6,0.0,29.3,-0.3,,,2017-10
2017-10-05,4991,環宇-KY,半導體業,進榜,準備,67.59,78.0,1.0,0,-3.9,-0.1,,,68.0,0.6,-4.4,-0.3,,,2017-10
2017-10-05,6153,嘉聯益,電子零組件業,進榜,準備,23.17,77.0,2.0,0,51.2,-0.1,,,23.7,2.1,48.1,-0.3,,,2017-10
2017-10-05,3044,健鼎,電子工業,進榜,準備,70.37,76.0,1.0,0,1.3,-0.1,,,70.7,0.4,0.9,-0.3,,,2017-10
2017-10-05,1476,儒鴻,紡織纖維,移出,掉出掃描母體,286.28,72.0,,3,,,,,,,,,,,2017-10
2017-10-05,1313,聯成,塑膠工業,移出,掉出掃描母體,11.09,72.0,,22,,,,,,,,,,,2017-10
2017-10-05,5269,祥碩,半導體業,移出,掉出掃描母體,319.54,71.0,,3,,,,,,,,,,,2017-10
2017-10-06,9938,百和,其他,移出,掉出掃描母體,90.91,70.0,,15,,,,,,,,,,,2017-10
2017-10-06,6409,旭隼,其他電子業,移出,掉出掃描母體,393.09,73.0,,11,,,,,,,,,,,2017-10
2017-10-06,3152,璟德,通信網路業,移出,掉出掃描母體,532.24,77.0,,8,,,,,,,,,,,2017-10
2017-10-11,3105,穩懋,半導體業,進榜,觸發,180.16,89.0,6.0,0,24.8,0.0,,,183.5,1.8,22.5,0.0,,,2017-10
2017-10-11,3105,穩懋,半導體業,觸發,進榜即觸發,180.16,89.0,6.0,0,24.8,0.0,,,183.5,1.8,22.5,0.0,,,2017-10
2017-10-11,2049,上銀,電機機械,進榜,準備,221.79,88.0,3.0,0,11.4,0.0,,,222.9,0.5,10.8,0.0,,,2017-10
2017-10-11,2303,聯電,半導體業,進榜,準備,10.29,73.0,2.0,0,-2.8,0.0,,,10.4,0.9,-3.8,0.0,,,2017-10
2017-10-11,3023,信邦,電子零組件業,進榜,準備,64.23,70.0,1.0,0,-3.9,0.0,,,64.5,0.5,-4.4,0.0,,,2017-10
2017-10-11,8091,翔名,電子零組件業,移出,掉出掃描母體,61.76,74.0,,11,,,,,,,,,,,2017-10
2017-10-11,1909,榮成,造紙工業,移出,掉出掃描母體,36.04,91.0,,128,,,,,,,,,,,2017-10
2017-10-11,8107,大億金茂,電機機械,移出,掉出掃描母體,33.78,89.0,,43,,,,,,,,,,,2017-10
2017-10-12,5305,敦南,半導體業,進榜,觸發,35.55,82.0,3.0,0,-4.3,-0.5,,,35.6,0.1,-4.4,-0.5,,,2017-10
2017-10-12,5305,敦南,半導體業,觸發,進榜即觸發,35.55,82.0,3.0,0,-4.3,-0.5,,,35.6,0.1,-4.4,-0.5,,,2017-10
2017-10-12,3508,位速,其他電子類,進榜,準備,27.8,94.0,3.0,0,43.5,-0.5,,,27.5,-1.1,45.1,-0.5,,,2017-10
2017-10-12,2327,國巨*,電子工業,進榜,準備,34.08,93.0,3.0,0,9.3,-0.5,,,34.5,1.1,8.2,-0.5,,,2017-10
2017-10-12,6182,合晶,半導體業,進榜,準備,23.33,86.0,3.0,0,27.1,-0.5,,,23.5,0.8,26.0,-0.5,,,2017-10
2017-10-12,8091,翔名,電子零組件業,進榜,準備,62.93,74.0,2.0,0,26.1,-0.5,,,62.9,0.0,26.1,-0.5,,,2017-10
2017-10-12,2723,美食-KY,觀光事業,進榜,準備,254.85,72.0,2.0,0,-3.5,-0.5,,,255.6,0.3,-3.8,-0.5,,,2017-10
2017-10-12,2441,超豐,半導體業,進榜,準備,33.38,71.0,0.0,0,0.8,-0.5,,,33.4,0.0,0.8,-0.5,,,2017-10
2017-10-12,8112,至上,電子工業,進榜,準備,14.56,70.0,2.0,0,-0.2,-0.5,,,14.5,-0.2,0.0,-0.5,,,2017-10
2017-10-12,3023,信邦,電子零組件業,移出,掉出掃描母體,64.23,70.0,,1,,,,,,,,,,,2017-10
2017-10-13,3689,湧德,電子零組件業,進榜,觸發,42.1,91.0,5.0,0,-14.4,-0.3,,,42.4,0.8,-15.1,-0.4,,,2017-10
2017-10-13,3689,湧德,電子零組件業,觸發,進榜即觸發,42.1,91.0,5.0,0,-14.4,-0.3,,,42.4,0.8,-15.1,-0.4,,,2017-10
2017-10-13,3374,精材,半導體業,進榜,觸發,54.31,75.0,5.0,0,16.0,-0.3,,,54.3,0.0,16.0,-0.4,,,2017-10
2017-10-13,3374,精材,半導體業,觸發,進榜即觸發,54.31,75.0,5.0,0,16.0,-0.3,,,54.3,0.0,16.0,-0.4,,,2017-10
2017-10-13,6202,盛群,半導體業,進榜,觸發,44.23,70.0,0.0,0,16.5,-0.3,,,45.2,2.1,14.1,-0.4,,,2017-10
2017-10-13,6202,盛群,半導體業,觸發,進榜即觸發,44.23,70.0,0.0,0,16.5,-0.3,,,45.2,2.1,14.1,-0.4,,,2017-10
2017-10-13,4528,江興鍛,電機機械,進榜,準備,56.82,78.0,2.0,0,0.1,-0.3,,,56.1,-1.2,1.4,-0.4,,,2017-10
2017-10-13,3078,僑威,電子零組件業,進榜,準備,20.55,72.0,2.0,0,-1.8,-0.3,,,21.1,2.7,-4.4,-0.4,,,2017-10
2017-10-13,2454,聯發科,半導體業,觸發,等待後觸發,209.1,82.0,2.0,22,1.2,-0.3,,,208.1,-0.5,1.7,-0.4,,,2017-10
2017-10-13,2303,聯電,半導體業,移出,掉出掃描母體,10.36,71.0,,2,,,,,,,,,,,2017-10
2017-10-13,2723,美食-KY,觀光事業,移出,掉出掃描母體,254.85,72.0,,1,,,,,,,,,,,2017-10
2017-10-13,2441,超豐,半導體業,移出,掉出掃描母體,33.38,71.0,,1,,,,,,,,,,,2017-10
2017-10-13,8112,至上,電子工業,移出,掉出掃描母體,14.56,70.0,,1,,,,,,,,,,,2017-10
2017-10-13,2534,宏盛,建材營造,移出,掉出掃描母體,16.34,72.0,,8,,,,,,,,,,,2017-10
2017-10-16,8349,恒耀,鋼鐵工業,進榜,準備,66.61,86.0,2.0,0,-15.7,-0.9,,,66.1,-0.7,-15.1,-1.1,,,2017-10
2017-10-16,8105,凌巨,光電業,進榜,準備,22.95,80.0,2.0,0,-13.3,-0.9,,,22.7,-1.2,-12.2,-1.1,,,2017-10
2017-10-16,2030,彰源,鋼鐵工業,進榜,準備,10.5,79.0,3.0,0,-2.7,-0.9,,,10.5,0.0,-2.7,-1.1,,,2017-10
2017-10-16,1609,大亞,電器電纜,進榜,準備,5.77,77.0,3.0,0,19.3,-0.9,,,5.8,0.1,19.2,-1.1,,,2017-10
2017-10-16,5536,聖暉*,其他電子類,進榜,準備,46.41,76.0,1.0,0,-4.6,-0.9,,,46.8,0.8,-5.3,-1.1,,,2017-10
2017-10-16,1313,聯成,塑膠工業,進榜,準備,11.65,74.0,1.0,0,1.8,-0.9,,,11.7,0.3,1.5,-1.1,,,2017-10
2017-10-16,8112,至上,電子工業,進榜,準備,14.77,74.0,2.0,0,-3.3,-0.9,,,14.9,1.2,-4.5,-1.1,,,2017-10
2017-10-16,4912,聯德控股-KY,電子工業,移出,掉出掃描母體,130.67,92.0,,180,,,,,,,,,,,2017-10
2017-10-16,5263,智崴,文化創意業,移出,掉出掃描母體,187.47,75.0,,47,,,,,,,,,,,2017-10
2017-10-17,8183,精星,其他電子類,進榜,準備,21.59,82.0,1.0,0,-4.8,-0.9,,,22.2,2.9,-7.5,-1.0,,,2017-10
2017-10-17,2363,矽統,半導體業,進榜,準備,8.91,80.0,2.0,0,-12.0,-0.9,,,8.9,0.0,-12.0,-1.0,,,2017-10
2017-10-17,4991,環宇-KY,半導體業,移出,掉出掃描母體,69.57,73.0,,12,,,,,,,,,,,2017-10
2017-10-17,4966,譜瑞-KY,半導體業,移出,掉出掃描母體,382.24,72.0,,14,,,,,,,,,,,2017-10
2017-10-17,3078,僑威,電子零組件業,移出,掉出掃描母體,20.37,71.0,,4,,,,,,,,,,,2017-10
2017-10-18,4919,新唐,半導體業,進榜,觸發,53.8,93.0,5.0,0,-1.2,-0.8,,,54.3,0.9,-2.1,-0.9,,,2017-10
2017-10-18,4919,新唐,半導體業,觸發,進榜即觸發,53.8,93.0,5.0,0,-1.2,-0.8,,,54.3,0.9,-2.1,-0.9,,,2017-10
2017-10-18,2233,宇隆,汽車工業,進榜,觸發,67.26,72.0,4.0,0,-6.2,-0.8,,,68.4,1.7,-7.7,-0.9,,,2017-10
2017-10-18,2233,宇隆,汽車工業,觸發,進榜即觸發,67.26,72.0,4.0,0,-6.2,-0.8,,,68.4,1.7,-7.7,-0.9,,,2017-10
2017-10-18,2723,美食-KY,觀光事業,進榜,準備,253.07,71.0,2.0,0,5.3,-0.8,,,252.7,-0.1,5.5,-0.9,,,2017-10
2017-10-18,3443,創意,半導體業,觸發,等待後觸發,261.12,99.0,3.0,16,-9.1,-0.8,,,257.6,-1.3,-7.8,-0.9,,,2017-10
2017-10-18,2030,彰源,鋼鐵工業,移出,掉出掃描母體,10.19,77.0,,2,,,,,,,,,,,2017-10
2017-10-18,8341,日友,其他,移出,掉出掃描母體,127.6,73.0,,21,,,,,,,,,,,2017-10
2017-10-18,6202,盛群,半導體業,移出,掉出掃描母體,44.1,72.0,,5,,,,,,,,,,,2017-10
2017-10-19,2030,彰源,鋼鐵工業,進榜,準備,10.19,79.0,3.0,0,-3.7,-1.0,,,10.2,0.0,-3.7,-0.9,,,2017-10
2017-10-19,4991,環宇-KY,半導體業,進榜,準備,70.7,73.0,1.0,0,-7.9,-1.0,,,70.7,0.0,-7.9,-0.9,,,2017-10
2017-10-19,2723,美食-KY,觀光事業,移出,掉出掃描母體,253.07,71.0,,1,,,,,,,,,,,2017-10
2017-10-19,2233,宇隆,汽車工業,移出,掉出掃描母體,67.26,72.0,,1,,,,,,,,,,,2017-10
2017-10-20,3294,英濟,電子零組件業,進榜,準備,26.47,95.0,3.0,0,3.0,-0.9,,,27.2,2.8,0.2,-1.1,,,2017-10
2017-10-20,6215,和椿,其他電子業,進榜,準備,14.63,86.0,3.0,0,-4.8,-0.9,,,14.5,-0.8,-4.1,-1.1,,,2017-10
2017-10-20,3501,維熹,電子工業,進榜,準備,37.91,75.0,0.0,0,-3.7,-0.9,,,39.0,2.8,-6.3,-1.1,,,2017-10
2017-10-20,1565,精華,生技醫療業,進榜,準備,466.15,71.0,3.0,0,23.2,-0.9,,,466.2,0.0,23.2,-1.1,,,2017-10
2017-10-20,2392,正崴,電子零組件業,進榜,準備,31.69,70.0,1.0,0,2.9,-0.9,,,31.8,0.4,2.5,-1.1,,,2017-10
2017-10-20,3454,晶睿,光電業,移出,晚期未觸發,82.41,77.0,,20,,,,,,,,,,,2017-10
2017-10-20,6180,橘子,文化創意業,移出,晚期未觸發,43.23,97.0,,18,,,,,,,,,,,2017-10
2017-10-23,4943,康控-KY,電子工業,進榜,觸發,389.25,96.0,6.0,0,30.7,-0.9,,,396.3,1.8,28.3,-1.0,,,2017-10
2017-10-23,4943,康控-KY,電子工業,觸發,進榜即觸發,389.25,96.0,6.0,0,30.7,-0.9,,,396.3,1.8,28.3,-1.0,,,2017-10
2017-10-23,6451,訊芯-KY,半導體業,進榜,觸發,112.21,77.0,2.0,0,-2.7,-0.9,,,112.2,0.0,-2.7,-1.0,,,2017-10
2017-10-23,6451,訊芯-KY,半導體業,觸發,進榜即觸發,112.21,77.0,2.0,0,-2.7,-0.9,,,112.2,0.0,-2.7,-1.0,,,2017-10
2017-10-23,6138,茂達,半導體業,進榜,觸發,43.57,73.0,5.0,0,-6.7,-0.9,,,43.7,0.2,-6.9,-1.0,,,2017-10
2017-10-23,6138,茂達,半導體業,觸發,進榜即觸發,43.57,73.0,5.0,0,-6.7,-0.9,,,43.7,0.2,-6.9,-1.0,,,2017-10
2017-10-23,2401,凌陽,半導體業,進榜,準備,14.83,84.0,2.0,0,-6.0,-0.9,,,15.2,2.2,-8.0,-1.0,,,2017-10
2017-10-23,3236,千如,電子零組件業,進榜,準備,26.1,81.0,3.0,0,1.6,-0.9,,,25.6,-2.1,3.7,-1.0,,,2017-10
2017-10-23,8039,台虹,電子工業,進榜,準備,31.75,80.0,3.0,0,-8.2,-0.9,,,31.9,0.4,-8.5,-1.0,,,2017-10
2017-10-23,3016,嘉晶,半導體業,進榜,準備,25.13,72.0,2.0,0,23.3,-0.9,,,24.9,-0.9,24.4,-1.0,,,2017-10
2017-10-23,6552,易華電,半導體業,進榜,準備,38.17,72.0,3.0,0,10.8,-0.9,,,38.5,0.8,9.9,-1.0,,,2017-10
2017-10-23,6176,瑞儀,光電業,進榜,準備,54.62,70.0,2.0,0,-17.8,-0.9,,,54.8,0.4,-18.1,-1.0,,,2017-10
2017-10-23,6153,嘉聯益,電子零組件業,觸發,等待後觸發,30.66,93.0,2.0,18,14.1,-0.9,,,30.9,0.9,13.2,-1.0,,,2017-10
2017-10-23,4991,環宇-KY,半導體業,移出,掉出掃描母體,70.61,72.0,,4,,,,,,,,,,,2017-10
2017-10-23,1565,精華,生技醫療業,移出,掉出掃描母體,466.15,71.0,,3,,,,,,,,,,,2017-10
2017-10-23,2392,正崴,電子零組件業,移出,掉出掃描母體,31.69,70.0,,3,,,,,,,,,,,2017-10
2017-10-24,8374,羅昇,電機機械,進榜,觸發,28.57,93.0,6.0,0,-4.1,-0.9,,,28.8,0.8,-4.9,-1.0,,,2017-10
2017-10-24,8374,羅昇,電機機械,觸發,進榜即觸發,28.57,93.0,6.0,0,-4.1,-0.9,,,28.8,0.8,-4.9,-1.0,,,2017-10
2017-10-24,6435,大中,半導體業,進榜,觸發,65.31,78.0,4.0,0,22.9,-0.9,,,66.9,2.4,20.0,-1.0,,,2017-10
2017-10-24,6435,大中,半導體業,觸發,進榜即觸發,65.31,78.0,4.0,0,22.9,-0.9,,,66.9,2.4,20.0,-1.0,,,2017-10
2017-10-24,2610,華航,航運業,進榜,準備,9.95,74.0,3.0,0,-6.1,-0.9,,,10.1,1.6,-7.7,-1.0,,,2017-10
2017-10-24,3016,嘉晶,半導體業,移出,掉出掃描母體,25.13,72.0,,1,,,,,,,,,,,2017-10
2017-10-24,4551,智伸科,汽車工業,移出,掉出掃描母體,140.89,71.0,,48,,,,,,,,,,,2017-10
2017-10-24,3374,精材,半導體業,移出,掉出掃描母體,54.31,73.0,,11,,,,,,,,,,,2017-10
2017-10-25,3016,嘉晶,半導體業,進榜,準備,27.3,78.0,2.0,0,14.9,-0.8,,,27.8,1.9,12.7,-0.8,,,2017-10
2017-10-25,2392,正崴,電子零組件業,進榜,準備,33.3,76.0,1.0,0,-0.8,-0.8,,,33.4,0.2,-1.0,-0.8,,,2017-10
2017-10-25,2534,宏盛,建材營造,進榜,準備,16.86,75.0,1.0,0,-1.6,-0.8,,,16.8,-0.4,-1.2,-0.8,,,2017-10
2017-10-25,3078,僑威,電子零組件業,進榜,準備,20.64,73.0,2.0,0,3.5,-0.8,,,20.8,0.7,2.8,-0.8,,,2017-10
2017-10-25,2441,超豐,半導體業,進榜,準備,34.64,72.0,0.0,0,-3.1,-0.8,,,34.7,0.2,-3.3,-0.8,,,2017-10
2017-10-25,6176,瑞儀,光電業,移出,掉出掃描母體,54.83,70.0,,2,,,,,,,,,,,2017-10
2017-10-25,6138,茂達,半導體業,移出,掉出掃描母體,42.83,72.0,,2,,,,,,,,,,,2017-10
2017-10-25,6274,台燿,電子零組件業,移出,掉出掃描母體,57.97,84.0,,65,,,,,,,,,,,2017-10
2017-10-25,6552,易華電,半導體業,移出,掉出掃描母體,37.53,71.0,,2,,,,,,,,,,,2017-10
2017-10-26,3317,尼克森,半導體業,進榜,觸發,19.07,89.0,4.0,0,57.3,-0.8,,,20.4,6.8,47.3,-0.9,,,2017-10
2017-10-26,3317,尼克森,半導體業,觸發,進榜即觸發,19.07,89.0,4.0,0,57.3,-0.8,,,20.4,6.8,47.3,-0.9,,,2017-10
2017-10-26,6409,旭隼,其他電子業,進榜,觸發,424.43,76.0,1.0,0,-13.3,-0.8,,,424.4,0.0,-13.3,-0.9,,,2017-10
2017-10-26,6409,旭隼,其他電子業,觸發,進榜即觸發,424.43,76.0,1.0,0,-13.3,-0.8,,,424.4,0.0,-13.3,-0.9,,,2017-10
2017-10-26,3217,優群,電子零組件業,進榜,準備,21.04,82.0,1.0,0,-9.2,-0.8,,,21.6,2.6,-11.5,-0.9,,,2017-10
2017-10-26,2467,志聖,電子工業,進榜,準備,16.57,81.0,3.0,0,-2.5,-0.8,,,16.7,0.7,-3.2,-0.9,,,2017-10
2017-10-26,6147,頎邦,半導體業,進榜,準備,35.4,74.0,2.0,0,-2.4,-0.8,,,35.7,0.8,-3.2,-0.9,,,2017-10
2017-10-26,6176,瑞儀,光電業,進榜,準備,55.46,72.0,2.0,0,-16.6,-0.8,,,54.1,-2.4,-14.5,-0.9,,,2017-10
2017-10-26,5530,龍巖,其他,進榜,準備,62.15,70.0,1.0,0,-2.6,-0.8,,,62.2,0.1,-2.8,-0.9,,,2017-10
2017-10-26,3508,位速,其他電子類,觸發,等待後觸發,37.4,98.0,3.0,14,14.7,-0.8,,,39.2,4.8,9.4,-0.9,,,2017-10
2017-10-26,8039,台虹,電子工業,觸發,等待後觸發,33.08,79.0,3.0,3,-6.7,-0.8,,,33.1,0.2,-6.9,-0.9,,,2017-10
2017-10-26,3078,僑威,電子零組件業,移出,掉出掃描母體,20.64,73.0,,1,,,,,,,,,,,2017-10
2017-10-26,5536,聖暉*,其他電子類,移出,掉出掃描母體,45.04,70.0,,10,,,,,,,,,,,2017-10
2017-10-26,8183,精星,其他電子類,移出,掉出掃描母體,21.05,80.0,,9,,,,,,,,,,,2017-10
2017-10-27,2392,正崴,電子零組件業,移出,掉出掃描母體,33.1,70.0,,2,,,,,,,,,,,2017-10
2017-10-27,6176,瑞儀,光電業,移出,掉出掃描母體,55.46,72.0,,1,,,,,,,,,,,2017-10
2017-10-27,5530,龍巖,其他,移出,掉出掃描母體,62.15,70.0,,1,,,,,,,,,,,2017-10
2017-10-27,3323,加百裕,電腦及週邊設備業,移出,離高點太遠,31.75,96.0,,99,,,,,,,,,,,2017-10
2017-10-27,2104,國際中橡,橡膠工業,移出,掉出掃描母體,29.63,82.0,,59,,,,,,,,,,,2017-10
2017-10-27,3272,東碩,電腦及週邊設備業,移出,突破失敗,48.85,88.0,,24,,,,,,,,,,,2017-10
2017-10-27,4528,江興鍛,電機機械,移出,掉出掃描母體,56.46,77.0,,14,,,,,,,,,,,2017-10
2017-10-27,8105,凌巨,光電業,移出,掉出掃描母體,22.62,78.0,,11,,,,,,,,,,,2017-10
2017-10-27,6215,和椿,其他電子業,移出,掉出掃描母體,14.55,86.0,,7,,,,,,,,,,,2017-10
2017-10-27,3501,維熹,電子工業,移出,掉出掃描母體,37.02,72.0,,7,,,,,,,,,,,2017-10
2017-10-27,8039,台虹,電子工業,移出,掉出掃描母體,33.08,79.0,,4,,,,,,,,,,,2017-10
2017-10-30,1229,聯華,食品工業,進榜,觸發,12.24,72.0,0.0,0,5.9,0.0,,,12.3,0.5,5.4,-0.0,,,2017-10
2017-10-30,1229,聯華,食品工業,觸發,進榜即觸發,12.24,72.0,0.0,0,5.9,0.0,,,12.3,0.5,5.4,-0.0,,,2017-10
2017-10-30,2472,立隆電,電子工業,進榜,準備,35.18,80.0,3.0,0,6.8,0.0,,,35.6,1.2,5.6,-0.0,,,2017-10
2017-10-30,8341,日友,其他,進榜,準備,129.99,75.0,2.0,0,38.1,0.0,,,131.0,0.8,37.0,-0.0,,,2017-10
2017-10-30,1565,精華,生技醫療業,進榜,準備,483.88,74.0,2.0,0,14.1,0.0,,,483.2,-0.1,14.3,-0.0,,,2017-10
2017-10-30,2303,聯電,半導體業,進榜,準備,10.29,73.0,2.0,0,0.0,0.0,,,10.3,0.0,0.0,-0.0,,,2017-10
2017-10-30,8436,大江,生技醫療業,進榜,準備,109.64,71.0,2.0,0,21.4,0.0,,,108.8,-0.7,22.2,-0.0,,,2017-10
2017-10-30,4739,康普,化學工業,移出,離高點太遠,95.93,96.0,,171,,,,,,,,,,,2017-10
2017-10-30,8069,元太,光電業,移出,掉出掃描母體,30.97,82.0,,76,,,,,,,,,,,2017-10
2017-10-30,8924,大田,其他,移出,離高點太遠,21.9,100.0,,39,,,,,,,,,,,2017-10
2017-10-30,3202,樺晟,電子零組件業,移出,晚期未觸發,22.8,94.0,,33,,,,,,,,,,,2017-10
2017-10-30,2030,彰源,鋼鐵工業,移出,掉出掃描母體,10.13,80.0,,11,,,,,,,,,,,2017-10
2017-10-30,3294,英濟,電子零組件業,移出,離高點太遠,24.88,94.0,,10,,,,,,,,,,,2017-10
2017-10-31,1597,直得,電機機械,進榜,觸發,57.12,98.0,5.0,0,3.6,-0.4,,,60.1,5.2,-1.5,-0.6,,,2017-10
2017-10-31,1597,直得,電機機械,觸發,進榜即觸發,57.12,98.0,5.0,0,3.6,-0.4,,,60.1,5.2,-1.5,-0.6,,,2017-10
2017-10-31,8261,富鼎,半導體業,進榜,觸發,29.22,88.0,3.0,0,-12.6,-0.4,,,29.9,2.4,-14.6,-0.6,,,2017-10
2017-10-31,8261,富鼎,半導體業,觸發,進榜即觸發,29.22,88.0,3.0,0,-12.6,-0.4,,,29.9,2.4,-14.6,-0.6,,,2017-10
2017-10-31,6525,捷敏-KY,半導體業,進榜,觸發,42.45,80.0,3.0,0,-0.6,-0.4,,,44.2,4.1,-4.5,-0.6,,,2017-10
2017-10-31,6525,捷敏-KY,半導體業,觸發,進榜即觸發,42.45,80.0,3.0,0,-0.6,-0.4,,,44.2,4.1,-4.5,-0.6,,,2017-10
2017-10-31,2483,百容,電子工業,進榜,準備,20.67,89.0,0.0,0,-14.0,-0.4,,,20.9,1.0,-14.9,-0.6,,,2017-10
2017-10-31,2367,燿華,電子工業,進榜,準備,12.14,73.0,2.0,0,13.7,-0.4,,,12.7,4.6,8.7,-0.6,,,2017-10
2017-10-31,6202,盛群,半導體業,進榜,準備,46.71,71.0,0.0,0,11.2,-0.4,,,47.4,1.6,9.4,-0.6,,,2017-10
2017-10-31,2467,志聖,電子工業,觸發,等待後觸發,17.23,85.0,3.0,5,-4.7,-0.4,,,17.4,1.0,-5.7,-0.6,,,2017-10
2017-10-31,2360,致茂,其他電子業,觸發,等待後觸發,117.31,89.0,2.0,26,17.0,-0.4,,,118.5,1.0,15.8,-0.6,,,2017-10
2017-10-31,2303,聯電,半導體業,移出,掉出掃描母體,10.29,73.0,,1,,,,,,,,,,,2017-10
2017-10-31,8436,大江,生技醫療業,移出,掉出掃描母體,109.64,71.0,,1,,,,,,,,,,,2017-10
2017-11-01,6215,和椿,其他電子業,進榜,觸發,16.38,86.0,3.0,0,-1.8,-0.7,,,16.8,2.7,-4.4,-0.8,,,2017-11
2017-11-01,6215,和椿,其他電子業,觸發,進榜即觸發,16.38,86.0,3.0,0,-1.8,-0.7,,,16.8,2.7,-4.4,-0.8,,,2017-11
2017-11-01,6552,易華電,半導體業,進榜,觸發,43.71,84.0,3.0,0,2.1,-0.7,,,43.7,0.0,2.1,-0.8,,,2017-11
2017-11-01,6552,易華電,半導體業,觸發,進榜即觸發,43.71,84.0,3.0,0,2.1,-0.7,,,43.7,0.0,2.1,-0.8,,,2017-11
2017-11-01,8110,華東,電子工業,進榜,觸發,14.79,72.0,2.0,0,-2.3,-0.7,,,15.0,1.7,-3.9,-0.8,,,2017-11
2017-11-01,8110,華東,電子工業,觸發,進榜即觸發,14.79,72.0,2.0,0,-2.3,-0.7,,,15.0,1.7,-3.9,-0.8,,,2017-11
2017-11-01,3563,牧德,光電業,進榜,準備,108.51,86.0,3.0,0,22.8,-0.7,,,108.5,0.0,22.8,-0.8,,,2017-11
2017-11-01,2030,彰源,鋼鐵工業,進榜,準備,10.54,79.0,3.0,0,-7.8,-0.7,,,11.0,4.5,-11.7,-0.8,,,2017-11
2017-11-01,4966,譜瑞-KY,半導體業,進榜,準備,409.77,77.0,3.0,0,12.1,-0.7,,,407.3,-0.6,12.7,-0.8,,,2017-11
2017-11-01,3081,聯亞,通信網路業,進榜,準備,325.61,73.0,3.0,0,-5.1,-0.7,,,329.6,1.2,-6.2,-0.8,,,2017-11
2017-11-01,5264,鎧勝-KY,電腦及週邊設備業,進榜,準備,107.05,73.0,1.0,0,-3.0,-0.7,,,108.0,0.8,-3.8,-0.8,,,2017-11
2017-11-01,3078,僑威,電子零組件業,進榜,準備,20.61,72.0,2.0,0,8.2,-0.7,,,20.6,-0.1,8.3,-0.8,,,2017-11
2017-11-01,2367,燿華,電子工業,觸發,等待後觸發,13.33,80.0,2.0,1,13.7,-0.7,,,13.6,1.9,11.6,-0.8,,,2017-11
2017-11-01,2441,超豐,半導體業,移出,掉出掃描母體,35.08,74.0,,7,,,,,,,,,,,2017-11
2017-11-01,3661,世芯-KY,半導體業,移出,離高點太遠,100.39,89.0,,34,,,,,,,,,,,2017-11
2017-11-01,6182,合晶,半導體業,移出,晚期未觸發,27.76,94.0,,20,,,,,,,,,,,2017-11
2017-11-01,6409,旭隼,其他電子業,移出,掉出掃描母體,404.49,70.0,,6,,,,,,,,,,,2017-11
2017-11-02,2405,輔信,電子工業,進榜,觸發,13.11,84.0,4.0,0,82.4,-0.9,,,14.4,9.9,65.9,-1.0,,,2017-11
2017-11-02,2405,輔信,電子工業,觸發,進榜即觸發,13.11,84.0,4.0,0,82.4,-0.9,,,14.4,9.9,65.9,-1.0,,,2017-11
2017-11-02,8436,大江,生技醫療業,進榜,觸發,120.55,80.0,2.0,0,28.9,-0.9,,,119.0,-1.3,30.6,-1.0,,,2017-11
2017-11-02,8436,大江,生技醫療業,觸發,進榜即觸發,120.55,80.0,2.0,0,28.9,-0.9,,,119.0,-1.3,30.6,-1.0,,,2017-11
2017-11-02,4528,江興鍛,電機機械,進榜,準備,58.65,78.0,2.0,0,-7.3,-0.9,,,58.9,0.5,-7.8,-1.0,,,2017-11
2017-11-02,1590,亞德客-KY,電機機械,進榜,準備,408.64,75.0,3.0,0,5.7,-0.9,,,406.1,-0.6,6.3,-1.0,,,2017-11
2017-11-02,2027,大成鋼,鋼鐵工業,進榜,準備,10.75,74.0,1.0,0,-11.2,-0.9,,,10.7,0.0,-11.2,-1.0,,,2017-11
2017-11-02,2610,華航,航運業,移出,掉出掃描母體,9.91,74.0,,9,,,,,,,,,,,2017-11
2017-11-02,3078,僑威,電子零組件業,移出,掉出掃描母體,20.61,72.0,,1,,,,,,,,,,,2017-11
2017-11-02,8112,至上,電子工業,移出,掉出掃描母體,14.81,70.0,,17,,,,,,,,,,,2017-11
2017-11-02,8349,恒耀,鋼鐵工業,移出,掉出掃描母體,60.42,79.0,,17,,,,,,,,,,,2017-11
2017-11-02,2363,矽統,半導體業,移出,掉出掃描母體,8.16,72.0,,16,,,,,,,,,,,2017-11
2017-11-03,8107,大億金茂,電機機械,進榜,準備,35.21,89.0,2.0,0,-30.3,-1.3,,,35.2,0.0,-30.3,-1.6,,,2017-11
2017-11-03,2610,華航,航運業,進榜,準備,9.91,73.0,3.0,0,-1.2,-1.3,,,9.8,-0.8,-0.4,-1.6,,,2017-11
2017-11-03,3078,僑威,電子零組件業,進榜,準備,20.96,73.0,2.0,0,1.4,-1.3,,,21.3,1.5,-0.1,-1.6,,,2017-11
2017-11-03,4952,凌通,電子工業,觸發,等待後觸發,36.61,89.0,1.0,35,-7.3,-1.3,,,38.6,5.5,-12.1,-1.6,,,2017-11
2017-11-03,6202,盛群,半導體業,觸發,等待後觸發,53.4,84.0,0.0,3,-6.5,-1.3,,,54.1,1.3,-7.7,-1.6,,,2017-11
2017-11-03,3665,貿聯-KY,其他電子業,移出,掉出掃描母體,218.44,83.0,,64,,,,,,,,,,,2017-11
2017-11-03,3707,漢磊,半導體業,移出,離高點太遠,22.72,90.0,,34,,,,,,,,,,,2017-11
2017-11-03,4915,致伸,電子零組件業,移出,掉出掃描母體,47.0,72.0,,32,,,,,,,,,,,2017-11
2017-11-03,3236,千如,電子零組件業,移出,掉出掃描母體,23.92,74.0,,11,,,,,,,,,,,2017-11
2017-11-03,3016,嘉晶,半導體業,移出,離高點太遠,26.86,76.0,,9,,,,,,,,,,,2017-11
2017-11-03,6147,頎邦,半導體業,移出,掉出掃描母體,34.21,71.0,,8,,,,,,,,,,,2017-11
2017-11-06,4939,亞電,電子零組件業,進榜,觸發,16.09,80.0,5.0,0,-15.1,-1.3,,,16.2,0.5,-15.5,-1.3,,,2017-11
2017-11-06,4939,亞電,電子零組件業,觸發,進榜即觸發,16.09,80.0,5.0,0,-15.1,-1.3,,,16.2,0.5,-15.5,-1.3,,,2017-11
2017-11-06,3501,維熹,電子工業,進榜,準備,40.14,80.0,0.0,0,-12.3,-1.3,,,40.0,-0.3,-12.1,-1.3,,,2017-11
2017-11-06,3035,智原,半導體業,進榜,準備,40.54,72.0,2.0,0,30.3,-1.3,,,41.2,1.6,28.2,-1.3,,,2017-11
2017-11-06,2610,華航,航運業,移出,掉出掃描母體,9.91,73.0,,3,,,,,,,,,,,2017-11
2017-11-06,3044,健鼎,電子工業,移出,掉出掃描母體,71.31,72.0,,32,,,,,,,,,,,2017-11
2017-11-06,6451,訊芯-KY,半導體業,移出,掉出掃描母體,106.64,71.0,,14,,,,,,,,,,,2017-11
2017-11-07,3071,協禧,電腦及週邊設備業,進榜,觸發,17.24,90.0,5.0,0,-7.9,-1.7,,,17.7,2.5,-10.2,-1.8,,,2017-11
2017-11-07,3071,協禧,電腦及週邊設備業,觸發,進榜即觸發,17.24,90.0,5.0,0,-7.9,-1.7,,,17.7,2.5,-10.2,-1.8,,,2017-11
2017-11-07,6180,橘子,文化創意業,進榜,準備,49.64,99.0,3.0,0,35.0,-1.7,,,50.5,1.8,32.6,-1.8,,,2017-11
2017-11-07,8110,華東,電子工業,移出,掉出掃描母體,15.0,73.0,,6,,,,,,,,,,,2017-11
2017-11-07,8341,日友,其他,移出,掉出掃描母體,141.93,74.0,,8,,,,,,,,,,,2017-11
2017-11-07,8261,富鼎,半導體業,移出,突破失敗,26.67,82.0,,7,,,,,,,,,,,2017-11
2017-11-07,4528,江興鍛,電機機械,移出,掉出掃描母體,57.94,76.0,,5,,,,,,,,,,,2017-11
2017-11-08,2313,華通,電子工業,進榜,觸發,34.56,94.0,4.0,0,-14.9,-2.5,,,35.8,3.6,-17.9,-2.7,,,2017-11
2017-11-08,2313,華通,電子工業,觸發,進榜即觸發,34.56,94.0,4.0,0,-14.9,-2.5,,,35.8,3.6,-17.9,-2.7,,,2017-11
2017-11-08,3374,精材,半導體業,進榜,觸發,61.1,82.0,5.0,0,35.7,-2.5,,,62.9,3.0,31.8,-2.7,,,2017-11
2017-11-08,3374,精材,半導體業,觸發,進榜即觸發,61.1,82.0,5.0,0,35.7,-2.5,,,62.9,3.0,31.8,-2.7,,,2017-11
2017-11-08,3264,欣銓,半導體業,進榜,觸發,23.56,81.0,3.0,0,7.5,-2.5,,,24.2,2.5,4.8,-2.7,,,2017-11
2017-11-08,3264,欣銓,半導體業,觸發,進榜即觸發,23.56,81.0,3.0,0,7.5,-2.5,,,24.2,2.5,4.8,-2.7,,,2017-11
2017-11-08,2104,國際中橡,橡膠工業,進榜,準備,30.86,86.0,1.0,0,-3.9,-2.5,,,31.3,1.5,-5.3,-2.7,,,2017-11
2017-11-08,6123,上奇,電腦及週邊設備業,進榜,準備,22.75,85.0,3.0,0,-9.8,-2.5,,,22.3,-1.8,-8.1,-2.7,,,2017-11
2017-11-08,4528,江興鍛,電機機械,進榜,準備,60.97,74.0,2.0,0,-15.1,-2.5,,,60.6,-0.7,-14.6,-2.7,,,2017-11
2017-11-08,6147,頎邦,半導體業,進榜,準備,35.1,72.0,2.0,0,-2.7,-2.5,,,35.0,-0.2,-2.5,-2.7,,,2017-11
2017-11-08,6180,橘子,文化創意業,觸發,等待後觸發,54.56,99.0,3.0,1,10.9,-2.5,,,54.8,0.4,10.4,-2.7,,,2017-11
2017-11-08,2027,大成鋼,鋼鐵工業,移出,掉出掃描母體,10.62,70.0,,6,,,,,,,,,,,2017-11
2017-11-08,4939,亞電,電子零組件業,移出,掉出掃描母體,15.74,77.0,,2,,,,,,,,,,,2017-11
2017-11-09,2104,國際中橡,橡膠工業,移出,掉出掃描母體,30.86,86.0,,1,,,,,,,,,,,2017-11
2017-11-09,4528,江興鍛,電機機械,移出,掉出掃描母體,60.97,74.0,,1,,,,,,,,,,,2017-11
2017-11-09,2481,強茂,半導體業,移出,離高點太遠,23.4,89.0,,69,,,,,,,,,,,2017-11
2017-11-09,1526,日馳,電機機械,移出,離高點太遠,32.52,99.0,,59,,,,,,,,,,,2017-11
2017-11-09,5425,台半,半導體業,移出,離高點太遠,48.85,93.0,,52,,,,,,,,,,,2017-11
2017-11-09,3583,辛耘,半導體業,移出,離高點太遠,58.49,70.0,,38,,,,,,,,,,,2017-11
2017-11-09,3689,湧德,電子零組件業,移出,掉出掃描母體,38.85,82.0,,27,,,,,,,,,,,2017-11
2017-11-09,6215,和椿,其他電子業,移出,離高點太遠,14.89,84.0,,8,,,,,,,,,,,2017-11
2017-11-09,8107,大億金茂,電機機械,移出,掉出掃描母體,33.99,87.0,,6,,,,,,,,,,,2017-11
2017-11-09,3071,協禧,電腦及週邊設備業,移出,突破失敗,15.42,87.0,,2,,,,,,,,,,,2017-11
2017-11-10,6182,合晶,半導體業,進榜,觸發,32.6,98.0,3.0,0,-7.9,-2.4,,,32.6,0.1,-8.0,-2.4,,,2017-11
2017-11-10,6182,合晶,半導體業,觸發,進榜即觸發,32.6,98.0,3.0,0,-7.9,-2.4,,,32.6,0.1,-8.0,-2.4,,,2017-11
2017-11-10,6488,環球晶,半導體業,進榜,準備,269.74,88.0,3.0,0,7.6,-2.4,,,279.6,3.7,3.8,-2.4,,,2017-11
2017-11-10,3236,千如,電子零組件業,進榜,準備,25.93,83.0,3.0,0,-0.9,-2.4,,,26.0,0.5,-1.4,-2.4,,,2017-11
2017-11-10,8341,日友,其他,進榜,準備,148.07,76.0,2.0,0,11.5,-2.4,,,146.0,-1.4,13.1,-2.4,,,2017-11
2017-11-10,3443,創意,半導體業,移出,離高點太遠,230.79,98.0,,39,,,,,,,,,,,2017-11
2017-11-10,2030,彰源,鋼鐵工業,移出,掉出掃描母體,10.32,74.0,,9,,,,,,,,,,,2017-11
2017-11-13,2353,宏碁,電子工業,進榜,觸發,12.56,74.0,2.0,0,8.1,-1.2,,,12.7,1.0,7.0,-1.3,,,2017-11
2017-11-13,2353,宏碁,電子工業,觸發,進榜即觸發,12.56,74.0,2.0,0,8.1,-1.2,,,12.7,1.0,7.0,-1.3,,,2017-11
2017-11-13,2104,國際中橡,橡膠工業,進榜,準備,30.58,85.0,1.0,0,-0.7,-1.2,,,30.9,1.2,-1.8,-1.3,,,2017-11
2017-11-13,1312,國喬,塑膠工業,進榜,準備,23.16,78.0,3.0,0,0.4,-1.2,,,23.2,0.2,0.2,-1.3,,,2017-11
2017-11-13,3003,健和興,電子工業,移出,掉出掃描母體,56.78,85.0,,75,,,,,,,,,,,2017-11
2017-11-13,4952,凌通,電子工業,移出,離高點太遠,36.67,90.0,,45,,,,,,,,,,,2017-11
2017-11-13,8374,羅昇,電機機械,移出,離高點太遠,29.36,92.0,,20,,,,,,,,,,,2017-11
2017-11-13,6435,大中,半導體業,移出,離高點太遠,76.46,84.0,,20,,,,,,,,,,,2017-11
2017-11-13,6147,頎邦,半導體業,移出,掉出掃描母體,34.09,70.0,,5,,,,,,,,,,,2017-11
2017-11-14,2345,智邦,通信網路業,進榜,準備,81.63,85.0,3.0,0,4.0,-1.0,,,82.5,1.0,3.0,-0.9,,,2017-11
2017-11-14,3026,禾伸堂,電子工業,進榜,準備,36.41,73.0,1.0,0,31.7,-1.0,,,36.4,0.0,31.7,-0.9,,,2017-11
2017-11-14,1515,力山,電機機械,移出,離高點太遠,46.59,99.0,,70,,,,,,,,,,,2017-11
2017-11-14,2401,凌陽,半導體業,移出,掉出掃描母體,14.18,70.0,,22,,,,,,,,,,,2017-11
2017-11-14,3217,優群,電子零組件業,移出,掉出掃描母體,19.23,74.0,,19,,,,,,,,,,,2017-11
2017-11-14,3317,尼克森,半導體業,移出,離高點太遠,20.58,95.0,,19,,,,,,,,,,,2017-11
2017-11-14,3081,聯亞,通信網路業,移出,晚期未觸發,332.73,81.0,,13,,,,,,,,,,,2017-11
2017-11-15,8069,元太,光電業,進榜,觸發,35.75,90.0,2.0,0,0.6,-0.7,,,36.2,1.2,-0.6,-0.6,,,2017-11
2017-11-15,8069,元太,光電業,觸發,進榜即觸發,35.75,90.0,2.0,0,0.6,-0.7,,,36.2,1.2,-0.6,-0.6,,,2017-11
2017-11-15,5289,宜鼎,電腦及週邊設備業,進榜,觸發,80.18,75.0,2.0,0,-7.0,-0.7,,,81.1,1.1,-8.0,-0.6,,,2017-11
2017-11-15,5289,宜鼎,電腦及週邊設備業,觸發,進榜即觸發,80.18,75.0,2.0,0,-7.0,-0.7,,,81.1,1.1,-8.0,-0.6,,,2017-11
2017-11-15,8924,大田,其他,進榜,準備,26.11,100.0,3.0,0,-6.3,-0.7,,,25.2,-3.5,-2.9,-0.6,,,2017-11
2017-11-15,6477,安集,光電業,進榜,準備,21.54,90.0,1.0,0,-8.7,-0.7,,,21.5,-0.4,-8.3,-0.6,,,2017-11
2017-11-15,6147,頎邦,半導體業,進榜,準備,34.92,72.0,1.0,0,0.5,-0.7,,,34.8,-0.3,0.9,-0.6,,,2017-11
2017-11-15,3035,智原,半導體業,移出,晚期未觸發,43.85,79.0,,9,,,,,,,,,,,2017-11
2017-11-15,3501,維熹,電子工業,移出,掉出掃描母體,36.61,70.0,,9,,,,,,,,,,,2017-11
2017-11-16,3202,樺晟,電子零組件業,進榜,準備,24.3,95.0,3.0,0,-0.8,-0.5,,,24.5,0.8,-1.6,-0.9,,,2017-11
2017-11-16,6208,日揚,電子零組件業,進榜,準備,24.44,89.0,3.0,0,-3.2,-0.5,,,24.9,1.8,-4.9,-0.9,,,2017-11
2017-11-16,3035,智原,半導體業,進榜,準備,45.18,80.0,3.0,0,12.8,-0.5,,,46.3,2.4,10.2,-0.9,,,2017-11
2017-11-16,2456,奇力新,電子零組件業,進榜,準備,125.72,77.0,3.0,0,-14.2,-0.5,,,128.0,1.9,-15.7,-0.9,,,2017-11
2017-11-16,3026,禾伸堂,電子工業,觸發,等待後觸發,39.96,81.0,1.0,2,23.9,-0.5,,,41.7,4.4,18.7,-0.9,,,2017-11
2017-11-16,8924,大田,其他,移出,晚期未觸發,24.51,99.0,,1,,,,,,,,,,,2017-11
2017-11-16,8404,百和興業-KY,其他,移出,掉出掃描母體,39.96,87.0,,139,,,,,,,,,,,2017-11
2017-11-16,2408,南亞科,半導體業,移出,掉出掃描母體,61.15,87.0,,47,,,,,,,,,,,2017-11
2017-11-16,2467,志聖,電子工業,移出,掉出掃描母體,16.48,80.0,,21,,,,,,,,,,,2017-11
2017-11-16,5264,鎧勝-KY,電腦及週邊設備業,移出,掉出掃描母體,106.6,70.0,,15,,,,,,,,,,,2017-11
2017-11-17,3317,尼克森,半導體業,進榜,觸發,24.48,98.0,3.0,0,-5.5,-0.9,,,24.7,1.1,-6.6,-1.1,,,2017-11
2017-11-17,3317,尼克森,半導體業,觸發,進榜即觸發,24.48,98.0,3.0,0,-5.5,-0.9,,,24.7,1.1,-6.6,-1.1,,,2017-11
2017-11-17,6168,宏齊,光電業,進榜,觸發,14.11,93.0,3.0,0,7.5,-0.9,,,14.8,5.2,2.2,-1.1,,,2017-11
2017-11-17,6168,宏齊,光電業,觸發,進榜即觸發,14.11,93.0,3.0,0,7.5,-0.9,,,14.8,5.2,2.2,-1.1,,,2017-11
2017-11-17,3413,京鼎,半導體業,進榜,觸發,160.59,80.0,6.0,0,-19.4,-0.9,,,161.9,0.8,-20.0,-1.1,,,2017-11
2017-11-17,3413,京鼎,半導體業,觸發,進榜即觸發,160.59,80.0,6.0,0,-19.4,-0.9,,,161.9,0.8,-20.0,-1.1,,,2017-11
2017-11-17,3666,光耀,光電業,進榜,準備,31.16,89.0,2.0,0,-28.3,-0.9,,,31.2,0.0,-28.3,-1.1,,,2017-11
2017-11-17,3202,樺晟,電子零組件業,觸發,等待後觸發,26.7,96.0,3.0,1,-9.6,-0.9,,,26.9,0.7,-10.2,-1.1,,,2017-11
2017-11-17,1586,和勤,電機機械,移出,逾期,35.17,82.0,,56,,,,,,,,,,,2017-11
2017-11-20,3227,原相,半導體業,進榜,觸發,99.36,89.0,3.0,0,4.0,-1.0,,,99.7,0.3,3.6,-1.1,,,2017-11
2017-11-20,3227,原相,半導體業,觸發,進榜即觸發,99.36,89.0,3.0,0,4.0,-1.0,,,99.7,0.3,3.6,-1.1,,,2017-11
2017-11-20,2455,全新,通信網路業,進榜,準備,67.7,83.0,3.0,0,23.2,-1.0,,,66.6,-1.7,25.3,-1.1,,,2017-11
2017-11-20,2888,新光金,金融保險,進榜,準備,7.88,70.0,1.0,0,6.0,-1.0,,,8.0,1.5,4.4,-1.1,,,2017-11
2017-11-20,6290,良維,電子零組件業,移出,離高點太遠,44.24,93.0,,94,,,,,,,,,,,2017-11
2017-11-20,2534,宏盛,建材營造,移出,掉出掃描母體,16.55,72.0,,26,,,,,,,,,,,2017-11
2017-11-20,2483,百容,電子工業,移出,離高點太遠,17.49,81.0,,20,,,,,,,,,,,2017-11
2017-11-20,6147,頎邦,半導體業,移出,掉出掃描母體,34.03,70.0,,5,,,,,,,,,,,2017-11
2017-11-21,3540,曜越,電腦及週邊設備業,進榜,準備,21.24,84.0,1.0,0,-15.8,-1.5,,,21.9,3.3,-18.5,-1.8,,,2017-11
2017-11-21,1710,東聯,化學工業,進榜,準備,26.88,76.0,1.0,0,-7.9,-1.5,,,27.0,0.3,-8.2,-1.8,,,2017-11
2017-11-21,2534,宏盛,建材營造,進榜,準備,16.68,71.0,1.0,0,6.0,-1.5,,,16.7,0.2,5.8,-1.8,,,2017-11
2017-11-21,8341,日友,其他,觸發,等待後觸發,167.18,82.0,2.0,11,-3.5,-1.5,,,166.8,-0.2,-3.3,-1.8,,,2017-11
2017-11-21,2888,新光金,金融保險,觸發,等待後觸發,8.24,75.0,1.0,1,1.4,-1.5,,,8.3,1.0,0.5,-1.8,,,2017-11
2017-11-21,1312,國喬,塑膠工業,移出,掉出掃描母體,22.78,73.0,,8,,,,,,,,,,,2017-11
2017-11-22,3437,榮創,光電業,進榜,觸發,43.73,74.0,4.0,0,-16.6,-1.2,,,45.5,4.1,-19.9,-1.3,,,2017-11
2017-11-22,3437,榮創,光電業,觸發,進榜即觸發,43.73,74.0,4.0,0,-16.6,-1.2,,,45.5,4.1,-19.9,-1.3,,,2017-11
2017-11-22,4915,致伸,電子零組件業,進榜,準備,50.85,78.0,3.0,0,-0.7,-1.2,,,50.9,0.1,-0.9,-1.3,,,2017-11
2017-11-22,6261,久元,半導體業,進榜,準備,34.37,73.0,1.0,0,-3.0,-1.2,,,34.3,-0.3,-2.7,-1.3,,,2017-11
2017-11-22,6147,頎邦,半導體業,進榜,準備,34.8,71.0,1.0,0,-1.0,-1.2,,,34.9,0.3,-1.4,-1.3,,,2017-11
2017-11-22,2534,宏盛,建材營造,移出,掉出掃描母體,16.68,71.0,,1,,,,,,,,,,,2017-11
2017-11-23,3698,隆達,光電業,進榜,觸發,25.56,79.0,2.0,0,1.3,-1.3,,,26.8,5.0,-3.5,-1.4,,,2017-11
2017-11-23,3698,隆達,光電業,觸發,進榜即觸發,25.56,79.0,2.0,0,1.3,-1.3,,,26.8,5.0,-3.5,-1.4,,,2017-11
2017-11-23,4991,環宇-KY,半導體業,進榜,觸發,75.97,70.0,1.0,0,9.2,-1.3,,,77.2,1.6,7.4,-1.4,,,2017-11
2017-11-23,4991,環宇-KY,半導體業,觸發,進榜即觸發,75.97,70.0,1.0,0,9.2,-1.3,,,77.2,1.6,7.4,-1.4,,,2017-11
2017-11-23,2408,南亞科,半導體業,進榜,準備,65.0,89.0,2.0,0,-10.0,-1.3,,,65.1,0.2,-10.2,-1.4,,,2017-11
2017-11-23,1312,國喬,塑膠工業,進榜,準備,23.62,74.0,3.0,0,-0.2,-1.3,,,23.7,0.5,-0.7,-1.4,,,2017-11
2017-11-23,3023,信邦,電子零組件業,進榜,準備,68.08,73.0,1.0,0,-9.6,-1.3,,,68.0,-0.1,-9.5,-1.4,,,2017-11
2017-11-23,6147,頎邦,半導體業,移出,掉出掃描母體,34.8,71.0,,1,,,,,,,,,,,2017-11
2017-11-23,4919,新唐,半導體業,移出,離高點太遠,51.92,87.0,,36,,,,,,,,,,,2017-11
2017-11-24,6449,鈺邦,電子工業,進榜,觸發,33.84,73.0,5.0,0,31.5,-1.2,,,35.1,3.7,26.8,-1.4,,,2017-11
2017-11-24,6449,鈺邦,電子工業,觸發,進榜即觸發,33.84,73.0,5.0,0,31.5,-1.2,,,35.1,3.7,26.8,-1.4,,,2017-11
2017-11-24,5457,宣德,電子零組件業,進榜,準備,45.08,93.0,3.0,0,3.2,-1.2,,,45.2,0.4,2.8,-1.4,,,2017-11
2017-11-24,2472,立隆電,電子工業,觸發,等待後觸發,38.66,81.0,3.0,25,10.1,-1.2,,,38.9,0.5,9.5,-1.4,,,2017-11
2017-11-24,3563,牧德,光電業,觸發,等待後觸發,129.3,86.0,3.0,23,-1.8,-1.2,,,131.3,1.5,-3.2,-1.4,,,2017-11
2017-11-24,1312,國喬,塑膠工業,移出,掉出掃描母體,23.62,74.0,,1,,,,,,,,,,,2017-11
2017-11-24,2888,新光金,金融保險,移出,掉出掃描母體,8.12,71.0,,4,,,,,,,,,,,2017-11
2017-11-24,1710,東聯,化學工業,移出,掉出掃描母體,25.98,73.0,,3,,,,,,,,,,,2017-11
2017-11-27,3645,達邁,電子零組件業,進榜,觸發,51.82,82.0,2.0,0,33.2,-0.9,,,54.0,4.1,27.9,-1.0,,,2017-11
2017-11-27,3645,達邁,電子零組件業,觸發,進榜即觸發,51.82,82.0,2.0,0,33.2,-0.9,,,54.0,4.1,27.9,-1.0,,,2017-11
2017-11-27,3017,奇鋐,電子工業,進榜,準備,25.98,73.0,2.0,0,-3.7,-0.9,,,27.2,4.8,-8.1,-1.0,,,2017-11
2017-11-27,2456,奇力新,電子零組件業,移出,掉出掃描母體,121.64,71.0,,11,,,,,,,,,,,2017-11
2017-11-27,3413,京鼎,半導體業,移出,掉出掃描母體,153.05,71.0,,10,,,,,,,,,,,2017-11
2017-11-27,3317,尼克森,半導體業,移出,離高點太遠,25.83,97.0,,10,,,,,,,,,,,2017-11
2017-11-27,4991,環宇-KY,半導體業,移出,掉出掃描母體,79.08,75.0,,4,,,,,,,,,,,2017-11
2017-11-28,6175,立敦,電子零組件業,進榜,觸發,22.9,89.0,4.0,0,14.3,-1.5,,,23.5,2.6,11.4,-1.8,,,2017-11
2017-11-28,6175,立敦,電子零組件業,觸發,進榜即觸發,22.9,89.0,4.0,0,14.3,-1.5,,,23.5,2.6,11.4,-1.8,,,2017-11
2017-11-28,3583,辛耘,半導體業,進榜,準備,67.7,84.0,2.0,0,-7.9,-1.5,,,68.3,0.8,-8.7,-1.8,,,2017-11
2017-11-28,1714,和桐,化學工業,進榜,準備,8.44,75.0,1.0,0,-9.4,-1.5,,,8.5,0.5,-9.9,-1.8,,,2017-11
2017-11-28,2888,新光金,金融保險,進榜,準備,8.16,74.0,1.0,0,0.0,-1.5,,,8.2,1.0,-1.0,-1.8,,,2017-11
2017-11-28,3017,奇鋐,電子工業,觸發,等待後觸發,28.57,81.0,2.0,1,-13.0,-1.5,,,28.6,0.1,-13.1,-1.8,,,2017-11
2017-11-28,2351,順德,電子工業,移出,掉出掃描母體,68.52,89.0,,68,,,,,,,,,,,2017-11
2017-11-28,2104,國際中橡,橡膠工業,移出,掉出掃描母體,31.46,83.0,,15,,,,,,,,,,,2017-11
2017-11-28,3023,信邦,電子零組件業,移出,掉出掃描母體,65.71,72.0,,5,,,,,,,,,,,2017-11
2017-11-28,2408,南亞科,半導體業,移出,掉出掃描母體,63.07,87.0,,5,,,,,,,,,,,2017-11
2017-11-29,6120,達運,電子工業,進榜,觸發,31.32,97.0,4.0,0,1.3,-1.2,,,29.9,-4.4,6.0,-1.2,,,2017-11
2017-11-29,6120,達運,電子工業,觸發,進榜即觸發,31.32,97.0,4.0,0,1.3,-1.2,,,29.9,-4.4,6.0,-1.2,,,2017-11
2017-11-29,2481,強茂,半導體業,進榜,觸發,28.02,93.0,2.0,0,-10.1,-1.2,,,28.1,0.3,-10.4,-1.2,,,2017-11
2017-11-29,2481,強茂,半導體業,觸發,進榜即觸發,28.02,93.0,2.0,0,-10.1,-1.2,,,28.1,0.3,-10.4,-1.2,,,2017-11
2017-11-29,1710,東聯,化學工業,進榜,準備,26.51,76.0,1.0,0,-3.5,-1.2,,,26.3,-0.8,-2.8,-1.2,,,2017-11
2017-11-29,1609,大亞,電器電纜,觸發,等待後觸發,9.72,97.0,3.0,44,-6.2,-1.2,,,10.0,2.8,-8.8,-1.2,,,2017-11
2017-11-29,3035,智原,半導體業,觸發,等待後觸發,52.22,88.0,3.0,13,-7.9,-1.2,,,51.8,-0.8,-7.2,-1.2,,,2017-11
2017-11-29,2455,全新,通信網路業,觸發,等待後觸發,83.82,93.0,3.0,9,-12.0,-1.2,,,81.0,-3.3,-8.9,-1.2,,,2017-11
2017-11-30,2492,華新科,電子工業,進榜,觸發,82.32,94.0,6.0,0,-5.4,-0.6,,,81.6,-0.9,-4.5,-0.8,,,2017-11
2017-11-30,2492,華新科,電子工業,觸發,進榜即觸發,82.32,94.0,6.0,0,-5.4,-0.6,,,81.6,-0.9,-4.5,-0.8,,,2017-11
2017-11-30,1314,中石化,塑膠工業,進榜,觸發,13.26,76.0,2.0,0,-4.1,-0.6,,,13.5,1.9,-5.8,-0.8,,,2017-11
2017-11-30,1314,中石化,塑膠工業,觸發,進榜即觸發,13.26,76.0,2.0,0,-4.1,-0.6,,,13.5,1.9,-5.8,-0.8,,,2017-11
2017-11-30,2363,矽統,半導體業,進榜,準備,8.38,77.0,3.0,0,-3.8,-0.6,,,8.9,6.4,-9.6,-0.8,,,2017-11
2017-11-30,1605,華新,電器電纜,進榜,準備,11.76,75.0,3.0,0,4.2,-0.6,,,11.9,1.2,3.0,-0.8,,,2017-11
2017-11-30,1444,力麗,紡織纖維,進榜,準備,9.53,71.0,3.0,0,4.0,-0.6,,,9.6,0.4,3.6,-0.8,,,2017-11
2017-11-30,2448,晶電,光電業,移出,離高點太遠,52.21,93.0,,80,,,,,,,,,,,2017-11
2017-12-01,2421,建準,電子工業,移出,掉出掃描母體,42.03,88.0,,179,,,,,,,,,,,2017-12
2017-12-01,8155,博智,電子零組件業,移出,掉出掃描母體,50.18,92.0,,121,,,,,,,,,,,2017-12
2017-12-01,2344,華邦電,半導體業,移出,掉出掃描母體,22.78,85.0,,106,,,,,,,,,,,2017-12
2017-12-01,5285,界霖,電子工業,移出,掉出掃描母體,56.55,92.0,,81,,,,,,,,,,,2017-12
2017-12-01,5483,中美晶,半導體業,移出,掉出掃描母體,55.28,91.0,,81,,,,,,,,,,,2017-12
2017-12-01,2454,聯發科,半導體業,移出,掉出掃描母體,211.7,77.0,,71,,,,,,,,,,,2017-12
2017-12-01,6488,環球晶,半導體業,移出,晚期未觸發,282.55,91.0,,21,,,,,,,,,,,2017-12
2017-12-01,6477,安集,光電業,移出,離高點太遠,19.22,82.0,,16,,,,,,,,,,,2017-12
2017-12-01,6168,宏齊,光電業,移出,離高點太遠,14.65,94.0,,14,,,,,,,,,,,2017-12
2017-12-01,3666,光耀,光電業,移出,離高點太遠,26.85,81.0,,14,,,,,,,,,,,2017-12
2017-12-01,6261,久元,半導體業,移出,掉出掃描母體,33.91,73.0,,9,,,,,,,,,,,2017-12
2017-12-01,3437,榮創,光電業,移出,掉出掃描母體,44.02,74.0,,9,,,,,,,,,,,2017-12
2017-12-01,5457,宣德,電子零組件業,移出,晚期未觸發,44.2,93.0,,7,,,,,,,,,,,2017-12
2017-12-01,2492,華新科,電子工業,移出,突破失敗,75.71,93.0,,1,,,,,,,,,,,2017-12
2017-12-04,8924,大田,其他,進榜,準備,26.38,99.0,3.0,0,,,,,26.4,0.0,,,,,2017-12
2017-12-04,3518,柏騰,其他電子業,進榜,準備,42.86,98.0,3.0,0,,,,,43.6,1.7,,,,,2017-12
2017-12-04,8489,三貝德,文化創意業,進榜,準備,135.65,84.0,2.0,0,,,,,136.7,0.8,,,,,2017-12
2017-12-04,2375,凱美,電子工業,進榜,準備,44.22,83.0,3.0,0,,,,,43.4,-1.9,,,,,2017-12
2017-12-04,1312,國喬,塑膠工業,進榜,準備,24.88,81.0,3.0,0,,,,,25.1,1.0,,,,,2017-12
2017-12-04,1718,中纖,化學工業,進榜,準備,8.73,75.0,1.0,0,,,,,8.7,0.0,,,,,2017-12
2017-12-04,2723,美食-KY,觀光事業,進榜,準備,286.13,71.0,2.0,0,,,,,284.7,-0.5,,,,,2017-12
2017-12-04,2360,致茂,其他電子業,移出,離高點太遠,126.89,93.0,,60,,,,,,,,,,,2017-12
2017-12-04,2313,華通,電子工業,移出,離高點太遠,31.73,91.0,,26,,,,,,,,,,,2017-12
2017-12-04,6208,日揚,電子零組件業,移出,掉出掃描母體,24.44,90.0,,18,,,,,,,,,,,2017-12
2017-12-04,3540,曜越,電腦及週邊設備業,移出,離高點太遠,18.84,80.0,,13,,,,,,,,,,,2017-12
2017-12-04,6120,達運,電子工業,移出,離高點太遠,28.5,96.0,,5,,,,,,,,,,,2017-12
2017-12-04,1605,華新,電器電纜,移出,掉出掃描母體,11.38,73.0,,4,,,,,,,,,,,2017-12
2017-12-05,5317,?,,進榜,觸發,51.8,94.0,2.0,0,,,,,53.5,3.2,,,,,2017-12
2017-12-05,5317,?,,觸發,進榜即觸發,51.8,94.0,2.0,0,,,,,53.5,3.2,,,,,2017-12
2017-12-05,2534,宏盛,建材營造,進榜,準備,17.41,76.0,1.0,0,,,,,17.8,2.0,,,,,2017-12
2017-12-05,2444,兆勁,通信網路業,移出,掉出掃描母體,38.2,97.0,,147,,,,,,,,,,,2017-12
2017-12-05,5305,敦南,半導體業,移出,離高點太遠,36.9,76.0,,54,,,,,,,,,,,2017-12
2017-12-05,1609,大亞,電器電纜,移出,離高點太遠,8.74,97.0,,50,,,,,,,,,,,2017-12
2017-12-05,4943,康控-KY,電子工業,移出,離高點太遠,621.63,100.0,,43,,,,,,,,,,,2017-12
2017-12-05,1597,直得,電機機械,移出,掉出掃描母體,57.36,88.0,,35,,,,,,,,,,,2017-12
2017-12-05,3563,牧德,光電業,移出,離高點太遠,119.55,86.0,,34,,,,,,,,,,,2017-12
2017-12-05,2405,輔信,電子工業,移出,離高點太遠,19.32,98.0,,33,,,,,,,,,,,2017-12
2017-12-05,6182,合晶,半導體業,移出,離高點太遠,29.49,97.0,,25,,,,,,,,,,,2017-12
2017-12-05,3236,千如,電子零組件業,移出,掉出掃描母體,26.82,75.0,,25,,,,,,,,,,,2017-12
2017-12-05,3026,禾伸堂,電子工業,移出,離高點太遠,45.32,91.0,,21,,,,,,,,,,,2017-12
2017-12-05,5289,宜鼎,電腦及週邊設備業,移出,突破失敗,72.25,75.0,,20,,,,,,,,,,,2017-12
2017-12-05,3017,奇鋐,電子工業,移出,離高點太遠,25.34,74.0,,8,,,,,,,,,,,2017-12
2017-12-05,2481,強茂,半導體業,移出,離高點太遠,24.92,89.0,,6,,,,,,,,,,,2017-12
2017-12-06,8489,三貝德,文化創意業,觸發,等待後觸發,140.96,87.0,2.0,2,,,,,141.7,0.5,,,,,2017-12
2017-12-06,6153,嘉聯益,電子零組件業,移出,離高點太遠,35.96,98.0,,62,,,,,,,,,,,2017-12
2017-12-06,2049,上銀,電機機械,移出,逾期,243.17,87.0,,56,,,,,,,,,,,2017-12
2017-12-06,3105,穩懋,半導體業,移出,離高點太遠,211.97,93.0,,56,,,,,,,,,,,2017-12
2017-12-06,2327,國巨*,電子工業,移出,離高點太遠,41.99,97.0,,55,,,,,,,,,,,2017-12
2017-12-06,6202,盛群,半導體業,移出,離高點太遠,47.38,80.0,,36,,,,,,,,,,,2017-12
2017-12-06,6525,捷敏-KY,半導體業,移出,離高點太遠,38.61,78.0,,36,,,,,,,,,,,2017-12
2017-12-06,4915,致伸,電子零組件業,移出,掉出掃描母體,50.54,82.0,,14,,,,,,,,,,,2017-12
2017-12-06,6175,立敦,電子零組件業,移出,突破失敗,21.02,88.0,,8,,,,,,,,,,,2017-12
2017-12-06,3518,柏騰,其他電子業,移出,離高點太遠,37.81,98.0,,2,,,,,,,,,,,2017-12
2017-12-06,1312,國喬,塑膠工業,移出,晚期未觸發,22.28,74.0,,2,,,,,,,,,,,2017-12
2017-12-07,8091,翔名,電子零組件業,移出,逾期,78.54,87.0,,56,,,,,,,,,,,2017-12
2017-12-07,4966,譜瑞-KY,半導體業,移出,掉出掃描母體,451.08,82.0,,36,,,,,,,,,,,2017-12
2017-12-07,1590,亞德客-KY,電機機械,移出,掉出掃描母體,409.9,87.0,,35,,,,,,,,,,,2017-12
2017-12-07,6180,橘子,文化創意業,移出,離高點太遠,54.62,98.0,,30,,,,,,,,,,,2017-12
2017-12-07,3374,精材,半導體業,移出,離高點太遠,74.67,89.0,,29,,,,,,,,,,,2017-12
2017-12-07,8069,元太,光電業,移出,離高點太遠,35.67,90.0,,22,,,,,,,,,,,2017-12
2017-12-07,3035,智原,半導體業,移出,離高點太遠,46.92,87.0,,21,,,,,,,,,,,2017-12
2017-12-07,3227,原相,半導體業,移出,離高點太遠,96.73,92.0,,17,,,,,,,,,,,2017-12
2017-12-07,2375,凱美,電子工業,移出,晚期未觸發,40.5,75.0,,3,,,,,,,,,,,2017-12
2017-12-07,5317,?,,移出,離高點太遠,45.49,92.0,,2,,,,,,,,,,,2017-12
2017-12-08,3202,樺晟,電子零組件業,移出,掉出掃描母體,25.6,96.0,,22,,,,,,,,,,,2017-12
2017-12-08,2363,矽統,半導體業,移出,掉出掃描母體,7.92,74.0,,8,,,,,,,,,,,2017-12
2017-12-11,3443,創意,半導體業,進榜,觸發,259.8,98.0,3.0,0,,,,,262.9,1.2,,,,,2017-12
2017-12-11,3443,創意,半導體業,觸發,進榜即觸發,259.8,98.0,3.0,0,,,,,262.9,1.2,,,,,2017-12
2017-12-11,2444,兆勁,通信網路業,進榜,觸發,39.84,97.0,3.0,0,,,,,40.3,1.2,,,,,2017-12
2017-12-11,2444,兆勁,通信網路業,觸發,進榜即觸發,39.84,97.0,3.0,0,,,,,40.3,1.2,,,,,2017-12
2017-12-11,4991,環宇-KY,半導體業,進榜,觸發,85.76,81.0,1.0,0,,,,,87.8,2.4,,,,,2017-12
2017-12-11,4991,環宇-KY,半導體業,觸發,進榜即觸發,85.76,81.0,1.0,0,,,,,87.8,2.4,,,,,2017-12
2017-12-11,3059,華晶科,光電業,進榜,觸發,29.1,77.0,4.0,0,,,,,29.1,0.0,,,,,2017-12
2017-12-11,3059,華晶科,光電業,觸發,進榜即觸發,29.1,77.0,4.0,0,,,,,29.1,0.0,,,,,2017-12
2017-12-11,1313,聯成,塑膠工業,移出,逾期,13.44,84.0,,56,,,,,,,,,,,2017-12
2017-12-11,2345,智邦,通信網路業,移出,掉出掃描母體,84.08,79.0,,27,,,,,,,,,,,2017-12
2017-12-11,2888,新光金,金融保險,移出,掉出掃描母體,7.96,73.0,,13,,,,,,,,,,,2017-12
2017-12-11,1718,中纖,化學工業,移出,掉出掃描母體,8.32,71.0,,7,,,,,,,,,,,2017-12
2017-12-12,1605,華新,電器電纜,進榜,準備,11.62,75.0,3.0,0,,,,,11.8,1.2,,,,,2017-12
2017-12-13,6238,勝麗,其他電子類,進榜,觸發,243.65,81.0,3.0,0,,,,,251.9,3.4,,,,,2017-12
2017-12-13,6238,勝麗,其他電子類,觸發,進榜即觸發,243.65,81.0,3.0,0,,,,,251.9,3.4,,,,,2017-12
2017-12-13,1526,日馳,電機機械,進榜,準備,35.32,99.0,3.0,0,,,,,36.0,1.9,,,,,2017-12
2017-12-13,6278,台表科,光電業,進榜,準備,23.65,84.0,2.0,0,,,,,24.0,1.4,,,,,2017-12
2017-12-13,2392,正崴,電子零組件業,進榜,準備,34.35,75.0,1.0,0,,,,,34.8,1.3,,,,,2017-12
2017-12-13,2888,新光金,金融保險,進榜,準備,8.35,75.0,1.0,0,,,,,8.4,0.9,,,,,2017-12
2017-12-13,5471,松翰,電子工業,進榜,準備,25.68,71.0,1.0,0,,,,,26.6,3.8,,,,,2017-12
2017-12-14,2371,大同,電機機械,進榜,準備,18.01,84.0,2.0,0,,,,,18.1,0.5,,,,,2017-12
2017-12-14,2376,技嘉,電子工業,進榜,準備,31.48,76.0,2.0,0,,,,,31.9,1.2,,,,,2017-12
2017-12-14,2929,淘帝-KY,貿易百貨,進榜,準備,73.44,70.0,1.0,0,,,,,73.8,0.4,,,,,2017-12
2017-12-14,5471,松翰,電子工業,移出,掉出掃描母體,25.68,71.0,,1,,,,,,,,,,,2017-12
2017-12-15,5536,聖暉*,其他電子類,進榜,準備,50.78,70.0,1.0,0,,,,,52.2,2.7,,,,,2017-12
2017-12-15,2929,淘帝-KY,貿易百貨,移出,掉出掃描母體,73.44,70.0,,1,,,,,,,,,,,2017-12
2017-12-18,3026,禾伸堂,電子工業,進榜,觸發,56.39,96.0,1.0,0,,,,,56.4,0.0,,,,,2017-12
2017-12-18,3026,禾伸堂,電子工業,觸發,進榜即觸發,56.39,96.0,1.0,0,,,,,56.4,0.0,,,,,2017-12
2017-12-18,2327,國巨*,電子工業,進榜,準備,50.2,98.0,2.0,0,,,,,50.3,0.3,,,,,2017-12
2017-12-18,4971,IET-KY,半導體業,進榜,準備,96.3,76.0,1.0,0,,,,,95.0,-1.4,,,,,2017-12
2017-12-18,3078,僑威,電子零組件業,移出,掉出掃描母體,20.61,73.0,,45,,,,,,,,,,,2017-12
2017-12-18,6123,上奇,電腦及週邊設備業,移出,掉出掃描母體,20.69,80.0,,40,,,,,,,,,,,2017-12
2017-12-18,3583,辛耘,半導體業,移出,離高點太遠,65.3,87.0,,20,,,,,,,,,,,2017-12
2017-12-18,1710,東聯,化學工業,移出,掉出掃描母體,25.16,72.0,,19,,,,,,,,,,,2017-12
2017-12-20,1586,和勤,電機機械,進榜,準備,38.81,89.0,1.0,0,,,,,39.2,1.0,,,,,2017-12
2017-12-20,5234,達興材料,電子工業,進榜,準備,43.0,89.0,1.0,0,,,,,43.7,1.6,,,,,2017-12
2017-12-20,8039,台虹,電子工業,進榜,準備,32.95,72.0,3.0,0,,,,,33.6,2.1,,,,,2017-12
2017-12-20,2376,技嘉,電子工業,觸發,等待後觸發,35.98,89.0,2.0,6,,,,,36.0,0.0,,,,,2017-12
2017-12-20,1526,日馳,電機機械,觸發,等待後觸發,39.45,99.0,3.0,7,,,,,39.7,0.5,,,,,2017-12
2017-12-20,3059,華晶科,光電業,移出,掉出掃描母體,27.2,70.0,,9,,,,,,,,,,,2017-12
2017-12-20,3443,創意,半導體業,移出,掉出掃描母體,247.5,97.0,,9,,,,,,,,,,,2017-12
2017-12-20,6238,勝麗,其他電子類,移出,掉出掃描母體,240.6,74.0,,7,,,,,,,,,,,2017-12
2017-12-21,2375,凱美,電子工業,進榜,觸發,48.38,82.0,3.0,0,,,,,49.8,3.0,,,,,2017-12
2017-12-21,2375,凱美,電子工業,觸發,進榜即觸發,48.38,82.0,3.0,0,,,,,49.8,3.0,,,,,2017-12
2017-12-21,1815,富喬,電子零組件業,進榜,觸發,15.33,80.0,2.0,0,,,,,15.9,3.4,,,,,2017-12
2017-12-21,1815,富喬,電子零組件業,觸發,進榜即觸發,15.33,80.0,2.0,0,,,,,15.9,3.4,,,,,2017-12
2017-12-21,5317,?,,進榜,準備,57.09,96.0,2.0,0,,,,,58.6,2.6,,,,,2017-12
2017-12-21,1309,台達化,塑膠工業,進榜,準備,9.37,85.0,3.0,0,,,,,9.5,1.1,,,,,2017-12
2017-12-21,1455,集盛,紡織纖維,進榜,準備,10.61,81.0,3.0,0,,,,,10.7,0.8,,,,,2017-12
2017-12-21,2929,淘帝-KY,貿易百貨,進榜,準備,73.77,70.0,1.0,0,,,,,73.4,-0.4,,,,,2017-12
2017-12-21,2444,兆勁,通信網路業,移出,掉出掃描母體,39.89,96.0,,10,,,,,,,,,,,2017-12
2017-12-22,2515,中工,建材營造,進榜,準備,5.95,78.0,2.0,0,,,,,6.0,1.0,,,,,2017-12
2017-12-22,5392,能率,光電業,進榜,準備,45.75,75.0,1.0,0,,,,,46.7,2.0,,,,,2017-12
2017-12-22,6257,矽格,半導體業,進榜,準備,19.92,72.0,0.0,0,,,,,20.1,0.8,,,,,2017-12
2017-12-22,2455,全新,通信網路業,移出,離高點太遠,78.28,94.0,,32,,,,,,,,,,,2017-12
2017-12-22,8924,大田,其他,移出,掉出掃描母體,24.18,99.0,,18,,,,,,,,,,,2017-12
2017-12-25,6175,立敦,電子零組件業,進榜,觸發,27.43,97.0,5.0,0,,,,,28.2,2.8,,,,,2017-12
2017-12-25,6175,立敦,電子零組件業,觸發,進榜即觸發,27.43,97.0,5.0,0,,,,,28.2,2.8,,,,,2017-12
2017-12-25,4939,亞電,電子零組件業,進榜,觸發,17.36,89.0,4.0,0,,,,,17.6,1.3,,,,,2017-12
2017-12-25,4939,亞電,電子零組件業,觸發,進榜即觸發,17.36,89.0,4.0,0,,,,,17.6,1.3,,,,,2017-12
2017-12-25,5285,界霖,電子工業,進榜,準備,57.24,90.0,2.0,0,,,,,57.9,1.2,,,,,2017-12
2017-12-25,1802,台玻,玻璃陶瓷,進榜,準備,17.51,82.0,2.0,0,,,,,17.5,0.2,,,,,2017-12
2017-12-25,2027,大成鋼,鋼鐵工業,進榜,準備,10.42,70.0,2.0,0,,,,,10.4,-0.5,,,,,2017-12
2017-12-25,1565,精華,生技醫療業,移出,逾期,634.23,90.0,,56,,,,,,,,,,,2017-12
2017-12-25,1714,和桐,化學工業,移出,掉出掃描母體,8.01,71.0,,27,,,,,,,,,,,2017-12
2017-12-25,1314,中石化,塑膠工業,移出,掉出掃描母體,12.64,73.0,,25,,,,,,,,,,,2017-12
2017-12-25,2929,淘帝-KY,貿易百貨,移出,掉出掃描母體,72.78,71.0,,4,,,,,,,,,,,2017-12
2017-12-26,6451,訊芯-KY,半導體業,進榜,準備,119.06,82.0,1.0,0,,,,,119.9,0.7,,,,,2017-12
2017-12-26,2464,盟立,其他電子業,進榜,準備,34.35,71.0,1.0,0,,,,,34.7,1.0,,,,,2017-12
2017-12-26,2027,大成鋼,鋼鐵工業,移出,掉出掃描母體,10.42,70.0,,1,,,,,,,,,,,2017-12
2017-12-26,2392,正崴,電子零組件業,移出,掉出掃描母體,33.89,74.0,,13,,,,,,,,,,,2017-12
2017-12-26,1455,集盛,紡織纖維,移出,掉出掃描母體,10.27,76.0,,5,,,,,,,,,,,2017-12
2017-12-27,1312,國喬,塑膠工業,進榜,觸發,26.93,89.0,4.0,0,,,,,27.2,1.1,,,,,2017-12
2017-12-27,1312,國喬,塑膠工業,觸發,進榜即觸發,26.93,89.0,4.0,0,,,,,27.2,1.1,,,,,2017-12
2017-12-27,1313,聯成,塑膠工業,進榜,準備,13.48,82.0,1.0,0,,,,,13.6,0.8,,,,,2017-12
2017-12-27,1455,集盛,紡織纖維,進榜,準備,10.57,78.0,3.0,0,,,,,11.0,4.0,,,,,2017-12
2017-12-27,2027,大成鋼,鋼鐵工業,進榜,準備,10.65,75.0,2.0,0,,,,,11.0,3.1,,,,,2017-12
2017-12-27,5317,?,,觸發,等待後觸發,65.11,98.0,2.0,6,,,,,66.3,1.8,,,,,2017-12
2017-12-27,1309,台達化,塑膠工業,觸發,等待後觸發,9.96,88.0,3.0,6,,,,,10.2,2.3,,,,,2017-12
2017-12-27,2464,盟立,其他電子業,移出,掉出掃描母體,34.35,71.0,,1,,,,,,,,,,,2017-12
2017-12-27,4991,環宇-KY,半導體業,移出,突破失敗,78.8,77.0,,16,,,,,,,,,,,2017-12
2017-12-28,6120,達運,電子工業,進榜,觸發,34.88,99.0,4.0,0,,,,,34.9,0.1,,,,,2017-12
2017-12-28,6120,達運,電子工業,觸發,進榜即觸發,34.88,99.0,4.0,0,,,,,34.9,0.1,,,,,2017-12
2017-12-28,2345,智邦,通信網路業,進榜,準備,87.76,77.0,3.0,0,,,,,87.8,0.0,,,,,2017-12
2017-12-28,1802,台玻,玻璃陶瓷,觸發,等待後觸發,19.6,89.0,2.0,3,,,,,19.2,-2.2,,,,,2017-12
2017-12-28,5285,界霖,電子工業,觸發,等待後觸發,63.94,93.0,2.0,3,,,,,65.3,2.1,,,,,2017-12
2017-12-29,2444,兆勁,通信網路業,進榜,準備,41.58,96.0,2.0,0,,,,,,,,,,,2017-12
2017-12-29,3018,隆銘綠能,其他電子業,進榜,準備,150.64,94.0,3.0,0,,,,,,,,,,,2017-12
2017-12-29,1785,光洋科,其他電子類,進榜,準備,16.77,85.0,2.0,0,,,,,,,,,,,2017-12
2017-12-29,6274,台燿,電子零組件業,進榜,準備,59.53,77.0,3.0,0,,,,,,,,,,,2017-12
2017-12-29,2104,國際中橡,橡膠工業,進榜,準備,30.97,73.0,2.0,0,,,,,,,,,,,2017-12
2017-12-29,3090,日電貿,電子工業,進榜,準備,18.73,72.0,0.0,0,,,,,,,,,,,2017-12
2017-12-29,4939,亞電,電子零組件業,移出,突破失敗,15.66,81.0,,4,,,,,,,,,,,2017-12
