日期,代號,名稱,產業,事件,原因,收盤,RS,底部序,在榜天數,樞紐,報酬20D,基準20D,報酬60D,基準60D,報酬120D,基準120D,報酬180D,基準180D,次日開盤,跳空%,報酬20D開,基準20D開,報酬60D開,基準60D開,報酬120D開,基準120D開,報酬180D開,基準180D開,月
2023-01-03,4763,材料*-KY,化學工業,進榜,觸發,13.58,97.0,5.0,0,,46.3,3.6,140.9,11.1,269.3,14.0,553.0,12.1,13.6,0.0,46.3,3.6,140.9,10.9,269.3,13.7,553.0,12.3,2023-01
2023-01-03,4763,材料*-KY,化學工業,觸發,進榜即觸發,13.58,97.0,5.0,0,13.58,46.3,3.6,140.9,11.1,269.3,14.0,553.0,12.1,13.6,0.0,46.3,3.6,140.9,10.9,269.3,13.7,553.0,12.3,2023-01
2023-01-03,9939,宏全,其他,移出,掉出掃描母體,73.17,71.0,,4,,,,,,,,,,,,,,,,,,,,2023-01
2023-01-03,4114,健喬,生技醫療業,移出,離高點太遠,29.49,93.0,,43,,,,,,,,,,,,,,,,,,,,2023-01
2023-01-03,2748,雲品,觀光事業,移出,突破失敗,50.09,79.0,,6,,,,,,,,,,,,,,,,,,,,2023-01
2023-01-04,3704,合勤控,通信網路業,進榜,觸發,35.14,93.0,2.0,0,,4.5,3.4,4.7,11.5,50.2,13.2,29.1,11.3,35.2,0.1,4.3,3.1,4.6,11.0,50.0,13.1,28.9,10.9,2023-01
2023-01-04,3704,合勤控,通信網路業,觸發,進榜即觸發,35.14,93.0,2.0,0,35.14,4.5,3.4,4.7,11.5,50.2,13.2,29.1,11.3,35.2,0.1,4.3,3.1,4.6,11.0,50.0,13.1,28.9,10.9,2023-01
2023-01-04,1707,葡萄王,化學生技醫療,進榜,準備,139.28,82.0,1.0,0,,0.9,3.4,10.4,11.5,0.4,13.2,-7.1,11.3,139.7,0.3,0.6,3.1,10.1,11.0,0.1,13.1,-7.3,10.9,2023-01
2023-01-04,1519,華城,電機機械,觸發,等待後觸發,41.27,95.0,2.0,9,36.47,-7.8,3.4,68.6,11.5,216.0,13.2,412.1,11.3,42.6,3.3,-10.8,3.1,63.2,11.0,205.9,13.1,395.8,10.9,2023-01
2023-01-05,2748,雲品,觀光事業,進榜,準備,56.49,91.0,3.0,0,,25.0,3.9,48.6,11.1,29.6,13.8,9.7,11.8,56.5,0.0,25.0,3.9,48.6,11.3,29.6,14.0,9.7,11.7,2023-01
2023-01-05,3264,欣銓,半導體業,進榜,準備,41.98,82.0,2.0,0,,11.8,3.9,14.4,11.1,29.1,13.8,31.8,11.8,42.1,0.2,11.6,3.9,14.2,11.3,28.8,14.0,31.6,11.7,2023-01
2023-01-06,2707,晶華,觀光事業,移出,離高點太遠,188.84,87.0,,50,,,,,,,,,,,,,,,,,,,,2023-01
2023-01-06,3693,營邦,電腦及週邊設備業,移出,離高點太遠,89.36,97.0,,38,,,,,,,,,,,,,,,,,,,,2023-01
2023-01-06,5704,老爺知,觀光事業,移出,掉出掃描母體,43.54,92.0,,37,,,,,,,,,,,,,,,,,,,,2023-01
2023-01-09,6533,晶心科,電子工業,進榜,準備,544.36,99.0,1.0,0,,2.9,3.7,-13.5,9.1,-17.3,12.5,-25.9,10.0,543.4,-0.2,3.1,3.7,-13.3,9.1,-17.2,12.2,-25.7,10.0,2023-01
2023-01-09,3587,閎康,其他電子類,進榜,準備,145.88,90.0,3.0,0,,10.2,3.7,18.0,9.1,53.1,12.5,57.5,10.0,146.3,0.3,9.9,3.7,17.6,9.1,52.6,12.2,57.0,10.0,2023-01
2023-01-09,3293,鈊象,文化創意業,觸發,等待後觸發,202.13,92.0,3.0,10,186.41,6.9,3.7,10.7,9.1,42.5,12.5,38.1,10.0,205.9,1.9,4.9,3.7,8.7,9.1,39.9,12.2,35.5,10.0,2023-01
2023-01-10,3231,緯創,電子工業,進榜,準備,26.78,71.0,2.0,0,,5.0,4.0,47.6,7.7,335.3,12.1,222.1,10.2,26.8,0.0,5.0,3.9,47.6,7.5,335.3,12.2,222.1,10.0,2023-01
2023-01-10,6620,漢達,生技醫療業,觸發,等待後觸發,125.42,100.0,3.0,18,115.62,40.6,4.0,28.5,7.7,28.9,12.1,13.3,10.2,122.7,-2.2,43.7,3.9,31.3,7.5,31.7,12.2,15.8,10.0,2023-01
2023-01-10,8050,廣積,電腦及週邊設備業,移出,掉出掃描母體,65.02,73.0,,33,,,,,,,,,,,,,,,,,,,,2023-01
2023-01-10,1752,南光,化學生技醫療,移出,離高點太遠,49.26,97.0,,22,,,,,,,,,,,,,,,,,,,,2023-01
2023-01-11,3231,緯創,電子工業,移出,掉出掃描母體,26.78,71.0,,1,,,,,,,,,,,,,,,,,,,,2023-01
2023-01-11,1760,寶齡富錦,化學生技醫療,移出,掉出掃描母體,152.17,83.0,,55,,,,,,,,,,,,,,,,,,,,2023-01
2023-01-11,3022,威強電,電子工業,移出,掉出掃描母體,58.92,92.0,,41,,,,,,,,,,,,,,,,,,,,2023-01
2023-01-11,1720,生達,化學生技醫療,移出,離高點太遠,42.9,76.0,,16,,,,,,,,,,,,,,,,,,,,2023-01
2023-01-12,2732,六角,觀光事業,進榜,準備,120.65,92.0,3.0,0,,7.6,5.9,18.4,7.2,1.4,12.9,-24.2,9.8,120.2,-0.3,8.0,5.6,18.8,6.7,1.7,12.6,-24.0,9.3,2023-01
2023-01-13,3231,緯創,電子工業,進榜,準備,26.82,72.0,2.0,0,,5.1,6.0,49.0,7.9,436.5,12.4,210.3,9.7,26.8,0.0,5.1,5.9,49.0,7.5,436.5,12.2,210.3,9.3,2023-01
2023-01-13,6121,新普,電腦及週邊設備業,移出,掉出掃描母體,236.41,75.0,,17,,,,,,,,,,,,,,,,,,,,2023-01
2023-01-13,1519,華城,電機機械,移出,離高點太遠,35.96,86.0,,18,,,,,,,,,,,,,,,,,,,,2023-01
2023-01-13,2748,雲品,觀光事業,移出,晚期未觸發,54.56,79.0,,8,,,,,,,,,,,,,,,,,,,,2023-01
2023-01-16,3693,營邦,電腦及週邊設備業,進榜,觸發,119.57,100.0,4.0,0,,-3.8,6.9,30.5,8.2,161.7,12.9,240.9,9.5,125.9,5.3,-8.6,6.8,23.9,8.0,148.6,12.7,223.9,9.5,2023-01
2023-01-16,3693,營邦,電腦及週邊設備業,觸發,進榜即觸發,119.57,100.0,4.0,0,119.57,-3.8,6.9,30.5,8.2,161.7,12.9,240.9,9.5,125.9,5.3,-8.6,6.8,23.9,8.0,148.6,12.7,223.9,9.5,2023-01
2023-01-16,5263,智崴,文化創意業,進榜,觸發,139.9,85.0,2.0,0,,-9.0,6.9,-19.3,8.2,-10.7,12.9,-24.0,9.5,140.4,0.3,-9.3,6.8,-19.6,8.0,-11.0,12.7,-24.3,9.5,2023-01
2023-01-16,5263,智崴,文化創意業,觸發,進榜即觸發,139.9,85.0,2.0,0,139.9,-9.0,6.9,-19.3,8.2,-10.7,12.9,-24.0,9.5,140.4,0.3,-9.3,6.8,-19.6,8.0,-11.0,12.7,-24.3,9.5,2023-01
2023-01-16,2732,六角,觀光事業,移出,晚期未觸發,116.47,89.0,,4,,,,,,,,,,,,,,,,,,,,2023-01
2023-01-16,2723,美食-KY,觀光事業,移出,逾期,131.45,91.0,,56,,,,,,,,,,,,,,,,,,,,2023-01
2023-01-16,3704,合勤控,通信網路業,移出,突破失敗,32.24,76.0,,12,,,,,,,,,,,,,,,,,,,,2023-01
2023-01-17,8478,東哥遊艇,其他,進榜,觸發,333.83,97.0,6.0,0,,2.4,6.3,25.0,8.7,74.7,12.6,0.2,9.3,366.9,9.9,-6.9,5.3,13.7,7.9,58.9,11.5,-8.8,8.4,2023-01
2023-01-17,8478,東哥遊艇,其他,觸發,進榜即觸發,333.83,97.0,6.0,0,333.83,2.4,6.3,25.0,8.7,74.7,12.6,0.2,9.3,366.9,9.9,-6.9,5.3,13.7,7.9,58.9,11.5,-8.8,8.4,2023-01
2023-01-17,6782,視陽,生技醫療業,進榜,準備,298.19,80.0,3.0,0,,12.6,6.3,-12.0,8.7,-43.7,12.6,-42.7,9.3,304.5,2.1,10.3,5.3,-13.8,7.9,-44.8,11.5,-43.9,8.4,2023-01
2023-01-17,4155,訊映,生技醫療業,進榜,準備,23.37,79.0,2.0,0,,17.6,6.3,20.8,8.7,16.7,12.6,0.1,9.3,23.6,0.9,16.6,5.3,19.8,7.9,15.7,11.5,-0.8,8.4,2023-01
2023-01-17,2834,臺企銀,金融保險,進榜,準備,9.91,70.0,1.0,0,,7.1,6.3,3.7,8.7,6.3,12.6,-1.8,9.3,9.9,0.4,6.7,5.3,3.3,7.9,5.9,11.5,-2.2,8.4,2023-01
2023-01-30,2230,泰茂,電機機械,進榜,觸發,32.22,99.0,4.0,0,,65.8,5.0,87.0,8.1,127.1,12.1,198.8,8.2,32.5,1.0,64.2,5.0,85.2,8.0,124.9,12.2,195.8,8.2,2023-01
2023-01-30,2230,泰茂,電機機械,觸發,進榜即觸發,32.22,99.0,4.0,0,32.22,65.8,5.0,87.0,8.1,127.1,12.1,198.8,8.2,32.5,1.0,64.2,5.0,85.2,8.0,124.9,12.2,195.8,8.2,2023-01
2023-01-30,6223,旺矽,半導體業,進榜,準備,112.13,91.0,1.0,0,,3.7,5.0,9.1,8.1,74.6,12.1,71.2,8.2,113.5,1.2,2.5,5.0,7.8,8.0,72.5,12.2,69.1,8.2,2023-01
2023-01-30,3264,欣銓,半導體業,觸發,等待後觸發,44.5,85.0,2.0,25,43.16,4.0,5.0,1.7,8.1,22.6,12.1,29.4,8.2,44.5,0.0,4.0,5.0,1.7,8.0,22.6,12.2,29.4,8.2,2023-01
2023-01-30,3231,緯創,電子工業,觸發,等待後觸發,27.71,74.0,2.0,17,27.18,4.3,5.0,60.6,8.1,406.1,12.1,213.2,8.2,27.7,0.0,4.3,5.0,60.6,8.0,406.1,12.2,213.2,8.2,2023-01
2023-01-30,2727,王品,觀光事業,移出,逾期,128.46,92.0,,60,,,,,,,,,,,,,,,,,,,,2023-01
2023-01-30,2834,臺企銀,金融保險,移出,掉出掃描母體,9.91,70.0,,13,,,,,,,,,,,,,,,,,,,,2023-01
2023-01-31,2201,裕隆,汽車工業,進榜,觸發,74.03,98.0,4.0,0,,-4.9,4.4,-6.4,6.7,0.1,11.6,-2.9,6.8,73.8,-0.4,-4.6,4.2,-6.1,6.6,0.4,11.6,-2.5,6.6,2023-01
2023-01-31,2201,裕隆,汽車工業,觸發,進榜即觸發,74.03,98.0,4.0,0,74.03,-4.9,4.4,-6.4,6.7,0.1,11.6,-2.9,6.8,73.8,-0.4,-4.6,4.2,-6.1,6.6,0.4,11.6,-2.5,6.6,2023-01
2023-01-31,5258,虹堡,電子工業,進榜,觸發,67.8,82.0,6.0,0,,22.1,4.4,3.8,6.7,69.2,11.6,76.1,6.8,68.8,1.5,20.3,4.2,2.3,6.6,66.7,11.6,73.5,6.6,2023-01
2023-01-31,5258,虹堡,電子工業,觸發,進榜即觸發,67.8,82.0,6.0,0,67.8,22.1,4.4,3.8,6.7,69.2,11.6,76.1,6.8,68.8,1.5,20.3,4.2,2.3,6.6,66.7,11.6,73.5,6.6,2023-01
2023-01-31,3454,晶睿,光電業,進榜,準備,197.25,99.0,3.0,0,,19.0,4.4,-7.0,6.7,-10.6,11.6,-38.1,6.8,198.2,0.5,18.4,4.2,-7.5,6.6,-11.0,11.6,-38.3,6.6,2023-01
2023-01-31,4977,眾達-KY,電子工業,進榜,準備,98.78,88.0,2.0,0,,-1.8,4.4,-8.8,6.7,-21.8,11.6,-28.3,6.8,98.8,0.0,-1.8,4.2,-8.8,6.6,-21.8,11.6,-28.3,6.6,2023-01
2023-01-31,8091,翔名,電子零組件業,進榜,準備,70.49,75.0,3.0,0,,2.6,4.4,14.0,6.7,8.7,11.6,6.8,6.8,71.0,0.7,1.9,4.2,13.3,6.6,8.0,11.6,6.1,6.6,2023-01
2023-01-31,2929,淘帝-KY,貿易百貨,觸發,等待後觸發,20.8,98.0,1.0,35,18.65,-20.0,4.4,-36.1,6.7,-47.4,11.6,-46.2,6.8,21.4,2.9,-22.2,4.2,-37.9,6.6,-48.8,11.6,-47.7,6.6,2023-01
2023-02-01,6180,橘子,文化創意業,進榜,準備,64.95,90.0,2.0,0,,2.1,4.2,-9.3,6.5,-6.6,10.7,-11.9,6.4,65.0,0.1,2.0,3.8,-9.4,6.3,-6.8,10.2,-12.0,6.1,2023-02
2023-02-01,3022,威強電,電子工業,進榜,準備,62.46,89.0,3.0,0,,11.5,4.2,7.7,6.5,15.4,10.7,-2.0,6.4,62.5,0.1,11.3,3.8,7.5,6.3,15.2,10.2,-2.2,6.1,2023-02
2023-02-01,4163,鐿鈦,生技醫療業,進榜,準備,104.23,81.0,3.0,0,,17.8,4.2,13.1,6.5,10.0,10.7,2.5,6.4,105.1,0.8,16.8,3.8,12.2,6.3,9.0,10.2,1.7,6.1,2023-02
2023-02-01,3704,合勤控,通信網路業,進榜,準備,35.19,78.0,2.0,0,,5.0,4.2,6.8,6.5,41.4,10.7,45.6,6.4,35.6,1.2,3.8,3.8,5.6,6.3,39.7,10.2,43.9,6.1,2023-02
2023-02-01,3558,神準,通信網路業,進榜,準備,193.5,70.0,3.0,0,,41.7,4.2,20.3,6.5,38.2,10.7,4.8,6.4,194.8,0.6,40.8,3.8,19.5,6.3,37.3,10.2,4.1,6.1,2023-02
2023-02-01,9904,寶成,其他,移出,掉出掃描母體,28.76,74.0,,40,,,,,,,,,,,,,,,,,,,,2023-02
2023-02-01,8478,東哥遊艇,其他,移出,離高點太遠,297.62,96.0,,15,,,,,,,,,,,,,,,,,,,,2023-02
2023-02-01,2929,淘帝-KY,貿易百貨,移出,離高點太遠,18.75,97.0,,36,,,,,,,,,,,,,,,,,,,,2023-02
2023-02-01,3231,緯創,電子工業,移出,掉出掃描母體,27.98,72.0,,19,,,,,,,,,,,,,,,,,,,,2023-02
2023-02-02,3443,創意,半導體業,進榜,觸發,831.7,98.0,4.0,0,,24.4,4.1,31.9,5.5,72.3,9.6,75.2,5.5,835.6,0.5,23.8,4.1,31.3,5.5,71.5,9.5,74.4,5.6,2023-02
2023-02-02,3443,創意,半導體業,觸發,進榜即觸發,831.7,98.0,4.0,0,831.7,24.4,4.1,31.9,5.5,72.3,9.6,75.2,5.5,835.6,0.5,23.8,4.1,31.3,5.5,71.5,9.5,74.4,5.6,2023-02
2023-02-02,2482,連宇,其他電子業,進榜,觸發,34.72,93.0,4.0,0,,37.0,4.1,73.0,5.5,58.7,9.6,8.1,5.5,34.5,-0.7,37.9,4.1,74.2,5.5,59.8,9.5,8.9,5.6,2023-02
2023-02-02,2482,連宇,其他電子業,觸發,進榜即觸發,34.72,93.0,4.0,0,34.72,37.0,4.1,73.0,5.5,58.7,9.6,8.1,5.5,34.5,-0.7,37.9,4.1,74.2,5.5,59.8,9.5,8.9,5.6,2023-02
2023-02-02,3558,神準,通信網路業,移出,掉出掃描母體,193.5,70.0,,1,,,,,,,,,,,,,,,,,,,,2023-02
2023-02-02,5263,智崴,文化創意業,移出,掉出掃描母體,136.04,71.0,,17,,,,,,,,,,,,,,,,,,,,2023-02
2023-02-03,1783,和康生,化學生技醫療,進榜,準備,49.86,93.0,1.0,0,,1.7,4.7,22.0,5.6,7.6,8.5,-14.0,4.6,50.1,0.5,1.2,4.9,21.3,5.9,7.1,8.7,-14.4,4.9,2023-02
2023-02-03,5284,jpp-KY,其他,移出,逾期,71.69,97.0,,56,,,,,,,,,,,,,,,,,,,,2023-02
2023-02-06,1795,美時,化學生技醫療,進榜,觸發,251.83,98.0,4.0,0,,-0.7,5.2,2.0,4.8,7.1,9.1,-7.1,5.0,255.5,1.5,-2.2,5.2,0.5,4.8,5.6,8.9,-8.5,4.9,2023-02
2023-02-06,1795,美時,化學生技醫療,觸發,進榜即觸發,251.83,98.0,4.0,0,251.83,-0.7,5.2,2.0,4.8,7.1,9.1,-7.1,5.0,255.5,1.5,-2.2,5.2,0.5,4.8,5.6,8.9,-8.5,4.9,2023-02
2023-02-06,2231,為升,汽車工業,進榜,準備,142.49,70.0,2.0,0,,10.6,5.2,4.0,4.8,-5.9,9.1,-13.3,5.0,140.3,-1.6,12.3,5.2,5.7,4.8,-4.4,8.9,-11.9,4.9,2023-02
2023-02-07,6472,保瑞,生技醫療業,進榜,觸發,280.26,98.0,6.0,0,,5.8,4.6,67.1,4.7,94.4,8.5,80.7,5.3,285.3,1.8,3.9,4.4,64.1,4.5,90.9,8.4,77.5,5.2,2023-02
2023-02-07,6472,保瑞,生技醫療業,觸發,進榜即觸發,280.26,98.0,6.0,0,280.26,5.8,4.6,67.1,4.7,94.4,8.5,80.7,5.3,285.3,1.8,3.9,4.4,64.1,4.5,90.9,8.4,77.5,5.2,2023-02
2023-02-07,3162,精確,電機機械,進榜,觸發,52.6,72.0,2.0,0,,0.4,4.6,-8.0,4.7,-13.5,8.5,-20.6,5.3,51.6,-2.0,2.4,4.4,-6.1,4.5,-11.8,8.4,-19.0,5.2,2023-02
2023-02-07,3162,精確,電機機械,觸發,進榜即觸發,52.6,72.0,2.0,0,52.6,0.4,4.6,-8.0,4.7,-13.5,8.5,-20.6,5.3,51.6,-2.0,2.4,4.4,-6.1,4.5,-11.8,8.4,-19.0,5.2,2023-02
2023-02-07,4747,強生*,生技醫療業,進榜,準備,46.98,97.0,2.0,0,,0.3,4.6,6.7,4.7,94.1,8.5,78.7,5.3,47.1,0.3,0.0,4.4,6.4,4.5,93.5,8.4,78.0,5.2,2023-02
2023-02-07,2707,晶華,觀光事業,進榜,準備,215.17,92.0,3.0,0,,9.2,4.6,6.0,4.7,-5.1,8.5,-18.7,5.3,215.2,0.0,9.2,4.4,6.0,4.5,-5.1,8.4,-18.7,5.2,2023-02
2023-02-07,2723,美食-KY,觀光事業,進榜,準備,141.49,91.0,2.0,0,,-2.3,4.6,-2.3,4.7,-22.0,8.5,-33.8,5.3,141.9,0.3,-2.6,4.4,-2.6,4.5,-22.2,8.4,-34.0,5.2,2023-02
2023-02-07,6523,達爾膚,生技醫療業,進榜,準備,84.69,81.0,1.0,0,,1.8,4.6,21.4,4.7,25.2,8.5,26.5,5.3,84.7,0.0,1.8,4.4,21.4,4.5,25.2,8.4,26.5,5.2,2023-02
2023-02-07,4137,麗豐-KY,化學生技醫療,進榜,準備,166.18,79.0,2.0,0,,-0.7,4.6,6.1,4.7,-10.5,8.5,-7.7,5.3,164.7,-0.9,0.2,4.4,7.0,4.5,-9.7,8.4,-6.8,5.2,2023-02
2023-02-07,3558,神準,通信網路業,進榜,準備,213.56,76.0,3.0,0,,33.9,4.6,8.8,4.7,25.8,8.5,-5.5,5.3,211.5,-1.0,35.2,4.4,9.9,4.5,27.1,8.4,-4.5,5.2,2023-02
2023-02-07,4147,中裕,生技醫療業,進榜,準備,69.85,71.0,2.0,0,,5.9,4.6,77.2,4.7,32.8,8.5,22.2,5.3,70.5,1.0,4.9,4.4,75.5,4.5,31.5,8.4,21.0,5.2,2023-02
2023-02-07,3022,威強電,電子工業,觸發,等待後觸發,67.68,91.0,3.0,6,63.64,3.7,4.6,3.1,4.7,9.4,8.5,-9.5,5.3,67.7,0.0,3.7,4.4,3.1,4.5,9.4,8.4,-9.5,5.2,2023-02
2023-02-07,2231,為升,汽車工業,移出,掉出掃描母體,142.49,70.0,,1,,,,,,,,,,,,,,,,,,,,2023-02
2023-02-07,5009,榮剛,鋼鐵工業,移出,逾期,32.69,79.0,,56,,,,,,,,,,,,,,,,,,,,2023-02
2023-02-08,8227,巨有科技,半導體業,進榜,觸發,108.27,98.0,3.0,0,,95.2,2.7,49.6,3.1,43.3,7.8,78.7,5.3,113.0,4.4,87.0,2.9,43.3,3.2,37.3,7.8,71.2,5.6,2023-02
2023-02-08,8227,巨有科技,半導體業,觸發,進榜即觸發,108.27,98.0,3.0,0,108.27,95.2,2.7,49.6,3.1,43.3,7.8,78.7,5.3,113.0,4.4,87.0,2.9,43.3,3.2,37.3,7.8,71.2,5.6,2023-02
2023-02-08,6515,穎崴,電子工業,進榜,觸發,493.15,90.0,5.0,0,,15.2,2.7,22.2,3.1,26.3,7.8,28.8,5.3,502.5,1.9,13.1,2.9,20.0,3.2,23.9,7.8,26.4,5.6,2023-02
2023-02-08,6515,穎崴,電子工業,觸發,進榜即觸發,493.15,90.0,5.0,0,493.15,15.2,2.7,22.2,3.1,26.3,7.8,28.8,5.3,502.5,1.9,13.1,2.9,20.0,3.2,23.9,7.8,26.4,5.6,2023-02
2023-02-08,9942,茂順,其他,進榜,觸發,92.53,73.0,4.0,0,,2.6,2.7,27.4,3.1,26.5,7.8,15.7,5.3,93.3,0.9,1.7,2.9,26.3,3.2,25.4,7.8,14.7,5.6,2023-02
2023-02-08,9942,茂順,其他,觸發,進榜即觸發,92.53,73.0,4.0,0,92.53,2.6,2.7,27.4,3.1,26.5,7.8,15.7,5.3,93.3,0.9,1.7,2.9,26.3,3.2,25.4,7.8,14.7,5.6,2023-02
2023-02-08,4743,合一,生技醫療業,進榜,準備,240.99,87.0,2.0,0,,-10.2,2.7,-17.7,3.1,-27.3,7.8,-23.7,5.3,244.8,1.6,-11.6,2.9,-19.0,3.2,-28.4,7.8,-24.9,5.6,2023-02
2023-02-08,2404,漢唐,其他電子業,進榜,準備,175.66,86.0,1.0,0,,6.5,2.7,4.9,3.1,16.1,7.8,23.6,5.3,175.3,-0.2,6.8,2.9,5.1,3.2,16.4,7.8,23.9,5.6,2023-02
2023-02-08,6782,視陽,生技醫療業,移出,掉出掃描母體,303.56,74.0,,22,,,,,,,,,,,,,,,,,,,,2023-02
2023-02-08,8091,翔名,電子零組件業,移出,掉出掃描母體,72.79,78.0,,8,,,,,,,,,,,,,,,,,,,,2023-02
2023-02-09,6643,M31,半導體業,進榜,觸發,462.36,99.0,4.0,0,,-2.2,2.2,0.0,3.3,61.9,7.5,67.9,5.9,462.4,0.0,-2.2,2.3,0.0,3.4,61.9,7.5,67.9,6.0,2023-02
2023-02-09,6643,M31,半導體業,觸發,進榜即觸發,462.36,99.0,4.0,0,462.36,-2.2,2.2,0.0,3.3,61.9,7.5,67.9,5.9,462.4,0.0,-2.2,2.3,0.0,3.4,61.9,7.5,67.9,6.0,2023-02
2023-02-09,1342,八貫,其他,進榜,觸發,107.47,97.0,5.0,0,,6.0,2.2,-5.5,3.3,-18.6,7.5,-16.1,5.9,109.4,1.8,4.2,2.3,-7.1,3.4,-20.0,7.5,-17.5,6.0,2023-02
2023-02-09,1342,八貫,其他,觸發,進榜即觸發,107.47,97.0,5.0,0,107.47,6.0,2.2,-5.5,3.3,-18.6,7.5,-16.1,5.9,109.4,1.8,4.2,2.3,-7.1,3.4,-20.0,7.5,-17.5,6.0,2023-02
2023-02-09,2748,雲品,觀光事業,進榜,觸發,69.39,96.0,4.0,0,,6.3,2.2,1.8,3.3,6.4,7.5,-3.7,5.9,68.0,-2.0,8.5,2.3,3.9,3.4,8.6,7.5,-1.8,6.0,2023-02
2023-02-09,2748,雲品,觀光事業,觸發,進榜即觸發,69.39,96.0,4.0,0,69.39,6.3,2.2,1.8,3.3,6.4,7.5,-3.7,5.9,68.0,-2.0,8.5,2.3,3.9,3.4,8.6,7.5,-1.8,6.0,2023-02
2023-02-09,3454,晶睿,光電業,觸發,等待後觸發,227.74,100.0,3.0,9,200.94,12.6,2.2,-21.9,3.3,-23.6,7.5,-39.3,5.9,229.6,0.8,11.7,2.3,-22.5,3.4,-24.2,7.5,-39.7,6.0,2023-02
2023-02-10,8033,雷虎,其他,進榜,觸發,45.09,100.0,4.0,0,,23.5,2.3,34.5,3.6,24.4,6.9,20.3,6.7,46.1,2.3,20.8,2.5,31.5,3.8,21.6,7.0,17.6,6.7,2023-02
2023-02-10,8033,雷虎,其他,觸發,進榜即觸發,45.09,100.0,4.0,0,45.09,23.5,2.3,34.5,3.6,24.4,6.9,20.3,6.7,46.1,2.3,20.8,2.5,31.5,3.8,21.6,7.0,17.6,6.7,2023-02
2023-02-10,6782,視陽,生技醫療業,進榜,準備,316.1,81.0,3.0,0,,-24.9,2.3,-38.1,3.6,-52.4,6.9,-42.5,6.7,314.3,-0.6,-24.5,2.5,-37.7,3.8,-52.1,7.0,-42.2,6.7,2023-02
2023-02-10,3617,碩天,其他電子業,進榜,準備,90.17,77.0,3.0,0,,-0.9,2.3,23.5,3.6,102.7,6.9,94.9,6.7,92.2,2.3,-3.1,2.5,20.8,3.8,98.2,7.0,90.5,6.7,2023-02
2023-02-10,2753,八方雲集,觀光事業,觸發,等待後觸發,191.15,94.0,2.0,44,179.45,-15.4,2.3,-29.6,3.6,-30.0,6.9,-24.8,6.7,195.9,2.5,-17.5,2.5,-31.3,3.8,-31.7,7.0,-26.7,6.7,2023-02
2023-02-10,3693,營邦,電腦及週邊設備業,移出,離高點太遠,111.03,98.0,,25,,,,,,,,,,,,,,,,,,,,2023-02
2023-02-10,3162,精確,電機機械,移出,掉出掃描母體,53.56,78.0,,3,,,,,,,,,,,,,,,,,,,,2023-02
2023-02-13,2754,亞洲藏壽司,觀光事業,進榜,觸發,149.28,97.0,3.0,0,,-3.5,2.6,7.3,4.4,1.6,6.7,-18.1,6.3,151.2,1.3,-4.7,2.4,6.0,4.2,0.3,6.4,-19.1,6.1,2023-02
2023-02-13,2754,亞洲藏壽司,觀光事業,觸發,進榜即觸發,149.28,97.0,3.0,0,149.28,-3.5,2.6,7.3,4.4,1.6,6.7,-18.1,6.3,151.2,1.3,-4.7,2.4,6.0,4.2,0.3,6.4,-19.1,6.1,2023-02
2023-02-13,4536,拓凱,其他,進榜,觸發,157.41,72.0,4.0,0,,5.6,2.6,0.5,4.4,-8.1,6.7,-8.9,6.3,159.8,1.5,4.0,2.4,-1.0,4.2,-9.5,6.4,-10.3,6.1,2023-02
2023-02-13,4536,拓凱,其他,觸發,進榜即觸發,157.41,72.0,4.0,0,157.41,5.6,2.6,0.5,4.4,-8.1,6.7,-8.9,6.3,159.8,1.5,4.0,2.4,-1.0,4.2,-9.5,6.4,-10.3,6.1,2023-02
2023-02-13,2727,王品,觀光事業,進榜,準備,152.01,96.0,1.0,0,,29.1,2.6,52.3,4.4,45.0,6.7,40.4,6.3,153.1,0.7,28.1,2.4,51.2,4.2,44.0,6.4,39.3,6.1,2023-02
2023-02-13,4129,聯合,生技醫療業,進榜,準備,42.1,94.0,3.0,0,,5.9,2.6,20.9,4.4,41.3,6.7,49.9,6.3,43.3,2.8,3.0,2.4,17.5,4.2,37.4,6.4,45.7,6.1,2023-02
2023-02-13,4164,承業醫,化學生技醫療,進榜,準備,48.53,90.0,2.0,0,,25.9,2.6,20.3,4.4,1.9,6.7,18.9,6.3,49.6,2.2,23.2,2.4,17.8,4.2,-0.3,6.4,16.4,6.1,2023-02
2023-02-13,5258,虹堡,電子工業,移出,掉出掃描母體,66.25,72.0,,13,,,,,,,,,,,,,,,,,,,,2023-02
2023-02-13,3558,神準,通信網路業,移出,掉出掃描母體,212.73,73.0,,6,,,,,,,,,,,,,,,,,,,,2023-02
2023-02-14,5410,國眾,資訊服務業,進榜,準備,27.32,80.0,3.0,0,,-2.0,0.9,0.0,4.6,-1.7,4.4,2.5,5.7,27.0,-1.3,-0.7,0.9,1.3,4.6,-0.4,4.4,3.8,5.7,2023-02
2023-02-14,8105,凌巨,光電業,進榜,準備,14.6,77.0,2.0,0,,-5.0,0.9,-7.4,4.6,-7.7,4.4,-14.5,5.7,14.6,0.0,-5.0,0.9,-7.4,4.6,-7.7,4.4,-14.5,5.7,2023-02
2023-02-14,9904,寶成,其他,進榜,準備,28.88,73.0,1.0,0,,-7.1,0.9,-8.0,4.6,-7.6,4.4,-10.3,5.7,28.9,0.1,-7.2,0.9,-8.1,4.6,-7.7,4.4,-10.5,5.7,2023-02
2023-02-14,2723,美食-KY,觀光事業,觸發,等待後觸發,153.36,95.0,2.0,7,145.14,-14.6,0.9,-2.7,4.6,-32.2,4.4,-38.6,5.7,154.3,0.6,-15.1,0.9,-3.3,4.6,-32.6,4.4,-38.9,5.7,2023-02
2023-02-14,6472,保瑞,生技醫療業,移出,離高點太遠,285.65,98.0,,7,,,,,,,,,,,,,,,,,,,,2023-02
2023-02-15,3558,神準,通信網路業,進榜,準備,219.0,72.0,3.0,0,,25.2,1.6,11.5,4.8,10.5,5.0,-9.8,5.3,218.2,-0.4,25.7,1.5,11.9,4.6,10.9,4.6,-9.4,5.3,2023-02
2023-02-15,1802,台玻,玻璃陶瓷,進榜,準備,23.25,71.0,1.0,0,,-12.0,1.6,-18.1,4.8,-13.8,5.0,-19.4,5.3,23.2,0.0,-12.0,1.5,-18.1,4.6,-13.8,4.6,-19.4,5.3,2023-02
2023-02-15,3617,碩天,其他電子業,觸發,等待後觸發,97.92,86.0,3.0,5,92.21,-5.8,1.6,45.0,4.8,110.0,5.0,88.4,5.3,98.3,0.4,-6.2,1.5,44.4,4.6,109.1,4.6,87.6,5.3,2023-02
2023-02-15,4977,眾達-KY,電子工業,移出,掉出掃描母體,93.99,74.0,,15,,,,,,,,,,,,,,,,,,,,2023-02
2023-02-15,6643,M31,半導體業,移出,突破失敗,422.28,98.0,,6,,,,,,,,,,,,,,,,,,,,2023-02
2023-02-15,8033,雷虎,其他,移出,突破失敗,41.41,99.0,,5,,,,,,,,,,,,,,,,,,,,2023-02
2023-02-16,2453,凌群,資訊服務業,進榜,準備,34.97,93.0,2.0,0,,59.3,1.5,62.7,3.9,33.6,3.8,39.9,4.8,34.6,-1.1,61.0,1.8,64.5,4.1,35.1,4.1,41.4,5.1,2023-02
2023-02-16,4977,眾達-KY,電子工業,進榜,準備,100.95,79.0,2.0,0,,-4.3,1.5,-11.2,3.9,-37.4,3.8,-32.9,4.8,100.1,-0.9,-3.5,1.8,-10.4,4.1,-36.9,4.1,-32.3,5.1,2023-02
2023-02-16,2231,為升,汽車工業,進榜,準備,144.7,72.0,2.0,0,,0.0,1.5,-1.5,3.9,-12.8,3.8,-13.6,4.8,144.7,0.0,0.0,1.8,-1.5,4.1,-12.8,4.1,-13.6,5.1,2023-02
2023-02-16,9942,茂順,其他,移出,掉出掃描母體,94.94,71.0,,8,,,,,,,,,,,,,,,,,,,,2023-02
2023-02-16,4536,拓凱,其他,移出,掉出掃描母體,163.06,75.0,,3,,,,,,,,,,,,,,,,,,,,2023-02
2023-02-16,9904,寶成,其他,移出,掉出掃描母體,28.63,70.0,,2,,,,,,,,,,,,,,,,,,,,2023-02
2023-02-16,3264,欣銓,半導體業,移出,掉出掃描母體,45.59,71.0,,42,,,,,,,,,,,,,,,,,,,,2023-02
2023-02-16,4147,中裕,生技醫療業,移出,掉出掃描母體,67.59,73.0,,9,,,,,,,,,,,,,,,,,,,,2023-02
2023-02-16,5410,國眾,資訊服務業,移出,掉出掃描母體,26.5,72.0,,2,,,,,,,,,,,,,,,,,,,,2023-02
2023-02-17,1503,士電,電機機械,進榜,觸發,78.84,87.0,1.0,0,,-2.0,1.6,61.7,4.1,52.4,4.0,14.2,4.3,80.8,2.5,-4.4,1.6,57.8,4.0,48.7,4.0,11.4,4.3,2023-02
2023-02-17,1503,士電,電機機械,觸發,進榜即觸發,78.84,87.0,1.0,0,78.84,-2.0,1.6,61.7,4.1,52.4,4.0,14.2,4.3,80.8,2.5,-4.4,1.6,57.8,4.0,48.7,4.0,11.4,4.3,2023-02
2023-02-17,3594,磐儀,電腦及週邊設備業,進榜,觸發,35.67,87.0,3.0,0,,24.6,1.6,33.9,4.1,34.7,4.0,33.7,4.3,36.8,3.2,20.8,1.6,29.7,4.0,30.5,4.0,29.6,4.3,2023-02
2023-02-17,3594,磐儀,電腦及週邊設備業,觸發,進榜即觸發,35.67,87.0,3.0,0,35.67,24.6,1.6,33.9,4.1,34.7,4.0,33.7,4.3,36.8,3.2,20.8,1.6,29.7,4.0,30.5,4.0,29.6,4.3,2023-02
2023-02-17,5284,jpp-KY,其他,進榜,準備,82.98,96.0,1.0,0,,4.1,1.6,63.3,4.1,50.9,4.0,39.4,4.3,83.0,0.0,4.1,1.6,63.3,4.0,50.9,4.0,39.4,4.3,2023-02
2023-02-17,9939,宏全,其他,進榜,準備,81.25,72.0,1.0,0,,3.3,1.6,7.1,4.1,7.5,4.0,14.9,4.3,81.1,-0.2,3.5,1.6,7.4,4.0,7.7,4.0,15.2,4.3,2023-02
2023-02-17,6290,良維,電子零組件業,進榜,準備,60.96,71.0,1.0,0,,1.0,1.6,-17.6,4.1,-19.4,4.0,-6.3,4.3,63.7,4.4,-3.3,1.6,-21.1,4.0,-22.8,4.0,-10.2,4.3,2023-02
2023-02-17,2453,凌群,資訊服務業,觸發,等待後觸發,36.45,94.0,2.0,1,35.56,59.8,1.6,59.3,4.1,29.1,4.0,33.0,4.3,37.5,2.8,55.4,1.6,55.0,4.0,25.6,4.0,29.4,4.3,2023-02
2023-02-17,4164,承業醫,化學生技醫療,觸發,等待後觸發,53.24,89.0,2.0,4,49.22,14.8,1.6,11.6,4.1,-7.1,4.0,5.0,4.3,54.4,2.1,12.4,1.6,9.3,4.0,-9.1,4.0,2.8,4.3,2023-02
2023-02-17,8105,凌巨,光電業,移出,掉出掃描母體,14.75,79.0,,3,,,,,,,,,,,,,,,,,,,,2023-02
2023-02-17,1802,台玻,玻璃陶瓷,移出,掉出掃描母體,23.35,70.0,,2,,,,,,,,,,,,,,,,,,,,2023-02
2023-02-20,7427,華上生醫,生技醫療業,進榜,觸發,81.0,99.0,2.0,0,,-3.8,1.2,21.0,3.5,-12.5,2.8,-12.0,4.2,79.0,-2.5,-1.3,1.2,24.1,3.6,-10.2,2.8,-9.7,4.1,2023-02
2023-02-20,7427,華上生醫,生技醫療業,觸發,進榜即觸發,81.0,99.0,2.0,0,81.0,-3.8,1.2,21.0,3.5,-12.5,2.8,-12.0,4.2,79.0,-2.5,-1.3,1.2,24.1,3.6,-10.2,2.8,-9.7,4.1,2023-02
2023-02-20,8436,大江,生技醫療業,進榜,準備,183.36,96.0,1.0,0,,-10.7,1.2,-18.5,3.5,-27.3,2.8,-22.7,4.2,183.8,0.2,-10.9,1.2,-18.7,3.6,-27.5,2.8,-22.9,4.1,2023-02
2023-02-20,6266,泰詠,電子零組件業,進榜,準備,22.0,77.0,1.0,0,,11.6,1.2,24.0,3.5,19.6,2.8,10.9,4.2,22.0,0.0,11.6,1.2,24.0,3.6,19.6,2.8,10.9,4.1,2023-02
2023-02-20,9939,宏全,其他,移出,掉出掃描母體,81.25,72.0,,3,,,,,,,,,,,,,,,,,,,,2023-02
2023-02-20,6139,亞翔,電子工業,移出,逾期,34.65,71.0,,56,,,,,,,,,,,,,,,,,,,,2023-02
2023-02-21,1519,華城,電機機械,進榜,觸發,46.21,95.0,4.0,0,,10.2,1.0,115.5,3.4,294.6,2.4,339.3,4.2,46.6,0.8,9.4,1.5,113.8,4.0,291.5,2.9,335.9,4.6,2023-02
2023-02-21,1519,華城,電機機械,觸發,進榜即觸發,46.21,95.0,4.0,0,46.21,10.2,1.0,115.5,3.4,294.6,2.4,339.3,4.2,46.6,0.8,9.4,1.5,113.8,4.0,291.5,2.9,335.9,4.6,2023-02
2023-02-21,4119,旭富,化學生技醫療,進榜,觸發,94.36,81.0,3.0,0,,0.0,1.0,1.3,3.4,-1.0,2.4,-12.0,4.2,93.5,-0.9,0.9,1.5,2.2,4.0,-0.2,2.9,-11.2,4.6,2023-02
2023-02-21,4119,旭富,化學生技醫療,觸發,進榜即觸發,94.36,81.0,3.0,0,94.36,0.0,1.0,1.3,3.4,-1.0,2.4,-12.0,4.2,93.5,-0.9,0.9,1.5,2.2,4.0,-0.2,2.9,-11.2,4.6,2023-02
2023-02-21,1584,精剛,其他,進榜,準備,25.04,90.0,2.0,0,,3.9,1.0,26.1,3.4,16.8,2.4,25.2,4.2,24.9,-0.7,4.6,1.5,26.9,4.0,17.6,2.9,26.1,4.6,2023-02
2023-02-21,5009,榮剛,鋼鐵工業,進榜,準備,34.42,85.0,2.0,0,,22.9,1.0,31.3,3.4,14.2,2.4,15.7,4.2,34.1,-1.0,24.1,1.5,32.5,4.0,15.3,2.9,16.8,4.6,2023-02
2023-02-21,3013,晟銘電,電子工業,進榜,準備,20.44,82.0,3.0,0,,4.1,1.0,4.6,3.4,102.9,2.4,114.0,4.2,20.2,-1.0,5.1,1.5,5.6,4.0,104.9,2.9,116.1,4.6,2023-02
2023-02-21,9939,宏全,其他,進榜,準備,82.26,74.0,1.0,0,,0.8,1.0,8.4,3.4,7.6,2.4,12.5,4.2,81.4,-1.0,1.9,1.5,9.5,4.0,8.7,2.9,13.6,4.6,2023-02
2023-02-21,3558,神準,通信網路業,觸發,等待後觸發,269.99,89.0,3.0,6,223.59,7.4,1.0,-12.4,3.4,-8.0,2.4,-23.2,4.2,257.9,-4.5,12.5,1.5,-8.3,4.0,-3.7,2.9,-19.6,4.6,2023-02
2023-02-21,6290,良維,電子零組件業,觸發,等待後觸發,65.39,81.0,1.0,4,61.48,-8.2,1.0,-23.5,3.4,-25.1,2.4,-12.6,4.2,64.8,-0.9,-7.4,1.5,-22.8,4.0,-24.4,2.9,-11.8,4.6,2023-02
2023-02-21,5904,寶雅,貿易百貨,移出,逾期,45.9,71.0,,56,,,,,,,,,,,,,,,,,,,,2023-02
2023-02-22,8033,雷虎,其他,進榜,觸發,54.37,99.0,4.0,0,,4.9,1.5,17.0,3.2,-7.5,2.2,-3.1,5.2,53.8,-1.0,6.0,1.5,18.3,3.0,-6.5,2.1,-2.0,4.9,2023-02
2023-02-22,8033,雷虎,其他,觸發,進榜即觸發,54.37,99.0,4.0,0,54.37,4.9,1.5,17.0,3.2,-7.5,2.2,-3.1,5.2,53.8,-1.0,6.0,1.5,18.3,3.0,-6.5,2.1,-2.0,4.9,2023-02
2023-02-22,6666,羅麗芬-KY,化學生技醫療,進榜,觸發,87.75,93.0,4.0,0,,-16.2,1.5,-16.0,3.2,-28.9,2.2,-34.9,5.2,91.5,4.3,-19.7,1.5,-19.5,3.0,-31.9,2.1,-37.6,4.9,2023-02
2023-02-22,6666,羅麗芬-KY,化學生技醫療,觸發,進榜即觸發,87.75,93.0,4.0,0,87.75,-16.2,1.5,-16.0,3.2,-28.9,2.2,-34.9,5.2,91.5,4.3,-19.7,1.5,-19.5,3.0,-31.9,2.1,-37.6,4.9,2023-02
2023-02-22,2471,資通,資訊服務業,進榜,準備,32.56,91.0,1.0,0,,22.3,1.5,52.9,3.2,28.9,2.2,37.6,5.2,33.2,2.1,19.9,1.5,49.8,3.0,26.2,2.1,34.8,4.9,2023-02
2023-02-22,4916,事欣科,電腦及週邊設備業,進榜,準備,29.8,79.0,2.0,0,,6.6,1.5,10.7,3.2,20.3,2.2,22.3,5.2,30.2,1.5,5.1,1.5,9.1,3.0,18.6,2.1,20.5,4.9,2023-02
2023-02-22,4147,中裕,生技醫療業,進榜,準備,69.55,73.0,2.0,0,,35.2,1.5,54.7,3.2,57.5,2.2,16.4,5.2,69.6,0.0,35.2,1.5,54.7,3.0,57.5,2.1,16.4,4.9,2023-02
2023-02-22,5410,國眾,資訊服務業,進榜,準備,27.09,73.0,3.0,0,,2.2,1.5,1.7,3.2,-1.0,2.2,2.8,5.2,27.2,0.3,1.9,1.5,1.4,3.0,-1.3,2.1,2.5,4.9,2023-02
2023-02-22,6188,廣明,電腦及週邊設備業,進榜,準備,42.93,71.0,1.0,0,,19.0,1.5,15.4,3.2,119.8,2.2,64.4,5.2,43.1,0.3,18.6,1.5,15.0,3.0,119.1,2.1,63.9,4.9,2023-02
2023-02-22,8050,廣積,電腦及週邊設備業,進榜,準備,68.94,71.0,2.0,0,,-0.8,1.5,-4.5,3.2,29.5,2.2,7.5,5.2,69.2,0.4,-1.2,1.5,-4.8,3.0,29.0,2.1,7.1,4.9,2023-02
2023-02-22,2707,晶華,觀光事業,觸發,等待後觸發,238.68,94.0,3.0,15,218.42,-5.3,1.5,-2.4,3.2,-22.5,2.2,-14.3,5.2,246.0,3.1,-8.1,1.5,-5.3,3.0,-24.8,2.1,-16.8,4.9,2023-02
2023-02-22,2231,為升,汽車工業,移出,掉出掃描母體,143.37,77.0,,6,,,,,,,,,,,,,,,,,,,,2023-02
2023-02-22,6533,晶心科,電子工業,移出,掉出掃描母體,530.55,90.0,,44,,,,,,,,,,,,,,,,,,,,2023-02
2023-02-22,4977,眾達-KY,電子工業,移出,掉出掃描母體,103.13,80.0,,6,,,,,,,,,,,,,,,,,,,,2023-02
2023-02-23,6691,洋基工程,其他電子業,進榜,準備,126.52,95.0,2.0,0,,-3.4,0.7,0.9,1.8,17.1,1.3,47.1,4.4,128.0,1.2,-4.6,0.6,-0.3,1.7,15.7,1.4,45.3,4.0,2023-02
2023-02-23,8936,國統,其他,進榜,準備,28.18,88.0,1.0,0,,-7.8,0.7,-10.7,1.8,-0.8,1.3,46.5,4.4,27.9,-1.0,-6.9,0.6,-9.8,1.7,0.2,1.4,47.9,4.0,2023-02
2023-02-23,6670,復盛應用,其他,進榜,準備,187.81,70.0,3.0,0,,-6.1,0.7,-14.2,1.8,-12.3,1.3,-8.0,4.4,193.9,3.3,-9.1,0.6,-16.9,1.7,-15.0,1.4,-10.9,4.0,2023-02
2023-02-23,4147,中裕,生技醫療業,觸發,等待後觸發,76.43,81.0,2.0,1,70.73,24.3,0.7,36.9,1.8,38.2,1.3,5.9,4.4,79.5,4.0,19.5,0.6,31.6,1.7,32.9,1.4,1.9,4.0,2023-02
2023-02-23,5410,國眾,資訊服務業,移出,掉出掃描母體,27.09,73.0,,1,,,,,,,,,,,,,,,,,,,,2023-02
2023-02-24,6838,台新藥,生技醫療業,進榜,準備,68.6,87.0,2.0,0,,-9.2,0.3,-11.8,2.8,-23.5,1.6,-25.4,5.0,67.9,-1.0,-8.3,0.7,-10.9,3.2,-22.7,1.9,-24.6,5.0,2023-02
2023-02-24,3529,力旺,半導體業,進榜,準備,1810.61,81.0,1.0,0,,5.3,0.3,3.2,2.8,-3.1,1.6,30.2,5.0,1791.2,-1.1,6.5,0.7,4.3,3.2,-2.0,1.9,31.6,5.0,2023-02
2023-02-24,4953,緯致,資訊服務業,進榜,準備,88.83,77.0,2.0,0,,9.9,0.3,13.2,2.8,18.9,1.6,22.4,5.0,89.2,0.5,9.4,0.7,12.7,3.2,18.3,1.9,21.8,5.0,2023-02
2023-02-24,6146,耕興,其他電子類,進榜,準備,207.31,72.0,2.0,0,,0.4,0.3,-9.6,2.8,3.8,1.6,-5.8,5.0,202.6,-2.3,2.7,0.7,-7.5,3.2,6.2,1.9,-3.7,5.0,2023-02
2023-02-24,6188,廣明,電腦及週邊設備業,移出,掉出掃描母體,43.36,71.0,,2,,,,,,,,,,,,,,,,,,,,2023-02
2023-02-24,8050,廣積,電腦及週邊設備業,移出,掉出掃描母體,70.33,72.0,,2,,,,,,,,,,,,,,,,,,,,2023-02
2023-02-24,4743,合一,生技醫療業,移出,離高點太遠,219.24,83.0,,16,,,,,,,,,,,,,,,,,,,,2023-02
2023-03-01,6510,精測,半導體業,進榜,準備,574.24,85.0,3.0,0,,-3.7,0.3,-15.1,2.8,-12.9,1.6,-7.8,5.4,582.0,1.3,-5.0,0.3,-16.3,2.7,-14.1,1.4,-9.0,5.2,2023-03
2023-03-01,4746,台耀,化學生技醫療,進榜,準備,64.21,84.0,2.0,0,,0.1,0.3,17.7,2.8,15.0,1.6,37.3,5.4,65.2,1.5,-1.3,0.3,15.9,2.7,13.4,1.4,35.3,5.2,2023-03
2023-03-01,5536,聖暉*,其他電子類,進榜,準備,109.15,83.0,2.0,0,,3.1,0.3,18.4,2.8,27.6,1.6,45.3,5.4,110.9,1.6,1.5,0.3,16.5,2.7,25.6,1.4,43.1,5.2,2023-03
2023-03-01,6188,廣明,電腦及週邊設備業,進榜,準備,43.88,73.0,1.0,0,,13.4,0.3,25.9,2.8,104.2,1.6,62.5,5.4,43.9,0.0,13.4,0.3,25.9,2.7,104.2,1.4,62.5,5.2,2023-03
2023-03-01,6620,漢達,生技醫療業,移出,離高點太遠,171.96,100.0,,68,,,,,,,,,,,,,,,,,,,,2023-03
2023-03-01,1707,葡萄王,化學生技醫療,移出,逾期,152.5,86.0,,56,,,,,,,,,,,,,,,,,,,,2023-03
2023-03-01,4763,材料*-KY,化學工業,移出,離高點太遠,21.36,100.0,,57,,,,,,,,,,,,,,,,,,,,2023-03
2023-03-01,4137,麗豐-KY,化學生技醫療,移出,掉出掃描母體,159.83,76.0,,22,,,,,,,,,,,,,,,,,,,,2023-03
2023-03-01,8033,雷虎,其他,移出,突破失敗,49.75,99.0,,7,,,,,,,,,,,,,,,,,,,,2023-03
2023-03-01,6666,羅麗芬-KY,化學生技醫療,移出,突破失敗,79.78,91.0,,7,,,,,,,,,,,,,,,,,,,,2023-03
2023-03-02,8171,天宇,通信網路業,進榜,準備,62.7,93.0,2.0,0,,-2.4,0.4,-13.7,2.9,-40.8,0.6,-33.1,5.0,63.4,1.1,-3.5,0.3,-14.6,2.7,-41.4,0.6,-33.8,4.9,2023-03
2023-03-02,1720,生達,化學生技醫療,進榜,準備,46.71,78.0,3.0,0,,-8.8,0.4,17.8,2.9,6.4,0.6,10.0,5.0,47.2,1.2,-9.9,0.3,16.4,2.7,5.1,0.6,8.7,4.9,2023-03
2023-03-02,8938,明安,其他,進榜,準備,92.11,73.0,3.0,0,,-5.5,0.4,-24.9,2.9,-32.1,0.6,-34.0,5.0,92.9,0.9,-6.3,0.3,-25.5,2.7,-32.7,0.6,-34.6,4.9,2023-03
2023-03-02,1762,中化生,化學生技醫療,進榜,準備,69.35,72.0,1.0,0,,9.6,0.4,23.2,2.9,-12.8,0.6,-18.3,5.0,70.7,1.9,7.5,0.3,20.8,2.7,-14.5,0.6,-19.9,4.9,2023-03
2023-03-02,2457,飛宏,電子工業,進榜,準備,45.74,72.0,3.0,0,,29.2,0.4,66.6,2.9,48.8,0.6,31.2,5.0,45.9,0.3,28.8,0.3,66.1,2.7,48.3,0.6,30.8,4.9,2023-03
2023-03-02,4747,強生*,生技醫療業,觸發,等待後觸發,51.13,97.0,2.0,23,47.96,-17.5,0.4,7.9,2.9,69.1,0.6,59.3,5.0,56.2,9.9,-24.9,0.3,-1.7,2.7,53.9,0.6,45.0,4.9,2023-03
2023-03-02,6782,視陽,生技醫療業,移出,掉出掃描母體,319.23,71.0,,20,,,,,,,,,,,,,,,,,,,,2023-03
2023-03-02,6838,台新藥,生技醫療業,移出,掉出掃描母體,64.1,75.0,,6,,,,,,,,,,,,,,,,,,,,2023-03
2023-03-03,2732,六角,觀光事業,進榜,觸發,145.37,94.0,4.0,0,,5.4,0.2,9.8,2.5,-26.2,0.7,-30.2,4.3,150.0,3.2,2.1,0.0,6.4,1.9,-28.5,0.4,-32.3,3.7,2023-03
2023-03-03,2732,六角,觀光事業,觸發,進榜即觸發,145.37,94.0,4.0,0,145.37,5.4,0.2,9.8,2.5,-26.2,0.7,-30.2,4.3,150.0,3.2,2.1,0.0,6.4,1.9,-28.5,0.4,-32.3,3.7,2023-03
2023-03-03,8289,泰藝,電子零組件業,進榜,觸發,43.98,81.0,2.0,0,,-6.9,0.2,-18.0,2.5,-33.3,0.7,-26.3,4.3,45.4,3.1,-9.8,0.0,-20.5,1.9,-35.3,0.4,-28.5,3.7,2023-03
2023-03-03,8289,泰藝,電子零組件業,觸發,進榜即觸發,43.98,81.0,2.0,0,43.98,-6.9,0.2,-18.0,2.5,-33.3,0.7,-26.3,4.3,45.4,3.1,-9.8,0.0,-20.5,1.9,-35.3,0.4,-28.5,3.7,2023-03
2023-03-03,3362,先進光,光電業,進榜,觸發,96.3,78.0,4.0,0,,5.0,0.2,6.5,2.5,61.3,0.7,89.4,4.3,99.6,3.4,1.5,0.0,2.9,1.9,55.9,0.4,83.1,3.7,2023-03
2023-03-03,3362,先進光,光電業,觸發,進榜即觸發,96.3,78.0,4.0,0,96.3,5.0,0.2,6.5,2.5,61.3,0.7,89.4,4.3,99.6,3.4,1.5,0.0,2.9,1.9,55.9,0.4,83.1,3.7,2023-03
2023-03-03,2729,瓦城,觀光事業,進榜,準備,168.72,82.0,1.0,0,,-12.8,0.2,5.4,2.5,23.6,0.7,-1.3,4.3,173.1,2.6,-15.0,0.0,2.7,1.9,20.4,0.4,-3.8,3.7,2023-03
2023-03-03,2645,長榮航太,航運業,進榜,準備,86.14,79.0,1.0,0,,-1.5,0.2,8.3,2.5,35.2,0.7,9.6,4.3,85.8,-0.4,-1.1,0.0,8.7,1.9,35.7,0.4,10.0,3.7,2023-03
2023-03-03,3029,零壹,資訊服務業,進榜,準備,41.22,74.0,2.0,0,,16.8,0.2,39.1,2.5,26.4,0.7,40.8,4.3,41.7,1.2,15.5,0.0,37.5,1.9,24.9,0.4,39.1,3.7,2023-03
2023-03-03,3162,精確,電機機械,進榜,準備,54.51,73.0,3.0,0,,6.0,0.2,-4.7,2.5,-15.8,0.7,-18.5,4.3,55.3,1.4,4.5,0.0,-6.0,1.9,-17.0,0.4,-19.6,3.7,2023-03
2023-03-03,3005,神基,電子工業,進榜,準備,44.08,72.0,1.0,0,,5.5,0.2,39.6,2.5,36.5,0.7,101.2,4.3,44.4,0.7,4.7,0.0,38.6,1.9,35.5,0.4,99.7,3.7,2023-03
2023-03-03,6605,帝寶,汽車工業,進榜,準備,78.62,70.0,2.0,0,,-2.0,0.2,6.7,2.5,31.5,0.7,55.7,4.3,79.1,0.6,-2.7,0.0,6.0,1.9,30.7,0.4,54.7,3.7,2023-03
2023-03-03,3013,晟銘電,電子工業,觸發,等待後觸發,22.11,87.0,3.0,10,20.84,-1.3,0.2,31.5,2.5,95.7,0.7,102.8,4.3,23.3,5.3,-6.3,0.0,24.8,1.9,85.8,0.4,92.6,3.7,2023-03
2023-03-03,4953,緯致,資訊服務業,觸發,等待後觸發,95.53,83.0,2.0,7,90.92,2.6,0.2,4.8,2.5,5.9,0.7,18.4,4.3,98.9,3.5,-0.8,0.0,1.3,1.9,2.3,0.4,14.4,3.7,2023-03
2023-03-03,4916,事欣科,電腦及週邊設備業,移出,掉出掃描母體,29.84,75.0,,9,,,,,,,,,,,,,,,,,,,,2023-03
2023-03-03,6670,復盛應用,其他,移出,掉出掃描母體,189.34,72.0,,8,,,,,,,,,,,,,,,,,,,,2023-03
2023-03-03,6223,旺矽,半導體業,移出,掉出掃描母體,113.99,73.0,,32,,,,,,,,,,,,,,,,,,,,2023-03
2023-03-06,6231,系微,資訊服務業,進榜,觸發,84.3,89.0,5.0,0,,15.0,0.0,7.1,1.9,39.3,0.6,57.0,3.2,84.7,0.4,14.5,-0.2,6.6,1.7,38.6,0.6,56.3,3.2,2023-03
2023-03-06,6231,系微,資訊服務業,觸發,進榜即觸發,84.3,89.0,5.0,0,84.3,15.0,0.0,7.1,1.9,39.3,0.6,57.0,3.2,84.7,0.4,14.5,-0.2,6.6,1.7,38.6,0.6,56.3,3.2,2023-03
2023-03-06,8033,雷虎,其他,進榜,準備,59.47,100.0,3.0,0,,-3.4,0.0,12.4,1.9,7.0,0.6,-7.3,3.2,59.0,-0.8,-2.6,-0.2,13.3,1.7,7.9,0.6,-6.6,3.2,2023-03
2023-03-06,3034,聯詠,半導體業,進榜,準備,331.45,91.0,2.0,0,,3.2,0.0,2.1,1.9,2.9,0.6,30.4,3.2,331.8,0.1,3.1,-0.2,2.0,1.7,2.8,0.6,30.2,3.2,2023-03
2023-03-06,6282,康舒,電子零組件業,進榜,準備,36.72,83.0,3.0,0,,-6.6,0.0,21.7,1.9,20.5,0.6,9.8,3.2,37.0,0.9,-7.4,-0.2,20.7,1.7,19.5,0.6,8.8,3.2,2023-03
2023-03-06,3356,奇偶,光電業,進榜,準備,40.87,82.0,2.0,0,,-8.8,0.0,-10.4,1.9,-0.7,0.6,-1.1,3.2,40.1,-2.0,-7.0,-0.2,-8.7,1.7,1.3,0.6,0.9,3.2,2023-03
2023-03-06,3481,群創,光電業,進榜,準備,15.0,77.0,1.0,0,,-6.7,0.0,-10.6,1.9,-8.5,0.6,-21.4,3.2,14.8,-1.6,-5.2,-0.2,-9.1,1.7,-7.0,0.6,-20.1,3.2,2023-03
2023-03-06,3680,家登,半導體業,進榜,準備,292.21,77.0,2.0,0,,13.9,0.0,12.8,1.9,14.4,0.6,21.5,3.2,291.3,-0.3,14.3,-0.2,13.2,1.7,14.8,0.6,21.8,3.2,2023-03
2023-03-06,5425,台半,半導體業,進榜,準備,90.02,72.0,3.0,0,,0.5,0.0,-9.6,1.9,-14.8,0.6,-16.5,3.2,91.3,1.4,-1.0,-0.2,-10.9,1.7,-16.0,0.6,-17.7,3.2,2023-03
2023-03-06,8938,明安,其他,移出,掉出掃描母體,93.3,72.0,,4,,,,,,,,,,,,,,,,,,,,2023-03
2023-03-06,3162,精確,電機機械,移出,掉出掃描母體,54.51,73.0,,3,,,,,,,,,,,,,,,,,,,,2023-03
2023-03-06,6605,帝寶,汽車工業,移出,掉出掃描母體,78.62,70.0,,3,,,,,,,,,,,,,,,,,,,,2023-03
2023-03-06,3587,閎康,其他電子類,移出,逾期,164.22,87.0,,56,,,,,,,,,,,,,,,,,,,,2023-03
2023-03-06,3022,威強電,電子工業,移出,掉出掃描母體,69.61,71.0,,33,,,,,,,,,,,,,,,,,,,,2023-03
2023-03-06,6290,良維,電子零組件業,移出,掉出掃描母體,62.44,76.0,,17,,,,,,,,,,,,,,,,,,,,2023-03
2023-03-07,3046,建碁,電子工業,進榜,準備,49.72,91.0,3.0,0,,18.8,-0.4,45.5,2.1,28.0,0.4,12.6,3.5,51.5,3.6,14.8,-0.2,40.5,2.5,23.6,0.9,8.8,4.0,2023-03
2023-03-07,5904,寶雅,貿易百貨,進榜,準備,49.92,87.0,1.0,0,,-4.9,-0.4,-12.5,2.1,-15.8,0.4,-9.2,3.5,49.8,-0.3,-4.6,-0.2,-12.2,2.5,-15.5,0.9,-8.9,4.0,2023-03
2023-03-07,3264,欣銓,半導體業,進榜,準備,49.45,73.0,1.0,0,,-1.5,-0.4,-0.2,2.1,12.1,0.4,24.8,3.5,49.5,0.2,-1.7,-0.2,-0.3,2.5,11.9,0.9,24.6,4.0,2023-03
2023-03-07,5289,宜鼎,電腦及週邊設備業,進榜,準備,181.99,72.0,1.0,0,,37.5,-0.4,48.9,2.1,34.5,0.4,49.7,3.5,182.0,0.0,37.5,-0.2,48.9,2.5,34.5,0.9,49.7,4.0,2023-03
2023-03-07,5284,jpp-KY,其他,觸發,等待後觸發,93.28,97.0,1.0,18,85.38,13.8,-0.4,53.3,2.1,39.5,0.4,25.0,3.5,95.9,2.9,10.6,-0.2,49.1,2.5,35.7,0.9,21.5,4.0,2023-03
2023-03-07,4119,旭富,化學生技醫療,移出,掉出掃描母體,93.54,75.0,,14,,,,,,,,,,,,,,,,,,,,2023-03
2023-03-07,6146,耕興,其他電子類,移出,掉出掃描母體,211.59,73.0,,11,,,,,,,,,,,,,,,,,,,,2023-03
2023-03-08,8222,寶一,電機機械,進榜,觸發,37.36,91.0,5.0,0,,5.1,-0.3,60.5,1.6,41.6,0.6,17.7,3.3,39.2,4.9,0.1,-0.5,53.0,1.4,34.9,0.5,12.1,3.4,2023-03
2023-03-08,8222,寶一,電機機械,觸發,進榜即觸發,37.36,91.0,5.0,0,37.36,5.1,-0.3,60.5,1.6,41.6,0.6,17.7,3.3,39.2,4.9,0.1,-0.5,53.0,1.4,34.9,0.5,12.1,3.4,2023-03
2023-03-08,3289,宜特,其他電子類,進榜,觸發,83.56,83.0,4.0,0,,-10.2,-0.3,-9.0,1.6,8.6,0.6,-1.3,3.3,84.0,0.5,-10.7,-0.5,-9.5,1.4,8.0,0.5,-1.8,3.4,2023-03
2023-03-08,3289,宜特,其他電子類,觸發,進榜即觸發,83.56,83.0,4.0,0,83.56,-10.2,-0.3,-9.0,1.6,8.6,0.6,-1.3,3.3,84.0,0.5,-10.7,-0.5,-9.5,1.4,8.0,0.5,-1.8,3.4,2023-03
2023-03-08,6139,亞翔,電子工業,進榜,準備,40.31,88.0,3.0,0,,4.9,-0.3,40.8,1.6,99.3,0.6,231.7,3.3,40.3,-0.1,5.0,-0.5,40.9,1.4,99.6,0.5,232.1,3.4,2023-03
2023-03-08,6223,旺矽,半導體業,進榜,準備,117.72,73.0,1.0,0,,5.1,-0.3,30.4,1.6,57.7,0.6,77.9,3.3,118.6,0.8,4.3,-0.5,29.4,1.4,56.5,0.5,76.5,3.4,2023-03
2023-03-08,2495,普安,其他電子業,進榜,準備,19.47,71.0,3.0,0,,5.4,-0.3,15.6,1.6,-1.5,0.6,-1.3,3.3,19.5,0.2,5.2,-0.5,15.4,1.4,-1.7,0.5,-1.5,3.4,2023-03
2023-03-08,4119,旭富,化學生技醫療,進榜,準備,94.36,71.0,3.0,0,,6.1,-0.3,1.7,1.6,-1.6,0.6,-9.6,3.3,95.6,1.3,4.7,-0.5,0.4,1.4,-2.9,0.5,-10.7,3.4,2023-03
2023-03-08,6146,耕興,其他電子類,進榜,準備,209.64,70.0,2.0,0,,1.1,-0.3,-9.5,1.6,5.3,0.6,-2.2,3.3,213.5,1.9,-0.7,-0.5,-11.1,1.4,3.4,0.5,-4.0,3.4,2023-03
2023-03-08,2457,飛宏,電子工業,觸發,等待後觸發,53.17,86.0,3.0,6,46.32,21.8,-0.3,51.0,1.6,30.0,0.6,19.4,3.3,53.6,0.7,20.9,-0.5,49.9,1.4,29.0,0.5,18.6,3.4,2023-03
2023-03-08,3005,神基,電子工業,觸發,等待後觸發,47.0,76.0,1.0,5,44.25,3.0,-0.3,33.2,1.6,31.0,0.6,90.5,3.3,47.2,0.3,2.7,-0.5,32.7,1.4,30.5,0.5,89.9,3.4,2023-03
2023-03-08,3046,建碁,電子工業,觸發,等待後觸發,54.61,94.0,3.0,1,49.72,15.9,-0.3,27.4,1.6,15.9,0.6,4.0,3.3,57.0,4.3,11.1,-0.5,22.1,1.4,11.1,0.5,-0.3,3.4,2023-03
2023-03-08,2471,資通,資訊服務業,觸發,等待後觸發,37.05,94.0,1.0,14,32.96,7.7,-0.3,34.1,1.6,16.2,0.6,23.0,3.3,37.3,0.8,6.9,-0.5,33.1,1.4,15.3,0.5,22.0,3.4,2023-03
2023-03-08,1762,中化生,化學生技醫療,移出,掉出掃描母體,72.24,70.0,,6,,,,,,,,,,,,,,,,,,,,2023-03
2023-03-08,5289,宜鼎,電腦及週邊設備業,移出,掉出掃描母體,181.99,72.0,,1,,,,,,,,,,,,,,,,,,,,2023-03
2023-03-08,3617,碩天,其他電子業,移出,掉出掃描母體,104.45,75.0,,26,,,,,,,,,,,,,,,,,,,,2023-03
2023-03-08,3680,家登,半導體業,移出,掉出掃描母體,286.67,72.0,,2,,,,,,,,,,,,,,,,,,,,2023-03
2023-03-09,2413,環科,電子工業,進榜,觸發,33.22,88.0,4.0,0,,8.5,0.0,-1.7,2.3,-19.8,1.1,-12.0,4.1,33.5,0.7,7.8,0.5,-2.4,2.8,-20.4,1.7,-12.6,4.7,2023-03
2023-03-09,2413,環科,電子工業,觸發,進榜即觸發,33.22,88.0,4.0,0,33.22,8.5,0.0,-1.7,2.3,-19.8,1.1,-12.0,4.1,33.5,0.7,7.8,0.5,-2.4,2.8,-20.4,1.7,-12.6,4.7,2023-03
2023-03-09,5289,宜鼎,電腦及週邊設備業,進榜,準備,195.8,81.0,1.0,0,,31.1,0.0,35.3,2.3,22.8,1.1,39.3,4.1,195.4,-0.2,31.4,0.5,35.6,2.8,23.1,1.7,39.6,4.7,2023-03
2023-03-09,4977,眾達-KY,電子工業,進榜,準備,111.39,75.0,2.0,0,,-3.5,0.0,-18.4,2.3,-41.7,1.1,-34.9,4.1,109.2,-2.0,-1.6,0.5,-16.7,2.8,-40.5,1.7,-33.6,4.7,2023-03
2023-03-09,2634,漢翔,航運業,進榜,準備,38.34,71.0,1.0,0,,4.2,0.0,36.7,2.3,48.5,1.1,25.5,4.1,38.1,-0.7,4.9,0.5,37.7,2.8,49.6,1.7,26.4,4.7,2023-03
2023-03-09,9939,宏全,其他,觸發,等待後觸發,87.89,80.0,1.0,16,82.43,-4.3,0.0,-1.4,2.3,5.2,1.1,20.3,4.1,85.8,-2.4,-2.0,0.5,1.0,2.8,7.8,1.7,23.2,4.7,2023-03
2023-03-09,4746,台耀,化學生技醫療,移出,掉出掃描母體,66.39,75.0,,8,,,,,,,,,,,,,,,,,,,,2023-03
2023-03-09,3481,群創,光電業,移出,掉出掃描母體,14.71,74.0,,3,,,,,,,,,,,,,,,,,,,,2023-03
2023-03-09,6223,旺矽,半導體業,移出,掉出掃描母體,117.72,73.0,,1,,,,,,,,,,,,,,,,,,,,2023-03
2023-03-09,2495,普安,其他電子業,移出,掉出掃描母體,19.47,71.0,,1,,,,,,,,,,,,,,,,,,,,2023-03
2023-03-09,6146,耕興,其他電子類,移出,掉出掃描母體,209.64,70.0,,1,,,,,,,,,,,,,,,,,,,,2023-03
2023-03-09,2201,裕隆,汽車工業,移出,突破失敗,67.87,93.0,,37,,,,,,,,,,,,,,,,,,,,2023-03
2023-03-09,4163,鐿鈦,生技醫療業,移出,離高點太遠,112.17,80.0,,36,,,,,,,,,,,,,,,,,,,,2023-03
2023-03-09,4747,強生*,生技醫療業,移出,離高點太遠,47.15,95.0,,30,,,,,,,,,,,,,,,,,,,,2023-03
2023-03-09,4147,中裕,生技醫療業,移出,掉出掃描母體,75.94,74.0,,15,,,,,,,,,,,,,,,,,,,,2023-03
2023-03-10,2388,威盛,半導體業,進榜,準備,94.19,77.0,2.0,0,,-9.8,1.8,-10.5,3.4,24.7,2.9,86.5,6.4,93.5,-0.7,-9.1,2.4,-9.9,4.1,25.6,3.4,87.9,6.7,2023-03
2023-03-10,3231,緯創,電子工業,進榜,準備,29.84,73.0,1.0,0,,34.4,1.8,102.4,3.4,243.3,2.9,183.2,6.4,29.7,-0.6,35.2,2.4,103.6,4.1,245.4,3.4,184.9,6.7,2023-03
2023-03-10,6147,頎邦,半導體業,進榜,準備,57.02,73.0,1.0,0,,-1.1,1.8,-0.6,3.4,8.6,2.9,11.5,6.4,56.5,-1.0,-0.1,2.4,0.4,4.1,9.7,3.4,12.6,6.7,2023-03
2023-03-10,7427,華上生醫,生技醫療業,移出,離高點太遠,90.2,99.0,,18,,,,,,,,,,,,,,,,,,,,2023-03
2023-03-10,5425,台半,半導體業,移出,掉出掃描母體,95.67,71.0,,4,,,,,,,,,,,,,,,,,,,,2023-03
2023-03-10,3264,欣銓,半導體業,移出,掉出掃描母體,49.87,74.0,,3,,,,,,,,,,,,,,,,,,,,2023-03
2023-03-10,4977,眾達-KY,電子工業,移出,掉出掃描母體,111.39,75.0,,1,,,,,,,,,,,,,,,,,,,,2023-03
2023-03-10,2753,八方雲集,觀光事業,移出,掉出掃描母體,182.39,79.0,,72,,,,,,,,,,,,,,,,,,,,2023-03
2023-03-10,1783,和康生,化學生技醫療,移出,離高點太遠,48.74,86.0,,35,,,,,,,,,,,,,,,,,,,,2023-03
2023-03-10,1795,美時,化學生技醫療,移出,掉出掃描母體,248.6,83.0,,32,,,,,,,,,,,,,,,,,,,,2023-03
2023-03-10,6523,達爾膚,生技醫療業,移出,掉出掃描母體,86.24,72.0,,31,,,,,,,,,,,,,,,,,,,,2023-03
2023-03-10,2707,晶華,觀光事業,移出,離高點太遠,227.74,91.0,,31,,,,,,,,,,,,,,,,,,,,2023-03
2023-03-10,2723,美食-KY,觀光事業,移出,掉出掃描母體,138.3,89.0,,31,,,,,,,,,,,,,,,,,,,,2023-03
2023-03-10,2748,雲品,觀光事業,移出,離高點太遠,76.85,96.0,,29,,,,,,,,,,,,,,,,,,,,2023-03
2023-03-10,2754,亞洲藏壽司,觀光事業,移出,離高點太遠,175.04,95.0,,25,,,,,,,,,,,,,,,,,,,,2023-03
2023-03-10,2471,資通,資訊服務業,移出,離高點太遠,34.07,93.0,,16,,,,,,,,,,,,,,,,,,,,2023-03
2023-03-10,8289,泰藝,電子零組件業,移出,掉出掃描母體,40.96,72.0,,7,,,,,,,,,,,,,,,,,,,,2023-03
2023-03-10,4119,旭富,化學生技醫療,移出,掉出掃描母體,92.3,71.0,,2,,,,,,,,,,,,,,,,,,,,2023-03
2023-03-13,2495,普安,其他電子業,進榜,準備,19.74,81.0,3.0,0,,4.5,2.0,12.8,4.5,-5.8,3.3,-0.1,7.1,19.6,-0.9,5.4,2.6,13.8,4.9,-5.0,3.6,0.8,7.4,2023-03
2023-03-13,3711,日月光投控,半導體業,進榜,準備,93.2,74.0,1.0,0,,-4.6,2.0,16.1,4.5,17.2,3.3,29.1,7.1,92.8,-0.5,-4.2,2.6,16.7,4.9,17.7,3.6,29.7,7.4,2023-03
2023-03-13,3680,家登,半導體業,進榜,準備,291.29,71.0,2.0,0,,13.8,2.0,19.8,4.5,6.4,3.3,22.5,7.1,288.1,-1.1,15.1,2.6,21.2,4.9,7.6,3.6,23.9,7.4,2023-03
2023-03-13,4155,訊映,生技醫療業,觸發,等待後觸發,29.64,89.0,2.0,55,24.07,-2.8,2.0,-1.0,4.5,-6.6,3.3,-13.1,7.1,29.5,-0.4,-2.4,2.6,-0.6,4.9,-6.2,3.6,-12.8,7.4,2023-03
2023-03-13,6180,橘子,文化創意業,移出,離高點太遠,62.41,82.0,,40,,,,,,,,,,,,,,,,,,,,2023-03
2023-03-13,3356,奇偶,光電業,移出,離高點太遠,37.8,82.0,,7,,,,,,,,,,,,,,,,,,,,2023-03
2023-03-13,2634,漢翔,航運業,移出,掉出掃描母體,37.29,70.0,,4,,,,,,,,,,,,,,,,,,,,2023-03
2023-03-14,3162,精確,電機機械,進榜,準備,57.28,81.0,2.0,0,,-6.5,3.0,-6.7,4.5,-18.4,3.7,-19.6,7.5,57.3,0.0,-6.5,2.6,-6.7,4.1,-18.4,3.3,-19.6,6.8,2023-03
2023-03-14,3013,晟銘電,電子工業,移出,離高點太遠,20.88,84.0,,21,,,,,,,,,,,,,,,,,,,,2023-03
2023-03-14,6510,精測,半導體業,移出,掉出掃描母體,553.01,75.0,,13,,,,,,,,,,,,,,,,,,,,2023-03
2023-03-14,2645,長榮航太,航運業,移出,掉出掃描母體,83.28,81.0,,11,,,,,,,,,,,,,,,,,,,,2023-03
2023-03-14,6231,系微,資訊服務業,移出,離高點太遠,82.81,90.0,,8,,,,,,,,,,,,,,,,,,,,2023-03
2023-03-14,2388,威盛,半導體業,移出,掉出掃描母體,92.3,73.0,,4,,,,,,,,,,,,,,,,,,,,2023-03
2023-03-15,6472,保瑞,生技醫療業,進榜,觸發,342.54,94.0,6.0,0,,37.2,3.5,24.8,4.7,53.6,3.3,41.9,7.4,343.1,0.2,37.0,3.8,24.6,5.1,53.3,3.5,41.7,7.8,2023-03
2023-03-15,6472,保瑞,生技醫療業,觸發,進榜即觸發,342.54,94.0,6.0,0,342.54,37.2,3.5,24.8,4.7,53.6,3.3,41.9,7.4,343.1,0.2,37.0,3.8,24.6,5.1,53.3,3.5,41.7,7.8,2023-03
2023-03-15,4119,旭富,化學生技醫療,進榜,準備,96.83,84.0,3.0,0,,9.8,3.5,-0.4,4.7,-4.3,3.3,-10.4,7.4,96.0,-0.9,10.7,3.8,0.4,5.1,-3.5,3.5,-9.6,7.8,2023-03
2023-03-15,6146,耕興,其他電子類,進榜,準備,208.08,74.0,2.0,0,,-1.1,3.5,-5.2,4.7,5.7,3.3,-1.7,7.4,210.4,1.1,-2.2,3.8,-6.3,5.1,4.5,3.5,-2.8,7.8,2023-03
2023-03-15,2303,聯電,半導體業,進榜,準備,42.17,73.0,1.0,0,,0.6,3.5,2.9,4.7,-5.2,3.3,1.4,7.4,42.2,0.0,0.6,3.8,2.9,5.1,-5.2,3.5,1.4,7.8,2023-03
2023-03-15,8227,巨有科技,半導體業,移出,離高點太遠,188.04,100.0,,35,,,,,,,,,,,,,,,,,,,,2023-03
2023-03-15,8436,大江,生技醫療業,移出,離高點太遠,160.9,88.0,,23,,,,,,,,,,,,,,,,,,,,2023-03
2023-03-15,8936,國統,其他,移出,離高點太遠,25.12,78.0,,20,,,,,,,,,,,,,,,,,,,,2023-03
2023-03-15,2495,普安,其他電子業,移出,掉出掃描母體,18.85,74.0,,2,,,,,,,,,,,,,,,,,,,,2023-03
2023-03-16,3661,世芯-KY,半導體業,進榜,觸發,1097.82,78.0,1.0,0,,13.8,4.8,56.4,6.2,114.5,4.0,201.1,8.8,1151.5,4.9,8.5,4.2,49.2,5.5,104.5,3.6,187.1,8.1,2023-03
2023-03-16,3661,世芯-KY,半導體業,觸發,進榜即觸發,1097.82,78.0,1.0,0,1097.82,13.8,4.8,56.4,6.2,114.5,4.0,201.1,8.8,1151.5,4.9,8.5,4.2,49.2,5.5,104.5,3.6,187.1,8.1,2023-03
2023-03-16,2377,微星,電子工業,進榜,準備,124.34,78.0,2.0,0,,3.5,4.8,25.6,6.2,18.2,4.0,31.4,8.8,126.1,1.4,2.1,4.2,23.9,5.5,16.6,3.6,29.6,8.1,2023-03
2023-03-16,3479,安勤,電腦及週邊設備業,移出,掉出掃描母體,70.16,86.0,,83,,,,,,,,,,,,,,,,,,,,2023-03
2023-03-16,3704,合勤控,通信網路業,移出,掉出掃描母體,36.48,81.0,,43,,,,,,,,,,,,,,,,,,,,2023-03
2023-03-16,2453,凌群,資訊服務業,移出,離高點太遠,46.11,99.0,,28,,,,,,,,,,,,,,,,,,,,2023-03
2023-03-16,4953,緯致,資訊服務業,移出,掉出掃描母體,90.09,76.0,,20,,,,,,,,,,,,,,,,,,,,2023-03
2023-03-16,1720,生達,化學生技醫療,移出,掉出掃描母體,45.31,71.0,,14,,,,,,,,,,,,,,,,,,,,2023-03
2023-03-16,2732,六角,觀光事業,移出,離高點太遠,135.74,94.0,,13,,,,,,,,,,,,,,,,,,,,2023-03
2023-03-16,2729,瓦城,觀光事業,移出,離高點太遠,149.59,76.0,,13,,,,,,,,,,,,,,,,,,,,2023-03
2023-03-16,8033,雷虎,其他,移出,晚期未觸發,52.7,99.0,,10,,,,,,,,,,,,,,,,,,,,2023-03
2023-03-16,3162,精確,電機機械,移出,掉出掃描母體,55.18,70.0,,2,,,,,,,,,,,,,,,,,,,,2023-03
2023-03-17,3088,艾訊,電腦及週邊設備業,進榜,準備,61.63,84.0,1.0,0,,1.2,3.6,11.8,5.4,31.1,3.4,27.8,8.0,61.6,0.0,1.2,3.6,11.8,5.2,31.1,3.2,27.8,7.6,2023-03
2023-03-17,3056,富華新,建材營造,進榜,準備,17.53,83.0,1.0,0,,14.3,3.6,16.3,5.4,6.4,3.4,5.3,8.0,17.7,0.9,13.3,3.6,15.2,5.2,5.4,3.2,4.3,7.6,2023-03
2023-03-17,2495,普安,其他電子業,進榜,準備,19.3,71.0,3.0,0,,25.9,3.6,3.7,5.4,-6.2,3.4,0.3,8.0,19.3,0.0,25.9,3.6,3.7,5.2,-6.2,3.2,0.3,7.6,2023-03
2023-03-17,2303,聯電,半導體業,觸發,等待後觸發,43.4,78.0,1.0,2,43.4,-3.8,3.6,2.4,5.4,-5.7,3.4,-2.1,8.0,43.6,0.4,-4.1,3.6,2.1,5.2,-6.0,3.2,-2.5,7.6,2023-03
2023-03-17,2377,微星,電子工業,觸發,等待後觸發,126.52,73.0,2.0,1,126.52,1.0,3.6,22.8,5.4,18.0,3.4,28.4,8.0,125.2,-1.0,2.1,3.6,24.0,5.2,19.2,3.2,29.7,7.6,2023-03
2023-03-20,1529,樂事綠能,電機機械,進榜,觸發,22.11,92.0,3.0,0,,45.5,2.3,57.3,5.0,18.8,3.3,33.8,7.4,23.2,5.0,38.6,2.0,49.8,4.6,13.1,3.0,27.4,7.0,2023-03
2023-03-20,1529,樂事綠能,電機機械,觸發,進榜即觸發,22.11,92.0,3.0,0,22.11,45.5,2.3,57.3,5.0,18.8,3.3,33.8,7.4,23.2,5.0,38.6,2.0,49.8,4.6,13.1,3.0,27.4,7.0,2023-03
2023-03-20,2453,凌群,資訊服務業,進榜,準備,55.69,99.0,2.0,0,,12.0,2.3,5.0,5.0,-18.3,3.3,-9.8,7.4,58.3,4.7,7.0,2.0,0.3,4.6,-22.0,3.0,-13.9,7.0,2023-03
2023-03-20,3231,緯創,電子工業,觸發,等待後觸發,31.88,80.0,1.0,10,30.2,27.6,2.3,123.4,5.0,191.3,3.3,162.2,7.4,32.9,3.1,23.8,2.0,116.8,4.6,182.7,3.0,154.4,7.0,2023-03
2023-03-20,3711,日月光投控,半導體業,移出,掉出掃描母體,94.06,73.0,,7,,,,,,,,,,,,,,,,,,,,2023-03
2023-03-20,6146,耕興,其他電子類,移出,掉出掃描母體,212.76,73.0,,5,,,,,,,,,,,,,,,,,,,,2023-03
2023-03-20,2377,微星,電子工業,移出,掉出掃描母體,126.52,73.0,,4,,,,,,,,,,,,,,,,,,,,2023-03
2023-03-21,2402,毅嘉,電子工業,進榜,觸發,21.07,78.0,4.0,0,,11.5,0.4,28.1,4.5,75.7,3.3,57.1,6.4,21.7,3.1,8.2,0.2,24.3,4.2,70.4,3.1,52.4,6.0,2023-03
2023-03-21,2402,毅嘉,電子工業,觸發,進榜即觸發,21.07,78.0,4.0,0,21.07,11.5,0.4,28.1,4.5,75.7,3.3,57.1,6.4,21.7,3.1,8.2,0.2,24.3,4.2,70.4,3.1,52.4,6.0,2023-03
2023-03-21,4967,十銓,半導體業,進榜,準備,61.72,98.0,2.0,0,,7.6,0.4,6.5,4.5,2.9,3.3,37.3,6.4,60.9,-1.3,9.1,0.2,7.9,4.2,4.3,3.1,39.2,6.0,2023-03
2023-03-21,3162,精確,電機機械,進榜,準備,58.52,78.0,2.0,0,,-17.9,0.4,-11.3,4.5,-15.3,3.3,-23.4,6.4,58.8,0.5,-18.3,0.2,-11.7,4.2,-15.7,3.1,-23.8,6.0,2023-03
2023-03-21,6223,旺矽,半導體業,進榜,準備,120.97,75.0,1.0,0,,-1.2,0.4,31.2,4.5,75.5,3.3,68.3,6.4,123.8,2.3,-3.4,0.2,28.2,4.2,71.5,3.1,64.5,6.0,2023-03
2023-03-21,6147,頎邦,半導體業,移出,掉出掃描母體,57.27,70.0,,11,,,,,,,,,,,,,,,,,,,,2023-03
2023-03-21,3005,神基,電子工業,移出,掉出掃描母體,44.81,72.0,,18,,,,,,,,,,,,,,,,,,,,2023-03
2023-03-22,3479,安勤,電腦及週邊設備業,進榜,觸發,80.92,92.0,3.0,0,,2.7,0.3,21.6,3.6,7.3,2.4,25.3,5.6,81.8,1.0,1.6,0.5,20.4,3.7,6.2,2.6,24.0,5.8,2023-03
2023-03-22,3479,安勤,電腦及週邊設備業,觸發,進榜即觸發,80.92,92.0,3.0,0,80.92,2.7,0.3,21.6,3.6,7.3,2.4,25.3,5.6,81.8,1.0,1.6,0.5,20.4,3.7,6.2,2.6,24.0,5.8,2023-03
2023-03-22,6143,振曜,通信網路業,進榜,觸發,80.02,91.0,6.0,0,,-4.5,0.3,-6.1,3.6,-21.4,2.4,1.8,5.6,81.7,2.0,-6.4,0.5,-8.0,3.7,-23.0,2.6,-0.3,5.8,2023-03
2023-03-22,6143,振曜,通信網路業,觸發,進榜即觸發,80.02,91.0,6.0,0,80.02,-4.5,0.3,-6.1,3.6,-21.4,2.4,1.8,5.6,81.7,2.0,-6.4,0.5,-8.0,3.7,-23.0,2.6,-0.3,5.8,2023-03
2023-03-22,3217,優群,電子零組件業,進榜,觸發,93.07,88.0,2.0,0,,-8.4,0.3,19.5,3.6,23.5,2.4,53.4,5.6,94.3,1.3,-9.6,0.5,17.9,3.7,21.8,2.6,51.4,5.8,2023-03
2023-03-22,3217,優群,電子零組件業,觸發,進榜即觸發,93.07,88.0,2.0,0,93.07,-8.4,0.3,19.5,3.6,23.5,2.4,53.4,5.6,94.3,1.3,-9.6,0.5,17.9,3.7,21.8,2.6,51.4,5.8,2023-03
2023-03-22,8478,東哥遊艇,其他,進榜,觸發,379.75,88.0,6.0,0,,7.1,0.3,33.5,3.6,-10.7,2.4,-9.0,5.6,388.6,2.3,4.7,0.5,30.5,3.7,-12.7,2.6,-11.1,5.8,2023-03
2023-03-22,8478,東哥遊艇,其他,觸發,進榜即觸發,379.75,88.0,6.0,0,379.75,7.1,0.3,33.5,3.6,-10.7,2.4,-9.0,5.6,388.6,2.3,4.7,0.5,30.5,3.7,-12.7,2.6,-11.1,5.8,2023-03
2023-03-22,6669,緯穎,電子工業,進榜,觸發,964.45,78.0,2.0,0,,4.6,0.3,15.5,3.6,46.3,2.4,67.0,5.6,960.0,-0.5,5.1,0.5,16.1,3.7,47.0,2.6,67.8,5.8,2023-03
2023-03-22,6669,緯穎,電子工業,觸發,進榜即觸發,964.45,78.0,2.0,0,964.45,4.6,0.3,15.5,3.6,46.3,2.4,67.0,5.6,960.0,-0.5,5.1,0.5,16.1,3.7,47.0,2.6,67.8,5.8,2023-03
2023-03-22,3290,東浦,電子零組件業,進榜,準備,35.02,85.0,3.0,0,,-7.3,0.3,-10.5,3.6,-9.9,2.4,-5.1,5.6,34.8,-0.5,-6.8,0.5,-10.0,3.7,-9.5,2.6,-4.6,5.8,2023-03
2023-03-22,8016,矽創,半導體業,進榜,準備,190.25,80.0,2.0,0,,-5.0,0.3,-2.1,3.6,37.8,2.4,31.9,5.6,190.2,0.0,-5.0,0.5,-2.1,3.7,37.8,2.6,31.9,5.8,2023-03
2023-03-22,2376,技嘉,電子工業,進榜,準備,109.76,79.0,1.0,0,,9.3,0.3,107.3,3.6,124.5,2.4,106.7,5.6,109.3,-0.4,9.8,0.5,108.1,3.7,125.4,2.6,107.6,5.8,2023-03
2023-03-22,5425,台半,半導體業,進榜,準備,100.46,77.0,3.0,0,,-19.5,0.3,-13.6,3.6,-21.9,2.4,-22.0,5.6,97.4,-3.0,-17.0,0.5,-10.9,3.7,-19.4,2.6,-19.6,5.8,2023-03
2023-03-22,4953,緯致,資訊服務業,進榜,準備,97.63,75.0,3.0,0,,1.3,0.3,-3.0,3.6,10.9,2.4,25.4,5.6,98.0,0.4,0.9,0.5,-3.4,3.7,10.4,2.6,24.9,5.8,2023-03
2023-03-22,3094,聯傑,半導體業,進榜,準備,32.97,73.0,3.0,0,,-5.3,0.3,-2.0,3.6,3.8,2.4,15.3,5.6,32.8,-0.6,-4.7,0.5,-1.4,3.7,4.3,2.6,16.0,5.8,2023-03
2023-03-22,2356,英業達,電子工業,進榜,準備,26.51,72.0,1.0,0,,9.8,0.3,42.7,3.6,78.2,2.4,60.7,5.6,26.5,-0.2,10.0,0.5,43.0,3.7,78.5,2.6,61.0,5.8,2023-03
2023-03-22,6223,旺矽,半導體業,觸發,等待後觸發,133.07,83.0,1.0,1,121.9,-9.4,0.3,21.0,3.6,58.4,2.4,53.7,5.6,135.9,2.1,-11.3,0.5,18.5,3.7,55.2,2.6,50.5,5.8,2023-03
2023-03-22,2727,王品,觀光事業,觸發,等待後觸發,226.73,98.0,1.0,37,154.59,3.4,0.3,8.0,3.6,-5.5,2.4,-13.7,5.6,224.5,-1.0,4.4,0.5,9.0,3.7,-4.6,2.6,-12.8,5.8,2023-03
2023-03-22,6188,廣明,電腦及週邊設備業,觸發,等待後觸發,49.95,83.0,1.0,21,44.05,-5.2,0.3,22.8,3.6,54.2,2.4,41.3,5.6,49.5,-0.9,-4.4,0.5,23.8,3.7,55.5,2.6,42.5,5.8,2023-03
2023-03-22,2495,普安,其他電子業,移出,掉出掃描母體,19.43,71.0,,5,,,,,,,,,,,,,,,,,,,,2023-03
2023-03-22,9939,宏全,其他,移出,掉出掃描母體,83.94,70.0,,29,,,,,,,,,,,,,,,,,,,,2023-03
2023-03-23,6517,保勝光學,光電業,進榜,觸發,78.57,95.0,4.0,0,,97.6,-0.6,20.6,3.9,-1.8,2.5,9.7,5.8,80.5,2.5,92.9,-0.9,17.7,3.6,-4.1,2.4,7.0,5.6,2023-03
2023-03-23,6517,保勝光學,光電業,觸發,進榜即觸發,78.57,95.0,4.0,0,78.57,97.6,-0.6,20.6,3.9,-1.8,2.5,9.7,5.8,80.5,2.5,92.9,-0.9,17.7,3.6,-4.1,2.4,7.0,5.6,2023-03
2023-03-23,8234,新漢,電腦及週邊設備業,進榜,觸發,42.35,88.0,5.0,0,,-16.7,-0.6,24.1,3.9,7.2,2.5,9.2,5.8,42.9,1.4,-17.9,-0.9,22.3,3.6,5.7,2.4,7.6,5.6,2023-03
2023-03-23,8234,新漢,電腦及週邊設備業,觸發,進榜即觸發,42.35,88.0,5.0,0,42.35,-16.7,-0.6,24.1,3.9,7.2,2.5,9.2,5.8,42.9,1.4,-17.9,-0.9,22.3,3.6,5.7,2.4,7.6,5.6,2023-03
2023-03-23,5203,訊連,電子工業,進榜,觸發,97.65,70.0,2.0,0,,-16.5,-0.6,-18.3,3.9,-18.0,2.5,-14.9,5.8,99.4,1.8,-17.9,-0.9,-19.7,3.6,-19.4,2.4,-16.3,5.6,2023-03
2023-03-23,5203,訊連,電子工業,觸發,進榜即觸發,97.65,70.0,2.0,0,97.65,-16.5,-0.6,-18.3,3.9,-18.0,2.5,-14.9,5.8,99.4,1.8,-17.9,-0.9,-19.7,3.6,-19.4,2.4,-16.3,5.6,2023-03
2023-03-23,6122,擎邦,電機機械,進榜,準備,21.88,96.0,1.0,0,,-2.7,-0.6,52.4,3.9,88.3,2.5,112.0,5.8,22.4,2.4,-5.0,-0.9,48.8,3.6,83.9,2.4,107.1,5.6,2023-03
2023-03-23,1504,東元,電機機械,進榜,準備,34.83,83.0,1.0,0,,7.6,-0.6,46.6,3.9,26.4,2.5,17.4,5.8,36.3,4.2,3.2,-0.9,40.6,3.6,21.3,2.4,12.6,5.6,2023-03
2023-03-23,6510,精測,半導體業,進榜,準備,607.05,77.0,2.0,0,,-24.2,-0.6,-10.0,3.9,-10.0,2.5,-8.4,5.8,624.4,2.9,-26.3,-0.9,-12.5,3.6,-12.5,2.4,-10.9,5.6,2023-03
2023-03-23,3260,威剛,半導體業,進榜,準備,63.62,75.0,3.0,0,,-7.6,-0.6,18.0,3.9,25.5,2.5,41.4,5.8,64.0,0.5,-8.0,-0.9,17.4,3.6,24.8,2.4,40.7,5.6,2023-03
2023-03-23,4147,中裕,生技醫療業,進榜,準備,85.47,70.0,1.0,0,,28.7,-0.6,9.1,3.9,3.1,2.5,-5.5,5.8,87.1,2.0,26.3,-0.9,7.0,3.6,1.1,2.4,-7.3,5.6,2023-03
2023-03-23,2376,技嘉,電子工業,觸發,等待後觸發,111.98,78.0,1.0,1,110.2,2.4,-0.6,106.3,3.9,110.7,2.5,108.7,5.8,112.9,0.8,1.6,-0.9,104.7,3.6,109.1,2.4,107.1,5.6,2023-03
2023-03-23,3289,宜特,其他電子類,移出,掉出掃描母體,81.49,74.0,,15,,,,,,,,,,,,,,,,,,,,2023-03
2023-03-23,4119,旭富,化學生技醫療,移出,掉出掃描母體,93.54,72.0,,8,,,,,,,,,,,,,,,,,,,,2023-03
2023-03-24,6288,聯嘉,汽車工業,進榜,觸發,32.11,76.0,2.0,0,,-7.6,-0.7,2.8,3.1,-8.5,1.6,-4.0,5.9,32.6,1.5,-9.0,-0.7,1.3,3.3,-9.8,1.6,-5.5,5.8,2023-03
2023-03-24,6288,聯嘉,汽車工業,觸發,進榜即觸發,32.11,76.0,2.0,0,32.11,-7.6,-0.7,2.8,3.1,-8.5,1.6,-4.0,5.9,32.6,1.5,-9.0,-0.7,1.3,3.3,-9.8,1.6,-5.5,5.8,2023-03
2023-03-24,3017,奇鋐,電子工業,進榜,觸發,136.87,73.0,5.0,0,,2.5,-0.7,75.4,3.1,97.6,1.6,111.9,5.9,138.3,1.1,1.4,-0.7,73.6,3.3,95.6,1.6,109.7,5.8,2023-03
2023-03-24,3017,奇鋐,電子工業,觸發,進榜即觸發,136.87,73.0,5.0,0,136.87,2.5,-0.7,75.4,3.1,97.6,1.6,111.9,5.9,138.3,1.1,1.4,-0.7,73.6,3.3,95.6,1.6,109.7,5.8,2023-03
2023-03-24,1589,永冠-KY,電機機械,進榜,準備,78.37,87.0,2.0,0,,-6.5,-0.7,-13.0,3.1,-31.8,1.6,-36.5,5.9,78.8,0.5,-7.0,-0.7,-13.4,3.3,-32.2,1.6,-36.8,5.8,2023-03
2023-03-24,3587,閎康,其他電子類,進榜,準備,163.35,71.0,2.0,0,,-2.7,-0.7,22.5,3.1,49.9,1.6,36.2,5.9,164.7,0.8,-3.4,-0.7,21.5,3.3,48.7,1.6,35.1,5.8,2023-03
2023-03-24,5289,宜鼎,電腦及週邊設備業,觸發,等待後觸發,244.96,95.0,1.0,15,201.49,-5.5,-0.7,13.6,3.1,10.3,1.6,9.9,5.9,251.5,2.7,-7.9,-0.7,10.7,3.3,7.4,1.6,7.1,5.8,2023-03
2023-03-24,1504,東元,電機機械,觸發,等待後觸發,38.31,91.0,1.0,1,35.44,-1.7,-0.7,27.4,3.1,18.1,1.6,9.0,5.9,38.3,0.0,-1.7,-0.7,27.4,3.3,18.1,1.6,9.0,5.8,2023-03
2023-03-24,4147,中裕,生技醫療業,觸發,等待後觸發,94.02,82.0,1.0,1,85.86,17.6,-0.7,-1.6,3.1,-9.1,1.6,-13.8,5.9,94.6,0.6,16.8,-0.7,-2.2,3.3,-9.7,1.6,-14.3,5.8,2023-03
2023-03-24,2404,漢唐,其他電子業,移出,掉出掃描母體,194.91,83.0,,44,,,,,,,,,,,,,,,,,,,,2023-03
2023-03-24,8996,高力,電機機械,移出,掉出掃描母體,214.06,94.0,,137,,,,,,,,,,,,,,,,,,,,2023-03
2023-03-24,5904,寶雅,貿易百貨,移出,掉出掃描母體,47.3,72.0,,17,,,,,,,,,,,,,,,,,,,,2023-03
2023-03-24,3162,精確,電機機械,移出,掉出掃描母體,58.81,74.0,,3,,,,,,,,,,,,,,,,,,,,2023-03
2023-03-24,5203,訊連,電子工業,移出,掉出掃描母體,97.65,70.0,,1,,,,,,,,,,,,,,,,,,,,2023-03
2023-03-27,8033,雷虎,其他,進榜,觸發,62.76,99.0,3.0,0,,14.6,-0.5,4.0,2.7,-9.2,1.4,-12.2,5.9,58.6,-6.6,22.8,-0.6,11.4,2.6,-2.8,1.3,-5.9,5.7,2023-03
2023-03-27,8033,雷虎,其他,觸發,進榜即觸發,62.76,99.0,3.0,0,62.76,14.6,-0.5,4.0,2.7,-9.2,1.4,-12.2,5.9,58.6,-6.6,22.8,-0.6,11.4,2.6,-2.8,1.3,-5.9,5.7,2023-03
2023-03-27,5222,全訊,電子工業,進榜,觸發,123.01,75.0,1.0,0,,-0.7,-0.5,-5.4,2.7,-8.1,1.4,-5.0,5.9,125.2,1.8,-2.4,-0.6,-7.0,2.6,-9.7,1.3,-6.7,5.7,2023-03
2023-03-27,5222,全訊,電子工業,觸發,進榜即觸發,123.01,75.0,1.0,0,123.01,-0.7,-0.5,-5.4,2.7,-8.1,1.4,-5.0,5.9,125.2,1.8,-2.4,-0.6,-7.0,2.6,-9.7,1.3,-6.7,5.7,2023-03
2023-03-27,6753,龍德造船,航運業,進榜,準備,89.5,90.0,3.0,0,,33.7,-0.5,4.1,2.7,3.6,1.4,-9.9,5.9,90.7,1.3,31.9,-0.6,2.8,2.6,2.2,1.3,-11.1,5.7,2023-03
2023-03-27,1762,中化生,化學生技醫療,進榜,準備,75.03,75.0,1.0,0,,17.7,-0.5,14.5,2.7,-20.9,1.4,-25.2,5.9,76.2,1.5,15.9,-0.6,12.8,2.6,-22.1,1.3,-26.3,5.7,2023-03
2023-03-27,6548,長科*,半導體業,進榜,準備,35.65,73.0,1.0,0,,1.1,-0.5,3.0,2.7,-14.1,1.4,-16.0,5.9,35.9,0.6,0.5,-0.6,2.4,2.6,-14.6,1.3,-16.5,5.7,2023-03
2023-03-27,2208,台船,航運業,進榜,準備,22.6,71.0,2.0,0,,9.8,-0.5,1.1,2.7,4.9,1.4,-6.2,5.9,22.8,1.1,8.6,-0.6,0.0,2.6,3.8,1.3,-7.2,5.7,2023-03
2023-03-27,2353,宏碁,電子工業,進榜,準備,23.77,71.0,1.0,0,,5.7,-0.5,17.0,2.7,37.1,1.4,45.7,5.9,23.8,0.0,5.7,-0.6,17.0,2.6,37.1,1.3,45.7,5.7,2023-03
2023-03-27,1584,精剛,其他,觸發,等待後觸發,28.41,94.0,2.0,34,25.42,26.3,-0.5,12.5,2.7,18.0,1.4,18.0,5.9,28.4,0.0,26.3,-0.6,12.5,2.6,18.0,1.3,18.0,5.7,2023-03
2023-03-27,3094,聯傑,半導體業,移出,掉出掃描母體,32.6,72.0,,5,,,,,,,,,,,,,,,,,,,,2023-03
2023-03-27,6510,精測,半導體業,移出,掉出掃描母體,584.85,73.0,,4,,,,,,,,,,,,,,,,,,,,2023-03
2023-03-27,6288,聯嘉,汽車工業,移出,掉出掃描母體,32.11,76.0,,3,,,,,,,,,,,,,,,,,,,,2023-03
2023-03-28,3711,日月光投控,半導體業,進榜,準備,94.06,72.0,1.0,0,,-7.8,0.6,13.2,3.8,10.2,1.4,29.4,6.3,94.5,0.5,-8.2,0.5,12.7,3.5,9.7,1.1,28.8,6.1,2023-03
2023-03-28,6753,龍德造船,航運業,觸發,等待後觸發,98.31,95.0,3.0,1,89.5,27.4,0.6,-4.7,3.8,-7.3,1.4,-19.9,6.3,99.7,1.4,25.6,0.5,-6.0,3.5,-8.6,1.1,-21.0,6.1,2023-03
2023-03-28,4164,承業醫,化學生技醫療,移出,離高點太遠,55.42,85.0,,43,,,,,,,,,,,,,,,,,,,,2023-03
2023-03-28,3362,先進光,光電業,移出,離高點太遠,102.06,78.0,,25,,,,,,,,,,,,,,,,,,,,2023-03
2023-03-28,5425,台半,半導體業,移出,掉出掃描母體,95.67,75.0,,6,,,,,,,,,,,,,,,,,,,,2023-03
2023-03-28,3260,威剛,半導體業,移出,掉出掃描母體,62.79,70.0,,5,,,,,,,,,,,,,,,,,,,,2023-03
2023-03-28,8033,雷虎,其他,移出,突破失敗,56.57,99.0,,1,,,,,,,,,,,,,,,,,,,,2023-03
2023-03-29,2731,雄獅,觀光事業,進榜,觸發,121.6,89.0,4.0,0,,21.4,0.7,22.4,4.0,-12.4,1.4,-3.8,6.6,122.0,0.3,21.0,0.5,22.0,3.7,-12.7,1.2,-4.1,6.3,2023-03
2023-03-29,2731,雄獅,觀光事業,觸發,進榜即觸發,121.6,89.0,4.0,0,121.6,21.4,0.7,22.4,4.0,-12.4,1.4,-3.8,6.6,122.0,0.3,21.0,0.5,22.0,3.7,-12.7,1.2,-4.1,6.3,2023-03
2023-03-29,3218,大學光,生技醫療業,進榜,準備,319.35,76.0,2.0,0,,3.2,0.7,12.8,4.0,-9.6,1.4,-24.5,6.6,328.0,2.7,0.5,0.5,9.8,3.7,-12.0,1.2,-26.5,6.3,2023-03
2023-03-29,4119,旭富,化學生技醫療,進榜,準備,97.66,73.0,3.0,0,,5.9,0.7,0.8,4.0,-7.9,1.4,-5.2,6.6,98.1,0.4,5.5,0.5,0.4,3.7,-8.3,1.2,-5.6,6.3,2023-03
2023-03-29,6414,樺漢,電子工業,進榜,準備,219.92,70.0,1.0,0,,-1.4,0.7,5.8,4.0,7.0,1.4,9.0,6.6,220.8,0.4,-1.7,0.5,5.4,3.7,6.5,1.2,8.6,6.3,2023-03
2023-03-29,3443,創意,半導體業,移出,離高點太遠,972.25,93.0,,55,,,,,,,,,,,,,,,,,,,,2023-03
2023-03-29,6282,康舒,電子零組件業,移出,晚期未觸發,34.26,74.0,,23,,,,,,,,,,,,,,,,,,,,2023-03
2023-03-29,1529,樂事綠能,電機機械,移出,離高點太遠,22.31,92.0,,9,,,,,,,,,,,,,,,,,,,,2023-03
2023-03-29,6548,長科*,半導體業,移出,掉出掃描母體,34.57,70.0,,2,,,,,,,,,,,,,,,,,,,,2023-03
2023-03-30,1590,亞德客-KY,電機機械,進榜,準備,1112.59,85.0,3.0,0,,-11.6,0.3,-14.9,3.5,-18.6,1.4,-15.5,5.8,1112.6,0.0,-11.6,0.2,-14.9,3.5,-18.6,1.3,-15.5,5.9,2023-03
2023-03-30,3005,神基,電子工業,進榜,準備,47.56,76.0,1.0,0,,9.3,0.3,22.3,3.5,41.9,1.4,87.4,5.8,47.5,-0.2,9.5,0.2,22.5,3.5,42.1,1.3,87.7,5.9,2023-03
2023-03-30,6548,長科*,半導體業,進榜,準備,35.44,75.0,1.0,0,,2.5,0.3,8.3,3.5,-14.7,1.4,-17.6,5.8,35.8,1.1,1.3,0.2,7.1,3.5,-15.7,1.3,-18.5,5.9,2023-03
2023-03-30,6441,廣錠,電腦及週邊設備業,進榜,準備,62.32,73.0,3.0,0,,-11.1,0.3,3.0,3.5,-16.7,1.4,-15.9,5.8,63.0,1.1,-12.1,0.2,1.9,3.5,-17.6,1.3,-16.8,5.9,2023-03
2023-03-30,2303,聯電,半導體業,移出,掉出掃描母體,42.01,70.0,,15,,,,,,,,,,,,,,,,,,,,2023-03
2023-03-30,3017,奇鋐,電子工業,移出,掉出掃描母體,136.87,73.0,,6,,,,,,,,,,,,,,,,,,,,2023-03
2023-03-31,6235,華孚,電子工業,進榜,觸發,71.42,98.0,3.0,0,,24.1,0.2,114.7,3.7,79.8,0.3,43.6,5.4,72.3,1.3,22.5,0.3,112.0,3.7,77.5,0.4,41.8,5.5,2023-03
2023-03-31,6235,華孚,電子工業,觸發,進榜即觸發,71.42,98.0,3.0,0,71.42,24.1,0.2,114.7,3.7,79.8,0.3,43.6,5.4,72.3,1.3,22.5,0.3,112.0,3.7,77.5,0.4,41.8,5.5,2023-03
2023-03-31,6643,M31,半導體業,進榜,觸發,494.27,89.0,4.0,0,,-9.0,0.2,48.5,3.7,31.1,0.3,64.4,5.4,490.6,-0.8,-8.3,0.3,49.6,3.7,32.1,0.4,65.7,5.5,2023-03
2023-03-31,6643,M31,半導體業,觸發,進榜即觸發,494.27,89.0,4.0,0,494.27,-9.0,0.2,48.5,3.7,31.1,0.3,64.4,5.4,490.6,-0.8,-8.3,0.3,49.6,3.7,32.1,0.4,65.7,5.5,2023-03
2023-03-31,6163,華電網,通信網路業,進榜,準備,20.36,84.0,2.0,0,,16.1,0.2,-3.5,3.7,-20.4,0.3,-11.6,5.4,20.5,0.9,15.0,0.3,-4.4,3.7,-21.2,0.4,-12.4,5.5,2023-03
2023-03-31,3260,威剛,半導體業,進榜,準備,65.86,77.0,3.0,0,,-6.0,0.2,15.5,3.7,14.3,0.3,34.0,5.4,65.9,0.0,-6.0,0.3,15.5,3.7,14.3,0.4,34.0,5.5,2023-03
2023-03-31,2303,聯電,半導體業,進榜,準備,43.15,72.0,1.0,0,,-6.1,0.2,-2.2,3.7,-9.3,0.3,1.4,5.4,42.9,-0.6,-5.6,0.3,-1.6,3.7,-8.8,0.4,1.9,5.5,2023-03
2023-03-31,6548,長科*,半導體業,觸發,等待後觸發,38.95,85.0,1.0,1,36.48,-9.3,0.2,-0.0,3.7,-23.6,0.3,-25.2,5.4,39.6,1.7,-10.7,0.3,-1.7,3.7,-24.8,0.4,-26.4,5.5,2023-03
2023-03-31,2208,台船,航運業,移出,掉出掃描母體,22.6,70.0,,4,,,,,,,,,,,,,,,,,,,,2023-03
2023-03-31,2353,宏碁,電子工業,移出,掉出掃描母體,24.15,71.0,,4,,,,,,,,,,,,,,,,,,,,2023-03
2023-03-31,3711,日月光投控,半導體業,移出,掉出掃描母體,96.64,70.0,,3,,,,,,,,,,,,,,,,,,,,2023-03
2023-03-31,3587,閎康,其他電子類,移出,掉出掃描母體,164.66,72.0,,7,,,,,,,,,,,,,,,,,,,,2023-03
2023-04-06,4746,台耀,化學生技醫療,進榜,準備,69.18,71.0,3.0,0,,16.3,0.0,12.2,3.5,10.6,0.2,21.4,4.9,69.5,0.5,15.7,0.0,11.7,3.5,10.1,0.3,20.8,4.5,2023-04
2023-04-06,4129,聯合,生技醫療業,移出,掉出掃描母體,46.02,85.0,,52,,,,,,,,,,,,,,,,,,,,2023-04
2023-04-06,5222,全訊,電子工業,移出,掉出掃描母體,116.74,71.0,,10,,,,,,,,,,,,,,,,,,,,2023-04
2023-04-07,3025,星通,電子工業,進榜,準備,30.97,86.0,2.0,0,,2.2,0.0,44.1,3.3,37.0,0.3,32.9,5.0,33.9,9.5,-6.7,0.0,31.6,3.2,25.1,0.2,21.3,4.9,2023-04
2023-04-07,6414,樺漢,電子工業,移出,掉出掃描母體,225.03,72.0,,9,,,,,,,,,,,,,,,,,,,,2023-04
2023-04-07,6441,廣錠,電腦及週邊設備業,移出,掉出掃描母體,59.31,72.0,,8,,,,,,,,,,,,,,,,,,,,2023-04
2023-04-10,6561,是方,通信網路業,進榜,準備,315.31,78.0,1.0,0,,-5.4,-0.6,0.6,2.8,2.0,0.4,-6.4,4.8,316.9,0.5,-5.8,-0.8,0.1,2.8,1.5,0.3,-6.8,4.7,2023-04
2023-04-10,6441,廣錠,電腦及週邊設備業,進榜,準備,61.93,77.0,3.0,0,,-10.9,-0.6,-1.0,2.8,-15.4,0.4,-11.4,4.8,62.0,0.2,-11.0,-0.8,-1.2,2.8,-15.5,0.3,-11.5,4.7,2023-04
2023-04-10,2208,台船,航運業,進榜,準備,23.13,71.0,2.0,0,,-0.2,-0.6,1.9,2.8,-7.5,0.4,-11.6,4.8,23.2,0.4,-0.6,-0.8,1.4,2.8,-7.9,0.3,-11.9,4.7,2023-04
2023-04-10,6266,泰詠,電子零組件業,觸發,等待後觸發,27.42,93.0,1.0,49,22.0,4.4,-0.6,20.3,2.8,-5.6,0.4,-9.6,4.8,28.1,2.5,1.8,-0.8,17.3,2.8,-7.9,0.3,-11.8,4.7,2023-04
2023-04-10,4119,旭富,化學生技醫療,移出,掉出掃描母體,101.37,74.0,,12,,,,,,,,,,,,,,,,,,,,2023-04
2023-04-10,2303,聯電,半導體業,移出,掉出掃描母體,42.75,71.0,,10,,,,,,,,,,,,,,,,,,,,2023-04
2023-04-10,4147,中裕,生技醫療業,移出,掉出掃描母體,90.97,73.0,,18,,,,,,,,,,,,,,,,,,,,2023-04
2023-04-11,3693,營邦,電腦及週邊設備業,進榜,觸發,136.2,96.0,5.0,0,,16.2,-0.9,129.0,1.8,281.0,0.0,193.3,4.6,143.8,5.6,10.0,-1.0,116.9,1.8,260.8,0.0,177.7,4.5,2023-04
2023-04-11,3693,營邦,電腦及週邊設備業,觸發,進榜即觸發,136.2,96.0,5.0,0,136.2,16.2,-0.9,129.0,1.8,281.0,0.0,193.3,4.6,143.8,5.6,10.0,-1.0,116.9,1.8,260.8,0.0,177.7,4.5,2023-04
2023-04-11,4961,天鈺,電子工業,進榜,準備,219.1,92.0,2.0,0,,-12.6,-0.9,-18.6,1.8,10.4,0.0,2.0,4.6,219.1,0.0,-12.6,-1.0,-18.6,1.8,10.4,0.0,2.0,4.5,2023-04
2023-04-11,3078,僑威,電子零組件業,進榜,準備,38.66,90.0,1.0,0,,10.8,-0.9,62.2,1.8,68.3,0.0,80.2,4.6,39.9,3.2,7.4,-1.0,57.2,1.8,63.1,0.0,74.6,4.5,2023-04
2023-04-11,5274,信驊,半導體業,進榜,準備,2570.55,90.0,1.0,0,,-7.5,-0.9,-3.1,1.8,-5.6,0.0,7.1,4.6,2539.9,-1.2,-6.4,-1.0,-2.0,1.8,-4.4,0.0,8.4,4.5,2023-04
2023-04-11,4164,承業醫,化學生技醫療,進榜,準備,62.32,89.0,3.0,0,,-2.1,-0.9,-4.5,1.8,-11.9,0.0,-12.3,4.6,62.4,0.1,-2.2,-1.0,-4.6,1.8,-12.0,0.0,-12.4,4.5,2023-04
2023-04-11,5439,高技,電子零組件業,進榜,準備,61.42,87.0,1.0,0,,7.2,-0.9,32.1,1.8,37.3,0.0,82.8,4.6,61.2,-0.3,7.5,-1.0,32.5,1.8,37.8,0.0,83.3,4.5,2023-04
2023-04-11,8088,品安,半導體業,進榜,準備,28.66,85.0,2.0,0,,-3.1,-0.9,7.5,1.8,25.9,0.0,48.2,4.6,28.9,0.9,-3.9,-1.0,6.6,1.8,24.8,0.0,46.9,4.5,2023-04
2023-04-11,2408,南亞科,半導體業,進榜,準備,65.94,75.0,2.0,0,,-5.9,-0.9,4.5,1.8,3.0,0.0,18.4,4.6,65.9,0.0,-5.9,-1.0,4.5,1.8,3.0,0.0,18.4,4.5,2023-04
2023-04-11,3481,群創,光電業,進榜,準備,14.32,72.0,2.0,0,,-8.4,-0.9,3.0,1.8,-14.7,0.0,-6.8,4.6,14.4,0.3,-8.7,-1.0,2.7,1.8,-15.0,0.0,-7.1,4.5,2023-04
2023-04-11,4967,十銓,半導體業,觸發,等待後觸發,69.35,98.0,2.0,21,63.36,-13.4,-0.9,-18.2,1.8,-3.7,0.0,20.0,4.6,69.3,0.0,-13.4,-1.0,-18.2,1.8,-3.7,0.0,20.0,4.5,2023-04
2023-04-11,6561,是方,通信網路業,移出,掉出掃描母體,315.31,78.0,,1,,,,,,,,,,,,,,,,,,,,2023-04
2023-04-11,2208,台船,航運業,移出,掉出掃描母體,23.13,71.0,,1,,,,,,,,,,,,,,,,,,,,2023-04
2023-04-11,4155,訊映,生技醫療業,移出,掉出掃描母體,30.85,77.0,,84,,,,,,,,,,,,,,,,,,,,2023-04
2023-04-11,8171,天宇,通信網路業,移出,掉出掃描母體,59.75,85.0,,40,,,,,,,,,,,,,,,,,,,,2023-04
2023-04-11,2356,英業達,電子工業,移出,掉出掃描母體,28.44,73.0,,20,,,,,,,,,,,,,,,,,,,,2023-04
2023-04-11,8234,新漢,電腦及週邊設備業,移出,掉出掃描母體,41.43,81.0,,19,,,,,,,,,,,,,,,,,,,,2023-04
2023-04-12,1514,亞力,電機機械,進榜,觸發,39.49,86.0,5.0,0,,3.5,-2.5,35.1,1.5,29.7,-0.5,70.6,4.3,41.0,3.9,-0.4,-2.5,30.0,1.7,24.8,-0.4,64.2,4.3,2023-04
2023-04-12,1514,亞力,電機機械,觸發,進榜即觸發,39.49,86.0,5.0,0,39.49,3.5,-2.5,35.1,1.5,29.7,-0.5,70.6,4.3,41.0,3.9,-0.4,-2.5,30.0,1.7,24.8,-0.4,64.2,4.3,2023-04
2023-04-12,2634,漢翔,航運業,進榜,觸發,43.91,70.0,1.0,0,,12.1,-2.5,21.1,1.5,12.8,-0.5,13.4,4.3,45.5,3.6,8.2,-2.5,16.8,1.7,8.8,-0.4,9.4,4.3,2023-04
2023-04-12,2634,漢翔,航運業,觸發,進榜即觸發,43.91,70.0,1.0,0,43.91,12.1,-2.5,21.1,1.5,12.8,-0.5,13.4,4.3,45.5,3.6,8.2,-2.5,16.8,1.7,8.8,-0.4,9.4,4.3,2023-04
2023-04-12,8033,雷虎,其他,進榜,準備,60.92,99.0,3.0,0,,11.1,-2.5,6.7,1.5,-8.4,-0.5,-10.5,4.3,62.0,1.7,9.2,-2.5,4.8,1.7,-10.0,-0.4,-12.0,4.3,2023-04
2023-04-12,6417,韋僑,通信網路業,進榜,準備,144.5,93.0,1.0,0,,-10.8,-2.5,-4.5,1.5,-30.3,-0.5,-30.6,4.3,143.1,-1.0,-10.0,-2.5,-3.5,1.7,-29.6,-0.4,-29.9,4.3,2023-04
2023-04-12,4147,中裕,生技醫療業,進榜,準備,102.66,86.0,1.0,0,,8.6,-2.5,-7.8,1.5,-17.7,-0.5,-21.5,4.3,104.6,1.9,6.6,-2.5,-9.5,1.7,-19.2,-0.4,-23.0,4.3,2023-04
2023-04-12,8299,群聯,半導體業,進榜,準備,384.96,86.0,3.0,0,,-11.1,-2.5,-8.0,1.5,11.3,-0.5,25.0,4.3,379.5,-1.4,-9.8,-2.5,-6.7,1.7,12.9,-0.4,26.8,4.3,2023-04
2023-04-12,1529,樂事綠能,電機機械,進榜,準備,26.16,80.0,3.0,0,,8.1,-2.5,23.4,1.5,2.0,-0.5,6.1,4.3,28.7,9.7,-1.4,-2.5,12.5,1.7,-7.0,-0.4,-3.3,4.3,2023-04
2023-04-12,5353,台林,通信網路業,進榜,準備,42.16,80.0,3.0,0,,-12.8,-2.5,-14.8,1.5,-18.6,-0.5,-24.3,4.3,42.7,1.2,-13.8,-2.5,-15.8,1.7,-19.5,-0.4,-25.2,4.3,2023-04
2023-04-12,3014,聯陽,半導體業,進榜,準備,74.4,75.0,1.0,0,,5.3,-2.5,37.0,1.5,80.6,-0.5,70.5,4.3,74.6,0.2,5.0,-2.5,36.7,1.7,80.3,-0.4,70.1,4.3,2023-04
2023-04-12,6163,華電網,通信網路業,觸發,等待後觸發,22.69,88.0,2.0,12,20.93,-2.5,-2.5,-14.9,1.5,-28.8,-0.5,-19.9,4.3,23.3,2.7,-5.1,-2.5,-17.1,1.7,-30.7,-0.4,-22.0,4.3,2023-04
2023-04-12,3481,群創,光電業,移出,掉出掃描母體,14.32,72.0,,1,,,,,,,,,,,,,,,,,,,,2023-04
2023-04-12,3680,家登,半導體業,移出,掉出掃描母體,344.46,77.0,,30,,,,,,,,,,,,,,,,,,,,2023-04
2023-04-13,6612,奈米醫材,生技醫療業,進榜,觸發,109.99,94.0,4.0,0,,13.0,-2.2,-5.3,1.5,-5.7,0.0,,,111.8,1.7,11.1,-2.3,-6.9,1.4,-7.2,-0.2,,,2023-04
2023-04-13,6612,奈米醫材,生技醫療業,觸發,進榜即觸發,109.99,94.0,4.0,0,109.99,13.0,-2.2,-5.3,1.5,-5.7,0.0,,,111.8,1.7,11.1,-2.3,-6.9,1.4,-7.2,-0.2,,,2023-04
2023-04-13,6829,千附精密,電機機械,進榜,觸發,109.66,85.0,2.0,0,,4.4,-2.2,4.2,1.5,-5.4,0.0,,,114.1,4.0,0.4,-2.3,0.2,1.4,-9.1,-0.2,,,2023-04
2023-04-13,6829,千附精密,電機機械,觸發,進榜即觸發,109.66,85.0,2.0,0,109.66,4.4,-2.2,4.2,1.5,-5.4,0.0,,,114.1,4.0,0.4,-2.3,0.2,1.4,-9.1,-0.2,,,2023-04
2023-04-13,1752,南光,化學生技醫療,進榜,觸發,57.8,84.0,3.0,0,,0.9,-2.2,-8.9,1.5,-16.0,0.0,,,59.7,3.4,-2.4,-2.3,-11.8,1.4,-18.7,-0.2,,,2023-04
2023-04-13,1752,南光,化學生技醫療,觸發,進榜即觸發,57.8,84.0,3.0,0,57.8,0.9,-2.2,-8.9,1.5,-16.0,0.0,,,59.7,3.4,-2.4,-2.3,-11.8,1.4,-18.7,-0.2,,,2023-04
2023-04-13,2208,台船,航運業,進榜,觸發,25.82,82.0,2.0,0,,-12.7,-2.2,-8.9,1.5,-18.6,0.0,,,26.9,4.3,-16.3,-2.3,-12.7,1.4,-22.0,-0.2,,,2023-04
2023-04-13,2208,台船,航運業,觸發,進榜即觸發,25.82,82.0,2.0,0,25.82,-12.7,-2.2,-8.9,1.5,-18.6,0.0,,,26.9,4.3,-16.3,-2.3,-12.7,1.4,-22.0,-0.2,,,2023-04
2023-04-13,9942,茂順,其他,進榜,準備,114.66,72.0,3.0,0,,4.9,-2.2,4.6,1.5,-3.0,0.0,,,114.3,-0.4,5.3,-2.3,4.9,1.4,-2.7,-0.2,,,2023-04
2023-04-13,1529,樂事綠能,電機機械,觸發,等待後觸發,28.77,89.0,3.0,1,26.48,5.4,-2.2,12.9,1.5,-4.6,0.0,,,28.9,0.4,5.0,-2.3,12.4,1.4,-5.0,-0.2,,,2023-04
2023-04-13,2376,技嘉,電子工業,移出,掉出掃描母體,121.31,77.0,,22,,,,,,,,,,,,,,,,,,,,2023-04
2023-04-13,6441,廣錠,電腦及週邊設備業,移出,掉出掃描母體,61.64,70.0,,3,,,,,,,,,,,,,,,,,,,,2023-04
2023-04-13,2408,南亞科,半導體業,移出,掉出掃描母體,66.81,76.0,,2,,,,,,,,,,,,,,,,,,,,2023-04
2023-04-13,3293,鈊象,文化創意業,移出,掉出掃描母體,229.3,75.0,,104,,,,,,,,,,,,,,,,,,,,2023-04
2023-04-13,3454,晶睿,光電業,移出,掉出掃描母體,234.66,86.0,,72,,,,,,,,,,,,,,,,,,,,2023-04
2023-04-13,3558,神準,通信網路業,移出,離高點太遠,259.12,90.0,,57,,,,,,,,,,,,,,,,,,,,2023-04
2023-04-13,3218,大學光,生技醫療業,移出,掉出掃描母體,334.59,70.0,,15,,,,,,,,,,,,,,,,,,,,2023-04
2023-04-14,8996,高力,電機機械,進榜,觸發,243.94,97.0,6.0,0,,-17.9,-2.9,36.3,0.6,10.3,-0.2,,,243.9,0.0,-17.9,-3.0,36.3,0.6,10.3,-0.5,,,2023-04
2023-04-14,8996,高力,電機機械,觸發,進榜即觸發,243.94,97.0,6.0,0,243.94,-17.9,-2.9,36.3,0.6,10.3,-0.2,,,243.9,0.0,-17.9,-3.0,36.3,0.6,10.3,-0.5,,,2023-04
2023-04-14,2471,資通,資訊服務業,進榜,觸發,42.7,95.0,0.0,0,,14.0,-2.9,7.1,0.6,8.3,-0.2,,,44.3,3.7,9.9,-3.0,3.2,0.6,4.4,-0.5,,,2023-04
2023-04-14,2471,資通,資訊服務業,觸發,進榜即觸發,42.7,95.0,0.0,0,42.7,14.0,-2.9,7.1,0.6,8.3,-0.2,,,44.3,3.7,9.9,-3.0,3.2,0.6,4.4,-0.5,,,2023-04
2023-04-14,1810,和成,玻璃陶瓷,進榜,觸發,21.98,93.0,3.0,0,,1.3,-2.9,-0.7,0.6,-16.4,-0.2,,,24.1,9.6,-7.6,-3.0,-9.3,0.6,-23.7,-0.5,,,2023-04
2023-04-14,1810,和成,玻璃陶瓷,觸發,進榜即觸發,21.98,93.0,3.0,0,21.98,1.3,-2.9,-0.7,0.6,-16.4,-0.2,,,24.1,9.6,-7.6,-3.0,-9.3,0.6,-23.7,-0.5,,,2023-04
2023-04-14,3032,偉訓,電子工業,進榜,觸發,48.24,93.0,1.0,0,,-12.3,-2.9,20.3,0.6,44.4,-0.2,,,47.3,-1.9,-10.6,-3.0,22.6,0.6,47.2,-0.5,,,2023-04
2023-04-14,3032,偉訓,電子工業,觸發,進榜即觸發,48.24,93.0,1.0,0,48.24,-12.3,-2.9,20.3,0.6,44.4,-0.2,,,47.3,-1.9,-10.6,-3.0,22.6,0.6,47.2,-0.5,,,2023-04
2023-04-14,2204,中華,汽車工業,進榜,準備,52.86,76.0,1.0,0,,14.2,-2.9,40.0,0.6,48.3,-0.2,,,53.1,0.4,13.7,-3.0,39.3,0.6,47.6,-0.5,,,2023-04
2023-04-14,2327,國巨*,電子工業,進榜,準備,105.13,74.0,2.0,0,,-11.8,-2.9,-8.3,0.6,-3.1,-0.2,,,106.1,0.9,-12.5,-3.0,-9.1,0.6,-4.0,-0.5,,,2023-04
2023-04-14,3712,永崴投控,電子工業,進榜,準備,32.49,73.0,1.0,0,,-4.1,-2.9,-4.0,0.6,-5.5,-0.2,,,33.1,1.9,-5.9,-3.0,-5.7,0.6,-7.2,-0.5,,,2023-04
2023-04-14,8033,雷虎,其他,觸發,等待後觸發,69.53,100.0,3.0,2,62.76,-12.8,-2.9,-13.6,0.6,-18.9,-0.2,,,74.1,6.5,-18.1,-3.0,-18.9,0.6,-23.9,-0.5,,,2023-04
2023-04-14,1589,永冠-KY,電機機械,移出,掉出掃描母體,79.72,72.0,,21,,,,,,,,,,,,,,,,,,,,2023-04
2023-04-14,9942,茂順,其他,移出,掉出掃描母體,114.66,72.0,,1,,,,,,,,,,,,,,,,,,,,2023-04
2023-04-14,3290,東浦,電子零組件業,移出,掉出掃描母體,35.08,74.0,,23,,,,,,,,,,,,,,,,,,,,2023-04
2023-04-17,2645,長榮航太,航運業,進榜,觸發,106.27,80.0,2.0,0,,-16.3,-2.9,-9.9,0.0,-9.9,-1.2,,,106.7,0.4,-16.7,-3.0,-10.3,0.0,-10.3,-1.5,,,2023-04
2023-04-17,2645,長榮航太,航運業,觸發,進榜即觸發,106.27,80.0,2.0,0,106.27,-16.3,-2.9,-9.9,0.0,-9.9,-1.2,,,106.7,0.4,-16.7,-3.0,-10.3,0.0,-10.3,-1.5,,,2023-04
2023-04-17,6806,森崴能源,其他,進榜,準備,99.47,77.0,1.0,0,,-3.6,-2.9,1.4,0.0,-5.9,-1.2,,,99.5,0.0,-3.6,-3.0,1.4,0.0,-5.9,-1.5,,,2023-04
2023-04-17,5371,中光電,光電業,進榜,準備,72.94,75.0,1.0,0,,-12.3,-2.9,-8.0,0.0,-1.6,-1.2,,,73.4,0.6,-12.8,-3.0,-8.5,0.0,-2.2,-1.5,,,2023-04
2023-04-17,2421,建準,電子工業,進榜,準備,49.03,72.0,3.0,0,,15.7,-2.9,76.2,0.0,92.1,-1.2,,,49.7,1.4,14.1,-3.0,73.7,0.0,89.4,-1.5,,,2023-04
2023-04-17,2495,普安,其他電子業,進榜,準備,21.46,70.0,2.0,0,,0.4,-2.9,-1.9,0.0,-15.9,-1.2,,,22.1,2.9,-2.4,-3.0,-4.6,0.0,-18.2,-1.5,,,2023-04
2023-04-17,3529,力旺,半導體業,觸發,等待後觸發,2018.78,87.0,1.0,52,1829.97,-13.7,-2.9,2.2,0.0,8.5,-1.2,,,2028.5,0.5,-14.1,-3.0,1.7,0.0,8.0,-1.5,,,2023-04
2023-04-17,3014,聯陽,半導體業,移出,掉出掃描母體,73.6,74.0,,5,,,,,,,,,,,,,,,,,,,,2023-04
2023-04-17,6139,亞翔,電子工業,移出,掉出掃描母體,41.41,72.0,,40,,,,,,,,,,,,,,,,,,,,2023-04
2023-04-18,4979,華星光,通信網路業,進榜,觸發,56.96,86.0,6.0,0,,-24.2,-2.0,189.0,0.6,158.6,-0.8,,,58.7,3.0,-26.5,-2.1,180.4,0.6,150.9,-1.0,,,2023-04
2023-04-18,4979,華星光,通信網路業,觸發,進榜即觸發,56.96,86.0,6.0,0,56.96,-24.2,-2.0,189.0,0.6,158.6,-0.8,,,58.7,3.0,-26.5,-2.1,180.4,0.6,150.9,-1.0,,,2023-04
2023-04-18,3704,合勤控,通信網路業,進榜,觸發,40.44,78.0,2.0,0,,-2.2,-2.0,40.8,0.6,11.5,-0.8,,,40.4,0.0,-2.2,-2.1,40.8,0.6,11.5,-1.0,,,2023-04
2023-04-18,3704,合勤控,通信網路業,觸發,進榜即觸發,40.44,78.0,2.0,0,40.44,-2.2,-2.0,40.8,0.6,11.5,-0.8,,,40.4,0.0,-2.2,-2.1,40.8,0.6,11.5,-1.0,,,2023-04
2023-04-18,3592,瑞鼎,電子工業,進榜,準備,337.82,90.0,2.0,0,,-24.5,-2.0,-17.7,0.6,-9.0,-0.8,,,340.9,0.9,-25.2,-2.1,-18.5,0.6,-9.8,-1.0,,,2023-04
2023-04-18,8436,大江,生技醫療業,進榜,準備,176.42,80.0,2.0,0,,-15.5,-2.0,-17.8,0.6,-15.6,-0.8,,,180.1,2.1,-17.2,-2.1,-19.5,0.6,-17.3,-1.0,,,2023-04
2023-04-18,3218,大學光,生技醫療業,進榜,準備,350.25,76.0,2.0,0,,-5.6,-2.0,-8.4,0.6,-15.0,-0.8,,,361.0,3.1,-8.4,-2.1,-11.1,0.6,-17.5,-1.0,,,2023-04
2023-04-18,4119,旭富,化學生技醫療,進榜,準備,107.13,71.0,3.0,0,,-9.2,-2.0,-16.9,0.6,-14.4,-0.8,,,107.1,0.0,-9.2,-2.1,-16.9,0.6,-14.4,-1.0,,,2023-04
2023-04-18,2376,技嘉,電子工業,進榜,準備,120.42,70.0,1.0,0,,10.3,-2.0,118.5,0.6,114.4,-0.8,,,119.1,-1.1,11.6,-2.1,120.9,0.6,116.8,-1.0,,,2023-04
2023-04-18,6806,森崴能源,其他,觸發,等待後觸發,109.41,87.0,1.0,1,102.18,-9.9,-2.0,-8.7,0.6,-13.6,-0.8,,,110.3,0.8,-10.7,-2.1,-9.4,0.6,-14.3,-1.0,,,2023-04
2023-04-18,2495,普安,其他電子業,觸發,等待後觸發,23.58,84.0,2.0,1,22.03,-7.1,-2.0,-8.6,0.6,-22.1,-0.8,,,23.6,0.0,-7.1,-2.1,-8.6,0.6,-22.1,-1.0,,,2023-04
2023-04-18,5009,榮剛,鋼鐵工業,移出,逾期,49.29,93.0,,56,,,,,,,,,,,,,,,,,,,,2023-04
2023-04-18,2327,國巨*,電子工業,移出,掉出掃描母體,103.04,71.0,,4,,,,,,,,,,,,,,,,,,,,2023-04
2023-04-18,2421,建準,電子工業,移出,掉出掃描母體,49.03,72.0,,1,,,,,,,,,,,,,,,,,,,,2023-04
2023-04-18,3260,威剛,半導體業,移出,掉出掃描母體,64.86,72.0,,18,,,,,,,,,,,,,,,,,,,,2023-04
2023-04-18,8299,群聯,半導體業,移出,掉出掃描母體,372.25,75.0,,6,,,,,,,,,,,,,,,,,,,,2023-04
2023-04-18,8996,高力,電機機械,移出,掉出掃描母體,233.29,94.0,,4,,,,,,,,,,,,,,,,,,,,2023-04
2023-04-19,3652,精聯,電腦及週邊設備業,進榜,觸發,33.53,85.0,4.0,0,,-21.6,-1.7,-8.5,0.8,-21.5,-0.8,,,33.7,0.4,-21.9,-1.7,-8.9,1.0,-21.8,-1.0,,,2023-04
2023-04-19,3652,精聯,電腦及週邊設備業,觸發,進榜即觸發,33.53,85.0,4.0,0,33.53,-21.6,-1.7,-8.5,0.8,-21.5,-0.8,,,33.7,0.4,-21.9,-1.7,-8.9,1.0,-21.8,-1.0,,,2023-04
2023-04-19,2732,六角,觀光事業,進榜,觸發,162.63,81.0,5.0,0,,-6.3,-1.7,-19.8,0.8,-42.4,-0.8,,,167.4,2.9,-9.0,-1.7,-22.1,1.0,-44.1,-1.0,,,2023-04
2023-04-19,2732,六角,觀光事業,觸發,進榜即觸發,162.63,81.0,5.0,0,162.63,-6.3,-1.7,-19.8,0.8,-42.4,-0.8,,,167.4,2.9,-9.0,-1.7,-22.1,1.0,-44.1,-1.0,,,2023-04
2023-04-19,6244,茂迪,光電業,進榜,觸發,39.42,78.0,2.0,0,,-16.3,-1.7,-20.2,0.8,-31.6,-0.8,,,40.0,1.4,-17.5,-1.7,-21.3,1.0,-32.5,-1.0,,,2023-04
2023-04-19,6244,茂迪,光電業,觸發,進榜即觸發,39.42,78.0,2.0,0,39.42,-16.3,-1.7,-20.2,0.8,-31.6,-0.8,,,40.0,1.4,-17.5,-1.7,-21.3,1.0,-32.5,-1.0,,,2023-04
2023-04-19,6282,康舒,電子零組件業,進榜,觸發,39.1,76.0,3.0,0,,-3.2,-1.7,36.7,0.8,4.3,-0.8,,,39.7,1.5,-4.6,-1.7,34.7,1.0,2.8,-1.0,,,2023-04
2023-04-19,6282,康舒,電子零組件業,觸發,進榜即觸發,39.1,76.0,3.0,0,39.1,-3.2,-1.7,36.7,0.8,4.3,-0.8,,,39.7,1.5,-4.6,-1.7,34.7,1.0,2.8,-1.0,,,2023-04
2023-04-19,3004,豐達科,鋼鐵工業,進榜,準備,104.92,89.0,2.0,0,,-17.9,-1.7,-21.2,0.8,-27.0,-0.8,,,103.6,-1.2,-16.8,-1.7,-20.2,1.0,-26.1,-1.0,,,2023-04
2023-04-19,1783,和康生,化學生技醫療,進榜,準備,53.57,80.0,2.0,0,,-1.4,-1.7,-0.2,0.8,-15.0,-0.8,,,56.1,4.7,-5.8,-1.7,-4.6,1.0,-18.8,-1.0,,,2023-04
2023-04-19,3178,公準,電機機械,進榜,準備,86.9,78.0,2.0,0,,-13.1,-1.7,1.4,0.8,-6.6,-0.8,,,86.0,-1.1,-12.2,-1.7,2.5,1.0,-5.5,-1.0,,,2023-04
2023-04-19,3038,全台,光電業,進榜,準備,24.44,74.0,1.0,0,,2.5,-1.7,37.3,0.8,3.7,-0.8,,,24.5,0.2,2.3,-1.7,37.1,1.0,3.5,-1.0,,,2023-04
2023-04-19,3078,僑威,電子零組件業,觸發,等待後觸發,45.24,95.0,1.0,8,38.7,0.5,-1.7,54.5,0.8,52.5,-0.8,,,46.3,2.3,-1.7,-1.7,51.0,1.0,49.1,-1.0,,,2023-04
2023-04-19,4147,中裕,生技醫療業,觸發,等待後觸發,115.92,91.0,1.0,7,102.66,-4.7,-1.7,-17.0,0.8,-27.6,-0.8,,,115.9,0.0,-4.7,-1.7,-17.0,1.0,-27.6,-1.0,,,2023-04
2023-04-19,2376,技嘉,電子工業,移出,掉出掃描母體,120.42,70.0,,1,,,,,,,,,,,,,,,,,,,,2023-04
2023-04-19,5536,聖暉*,其他電子類,移出,掉出掃描母體,118.53,71.0,,49,,,,,,,,,,,,,,,,,,,,2023-04
2023-04-19,8478,東哥遊艇,其他,移出,離高點太遠,400.06,82.0,,28,,,,,,,,,,,,,,,,,,,,2023-04
2023-04-19,8016,矽創,半導體業,移出,掉出掃描母體,193.4,72.0,,28,,,,,,,,,,,,,,,,,,,,2023-04
2023-04-19,1590,亞德客-KY,電機機械,移出,掉出掃描母體,1075.66,74.0,,20,,,,,,,,,,,,,,,,,,,,2023-04
2023-04-20,6691,洋基工程,其他電子業,移出,逾期,121.32,84.0,,56,,,,,,,,,,,,,,,,,,,,2023-04
2023-04-20,6753,龍德造船,航運業,移出,離高點太遠,112.22,94.0,,24,,,,,,,,,,,,,,,,,,,,2023-04
2023-04-20,6643,M31,半導體業,移出,突破失敗,452.71,79.0,,20,,,,,,,,,,,,,,,,,,,,2023-04
2023-04-20,3025,星通,電子工業,移出,掉出掃描母體,33.48,72.0,,13,,,,,,,,,,,,,,,,,,,,2023-04
2023-04-20,4961,天鈺,電子工業,移出,掉出掃描母體,212.37,83.0,,9,,,,,,,,,,,,,,,,,,,,2023-04
2023-04-20,5371,中光電,光電業,移出,掉出掃描母體,70.22,71.0,,3,,,,,,,,,,,,,,,,,,,,2023-04
2023-04-20,2645,長榮航太,航運業,移出,突破失敗,96.29,72.0,,3,,,,,,,,,,,,,,,,,,,,2023-04
2023-04-20,3652,精聯,電腦及週邊設備業,移出,突破失敗,30.19,79.0,,1,,,,,,,,,,,,,,,,,,,,2023-04
2023-04-20,2732,六角,觀光事業,移出,突破失敗,148.04,74.0,,1,,,,,,,,,,,,,,,,,,,,2023-04
2023-04-21,2482,連宇,其他電子業,移出,離高點太遠,57.5,99.0,,78,,,,,,,,,,,,,,,,,,,,2023-04
2023-04-21,1342,八貫,其他,移出,掉出掃描母體,116.47,91.0,,71,,,,,,,,,,,,,,,,,,,,2023-04
2023-04-21,6188,廣明,電腦及週邊設備業,移出,掉出掃描母體,49.6,79.0,,51,,,,,,,,,,,,,,,,,,,,2023-04
2023-04-21,3046,建碁,電子工業,移出,掉出掃描母體,62.46,70.0,,45,,,,,,,,,,,,,,,,,,,,2023-04
2023-04-21,6472,保瑞,生技醫療業,移出,離高點太遠,425.78,96.0,,37,,,,,,,,,,,,,,,,,,,,2023-04
2023-04-21,2453,凌群,資訊服務業,移出,離高點太遠,58.57,99.0,,32,,,,,,,,,,,,,,,,,,,,2023-04
2023-04-21,6143,振曜,通信網路業,移出,離高點太遠,75.27,74.0,,30,,,,,,,,,,,,,,,,,,,,2023-04
2023-04-21,5439,高技,電子零組件業,移出,掉出掃描母體,57.12,80.0,,10,,,,,,,,,,,,,,,,,,,,2023-04
2023-04-21,5274,信驊,半導體業,移出,掉出掃描母體,2307.81,75.0,,10,,,,,,,,,,,,,,,,,,,,2023-04
2023-04-21,6417,韋僑,通信網路業,移出,離高點太遠,151.41,95.0,,9,,,,,,,,,,,,,,,,,,,,2023-04
2023-04-21,8033,雷虎,其他,移出,離高點太遠,67.4,100.0,,9,,,,,,,,,,,,,,,,,,,,2023-04
2023-04-21,6612,奈米醫材,生技醫療業,移出,離高點太遠,116.22,96.0,,8,,,,,,,,,,,,,,,,,,,,2023-04
2023-04-21,1810,和成,玻璃陶瓷,移出,離高點太遠,24.37,97.0,,7,,,,,,,,,,,,,,,,,,,,2023-04
2023-04-21,3704,合勤控,通信網路業,移出,突破失敗,37.03,73.0,,3,,,,,,,,,,,,,,,,,,,,2023-04
2023-04-21,3592,瑞鼎,電子工業,移出,掉出掃描母體,317.68,86.0,,3,,,,,,,,,,,,,,,,,,,,2023-04
2023-04-21,4979,華星光,通信網路業,移出,離高點太遠,49.07,74.0,,3,,,,,,,,,,,,,,,,,,,,2023-04
2023-04-21,1783,和康生,化學生技醫療,移出,掉出掃描母體,51.5,82.0,,2,,,,,,,,,,,,,,,,,,,,2023-04
2023-04-24,6752,叡揚,資訊服務業,進榜,觸發,122.12,99.0,3.0,0,,3.6,0.5,-8.3,2.3,-26.1,-0.3,,,124.7,2.1,1.5,0.4,-10.2,2.2,-27.6,-0.5,,,2023-04
2023-04-24,6752,叡揚,資訊服務業,觸發,進榜即觸發,122.12,99.0,3.0,0,122.12,3.6,0.5,-8.3,2.3,-26.1,-0.3,,,124.7,2.1,1.5,0.4,-10.2,2.2,-27.6,-0.5,,,2023-04
2023-04-24,2376,技嘉,電子工業,進榜,準備,119.98,78.0,1.0,0,,18.5,0.5,125.9,2.3,86.1,-0.3,,,120.0,0.0,18.5,0.4,125.9,2.2,86.1,-0.5,,,2023-04
2023-04-24,6605,帝寶,汽車工業,進榜,準備,84.56,76.0,2.0,0,,3.2,0.5,13.9,2.3,51.0,-0.3,,,83.8,-0.9,4.1,0.4,15.0,2.2,52.4,-0.5,,,2023-04
2023-04-24,2356,英業達,電子工業,進榜,準備,29.1,72.0,1.0,0,,-6.5,0.5,94.1,2.3,38.6,-0.3,,,28.7,-1.4,-5.2,0.4,96.8,2.2,40.5,-0.5,,,2023-04
2023-04-24,6223,旺矽,半導體業,移出,掉出掃描母體,119.58,71.0,,34,,,,,,,,,,,,,,,,,,,,2023-04
2023-04-24,3217,優群,電子零組件業,移出,突破失敗,85.24,78.0,,33,,,,,,,,,,,,,,,,,,,,2023-04
2023-04-24,6122,擎邦,電機機械,移出,離高點太遠,21.81,93.0,,32,,,,,,,,,,,,,,,,,,,,2023-04
2023-04-25,2356,英業達,電子工業,移出,掉出掃描母體,29.1,72.0,,1,,,,,,,,,,,,,,,,,,,,2023-04
2023-04-25,6515,穎崴,電子工業,移出,離高點太遠,630.97,92.0,,76,,,,,,,,,,,,,,,,,,,,2023-04
2023-04-25,3529,力旺,半導體業,移出,掉出掃描母體,1878.39,81.0,,60,,,,,,,,,,,,,,,,,,,,2023-04
2023-04-25,3034,聯詠,半導體業,移出,掉出掃描母體,344.41,87.0,,50,,,,,,,,,,,,,,,,,,,,2023-04
2023-04-25,5289,宜鼎,電腦及週邊設備業,移出,離高點太遠,227.9,91.0,,47,,,,,,,,,,,,,,,,,,,,2023-04
2023-04-25,2413,環科,電子工業,移出,離高點太遠,36.35,88.0,,47,,,,,,,,,,,,,,,,,,,,2023-04
2023-04-25,3661,世芯-KY,半導體業,移出,離高點太遠,1107.58,72.0,,40,,,,,,,,,,,,,,,,,,,,2023-04
2023-04-25,6163,華電網,通信網路業,移出,離高點太遠,22.02,87.0,,25,,,,,,,,,,,,,,,,,,,,2023-04
2023-04-25,6235,華孚,電子工業,移出,離高點太遠,80.01,99.0,,25,,,,,,,,,,,,,,,,,,,,2023-04
2023-04-25,4164,承業醫,化學生技醫療,移出,晚期未觸發,57.87,85.0,,14,,,,,,,,,,,,,,,,,,,,2023-04
2023-04-25,3032,偉訓,電子工業,移出,突破失敗,44.19,92.0,,11,,,,,,,,,,,,,,,,,,,,2023-04
2023-04-25,8436,大江,生技醫療業,移出,掉出掃描母體,171.11,80.0,,7,,,,,,,,,,,,,,,,,,,,2023-04
2023-04-25,3004,豐達科,鋼鐵工業,移出,離高點太遠,85.49,78.0,,6,,,,,,,,,,,,,,,,,,,,2023-04
2023-04-25,6244,茂迪,光電業,移出,突破失敗,35.94,76.0,,6,,,,,,,,,,,,,,,,,,,,2023-04
2023-04-26,4967,十銓,半導體業,移出,離高點太遠,62.27,97.0,,36,,,,,,,,,,,,,,,,,,,,2023-04
2023-04-26,3693,營邦,電腦及週邊設備業,移出,離高點太遠,160.48,97.0,,15,,,,,,,,,,,,,,,,,,,,2023-04
2023-04-26,5353,台林,通信網路業,移出,掉出掃描母體,41.47,76.0,,14,,,,,,,,,,,,,,,,,,,,2023-04
2023-04-26,4119,旭富,化學生技醫療,移出,掉出掃描母體,104.66,74.0,,8,,,,,,,,,,,,,,,,,,,,2023-04
2023-04-27,6148,驊宏資,資訊服務業,進榜,準備,30.09,99.0,2.0,0,,16.0,0.8,10.9,2.2,-5.5,-0.1,,,32.1,6.7,8.7,0.4,3.9,1.8,-11.5,-0.5,,,2023-04
2023-04-27,6234,高僑,光電業,進榜,準備,32.27,92.0,3.0,0,,-0.3,0.8,-10.1,2.2,-18.2,-0.1,,,33.4,3.6,-3.8,0.4,-13.3,1.8,-21.0,-0.5,,,2023-04
2023-04-27,6288,聯嘉,汽車工業,進榜,準備,32.64,82.0,2.0,0,,-5.2,0.8,-5.6,2.2,-6.5,-0.1,,,33.5,2.5,-7.6,0.4,-7.9,1.8,-8.8,-0.5,,,2023-04
2023-04-27,4572,駐龍,電機機械,進榜,準備,139.52,75.0,3.0,0,,-5.8,0.8,-1.4,2.2,-6.4,-0.1,,,141.1,1.2,-6.9,0.4,-2.6,1.8,-7.5,-0.5,,,2023-04
2023-04-27,3088,艾訊,電腦及週邊設備業,移出,掉出掃描母體,59.35,75.0,,41,,,,,,,,,,,,,,,,,,,,2023-04
2023-04-27,6752,叡揚,資訊服務業,移出,離高點太遠,112.31,98.0,,3,,,,,,,,,,,,,,,,,,,,2023-04
2023-04-28,1784,訊聯,生技醫療業,進榜,準備,56.66,84.0,2.0,0,,-0.8,0.5,2.1,1.2,-7.1,-0.4,,,57.6,1.6,-2.4,0.5,0.5,1.2,-8.6,-0.6,,,2023-04
2023-04-28,1720,生達,化學生技醫療,進榜,準備,59.12,83.0,3.0,0,,-7.1,0.5,-14.4,1.2,-18.0,-0.4,,,59.7,1.0,-8.1,0.5,-15.3,1.2,-18.9,-0.6,,,2023-04
2023-04-28,3029,零壹,資訊服務業,移出,逾期,50.95,82.0,,56,,,,,,,,,,,,,,,,,,,,2023-04
2023-04-28,6605,帝寶,汽車工業,移出,掉出掃描母體,82.95,71.0,,4,,,,,,,,,,,,,,,,,,,,2023-04
2023-05-02,4763,材料*-KY,化學工業,進榜,觸發,35.91,100.0,5.0,0,,4.1,0.0,82.9,1.4,161.7,-0.3,,,36.1,0.6,3.5,0.3,81.9,1.7,160.2,-0.3,,,2023-05
2023-05-02,4763,材料*-KY,化學工業,觸發,進榜即觸發,35.91,100.0,5.0,0,35.91,4.1,0.0,82.9,1.4,161.7,-0.3,,,36.1,0.6,3.5,0.3,81.9,1.7,160.2,-0.3,,,2023-05
2023-05-02,6752,叡揚,資訊服務業,進榜,觸發,135.21,98.0,3.0,0,,-5.4,0.0,-8.1,1.4,-32.4,-0.3,,,142.1,5.1,-10.0,0.3,-12.5,1.7,-35.6,-0.3,,,2023-05
2023-05-02,6752,叡揚,資訊服務業,觸發,進榜即觸發,135.21,98.0,3.0,0,135.21,-5.4,0.0,-8.1,1.4,-32.4,-0.3,,,142.1,5.1,-10.0,0.3,-12.5,1.7,-35.6,-0.3,,,2023-05
2023-05-02,2206,三陽工業,汽車工業,進榜,觸發,49.83,83.0,1.0,0,,27.4,0.0,35.5,1.4,23.9,-0.3,,,49.1,-1.5,29.3,0.3,37.6,1.7,25.9,-0.3,,,2023-05
2023-05-02,2206,三陽工業,汽車工業,觸發,進榜即觸發,49.83,83.0,1.0,0,49.83,27.4,0.0,35.5,1.4,23.9,-0.3,,,49.1,-1.5,29.3,0.3,37.6,1.7,25.9,-0.3,,,2023-05
2023-05-02,5465,富驊,電腦及週邊設備業,進榜,準備,35.64,97.0,3.0,0,,-6.4,0.0,22.1,1.4,8.2,-0.3,,,35.4,-0.6,-5.9,0.3,22.9,1.7,8.9,-0.3,,,2023-05
2023-05-02,3131,弘塑,其他電子類,進榜,準備,322.42,88.0,1.0,0,,35.1,0.0,76.6,1.4,40.1,-0.3,,,321.5,-0.3,35.5,0.3,77.1,1.7,40.5,-0.3,,,2023-05
2023-05-02,1609,大亞,電器電纜,進榜,準備,25.24,83.0,2.0,0,,4.5,0.0,32.0,1.4,17.1,-0.3,,,25.0,-0.9,5.4,0.3,33.2,1.7,18.2,-0.3,,,2023-05
2023-05-02,6112,邁達特,電子工業,進榜,準備,47.05,83.0,1.0,0,,36.0,0.0,43.7,1.4,24.0,-0.3,,,46.4,-1.3,37.9,0.3,45.6,1.7,25.7,-0.3,,,2023-05
2023-05-02,4746,台耀,化學生技醫療,觸發,等待後觸發,79.83,85.0,3.0,26,71.1,-5.4,0.0,10.9,1.4,-5.2,-0.3,,,82.0,2.7,-7.9,0.3,8.0,1.7,-7.8,-0.3,,,2023-05
2023-05-02,6517,保勝光學,光電業,移出,離高點太遠,129.41,99.0,,40,,,,,,,,,,,,,,,,,,,,2023-05
2023-05-02,6548,長科*,半導體業,移出,掉出掃描母體,36.65,71.0,,33,,,,,,,,,,,,,,,,,,,,2023-05
2023-05-02,3218,大學光,生技醫療業,移出,掉出掃描母體,330.47,72.0,,14,,,,,,,,,,,,,,,,,,,,2023-05
2023-05-03,5222,全訊,電子工業,進榜,準備,139.01,89.0,1.0,0,,-11.0,0.4,-20.8,1.8,-18.7,-1.1,,,138.7,-0.2,-10.8,0.5,-20.6,1.8,-18.5,-1.2,,,2023-05
2023-05-03,6805,富世達,電子工業,進榜,準備,228.9,73.0,2.0,0,,-6.4,0.4,-13.7,1.8,13.5,-1.1,,,227.0,-0.8,-5.6,0.5,-12.9,1.8,14.4,-1.2,,,2023-05
2023-05-03,6148,驊宏資,資訊服務業,觸發,等待後觸發,36.99,100.0,2.0,6,30.09,-12.4,0.4,4.1,1.8,-20.4,-1.1,,,38.2,3.3,-15.2,0.5,0.8,1.8,-22.9,-1.2,,,2023-05
2023-05-03,2376,技嘉,電子工業,移出,掉出掃描母體,119.98,71.0,,9,,,,,,,,,,,,,,,,,,,,2023-05
2023-05-03,3594,磐儀,電腦及週邊設備業,移出,離高點太遠,46.24,92.0,,75,,,,,,,,,,,,,,,,,,,,2023-05
2023-05-03,6266,泰詠,電子零組件業,移出,離高點太遠,27.52,91.0,,72,,,,,,,,,,,,,,,,,,,,2023-05
2023-05-03,3178,公準,電機機械,移出,掉出掃描母體,81.06,72.0,,14,,,,,,,,,,,,,,,,,,,,2023-05
2023-05-04,6160,欣技,電腦及週邊設備業,進榜,觸發,34.75,97.0,3.0,0,,1.5,0.4,-21.7,1.3,-29.5,-1.2,,,35.9,3.4,-1.8,0.5,-24.3,1.4,-31.8,-1.5,,,2023-05
2023-05-04,6160,欣技,電腦及週邊設備業,觸發,進榜即觸發,34.75,97.0,3.0,0,34.75,1.5,0.4,-21.7,1.3,-29.5,-1.2,,,35.9,3.4,-1.8,0.5,-24.3,1.4,-31.8,-1.5,,,2023-05
2023-05-04,1783,和康生,化學生技醫療,進榜,準備,59.78,91.0,3.0,0,,-16.5,0.4,-10.0,1.3,-25.3,-1.2,,,64.6,8.1,-22.7,0.5,-16.7,1.4,-30.9,-1.5,,,2023-05
2023-05-04,5439,高技,電子零組件業,進榜,準備,62.23,83.0,2.0,0,,20.6,0.4,61.1,1.3,67.8,-1.2,,,62.8,0.9,19.6,0.5,59.7,1.4,66.4,-1.5,,,2023-05
2023-05-04,4572,駐龍,電機機械,移出,掉出掃描母體,139.12,70.0,,7,,,,,,,,,,,,,,,,,,,,2023-05
2023-05-05,2421,建準,電子工業,進榜,觸發,53.93,78.0,3.0,0,,42.7,0.7,116.2,1.2,50.4,-1.0,,,54.4,0.8,41.5,0.5,114.5,1.0,49.2,-1.4,,,2023-05
2023-05-05,2421,建準,電子工業,觸發,進榜即觸發,53.93,78.0,3.0,0,53.93,42.7,0.7,116.2,1.2,50.4,-1.0,,,54.4,0.8,41.5,0.5,114.5,1.0,49.2,-1.4,,,2023-05
2023-05-05,6274,台燿,電子零組件業,進榜,準備,63.7,77.0,1.0,0,,12.8,0.7,77.5,1.2,64.5,-1.0,,,64.4,1.2,11.5,0.5,75.5,1.0,62.6,-1.4,,,2023-05
2023-05-05,2208,台船,航運業,移出,突破失敗,23.51,77.0,,22,,,,,,,,,,,,,,,,,,,,2023-05
2023-05-05,6282,康舒,電子零組件業,移出,掉出掃描母體,37.89,74.0,,16,,,,,,,,,,,,,,,,,,,,2023-05
2023-05-08,1795,美時,化學生技醫療,進榜,觸發,264.26,82.0,6.0,0,,9.9,1.2,0.6,0.3,-11.2,-2.1,,,264.7,0.2,9.7,1.2,0.5,0.5,-11.3,-2.0,,,2023-05
2023-05-08,1795,美時,化學生技醫療,觸發,進榜即觸發,264.26,82.0,6.0,0,264.26,9.9,1.2,0.6,0.3,-11.2,-2.1,,,264.7,0.2,9.7,1.2,0.5,0.5,-11.3,-2.0,,,2023-05
2023-05-08,6469,大樹,生技醫療業,進榜,觸發,230.6,76.0,4.0,0,,-16.5,1.2,-4.3,0.3,-2.9,-2.1,,,230.9,0.1,-16.6,1.2,-4.4,0.5,-3.0,-2.0,,,2023-05
2023-05-08,6469,大樹,生技醫療業,觸發,進榜即觸發,230.6,76.0,4.0,0,230.6,-16.5,1.2,-4.3,0.3,-2.9,-2.1,,,230.9,0.1,-16.6,1.2,-4.4,0.5,-3.0,-2.0,,,2023-05
2023-05-08,6538,倉和,電子零組件業,進榜,準備,104.02,89.0,3.0,0,,-12.1,1.2,40.2,0.3,9.9,-2.1,,,104.9,0.8,-12.9,1.2,39.1,0.5,9.0,-2.0,,,2023-05
2023-05-08,5274,信驊,半導體業,進榜,準備,2522.38,83.0,1.0,0,,-0.7,1.2,-21.2,0.3,-9.2,-2.1,,,2452.3,-2.8,2.1,1.2,-19.0,0.5,-6.6,-2.0,,,2023-05
2023-05-08,6605,帝寶,汽車工業,進榜,準備,86.84,71.0,2.0,0,,-3.9,1.2,14.5,0.3,32.3,-2.1,,,86.8,0.0,-3.9,1.2,14.5,0.5,32.3,-2.0,,,2023-05
2023-05-08,6112,邁達特,電子工業,觸發,等待後觸發,54.95,91.0,1.0,6,48.2,14.1,1.2,22.5,0.3,0.4,-2.1,,,57.6,4.8,8.8,1.2,16.8,0.5,-4.3,-2.0,,,2023-05
2023-05-08,1762,中化生,化學生技醫療,移出,晚期未觸發,92.25,87.0,,42,,,,,,,,,,,,,,,,,,,,2023-05
2023-05-09,3324,雙鴻,其他電子類,進榜,準備,241.22,92.0,2.0,0,,11.5,2.0,8.8,1.7,13.4,-0.8,,,240.7,-0.2,11.8,2.1,9.1,1.9,13.7,-0.8,,,2023-05
2023-05-09,3014,聯陽,半導體業,進榜,準備,79.45,77.0,1.0,0,,13.4,2.0,50.6,1.7,70.8,-0.8,,,80.0,0.7,12.6,2.1,49.6,1.9,69.6,-0.8,,,2023-05
2023-05-09,6139,亞翔,電子工業,進榜,準備,42.74,73.0,3.0,0,,32.8,2.0,50.8,1.7,168.8,-0.8,,,43.1,0.9,31.6,2.1,49.4,1.9,166.3,-0.8,,,2023-05
2023-05-09,1584,精剛,其他,移出,離高點太遠,31.52,94.0,,77,,,,,,,,,,,,,,,,,,,,2023-05
2023-05-09,8222,寶一,電機機械,移出,離高點太遠,56.57,99.0,,62,,,,,,,,,,,,,,,,,,,,2023-05
2023-05-09,1529,樂事綠能,電機機械,移出,離高點太遠,31.75,93.0,,27,,,,,,,,,,,,,,,,,,,,2023-05
2023-05-09,6234,高僑,光電業,移出,晚期未觸發,33.86,92.0,,12,,,,,,,,,,,,,,,,,,,,2023-05
2023-05-09,5465,富驊,電腦及週邊設備業,移出,離高點太遠,30.08,93.0,,7,,,,,,,,,,,,,,,,,,,,2023-05
2023-05-09,6160,欣技,電腦及週邊設備業,移出,突破失敗,31.42,95.0,,5,,,,,,,,,,,,,,,,,,,,2023-05
2023-05-10,4503,金雨,電機機械,進榜,觸發,64.48,93.0,4.0,0,,-2.2,2.3,-4.0,1.7,-22.9,-0.4,,,65.4,1.5,-3.6,2.3,-5.4,1.9,-24.1,-0.4,,,2023-05
2023-05-10,4503,金雨,電機機械,觸發,進榜即觸發,64.48,93.0,4.0,0,64.48,-2.2,2.3,-4.0,1.7,-22.9,-0.4,,,65.4,1.5,-3.6,2.3,-5.4,1.9,-24.1,-0.4,,,2023-05
2023-05-10,1762,中化生,化學生技醫療,進榜,觸發,98.6,90.0,4.0,0,,-12.7,2.3,-28.2,1.7,-45.9,-0.4,,,96.7,-2.0,-10.9,2.3,-26.7,1.9,-44.9,-0.4,,,2023-05
2023-05-10,1762,中化生,化學生技醫療,觸發,進榜即觸發,98.6,90.0,4.0,0,98.6,-12.7,2.3,-28.2,1.7,-45.9,-0.4,,,96.7,-2.0,-10.9,2.3,-26.7,1.9,-44.9,-0.4,,,2023-05
2023-05-10,4175,杏一,生技醫療業,進榜,準備,124.95,95.0,1.0,0,,-28.6,2.3,-30.2,1.7,-39.4,-0.4,,,122.1,-2.3,-27.0,2.3,-28.6,1.9,-38.0,-0.4,,,2023-05
2023-05-10,3661,世芯-KY,半導體業,進榜,準備,1312.5,92.0,2.0,0,,24.2,2.3,51.7,1.7,110.8,-0.4,,,1317.4,0.4,23.7,2.3,51.1,1.9,110.0,-0.4,,,2023-05
2023-05-10,6139,亞翔,電子工業,觸發,等待後觸發,46.94,81.0,3.0,1,43.62,21.3,2.3,50.8,1.7,164.3,-0.4,,,47.4,0.9,20.1,2.3,49.4,1.9,161.8,-0.4,,,2023-05
2023-05-10,6669,緯穎,電子工業,移出,掉出掃描母體,991.12,84.0,,49,,,,,,,,,,,,,,,,,,,,2023-05
2023-05-10,6274,台燿,電子零組件業,移出,掉出掃描母體,62.14,74.0,,5,,,,,,,,,,,,,,,,,,,,2023-05
2023-05-10,5274,信驊,半導體業,移出,掉出掃描母體,2456.7,84.0,,2,,,,,,,,,,,,,,,,,,,,2023-05
2023-05-11,5536,聖暉*,其他電子類,進榜,準備,118.53,73.0,2.0,0,,11.9,3.6,16.3,2.7,38.0,0.6,,,119.0,0.4,11.5,3.8,15.9,3.1,37.5,0.8,,,2023-05
2023-05-11,2376,技嘉,電子工業,進榜,準備,125.31,72.0,1.0,0,,55.3,3.6,141.6,2.7,59.7,0.6,,,122.6,-2.1,58.7,3.8,146.8,3.1,63.2,0.8,,,2023-05
2023-05-11,3293,鈊象,文化創意業,進榜,準備,237.8,71.0,3.0,0,,13.0,3.6,11.5,2.7,21.3,0.6,,,236.1,-0.7,13.8,3.8,12.3,3.1,22.2,0.8,,,2023-05
2023-05-11,6191,精成科,電子工業,進榜,準備,31.47,71.0,1.0,0,,12.1,3.6,46.5,2.7,77.1,0.6,,,31.3,-0.4,12.6,3.8,47.0,3.1,77.8,0.8,,,2023-05
2023-05-11,6605,帝寶,汽車工業,移出,掉出掃描母體,88.11,75.0,,3,,,,,,,,,,,,,,,,,,,,2023-05
2023-05-11,2230,泰茂,電機機械,移出,掉出掃描母體,59.12,98.0,,101,,,,,,,,,,,,,,,,,,,,2023-05
2023-05-11,1519,華城,電機機械,移出,離高點太遠,68.35,96.0,,79,,,,,,,,,,,,,,,,,,,,2023-05
2023-05-11,8088,品安,半導體業,移出,掉出掃描母體,27.78,75.0,,30,,,,,,,,,,,,,,,,,,,,2023-05
2023-05-11,4147,中裕,生技醫療業,移出,離高點太遠,111.5,93.0,,29,,,,,,,,,,,,,,,,,,,,2023-05
2023-05-11,6829,千附精密,電機機械,移出,離高點太遠,112.74,90.0,,28,,,,,,,,,,,,,,,,,,,,2023-05
2023-05-11,1752,南光,化學生技醫療,移出,離高點太遠,59.32,90.0,,28,,,,,,,,,,,,,,,,,,,,2023-05
2023-05-11,2495,普安,其他電子業,移出,掉出掃描母體,22.3,74.0,,24,,,,,,,,,,,,,,,,,,,,2023-05
2023-05-11,6148,驊宏資,資訊服務業,移出,離高點太遠,33.65,100.0,,14,,,,,,,,,,,,,,,,,,,,2023-05
2023-05-11,1720,生達,化學生技醫療,移出,晚期未觸發,52.84,71.0,,13,,,,,,,,,,,,,,,,,,,,2023-05
2023-05-11,6752,叡揚,資訊服務業,移出,離高點太遠,121.76,98.0,,9,,,,,,,,,,,,,,,,,,,,2023-05
2023-05-11,1783,和康生,化學生技醫療,移出,離高點太遠,54.87,85.0,,7,,,,,,,,,,,,,,,,,,,,2023-05
2023-05-11,6469,大樹,生技醫療業,移出,掉出掃描母體,225.56,75.0,,3,,,,,,,,,,,,,,,,,,,,2023-05
2023-05-11,6538,倉和,電子零組件業,移出,離高點太遠,90.53,79.0,,3,,,,,,,,,,,,,,,,,,,,2023-05
2023-05-11,4503,金雨,電機機械,移出,突破失敗,59.14,91.0,,1,,,,,,,,,,,,,,,,,,,,2023-05
2023-05-12,6122,擎邦,電機機械,進榜,觸發,27.11,96.0,1.0,0,,22.5,3.5,23.6,2.0,36.3,0.7,,,28.0,3.2,18.7,3.8,19.8,2.3,32.2,1.1,,,2023-05
2023-05-12,6122,擎邦,電機機械,觸發,進榜即觸發,27.11,96.0,1.0,0,27.11,22.5,3.5,23.6,2.0,36.3,0.7,,,28.0,3.2,18.7,3.8,19.8,2.3,32.2,1.1,,,2023-05
2023-05-12,6245,立端,通信網路業,進榜,觸發,95.26,87.0,5.0,0,,5.8,3.5,-9.1,2.0,-14.0,0.7,,,94.5,-0.8,6.7,3.8,-8.4,2.3,-13.3,1.1,,,2023-05
2023-05-12,6245,立端,通信網路業,觸發,進榜即觸發,95.26,87.0,5.0,0,95.26,5.8,3.5,-9.1,2.0,-14.0,0.7,,,94.5,-0.8,6.7,3.8,-8.4,2.3,-13.3,1.1,,,2023-05
2023-05-12,6691,洋基工程,其他電子業,進榜,準備,128.9,86.0,1.0,0,,3.9,3.5,28.0,2.0,27.3,0.7,,,128.7,-0.2,4.0,3.8,28.2,2.3,27.5,1.1,,,2023-05
2023-05-12,8038,長園科,電子零組件業,進榜,準備,60.0,82.0,1.0,0,,4.2,3.5,-24.2,2.0,-41.1,0.7,,,57.0,-5.0,9.6,3.8,-20.2,2.3,-38.0,1.1,,,2023-05
2023-05-12,3014,聯陽,半導體業,觸發,等待後觸發,81.69,80.0,1.0,3,81.29,15.2,3.5,44.4,2.0,70.2,0.7,,,81.7,0.0,15.2,3.8,44.4,2.3,70.2,1.1,,,2023-05
2023-05-12,2376,技嘉,電子工業,移出,掉出掃描母體,125.31,72.0,,1,,,,,,,,,,,,,,,,,,,,2023-05
2023-05-12,6191,精成科,電子工業,移出,掉出掃描母體,31.47,71.0,,1,,,,,,,,,,,,,,,,,,,,2023-05
2023-05-12,3056,富華新,建材營造,移出,逾期,20.19,83.0,,56,,,,,,,,,,,,,,,,,,,,2023-05
2023-05-12,6805,富世達,電子工業,移出,掉出掃描母體,213.74,75.0,,9,,,,,,,,,,,,,,,,,,,,2023-05
2023-05-12,4175,杏一,生技醫療業,移出,離高點太遠,103.66,90.0,,2,,,,,,,,,,,,,,,,,,,,2023-05
2023-05-12,1762,中化生,化學生技醫療,移出,突破失敗,90.23,87.0,,2,,,,,,,,,,,,,,,,,,,,2023-05
2023-05-15,9942,茂順,其他,進榜,準備,121.09,71.0,3.0,0,,1.3,3.6,-4.7,1.4,-10.9,1.6,,,123.5,2.0,-0.7,3.2,-6.6,1.1,-12.7,1.4,,,2023-05
2023-05-15,3293,鈊象,文化創意業,移出,掉出掃描母體,239.49,73.0,,4,,,,,,,,,,,,,,,,,,,,2023-05
2023-05-15,4953,緯致,資訊服務業,移出,掉出掃描母體,101.4,77.0,,54,,,,,,,,,,,,,,,,,,,,2023-05
2023-05-15,3712,永崴投控,電子工業,移出,掉出掃描母體,33.56,79.0,,31,,,,,,,,,,,,,,,,,,,,2023-05
2023-05-16,3207,耀勝,電子零組件業,進榜,觸發,81.28,88.0,5.0,0,,-12.0,3.0,-8.4,0.6,-17.6,1.0,,,81.3,0.0,-12.0,2.9,-8.4,0.6,-17.6,1.1,,,2023-05
2023-05-16,3207,耀勝,電子零組件業,觸發,進榜即觸發,81.28,88.0,5.0,0,81.28,-12.0,3.0,-8.4,0.6,-17.6,1.0,,,81.3,0.0,-12.0,2.9,-8.4,0.6,-17.6,1.1,,,2023-05
2023-05-16,3617,碩天,其他電子業,進榜,觸發,122.4,81.0,6.0,0,,58.7,3.0,60.7,0.6,57.8,1.0,,,121.6,-0.7,59.7,2.9,61.7,0.6,58.9,1.1,,,2023-05
2023-05-16,3617,碩天,其他電子業,觸發,進榜即觸發,122.4,81.0,6.0,0,122.4,58.7,3.0,60.7,0.6,57.8,1.0,,,121.6,-0.7,59.7,2.9,61.7,0.6,58.9,1.1,,,2023-05
2023-05-16,3022,威強電,電子工業,進榜,觸發,78.28,80.0,4.0,0,,-0.2,3.0,-10.3,0.6,-12.6,1.0,,,78.5,0.2,-0.4,2.9,-10.5,0.6,-12.7,1.1,,,2023-05
2023-05-16,3022,威強電,電子工業,觸發,進榜即觸發,78.28,80.0,4.0,0,78.28,-0.2,3.0,-10.3,0.6,-12.6,1.0,,,78.5,0.2,-0.4,2.9,-10.5,0.6,-12.7,1.1,,,2023-05
2023-05-16,2382,廣達,電子工業,進榜,準備,89.53,79.0,1.0,0,,36.6,3.0,121.3,0.6,112.9,1.0,,,89.1,-0.5,37.3,2.9,122.4,0.6,113.9,1.1,,,2023-05
2023-05-16,6223,旺矽,半導體業,進榜,準備,132.14,76.0,3.0,0,,20.8,3.0,44.1,0.6,57.7,1.0,,,134.0,1.4,19.1,2.9,42.1,0.6,55.5,1.1,,,2023-05
2023-05-16,2376,技嘉,電子工業,進榜,準備,128.42,72.0,1.0,0,,69.6,3.0,112.4,0.6,58.7,1.0,,,128.9,0.3,69.0,2.9,111.7,0.6,58.1,1.1,,,2023-05
2023-05-16,2471,資通,資訊服務業,移出,離高點太遠,48.1,96.0,,32,,,,,,,,,,,,,,,,,,,,2023-05
2023-05-17,6235,華孚,電子工業,進榜,觸發,97.47,99.0,4.0,0,,49.3,2.3,10.0,-0.9,9.0,0.0,,,100.7,3.3,44.5,2.1,6.4,-1.0,5.5,0.0,,,2023-05
2023-05-17,6235,華孚,電子工業,觸發,進榜即觸發,97.47,99.0,4.0,0,97.47,49.3,2.3,10.0,-0.9,9.0,0.0,,,100.7,3.3,44.5,2.1,6.4,-1.0,5.5,0.0,,,2023-05
2023-05-17,6625,必應,其他,進榜,準備,77.17,99.0,2.0,0,,33.8,2.3,3.0,-0.9,-1.7,0.0,,,79.5,3.0,30.0,2.1,0.0,-1.0,-4.5,0.0,,,2023-05
2023-05-17,3029,零壹,資訊服務業,進榜,準備,54.45,85.0,1.0,0,,0.2,2.3,-2.4,-0.9,4.7,0.0,,,56.4,3.5,-3.3,2.1,-5.7,-1.0,1.1,0.0,,,2023-05
2023-05-17,3680,家登,半導體業,進榜,準備,345.39,81.0,2.0,0,,3.6,2.3,-16.3,-0.9,-1.4,0.0,,,348.2,0.8,2.8,2.1,-17.0,-1.0,-2.1,0.0,,,2023-05
2023-05-17,5274,信驊,半導體業,進榜,準備,2456.7,76.0,1.0,0,,-4.6,2.3,-22.4,-0.9,3.0,0.0,,,2500.5,1.8,-6.3,2.1,-23.8,-1.0,1.2,0.0,,,2023-05
2023-05-17,2247,汎德永業,汽車工業,進榜,準備,240.2,74.0,0.0,0,,15.4,2.3,7.1,-0.9,7.9,0.0,,,241.8,0.7,14.7,2.1,6.4,-1.0,7.2,0.0,,,2023-05
2023-05-17,2352,佳世達,電腦及週邊設備業,進榜,準備,37.05,71.0,2.0,0,,30.6,2.3,21.0,-0.9,29.3,0.0,,,37.3,0.7,29.7,2.1,20.2,-1.0,28.4,0.0,,,2023-05
2023-05-17,6414,樺漢,電子工業,進榜,準備,242.5,70.0,2.0,0,,-1.8,2.3,-4.7,-0.9,-6.3,0.0,,,243.8,0.5,-2.3,2.1,-5.2,-1.0,-6.8,0.0,,,2023-05
2023-05-18,1519,華城,電機機械,進榜,觸發,84.18,98.0,4.0,0,,33.6,2.6,82.1,-0.6,104.5,0.0,,,86.0,2.1,30.8,2.5,78.4,-0.8,100.3,-0.3,,,2023-05
2023-05-18,1519,華城,電機機械,觸發,進榜即觸發,84.18,98.0,4.0,0,84.18,33.6,2.6,82.1,-0.6,104.5,0.0,,,86.0,2.1,30.8,2.5,78.4,-0.8,100.3,-0.3,,,2023-05
2023-05-18,3363,上詮,通信網路業,進榜,觸發,39.31,91.0,2.0,0,,7.8,2.6,38.4,-0.6,60.3,0.0,,,39.2,-0.2,8.1,2.5,38.7,-0.8,60.7,-0.3,,,2023-05
2023-05-18,3363,上詮,通信網路業,觸發,進榜即觸發,39.31,91.0,2.0,0,39.31,7.8,2.6,38.4,-0.6,60.3,0.0,,,39.2,-0.2,8.1,2.5,38.7,-0.8,60.7,-0.3,,,2023-05
2023-05-18,5289,宜鼎,電腦及週邊設備業,進榜,準備,247.4,86.0,2.0,0,,6.2,2.6,-14.1,-0.6,7.4,0.0,,,251.9,1.8,4.4,2.5,-15.6,-0.8,5.5,-0.3,,,2023-05
2023-05-18,8926,台汽電,油電燃氣業,進榜,準備,40.77,86.0,1.0,0,,8.6,2.6,-8.5,-0.6,-17.0,0.0,,,41.2,1.2,7.3,2.5,-9.6,-0.8,-18.0,-0.3,,,2023-05
2023-05-18,2207,和泰車,汽車工業,進榜,準備,758.93,72.0,1.0,0,,-3.9,2.6,-16.8,-0.6,-24.8,0.0,,,776.5,2.3,-6.1,2.5,-18.6,-0.8,-26.5,-0.3,,,2023-05
2023-05-18,2723,美食-KY,觀光事業,進榜,準備,147.88,71.0,2.0,0,,-4.9,2.6,-29.1,-0.6,-36.6,0.0,,,147.0,-0.6,-4.3,2.5,-28.7,-0.8,-36.2,-0.3,,,2023-05
2023-05-18,2376,技嘉,電子工業,觸發,等待後觸發,141.75,81.0,1.0,2,129.75,54.2,2.6,102.3,-0.6,47.6,0.0,,,144.9,2.2,50.9,2.5,98.0,-0.8,44.4,-0.3,,,2023-05
2023-05-18,2352,佳世達,電腦及週邊設備業,移出,掉出掃描母體,37.05,71.0,,1,,,,,,,,,,,,,,,,,,,,2023-05
2023-05-19,3443,創意,半導體業,進榜,觸發,1232.15,93.0,4.0,0,,30.1,2.7,1.3,-1.0,34.0,0.0,,,1261.0,2.3,27.1,2.6,-1.0,-1.2,31.0,0.0,,,2023-05
2023-05-19,3443,創意,半導體業,觸發,進榜即觸發,1232.15,93.0,4.0,0,1232.15,30.1,2.7,1.3,-1.0,34.0,0.0,,,1261.0,2.3,27.1,2.6,-1.0,-1.2,31.0,0.0,,,2023-05
2023-05-19,3032,偉訓,電子工業,進榜,準備,47.43,90.0,2.0,0,,12.3,2.7,31.7,-1.0,34.6,0.0,,,48.5,2.3,9.8,2.6,28.7,-1.2,31.6,0.0,,,2023-05
2023-05-19,3025,星通,電子工業,進榜,準備,35.35,87.0,3.0,0,,21.3,2.7,12.2,-1.0,27.0,0.0,,,35.9,1.5,19.5,2.6,10.5,-1.2,25.1,0.0,,,2023-05
2023-05-19,6531,愛普*,半導體業,進榜,準備,290.63,86.0,1.0,0,,6.4,2.7,5.3,-1.0,38.4,0.0,,,293.0,0.8,5.6,2.6,4.4,-1.2,37.3,0.0,,,2023-05
2023-05-19,2352,佳世達,電腦及週邊設備業,進榜,準備,37.99,74.0,2.0,0,,25.5,2.7,20.9,-1.0,19.7,0.0,,,38.3,0.8,24.5,2.6,20.0,-1.2,18.8,0.0,,,2023-05
2023-05-19,9942,茂順,其他,移出,掉出掃描母體,127.53,71.0,,4,,,,,,,,,,,,,,,,,,,,2023-05
2023-05-19,6414,樺漢,電子工業,移出,掉出掃描母體,240.8,70.0,,2,,,,,,,,,,,,,,,,,,,,2023-05
2023-05-22,2427,三商電,資訊服務業,進榜,觸發,22.05,95.0,3.0,0,,8.2,1.9,-1.1,-1.1,12.7,-0.2,,,22.2,0.6,7.5,1.9,-1.7,-1.2,12.0,-0.4,,,2023-05
2023-05-22,2427,三商電,資訊服務業,觸發,進榜即觸發,22.05,95.0,3.0,0,22.05,8.2,1.9,-1.1,-1.1,12.7,-0.2,,,22.2,0.6,7.5,1.9,-1.7,-1.2,12.0,-0.4,,,2023-05
2023-05-22,3178,公準,電機機械,進榜,觸發,88.69,80.0,2.0,0,,9.5,1.9,-5.5,-1.1,-9.5,-0.2,,,89.3,0.6,8.8,1.9,-6.1,-1.2,-10.1,-0.4,,,2023-05
2023-05-22,3178,公準,電機機械,觸發,進榜即觸發,88.69,80.0,2.0,0,88.69,9.5,1.9,-5.5,-1.1,-9.5,-0.2,,,89.3,0.6,8.8,1.9,-6.1,-1.2,-10.1,-0.4,,,2023-05
2023-05-22,2630,亞航,航運業,進榜,準備,31.78,96.0,2.0,0,,84.5,1.9,-3.2,-1.1,0.6,-0.2,,,34.9,9.9,67.9,1.9,-12.0,-1.2,-8.4,-0.4,,,2023-05
2023-05-22,3675,德微,半導體業,進榜,準備,277.73,86.0,3.0,0,,-10.9,1.9,-17.6,-1.1,-27.0,-0.2,,,277.3,-0.1,-10.8,1.9,-17.5,-1.2,-26.9,-0.4,,,2023-05
2023-05-22,1589,永冠-KY,電機機械,進榜,準備,81.26,77.0,2.0,0,,-15.6,1.9,-36.0,-1.1,-41.6,-0.2,,,81.3,0.0,-15.6,1.9,-36.0,-1.2,-41.6,-0.4,,,2023-05
2023-05-22,3088,艾訊,電腦及週邊設備業,進榜,準備,64.71,74.0,2.0,0,,1.6,1.9,26.2,-1.1,16.7,-0.2,,,65.2,0.7,0.8,1.9,25.3,-1.2,15.8,-0.4,,,2023-05
2023-05-22,5274,信驊,半導體業,移出,掉出掃描母體,2548.66,78.0,,5,,,,,,,,,,,,,,,,,,,,2023-05
2023-05-22,2723,美食-KY,觀光事業,移出,掉出掃描母體,149.25,74.0,,4,,,,,,,,,,,,,,,,,,,,2023-05
2023-05-22,8038,長園科,電子零組件業,移出,掉出掃描母體,54.6,72.0,,10,,,,,,,,,,,,,,,,,,,,2023-05
2023-05-22,2207,和泰車,汽車工業,移出,掉出掃描母體,745.76,72.0,,4,,,,,,,,,,,,,,,,,,,,2023-05
2023-05-23,6703,軒郁,生技醫療業,進榜,準備,131.12,98.0,3.0,0,,-5.9,1.3,24.6,-1.9,42.7,-0.1,,,132.0,0.7,-6.5,1.5,23.8,-1.8,41.8,-0.0,,,2023-05
2023-05-23,5269,祥碩,半導體業,進榜,準備,1182.51,89.0,1.0,0,,-8.6,1.3,-28.2,-1.9,19.6,-0.1,,,1173.3,-0.8,-7.9,1.5,-27.7,-1.8,20.6,-0.0,,,2023-05
2023-05-23,6274,台燿,電子零組件業,進榜,準備,67.67,75.0,1.0,0,,0.4,1.3,66.4,-1.9,58.9,-0.1,,,67.6,-0.1,0.5,1.5,66.7,-1.8,59.2,-0.0,,,2023-05
2023-05-23,2630,亞航,航運業,觸發,等待後觸發,34.93,97.0,2.0,1,31.87,70.1,1.3,-14.0,-1.9,-5.0,-0.1,,,38.4,10.0,54.6,1.5,-21.8,-1.8,-13.6,-0.0,,,2023-05
2023-05-23,2352,佳世達,電腦及週邊設備業,移出,掉出掃描母體,38.24,73.0,,4,,,,,,,,,,,,,,,,,,,,2023-05
2023-05-24,2748,雲品,觀光事業,進榜,觸發,89.04,89.0,5.0,0,,13.8,1.5,-27.3,-1.9,-17.4,0.0,,,89.0,0.0,13.8,1.6,-27.3,-2.0,-17.4,-0.1,,,2023-05
2023-05-24,2748,雲品,觀光事業,觸發,進榜即觸發,89.04,89.0,5.0,0,89.04,13.8,1.5,-27.3,-1.9,-17.4,0.0,,,89.0,0.0,13.8,1.6,-27.3,-2.0,-17.4,-0.1,,,2023-05
2023-05-24,3058,立德,電子零組件業,進榜,準備,27.36,99.0,1.0,0,,6.2,1.5,-28.6,-1.9,-29.0,0.0,,,27.2,-0.7,7.0,1.6,-28.1,-2.0,-28.5,-0.1,,,2023-05
2023-05-24,2480,敦陽科,資訊服務業,進榜,準備,98.16,76.0,1.0,0,,0.5,1.5,-2.1,-1.9,4.4,0.0,,,99.0,0.8,-0.3,1.6,-2.9,-2.0,3.6,-0.1,,,2023-05
2023-05-24,6214,精誠,資訊服務業,進榜,準備,82.55,72.0,1.0,0,,15.1,1.5,16.2,-1.9,8.7,0.0,,,82.9,0.4,14.6,1.6,15.7,-2.0,8.3,-0.1,,,2023-05
2023-05-24,2352,佳世達,電腦及週邊設備業,進榜,準備,38.29,71.0,2.0,0,,23.8,1.5,21.3,-1.9,18.0,0.0,,,38.3,0.0,23.8,1.6,21.3,-2.0,18.0,-0.1,,,2023-05
2023-05-24,9942,茂順,其他,進榜,準備,129.14,71.0,3.0,0,,-7.5,1.5,-6.4,-1.9,-13.2,0.0,,,129.1,0.0,-7.5,1.6,-6.4,-2.0,-13.2,-0.1,,,2023-05
2023-05-25,2368,金像電,電子零組件業,進榜,觸發,116.86,72.0,6.0,0,,13.1,1.5,64.5,-2.1,80.8,0.1,,,119.7,2.4,10.4,1.5,60.6,-2.2,76.5,0.0,,,2023-05
2023-05-25,2368,金像電,電子零組件業,觸發,進榜即觸發,116.86,72.0,6.0,0,116.86,13.1,1.5,64.5,-2.1,80.8,0.1,,,119.7,2.4,10.4,1.5,60.6,-2.2,76.5,0.0,,,2023-05
2023-05-25,8155,博智,電子零組件業,進榜,準備,142.92,79.0,2.0,0,,-16.3,1.5,-11.6,-2.1,-13.5,0.1,,,147.3,3.1,-18.7,1.5,-14.2,-2.2,-16.1,0.0,,,2023-05
2023-05-25,3005,神基,電子工業,移出,逾期,58.6,87.0,,56,,,,,,,,,,,,,,,,,,,,2023-05
2023-05-25,1784,訊聯,生技醫療業,移出,離高點太遠,56.93,81.0,,27,,,,,,,,,,,,,,,,,,,,2023-05
2023-05-25,3022,威強電,電子工業,移出,掉出掃描母體,77.53,70.0,,9,,,,,,,,,,,,,,,,,,,,2023-05
2023-05-25,1589,永冠-KY,電機機械,移出,掉出掃描母體,80.49,75.0,,3,,,,,,,,,,,,,,,,,,,,2023-05
2023-05-25,2748,雲品,觀光事業,移出,離高點太遠,82.29,83.0,,1,,,,,,,,,,,,,,,,,,,,2023-05
2023-05-26,6515,穎崴,電子工業,進榜,觸發,785.67,95.0,5.0,0,,-11.2,1.5,-26.4,-1.3,-11.5,0.8,,,806.3,2.6,-13.5,1.2,-28.2,-1.7,-13.8,0.6,,,2023-05
2023-05-26,6515,穎崴,電子工業,觸發,進榜即觸發,785.67,95.0,5.0,0,785.67,-11.2,1.5,-26.4,-1.3,-11.5,0.8,,,806.3,2.6,-13.5,1.2,-28.2,-1.7,-13.8,0.6,,,2023-05
2023-05-26,6643,M31,半導體業,進榜,觸發,604.11,90.0,4.0,0,,16.0,1.5,28.1,-1.3,28.8,0.8,,,623.4,3.2,12.4,1.2,24.2,-1.7,24.8,0.6,,,2023-05
2023-05-26,6643,M31,半導體業,觸發,進榜即觸發,604.11,90.0,4.0,0,604.11,16.0,1.5,28.1,-1.3,28.8,0.8,,,623.4,3.2,12.4,1.2,24.2,-1.7,24.8,0.6,,,2023-05
2023-05-26,8996,高力,電機機械,進榜,觸發,259.91,85.0,6.0,0,,14.2,1.5,15.5,-1.3,-8.0,0.8,,,264.3,1.7,12.3,1.2,13.6,-1.7,-9.5,0.6,,,2023-05
2023-05-26,8996,高力,電機機械,觸發,進榜即觸發,259.91,85.0,6.0,0,259.91,14.2,1.5,15.5,-1.3,-8.0,0.8,,,264.3,1.7,12.3,1.2,13.6,-1.7,-9.5,0.6,,,2023-05
2023-05-26,5274,信驊,半導體業,進榜,觸發,2658.14,77.0,1.0,0,,-6.5,1.5,-22.4,-1.3,-4.0,0.8,,,2767.6,4.1,-10.2,1.2,-25.5,-1.7,-7.8,0.6,,,2023-05
2023-05-26,5274,信驊,半導體業,觸發,進榜即觸發,2658.14,77.0,1.0,0,2658.14,-6.5,1.5,-22.4,-1.3,-4.0,0.8,,,2767.6,4.1,-10.2,1.2,-25.5,-1.7,-7.8,0.6,,,2023-05
2023-05-26,3265,台星科,半導體業,進榜,觸發,56.88,75.0,3.0,0,,0.7,1.5,31.6,-1.3,34.8,0.8,,,59.9,5.3,-4.4,1.2,25.0,-1.7,28.0,0.6,,,2023-05
2023-05-26,3265,台星科,半導體業,觸發,進榜即觸發,56.88,75.0,3.0,0,56.88,0.7,1.5,31.6,-1.3,34.8,0.8,,,59.9,5.3,-4.4,1.2,25.0,-1.7,28.0,0.6,,,2023-05
2023-05-26,3056,富華新,建材營造,進榜,準備,19.98,78.0,1.0,0,,-10.1,1.5,-9.8,-1.3,-12.0,0.8,,,20.0,0.0,-10.1,1.2,-9.8,-1.7,-12.0,0.6,,,2023-05
2023-05-26,3583,辛耘,半導體業,進榜,準備,98.81,75.0,1.0,0,,49.3,1.5,140.8,-1.3,89.4,0.8,,,101.2,2.4,45.8,1.2,135.1,-1.7,85.0,0.6,,,2023-05
2023-05-26,2449,京元電子,半導體業,進榜,準備,42.94,74.0,1.0,0,,11.5,1.5,57.6,-1.3,72.3,0.8,,,45.5,6.1,5.2,1.2,48.6,-1.7,62.5,0.6,,,2023-05
2023-05-26,3587,閎康,其他電子類,進榜,準備,187.37,73.0,2.0,0,,3.5,1.5,47.8,-1.3,13.3,0.8,,,189.1,0.9,2.5,1.2,46.5,-1.7,12.3,0.6,,,2023-05
2023-05-26,2356,英業達,電子工業,進榜,準備,29.94,70.0,1.0,0,,25.8,1.5,79.3,-1.3,27.7,0.8,,,30.3,1.2,24.3,1.2,77.2,-1.7,26.2,0.6,,,2023-05
2023-05-26,3131,弘塑,其他電子類,觸發,等待後觸發,438.74,97.0,1.0,24,330.33,11.6,1.5,14.7,-1.3,8.6,0.8,,,456.9,4.1,7.1,1.2,10.2,-1.7,4.3,0.6,,,2023-05
2023-05-26,5289,宜鼎,電腦及週邊設備業,觸發,等待後觸發,270.96,90.0,2.0,8,253.9,-1.9,1.5,-20.0,-1.3,4.4,0.8,,,276.2,1.9,-3.8,1.2,-21.5,-1.7,2.4,0.6,,,2023-05
2023-05-26,3025,星通,電子工業,觸發,等待後觸發,39.92,92.0,3.0,7,35.45,-2.1,1.5,6.5,-1.3,19.9,0.8,,,41.6,4.2,-6.0,1.2,2.2,-1.7,15.1,0.6,,,2023-05
2023-05-26,9942,茂順,其他,移出,掉出掃描母體,128.74,73.0,,2,,,,,,,,,,,,,,,,,,,,2023-05
2023-05-26,4746,台耀,化學生技醫療,移出,離高點太遠,73.11,78.0,,50,,,,,,,,,,,,,,,,,,,,2023-05
2023-05-26,6288,聯嘉,汽車工業,移出,掉出掃描母體,32.54,75.0,,29,,,,,,,,,,,,,,,,,,,,2023-05
2023-05-26,3207,耀勝,電子零組件業,移出,掉出掃描母體,76.47,70.0,,10,,,,,,,,,,,,,,,,,,,,2023-05
2023-05-26,2247,汎德永業,汽車工業,移出,掉出掃描母體,237.78,72.0,,9,,,,,,,,,,,,,,,,,,,,2023-05
2023-05-26,3088,艾訊,電腦及週邊設備業,移出,掉出掃描母體,62.9,70.0,,4,,,,,,,,,,,,,,,,,,,,2023-05
2023-05-29,3013,晟銘電,電子工業,進榜,觸發,25.15,75.0,4.0,0,,9.9,1.1,84.4,-2.0,79.7,0.4,,,25.0,-0.8,10.8,1.1,85.9,-2.1,81.1,0.4,,,2023-05
2023-05-29,3013,晟銘電,電子工業,觸發,進榜即觸發,25.15,75.0,4.0,0,25.15,9.9,1.1,84.4,-2.0,79.7,0.4,,,25.0,-0.8,10.8,1.1,85.9,-2.1,81.1,0.4,,,2023-05
2023-05-29,6188,廣明,電腦及週邊設備業,進榜,觸發,54.11,75.0,2.0,0,,18.4,1.1,70.1,-2.0,32.4,0.4,,,54.9,1.4,16.7,1.1,67.7,-2.1,30.5,0.4,,,2023-05
2023-05-29,6188,廣明,電腦及週邊設備業,觸發,進榜即觸發,54.11,75.0,2.0,0,54.11,18.4,1.1,70.1,-2.0,32.4,0.4,,,54.9,1.4,16.7,1.1,67.7,-2.1,30.5,0.4,,,2023-05
2023-05-29,5465,富驊,電腦及週邊設備業,進榜,準備,34.75,96.0,3.0,0,,29.7,1.1,9.5,-2.0,20.9,0.4,,,35.0,0.6,28.9,1.1,8.8,-2.1,20.2,0.4,,,2023-05
2023-05-29,8099,大世科,資訊服務業,進榜,準備,51.8,86.0,2.0,0,,-2.7,1.1,-17.9,-2.0,-10.9,0.4,,,53.3,2.9,-5.5,1.1,-20.2,-2.1,-13.4,0.4,,,2023-05
2023-05-29,2356,英業達,電子工業,觸發,等待後觸發,32.92,77.0,1.0,3,30.24,13.9,1.1,61.4,-2.0,21.2,0.4,,,33.6,2.1,11.5,1.1,58.0,-2.1,18.6,0.4,,,2023-05
2023-05-29,3032,偉訓,電子工業,觸發,等待後觸發,54.7,93.0,2.0,10,48.41,-7.9,1.1,6.5,-2.0,14.8,0.4,,,54.5,-0.3,-7.6,1.1,6.9,-2.1,15.2,0.4,,,2023-05
2023-05-29,2368,金像電,電子零組件業,移出,掉出掃描母體,115.91,71.0,,4,,,,,,,,,,,,,,,,,,,,2023-05
2023-05-29,5274,信驊,半導體業,移出,掉出掃描母體,2658.14,77.0,,3,,,,,,,,,,,,,,,,,,,,2023-05
2023-05-30,8210,勤誠,電子工業,進榜,觸發,103.54,76.0,3.0,0,,41.6,1.5,109.6,-1.6,112.8,0.8,,,106.3,2.7,37.9,1.5,104.1,-1.8,107.2,0.9,,,2023-05
2023-05-30,8210,勤誠,電子工業,觸發,進榜即觸發,103.54,76.0,3.0,0,103.54,41.6,1.5,109.6,-1.6,112.8,0.8,,,106.3,2.7,37.9,1.5,104.1,-1.8,107.2,0.9,,,2023-05
2023-05-30,8088,品安,半導體業,進榜,準備,28.83,73.0,2.0,0,,9.2,1.5,3.8,-1.6,25.6,0.8,,,29.0,0.4,8.8,1.5,3.3,-1.8,25.1,0.9,,,2023-05
2023-05-30,3587,閎康,其他電子類,觸發,等待後觸發,190.86,73.0,2.0,4,189.55,1.6,1.5,44.6,-1.6,17.0,0.8,,,192.2,0.7,0.9,1.5,43.7,-1.8,16.2,0.9,,,2023-05
2023-05-30,5269,祥碩,半導體業,移出,掉出掃描母體,1200.99,87.0,,7,,,,,,,,,,,,,,,,,,,,2023-05
2023-05-30,8155,博智,電子零組件業,移出,掉出掃描母體,133.71,74.0,,5,,,,,,,,,,,,,,,,,,,,2023-05
2023-05-31,4129,聯合,生技醫療業,進榜,觸發,56.92,87.0,4.0,0,,10.2,1.5,-1.1,-2.2,39.5,0.7,,,57.3,0.6,9.5,1.5,-1.6,-2.3,38.7,0.9,,,2023-05
2023-05-31,4129,聯合,生技醫療業,觸發,進榜即觸發,56.92,87.0,4.0,0,56.92,10.2,1.5,-1.1,-2.2,39.5,0.7,,,57.3,0.6,9.5,1.5,-1.6,-2.3,38.7,0.9,,,2023-05
2023-05-31,5706,鳳凰,觀光事業,進榜,觸發,72.67,86.0,3.0,0,,12.5,1.5,-27.6,-2.2,-18.4,0.7,,,74.1,1.9,10.4,1.5,-29.0,-2.3,-19.9,0.9,,,2023-05
2023-05-31,5706,鳳凰,觀光事業,觸發,進榜即觸發,72.67,86.0,3.0,0,72.67,12.5,1.5,-27.6,-2.2,-18.4,0.7,,,74.1,1.9,10.4,1.5,-29.0,-2.3,-19.9,0.9,,,2023-05
2023-05-31,2323,中環,光電業,進榜,觸發,10.8,82.0,1.0,0,,19.5,1.5,6.8,-2.2,-5.9,0.7,,,10.8,0.0,19.5,1.5,6.8,-2.3,-5.9,0.9,,,2023-05
2023-05-31,2323,中環,光電業,觸發,進榜即觸發,10.8,82.0,1.0,0,10.8,19.5,1.5,6.8,-2.2,-5.9,0.7,,,10.8,0.0,19.5,1.5,6.8,-2.3,-5.9,0.9,,,2023-05
2023-05-31,3260,威剛,半導體業,進榜,觸發,73.97,72.0,2.0,0,,2.0,1.5,-13.0,-2.2,15.9,0.7,,,73.8,-0.2,2.2,1.5,-12.8,-2.3,16.2,0.9,,,2023-05
2023-05-31,3260,威剛,半導體業,觸發,進榜即觸發,73.97,72.0,2.0,0,73.97,2.0,1.5,-13.0,-2.2,15.9,0.7,,,73.8,-0.2,2.2,1.5,-12.8,-2.3,16.2,0.9,,,2023-05
2023-05-31,6485,點序,半導體業,進榜,準備,104.12,80.0,1.0,0,,0.4,1.5,-26.5,-2.2,0.4,0.7,,,103.2,-0.9,1.4,1.5,-25.9,-2.3,1.3,0.9,,,2023-05
2023-05-31,4916,事欣科,電腦及週邊設備業,進榜,準備,34.87,74.0,1.0,0,,18.4,1.5,12.1,-2.2,4.2,0.7,,,34.9,0.0,18.4,1.5,12.1,-2.3,4.2,0.9,,,2023-05
2023-05-31,8088,品安,半導體業,觸發,等待後觸發,31.71,81.0,2.0,1,29.26,-0.9,1.5,-6.6,-2.2,13.9,0.7,,,31.3,-1.3,0.4,1.5,-5.4,-2.3,15.5,0.9,,,2023-05
2023-05-31,5536,聖暉*,其他電子類,移出,掉出掃描母體,129.19,79.0,,20,,,,,,,,,,,,,,,,,,,,2023-05
2023-05-31,6691,洋基工程,其他電子業,移出,掉出掃描母體,129.98,74.0,,19,,,,,,,,,,,,,,,,,,,,2023-05
2023-05-31,6223,旺矽,半導體業,移出,晚期未觸發,151.68,80.0,,15,,,,,,,,,,,,,,,,,,,,2023-05
2023-05-31,8996,高力,電機機械,移出,突破失敗,238.62,74.0,,5,,,,,,,,,,,,,,,,,,,,2023-05
2023-05-31,3265,台星科,半導體業,移出,掉出掃描母體,54.85,70.0,,5,,,,,,,,,,,,,,,,,,,,2023-05
2023-06-01,4979,華星光,通信網路業,進榜,觸發,60.91,86.0,6.0,0,,80.9,1.7,152.9,-2.1,157.3,0.3,,,61.8,1.4,78.3,1.5,149.3,-2.3,153.7,0.3,,,2023-06
2023-06-01,4979,華星光,通信網路業,觸發,進榜即觸發,60.91,86.0,6.0,0,60.91,80.9,1.7,152.9,-2.1,157.3,0.3,,,61.8,1.4,78.3,1.5,149.3,-2.3,153.7,0.3,,,2023-06
2023-06-01,1905,華紙,造紙工業,進榜,準備,27.84,81.0,2.0,0,,6.0,1.7,-17.7,-2.1,-22.0,0.3,,,28.4,2.0,4.0,1.5,-19.3,-2.3,-23.5,0.3,,,2023-06
2023-06-01,2455,全新,通信網路業,進榜,準備,101.21,74.0,1.0,0,,12.2,1.7,26.4,-2.1,66.0,0.3,,,102.6,1.4,10.7,1.5,24.6,-2.3,63.7,0.3,,,2023-06
2023-06-01,6691,洋基工程,其他電子業,進榜,準備,135.18,74.0,1.0,0,,11.1,1.7,6.3,-2.1,37.6,0.3,,,135.6,0.3,10.7,1.5,5.9,-2.3,37.2,0.3,,,2023-06
2023-06-01,3293,鈊象,文化創意業,進榜,準備,252.66,71.0,3.0,0,,2.5,1.7,-0.4,-2.1,15.3,0.3,,,255.6,1.2,1.3,1.5,-1.5,-2.3,13.9,0.3,,,2023-06
2023-06-01,2449,京元電子,半導體業,移出,掉出掃描母體,45.38,74.0,,6,,,,,,,,,,,,,,,,,,,,2023-06
2023-06-01,6274,台燿,電子零組件業,移出,掉出掃描母體,69.24,73.0,,9,,,,,,,,,,,,,,,,,,,,2023-06
2023-06-01,2356,英業達,電子工業,移出,掉出掃描母體,32.35,71.0,,6,,,,,,,,,,,,,,,,,,,,2023-06
2023-06-01,3260,威剛,半導體業,移出,掉出掃描母體,73.97,72.0,,1,,,,,,,,,,,,,,,,,,,,2023-06
2023-06-02,6160,欣技,電腦及週邊設備業,進榜,觸發,38.81,98.0,4.0,0,,-20.1,1.2,-34.8,-1.9,-36.5,0.0,,,40.5,4.4,-23.4,1.0,-37.6,-2.2,-39.2,-0.0,,,2023-06
2023-06-02,6160,欣技,電腦及週邊設備業,觸發,進榜即觸發,38.81,98.0,4.0,0,38.81,-20.1,1.2,-34.8,-1.9,-36.5,0.0,,,40.5,4.4,-23.4,1.0,-37.6,-2.2,-39.2,-0.0,,,2023-06
2023-06-02,2486,一詮,光電業,進榜,觸發,35.65,89.0,1.0,0,,22.8,1.2,14.4,-1.9,24.8,0.0,,,37.2,4.3,17.7,1.0,9.7,-2.2,19.6,-0.0,,,2023-06
2023-06-02,2486,一詮,光電業,觸發,進榜即觸發,35.65,89.0,1.0,0,35.65,22.8,1.2,14.4,-1.9,24.8,0.0,,,37.2,4.3,17.7,1.0,9.7,-2.2,19.6,-0.0,,,2023-06
2023-06-02,6282,康舒,電子零組件業,進榜,觸發,44.7,77.0,4.0,0,,8.5,1.2,-1.0,-1.9,-9.8,0.0,,,45.2,1.1,7.3,1.0,-2.1,-2.2,-10.8,-0.0,,,2023-06
2023-06-02,6282,康舒,電子零組件業,觸發,進榜即觸發,44.7,77.0,4.0,0,44.7,8.5,1.2,-1.0,-1.9,-9.8,0.0,,,45.2,1.1,7.3,1.0,-2.1,-2.2,-10.8,-0.0,,,2023-06
2023-06-02,3701,大眾控,電子工業,進榜,準備,68.98,87.0,1.0,0,,-10.6,1.2,-19.7,-1.9,-7.9,0.0,,,68.9,-0.1,-10.5,1.0,-19.5,-2.2,-7.7,-0.0,,,2023-06
2023-06-02,6274,台燿,電子零組件業,進榜,準備,71.83,76.0,1.0,0,,-2.4,1.2,58.1,-1.9,49.1,0.0,,,72.0,0.3,-2.7,1.0,57.7,-2.2,48.7,-0.0,,,2023-06
2023-06-02,5243,乙盛-KY,電子工業,進榜,準備,83.43,74.0,2.0,0,,-6.9,1.2,-26.1,-1.9,-31.9,0.0,,,83.7,0.3,-7.2,1.0,-26.3,-2.2,-32.1,-0.0,,,2023-06
2023-06-02,2449,京元電子,半導體業,進榜,準備,45.54,72.0,1.0,0,,13.1,1.2,50.9,-1.9,58.0,0.0,,,45.9,0.7,12.3,1.0,49.8,-2.2,56.8,-0.0,,,2023-06
2023-06-02,6214,精誠,資訊服務業,觸發,等待後觸發,92.19,81.0,1.0,9,85.07,3.1,1.2,5.0,-1.9,-3.1,0.0,,,95.5,3.6,-0.5,1.0,1.3,-2.2,-6.5,-0.0,,,2023-06
2023-06-02,5465,富驊,電腦及週邊設備業,觸發,等待後觸發,38.14,96.0,3.0,4,35.64,27.9,1.2,-6.9,-1.9,4.6,0.0,,,38.8,1.7,25.8,1.0,-8.4,-2.2,2.9,-0.0,,,2023-06
2023-06-02,4763,材料*-KY,化學工業,移出,離高點太遠,35.15,99.0,,31,,,,,,,,,,,,,,,,,,,,2023-06
2023-06-02,3680,家登,半導體業,移出,掉出掃描母體,336.14,71.0,,16,,,,,,,,,,,,,,,,,,,,2023-06
2023-06-05,2301,光寶科,電腦及週邊設備業,進榜,觸發,85.16,73.0,1.0,0,,19.8,0.7,44.7,-2.4,13.6,0.0,,,83.4,-2.1,22.3,0.6,47.8,-2.4,16.0,0.0,,,2023-06
2023-06-05,2301,光寶科,電腦及週邊設備業,觸發,進榜即觸發,85.16,73.0,1.0,0,85.16,19.8,0.7,44.7,-2.4,13.6,0.0,,,83.4,-2.1,22.3,0.6,47.8,-2.4,16.0,0.0,,,2023-06
2023-06-05,6111,光聚晶電,文化創意業,進榜,準備,74.68,86.0,2.0,0,,21.7,0.7,-9.4,-2.4,-1.3,0.0,,,75.2,0.8,20.8,0.6,-10.1,-2.4,-2.1,0.0,,,2023-06
2023-06-05,2399,映泰,電子工業,進榜,準備,22.65,79.0,2.0,0,,11.9,0.7,3.8,-2.4,5.5,0.0,,,22.8,0.9,10.9,0.6,2.8,-2.4,4.6,0.0,,,2023-06
2023-06-05,6805,富世達,電子工業,進榜,準備,232.32,77.0,2.0,0,,-7.6,0.7,-16.2,-2.4,70.5,0.0,,,229.6,-1.2,-6.5,0.6,-15.2,-2.4,72.6,0.0,,,2023-06
2023-06-05,3338,泰碩,電子工業,進榜,準備,45.45,75.0,1.0,0,,-0.6,0.7,19.5,-2.4,22.4,0.0,,,45.1,-0.8,0.2,0.6,20.5,-2.4,23.3,0.0,,,2023-06
2023-06-05,1609,大亞,電器電纜,觸發,等待後觸發,30.08,85.0,2.0,34,25.5,12.5,0.7,8.6,-2.4,1.2,0.0,,,31.7,5.3,6.8,0.6,3.1,-2.4,-3.9,0.0,,,2023-06
2023-06-05,6625,必應,其他,觸發,等待後觸發,84.08,100.0,2.0,19,77.17,5.9,0.7,-4.6,-2.4,-10.7,0.0,,,84.9,0.9,5.0,0.6,-5.4,-2.4,-11.5,0.0,,,2023-06
2023-06-05,2449,京元電子,半導體業,移出,掉出掃描母體,45.54,72.0,,3,,,,,,,,,,,,,,,,,,,,2023-06
2023-06-05,2480,敦陽科,資訊服務業,移出,掉出掃描母體,97.76,70.0,,12,,,,,,,,,,,,,,,,,,,,2023-06
2023-06-05,6691,洋基工程,其他電子業,移出,掉出掃描母體,132.58,71.0,,4,,,,,,,,,,,,,,,,,,,,2023-06
2023-06-06,3027,盛達,通信網路業,進榜,觸發,45.78,79.0,5.0,0,,15.9,0.5,-9.4,-1.5,-13.6,0.2,,,46.3,1.1,14.7,0.4,-10.3,-1.8,-14.5,0.1,,,2023-06
2023-06-06,3027,盛達,通信網路業,觸發,進榜即觸發,45.78,79.0,5.0,0,45.78,15.9,0.5,-9.4,-1.5,-13.6,0.2,,,46.3,1.1,14.7,0.4,-10.3,-1.8,-14.5,0.1,,,2023-06
2023-06-06,2515,中工,建材營造,進榜,準備,9.66,70.0,2.0,0,,-2.6,0.5,-7.2,-1.5,0.9,0.2,,,9.8,1.7,-4.2,0.4,-8.8,-1.8,-0.8,0.1,,,2023-06
2023-06-06,6245,立端,通信網路業,移出,掉出掃描母體,107.12,72.0,,25,,,,,,,,,,,,,,,,,,,,2023-06
2023-06-06,2427,三商電,資訊服務業,移出,離高點太遠,23.49,95.0,,15,,,,,,,,,,,,,,,,,,,,2023-06
2023-06-06,8088,品安,半導體業,移出,掉出掃描母體,30.65,70.0,,7,,,,,,,,,,,,,,,,,,,,2023-06
2023-06-07,3046,建碁,電子工業,進榜,觸發,76.48,84.0,3.0,0,,-9.1,-0.3,-17.3,-2.1,-25.5,0.0,,,79.9,4.5,-13.0,-0.3,-20.8,-2.1,-28.7,0.1,,,2023-06
2023-06-07,3046,建碁,電子工業,觸發,進榜即觸發,76.48,84.0,3.0,0,76.48,-9.1,-0.3,-17.3,-2.1,-25.5,0.0,,,79.9,4.5,-13.0,-0.3,-20.8,-2.1,-28.7,0.1,,,2023-06
2023-06-07,1720,生達,化學生技醫療,進榜,觸發,60.52,78.0,4.0,0,,-13.1,-0.3,-14.7,-2.1,-11.2,0.0,,,61.8,2.1,-14.8,-0.3,-16.4,-2.1,-13.0,0.1,,,2023-06
2023-06-07,1720,生達,化學生技醫療,觸發,進榜即觸發,60.52,78.0,4.0,0,60.52,-13.1,-0.3,-14.7,-2.1,-11.2,0.0,,,61.8,2.1,-14.8,-0.3,-16.4,-2.1,-13.0,0.1,,,2023-06
2023-06-07,2736,富野,觀光事業,進榜,準備,41.8,91.0,2.0,0,,-2.1,-0.3,-30.5,-2.1,-32.8,0.0,,,42.9,2.7,-4.7,-0.3,-32.3,-2.1,-34.5,0.1,,,2023-06
2023-06-07,1608,華榮,電器電纜,進榜,準備,21.35,85.0,2.0,0,,-6.1,-0.3,-14.5,-2.1,-17.4,0.0,,,21.1,-1.0,-5.1,-0.3,-13.6,-2.1,-16.5,0.1,,,2023-06
2023-06-07,3483,力致,電腦及週邊設備業,進榜,準備,63.0,76.0,1.0,0,,4.4,-0.3,68.7,-2.1,96.3,0.0,,,62.5,-0.8,5.3,-0.3,70.1,-2.1,98.0,0.1,,,2023-06
2023-06-07,6691,洋基工程,其他電子業,進榜,準備,137.13,72.0,1.0,0,,17.7,-0.3,9.9,-2.1,36.3,0.0,,,138.4,0.9,16.6,-0.3,8.9,-2.1,35.1,0.1,,,2023-06
2023-06-07,6570,維田,電腦及週邊設備業,進榜,準備,63.23,70.0,3.0,0,,-4.3,-0.3,-17.0,-2.1,-25.6,0.0,,,63.2,0.0,-4.3,-0.3,-17.0,-2.1,-25.6,0.1,,,2023-06
2023-06-07,3038,全台,光電業,觸發,等待後觸發,32.24,89.0,1.0,49,24.53,0.3,-0.3,-10.9,-2.1,-18.4,0.0,,,31.7,-1.7,1.9,-0.3,-9.4,-2.1,-17.1,0.1,,,2023-06
2023-06-07,3583,辛耘,半導體業,觸發,等待後觸發,127.18,88.0,1.0,12,101.65,21.7,-0.3,63.5,-2.1,68.1,0.0,,,135.2,6.3,14.4,-0.3,53.8,-2.1,58.1,0.1,,,2023-06
2023-06-07,6274,台燿,電子零組件業,觸發,等待後觸發,77.46,79.0,1.0,5,72.2,-4.4,-0.3,53.8,-2.1,46.6,0.0,,,76.6,-1.1,-3.4,-0.3,55.4,-2.1,48.2,0.1,,,2023-06
2023-06-07,2515,中工,建材營造,移出,掉出掃描母體,9.66,70.0,,1,,,,,,,,,,,,,,,,,,,,2023-06
2023-06-07,6160,欣技,電腦及週邊設備業,移出,突破失敗,35.58,96.0,,5,,,,,,,,,,,,,,,,,,,,2023-06
2023-06-08,2743,山富,觀光事業,進榜,觸發,129.98,99.0,5.0,0,,-8.8,0.0,-37.1,-1.2,-24.1,0.7,,,138.1,6.2,-14.1,-0.3,-40.8,-1.7,-28.5,0.6,,,2023-06
2023-06-08,2743,山富,觀光事業,觸發,進榜即觸發,129.98,99.0,5.0,0,129.98,-8.8,0.0,-37.1,-1.2,-24.1,0.7,,,138.1,6.2,-14.1,-0.3,-40.8,-1.7,-28.5,0.6,,,2023-06
2023-06-08,2482,連宇,其他電子業,進榜,觸發,68.16,98.0,4.0,0,,-7.8,0.0,-27.8,-1.2,-41.9,0.7,,,69.3,1.6,-9.3,-0.3,-29.0,-1.7,-42.9,0.6,,,2023-06
2023-06-08,2482,連宇,其他電子業,觸發,進榜即觸發,68.16,98.0,4.0,0,68.16,-7.8,0.0,-27.8,-1.2,-41.9,0.7,,,69.3,1.6,-9.3,-0.3,-29.0,-1.7,-42.9,0.6,,,2023-06
2023-06-08,6733,博晟生醫,生技醫療業,進榜,準備,47.61,94.0,2.0,0,,-9.9,0.0,-23.8,-1.2,-12.9,0.7,,,47.8,0.4,-10.3,-0.3,-24.2,-1.7,-13.2,0.6,,,2023-06
2023-06-08,2729,瓦城,觀光事業,進榜,準備,196.94,72.0,2.0,0,,-9.2,0.0,2.3,-1.2,-13.6,0.7,,,203.2,3.2,-12.0,-0.3,-0.8,-1.7,-16.2,0.6,,,2023-06
2023-06-08,2377,微星,電子工業,進榜,準備,157.06,71.0,1.0,0,,-2.5,0.0,-4.7,-1.2,6.9,0.7,,,158.8,1.1,-3.6,-0.3,-5.7,-1.7,5.7,0.6,,,2023-06
2023-06-08,6679,鈺太,半導體業,進榜,準備,306.24,71.0,1.0,0,,-1.5,0.0,15.7,-1.2,18.9,0.7,,,303.9,-0.8,-0.8,-0.3,16.6,-1.7,19.8,0.6,,,2023-06
2023-06-08,6805,富世達,電子工業,移出,掉出掃描母體,228.41,73.0,,3,,,,,,,,,,,,,,,,,,,,2023-06
2023-06-08,3338,泰碩,電子工業,移出,掉出掃描母體,45.89,76.0,,3,,,,,,,,,,,,,,,,,,,,2023-06
2023-06-08,5284,jpp-KY,其他,移出,離高點太遠,127.49,94.0,,111,,,,,,,,,,,,,,,,,,,,2023-06
2023-06-08,1795,美時,化學生技醫療,移出,掉出掃描母體,296.48,71.0,,31,,,,,,,,,,,,,,,,,,,,2023-06
2023-06-08,3675,德微,半導體業,移出,掉出掃描母體,255.7,77.0,,17,,,,,,,,,,,,,,,,,,,,2023-06
2023-06-08,3178,公準,電機機械,移出,掉出掃描母體,91.23,77.0,,17,,,,,,,,,,,,,,,,,,,,2023-06
2023-06-08,4916,事欣科,電腦及週邊設備業,移出,掉出掃描母體,34.91,71.0,,8,,,,,,,,,,,,,,,,,,,,2023-06
2023-06-09,3540,曜越,電腦及週邊設備業,進榜,準備,50.52,94.0,2.0,0,,0.8,-0.2,-23.5,-1.8,-17.0,0.8,,,50.1,-0.9,1.7,-0.3,-22.8,-2.0,-16.2,0.6,,,2023-06
2023-06-09,8446,華研,文化創意業,進榜,準備,110.62,89.0,1.0,0,,-19.6,-0.2,-26.5,-1.8,-22.9,0.8,,,106.2,-4.0,-16.3,-0.3,-23.5,-2.0,-19.7,0.6,,,2023-06
2023-06-09,3005,神基,電子工業,進榜,準備,61.91,84.0,1.0,0,,-8.6,-0.2,0.3,-1.8,45.4,0.8,,,61.9,0.0,-8.6,-0.3,0.3,-2.0,45.4,0.6,,,2023-06
2023-06-09,8038,長園科,電子零組件業,進榜,準備,62.5,81.0,2.0,0,,-14.9,-0.2,-33.0,-1.8,-35.0,0.8,,,59.7,-4.5,-10.9,-0.3,-29.9,-2.0,-32.0,0.6,,,2023-06
2023-06-09,2356,英業達,電子工業,進榜,準備,33.93,78.0,1.0,0,,22.3,-0.2,51.2,-1.8,11.2,0.8,,,34.1,0.4,21.8,-0.3,50.7,-2.0,10.7,0.6,,,2023-06
2023-06-09,3515,華擎,電子工業,進榜,準備,175.49,77.0,1.0,0,,29.0,-0.2,14.8,-1.8,6.3,0.8,,,176.8,0.7,28.0,-0.3,13.9,-2.0,5.5,0.6,,,2023-06
2023-06-09,3338,泰碩,電子工業,進榜,準備,45.18,73.0,1.0,0,,0.7,-0.2,24.5,-1.8,25.6,0.8,,,45.4,0.6,0.2,-0.3,23.8,-2.0,24.8,0.6,,,2023-06
2023-06-09,6191,精成科,電子工業,進榜,準備,35.75,71.0,1.0,0,,12.1,-0.2,51.2,-1.8,75.1,0.8,,,35.9,0.4,11.7,-0.3,50.6,-2.0,74.5,0.6,,,2023-06
2023-06-09,6570,維田,電腦及週邊設備業,移出,掉出掃描母體,62.97,74.0,,2,,,,,,,,,,,,,,,,,,,,2023-06
2023-06-09,2204,中華,汽車工業,移出,逾期,76.2,89.0,,56,,,,,,,,,,,,,,,,,,,,2023-06
2023-06-09,6531,愛普*,半導體業,移出,掉出掃描母體,301.82,74.0,,21,,,,,,,,,,,,,,,,,,,,2023-06
2023-06-09,6214,精誠,資訊服務業,移出,掉出掃描母體,83.39,70.0,,16,,,,,,,,,,,,,,,,,,,,2023-06
2023-06-09,3293,鈊象,文化創意業,移出,掉出掃描母體,268.79,75.0,,8,,,,,,,,,,,,,,,,,,,,2023-06
2023-06-09,2482,連宇,其他電子業,移出,突破失敗,62.0,96.0,,1,,,,,,,,,,,,,,,,,,,,2023-06
2023-06-12,6148,驊宏資,資訊服務業,進榜,準備,38.07,99.0,3.0,0,,-6.2,-0.3,-14.3,-1.6,-7.0,0.6,,,39.6,3.9,-9.7,-0.5,-17.6,-1.9,-10.5,0.5,,,2023-06
2023-06-12,3178,公準,電機機械,進榜,準備,98.96,81.0,3.0,0,,-9.0,-0.3,-13.6,-1.6,5.5,0.6,,,102.3,3.3,-12.0,-0.5,-16.4,-1.9,2.1,0.5,,,2023-06
2023-06-12,3680,家登,半導體業,進榜,準備,369.43,79.0,2.0,0,,-2.7,-0.3,-11.5,-1.6,-4.7,0.6,,,378.2,2.4,-4.9,-0.5,-13.6,-1.9,-6.9,0.5,,,2023-06
2023-06-12,6167,久正,光電業,進榜,準備,17.85,77.0,2.0,0,,-10.2,-0.3,-3.8,-1.6,-8.4,0.6,,,17.5,-1.8,-8.6,-0.5,-2.0,-1.9,-6.7,0.5,,,2023-06
2023-06-12,6288,聯嘉,汽車工業,進榜,準備,35.61,75.0,2.0,0,,-7.2,-0.3,-16.1,-1.6,-13.1,0.6,,,35.3,-1.0,-6.3,-0.5,-15.3,-1.9,-12.2,0.5,,,2023-06
2023-06-12,6691,洋基工程,其他電子業,觸發,等待後觸發,141.9,76.0,1.0,5,138.65,16.0,-0.3,10.4,-1.6,35.7,0.6,,,146.2,3.1,12.6,-0.5,7.2,-1.9,31.7,0.5,,,2023-06
2023-06-12,2729,瓦城,觀光事業,移出,掉出掃描母體,199.14,72.0,,4,,,,,,,,,,,,,,,,,,,,2023-06
2023-06-12,2377,微星,電子工業,移出,掉出掃描母體,161.43,73.0,,4,,,,,,,,,,,,,,,,,,,,2023-06
2023-06-12,6679,鈺太,半導體業,移出,掉出掃描母體,308.55,70.0,,4,,,,,,,,,,,,,,,,,,,,2023-06
2023-06-12,5222,全訊,電子工業,移出,掉出掃描母體,126.6,74.0,,40,,,,,,,,,,,,,,,,,,,,2023-06
2023-06-12,6625,必應,其他,移出,離高點太遠,98.29,100.0,,26,,,,,,,,,,,,,,,,,,,,2023-06
2023-06-12,6703,軒郁,生技醫療業,移出,離高點太遠,119.43,96.0,,20,,,,,,,,,,,,,,,,,,,,2023-06
2023-06-12,2736,富野,觀光事業,移出,離高點太遠,37.69,89.0,,5,,,,,,,,,,,,,,,,,,,,2023-06
2023-06-12,1720,生達,化學生技醫療,移出,掉出掃描母體,56.87,73.0,,5,,,,,,,,,,,,,,,,,,,,2023-06
2023-06-12,2743,山富,觀光事業,移出,離高點太遠,111.93,99.0,,4,,,,,,,,,,,,,,,,,,,,2023-06
2023-06-13,2449,京元電子,半導體業,進榜,準備,48.23,75.0,1.0,0,,11.3,-0.7,45.8,-2.0,59.7,0.5,,,48.5,0.5,10.7,-0.8,45.1,-2.0,58.9,0.7,,,2023-06
2023-06-13,6605,帝寶,汽車工業,進榜,準備,100.4,75.0,2.0,0,,0.3,-0.7,6.5,-2.0,30.3,0.5,,,100.4,0.0,0.3,-0.8,6.5,-2.0,30.3,0.7,,,2023-06
2023-06-13,3529,力旺,半導體業,進榜,準備,2289.89,73.0,1.0,0,,-9.9,-0.7,-21.6,-2.0,3.6,0.5,,,2270.5,-0.8,-9.1,-0.8,-21.0,-2.0,4.4,0.7,,,2023-06
2023-06-13,2480,敦陽科,資訊服務業,進榜,準備,100.2,72.0,1.0,0,,1.0,-0.7,-0.7,-2.0,6.6,0.5,,,101.0,0.8,0.2,-0.8,-1.5,-2.0,5.7,0.7,,,2023-06
2023-06-13,2377,微星,電子工業,進榜,準備,159.24,71.0,1.0,0,,3.0,-0.7,-6.8,-2.0,0.6,0.5,,,158.4,-0.5,3.6,-0.8,-6.3,-2.0,1.1,0.7,,,2023-06
2023-06-13,1104,環泥,水泥工業,進榜,準備,24.14,70.0,1.0,0,,-5.8,-0.7,-5.1,-2.0,-1.6,0.5,,,24.1,0.0,-5.8,-0.8,-5.1,-2.0,-1.6,0.7,,,2023-06
2023-06-13,2356,英業達,電子工業,觸發,等待後觸發,35.64,82.0,1.0,4,34.24,29.2,-0.7,37.4,-2.0,5.6,0.5,,,36.0,1.0,28.0,-0.8,36.0,-2.0,4.5,0.7,,,2023-06
2023-06-13,2731,雄獅,觀光事業,移出,掉出掃描母體,149.7,88.0,,76,,,,,,,,,,,,,,,,,,,,2023-06
2023-06-13,6274,台燿,電子零組件業,移出,掉出掃描母體,73.58,71.0,,11,,,,,,,,,,,,,,,,,,,,2023-06
2023-06-13,8038,長園科,電子零組件業,移出,掉出掃描母體,56.3,72.0,,4,,,,,,,,,,,,,,,,,,,,2023-06
2023-06-14,4533,協易機,電機機械,進榜,觸發,21.96,96.0,1.0,0,,30.5,-0.4,12.7,-2.8,31.9,0.0,,,22.2,1.0,29.2,-0.5,11.5,-2.8,30.6,0.0,,,2023-06
2023-06-14,4533,協易機,電機機械,觸發,進榜即觸發,21.96,96.0,1.0,0,21.96,30.5,-0.4,12.7,-2.8,31.9,0.0,,,22.2,1.0,29.2,-0.5,11.5,-2.8,30.6,0.0,,,2023-06
2023-06-14,2247,汎德永業,汽車工業,進榜,觸發,277.28,78.0,1.0,0,,0.2,-0.4,-7.2,-2.8,-5.6,0.0,,,287.0,3.5,-3.2,-0.5,-10.4,-2.8,-8.8,0.0,,,2023-06
2023-06-14,2247,汎德永業,汽車工業,觸發,進榜即觸發,277.28,78.0,1.0,0,277.28,0.2,-0.4,-7.2,-2.8,-5.6,0.0,,,287.0,3.5,-3.2,-0.5,-10.4,-2.8,-8.8,0.0,,,2023-06
2023-06-14,3022,威強電,電子工業,進榜,觸發,85.86,71.0,4.0,0,,-14.3,-0.4,-18.6,-2.8,-13.9,0.0,,,87.1,1.5,-15.6,-0.5,-19.8,-2.8,-15.2,0.0,,,2023-06
2023-06-14,3022,威強電,電子工業,觸發,進榜即觸發,85.86,71.0,4.0,0,85.86,-14.3,-0.4,-18.6,-2.8,-13.9,0.0,,,87.1,1.5,-15.6,-0.5,-19.8,-2.8,-15.2,0.0,,,2023-06
2023-06-14,8088,品安,半導體業,進榜,準備,31.5,75.0,2.0,0,,-0.5,-0.4,1.1,-2.8,26.4,0.0,,,32.0,1.5,-2.0,-0.5,-0.4,-2.8,24.5,0.0,,,2023-06
2023-06-14,8446,華研,文化創意業,觸發,等待後觸發,122.28,92.0,1.0,5,113.83,-27.6,-0.4,-33.9,-2.8,-29.9,0.0,,,125.1,2.3,-29.3,-0.5,-35.4,-2.8,-31.5,0.0,,,2023-06
2023-06-14,2377,微星,電子工業,移出,掉出掃描母體,159.24,71.0,,1,,,,,,,,,,,,,,,,,,,,2023-06
2023-06-14,1104,環泥,水泥工業,移出,掉出掃描母體,24.14,70.0,,1,,,,,,,,,,,,,,,,,,,,2023-06
2023-06-14,6806,森崴能源,其他,移出,掉出掃描母體,99.47,81.0,,58,,,,,,,,,,,,,,,,,,,,2023-06
2023-06-14,6282,康舒,電子零組件業,移出,掉出掃描母體,42.64,73.0,,12,,,,,,,,,,,,,,,,,,,,2023-06
2023-06-14,5243,乙盛-KY,電子工業,移出,掉出掃描母體,78.59,71.0,,12,,,,,,,,,,,,,,,,,,,,2023-06
2023-06-14,3338,泰碩,電子工業,移出,掉出掃描母體,44.08,71.0,,5,,,,,,,,,,,,,,,,,,,,2023-06
2023-06-14,6288,聯嘉,汽車工業,移出,掉出掃描母體,34.73,72.0,,2,,,,,,,,,,,,,,,,,,,,2023-06
2023-06-15,5258,虹堡,電子工業,進榜,觸發,98.77,76.0,5.0,0,,16.6,-0.3,-0.9,-2.7,23.2,0.0,,,101.4,2.6,13.6,-0.4,-3.4,-2.9,20.1,0.0,,,2023-06
2023-06-15,5258,虹堡,電子工業,觸發,進榜即觸發,98.77,76.0,5.0,0,98.77,16.6,-0.3,-0.9,-2.7,23.2,0.0,,,101.4,2.6,13.6,-0.4,-3.4,-2.9,20.1,0.0,,,2023-06
2023-06-15,4572,駐龍,電機機械,進榜,觸發,155.25,75.0,3.0,0,,-7.8,-0.3,0.7,-2.7,-7.0,0.0,,,159.3,2.6,-10.1,-0.4,-1.9,-2.9,-9.4,0.0,,,2023-06
2023-06-15,4572,駐龍,電機機械,觸發,進榜即觸發,155.25,75.0,3.0,0,155.25,-7.8,-0.3,0.7,-2.7,-7.0,0.0,,,159.3,2.6,-10.1,-0.4,-1.9,-2.9,-9.4,0.0,,,2023-06
2023-06-15,4543,萬在,電機機械,進榜,準備,52.04,96.0,3.0,0,,-7.9,-0.3,-35.6,-2.7,-17.1,0.0,,,50.9,-2.2,-5.7,-0.4,-34.1,-2.9,-15.2,0.0,,,2023-06
2023-06-15,6191,精成科,電子工業,移出,掉出掃描母體,36.0,70.0,,6,,,,,,,,,,,,,,,,,,,,2023-06
2023-06-15,3022,威強電,電子工業,移出,掉出掃描母體,85.86,71.0,,1,,,,,,,,,,,,,,,,,,,,2023-06
2023-06-16,3217,優群,電子零組件業,進榜,準備,112.42,76.0,1.0,0,,2.2,-0.9,5.3,-2.5,28.1,0.0,,,113.2,0.7,1.5,-0.9,4.5,-2.6,27.2,0.1,,,2023-06
2023-06-16,3260,威剛,半導體業,進榜,準備,76.29,73.0,2.0,0,,-9.0,-0.9,3.8,-2.5,19.6,0.0,,,76.2,-0.1,-8.9,-0.9,4.0,-2.6,19.8,0.1,,,2023-06
2023-06-16,3218,大學光,生技醫療業,進榜,準備,344.48,71.0,3.0,0,,-8.1,-0.9,-16.3,-2.5,-26.9,0.0,,,345.3,0.2,-8.4,-0.9,-16.5,-2.6,-27.1,0.1,,,2023-06
2023-06-16,2360,致茂,其他電子業,進榜,準備,236.51,70.0,1.0,0,,6.5,-0.9,4.5,-2.5,-16.3,0.0,,,232.8,-1.6,8.2,-0.9,6.2,-2.6,-14.9,0.1,,,2023-06
2023-06-16,2382,廣達,電子工業,觸發,等待後觸發,132.08,95.0,1.0,31,90.42,35.2,-0.9,53.4,-2.5,36.9,0.0,,,131.2,-0.7,36.1,-0.9,54.4,-2.6,37.8,0.1,,,2023-06
2023-06-16,6148,驊宏資,資訊服務業,觸發,等待後觸發,43.98,100.0,3.0,4,38.34,-23.6,-0.9,-36.5,-2.5,-22.2,0.0,,,46.2,5.0,-27.2,-0.9,-39.6,-2.6,-25.9,0.1,,,2023-06
2023-06-16,3529,力旺,半導體業,移出,掉出掃描母體,2251.16,72.0,,3,,,,,,,,,,,,,,,,,,,,2023-06
2023-06-16,3027,盛達,通信網路業,移出,掉出掃描母體,50.31,75.0,,10,,,,,,,,,,,,,,,,,,,,2023-06
2023-06-16,3483,力致,電腦及週邊設備業,移出,掉出掃描母體,62.77,73.0,,9,,,,,,,,,,,,,,,,,,,,2023-06
2023-06-16,8446,華研,文化創意業,移出,離高點太遠,99.76,77.0,,7,,,,,,,,,,,,,,,,,,,,2023-06
2023-06-16,3178,公準,電機機械,移出,掉出掃描母體,97.55,71.0,,4,,,,,,,,,,,,,,,,,,,,2023-06
2023-06-19,4916,事欣科,電腦及週邊設備業,進榜,觸發,39.41,73.0,2.0,0,,-3.7,-1.2,1.3,-2.1,-13.5,0.0,,,41.4,5.0,-8.3,-1.3,-3.6,-2.0,-17.6,0.2,,,2023-06
2023-06-19,4916,事欣科,電腦及週邊設備業,觸發,進榜即觸發,39.41,73.0,2.0,0,39.41,-3.7,-1.2,1.3,-2.1,-13.5,0.0,,,41.4,5.0,-8.3,-1.3,-3.6,-2.0,-17.6,0.2,,,2023-06
2023-06-19,5209,新鼎,資訊服務業,進榜,準備,162.11,97.0,1.0,0,,-17.9,-1.2,-13.0,-2.1,-12.5,0.0,,,160.6,-0.9,-17.1,-1.3,-12.2,-2.0,-11.7,0.2,,,2023-06
2023-06-19,6125,廣運,光電業,進榜,準備,49.13,92.0,2.0,0,,58.3,-1.2,22.4,-2.1,15.6,0.0,,,54.0,9.9,44.0,-1.3,11.4,-2.0,5.2,0.2,,,2023-06
2023-06-19,6203,海韻電,電子零組件業,進榜,準備,80.02,92.0,1.0,0,,-3.7,-1.2,1.5,-2.1,-3.4,0.0,,,82.8,3.5,-6.9,-1.3,-1.9,-2.0,-6.6,0.2,,,2023-06
2023-06-19,3011,今皓,電子工業,進榜,準備,29.9,84.0,3.0,0,,3.0,-1.2,22.2,-2.1,27.4,0.0,,,30.2,0.8,2.2,-1.3,21.2,-2.0,26.4,0.2,,,2023-06
2023-06-19,6214,精誠,資訊服務業,進榜,準備,98.06,83.0,1.0,0,,-8.0,-1.2,-5.3,-2.1,-3.5,0.0,,,97.6,-0.4,-7.6,-1.3,-4.9,-2.0,-3.1,0.2,,,2023-06
2023-06-19,6266,泰詠,電子零組件業,進榜,準備,29.74,81.0,2.0,0,,-7.4,-1.2,-12.9,-2.1,-16.7,0.0,,,30.0,1.0,-8.3,-1.3,-13.8,-2.0,-17.5,0.2,,,2023-06
2023-06-19,5009,榮剛,鋼鐵工業,進榜,準備,49.78,80.0,2.0,0,,-11.1,-1.2,-21.7,-2.1,-14.5,0.0,,,49.9,0.2,-11.2,-1.3,-21.9,-2.0,-14.6,0.2,,,2023-06
2023-06-19,2645,長榮航太,航運業,進榜,準備,103.23,75.0,3.0,0,,-9.9,-1.2,1.0,-2.1,-6.4,0.0,,,103.2,0.0,-9.9,-1.3,1.0,-2.0,-6.4,0.2,,,2023-06
2023-06-19,5222,全訊,電子工業,進榜,準備,129.47,74.0,2.0,0,,-14.3,-1.2,-9.2,-2.1,-8.9,0.0,,,131.4,1.5,-15.5,-1.3,-10.5,-2.0,-10.2,0.2,,,2023-06
2023-06-19,3056,富華新,建材營造,移出,掉出掃描母體,20.43,73.0,,24,,,,,,,,,,,,,,,,,,,,2023-06
2023-06-19,3218,大學光,生技醫療業,移出,掉出掃描母體,344.48,71.0,,3,,,,,,,,,,,,,,,,,,,,2023-06
2023-06-19,3617,碩天,其他電子業,移出,離高點太遠,174.62,91.0,,34,,,,,,,,,,,,,,,,,,,,2023-06
2023-06-19,6733,博晟生醫,生技醫療業,移出,掉出掃描母體,43.48,91.0,,11,,,,,,,,,,,,,,,,,,,,2023-06
2023-06-19,6167,久正,光電業,移出,掉出掃描母體,17.38,72.0,,7,,,,,,,,,,,,,,,,,,,,2023-06
2023-06-19,2480,敦陽科,資訊服務業,移出,掉出掃描母體,102.08,72.0,,6,,,,,,,,,,,,,,,,,,,,2023-06
2023-06-19,2449,京元電子,半導體業,移出,掉出掃描母體,47.48,70.0,,6,,,,,,,,,,,,,,,,,,,,2023-06
2023-06-20,3693,營邦,電腦及週邊設備業,進榜,觸發,303.42,100.0,6.0,0,,2.1,-0.6,72.8,-1.9,32.8,0.0,,,312.4,3.0,-0.9,-0.7,67.9,-2.0,29.0,0.0,,,2023-06
2023-06-20,3693,營邦,電腦及週邊設備業,觸發,進榜即觸發,303.42,100.0,6.0,0,303.42,2.1,-0.6,72.8,-1.9,32.8,0.0,,,312.4,3.0,-0.9,-0.7,67.9,-2.0,29.0,0.0,,,2023-06
2023-06-20,2736,富野,觀光事業,進榜,觸發,47.64,96.0,2.0,0,,-21.0,-0.6,-43.0,-1.9,-43.5,0.0,,,51.9,9.0,-27.5,-0.7,-47.7,-2.0,-48.2,0.0,,,2023-06
2023-06-20,2736,富野,觀光事業,觸發,進榜即觸發,47.64,96.0,2.0,0,47.64,-21.0,-0.6,-43.0,-1.9,-43.5,0.0,,,51.9,9.0,-27.5,-0.7,-47.7,-2.0,-48.2,0.0,,,2023-06
2023-06-20,2748,雲品,觀光事業,進榜,觸發,105.27,90.0,4.0,0,,-27.9,-0.6,-38.3,-1.9,-33.7,0.0,,,109.2,3.7,-30.5,-0.7,-40.6,-2.0,-36.1,0.0,,,2023-06
2023-06-20,2748,雲品,觀光事業,觸發,進榜即觸發,105.27,90.0,4.0,0,105.27,-27.9,-0.6,-38.3,-1.9,-33.7,0.0,,,109.2,3.7,-30.5,-0.7,-40.6,-2.0,-36.1,0.0,,,2023-06
2023-06-20,2705,六福,觀光事業,進榜,觸發,26.15,78.0,3.0,0,,-17.8,-0.6,-34.6,-1.9,-32.7,0.0,,,26.4,1.1,-18.7,-0.7,-35.3,-2.0,-33.5,0.0,,,2023-06
2023-06-20,2705,六福,觀光事業,觸發,進榜即觸發,26.15,78.0,3.0,0,26.15,-17.8,-0.6,-34.6,-1.9,-32.7,0.0,,,26.4,1.1,-18.7,-0.7,-35.3,-2.0,-33.5,0.0,,,2023-06
2023-06-20,8085,福華,其他電子類,進榜,準備,45.86,96.0,2.0,0,,-9.7,-0.6,-24.3,-1.9,3.1,0.0,,,46.2,0.8,-10.4,-0.7,-24.9,-2.0,2.4,0.0,,,2023-06
2023-06-20,2371,大同,電機機械,進榜,準備,47.86,78.0,2.0,0,,5.3,-0.6,-10.4,-1.9,-15.2,0.0,,,47.9,0.1,5.2,-0.7,-10.5,-2.0,-15.3,0.0,,,2023-06
2023-06-20,3260,威剛,半導體業,移出,掉出掃描母體,76.63,73.0,,4,,,,,,,,,,,,,,,,,,,,2023-06
2023-06-20,5222,全訊,電子工業,移出,掉出掃描母體,129.47,74.0,,1,,,,,,,,,,,,,,,,,,,,2023-06
2023-06-20,4543,萬在,電機機械,移出,晚期未觸發,46.12,94.0,,5,,,,,,,,,,,,,,,,,,,,2023-06
2023-06-21,7402,邑錡,光電業,進榜,觸發,79.02,90.0,4.0,0,,-12.6,-1.3,-0.7,-2.3,-14.6,0.0,,,79.9,1.1,-13.5,-1.1,-1.8,-2.1,-15.6,0.3,,,2023-06
2023-06-21,7402,邑錡,光電業,觸發,進榜即觸發,79.02,90.0,4.0,0,79.02,-12.6,-1.3,-0.7,-2.3,-14.6,0.0,,,79.9,1.1,-13.5,-1.1,-1.8,-2.1,-15.6,0.3,,,2023-06
2023-06-21,4967,十銓,半導體業,進榜,準備,67.53,91.0,3.0,0,,-17.5,-1.3,-6.7,-2.3,21.6,0.0,,,67.4,-0.1,-17.4,-1.1,-6.6,-2.1,21.7,0.3,,,2023-06
2023-06-21,1907,永豐餘,造紙工業,進榜,準備,33.08,74.0,2.0,0,,-5.0,-1.3,-12.9,-2.3,-6.5,0.0,,,33.5,1.3,-6.2,-1.1,-14.1,-2.1,-7.7,0.3,,,2023-06
2023-06-21,3483,力致,電腦及週邊設備業,進榜,準備,66.38,73.0,1.0,0,,71.6,-1.3,57.8,-2.3,76.4,0.0,,,65.6,-1.1,73.5,-1.1,59.6,-2.1,78.4,0.3,,,2023-06
2023-06-21,6191,精成科,電子工業,進榜,準備,36.59,72.0,1.0,0,,18.3,-1.3,52.1,-2.3,79.1,0.0,,,36.7,0.2,18.0,-1.1,51.7,-2.1,78.7,0.3,,,2023-06
2023-06-21,6203,海韻電,電子零組件業,觸發,等待後觸發,88.74,93.0,1.0,2,80.42,-12.1,-1.3,-8.7,-2.3,-11.6,0.0,,,87.2,-1.8,-10.5,-1.1,-7.1,-2.1,-10.0,0.3,,,2023-06
2023-06-21,6515,穎崴,電子工業,移出,突破失敗,721.91,71.0,,26,,,,,,,,,,,,,,,,,,,,2023-06
2023-06-21,4572,駐龍,電機機械,移出,掉出掃描母體,147.59,71.0,,6,,,,,,,,,,,,,,,,,,,,2023-06
2023-06-21,2360,致茂,其他電子業,移出,掉出掃描母體,233.76,72.0,,5,,,,,,,,,,,,,,,,,,,,2023-06
2023-06-26,4503,金雨,電機機械,進榜,觸發,66.86,88.0,5.0,0,,0.9,-1.6,-28.4,-2.0,-23.7,0.5,,,67.7,1.3,-0.4,-1.4,-29.3,-2.0,-24.6,0.7,,,2023-06
2023-06-26,4503,金雨,電機機械,觸發,進榜即觸發,66.86,88.0,5.0,0,66.86,0.9,-1.6,-28.4,-2.0,-23.7,0.5,,,67.7,1.3,-0.4,-1.4,-29.3,-2.0,-24.6,0.7,,,2023-06
2023-06-26,4747,強生*,生技醫療業,進榜,準備,103.06,99.0,3.0,0,,-3.2,-1.6,-10.9,-2.0,-21.6,0.5,,,103.1,0.0,-3.2,-1.4,-10.9,-2.0,-21.6,0.7,,,2023-06
2023-06-26,3325,旭品,電腦及週邊設備業,進榜,準備,31.14,97.0,1.0,0,,-13.2,-1.6,-0.3,-2.0,11.1,0.5,,,30.4,-2.3,-11.2,-1.4,2.0,-2.0,13.7,0.7,,,2023-06
2023-06-26,2449,京元電子,半導體業,進榜,準備,48.32,73.0,1.0,0,,19.4,-1.6,49.3,-2.0,64.0,0.5,,,48.4,0.2,19.2,-1.4,49.0,-2.0,63.7,0.7,,,2023-06
2023-06-26,3071,協禧,電腦及週邊設備業,進榜,準備,31.53,72.0,2.0,0,,36.7,-1.6,6.7,-2.0,-3.6,0.5,,,31.5,0.0,36.7,-1.4,6.7,-2.0,-3.6,0.7,,,2023-06
2023-06-26,6111,光聚晶電,文化創意業,觸發,等待後觸發,83.56,92.0,2.0,21,76.55,-14.2,-1.6,-20.8,-2.0,-5.3,0.5,,,88.5,5.9,-19.0,-1.4,-25.2,-2.0,-10.5,0.7,,,2023-06
2023-06-26,2645,長榮航太,航運業,移出,掉出掃描母體,101.93,72.0,,7,,,,,,,,,,,,,,,,,,,,2023-06
2023-06-26,2727,王品,觀光事業,移出,掉出掃描母體,242.93,84.0,,133,,,,,,,,,,,,,,,,,,,,2023-06
2023-06-26,3363,上詮,通信網路業,移出,離高點太遠,38.99,87.0,,39,,,,,,,,,,,,,,,,,,,,2023-06
2023-06-26,6485,點序,半導體業,移出,掉出掃描母體,103.2,72.0,,26,,,,,,,,,,,,,,,,,,,,2023-06
2023-06-26,3693,營邦,電腦及週邊設備業,移出,突破失敗,274.2,100.0,,6,,,,,,,,,,,,,,,,,,,,2023-06
2023-06-26,2748,雲品,觀光事業,移出,離高點太遠,91.23,81.0,,6,,,,,,,,,,,,,,,,,,,,2023-06
2023-06-27,4746,台耀,化學生技醫療,進榜,觸發,84.45,77.0,4.0,0,,4.3,-0.7,-8.0,-1.7,4.2,0.9,,,89.4,5.9,-1.5,-0.7,-13.1,-2.1,-1.6,0.5,,,2023-06
2023-06-27,4746,台耀,化學生技醫療,觸發,進榜即觸發,84.45,77.0,4.0,0,84.45,4.3,-0.7,-8.0,-1.7,4.2,0.9,,,89.4,5.9,-1.5,-0.7,-13.1,-2.1,-1.6,0.5,,,2023-06
2023-06-27,3483,力致,電腦及週邊設備業,移出,掉出掃描母體,65.71,74.0,,6,,,,,,,,,,,,,,,,,,,,2023-06
2023-06-27,3071,協禧,電腦及週邊設備業,移出,掉出掃描母體,31.53,72.0,,1,,,,,,,,,,,,,,,,,,,,2023-06
2023-06-27,2457,飛宏,電子工業,移出,掉出掃描母體,77.09,86.0,,117,,,,,,,,,,,,,,,,,,,,2023-06
2023-06-27,3479,安勤,電腦及週邊設備業,移出,掉出掃描母體,98.86,85.0,,97,,,,,,,,,,,,,,,,,,,,2023-06
2023-06-27,3029,零壹,資訊服務業,移出,掉出掃描母體,53.75,71.0,,41,,,,,,,,,,,,,,,,,,,,2023-06
2023-06-27,3032,偉訓,電子工業,移出,離高點太遠,49.58,88.0,,39,,,,,,,,,,,,,,,,,,,,2023-06
2023-06-27,3025,星通,電子工業,移出,離高點太遠,39.09,90.0,,39,,,,,,,,,,,,,,,,,,,,2023-06
2023-06-27,3587,閎康,其他電子類,移出,掉出掃描母體,200.03,73.0,,32,,,,,,,,,,,,,,,,,,,,2023-06
2023-06-27,5706,鳳凰,觀光事業,移出,離高點太遠,79.56,90.0,,27,,,,,,,,,,,,,,,,,,,,2023-06
2023-06-27,3701,大眾控,電子工業,移出,掉出掃描母體,62.24,75.0,,25,,,,,,,,,,,,,,,,,,,,2023-06
2023-06-27,6148,驊宏資,資訊服務業,移出,離高點太遠,42.85,100.0,,15,,,,,,,,,,,,,,,,,,,,2023-06
2023-06-27,8088,品安,半導體業,移出,掉出掃描母體,30.52,72.0,,13,,,,,,,,,,,,,,,,,,,,2023-06
2023-06-27,5258,虹堡,電子工業,移出,掉出掃描母體,95.32,74.0,,12,,,,,,,,,,,,,,,,,,,,2023-06
2023-06-27,2736,富野,觀光事業,移出,離高點太遠,42.04,93.0,,7,,,,,,,,,,,,,,,,,,,,2023-06
2023-06-28,3207,耀勝,電子零組件業,進榜,觸發,87.7,78.0,6.0,0,,-4.6,-1.0,-16.4,-2.8,-11.6,0.2,,,86.4,-1.4,-3.2,-1.3,-15.2,-3.2,-10.3,0.2,,,2023-06
2023-06-28,3207,耀勝,電子零組件業,觸發,進榜即觸發,87.7,78.0,6.0,0,87.7,-4.6,-1.0,-16.4,-2.8,-11.6,0.2,,,86.4,-1.4,-3.2,-1.3,-15.2,-3.2,-10.3,0.2,,,2023-06
2023-06-28,6197,佳必琪,電子零組件業,進榜,準備,58.07,81.0,1.0,0,,6.3,-1.0,6.9,-2.8,34.9,0.2,,,58.2,0.3,6.0,-1.3,6.6,-3.2,34.5,0.2,,,2023-06
2023-06-28,2618,長榮航,航運業,進榜,準備,34.47,77.0,3.0,0,,-8.2,-1.0,-26.8,-2.8,-25.4,0.2,,,34.5,0.2,-8.4,-1.3,-26.9,-3.2,-25.6,0.2,,,2023-06
2023-06-28,5469,瀚宇博,電子零組件業,進榜,準備,44.27,72.0,1.0,0,,7.3,-1.0,27.5,-2.8,22.0,0.2,,,43.9,-0.8,8.2,-1.3,28.5,-3.2,23.0,0.2,,,2023-06
2023-06-28,4744,皇將,生技醫療業,進榜,準備,37.62,71.0,2.0,0,,-21.9,-1.0,-25.0,-2.8,-33.3,0.2,,,37.6,0.0,-21.9,-1.3,-25.0,-3.2,-33.3,0.2,,,2023-06
2023-06-28,3131,弘塑,其他電子類,移出,離高點太遠,459.21,91.0,,57,,,,,,,,,,,,,,,,,,,,2023-06
2023-06-28,3058,立德,電子零組件業,移出,離高點太遠,25.74,97.0,,35,,,,,,,,,,,,,,,,,,,,2023-06
2023-06-28,5465,富驊,電腦及週邊設備業,移出,離高點太遠,45.06,98.0,,30,,,,,,,,,,,,,,,,,,,,2023-06
2023-06-29,2230,泰茂,電機機械,進榜,觸發,71.41,98.0,4.0,0,,2.5,-0.7,5.6,-2.8,93.8,0.3,,,73.2,2.5,0.0,-0.7,3.0,-2.9,89.1,0.3,,,2023-06
2023-06-29,2230,泰茂,電機機械,觸發,進榜即觸發,71.41,98.0,4.0,0,71.41,2.5,-0.7,5.6,-2.8,93.8,0.3,,,73.2,2.5,0.0,-0.7,3.0,-2.9,89.1,0.3,,,2023-06
2023-06-29,9958,世紀鋼,鋼鐵工業,進榜,觸發,118.03,71.0,2.0,0,,26.3,-0.7,40.2,-2.8,37.9,0.3,,,116.2,-1.5,28.2,-0.7,42.4,-2.9,40.0,0.3,,,2023-06
2023-06-29,9958,世紀鋼,鋼鐵工業,觸發,進榜即觸發,118.03,71.0,2.0,0,118.03,26.3,-0.7,40.2,-2.8,37.9,0.3,,,116.2,-1.5,28.2,-0.7,42.4,-2.9,40.0,0.3,,,2023-06
2023-06-29,2331,精英,電子工業,進榜,準備,30.21,74.0,2.0,0,,-3.0,-0.7,-7.1,-2.8,-0.5,0.3,,,30.6,1.3,-4.2,-0.7,-8.3,-2.9,-1.7,0.3,,,2023-06
2023-06-29,2729,瓦城,觀光事業,進榜,準備,197.88,72.0,2.0,0,,-6.3,-0.7,-6.6,-2.8,-14.7,0.3,,,197.3,-0.3,-6.0,-0.7,-6.3,-2.9,-14.5,0.3,,,2023-06
2023-06-29,3260,威剛,半導體業,進榜,準備,78.26,71.0,2.0,0,,-11.9,-0.7,-0.3,-2.8,10.9,0.3,,,76.6,-2.1,-10.1,-0.7,1.8,-2.9,13.3,0.3,,,2023-06
2023-06-29,5439,高技,電子零組件業,移出,逾期,77.56,81.0,,56,,,,,,,,,,,,,,,,,,,,2023-06
2023-06-29,4746,台耀,化學生技醫療,移出,掉出掃描母體,83.14,74.0,,2,,,,,,,,,,,,,,,,,,,,2023-06
2023-06-30,6669,緯穎,電子工業,進榜,準備,1318.59,78.0,2.0,0,,33.5,-0.7,2.1,-2.7,28.5,0.0,,,1360.4,3.2,29.4,-1.0,-1.0,-3.0,24.6,0.0,,,2023-06
2023-06-30,6806,森崴能源,其他,進榜,準備,106.25,75.0,3.0,0,,-12.3,-0.7,-14.9,-2.7,-8.4,0.0,,,108.1,1.7,-13.8,-1.0,-16.3,-3.0,-10.0,0.0,,,2023-06
2023-06-30,3483,力致,電腦及週邊設備業,進榜,準備,66.38,73.0,1.0,0,,91.0,-0.7,56.0,-2.7,75.8,0.0,,,69.0,4.0,83.7,-1.0,50.1,-3.0,69.1,0.0,,,2023-06
2023-06-30,8271,宇瞻,半導體業,進榜,準備,54.3,71.0,3.0,0,,-6.6,-0.7,-5.4,-2.7,-2.3,0.0,,,54.9,1.1,-7.6,-1.0,-6.5,-3.0,-3.4,0.0,,,2023-06
2023-06-30,6125,廣運,光電業,觸發,等待後觸發,64.26,97.0,2.0,11,49.13,23.5,-0.7,-8.2,-2.7,-15.8,0.0,,,67.3,4.7,18.0,-1.0,-12.3,-3.0,-19.5,0.0,,,2023-06
2023-06-30,5469,瀚宇博,電子零組件業,移出,掉出掃描母體,44.41,71.0,,2,,,,,,,,,,,,,,,,,,,,2023-06
2023-06-30,4744,皇將,生技醫療業,移出,掉出掃描母體,38.58,74.0,,2,,,,,,,,,,,,,,,,,,,,2023-06
2023-06-30,2729,瓦城,觀光事業,移出,掉出掃描母體,197.88,72.0,,1,,,,,,,,,,,,,,,,,,,,2023-06
2023-06-30,3260,威剛,半導體業,移出,掉出掃描母體,78.26,71.0,,1,,,,,,,,,,,,,,,,,,,,2023-06
2023-06-30,3217,優群,電子零組件業,移出,掉出掃描母體,106.24,70.0,,14,,,,,,,,,,,,,,,,,,,,2023-06
2023-06-30,4916,事欣科,電腦及週邊設備業,移出,掉出掃描母體,41.29,72.0,,11,,,,,,,,,,,,,,,,,,,,2023-06
2023-06-30,2449,京元電子,半導體業,移出,掉出掃描母體,47.39,70.0,,4,,,,,,,,,,,,,,,,,,,,2023-06
2023-07-03,3025,星通,電子工業,進榜,觸發,49.16,93.0,4.0,0,,-4.7,-1.3,-9.4,-4.0,-16.0,-0.0,,,51.9,5.6,-9.8,-1.3,-14.2,-4.1,-20.4,-0.2,,,2023-07
2023-07-03,3025,星通,電子工業,觸發,進榜即觸發,49.16,93.0,4.0,0,49.16,-4.7,-1.3,-9.4,-4.0,-16.0,-0.0,,,51.9,5.6,-9.8,-1.3,-14.2,-4.1,-20.4,-0.2,,,2023-07
2023-07-03,8996,高力,電機機械,進榜,觸發,360.1,91.0,6.0,0,,-8.6,-1.3,-20.8,-4.0,-40.1,-0.0,,,367.4,2.0,-10.4,-1.3,-22.4,-4.1,-41.2,-0.2,,,2023-07
2023-07-03,8996,高力,電機機械,觸發,進榜即觸發,360.1,91.0,6.0,0,360.1,-8.6,-1.3,-20.8,-4.0,-40.1,-0.0,,,367.4,2.0,-10.4,-1.3,-22.4,-4.1,-41.2,-0.2,,,2023-07
2023-07-03,6470,宇智,通信網路業,進榜,觸發,75.27,78.0,2.0,0,,-12.8,-1.3,-21.6,-4.0,-27.5,-0.0,,,75.0,-0.3,-12.5,-1.3,-21.4,-4.1,-27.3,-0.2,,,2023-07
2023-07-03,6470,宇智,通信網路業,觸發,進榜即觸發,75.27,78.0,2.0,0,75.27,-12.8,-1.3,-21.6,-4.0,-27.5,-0.0,,,75.0,-0.3,-12.5,-1.3,-21.4,-4.1,-27.3,-0.2,,,2023-07
2023-07-03,3704,合勤控,通信網路業,進榜,觸發,47.07,72.0,3.0,0,,5.7,-1.3,0.6,-4.0,1.4,-0.0,,,48.5,3.1,2.5,-1.3,-2.5,-4.1,-1.7,-0.2,,,2023-07
2023-07-03,3704,合勤控,通信網路業,觸發,進榜即觸發,47.07,72.0,3.0,0,47.07,5.7,-1.3,0.6,-4.0,1.4,-0.0,,,48.5,3.1,2.5,-1.3,-2.5,-4.1,-1.7,-0.2,,,2023-07
2023-07-03,6243,迅杰,半導體業,進榜,準備,52.22,87.0,1.0,0,,-14.9,-1.3,-17.8,-4.0,30.4,-0.0,,,53.9,3.3,-17.5,-1.3,-20.4,-4.1,26.3,-0.2,,,2023-07
2023-07-03,2468,華經,資訊服務業,進榜,準備,39.19,81.0,3.0,0,,-29.4,-1.3,-33.3,-4.0,-29.3,-0.0,,,38.4,-2.0,-28.0,-1.3,-32.0,-4.1,-27.9,-0.2,,,2023-07
2023-07-03,3675,德微,半導體業,進榜,準備,272.82,77.0,2.0,0,,-19.6,-1.3,-10.4,-4.0,-6.1,-0.0,,,272.8,0.0,-19.6,-1.3,-10.4,-4.1,-6.1,-0.2,,,2023-07
2023-07-03,6223,旺矽,半導體業,進榜,準備,173.09,74.0,3.0,0,,14.8,-1.3,14.5,-4.0,19.3,-0.0,,,171.7,-0.8,15.7,-1.3,15.5,-4.1,20.3,-0.2,,,2023-07
2023-07-03,2449,京元電子,半導體業,進榜,準備,49.91,71.0,1.0,0,,12.4,-1.3,37.5,-4.0,49.1,-0.0,,,52.3,4.9,7.2,-1.3,31.1,-4.1,42.2,-0.2,,,2023-07
2023-07-03,6806,森崴能源,其他,移出,掉出掃描母體,106.25,75.0,,3,,,,,,,,,,,,,,,,,,,,2023-07
2023-07-03,8271,宇瞻,半導體業,移出,掉出掃描母體,54.3,71.0,,3,,,,,,,,,,,,,,,,,,,,2023-07
2023-07-03,4129,聯合,生技醫療業,移出,掉出掃描母體,62.72,79.0,,33,,,,,,,,,,,,,,,,,,,,2023-07
2023-07-03,2705,六福,觀光事業,移出,掉出掃描母體,24.5,71.0,,13,,,,,,,,,,,,,,,,,,,,2023-07
2023-07-04,8271,宇瞻,半導體業,進榜,觸發,55.64,72.0,3.0,0,,-12.7,-1.2,-12.3,-4.0,-4.6,-0.3,,,55.1,-1.0,-11.8,-1.4,-11.5,-4.2,-3.7,-0.4,,,2023-07
2023-07-04,8271,宇瞻,半導體業,觸發,進榜即觸發,55.64,72.0,3.0,0,55.64,-12.7,-1.2,-12.3,-4.0,-4.6,-0.3,,,55.1,-1.0,-11.8,-1.4,-11.5,-4.2,-3.7,-0.4,,,2023-07
2023-07-04,3260,威剛,半導體業,進榜,觸發,78.77,71.0,2.0,0,,-11.1,-1.2,-3.3,-4.0,10.9,-0.3,,,80.3,1.9,-12.8,-1.4,-5.1,-4.2,8.8,-0.4,,,2023-07
2023-07-04,3260,威剛,半導體業,觸發,進榜即觸發,78.77,71.0,2.0,0,78.77,-11.1,-1.2,-3.3,-4.0,10.9,-0.3,,,80.3,1.9,-12.8,-1.4,-5.1,-4.2,8.8,-0.4,,,2023-07
2023-07-04,4543,萬在,電機機械,進榜,準備,57.88,97.0,3.0,0,,-32.9,-1.2,-41.4,-4.0,-28.6,-0.3,,,57.1,-1.3,-32.0,-1.4,-40.7,-4.2,-27.7,-0.4,,,2023-07
2023-07-04,2427,三商電,資訊服務業,進榜,準備,29.2,96.0,3.0,0,,-16.5,-1.2,-19.6,-4.0,-20.5,-0.3,,,29.2,0.0,-16.5,-1.4,-19.6,-4.2,-20.5,-0.4,,,2023-07
2023-07-04,3131,弘塑,其他電子類,進榜,準備,557.38,95.0,2.0,0,,5.3,-1.2,-14.0,-4.0,-0.9,-0.3,,,559.2,0.3,4.9,-1.4,-14.3,-4.2,-1.3,-0.4,,,2023-07
2023-07-04,3363,上詮,通信網路業,進榜,準備,46.03,93.0,2.0,0,,49.9,-1.2,49.3,-4.0,45.4,-0.3,,,47.7,3.6,44.8,-1.4,44.2,-4.2,40.3,-0.4,,,2023-07
2023-07-04,8048,德勝,通信網路業,進榜,準備,57.55,93.0,1.0,0,,14.8,-1.2,5.7,-4.0,-4.4,-0.3,,,60.0,4.3,10.1,-1.4,1.4,-4.2,-8.3,-0.4,,,2023-07
2023-07-04,3032,偉訓,電子工業,進榜,準備,59.37,91.0,2.0,0,,-1.1,-1.2,10.3,-4.0,5.3,-0.3,,,60.2,1.4,-2.4,-1.4,8.8,-4.2,3.9,-0.4,,,2023-07
2023-07-04,3563,牧德,光電業,進榜,準備,213.38,81.0,1.0,0,,-11.3,-1.2,-17.4,-4.0,-13.9,-0.3,,,213.0,-0.2,-11.2,-1.4,-17.2,-4.2,-13.8,-0.4,,,2023-07
2023-07-04,2360,致茂,其他電子業,進榜,準備,249.35,76.0,1.0,0,,6.9,-1.2,3.9,-4.0,-21.5,-0.3,,,250.7,0.6,6.3,-1.4,3.3,-4.2,-21.9,-0.4,,,2023-07
2023-07-04,4744,皇將,生技醫療業,進榜,準備,39.36,74.0,2.0,0,,-23.3,-1.2,-30.1,-4.0,-35.5,-0.3,,,39.4,0.1,-23.3,-1.4,-30.2,-4.2,-35.6,-0.4,,,2023-07
2023-07-04,6538,倉和,電子零組件業,進榜,準備,99.24,74.0,2.0,0,,39.4,-1.2,39.4,-4.0,47.4,-0.3,,,105.3,6.1,31.3,-1.4,31.3,-4.2,38.9,-0.4,,,2023-07
2023-07-04,3071,協禧,電腦及週邊設備業,進榜,準備,33.31,73.0,2.0,0,,11.7,-1.2,0.4,-4.0,-5.6,-0.3,,,34.2,2.6,8.9,-1.4,-2.1,-4.2,-8.0,-0.4,,,2023-07
2023-07-04,3324,雙鴻,其他電子類,移出,逾期,312.25,88.0,,56,,,,,,,,,,,,,,,,,,,,2023-07
2023-07-04,3680,家登,半導體業,移出,掉出掃描母體,403.86,73.0,,22,,,,,,,,,,,,,,,,,,,,2023-07
2023-07-04,2618,長榮航,航運業,移出,掉出掃描母體,33.51,71.0,,6,,,,,,,,,,,,,,,,,,,,2023-07
2023-07-05,4763,材料*-KY,化學工業,進榜,觸發,45.08,99.0,6.0,0,,32.5,-2.1,74.1,-3.8,46.9,0.0,,,45.2,0.3,32.1,-2.1,73.5,-3.8,46.5,0.0,,,2023-07
2023-07-05,4763,材料*-KY,化學工業,觸發,進榜即觸發,45.08,99.0,6.0,0,45.08,32.5,-2.1,74.1,-3.8,46.9,0.0,,,45.2,0.3,32.1,-2.1,73.5,-3.8,46.5,0.0,,,2023-07
2023-07-05,1611,中電,電器電纜,進榜,觸發,18.24,70.0,1.0,0,,-14.3,-2.1,-21.9,-3.8,-20.5,0.0,,,17.9,-2.1,-12.4,-2.1,-20.2,-3.8,-18.7,0.0,,,2023-07
2023-07-05,1611,中電,電器電纜,觸發,進榜即觸發,18.24,70.0,1.0,0,18.24,-14.3,-2.1,-21.9,-3.8,-20.5,0.0,,,17.9,-2.1,-12.4,-2.1,-20.2,-3.8,-18.7,0.0,,,2023-07
2023-07-05,2329,華泰,半導體業,進榜,準備,25.87,74.0,1.0,0,,56.8,-2.1,52.5,-3.8,101.8,0.0,,,25.6,-1.1,58.5,-2.1,54.1,-3.8,104.0,0.0,,,2023-07
2023-07-05,2383,台光電,電子工業,進榜,準備,253.55,71.0,1.0,0,,48.9,-2.1,62.2,-3.8,41.9,0.0,,,247.9,-2.2,52.3,-2.1,65.9,-3.8,45.2,0.0,,,2023-07
2023-07-05,2480,敦陽科,資訊服務業,進榜,準備,104.22,71.0,1.0,0,,-4.1,-2.1,-5.3,-3.8,-1.2,0.0,,,102.5,-1.6,-2.5,-2.1,-3.8,-3.8,0.4,0.0,,,2023-07
2023-07-05,8048,德勝,通信網路業,觸發,等待後觸發,62.89,94.0,1.0,1,58.87,-1.4,-2.1,-1.4,-3.8,-12.0,0.0,,,65.5,4.2,-5.4,-2.1,-5.4,-3.8,-15.5,0.0,,,2023-07
2023-07-05,6538,倉和,電子零組件業,觸發,等待後觸發,108.81,81.0,2.0,1,100.54,34.1,-2.1,30.0,-3.8,34.1,0.0,,,113.2,4.0,28.9,-2.1,25.0,-3.8,28.9,0.0,,,2023-07
2023-07-05,3661,世芯-KY,半導體業,移出,逾期,1766.27,89.0,,56,,,,,,,,,,,,,,,,,,,,2023-07
2023-07-05,2449,京元電子,半導體業,移出,掉出掃描母體,51.51,75.0,,2,,,,,,,,,,,,,,,,,,,,2023-07
2023-07-05,6112,邁達特,電子工業,移出,離高點太遠,62.14,92.0,,64,,,,,,,,,,,,,,,,,,,,2023-07
2023-07-05,1519,華城,電機機械,移出,離高點太遠,104.6,98.0,,48,,,,,,,,,,,,,,,,,,,,2023-07
2023-07-05,2331,精英,電子工業,移出,掉出掃描母體,30.93,71.0,,6,,,,,,,,,,,,,,,,,,,,2023-07
2023-07-05,9958,世紀鋼,鋼鐵工業,移出,掉出掃描母體,121.67,70.0,,6,,,,,,,,,,,,,,,,,,,,2023-07
2023-07-05,6223,旺矽,半導體業,移出,掉出掃描母體,168.9,71.0,,2,,,,,,,,,,,,,,,,,,,,2023-07
2023-07-05,3025,星通,電子工業,移出,突破失敗,44.64,91.0,,2,,,,,,,,,,,,,,,,,,,,2023-07
2023-07-05,8271,宇瞻,半導體業,移出,掉出掃描母體,55.64,72.0,,1,,,,,,,,,,,,,,,,,,,,2023-07
2023-07-05,3260,威剛,半導體業,移出,掉出掃描母體,78.77,71.0,,1,,,,,,,,,,,,,,,,,,,,2023-07
2023-07-06,6187,萬潤,其他電子類,進榜,觸發,101.94,80.0,2.0,0,,14.5,-1.4,15.4,-3.1,28.9,0.0,,,101.0,-0.9,15.6,-1.2,16.5,-3.1,30.1,0.2,,,2023-07
2023-07-06,6187,萬潤,其他電子類,觸發,進榜即觸發,101.94,80.0,2.0,0,101.94,14.5,-1.4,15.4,-3.1,28.9,0.0,,,101.0,-0.9,15.6,-1.2,16.5,-3.1,30.1,0.2,,,2023-07
2023-07-06,3701,大眾控,電子工業,進榜,準備,71.49,86.0,1.0,0,,-16.8,-1.4,-15.1,-3.1,-17.4,0.0,,,70.1,-1.9,-15.2,-1.2,-13.4,-3.1,-15.8,0.2,,,2023-07
2023-07-06,3265,台星科,半導體業,進榜,準備,66.16,76.0,2.0,0,,14.5,-1.4,22.8,-3.1,26.6,0.0,,,66.8,1.0,13.4,-1.2,21.6,-3.1,25.4,0.2,,,2023-07
2023-07-06,5388,中磊,電子工業,進榜,準備,107.84,71.0,3.0,0,,-1.3,-1.4,3.3,-3.1,12.1,0.0,,,105.1,-2.5,1.3,-1.2,6.0,-3.1,15.0,0.2,,,2023-07
2023-07-06,4744,皇將,生技醫療業,移出,掉出掃描母體,39.54,73.0,,2,,,,,,,,,,,,,,,,,,,,2023-07
2023-07-06,2480,敦陽科,資訊服務業,移出,掉出掃描母體,104.22,71.0,,1,,,,,,,,,,,,,,,,,,,,2023-07
2023-07-06,2630,亞航,航運業,移出,離高點太遠,52.38,100.0,,45,,,,,,,,,,,,,,,,,,,,2023-07
2023-07-06,5209,新鼎,資訊服務業,移出,掉出掃描母體,155.4,95.0,,17,,,,,,,,,,,,,,,,,,,,2023-07
2023-07-06,7402,邑錡,光電業,移出,離高點太遠,72.61,82.0,,15,,,,,,,,,,,,,,,,,,,,2023-07
2023-07-06,4967,十銓,半導體業,移出,離高點太遠,60.63,86.0,,15,,,,,,,,,,,,,,,,,,,,2023-07
2023-07-06,1907,永豐餘,造紙工業,移出,掉出掃描母體,33.25,71.0,,15,,,,,,,,,,,,,,,,,,,,2023-07
2023-07-06,4503,金雨,電機機械,移出,離高點太遠,70.2,89.0,,10,,,,,,,,,,,,,,,,,,,,2023-07
2023-07-06,3675,德微,半導體業,移出,掉出掃描母體,262.03,75.0,,3,,,,,,,,,,,,,,,,,,,,2023-07
2023-07-06,1611,中電,電器電纜,移出,掉出掃描母體,18.24,70.0,,1,,,,,,,,,,,,,,,,,,,,2023-07
2023-07-07,2419,仲琦,通信網路業,進榜,觸發,39.88,81.0,2.0,0,,-0.9,-0.9,-15.3,-3.0,-14.0,0.5,,,40.3,1.0,-1.8,-0.9,-16.1,-3.0,-14.9,0.5,,,2023-07
2023-07-07,2419,仲琦,通信網路業,觸發,進榜即觸發,39.88,81.0,2.0,0,39.88,-0.9,-0.9,-15.3,-3.0,-14.0,0.5,,,40.3,1.0,-1.8,-0.9,-16.1,-3.0,-14.9,0.5,,,2023-07
2023-07-07,6703,軒郁,生技醫療業,進榜,準備,139.96,94.0,3.0,0,,25.1,-0.9,25.6,-3.0,37.0,0.5,,,142.5,1.8,22.8,-0.9,23.3,-3.0,34.6,0.5,,,2023-07
2023-07-07,2204,中華,汽車工業,進榜,準備,77.54,88.0,2.0,0,,-2.1,-0.9,1.3,-3.0,20.5,0.5,,,78.4,1.1,-3.2,-0.9,0.1,-3.0,19.1,0.5,,,2023-07
2023-07-07,2480,敦陽科,資訊服務業,進榜,準備,104.22,70.0,1.0,0,,-1.2,-0.9,-5.3,-3.0,-1.2,0.5,,,104.6,0.4,-1.6,-0.9,-5.7,-3.0,-1.6,0.5,,,2023-07
2023-07-07,5388,中磊,電子工業,移出,掉出掃描母體,107.84,71.0,,1,,,,,,,,,,,,,,,,,,,,2023-07
2023-07-07,2206,三陽工業,汽車工業,移出,離高點太遠,71.39,95.0,,66,,,,,,,,,,,,,,,,,,,,2023-07
2023-07-07,5289,宜鼎,電腦及週邊設備業,移出,掉出掃描母體,279.49,76.0,,50,,,,,,,,,,,,,,,,,,,,2023-07
2023-07-07,8099,大世科,資訊服務業,移出,掉出掃描母體,49.04,74.0,,39,,,,,,,,,,,,,,,,,,,,2023-07
2023-07-07,3046,建碁,電子工業,移出,掉出掃描母體,77.24,82.0,,30,,,,,,,,,,,,,,,,,,,,2023-07
2023-07-07,3005,神基,電子工業,移出,掉出掃描母體,59.12,73.0,,28,,,,,,,,,,,,,,,,,,,,2023-07
2023-07-07,5009,榮剛,鋼鐵工業,移出,掉出掃描母體,49.07,72.0,,18,,,,,,,,,,,,,,,,,,,,2023-07
2023-07-07,2468,華經,資訊服務業,移出,掉出掃描母體,35.93,76.0,,4,,,,,,,,,,,,,,,,,,,,2023-07
2023-07-10,3025,星通,電子工業,進榜,觸發,53.2,95.0,4.0,0,,-22.0,-1.3,-21.1,-3.1,-22.3,0.9,,,55.6,4.4,-25.3,-1.5,-24.4,-3.6,-25.6,0.7,,,2023-07
2023-07-10,3025,星通,電子工業,觸發,進榜即觸發,53.2,95.0,4.0,0,53.2,-22.0,-1.3,-21.1,-3.1,-22.3,0.9,,,55.6,4.4,-25.3,-1.5,-24.4,-3.6,-25.6,0.7,,,2023-07
2023-07-10,9958,世紀鋼,鋼鐵工業,進榜,準備,133.06,81.0,2.0,0,,7.5,-1.3,25.0,-3.1,19.9,0.9,,,134.0,0.7,6.8,-1.5,24.2,-3.6,19.1,0.7,,,2023-07
2023-07-10,2480,敦陽科,資訊服務業,移出,掉出掃描母體,104.22,70.0,,3,,,,,,,,,,,,,,,,,,,,2023-07
2023-07-10,2421,建準,電子工業,移出,離高點太遠,80.83,91.0,,66,,,,,,,,,,,,,,,,,,,,2023-07
2023-07-10,3011,今皓,電子工業,移出,掉出掃描母體,31.15,79.0,,21,,,,,,,,,,,,,,,,,,,,2023-07
2023-07-10,6203,海韻電,電子零組件業,移出,離高點太遠,74.16,84.0,,21,,,,,,,,,,,,,,,,,,,,2023-07
2023-07-10,3207,耀勝,電子零組件業,移出,離高點太遠,84.58,76.0,,12,,,,,,,,,,,,,,,,,,,,2023-07
2023-07-10,6470,宇智,通信網路業,移出,突破失敗,69.21,71.0,,7,,,,,,,,,,,,,,,,,,,,2023-07
2023-07-10,3071,協禧,電腦及週邊設備業,移出,掉出掃描母體,33.44,74.0,,6,,,,,,,,,,,,,,,,,,,,2023-07
2023-07-10,4543,萬在,電機機械,移出,離高點太遠,49.37,96.0,,6,,,,,,,,,,,,,,,,,,,,2023-07
2023-07-11,5234,達興材料,電子工業,進榜,準備,135.75,92.0,1.0,0,,-15.8,-1.6,-26.1,-2.9,,,,,136.7,0.7,-16.4,-1.7,-26.6,-3.0,,,,,2023-07
2023-07-11,3035,智原,半導體業,進榜,準備,250.14,78.0,3.0,0,,14.9,-1.6,22.5,-2.9,,,,,250.1,0.0,14.9,-1.7,22.5,-3.0,,,,,2023-07
2023-07-11,3362,先進光,光電業,進榜,準備,125.99,78.0,3.0,0,,4.6,-1.6,15.5,-2.9,,,,,127.9,1.6,3.0,-1.7,13.7,-3.0,,,,,2023-07
2023-07-11,1612,宏泰,電器電纜,進榜,準備,22.01,77.0,3.0,0,,-3.4,-1.6,4.0,-2.9,,,,,22.4,1.9,-5.2,-1.7,2.0,-3.0,,,,,2023-07
2023-07-11,6274,台燿,電子零組件業,進榜,準備,78.85,77.0,1.0,0,,44.6,-1.6,70.4,-2.9,,,,,80.5,2.1,41.6,-1.7,66.9,-3.0,,,,,2023-07
2023-07-11,3305,昇貿,其他電子業,進榜,準備,55.6,73.0,1.0,0,,7.8,-1.6,3.1,-2.9,,,,,56.5,1.7,6.0,-1.7,1.5,-3.0,,,,,2023-07
2023-07-11,6266,泰詠,電子零組件業,移出,掉出掃描母體,29.22,77.0,,22,,,,,,,,,,,,,,,,,,,,2023-07
2023-07-11,2427,三商電,資訊服務業,移出,晚期未觸發,26.41,94.0,,7,,,,,,,,,,,,,,,,,,,,2023-07
2023-07-12,8155,博智,電子零組件業,進榜,觸發,150.81,72.0,1.0,0,,-14.7,-2.3,-13.5,-2.3,,,,,157.8,4.7,-18.5,-2.7,-17.3,-2.6,,,,,2023-07
2023-07-12,8155,博智,電子零組件業,觸發,進榜即觸發,150.81,72.0,1.0,0,150.81,-14.7,-2.3,-13.5,-2.3,,,,,157.8,4.7,-18.5,-2.7,-17.3,-2.6,,,,,2023-07
2023-07-12,2449,京元電子,半導體業,進榜,準備,52.27,77.0,1.0,0,,4.1,-2.3,32.4,-2.3,,,,,53.0,1.4,2.7,-2.7,30.6,-2.6,,,,,2023-07
2023-07-12,2345,智邦,通信網路業,進榜,準備,367.34,73.0,3.0,0,,-4.3,-2.3,36.4,-2.3,,,,,369.2,0.5,-4.8,-2.7,35.7,-2.6,,,,,2023-07
2023-07-12,3038,全台,光電業,移出,離高點太遠,31.08,85.0,,84,,,,,,,,,,,,,,,,,,,,2023-07
2023-07-12,8926,台汽電,油電燃氣業,移出,掉出掃描母體,41.8,77.0,,55,,,,,,,,,,,,,,,,,,,,2023-07
2023-07-12,4533,協易機,電機機械,移出,離高點太遠,29.41,99.0,,28,,,,,,,,,,,,,,,,,,,,2023-07
2023-07-13,6579,研揚,電子工業,進榜,觸發,126.82,86.0,3.0,0,,12.2,-2.3,-1.7,-2.8,,,,,133.7,5.4,6.4,-2.5,-6.8,-3.0,,,,,2023-07
2023-07-13,6579,研揚,電子工業,觸發,進榜即觸發,126.82,86.0,3.0,0,126.82,12.2,-2.3,-1.7,-2.8,,,,,133.7,5.4,6.4,-2.5,-6.8,-3.0,,,,,2023-07
2023-07-13,2388,威盛,半導體業,進榜,觸發,114.97,76.0,3.0,0,,-4.8,-2.3,-6.5,-2.8,,,,,124.4,8.2,-12.0,-2.5,-13.6,-3.0,,,,,2023-07
2023-07-13,2388,威盛,半導體業,觸發,進榜即觸發,114.97,76.0,3.0,0,114.97,-4.8,-2.3,-6.5,-2.8,,,,,124.4,8.2,-12.0,-2.5,-13.6,-3.0,,,,,2023-07
2023-07-13,3706,神達,電子工業,進榜,觸發,37.99,76.0,1.0,0,,-0.8,-2.3,-8.2,-2.8,,,,,41.1,8.1,-8.2,-2.5,-15.1,-3.0,,,,,2023-07
2023-07-13,3706,神達,電子工業,觸發,進榜即觸發,37.99,76.0,1.0,0,37.99,-0.8,-2.3,-8.2,-2.8,,,,,41.1,8.1,-8.2,-2.5,-15.1,-3.0,,,,,2023-07
2023-07-13,6223,旺矽,半導體業,進榜,準備,172.54,74.0,3.0,0,,10.4,-2.3,11.2,-2.8,,,,,176.4,2.2,8.0,-2.5,8.8,-3.0,,,,,2023-07
2023-07-13,6592,和潤企業,其他,進榜,準備,111.98,70.0,1.0,0,,-6.0,-2.3,-7.7,-2.8,,,,,112.8,0.7,-6.6,-2.5,-8.4,-3.0,,,,,2023-07
2023-07-13,2634,漢翔,航運業,移出,掉出掃描母體,53.14,78.0,,92,,,,,,,,,,,,,,,,,,,,2023-07
2023-07-13,2230,泰茂,電機機械,移出,離高點太遠,77.81,99.0,,14,,,,,,,,,,,,,,,,,,,,2023-07
2023-07-13,8996,高力,電機機械,移出,突破失敗,321.38,85.0,,10,,,,,,,,,,,,,,,,,,,,2023-07
2023-07-14,1519,華城,電機機械,進榜,觸發,143.28,99.0,5.0,0,,-2.6,-4.4,42.7,-2.5,,,,,146.9,2.5,-5.0,-4.4,39.2,-2.8,,,,,2023-07
2023-07-14,1519,華城,電機機械,觸發,進榜即觸發,143.28,99.0,5.0,0,143.28,-2.6,-4.4,42.7,-2.5,,,,,146.9,2.5,-5.0,-4.4,39.2,-2.8,,,,,2023-07
2023-07-14,5439,高技,電子零組件業,進榜,觸發,99.08,91.0,2.0,0,,-8.6,-4.4,-2.5,-2.5,,,,,101.8,2.7,-11.0,-4.4,-5.1,-2.8,,,,,2023-07
2023-07-14,5439,高技,電子零組件業,觸發,進榜即觸發,99.08,91.0,2.0,0,99.08,-8.6,-4.4,-2.5,-2.5,,,,,101.8,2.7,-11.0,-4.4,-5.1,-2.8,,,,,2023-07
2023-07-14,5258,虹堡,電子工業,進榜,觸發,114.72,86.0,6.0,0,,-24.1,-4.4,-5.3,-2.5,,,,,113.9,-0.8,-23.5,-4.4,-4.5,-2.8,,,,,2023-07
2023-07-14,5258,虹堡,電子工業,觸發,進榜即觸發,114.72,86.0,6.0,0,114.72,-24.1,-4.4,-5.3,-2.5,,,,,113.9,-0.8,-23.5,-4.4,-4.5,-2.8,,,,,2023-07
2023-07-14,8936,國統,其他,進榜,觸發,35.73,75.0,3.0,0,,-20.0,-4.4,-12.4,-2.5,,,,,36.6,2.4,-21.9,-4.4,-14.5,-2.8,,,,,2023-07
2023-07-14,8936,國統,其他,觸發,進榜即觸發,35.73,75.0,3.0,0,35.73,-20.0,-4.4,-12.4,-2.5,,,,,36.6,2.4,-21.9,-4.4,-14.5,-2.8,,,,,2023-07
2023-07-14,3071,協禧,電腦及週邊設備業,進榜,準備,37.44,82.0,2.0,0,,-13.9,-4.4,-6.9,-2.5,,,,,41.0,9.6,-21.5,-4.4,-15.0,-2.8,,,,,2023-07
2023-07-14,3217,優群,電子零組件業,進榜,準備,121.33,81.0,1.0,0,,-14.5,-4.4,-10.6,-2.5,,,,,120.9,-0.4,-14.2,-4.4,-10.3,-2.8,,,,,2023-07
2023-07-14,3037,欣興,電子工業,進榜,準備,179.33,74.0,2.0,0,,-8.8,-4.4,-8.3,-2.5,,,,,181.3,1.1,-9.8,-4.4,-9.3,-2.8,,,,,2023-07
2023-07-14,3380,明泰,通信網路業,進榜,準備,42.83,74.0,3.0,0,,-22.8,-4.4,-21.1,-2.5,,,,,42.9,0.1,-22.8,-4.4,-21.2,-2.8,,,,,2023-07
2023-07-14,3163,波若威,通信網路業,進榜,準備,59.24,72.0,3.0,0,,16.9,-4.4,35.9,-2.5,,,,,60.9,2.9,13.6,-4.4,32.1,-2.8,,,,,2023-07
2023-07-14,3540,曜越,電腦及週邊設備業,觸發,等待後觸發,55.43,88.0,2.0,35,51.64,-27.2,-4.4,-31.2,-2.5,,,,,55.4,0.0,-27.2,-4.4,-31.2,-2.8,,,,,2023-07
2023-07-14,6191,精成科,電子工業,觸發,等待後觸發,41.89,80.0,1.0,23,36.81,10.2,-4.4,23.7,-2.5,,,,,42.6,1.7,8.4,-4.4,21.6,-2.8,,,,,2023-07
2023-07-14,2352,佳世達,電腦及週邊設備業,觸發,等待後觸發,53.51,86.0,2.0,51,39.19,-16.2,-4.4,-14.6,-2.5,,,,,54.9,2.6,-18.4,-4.4,-16.8,-2.8,,,,,2023-07
2023-07-14,6703,軒郁,生技醫療業,觸發,等待後觸發,180.43,98.0,3.0,7,140.24,-9.1,-4.4,-0.9,-2.5,,,,,191.0,5.8,-14.1,-4.4,-6.4,-2.8,,,,,2023-07
2023-07-14,6274,台燿,電子零組件業,觸發,等待後觸發,89.09,85.0,1.0,3,79.86,21.8,-4.4,42.0,-2.5,,,,,90.3,1.3,20.1,-4.4,40.1,-2.8,,,,,2023-07
2023-07-14,3305,昇貿,其他電子業,觸發,等待後觸發,61.3,78.0,1.0,3,56.98,-7.5,-4.4,-6.6,-2.5,,,,,67.4,9.9,-15.8,-4.4,-15.0,-2.8,,,,,2023-07
2023-07-14,1608,華榮,電器電纜,移出,掉出掃描母體,18.83,73.0,,37,,,,,,,,,,,,,,,,,,,,2023-07
2023-07-14,6605,帝寶,汽車工業,移出,掉出掃描母體,100.75,73.0,,31,,,,,,,,,,,,,,,,,,,,2023-07
2023-07-14,2247,汎德永業,汽車工業,移出,掉出掃描母體,280.34,73.0,,30,,,,,,,,,,,,,,,,,,,,2023-07
2023-07-14,6214,精誠,資訊服務業,移出,掉出掃描母體,90.21,71.0,,25,,,,,,,,,,,,,,,,,,,,2023-07
2023-07-14,8085,福華,其他電子類,移出,離高點太遠,43.7,94.0,,24,,,,,,,,,,,,,,,,,,,,2023-07
2023-07-17,5469,瀚宇博,電子零組件業,進榜,觸發,49.96,75.0,1.0,0,,0.8,-4.1,4.6,-3.2,,,,,50.8,1.7,-0.9,-4.3,2.9,-3.3,,,,,2023-07
2023-07-17,5469,瀚宇博,電子零組件業,觸發,進榜即觸發,49.96,75.0,1.0,0,49.96,0.8,-4.1,4.6,-3.2,,,,,50.8,1.7,-0.9,-4.3,2.9,-3.3,,,,,2023-07
2023-07-17,1784,訊聯,生技醫療業,進榜,觸發,66.76,74.0,6.0,0,,-11.4,-4.1,-17.5,-3.2,,,,,68.1,2.0,-13.1,-4.3,-19.1,-3.3,,,,,2023-07
2023-07-17,1784,訊聯,生技醫療業,觸發,進榜即觸發,66.76,74.0,6.0,0,66.76,-11.4,-4.1,-17.5,-3.2,,,,,68.1,2.0,-13.1,-4.3,-19.1,-3.3,,,,,2023-07
2023-07-17,2353,宏碁,電子工業,進榜,觸發,33.38,73.0,1.0,0,,-1.2,-4.1,-3.1,-3.2,,,,,36.7,10.0,-10.2,-4.3,-11.9,-3.3,,,,,2023-07
2023-07-17,2353,宏碁,電子工業,觸發,進榜即觸發,33.38,73.0,1.0,0,33.38,-1.2,-4.1,-3.1,-3.2,,,,,36.7,10.0,-10.2,-4.3,-11.9,-3.3,,,,,2023-07
2023-07-17,6841,長佳智能,生技醫療業,進榜,觸發,119.94,72.0,1.0,0,,-19.2,-4.1,-23.0,-3.2,,,,,130.5,8.8,-25.7,-4.3,-29.3,-3.3,,,,,2023-07
2023-07-17,6841,長佳智能,生技醫療業,觸發,進榜即觸發,119.94,72.0,1.0,0,119.94,-19.2,-4.1,-23.0,-3.2,,,,,130.5,8.8,-25.7,-4.3,-29.3,-3.3,,,,,2023-07
2023-07-17,6282,康舒,電子零組件業,進榜,準備,53.45,85.0,3.0,0,,-9.4,-4.1,-23.7,-3.2,,,,,53.9,0.9,-10.2,-4.3,-24.4,-3.3,,,,,2023-07
2023-07-17,1529,樂事綠能,電機機械,進榜,準備,36.66,83.0,3.0,0,,-14.1,-4.1,-23.5,-3.2,,,,,40.3,9.9,-21.8,-4.3,-30.4,-3.3,,,,,2023-07
2023-07-17,2340,台亞,光電業,進榜,準備,55.65,75.0,1.0,0,,-12.1,-4.1,-11.5,-3.2,,,,,57.1,2.7,-14.4,-4.3,-13.8,-3.3,,,,,2023-07
2023-07-17,3005,神基,電子工業,進榜,準備,63.04,75.0,2.0,0,,-8.4,-4.1,9.0,-3.2,,,,,62.9,-0.3,-8.2,-4.3,9.3,-3.3,,,,,2023-07
2023-07-17,6451,訊芯-KY,半導體業,進榜,準備,128.3,74.0,3.0,0,,-24.7,-4.1,15.3,-3.2,,,,,127.3,-0.8,-24.2,-4.3,16.2,-3.3,,,,,2023-07
2023-07-17,3088,艾訊,電腦及週邊設備業,進榜,準備,78.92,71.0,2.0,0,,-2.3,-4.1,-7.3,-3.2,,,,,79.7,1.0,-3.3,-4.3,-8.2,-3.3,,,,,2023-07
2023-07-17,6197,佳必琪,電子零組件業,觸發,等待後觸發,69.53,82.0,1.0,19,59.04,-9.9,-4.1,2.9,-3.2,,,,,74.2,6.7,-15.6,-4.3,-3.6,-3.3,,,,,2023-07
2023-07-17,3483,力致,電腦及週邊設備業,觸發,等待後觸發,90.21,91.0,1.0,17,67.66,16.5,-4.1,31.1,-3.2,,,,,93.6,3.7,12.3,-4.3,26.4,-3.3,,,,,2023-07
2023-07-17,6592,和潤企業,其他,觸發,等待後觸發,117.88,71.0,1.0,4,114.34,-13.3,-4.1,-12.3,-3.2,,,,,117.1,-0.7,-12.8,-4.3,-11.7,-3.3,,,,,2023-07
2023-07-17,3037,欣興,電子工業,移出,掉出掃描母體,179.33,74.0,,3,,,,,,,,,,,,,,,,,,,,2023-07
2023-07-17,6235,華孚,電子工業,移出,離高點太遠,137.2,99.0,,61,,,,,,,,,,,,,,,,,,,,2023-07
2023-07-17,2455,全新,通信網路業,移出,掉出掃描母體,110.25,73.0,,46,,,,,,,,,,,,,,,,,,,,2023-07
2023-07-17,2371,大同,電機機械,移出,掉出掃描母體,52.03,77.0,,27,,,,,,,,,,,,,,,,,,,,2023-07
2023-07-17,3325,旭品,電腦及週邊設備業,移出,離高點太遠,26.94,91.0,,21,,,,,,,,,,,,,,,,,,,,2023-07
2023-07-17,3701,大眾控,電子工業,移出,掉出掃描母體,63.27,72.0,,11,,,,,,,,,,,,,,,,,,,,2023-07
2023-07-17,9958,世紀鋼,鋼鐵工業,移出,掉出掃描母體,131.24,72.0,,7,,,,,,,,,,,,,,,,,,,,2023-07
2023-07-18,2421,建準,電子工業,進榜,觸發,100.92,97.0,2.0,0,,27.6,-3.8,-8.4,-2.9,,,,,103.2,2.2,24.8,-3.9,-10.4,-3.1,,,,,2023-07
2023-07-18,2421,建準,電子工業,觸發,進榜即觸發,100.92,97.0,2.0,0,100.92,27.6,-3.8,-8.4,-2.9,,,,,103.2,2.2,24.8,-3.9,-10.4,-3.1,,,,,2023-07
2023-07-18,2059,川湖,電子工業,進榜,觸發,829.73,94.0,1.0,0,,5.6,-3.8,4.9,-2.9,,,,,871.6,5.1,0.5,-3.9,-0.2,-3.1,,,,,2023-07
2023-07-18,2059,川湖,電子工業,觸發,進榜即觸發,829.73,94.0,1.0,0,829.73,5.6,-3.8,4.9,-2.9,,,,,871.6,5.1,0.5,-3.9,-0.2,-3.1,,,,,2023-07
2023-07-18,6218,豪勉,通信網路業,進榜,觸發,32.5,82.0,3.0,0,,-19.4,-3.8,-27.3,-2.9,,,,,33.5,3.0,-21.8,-3.9,-29.4,-3.1,,,,,2023-07
2023-07-18,6218,豪勉,通信網路業,觸發,進榜即觸發,32.5,82.0,3.0,0,32.5,-19.4,-3.8,-27.3,-2.9,,,,,33.5,3.0,-21.8,-3.9,-29.4,-3.1,,,,,2023-07
2023-07-18,3037,欣興,電子工業,進榜,觸發,191.8,79.0,2.0,0,,-11.0,-3.8,-17.8,-2.9,,,,,197.6,3.0,-13.6,-3.9,-20.1,-3.1,,,,,2023-07
2023-07-18,3037,欣興,電子工業,觸發,進榜即觸發,191.8,79.0,2.0,0,191.8,-11.0,-3.8,-17.8,-2.9,,,,,197.6,3.0,-13.6,-3.9,-20.1,-3.1,,,,,2023-07
2023-07-18,3338,泰碩,電子工業,進榜,準備,55.34,83.0,1.0,0,,-3.8,-3.8,-7.0,-2.9,,,,,54.9,-0.8,-3.0,-3.9,-6.2,-3.1,,,,,2023-07
2023-07-18,2377,微星,電子工業,進榜,準備,168.41,71.0,1.0,0,,-7.5,-3.8,-11.6,-2.9,,,,,171.0,1.6,-8.9,-3.9,-13.0,-3.1,,,,,2023-07
2023-07-18,2329,華泰,半導體業,觸發,等待後觸發,31.22,85.0,1.0,13,26.29,47.1,-3.8,28.1,-2.9,,,,,31.8,2.0,44.2,-3.9,25.7,-3.1,,,,,2023-07
2023-07-18,1529,樂事綠能,電機機械,觸發,等待後觸發,40.3,88.0,3.0,1,36.86,-24.4,-3.8,-31.2,-2.9,,,,,39.6,-1.8,-23.0,-3.9,-30.0,-3.1,,,,,2023-07
2023-07-18,3078,僑威,電子零組件業,移出,離高點太遠,62.95,95.0,,98,,,,,,,,,,,,,,,,,,,,2023-07
2023-07-18,3071,協禧,電腦及週邊設備業,移出,離高點太遠,38.16,79.0,,4,,,,,,,,,,,,,,,,,,,,2023-07
2023-07-18,8936,國統,其他,移出,突破失敗,32.8,71.0,,4,,,,,,,,,,,,,,,,,,,,2023-07
2023-07-18,6451,訊芯-KY,半導體業,移出,掉出掃描母體,128.3,74.0,,1,,,,,,,,,,,,,,,,,,,,2023-07
2023-07-18,3088,艾訊,電腦及週邊設備業,移出,掉出掃描母體,78.92,71.0,,1,,,,,,,,,,,,,,,,,,,,2023-07
2023-07-18,6243,迅杰,半導體業,移出,離高點太遠,45.17,75.0,,15,,,,,,,,,,,,,,,,,,,,2023-07
2023-07-18,2204,中華,汽車工業,移出,掉出掃描母體,74.56,80.0,,11,,,,,,,,,,,,,,,,,,,,2023-07
2023-07-18,3025,星通,電子工業,移出,突破失敗,47.69,90.0,,8,,,,,,,,,,,,,,,,,,,,2023-07
2023-07-18,3380,明泰,通信網路業,移出,掉出掃描母體,43.09,73.0,,4,,,,,,,,,,,,,,,,,,,,2023-07
2023-07-18,1514,亞力,電機機械,移出,離高點太遠,53.34,84.0,,97,,,,,,,,,,,,,,,,,,,,2023-07
2023-07-18,1784,訊聯,生技醫療業,移出,掉出掃描母體,66.76,74.0,,1,,,,,,,,,,,,,,,,,,,,2023-07
2023-07-18,6841,長佳智能,生技醫療業,移出,掉出掃描母體,119.94,72.0,,1,,,,,,,,,,,,,,,,,,,,2023-07
2023-07-19,5474,聰泰,電腦及週邊設備業,進榜,觸發,147.75,92.0,4.0,0,,-21.5,-2.8,-30.7,-3.1,,,,,160.4,8.5,-27.7,-2.9,-36.2,-3.1,,,,,2023-07
2023-07-19,5474,聰泰,電腦及週邊設備業,觸發,進榜即觸發,147.75,92.0,4.0,0,147.75,-21.5,-2.8,-30.7,-3.1,,,,,160.4,8.5,-27.7,-2.9,-36.2,-3.1,,,,,2023-07
2023-07-19,6472,保瑞,生技醫療業,進榜,觸發,536.25,84.0,6.0,0,,5.1,-2.8,-15.1,-3.1,,,,,550.2,2.6,2.5,-2.9,-17.2,-3.1,,,,,2023-07
2023-07-19,6472,保瑞,生技醫療業,觸發,進榜即觸發,536.25,84.0,6.0,0,536.25,5.1,-2.8,-15.1,-3.1,,,,,550.2,2.6,2.5,-2.9,-17.2,-3.1,,,,,2023-07
2023-07-19,3661,世芯-KY,半導體業,進榜,準備,2078.53,95.0,3.0,0,,-7.5,-2.8,24.1,-3.1,,,,,2068.8,-0.5,-7.1,-2.9,24.7,-3.1,,,,,2023-07
2023-07-19,6811,宏碁資訊,資訊服務業,進榜,準備,242.82,84.0,3.0,0,,8.1,-2.8,2.2,-3.1,,,,,261.9,7.9,0.2,-2.9,-5.3,-3.1,,,,,2023-07
2023-07-19,3587,閎康,其他電子類,進榜,準備,230.22,77.0,3.0,0,,15.9,-2.8,-0.4,-3.1,,,,,231.1,0.4,15.5,-2.9,-0.8,-3.1,,,,,2023-07
2023-07-19,6451,訊芯-KY,半導體業,進榜,準備,127.81,77.0,3.0,0,,-25.0,-2.8,16.1,-3.1,,,,,130.7,2.3,-26.7,-2.9,13.5,-3.1,,,,,2023-07
2023-07-19,6592,和潤企業,其他,移出,掉出掃描母體,116.31,72.0,,6,,,,,,,,,,,,,,,,,,,,2023-07
2023-07-19,2377,微星,電子工業,移出,掉出掃描母體,168.41,71.0,,1,,,,,,,,,,,,,,,,,,,,2023-07
2023-07-19,1513,中興電,電機機械,移出,離高點太遠,112.78,77.0,,229,,,,,,,,,,,,,,,,,,,,2023-07
2023-07-19,1503,士電,電機機械,移出,離高點太遠,135.71,92.0,,152,,,,,,,,,,,,,,,,,,,,2023-07
2023-07-19,1504,東元,電機機械,移出,掉出掃描母體,47.48,80.0,,118,,,,,,,,,,,,,,,,,,,,2023-07
2023-07-19,6122,擎邦,電機機械,移出,離高點太遠,30.65,89.0,,68,,,,,,,,,,,,,,,,,,,,2023-07
2023-07-19,6188,廣明,電腦及週邊設備業,移出,離高點太遠,84.72,93.0,,51,,,,,,,,,,,,,,,,,,,,2023-07
2023-07-19,6111,光聚晶電,文化創意業,移出,離高點太遠,80.55,72.0,,44,,,,,,,,,,,,,,,,,,,,2023-07
2023-07-19,3540,曜越,電腦及週邊設備業,移出,離高點太遠,48.77,79.0,,40,,,,,,,,,,,,,,,,,,,,2023-07
2023-07-19,3305,昇貿,其他電子業,移出,離高點太遠,62.58,77.0,,8,,,,,,,,,,,,,,,,,,,,2023-07
2023-07-19,3163,波若威,通信網路業,移出,掉出掃描母體,60.54,74.0,,5,,,,,,,,,,,,,,,,,,,,2023-07
2023-07-19,5469,瀚宇博,電子零組件業,移出,掉出掃描母體,46.11,70.0,,2,,,,,,,,,,,,,,,,,,,,2023-07
2023-07-19,6218,豪勉,通信網路業,移出,突破失敗,29.4,73.0,,1,,,,,,,,,,,,,,,,,,,,2023-07
2023-07-20,4953,緯致,資訊服務業,進榜,觸發,122.9,72.0,2.0,0,,-14.8,-3.9,-17.3,-4.4,,,,,119.8,-2.5,-12.6,-3.5,-15.2,-4.0,,,,,2023-07
2023-07-20,4953,緯致,資訊服務業,觸發,進榜即觸發,122.9,72.0,2.0,0,122.9,-14.8,-3.9,-17.3,-4.4,,,,,119.8,-2.5,-12.6,-3.5,-15.2,-4.0,,,,,2023-07
2023-07-20,3017,奇鋐,電子工業,進榜,準備,296.31,96.0,3.0,0,,14.1,-3.9,-3.5,-4.4,,,,,292.0,-1.5,15.8,-3.5,-2.0,-4.0,,,,,2023-07
2023-07-20,9958,世紀鋼,鋼鐵工業,進榜,準備,134.43,71.0,2.0,0,,-6.1,-3.9,19.0,-4.4,,,,,134.0,-0.3,-5.8,-3.5,19.4,-4.0,,,,,2023-07
2023-07-20,6811,宏碁資訊,資訊服務業,觸發,等待後觸發,266.84,85.0,3.0,1,244.6,-5.7,-3.9,-11.8,-4.4,,,,,265.1,-0.7,-5.0,-3.5,-11.2,-4.0,,,,,2023-07
2023-07-20,3035,智原,半導體業,觸發,等待後觸發,329.38,94.0,3.0,9,257.3,-4.9,-3.9,1.7,-4.4,,,,,322.7,-2.0,-3.0,-3.5,3.8,-4.0,,,,,2023-07
2023-07-20,3338,泰碩,電子工業,觸發,等待後觸發,59.49,86.0,1.0,2,56.45,-9.3,-3.9,-16.1,-4.4,,,,,60.0,0.8,-10.0,-3.5,-16.8,-4.0,,,,,2023-07
2023-07-20,6451,訊芯-KY,半導體業,移出,掉出掃描母體,127.81,77.0,,1,,,,,,,,,,,,,,,,,,,,2023-07
2023-07-20,6197,佳必琪,電子零組件業,移出,離高點太遠,63.21,77.0,,22,,,,,,,,,,,,,,,,,,,,2023-07
2023-07-20,2419,仲琦,通信網路業,移出,離高點太遠,47.02,87.0,,13,,,,,,,,,,,,,,,,,,,,2023-07
2023-07-20,2345,智邦,通信網路業,移出,掉出掃描母體,363.1,70.0,,8,,,,,,,,,,,,,,,,,,,,2023-07
2023-07-20,3706,神達,電子工業,移出,離高點太遠,41.15,80.0,,7,,,,,,,,,,,,,,,,,,,,2023-07
2023-07-20,2353,宏碁,電子工業,移出,掉出掃描母體,32.31,71.0,,3,,,,,,,,,,,,,,,,,,,,2023-07
2023-07-20,3005,神基,電子工業,移出,掉出掃描母體,60.34,71.0,,3,,,,,,,,,,,,,,,,,,,,2023-07
2023-07-20,1529,樂事綠能,電機機械,移出,離高點太遠,33.55,75.0,,3,,,,,,,,,,,,,,,,,,,,2023-07
2023-07-21,8996,高力,電機機械,進榜,觸發,407.54,93.0,6.0,0,,-26.7,-3.5,-45.1,-4.2,,,,,421.6,3.4,-29.2,-3.7,-47.0,-4.3,,,,,2023-07
2023-07-21,8996,高力,電機機械,觸發,進榜即觸發,407.54,93.0,6.0,0,407.54,-26.7,-3.5,-45.1,-4.2,,,,,421.6,3.4,-29.2,-3.7,-47.0,-4.3,,,,,2023-07
2023-07-21,6679,鈺太,半導體業,進榜,觸發,355.66,75.0,1.0,0,,-7.8,-3.5,-11.3,-4.2,,,,,355.7,0.0,-7.8,-3.7,-11.3,-4.3,,,,,2023-07
2023-07-21,6679,鈺太,半導體業,觸發,進榜即觸發,355.66,75.0,1.0,0,355.66,-7.8,-3.5,-11.3,-4.2,,,,,355.7,0.0,-7.8,-3.7,-11.3,-4.3,,,,,2023-07
2023-07-21,1504,東元,電機機械,進榜,準備,49.81,82.0,2.0,0,,-9.9,-3.5,-14.7,-4.2,,,,,50.4,1.3,-11.0,-3.7,-15.7,-4.3,,,,,2023-07
2023-07-21,2425,承啟,電子工業,進榜,準備,49.56,79.0,3.0,0,,2.6,-3.5,-11.1,-4.2,,,,,51.9,4.8,-2.1,-3.7,-15.1,-4.3,,,,,2023-07
2023-07-21,6214,精誠,資訊服務業,進榜,準備,98.1,76.0,1.0,0,,-2.2,-3.5,-7.6,-4.2,,,,,101.2,3.1,-5.2,-3.7,-10.4,-4.3,,,,,2023-07
2023-07-21,6150,撼訊,電腦及週邊設備業,進榜,準備,112.41,75.0,1.0,0,,-34.1,-3.5,-26.9,-4.2,,,,,113.4,0.9,-34.7,-3.7,-27.5,-4.3,,,,,2023-07
2023-07-21,3661,世芯-KY,半導體業,觸發,等待後觸發,2176.12,93.0,3.0,2,2117.57,-2.9,-3.5,17.2,-4.2,,,,,2181.0,0.2,-3.1,-3.7,16.9,-4.3,,,,,2023-07
2023-07-21,2352,佳世達,電腦及週邊設備業,移出,離高點太遠,53.72,85.0,,58,,,,,,,,,,,,,,,,,,,,2023-07
2023-07-21,3704,合勤控,通信網路業,移出,掉出掃描母體,54.44,75.0,,18,,,,,,,,,,,,,,,,,,,,2023-07
2023-07-24,3324,雙鴻,其他電子類,進榜,觸發,326.25,88.0,2.0,0,,-8.6,-3.1,-8.3,-3.8,,,,,325.3,-0.3,-8.3,-3.3,-8.0,-4.0,,,,,2023-07
2023-07-24,3324,雙鴻,其他電子類,觸發,進榜即觸發,326.25,88.0,2.0,0,326.25,-8.6,-3.1,-8.3,-3.8,,,,,325.3,-0.3,-8.3,-3.3,-8.0,-4.0,,,,,2023-07
2023-07-24,3044,健鼎,電子工業,進榜,觸發,129.65,71.0,1.0,0,,27.8,-3.1,13.9,-3.8,,,,,142.3,9.7,16.5,-3.3,3.8,-4.0,,,,,2023-07
2023-07-24,3044,健鼎,電子工業,觸發,進榜即觸發,129.65,71.0,1.0,0,129.65,27.8,-3.1,13.9,-3.8,,,,,142.3,9.7,16.5,-3.3,3.8,-4.0,,,,,2023-07
2023-07-24,6188,廣明,電腦及週邊設備業,進榜,準備,100.24,97.0,3.0,0,,-5.9,-3.1,-35.2,-3.8,,,,,104.3,4.1,-9.6,-3.3,-37.7,-4.0,,,,,2023-07
2023-07-24,8926,台汽電,油電燃氣業,進榜,準備,44.37,75.0,2.0,0,,-18.1,-3.1,-24.2,-3.8,,,,,45.2,1.9,-19.7,-3.3,-25.7,-4.0,,,,,2023-07
2023-07-24,2383,台光電,電子工業,觸發,等待後觸發,336.03,90.0,1.0,19,259.68,21.6,-3.1,15.2,-3.8,,,,,335.6,-0.1,21.8,-3.3,15.4,-4.0,,,,,2023-07
2023-07-24,4747,強生*,生技醫療業,移出,晚期未觸發,99.8,95.0,,28,,,,,,,,,,,,,,,,,,,,2023-07
2023-07-24,6282,康舒,電子零組件業,移出,晚期未觸發,49.26,77.0,,7,,,,,,,,,,,,,,,,,,,,2023-07
2023-07-25,6203,海韻電,電子零組件業,進榜,觸發,88.0,86.0,2.0,0,,-2.4,-3.3,-14.7,-4.2,,,,,90.1,2.4,-4.6,-3.5,-16.7,-4.3,,,,,2023-07
2023-07-25,6203,海韻電,電子零組件業,觸發,進榜即觸發,88.0,86.0,2.0,0,88.0,-2.4,-3.3,-14.7,-4.2,,,,,90.1,2.4,-4.6,-3.5,-16.7,-4.3,,,,,2023-07
2023-07-25,8234,新漢,電腦及週邊設備業,進榜,觸發,62.03,85.0,6.0,0,,-22.8,-3.3,-35.6,-4.2,,,,,64.4,3.8,-25.7,-3.5,-38.0,-4.3,,,,,2023-07
2023-07-25,8234,新漢,電腦及週邊設備業,觸發,進榜即觸發,62.03,85.0,6.0,0,62.03,-22.8,-3.3,-35.6,-4.2,,,,,64.4,3.8,-25.7,-3.5,-38.0,-4.3,,,,,2023-07
2023-07-25,6841,長佳智能,生技醫療業,進榜,觸發,137.69,82.0,1.0,0,,-32.0,-3.3,-36.9,-4.2,,,,,137.7,0.0,-32.0,-3.5,-36.9,-4.3,,,,,2023-07
2023-07-25,6841,長佳智能,生技醫療業,觸發,進榜即觸發,137.69,82.0,1.0,0,137.69,-32.0,-3.3,-36.9,-4.2,,,,,137.7,0.0,-32.0,-3.5,-36.9,-4.3,,,,,2023-07
2023-07-25,5511,德昌,建材營造,進榜,準備,56.16,97.0,0.0,0,,-11.6,-3.3,-18.1,-4.2,,,,,56.6,0.7,-12.3,-3.5,-18.7,-4.3,,,,,2023-07
2023-07-25,6112,邁達特,電子工業,進榜,準備,71.43,92.0,3.0,0,,-21.4,-3.3,-21.5,-4.2,,,,,73.2,2.4,-23.2,-3.5,-23.4,-4.3,,,,,2023-07
2023-07-25,1618,合機,電器電纜,進榜,準備,26.61,84.0,3.0,0,,-16.1,-3.3,-12.9,-4.2,,,,,28.3,6.3,-21.1,-3.5,-18.1,-4.3,,,,,2023-07
2023-07-25,2377,微星,電子工業,進榜,準備,184.11,77.0,1.0,0,,-18.7,-3.3,-22.4,-4.2,,,,,188.5,2.4,-20.6,-3.5,-24.2,-4.3,,,,,2023-07
2023-07-25,3088,艾訊,電腦及週邊設備業,進榜,準備,84.44,77.0,2.0,0,,-6.1,-3.3,-18.3,-4.2,,,,,82.9,-1.9,-4.3,-3.5,-16.7,-4.3,,,,,2023-07
2023-07-25,1504,東元,電機機械,觸發,等待後觸發,52.86,84.0,2.0,4,50.8,-16.4,-3.3,-16.7,-4.2,,,,,53.8,1.7,-17.8,-3.5,-18.1,-4.3,,,,,2023-07
2023-07-25,6214,精誠,資訊服務業,觸發,等待後觸發,103.35,78.0,1.0,4,98.53,-5.9,-3.3,-14.8,-4.2,,,,,104.2,0.8,-6.7,-3.5,-15.5,-4.3,,,,,2023-07
2023-07-25,8048,德勝,通信網路業,移出,離高點太遠,68.63,95.0,,21,,,,,,,,,,,,,,,,,,,,2023-07
2023-07-25,8155,博智,電子零組件業,移出,掉出掃描母體,154.32,70.0,,13,,,,,,,,,,,,,,,,,,,,2023-07
2023-07-25,6150,撼訊,電腦及週邊設備業,移出,掉出掃描母體,108.45,74.0,,4,,,,,,,,,,,,,,,,,,,,2023-07
2023-07-25,3324,雙鴻,其他電子類,移出,突破失敗,294.39,82.0,,1,,,,,,,,,,,,,,,,,,,,2023-07
2023-07-26,8478,東哥遊艇,其他,進榜,觸發,583.06,85.0,6.0,0,,-34.3,-3.1,-42.6,-3.9,,,,,588.4,0.9,-34.9,-3.5,-43.1,-4.2,,,,,2023-07
2023-07-26,8478,東哥遊艇,其他,觸發,進榜即觸發,583.06,85.0,6.0,0,583.06,-34.3,-3.1,-42.6,-3.9,,,,,588.4,0.9,-34.9,-3.5,-43.1,-4.2,,,,,2023-07
2023-07-26,3306,鼎天,通信網路業,進榜,準備,47.51,94.0,1.0,0,,21.9,-3.1,-12.6,-3.9,,,,,51.2,7.8,13.1,-3.5,-18.9,-4.2,,,,,2023-07
2023-07-26,6592,和潤企業,其他,進榜,準備,116.31,72.0,1.0,0,,-14.2,-3.1,-15.2,-3.9,,,,,117.1,0.7,-14.8,-3.5,-15.8,-4.2,,,,,2023-07
2023-07-26,3131,弘塑,其他電子類,觸發,等待後觸發,603.9,94.0,2.0,22,569.47,-13.9,-3.1,-29.3,-3.9,,,,,585.7,-3.0,-11.3,-3.5,-27.1,-4.2,,,,,2023-07
2023-07-26,3013,晟銘電,電子工業,移出,離高點太遠,50.57,97.0,,58,,,,,,,,,,,,,,,,,,,,2023-07
2023-07-26,6125,廣運,光電業,移出,離高點太遠,82.25,99.0,,37,,,,,,,,,,,,,,,,,,,,2023-07
2023-07-26,3563,牧德,光電業,移出,掉出掃描母體,191.79,72.0,,22,,,,,,,,,,,,,,,,,,,,2023-07
2023-07-26,3035,智原,半導體業,移出,離高點太遠,324.61,92.0,,15,,,,,,,,,,,,,,,,,,,,2023-07
2023-07-26,3587,閎康,其他電子類,移出,掉出掃描母體,223.34,71.0,,7,,,,,,,,,,,,,,,,,,,,2023-07
2023-07-26,8996,高力,電機機械,移出,離高點太遠,363.01,89.0,,5,,,,,,,,,,,,,,,,,,,,2023-07
2023-07-26,6841,長佳智能,生技醫療業,移出,突破失敗,124.26,77.0,,1,,,,,,,,,,,,,,,,,,,,2023-07
2023-07-27,6531,愛普*,半導體業,進榜,觸發,328.8,77.0,1.0,0,,-5.2,-3.9,10.9,-3.9,,,,,336.4,2.3,-7.4,-3.9,8.4,-4.1,,,,,2023-07
2023-07-27,6531,愛普*,半導體業,觸發,進榜即觸發,328.8,77.0,1.0,0,328.8,-5.2,-3.9,10.9,-3.9,,,,,336.4,2.3,-7.4,-3.9,8.4,-4.1,,,,,2023-07
2023-07-27,6535,順藥,生技醫療業,進榜,觸發,64.92,77.0,4.0,0,,-9.4,-3.9,-8.6,-3.9,,,,,71.4,10.0,-17.6,-3.9,-16.9,-4.1,,,,,2023-07
2023-07-27,6535,順藥,生技醫療業,觸發,進榜即觸發,64.92,77.0,4.0,0,64.92,-9.4,-3.9,-8.6,-3.9,,,,,71.4,10.0,-17.6,-3.9,-16.9,-4.1,,,,,2023-07
2023-07-27,5340,建榮,電子零組件業,進榜,觸發,61.8,73.0,3.0,0,,7.7,-3.9,-1.1,-3.9,,,,,67.7,9.6,-1.8,-3.9,-9.8,-4.1,,,,,2023-07
2023-07-27,5340,建榮,電子零組件業,觸發,進榜即觸發,61.8,73.0,3.0,0,61.8,7.7,-3.9,-1.1,-3.9,,,,,67.7,9.6,-1.8,-3.9,-9.8,-4.1,,,,,2023-07
2023-07-27,3163,波若威,通信網路業,進榜,準備,70.13,80.0,3.0,0,,11.2,-3.9,8.3,-3.9,,,,,70.1,0.0,11.2,-3.9,8.3,-4.1,,,,,2023-07
2023-07-27,6830,汎銓,其他電子業,進榜,準備,168.49,75.0,2.0,0,,-4.0,-3.9,-21.8,-3.9,,,,,167.1,-0.8,-3.1,-3.9,-21.1,-4.1,,,,,2023-07
2023-07-27,3029,零壹,資訊服務業,進榜,準備,59.43,74.0,2.0,0,,-10.9,-3.9,-9.0,-3.9,,,,,59.8,0.6,-11.4,-3.9,-9.5,-4.1,,,,,2023-07
2023-07-27,2480,敦陽科,資訊服務業,進榜,準備,110.22,72.0,1.0,0,,-12.1,-3.9,-11.7,-3.9,,,,,108.1,-1.9,-10.3,-3.9,-9.9,-4.1,,,,,2023-07
2023-07-27,1905,華紙,造紙工業,觸發,等待後觸發,31.5,78.0,2.0,56,27.84,-28.3,-3.9,-31.0,-3.9,,,,,33.5,6.3,-32.5,-3.9,-35.1,-4.1,,,,,2023-07
2023-07-27,6592,和潤企業,其他,移出,掉出掃描母體,116.31,72.0,,1,,,,,,,,,,,,,,,,,,,,2023-07
2023-07-27,8210,勤誠,電子工業,移出,離高點太遠,202.63,97.0,,58,,,,,,,,,,,,,,,,,,,,2023-07
2023-07-27,5474,聰泰,電腦及週邊設備業,移出,離高點太遠,145.88,91.0,,8,,,,,,,,,,,,,,,,,,,,2023-07
2023-07-27,8478,東哥遊艇,其他,移出,突破失敗,530.05,79.0,,1,,,,,,,,,,,,,,,,,,,,2023-07
2023-07-28,6231,系微,資訊服務業,進榜,觸發,124.09,79.0,4.0,0,,-9.5,-4.4,4.1,-4.8,,,,,136.3,9.8,-17.6,-4.8,-5.2,-5.1,,,,,2023-07
2023-07-28,6231,系微,資訊服務業,觸發,進榜即觸發,124.09,79.0,4.0,0,124.09,-9.5,-4.4,4.1,-4.8,,,,,136.3,9.8,-17.6,-4.8,-5.2,-5.1,,,,,2023-07
2023-07-28,3587,閎康,其他電子類,進榜,觸發,241.22,76.0,3.0,0,,15.6,-4.4,-14.1,-4.8,,,,,239.4,-0.8,16.5,-4.8,-13.4,-5.1,,,,,2023-07
2023-07-28,3587,閎康,其他電子類,觸發,進榜即觸發,241.22,76.0,3.0,0,241.22,15.6,-4.4,-14.1,-4.8,,,,,239.4,-0.8,16.5,-4.8,-13.4,-5.1,,,,,2023-07
2023-07-28,3689,湧德,電子零組件業,進榜,準備,55.93,85.0,2.0,0,,-6.4,-4.4,-19.5,-4.8,,,,,57.9,3.4,-9.6,-4.8,-22.2,-5.1,,,,,2023-07
2023-07-28,3056,富華新,建材營造,進榜,準備,23.29,73.0,2.0,0,,-24.1,-4.4,-28.5,-4.8,,,,,24.0,3.2,-26.5,-4.8,-30.7,-5.1,,,,,2023-07
2023-07-28,2357,華碩,電子工業,進榜,準備,334.97,70.0,1.0,0,,4.4,-4.4,-12.6,-4.8,,,,,344.5,2.8,1.5,-4.8,-15.0,-5.1,,,,,2023-07
2023-07-28,3265,台星科,半導體業,觸發,等待後觸發,81.09,86.0,2.0,22,67.18,-9.7,-4.4,-2.4,-4.8,,,,,81.4,0.3,-10.0,-4.8,-2.8,-5.1,,,,,2023-07
2023-07-28,3163,波若威,通信網路業,觸發,等待後觸發,77.12,86.0,3.0,1,70.54,-1.8,-4.4,-4.1,-4.8,,,,,83.3,8.0,-9.1,-4.8,-11.2,-5.1,,,,,2023-07
2023-07-28,2480,敦陽科,資訊服務業,移出,掉出掃描母體,110.22,72.0,,1,,,,,,,,,,,,,,,,,,,,2023-07
2023-07-28,2425,承啟,電子工業,移出,晚期未觸發,53.29,84.0,,7,,,,,,,,,,,,,,,,,,,,2023-07
2023-07-28,6112,邁達特,電子工業,移出,晚期未觸發,66.31,89.0,,3,,,,,,,,,,,,,,,,,,,,2023-07
2023-07-31,5388,中磊,電子工業,進榜,觸發,110.1,74.0,3.0,0,,-1.2,-3.9,-7.8,-4.6,,,,,112.8,2.5,-3.6,-4.1,-10.0,-4.7,,,,,2023-07
2023-07-31,5388,中磊,電子工業,觸發,進榜即觸發,110.1,74.0,3.0,0,110.1,-1.2,-3.9,-7.8,-4.6,,,,,112.8,2.5,-3.6,-4.1,-10.0,-4.7,,,,,2023-07
2023-07-31,3596,智易,通信網路業,進榜,觸發,127.08,72.0,2.0,0,,2.1,-3.9,6.6,-4.6,,,,,122.3,-3.8,6.1,-4.1,10.8,-4.7,,,,,2023-07
2023-07-31,3596,智易,通信網路業,觸發,進榜即觸發,127.08,72.0,2.0,0,127.08,2.1,-3.9,6.6,-4.6,,,,,122.3,-3.8,6.1,-4.1,10.8,-4.7,,,,,2023-07
2023-07-31,6218,豪勉,通信網路業,進榜,準備,37.28,87.0,3.0,0,,-28.7,-3.9,-39.1,-4.6,,,,,38.2,2.5,-30.4,-4.1,-40.6,-4.7,,,,,2023-07
2023-07-31,3088,艾訊,電腦及週邊設備業,觸發,等待後觸發,87.2,78.0,2.0,6,84.44,-11.6,-3.9,-18.6,-4.6,,,,,87.6,0.5,-12.0,-4.1,-19.0,-4.7,,,,,2023-07
2023-07-31,2357,華碩,電子工業,移出,掉出掃描母體,334.97,70.0,,3,,,,,,,,,,,,,,,,,,,,2023-07
2023-07-31,2376,技嘉,電子工業,移出,離高點太遠,279.06,98.0,,76,,,,,,,,,,,,,,,,,,,,2023-07
2023-07-31,3443,創意,半導體業,移出,離高點太遠,1588.37,91.0,,73,,,,,,,,,,,,,,,,,,,,2023-07
2023-07-31,6643,M31,半導體業,移出,離高點太遠,727.08,86.0,,66,,,,,,,,,,,,,,,,,,,,2023-07
2023-07-31,2323,中環,光電業,移出,離高點太遠,12.08,80.0,,61,,,,,,,,,,,,,,,,,,,,2023-07
2023-07-31,2399,映泰,電子工業,移出,逾期,25.15,81.0,,56,,,,,,,,,,,,,,,,,,,,2023-07
2023-07-31,3515,華擎,電子工業,移出,離高點太遠,229.07,86.0,,52,,,,,,,,,,,,,,,,,,,,2023-07
2023-07-31,6669,緯穎,電子工業,移出,離高點太遠,1652.87,92.0,,31,,,,,,,,,,,,,,,,,,,,2023-07
2023-07-31,6703,軒郁,生技醫療業,移出,離高點太遠,165.9,95.0,,24,,,,,,,,,,,,,,,,,,,,2023-07
2023-07-31,1612,宏泰,電器電纜,移出,掉出掃描母體,22.22,71.0,,20,,,,,,,,,,,,,,,,,,,,2023-07
2023-07-31,3037,欣興,電子工業,移出,掉出掃描母體,183.17,72.0,,13,,,,,,,,,,,,,,,,,,,,2023-07
2023-07-31,3661,世芯-KY,半導體業,移出,突破失敗,1941.92,92.0,,12,,,,,,,,,,,,,,,,,,,,2023-07
2023-07-31,3017,奇鋐,電子工業,移出,晚期未觸發,309.27,97.0,,11,,,,,,,,,,,,,,,,,,,,2023-07
2023-07-31,1504,東元,電機機械,移出,離高點太遠,48.2,78.0,,10,,,,,,,,,,,,,,,,,,,,2023-07
2023-07-31,6188,廣明,電腦及週邊設備業,移出,晚期未觸發,97.51,95.0,,7,,,,,,,,,,,,,,,,,,,,2023-07
2023-07-31,1618,合機,電器電纜,移出,晚期未觸發,25.46,82.0,,6,,,,,,,,,,,,,,,,,,,,2023-07
2023-07-31,2377,微星,電子工業,移出,掉出掃描母體,175.39,71.0,,6,,,,,,,,,,,,,,,,,,,,2023-07
2023-07-31,3306,鼎天,通信網路業,移出,離高點太遠,44.08,92.0,,5,,,,,,,,,,,,,,,,,,,,2023-07
2023-07-31,4979,華星光,通信網路業,移出,離高點太遠,172.3,100.0,,60,,,,,,,,,,,,,,,,,,,,2023-07
2023-07-31,5340,建榮,電子零組件業,移出,掉出掃描母體,67.93,79.0,,4,,,,,,,,,,,,,,,,,,,,2023-07
2023-08-01,3325,旭品,電腦及週邊設備業,進榜,準備,32.23,95.0,2.0,0,,-0.7,-3.2,-7.3,-4.5,,,,,34.0,5.6,-6.0,-3.2,-12.2,-4.5,,,,,2023-08
2023-08-01,3231,緯創,電子工業,移出,離高點太遠,122.95,100.0,,144,,,,,,,,,,,,,,,,,,,,2023-08
2023-08-01,3583,辛耘,半導體業,移出,離高點太遠,217.61,99.0,,67,,,,,,,,,,,,,,,,,,,,2023-08
2023-08-01,3032,偉訓,電子工業,移出,晚期未觸發,58.75,84.0,,28,,,,,,,,,,,,,,,,,,,,2023-08
2023-08-01,6187,萬潤,其他電子類,移出,離高點太遠,121.47,92.0,,26,,,,,,,,,,,,,,,,,,,,2023-08
2023-08-01,6274,台燿,電子零組件業,移出,離高點太遠,113.1,92.0,,21,,,,,,,,,,,,,,,,,,,,2023-08
2023-08-01,5234,達興材料,電子工業,移出,離高點太遠,122.22,83.0,,21,,,,,,,,,,,,,,,,,,,,2023-08
2023-08-01,2388,威盛,半導體業,移出,離高點太遠,120.94,82.0,,19,,,,,,,,,,,,,,,,,,,,2023-08
2023-08-01,2059,川湖,電子工業,移出,離高點太遠,838.31,93.0,,14,,,,,,,,,,,,,,,,,,,,2023-08
2023-08-01,3338,泰碩,電子工業,移出,離高點太遠,61.15,88.0,,14,,,,,,,,,,,,,,,,,,,,2023-08
2023-08-01,2421,建準,電子工業,移出,離高點太遠,116.62,99.0,,14,,,,,,,,,,,,,,,,,,,,2023-08
2023-08-01,8926,台汽電,油電燃氣業,移出,掉出掃描母體,44.03,70.0,,8,,,,,,,,,,,,,,,,,,,,2023-08
2023-08-01,8234,新漢,電腦及週邊設備業,移出,突破失敗,56.92,86.0,,7,,,,,,,,,,,,,,,,,,,,2023-08
2023-08-01,3596,智易,通信網路業,移出,掉出掃描母體,127.08,72.0,,1,,,,,,,,,,,,,,,,,,,,2023-08
2023-08-02,1608,華榮,電器電纜,進榜,準備,20.55,78.0,3.0,0,,-12.2,-1.8,-17.8,-4.2,,,,,18.5,-9.9,-2.6,-1.8,-8.8,-4.3,,,,,2023-08
2023-08-02,2382,廣達,電子工業,移出,離高點太遠,189.25,99.0,,78,,,,,,,,,,,,,,,,,,,,2023-08
2023-08-02,2486,一詮,光電業,移出,離高點太遠,42.11,89.0,,61,,,,,,,,,,,,,,,,,,,,2023-08
2023-08-02,2301,光寶科,電腦及週邊設備業,移出,離高點太遠,123.3,93.0,,58,,,,,,,,,,,,,,,,,,,,2023-08
2023-08-02,2356,英業達,電子工業,移出,離高點太遠,53.4,94.0,,54,,,,,,,,,,,,,,,,,,,,2023-08
2023-08-02,3483,力致,電腦及週邊設備業,移出,離高點太遠,101.65,97.0,,33,,,,,,,,,,,,,,,,,,,,2023-08
2023-08-02,3131,弘塑,其他電子類,移出,離高點太遠,528.29,94.0,,29,,,,,,,,,,,,,,,,,,,,2023-08
2023-08-02,4763,材料*-KY,化學工業,移出,離高點太遠,59.72,98.0,,28,,,,,,,,,,,,,,,,,,,,2023-08
2023-08-02,2329,華泰,半導體業,移出,離高點太遠,40.56,97.0,,28,,,,,,,,,,,,,,,,,,,,2023-08
2023-08-02,6579,研揚,電子工業,移出,離高點太遠,163.79,94.0,,20,,,,,,,,,,,,,,,,,,,,2023-08
2023-08-02,6223,旺矽,半導體業,移出,離高點太遠,181.75,80.0,,20,,,,,,,,,,,,,,,,,,,,2023-08
2023-08-02,1519,華城,電機機械,移出,離高點太遠,148.26,100.0,,19,,,,,,,,,,,,,,,,,,,,2023-08
2023-08-02,5258,虹堡,電子工業,移出,離高點太遠,106.53,83.0,,19,,,,,,,,,,,,,,,,,,,,2023-08
2023-08-02,6811,宏碁資訊,資訊服務業,移出,離高點太遠,290.86,90.0,,14,,,,,,,,,,,,,,,,,,,,2023-08
2023-08-02,6472,保瑞,生技醫療業,移出,離高點太遠,527.79,88.0,,14,,,,,,,,,,,,,,,,,,,,2023-08
2023-08-02,4953,緯致,資訊服務業,移出,離高點太遠,126.0,73.0,,13,,,,,,,,,,,,,,,,,,,,2023-08
2023-08-02,6679,鈺太,半導體業,移出,掉出掃描母體,358.43,73.0,,12,,,,,,,,,,,,,,,,,,,,2023-08
2023-08-02,6535,順藥,生技醫療業,移出,離高點太遠,60.53,73.0,,6,,,,,,,,,,,,,,,,,,,,2023-08
2023-08-02,3163,波若威,通信網路業,移出,離高點太遠,71.59,88.0,,6,,,,,,,,,,,,,,,,,,,,2023-08
2023-08-02,6218,豪勉,通信網路業,移出,離高點太遠,30.24,76.0,,2,,,,,,,,,,,,,,,,,,,,2023-08
2023-08-04,6605,帝寶,汽車工業,進榜,準備,101.63,71.0,2.0,0,,5.7,-1.8,13.5,-4.3,,,,,102.1,0.4,5.2,-1.8,13.0,-4.3,,,,,2023-08
2023-08-04,1608,華榮,電器電纜,移出,掉出掃描母體,20.55,78.0,,2,,,,,,,,,,,,,,,,,,,,2023-08
2023-08-04,3056,富華新,建材營造,移出,掉出掃描母體,21.32,72.0,,7,,,,,,,,,,,,,,,,,,,,2023-08
2023-08-04,3325,旭品,電腦及週邊設備業,移出,離高點太遠,28.78,93.0,,3,,,,,,,,,,,,,,,,,,,,2023-08
2023-08-07,8027,鈦昇,電機機械,進榜,觸發,74.61,75.0,2.0,0,,-7.9,-1.7,-15.2,-4.0,,,,,78.4,5.1,-12.3,-1.7,-19.3,-4.1,,,,,2023-08
2023-08-07,8027,鈦昇,電機機械,觸發,進榜即觸發,74.61,75.0,2.0,0,74.61,-7.9,-1.7,-15.2,-4.0,,,,,78.4,5.1,-12.3,-1.7,-19.3,-4.1,,,,,2023-08
2023-08-07,8081,致新,半導體業,進榜,準備,185.04,71.0,1.0,0,,8.2,-1.7,18.0,-4.0,,,,,185.5,0.2,8.0,-1.7,17.7,-4.1,,,,,2023-08
2023-08-07,1905,華紙,造紙工業,移出,離高點太遠,28.3,73.0,,67,,,,,,,,,,,,,,,,,,,,2023-08
2023-08-07,6538,倉和,電子零組件業,移出,離高點太遠,127.64,86.0,,34,,,,,,,,,,,,,,,,,,,,2023-08
2023-08-08,6412,群電,電子工業,進榜,觸發,106.28,82.0,1.0,0,,5.4,-0.8,-1.2,-3.1,,,,,103.6,-2.5,8.1,-0.7,1.3,-3.0,,,,,2023-08
2023-08-08,6412,群電,電子工業,觸發,進榜即觸發,106.28,82.0,1.0,0,106.28,5.4,-0.8,-1.2,-3.1,,,,,103.6,-2.5,8.1,-0.7,1.3,-3.0,,,,,2023-08
2023-08-08,2329,華泰,半導體業,進榜,準備,47.51,98.0,2.0,0,,-11.0,-0.8,-12.7,-3.1,,,,,43.9,-7.5,-3.7,-0.7,-5.7,-3.0,,,,,2023-08
2023-08-08,3038,全台,光電業,進榜,準備,33.21,84.0,2.0,0,,-13.3,-0.8,-22.8,-3.1,,,,,33.2,0.0,-13.3,-0.7,-22.8,-3.0,,,,,2023-08
2023-08-08,1477,聚陽,紡織纖維,進榜,準備,257.52,73.0,2.0,0,,9.4,-0.8,21.7,-3.1,,,,,255.1,-1.0,10.5,-0.7,22.9,-3.0,,,,,2023-08
2023-08-08,1609,大亞,電器電纜,移出,掉出掃描母體,32.71,77.0,,98,,,,,,,,,,,,,,,,,,,,2023-08
2023-08-08,6231,系微,資訊服務業,移出,離高點太遠,114.24,76.0,,11,,,,,,,,,,,,,,,,,,,,2023-08
2023-08-08,5388,中磊,電子工業,移出,掉出掃描母體,104.23,72.0,,8,,,,,,,,,,,,,,,,,,,,2023-08
2023-08-09,3032,偉訓,電子工業,進榜,準備,66.06,93.0,3.0,0,,-13.7,-0.6,-5.3,-2.1,,,,,64.9,-1.8,-12.1,-0.5,-3.6,-2.0,,,,,2023-08
2023-08-09,2204,中華,汽車工業,進榜,準備,78.36,76.0,2.0,0,,14.5,-0.6,-0.2,-2.1,,,,,77.8,-0.7,15.3,-0.5,0.5,-2.0,,,,,2023-08
2023-08-09,3363,上詮,通信網路業,移出,離高點太遠,59.87,96.0,,36,,,,,,,,,,,,,,,,,,,,2023-08
2023-08-09,3362,先進光,光電業,移出,離高點太遠,131.75,86.0,,29,,,,,,,,,,,,,,,,,,,,2023-08
2023-08-10,6412,群電,電子工業,移出,突破失敗,95.74,79.0,,2,,,,,,,,,,,,,,,,,,,,2023-08
2023-08-10,3032,偉訓,電子工業,移出,晚期未觸發,59.49,91.0,,1,,,,,,,,,,,,,,,,,,,,2023-08
2023-08-10,3014,聯陽,半導體業,移出,離高點太遠,113.76,85.0,,93,,,,,,,,,,,,,,,,,,,,2023-08
2023-08-10,3217,優群,電子零組件業,移出,掉出掃描母體,112.33,74.0,,27,,,,,,,,,,,,,,,,,,,,2023-08
2023-08-10,2340,台亞,光電業,移出,離高點太遠,48.53,72.0,,24,,,,,,,,,,,,,,,,,,,,2023-08
2023-08-10,6830,汎銓,其他電子業,移出,掉出掃描母體,168.97,71.0,,14,,,,,,,,,,,,,,,,,,,,2023-08
2023-08-10,6531,愛普*,半導體業,移出,掉出掃描母體,328.8,76.0,,14,,,,,,,,,,,,,,,,,,,,2023-08
2023-08-10,8027,鈦昇,電機機械,移出,離高點太遠,66.75,75.0,,3,,,,,,,,,,,,,,,,,,,,2023-08
2023-08-10,3038,全台,光電業,移出,掉出掃描母體,31.59,82.0,,2,,,,,,,,,,,,,,,,,,,,2023-08
2023-08-11,2363,矽統,半導體業,進榜,觸發,33.82,76.0,1.0,0,,57.5,0.1,104.2,-0.5,,,,,33.8,0.0,57.5,0.4,104.2,-0.3,,,,,2023-08
2023-08-11,2363,矽統,半導體業,觸發,進榜即觸發,33.82,76.0,1.0,0,33.82,57.5,0.1,104.2,-0.5,,,,,33.8,0.0,57.5,0.4,104.2,-0.3,,,,,2023-08
2023-08-11,8112,至上,電子工業,進榜,準備,41.5,71.0,1.0,0,,3.1,0.1,10.8,-0.5,,,,,41.7,0.6,2.5,0.4,10.1,-0.3,,,,,2023-08
2023-08-11,2204,中華,汽車工業,移出,掉出掃描母體,77.79,80.0,,2,,,,,,,,,,,,,,,,,,,,2023-08
2023-08-11,9958,世紀鋼,鋼鐵工業,移出,離高點太遠,130.79,73.0,,22,,,,,,,,,,,,,,,,,,,,2023-08
2023-08-11,3088,艾訊,電腦及週邊設備業,移出,突破失敗,76.55,79.0,,17,,,,,,,,,,,,,,,,,,,,2023-08
2023-08-14,5439,高技,電子零組件業,移出,離高點太遠,90.55,88.0,,31,,,,,,,,,,,,,,,,,,,,2023-08
2023-08-14,6214,精誠,資訊服務業,移出,掉出掃描母體,95.91,75.0,,24,,,,,,,,,,,,,,,,,,,,2023-08
2023-08-14,5511,德昌,建材營造,移出,掉出掃描母體,52.82,96.0,,20,,,,,,,,,,,,,,,,,,,,2023-08
2023-08-14,3029,零壹,資訊服務業,移出,掉出掃描母體,55.76,73.0,,18,,,,,,,,,,,,,,,,,,,,2023-08
2023-08-15,6664,群翊,電子零組件業,進榜,觸發,143.63,86.0,4.0,0,,0.0,0.7,3.8,0.0,,,,,147.3,2.5,-2.5,1.3,1.2,0.3,,,,,2023-08
2023-08-15,6664,群翊,電子零組件業,觸發,進榜即觸發,143.63,86.0,4.0,0,143.63,0.0,0.7,3.8,0.0,,,,,147.3,2.5,-2.5,1.3,1.2,0.3,,,,,2023-08
2023-08-15,5469,瀚宇博,電子零組件業,進榜,準備,50.35,83.0,1.0,0,,13.2,0.7,2.1,0.0,,,,,49.7,-1.3,14.8,1.3,3.5,0.3,,,,,2023-08
2023-08-15,2324,仁寶,電子工業,進榜,準備,32.18,81.0,2.0,0,,-12.4,0.7,-16.9,0.0,,,,,31.3,-2.7,-10.0,1.3,-14.6,0.3,,,,,2023-08
2023-08-15,1319,東陽,汽車工業,進榜,準備,54.1,74.0,1.0,0,,18.7,0.7,26.8,0.0,,,,,54.0,-0.2,18.9,1.3,27.0,0.3,,,,,2023-08
2023-08-16,2382,廣達,電子工業,進榜,準備,239.34,99.0,2.0,0,,-15.4,1.6,-23.7,0.0,,,,,234.0,-2.2,-13.4,1.9,-22.0,0.2,,,,,2023-08
2023-08-16,3306,鼎天,通信網路業,進榜,準備,50.78,97.0,2.0,0,,-11.2,1.6,-6.3,0.0,,,,,50.3,-0.9,-10.4,1.9,-5.5,0.2,,,,,2023-08
2023-08-16,6122,擎邦,電機機械,進榜,準備,34.54,94.0,2.0,0,,27.0,1.6,46.2,0.0,,,,,34.2,-1.0,28.3,1.9,47.6,0.2,,,,,2023-08
2023-08-16,8050,廣積,電腦及週邊設備業,進榜,準備,94.03,80.0,2.0,0,,-4.1,1.6,-26.3,0.0,,,,,93.6,-0.5,-3.7,1.9,-26.0,0.2,,,,,2023-08
2023-08-16,2357,華碩,電子工業,進榜,準備,336.26,77.0,1.0,0,,-5.1,1.6,-7.6,0.0,,,,,333.2,-0.9,-4.3,1.9,-6.7,0.2,,,,,2023-08
2023-08-16,5469,瀚宇博,電子零組件業,觸發,等待後觸發,50.64,83.0,1.0,1,51.07,14.5,1.6,1.0,0.0,,,,,50.2,-1.0,15.6,1.9,1.9,0.2,,,,,2023-08
2023-08-17,2368,金像電,電子零組件業,進榜,觸發,196.99,97.0,5.0,0,,-3.4,1.3,12.3,-0.3,,,,,197.9,0.5,-3.9,1.6,11.8,-0.2,,,,,2023-08
2023-08-17,2368,金像電,電子零組件業,觸發,進榜即觸發,196.99,97.0,5.0,0,196.99,-3.4,1.3,12.3,-0.3,,,,,197.9,0.5,-3.9,1.6,11.8,-0.2,,,,,2023-08
2023-08-17,3078,僑威,電子零組件業,進榜,觸發,71.01,97.0,4.0,0,,-7.7,1.3,-4.6,-0.3,,,,,71.4,0.6,-8.2,1.6,-5.1,-0.2,,,,,2023-08
2023-08-17,3078,僑威,電子零組件業,觸發,進榜即觸發,71.01,97.0,4.0,0,71.01,-7.7,1.3,-4.6,-0.3,,,,,71.4,0.6,-8.2,1.6,-5.1,-0.2,,,,,2023-08
2023-08-17,3362,先進光,光電業,進榜,觸發,159.77,91.0,4.0,0,,-3.1,1.3,-14.2,-0.3,,,,,162.2,1.5,-4.5,1.6,-15.5,-0.2,,,,,2023-08
2023-08-17,3362,先進光,光電業,觸發,進榜即觸發,159.77,91.0,4.0,0,159.77,-3.1,1.3,-14.2,-0.3,,,,,162.2,1.5,-4.5,1.6,-15.5,-0.2,,,,,2023-08
2023-08-17,2486,一詮,光電業,進榜,準備,46.63,92.0,3.0,0,,10.9,1.3,-3.1,-0.3,,,,,46.3,-0.7,11.8,1.6,-2.4,-0.2,,,,,2023-08
2023-08-17,2353,宏碁,電子工業,進榜,準備,34.32,79.0,2.0,0,,-1.9,1.3,-9.1,-0.3,,,,,34.6,0.9,-2.8,1.6,-9.9,-0.2,,,,,2023-08
2023-08-17,2371,大同,電機機械,進榜,準備,50.02,78.0,2.0,0,,-14.8,1.3,-30.5,-0.3,,,,,50.1,0.2,-14.9,1.6,-30.6,-0.2,,,,,2023-08
2023-08-17,2345,智邦,通信網路業,進榜,準備,386.94,77.0,3.0,0,,19.7,1.3,30.0,-0.3,,,,,388.9,0.5,19.1,1.6,29.4,-0.2,,,,,2023-08
2023-08-17,2729,瓦城,觀光事業,進榜,準備,215.75,75.0,3.0,0,,-7.8,1.3,-21.5,-0.3,,,,,215.0,-0.3,-7.5,1.6,-21.2,-0.2,,,,,2023-08
2023-08-17,2332,友訊,通信網路業,進榜,準備,22.16,73.0,3.0,0,,-7.6,1.3,-18.5,-0.3,,,,,22.1,-0.2,-7.4,1.6,-18.3,-0.2,,,,,2023-08
2023-08-17,3005,神基,電子工業,進榜,準備,60.69,72.0,2.0,0,,7.4,1.3,15.8,-0.3,,,,,61.1,0.7,6.7,1.6,14.9,-0.2,,,,,2023-08
2023-08-17,3306,鼎天,通信網路業,觸發,等待後觸發,55.86,98.0,2.0,1,52.01,-14.8,1.3,-12.9,-0.3,,,,,61.4,9.9,-22.5,1.6,-20.8,-0.2,,,,,2023-08
2023-08-18,3308,聯德,電子零組件業,進榜,觸發,54.69,98.0,3.0,0,,13.6,1.9,-24.6,0.4,,,,,57.4,5.0,8.2,1.8,-28.2,0.3,,,,,2023-08
2023-08-18,3308,聯德,電子零組件業,觸發,進榜即觸發,54.69,98.0,3.0,0,54.69,13.6,1.9,-24.6,0.4,,,,,57.4,5.0,8.2,1.8,-28.2,0.3,,,,,2023-08
2023-08-21,1519,華城,電機機械,進榜,觸發,182.33,100.0,5.0,0,,-2.0,1.8,11.3,0.7,,,,,189.9,4.2,-5.9,1.6,6.9,0.4,,,,,2023-08
2023-08-21,1519,華城,電機機械,觸發,進榜即觸發,182.33,100.0,5.0,0,182.33,-2.0,1.8,11.3,0.7,,,,,189.9,4.2,-5.9,1.6,6.9,0.4,,,,,2023-08
2023-08-21,2421,建準,電子工業,進榜,準備,135.46,99.0,3.0,0,,-26.8,1.8,-33.1,0.7,,,,,139.0,2.6,-28.7,1.6,-34.8,0.4,,,,,2023-08
2023-08-21,3051,力特,電子工業,進榜,準備,30.66,93.0,1.0,0,,-19.2,1.8,-7.7,0.7,,,,,30.7,0.1,-19.3,1.6,-7.8,0.4,,,,,2023-08
2023-08-21,3596,智易,通信網路業,進榜,準備,125.33,75.0,3.0,0,,23.1,1.8,19.6,0.7,,,,,125.8,0.3,22.6,1.6,19.2,0.4,,,,,2023-08
2023-08-21,2211,長榮鋼,鋼鐵工業,進榜,準備,58.78,72.0,3.0,0,,-1.8,1.8,4.5,0.7,,,,,58.0,-1.3,-0.6,1.6,5.9,0.4,,,,,2023-08
2023-08-21,2345,智邦,通信網路業,觸發,等待後觸發,434.46,86.0,3.0,4,395.59,9.1,1.8,16.0,0.7,,,,,446.0,2.7,6.2,1.6,13.0,0.4,,,,,2023-08
2023-08-21,2729,瓦城,觀光事業,移出,掉出掃描母體,212.83,74.0,,4,,,,,,,,,,,,,,,,,,,,2023-08
2023-08-21,6691,洋基工程,其他電子業,移出,掉出掃描母體,162.63,79.0,,75,,,,,,,,,,,,,,,,,,,,2023-08
2023-08-21,2371,大同,電機機械,移出,掉出掃描母體,48.49,78.0,,4,,,,,,,,,,,,,,,,,,,,2023-08
2023-08-22,3661,世芯-KY,半導體業,進榜,準備,2322.49,96.0,3.0,0,,10.0,1.8,36.4,1.4,,,,,2322.5,0.0,10.0,1.9,36.4,1.3,,,,,2023-08
2023-08-22,6122,擎邦,電機機械,移出,掉出掃描母體,34.05,93.0,,6,,,,,,,,,,,,,,,,,,,,2023-08
2023-08-23,2449,京元電子,半導體業,觸發,等待後觸發,67.67,91.0,1.0,42,52.69,1.1,1.1,9.3,1.7,,,,,74.3,9.9,-8.0,0.9,-0.5,1.3,,,,,2023-08
2023-08-23,3689,湧德,電子零組件業,移出,離高點太遠,54.59,88.0,,26,,,,,,,,,,,,,,,,,,,,2023-08
2023-08-23,3078,僑威,電子零組件業,移出,突破失敗,65.27,95.0,,6,,,,,,,,,,,,,,,,,,,,2023-08
2023-08-23,3051,力特,電子工業,移出,離高點太遠,29.33,91.0,,2,,,,,,,,,,,,,,,,,,,,2023-08
2023-08-24,2331,精英,電子工業,進榜,觸發,33.65,83.0,5.0,0,,-18.2,0.4,-17.2,2.1,,,,,33.7,0.3,-18.4,0.6,-17.4,2.3,,,,,2023-08
2023-08-24,2331,精英,電子工業,觸發,進榜即觸發,33.65,83.0,5.0,0,33.65,-18.2,0.4,-17.2,2.1,,,,,33.7,0.3,-18.4,0.6,-17.4,2.3,,,,,2023-08
2023-08-24,6829,千附精密,電機機械,進榜,觸發,126.63,80.0,2.0,0,,-19.2,0.4,-25.0,2.1,,,,,131.7,4.0,-22.3,0.6,-27.9,2.3,,,,,2023-08
2023-08-24,6829,千附精密,電機機械,觸發,進榜即觸發,126.63,80.0,2.0,0,126.63,-19.2,0.4,-25.0,2.1,,,,,131.7,4.0,-22.3,0.6,-27.9,2.3,,,,,2023-08
2023-08-24,3017,奇鋐,電子工業,進榜,準備,371.7,98.0,3.0,0,,-26.7,0.4,-14.4,2.1,,,,,352.7,-5.1,-22.8,0.6,-9.8,2.3,,,,,2023-08
2023-08-24,6538,倉和,電子零組件業,進榜,準備,156.11,93.0,2.0,0,,-9.1,0.4,-15.1,2.1,,,,,157.9,1.1,-10.1,0.6,-16.1,2.3,,,,,2023-08
2023-08-24,2634,漢翔,航運業,進榜,準備,57.04,77.0,2.0,0,,-9.6,0.4,-17.6,2.1,,,,,57.6,1.0,-10.5,0.6,-18.4,2.3,,,,,2023-08
2023-08-24,2211,長榮鋼,鋼鐵工業,移出,掉出掃描母體,57.03,70.0,,3,,,,,,,,,,,,,,,,,,,,2023-08
2023-08-25,4906,正文,通信網路業,進榜,準備,33.6,73.0,3.0,0,,-3.9,0.5,-7.6,2.2,,,,,34.8,3.5,-7.1,0.4,-10.7,2.2,,,,,2023-08
2023-08-25,2486,一詮,光電業,移出,掉出掃描母體,47.41,92.0,,8,,,,,,,,,,,,,,,,,,,,2023-08
2023-08-25,8050,廣積,電腦及週邊設備業,移出,掉出掃描母體,86.69,71.0,,9,,,,,,,,,,,,,,,,,,,,2023-08
2023-08-28,1471,首利,電子工業,進榜,觸發,20.65,98.0,4.0,0,,-8.0,1.4,-3.4,3.0,,,,,20.4,-1.2,-6.9,1.2,-2.2,2.9,,,,,2023-08
2023-08-28,1471,首利,電子工業,觸發,進榜即觸發,20.65,98.0,4.0,0,20.65,-8.0,1.4,-3.4,3.0,,,,,20.4,-1.2,-6.9,1.2,-2.2,2.9,,,,,2023-08
2023-08-28,3005,神基,電子工業,移出,掉出掃描母體,61.12,74.0,,11,,,,,,,,,,,,,,,,,,,,2023-08
2023-08-28,6203,海韻電,電子零組件業,移出,掉出掃描母體,83.41,88.0,,34,,,,,,,,,,,,,,,,,,,,2023-08
2023-08-28,6605,帝寶,汽車工業,移出,掉出掃描母體,104.73,73.0,,24,,,,,,,,,,,,,,,,,,,,2023-08
2023-08-28,2329,華泰,半導體業,移出,離高點太遠,40.71,97.0,,20,,,,,,,,,,,,,,,,,,,,2023-08
2023-08-28,2382,廣達,電子工業,移出,離高點太遠,210.97,99.0,,12,,,,,,,,,,,,,,,,,,,,2023-08
2023-08-28,2421,建準,電子工業,移出,離高點太遠,118.86,98.0,,7,,,,,,,,,,,,,,,,,,,,2023-08
2023-08-28,3017,奇鋐,電子工業,移出,晚期未觸發,329.37,97.0,,4,,,,,,,,,,,,,,,,,,,,2023-08
2023-08-29,2436,偉詮電,半導體業,進榜,觸發,61.72,73.0,1.0,0,,0.4,0.4,14.7,2.4,,,,,64.1,3.9,-3.3,0.2,10.4,2.2,,,,,2023-08
2023-08-29,2436,偉詮電,半導體業,觸發,進榜即觸發,61.72,73.0,1.0,0,61.72,0.4,0.4,14.7,2.4,,,,,64.1,3.9,-3.3,0.2,10.4,2.2,,,,,2023-08
2023-08-29,2455,全新,通信網路業,進榜,準備,127.9,83.0,1.0,0,,8.2,0.4,31.3,2.4,,,,,134.6,5.2,2.8,0.2,24.8,2.2,,,,,2023-08
2023-08-29,2645,長榮航太,航運業,進榜,準備,116.42,75.0,3.0,0,,-18.1,0.4,-18.9,2.4,,,,,116.9,0.4,-18.5,0.2,-19.2,2.2,,,,,2023-08
2023-08-29,2360,致茂,其他電子業,移出,逾期,266.59,78.0,,56,,,,,,,,,,,,,,,,,,,,2023-08
2023-08-30,3011,今皓,電子工業,進榜,觸發,40.9,92.0,4.0,0,,-10.4,-0.1,-11.1,1.6,,,,,42.0,2.7,-12.7,-0.2,-13.5,1.6,,,,,2023-08
2023-08-30,3011,今皓,電子工業,觸發,進榜即觸發,40.9,92.0,4.0,0,40.9,-10.4,-0.1,-11.1,1.6,,,,,42.0,2.7,-12.7,-0.2,-13.5,1.6,,,,,2023-08
2023-08-30,6213,聯茂,電子工業,進榜,觸發,92.42,72.0,1.0,0,,-7.2,-0.1,-11.3,1.6,,,,,91.6,-0.9,-6.3,-0.2,-10.5,1.6,,,,,2023-08
2023-08-30,6213,聯茂,電子工業,觸發,進榜即觸發,92.42,72.0,1.0,0,92.42,-7.2,-0.1,-11.3,1.6,,,,,91.6,-0.9,-6.3,-0.2,-10.5,1.6,,,,,2023-08
2023-08-30,9958,世紀鋼,鋼鐵工業,進榜,準備,143.55,81.0,2.0,0,,16.6,-0.1,6.0,1.6,,,,,144.9,1.0,15.5,-0.2,5.0,1.6,,,,,2023-08
2023-08-30,5388,中磊,電子工業,進榜,準備,108.3,78.0,3.0,0,,2.5,-0.1,-0.4,1.6,,,,,108.7,0.4,2.1,-0.2,-0.8,1.6,,,,,2023-08
2023-08-30,2355,敬鵬,電子工業,進榜,準備,35.15,70.0,1.0,0,,0.0,-0.1,22.4,1.6,,,,,35.8,1.9,-1.9,-0.2,20.1,1.6,,,,,2023-08
2023-08-30,2455,全新,通信網路業,觸發,等待後觸發,140.31,88.0,1.0,1,129.34,-2.4,-0.1,11.6,1.6,,,,,140.3,0.0,-2.4,-0.2,11.6,1.6,,,,,2023-08
2023-08-31,2485,兆赫,通信網路業,進榜,觸發,28.9,85.0,4.0,0,,-16.3,-0.2,-19.2,1.9,,,,,29.2,1.0,-17.1,-0.3,-20.0,1.9,,,,,2023-08
2023-08-31,2485,兆赫,通信網路業,觸發,進榜即觸發,28.9,85.0,4.0,0,28.9,-16.3,-0.2,-19.2,1.9,,,,,29.2,1.0,-17.1,-0.3,-20.0,1.9,,,,,2023-08
2023-08-31,6122,擎邦,電機機械,進榜,準備,36.88,95.0,2.0,0,,-0.6,-0.2,56.7,1.9,,,,,36.7,-0.5,-0.1,-0.3,57.6,1.9,,,,,2023-08
2023-08-31,3217,優群,電子零組件業,進榜,準備,116.61,79.0,3.0,0,,-1.8,-0.2,23.5,1.9,,,,,115.8,-0.7,-1.1,-0.3,24.4,1.9,,,,,2023-08
2023-08-31,1603,華電,電器電纜,進榜,準備,32.44,78.0,1.0,0,,-2.8,-0.2,4.0,1.9,,,,,32.4,0.0,-2.8,-0.3,4.0,1.9,,,,,2023-08
2023-08-31,3005,神基,電子工業,進榜,準備,61.21,73.0,2.0,0,,10.2,-0.2,40.9,1.9,,,,,61.7,0.9,9.3,-0.3,39.7,1.9,,,,,2023-08
2023-08-31,6679,鈺太,半導體業,進榜,準備,350.58,72.0,1.0,0,,-10.9,-0.2,0.5,1.9,,,,,352.0,0.4,-11.3,-0.3,0.1,1.9,,,,,2023-08
2023-08-31,2324,仁寶,電子工業,移出,掉出掃描母體,29.58,72.0,,16,,,,,,,,,,,,,,,,,,,,2023-08
2023-09-01,3548,兆利,電子零組件業,進榜,觸發,95.74,86.0,2.0,0,,40.4,-0.2,138.0,1.7,,,,,94.8,-1.0,41.7,-0.3,140.3,1.8,,,,,2023-09
2023-09-01,3548,兆利,電子零組件業,觸發,進榜即觸發,95.74,86.0,2.0,0,95.74,40.4,-0.2,138.0,1.7,,,,,94.8,-1.0,41.7,-0.3,140.3,1.8,,,,,2023-09
2023-09-01,2204,中華,汽車工業,進榜,觸發,81.59,83.0,2.0,0,,-3.3,-0.2,3.9,1.7,,,,,84.7,3.9,-6.9,-0.3,0.0,1.8,,,,,2023-09
2023-09-01,2204,中華,汽車工業,觸發,進榜即觸發,81.59,83.0,2.0,0,81.59,-3.3,-0.2,3.9,1.7,,,,,84.7,3.9,-6.9,-0.3,0.0,1.8,,,,,2023-09
2023-09-01,2211,長榮鋼,鋼鐵工業,進榜,準備,57.61,72.0,3.0,0,,3.0,-0.2,16.5,1.7,,,,,57.9,0.4,2.6,-0.3,16.0,1.8,,,,,2023-09
2023-09-01,2355,敬鵬,電子工業,移出,掉出掃描母體,35.2,71.0,,2,,,,,,,,,,,,,,,,,,,,2023-09
2023-09-01,6679,鈺太,半導體業,移出,掉出掃描母體,350.58,72.0,,1,,,,,,,,,,,,,,,,,,,,2023-09
2023-09-01,1471,首利,電子工業,移出,離高點太遠,17.8,96.0,,4,,,,,,,,,,,,,,,,,,,,2023-09
2023-09-04,3014,聯陽,半導體業,進榜,觸發,127.66,88.0,2.0,0,,5.0,-0.8,3.3,1.8,,,,,126.8,-0.7,5.6,-0.8,4.0,1.9,,,,,2023-09
2023-09-04,3014,聯陽,半導體業,觸發,進榜即觸發,127.66,88.0,2.0,0,127.66,5.0,-0.8,3.3,1.8,,,,,126.8,-0.7,5.6,-0.8,4.0,1.9,,,,,2023-09
2023-09-04,8086,宏捷科,半導體業,進榜,觸發,106.28,75.0,1.0,0,,-1.4,-0.8,26.4,1.8,,,,,108.2,1.8,-3.1,-0.8,24.1,1.9,,,,,2023-09
2023-09-04,8086,宏捷科,半導體業,觸發,進榜即觸發,106.28,75.0,1.0,0,106.28,-1.4,-0.8,26.4,1.8,,,,,108.2,1.8,-3.1,-0.8,24.1,1.9,,,,,2023-09
2023-09-04,6679,鈺太,半導體業,進榜,準備,353.35,74.0,1.0,0,,-11.1,-0.8,3.9,1.8,,,,,353.4,0.0,-11.1,-0.8,3.9,1.9,,,,,2023-09
2023-09-04,6122,擎邦,電機機械,觸發,等待後觸發,44.11,98.0,2.0,4,36.92,-18.5,-0.8,29.2,1.8,,,,,44.5,0.9,-19.3,-0.8,28.1,1.9,,,,,2023-09
2023-09-04,3217,優群,電子零組件業,觸發,等待後觸發,120.47,82.0,3.0,4,118.33,-1.8,-0.8,21.0,1.8,,,,,120.5,0.0,-1.8,-0.8,21.0,1.9,,,,,2023-09
2023-09-04,3005,神基,電子工業,移出,掉出掃描母體,61.56,72.0,,4,,,,,,,,,,,,,,,,,,,,2023-09
2023-09-04,2332,友訊,通信網路業,移出,掉出掃描母體,23.85,74.0,,18,,,,,,,,,,,,,,,,,,,,2023-09
2023-09-04,6213,聯茂,電子工業,移出,掉出掃描母體,92.61,75.0,,5,,,,,,,,,,,,,,,,,,,,2023-09
2023-09-04,1603,華電,電器電纜,移出,掉出掃描母體,32.35,79.0,,4,,,,,,,,,,,,,,,,,,,,2023-09
2023-09-05,6274,台燿,電子零組件業,進榜,觸發,130.64,97.0,3.0,0,,4.9,-1.6,-13.8,2.0,,,,,132.0,1.1,3.8,-1.6,-14.7,2.0,,,,,2023-09
2023-09-05,6274,台燿,電子零組件業,觸發,進榜即觸發,130.64,97.0,3.0,0,130.64,4.9,-1.6,-13.8,2.0,,,,,132.0,1.1,3.8,-1.6,-14.7,2.0,,,,,2023-09
2023-09-05,2401,凌陽,半導體業,進榜,觸發,35.1,78.0,1.0,0,,-15.8,-1.6,1.9,2.0,,,,,34.8,-0.9,-15.1,-1.6,2.7,2.0,,,,,2023-09
2023-09-05,2401,凌陽,半導體業,觸發,進榜即觸發,35.1,78.0,1.0,0,35.1,-15.8,-1.6,1.9,2.0,,,,,34.8,-0.9,-15.1,-1.6,2.7,2.0,,,,,2023-09
2023-09-05,3324,雙鴻,其他電子類,進榜,準備,308.87,89.0,3.0,0,,0.3,-1.6,11.4,2.0,,,,,311.3,0.8,-0.5,-1.6,10.5,2.0,,,,,2023-09
2023-09-05,3257,虹冠電,半導體業,進榜,準備,79.53,88.0,2.0,0,,-16.9,-1.6,-13.8,2.0,,,,,79.5,0.0,-16.9,-1.6,-13.8,2.0,,,,,2023-09
2023-09-05,6412,群電,電子工業,進榜,準備,111.99,86.0,2.0,0,,-9.0,-1.6,12.5,2.0,,,,,112.0,0.0,-9.0,-1.6,12.5,2.0,,,,,2023-09
2023-09-05,6214,精誠,資訊服務業,進榜,準備,97.66,76.0,2.0,0,,-4.9,-1.6,-3.6,2.0,,,,,97.7,0.0,-4.9,-1.6,-3.6,2.0,,,,,2023-09
2023-09-05,2458,義隆,半導體業,進榜,準備,113.06,73.0,1.0,0,,3.0,-1.6,14.3,2.0,,,,,111.8,-1.1,4.2,-1.6,15.6,2.0,,,,,2023-09
2023-09-05,8016,矽創,半導體業,進榜,準備,241.83,71.0,2.0,0,,0.9,-1.6,4.7,2.0,,,,,242.3,0.2,0.7,-1.6,4.5,2.0,,,,,2023-09
2023-09-05,2331,精英,電子工業,移出,離高點太遠,33.6,81.0,,12,,,,,,,,,,,,,,,,,,,,2023-09
2023-09-05,4906,正文,通信網路業,移出,掉出掃描母體,32.44,71.0,,11,,,,,,,,,,,,,,,,,,,,2023-09
2023-09-05,2645,長榮航太,航運業,移出,掉出掃描母體,114.17,73.0,,7,,,,,,,,,,,,,,,,,,,,2023-09
2023-09-06,4908,前鼎,通信網路業,進榜,觸發,58.81,92.0,4.0,0,,15.9,-1.0,51.1,2.5,,,,,57.1,-2.9,19.4,-0.9,55.6,2.7,,,,,2023-09
2023-09-06,4908,前鼎,通信網路業,觸發,進榜即觸發,58.81,92.0,4.0,0,58.81,15.9,-1.0,51.1,2.5,,,,,57.1,-2.9,19.4,-0.9,55.6,2.7,,,,,2023-09
2023-09-06,3035,智原,半導體業,進榜,準備,350.39,95.0,3.0,0,,-12.5,-1.0,3.5,2.5,,,,,348.5,-0.5,-12.1,-0.9,4.1,2.7,,,,,2023-09
2023-09-06,9927,泰銘,其他,進榜,準備,64.65,81.0,2.0,0,,-4.7,-1.0,21.7,2.5,,,,,64.7,0.0,-4.7,-0.9,21.7,2.7,,,,,2023-09
2023-09-06,2355,敬鵬,電子工業,進榜,準備,35.51,72.0,1.0,0,,1.8,-1.0,37.7,2.5,,,,,35.5,0.0,1.8,-0.9,37.7,2.7,,,,,2023-09
2023-09-06,3526,凡甲,電子零組件業,進榜,準備,148.06,72.0,2.0,0,,4.8,-1.0,3.9,2.5,,,,,146.8,-0.8,5.7,-0.9,4.8,2.7,,,,,2023-09
2023-09-06,8112,至上,電子工業,觸發,等待後觸發,46.21,78.0,1.0,26,41.9,1.3,-1.0,1.3,2.5,,,,,44.3,-4.2,5.7,-0.9,5.7,2.7,,,,,2023-09
2023-09-06,3324,雙鴻,其他電子類,觸發,等待後觸發,324.31,91.0,3.0,1,310.8,-1.5,-1.0,3.0,2.5,,,,,317.6,-2.1,0.6,-0.9,5.2,2.7,,,,,2023-09
2023-09-06,8016,矽創,半導體業,移出,掉出掃描母體,241.83,71.0,,1,,,,,,,,,,,,,,,,,,,,2023-09
2023-09-07,3715,定穎投控,電子零組件業,進榜,準備,60.06,100.0,2.0,0,,44.9,-0.6,50.5,2.3,,,,,61.0,1.6,42.6,-0.5,48.2,2.4,,,,,2023-09
2023-09-07,2486,一詮,光電業,進榜,準備,47.51,87.0,3.0,0,,3.4,-0.6,-8.1,2.3,,,,,47.4,-0.2,3.6,-0.5,-7.9,2.4,,,,,2023-09
2023-09-07,3306,鼎天,通信網路業,移出,離高點太遠,55.23,96.0,,22,,,,,,,,,,,,,,,,,,,,2023-09
2023-09-07,6829,千附精密,電機機械,移出,離高點太遠,128.01,82.0,,14,,,,,,,,,,,,,,,,,,,,2023-09
2023-09-07,3011,今皓,電子工業,移出,突破失敗,37.2,88.0,,8,,,,,,,,,,,,,,,,,,,,2023-09
2023-09-07,2401,凌陽,半導體業,移出,掉出掃描母體,33.05,71.0,,2,,,,,,,,,,,,,,,,,,,,2023-09
2023-09-08,8016,矽創,半導體業,進榜,準備,240.53,73.0,2.0,0,,-1.1,-1.0,4.7,2.6,,,,,242.7,0.9,-2.0,-1.2,3.7,2.6,,,,,2023-09
2023-09-08,5371,中光電,光電業,進榜,準備,77.92,71.0,2.0,0,,-7.9,-1.0,-14.6,2.6,,,,,77.6,-0.4,-7.6,-1.2,-14.3,2.6,,,,,2023-09
2023-09-08,6830,汎銓,其他電子業,進榜,準備,175.65,71.0,3.0,0,,-19.8,-1.0,-26.1,2.6,,,,,169.9,-3.3,-17.1,-1.2,-23.6,2.6,,,,,2023-09
2023-09-08,3596,智易,通信網路業,觸發,等待後觸發,143.74,85.0,3.0,18,127.08,-0.3,-1.0,-0.3,2.6,,,,,148.6,3.4,-3.5,-1.2,-3.5,2.6,,,,,2023-09
2023-09-08,6679,鈺太,半導體業,移出,掉出掃描母體,345.5,73.0,,4,,,,,,,,,,,,,,,,,,,,2023-09
2023-09-08,6274,台燿,電子零組件業,移出,突破失敗,119.1,94.0,,3,,,,,,,,,,,,,,,,,,,,2023-09
2023-09-11,1471,首利,電子工業,進榜,觸發,23.65,99.0,4.0,0,,-20.1,0.0,-23.9,3.1,,,,,22.4,-5.1,-15.8,0.0,-19.8,3.0,,,,,2023-09
2023-09-11,1471,首利,電子工業,觸發,進榜即觸發,23.65,99.0,4.0,0,23.65,-20.1,0.0,-23.9,3.1,,,,,22.4,-5.1,-15.8,0.0,-19.8,3.0,,,,,2023-09
2023-09-11,1522,堤維西,汽車工業,進榜,準備,30.76,74.0,3.0,0,,18.4,0.0,21.0,3.1,,,,,31.6,2.7,15.3,0.0,17.8,3.0,,,,,2023-09
2023-09-11,3260,威剛,半導體業,進榜,準備,77.39,70.0,2.0,0,,5.6,0.0,13.4,3.1,,,,,78.2,1.0,4.6,0.0,12.3,3.0,,,,,2023-09
2023-09-11,6214,精誠,資訊服務業,移出,掉出掃描母體,98.1,78.0,,6,,,,,,,,,,,,,,,,,,,,2023-09
2023-09-11,3526,凡甲,電子零組件業,移出,掉出掃描母體,149.31,73.0,,5,,,,,,,,,,,,,,,,,,,,2023-09
2023-09-11,6830,汎銓,其他電子業,移出,掉出掃描母體,175.65,71.0,,3,,,,,,,,,,,,,,,,,,,,2023-09
2023-09-11,3362,先進光,光電業,移出,離高點太遠,143.06,78.0,,25,,,,,,,,,,,,,,,,,,,,2023-09
2023-09-11,3308,聯德,電子零組件業,移出,離高點太遠,64.01,99.0,,24,,,,,,,,,,,,,,,,,,,,2023-09
2023-09-11,2486,一詮,光電業,移出,掉出掃描母體,45.71,86.0,,4,,,,,,,,,,,,,,,,,,,,2023-09
2023-09-12,3588,通嘉,半導體業,進榜,準備,66.38,71.0,1.0,0,,-4.2,-0.3,15.7,3.0,,,,,66.4,0.0,-4.2,-0.4,15.7,2.9,,,,,2023-09
2023-09-12,1522,堤維西,汽車工業,觸發,等待後觸發,33.81,81.0,3.0,1,31.54,9.0,-0.3,11.2,3.0,,,,,34.5,2.2,6.7,-0.4,8.8,2.9,,,,,2023-09
2023-09-12,2357,華碩,電子工業,移出,離高點太遠,313.81,73.0,,27,,,,,,,,,,,,,,,,,,,,2023-09
2023-09-12,3035,智原,半導體業,移出,離高點太遠,310.77,93.0,,6,,,,,,,,,,,,,,,,,,,,2023-09
2023-09-12,1471,首利,電子工業,移出,突破失敗,21.35,99.0,,1,,,,,,,,,,,,,,,,,,,,2023-09
2023-09-13,6451,訊芯-KY,半導體業,進榜,觸發,122.8,83.0,4.0,0,,21.3,-1.0,22.5,2.6,,,,,127.2,3.6,17.1,-1.2,18.2,2.4,,,,,2023-09
2023-09-13,6451,訊芯-KY,半導體業,觸發,進榜即觸發,122.8,83.0,4.0,0,122.8,21.3,-1.0,22.5,2.6,,,,,127.2,3.6,17.1,-1.2,18.2,2.4,,,,,2023-09
2023-09-13,1515,力山,電機機械,進榜,準備,40.47,80.0,1.0,0,,-9.5,-1.0,21.1,2.6,,,,,40.5,0.1,-9.6,-1.2,21.0,2.4,,,,,2023-09
2023-09-13,1612,宏泰,電器電纜,進榜,準備,22.01,77.0,3.0,0,,-5.3,-1.0,11.7,2.6,,,,,22.3,1.1,-6.4,-1.2,10.5,2.4,,,,,2023-09
2023-09-13,3005,神基,電子工業,進榜,準備,67.73,74.0,2.0,0,,-1.7,-1.0,32.2,2.6,,,,,67.6,-0.3,-1.4,-1.2,32.6,2.4,,,,,2023-09
2023-09-13,3264,欣銓,半導體業,進榜,準備,61.47,70.0,3.0,0,,-10.1,-1.0,13.4,2.6,,,,,61.6,0.1,-10.2,-1.2,13.3,2.4,,,,,2023-09
2023-09-13,8081,致新,半導體業,觸發,等待後觸發,225.93,87.0,1.0,37,185.46,-1.7,-1.0,-3.5,2.6,,,,,227.2,0.6,-2.2,-1.2,-4.1,2.4,,,,,2023-09
2023-09-13,3588,通嘉,半導體業,移出,掉出掃描母體,66.38,71.0,,1,,,,,,,,,,,,,,,,,,,,2023-09
2023-09-13,1519,華城,電機機械,移出,離高點太遠,192.84,99.0,,23,,,,,,,,,,,,,,,,,,,,2023-09
2023-09-14,3363,上詮,通信網路業,進榜,觸發,70.82,99.0,3.0,0,,0.7,-2.0,1.7,1.9,,,,,71.8,1.3,-0.6,-2.1,0.3,1.7,,,,,2023-09
2023-09-14,3363,上詮,通信網路業,觸發,進榜即觸發,70.82,99.0,3.0,0,70.82,0.7,-2.0,1.7,1.9,,,,,71.8,1.3,-0.6,-2.1,0.3,1.7,,,,,2023-09
2023-09-14,6585,鼎基,其他,進榜,觸發,107.37,93.0,2.0,0,,-2.9,-2.0,0.0,1.9,,,,,106.5,-0.8,-2.1,-2.1,0.8,1.7,,,,,2023-09
2023-09-14,6585,鼎基,其他,觸發,進榜即觸發,107.37,93.0,2.0,0,107.37,-2.9,-2.0,0.0,1.9,,,,,106.5,-0.8,-2.1,-2.1,0.8,1.7,,,,,2023-09
2023-09-14,2486,一詮,光電業,進榜,觸發,51.74,89.0,3.0,0,,-4.9,-2.0,-16.8,1.9,,,,,51.8,0.2,-5.1,-2.1,-17.0,1.7,,,,,2023-09
2023-09-14,2486,一詮,光電業,觸發,進榜即觸發,51.74,89.0,3.0,0,51.74,-4.9,-2.0,-16.8,1.9,,,,,51.8,0.2,-5.1,-2.1,-17.0,1.7,,,,,2023-09
2023-09-14,2462,良得電,電子工業,進榜,觸發,39.19,76.0,1.0,0,,-7.3,-2.0,-6.5,1.9,,,,,39.9,1.9,-9.1,-2.1,-8.2,1.7,,,,,2023-09
2023-09-14,2462,良得電,電子工業,觸發,進榜即觸發,39.19,76.0,1.0,0,39.19,-7.3,-2.0,-6.5,1.9,,,,,39.9,1.9,-9.1,-2.1,-8.2,1.7,,,,,2023-09
2023-09-14,6275,元山,其他電子類,進榜,準備,41.9,83.0,3.0,0,,-15.2,-2.0,-7.0,1.9,,,,,42.4,1.2,-16.2,-2.1,-8.2,1.7,,,,,2023-09
2023-09-14,3450,聯鈞,其他電子業,進榜,準備,50.98,72.0,2.0,0,,14.8,-2.0,17.8,1.9,,,,,51.0,0.0,14.8,-2.1,17.8,1.7,,,,,2023-09
2023-09-14,3260,威剛,半導體業,移出,掉出掃描母體,79.22,71.0,,3,,,,,,,,,,,,,,,,,,,,2023-09
2023-09-14,3005,神基,電子工業,移出,掉出掃描母體,67.73,74.0,,1,,,,,,,,,,,,,,,,,,,,2023-09
2023-09-14,3264,欣銓,半導體業,移出,掉出掃描母體,61.47,70.0,,1,,,,,,,,,,,,,,,,,,,,2023-09
2023-09-14,2211,長榮鋼,鋼鐵工業,移出,掉出掃描母體,56.7,74.0,,13,,,,,,,,,,,,,,,,,,,,2023-09
2023-09-15,2385,群光,電子工業,進榜,觸發,101.3,72.0,1.0,0,,2.9,-2.8,50.0,1.7,,,,,100.9,-0.4,3.4,-2.5,50.6,2.1,,,,,2023-09
2023-09-15,2385,群光,電子工業,觸發,進榜即觸發,101.3,72.0,1.0,0,101.3,2.9,-2.8,50.0,1.7,,,,,100.9,-0.4,3.4,-2.5,50.6,2.1,,,,,2023-09
2023-09-15,3325,旭品,電腦及週邊設備業,進榜,準備,31.95,94.0,3.0,0,,-2.4,-2.8,8.0,1.7,,,,,32.1,0.6,-2.9,-2.5,7.4,2.1,,,,,2023-09
2023-09-15,6805,富世達,電子工業,進榜,準備,270.96,84.0,2.0,0,,1.4,-2.8,34.8,1.7,,,,,255.0,-5.9,7.8,-2.5,43.3,2.1,,,,,2023-09
2023-09-15,6605,帝寶,汽車工業,進榜,準備,115.33,77.0,3.0,0,,10.7,-2.8,19.2,1.7,,,,,114.4,-0.8,11.6,-2.5,20.1,2.1,,,,,2023-09
2023-09-15,8390,金益鼎,其他,進榜,準備,47.99,76.0,2.0,0,,-5.8,-2.8,-4.5,1.7,,,,,48.0,0.0,-5.8,-2.5,-4.5,2.1,,,,,2023-09
2023-09-15,3037,欣興,電子工業,進榜,準備,182.69,74.0,1.0,0,,-16.0,-2.8,-7.1,1.7,,,,,180.3,-1.3,-14.9,-2.5,-5.9,2.1,,,,,2023-09
2023-09-15,3260,威剛,半導體業,進榜,準備,81.58,72.0,2.0,0,,8.7,-2.8,9.7,1.7,,,,,80.3,-1.6,10.4,-2.5,11.5,2.1,,,,,2023-09
2023-09-15,8299,群聯,半導體業,進榜,準備,434.54,70.0,1.0,0,,-0.7,-2.8,14.0,1.7,,,,,429.0,-1.3,0.5,-2.5,15.5,2.1,,,,,2023-09
2023-09-15,5371,中光電,光電業,移出,掉出掃描母體,77.73,72.0,,7,,,,,,,,,,,,,,,,,,,,2023-09
2023-09-15,3587,閎康,其他電子類,移出,掉出掃描母體,262.78,83.0,,49,,,,,,,,,,,,,,,,,,,,2023-09
2023-09-15,3217,優群,電子零組件業,移出,掉出掃描母體,118.76,74.0,,15,,,,,,,,,,,,,,,,,,,,2023-09
2023-09-15,2204,中華,汽車工業,移出,離高點太遠,80.27,84.0,,14,,,,,,,,,,,,,,,,,,,,2023-09
2023-09-15,3363,上詮,通信網路業,移出,突破失敗,64.4,98.0,,1,,,,,,,,,,,,,,,,,,,,2023-09
2023-09-15,2486,一詮,光電業,移出,突破失敗,46.58,81.0,,1,,,,,,,,,,,,,,,,,,,,2023-09
2023-09-18,3036,文曄,電子工業,進榜,觸發,79.18,80.0,1.0,0,,30.9,-2.8,34.4,1.9,,,,,87.0,9.9,19.1,-2.9,22.2,1.9,,,,,2023-09
2023-09-18,3036,文曄,電子工業,觸發,進榜即觸發,79.18,80.0,1.0,0,79.18,30.9,-2.8,34.4,1.9,,,,,87.0,9.9,19.1,-2.9,22.2,1.9,,,,,2023-09
2023-09-18,3005,神基,電子工業,進榜,準備,67.12,72.0,2.0,0,,0.4,-2.8,45.7,1.9,,,,,67.9,1.2,-0.8,-2.9,44.0,1.9,,,,,2023-09
2023-09-18,5371,中光電,光電業,進榜,準備,78.48,72.0,2.0,0,,-12.5,-2.8,-12.5,1.9,,,,,78.4,-0.1,-12.4,-2.9,-12.4,1.9,,,,,2023-09
2023-09-18,6585,鼎基,其他,移出,突破失敗,98.49,91.0,,4,,,,,,,,,,,,,,,,,,,,2023-09
2023-09-18,3260,威剛,半導體業,移出,掉出掃描母體,81.58,72.0,,3,,,,,,,,,,,,,,,,,,,,2023-09
2023-09-18,8299,群聯,半導體業,移出,掉出掃描母體,434.54,70.0,,3,,,,,,,,,,,,,,,,,,,,2023-09
2023-09-18,2402,毅嘉,電子工業,移出,離高點太遠,36.44,90.0,,181,,,,,,,,,,,,,,,,,,,,2023-09
2023-09-18,2634,漢翔,航運業,移出,掉出掃描母體,53.88,71.0,,25,,,,,,,,,,,,,,,,,,,,2023-09
2023-09-18,3257,虹冠電,半導體業,移出,掉出掃描母體,68.57,80.0,,13,,,,,,,,,,,,,,,,,,,,2023-09
2023-09-19,2368,金像電,電子零組件業,移出,離高點太遠,181.25,94.0,,33,,,,,,,,,,,,,,,,,,,,2023-09
2023-09-19,6538,倉和,電子零組件業,移出,晚期未觸發,147.65,94.0,,26,,,,,,,,,,,,,,,,,,,,2023-09
2023-09-19,2485,兆赫,通信網路業,移出,離高點太遠,26.0,77.0,,19,,,,,,,,,,,,,,,,,,,,2023-09
2023-09-20,2603,長榮,航運業,進榜,準備,89.89,75.0,1.0,0,,-11.9,-2.5,20.4,2.9,,,,,89.5,-0.4,-11.5,-2.4,20.9,3.0,,,,,2023-09
2023-09-20,2211,長榮鋼,鋼鐵工業,進榜,準備,60.12,73.0,2.0,0,,-3.3,-2.5,38.1,2.9,,,,,60.1,0.0,-3.3,-2.4,38.1,3.0,,,,,2023-09
2023-09-20,3037,欣興,電子工業,移出,掉出掃描母體,180.77,74.0,,5,,,,,,,,,,,,,,,,,,,,2023-09
2023-09-20,2353,宏碁,電子工業,移出,掉出掃描母體,32.8,77.0,,34,,,,,,,,,,,,,,,,,,,,2023-09
2023-09-20,3661,世芯-KY,半導體業,移出,晚期未觸發,2403.36,92.0,,29,,,,,,,,,,,,,,,,,,,,2023-09
2023-09-20,6122,擎邦,電機機械,移出,離高點太遠,39.32,94.0,,20,,,,,,,,,,,,,,,,,,,,2023-09
2023-09-21,1815,富喬,電子零組件業,進榜,準備,14.93,72.0,3.0,0,,3.6,-1.5,3.9,3.1,,,,,14.9,-0.3,3.9,-1.1,4.2,3.5,,,,,2023-09
2023-09-21,3702,大聯大,電子工業,進榜,準備,52.7,72.0,1.0,0,,14.2,-1.5,36.9,3.1,,,,,52.7,0.0,14.2,-1.1,36.9,3.5,,,,,2023-09
2023-09-21,3450,聯鈞,其他電子業,觸發,等待後觸發,57.05,86.0,2.0,7,51.18,2.1,-1.5,-0.5,3.1,,,,,56.3,-1.4,3.5,-1.1,0.9,3.5,,,,,2023-09
2023-09-21,2383,台光電,電子工業,移出,掉出掃描母體,390.58,97.0,,78,,,,,,,,,,,,,,,,,,,,2023-09
2023-09-21,3265,台星科,半導體業,移出,離高點太遠,76.5,84.0,,77,,,,,,,,,,,,,,,,,,,,2023-09
2023-09-21,6664,群翊,電子零組件業,移出,離高點太遠,136.84,81.0,,37,,,,,,,,,,,,,,,,,,,,2023-09
2023-09-21,2345,智邦,通信網路業,移出,離高點太遠,435.42,85.0,,35,,,,,,,,,,,,,,,,,,,,2023-09
2023-09-21,2436,偉詮電,半導體業,移出,離高點太遠,63.67,79.0,,23,,,,,,,,,,,,,,,,,,,,2023-09
2023-09-21,1612,宏泰,電器電纜,移出,掉出掃描母體,21.55,72.0,,8,,,,,,,,,,,,,,,,,,,,2023-09
2023-09-21,3325,旭品,電腦及週邊設備業,移出,掉出掃描母體,30.62,94.0,,6,,,,,,,,,,,,,,,,,,,,2023-09
2023-09-22,2462,良得電,電子工業,移出,掉出掃描母體,37.1,73.0,,8,,,,,,,,,,,,,,,,,,,,2023-09
2023-09-22,5371,中光電,光電業,移出,掉出掃描母體,74.29,71.0,,4,,,,,,,,,,,,,,,,,,,,2023-09
2023-09-25,3444,利機,電子通路業,進榜,觸發,78.11,80.0,4.0,0,,9.6,-2.3,17.9,2.5,,,,,77.5,-0.8,10.5,-2.2,18.9,2.6,,,,,2023-09
2023-09-25,3444,利機,電子通路業,觸發,進榜即觸發,78.11,80.0,4.0,0,78.11,9.6,-2.3,17.9,2.5,,,,,77.5,-0.8,10.5,-2.2,18.9,2.6,,,,,2023-09
2023-09-25,1612,宏泰,電器電纜,進榜,準備,21.92,74.0,3.0,0,,-5.7,-2.3,3.2,2.5,,,,,21.9,0.0,-5.7,-2.2,3.2,2.6,,,,,2023-09
2023-09-25,4906,正文,通信網路業,進榜,準備,33.69,74.0,2.0,0,,-12.1,-2.3,-5.3,2.5,,,,,33.5,-0.5,-11.6,-2.2,-4.8,2.6,,,,,2023-09
2023-09-25,6531,愛普*,半導體業,進榜,準備,376.93,72.0,3.0,0,,-7.0,-2.3,12.3,2.5,,,,,375.5,-0.4,-6.6,-2.2,12.7,2.6,,,,,2023-09
2023-09-25,3715,定穎投控,電子零組件業,觸發,等待後觸發,69.22,100.0,2.0,18,61.46,10.0,-2.3,17.0,2.5,,,,,70.1,1.2,8.7,-2.2,15.6,2.6,,,,,2023-09
2023-09-25,3702,大聯大,電子工業,移出,掉出掃描母體,52.88,71.0,,4,,,,,,,,,,,,,,,,,,,,2023-09
2023-09-26,6442,光聖,通信網路業,進榜,觸發,75.99,90.0,3.0,0,,0.4,-1.5,-20.0,3.0,,,,,78.0,2.6,-2.2,-1.4,-22.0,3.2,,,,,2023-09
2023-09-26,6442,光聖,通信網路業,觸發,進榜即觸發,75.99,90.0,3.0,0,75.99,0.4,-1.5,-20.0,3.0,,,,,78.0,2.6,-2.2,-1.4,-22.0,3.2,,,,,2023-09
2023-09-26,3702,大聯大,電子工業,進榜,準備,53.32,72.0,1.0,0,,14.7,-1.5,39.0,3.0,,,,,53.1,-0.3,15.1,-1.4,39.5,3.2,,,,,2023-09
2023-09-26,6531,愛普*,半導體業,移出,掉出掃描母體,376.93,72.0,,1,,,,,,,,,,,,,,,,,,,,2023-09
2023-09-26,8390,金益鼎,其他,移出,離高點太遠,44.76,72.0,,11,,,,,,,,,,,,,,,,,,,,2023-09
2023-09-27,1560,中砂,電機機械,進榜,準備,146.19,75.0,3.0,0,,8.6,-1.4,22.9,3.1,,,,,148.6,1.7,6.9,-1.5,20.9,2.9,,,,,2023-09
2023-09-28,3325,旭品,電腦及週邊設備業,進榜,觸發,33.93,96.0,3.0,0,,-17.1,-2.3,7.2,3.2,,,,,36.4,7.2,-22.7,-2.6,0.0,3.0,,,,,2023-09
2023-09-28,3325,旭品,電腦及週邊設備業,觸發,進榜即觸發,33.93,96.0,3.0,0,33.93,-17.1,-2.3,7.2,3.2,,,,,36.4,7.2,-22.7,-2.6,0.0,3.0,,,,,2023-09
2023-09-28,3661,世芯-KY,半導體業,進榜,準備,2638.79,95.0,3.0,0,,-2.4,-2.3,27.1,3.2,,,,,2682.9,1.7,-4.0,-2.6,25.0,3.0,,,,,2023-09
2023-09-28,1609,大亞,電器電纜,進榜,準備,33.99,76.0,2.0,0,,-16.8,-2.3,-11.7,3.2,,,,,34.7,2.2,-18.6,-2.6,-13.6,3.0,,,,,2023-09
2023-09-28,4906,正文,通信網路業,移出,掉出掃描母體,32.88,70.0,,3,,,,,,,,,,,,,,,,,,,,2023-09
2023-10-02,6117,迎廣,電子工業,進榜,觸發,39.91,99.0,4.0,0,,2.9,-2.6,79.8,2.9,,,,,42.2,5.7,-2.7,-2.7,70.1,3.0,,,,,2023-10
2023-10-02,6117,迎廣,電子工業,觸發,進榜即觸發,39.91,99.0,4.0,0,39.91,2.9,-2.6,79.8,2.9,,,,,42.2,5.7,-2.7,-2.7,70.1,3.0,,,,,2023-10
2023-10-02,3032,偉訓,電子工業,進榜,觸發,74.57,93.0,4.0,0,,-20.1,-2.6,-15.9,2.9,,,,,75.0,0.6,-20.6,-2.7,-16.4,3.0,,,,,2023-10
2023-10-02,3032,偉訓,電子工業,觸發,進榜即觸發,74.57,93.0,4.0,0,74.57,-20.1,-2.6,-15.9,2.9,,,,,75.0,0.6,-20.6,-2.7,-16.4,3.0,,,,,2023-10
2023-10-02,2382,廣達,電子工業,進榜,準備,225.6,99.0,2.0,0,,-25.0,-2.6,-15.3,2.9,,,,,227.8,1.0,-25.7,-2.7,-16.1,3.0,,,,,2023-10
2023-10-02,2383,台光電,電子工業,進榜,準備,431.42,98.0,2.0,0,,-19.2,-2.6,-15.9,2.9,,,,,430.0,-0.3,-18.9,-2.7,-15.6,3.0,,,,,2023-10
2023-10-02,6274,台燿,電子零組件業,進榜,準備,137.1,96.0,3.0,0,,-27.6,-2.6,-15.5,2.9,,,,,136.6,-0.3,-27.4,-2.7,-15.2,3.0,,,,,2023-10
2023-10-02,6531,愛普*,半導體業,進榜,準備,377.41,73.0,3.0,0,,-8.7,-2.6,19.2,2.9,,,,,377.4,0.0,-8.7,-2.7,19.2,3.0,,,,,2023-10
2023-10-02,3526,凡甲,電子零組件業,進榜,準備,148.9,72.0,2.0,0,,3.1,-2.6,10.6,2.9,,,,,148.5,-0.3,3.4,-2.7,11.0,3.0,,,,,2023-10
2023-10-02,2405,輔信,電子工業,進榜,準備,16.26,71.0,3.0,0,,-6.6,-2.6,14.4,2.9,,,,,16.3,0.3,-6.9,-2.7,14.1,3.0,,,,,2023-10
2023-10-02,1815,富喬,電子零組件業,觸發,等待後觸發,17.54,85.0,3.0,11,15.17,-7.4,-2.6,-12.7,2.9,,,,,17.6,0.3,-7.7,-2.7,-12.9,3.0,,,,,2023-10
2023-10-02,2603,長榮,航運業,移出,掉出掃描母體,88.74,74.0,,12,,,,,,,,,,,,,,,,,,,,2023-10
2023-10-03,6585,鼎基,其他,進榜,觸發,113.13,95.0,2.0,0,,-13.7,-1.6,2.0,3.6,,,,,112.7,-0.4,-13.4,-1.4,2.4,4.1,,,,,2023-10
2023-10-03,6585,鼎基,其他,觸發,進榜即觸發,113.13,95.0,2.0,0,113.13,-13.7,-1.6,2.0,3.6,,,,,112.7,-0.4,-13.4,-1.4,2.4,4.1,,,,,2023-10
2023-10-03,2385,群光,電子工業,移出,掉出掃描母體,99.6,71.0,,18,,,,,,,,,,,,,,,,,,,,2023-10
2023-10-03,1477,聚陽,紡織纖維,移出,逾期,282.2,79.0,,56,,,,,,,,,,,,,,,,,,,,2023-10
2023-10-03,5388,中磊,電子工業,移出,掉出掃描母體,111.45,72.0,,34,,,,,,,,,,,,,,,,,,,,2023-10
2023-10-03,8086,宏捷科,半導體業,移出,掉出掃描母體,105.79,71.0,,29,,,,,,,,,,,,,,,,,,,,2023-10
2023-10-03,6275,元山,其他電子類,移出,掉出掃描母體,40.3,79.0,,19,,,,,,,,,,,,,,,,,,,,2023-10
2023-10-04,1603,華電,電器電纜,進榜,觸發,34.97,76.0,2.0,0,,-12.4,-0.8,-4.1,4.2,,,,,34.6,-1.0,-11.5,-0.9,-3.2,3.9,,,,,2023-10
2023-10-04,1603,華電,電器電纜,觸發,進榜即觸發,34.97,76.0,2.0,0,34.97,-12.4,-0.8,-4.1,4.2,,,,,34.6,-1.0,-11.5,-0.9,-3.2,3.9,,,,,2023-10
2023-10-04,2385,群光,電子工業,進榜,準備,99.17,71.0,1.0,0,,7.3,-0.8,50.2,4.2,,,,,99.6,0.4,6.8,-0.9,49.6,3.9,,,,,2023-10
2023-10-04,6531,愛普*,半導體業,移出,掉出掃描母體,369.31,71.0,,2,,,,,,,,,,,,,,,,,,,,2023-10
2023-10-05,5225,東科-KY,其他電子業,進榜,觸發,51.84,89.0,6.0,0,,-9.0,-0.5,,,,,,,51.5,-0.6,-8.4,-0.6,,,,,,,2023-10
2023-10-05,5225,東科-KY,其他電子業,觸發,進榜即觸發,51.84,89.0,6.0,0,51.84,-9.0,-0.5,,,,,,,51.5,-0.6,-8.4,-0.6,,,,,,,2023-10
2023-10-05,6213,聯茂,電子工業,進榜,準備,90.89,76.0,1.0,0,,-12.3,-0.5,,,,,,,91.6,0.7,-13.0,-0.6,,,,,,,2023-10
2023-10-05,3702,大聯大,電子工業,移出,掉出掃描母體,54.48,71.0,,9,,,,,,,,,,,,,,,,,,,,2023-10
2023-10-05,2385,群光,電子工業,移出,掉出掃描母體,99.17,71.0,,1,,,,,,,,,,,,,,,,,,,,2023-10
2023-10-05,2355,敬鵬,電子工業,移出,掉出掃描母體,36.36,72.0,,29,,,,,,,,,,,,,,,,,,,,2023-10
2023-10-06,6170,統振,通信網路業,進榜,觸發,48.84,86.0,4.0,0,,-7.1,-0.6,,,,,,,50.7,3.7,-10.5,-0.8,,,,,,,2023-10
2023-10-06,6170,統振,通信網路業,觸發,進榜即觸發,48.84,86.0,4.0,0,48.84,-7.1,-0.6,,,,,,,50.7,3.7,-10.5,-0.8,,,,,,,2023-10
2023-10-06,2353,宏碁,電子工業,進榜,準備,33.43,74.0,2.0,0,,-8.0,-0.6,,,,,,,33.5,0.1,-8.1,-0.8,,,,,,,2023-10
2023-10-06,3702,大聯大,電子工業,進榜,準備,55.99,72.0,1.0,0,,17.8,-0.6,,,,,,,56.5,1.0,16.7,-0.8,,,,,,,2023-10
2023-10-06,6412,群電,電子工業,移出,掉出掃描母體,100.13,77.0,,31,,,,,,,,,,,,,,,,,,,,2023-10
2023-10-06,1609,大亞,電器電纜,移出,掉出掃描母體,32.62,71.0,,8,,,,,,,,,,,,,,,,,,,,2023-10
2023-10-11,6231,系微,資訊服務業,進榜,觸發,133.55,87.0,3.0,0,,-7.1,0.0,,,,,,,132.4,-0.9,-6.3,0.0,,,,,,,2023-10
2023-10-11,6231,系微,資訊服務業,觸發,進榜即觸發,133.55,87.0,3.0,0,133.55,-7.1,0.0,,,,,,,132.4,-0.9,-6.3,0.0,,,,,,,2023-10
2023-10-11,2385,群光,電子工業,進榜,準備,103.43,78.0,1.0,0,,16.9,0.0,,,,,,,103.4,0.0,16.9,0.0,,,,,,,2023-10
2023-10-11,1808,潤隆,建材營造,進榜,準備,42.15,72.0,1.0,0,,3.2,0.0,,,,,,,42.4,0.6,2.5,0.0,,,,,,,2023-10
2023-10-11,2382,廣達,電子工業,移出,掉出掃描母體,225.6,99.0,,9,,,,,,,,,,,,,,,,,,,,2023-10
2023-10-11,2353,宏碁,電子工業,移出,掉出掃描母體,33.43,74.0,,5,,,,,,,,,,,,,,,,,,,,2023-10
2023-10-11,5469,瀚宇博,電子零組件業,移出,掉出掃描母體,54.4,86.0,,57,,,,,,,,,,,,,,,,,,,,2023-10
2023-10-11,1319,東陽,汽車工業,移出,逾期,68.95,92.0,,57,,,,,,,,,,,,,,,,,,,,2023-10
2023-10-11,6451,訊芯-KY,半導體業,移出,離高點太遠,143.51,91.0,,28,,,,,,,,,,,,,,,,,,,,2023-10
2023-10-11,1612,宏泰,電器電纜,移出,掉出掃描母體,22.76,73.0,,16,,,,,,,,,,,,,,,,,,,,2023-10
2023-10-11,6442,光聖,通信網路業,移出,離高點太遠,64.3,73.0,,15,,,,,,,,,,,,,,,,,,,,2023-10
2023-10-11,3032,偉訓,電子工業,移出,突破失敗,65.69,87.0,,9,,,,,,,,,,,,,,,,,,,,2023-10
2023-10-12,4763,材料*-KY,化學工業,進榜,觸發,95.99,99.0,6.0,0,,-12.7,-0.7,,,,,,,95.6,-0.4,-12.3,-0.4,,,,,,,2023-10
2023-10-12,4763,材料*-KY,化學工業,觸發,進榜即觸發,95.99,99.0,6.0,0,95.99,-12.7,-0.7,,,,,,,95.6,-0.4,-12.3,-0.4,,,,,,,2023-10
2023-10-12,6284,佳邦,電子零組件業,進榜,觸發,64.25,73.0,3.0,0,,4.9,-0.7,,,,,,,64.8,0.9,4.0,-0.4,,,,,,,2023-10
2023-10-12,6284,佳邦,電子零組件業,觸發,進榜即觸發,64.25,73.0,3.0,0,64.25,4.9,-0.7,,,,,,,64.8,0.9,4.0,-0.4,,,,,,,2023-10
2023-10-12,3483,力致,電腦及週邊設備業,進榜,準備,119.05,97.0,2.0,0,,-1.6,-0.7,,,,,,,119.0,0.0,-1.6,-0.4,,,,,,,2023-10
2023-10-12,6197,佳必琪,電子零組件業,進榜,準備,72.18,85.0,2.0,0,,12.6,-0.7,,,,,,,72.3,0.1,12.4,-0.4,,,,,,,2023-10
2023-10-12,2353,宏碁,電子工業,進榜,準備,33.2,74.0,2.0,0,,-6.2,-0.7,,,,,,,32.9,-0.8,-5.4,-0.4,,,,,,,2023-10
2023-10-12,6691,洋基工程,其他電子業,進榜,準備,167.38,71.0,3.0,0,,-3.9,-0.7,,,,,,,166.5,-0.5,-3.4,-0.4,,,,,,,2023-10
2023-10-12,3702,大聯大,電子工業,觸發,等待後觸發,58.21,79.0,1.0,6,56.43,12.2,-0.7,,,,,,,58.2,0.0,12.2,-0.4,,,,,,,2023-10
2023-10-12,8016,矽創,半導體業,移出,掉出掃描母體,237.93,70.0,,34,,,,,,,,,,,,,,,,,,,,2023-10
2023-10-12,3325,旭品,電腦及週邊設備業,移出,離高點太遠,35.35,97.0,,14,,,,,,,,,,,,,,,,,,,,2023-10
2023-10-13,2454,聯發科,半導體業,進榜,觸發,751.74,71.0,1.0,0,,5.0,-0.7,,,,,,,748.2,-0.5,5.5,-0.5,,,,,,,2023-10
2023-10-13,2454,聯發科,半導體業,觸發,進榜即觸發,751.74,71.0,1.0,0,751.74,5.0,-0.7,,,,,,,748.2,-0.5,5.5,-0.5,,,,,,,2023-10
2023-10-13,5439,高技,電子零組件業,進榜,準備,100.72,86.0,3.0,0,,12.4,-0.7,,,,,,,101.6,0.9,11.4,-0.5,,,,,,,2023-10
2023-10-13,3227,原相,半導體業,進榜,準備,114.62,73.0,2.0,0,,7.8,-0.7,,,,,,,114.2,-0.4,8.2,-0.5,,,,,,,2023-10
2023-10-13,3260,威剛,半導體業,進榜,準備,84.46,72.0,3.0,0,,5.0,-0.7,,,,,,,84.9,0.5,4.4,-0.5,,,,,,,2023-10
2023-10-13,1808,潤隆,建材營造,移出,掉出掃描母體,42.55,72.0,,2,,,,,,,,,,,,,,,,,,,,2023-10
2023-10-13,2353,宏碁,電子工業,移出,掉出掃描母體,33.2,74.0,,1,,,,,,,,,,,,,,,,,,,,2023-10
2023-10-13,6191,精成科,電子工業,移出,掉出掃描母體,51.8,91.0,,114,,,,,,,,,,,,,,,,,,,,2023-10
2023-10-13,3044,健鼎,電子工業,移出,掉出掃描母體,174.22,94.0,,81,,,,,,,,,,,,,,,,,,,,2023-10
2023-10-13,3324,雙鴻,其他電子類,移出,掉出掃描母體,318.52,75.0,,38,,,,,,,,,,,,,,,,,,,,2023-10
2023-10-16,6664,群翊,電子零組件業,進榜,觸發,150.43,84.0,4.0,0,,5.1,-0.4,,,,,,,152.2,1.2,3.9,-0.7,,,,,,,2023-10
2023-10-16,6664,群翊,電子零組件業,觸發,進榜即觸發,150.43,84.0,4.0,0,150.43,5.1,-0.4,,,,,,,152.2,1.2,3.9,-0.7,,,,,,,2023-10
2023-10-16,3213,茂訊,電腦及週邊設備業,進榜,準備,67.61,90.0,3.0,0,,-12.6,-0.4,,,,,,,70.6,4.4,-16.3,-0.7,,,,,,,2023-10
2023-10-16,1808,潤隆,建材營造,進榜,準備,42.6,76.0,1.0,0,,-3.5,-0.4,,,,,,,42.6,0.0,-3.5,-0.7,,,,,,,2023-10
2023-10-16,2405,輔信,電子工業,移出,掉出掃描母體,15.38,73.0,,14,,,,,,,,,,,,,,,,,,,,2023-10
2023-10-16,2383,台光電,電子工業,移出,掉出掃描母體,408.84,97.0,,14,,,,,,,,,,,,,,,,,,,,2023-10
2023-10-16,6274,台燿,電子零組件業,移出,離高點太遠,120.02,95.0,,14,,,,,,,,,,,,,,,,,,,,2023-10
2023-10-16,6585,鼎基,其他,移出,突破失敗,101.6,94.0,,13,,,,,,,,,,,,,,,,,,,,2023-10
2023-10-17,1477,聚陽,紡織纖維,進榜,準備,300.3,88.0,3.0,0,,3.7,0.0,,,,,,,302.4,0.7,3.0,0.0,,,,,,,2023-10
2023-10-17,8299,群聯,半導體業,進榜,準備,446.47,71.0,1.0,0,,-0.2,0.0,,,,,,,446.5,0.0,-0.2,0.0,,,,,,,2023-10
2023-10-17,1515,力山,電機機械,移出,掉出掃描母體,36.62,76.0,,34,,,,,,,,,,,,,,,,,,,,2023-10
2023-10-17,6213,聯茂,電子工業,移出,掉出掃描母體,85.61,73.0,,12,,,,,,,,,,,,,,,,,,,,2023-10
2023-10-18,6530,創威,通信網路業,進榜,觸發,50.65,97.0,3.0,0,,-16.1,1.3,,,,,,,51.0,0.7,-16.7,1.6,,,,,,,2023-10
2023-10-18,6530,創威,通信網路業,觸發,進榜即觸發,50.65,97.0,3.0,0,50.65,-16.1,1.3,,,,,,,51.0,0.7,-16.7,1.6,,,,,,,2023-10
2023-10-18,6239,力成,半導體業,進榜,觸發,97.17,72.0,1.0,0,,0.0,1.3,,,,,,,96.7,-0.5,0.5,1.6,,,,,,,2023-10
2023-10-18,6239,力成,半導體業,觸發,進榜即觸發,97.17,72.0,1.0,0,97.17,0.0,1.3,,,,,,,96.7,-0.5,0.5,1.6,,,,,,,2023-10
2023-10-18,2369,菱生,電子工業,進榜,準備,19.41,80.0,1.0,0,,12.4,1.3,,,,,,,19.1,-1.7,14.4,1.6,,,,,,,2023-10
2023-10-18,2347,聯強,電子工業,進榜,準備,58.78,70.0,1.0,0,,-2.7,1.3,,,,,,,58.7,-0.1,-2.5,1.6,,,,,,,2023-10
2023-10-18,1815,富喬,電子零組件業,移出,離高點太遠,14.83,81.0,,27,,,,,,,,,,,,,,,,,,,,2023-10
2023-10-18,3661,世芯-KY,半導體業,移出,離高點太遠,2393.55,94.0,,20,,,,,,,,,,,,,,,,,,,,2023-10
2023-10-18,6117,迎廣,電子工業,移出,離高點太遠,42.0,100.0,,16,,,,,,,,,,,,,,,,,,,,2023-10
2023-10-18,6664,群翊,電子零組件業,移出,掉出掃描母體,143.63,83.0,,2,,,,,,,,,,,,,,,,,,,,2023-10
2023-10-19,2233,宇隆,汽車工業,進榜,準備,127.67,80.0,3.0,0,,-0.4,1.6,,,,,,,127.7,0.0,-0.4,1.8,,,,,,,2023-10
2023-10-19,6732,昇佳電子,半導體業,進榜,準備,389.96,77.0,2.0,0,,8.0,1.6,,,,,,,390.0,0.0,8.0,1.8,,,,,,,2023-10
2023-10-19,6257,矽格,半導體業,進榜,準備,54.85,70.0,1.0,0,,1.3,1.6,,,,,,,54.8,-0.2,1.5,1.8,,,,,,,2023-10
2023-10-19,6691,洋基工程,其他電子業,移出,掉出掃描母體,166.19,76.0,,7,,,,,,,,,,,,,,,,,,,,2023-10
2023-10-19,2347,聯強,電子工業,移出,掉出掃描母體,58.78,70.0,,1,,,,,,,,,,,,,,,,,,,,2023-10
2023-10-19,3715,定穎投控,電子零組件業,移出,離高點太遠,84.38,100.0,,42,,,,,,,,,,,,,,,,,,,,2023-10
2023-10-19,6805,富世達,電子工業,移出,離高點太遠,263.62,76.0,,34,,,,,,,,,,,,,,,,,,,,2023-10
2023-10-19,6239,力成,半導體業,移出,掉出掃描母體,97.17,72.0,,1,,,,,,,,,,,,,,,,,,,,2023-10
2023-10-20,5215,科嘉-KY,電腦及週邊設備業,進榜,觸發,63.4,93.0,3.0,0,,-14.5,2.7,,,,,,,66.0,4.1,-17.9,2.9,,,,,,,2023-10
2023-10-20,5215,科嘉-KY,電腦及週邊設備業,觸發,進榜即觸發,63.4,93.0,3.0,0,63.4,-14.5,2.7,,,,,,,66.0,4.1,-17.9,2.9,,,,,,,2023-10
2023-10-20,2401,凌陽,半導體業,進榜,準備,32.05,78.0,2.0,0,,7.6,2.7,,,,,,,32.2,0.6,7.0,2.9,,,,,,,2023-10
2023-10-20,2404,漢唐,其他電子業,進榜,準備,209.64,73.0,3.0,0,,1.5,2.7,,,,,,,208.3,-0.6,2.1,2.9,,,,,,,2023-10
2023-10-20,6732,昇佳電子,半導體業,觸發,等待後觸發,397.51,79.0,2.0,1,395.29,6.9,2.7,,,,,,,394.8,-0.7,7.6,2.9,,,,,,,2023-10
2023-10-20,2369,菱生,電子工業,觸發,等待後觸發,20.76,85.0,1.0,2,19.65,6.0,2.7,,,,,,,22.0,5.8,0.2,2.9,,,,,,,2023-10
2023-10-20,2455,全新,通信網路業,移出,掉出掃描母體,138.88,88.0,,52,,,,,,,,,,,,,,,,,,,,2023-10
2023-10-20,1522,堤維西,汽車工業,移出,離高點太遠,33.63,81.0,,39,,,,,,,,,,,,,,,,,,,,2023-10
2023-10-20,3450,聯鈞,其他電子業,移出,離高點太遠,55.26,87.0,,36,,,,,,,,,,,,,,,,,,,,2023-10
2023-10-20,1603,華電,電器電纜,移出,離高點太遠,31.65,77.0,,16,,,,,,,,,,,,,,,,,,,,2023-10
2023-10-20,6170,統振,通信網路業,移出,掉出掃描母體,46.28,88.0,,14,,,,,,,,,,,,,,,,,,,,2023-10
2023-10-20,3483,力致,電腦及週邊設備業,移出,離高點太遠,110.93,96.0,,8,,,,,,,,,,,,,,,,,,,,2023-10
2023-10-23,2816,旺旺保,金融保險,進榜,準備,31.32,98.0,2.0,0,,4.6,3.1,,,,,,,31.1,-0.7,5.4,3.0,,,,,,,2023-10
2023-10-23,6168,宏齊,光電業,進榜,準備,27.07,76.0,3.0,0,,-1.4,3.1,,,,,,,28.7,6.1,-7.1,3.0,,,,,,,2023-10
2023-10-23,6176,瑞儀,光電業,進榜,準備,139.27,73.0,1.0,0,,2.8,3.1,,,,,,,140.9,1.2,1.6,3.0,,,,,,,2023-10
2023-10-23,6239,力成,半導體業,進榜,準備,94.94,72.0,1.0,0,,0.5,3.1,,,,,,,94.9,0.0,0.5,3.0,,,,,,,2023-10
2023-10-23,8150,南茂,電子工業,進榜,準備,37.51,70.0,1.0,0,,-5.7,3.1,,,,,,,37.4,-0.4,-5.3,3.0,,,,,,,2023-10
2023-10-23,6257,矽格,半導體業,移出,掉出掃描母體,54.94,71.0,,4,,,,,,,,,,,,,,,,,,,,2023-10
2023-10-23,3596,智易,通信網路業,移出,掉出掃描母體,138.04,89.0,,63,,,,,,,,,,,,,,,,,,,,2023-10
2023-10-23,3005,神基,電子工業,移出,掉出掃描母體,64.17,72.0,,35,,,,,,,,,,,,,,,,,,,,2023-10
2023-10-24,3025,星通,電子工業,進榜,觸發,50.95,86.0,5.0,0,,-5.5,2.9,,,,,,,51.7,1.4,-6.8,2.7,,,,,,,2023-10
2023-10-24,3025,星通,電子工業,觸發,進榜即觸發,50.95,86.0,5.0,0,50.95,-5.5,2.9,,,,,,,51.7,1.4,-6.8,2.7,,,,,,,2023-10
2023-10-24,2405,輔信,電子工業,進榜,準備,16.36,77.0,3.0,0,,7.8,2.9,,,,,,,16.7,2.4,5.2,2.7,,,,,,,2023-10
2023-10-24,3042,晶技,電子工業,進榜,準備,88.68,70.0,2.0,0,,0.6,2.9,,,,,,,88.9,0.2,0.4,2.7,,,,,,,2023-10
2023-10-24,6197,佳必琪,電子零組件業,移出,晚期未觸發,75.94,89.0,,12,,,,,,,,,,,,,,,,,,,,2023-10
2023-10-24,6168,宏齊,光電業,移出,掉出掃描母體,27.07,76.0,,1,,,,,,,,,,,,,,,,,,,,2023-10
2023-10-24,6239,力成,半導體業,移出,掉出掃描母體,94.94,72.0,,1,,,,,,,,,,,,,,,,,,,,2023-10
2023-10-24,8150,南茂,電子工業,移出,掉出掃描母體,37.51,70.0,,1,,,,,,,,,,,,,,,,,,,,2023-10
2023-10-24,2404,漢唐,其他電子業,移出,掉出掃描母體,208.33,72.0,,4,,,,,,,,,,,,,,,,,,,,2023-10
2023-10-25,5536,聖暉*,其他電子類,進榜,準備,169.89,82.0,2.0,0,,-6.6,2.6,,,,,,,167.2,-1.6,-5.1,3.3,,,,,,,2023-10
2023-10-25,4766,南寶,化學工業,進榜,準備,179.13,80.0,2.0,0,,29.2,2.6,,,,,,,175.2,-2.2,32.0,3.3,,,,,,,2023-10
2023-10-25,8054,安國,半導體業,進榜,準備,43.7,80.0,1.0,0,,87.9,2.6,,,,,,,47.2,7.9,74.1,3.3,,,,,,,2023-10
2023-10-25,2816,旺旺保,金融保險,觸發,等待後觸發,34.3,98.0,2.0,2,32.09,-3.7,2.6,,,,,,,34.7,1.3,-4.9,3.3,,,,,,,2023-10
2023-10-25,3227,原相,半導體業,移出,掉出掃描母體,117.73,76.0,,12,,,,,,,,,,,,,,,,,,,,2023-10
2023-10-25,6176,瑞儀,光電業,移出,掉出掃描母體,139.82,71.0,,2,,,,,,,,,,,,,,,,,,,,2023-10
2023-10-25,3042,晶技,電子工業,移出,掉出掃描母體,88.68,70.0,,1,,,,,,,,,,,,,,,,,,,,2023-10
2023-10-25,9958,世紀鋼,鋼鐵工業,移出,逾期,155.43,78.0,,56,,,,,,,,,,,,,,,,,,,,2023-10
2023-10-25,8299,群聯,半導體業,移出,掉出掃描母體,435.91,73.0,,8,,,,,,,,,,,,,,,,,,,,2023-10
2023-10-26,2105,正新,橡膠工業,進榜,準備,38.13,72.0,2.0,0,,5.8,3.7,,,,,,,38.3,0.3,5.5,3.5,,,,,,,2023-10
2023-10-26,6176,瑞儀,光電業,進榜,準備,139.27,72.0,1.0,0,,4.8,3.7,,,,,,,140.9,1.2,3.5,3.5,,,,,,,2023-10
2023-10-26,6257,矽格,半導體業,進榜,準備,54.4,72.0,1.0,0,,1.2,3.7,,,,,,,54.8,0.8,0.3,3.5,,,,,,,2023-10
2023-10-26,4766,南寶,化學工業,移出,掉出掃描母體,179.13,80.0,,1,,,,,,,,,,,,,,,,,,,,2023-10
2023-10-26,8081,致新,半導體業,移出,掉出掃描母體,215.81,84.0,,80,,,,,,,,,,,,,,,,,,,,2023-10
2023-10-26,9927,泰銘,其他,移出,掉出掃描母體,63.28,79.0,,50,,,,,,,,,,,,,,,,,,,,2023-10
2023-10-26,5215,科嘉-KY,電腦及週邊設備業,移出,突破失敗,58.1,87.0,,6,,,,,,,,,,,,,,,,,,,,2023-10
2023-10-26,2405,輔信,電子工業,移出,掉出掃描母體,16.26,73.0,,2,,,,,,,,,,,,,,,,,,,,2023-10
2023-10-27,6117,迎廣,電子工業,進榜,觸發,52.43,100.0,3.0,0,,-5.2,3.5,,,,,,,54.0,3.1,-8.1,3.4,,,,,,,2023-10
2023-10-27,6117,迎廣,電子工業,觸發,進榜即觸發,52.43,100.0,3.0,0,52.43,-5.2,3.5,,,,,,,54.0,3.1,-8.1,3.4,,,,,,,2023-10
2023-10-27,8054,安國,半導體業,觸發,等待後觸發,52.84,95.0,1.0,2,43.7,51.2,3.5,,,,,,,56.2,6.3,42.3,3.4,,,,,,,2023-10
2023-10-27,2105,正新,橡膠工業,移出,掉出掃描母體,38.13,72.0,,1,,,,,,,,,,,,,,,,,,,,2023-10
2023-10-27,6176,瑞儀,光電業,移出,掉出掃描母體,139.27,72.0,,1,,,,,,,,,,,,,,,,,,,,2023-10
2023-10-27,6257,矽格,半導體業,移出,掉出掃描母體,54.4,72.0,,1,,,,,,,,,,,,,,,,,,,,2023-10
2023-10-27,2449,京元電子,半導體業,移出,掉出掃描母體,70.87,94.0,,107,,,,,,,,,,,,,,,,,,,,2023-10
2023-10-27,5225,東科-KY,其他電子業,移出,突破失敗,47.65,88.0,,22,,,,,,,,,,,,,,,,,,,,2023-10
2023-10-27,4763,材料*-KY,化學工業,移出,突破失敗,87.45,99.0,,15,,,,,,,,,,,,,,,,,,,,2023-10
2023-10-27,3260,威剛,半導體業,移出,晚期未觸發,82.19,80.0,,14,,,,,,,,,,,,,,,,,,,,2023-10
2023-10-27,2369,菱生,電子工業,移出,離高點太遠,20.95,85.0,,9,,,,,,,,,,,,,,,,,,,,2023-10
2023-10-27,6732,昇佳電子,半導體業,移出,突破失敗,360.65,74.0,,8,,,,,,,,,,,,,,,,,,,,2023-10
2023-10-30,8016,矽創,半導體業,進榜,準備,247.03,81.0,3.0,0,,1.4,2.9,,,,,,,249.2,0.9,0.5,2.7,,,,,,,2023-10
2023-10-30,3227,原相,半導體業,進榜,準備,116.84,74.0,2.0,0,,21.7,2.9,,,,,,,116.8,0.0,21.7,2.7,,,,,,,2023-10
2023-10-30,6231,系微,資訊服務業,移出,突破失敗,122.52,71.0,,19,,,,,,,,,,,,,,,,,,,,2023-10
2023-10-30,6530,創威,通信網路業,移出,離高點太遠,47.22,96.0,,12,,,,,,,,,,,,,,,,,,,,2023-10
2023-10-30,3025,星通,電子工業,移出,離高點太遠,46.92,82.0,,6,,,,,,,,,,,,,,,,,,,,2023-10
2023-10-30,6117,迎廣,電子工業,移出,離高點太遠,47.21,100.0,,3,,,,,,,,,,,,,,,,,,,,2023-10
2023-10-31,2105,正新,橡膠工業,進榜,準備,38.39,71.0,2.0,0,,7.5,4.9,,,,,,,38.2,-0.5,8.0,4.6,,,,,,,2023-10
2023-10-31,2387,精元,電子工業,進榜,準備,39.32,70.0,3.0,0,,11.9,4.9,,,,,,,39.4,0.3,11.6,4.6,,,,,,,2023-10
2023-10-31,2458,義隆,半導體業,移出,逾期,123.28,92.0,,56,,,,,,,,,,,,,,,,,,,,2023-10
2023-10-31,6605,帝寶,汽車工業,移出,掉出掃描母體,117.54,79.0,,46,,,,,,,,,,,,,,,,,,,,2023-10
2023-10-31,2401,凌陽,半導體業,移出,掉出掃描母體,31.65,73.0,,11,,,,,,,,,,,,,,,,,,,,2023-10
2023-11-01,6189,豐藝,電子工業,進榜,準備,40.57,87.0,1.0,0,,4.8,4.9,,,,,,,40.8,0.5,4.3,4.3,,,,,,,2023-11
2023-11-01,4967,十銓,半導體業,進榜,準備,73.25,74.0,2.0,0,,10.8,4.9,,,,,,,75.2,2.6,8.0,4.3,,,,,,,2023-11
2023-11-01,6679,鈺太,半導體業,進榜,準備,352.89,72.0,2.0,0,,0.8,4.9,,,,,,,358.9,1.7,-0.9,4.3,,,,,,,2023-11
2023-11-01,3034,聯詠,半導體業,進榜,準備,403.86,71.0,3.0,0,,8.9,4.9,,,,,,,409.0,1.3,7.6,4.3,,,,,,,2023-11
2023-11-02,6732,昇佳電子,半導體業,進榜,觸發,410.84,87.0,2.0,0,,0.3,4.4,,,,,,,423.3,3.0,-2.6,4.0,,,,,,,2023-11
2023-11-02,6732,昇佳電子,半導體業,觸發,進榜即觸發,410.84,87.0,2.0,0,410.84,0.3,4.4,,,,,,,423.3,3.0,-2.6,4.0,,,,,,,2023-11
2023-11-02,6531,愛普*,半導體業,進榜,觸發,378.84,76.0,4.0,0,,17.7,4.4,,,,,,,371.7,-1.9,20.0,4.0,,,,,,,2023-11
2023-11-02,6531,愛普*,半導體業,觸發,進榜即觸發,378.84,76.0,4.0,0,378.84,17.7,4.4,,,,,,,371.7,-1.9,20.0,4.0,,,,,,,2023-11
2023-11-02,3322,建舜電,電子零組件業,進榜,觸發,24.89,71.0,4.0,0,,-9.9,4.4,,,,,,,25.0,0.6,-10.5,4.0,,,,,,,2023-11
2023-11-02,3322,建舜電,電子零組件業,觸發,進榜即觸發,24.89,71.0,4.0,0,24.89,-9.9,4.4,,,,,,,25.0,0.6,-10.5,4.0,,,,,,,2023-11
2023-11-02,6191,精成科,電子工業,進榜,準備,57.07,96.0,3.0,0,,8.0,4.4,,,,,,,56.9,-0.3,8.3,4.0,,,,,,,2023-11
2023-11-02,6197,佳必琪,電子零組件業,進榜,準備,80.88,92.0,3.0,0,,2.8,4.4,,,,,,,81.2,0.3,2.5,4.0,,,,,,,2023-11
2023-11-02,8927,北基,油電燃氣業,進榜,準備,42.95,85.0,2.0,0,,-5.6,4.4,,,,,,,43.2,0.5,-6.1,4.0,,,,,,,2023-11
2023-11-02,4766,南寶,化學工業,進榜,準備,180.85,83.0,2.0,0,,18.9,4.4,,,,,,,182.6,1.0,17.7,4.0,,,,,,,2023-11
2023-11-02,2492,華新科,電子工業,進榜,準備,112.26,76.0,1.0,0,,15.2,4.4,,,,,,,116.5,3.8,11.0,4.0,,,,,,,2023-11
2023-11-02,6257,矽格,半導體業,進榜,準備,55.03,72.0,1.0,0,,4.8,4.4,,,,,,,55.4,0.7,4.1,4.0,,,,,,,2023-11
2023-11-02,3264,欣銓,半導體業,進榜,準備,58.54,71.0,3.0,0,,6.7,4.4,,,,,,,59.1,0.9,5.7,4.0,,,,,,,2023-11
2023-11-02,8299,群聯,半導體業,進榜,準備,440.96,71.0,3.0,0,,0.6,4.4,,,,,,,445.1,0.9,-0.3,4.0,,,,,,,2023-11
2023-11-02,8016,矽創,半導體業,觸發,等待後觸發,257.0,83.0,3.0,3,253.1,-2.5,4.4,,,,,,,255.3,-0.7,-1.9,4.0,,,,,,,2023-11
2023-11-02,4967,十銓,半導體業,觸發,等待後觸發,80.53,80.0,2.0,1,73.99,-0.5,4.4,,,,,,,82.9,3.0,-3.3,4.0,,,,,,,2023-11
2023-11-02,2105,正新,橡膠工業,移出,掉出掃描母體,38.26,71.0,,2,,,,,,,,,,,,,,,,,,,,2023-11
2023-11-02,3034,聯詠,半導體業,移出,掉出掃描母體,403.86,71.0,,1,,,,,,,,,,,,,,,,,,,,2023-11
2023-11-03,2388,威盛,半導體業,進榜,觸發,144.33,94.0,4.0,0,,21.7,4.5,,,,,,,148.8,3.1,18.1,4.0,,,,,,,2023-11
2023-11-03,2388,威盛,半導體業,觸發,進榜即觸發,144.33,94.0,4.0,0,144.33,21.7,4.5,,,,,,,148.8,3.1,18.1,4.0,,,,,,,2023-11
2023-11-03,3596,智易,通信網路業,進榜,準備,146.37,90.0,3.0,0,,-2.4,4.5,,,,,,,148.1,1.2,-3.6,4.0,,,,,,,2023-11
2023-11-03,6412,群電,電子工業,進榜,準備,104.96,83.0,3.0,0,,20.1,4.5,,,,,,,106.7,1.7,18.1,4.0,,,,,,,2023-11
2023-11-03,2603,長榮,航運業,進榜,準備,86.45,73.0,1.0,0,,1.3,4.5,,,,,,,83.8,-3.1,4.6,4.0,,,,,,,2023-11
2023-11-03,2387,精元,電子工業,移出,掉出掃描母體,39.88,71.0,,3,,,,,,,,,,,,,,,,,,,,2023-11
2023-11-03,3213,茂訊,電腦及週邊設備業,移出,掉出掃描母體,66.17,87.0,,18,,,,,,,,,,,,,,,,,,,,2023-11
2023-11-03,3322,建舜電,電子零組件業,移出,掉出掃描母體,24.89,71.0,,1,,,,,,,,,,,,,,,,,,,,2023-11
2023-11-06,3661,世芯-KY,半導體業,進榜,觸發,2898.74,98.0,6.0,0,,5.2,3.9,,,,,,,2859.5,-1.4,6.7,4.0,,,,,,,2023-11
2023-11-06,3661,世芯-KY,半導體業,觸發,進榜即觸發,2898.74,98.0,6.0,0,2898.74,5.2,3.9,,,,,,,2859.5,-1.4,6.7,4.0,,,,,,,2023-11
2023-11-06,1815,富喬,電子零組件業,進榜,觸發,19.42,92.0,4.0,0,,-16.9,3.9,,,,,,,19.4,-0.2,-16.7,4.0,,,,,,,2023-11
2023-11-06,1815,富喬,電子零組件業,觸發,進榜即觸發,19.42,92.0,4.0,0,19.42,-16.9,3.9,,,,,,,19.4,-0.2,-16.7,4.0,,,,,,,2023-11
2023-11-06,9950,萬國通,塑膠工業,進榜,準備,28.5,98.0,3.0,0,,-7.2,3.9,,,,,,,28.8,0.9,-8.0,4.0,,,,,,,2023-11
2023-11-06,3034,聯詠,半導體業,進榜,準備,426.2,71.0,3.0,0,,3.6,3.9,,,,,,,424.1,-0.5,4.2,4.0,,,,,,,2023-11
2023-11-06,8927,北基,油電燃氣業,移出,掉出掃描母體,43.02,85.0,,4,,,,,,,,,,,,,,,,,,,,2023-11
2023-11-06,6257,矽格,半導體業,移出,掉出掃描母體,55.57,71.0,,4,,,,,,,,,,,,,,,,,,,,2023-11
2023-11-06,2603,長榮,航運業,移出,掉出掃描母體,86.45,73.0,,3,,,,,,,,,,,,,,,,,,,,2023-11
2023-11-06,3227,原相,半導體業,移出,掉出掃描母體,113.28,71.0,,7,,,,,,,,,,,,,,,,,,,,2023-11
2023-11-07,3217,優群,電子零組件業,進榜,觸發,127.76,79.0,3.0,0,,13.1,3.4,,,,,,,129.5,1.3,11.6,3.3,,,,,,,2023-11
2023-11-07,3217,優群,電子零組件業,觸發,進榜即觸發,127.76,79.0,3.0,0,127.76,13.1,3.4,,,,,,,129.5,1.3,11.6,3.3,,,,,,,2023-11
2023-11-07,2401,凌陽,半導體業,進榜,準備,33.05,75.0,2.0,0,,5.3,3.4,,,,,,,33.1,0.2,5.1,3.3,,,,,,,2023-11
2023-11-07,3034,聯詠,半導體業,移出,掉出掃描母體,426.2,71.0,,1,,,,,,,,,,,,,,,,,,,,2023-11
2023-11-08,2329,華泰,半導體業,進榜,觸發,46.01,97.0,3.0,0,,27.1,3.5,,,,,,,45.5,-1.0,28.5,3.5,,,,,,,2023-11
2023-11-08,2329,華泰,半導體業,觸發,進榜即觸發,46.01,97.0,3.0,0,46.01,27.1,3.5,,,,,,,45.5,-1.0,28.5,3.5,,,,,,,2023-11
2023-11-08,1515,力山,電機機械,進榜,觸發,39.55,76.0,3.0,0,,24.4,3.5,,,,,,,40.8,3.2,20.4,3.5,,,,,,,2023-11
2023-11-08,1515,力山,電機機械,觸發,進榜即觸發,39.55,76.0,3.0,0,39.55,24.4,3.5,,,,,,,40.8,3.2,20.4,3.5,,,,,,,2023-11
2023-11-08,3122,笙泉,半導體業,進榜,準備,50.1,97.0,1.0,0,,2.6,3.5,,,,,,,51.7,3.2,-0.6,3.5,,,,,,,2023-11
2023-11-08,8081,致新,半導體業,進榜,準備,221.29,83.0,2.0,0,,-2.1,3.5,,,,,,,221.3,0.0,-2.1,3.5,,,,,,,2023-11
2023-11-08,3227,原相,半導體業,進榜,準備,122.61,78.0,3.0,0,,13.8,3.5,,,,,,,121.7,-0.7,14.6,3.5,,,,,,,2023-11
2023-11-08,5269,祥碩,半導體業,進榜,準備,1291.94,78.0,1.0,0,,7.3,3.5,,,,,,,1301.4,0.7,6.5,3.5,,,,,,,2023-11
2023-11-08,3376,新日興,電子零組件業,進榜,準備,99.19,74.0,2.0,0,,14.0,3.5,,,,,,,97.8,-1.4,15.6,3.5,,,,,,,2023-11
2023-11-08,2211,長榮鋼,鋼鐵工業,移出,掉出掃描母體,61.37,71.0,,49,,,,,,,,,,,,,,,,,,,,2023-11
2023-11-08,8299,群聯,半導體業,移出,掉出掃描母體,456.1,78.0,,6,,,,,,,,,,,,,,,,,,,,2023-11
2023-11-08,2363,矽統,半導體業,移出,離高點太遠,69.04,100.0,,89,,,,,,,,,,,,,,,,,,,,2023-11
2023-11-08,2388,威盛,半導體業,移出,離高點太遠,128.41,89.0,,5,,,,,,,,,,,,,,,,,,,,2023-11
2023-11-09,6122,擎邦,電機機械,進榜,觸發,41.75,92.0,3.0,0,,24.3,3.6,,,,,,,43.2,3.6,20.0,3.8,,,,,,,2023-11
2023-11-09,6122,擎邦,電機機械,觸發,進榜即觸發,41.75,92.0,3.0,0,41.75,24.3,3.6,,,,,,,43.2,3.6,20.0,3.8,,,,,,,2023-11
2023-11-09,6664,群翊,電子零組件業,進榜,觸發,154.05,84.0,4.0,0,,-4.1,3.6,,,,,,,154.5,0.3,-4.4,3.8,,,,,,,2023-11
2023-11-09,6664,群翊,電子零組件業,觸發,進榜即觸發,154.05,84.0,4.0,0,154.05,-4.1,3.6,,,,,,,154.5,0.3,-4.4,3.8,,,,,,,2023-11
2023-11-09,8299,群聯,半導體業,進榜,準備,445.55,72.0,3.0,0,,3.0,3.6,,,,,,,444.6,-0.2,3.2,3.8,,,,,,,2023-11
2023-11-09,2204,中華,汽車工業,進榜,準備,85.14,71.0,3.0,0,,8.7,3.6,,,,,,,85.1,0.0,8.7,3.8,,,,,,,2023-11
2023-11-09,3264,欣銓,半導體業,移出,掉出掃描母體,59.96,70.0,,7,,,,,,,,,,,,,,,,,,,,2023-11
2023-11-09,3014,聯陽,半導體業,移出,掉出掃描母體,139.46,90.0,,66,,,,,,,,,,,,,,,,,,,,2023-11
2023-11-09,1815,富喬,電子零組件業,移出,突破失敗,17.39,86.0,,3,,,,,,,,,,,,,,,,,,,,2023-11
2023-11-10,2383,台光電,電子工業,進榜,準備,400.67,97.0,2.0,0,,-5.6,4.2,,,,,,,405.0,1.1,-6.6,3.9,,,,,,,2023-11
2023-11-10,6805,富世達,電子工業,進榜,準備,356.06,94.0,3.0,0,,4.8,4.2,,,,,,,360.0,1.1,3.7,3.9,,,,,,,2023-11
2023-11-10,3044,健鼎,電子工業,進榜,準備,176.47,91.0,2.0,0,,2.6,4.2,,,,,,,180.1,2.0,0.5,3.9,,,,,,,2023-11
2023-11-10,2387,精元,電子工業,進榜,準備,42.74,77.0,3.0,0,,6.1,4.2,,,,,,,44.2,3.4,2.7,3.9,,,,,,,2023-11
2023-11-10,3264,欣銓,半導體業,進榜,準備,60.14,70.0,3.0,0,,14.9,4.2,,,,,,,60.9,1.2,13.6,3.9,,,,,,,2023-11
2023-11-10,4766,南寶,化學工業,觸發,等待後觸發,212.79,92.0,2.0,8,181.29,4.9,4.2,,,,,,,216.2,1.6,3.2,3.9,,,,,,,2023-11
2023-11-10,1808,潤隆,建材營造,移出,掉出掃描母體,43.36,75.0,,25,,,,,,,,,,,,,,,,,,,,2023-11
2023-11-10,8081,致新,半導體業,移出,掉出掃描母體,221.71,85.0,,2,,,,,,,,,,,,,,,,,,,,2023-11
2023-11-10,2204,中華,汽車工業,移出,掉出掃描母體,85.14,71.0,,1,,,,,,,,,,,,,,,,,,,,2023-11
2023-11-10,8112,至上,電子工業,移出,掉出掃描母體,45.29,74.0,,91,,,,,,,,,,,,,,,,,,,,2023-11
2023-11-10,9950,萬國通,塑膠工業,移出,晚期未觸發,25.6,96.0,,4,,,,,,,,,,,,,,,,,,,,2023-11
2023-11-10,2401,凌陽,半導體業,移出,掉出掃描母體,31.85,72.0,,3,,,,,,,,,,,,,,,,,,,,2023-11
2023-11-13,6593,台灣銘板,資訊服務業,進榜,觸發,146.64,99.0,5.0,0,,29.1,4.1,,,,,,,140.8,-4.0,34.5,4.0,,,,,,,2023-11
2023-11-13,6593,台灣銘板,資訊服務業,觸發,進榜即觸發,146.64,99.0,5.0,0,146.64,29.1,4.1,,,,,,,140.8,-4.0,34.5,4.0,,,,,,,2023-11
2023-11-13,6669,緯穎,電子工業,進榜,觸發,1801.45,91.0,3.0,0,,-9.8,4.1,,,,,,,1801.4,0.0,-9.8,4.0,,,,,,,2023-11
2023-11-13,6669,緯穎,電子工業,觸發,進榜即觸發,1801.45,91.0,3.0,0,1801.45,-9.8,4.1,,,,,,,1801.4,0.0,-9.8,4.0,,,,,,,2023-11
2023-11-13,8932,智通*,其他,進榜,觸發,17.82,86.0,3.0,0,,12.4,4.1,,,,,,,17.3,-2.7,15.5,4.0,,,,,,,2023-11
2023-11-13,8932,智通*,其他,觸發,進榜即觸發,17.82,86.0,3.0,0,17.82,12.4,4.1,,,,,,,17.3,-2.7,15.5,4.0,,,,,,,2023-11
2023-11-13,9927,泰銘,其他,進榜,準備,70.1,79.0,2.0,0,,18.8,4.1,,,,,,,70.6,0.6,18.1,4.0,,,,,,,2023-11
2023-11-13,8081,致新,半導體業,進榜,準備,221.29,78.0,2.0,0,,-1.5,4.1,,,,,,,223.4,1.0,-2.5,4.0,,,,,,,2023-11
2023-11-13,2313,華通,電子工業,進榜,準備,54.65,77.0,3.0,0,,16.8,4.1,,,,,,,54.6,0.0,16.8,4.0,,,,,,,2023-11
2023-11-13,2374,佳能,光電業,進榜,準備,21.42,71.0,2.0,0,,2.8,4.1,,,,,,,21.1,-1.6,4.4,4.0,,,,,,,2023-11
2023-11-13,2385,群光,電子工業,觸發,等待後觸發,127.26,89.0,1.0,33,104.28,13.4,4.1,,,,,,,126.8,-0.3,13.8,4.0,,,,,,,2023-11
2023-11-13,6805,富世達,電子工業,觸發,等待後觸發,366.33,96.0,3.0,3,365.84,-0.9,4.1,,,,,,,361.9,-1.2,0.3,4.0,,,,,,,2023-11
2023-11-13,3036,文曄,電子工業,移出,離高點太遠,111.71,96.0,,56,,,,,,,,,,,,,,,,,,,,2023-11
2023-11-13,5536,聖暉*,其他電子類,移出,掉出掃描母體,159.52,74.0,,19,,,,,,,,,,,,,,,,,,,,2023-11
2023-11-14,3276,宇環,電子零組件業,進榜,觸發,26.16,96.0,2.0,0,,-9.2,3.6,,,,,,,27.5,5.3,-13.8,3.1,,,,,,,2023-11
2023-11-14,3276,宇環,電子零組件業,觸發,進榜即觸發,26.16,96.0,2.0,0,26.16,-9.2,3.6,,,,,,,27.5,5.3,-13.8,3.1,,,,,,,2023-11
2023-11-14,3545,敦泰,電子工業,進榜,準備,90.0,75.0,1.0,0,,23.7,3.6,,,,,,,91.8,2.0,21.3,3.1,,,,,,,2023-11
2023-11-14,6243,迅杰,半導體業,進榜,準備,52.12,75.0,3.0,0,,33.2,3.6,,,,,,,53.6,2.9,29.5,3.1,,,,,,,2023-11
2023-11-14,6138,茂達,半導體業,進榜,準備,157.29,72.0,1.0,0,,9.8,3.6,,,,,,,162.6,3.4,6.2,3.1,,,,,,,2023-11
2023-11-14,3596,智易,通信網路業,移出,晚期未觸發,148.56,82.0,,11,,,,,,,,,,,,,,,,,,,,2023-11
2023-11-14,3264,欣銓,半導體業,移出,掉出掃描母體,61.29,70.0,,4,,,,,,,,,,,,,,,,,,,,2023-11
2023-11-14,2374,佳能,光電業,移出,掉出掃描母體,21.42,71.0,,1,,,,,,,,,,,,,,,,,,,,2023-11
2023-11-14,2492,華新科,電子工業,移出,掉出掃描母體,115.1,72.0,,12,,,,,,,,,,,,,,,,,,,,2023-11
2023-11-14,6593,台灣銘板,資訊服務業,移出,突破失敗,132.42,99.0,,1,,,,,,,,,,,,,,,,,,,,2023-11
2023-11-15,2417,圓剛,電子工業,進榜,觸發,38.82,96.0,2.0,0,,-3.2,2.9,,,,,,,40.2,3.6,-6.5,2.7,,,,,,,2023-11
2023-11-15,2417,圓剛,電子工業,觸發,進榜即觸發,38.82,96.0,2.0,0,38.82,-3.2,2.9,,,,,,,40.2,3.6,-6.5,2.7,,,,,,,2023-11
2023-11-15,2458,義隆,半導體業,進榜,準備,126.27,83.0,1.0,0,,7.1,2.9,,,,,,,126.7,0.3,6.8,2.7,,,,,,,2023-11
2023-11-15,6213,聯茂,電子工業,進榜,準備,86.09,73.0,2.0,0,,-9.1,2.9,,,,,,,86.0,-0.1,-9.0,2.7,,,,,,,2023-11
2023-11-15,2383,台光電,電子工業,移出,掉出掃描母體,402.59,97.0,,5,,,,,,,,,,,,,,,,,,,,2023-11
2023-11-16,2543,皇昌,建材營造,進榜,觸發,15.81,100.0,2.0,0,,-3.6,2.7,,,,,,,16.5,4.6,-7.9,2.8,,,,,,,2023-11
2023-11-16,2543,皇昌,建材營造,觸發,進榜即觸發,15.81,100.0,2.0,0,15.81,-3.6,2.7,,,,,,,16.5,4.6,-7.9,2.8,,,,,,,2023-11
2023-11-16,2204,中華,汽車工業,進榜,觸發,86.38,70.0,3.0,0,,13.4,2.7,,,,,,,86.8,0.5,12.9,2.8,,,,,,,2023-11
2023-11-16,2204,中華,汽車工業,觸發,進榜即觸發,86.38,70.0,3.0,0,86.38,13.4,2.7,,,,,,,86.8,0.5,12.9,2.8,,,,,,,2023-11
2023-11-16,2355,敬鵬,電子工業,進榜,準備,38.02,75.0,3.0,0,,23.2,2.7,,,,,,,38.0,0.0,23.2,2.8,,,,,,,2023-11
2023-11-16,8227,巨有科技,半導體業,進榜,準備,208.78,73.0,3.0,0,,26.8,2.7,,,,,,,210.7,0.9,25.7,2.8,,,,,,,2023-11
2023-11-16,6691,洋基工程,其他電子業,進榜,準備,186.38,72.0,3.0,0,,10.0,2.7,,,,,,,187.6,0.6,9.3,2.8,,,,,,,2023-11
2023-11-16,3545,敦泰,電子工業,觸發,等待後觸發,98.53,79.0,1.0,2,90.57,12.0,2.7,,,,,,,98.5,0.0,12.0,2.8,,,,,,,2023-11
2023-11-16,8081,致新,半導體業,移出,掉出掃描母體,225.51,78.0,,3,,,,,,,,,,,,,,,,,,,,2023-11
2023-11-16,6213,聯茂,電子工業,移出,掉出掃描母體,86.09,73.0,,1,,,,,,,,,,,,,,,,,,,,2023-11
2023-11-16,8299,群聯,半導體業,移出,掉出掃描母體,440.04,72.0,,7,,,,,,,,,,,,,,,,,,,,2023-11
2023-11-17,3005,神基,電子工業,進榜,觸發,78.69,77.0,4.0,0,,19.9,2.5,,,,,,,80.2,1.9,17.7,2.3,,,,,,,2023-11
2023-11-17,3005,神基,電子工業,觸發,進榜即觸發,78.69,77.0,4.0,0,78.69,19.9,2.5,,,,,,,80.2,1.9,17.7,2.3,,,,,,,2023-11
2023-11-17,3324,雙鴻,其他電子類,進榜,觸發,337.83,71.0,4.0,0,,-5.0,2.5,,,,,,,339.8,0.6,-5.5,2.3,,,,,,,2023-11
2023-11-17,3324,雙鴻,其他電子類,觸發,進榜即觸發,337.83,71.0,4.0,0,337.83,-5.0,2.5,,,,,,,339.8,0.6,-5.5,2.3,,,,,,,2023-11
2023-11-17,2383,台光電,電子工業,進榜,準備,401.15,96.0,2.0,0,,-9.9,2.5,,,,,,,403.1,0.5,-10.4,2.3,,,,,,,2023-11
2023-11-17,8081,致新,半導體業,進榜,準備,224.24,77.0,2.0,0,,-4.1,2.5,,,,,,,226.8,1.1,-5.2,2.3,,,,,,,2023-11
2023-11-17,1582,信錦,電子工業,進榜,準備,67.16,74.0,1.0,0,,9.7,2.5,,,,,,,67.3,0.3,9.4,2.3,,,,,,,2023-11
2023-11-17,3034,聯詠,半導體業,進榜,準備,425.35,73.0,3.0,0,,4.0,2.5,,,,,,,427.5,0.5,3.5,2.3,,,,,,,2023-11
2023-11-17,6243,迅杰,半導體業,觸發,等待後觸發,63.76,90.0,3.0,3,53.26,0.1,2.5,,,,,,,66.0,3.6,-3.3,2.3,,,,,,,2023-11
2023-11-17,2355,敬鵬,電子工業,觸發,等待後觸發,41.78,84.0,3.0,1,38.42,9.5,2.5,,,,,,,43.4,4.0,5.4,2.3,,,,,,,2023-11
2023-11-17,8227,巨有科技,半導體業,觸發,等待後觸發,225.06,75.0,3.0,1,212.61,15.3,2.5,,,,,,,232.2,3.2,11.8,2.3,,,,,,,2023-11
2023-11-17,6679,鈺太,半導體業,移出,掉出掃描母體,354.74,70.0,,16,,,,,,,,,,,,,,,,,,,,2023-11
2023-11-17,2204,中華,汽車工業,移出,掉出掃描母體,86.38,70.0,,1,,,,,,,,,,,,,,,,,,,,2023-11
2023-11-20,3715,定穎投控,電子零組件業,進榜,觸發,95.89,100.0,3.0,0,,-13.2,1.8,,,,,,,97.3,1.5,-14.4,1.7,,,,,,,2023-11
2023-11-20,3715,定穎投控,電子零組件業,觸發,進榜即觸發,95.89,100.0,3.0,0,95.89,-13.2,1.8,,,,,,,97.3,1.5,-14.4,1.7,,,,,,,2023-11
2023-11-20,6187,萬潤,其他電子類,進榜,準備,131.43,95.0,2.0,0,,-4.0,1.8,,,,,,,132.4,0.7,-4.7,1.7,,,,,,,2023-11
2023-11-20,3596,智易,通信網路業,進榜,準備,148.12,80.0,3.0,0,,4.4,1.8,,,,,,,149.0,0.6,3.8,1.7,,,,,,,2023-11
2023-11-20,6276,安鈦克,電腦及週邊設備業,進榜,準備,73.41,79.0,3.0,0,,39.2,1.8,,,,,,,73.7,0.4,38.7,1.7,,,,,,,2023-11
2023-11-20,2401,凌陽,半導體業,進榜,準備,35.65,77.0,2.0,0,,-4.5,1.8,,,,,,,36.0,0.8,-5.3,1.7,,,,,,,2023-11
2023-11-20,6158,禾昌,電子零組件業,進榜,準備,35.9,75.0,3.0,0,,-14.2,1.8,,,,,,,35.2,-2.1,-12.4,1.7,,,,,,,2023-11
2023-11-20,3034,聯詠,半導體業,移出,掉出掃描母體,425.35,73.0,,3,,,,,,,,,,,,,,,,,,,,2023-11
2023-11-21,8467,波力-KY,其他,進榜,觸發,123.52,98.0,3.0,0,,-6.1,0.9,,,,,,,123.5,0.0,-6.1,1.1,,,,,,,2023-11
2023-11-21,8467,波力-KY,其他,觸發,進榜即觸發,123.52,98.0,3.0,0,123.52,-6.1,0.9,,,,,,,123.5,0.0,-6.1,1.1,,,,,,,2023-11
2023-11-21,3483,力致,電腦及週邊設備業,進榜,觸發,129.09,96.0,4.0,0,,-9.9,0.9,,,,,,,127.5,-1.2,-8.8,1.1,,,,,,,2023-11
2023-11-21,3483,力致,電腦及週邊設備業,觸發,進榜即觸發,129.09,96.0,4.0,0,129.09,-9.9,0.9,,,,,,,127.5,-1.2,-8.8,1.1,,,,,,,2023-11
2023-11-21,3694,海華,通信網路業,進榜,觸發,36.64,73.0,4.0,0,,11.9,0.9,,,,,,,36.6,-0.1,12.0,1.1,,,,,,,2023-11
2023-11-21,3694,海華,通信網路業,觸發,進榜即觸發,36.64,73.0,4.0,0,36.64,11.9,0.9,,,,,,,36.6,-0.1,12.0,1.1,,,,,,,2023-11
2023-11-21,2405,輔信,電子工業,進榜,準備,17.63,74.0,3.0,0,,-8.9,0.9,,,,,,,17.8,0.8,-9.6,1.1,,,,,,,2023-11
2023-11-21,6158,禾昌,電子零組件業,移出,掉出掃描母體,35.9,75.0,,1,,,,,,,,,,,,,,,,,,,,2023-11
2023-11-21,3526,凡甲,電子零組件業,移出,掉出掃描母體,155.99,70.0,,50,,,,,,,,,,,,,,,,,,,,2023-11
2023-11-22,5236,凌陽創新,半導體業,進榜,觸發,147.42,93.0,4.0,0,,0.6,1.0,,,,,,,148.7,0.8,-0.3,1.0,,,,,,,2023-11
2023-11-22,5236,凌陽創新,半導體業,觸發,進榜即觸發,147.42,93.0,4.0,0,147.42,0.6,1.0,,,,,,,148.7,0.8,-0.3,1.0,,,,,,,2023-11
2023-11-22,3362,先進光,光電業,進榜,觸發,172.06,86.0,5.0,0,,-3.1,1.0,,,,,,,175.0,1.7,-4.8,1.0,,,,,,,2023-11
2023-11-22,3362,先進光,光電業,觸發,進榜即觸發,172.06,86.0,5.0,0,172.06,-3.1,1.0,,,,,,,175.0,1.7,-4.8,1.0,,,,,,,2023-11
2023-11-22,3169,亞信,半導體業,進榜,觸發,133.65,71.0,1.0,0,,-10.6,1.0,,,,,,,136.8,2.4,-12.7,1.0,,,,,,,2023-11
2023-11-22,3169,亞信,半導體業,觸發,進榜即觸發,133.65,71.0,1.0,0,133.65,-10.6,1.0,,,,,,,136.8,2.4,-12.7,1.0,,,,,,,2023-11
2023-11-22,2436,偉詮電,半導體業,進榜,準備,70.61,81.0,2.0,0,,-10.1,1.0,,,,,,,70.4,-0.3,-9.9,1.0,,,,,,,2023-11
2023-11-22,1560,中砂,電機機械,移出,逾期,182.61,91.0,,56,,,,,,,,,,,,,,,,,,,,2023-11
2023-11-23,2455,全新,通信網路業,進榜,準備,159.88,90.0,3.0,0,,-8.4,0.7,,,,,,,160.4,0.3,-8.6,0.7,,,,,,,2023-11
2023-11-23,2540,愛山林,建材營造,進榜,準備,37.77,84.0,3.0,0,,-6.5,0.7,,,,,,,37.9,0.4,-6.9,0.7,,,,,,,2023-11
2023-11-23,6669,緯穎,電子工業,移出,離高點太遠,1657.52,77.0,,10,,,,,,,,,,,,,,,,,,,,2023-11
2023-11-23,6276,安鈦克,電腦及週邊設備業,移出,離高點太遠,68.47,71.0,,3,,,,,,,,,,,,,,,,,,,,2023-11
2023-11-23,3169,亞信,半導體業,移出,掉出掃描母體,133.65,71.0,,1,,,,,,,,,,,,,,,,,,,,2023-11
2023-11-24,8086,宏捷科,半導體業,進榜,觸發,134.29,91.0,4.0,0,,-11.2,0.5,,,,,,,143.0,6.5,-16.6,0.4,,,,,,,2023-11
2023-11-24,8086,宏捷科,半導體業,觸發,進榜即觸發,134.29,91.0,4.0,0,134.29,-11.2,0.5,,,,,,,143.0,6.5,-16.6,0.4,,,,,,,2023-11
2023-11-24,3034,聯詠,半導體業,進榜,準備,429.64,72.0,3.0,0,,1.2,0.5,,,,,,,431.4,0.4,0.8,0.4,,,,,,,2023-11
2023-11-27,2211,長榮鋼,鋼鐵工業,進榜,觸發,66.29,73.0,2.0,0,,28.9,0.7,,,,,,,66.5,0.4,28.4,0.5,,,,,,,2023-11
2023-11-27,2211,長榮鋼,鋼鐵工業,觸發,進榜即觸發,66.29,73.0,2.0,0,66.29,28.9,0.7,,,,,,,66.5,0.4,28.4,0.5,,,,,,,2023-11
2023-11-27,4749,新應材,光電業,進榜,觸發,343.37,70.0,2.0,0,,18.0,0.7,,,,,,,338.9,-1.3,19.5,0.5,,,,,,,2023-11
2023-11-27,4749,新應材,光電業,觸發,進榜即觸發,343.37,70.0,2.0,0,343.37,18.0,0.7,,,,,,,338.9,-1.3,19.5,0.5,,,,,,,2023-11
2023-11-27,6276,安鈦克,電腦及週邊設備業,進榜,準備,73.68,82.0,3.0,0,,40.0,0.7,,,,,,,73.9,0.4,39.5,0.5,,,,,,,2023-11
2023-11-27,6664,群翊,電子零組件業,移出,掉出掃描母體,152.69,72.0,,18,,,,,,,,,,,,,,,,,,,,2023-11
2023-11-27,3044,健鼎,電子工業,移出,掉出掃描母體,170.17,75.0,,17,,,,,,,,,,,,,,,,,,,,2023-11
2023-11-27,3324,雙鴻,其他電子類,移出,掉出掃描母體,357.62,77.0,,10,,,,,,,,,,,,,,,,,,,,2023-11
2023-11-27,2383,台光電,電子工業,移出,掉出掃描母體,405.48,94.0,,10,,,,,,,,,,,,,,,,,,,,2023-11
2023-11-27,3596,智易,通信網路業,移出,掉出掃描母體,145.49,77.0,,7,,,,,,,,,,,,,,,,,,,,2023-11
2023-11-27,8086,宏捷科,半導體業,移出,離高點太遠,121.25,86.0,,3,,,,,,,,,,,,,,,,,,,,2023-11
2023-11-28,4945,陞達科技,半導體業,進榜,觸發,91.54,95.0,3.0,0,,-6.8,0.4,,,,,,,94.6,3.3,-9.8,0.4,,,,,,,2023-11
2023-11-28,4945,陞達科技,半導體業,觸發,進榜即觸發,91.54,95.0,3.0,0,91.54,-6.8,0.4,,,,,,,94.6,3.3,-9.8,0.4,,,,,,,2023-11
2023-11-28,9919,康那香,其他,進榜,觸發,23.11,71.0,1.0,0,,11.8,0.4,,,,,,,23.7,2.5,9.1,0.4,,,,,,,2023-11
2023-11-28,9919,康那香,其他,觸發,進榜即觸發,23.11,71.0,1.0,0,23.11,11.8,0.4,,,,,,,23.7,2.5,9.1,0.4,,,,,,,2023-11
2023-11-28,3034,聯詠,半導體業,移出,掉出掃描母體,432.22,72.0,,4,,,,,,,,,,,,,,,,,,,,2023-11
2023-11-28,4749,新應材,光電業,移出,掉出掃描母體,343.37,70.0,,1,,,,,,,,,,,,,,,,,,,,2023-11
2023-11-29,2492,華新科,電子工業,進榜,觸發,132.15,79.0,2.0,0,,-12.5,0.5,,,,,,,132.6,0.4,-12.9,0.4,,,,,,,2023-11
2023-11-29,2492,華新科,電子工業,觸發,進榜即觸發,132.15,79.0,2.0,0,132.15,-12.5,0.5,,,,,,,132.6,0.4,-12.9,0.4,,,,,,,2023-11
2023-11-29,6204,艾華,電子零組件業,進榜,準備,119.72,99.0,3.0,0,,-0.4,0.5,,,,,,,123.7,3.3,-3.6,0.4,,,,,,,2023-11
2023-11-29,3035,智原,半導體業,進榜,準備,362.8,94.0,2.0,0,,-4.6,0.5,,,,,,,362.8,0.0,-4.6,0.4,,,,,,,2023-11
2023-11-29,4749,新應材,光電業,進榜,準備,353.66,72.0,2.0,0,,14.0,0.5,,,,,,,352.3,-0.4,14.4,0.4,,,,,,,2023-11
2023-11-29,2439,美律,通信網路業,進榜,準備,97.08,71.0,3.0,0,,4.0,0.5,,,,,,,97.5,0.4,3.5,0.4,,,,,,,2023-11
2023-11-29,6485,點序,半導體業,進榜,準備,118.12,70.0,2.0,0,,-5.3,0.5,,,,,,,119.1,0.8,-6.1,0.4,,,,,,,2023-11
2023-11-29,5269,祥碩,半導體業,移出,掉出掃描母體,1405.1,74.0,,21,,,,,,,,,,,,,,,,,,,,2023-11
2023-11-30,6117,迎廣,電子工業,進榜,觸發,58.69,100.0,4.0,0,,23.7,0.2,,,,,,,58.8,0.2,23.5,0.3,,,,,,,2023-11
2023-11-30,6117,迎廣,電子工業,觸發,進榜即觸發,58.69,100.0,4.0,0,58.69,23.7,0.2,,,,,,,58.8,0.2,23.5,0.3,,,,,,,2023-11
2023-11-30,2465,麗臺,電腦及週邊設備業,進榜,準備,60.88,91.0,3.0,0,,5.7,0.2,,,,,,,60.5,-0.6,6.3,0.3,,,,,,,2023-11
2023-11-30,3317,尼克森,半導體業,進榜,準備,50.28,78.0,1.0,0,,-3.5,0.2,,,,,,,49.7,-1.1,-2.5,0.3,,,,,,,2023-11
2023-11-30,6191,精成科,電子工業,觸發,等待後觸發,61.63,89.0,3.0,28,58.5,-7.7,0.2,,,,,,,61.7,0.1,-7.8,0.3,,,,,,,2023-11
2023-11-30,8016,矽創,半導體業,移出,掉出掃描母體,255.26,72.0,,31,,,,,,,,,,,,,,,,,,,,2023-11
2023-11-30,6485,點序,半導體業,移出,掉出掃描母體,118.12,70.0,,1,,,,,,,,,,,,,,,,,,,,2023-11
2023-11-30,1477,聚陽,紡織纖維,移出,掉出掃描母體,300.3,80.0,,44,,,,,,,,,,,,,,,,,,,,2023-11
2023-12-01,6593,台灣銘板,資訊服務業,進榜,觸發,186.86,99.0,5.0,0,,-24.4,0.0,,,,,,,194.7,4.2,-27.5,0.0,,,,,,,2023-12
2023-12-01,6593,台灣銘板,資訊服務業,觸發,進榜即觸發,186.86,99.0,5.0,0,186.86,-24.4,0.0,,,,,,,194.7,4.2,-27.5,0.0,,,,,,,2023-12
2023-12-01,8210,勤誠,電子工業,進榜,觸發,265.38,96.0,5.0,0,,-2.0,0.0,,,,,,,271.1,2.2,-4.1,0.0,,,,,,,2023-12
2023-12-01,8210,勤誠,電子工業,觸發,進榜即觸發,265.38,96.0,5.0,0,265.38,-2.0,0.0,,,,,,,271.1,2.2,-4.1,0.0,,,,,,,2023-12
2023-12-01,5478,智冠,文化創意業,進榜,觸發,144.84,94.0,2.0,0,,-13.8,0.0,,,,,,,152.7,5.4,-18.2,0.0,,,,,,,2023-12
2023-12-01,5478,智冠,文化創意業,觸發,進榜即觸發,144.84,94.0,2.0,0,144.84,-13.8,0.0,,,,,,,152.7,5.4,-18.2,0.0,,,,,,,2023-12
2023-12-01,1339,昭輝,汽車工業,進榜,觸發,61.39,92.0,5.0,0,,-12.1,0.0,,,,,,,64.3,4.7,-16.0,0.0,,,,,,,2023-12
2023-12-01,1339,昭輝,汽車工業,觸發,進榜即觸發,61.39,92.0,5.0,0,61.39,-12.1,0.0,,,,,,,64.3,4.7,-16.0,0.0,,,,,,,2023-12
2023-12-01,2612,中航,航運業,進榜,觸發,46.49,71.0,1.0,0,,-1.7,0.0,,,,,,,48.9,5.2,-6.6,0.0,,,,,,,2023-12
2023-12-01,2612,中航,航運業,觸發,進榜即觸發,46.49,71.0,1.0,0,46.49,-1.7,0.0,,,,,,,48.9,5.2,-6.6,0.0,,,,,,,2023-12
2023-12-01,3051,力特,電子工業,進榜,準備,32.49,93.0,3.0,0,,-0.4,0.0,,,,,,,32.8,0.8,-1.2,0.0,,,,,,,2023-12
2023-12-01,5439,高技,電子零組件業,觸發,等待後觸發,134.91,92.0,3.0,49,102.57,-16.1,0.0,,,,,,,136.8,1.4,-17.2,0.0,,,,,,,2023-12
2023-12-01,6276,安鈦克,電腦及週邊設備業,觸發,等待後觸發,107.58,97.0,3.0,4,75.14,-19.9,0.0,,,,,,,118.3,9.9,-27.1,0.0,,,,,,,2023-12
2023-12-01,6732,昇佳電子,半導體業,移出,離高點太遠,405.51,80.0,,29,,,,,,,,,,,,,,,,,,,,2023-12
2023-12-01,2401,凌陽,半導體業,移出,掉出掃描母體,36.15,70.0,,11,,,,,,,,,,,,,,,,,,,,2023-12
2023-12-04,2072,世紀風電,鋼鐵工業,進榜,準備,233.33,90.0,3.0,0,,,,,,,,,,227.4,-2.5,,,,,,,,,2023-12
2023-12-04,4933,友輝,光電業,進榜,準備,49.54,88.0,3.0,0,,,,,,,,,,49.2,-0.7,,,,,,,,,2023-12
2023-12-04,6121,新普,電腦及週邊設備業,進榜,準備,345.63,72.0,2.0,0,,,,,,,,,,344.8,-0.2,,,,,,,,,2023-12
2023-12-04,3051,力特,電子工業,觸發,等待後觸發,34.32,95.0,3.0,3,32.89,,,,,,,,,34.5,0.4,,,,,,,,,2023-12
2023-12-04,2436,偉詮電,半導體業,移出,掉出掃描母體,72.27,73.0,,12,,,,,,,,,,,,,,,,,,,,2023-12
2023-12-04,6122,擎邦,電機機械,移出,離高點太遠,51.58,92.0,,25,,,,,,,,,,,,,,,,,,,,2023-12
2023-12-04,2405,輔信,電子工業,移出,掉出掃描母體,17.53,76.0,,13,,,,,,,,,,,,,,,,,,,,2023-12
2023-12-04,8210,勤誠,電子工業,移出,突破失敗,239.04,94.0,,3,,,,,,,,,,,,,,,,,,,,2023-12
2023-12-05,1519,華城,電機機械,進榜,觸發,246.49,94.0,6.0,0,,,,,,,,,,249.4,1.2,,,,,,,,,2023-12
2023-12-05,1519,華城,電機機械,觸發,進榜即觸發,246.49,94.0,6.0,0,246.49,,,,,,,,,249.4,1.2,,,,,,,,,2023-12
2023-12-05,1319,東陽,汽車工業,進榜,觸發,72.01,87.0,2.0,0,,,,,,,,,,74.5,3.4,,,,,,,,,2023-12
2023-12-05,1319,東陽,汽車工業,觸發,進榜即觸發,72.01,87.0,2.0,0,72.01,,,,,,,,,74.5,3.4,,,,,,,,,2023-12
2023-12-05,1514,亞力,電機機械,進榜,觸發,69.52,83.0,6.0,0,,,,,,,,,,70.9,1.9,,,,,,,,,2023-12
2023-12-05,1514,亞力,電機機械,觸發,進榜即觸發,69.52,83.0,6.0,0,69.52,,,,,,,,,70.9,1.9,,,,,,,,,2023-12
2023-12-05,6139,亞翔,電子工業,移出,離高點太遠,122.68,97.0,,210,,,,,,,,,,,,,,,,,,,,2023-12
2023-12-05,2543,皇昌,建材營造,移出,離高點太遠,15.57,100.0,,19,,,,,,,,,,,,,,,,,,,,2023-12
2023-12-05,8081,致新,半導體業,移出,掉出掃描母體,224.66,73.0,,18,,,,,,,,,,,,,,,,,,,,2023-12
2023-12-05,6187,萬潤,其他電子類,移出,掉出掃描母體,125.74,91.0,,15,,,,,,,,,,,,,,,,,,,,2023-12
2023-12-05,8467,波力-KY,其他,移出,離高點太遠,135.83,98.0,,14,,,,,,,,,,,,,,,,,,,,2023-12
2023-12-05,3694,海華,通信網路業,移出,離高點太遠,37.97,77.0,,14,,,,,,,,,,,,,,,,,,,,2023-12
2023-12-06,1522,堤維西,汽車工業,進榜,觸發,38.3,82.0,4.0,0,,,,,,,,,,37.8,-1.4,,,,,,,,,2023-12
2023-12-06,1522,堤維西,汽車工業,觸發,進榜即觸發,38.3,82.0,4.0,0,38.3,,,,,,,,,37.8,-1.4,,,,,,,,,2023-12
2023-12-06,1618,合機,電器電纜,進榜,觸發,30.39,82.0,4.0,0,,,,,,,,,,30.8,1.2,,,,,,,,,2023-12
2023-12-06,1618,合機,電器電纜,觸發,進榜即觸發,30.39,82.0,4.0,0,30.39,,,,,,,,,30.8,1.2,,,,,,,,,2023-12
2023-12-06,6233,旺玖,半導體業,進榜,觸發,36.55,81.0,1.0,0,,,,,,,,,,37.7,3.1,,,,,,,,,2023-12
2023-12-06,6233,旺玖,半導體業,觸發,進榜即觸發,36.55,81.0,1.0,0,36.55,,,,,,,,,37.7,3.1,,,,,,,,,2023-12
2023-12-06,3264,欣銓,半導體業,進榜,準備,70.79,76.0,3.0,0,,,,,,,,,,69.4,-2.0,,,,,,,,,2023-12
2023-12-06,1563,巧新,電機機械,進榜,準備,71.88,71.0,2.0,0,,,,,,,,,,71.2,-1.0,,,,,,,,,2023-12
2023-12-06,2465,麗臺,電腦及週邊設備業,觸發,等待後觸發,66.52,96.0,3.0,6,61.74,,,,,,,,,65.1,-2.2,,,,,,,,,2023-12
2023-12-06,6805,富世達,電子工業,移出,離高點太遠,367.8,92.0,,26,,,,,,,,,,,,,,,,,,,,2023-12
2023-12-06,9919,康那香,其他,移出,離高點太遠,28.28,84.0,,8,,,,,,,,,,,,,,,,,,,,2023-12
2023-12-06,2492,華新科,電子工業,移出,掉出掃描母體,129.31,71.0,,7,,,,,,,,,,,,,,,,,,,,2023-12
2023-12-07,3213,茂訊,電腦及週邊設備業,進榜,觸發,76.9,89.0,4.0,0,,,,,,,,,,80.1,4.2,,,,,,,,,2023-12
2023-12-07,3213,茂訊,電腦及週邊設備業,觸發,進榜即觸發,76.9,89.0,4.0,0,76.9,,,,,,,,,80.1,4.2,,,,,,,,,2023-12
2023-12-07,1524,耿鼎,汽車工業,進榜,觸發,28.65,84.0,3.0,0,,,,,,,,,,29.9,4.5,,,,,,,,,2023-12
2023-12-07,1524,耿鼎,汽車工業,觸發,進榜即觸發,28.65,84.0,3.0,0,28.65,,,,,,,,,29.9,4.5,,,,,,,,,2023-12
2023-12-07,5469,瀚宇博,電子零組件業,進榜,準備,61.44,77.0,3.0,0,,,,,,,,,,62.1,1.1,,,,,,,,,2023-12
2023-12-07,1563,巧新,電機機械,移出,掉出掃描母體,71.88,71.0,,1,,,,,,,,,,,,,,,,,,,,2023-12
2023-12-07,3715,定穎投控,電子零組件業,移出,離高點太遠,87.0,99.0,,17,,,,,,,,,,,,,,,,,,,,2023-12
2023-12-07,3483,力致,電腦及週邊設備業,移出,離高點太遠,117.89,92.0,,16,,,,,,,,,,,,,,,,,,,,2023-12
2023-12-07,4945,陞達科技,半導體業,移出,離高點太遠,83.12,83.0,,9,,,,,,,,,,,,,,,,,,,,2023-12
2023-12-07,1618,合機,電器電纜,移出,突破失敗,27.38,70.0,,1,,,,,,,,,,,,,,,,,,,,2023-12
2023-12-08,6684,安格,半導體業,進榜,觸發,80.5,93.0,1.0,0,,,,,,,,,,84.0,4.3,,,,,,,,,2023-12
2023-12-08,6684,安格,半導體業,觸發,進榜即觸發,80.5,93.0,1.0,0,80.5,,,,,,,,,84.0,4.3,,,,,,,,,2023-12
2023-12-08,8112,至上,電子工業,進榜,觸發,51.98,76.0,1.0,0,,,,,,,,,,53.6,3.1,,,,,,,,,2023-12
2023-12-08,8112,至上,電子工業,觸發,進榜即觸發,51.98,76.0,1.0,0,51.98,,,,,,,,,53.6,3.1,,,,,,,,,2023-12
2023-12-08,3443,創意,半導體業,進榜,觸發,1840.96,73.0,5.0,0,,,,,,,,,,1802.1,-2.1,,,,,,,,,2023-12
2023-12-08,3443,創意,半導體業,觸發,進榜即觸發,1840.96,73.0,5.0,0,1840.96,,,,,,,,,1802.1,-2.1,,,,,,,,,2023-12
2023-12-08,5269,祥碩,半導體業,進榜,準備,1480.55,82.0,1.0,0,,,,,,,,,,1480.5,0.0,,,,,,,,,2023-12
2023-12-08,3044,健鼎,電子工業,進榜,準備,180.98,80.0,2.0,0,,,,,,,,,,181.9,0.5,,,,,,,,,2023-12
2023-12-08,2603,長榮,航運業,進榜,準備,90.66,72.0,1.0,0,,,,,,,,,,91.8,1.3,,,,,,,,,2023-12
2023-12-08,2540,愛山林,建材營造,移出,掉出掃描母體,34.41,73.0,,15,,,,,,,,,,,,,,,,,,,,2023-12
2023-12-08,2455,全新,通信網路業,移出,掉出掃描母體,156.54,72.0,,15,,,,,,,,,,,,,,,,,,,,2023-12
2023-12-11,8936,國統,其他,進榜,觸發,47.07,94.0,4.0,0,,,,,,,,,,46.7,-0.8,,,,,,,,,2023-12
2023-12-11,8936,國統,其他,觸發,進榜即觸發,47.07,94.0,4.0,0,47.07,,,,,,,,,46.7,-0.8,,,,,,,,,2023-12
2023-12-11,5521,工信,建材營造,進榜,觸發,12.86,93.0,2.0,0,,,,,,,,,,13.1,1.5,,,,,,,,,2023-12
2023-12-11,5521,工信,建材營造,觸發,進榜即觸發,12.86,93.0,2.0,0,12.86,,,,,,,,,13.1,1.5,,,,,,,,,2023-12
2023-12-11,1591,駿吉-KY,電機機械,進榜,觸發,59.9,92.0,3.0,0,,,,,,,,,,63.9,6.7,,,,,,,,,2023-12
2023-12-11,1591,駿吉-KY,電機機械,觸發,進榜即觸發,59.9,92.0,3.0,0,59.9,,,,,,,,,63.9,6.7,,,,,,,,,2023-12
2023-12-11,1618,合機,電器電纜,進榜,觸發,33.13,90.0,4.0,0,,,,,,,,,,34.8,5.0,,,,,,,,,2023-12
2023-12-11,1618,合機,電器電纜,觸發,進榜即觸發,33.13,90.0,4.0,0,33.13,,,,,,,,,34.8,5.0,,,,,,,,,2023-12
2023-12-11,6643,M31,半導體業,進榜,觸發,929.41,82.0,6.0,0,,,,,,,,,,933.5,0.4,,,,,,,,,2023-12
2023-12-11,6643,M31,半導體業,觸發,進榜即觸發,929.41,82.0,6.0,0,929.41,,,,,,,,,933.5,0.4,,,,,,,,,2023-12
2023-12-11,6462,神盾,半導體業,進榜,準備,127.8,87.0,2.0,0,,,,,,,,,,129.8,1.5,,,,,,,,,2023-12
2023-12-11,3596,智易,通信網路業,進榜,準備,147.68,71.0,3.0,0,,,,,,,,,,149.0,0.9,,,,,,,,,2023-12
2023-12-11,2603,長榮,航運業,觸發,等待後觸發,93.34,73.0,1.0,3,91.8,,,,,,,,,93.3,0.0,,,,,,,,,2023-12
2023-12-11,6117,迎廣,電子工業,移出,離高點太遠,67.79,100.0,,11,,,,,,,,,,,,,,,,,,,,2023-12
2023-12-12,6187,萬潤,其他電子類,進榜,準備,132.38,87.0,2.0,0,,,,,,,,,,134.3,1.4,,,,,,,,,2023-12
2023-12-12,2476,鉅祥,電子零組件業,進榜,準備,65.67,84.0,2.0,0,,,,,,,,,,65.7,0.0,,,,,,,,,2023-12
2023-12-12,6239,力成,半導體業,進榜,準備,116.78,75.0,1.0,0,,,,,,,,,,116.8,0.0,,,,,,,,,2023-12
2023-12-12,2204,中華,汽車工業,進榜,準備,103.33,72.0,3.0,0,,,,,,,,,,104.2,0.8,,,,,,,,,2023-12
2023-12-12,6462,神盾,半導體業,觸發,等待後觸發,132.7,89.0,2.0,1,128.29,,,,,,,,,131.2,-1.1,,,,,,,,,2023-12
2023-12-12,4933,友輝,光電業,觸發,等待後觸發,54.76,93.0,3.0,8,50.39,,,,,,,,,56.9,3.8,,,,,,,,,2023-12
2023-12-12,6138,茂達,半導體業,移出,掉出掃描母體,176.67,74.0,,28,,,,,,,,,,,,,,,,,,,,2023-12
2023-12-12,3276,宇環,電子零組件業,移出,掉出掃描母體,24.83,95.0,,28,,,,,,,,,,,,,,,,,,,,2023-12
2023-12-13,5432,新門,光電業,進榜,觸發,124.56,100.0,3.0,0,,,,,,,,,,125.5,0.8,,,,,,,,,2023-12
2023-12-13,5432,新門,光電業,觸發,進榜即觸發,124.56,100.0,3.0,0,124.56,,,,,,,,,125.5,0.8,,,,,,,,,2023-12
2023-12-13,5426,振發,電腦及週邊設備業,進榜,觸發,24.7,96.0,4.0,0,,,,,,,,,,26.3,6.5,,,,,,,,,2023-12
2023-12-13,5426,振發,電腦及週邊設備業,觸發,進榜即觸發,24.7,96.0,4.0,0,24.7,,,,,,,,,26.3,6.5,,,,,,,,,2023-12
2023-12-13,2449,京元電子,半導體業,進榜,觸發,79.69,85.0,2.0,0,,,,,,,,,,81.9,2.8,,,,,,,,,2023-12
2023-12-13,2449,京元電子,半導體業,觸發,進榜即觸發,79.69,85.0,2.0,0,79.69,,,,,,,,,81.9,2.8,,,,,,,,,2023-12
2023-12-13,8068,全達,電子通路業,進榜,觸發,44.45,77.0,2.0,0,,,,,,,,,,45.3,1.9,,,,,,,,,2023-12
2023-12-13,8068,全達,電子通路業,觸發,進榜即觸發,44.45,77.0,2.0,0,44.45,,,,,,,,,45.3,1.9,,,,,,,,,2023-12
2023-12-13,6546,正基,通信網路業,進榜,觸發,103.97,75.0,2.0,0,,,,,,,,,,108.5,4.4,,,,,,,,,2023-12
2023-12-13,6546,正基,通信網路業,觸發,進榜即觸發,103.97,75.0,2.0,0,103.97,,,,,,,,,108.5,4.4,,,,,,,,,2023-12
2023-12-13,8011,台通,通信網路業,進榜,準備,21.57,74.0,3.0,0,,,,,,,,,,21.7,0.6,,,,,,,,,2023-12
2023-12-13,2387,精元,電子工業,觸發,等待後觸發,49.99,84.0,3.0,33,43.62,,,,,,,,,50.9,1.9,,,,,,,,,2023-12
2023-12-13,3596,智易,通信網路業,觸發,等待後觸發,165.21,82.0,3.0,2,151.19,,,,,,,,,168.3,1.9,,,,,,,,,2023-12
2023-12-13,6239,力成,半導體業,觸發,等待後觸發,120.34,77.0,1.0,1,117.67,,,,,,,,,124.4,3.3,,,,,,,,,2023-12
2023-12-13,2439,美律,通信網路業,移出,掉出掃描母體,101.81,75.0,,14,,,,,,,,,,,,,,,,,,,,2023-12
2023-12-13,2204,中華,汽車工業,移出,掉出掃描母體,103.33,72.0,,1,,,,,,,,,,,,,,,,,,,,2023-12
2023-12-13,3548,兆利,電子零組件業,移出,離高點太遠,183.66,98.0,,103,,,,,,,,,,,,,,,,,,,,2023-12
2023-12-13,5439,高技,電子零組件業,移出,離高點太遠,120.59,88.0,,61,,,,,,,,,,,,,,,,,,,,2023-12
2023-12-13,3443,創意,半導體業,移出,掉出掃描母體,1738.95,70.0,,5,,,,,,,,,,,,,,,,,,,,2023-12
2023-12-14,3265,台星科,半導體業,進榜,觸發,94.61,86.0,4.0,0,,,,,,,,,,96.0,1.4,,,,,,,,,2023-12
2023-12-14,3265,台星科,半導體業,觸發,進榜即觸發,94.61,86.0,4.0,0,94.61,,,,,,,,,96.0,1.4,,,,,,,,,2023-12
2023-12-14,6257,矽格,半導體業,進榜,準備,64.97,74.0,1.0,0,,,,,,,,,,64.5,-0.7,,,,,,,,,2023-12
2023-12-14,5388,中磊,電子工業,進榜,準備,127.25,73.0,3.0,0,,,,,,,,,,127.7,0.4,,,,,,,,,2023-12
2023-12-14,2439,美律,通信網路業,進榜,準備,101.81,72.0,3.0,0,,,,,,,,,,103.1,1.3,,,,,,,,,2023-12
2023-12-14,3293,鈊象,文化創意業,進榜,準備,352.25,72.0,3.0,0,,,,,,,,,,348.7,-1.0,,,,,,,,,2023-12
2023-12-14,6204,艾華,電子零組件業,觸發,等待後觸發,129.12,99.0,3.0,15,122.69,,,,,,,,,125.2,-3.1,,,,,,,,,2023-12
2023-12-14,8011,台通,通信網路業,移出,掉出掃描母體,21.57,74.0,,1,,,,,,,,,,,,,,,,,,,,2023-12
2023-12-14,2233,宇隆,汽車工業,移出,掉出掃描母體,125.42,71.0,,56,,,,,,,,,,,,,,,,,,,,2023-12
2023-12-14,3317,尼克森,半導體業,移出,掉出掃描母體,49.2,72.0,,14,,,,,,,,,,,,,,,,,,,,2023-12
2023-12-14,1522,堤維西,汽車工業,移出,掉出掃描母體,38.17,75.0,,8,,,,,,,,,,,,,,,,,,,,2023-12
2023-12-14,1591,駿吉-KY,電機機械,移出,離高點太遠,52.8,84.0,,3,,,,,,,,,,,,,,,,,,,,2023-12
2023-12-15,6683,雍智科技,半導體業,進榜,準備,252.79,72.0,2.0,0,,,,,,,,,,254.2,0.6,,,,,,,,,2023-12
2023-12-15,2327,國巨*,電子工業,進榜,準備,122.8,71.0,2.0,0,,,,,,,,,,121.8,-0.8,,,,,,,,,2023-12
2023-12-15,6488,環球晶,半導體業,進榜,準備,582.58,71.0,1.0,0,,,,,,,,,,580.7,-0.3,,,,,,,,,2023-12
2023-12-15,6257,矽格,半導體業,移出,掉出掃描母體,64.97,74.0,,1,,,,,,,,,,,,,,,,,,,,2023-12
2023-12-15,3122,笙泉,半導體業,移出,掉出掃描母體,49.0,96.0,,37,,,,,,,,,,,,,,,,,,,,2023-12
2023-12-15,6243,迅杰,半導體業,移出,離高點太遠,63.85,75.0,,31,,,,,,,,,,,,,,,,,,,,2023-12
2023-12-15,3545,敦泰,電子工業,移出,離高點太遠,108.0,83.0,,31,,,,,,,,,,,,,,,,,,,,2023-12
2023-12-15,2417,圓剛,電子工業,移出,離高點太遠,35.76,93.0,,30,,,,,,,,,,,,,,,,,,,,2023-12
2023-12-15,4933,友輝,光電業,移出,離高點太遠,48.37,88.0,,11,,,,,,,,,,,,,,,,,,,,2023-12
2023-12-15,6684,安格,半導體業,移出,突破失敗,72.8,92.0,,7,,,,,,,,,,,,,,,,,,,,2023-12
2023-12-15,8068,全達,電子通路業,移出,掉出掃描母體,43.3,73.0,,2,,,,,,,,,,,,,,,,,,,,2023-12
2023-12-15,3265,台星科,半導體業,移出,突破失敗,85.14,76.0,,1,,,,,,,,,,,,,,,,,,,,2023-12
2023-12-18,2636,台驊控股,航運業,進榜,觸發,75.73,72.0,1.0,0,,,,,,,,,,77.1,1.9,,,,,,,,,2023-12
2023-12-18,2636,台驊控股,航運業,觸發,進榜即觸發,75.73,72.0,1.0,0,75.73,,,,,,,,,77.1,1.9,,,,,,,,,2023-12
2023-12-18,2357,華碩,電子工業,進榜,準備,369.93,76.0,2.0,0,,,,,,,,,,368.6,-0.4,,,,,,,,,2023-12
2023-12-18,2607,榮運,航運業,進榜,準備,52.56,71.0,1.0,0,,,,,,,,,,52.8,0.4,,,,,,,,,2023-12
2023-12-18,3526,凡甲,電子零組件業,進榜,準備,162.24,70.0,3.0,0,,,,,,,,,,162.7,0.3,,,,,,,,,2023-12
2023-12-18,2327,國巨*,電子工業,移出,掉出掃描母體,122.8,71.0,,3,,,,,,,,,,,,,,,,,,,,2023-12
2023-12-18,6412,群電,電子工業,移出,晚期未觸發,114.62,75.0,,45,,,,,,,,,,,,,,,,,,,,2023-12
2023-12-18,8227,巨有科技,半導體業,移出,離高點太遠,250.91,81.0,,32,,,,,,,,,,,,,,,,,,,,2023-12
2023-12-18,1582,信錦,電子工業,移出,離高點太遠,72.1,83.0,,31,,,,,,,,,,,,,,,,,,,,2023-12
2023-12-18,6276,安鈦克,電腦及週邊設備業,移出,離高點太遠,102.18,97.0,,21,,,,,,,,,,,,,,,,,,,,2023-12
2023-12-18,6204,艾華,電子零組件業,移出,突破失敗,112.8,99.0,,19,,,,,,,,,,,,,,,,,,,,2023-12
2023-12-18,3051,力特,電子工業,移出,離高點太遠,34.68,96.0,,17,,,,,,,,,,,,,,,,,,,,2023-12
2023-12-18,1319,東陽,汽車工業,移出,掉出掃描母體,74.37,86.0,,13,,,,,,,,,,,,,,,,,,,,2023-12
2023-12-18,3264,欣銓,半導體業,移出,掉出掃描母體,71.85,75.0,,12,,,,,,,,,,,,,,,,,,,,2023-12
2023-12-18,5469,瀚宇博,電子零組件業,移出,掉出掃描母體,60.57,76.0,,11,,,,,,,,,,,,,,,,,,,,2023-12
2023-12-18,6643,M31,半導體業,移出,掉出掃描母體,871.84,71.0,,7,,,,,,,,,,,,,,,,,,,,2023-12
2023-12-18,1618,合機,電器電纜,移出,離高點太遠,30.35,89.0,,7,,,,,,,,,,,,,,,,,,,,2023-12
2023-12-19,1808,潤隆,建材營造,進榜,準備,47.16,77.0,0.0,0,,,,,,,,,,46.5,-1.4,,,,,,,,,2023-12
2023-12-19,2031,新光鋼,鋼鐵工業,進榜,準備,50.63,72.0,3.0,0,,,,,,,,,,50.2,-0.8,,,,,,,,,2023-12
2023-12-19,3526,凡甲,電子零組件業,移出,掉出掃描母體,162.24,70.0,,1,,,,,,,,,,,,,,,,,,,,2023-12
2023-12-19,4967,十銓,半導體業,移出,掉出掃描母體,81.45,79.0,,48,,,,,,,,,,,,,,,,,,,,2023-12
2023-12-19,6197,佳必琪,電子零組件業,移出,掉出掃描母體,79.05,82.0,,47,,,,,,,,,,,,,,,,,,,,2023-12
2023-12-19,2329,華泰,半導體業,移出,離高點太遠,52.96,98.0,,41,,,,,,,,,,,,,,,,,,,,2023-12
2023-12-19,3362,先進光,光電業,移出,離高點太遠,162.23,85.0,,27,,,,,,,,,,,,,,,,,,,,2023-12
2023-12-19,1339,昭輝,汽車工業,移出,突破失敗,55.65,85.0,,18,,,,,,,,,,,,,,,,,,,,2023-12
2023-12-19,8112,至上,電子工業,移出,離高點太遠,51.31,77.0,,11,,,,,,,,,,,,,,,,,,,,2023-12
2023-12-19,5388,中磊,電子工業,移出,掉出掃描母體,123.19,72.0,,5,,,,,,,,,,,,,,,,,,,,2023-12
2023-12-20,2515,中工,建材營造,進榜,觸發,11.72,72.0,3.0,0,,,,,,,,,,11.5,-1.9,,,,,,,,,2023-12
2023-12-20,2515,中工,建材營造,觸發,進榜即觸發,11.72,72.0,3.0,0,11.72,,,,,,,,,11.5,-1.9,,,,,,,,,2023-12
2023-12-20,3526,凡甲,電子零組件業,進榜,觸發,166.41,72.0,3.0,0,,,,,,,,,,164.3,-1.3,,,,,,,,,2023-12
2023-12-20,3526,凡甲,電子零組件業,觸發,進榜即觸發,166.41,72.0,3.0,0,166.41,,,,,,,,,164.3,-1.3,,,,,,,,,2023-12
2023-12-20,2324,仁寶,電子工業,進榜,觸發,33.62,71.0,2.0,0,,,,,,,,,,32.8,-2.4,,,,,,,,,2023-12
2023-12-20,2324,仁寶,電子工業,觸發,進榜即觸發,33.62,71.0,2.0,0,33.62,,,,,,,,,32.8,-2.4,,,,,,,,,2023-12
2023-12-20,6138,茂達,半導體業,進榜,準備,193.42,85.0,1.0,0,,,,,,,,,,190.3,-1.6,,,,,,,,,2023-12
2023-12-20,2353,宏碁,電子工業,進榜,準備,39.7,81.0,2.0,0,,,,,,,,,,39.0,-1.8,,,,,,,,,2023-12
2023-12-20,1808,潤隆,建材營造,觸發,等待後觸發,48.28,77.0,0.0,1,47.61,,,,,,,,,47.8,-0.9,,,,,,,,,2023-12
2023-12-20,3444,利機,電子通路業,移出,掉出掃描母體,100.23,91.0,,86,,,,,,,,,,,,,,,,,,,,2023-12
2023-12-20,3227,原相,半導體業,移出,晚期未觸發,133.72,77.0,,42,,,,,,,,,,,,,,,,,,,,2023-12
2023-12-20,9927,泰銘,其他,移出,掉出掃描母體,77.26,88.0,,37,,,,,,,,,,,,,,,,,,,,2023-12
2023-12-20,2355,敬鵬,電子工業,移出,離高點太遠,43.97,86.0,,34,,,,,,,,,,,,,,,,,,,,2023-12
2023-12-20,6593,台灣銘板,資訊服務業,移出,離高點太遠,178.52,100.0,,19,,,,,,,,,,,,,,,,,,,,2023-12
2023-12-20,6488,環球晶,半導體業,移出,掉出掃描母體,570.52,70.0,,5,,,,,,,,,,,,,,,,,,,,2023-12
2023-12-21,4908,前鼎,通信網路業,移出,掉出掃描母體,88.69,97.0,,106,,,,,,,,,,,,,,,,,,,,2023-12
2023-12-21,6191,精成科,電子工業,移出,離高點太遠,57.16,82.0,,49,,,,,,,,,,,,,,,,,,,,2023-12
2023-12-21,1515,力山,電機機械,移出,離高點太遠,47.63,78.0,,43,,,,,,,,,,,,,,,,,,,,2023-12
2023-12-21,1519,華城,電機機械,移出,離高點太遠,230.9,95.0,,16,,,,,,,,,,,,,,,,,,,,2023-12
2023-12-21,3293,鈊象,文化創意業,移出,掉出掃描母體,341.03,73.0,,7,,,,,,,,,,,,,,,,,,,,2023-12
2023-12-21,3526,凡甲,電子零組件業,移出,掉出掃描母體,166.41,72.0,,1,,,,,,,,,,,,,,,,,,,,2023-12
2023-12-21,2324,仁寶,電子工業,移出,掉出掃描母體,33.62,71.0,,1,,,,,,,,,,,,,,,,,,,,2023-12
2023-12-22,8088,品安,半導體業,進榜,觸發,43.42,79.0,5.0,0,,,,,,,,,,45.2,4.1,,,,,,,,,2023-12
2023-12-22,8088,品安,半導體業,觸發,進榜即觸發,43.42,79.0,5.0,0,43.42,,,,,,,,,45.2,4.1,,,,,,,,,2023-12
2023-12-22,3305,昇貿,其他電子業,進榜,準備,69.38,83.0,2.0,0,,,,,,,,,,70.8,2.0,,,,,,,,,2023-12
2023-12-22,2607,榮運,航運業,移出,掉出掃描母體,52.56,71.0,,4,,,,,,,,,,,,,,,,,,,,2023-12
2023-12-22,5478,智冠,文化創意業,移出,離高點太遠,141.1,95.0,,21,,,,,,,,,,,,,,,,,,,,2023-12
2023-12-22,1524,耿鼎,汽車工業,移出,離高點太遠,28.69,80.0,,15,,,,,,,,,,,,,,,,,,,,2023-12
2023-12-25,3008,大立光,光電業,進榜,準備,2540.24,78.0,3.0,0,,,,,,,,,,2540.2,0.0,,,,,,,,,2023-12
2023-12-25,2816,旺旺保,金融保險,移出,掉出掃描母體,34.12,95.0,,63,,,,,,,,,,,,,,,,,,,,2023-12
2023-12-25,6189,豐藝,電子工業,移出,掉出掃描母體,41.22,75.0,,54,,,,,,,,,,,,,,,,,,,,2023-12
2023-12-25,2612,中航,航運業,移出,離高點太遠,46.85,72.0,,24,,,,,,,,,,,,,,,,,,,,2023-12
2023-12-25,2072,世紀風電,鋼鐵工業,移出,晚期未觸發,231.02,93.0,,21,,,,,,,,,,,,,,,,,,,,2023-12
2023-12-25,2636,台驊控股,航運業,移出,掉出掃描母體,79.23,79.0,,7,,,,,,,,,,,,,,,,,,,,2023-12
2023-12-25,1808,潤隆,建材營造,移出,掉出掃描母體,48.95,77.0,,6,,,,,,,,,,,,,,,,,,,,2023-12
2023-12-26,6695,芯鼎,半導體業,進榜,觸發,70.9,93.0,1.0,0,,,,,,,,,,71.0,0.1,,,,,,,,,2023-12
2023-12-26,6695,芯鼎,半導體業,觸發,進榜即觸發,70.9,93.0,1.0,0,70.9,,,,,,,,,71.0,0.1,,,,,,,,,2023-12
2023-12-26,6667,信紘科,其他電子類,進榜,觸發,85.99,78.0,4.0,0,,,,,,,,,,91.9,6.9,,,,,,,,,2023-12
2023-12-26,6667,信紘科,其他電子類,觸發,進榜即觸發,85.99,78.0,4.0,0,85.99,,,,,,,,,91.9,6.9,,,,,,,,,2023-12
2023-12-26,1560,中砂,電機機械,進榜,準備,183.58,86.0,3.0,0,,,,,,,,,,184.6,0.5,,,,,,,,,2023-12
2023-12-26,2324,仁寶,電子工業,進榜,準備,35.11,75.0,2.0,0,,,,,,,,,,35.5,1.2,,,,,,,,,2023-12
2023-12-26,2353,宏碁,電子工業,觸發,等待後觸發,45.04,88.0,2.0,6,39.83,,,,,,,,,45.8,1.6,,,,,,,,,2023-12
2023-12-26,6187,萬潤,其他電子類,移出,晚期未觸發,130.48,88.0,,14,,,,,,,,,,,,,,,,,,,,2023-12
2023-12-26,1514,亞力,電機機械,移出,離高點太遠,69.97,83.0,,21,,,,,,,,,,,,,,,,,,,,2023-12
2023-12-26,2515,中工,建材營造,移出,掉出掃描母體,11.8,75.0,,6,,,,,,,,,,,,,,,,,,,,2023-12
2023-12-27,3588,通嘉,半導體業,進榜,觸發,83.39,95.0,1.0,0,,,,,,,,,,83.9,0.6,,,,,,,,,2023-12
2023-12-27,3588,通嘉,半導體業,觸發,進榜即觸發,83.39,95.0,1.0,0,83.39,,,,,,,,,83.9,0.6,,,,,,,,,2023-12
2023-12-27,2059,川湖,電子工業,進榜,準備,917.95,77.0,3.0,0,,,,,,,,,,924.8,0.7,,,,,,,,,2023-12
2023-12-27,3006,晶豪科,電子工業,進榜,準備,103.29,75.0,2.0,0,,,,,,,,,,104.7,1.4,,,,,,,,,2023-12
2023-12-27,3376,新日興,電子零組件業,觸發,等待後觸發,123.76,92.0,2.0,49,99.66,,,,,,,,,127.0,2.6,,,,,,,,,2023-12
2023-12-28,6204,艾華,電子零組件業,進榜,準備,129.62,99.0,3.0,0,,,,,,,,,,132.1,1.9,,,,,,,,,2023-12
2023-12-28,8011,台通,通信網路業,進榜,準備,21.53,76.0,3.0,0,,,,,,,,,,21.4,-0.6,,,,,,,,,2023-12
2023-12-28,8081,致新,半導體業,進榜,準備,224.24,71.0,3.0,0,,,,,,,,,,224.2,0.0,,,,,,,,,2023-12
2023-12-28,8936,國統,其他,移出,離高點太遠,42.84,86.0,,17,,,,,,,,,,,,,,,,,,,,2023-12
2023-12-28,2031,新光鋼,鋼鐵工業,移出,掉出掃描母體,51.05,73.0,,9,,,,,,,,,,,,,,,,,,,,2023-12
2023-12-29,3034,聯詠,半導體業,進榜,準備,444.25,73.0,3.0,0,,,,,,,,,,,,,,,,,,,,2023-12
2023-12-29,3006,晶豪科,電子工業,移出,掉出掃描母體,103.29,75.0,,2,,,,,,,,,,,,,,,,,,,,2023-12
2023-12-29,6691,洋基工程,其他電子業,移出,掉出掃描母體,188.16,72.0,,43,,,,,,,,,,,,,,,,,,,,2023-12
2023-12-29,6462,神盾,半導體業,移出,突破失敗,117.03,71.0,,18,,,,,,,,,,,,,,,,,,,,2023-12
2023-12-29,2439,美律,通信網路業,移出,掉出掃描母體,95.37,71.0,,15,,,,,,,,,,,,,,,,,,,,2023-12
2023-12-29,6138,茂達,半導體業,移出,晚期未觸發,195.18,89.0,,9,,,,,,,,,,,,,,,,,,,,2023-12
2023-12-29,3588,通嘉,半導體業,移出,突破失敗,76.18,91.0,,2,,,,,,,,,,,,,,,,,,,,2023-12
