日期,代號,名稱,產業,事件,原因,收盤,RS,底部序,在榜天數,樞紐,報酬20D,基準20D,報酬60D,基準60D,報酬120D,基準120D,報酬180D,基準180D,次日開盤,跳空%,報酬20D開,基準20D開,報酬60D開,基準60D開,報酬120D開,基準120D開,報酬180D開,基準180D開,月
2026-01-02,8110,華東,電子工業,進榜,觸發,60.49,100.0,1.0,0,,27.3,0.0,-20.9,-0.8,-16.5,3.2,,,65.8,8.8,17.0,0.0,-27.3,-0.8,-23.3,3.2,,,2026-01
2026-01-02,8110,華東,電子工業,觸發,進榜即觸發,60.49,100.0,1.0,0,60.49,27.3,0.0,-20.9,-0.8,-16.5,3.2,,,65.8,8.8,17.0,0.0,-27.3,-0.8,-23.3,3.2,,,2026-01
2026-01-02,2472,立隆電,電子工業,進榜,觸發,115.74,78.0,4.0,0,,-8.1,0.0,26.0,-0.8,214.0,3.2,,,117.2,1.3,-9.2,0.0,24.4,-0.8,210.1,3.2,,,2026-01
2026-01-02,2472,立隆電,電子工業,觸發,進榜即觸發,115.74,78.0,4.0,0,115.74,-8.1,0.0,26.0,-0.8,214.0,3.2,,,117.2,1.3,-9.2,0.0,24.4,-0.8,210.1,3.2,,,2026-01
2026-01-02,3048,益登,電子通路業,進榜,觸發,44.99,77.0,1.0,0,,-13.5,0.0,-17.1,-0.8,34.5,3.2,,,47.8,6.2,-18.5,0.0,-21.9,-0.8,26.6,3.2,,,2026-01
2026-01-02,3048,益登,電子通路業,觸發,進榜即觸發,44.99,77.0,1.0,0,44.99,-13.5,0.0,-17.1,-0.8,34.5,3.2,,,47.8,6.2,-18.5,0.0,-21.9,-0.8,26.6,3.2,,,2026-01
2026-01-02,2308,台達電,電子工業,進榜,準備,989.82,90.0,3.0,0,,22.6,0.0,74.4,-0.8,90.9,3.2,,,1004.7,1.5,20.8,0.0,71.8,-0.8,88.1,3.2,,,2026-01
2026-01-02,6173,信昌電,電子零組件業,進榜,準備,69.84,84.0,2.0,0,,-2.3,0.0,-7.1,-0.8,304.0,3.2,,,70.6,1.1,-3.4,0.0,-8.2,-0.8,299.4,3.2,,,2026-01
2026-01-02,3357,臺慶科,電子零組件業,進榜,準備,157.3,77.0,2.0,0,,-2.8,0.0,-3.7,-0.8,66.9,3.2,,,160.7,2.2,-4.9,0.0,-5.8,-0.8,63.3,3.2,,,2026-01
2026-01-02,6548,長科*,半導體業,進榜,準備,44.89,72.0,3.0,0,,27.3,0.0,14.6,-0.8,98.9,3.2,,,45.4,1.1,26.0,0.0,13.4,-0.8,96.8,3.2,,,2026-01
2026-01-02,3624,光頡,電子零組件業,觸發,等待後觸發,63.67,91.0,2.0,10,55.14,-11.1,0.0,-22.8,-0.8,107.9,3.2,,,63.7,0.0,-11.1,0.0,-22.8,-0.8,107.9,3.2,,,2026-01
2026-01-02,2337,旺宏,半導體業,觸發,等待後觸發,43.35,91.0,2.0,11,39.8,114.1,0.0,236.8,-0.8,220.6,3.2,,,47.6,9.9,94.8,0.0,206.4,-0.8,191.7,3.2,,,2026-01
2026-01-02,2485,兆赫,通信網路業,移出,離高點太遠,25.55,93.0,,25,,,,,,,,,,,,,,,,,,,,2026-01
2026-01-02,1519,華城,電機機械,移出,掉出掃描母體,684.73,73.0,,23,,,,,,,,,,,,,,,,,,,,2026-01
2026-01-02,8088,品安,半導體業,移出,掉出掃描母體,45.13,70.0,,3,,,,,,,,,,,,,,,,,,,,2026-01
2026-01-05,1717,長興,化學工業,進榜,觸發,45.39,82.0,3.0,0,,23.9,-0.2,75.1,0.0,69.0,3.9,,,48.8,7.6,15.1,-0.3,62.7,0.1,57.1,4.0,,,2026-01
2026-01-05,1717,長興,化學工業,觸發,進榜即觸發,45.39,82.0,3.0,0,45.39,23.9,-0.2,75.1,0.0,69.0,3.9,,,48.8,7.6,15.1,-0.3,62.7,0.1,57.1,4.0,,,2026-01
2026-01-05,2327,國巨*,電子工業,進榜,準備,242.26,87.0,2.0,0,,5.7,-0.2,24.4,0.0,267.8,3.9,,,246.2,1.6,4.0,-0.3,22.4,0.1,261.9,4.0,,,2026-01
2026-01-05,3189,景碩,半導體業,進榜,準備,160.53,87.0,3.0,0,,48.9,-0.2,127.9,0.0,370.3,3.9,,,160.0,-0.3,49.4,-0.3,128.6,0.1,371.7,4.0,,,2026-01
2026-01-05,6239,力成,半導體業,進榜,準備,197.61,77.0,2.0,0,,21.3,-0.2,8.4,0.0,57.8,3.9,,,195.2,-1.2,22.9,-0.3,9.8,0.1,59.8,4.0,,,2026-01
2026-01-05,2330,台積電,半導體業,進榜,準備,1660.14,75.0,2.0,0,,5.7,-0.2,19.6,0.0,48.5,3.9,,,1635.3,-1.5,7.3,-0.3,21.4,0.1,50.7,4.0,,,2026-01
2026-01-05,6196,帆宣,其他電子業,進榜,準備,276.17,70.0,3.0,0,,-0.7,-0.2,14.7,0.0,97.7,3.9,,,281.1,1.8,-2.5,-0.3,12.7,0.1,94.2,4.0,,,2026-01
2026-01-05,6163,華電網,通信網路業,移出,離高點太遠,52.4,97.0,,38,,,,,,,,,,,,,,,,,,,,2026-01
2026-01-05,6426,統新,通信網路業,移出,掉出掃描母體,100.5,70.0,,13,,,,,,,,,,,,,,,,,,,,2026-01
2026-01-05,4977,眾達-KY,電子工業,移出,掉出掃描母體,133.17,71.0,,12,,,,,,,,,,,,,,,,,,,,2026-01
2026-01-05,5340,建榮,電子零組件業,移出,突破失敗,63.88,75.0,,7,,,,,,,,,,,,,,,,,,,,2026-01
2026-01-05,6257,矽格,半導體業,移出,掉出掃描母體,115.18,72.0,,6,,,,,,,,,,,,,,,,,,,,2026-01
2026-01-06,8042,金山電,電子零組件業,進榜,準備,61.93,91.0,3.0,0,,-12.0,0.0,4.0,0.0,187.4,3.6,,,63.7,2.9,-14.5,-0.3,1.1,0.3,179.4,3.7,,,2026-01
2026-01-06,8112,至上,電子工業,進榜,準備,74.16,86.0,2.0,0,,-10.2,0.0,4.7,0.0,14.6,3.6,,,75.4,1.7,-11.6,-0.3,3.0,0.3,12.8,3.7,,,2026-01
2026-01-06,6485,點序,半導體業,進榜,準備,92.13,83.0,3.0,0,,1.6,0.0,-15.1,0.0,-17.2,3.6,,,98.1,6.5,-4.6,-0.3,-20.2,0.3,-22.3,3.7,,,2026-01
2026-01-06,2408,南亞科,半導體業,觸發,等待後觸發,227.77,100.0,2.0,20,168.96,21.4,0.0,-3.7,0.0,91.2,3.6,,,241.2,5.9,14.7,-0.3,-9.1,0.3,80.5,3.7,,,2026-01
2026-01-06,2308,台達電,電子工業,觸發,等待後觸發,1044.54,89.0,3.0,4,999.77,15.7,0.0,66.7,0.0,80.0,3.6,,,1074.4,2.9,12.5,-0.3,62.0,0.3,75.0,3.7,,,2026-01
2026-01-06,2330,台積電,半導體業,觸發,等待後觸發,1694.93,73.0,2.0,1,1684.99,5.6,0.0,20.9,0.0,42.5,3.6,,,1655.2,-2.3,8.1,-0.3,23.8,0.3,45.9,3.7,,,2026-01
2026-01-06,5274,信驊,半導體業,移出,掉出掃描母體,6429.44,72.0,,61,,,,,,,,,,,,,,,,,,,,2026-01
2026-01-06,8074,鉅橡,電子零組件業,移出,離高點太遠,44.99,93.0,,42,,,,,,,,,,,,,,,,,,,,2026-01
2026-01-06,5386,青雲,電腦及週邊設備業,移出,掉出掃描母體,59.63,74.0,,6,,,,,,,,,,,,,,,,,,,,2026-01
2026-01-06,3363,上詮,通信網路業,移出,掉出掃描母體,434.13,75.0,,6,,,,,,,,,,,,,,,,,,,,2026-01
2026-01-07,1303,南亞,塑膠工業,進榜,觸發,64.39,93.0,2.0,0,,19.9,0.0,36.8,0.0,209.8,3.0,,,65.9,2.3,17.2,0.0,33.7,0.2,202.8,2.9,,,2026-01
2026-01-07,1303,南亞,塑膠工業,觸發,進榜即觸發,64.39,93.0,2.0,0,64.39,19.9,0.0,36.8,0.0,209.8,3.0,,,65.9,2.3,17.2,0.0,33.7,0.2,202.8,2.9,,,2026-01
2026-01-07,1727,中華化,化學工業,進榜,觸發,51.91,85.0,4.0,0,,-16.2,0.0,9.8,0.0,72.4,3.0,,,49.4,-4.8,-11.9,0.0,15.4,0.2,81.1,2.9,,,2026-01
2026-01-07,1727,中華化,化學工業,觸發,進榜即觸發,51.91,85.0,4.0,0,51.91,-16.2,0.0,9.8,0.0,72.4,3.0,,,49.4,-4.8,-11.9,0.0,15.4,0.2,81.1,2.9,,,2026-01
2026-01-07,8271,宇瞻,半導體業,進榜,準備,116.77,93.0,3.0,0,,-10.9,0.0,33.5,0.0,56.7,3.0,,,116.8,0.0,-10.9,0.0,33.5,0.2,56.7,2.9,,,2026-01
2026-01-07,2495,普安,其他電子業,進榜,準備,32.61,79.0,2.0,0,,-1.8,0.0,35.7,0.0,42.3,3.0,,,32.9,0.9,-2.7,0.0,34.5,0.2,41.1,2.9,,,2026-01
2026-01-07,2492,華新科,電子工業,進榜,準備,131.3,76.0,2.0,0,,-0.8,0.0,9.5,0.0,219.1,3.0,,,131.3,0.0,-0.8,0.0,9.5,0.2,219.1,2.9,,,2026-01
2026-01-07,6182,合晶,半導體業,進榜,準備,34.66,74.0,1.0,0,,3.1,0.0,4.9,0.0,446.7,3.0,,,34.8,0.4,2.7,0.0,4.4,0.2,444.3,2.9,,,2026-01
2026-01-07,2369,菱生,電子工業,觸發,等待後觸發,26.65,82.0,2.0,26,24.0,-1.9,0.0,17.8,0.0,54.4,3.0,,,27.7,3.9,-5.6,0.0,13.4,0.2,48.6,2.9,,,2026-01
2026-01-07,1605,華新,電器電纜,觸發,等待後觸發,39.08,87.0,1.0,12,33.22,-5.0,0.0,-18.3,0.0,-13.3,3.0,,,39.2,0.4,-5.4,0.0,-18.6,0.2,-13.6,2.9,,,2026-01
2026-01-07,6485,點序,半導體業,觸發,等待後觸發,101.27,89.0,3.0,1,93.62,-5.1,0.0,-23.5,0.0,-26.9,3.0,,,101.3,0.0,-5.1,0.0,-23.5,0.2,-26.9,2.9,,,2026-01
2026-01-07,4973,廣穎,半導體業,觸發,等待後觸發,43.54,79.0,1.0,14,38.35,3.1,0.0,77.1,0.0,274.4,3.0,,,44.3,1.8,1.2,0.0,73.9,0.2,267.7,2.9,,,2026-01
2026-01-07,2451,創見,半導體業,觸發,等待後觸發,228.46,95.0,2.0,8,193.43,-4.0,0.0,4.2,0.0,10.5,3.0,,,235.2,2.9,-6.7,0.0,1.2,0.2,7.4,2.9,,,2026-01
2026-01-07,3017,奇鋐,電子工業,移出,掉出掃描母體,1415.2,82.0,,19,,,,,,,,,,,,,,,,,,,,2026-01
2026-01-07,3324,雙鴻,其他電子類,移出,掉出掃描母體,993.61,70.0,,8,,,,,,,,,,,,,,,,,,,,2026-01
2026-01-07,2330,台積電,半導體業,移出,掉出掃描母體,1694.93,73.0,,2,,,,,,,,,,,,,,,,,,,,2026-01
2026-01-08,6443,元晶,電子工業,進榜,觸發,31.2,93.0,1.0,0,,35.1,0.0,29.6,0.9,-4.2,1.7,,,32.3,3.5,30.5,0.0,25.2,0.9,-7.4,1.8,,,2026-01
2026-01-08,6443,元晶,電子工業,觸發,進榜即觸發,31.2,93.0,1.0,0,31.2,35.1,0.0,29.6,0.9,-4.2,1.7,,,32.3,3.5,30.5,0.0,25.2,0.9,-7.4,1.8,,,2026-01
2026-01-08,6603,富強鑫,電機機械,進榜,觸發,30.45,89.0,2.0,0,,-16.9,0.0,-24.0,0.9,-19.2,1.7,,,32.0,4.9,-20.8,0.0,-27.5,0.9,-23.0,1.8,,,2026-01
2026-01-08,6603,富強鑫,電機機械,觸發,進榜即觸發,30.45,89.0,2.0,0,30.45,-16.9,0.0,-24.0,0.9,-19.2,1.7,,,32.0,4.9,-20.8,0.0,-27.5,0.9,-23.0,1.8,,,2026-01
2026-01-08,3709,鑫聯大投控,電腦及週邊設備業,進榜,觸發,60.45,83.0,6.0,0,,-1.6,0.0,8.0,0.9,26.2,1.7,,,62.1,2.7,-4.1,0.0,5.2,0.9,22.9,1.8,,,2026-01
2026-01-08,3709,鑫聯大投控,電腦及週邊設備業,觸發,進榜即觸發,60.45,83.0,6.0,0,60.45,-1.6,0.0,8.0,0.9,26.2,1.7,,,62.1,2.7,-4.1,0.0,5.2,0.9,22.9,1.8,,,2026-01
2026-01-08,8088,品安,半導體業,進榜,觸發,52.85,82.0,3.0,0,,-1.1,0.0,-6.8,0.9,-3.3,1.7,,,54.5,3.1,-4.1,0.0,-9.7,0.9,-6.2,1.8,,,2026-01
2026-01-08,8088,品安,半導體業,觸發,進榜即觸發,52.85,82.0,3.0,0,52.85,-1.1,0.0,-6.8,0.9,-3.3,1.7,,,54.5,3.1,-4.1,0.0,-9.7,0.9,-6.2,1.8,,,2026-01
2026-01-08,5274,信驊,半導體業,進榜,準備,6922.62,74.0,2.0,0,,19.3,0.0,89.3,0.9,87.6,1.7,,,6909.0,-0.2,19.6,0.0,89.7,0.9,87.9,1.8,,,2026-01
2026-01-08,2330,台積電,半導體業,進榜,準備,1675.05,72.0,2.0,0,,4.7,0.0,24.1,0.9,44.5,1.7,,,1655.2,-1.2,6.0,0.0,25.6,0.9,46.2,1.8,,,2026-01
2026-01-08,6830,汎銓,其他電子業,進榜,準備,182.72,70.0,2.0,0,,24.3,0.0,340.6,0.9,107.4,1.7,,,184.2,0.8,23.3,0.0,337.0,0.9,105.7,1.8,,,2026-01
2026-01-08,2492,華新科,電子工業,移出,離高點太遠,121.85,72.0,,1,,,,,,,,,,,,,,,,,,,,2026-01
2026-01-08,3037,欣興,電子工業,移出,逾期,227.04,87.0,,56,,,,,,,,,,,,,,,,,,,,2026-01
2026-01-08,6510,精測,半導體業,移出,晚期未觸發,2178.26,93.0,,41,,,,,,,,,,,,,,,,,,,,2026-01
2026-01-08,6175,立敦,電子零組件業,移出,晚期未觸發,50.85,75.0,,36,,,,,,,,,,,,,,,,,,,,2026-01
2026-01-08,2413,環科,電子工業,移出,離高點太遠,41.87,95.0,,16,,,,,,,,,,,,,,,,,,,,2026-01
2026-01-08,1608,華榮,電器電纜,移出,掉出掃描母體,37.48,74.0,,13,,,,,,,,,,,,,,,,,,,,2026-01
2026-01-08,1528,恩德,電機機械,移出,離高點太遠,21.0,79.0,,10,,,,,,,,,,,,,,,,,,,,2026-01
2026-01-08,3581,博磊,半導體業,移出,離高點太遠,64.51,84.0,,10,,,,,,,,,,,,,,,,,,,,2026-01
2026-01-08,6788,華景電,半導體業,移出,掉出掃描母體,355.51,72.0,,8,,,,,,,,,,,,,,,,,,,,2026-01
2026-01-08,6173,信昌電,電子零組件業,移出,掉出掃描母體,67.05,83.0,,6,,,,,,,,,,,,,,,,,,,,2026-01
2026-01-08,2472,立隆電,電子工業,移出,突破失敗,104.91,70.0,,6,,,,,,,,,,,,,,,,,,,,2026-01
2026-01-08,3048,益登,電子通路業,移出,掉出掃描母體,42.63,73.0,,6,,,,,,,,,,,,,,,,,,,,2026-01
2026-01-08,8042,金山電,電子零組件業,移出,晚期未觸發,57.47,87.0,,2,,,,,,,,,,,,,,,,,,,,2026-01
2026-01-08,1727,中華化,化學工業,移出,突破失敗,46.72,82.0,,1,,,,,,,,,,,,,,,,,,,,2026-01
2026-01-09,6515,穎崴,電子工業,進榜,觸發,3464.38,97.0,4.0,0,,29.2,-0.7,195.3,1.0,107.9,3.1,,,3484.2,0.6,28.5,-1.1,193.6,0.8,106.7,2.7,,,2026-01
2026-01-09,6515,穎崴,電子工業,觸發,進榜即觸發,3464.38,97.0,4.0,0,3464.38,29.2,-0.7,195.3,1.0,107.9,3.1,,,3484.2,0.6,28.5,-1.1,193.6,0.8,106.7,2.7,,,2026-01
2026-01-09,8996,高力,電機機械,進榜,觸發,631.57,93.0,2.0,0,,26.5,-0.7,93.2,1.0,87.6,3.1,,,694.2,9.9,15.0,-1.1,75.7,0.8,70.7,2.7,,,2026-01
2026-01-09,8996,高力,電機機械,觸發,進榜即觸發,631.57,93.0,2.0,0,631.57,26.5,-0.7,93.2,1.0,87.6,3.1,,,694.2,9.9,15.0,-1.1,75.7,0.8,70.7,2.7,,,2026-01
2026-01-09,3715,定穎投控,電子零組件業,進榜,觸發,138.62,92.0,4.0,0,,1.8,-0.7,41.9,1.0,2.8,3.1,,,142.6,2.9,-1.0,-1.1,38.0,0.8,-0.1,2.7,,,2026-01
2026-01-09,3715,定穎投控,電子零組件業,觸發,進榜即觸發,138.62,92.0,4.0,0,138.62,1.8,-0.7,41.9,1.0,2.8,3.1,,,142.6,2.9,-1.0,-1.1,38.0,0.8,-0.1,2.7,,,2026-01
2026-01-09,6442,光聖,通信網路業,進榜,準備,1388.01,97.0,3.0,0,,21.1,-0.7,53.9,1.0,3.0,3.1,,,1378.1,-0.7,21.9,-1.1,55.0,0.8,3.8,2.7,,,2026-01
2026-01-09,8074,鉅橡,電子零組件業,進榜,準備,53.89,96.0,2.0,0,,6.2,-0.7,26.5,1.0,14.1,3.1,,,54.6,1.2,4.9,-1.1,24.9,0.8,12.7,2.7,,,2026-01
2026-01-09,7610,聯友金屬,綠能環保,進榜,準備,137.45,94.0,3.0,0,,31.4,-0.7,282.0,1.0,1668.0,3.1,,,140.7,2.4,28.4,-1.1,273.1,0.8,1626.6,2.7,,,2026-01
2026-01-09,6282,康舒,電子零組件業,進榜,準備,44.79,84.0,2.0,0,,2.9,-0.7,11.7,1.0,23.4,3.1,,,47.3,5.6,-2.6,-1.1,5.8,0.8,16.8,2.7,,,2026-01
2026-01-09,8150,南茂,電子工業,觸發,等待後觸發,57.56,92.0,2.0,14,48.13,-10.8,-0.7,15.4,1.0,98.0,3.1,,,61.2,6.3,-16.1,-1.1,8.5,0.8,86.2,2.7,,,2026-01
2026-01-09,6830,汎銓,其他電子業,移出,掉出掃描母體,182.72,70.0,,1,,,,,,,,,,,,,,,,,,,,2026-01
2026-01-09,6209,今國光,光電業,移出,離高點太遠,58.58,91.0,,70,,,,,,,,,,,,,,,,,,,,2026-01
2026-01-09,6196,帆宣,其他電子業,移出,掉出掃描母體,283.58,71.0,,4,,,,,,,,,,,,,,,,,,,,2026-01
2026-01-12,6163,華電網,通信網路業,進榜,觸發,65.6,98.0,2.0,0,,-20.4,-1.0,13.0,0.6,-32.1,1.9,,,68.1,3.8,-23.3,-1.2,8.8,0.7,-34.6,1.9,,,2026-01
2026-01-12,6163,華電網,通信網路業,觸發,進榜即觸發,65.6,98.0,2.0,0,65.6,-20.4,-1.0,13.0,0.6,-32.1,1.9,,,68.1,3.8,-23.3,-1.2,8.8,0.7,-34.6,1.9,,,2026-01
2026-01-12,2406,國碩,光電業,進榜,準備,28.05,91.0,1.0,0,,2.3,-1.0,22.8,0.6,21.0,1.9,,,29.8,6.2,-3.7,-1.2,15.6,0.7,13.9,1.9,,,2026-01
2026-01-12,3025,星通,電子工業,進榜,準備,70.8,83.0,2.0,0,,-24.1,-1.0,-14.1,0.6,-22.1,1.9,,,73.3,3.5,-26.7,-1.2,-17.0,0.7,-24.7,1.9,,,2026-01
2026-01-12,3701,大眾控,電子工業,進榜,準備,55.9,81.0,1.0,0,,-10.4,-1.0,20.2,0.6,-26.3,1.9,,,55.0,-1.6,-8.9,-1.2,22.2,0.7,-25.1,1.9,,,2026-01
2026-01-12,2478,大毅,電子工業,進榜,準備,64.28,74.0,2.0,0,,-8.9,-1.0,16.0,0.6,145.8,1.9,,,64.8,0.8,-9.6,-1.2,15.1,0.7,143.9,1.9,,,2026-01
2026-01-12,6239,力成,半導體業,觸發,等待後觸發,215.75,80.0,2.0,7,197.61,10.5,-1.0,-5.5,0.6,43.9,1.9,,,226.5,5.0,5.2,-1.2,-10.0,0.7,37.0,1.9,,,2026-01
2026-01-13,5425,台半,半導體業,進榜,觸發,64.24,71.0,1.0,0,,-8.2,-0.8,-4.9,1.2,40.6,0.0,,,66.3,3.2,-11.0,-1.0,-7.8,1.0,36.2,0.0,,,2026-01
2026-01-13,5425,台半,半導體業,觸發,進榜即觸發,64.24,71.0,1.0,0,64.24,-8.2,-0.8,-4.9,1.2,40.6,0.0,,,66.3,3.2,-11.0,-1.0,-7.8,1.0,36.2,0.0,,,2026-01
2026-01-13,2485,兆赫,通信網路業,進榜,準備,30.25,96.0,2.0,0,,24.5,-0.8,139.0,1.2,43.5,0.0,,,32.4,6.9,16.4,-1.0,123.5,1.0,34.2,0.0,,,2026-01
2026-01-13,3236,千如,電子零組件業,進榜,準備,32.28,89.0,3.0,0,,-13.8,-0.8,3.8,1.2,48.1,0.0,,,33.4,3.5,-16.7,-1.0,0.3,1.0,43.0,0.0,,,2026-01
2026-01-13,3138,耀登,通信網路業,進榜,準備,142.79,80.0,1.0,0,,12.8,-0.8,36.6,1.2,-30.7,0.0,,,141.3,-1.0,13.9,-1.0,38.0,1.0,-30.0,0.0,,,2026-01
2026-01-13,6257,矽格,半導體業,進榜,準備,125.52,80.0,2.0,0,,-0.8,-0.8,46.7,1.2,70.9,0.0,,,125.5,0.0,-0.8,-1.0,46.7,1.0,70.9,0.0,,,2026-01
2026-01-13,2375,凱美,電子工業,進榜,準備,94.57,78.0,3.0,0,,-11.4,-0.8,-7.7,1.2,55.5,0.0,,,97.3,2.9,-13.9,-1.0,-10.4,1.0,51.1,0.0,,,2026-01
2026-01-13,2492,華新科,電子工業,進榜,準備,130.31,77.0,2.0,0,,-5.7,-0.8,13.7,1.2,136.0,0.0,,,135.3,3.8,-9.2,-1.0,9.6,1.0,127.3,0.0,,,2026-01
2026-01-13,3265,台星科,半導體業,進榜,準備,135.98,72.0,1.0,0,,-1.1,-0.8,26.6,1.2,15.1,0.0,,,135.0,-0.7,-0.4,-1.0,27.5,1.0,15.9,0.0,,,2026-01
2026-01-13,2331,精英,電子工業,進榜,準備,26.2,70.0,1.0,0,,-3.6,-0.8,-15.6,1.2,-26.0,0.0,,,27.9,6.5,-9.5,-1.0,-20.8,1.0,-30.5,0.0,,,2026-01
2026-01-13,2406,國碩,光電業,觸發,等待後觸發,30.85,93.0,1.0,1,28.5,-9.2,-0.8,9.2,1.2,-0.3,0.0,,,32.1,4.1,-12.8,-1.0,5.0,1.0,-4.2,0.0,,,2026-01
2026-01-13,2478,大毅,電子工業,觸發,等待後觸發,70.71,79.0,2.0,1,65.57,-18.7,-0.8,3.4,1.2,101.5,0.0,,,74.2,4.9,-22.5,-1.0,-1.5,1.0,92.1,0.0,,,2026-01
2026-01-13,2327,國巨*,電子工業,觸發,等待後觸發,258.64,87.0,2.0,8,247.23,-2.5,-0.8,24.0,1.2,170.3,0.0,,,266.1,2.9,-5.2,-1.0,20.5,1.0,162.7,0.0,,,2026-01
2026-01-13,6831,邁科,電腦及週邊設備業,移出,掉出掃描母體,267.02,80.0,,41,,,,,,,,,,,,,,,,,,,,2026-01
2026-01-13,5475,德宏,電子零組件業,移出,離高點太遠,83.8,93.0,,41,,,,,,,,,,,,,,,,,,,,2026-01
2026-01-13,6291,沛亨,半導體業,移出,離高點太遠,176.37,86.0,,27,,,,,,,,,,,,,,,,,,,,2026-01
2026-01-14,8043,蜜望實,電子零組件業,進榜,觸發,98.06,99.0,2.0,0,,-30.1,-1.7,-8.3,0.7,37.3,-0.7,,,100.3,2.3,-31.7,-1.8,-10.4,0.8,34.2,-1.0,,,2026-01
2026-01-14,8043,蜜望實,電子零組件業,觸發,進榜即觸發,98.06,99.0,2.0,0,98.06,-30.1,-1.7,-8.3,0.7,37.3,-0.7,,,100.3,2.3,-31.7,-1.8,-10.4,0.8,34.2,-1.0,,,2026-01
2026-01-14,8042,金山電,電子零組件業,進榜,觸發,69.76,92.0,3.0,0,,-20.5,-1.7,-8.4,0.7,68.4,-0.7,,,70.8,1.4,-21.6,-1.8,-9.7,0.8,66.1,-1.0,,,2026-01
2026-01-14,8042,金山電,電子零組件業,觸發,進榜即觸發,69.76,92.0,3.0,0,69.76,-20.5,-1.7,-8.4,0.7,68.4,-0.7,,,70.8,1.4,-21.6,-1.8,-9.7,0.8,66.1,-1.0,,,2026-01
2026-01-14,5328,華容,電子零組件業,進榜,觸發,23.5,84.0,3.0,0,,3.8,-1.7,8.9,0.7,133.6,-0.7,,,25.0,6.2,-2.2,-1.8,2.6,0.8,120.0,-1.0,,,2026-01
2026-01-14,5328,華容,電子零組件業,觸發,進榜即觸發,23.5,84.0,3.0,0,23.5,3.8,-1.7,8.9,0.7,133.6,-0.7,,,25.0,6.2,-2.2,-1.8,2.6,0.8,120.0,-1.0,,,2026-01
2026-01-14,1519,華城,電機機械,進榜,觸發,799.29,79.0,2.0,0,,8.3,-1.7,2.5,0.7,-25.2,-0.7,,,836.9,4.7,3.4,-1.8,-2.1,0.8,-28.6,-1.0,,,2026-01
2026-01-14,1519,華城,電機機械,觸發,進榜即觸發,799.29,79.0,2.0,0,799.29,8.3,-1.7,2.5,0.7,-25.2,-0.7,,,836.9,4.7,3.4,-1.8,-2.1,0.8,-28.6,-1.0,,,2026-01
2026-01-14,3481,群創,光電業,進榜,準備,23.85,89.0,2.0,0,,-10.0,-1.7,4.9,0.7,111.3,-0.7,,,24.3,2.0,-11.8,-1.8,2.8,0.8,107.1,-1.0,,,2026-01
2026-01-14,6173,信昌電,電子零組件業,進榜,準備,76.09,88.0,2.0,0,,-19.1,-1.7,15.5,0.7,130.0,-0.7,,,76.6,0.7,-19.6,-1.8,14.8,0.8,128.5,-1.0,,,2026-01
2026-01-14,1528,恩德,電機機械,進榜,準備,24.25,86.0,3.0,0,,-8.0,-1.7,21.6,0.7,-18.6,-0.7,,,23.6,-2.5,-5.7,-1.8,24.7,0.8,-16.5,-1.0,,,2026-01
2026-01-14,3532,台勝科,半導體業,進榜,準備,135.71,80.0,1.0,0,,8.8,-1.7,37.5,0.7,243.4,-0.7,,,137.2,1.1,7.6,-1.8,36.0,0.8,239.6,-1.0,,,2026-01
2026-01-14,2404,漢唐,其他電子業,進榜,準備,1114.2,76.0,3.0,0,,-19.7,-1.7,-13.0,0.7,1.9,-0.7,,,1114.2,0.0,-19.7,-1.8,-13.0,0.8,1.9,-1.0,,,2026-01
2026-01-14,6488,環球晶,半導體業,進榜,準備,514.01,72.0,1.0,0,,-13.7,-1.7,16.3,0.7,146.1,-0.7,,,514.0,0.0,-13.7,-1.8,16.3,0.8,146.1,-1.0,,,2026-01
2026-01-14,6182,合晶,半導體業,觸發,等待後觸發,39.28,82.0,1.0,7,35.26,-13.9,-1.7,14.6,0.7,243.7,-0.7,,,39.7,1.0,-14.7,-1.8,13.4,0.8,240.3,-1.0,,,2026-01
2026-01-14,2485,兆赫,通信網路業,觸發,等待後觸發,33.25,98.0,2.0,1,31.0,10.7,-1.7,113.5,0.7,23.2,-0.7,,,35.9,8.0,2.5,-1.8,97.8,0.8,14.1,-1.0,,,2026-01
2026-01-14,2331,精英,電子工業,觸發,等待後觸發,28.8,74.0,1.0,1,26.5,-12.0,-1.7,-23.4,0.7,-33.3,-0.7,,,29.8,3.5,-14.9,-1.8,-26.0,0.8,-35.6,-1.0,,,2026-01
2026-01-14,2330,台積電,半導體業,移出,掉出掃描母體,1699.9,72.0,,6,,,,,,,,,,,,,,,,,,,,2026-01
2026-01-14,3265,台星科,半導體業,移出,掉出掃描母體,135.98,72.0,,1,,,,,,,,,,,,,,,,,,,,2026-01
2026-01-14,4991,環宇-KY,半導體業,移出,離高點太遠,200.5,71.0,,36,,,,,,,,,,,,,,,,,,,,2026-01
2026-01-14,2867,三商壽,金融保險,移出,掉出掃描母體,7.73,73.0,,27,,,,,,,,,,,,,,,,,,,,2026-01
2026-01-14,6531,愛普*,半導體業,移出,掉出掃描母體,472.75,72.0,,15,,,,,,,,,,,,,,,,,,,,2026-01
2026-01-14,3709,鑫聯大投控,電腦及週邊設備業,移出,掉出掃描母體,57.33,71.0,,6,,,,,,,,,,,,,,,,,,,,2026-01
2026-01-14,5425,台半,半導體業,移出,掉出掃描母體,64.24,71.0,,1,,,,,,,,,,,,,,,,,,,,2026-01
2026-01-15,3491,昇達科,通信網路業,進榜,觸發,885.34,94.0,4.0,0,,67.4,-0.9,74.2,-0.4,33.1,0.0,,,883.4,-0.2,67.8,-1.3,74.5,-0.8,33.4,-0.2,,,2026-01
2026-01-15,3491,昇達科,通信網路業,觸發,進榜即觸發,885.34,94.0,4.0,0,885.34,67.4,-0.9,74.2,-0.4,33.1,0.0,,,883.4,-0.2,67.8,-1.3,74.5,-0.8,33.4,-0.2,,,2026-01
2026-01-15,1802,台玻,玻璃陶瓷,進榜,觸發,38.0,86.0,4.0,0,,36.1,-0.9,74.2,-0.4,42.4,0.0,,,40.5,6.6,27.7,-1.3,63.5,-0.8,33.6,-0.2,,,2026-01
2026-01-15,1802,台玻,玻璃陶瓷,觸發,進榜即觸發,38.0,86.0,4.0,0,38.0,36.1,-0.9,74.2,-0.4,42.4,0.0,,,40.5,6.6,27.7,-1.3,63.5,-0.8,33.6,-0.2,,,2026-01
2026-01-15,2312,金寶,其他電子業,進榜,觸發,32.74,82.0,2.0,0,,-26.4,-0.9,-18.9,-0.4,1.1,0.0,,,34.0,3.9,-29.2,-1.3,-22.0,-0.8,-2.7,-0.2,,,2026-01
2026-01-15,2312,金寶,其他電子業,觸發,進榜即觸發,32.74,82.0,2.0,0,32.74,-26.4,-0.9,-18.9,-0.4,1.1,0.0,,,34.0,3.9,-29.2,-1.3,-22.0,-0.8,-2.7,-0.2,,,2026-01
2026-01-15,5340,建榮,電子零組件業,進榜,觸發,76.1,80.0,3.0,0,,31.9,-0.9,42.3,-0.4,-5.9,0.0,,,83.7,9.9,20.0,-1.3,29.5,-0.8,-14.4,-0.2,,,2026-01
2026-01-15,5340,建榮,電子零組件業,觸發,進榜即觸發,76.1,80.0,3.0,0,76.1,31.9,-0.9,42.3,-0.4,-5.9,0.0,,,83.7,9.9,20.0,-1.3,29.5,-0.8,-14.4,-0.2,,,2026-01
2026-01-15,3265,台星科,半導體業,進榜,準備,141.36,75.0,1.0,0,,-0.7,-0.9,15.2,-0.4,14.6,0.0,,,142.3,0.7,-1.4,-1.3,14.4,-0.8,13.8,-0.2,,,2026-01
2026-01-15,2367,燿華,電子工業,進榜,準備,36.9,72.0,1.0,0,,50.1,-0.9,64.7,-0.4,18.2,0.0,,,37.1,0.5,49.3,-1.3,63.8,-0.8,17.6,-0.2,,,2026-01
2026-01-15,6488,環球晶,半導體業,移出,掉出掃描母體,514.01,72.0,,1,,,,,,,,,,,,,,,,,,,,2026-01
2026-01-15,8271,宇瞻,半導體業,移出,晚期未觸發,118.23,87.0,,8,,,,,,,,,,,,,,,,,,,,2026-01
2026-01-16,5347,世界,半導體業,進榜,觸發,136.28,74.0,1.0,0,,-1.4,-0.9,0.7,-1.1,25.5,0.0,,,139.2,2.2,-3.5,-0.8,-1.4,-1.2,22.8,-0.3,,,2026-01
2026-01-16,5347,世界,半導體業,觸發,進榜即觸發,136.28,74.0,1.0,0,136.28,-1.4,-0.9,0.7,-1.1,25.5,0.0,,,139.2,2.2,-3.5,-0.8,-1.4,-1.2,22.8,-0.3,,,2026-01
2026-01-16,8046,南電,電子工業,進榜,觸發,288.89,70.0,3.0,0,,73.7,-0.9,201.9,-1.1,351.7,0.0,,,294.4,1.9,70.5,-0.8,196.3,-1.2,343.3,-0.3,,,2026-01
2026-01-16,8046,南電,電子工業,觸發,進榜即觸發,288.89,70.0,3.0,0,288.89,73.7,-0.9,201.9,-1.1,351.7,0.0,,,294.4,1.9,70.5,-0.8,196.3,-1.2,343.3,-0.3,,,2026-01
2026-01-16,1795,美時,化學生技醫療,進榜,準備,328.72,71.0,3.0,0,,-14.8,-0.9,-33.6,-1.1,-43.0,0.0,,,331.2,0.7,-15.4,-0.8,-34.1,-1.2,-43.4,-0.3,,,2026-01
2026-01-16,1528,恩德,電機機械,觸發,等待後觸發,28.35,91.0,3.0,2,25.0,-11.3,-0.9,-11.3,-1.1,-29.6,0.0,,,30.3,6.9,-17.0,-0.8,-17.0,-1.2,-34.2,-0.3,,,2026-01
2026-01-16,8422,可寧衛,其他,移出,離高點太遠,40.31,91.0,,21,,,,,,,,,,,,,,,,,,,,2026-01
2026-01-16,2495,普安,其他電子業,移出,掉出掃描母體,30.9,71.0,,9,,,,,,,,,,,,,,,,,,,,2026-01
2026-01-16,6442,光聖,通信網路業,移出,晚期未觸發,1244.25,94.0,,7,,,,,,,,,,,,,,,,,,,,2026-01
2026-01-19,5475,德宏,電子零組件業,進榜,觸發,111.5,97.0,3.0,0,,93.7,-1.0,176.7,-2.2,34.1,-0.7,,,109.5,-1.8,97.3,-1.0,181.7,-2.1,36.5,-0.7,,,2026-01
2026-01-19,5475,德宏,電子零組件業,觸發,進榜即觸發,111.5,97.0,3.0,0,111.5,93.7,-1.0,176.7,-2.2,34.1,-0.7,,,109.5,-1.8,97.3,-1.0,181.7,-2.1,36.5,-0.7,,,2026-01
2026-01-19,1815,富喬,電子零組件業,進榜,觸發,108.5,90.0,6.0,0,,4.1,-1.0,-0.5,-2.2,-27.3,-0.7,,,109.0,0.5,3.7,-1.0,-0.9,-2.1,-27.6,-0.7,,,2026-01
2026-01-19,1815,富喬,電子零組件業,觸發,進榜即觸發,108.5,90.0,6.0,0,108.5,4.1,-1.0,-0.5,-2.2,-27.3,-0.7,,,109.0,0.5,3.7,-1.0,-0.9,-2.1,-27.6,-0.7,,,2026-01
2026-01-19,7795,長廣,電子零組件業,進榜,觸發,326.82,88.0,2.0,0,,26.3,-1.0,21.0,-2.2,25.8,-0.7,,,312.4,-4.4,32.2,-1.0,26.6,-2.1,31.6,-0.7,,,2026-01
2026-01-19,7795,長廣,電子零組件業,觸發,進榜即觸發,326.82,88.0,2.0,0,326.82,26.3,-1.0,21.0,-2.2,25.8,-0.7,,,312.4,-4.4,32.2,-1.0,26.6,-2.1,31.6,-0.7,,,2026-01
2026-01-19,2329,華泰,半導體業,進榜,觸發,66.71,80.0,1.0,0,,-18.2,-1.0,-17.4,-2.2,-29.4,-0.7,,,64.7,-2.9,-15.8,-1.0,-14.8,-2.1,-27.3,-0.7,,,2026-01
2026-01-19,2329,華泰,半導體業,觸發,進榜即觸發,66.71,80.0,1.0,0,66.71,-18.2,-1.0,-17.4,-2.2,-29.4,-0.7,,,64.7,-2.9,-15.8,-1.0,-14.8,-2.1,-27.3,-0.7,,,2026-01
2026-01-19,3535,晶彩科,光電業,進榜,觸發,106.5,77.0,3.0,0,,8.9,-1.0,9.4,-2.2,-16.0,-0.7,,,108.0,1.4,7.4,-1.0,7.9,-2.1,-17.1,-0.7,,,2026-01
2026-01-19,3535,晶彩科,光電業,觸發,進榜即觸發,106.5,77.0,3.0,0,106.5,8.9,-1.0,9.4,-2.2,-16.0,-0.7,,,108.0,1.4,7.4,-1.0,7.9,-2.1,-17.1,-0.7,,,2026-01
2026-01-19,6217,中探針,電子零組件業,進榜,觸發,58.0,74.0,2.0,0,,46.9,-1.0,382.8,-2.2,193.1,-0.7,,,59.5,2.6,43.2,-1.0,370.6,-2.1,185.7,-0.7,,,2026-01
2026-01-19,6217,中探針,電子零組件業,觸發,進榜即觸發,58.0,74.0,2.0,0,58.0,46.9,-1.0,382.8,-2.2,193.1,-0.7,,,59.5,2.6,43.2,-1.0,370.6,-2.1,185.7,-0.7,,,2026-01
2026-01-19,2413,環科,電子工業,進榜,準備,50.91,97.0,2.0,0,,7.2,-1.0,-13.2,-2.2,-18.7,-0.7,,,49.8,-2.1,9.5,-1.0,-11.3,-2.1,-17.0,-0.7,,,2026-01
2026-01-19,8103,瀚荃,電子工業,進榜,準備,95.5,81.0,2.0,0,,-1.8,-1.0,18.3,-2.2,-17.0,-0.7,,,96.0,0.5,-2.3,-1.0,17.7,-2.1,-17.4,-0.7,,,2026-01
2026-01-19,5381,光譜,電子零組件業,進榜,準備,35.82,76.0,1.0,0,,-11.0,-1.0,-36.6,-2.2,-32.6,-0.7,,,36.6,2.3,-13.0,-1.0,-38.1,-2.1,-34.1,-0.7,,,2026-01
2026-01-19,6531,愛普*,半導體業,進榜,準備,511.49,76.0,3.0,0,,-17.0,-1.0,46.2,-2.2,76.7,-0.7,,,497.6,-2.7,-14.7,-1.0,50.3,-2.1,81.7,-0.7,,,2026-01
2026-01-19,2330,台積電,半導體業,進榜,準備,1749.61,71.0,2.0,0,,14.5,-1.0,29.1,-2.2,37.5,-0.7,,,1729.7,-1.1,15.8,-1.0,30.6,-2.1,39.0,-0.7,,,2026-01
2026-01-19,2867,三商壽,金融保險,進榜,準備,7.9,71.0,1.0,0,,3.9,-1.0,-0.6,-2.2,16.2,-0.7,,,7.9,0.0,3.9,-1.0,-0.6,-2.1,16.2,-0.7,,,2026-01
2026-01-19,3189,景碩,半導體業,觸發,等待後觸發,202.09,85.0,3.0,14,163.87,60.8,-1.0,154.4,-2.2,288.4,-0.7,,,200.2,-0.9,62.3,-1.0,156.8,-2.1,292.1,-0.7,,,2026-01
2026-01-19,8131,福懋科,半導體業,觸發,等待後觸發,75.38,96.0,2.0,41,50.32,-7.7,-1.0,-19.4,-2.2,-8.9,-0.7,,,72.9,-3.3,-4.6,-1.0,-16.6,-2.1,-5.8,-0.7,,,2026-01
2026-01-19,2492,華新科,電子工業,觸發,等待後觸發,145.73,79.0,2.0,6,133.29,6.5,-1.0,-11.6,-2.2,105.9,-0.7,,,145.2,-0.3,6.8,-1.0,-11.3,-2.1,106.6,-0.7,,,2026-01
2026-01-19,1795,美時,化學生技醫療,移出,掉出掃描母體,328.72,71.0,,3,,,,,,,,,,,,,,,,,,,,2026-01
2026-01-19,2404,漢唐,其他電子業,移出,掉出掃描母體,1065.76,74.0,,5,,,,,,,,,,,,,,,,,,,,2026-01
2026-01-20,4939,亞電,電子零組件業,進榜,觸發,43.0,90.0,4.0,0,,-16.3,-0.6,0.7,-1.7,45.8,-0.9,,,44.8,4.2,-19.7,-0.4,-3.3,-1.5,40.0,-0.7,,,2026-01
2026-01-20,4939,亞電,電子零組件業,觸發,進榜即觸發,43.0,90.0,4.0,0,43.0,-16.3,-0.6,0.7,-1.7,45.8,-0.9,,,44.8,4.2,-19.7,-0.4,-3.3,-1.5,40.0,-0.7,,,2026-01
2026-01-20,2481,強茂,半導體業,進榜,觸發,95.84,80.0,3.0,0,,-7.2,-0.6,3.5,-1.7,46.1,-0.9,,,95.5,-0.4,-6.8,-0.4,3.9,-1.5,46.7,-0.7,,,2026-01
2026-01-20,2481,強茂,半導體業,觸發,進榜即觸發,95.84,80.0,3.0,0,95.84,-7.2,-0.6,3.5,-1.7,46.1,-0.9,,,95.5,-0.4,-6.8,-0.4,3.9,-1.5,46.7,-0.7,,,2026-01
2026-01-20,3016,嘉晶,半導體業,進榜,觸發,65.61,79.0,1.0,0,,-4.5,-0.6,12.4,-1.7,45.0,-0.9,,,67.8,3.3,-7.6,-0.4,8.8,-1.5,40.3,-0.7,,,2026-01
2026-01-20,3016,嘉晶,半導體業,觸發,進榜即觸發,65.61,79.0,1.0,0,65.61,-4.5,-0.6,12.4,-1.7,45.0,-0.9,,,67.8,3.3,-7.6,-0.4,8.8,-1.5,40.3,-0.7,,,2026-01
2026-01-20,3543,州巧,光電業,進榜,觸發,49.34,74.0,4.0,0,,6.4,-0.6,-21.5,-1.7,-44.9,-0.9,,,49.5,0.4,5.9,-0.4,-21.8,-1.5,-45.1,-0.7,,,2026-01
2026-01-20,3543,州巧,光電業,觸發,進榜即觸發,49.34,74.0,4.0,0,49.34,6.4,-0.6,-21.5,-1.7,-44.9,-0.9,,,49.5,0.4,5.9,-0.4,-21.8,-1.5,-45.1,-0.7,,,2026-01
2026-01-20,3595,山太士,光電業,進榜,準備,449.0,88.0,3.0,0,,53.7,-0.6,482.4,-1.7,344.3,-0.9,,,431.8,-3.8,59.8,-0.4,505.6,-1.5,362.0,-0.7,,,2026-01
2026-01-20,2303,聯電,半導體業,進榜,準備,66.66,76.0,1.0,0,,-3.5,-0.6,10.8,-1.7,92.0,-0.9,,,69.7,4.6,-7.8,-0.4,5.9,-1.5,83.6,-0.7,,,2026-01
2026-01-20,5469,瀚宇博,電子零組件業,進榜,準備,101.34,71.0,2.0,0,,-10.3,-0.6,-12.4,-1.7,-29.0,-0.9,,,99.9,-1.4,-9.0,-0.4,-11.2,-1.5,-27.9,-0.7,,,2026-01
2026-01-20,6548,長科*,半導體業,觸發,等待後觸發,54.5,80.0,3.0,18,46.27,-10.1,-0.6,-3.6,-1.7,24.8,-0.9,,,53.8,-1.3,-9.0,-0.4,-2.4,-1.5,26.4,-0.7,,,2026-01
2026-01-20,6282,康舒,電子零組件業,觸發,等待後觸發,62.73,91.0,2.0,11,45.67,-18.5,-0.6,-25.2,-1.7,-26.1,-0.9,,,63.9,1.9,-20.0,-0.4,-26.6,-1.5,-27.5,-0.7,,,2026-01
2026-01-20,3138,耀登,通信網路業,觸發,等待後觸發,164.94,86.0,1.0,7,144.76,18.2,-0.6,-6.0,-1.7,-40.5,-0.9,,,163.0,-1.2,19.6,-0.4,-4.8,-1.5,-39.7,-0.7,,,2026-01
2026-01-20,5381,光譜,電子零組件業,觸發,等待後觸發,39.35,79.0,1.0,1,36.41,-16.3,-0.6,-40.8,-1.7,-40.0,-0.9,,,40.6,3.1,-18.8,-0.4,-42.6,-1.5,-41.9,-0.7,,,2026-01
2026-01-20,2330,台積電,半導體業,移出,掉出掃描母體,1749.61,71.0,,1,,,,,,,,,,,,,,,,,,,,2026-01
2026-01-21,6510,精測,半導體業,進榜,觸發,2964.02,98.0,4.0,0,,21.8,-0.2,21.8,-1.2,-10.3,-0.8,,,3103.3,4.7,16.3,-0.9,16.3,-1.7,-14.3,-1.4,,,2026-01
2026-01-21,6510,精測,半導體業,觸發,進榜即觸發,2964.02,98.0,4.0,0,2964.02,21.8,-0.2,21.8,-1.2,-10.3,-0.8,,,3103.3,4.7,16.3,-0.9,16.3,-1.7,-14.3,-1.4,,,2026-01
2026-01-21,3707,漢磊,半導體業,進榜,準備,67.1,76.0,3.0,0,,-11.2,-0.2,-10.3,-1.2,-9.2,-0.8,,,69.0,2.8,-13.6,-0.9,-12.8,-1.7,-11.7,-1.4,,,2026-01
2026-01-21,3234,光環,通信網路業,進榜,準備,48.69,73.0,3.0,0,,105.5,-0.2,108.4,-1.2,106.5,-0.8,,,53.4,9.6,87.5,-0.9,90.2,-1.7,88.4,-1.4,,,2026-01
2026-01-21,5469,瀚宇博,電子零組件業,移出,掉出掃描母體,101.34,71.0,,1,,,,,,,,,,,,,,,,,,,,2026-01
2026-01-21,2368,金像電,電子零組件業,移出,掉出掃描母體,625.57,83.0,,82,,,,,,,,,,,,,,,,,,,,2026-01
2026-01-21,4764,雙鍵,化學工業,移出,離高點太遠,115.19,96.0,,35,,,,,,,,,,,,,,,,,,,,2026-01
2026-01-21,3006,晶豪科,電子工業,移出,離高點太遠,136.36,93.0,,28,,,,,,,,,,,,,,,,,,,,2026-01
2026-01-21,2451,創見,半導體業,移出,離高點太遠,221.74,92.0,,22,,,,,,,,,,,,,,,,,,,,2026-01
2026-01-21,8112,至上,電子工業,移出,掉出掃描母體,71.99,78.0,,15,,,,,,,,,,,,,,,,,,,,2026-01
2026-01-21,3532,台勝科,半導體業,移出,掉出掃描母體,139.2,74.0,,7,,,,,,,,,,,,,,,,,,,,2026-01
2026-01-21,8043,蜜望實,電子零組件業,移出,離高點太遠,91.4,97.0,,7,,,,,,,,,,,,,,,,,,,,2026-01
2026-01-21,5475,德宏,電子零組件業,移出,突破失敗,102.0,96.0,,2,,,,,,,,,,,,,,,,,,,,2026-01
2026-01-21,3543,州巧,光電業,移出,掉出掃描母體,49.34,74.0,,1,,,,,,,,,,,,,,,,,,,,2026-01
2026-01-22,3543,州巧,光電業,進榜,觸發,50.33,75.0,4.0,0,,-0.6,-1.7,-19.7,-2.1,-46.3,-2.9,,,52.8,4.9,-5.2,-1.8,-23.4,-2.4,-48.8,-3.2,,,2026-01
2026-01-22,3543,州巧,光電業,觸發,進榜即觸發,50.33,75.0,4.0,0,50.33,-0.6,-1.7,-19.7,-2.1,-46.3,-2.9,,,52.8,4.9,-5.2,-1.8,-23.4,-2.4,-48.8,-3.2,,,2026-01
2026-01-22,3234,光環,通信網路業,觸發,等待後觸發,53.55,80.0,3.0,1,49.45,70.3,-1.7,102.0,-2.1,77.8,-2.9,,,53.8,0.5,69.4,-1.8,100.9,-2.4,76.8,-3.2,,,2026-01
2026-01-22,6425,易發,電機機械,移出,掉出掃描母體,80.79,81.0,,41,,,,,,,,,,,,,,,,,,,,2026-01
2026-01-22,1784,訊聯,生技醫療業,移出,掉出掃描母體,103.0,71.0,,29,,,,,,,,,,,,,,,,,,,,2026-01
2026-01-22,1605,華新,電器電纜,移出,離高點太遠,38.49,80.0,,27,,,,,,,,,,,,,,,,,,,,2026-01
2026-01-22,6485,點序,半導體業,移出,離高點太遠,104.74,83.0,,16,,,,,,,,,,,,,,,,,,,,2026-01
2026-01-22,1528,恩德,電機機械,移出,離高點太遠,28.0,91.0,,8,,,,,,,,,,,,,,,,,,,,2026-01
2026-01-22,3265,台星科,半導體業,移出,掉出掃描母體,136.95,71.0,,7,,,,,,,,,,,,,,,,,,,,2026-01
2026-01-22,2312,金寶,其他電子業,移出,離高點太遠,29.89,76.0,,7,,,,,,,,,,,,,,,,,,,,2026-01
2026-01-22,2413,環科,電子工業,移出,離高點太遠,43.5,93.0,,3,,,,,,,,,,,,,,,,,,,,2026-01
2026-01-22,6531,愛普*,半導體業,移出,掉出掃描母體,486.66,73.0,,3,,,,,,,,,,,,,,,,,,,,2026-01
2026-01-22,1815,富喬,電子零組件業,移出,離高點太遠,99.0,88.0,,3,,,,,,,,,,,,,,,,,,,,2026-01
2026-01-23,2383,台光電,電子工業,進榜,觸發,1791.82,83.0,6.0,0,,21.7,-4.3,164.2,-1.5,127.8,-4.4,,,1781.9,-0.6,22.3,-4.5,165.6,-1.9,129.1,-4.8,,,2026-01
2026-01-23,2383,台光電,電子工業,觸發,進榜即觸發,1791.82,83.0,6.0,0,1791.82,21.7,-4.3,164.2,-1.5,127.8,-4.4,,,1781.9,-0.6,22.3,-4.5,165.6,-1.9,129.1,-4.8,,,2026-01
2026-01-23,3037,欣興,電子工業,進榜,準備,338.31,95.0,1.0,0,,23.0,-4.3,168.7,-1.5,103.4,-4.4,,,332.8,-1.6,25.0,-4.5,173.2,-1.9,106.7,-4.8,,,2026-01
2026-01-23,6274,台燿,電子零組件業,進榜,準備,500.0,85.0,3.0,0,,-2.7,-4.3,122.0,-1.5,104.0,-4.4,,,507.9,1.6,-4.2,-4.5,118.5,-1.9,100.8,-4.8,,,2026-01
2026-01-23,3532,台勝科,半導體業,進榜,準備,146.19,77.0,1.0,0,,-15.0,-4.3,41.6,-1.5,110.7,-4.4,,,146.7,0.3,-15.3,-4.5,41.2,-1.9,110.0,-4.8,,,2026-01
2026-01-23,2330,台積電,半導體業,進榜,準備,1759.55,71.0,2.0,0,,5.4,-4.3,29.0,-1.5,25.0,-4.4,,,1754.6,-0.3,5.7,-4.5,29.3,-1.9,25.4,-4.8,,,2026-01
2026-01-23,5469,瀚宇博,電子零組件業,進榜,準備,103.77,70.0,2.0,0,,-19.0,-4.3,-22.0,-1.5,-37.2,-4.4,,,105.7,1.9,-20.5,-4.5,-23.4,-1.9,-38.3,-4.8,,,2026-01
2026-01-23,2867,三商壽,金融保險,移出,掉出掃描母體,7.93,70.0,,4,,,,,,,,,,,,,,,,,,,,2026-01
2026-01-23,4971,IET-KY,半導體業,移出,離高點太遠,334.79,93.0,,57,,,,,,,,,,,,,,,,,,,,2026-01
2026-01-23,6265,方土昶,電子通路業,移出,離高點太遠,48.2,100.0,,45,,,,,,,,,,,,,,,,,,,,2026-01
2026-01-23,2369,菱生,電子工業,移出,離高點太遠,27.65,82.0,,42,,,,,,,,,,,,,,,,,,,,2026-01
2026-01-23,4768,晶呈科技,化學工業,移出,離高點太遠,389.1,97.0,,42,,,,,,,,,,,,,,,,,,,,2026-01
2026-01-23,5498,凱崴,電子零組件業,移出,離高點太遠,62.2,99.0,,39,,,,,,,,,,,,,,,,,,,,2026-01
2026-01-23,6127,九豪,電子零組件業,移出,離高點太遠,36.2,76.0,,32,,,,,,,,,,,,,,,,,,,,2026-01
2026-01-23,4973,廣穎,半導體業,移出,離高點太遠,49.06,84.0,,30,,,,,,,,,,,,,,,,,,,,2026-01
2026-01-23,5351,鈺創,半導體業,移出,離高點太遠,59.6,89.0,,28,,,,,,,,,,,,,,,,,,,,2026-01
2026-01-23,4989,榮科,電子零組件業,移出,離高點太遠,55.18,92.0,,25,,,,,,,,,,,,,,,,,,,,2026-01
2026-01-23,2467,志聖,電子工業,移出,離高點太遠,234.77,73.0,,24,,,,,,,,,,,,,,,,,,,,2026-01
2026-01-23,8088,品安,半導體業,移出,離高點太遠,59.49,83.0,,15,,,,,,,,,,,,,,,,,,,,2026-01
2026-01-23,6603,富強鑫,電機機械,移出,離高點太遠,30.3,85.0,,15,,,,,,,,,,,,,,,,,,,,2026-01
2026-01-23,8074,鉅橡,電子零組件業,移出,離高點太遠,61.26,96.0,,14,,,,,,,,,,,,,,,,,,,,2026-01
2026-01-23,3701,大眾控,電子工業,移出,離高點太遠,52.1,77.0,,11,,,,,,,,,,,,,,,,,,,,2026-01
2026-01-23,3236,千如,電子零組件業,移出,晚期未觸發,33.27,85.0,,10,,,,,,,,,,,,,,,,,,,,2026-01
2026-01-23,5328,華容,電子零組件業,移出,離高點太遠,28.95,88.0,,9,,,,,,,,,,,,,,,,,,,,2026-01
2026-01-23,3481,群創,光電業,移出,離高點太遠,23.46,88.0,,9,,,,,,,,,,,,,,,,,,,,2026-01
2026-01-23,2329,華泰,半導體業,移出,突破失敗,61.22,73.0,,4,,,,,,,,,,,,,,,,,,,,2026-01
2026-01-23,3535,晶彩科,光電業,移出,離高點太遠,99.2,75.0,,4,,,,,,,,,,,,,,,,,,,,2026-01
2026-01-23,2481,強茂,半導體業,移出,突破失敗,87.89,76.0,,3,,,,,,,,,,,,,,,,,,,,2026-01
2026-01-23,4939,亞電,電子零組件業,移出,離高點太遠,45.98,93.0,,3,,,,,,,,,,,,,,,,,,,,2026-01
2026-01-26,6209,今國光,光電業,進榜,觸發,72.88,95.0,4.0,0,,-24.3,-3.6,-6.4,-1.6,-21.1,-6.0,,,75.5,3.5,-26.8,-3.9,-9.6,-1.8,-23.8,-6.2,,,2026-01
2026-01-26,6209,今國光,光電業,觸發,進榜即觸發,72.88,95.0,4.0,0,72.88,-24.3,-3.6,-6.4,-1.6,-21.1,-6.0,,,75.5,3.5,-26.8,-3.9,-9.6,-1.8,-23.8,-6.2,,,2026-01
2026-01-26,2489,瑞軒,光電業,進榜,觸發,23.58,82.0,1.0,0,,79.5,-3.6,90.9,-1.6,3.9,-6.0,,,23.5,-0.4,80.3,-3.9,91.7,-1.8,4.3,-6.2,,,2026-01
2026-01-26,2489,瑞軒,光電業,觸發,進榜即觸發,23.58,82.0,1.0,0,23.58,79.5,-3.6,90.9,-1.6,3.9,-6.0,,,23.5,-0.4,80.3,-3.9,91.7,-1.8,4.3,-6.2,,,2026-01
2026-01-26,8155,博智,電子零組件業,進榜,觸發,199.51,73.0,6.0,0,,-7.4,-3.6,125.4,-1.6,24.3,-6.0,,,203.5,2.0,-9.2,-3.9,121.1,-1.8,21.9,-6.2,,,2026-01
2026-01-26,8155,博智,電子零組件業,觸發,進榜即觸發,199.51,73.0,6.0,0,199.51,-7.4,-3.6,125.4,-1.6,24.3,-6.0,,,203.5,2.0,-9.2,-3.9,121.1,-1.8,21.9,-6.2,,,2026-01
2026-01-26,2495,普安,其他電子業,進榜,準備,34.43,76.0,3.0,0,,-13.8,-3.6,18.5,-1.6,-7.5,-6.0,,,34.3,-0.3,-13.6,-3.9,18.8,-1.8,-7.2,-6.2,,,2026-01
2026-01-26,3265,台星科,半導體業,進榜,準備,146.25,75.0,1.0,0,,-8.0,-3.6,27.1,-1.6,-9.1,-6.0,,,150.7,3.0,-10.7,-3.9,23.4,-1.8,-11.7,-6.2,,,2026-01
2026-01-26,4916,事欣科,電腦及週邊設備業,進榜,準備,68.62,70.0,3.0,0,,-11.7,-3.6,-5.7,-1.6,29.0,-6.0,,,69.6,1.4,-13.0,-3.9,-7.0,-1.8,27.1,-6.2,,,2026-01
2026-01-26,2367,燿華,電子工業,觸發,等待後觸發,48.23,85.0,1.0,11,37.94,44.1,-3.6,26.2,-1.6,-31.1,-6.0,,,51.3,6.4,35.5,-3.9,18.6,-1.8,-35.3,-6.2,,,2026-01
2026-01-26,2330,台積電,半導體業,移出,掉出掃描母體,1759.55,71.0,,3,,,,,,,,,,,,,,,,,,,,2026-01
2026-01-26,5469,瀚宇博,電子零組件業,移出,掉出掃描母體,103.77,70.0,,3,,,,,,,,,,,,,,,,,,,,2026-01
2026-01-27,6133,金橋,電子零組件業,進榜,觸發,28.05,87.0,3.0,0,,-5.3,-3.0,-20.0,-1.5,-28.5,-3.9,,,29.7,5.9,-10.6,-3.3,-24.4,-1.8,-32.5,-4.2,,,2026-01
2026-01-27,6133,金橋,電子零組件業,觸發,進榜即觸發,28.05,87.0,3.0,0,28.05,-5.3,-3.0,-20.0,-1.5,-28.5,-3.9,,,29.7,5.9,-10.6,-3.3,-24.4,-1.8,-32.5,-4.2,,,2026-01
2026-01-27,6446,藥華藥,生技醫療業,進榜,準備,650.24,75.0,2.0,0,,-3.3,-3.0,-9.3,-1.5,63.0,-3.9,,,652.0,0.3,-3.6,-3.3,-9.5,-1.8,62.6,-4.2,,,2026-01
2026-01-27,2419,仲琦,通信網路業,進榜,準備,34.15,73.0,1.0,0,,-13.2,-3.0,-11.6,-1.5,-31.0,-3.9,,,35.2,3.1,-15.8,-3.3,-14.2,-1.8,-33.1,-4.2,,,2026-01
2026-01-27,2330,台積電,半導體業,進榜,準備,1769.49,71.0,2.0,0,,6.2,-3.0,26.8,-1.5,37.0,-3.9,,,1779.4,0.6,5.6,-3.3,26.1,-1.8,36.3,-4.2,,,2026-01
2026-01-27,2303,聯電,半導體業,觸發,等待後觸發,74.92,82.0,1.0,7,67.54,-18.6,-3.0,19.9,-1.5,61.5,-3.9,,,78.3,4.5,-22.1,-3.3,14.8,-1.8,54.6,-4.2,,,2026-01
2026-01-27,1717,長興,化學工業,移出,離高點太遠,60.25,88.0,,22,,,,,,,,,,,,,,,,,,,,2026-01
2026-01-27,6282,康舒,電子零組件業,移出,離高點太遠,52.9,81.0,,18,,,,,,,,,,,,,,,,,,,,2026-01
2026-01-27,8042,金山電,電子零組件業,移出,離高點太遠,64.01,86.0,,13,,,,,,,,,,,,,,,,,,,,2026-01
2026-01-27,5381,光譜,電子零組件業,移出,掉出掃描母體,36.12,72.0,,8,,,,,,,,,,,,,,,,,,,,2026-01
2026-01-27,3543,州巧,光電業,移出,掉出掃描母體,48.07,70.0,,5,,,,,,,,,,,,,,,,,,,,2026-01
2026-01-28,3163,波若威,通信網路業,進榜,觸發,396.09,93.0,5.0,0,,39.5,-6.1,132.6,-1.2,51.0,-3.6,,,404.2,2.0,36.8,-6.1,127.9,-1.4,48.0,-3.7,,,2026-01
2026-01-28,3163,波若威,通信網路業,觸發,進榜即觸發,396.09,93.0,5.0,0,396.09,39.5,-6.1,132.6,-1.2,51.0,-3.6,,,404.2,2.0,36.8,-6.1,127.9,-1.4,48.0,-3.7,,,2026-01
2026-01-28,6291,沛亨,半導體業,進榜,觸發,218.62,80.0,2.0,0,,11.7,-6.1,120.5,-1.2,52.5,-3.6,,,232.9,6.5,4.9,-6.1,107.0,-1.4,43.2,-3.7,,,2026-01
2026-01-28,6291,沛亨,半導體業,觸發,進榜即觸發,218.62,80.0,2.0,0,218.62,11.7,-6.1,120.5,-1.2,52.5,-3.6,,,232.9,6.5,4.9,-6.1,107.0,-1.4,43.2,-3.7,,,2026-01
2026-01-28,3006,晶豪科,電子工業,進榜,準備,165.22,96.0,2.0,0,,-20.5,-6.1,18.4,-1.2,19.8,-3.6,,,173.7,5.1,-24.4,-6.1,12.6,-1.4,14.0,-3.7,,,2026-01
2026-01-28,6949,沛爾生醫-創,創新版股票,進榜,準備,560.0,95.0,3.0,0,,0.0,-6.1,22.1,-1.2,50.7,-3.6,,,590.0,5.4,-5.1,-6.1,15.9,-1.4,43.1,-3.7,,,2026-01
2026-01-28,6442,光聖,通信網路業,進榜,準備,1556.56,92.0,3.0,0,,8.9,-6.1,33.4,-1.2,-18.4,-3.6,,,1616.0,3.8,4.9,-6.1,28.5,-1.4,-21.4,-3.7,,,2026-01
2026-01-28,2486,一詮,光電業,進榜,準備,130.76,83.0,1.0,0,,-6.9,-6.1,112.2,-1.2,57.9,-3.6,,,130.8,0.0,-6.9,-6.1,112.2,-1.4,57.9,-3.7,,,2026-01
2026-01-28,1326,台化,塑膠工業,進榜,準備,43.6,75.0,1.0,0,,-2.4,-6.1,12.1,-1.2,29.1,-3.6,,,44.5,2.0,-4.3,-6.1,9.9,-1.4,26.5,-3.7,,,2026-01
2026-01-28,2009,第一銅,鋼鐵工業,進榜,準備,51.43,70.0,2.0,0,,-20.4,-6.1,-24.4,-1.2,-28.9,-3.6,,,51.9,1.0,-21.1,-6.1,-25.1,-1.4,-29.6,-3.7,,,2026-01
2026-01-28,2344,華邦電,半導體業,觸發,等待後觸發,126.34,100.0,2.0,51,68.74,-20.5,-6.1,-9.8,-1.2,13.2,-3.6,,,132.3,4.7,-24.1,-6.1,-13.8,-1.4,8.1,-3.7,,,2026-01
2026-01-28,2419,仲琦,通信網路業,移出,掉出掃描母體,34.15,73.0,,1,,,,,,,,,,,,,,,,,,,,2026-01
2026-01-28,2441,超豐,半導體業,移出,離高點太遠,91.6,74.0,,49,,,,,,,,,,,,,,,,,,,,2026-01
2026-01-28,4916,事欣科,電腦及週邊設備業,移出,掉出掃描母體,69.31,70.0,,2,,,,,,,,,,,,,,,,,,,,2026-01
2026-01-29,6426,統新,通信網路業,進榜,觸發,111.5,76.0,3.0,0,,9.0,-4.5,135.0,-0.8,55.6,-2.4,,,114.0,2.2,6.6,-4.3,129.8,-0.8,52.2,-2.3,,,2026-01
2026-01-29,6426,統新,通信網路業,觸發,進榜即觸發,111.5,76.0,3.0,0,111.5,9.0,-4.5,135.0,-0.8,55.6,-2.4,,,114.0,2.2,6.6,-4.3,129.8,-0.8,52.2,-2.3,,,2026-01
2026-01-29,2233,宇隆,汽車工業,進榜,觸發,258.8,72.0,4.0,0,,-20.2,-4.5,10.4,-0.8,-21.2,-2.4,,,261.2,0.9,-21.0,-4.3,9.4,-0.8,-21.9,-2.3,,,2026-01
2026-01-29,2233,宇隆,汽車工業,觸發,進榜即觸發,258.8,72.0,4.0,0,258.8,-20.2,-4.5,10.4,-0.8,-21.2,-2.4,,,261.2,0.9,-21.0,-4.3,9.4,-0.8,-21.9,-2.3,,,2026-01
2026-01-29,6442,光聖,通信網路業,觸發,等待後觸發,1710.23,95.0,3.0,1,1556.56,-1.2,-4.5,13.9,-0.8,-18.4,-2.4,,,1740.0,1.7,-2.8,-4.3,12.0,-0.8,-19.8,-2.3,,,2026-01
2026-01-29,3711,日月光投控,半導體業,移出,逾期,307.19,84.0,,56,,,,,,,,,,,,,,,,,,,,2026-01
2026-01-29,6155,鈞寶,電子零組件業,移出,離高點太遠,53.6,92.0,,58,,,,,,,,,,,,,,,,,,,,2026-01
2026-01-29,3624,光頡,電子零組件業,移出,離高點太遠,57.62,71.0,,37,,,,,,,,,,,,,,,,,,,,2026-01
2026-01-29,8150,南茂,電子工業,移出,離高點太遠,61.42,92.0,,34,,,,,,,,,,,,,,,,,,,,2026-01
2026-01-29,6163,華電網,通信網路業,移出,離高點太遠,64.3,97.0,,17,,,,,,,,,,,,,,,,,,,,2026-01
2026-01-29,2478,大毅,電子工業,移出,掉出掃描母體,69.82,73.0,,17,,,,,,,,,,,,,,,,,,,,2026-01
2026-01-29,2375,凱美,電子工業,移出,掉出掃描母體,98.04,71.0,,16,,,,,,,,,,,,,,,,,,,,2026-01
2026-01-29,2492,華新科,電子工業,移出,離高點太遠,139.76,70.0,,16,,,,,,,,,,,,,,,,,,,,2026-01
2026-01-29,8103,瀚荃,電子工業,移出,掉出掃描母體,92.11,78.0,,10,,,,,,,,,,,,,,,,,,,,2026-01
2026-01-29,3016,嘉晶,半導體業,移出,離高點太遠,63.62,78.0,,9,,,,,,,,,,,,,,,,,,,,2026-01
2026-01-29,3707,漢磊,半導體業,移出,掉出掃描母體,64.5,73.0,,8,,,,,,,,,,,,,,,,,,,,2026-01
2026-01-29,2489,瑞軒,光電業,移出,離高點太遠,20.61,76.0,,3,,,,,,,,,,,,,,,,,,,,2026-01
2026-01-30,6683,雍智科技,半導體業,進榜,觸發,573.09,76.0,2.0,0,,87.5,-1.7,294.1,0.0,108.5,-0.3,,,607.9,6.1,76.8,-1.2,271.5,0.4,96.6,-0.1,,,2026-01
2026-01-30,6683,雍智科技,半導體業,觸發,進榜即觸發,573.09,76.0,2.0,0,573.09,87.5,-1.7,294.1,0.0,108.5,-0.3,,,607.9,6.1,76.8,-1.2,271.5,0.4,96.6,-0.1,,,2026-01
2026-01-30,4958,臻鼎-KY,電子零組件業,進榜,觸發,194.17,73.0,2.0,0,,-10.7,-1.7,110.7,0.0,151.3,-0.3,,,194.2,0.0,-10.7,-1.2,110.7,0.4,151.3,-0.1,,,2026-01
2026-01-30,4958,臻鼎-KY,電子零組件業,觸發,進榜即觸發,194.17,73.0,2.0,0,194.17,-10.7,-1.7,110.7,0.0,151.3,-0.3,,,194.2,0.0,-10.7,-1.2,110.7,0.4,151.3,-0.1,,,2026-01
2026-01-30,8112,至上,電子工業,進榜,準備,79.72,82.0,2.0,0,,0.9,-1.7,2.6,0.0,8.1,-0.3,,,77.9,-2.2,3.3,-1.2,5.0,0.4,10.6,-0.1,,,2026-01
2026-01-30,3006,晶豪科,電子工業,觸發,等待後觸發,194.08,98.0,2.0,2,166.71,-18.2,-1.7,13.8,0.0,23.1,-0.3,,,194.1,0.0,-18.2,-1.2,13.8,0.4,23.1,-0.1,,,2026-01
2026-01-30,3135,凌航,半導體業,移出,離高點太遠,111.08,98.0,,64,,,,,,,,,,,,,,,,,,,,2026-01
2026-01-30,8021,尖點,其他電子業,移出,離高點太遠,204.17,97.0,,51,,,,,,,,,,,,,,,,,,,,2026-01
2026-01-30,3357,臺慶科,電子零組件業,移出,掉出掃描母體,155.82,71.0,,28,,,,,,,,,,,,,,,,,,,,2026-01
2026-01-30,2406,國碩,光電業,移出,離高點太遠,27.85,90.0,,18,,,,,,,,,,,,,,,,,,,,2026-01
2026-01-30,6173,信昌電,電子零組件業,移出,掉出掃描母體,71.72,79.0,,16,,,,,,,,,,,,,,,,,,,,2026-01
2026-01-30,1802,台玻,玻璃陶瓷,移出,離高點太遠,48.25,91.0,,15,,,,,,,,,,,,,,,,,,,,2026-01
2026-01-30,5347,世界,半導體業,移出,離高點太遠,140.19,76.0,,14,,,,,,,,,,,,,,,,,,,,2026-01
2026-01-30,6217,中探針,電子零組件業,移出,離高點太遠,59.5,78.0,,11,,,,,,,,,,,,,,,,,,,,2026-01
2026-01-30,2303,聯電,半導體業,移出,離高點太遠,61.35,72.0,,10,,,,,,,,,,,,,,,,,,,,2026-01
2026-01-30,6209,今國光,光電業,移出,離高點太遠,65.03,92.0,,4,,,,,,,,,,,,,,,,,,,,2026-01
2026-01-30,6133,金橋,電子零組件業,移出,離高點太遠,24.75,82.0,,3,,,,,,,,,,,,,,,,,,,,2026-01
2026-01-30,2009,第一銅,鋼鐵工業,移出,掉出掃描母體,54.3,75.0,,2,,,,,,,,,,,,,,,,,,,,2026-01
2026-02-02,3028,增你強,電子工業,進榜,觸發,47.66,76.0,3.0,0,,-1.8,-0.8,47.8,0.7,52.3,0.1,,,52.4,9.9,-10.6,-1.5,34.5,0.3,38.6,0.0,,,2026-02
2026-02-02,3028,增你強,電子工業,觸發,進榜即觸發,47.66,76.0,3.0,0,47.66,-1.8,-0.8,47.8,0.7,52.3,0.1,,,52.4,9.9,-10.6,-1.5,34.5,0.3,38.6,0.0,,,2026-02
2026-02-02,3363,上詮,通信網路業,進榜,觸發,458.0,74.0,6.0,0,,27.7,-0.8,100.9,0.7,31.9,0.1,,,474.0,3.5,23.4,-1.5,94.1,0.3,27.4,0.0,,,2026-02
2026-02-02,3363,上詮,通信網路業,觸發,進榜即觸發,458.0,74.0,6.0,0,458.0,27.7,-0.8,100.9,0.7,31.9,0.1,,,474.0,3.5,23.4,-1.5,94.1,0.3,27.4,0.0,,,2026-02
2026-02-02,5386,青雲,電腦及週邊設備業,進榜,觸發,69.06,74.0,1.0,0,,176.4,-0.8,330.8,0.7,292.4,0.1,,,71.4,3.4,167.4,-1.5,316.7,0.3,279.6,0.0,,,2026-02
2026-02-02,5386,青雲,電腦及週邊設備業,觸發,進榜即觸發,69.06,74.0,1.0,0,69.06,176.4,-0.8,330.8,0.7,292.4,0.1,,,71.4,3.4,167.4,-1.5,316.7,0.3,279.6,0.0,,,2026-02
2026-02-02,1590,亞德客-KY,電機機械,進榜,準備,1146.18,71.0,3.0,0,,-12.0,-0.8,31.2,0.7,36.1,0.1,,,1136.4,-0.9,-11.2,-1.5,32.3,0.3,37.3,0.0,,,2026-02
2026-02-02,8131,福懋科,半導體業,移出,離高點太遠,70.15,94.0,,55,,,,,,,,,,,,,,,,,,,,2026-02
2026-02-02,3105,穩懋,半導體業,移出,離高點太遠,220.57,94.0,,52,,,,,,,,,,,,,,,,,,,,2026-02
2026-02-02,6548,長科*,半導體業,移出,離高點太遠,54.4,83.0,,31,,,,,,,,,,,,,,,,,,,,2026-02
2026-02-02,8110,華東,電子工業,移出,離高點太遠,69.33,100.0,,31,,,,,,,,,,,,,,,,,,,,2026-02
2026-02-02,2327,國巨*,電子工業,移出,離高點太遠,256.16,80.0,,28,,,,,,,,,,,,,,,,,,,,2026-02
2026-02-02,1303,南亞,塑膠工業,移出,離高點太遠,70.26,85.0,,26,,,,,,,,,,,,,,,,,,,,2026-02
2026-02-02,6182,合晶,半導體業,移出,離高點太遠,34.81,72.0,,26,,,,,,,,,,,,,,,,,,,,2026-02
2026-02-02,7610,聯友金屬,綠能環保,移出,晚期未觸發,157.2,94.0,,24,,,,,,,,,,,,,,,,,,,,2026-02
2026-02-02,3025,星通,電子工業,移出,離高點太遠,62.31,75.0,,21,,,,,,,,,,,,,,,,,,,,2026-02
2026-02-02,1519,華城,電機機械,移出,掉出掃描母體,868.21,73.0,,19,,,,,,,,,,,,,,,,,,,,2026-02
2026-02-02,3595,山太士,光電業,移出,離高點太遠,491.5,92.0,,13,,,,,,,,,,,,,,,,,,,,2026-02
2026-02-02,3532,台勝科,半導體業,移出,離高點太遠,132.71,75.0,,10,,,,,,,,,,,,,,,,,,,,2026-02
2026-02-02,3265,台星科,半導體業,移出,掉出掃描母體,136.47,74.0,,7,,,,,,,,,,,,,,,,,,,,2026-02
2026-02-02,1326,台化,塑膠工業,移出,離高點太遠,38.51,71.0,,5,,,,,,,,,,,,,,,,,,,,2026-02
2026-02-02,4958,臻鼎-KY,電子零組件業,移出,掉出掃描母體,194.17,73.0,,3,,,,,,,,,,,,,,,,,,,,2026-02
2026-02-03,7728,光焱科技,其他電子業,進榜,觸發,802.15,97.0,2.0,0,,-5.6,-1.4,-8.5,0.0,-26.2,0.0,,,860.1,7.2,-12.0,-1.3,-14.6,0.0,-31.2,0.4,,,2026-02
2026-02-03,7728,光焱科技,其他電子業,觸發,進榜即觸發,802.15,97.0,2.0,0,802.15,-5.6,-1.4,-8.5,0.0,-26.2,0.0,,,860.1,7.2,-12.0,-1.3,-14.6,0.0,-31.2,0.4,,,2026-02
2026-02-03,3017,奇鋐,電子工業,進榜,觸發,1623.75,78.0,4.0,0,,14.1,-1.4,58.1,0.0,70.3,0.0,,,1633.7,0.6,13.4,-1.3,57.1,0.0,69.3,0.4,,,2026-02
2026-02-03,3017,奇鋐,電子工業,觸發,進榜即觸發,1623.75,78.0,4.0,0,1623.75,14.1,-1.4,58.1,0.0,70.3,0.0,,,1633.7,0.6,13.4,-1.3,57.1,0.0,69.3,0.4,,,2026-02
2026-02-03,2467,志聖,電子工業,進榜,準備,263.99,84.0,3.0,0,,36.4,-1.4,134.9,0.0,89.4,0.0,,,263.0,-0.4,36.9,-1.3,135.8,0.0,90.1,0.4,,,2026-02
2026-02-03,8027,鈦昇,電機機械,進榜,準備,117.0,71.0,2.0,0,,-6.8,-1.4,113.7,0.0,47.0,0.0,,,116.0,-0.9,-6.0,-1.3,115.5,0.0,48.3,0.4,,,2026-02
2026-02-03,5274,信驊,半導體業,觸發,等待後觸發,8859.14,90.0,2.0,26,7080.98,7.2,-1.4,82.0,0.0,84.5,0.0,,,8832.0,-0.3,7.5,-1.3,82.6,0.0,85.1,0.4,,,2026-02
2026-02-03,2344,華邦電,半導體業,移出,離高點太遠,104.95,100.0,,57,,,,,,,,,,,,,,,,,,,,2026-02
2026-02-03,4967,十銓,半導體業,移出,離高點太遠,214.56,96.0,,48,,,,,,,,,,,,,,,,,,,,2026-02
2026-02-03,6770,力積電,半導體業,移出,離高點太遠,59.5,99.0,,47,,,,,,,,,,,,,,,,,,,,2026-02
2026-02-03,8299,群聯,半導體業,移出,離高點太遠,1975.58,98.0,,41,,,,,,,,,,,,,,,,,,,,2026-02
2026-02-03,3260,威剛,半導體業,移出,離高點太遠,302.38,97.0,,41,,,,,,,,,,,,,,,,,,,,2026-02
2026-02-03,6257,矽格,半導體業,移出,晚期未觸發,124.53,74.0,,21,,,,,,,,,,,,,,,,,,,,2026-02
2026-02-03,2233,宇隆,汽車工業,移出,掉出掃描母體,282.28,79.0,,5,,,,,,,,,,,,,,,,,,,,2026-02
2026-02-03,8112,至上,電子工業,移出,掉出掃描母體,71.8,78.0,,4,,,,,,,,,,,,,,,,,,,,2026-02
2026-02-03,3363,上詮,通信網路業,移出,掉出掃描母體,458.0,74.0,,1,,,,,,,,,,,,,,,,,,,,2026-02
2026-02-04,4991,環宇-KY,半導體業,進榜,觸發,265.5,81.0,4.0,0,,29.6,-1.9,166.7,-0.4,92.5,0.2,,,268.0,0.9,28.4,-1.5,164.2,-0.3,90.7,0.6,,,2026-02
2026-02-04,4991,環宇-KY,半導體業,觸發,進榜即觸發,265.5,81.0,4.0,0,265.5,29.6,-1.9,166.7,-0.4,92.5,0.2,,,268.0,0.9,28.4,-1.5,164.2,-0.3,90.7,0.6,,,2026-02
2026-02-04,6285,啟碁,通信網路業,進榜,觸發,204.06,81.0,2.0,0,,-15.7,-1.9,26.3,-0.4,25.5,0.2,,,197.7,-3.1,-12.9,-1.5,30.3,-0.3,29.5,0.6,,,2026-02
2026-02-04,6285,啟碁,通信網路業,觸發,進榜即觸發,204.06,81.0,2.0,0,204.06,-15.7,-1.9,26.3,-0.4,25.5,0.2,,,197.7,-3.1,-12.9,-1.5,30.3,-0.3,29.5,0.6,,,2026-02
2026-02-04,4958,臻鼎-KY,電子零組件業,進榜,觸發,197.65,74.0,2.0,0,,-1.3,-1.9,119.3,-0.4,138.0,0.2,,,197.2,-0.3,-1.0,-1.5,119.9,-0.3,138.6,0.6,,,2026-02
2026-02-04,4958,臻鼎-KY,電子零組件業,觸發,進榜即觸發,197.65,74.0,2.0,0,197.65,-1.3,-1.9,119.3,-0.4,138.0,0.2,,,197.2,-0.3,-1.0,-1.5,119.9,-0.3,138.6,0.6,,,2026-02
2026-02-04,8027,鈦昇,電機機械,移出,掉出掃描母體,117.0,71.0,,1,,,,,,,,,,,,,,,,,,,,2026-02
2026-02-04,6903,巨漢,其他電子業,移出,離高點太遠,240.65,91.0,,50,,,,,,,,,,,,,,,,,,,,2026-02
2026-02-05,8210,勤誠,電子工業,進榜,觸發,1073.54,86.0,6.0,0,,-18.8,-0.7,30.0,-0.6,-5.5,0.3,,,1024.1,-4.6,-14.9,-0.3,36.2,-0.4,-0.9,1.0,,,2026-02
2026-02-05,8210,勤誠,電子工業,觸發,進榜即觸發,1073.54,86.0,6.0,0,1073.54,-18.8,-0.7,30.0,-0.6,-5.5,0.3,,,1024.1,-4.6,-14.9,-0.3,36.2,-0.4,-0.9,1.0,,,2026-02
2026-02-05,6244,茂迪,光電業,進榜,觸發,29.44,84.0,1.0,0,,12.3,-0.7,-6.9,-0.6,-18.1,0.3,,,28.8,-2.0,14.7,-0.3,-5.0,-0.4,-16.4,1.0,,,2026-02
2026-02-05,6244,茂迪,光電業,觸發,進榜即觸發,29.44,84.0,1.0,0,29.44,12.3,-0.7,-6.9,-0.6,-18.1,0.3,,,28.8,-2.0,14.7,-0.3,-5.0,-0.4,-16.4,1.0,,,2026-02
2026-02-05,6830,汎銓,其他電子業,進榜,觸發,227.16,77.0,2.0,0,,63.3,-0.7,223.6,-0.6,79.8,0.3,,,224.2,-1.3,65.5,-0.3,227.9,-0.4,82.2,1.0,,,2026-02
2026-02-05,6830,汎銓,其他電子業,觸發,進榜即觸發,227.16,77.0,2.0,0,227.16,63.3,-0.7,223.6,-0.6,79.8,0.3,,,224.2,-1.3,65.5,-0.3,227.9,-0.4,82.2,1.0,,,2026-02
2026-02-05,2454,聯發科,半導體業,進榜,準備,1759.49,70.0,3.0,0,,-2.3,-0.7,84.2,-0.6,128.5,0.3,,,1734.6,-1.4,-0.9,-0.3,86.8,-0.4,131.7,1.0,,,2026-02
2026-02-05,2887,台新新光金,金融保險,進榜,準備,22.22,70.0,1.0,0,,8.4,-0.7,3.0,-0.6,60.0,0.3,,,22.2,-0.2,8.7,-0.3,3.3,-0.4,60.3,1.0,,,2026-02
2026-02-05,3443,創意,半導體業,移出,離高點太遠,2329.39,82.0,,73,,,,,,,,,,,,,,,,,,,,2026-02
2026-02-05,8390,金益鼎,其他,移出,掉出掃描母體,91.19,75.0,,52,,,,,,,,,,,,,,,,,,,,2026-02
2026-02-05,6944,兆聯實業,綠能環保,移出,掉出掃描母體,524.28,72.0,,51,,,,,,,,,,,,,,,,,,,,2026-02
2026-02-05,2408,南亞科,半導體業,移出,離高點太遠,274.12,100.0,,50,,,,,,,,,,,,,,,,,,,,2026-02
2026-02-05,2495,普安,其他電子業,移出,離高點太遠,31.1,72.0,,10,,,,,,,,,,,,,,,,,,,,2026-02
2026-02-05,3028,增你強,電子工業,移出,掉出掃描母體,47.19,74.0,,3,,,,,,,,,,,,,,,,,,,,2026-02
2026-02-05,6285,啟碁,通信網路業,移出,突破失敗,183.9,79.0,,1,,,,,,,,,,,,,,,,,,,,2026-02
2026-02-06,7610,聯友金屬,綠能環保,進榜,準備,180.65,97.0,3.0,0,,46.2,0.3,369.2,0.0,949.0,1.6,,,192.6,6.6,37.2,0.0,340.2,-0.6,884.0,1.0,,,2026-02
2026-02-06,2337,旺宏,半導體業,移出,離高點太遠,80.8,99.0,,46,,,,,,,,,,,,,,,,,,,,2026-02
2026-02-06,3264,欣銓,半導體業,移出,離高點太遠,140.21,89.0,,39,,,,,,,,,,,,,,,,,,,,2026-02
2026-02-06,2331,精英,電子工業,移出,掉出掃描母體,26.1,70.0,,24,,,,,,,,,,,,,,,,,,,,2026-02
2026-02-06,2485,兆赫,通信網路業,移出,離高點太遠,41.45,99.0,,24,,,,,,,,,,,,,,,,,,,,2026-02
2026-02-06,3138,耀登,通信網路業,移出,離高點太遠,172.33,90.0,,24,,,,,,,,,,,,,,,,,,,,2026-02
2026-02-06,5340,建榮,電子零組件業,移出,離高點太遠,101.33,93.0,,22,,,,,,,,,,,,,,,,,,,,2026-02
2026-02-06,7795,長廣,電子零組件業,移出,離高點太遠,379.05,94.0,,18,,,,,,,,,,,,,,,,,,,,2026-02
2026-02-06,3037,欣興,電子工業,移出,離高點太遠,339.31,95.0,,14,,,,,,,,,,,,,,,,,,,,2026-02
2026-02-06,6291,沛亨,半導體業,移出,離高點太遠,209.28,83.0,,9,,,,,,,,,,,,,,,,,,,,2026-02
2026-02-06,3006,晶豪科,電子工業,移出,離高點太遠,159.25,96.0,,9,,,,,,,,,,,,,,,,,,,,2026-02
2026-02-06,7728,光焱科技,其他電子業,移出,離高點太遠,748.08,96.0,,3,,,,,,,,,,,,,,,,,,,,2026-02
2026-02-06,4958,臻鼎-KY,電子零組件業,移出,突破失敗,180.76,72.0,,2,,,,,,,,,,,,,,,,,,,,2026-02
2026-02-06,8210,勤誠,電子工業,移出,突破失敗,966.68,82.0,,1,,,,,,,,,,,,,,,,,,,,2026-02
2026-02-06,6244,茂迪,光電業,移出,突破失敗,26.51,80.0,,1,,,,,,,,,,,,,,,,,,,,2026-02
2026-02-06,6830,汎銓,其他電子業,移出,突破失敗,204.69,72.0,,1,,,,,,,,,,,,,,,,,,,,2026-02
2026-02-09,6584,南俊國際,電子零組件業,進榜,觸發,377.0,81.0,4.0,0,,21.1,-0.5,74.3,0.0,58.4,1.4,,,380.0,0.8,20.1,-0.7,72.9,-0.3,57.1,1.5,,,2026-02
2026-02-09,6584,南俊國際,電子零組件業,觸發,進榜即觸發,377.0,81.0,4.0,0,377.0,21.1,-0.5,74.3,0.0,58.4,1.4,,,380.0,0.8,20.1,-0.7,72.9,-0.3,57.1,1.5,,,2026-02
2026-02-09,4542,科嶠,電子零組件業,進榜,準備,144.71,95.0,3.0,0,,34.7,-0.5,48.6,0.0,94.9,1.4,,,144.7,0.0,34.7,-0.7,48.6,-0.3,94.9,1.5,,,2026-02
2026-02-09,6568,宏觀,半導體業,進榜,準備,171.0,81.0,3.0,0,,18.8,-0.5,22.3,0.0,-19.9,1.4,,,163.6,-4.3,24.2,-0.7,27.9,-0.3,-16.2,1.5,,,2026-02
2026-02-09,6830,汎銓,其他電子業,進榜,準備,225.16,76.0,2.0,0,,85.8,-0.5,216.2,0.0,86.8,1.4,,,226.7,0.7,84.6,-0.7,214.1,-0.3,85.5,1.5,,,2026-02
2026-02-09,7610,聯友金屬,綠能環保,移出,晚期未觸發,198.35,97.0,,3,,,,,,,,,,,,,,,,,,,,2026-02
2026-02-09,3017,奇鋐,電子工業,移出,掉出掃描母體,1584.03,74.0,,6,,,,,,,,,,,,,,,,,,,,2026-02
2026-02-10,7610,聯友金屬,綠能環保,進榜,觸發,218.1,98.0,4.0,0,,20.8,-0.3,322.6,0.0,702.4,0.9,,,217.3,-0.4,21.2,-0.4,324.2,-0.1,705.4,1.0,,,2026-02
2026-02-10,7610,聯友金屬,綠能環保,觸發,進榜即觸發,218.1,98.0,4.0,0,218.1,20.8,-0.3,322.6,0.0,702.4,0.9,,,217.3,-0.4,21.2,-0.4,324.2,-0.1,705.4,1.0,,,2026-02
2026-02-10,2489,瑞軒,光電業,進榜,準備,24.56,88.0,1.0,0,,53.4,-0.3,68.8,0.0,28.3,0.9,,,25.2,2.6,49.5,-0.4,64.6,-0.1,25.0,1.0,,,2026-02
2026-02-10,8390,金益鼎,其他,進榜,準備,102.55,83.0,3.0,0,,-11.5,-0.3,6.1,0.0,-3.1,0.9,,,103.5,0.9,-12.4,-0.4,5.1,-0.1,-4.0,1.0,,,2026-02
2026-02-10,2330,台積電,半導體業,觸發,等待後觸發,1868.9,79.0,2.0,14,1774.46,-1.8,-0.3,16.6,0.0,28.2,0.9,,,1868.9,0.0,-1.8,-0.4,16.6,-0.1,28.2,1.0,,,2026-02
2026-02-10,6443,元晶,電子工業,移出,離高點太遠,37.7,95.0,,33,,,,,,,,,,,,,,,,,,,,2026-02
2026-02-10,2367,燿華,電子工業,移出,離高點太遠,51.32,90.0,,26,,,,,,,,,,,,,,,,,,,,2026-02
2026-02-11,5475,德宏,電子零組件業,進榜,觸發,163.0,99.0,4.0,0,,21.2,-1.7,76.1,0.0,3.7,0.8,,,179.0,9.8,10.3,-2.1,60.3,0.1,-5.6,0.6,,,2026-02
2026-02-11,5475,德宏,電子零組件業,觸發,進榜即觸發,163.0,99.0,4.0,0,163.0,21.2,-1.7,76.1,0.0,3.7,0.8,,,179.0,9.8,10.3,-2.1,60.3,0.1,-5.6,0.6,,,2026-02
2026-02-11,7750,新代,電機機械,進榜,觸發,1214.44,83.0,5.0,0,,5.7,-1.7,98.0,0.0,98.0,0.8,,,1199.6,-1.2,7.0,-2.1,100.5,0.1,100.5,0.6,,,2026-02
2026-02-11,7750,新代,電機機械,觸發,進榜即觸發,1214.44,83.0,5.0,0,1214.44,5.7,-1.7,98.0,0.0,98.0,0.8,,,1199.6,-1.2,7.0,-2.1,100.5,0.1,100.5,0.6,,,2026-02
2026-02-11,8103,瀚荃,電子工業,進榜,觸發,106.17,75.0,3.0,0,,-24.2,-1.7,-5.5,0.0,-24.6,0.8,,,104.7,-1.4,-23.1,-2.1,-4.2,0.1,-23.6,0.6,,,2026-02
2026-02-11,8103,瀚荃,電子工業,觸發,進榜即觸發,106.17,75.0,3.0,0,106.17,-24.2,-1.7,-5.5,0.0,-24.6,0.8,,,104.7,-1.4,-23.1,-2.1,-4.2,0.1,-23.6,0.6,,,2026-02
2026-02-11,2337,旺宏,半導體業,進榜,準備,98.5,100.0,2.0,0,,50.8,-1.7,43.1,0.0,31.5,0.8,,,106.0,7.6,40.1,-2.1,33.0,0.1,22.2,0.6,,,2026-02
2026-02-11,6291,沛亨,半導體業,進榜,準備,271.68,91.0,3.0,0,,23.9,-1.7,81.1,0.0,44.8,0.8,,,290.3,6.9,15.9,-2.1,69.5,0.1,35.5,0.6,,,2026-02
2026-02-11,2360,致茂,其他電子業,進榜,準備,1041.19,86.0,3.0,0,,44.8,-1.7,116.2,0.0,126.7,0.8,,,1080.9,3.8,39.4,-2.1,108.3,0.1,118.3,0.6,,,2026-02
2026-02-11,7734,印能科技,半導體業,進榜,準備,1560.23,82.0,3.0,0,,12.1,-1.7,120.1,0.0,96.8,0.8,,,1565.2,0.3,11.7,-2.1,119.4,0.1,96.1,0.6,,,2026-02
2026-02-23,3105,穩懋,半導體業,進榜,觸發,269.37,96.0,2.0,0,,15.9,-2.8,96.3,0.0,39.0,-0.1,,,273.4,1.5,14.2,-2.8,93.4,0.0,37.0,-0.5,,,2026-02
2026-02-23,3105,穩懋,半導體業,觸發,進榜即觸發,269.37,96.0,2.0,0,269.37,15.9,-2.8,96.3,0.0,39.0,-0.1,,,273.4,1.5,14.2,-2.8,93.4,0.0,37.0,-0.5,,,2026-02
2026-02-23,6217,中探針,電子零組件業,進榜,觸發,70.5,86.0,5.0,0,,118.4,-2.8,285.8,0.0,122.7,-0.1,,,72.1,2.3,113.6,-2.8,277.3,0.0,117.8,-0.5,,,2026-02
2026-02-23,6217,中探針,電子零組件業,觸發,進榜即觸發,70.5,86.0,5.0,0,70.5,118.4,-2.8,285.8,0.0,122.7,-0.1,,,72.1,2.3,113.6,-2.8,277.3,0.0,117.8,-0.5,,,2026-02
2026-02-23,3037,欣興,電子工業,進榜,準備,404.67,96.0,1.0,0,,13.4,-2.8,139.2,0.0,182.9,-0.1,,,409.7,1.2,12.1,-2.8,136.3,0.0,179.5,-0.5,,,2026-02
2026-02-23,3576,聯合再生,光電業,進榜,準備,16.65,95.0,3.0,0,,24.3,-2.8,9.6,0.0,2.4,-0.1,,,17.4,4.8,18.6,-2.8,4.6,0.0,-2.3,-0.5,,,2026-02
2026-02-23,1303,南亞,塑膠工業,進榜,準備,83.2,88.0,2.0,0,,-13.5,-2.8,3.7,0.0,140.4,-0.1,,,85.3,2.5,-15.6,-2.8,1.2,0.0,134.5,-0.5,,,2026-02
2026-02-23,1560,中砂,電機機械,進榜,準備,464.39,78.0,3.0,0,,-4.6,-2.8,47.2,0.0,52.5,-0.1,,,461.9,-0.5,-4.1,-2.8,48.0,0.0,53.3,-0.5,,,2026-02
2026-02-23,6271,同欣電,半導體業,進榜,準備,163.43,75.0,3.0,0,,-12.7,-2.8,36.9,0.0,19.3,-0.1,,,162.0,-0.9,-11.9,-2.8,38.1,0.0,20.4,-0.5,,,2026-02
2026-02-23,1711,永光,化學工業,進榜,準備,25.3,73.0,2.0,0,,52.6,-2.8,102.0,0.0,52.0,-0.1,,,26.0,2.8,48.5,-2.8,96.5,0.0,47.9,-0.5,,,2026-02
2026-02-23,5234,達興材料,電子工業,進榜,準備,402.71,73.0,3.0,0,,-11.6,-2.8,10.1,0.0,-24.8,-0.1,,,398.8,-1.0,-10.7,-2.8,11.2,0.0,-24.0,-0.5,,,2026-02
2026-02-23,2885,元大金,金融保險,進榜,準備,43.48,72.0,1.0,0,,-3.1,-2.8,18.4,0.0,47.2,-0.1,,,43.5,0.0,-3.1,-2.8,18.4,0.0,47.2,-0.5,,,2026-02
2026-02-23,2489,瑞軒,光電業,觸發,等待後觸發,29.04,91.0,1.0,13,24.61,5.7,-2.8,72.5,0.0,7.1,-0.1,,,31.9,9.9,-3.8,-2.8,56.9,0.0,-2.6,-0.5,,,2026-02
2026-02-23,3715,定穎投控,電子零組件業,移出,掉出掃描母體,140.11,70.0,,45,,,,,,,,,,,,,,,,,,,,2026-02
2026-02-23,8155,博智,電子零組件業,移出,掉出掃描母體,204.93,72.0,,28,,,,,,,,,,,,,,,,,,,,2026-02
2026-02-23,8103,瀚荃,電子工業,移出,掉出掃描母體,106.17,75.0,,12,,,,,,,,,,,,,,,,,,,,2026-02
2026-02-24,4577,達航科技,其他電子類,進榜,觸發,71.6,90.0,6.0,0,,33.2,-2.3,94.8,0.0,6.7,-0.8,,,74.6,4.2,27.9,-2.5,87.0,-0.1,2.4,-1.1,,,2026-02
2026-02-24,4577,達航科技,其他電子類,觸發,進榜即觸發,71.6,90.0,6.0,0,71.6,33.2,-2.3,94.8,0.0,6.7,-0.8,,,74.6,4.2,27.9,-2.5,87.0,-0.1,2.4,-1.1,,,2026-02
2026-02-24,4979,華星光,通信網路業,進榜,觸發,390.98,90.0,4.0,0,,8.3,-2.3,66.7,0.0,35.3,-0.8,,,407.9,4.3,3.8,-2.5,59.8,-0.1,29.7,-1.1,,,2026-02
2026-02-24,4979,華星光,通信網路業,觸發,進榜即觸發,390.98,90.0,4.0,0,390.98,8.3,-2.3,66.7,0.0,35.3,-0.8,,,407.9,4.3,3.8,-2.5,59.8,-0.1,29.7,-1.1,,,2026-02
2026-02-24,4927,泰鼎-KY,電子工業,進榜,觸發,40.25,82.0,1.0,0,,6.0,-2.3,53.8,0.0,-19.9,-0.8,,,43.3,7.6,-1.5,-2.5,43.0,-0.1,-25.5,-1.1,,,2026-02
2026-02-24,4927,泰鼎-KY,電子工業,觸發,進榜即觸發,40.25,82.0,1.0,0,40.25,6.0,-2.3,53.8,0.0,-19.9,-0.8,,,43.3,7.6,-1.5,-2.5,43.0,-0.1,-25.5,-1.1,,,2026-02
2026-02-24,6770,力積電,半導體業,進榜,準備,73.46,99.0,2.0,0,,-11.8,-2.3,-8.3,0.0,-9.6,-0.8,,,74.5,1.4,-13.0,-2.5,-9.5,-0.1,-10.8,-1.1,,,2026-02
2026-02-24,8021,尖點,其他電子業,進榜,準備,244.01,93.0,3.0,0,,1.0,-2.3,89.4,0.0,61.3,-0.8,,,250.0,2.4,-1.4,-2.5,84.9,-0.1,57.4,-1.1,,,2026-02
2026-02-24,2367,燿華,電子工業,進榜,準備,60.86,92.0,3.0,0,,22.7,-2.3,14.5,0.0,-31.0,-0.8,,,63.3,4.1,17.9,-2.5,10.0,-0.1,-33.7,-1.1,,,2026-02
2026-02-24,3711,日月光投控,半導體業,進榜,準備,378.05,91.0,3.0,0,,-7.7,-2.3,61.7,0.0,55.5,-0.8,,,381.5,0.9,-8.6,-2.5,60.3,-0.1,54.1,-1.1,,,2026-02
2026-02-24,8358,金居,電子零組件業,進榜,準備,299.13,85.0,3.0,0,,-24.5,-2.3,81.4,0.0,37.2,-0.8,,,306.6,2.5,-26.3,-2.5,76.9,-0.1,33.9,-1.1,,,2026-02
2026-02-24,6244,茂迪,光電業,進榜,準備,30.68,83.0,1.0,0,,-3.9,-2.3,-0.6,0.0,-18.0,-0.8,,,32.0,4.4,-7.9,-2.5,-4.8,-0.1,-21.5,-1.1,,,2026-02
2026-02-24,2515,中工,建材營造,進榜,準備,17.43,71.0,2.0,0,,-24.6,-2.3,-28.1,0.0,-32.0,-0.8,,,17.1,-1.6,-23.3,-2.5,-26.9,-0.1,-30.9,-1.1,,,2026-02
2026-02-24,6126,信音,電子零組件業,進榜,準備,39.9,70.0,1.0,0,,-21.8,-2.3,-9.3,0.0,-26.2,-0.8,,,40.2,0.8,-22.4,-2.5,-10.0,-0.1,-26.7,-1.1,,,2026-02
2026-02-24,2885,元大金,金融保險,移出,掉出掃描母體,43.48,72.0,,1,,,,,,,,,,,,,,,,,,,,2026-02
2026-02-24,1590,亞德客-KY,電機機械,移出,掉出掃描母體,1151.08,72.0,,22,,,,,,,,,,,,,,,,,,,,2026-02
2026-02-24,2454,聯發科,半導體業,移出,掉出掃描母體,1784.34,72.0,,19,,,,,,,,,,,,,,,,,,,,2026-02
2026-02-25,4764,雙鍵,化學工業,進榜,觸發,131.16,96.0,3.0,0,,-4.8,-2.5,150.6,-0.3,60.9,0.0,,,132.1,0.7,-5.5,-2.7,148.7,-0.4,59.7,-0.7,,,2026-02
2026-02-25,4764,雙鍵,化學工業,觸發,進榜即觸發,131.16,96.0,3.0,0,131.16,-4.8,-2.5,150.6,-0.3,60.9,0.0,,,132.1,0.7,-5.5,-2.7,148.7,-0.4,59.7,-0.7,,,2026-02
2026-02-25,4722,國精化,化學工業,進榜,觸發,206.2,89.0,6.0,0,,-18.8,-2.5,33.1,-0.3,-0.6,0.0,,,212.7,3.1,-21.3,-2.7,29.0,-0.4,-3.6,-0.7,,,2026-02
2026-02-25,4722,國精化,化學工業,觸發,進榜即觸發,206.2,89.0,6.0,0,206.2,-18.8,-2.5,33.1,-0.3,-0.6,0.0,,,212.7,3.1,-21.3,-2.7,29.0,-0.4,-3.6,-0.7,,,2026-02
2026-02-25,1326,台化,塑膠工業,進榜,觸發,48.64,78.0,1.0,0,,-8.3,-2.5,-9.6,-0.3,20.1,0.0,,,48.6,0.0,-8.3,-2.7,-9.6,-0.4,20.1,-0.7,,,2026-02
2026-02-25,1326,台化,塑膠工業,觸發,進榜即觸發,48.64,78.0,1.0,0,48.64,-8.3,-2.5,-9.6,-0.3,20.1,0.0,,,48.6,0.0,-8.3,-2.7,-9.6,-0.4,20.1,-0.7,,,2026-02
2026-02-25,3709,鑫聯大投控,電腦及週邊設備業,進榜,觸發,65.66,74.0,6.0,0,,-4.6,-2.5,28.8,-0.3,2.8,0.0,,,68.2,3.9,-8.2,-2.7,24.0,-0.4,-1.0,-0.7,,,2026-02
2026-02-25,3709,鑫聯大投控,電腦及週邊設備業,觸發,進榜即觸發,65.66,74.0,6.0,0,65.66,-4.6,-2.5,28.8,-0.3,2.8,0.0,,,68.2,3.9,-8.2,-2.7,24.0,-0.4,-1.0,-0.7,,,2026-02
2026-02-25,2413,環科,電子工業,進榜,準備,54.57,96.0,3.0,0,,0.9,-2.5,-6.7,-0.3,-20.7,0.0,,,57.0,4.5,-3.5,-2.7,-10.7,-0.4,-24.2,-0.7,,,2026-02
2026-02-25,4971,IET-KY,半導體業,進榜,準備,449.05,95.0,3.0,0,,16.9,-2.5,70.0,-0.3,29.2,0.0,,,446.1,-0.7,17.7,-2.7,71.1,-0.4,30.0,-0.7,,,2026-02
2026-02-25,6016,康和證,金融業,進榜,準備,15.5,73.0,2.0,0,,-2.0,-2.5,38.5,-0.3,24.8,0.0,,,15.6,0.6,-2.5,-2.7,37.7,-0.4,24.1,-0.7,,,2026-02
2026-02-25,2454,聯發科,半導體業,進榜,準備,1858.89,71.0,3.0,0,,-15.0,-2.5,128.1,-0.3,99.0,0.0,,,1883.7,1.3,-16.1,-2.7,125.1,-0.4,96.4,-0.7,,,2026-02
2026-02-25,6187,萬潤,其他電子類,進榜,準備,491.75,71.0,1.0,0,,88.6,-2.5,131.9,-0.3,157.2,0.0,,,498.7,1.4,85.9,-2.7,128.7,-0.4,153.7,-0.7,,,2026-02
2026-02-25,6271,同欣電,半導體業,觸發,等待後觸發,186.64,82.0,3.0,2,165.41,-21.7,-2.5,37.8,-0.3,5.0,0.0,,,192.1,2.9,-23.9,-2.7,33.9,-0.4,2.0,-0.7,,,2026-02
2026-02-25,2515,中工,建材營造,移出,掉出掃描母體,17.43,71.0,,1,,,,,,,,,,,,,,,,,,,,2026-02
2026-02-25,6126,信音,電子零組件業,移出,掉出掃描母體,39.9,70.0,,1,,,,,,,,,,,,,,,,,,,,2026-02
2026-02-26,6588,東典光電,通信網路業,進榜,觸發,114.0,99.0,5.0,0,,3.5,-3.0,12.3,-0.8,-5.7,-0.5,,,109.0,-4.4,8.3,-2.2,17.4,-0.2,-1.4,-0.2,,,2026-02
2026-02-26,6588,東典光電,通信網路業,觸發,進榜即觸發,114.0,99.0,5.0,0,114.0,3.5,-3.0,12.3,-0.8,-5.7,-0.5,,,109.0,-4.4,8.3,-2.2,17.4,-0.2,-1.4,-0.2,,,2026-02
2026-02-26,4768,晶呈科技,化學工業,進榜,觸發,456.89,97.0,4.0,0,,4.5,-3.0,8.4,-0.8,-27.5,-0.5,,,443.1,-3.0,7.8,-2.2,11.8,-0.2,-25.3,-0.2,,,2026-02
2026-02-26,4768,晶呈科技,化學工業,觸發,進榜即觸發,456.89,97.0,4.0,0,456.89,4.5,-3.0,8.4,-0.8,-27.5,-0.5,,,443.1,-3.0,7.8,-2.2,11.8,-0.2,-25.3,-0.2,,,2026-02
2026-02-26,6903,巨漢,其他電子業,進榜,觸發,308.63,91.0,4.0,0,,-6.2,-3.0,33.6,-0.8,-0.5,-0.5,,,295.4,-4.3,-2.0,-2.2,39.6,-0.2,3.9,-0.2,,,2026-02
2026-02-26,6903,巨漢,其他電子業,觸發,進榜即觸發,308.63,91.0,4.0,0,308.63,-6.2,-3.0,33.6,-0.8,-0.5,-0.5,,,295.4,-4.3,-2.0,-2.2,39.6,-0.2,3.9,-0.2,,,2026-02
2026-02-26,6223,旺矽,半導體業,進榜,觸發,2934.97,88.0,6.0,0,,24.4,-3.0,117.0,-0.8,86.2,-0.5,,,2820.4,-3.9,29.5,-2.2,125.8,-0.2,93.8,-0.2,,,2026-02
2026-02-26,6223,旺矽,半導體業,觸發,進榜即觸發,2934.97,88.0,6.0,0,2934.97,24.4,-3.0,117.0,-0.8,86.2,-0.5,,,2820.4,-3.9,29.5,-2.2,125.8,-0.2,93.8,-0.2,,,2026-02
2026-02-26,6739,竹陞科技,其他電子業,進榜,觸發,1082.06,88.0,4.0,0,,12.3,-3.0,18.3,-0.8,-10.6,-0.5,,,998.1,-7.8,21.8,-2.2,28.2,-0.2,-3.1,-0.2,,,2026-02
2026-02-26,6739,竹陞科技,其他電子業,觸發,進榜即觸發,1082.06,88.0,4.0,0,1082.06,12.3,-3.0,18.3,-0.8,-10.6,-0.5,,,998.1,-7.8,21.8,-2.2,28.2,-0.2,-3.1,-0.2,,,2026-02
2026-02-26,6257,矽格,半導體業,進榜,觸發,148.16,83.0,4.0,0,,-3.0,-3.0,55.1,-0.8,34.0,-0.5,,,140.8,-5.0,2.1,-2.2,63.3,-0.2,41.0,-0.2,,,2026-02
2026-02-26,6257,矽格,半導體業,觸發,進榜即觸發,148.16,83.0,4.0,0,148.16,-3.0,-3.0,55.1,-0.8,34.0,-0.5,,,140.8,-5.0,2.1,-2.2,63.3,-0.2,41.0,-0.2,,,2026-02
2026-02-26,4977,眾達-KY,電子工業,進榜,觸發,163.97,74.0,2.0,0,,15.6,-3.0,27.7,-0.8,-11.6,-0.5,,,157.3,-4.0,20.5,-2.2,33.1,-0.2,-7.8,-0.2,,,2026-02
2026-02-26,4977,眾達-KY,電子工業,觸發,進榜即觸發,163.97,74.0,2.0,0,163.97,15.6,-3.0,27.7,-0.8,-11.6,-0.5,,,157.3,-4.0,20.5,-2.2,33.1,-0.2,-7.8,-0.2,,,2026-02
2026-02-26,2455,全新,通信網路業,進榜,觸發,216.03,71.0,3.0,0,,24.4,-3.0,92.4,-0.8,87.9,-0.5,,,219.5,1.6,22.4,-2.2,89.4,-0.2,85.0,-0.2,,,2026-02
2026-02-26,2455,全新,通信網路業,觸發,進榜即觸發,216.03,71.0,3.0,0,216.03,24.4,-3.0,92.4,-0.8,87.9,-0.5,,,219.5,1.6,22.4,-2.2,89.4,-0.2,85.0,-0.2,,,2026-02
2026-02-26,6691,洋基工程,其他電子業,進榜,觸發,602.44,71.0,4.0,0,,-13.3,-3.0,-1.3,-0.8,-1.6,-0.5,,,593.6,-1.5,-12.0,-2.2,0.1,-0.2,-0.1,-0.2,,,2026-02
2026-02-26,6691,洋基工程,其他電子業,觸發,進榜即觸發,602.44,71.0,4.0,0,602.44,-13.3,-3.0,-1.3,-0.8,-1.6,-0.5,,,593.6,-1.5,-12.0,-2.2,0.1,-0.2,-0.1,-0.2,,,2026-02
2026-02-26,6443,元晶,電子工業,進榜,準備,45.1,96.0,2.0,0,,-0.2,-3.0,-9.0,-0.8,-42.5,-0.5,,,44.8,-0.7,0.4,-2.2,-8.4,-0.2,-42.1,-0.2,,,2026-02
2026-02-26,8150,南茂,電子工業,進榜,準備,70.6,92.0,3.0,0,,-21.3,-3.0,31.3,-0.8,22.8,-0.5,,,68.6,-2.8,-19.0,-2.2,35.1,-0.2,26.3,-0.2,,,2026-02
2026-02-26,8039,台虹,電子工業,進榜,準備,95.6,84.0,3.0,0,,16.0,-3.0,64.9,-0.8,195.0,-0.5,,,94.1,-1.5,17.8,-2.2,67.5,-0.2,199.6,-0.2,,,2026-02
2026-02-26,1717,長興,化學工業,進榜,準備,67.93,83.0,3.0,0,,-10.6,-3.0,24.0,-0.8,5.4,-0.5,,,66.2,-2.6,-8.2,-2.2,27.4,-0.2,8.2,-0.2,,,2026-02
2026-02-26,7744,崴寶,電子零組件業,進榜,準備,503.9,80.0,3.0,0,,-10.4,-3.0,-2.7,-0.8,-2.0,-0.5,,,473.8,-6.0,-4.7,-2.2,3.4,-0.2,4.3,-0.2,,,2026-02
2026-02-26,3221,台嘉碩,通信網路業,進榜,準備,31.59,79.0,1.0,0,,13.5,-3.0,77.6,-0.8,54.6,-0.5,,,31.3,-0.8,14.4,-2.2,79.0,-0.2,55.8,-0.2,,,2026-02
2026-02-26,2885,元大金,金融保險,進榜,準備,45.91,70.0,1.0,0,,-7.8,-3.0,21.1,-0.8,39.4,-0.5,,,44.8,-2.3,-5.6,-2.2,24.0,-0.2,42.8,-0.2,,,2026-02
2026-02-26,2360,致茂,其他電子業,觸發,等待後觸發,1368.43,92.0,3.0,15,1070.94,17.0,-3.0,90.2,-0.8,53.5,-0.5,,,1408.1,2.9,13.7,-2.2,84.9,-0.2,49.1,-0.2,,,2026-02
2026-02-26,6187,萬潤,其他電子類,觸發,等待後觸發,540.13,74.0,1.0,1,496.69,77.0,-3.0,106.6,-0.8,121.2,-0.5,,,504.6,-6.6,89.4,-2.2,121.1,-0.2,136.8,-0.2,,,2026-02
2026-02-26,5234,達興材料,電子工業,移出,掉出掃描母體,442.54,74.0,,3,,,,,,,,,,,,,,,,,,,,2026-02
2026-03-02,1802,台玻,玻璃陶瓷,進榜,觸發,67.2,87.0,4.0,0,,-19.0,-3.7,4.8,-1.0,-15.3,-0.7,,,68.0,1.2,-20.0,-3.5,3.5,-0.9,-16.3,-0.8,,,2026-03
2026-03-02,1802,台玻,玻璃陶瓷,觸發,進榜即觸發,67.2,87.0,4.0,0,67.2,-19.0,-3.7,4.8,-1.0,-15.3,-0.7,,,68.0,1.2,-20.0,-3.5,3.5,-0.9,-16.3,-0.8,,,2026-03
2026-03-02,4989,榮科,電子零組件業,進榜,觸發,66.71,85.0,4.0,0,,-8.2,-3.7,45.2,-1.0,-9.0,-0.7,,,67.9,1.8,-9.9,-3.5,42.6,-0.9,-10.7,-0.8,,,2026-03
2026-03-02,4989,榮科,電子零組件業,觸發,進榜即觸發,66.71,85.0,4.0,0,66.71,-8.2,-3.7,45.2,-1.0,-9.0,-0.7,,,67.9,1.8,-9.9,-3.5,42.6,-0.9,-10.7,-0.8,,,2026-03
2026-03-02,3701,大眾控,電子工業,進榜,觸發,64.7,84.0,3.0,0,,-7.7,-3.7,-18.7,-1.0,-38.5,-0.7,,,71.1,9.9,-16.0,-3.5,-26.0,-0.9,-44.0,-0.8,,,2026-03
2026-03-02,3701,大眾控,電子工業,觸發,進榜即觸發,64.7,84.0,3.0,0,64.7,-7.7,-3.7,-18.7,-1.0,-38.5,-0.7,,,71.1,9.9,-16.0,-3.5,-26.0,-0.9,-44.0,-0.8,,,2026-03
2026-03-02,6789,采鈺,半導體業,進榜,觸發,373.9,75.0,2.0,0,,-12.6,-3.7,39.4,-1.0,11.0,-0.7,,,380.9,1.9,-14.2,-3.5,36.8,-0.9,9.0,-0.8,,,2026-03
2026-03-02,6789,采鈺,半導體業,觸發,進榜即觸發,373.9,75.0,2.0,0,373.9,-12.6,-3.7,39.4,-1.0,11.0,-0.7,,,380.9,1.9,-14.2,-3.5,36.8,-0.9,9.0,-0.8,,,2026-03
2026-03-02,2605,新興,航運業,進榜,觸發,35.86,74.0,3.0,0,,13.2,-3.7,-15.2,-1.0,2.1,-0.7,,,37.7,5.3,7.6,-3.5,-19.5,-0.9,-3.0,-0.8,,,2026-03
2026-03-02,2605,新興,航運業,觸發,進榜即觸發,35.86,74.0,3.0,0,35.86,13.2,-3.7,-15.2,-1.0,2.1,-0.7,,,37.7,5.3,7.6,-3.5,-19.5,-0.9,-3.0,-0.8,,,2026-03
2026-03-02,3357,臺慶科,電子零組件業,進榜,觸發,198.09,74.0,3.0,0,,-26.8,-3.7,40.4,-1.0,6.0,-0.7,,,192.7,-2.7,-24.7,-3.5,44.4,-0.9,9.0,-0.8,,,2026-03
2026-03-02,3357,臺慶科,電子零組件業,觸發,進榜即觸發,198.09,74.0,3.0,0,198.09,-26.8,-3.7,40.4,-1.0,6.0,-0.7,,,192.7,-2.7,-24.7,-3.5,44.4,-0.9,9.0,-0.8,,,2026-03
2026-03-02,2338,光罩,半導體業,進榜,觸發,54.1,72.0,1.0,0,,-15.9,-3.7,3.3,-1.0,-29.1,-0.7,,,58.2,7.6,-21.8,-3.5,-4.0,-0.9,-34.1,-0.8,,,2026-03
2026-03-02,2338,光罩,半導體業,觸發,進榜即觸發,54.1,72.0,1.0,0,54.1,-15.9,-3.7,3.3,-1.0,-29.1,-0.7,,,58.2,7.6,-21.8,-3.5,-4.0,-0.9,-34.1,-0.8,,,2026-03
2026-03-02,3563,牧德,光電業,進榜,觸發,615.85,71.0,5.0,0,,34.6,-3.7,30.1,-1.0,8.0,-0.7,,,617.8,0.3,34.2,-3.5,29.7,-0.9,7.6,-0.8,,,2026-03
2026-03-02,3563,牧德,光電業,觸發,進榜即觸發,615.85,71.0,5.0,0,615.85,34.6,-3.7,30.1,-1.0,8.0,-0.7,,,617.8,0.3,34.2,-3.5,29.7,-0.9,7.6,-0.8,,,2026-03
2026-03-02,3138,耀登,通信網路業,進榜,準備,214.18,91.0,1.0,0,,-18.2,-3.7,-26.2,-1.0,-56.7,-0.7,,,227.0,6.0,-22.8,-3.5,-30.4,-0.9,-59.2,-0.8,,,2026-03
2026-03-02,3481,群創,光電業,進榜,準備,27.91,90.0,2.0,0,,-13.8,-3.7,62.5,-1.0,62.9,-0.7,,,28.6,2.6,-16.0,-3.5,58.4,-0.9,58.7,-0.8,,,2026-03
2026-03-02,1590,亞德客-KY,電機機械,進榜,準備,1219.66,73.0,3.0,0,,-20.7,-3.7,11.6,-1.0,17.7,-0.7,,,1214.8,-0.4,-20.4,-3.5,12.1,-0.9,18.1,-0.8,,,2026-03
2026-03-02,2467,志聖,電子工業,觸發,等待後觸發,349.68,88.0,3.0,27,268.95,14.4,-3.7,74.8,-1.0,52.4,-0.7,,,362.6,3.7,10.4,-3.5,68.6,-0.9,47.0,-0.8,,,2026-03
2026-03-02,2367,燿華,電子工業,觸發,等待後觸發,70.51,93.0,3.0,6,61.96,7.9,-3.7,-7.2,-1.0,-39.7,-0.7,,,73.6,4.4,3.4,-3.5,-11.1,-0.9,-42.2,-0.8,,,2026-03
2026-03-02,6443,元晶,電子工業,觸發,等待後觸發,49.6,97.0,2.0,4,46.2,-14.0,-3.7,-18.4,-1.0,-47.9,-0.7,,,53.0,6.9,-19.5,-3.5,-23.7,-0.9,-51.2,-0.8,,,2026-03
2026-03-02,8039,台虹,電子工業,觸發,等待後觸發,104.96,86.0,3.0,4,98.45,4.7,-3.7,44.1,-1.0,152.5,-0.7,,,108.4,3.3,1.4,-3.5,39.5,-0.9,144.4,-0.8,,,2026-03
2026-03-02,6244,茂迪,光電業,觸發,等待後觸發,36.1,88.0,1.0,6,30.68,-23.8,-3.7,-17.1,-1.0,-32.0,-0.7,,,38.0,5.2,-27.6,-3.5,-21.2,-0.9,-35.4,-0.8,,,2026-03
2026-03-02,2887,台新新光金,金融保險,移出,掉出掃描母體,24.62,72.0,,25,,,,,,,,,,,,,,,,,,,,2026-03
2026-03-02,2885,元大金,金融保險,移出,掉出掃描母體,45.91,70.0,,4,,,,,,,,,,,,,,,,,,,,2026-03
2026-03-02,1711,永光,化學工業,移出,掉出掃描母體,27.2,73.0,,7,,,,,,,,,,,,,,,,,,,,2026-03
2026-03-02,8358,金居,電子零組件業,移出,掉出掃描母體,288.68,75.0,,6,,,,,,,,,,,,,,,,,,,,2026-03
2026-03-02,6257,矽格,半導體業,移出,突破失敗,134.87,77.0,,4,,,,,,,,,,,,,,,,,,,,2026-03
2026-03-02,6691,洋基工程,其他電子業,移出,掉出掃描母體,602.44,71.0,,4,,,,,,,,,,,,,,,,,,,,2026-03
2026-03-03,2485,兆赫,通信網路業,進榜,觸發,54.4,99.0,3.0,0,,46.3,-4.0,36.4,0.3,-24.4,0.0,,,54.0,-0.7,47.4,-3.1,37.4,1.3,-23.8,0.4,,,2026-03
2026-03-03,2485,兆赫,通信網路業,觸發,進榜即觸發,54.4,99.0,3.0,0,54.4,46.3,-4.0,36.4,0.3,-24.4,0.0,,,54.0,-0.7,47.4,-3.1,37.4,1.3,-23.8,0.4,,,2026-03
2026-03-03,3450,聯鈞,其他電子業,進榜,觸發,333.33,79.0,2.0,0,,-27.5,-4.0,46.9,0.3,59.9,0.0,,,323.4,-3.0,-25.3,-3.1,51.4,1.3,64.8,0.4,,,2026-03
2026-03-03,3450,聯鈞,其他電子業,觸發,進榜即觸發,333.33,79.0,2.0,0,333.33,-27.5,-4.0,46.9,0.3,59.9,0.0,,,323.4,-3.0,-25.3,-3.1,51.4,1.3,64.8,0.4,,,2026-03
2026-03-03,1711,永光,化學工業,進榜,準備,29.15,81.0,1.0,0,,24.7,-4.0,68.4,0.3,41.5,0.0,,,28.2,-3.1,28.7,-3.1,73.8,1.3,46.0,0.4,,,2026-03
2026-03-03,2887,台新新光金,金融保險,進榜,準備,24.34,73.0,1.0,0,,-8.5,-4.0,-7.7,0.3,52.7,0.0,,,24.0,-1.2,-7.4,-3.1,-6.6,1.3,54.5,0.4,,,2026-03
2026-03-03,3576,聯合再生,光電業,觸發,等待後觸發,26.7,99.0,3.0,8,16.85,-20.4,-4.0,-31.3,0.3,-36.0,0.0,,,26.0,-2.4,-18.4,-3.1,-29.6,1.3,-34.4,0.4,,,2026-03
2026-03-03,2489,瑞軒,光電業,移出,離高點太遠,39.27,96.0,,21,,,,,,,,,,,,,,,,,,,,2026-03
2026-03-03,7769,鴻勁,半導體業,移出,離高點太遠,4097.88,90.0,,98,,,,,,,,,,,,,,,,,,,,2026-03
2026-03-03,6239,力成,半導體業,移出,離高點太遠,226.54,84.0,,57,,,,,,,,,,,,,,,,,,,,2026-03
2026-03-03,6510,精測,半導體業,移出,離高點太遠,3560.8,95.0,,41,,,,,,,,,,,,,,,,,,,,2026-03
2026-03-03,6949,沛爾生醫-創,創新版股票,移出,離高點太遠,638.0,85.0,,34,,,,,,,,,,,,,,,,,,,,2026-03
2026-03-03,2486,一詮,光電業,移出,離高點太遠,135.25,79.0,,34,,,,,,,,,,,,,,,,,,,,2026-03
2026-03-03,6426,統新,通信網路業,移出,離高點太遠,162.5,91.0,,33,,,,,,,,,,,,,,,,,,,,2026-03
2026-03-03,2337,旺宏,半導體業,移出,晚期未觸發,104.5,100.0,,20,,,,,,,,,,,,,,,,,,,,2026-03
2026-03-03,2413,環科,電子工業,移出,晚期未觸發,51.21,93.0,,6,,,,,,,,,,,,,,,,,,,,2026-03
2026-03-03,6016,康和證,金融業,移出,掉出掃描母體,15.28,70.0,,6,,,,,,,,,,,,,,,,,,,,2026-03
2026-03-03,2454,聯發科,半導體業,移出,掉出掃描母體,1888.72,72.0,,6,,,,,,,,,,,,,,,,,,,,2026-03
2026-03-03,4722,國精化,化學工業,移出,離高點太遠,188.27,76.0,,6,,,,,,,,,,,,,,,,,,,,2026-03
2026-03-03,8150,南茂,電子工業,移出,離高點太遠,61.12,90.0,,5,,,,,,,,,,,,,,,,,,,,2026-03
2026-03-03,7744,崴寶,電子零組件業,移出,晚期未觸發,469.88,75.0,,5,,,,,,,,,,,,,,,,,,,,2026-03
2026-03-03,6588,東典光電,通信網路業,移出,離高點太遠,103.5,99.0,,5,,,,,,,,,,,,,,,,,,,,2026-03
2026-03-03,6903,巨漢,其他電子業,移出,突破失敗,276.84,88.0,,5,,,,,,,,,,,,,,,,,,,,2026-03
2026-03-03,6739,竹陞科技,其他電子業,移出,突破失敗,949.64,83.0,,5,,,,,,,,,,,,,,,,,,,,2026-03
2026-03-03,3357,臺慶科,電子零組件業,移出,掉出掃描母體,198.09,74.0,,1,,,,,,,,,,,,,,,,,,,,2026-03
2026-03-03,3563,牧德,光電業,移出,掉出掃描母體,615.85,71.0,,1,,,,,,,,,,,,,,,,,,,,2026-03
2026-03-04,3036,文曄,電子工業,進榜,觸發,190.07,81.0,3.0,0,,15.1,0.0,47.1,4.0,3.4,3.1,,,195.9,3.1,11.7,-1.1,42.7,3.1,0.3,1.9,,,2026-03
2026-03-04,3036,文曄,電子工業,觸發,進榜即觸發,190.07,81.0,3.0,0,190.07,15.1,0.0,47.1,4.0,3.4,3.1,,,195.9,3.1,11.7,-1.1,42.7,3.1,0.3,1.9,,,2026-03
2026-03-04,4123,晟德,生技醫療業,進榜,觸發,44.61,72.0,1.0,0,,-14.9,0.0,-22.2,4.0,-28.0,3.1,,,45.0,0.9,-15.7,-1.1,-22.9,3.1,-28.7,1.9,,,2026-03
2026-03-04,4123,晟德,生技醫療業,觸發,進榜即觸發,44.61,72.0,1.0,0,44.61,-14.9,0.0,-22.2,4.0,-28.0,3.1,,,45.0,0.9,-15.7,-1.1,-22.9,3.1,-28.7,1.9,,,2026-03
2026-03-04,2449,京元電子,半導體業,移出,離高點太遠,263.8,87.0,,126,,,,,,,,,,,,,,,,,,,,2026-03
2026-03-04,7751,竑騰,電子工業,移出,離高點太遠,1091.74,94.0,,92,,,,,,,,,,,,,,,,,,,,2026-03
2026-03-04,5289,宜鼎,電腦及週邊設備業,移出,離高點太遠,721.28,94.0,,64,,,,,,,,,,,,,,,,,,,,2026-03
2026-03-04,2308,台達電,電子工業,移出,離高點太遠,1248.47,85.0,,61,,,,,,,,,,,,,,,,,,,,2026-03
2026-03-04,5274,信驊,半導體業,移出,離高點太遠,7832.06,83.0,,55,,,,,,,,,,,,,,,,,,,,2026-03
2026-03-04,8996,高力,電機機械,移出,離高點太遠,744.96,88.0,,54,,,,,,,,,,,,,,,,,,,,2026-03
2026-03-04,3491,昇達科,通信網路業,移出,離高點太遠,1522.0,100.0,,48,,,,,,,,,,,,,,,,,,,,2026-03
2026-03-04,8046,南電,電子工業,移出,離高點太遠,449.06,93.0,,47,,,,,,,,,,,,,,,,,,,,2026-03
2026-03-04,3234,光環,通信網路業,移出,離高點太遠,82.14,94.0,,42,,,,,,,,,,,,,,,,,,,,2026-03
2026-03-04,6274,台燿,電子零組件業,移出,掉出掃描母體,533.73,72.0,,40,,,,,,,,,,,,,,,,,,,,2026-03
2026-03-04,3163,波若威,通信網路業,移出,離高點太遠,612.17,99.0,,35,,,,,,,,,,,,,,,,,,,,2026-03
2026-03-04,6442,光聖,通信網路業,移出,離高點太遠,2082.02,93.0,,35,,,,,,,,,,,,,,,,,,,,2026-03
2026-03-04,6683,雍智科技,半導體業,移出,離高點太遠,746.21,90.0,,33,,,,,,,,,,,,,,,,,,,,2026-03
2026-03-04,4542,科嶠,電子零組件業,移出,離高點太遠,138.25,94.0,,23,,,,,,,,,,,,,,,,,,,,2026-03
2026-03-04,6584,南俊國際,電子零組件業,移出,離高點太遠,367.5,79.0,,23,,,,,,,,,,,,,,,,,,,,2026-03
2026-03-04,7610,聯友金屬,綠能環保,移出,離高點太遠,222.22,95.0,,22,,,,,,,,,,,,,,,,,,,,2026-03
2026-03-04,8390,金益鼎,其他,移出,掉出掃描母體,97.26,73.0,,22,,,,,,,,,,,,,,,,,,,,2026-03
2026-03-04,5475,德宏,電子零組件業,移出,離高點太遠,173.0,99.0,,21,,,,,,,,,,,,,,,,,,,,2026-03
2026-03-04,3037,欣興,電子工業,移出,離高點太遠,416.15,97.0,,9,,,,,,,,,,,,,,,,,,,,2026-03
2026-03-04,1303,南亞,塑膠工業,移出,離高點太遠,78.92,85.0,,9,,,,,,,,,,,,,,,,,,,,2026-03
2026-03-04,1560,中砂,電機機械,移出,晚期未觸發,460.91,79.0,,9,,,,,,,,,,,,,,,,,,,,2026-03
2026-03-04,3105,穩懋,半導體業,移出,離高點太遠,292.27,97.0,,9,,,,,,,,,,,,,,,,,,,,2026-03
2026-03-04,6271,同欣電,半導體業,移出,離高點太遠,153.06,73.0,,9,,,,,,,,,,,,,,,,,,,,2026-03
2026-03-04,4979,華星光,通信網路業,移出,離高點太遠,416.35,91.0,,8,,,,,,,,,,,,,,,,,,,,2026-03
2026-03-04,6770,力積電,半導體業,移出,離高點太遠,61.2,98.0,,8,,,,,,,,,,,,,,,,,,,,2026-03
2026-03-04,3711,日月光投控,半導體業,移出,離高點太遠,324.54,89.0,,8,,,,,,,,,,,,,,,,,,,,2026-03
2026-03-04,8021,尖點,其他電子業,移出,晚期未觸發,229.57,93.0,,8,,,,,,,,,,,,,,,,,,,,2026-03
2026-03-04,4577,達航科技,其他電子類,移出,離高點太遠,81.0,91.0,,8,,,,,,,,,,,,,,,,,,,,2026-03
2026-03-04,6244,茂迪,光電業,移出,離高點太遠,31.58,86.0,,8,,,,,,,,,,,,,,,,,,,,2026-03
2026-03-04,4971,IET-KY,半導體業,移出,離高點太遠,449.05,97.0,,7,,,,,,,,,,,,,,,,,,,,2026-03
2026-03-04,1326,台化,塑膠工業,移出,離高點太遠,43.06,76.0,,7,,,,,,,,,,,,,,,,,,,,2026-03
2026-03-04,4764,雙鍵,化學工業,移出,離高點太遠,117.61,95.0,,7,,,,,,,,,,,,,,,,,,,,2026-03
2026-03-04,3709,鑫聯大投控,電腦及週邊設備業,移出,離高點太遠,62.91,77.0,,7,,,,,,,,,,,,,,,,,,,,2026-03
2026-03-04,1717,長興,化學工業,移出,離高點太遠,58.48,77.0,,6,,,,,,,,,,,,,,,,,,,,2026-03
2026-03-04,6223,旺矽,半導體業,移出,突破失敗,2650.94,89.0,,6,,,,,,,,,,,,,,,,,,,,2026-03
2026-03-04,6443,元晶,電子工業,移出,離高點太遠,45.5,97.0,,6,,,,,,,,,,,,,,,,,,,,2026-03
2026-03-04,4768,晶呈科技,化學工業,移出,離高點太遠,446.57,96.0,,6,,,,,,,,,,,,,,,,,,,,2026-03
2026-03-04,3138,耀登,通信網路業,移出,離高點太遠,192.51,91.0,,2,,,,,,,,,,,,,,,,,,,,2026-03
2026-03-04,3481,群創,光電業,移出,離高點太遠,24.19,89.0,,2,,,,,,,,,,,,,,,,,,,,2026-03
2026-03-04,1590,亞德客-KY,電機機械,移出,掉出掃描母體,1160.88,72.0,,2,,,,,,,,,,,,,,,,,,,,2026-03
2026-03-04,1802,台玻,玻璃陶瓷,移出,離高點太遠,57.4,85.0,,2,,,,,,,,,,,,,,,,,,,,2026-03
2026-03-04,2338,光罩,半導體業,移出,掉出掃描母體,53.9,74.0,,2,,,,,,,,,,,,,,,,,,,,2026-03
2026-03-04,2485,兆赫,通信網路業,移出,突破失敗,49.8,99.0,,1,,,,,,,,,,,,,,,,,,,,2026-03
2026-03-04,3450,聯鈞,其他電子業,移出,突破失敗,300.4,79.0,,1,,,,,,,,,,,,,,,,,,,,2026-03
2026-03-05,3049,精金,電子工業,進榜,觸發,13.5,89.0,2.0,0,,-17.4,-1.8,6.7,3.0,-5.9,2.1,,,13.8,1.9,-18.9,-1.5,4.7,3.6,-7.6,2.5,,,2026-03
2026-03-05,3049,精金,電子工業,觸發,進榜即觸發,13.5,89.0,2.0,0,13.5,-17.4,-1.8,6.7,3.0,-5.9,2.1,,,13.8,1.9,-18.9,-1.5,4.7,3.6,-7.6,2.5,,,2026-03
2026-03-05,6830,汎銓,其他電子業,觸發,等待後觸發,360.95,94.0,2.0,24,227.16,56.3,-1.8,83.1,3.0,46.8,2.1,,,380.4,5.4,48.3,-1.5,73.8,3.6,39.3,2.5,,,2026-03
2026-03-05,2313,華通,電子工業,移出,離高點太遠,201.51,95.0,,83,,,,,,,,,,,,,,,,,,,,2026-03
2026-03-05,4991,環宇-KY,半導體業,移出,離高點太遠,333.0,91.0,,29,,,,,,,,,,,,,,,,,,,,2026-03
2026-03-05,3221,台嘉碩,通信網路業,移出,離高點太遠,30.35,80.0,,7,,,,,,,,,,,,,,,,,,,,2026-03
2026-03-05,2455,全新,通信網路業,移出,離高點太遠,216.53,79.0,,7,,,,,,,,,,,,,,,,,,,,2026-03
2026-03-05,3701,大眾控,電子工業,移出,離高點太遠,61.0,84.0,,3,,,,,,,,,,,,,,,,,,,,2026-03
2026-03-05,4123,晟德,生技醫療業,移出,掉出掃描母體,44.61,72.0,,1,,,,,,,,,,,,,,,,,,,,2026-03
2026-03-06,2485,兆赫,通信網路業,進榜,觸發,56.2,99.0,3.0,0,,30.1,-2.1,23.1,3.6,-23.5,1.1,,,52.6,-6.4,39.0,0.5,31.6,7.2,-18.3,3.9,,,2026-03
2026-03-06,2485,兆赫,通信網路業,觸發,進榜即觸發,56.2,99.0,3.0,0,56.2,30.1,-2.1,23.1,3.6,-23.5,1.1,,,52.6,-6.4,39.0,0.5,31.6,7.2,-18.3,3.9,,,2026-03
2026-03-06,4764,雙鍵,化學工業,進榜,觸發,139.39,97.0,4.0,0,,-13.9,-2.1,106.1,3.6,79.0,1.1,,,125.8,-9.7,-4.6,0.5,128.3,7.2,98.3,3.9,,,2026-03
2026-03-06,4764,雙鍵,化學工業,觸發,進榜即觸發,139.39,97.0,4.0,0,139.39,-13.9,-2.1,106.1,3.6,79.0,1.1,,,125.8,-9.7,-4.6,0.5,128.3,7.2,98.3,3.9,,,2026-03
2026-03-06,6683,雍智科技,半導體業,進榜,準備,902.41,93.0,3.0,0,,63.2,-2.1,89.1,3.6,33.0,1.1,,,812.9,-9.9,81.2,0.5,109.9,7.2,47.6,3.9,,,2026-03
2026-03-06,6640,均華,半導體業,進榜,準備,879.01,77.0,1.0,0,,49.3,-2.1,42.0,3.6,20.6,1.1,,,808.0,-8.1,62.4,0.5,54.5,7.2,31.2,3.9,,,2026-03
2026-03-06,4749,新應材,光電業,進榜,準備,1004.16,72.0,3.0,0,,-20.1,-2.1,5.4,3.6,-21.3,1.1,,,906.2,-9.8,-11.5,0.5,16.8,7.2,-12.8,3.9,,,2026-03
2026-03-06,3576,聯合再生,光電業,移出,離高點太遠,22.55,99.0,,11,,,,,,,,,,,,,,,,,,,,2026-03
2026-03-06,2605,新興,航運業,移出,掉出掃描母體,33.78,73.0,,4,,,,,,,,,,,,,,,,,,,,2026-03
2026-03-09,6505,台塑化,油電燃氣業,進榜,觸發,66.68,81.0,1.0,0,,-20.4,1.7,-15.7,7.4,10.2,3.8,,,60.0,-10.0,-11.6,0.7,-6.4,6.4,22.4,2.9,,,2026-03
2026-03-09,6505,台塑化,油電燃氣業,觸發,進榜即觸發,66.68,81.0,1.0,0,66.68,-20.4,1.7,-15.7,7.4,10.2,3.8,,,60.0,-10.0,-11.6,0.7,-6.4,6.4,22.4,2.9,,,2026-03
2026-03-09,4749,新應材,光電業,移出,掉出掃描母體,1004.16,72.0,,3,,,,,,,,,,,,,,,,,,,,2026-03
2026-03-09,3189,景碩,半導體業,移出,離高點太遠,264.05,94.0,,63,,,,,,,,,,,,,,,,,,,,2026-03
2026-03-09,6291,沛亨,半導體業,移出,離高點太遠,244.17,82.0,,26,,,,,,,,,,,,,,,,,,,,2026-03
2026-03-09,7734,印能科技,半導體業,移出,離高點太遠,1550.29,83.0,,26,,,,,,,,,,,,,,,,,,,,2026-03
2026-03-09,2360,致茂,其他電子業,移出,離高點太遠,1229.6,92.0,,26,,,,,,,,,,,,,,,,,,,,2026-03
2026-03-09,2367,燿華,電子工業,移出,離高點太遠,61.76,94.0,,13,,,,,,,,,,,,,,,,,,,,2026-03
2026-03-09,8039,台虹,電子工業,移出,離高點太遠,95.3,87.0,,11,,,,,,,,,,,,,,,,,,,,2026-03
2026-03-09,4977,眾達-KY,電子工業,移出,離高點太遠,142.65,74.0,,11,,,,,,,,,,,,,,,,,,,,2026-03
2026-03-09,4989,榮科,電子零組件業,移出,離高點太遠,58.02,88.0,,7,,,,,,,,,,,,,,,,,,,,2026-03
2026-03-09,6789,采鈺,半導體業,移出,掉出掃描母體,344.07,72.0,,7,,,,,,,,,,,,,,,,,,,,2026-03
2026-03-09,1711,永光,化學工業,移出,離高點太遠,25.25,76.0,,6,,,,,,,,,,,,,,,,,,,,2026-03
2026-03-09,2485,兆赫,通信網路業,移出,突破失敗,51.4,99.0,,3,,,,,,,,,,,,,,,,,,,,2026-03
2026-03-09,4764,雙鍵,化學工業,移出,突破失敗,125.84,97.0,,3,,,,,,,,,,,,,,,,,,,,2026-03
2026-03-10,3653,健策,電子工業,進榜,觸發,3473.43,83.0,4.0,0,,21.3,0.6,3.6,6.1,69.4,3.2,,,3453.6,-0.6,22.0,0.3,4.2,5.7,70.4,2.9,,,2026-03
2026-03-10,3653,健策,電子工業,觸發,進榜即觸發,3473.43,83.0,4.0,0,3473.43,21.3,0.6,3.6,6.1,69.4,3.2,,,3453.6,-0.6,22.0,0.3,4.2,5.7,70.4,2.9,,,2026-03
2026-03-10,5289,宜鼎,電腦及週邊設備業,進榜,準備,877.36,97.0,3.0,0,,22.1,0.6,93.9,6.1,65.3,3.2,,,945.2,7.7,13.3,0.3,80.0,5.7,53.4,2.9,,,2026-03
2026-03-10,6683,雍智科技,半導體業,觸發,等待後觸發,981.01,94.0,3.0,4,913.36,61.8,0.6,63.3,6.1,35.6,3.2,,,1074.5,9.5,47.7,0.3,49.1,5.7,23.8,2.9,,,2026-03
2026-03-10,6505,台塑化,油電燃氣業,移出,突破失敗,60.04,70.0,,1,,,,,,,,,,,,,,,,,,,,2026-03
2026-03-11,4764,雙鍵,化學工業,進榜,觸發,144.23,98.0,3.0,0,,4.0,-0.3,82.4,1.7,66.4,1.2,,,149.6,3.7,0.3,0.0,75.9,2.0,60.5,1.9,,,2026-03
2026-03-11,4764,雙鍵,化學工業,觸發,進榜即觸發,144.23,98.0,3.0,0,144.23,4.0,-0.3,82.4,1.7,66.4,1.2,,,149.6,3.7,0.3,0.0,75.9,2.0,60.5,1.9,,,2026-03
2026-03-11,3481,群創,光電業,進榜,觸發,29.62,92.0,4.0,0,,-14.2,-0.3,59.6,1.7,65.6,1.2,,,30.3,2.3,-16.1,0.0,56.0,2.0,61.9,1.9,,,2026-03
2026-03-11,3481,群創,光電業,觸發,進榜即觸發,29.62,92.0,4.0,0,29.62,-14.2,-0.3,59.6,1.7,65.6,1.2,,,30.3,2.3,-16.1,0.0,56.0,2.0,61.9,1.9,,,2026-03
2026-03-11,4973,廣穎,半導體業,進榜,觸發,54.89,89.0,4.0,0,,40.8,-0.3,191.5,1.7,176.0,1.2,,,56.3,2.5,37.4,0.0,184.3,2.0,169.2,1.9,,,2026-03
2026-03-11,4973,廣穎,半導體業,觸發,進榜即觸發,54.89,89.0,4.0,0,54.89,40.8,-0.3,191.5,1.7,176.0,1.2,,,56.3,2.5,37.4,0.0,184.3,2.0,169.2,1.9,,,2026-03
2026-03-11,8039,台虹,電子工業,進榜,觸發,114.81,88.0,3.0,0,,17.6,-0.3,12.0,1.7,173.1,1.2,,,121.2,5.6,11.4,0.0,6.1,2.0,158.6,1.9,,,2026-03
2026-03-11,8039,台虹,電子工業,觸發,進榜即觸發,114.81,88.0,3.0,0,114.81,17.6,-0.3,12.0,1.7,173.1,1.2,,,121.2,5.6,11.4,0.0,6.1,2.0,158.6,1.9,,,2026-03
2026-03-11,8271,宇瞻,半導體業,進榜,觸發,140.71,87.0,5.0,0,,14.2,-0.3,45.8,1.7,60.3,1.2,,,141.7,0.7,13.4,0.0,44.8,2.0,59.2,1.9,,,2026-03
2026-03-11,8271,宇瞻,半導體業,觸發,進榜即觸發,140.71,87.0,5.0,0,140.71,14.2,-0.3,45.8,1.7,60.3,1.2,,,141.7,0.7,13.4,0.0,44.8,2.0,59.2,1.9,,,2026-03
2026-03-11,2368,金像電,電子零組件業,進榜,觸發,891.69,84.0,4.0,0,,21.4,-0.3,51.4,1.7,31.8,1.2,,,891.7,0.0,21.4,0.0,51.4,2.0,31.8,1.9,,,2026-03
2026-03-11,2368,金像電,電子零組件業,觸發,進榜即觸發,891.69,84.0,4.0,0,891.69,21.4,-0.3,51.4,1.7,31.8,1.2,,,891.7,0.0,21.4,0.0,51.4,2.0,31.8,1.9,,,2026-03
2026-03-11,8112,至上,電子工業,進榜,觸發,80.47,83.0,2.0,0,,-4.4,-0.3,-0.8,1.7,13.3,1.2,,,81.4,1.2,-5.6,0.0,-2.0,2.0,12.0,1.9,,,2026-03
2026-03-11,8112,至上,電子工業,觸發,進榜即觸發,80.47,83.0,2.0,0,80.47,-4.4,-0.3,-0.8,1.7,13.3,1.2,,,81.4,1.2,-5.6,0.0,-2.0,2.0,12.0,1.9,,,2026-03
2026-03-11,3167,大量,電機機械,進榜,觸發,321.44,80.0,5.0,0,,96.0,-0.3,167.8,1.7,140.8,1.2,,,353.3,9.9,78.3,0.0,143.7,2.0,119.1,1.9,,,2026-03
2026-03-11,3167,大量,電機機械,觸發,進榜即觸發,321.44,80.0,5.0,0,321.44,96.0,-0.3,167.8,1.7,140.8,1.2,,,353.3,9.9,78.3,0.0,143.7,2.0,119.1,1.9,,,2026-03
2026-03-11,2485,兆赫,通信網路業,進榜,準備,55.3,99.0,3.0,0,,32.9,-0.3,14.3,1.7,-23.5,1.2,,,57.5,4.0,27.8,0.0,9.9,2.0,-26.4,1.9,,,2026-03
2026-03-11,5274,信驊,半導體業,進榜,準備,9098.94,85.0,2.0,0,,25.1,-0.3,74.3,1.7,94.8,1.2,,,9098.9,0.0,25.1,0.0,74.3,2.0,94.8,1.9,,,2026-03
2026-03-11,1785,光洋科,其他電子類,進榜,準備,78.48,74.0,2.0,0,,44.7,-0.3,63.5,1.7,30.0,1.2,,,78.5,0.0,44.7,0.0,63.5,2.0,30.0,1.9,,,2026-03
2026-03-12,3675,德微,半導體業,進榜,觸發,207.5,79.0,2.0,0,,-6.7,0.1,50.1,2.9,,,,,205.0,-1.2,-5.6,0.7,52.0,3.7,,,,,2026-03
2026-03-12,3675,德微,半導體業,觸發,進榜即觸發,207.5,79.0,2.0,0,207.5,-6.7,0.1,50.1,2.9,,,,,205.0,-1.2,-5.6,0.7,52.0,3.7,,,,,2026-03
2026-03-12,4960,誠美材,電子工業,進榜,觸發,21.15,79.0,2.0,0,,19.6,0.1,45.2,2.9,,,,,22.6,6.9,11.9,0.7,35.8,3.7,,,,,2026-03
2026-03-12,4960,誠美材,電子工業,觸發,進榜即觸發,21.15,79.0,2.0,0,21.15,19.6,0.1,45.2,2.9,,,,,22.6,6.9,11.9,0.7,35.8,3.7,,,,,2026-03
2026-03-12,6531,愛普*,半導體業,進榜,觸發,482.19,73.0,6.0,0,,16.8,0.1,98.4,2.9,,,,,482.2,0.0,16.8,0.7,98.4,3.7,,,,,2026-03
2026-03-12,6531,愛普*,半導體業,觸發,進榜即觸發,482.19,73.0,6.0,0,482.19,16.8,0.1,98.4,2.9,,,,,482.2,0.0,16.8,0.7,98.4,3.7,,,,,2026-03
2026-03-12,1727,中華化,化學工業,進榜,觸發,55.21,70.0,4.0,0,,5.6,0.1,68.0,2.9,,,,,54.9,-0.5,6.2,0.7,68.9,3.7,,,,,2026-03
2026-03-12,1727,中華化,化學工業,觸發,進榜即觸發,55.21,70.0,4.0,0,55.21,5.6,0.1,68.0,2.9,,,,,54.9,-0.5,6.2,0.7,68.9,3.7,,,,,2026-03
2026-03-12,5475,德宏,電子零組件業,進榜,準備,221.0,100.0,3.0,0,,30.1,0.1,18.1,2.9,,,,,209.0,-5.4,37.6,0.7,24.9,3.7,,,,,2026-03
2026-03-12,4542,科嶠,電子零組件業,進榜,準備,177.53,98.0,2.0,0,,-2.6,0.1,94.6,2.9,,,,,179.0,0.8,-3.4,0.7,93.0,3.7,,,,,2026-03
2026-03-12,6291,沛亨,半導體業,進榜,準備,314.91,88.0,2.0,0,,38.8,0.1,77.2,2.9,,,,,326.2,3.6,34.0,0.7,71.1,3.7,,,,,2026-03
2026-03-12,6739,竹陞科技,其他電子業,進榜,準備,1091.94,85.0,3.0,0,,36.7,0.1,11.8,2.9,,,,,1091.9,0.0,36.7,0.7,11.8,3.7,,,,,2026-03
2026-03-12,1711,永光,化學工業,進榜,準備,29.4,81.0,1.0,0,,44.7,0.1,51.7,2.9,,,,,29.0,-1.4,46.7,0.7,53.8,3.7,,,,,2026-03
2026-03-12,3030,德律,其他電子業,進榜,準備,271.98,78.0,2.0,0,,11.7,0.1,23.7,2.9,,,,,269.0,-1.1,12.9,0.7,25.1,3.7,,,,,2026-03
2026-03-12,3498,陽程,其他電子類,進榜,準備,73.5,71.0,1.0,0,,19.2,0.1,79.6,2.9,,,,,73.5,0.0,19.2,0.7,79.6,3.7,,,,,2026-03
2026-03-12,2485,兆赫,通信網路業,觸發,等待後觸發,60.8,99.0,3.0,1,56.2,32.9,0.1,11.8,2.9,,,,,62.6,3.0,29.1,0.7,8.6,3.7,,,,,2026-03
2026-03-12,6568,宏觀,半導體業,觸發,等待後觸發,192.81,85.0,3.0,31,174.47,15.7,0.1,-9.0,2.9,,,,,191.3,-0.8,16.6,0.7,-8.3,3.7,,,,,2026-03
2026-03-12,5386,青雲,電腦及週邊設備業,移出,離高點太遠,190.91,100.0,,38,,,,,,,,,,,,,,,,,,,,2026-03
2026-03-13,3595,山太士,光電業,進榜,觸發,1170.0,98.0,4.0,0,,46.2,0.6,96.2,2.0,,,,,1102.2,-5.8,55.1,0.4,108.2,1.8,,,,,2026-03
2026-03-13,3595,山太士,光電業,觸發,進榜即觸發,1170.0,98.0,4.0,0,1170.0,46.2,0.6,96.2,2.0,,,,,1102.2,-5.8,55.1,0.4,108.2,1.8,,,,,2026-03
2026-03-13,6727,亞泰金屬,電子零組件業,進榜,觸發,258.19,72.0,2.0,0,,45.6,0.6,61.9,2.0,,,,,277.5,7.5,35.5,0.4,50.6,1.8,,,,,2026-03
2026-03-13,6727,亞泰金屬,電子零組件業,觸發,進榜即觸發,258.19,72.0,2.0,0,258.19,45.6,0.6,61.9,2.0,,,,,277.5,7.5,35.5,0.4,50.6,1.8,,,,,2026-03
2026-03-13,3037,欣興,電子工業,進榜,準備,506.96,97.0,2.0,0,,17.5,0.6,74.0,2.0,,,,,517.9,2.2,15.0,0.4,70.3,1.8,,,,,2026-03
2026-03-13,2360,致茂,其他電子業,進榜,準備,1517.17,92.0,3.0,0,,20.3,0.6,44.4,2.0,,,,,1507.3,-0.7,21.1,0.4,45.4,1.8,,,,,2026-03
2026-03-13,2426,鼎元,光電業,進榜,準備,33.81,87.0,1.0,0,,56.3,0.6,81.6,2.0,,,,,34.5,1.9,53.3,0.4,78.2,1.8,,,,,2026-03
2026-03-13,8096,擎亞,電子通路業,進榜,準備,75.7,84.0,2.0,0,,25.6,0.6,55.9,2.0,,,,,76.7,1.3,24.0,0.4,53.8,1.8,,,,,2026-03
2026-03-13,3615,安可,光電業,進榜,準備,36.71,77.0,2.0,0,,-15.0,0.6,44.2,2.0,,,,,36.5,-0.7,-14.4,0.4,45.2,1.8,,,,,2026-03
2026-03-13,4977,眾達-KY,電子工業,進榜,準備,177.24,77.0,3.0,0,,0.8,0.6,-5.9,2.0,,,,,184.3,4.0,-3.1,0.4,-9.5,1.8,,,,,2026-03
2026-03-13,3715,定穎投控,電子零組件業,進榜,準備,164.96,74.0,3.0,0,,12.3,0.6,-2.1,2.0,,,,,162.0,-1.8,14.4,0.4,-0.3,1.8,,,,,2026-03
2026-03-13,6446,藥華藥,生技醫療業,移出,離高點太遠,591.7,70.0,,45,,,,,,,,,,,,,,,,,,,,2026-03
2026-03-13,3049,精金,電子工業,移出,離高點太遠,12.45,86.0,,8,,,,,,,,,,,,,,,,,,,,2026-03
2026-03-16,3260,威剛,半導體業,進榜,觸發,382.21,97.0,4.0,0,,-3.6,0.5,3.2,1.3,,,,,397.2,3.9,-7.2,0.3,-0.7,1.2,,,,,2026-03
2026-03-16,3260,威剛,半導體業,觸發,進榜即觸發,382.21,97.0,4.0,0,382.21,-3.6,0.5,3.2,1.3,,,,,397.2,3.9,-7.2,0.3,-0.7,1.2,,,,,2026-03
2026-03-16,3006,晶豪科,電子工業,進榜,觸發,176.17,94.0,3.0,0,,-11.9,0.5,15.5,1.3,,,,,189.1,7.3,-17.9,0.3,7.6,1.2,,,,,2026-03
2026-03-16,3006,晶豪科,電子工業,觸發,進榜即觸發,176.17,94.0,3.0,0,176.17,-11.9,0.5,15.5,1.3,,,,,189.1,7.3,-17.9,0.3,7.6,1.2,,,,,2026-03
2026-03-16,2451,創見,半導體業,進榜,觸發,249.1,91.0,6.0,0,,-4.4,0.5,12.5,1.3,,,,,253.4,1.7,-6.1,0.3,10.6,1.2,,,,,2026-03
2026-03-16,2451,創見,半導體業,觸發,進榜即觸發,249.1,91.0,6.0,0,249.1,-4.4,0.5,12.5,1.3,,,,,253.4,1.7,-6.1,0.3,10.6,1.2,,,,,2026-03
2026-03-16,5351,鈺創,半導體業,進榜,觸發,70.1,88.0,3.0,0,,-3.1,0.5,20.3,1.3,,,,,73.8,5.3,-8.0,0.3,14.2,1.2,,,,,2026-03
2026-03-16,5351,鈺創,半導體業,觸發,進榜即觸發,70.1,88.0,3.0,0,70.1,-3.1,0.5,20.3,1.3,,,,,73.8,5.3,-8.0,0.3,14.2,1.2,,,,,2026-03
2026-03-16,6451,訊芯-KY,半導體業,進榜,觸發,236.88,73.0,3.0,0,,92.4,0.5,110.8,1.3,,,,,258.9,9.3,76.1,0.3,92.9,1.2,,,,,2026-03
2026-03-16,6451,訊芯-KY,半導體業,觸發,進榜即觸發,236.88,73.0,3.0,0,236.88,92.4,0.5,110.8,1.3,,,,,258.9,9.3,76.1,0.3,92.9,1.2,,,,,2026-03
2026-03-16,8064,東捷,光電業,進榜,觸發,61.35,71.0,2.0,0,,21.5,0.5,115.2,1.3,,,,,61.1,-0.3,21.9,0.3,115.9,1.2,,,,,2026-03
2026-03-16,8064,東捷,光電業,觸發,進榜即觸發,61.35,71.0,2.0,0,61.35,21.5,0.5,115.2,1.3,,,,,61.1,-0.3,21.9,0.3,115.9,1.2,,,,,2026-03
2026-03-16,5386,青雲,電腦及週邊設備業,進榜,準備,229.09,100.0,2.0,0,,13.0,0.5,40.0,1.3,,,,,249.7,9.0,3.7,0.3,28.5,1.2,,,,,2026-03
2026-03-16,3693,營邦,電腦及週邊設備業,進榜,準備,481.96,83.0,1.0,0,,23.3,0.5,0.5,1.3,,,,,491.8,2.0,20.8,0.3,-1.5,1.2,,,,,2026-03
2026-03-16,3131,弘塑,其他電子類,進榜,準備,2120.96,74.0,1.0,0,,49.1,0.5,40.5,1.3,,,,,2116.1,-0.2,49.4,0.3,40.8,1.2,,,,,2026-03
2026-03-16,8096,擎亞,電子通路業,觸發,等待後觸發,83.2,87.0,2.0,3,77.5,14.7,0.5,45.4,1.3,,,,,87.2,4.8,9.4,0.3,38.8,1.2,,,,,2026-03
2026-03-16,6640,均華,半導體業,觸發,等待後觸發,1050.67,81.0,1.0,10,880.99,62.4,0.5,-4.2,1.3,,,,,1070.4,1.9,59.4,0.3,-6.0,1.2,,,,,2026-03
2026-03-16,3030,德律,其他電子業,移出,掉出掃描母體,271.49,75.0,,4,,,,,,,,,,,,,,,,,,,,2026-03
2026-03-16,3615,安可,光電業,移出,掉出掃描母體,36.71,77.0,,3,,,,,,,,,,,,,,,,,,,,2026-03
2026-03-16,3481,群創,光電業,移出,離高點太遠,26.68,87.0,,5,,,,,,,,,,,,,,,,,,,,2026-03
2026-03-16,5475,德宏,電子零組件業,移出,離高點太遠,202.0,99.0,,4,,,,,,,,,,,,,,,,,,,,2026-03
2026-03-17,2486,一詮,光電業,進榜,觸發,162.2,87.0,2.0,0,,14.2,0.5,55.1,1.7,,,,,163.7,0.9,13.1,0.3,53.6,1.1,,,,,2026-03
2026-03-17,2486,一詮,光電業,觸發,進榜即觸發,162.2,87.0,2.0,0,162.2,14.2,0.5,55.1,1.7,,,,,163.7,0.9,13.1,0.3,53.6,1.1,,,,,2026-03
2026-03-17,2337,旺宏,半導體業,進榜,準備,130.5,100.0,3.0,0,,6.5,0.5,12.3,1.7,,,,,137.0,5.0,1.5,0.3,6.9,1.1,,,,,2026-03
2026-03-17,2344,華邦電,半導體業,進榜,準備,122.86,99.0,3.0,0,,-27.1,0.5,40.0,1.7,,,,,128.3,4.5,-30.2,0.3,34.0,1.1,,,,,2026-03
2026-03-17,2367,燿華,電子工業,進榜,準備,76.38,95.0,1.0,0,,-8.3,0.5,-18.4,1.7,,,,,78.4,2.6,-10.7,0.3,-20.4,1.1,,,,,2026-03
2026-03-17,2308,台達電,電子工業,進榜,準備,1432.51,83.0,3.0,0,,28.1,0.5,53.8,1.7,,,,,1457.4,1.7,25.9,0.3,51.2,1.1,,,,,2026-03
2026-03-17,2605,新興,航運業,進榜,準備,39.24,78.0,3.0,0,,-12.1,0.5,-22.2,1.7,,,,,40.8,3.9,-15.4,0.3,-25.1,1.1,,,,,2026-03
2026-03-17,2478,大毅,電子工業,進榜,準備,72.69,75.0,3.0,0,,1.0,0.5,133.3,1.7,,,,,72.7,0.0,1.0,0.3,133.3,1.1,,,,,2026-03
2026-03-17,1711,永光,化學工業,觸發,等待後觸發,39.05,89.0,1.0,5,30.0,11.7,0.5,10.9,1.7,,,,,42.4,8.6,2.8,0.3,2.1,1.1,,,,,2026-03
2026-03-17,5386,青雲,電腦及週邊設備業,觸發,等待後觸發,252.0,100.0,2.0,1,229.42,-6.5,0.5,27.9,1.7,,,,,276.9,9.9,-14.9,0.3,16.4,1.1,,,,,2026-03
2026-03-17,1785,光洋科,其他電子類,觸發,等待後觸發,89.1,77.0,2.0,6,79.86,56.7,0.5,56.2,1.7,,,,,98.0,9.9,42.6,0.3,42.1,1.1,,,,,2026-03
2026-03-17,3081,聯亞,通信網路業,移出,離高點太遠,1225.36,94.0,,111,,,,,,,,,,,,,,,,,,,,2026-03
2026-03-17,2887,台新新光金,金融保險,移出,掉出掃描母體,23.85,72.0,,14,,,,,,,,,,,,,,,,,,,,2026-03
2026-03-17,8039,台虹,電子工業,移出,離高點太遠,115.8,86.0,,6,,,,,,,,,,,,,,,,,,,,2026-03
2026-03-17,3167,大量,電機機械,移出,離高點太遠,329.4,80.0,,6,,,,,,,,,,,,,,,,,,,,2026-03
2026-03-18,7751,竑騰,電子工業,進榜,觸發,1546.22,95.0,3.0,0,,22.6,0.2,-10.1,1.7,,,,,1595.6,3.2,18.8,0.8,-12.9,2.5,,,,,2026-03
2026-03-18,7751,竑騰,電子工業,觸發,進榜即觸發,1546.22,95.0,3.0,0,1546.22,22.6,0.2,-10.1,1.7,,,,,1595.6,3.2,18.8,0.8,-12.9,2.5,,,,,2026-03
2026-03-18,4967,十銓,半導體業,進榜,觸發,238.77,94.0,3.0,0,,-11.0,0.2,12.4,1.7,,,,,239.3,0.2,-11.1,0.8,12.1,2.5,,,,,2026-03
2026-03-18,4967,十銓,半導體業,觸發,進榜即觸發,238.77,94.0,3.0,0,238.77,-11.0,0.2,12.4,1.7,,,,,239.3,0.2,-11.1,0.8,12.1,2.5,,,,,2026-03
2026-03-18,4989,榮科,電子零組件業,進榜,觸發,71.34,90.0,4.0,0,,35.8,0.2,7.0,1.7,,,,,71.8,0.7,34.9,0.8,6.3,2.5,,,,,2026-03
2026-03-18,4989,榮科,電子零組件業,觸發,進榜即觸發,71.34,90.0,4.0,0,71.34,35.8,0.2,7.0,1.7,,,,,71.8,0.7,34.9,0.8,6.3,2.5,,,,,2026-03
2026-03-18,2345,智邦,通信網路業,進榜,觸發,1587.43,77.0,6.0,0,,29.4,0.2,51.9,1.7,,,,,1572.6,-0.9,30.6,0.8,53.3,2.5,,,,,2026-03
2026-03-18,2345,智邦,通信網路業,觸發,進榜即觸發,1587.43,77.0,6.0,0,1587.43,29.4,0.2,51.9,1.7,,,,,1572.6,-0.9,30.6,0.8,53.3,2.5,,,,,2026-03
2026-03-18,2495,普安,其他電子業,進榜,觸發,35.21,74.0,2.0,0,,19.2,0.2,40.5,1.7,,,,,35.2,0.0,19.2,0.8,40.5,2.5,,,,,2026-03
2026-03-18,2495,普安,其他電子業,觸發,進榜即觸發,35.21,74.0,2.0,0,35.21,19.2,0.2,40.5,1.7,,,,,35.2,0.0,19.2,0.8,40.5,2.5,,,,,2026-03
2026-03-18,8155,博智,電子零組件業,進榜,觸發,241.39,74.0,6.0,0,,54.1,0.2,53.5,1.7,,,,,265.5,10.0,40.1,0.8,39.5,2.5,,,,,2026-03
2026-03-18,8155,博智,電子零組件業,觸發,進榜即觸發,241.39,74.0,6.0,0,241.39,54.1,0.2,53.5,1.7,,,,,265.5,10.0,40.1,0.8,39.5,2.5,,,,,2026-03
2026-03-18,6788,華景電,半導體業,進榜,觸發,371.43,72.0,3.0,0,,11.9,0.2,20.9,1.7,,,,,371.9,0.1,11.8,0.8,20.7,2.5,,,,,2026-03
2026-03-18,6788,華景電,半導體業,觸發,進榜即觸發,371.43,72.0,3.0,0,371.43,11.9,0.2,20.9,1.7,,,,,371.9,0.1,11.8,0.8,20.7,2.5,,,,,2026-03
2026-03-18,6715,嘉基,電子工業,進榜,準備,324.85,96.0,1.0,0,,29.1,0.2,19.1,1.7,,,,,334.7,3.0,25.3,0.8,15.6,2.5,,,,,2026-03
2026-03-18,3189,景碩,半導體業,進榜,準備,364.87,95.0,3.0,0,,7.1,0.2,80.6,1.7,,,,,355.4,-2.6,10.0,0.8,85.4,2.5,,,,,2026-03
2026-03-18,8996,高力,電機機械,進榜,準備,946.86,91.0,2.0,0,,28.8,0.2,32.5,1.7,,,,,934.9,-1.3,30.5,0.8,34.2,2.5,,,,,2026-03
2026-03-18,3049,精金,電子工業,進榜,準備,14.95,90.0,2.0,0,,-7.7,0.2,-1.3,1.7,,,,,15.0,0.0,-7.7,0.8,-1.3,2.5,,,,,2026-03
2026-03-18,7734,印能科技,半導體業,進榜,準備,1888.18,86.0,2.0,0,,31.8,0.2,54.2,1.7,,,,,1863.3,-1.3,33.6,0.8,56.3,2.5,,,,,2026-03
2026-03-18,3028,增你強,電子工業,進榜,準備,55.48,82.0,3.0,0,,6.6,0.2,28.5,1.7,,,,,54.3,-2.0,8.8,0.8,31.2,2.5,,,,,2026-03
2026-03-18,1809,中釉,玻璃陶瓷,進榜,準備,29.37,73.0,3.0,0,,-8.0,0.2,74.3,1.7,,,,,32.3,10.0,-16.3,0.8,58.5,2.5,,,,,2026-03
2026-03-18,2855,統一證,金融保險,進榜,準備,32.52,72.0,1.0,0,,-4.3,0.2,51.6,1.7,,,,,32.4,-0.3,-4.0,0.8,52.1,2.5,,,,,2026-03
2026-03-18,2337,旺宏,半導體業,觸發,等待後觸發,143.5,100.0,3.0,1,130.5,-8.7,0.2,10.8,1.7,,,,,139.5,-2.8,-6.1,0.8,14.0,2.5,,,,,2026-03
2026-03-18,3715,定穎投控,電子零組件業,觸發,等待後觸發,172.41,80.0,3.0,5,165.45,14.1,0.2,-2.6,1.7,,,,,172.4,0.0,14.1,0.8,-2.6,2.5,,,,,2026-03
2026-03-18,3693,營邦,電腦及週邊設備業,觸發,等待後觸發,522.37,87.0,1.0,2,496.75,24.9,0.2,-3.0,1.7,,,,,521.4,-0.2,25.1,0.8,-2.8,2.5,,,,,2026-03
2026-03-18,2478,大毅,電子工業,移出,掉出掃描母體,72.69,75.0,,1,,,,,,,,,,,,,,,,,,,,2026-03
2026-03-18,3498,陽程,其他電子類,移出,掉出掃描母體,73.8,70.0,,6,,,,,,,,,,,,,,,,,,,,2026-03
2026-03-18,1727,中華化,化學工業,移出,掉出掃描母體,55.41,70.0,,6,,,,,,,,,,,,,,,,,,,,2026-03
2026-03-18,4927,泰鼎-KY,電子工業,移出,離高點太遠,45.5,83.0,,22,,,,,,,,,,,,,,,,,,,,2026-03
2026-03-19,3135,凌航,半導體業,進榜,觸發,134.05,97.0,4.0,0,,-21.0,1.2,35.0,1.9,,,,,147.2,9.8,-28.0,1.2,22.9,1.7,,,,,2026-03
2026-03-19,3135,凌航,半導體業,觸發,進榜即觸發,134.05,97.0,4.0,0,134.05,-21.0,1.2,35.0,1.9,,,,,147.2,9.8,-28.0,1.2,22.9,1.7,,,,,2026-03
2026-03-19,3105,穩懋,半導體業,進榜,觸發,353.02,96.0,1.0,0,,67.0,1.2,39.7,1.9,,,,,370.4,4.9,59.1,1.2,33.1,1.7,,,,,2026-03
2026-03-19,3105,穩懋,半導體業,觸發,進榜即觸發,353.02,96.0,1.0,0,353.02,67.0,1.2,39.7,1.9,,,,,370.4,4.9,59.1,1.2,33.1,1.7,,,,,2026-03
2026-03-19,6127,九豪,電子零組件業,進榜,觸發,44.4,88.0,4.0,0,,8.1,1.2,72.3,1.9,,,,,46.8,5.5,2.5,1.2,63.3,1.7,,,,,2026-03
2026-03-19,6127,九豪,電子零組件業,觸發,進榜即觸發,44.4,88.0,4.0,0,44.4,8.1,1.2,72.3,1.9,,,,,46.8,5.5,2.5,1.2,63.3,1.7,,,,,2026-03
2026-03-19,6274,台燿,電子零組件業,進榜,觸發,579.36,78.0,2.0,0,,64.0,1.2,177.9,1.9,,,,,593.3,2.4,60.1,1.2,171.4,1.7,,,,,2026-03
2026-03-19,6274,台燿,電子零組件業,觸發,進榜即觸發,579.36,78.0,2.0,0,579.36,64.0,1.2,177.9,1.9,,,,,593.3,2.4,60.1,1.2,171.4,1.7,,,,,2026-03
2026-03-19,6584,南俊國際,電子零組件業,進榜,觸發,456.5,77.0,5.0,0,,60.6,1.2,32.7,1.9,,,,,502.0,10.0,46.0,1.2,20.7,1.7,,,,,2026-03
2026-03-19,6584,南俊國際,電子零組件業,觸發,進榜即觸發,456.5,77.0,5.0,0,456.5,60.6,1.2,32.7,1.9,,,,,502.0,10.0,46.0,1.2,20.7,1.7,,,,,2026-03
2026-03-19,2399,映泰,電子工業,進榜,觸發,33.85,76.0,1.0,0,,12.7,1.2,56.0,1.9,,,,,37.2,9.9,2.6,1.2,41.9,1.7,,,,,2026-03
2026-03-19,2399,映泰,電子工業,觸發,進榜即觸發,33.85,76.0,1.0,0,33.85,12.7,1.2,56.0,1.9,,,,,37.2,9.9,2.6,1.2,41.9,1.7,,,,,2026-03
2026-03-19,3533,嘉澤,電子工業,進榜,觸發,1994.63,71.0,2.0,0,,29.3,1.2,13.1,1.9,,,,,1984.8,-0.5,30.0,1.2,13.6,1.7,,,,,2026-03
2026-03-19,3533,嘉澤,電子工業,觸發,進榜即觸發,1994.63,71.0,2.0,0,1994.63,29.3,1.2,13.1,1.9,,,,,1984.8,-0.5,30.0,1.2,13.6,1.7,,,,,2026-03
2026-03-19,7781,昕力資*,數位雲端,進榜,準備,33.95,100.0,2.0,0,,-10.9,1.2,-14.6,1.9,,,,,32.0,-5.7,-5.6,1.2,-9.5,1.7,,,,,2026-03
2026-03-19,3498,陽程,其他電子類,進榜,準備,75.1,71.0,1.0,0,,14.4,1.2,60.5,1.9,,,,,77.2,2.8,11.3,1.2,56.1,1.7,,,,,2026-03
2026-03-19,1809,中釉,玻璃陶瓷,觸發,等待後觸發,32.3,79.0,3.0,1,29.61,-13.8,1.2,52.3,1.9,,,,,35.5,10.0,-21.7,1.2,38.5,1.7,,,,,2026-03
2026-03-19,6291,沛亨,半導體業,觸發,等待後觸發,355.19,87.0,2.0,7,314.91,17.8,1.2,53.2,1.9,,,,,370.9,4.4,12.8,1.2,46.7,1.7,,,,,2026-03
2026-03-19,3653,健策,電子工業,移出,掉出掃描母體,3955.44,75.0,,9,,,,,,,,,,,,,,,,,,,,2026-03
2026-03-19,2855,統一證,金融保險,移出,掉出掃描母體,32.52,72.0,,1,,,,,,,,,,,,,,,,,,,,2026-03
2026-03-19,2330,台積電,半導體業,移出,掉出掃描母體,1899.93,72.0,,51,,,,,,,,,,,,,,,,,,,,2026-03
2026-03-19,3675,德微,半導體業,移出,掉出掃描母體,212.5,72.0,,7,,,,,,,,,,,,,,,,,,,,2026-03
2026-03-19,6788,華景電,半導體業,移出,掉出掃描母體,371.43,72.0,,1,,,,,,,,,,,,,,,,,,,,2026-03
2026-03-20,4991,環宇-KY,半導體業,進榜,觸發,427.0,93.0,3.0,0,,68.9,1.7,31.1,2.4,,,,,412.5,-3.4,74.8,3.2,35.8,4.1,,,,,2026-03
2026-03-20,4991,環宇-KY,半導體業,觸發,進榜即觸發,427.0,93.0,3.0,0,427.0,68.9,1.7,31.1,2.4,,,,,412.5,-3.4,74.8,3.2,35.8,4.1,,,,,2026-03
2026-03-20,7795,長廣,電子零組件業,進榜,觸發,432.78,88.0,3.0,0,,-1.6,1.7,-7.6,2.4,,,,,405.9,-6.2,4.9,3.2,-1.5,4.1,,,,,2026-03
2026-03-20,7795,長廣,電子零組件業,觸發,進榜即觸發,432.78,88.0,3.0,0,432.78,-1.6,1.7,-7.6,2.4,,,,,405.9,-6.2,4.9,3.2,-1.5,4.1,,,,,2026-03
2026-03-20,3363,上詮,通信網路業,進榜,觸發,734.0,86.0,5.0,0,,34.9,1.7,-6.7,2.4,,,,,691.0,-5.9,43.3,3.2,-0.9,4.1,,,,,2026-03
2026-03-20,3363,上詮,通信網路業,觸發,進榜即觸發,734.0,86.0,5.0,0,734.0,34.9,1.7,-6.7,2.4,,,,,691.0,-5.9,43.3,3.2,-0.9,4.1,,,,,2026-03
2026-03-20,2369,菱生,電子工業,進榜,觸發,35.75,84.0,4.0,0,,-8.5,1.7,-3.5,2.4,,,,,35.8,0.1,-8.7,3.2,-3.6,4.1,,,,,2026-03
2026-03-20,2369,菱生,電子工業,觸發,進榜即觸發,35.75,84.0,4.0,0,35.75,-8.5,1.7,-3.5,2.4,,,,,35.8,0.1,-8.7,3.2,-3.6,4.1,,,,,2026-03
2026-03-20,3221,台嘉碩,通信網路業,進榜,觸發,36.57,84.0,1.0,0,,45.9,1.7,61.4,2.4,,,,,36.2,-1.0,47.3,3.2,62.9,4.1,,,,,2026-03
2026-03-20,3221,台嘉碩,通信網路業,觸發,進榜即觸發,36.57,84.0,1.0,0,36.57,45.9,1.7,61.4,2.4,,,,,36.2,-1.0,47.3,3.2,62.9,4.1,,,,,2026-03
2026-03-20,5452,佶優,其他電子類,進榜,準備,39.14,76.0,2.0,0,,-10.6,1.7,-15.6,2.4,,,,,37.7,-3.7,-7.2,3.2,-12.4,4.1,,,,,2026-03
2026-03-20,3049,精金,電子工業,觸發,等待後觸發,18.0,93.0,2.0,2,14.95,-24.7,1.7,-17.2,2.4,,,,,16.5,-8.3,-17.9,3.2,-9.7,4.1,,,,,2026-03
2026-03-20,7781,昕力資*,數位雲端,移出,離高點太遠,32.15,100.0,,1,,,,,,,,,,,,,,,,,,,,2026-03
2026-03-20,4764,雙鍵,化學工業,移出,離高點太遠,138.91,94.0,,9,,,,,,,,,,,,,,,,,,,,2026-03
2026-03-20,6727,亞泰金屬,電子零組件業,移出,掉出掃描母體,296.27,73.0,,7,,,,,,,,,,,,,,,,,,,,2026-03
2026-03-20,2344,華邦電,半導體業,移出,離高點太遠,109.43,97.0,,3,,,,,,,,,,,,,,,,,,,,2026-03
2026-03-23,5291,邑昇,電子零組件業,進榜,觸發,68.0,94.0,1.0,0,,-0.7,3.9,-4.7,4.1,,,,,74.4,9.5,-9.3,2.9,-12.9,3.5,,,,,2026-03
2026-03-23,5291,邑昇,電子零組件業,觸發,進榜即觸發,68.0,94.0,1.0,0,68.0,-0.7,3.9,-4.7,4.1,,,,,74.4,9.5,-9.3,2.9,-12.9,3.5,,,,,2026-03
2026-03-23,1304,台聚,塑膠工業,進榜,觸發,16.36,76.0,1.0,0,,-13.3,3.9,-18.1,4.1,,,,,16.4,0.0,-13.3,2.9,-18.1,3.5,,,,,2026-03
2026-03-23,1304,台聚,塑膠工業,觸發,進榜即觸發,16.36,76.0,1.0,0,16.36,-13.3,3.9,-18.1,4.1,,,,,16.4,0.0,-13.3,2.9,-18.1,3.5,,,,,2026-03
2026-03-23,6530,創威,通信網路業,進榜,觸發,95.54,71.0,1.0,0,,27.7,3.9,0.4,4.1,,,,,98.0,2.6,24.5,2.9,-2.1,3.5,,,,,2026-03
2026-03-23,6530,創威,通信網路業,觸發,進榜即觸發,95.54,71.0,1.0,0,95.54,27.7,3.9,0.4,4.1,,,,,98.0,2.6,24.5,2.9,-2.1,3.5,,,,,2026-03
2026-03-23,7728,光焱科技,其他電子業,進榜,準備,875.88,93.0,3.0,0,,-13.9,3.9,-20.1,4.1,,,,,963.4,10.0,-21.7,2.9,-27.3,3.5,,,,,2026-03
2026-03-23,6217,中探針,電子零組件業,移出,離高點太遠,171.0,99.0,,28,,,,,,,,,,,,,,,,,,,,2026-03
2026-03-23,5289,宜鼎,電腦及週邊設備業,移出,離高點太遠,1051.87,97.0,,13,,,,,,,,,,,,,,,,,,,,2026-03
2026-03-23,1785,光洋科,其他電子類,移出,離高點太遠,89.3,74.0,,12,,,,,,,,,,,,,,,,,,,,2026-03
2026-03-23,8112,至上,電子工業,移出,離高點太遠,77.08,79.0,,12,,,,,,,,,,,,,,,,,,,,2026-03
2026-03-23,8271,宇瞻,半導體業,移出,離高點太遠,165.62,91.0,,12,,,,,,,,,,,,,,,,,,,,2026-03
2026-03-23,4973,廣穎,半導體業,移出,離高點太遠,78.58,96.0,,12,,,,,,,,,,,,,,,,,,,,2026-03
2026-03-23,6531,愛普*,半導體業,移出,離高點太遠,519.43,74.0,,11,,,,,,,,,,,,,,,,,,,,2026-03
2026-03-23,1711,永光,化學工業,移出,離高點太遠,38.45,89.0,,11,,,,,,,,,,,,,,,,,,,,2026-03
2026-03-23,3037,欣興,電子工業,移出,離高點太遠,497.98,97.0,,10,,,,,,,,,,,,,,,,,,,,2026-03
2026-03-23,4977,眾達-KY,電子工業,移出,掉出掃描母體,190.04,77.0,,10,,,,,,,,,,,,,,,,,,,,2026-03
2026-03-23,2426,鼎元,光電業,移出,離高點太遠,33.46,87.0,,10,,,,,,,,,,,,,,,,,,,,2026-03
2026-03-23,3260,威剛,半導體業,移出,離高點太遠,412.0,97.0,,7,,,,,,,,,,,,,,,,,,,,2026-03
2026-03-23,5386,青雲,電腦及週邊設備業,移出,離高點太遠,239.05,99.0,,7,,,,,,,,,,,,,,,,,,,,2026-03
2026-03-23,3006,晶豪科,電子工業,移出,離高點太遠,179.15,93.0,,7,,,,,,,,,,,,,,,,,,,,2026-03
2026-03-23,2451,創見,半導體業,移出,離高點太遠,261.1,90.0,,7,,,,,,,,,,,,,,,,,,,,2026-03
2026-03-23,5351,鈺創,半導體業,移出,離高點太遠,74.5,89.0,,7,,,,,,,,,,,,,,,,,,,,2026-03
2026-03-23,3693,營邦,電腦及週邊設備業,移出,離高點太遠,474.57,86.0,,7,,,,,,,,,,,,,,,,,,,,2026-03
2026-03-23,2486,一詮,光電業,移出,離高點太遠,142.74,80.0,,6,,,,,,,,,,,,,,,,,,,,2026-03
2026-03-23,6715,嘉基,電子工業,移出,離高點太遠,302.7,96.0,,5,,,,,,,,,,,,,,,,,,,,2026-03
2026-03-23,8996,高力,電機機械,移出,離高點太遠,815.57,89.0,,5,,,,,,,,,,,,,,,,,,,,2026-03
2026-03-23,3189,景碩,半導體業,移出,晚期未觸發,345.41,97.0,,5,,,,,,,,,,,,,,,,,,,,2026-03
2026-03-23,4989,榮科,電子零組件業,移出,突破失敗,64.82,87.0,,5,,,,,,,,,,,,,,,,,,,,2026-03
2026-03-23,1809,中釉,玻璃陶瓷,移出,離高點太遠,29.07,78.0,,5,,,,,,,,,,,,,,,,,,,,2026-03
2026-03-23,3498,陽程,其他電子類,移出,掉出掃描母體,72.9,71.0,,4,,,,,,,,,,,,,,,,,,,,2026-03
2026-03-23,3105,穩懋,半導體業,移出,離高點太遠,313.68,95.0,,4,,,,,,,,,,,,,,,,,,,,2026-03
2026-03-23,3533,嘉澤,電子工業,移出,掉出掃描母體,2029.02,70.0,,4,,,,,,,,,,,,,,,,,,,,2026-03
2026-03-23,4991,環宇-KY,半導體業,移出,突破失敗,385.0,92.0,,3,,,,,,,,,,,,,,,,,,,,2026-03
2026-03-23,3363,上詮,通信網路業,移出,突破失敗,661.0,83.0,,3,,,,,,,,,,,,,,,,,,,,2026-03
2026-03-23,3221,台嘉碩,通信網路業,移出,突破失敗,33.44,82.0,,3,,,,,,,,,,,,,,,,,,,,2026-03
2026-03-24,7610,聯友金屬,綠能環保,進榜,觸發,293.41,98.0,6.0,0,,79.0,1.8,602.7,4.4,,,,,300.4,2.4,74.8,1.0,586.3,3.5,,,,,2026-03
2026-03-24,7610,聯友金屬,綠能環保,觸發,進榜即觸發,293.41,98.0,6.0,0,293.41,79.0,1.8,602.7,4.4,,,,,300.4,2.4,74.8,1.0,586.3,3.5,,,,,2026-03
2026-03-24,3221,台嘉碩,通信網路業,進榜,觸發,36.77,87.0,1.0,0,,22.9,1.8,59.9,4.4,,,,,39.7,8.0,13.8,1.0,48.1,3.5,,,,,2026-03
2026-03-24,3221,台嘉碩,通信網路業,觸發,進榜即觸發,36.77,87.0,1.0,0,36.77,22.9,1.8,59.9,4.4,,,,,39.7,8.0,13.8,1.0,48.1,3.5,,,,,2026-03
2026-03-24,6830,汎銓,其他電子業,移出,離高點太遠,409.88,93.0,,43,,,,,,,,,,,,,,,,,,,,2026-03
2026-03-24,7728,光焱科技,其他電子業,移出,離高點太遠,788.39,91.0,,1,,,,,,,,,,,,,,,,,,,,2026-03
2026-03-24,6683,雍智科技,半導體業,移出,離高點太遠,1094.44,95.0,,18,,,,,,,,,,,,,,,,,,,,2026-03
2026-03-24,4542,科嶠,電子零組件業,移出,離高點太遠,175.55,94.0,,12,,,,,,,,,,,,,,,,,,,,2026-03
2026-03-24,3595,山太士,光電業,移出,離高點太遠,1600.0,99.0,,11,,,,,,,,,,,,,,,,,,,,2026-03
2026-03-24,2337,旺宏,半導體業,移出,離高點太遠,136.5,100.0,,7,,,,,,,,,,,,,,,,,,,,2026-03
2026-03-24,2367,燿華,電子工業,移出,離高點太遠,67.92,94.0,,7,,,,,,,,,,,,,,,,,,,,2026-03
2026-03-24,2495,普安,其他電子業,移出,離高點太遠,35.5,77.0,,6,,,,,,,,,,,,,,,,,,,,2026-03
2026-03-24,3049,精金,電子工業,移出,離高點太遠,14.6,91.0,,6,,,,,,,,,,,,,,,,,,,,2026-03
2026-03-24,6127,九豪,電子零組件業,移出,離高點太遠,40.25,87.0,,5,,,,,,,,,,,,,,,,,,,,2026-03
2026-03-24,3135,凌航,半導體業,移出,離高點太遠,123.74,99.0,,5,,,,,,,,,,,,,,,,,,,,2026-03
2026-03-24,2399,映泰,電子工業,移出,離高點太遠,30.9,73.0,,5,,,,,,,,,,,,,,,,,,,,2026-03
2026-03-24,2369,菱生,電子工業,移出,離高點太遠,32.65,82.0,,4,,,,,,,,,,,,,,,,,,,,2026-03
2026-03-24,8064,東捷,光電業,移出,離高點太遠,64.13,74.0,,8,,,,,,,,,,,,,,,,,,,,2026-03
2026-03-24,6530,創威,通信網路業,移出,掉出掃描母體,95.54,71.0,,1,,,,,,,,,,,,,,,,,,,,2026-03
2026-03-25,3017,奇鋐,電子工業,進榜,觸發,2085.55,85.0,4.0,0,,40.2,0.3,15.5,2.3,,,,,2184.9,4.8,33.9,0.3,10.2,2.2,,,,,2026-03
2026-03-25,3017,奇鋐,電子工業,觸發,進榜即觸發,2085.55,85.0,4.0,0,2085.55,40.2,0.3,15.5,2.3,,,,,2184.9,4.8,33.9,0.3,10.2,2.2,,,,,2026-03
2026-03-25,2455,全新,通信網路業,進榜,觸發,264.7,83.0,4.0,0,,29.8,0.3,49.3,2.3,,,,,272.2,2.8,26.3,0.3,45.3,2.2,,,,,2026-03
2026-03-25,2455,全新,通信網路業,觸發,進榜即觸發,264.7,83.0,4.0,0,264.7,29.8,0.3,49.3,2.3,,,,,272.2,2.8,26.3,0.3,45.3,2.2,,,,,2026-03
2026-03-25,3026,禾伸堂,電子工業,進榜,觸發,132.64,71.0,2.0,0,,61.8,0.3,509.2,2.3,,,,,145.6,9.7,47.4,0.3,455.1,2.2,,,,,2026-03
2026-03-25,3026,禾伸堂,電子工業,觸發,進榜即觸發,132.64,71.0,2.0,0,132.64,61.8,0.3,509.2,2.3,,,,,145.6,9.7,47.4,0.3,455.1,2.2,,,,,2026-03
2026-03-25,4991,環宇-KY,半導體業,進榜,準備,437.0,94.0,3.0,0,,36.4,0.3,22.7,2.3,,,,,439.5,0.6,35.6,0.3,22.0,2.2,,,,,2026-03
2026-03-25,6788,華景電,半導體業,進榜,準備,386.86,75.0,3.0,0,,14.5,0.3,10.9,2.3,,,,,390.7,1.0,13.3,0.3,9.8,2.2,,,,,2026-03
2026-03-25,3533,嘉澤,電子工業,進榜,準備,2112.54,73.0,2.0,0,,17.2,0.3,4.0,2.3,,,,,2181.3,3.3,13.5,0.3,0.7,2.2,,,,,2026-03
2026-03-25,7750,新代,電機機械,移出,掉出掃描母體,1239.13,72.0,,42,,,,,,,,,,,,,,,,,,,,2026-03
2026-03-25,1304,台聚,塑膠工業,移出,掉出掃描母體,15.18,71.0,,2,,,,,,,,,,,,,,,,,,,,2026-03
2026-03-26,3081,聯亞,通信網路業,進榜,觸發,1533.97,97.0,5.0,0,,50.3,0.0,27.5,2.5,,,,,1465.9,-4.4,57.3,0.4,33.4,3.0,,,,,2026-03
2026-03-26,3081,聯亞,通信網路業,觸發,進榜即觸發,1533.97,97.0,5.0,0,1533.97,50.3,0.0,27.5,2.5,,,,,1465.9,-4.4,57.3,0.4,33.4,3.0,,,,,2026-03
2026-03-26,6683,雍智科技,半導體業,進榜,準備,1253.63,97.0,3.0,0,,35.7,0.0,54.0,2.5,,,,,1208.9,-3.6,40.7,0.4,59.7,3.0,,,,,2026-03
2026-03-26,2313,華通,電子工業,進榜,準備,241.32,96.0,3.0,0,,-4.1,0.0,-0.5,2.5,,,,,236.4,-2.0,-2.1,0.4,1.5,3.0,,,,,2026-03
2026-03-26,6788,華景電,半導體業,移出,掉出掃描母體,386.86,75.0,,1,,,,,,,,,,,,,,,,,,,,2026-03
2026-03-26,4967,十銓,半導體業,移出,離高點太遠,222.31,93.0,,8,,,,,,,,,,,,,,,,,,,,2026-03
2026-03-26,5452,佶優,其他電子類,移出,掉出掃描母體,35.62,72.0,,6,,,,,,,,,,,,,,,,,,,,2026-03
2026-03-26,7795,長廣,電子零組件業,移出,離高點太遠,377.06,79.0,,6,,,,,,,,,,,,,,,,,,,,2026-03
2026-03-26,3221,台嘉碩,通信網路業,移出,離高點太遠,32.64,80.0,,2,,,,,,,,,,,,,,,,,,,,2026-03
2026-03-26,2345,智邦,通信網路業,移出,掉出掃描母體,1671.77,74.0,,8,,,,,,,,,,,,,,,,,,,,2026-03
2026-03-27,4971,IET-KY,半導體業,進榜,觸發,576.78,96.0,4.0,0,,30.6,0.3,-10.4,2.3,,,,,586.8,1.7,28.4,1.5,-11.9,3.4,,,,,2026-03
2026-03-27,4971,IET-KY,半導體業,觸發,進榜即觸發,576.78,96.0,4.0,0,576.78,30.6,0.3,-10.4,2.3,,,,,586.8,1.7,28.4,1.5,-11.9,3.4,,,,,2026-03
2026-03-27,1309,台達化,塑膠工業,進榜,觸發,21.93,87.0,1.0,0,,-12.4,0.3,-33.9,2.3,,,,,24.1,9.9,-20.3,1.5,-39.8,3.4,,,,,2026-03
2026-03-27,1309,台達化,塑膠工業,觸發,進榜即觸發,21.93,87.0,1.0,0,21.93,-12.4,0.3,-33.9,2.3,,,,,24.1,9.9,-20.3,1.5,-39.8,3.4,,,,,2026-03
2026-03-27,3105,穩懋,半導體業,進榜,準備,380.9,98.0,1.0,0,,30.6,0.3,21.6,2.3,,,,,371.4,-2.5,33.9,1.5,24.7,3.4,,,,,2026-03
2026-03-27,4958,臻鼎-KY,電子零組件業,進榜,準備,228.44,71.0,3.0,0,,71.3,0.3,163.5,2.3,,,,,224.0,-2.0,74.7,1.5,168.8,3.4,,,,,2026-03
2026-03-27,2419,仲琦,通信網路業,進榜,準備,35.4,70.0,2.0,0,,-11.4,0.3,-20.8,2.3,,,,,33.9,-4.2,-7.5,1.5,-17.3,3.4,,,,,2026-03
2026-03-27,6683,雍智科技,半導體業,觸發,等待後觸發,1378.0,98.0,3.0,1,1288.45,33.2,0.3,36.1,2.3,,,,,1452.6,5.4,26.4,1.5,29.1,3.4,,,,,2026-03
2026-03-27,2313,華通,電子工業,觸發,等待後觸發,265.4,97.0,3.0,1,248.69,-11.3,0.3,-12.2,2.3,,,,,264.4,-0.4,-11.0,1.5,-11.9,3.4,,,,,2026-03
2026-03-30,6588,東典光電,通信網路業,進榜,觸發,129.5,98.0,5.0,0,,5.8,1.3,-30.0,1.2,,,,,128.0,-1.2,7.0,1.8,-29.1,1.5,,,,,2026-03
2026-03-30,6588,東典光電,通信網路業,觸發,進榜即觸發,129.5,98.0,5.0,0,129.5,5.8,1.3,-30.0,1.2,,,,,128.0,-1.2,7.0,1.8,-29.1,1.5,,,,,2026-03
2026-03-30,3167,大量,電機機械,進榜,觸發,407.03,88.0,4.0,0,,99.0,1.3,87.0,1.2,,,,,407.0,0.0,99.0,1.8,87.0,1.5,,,,,2026-03
2026-03-30,3167,大量,電機機械,觸發,進榜即觸發,407.03,88.0,4.0,0,407.03,99.0,1.3,87.0,1.2,,,,,407.0,0.0,99.0,1.8,87.0,1.5,,,,,2026-03
2026-03-30,1304,台聚,塑膠工業,進榜,觸發,17.6,80.0,1.0,0,,-22.8,1.3,-25.8,1.2,,,,,19.2,9.3,-29.3,1.8,-32.1,1.5,,,,,2026-03
2026-03-30,1304,台聚,塑膠工業,觸發,進榜即觸發,17.6,80.0,1.0,0,17.6,-22.8,1.3,-25.8,1.2,,,,,19.2,9.3,-29.3,1.8,-32.1,1.5,,,,,2026-03
2026-03-30,8027,鈦昇,電機機械,進榜,觸發,144.0,72.0,2.0,0,,22.2,1.3,45.8,1.2,,,,,144.0,0.0,22.2,1.8,45.8,1.5,,,,,2026-03
2026-03-30,8027,鈦昇,電機機械,觸發,進榜即觸發,144.0,72.0,2.0,0,144.0,22.2,1.3,45.8,1.2,,,,,144.0,0.0,22.2,1.8,45.8,1.5,,,,,2026-03
2026-03-30,6727,亞泰金屬,電子零組件業,進榜,準備,324.46,83.0,2.0,0,,19.4,1.3,21.2,1.2,,,,,316.1,-2.6,22.5,1.8,24.4,1.5,,,,,2026-03
2026-03-30,1305,華夏,塑膠工業,進榜,準備,18.26,78.0,3.0,0,,-23.1,1.3,-29.3,1.2,,,,,19.4,6.5,-27.8,1.8,-33.7,1.5,,,,,2026-03
2026-03-30,1326,台化,塑膠工業,進榜,準備,48.1,78.0,3.0,0,,7.9,1.3,12.7,1.2,,,,,49.6,3.2,4.6,1.8,9.2,1.5,,,,,2026-03
2026-03-30,1308,亞聚,塑膠工業,進榜,準備,19.13,77.0,2.0,0,,-25.0,1.3,-29.1,1.2,,,,,20.3,5.9,-29.2,1.8,-33.1,1.5,,,,,2026-03
2026-03-30,3665,貿聯-KY,其他電子業,進榜,準備,1863.92,75.0,3.0,0,,47.9,1.3,-1.3,1.2,,,,,1849.1,-0.8,49.1,1.8,-0.5,1.5,,,,,2026-03
2026-03-30,7734,印能科技,半導體業,觸發,等待後觸發,2012.4,89.0,2.0,12,1932.9,61.0,1.3,50.4,1.2,,,,,2067.1,2.7,56.7,1.8,46.4,1.5,,,,,2026-03
2026-03-30,4958,臻鼎-KY,電子零組件業,移出,掉出掃描母體,228.44,71.0,,3,,,,,,,,,,,,,,,,,,,,2026-03
2026-03-30,3028,增你強,電子工業,移出,晚期未觸發,47.94,72.0,,12,,,,,,,,,,,,,,,,,,,,2026-03
2026-03-31,2419,仲琦,通信網路業,移出,掉出掃描母體,34.7,70.0,,4,,,,,,,,,,,,,,,,,,,,2026-03
2026-03-31,6515,穎崴,電子工業,移出,離高點太遠,7097.51,99.0,,81,,,,,,,,,,,,,,,,,,,,2026-03
2026-03-31,6187,萬潤,其他電子類,移出,離高點太遠,799.83,94.0,,34,,,,,,,,,,,,,,,,,,,,2026-03
2026-03-31,3036,文曄,電子工業,移出,離高點太遠,210.98,80.0,,27,,,,,,,,,,,,,,,,,,,,2026-03
2026-03-31,2368,金像電,電子零組件業,移出,離高點太遠,853.96,82.0,,20,,,,,,,,,,,,,,,,,,,,2026-03
2026-03-31,6739,竹陞科技,其他電子業,移出,離高點太遠,1091.94,78.0,,19,,,,,,,,,,,,,,,,,,,,2026-03
2026-03-31,2360,致茂,其他電子業,移出,離高點太遠,1452.71,94.0,,18,,,,,,,,,,,,,,,,,,,,2026-03
2026-03-31,6451,訊芯-KY,半導體業,移出,離高點太遠,295.85,87.0,,15,,,,,,,,,,,,,,,,,,,,2026-03
2026-03-31,7751,竑騰,電子工業,移出,離高點太遠,1380.0,95.0,,13,,,,,,,,,,,,,,,,,,,,2026-03
2026-03-31,8155,博智,電子零組件業,移出,離高點太遠,234.98,79.0,,13,,,,,,,,,,,,,,,,,,,,2026-03
2026-03-31,3533,嘉澤,電子工業,移出,掉出掃描母體,2181.32,74.0,,6,,,,,,,,,,,,,,,,,,,,2026-03
2026-03-31,4991,環宇-KY,半導體業,移出,離高點太遠,390.0,94.0,,6,,,,,,,,,,,,,,,,,,,,2026-03
2026-03-31,2455,全新,通信網路業,移出,離高點太遠,244.84,81.0,,6,,,,,,,,,,,,,,,,,,,,2026-03
2026-03-31,3167,大量,電機機械,移出,離高點太遠,366.72,86.0,,1,,,,,,,,,,,,,,,,,,,,2026-03
2026-04-01,6830,汎銓,其他電子業,進榜,觸發,513.22,97.0,1.0,0,,80.2,1.4,-3.3,2.9,,,,,532.2,3.7,73.8,1.3,-6.7,3.0,,,,,2026-04
2026-04-01,6830,汎銓,其他電子業,觸發,進榜即觸發,513.22,97.0,1.0,0,513.22,80.2,1.4,-3.3,2.9,,,,,532.2,3.7,73.8,1.3,-6.7,3.0,,,,,2026-04
2026-04-01,4906,正文,通信網路業,進榜,觸發,39.22,75.0,1.0,0,,-13.6,1.4,8.9,2.9,,,,,41.1,4.8,-17.6,1.3,3.9,3.0,,,,,2026-04
2026-04-01,4906,正文,通信網路業,觸發,進榜即觸發,39.22,75.0,1.0,0,39.22,-13.6,1.4,8.9,2.9,,,,,41.1,4.8,-17.6,1.3,3.9,3.0,,,,,2026-04
2026-04-01,6213,聯茂,電子工業,進榜,觸發,161.64,72.0,2.0,0,,77.9,1.4,127.3,2.9,,,,,166.1,2.8,73.1,1.3,121.2,3.0,,,,,2026-04
2026-04-01,6213,聯茂,電子工業,觸發,進榜即觸發,161.64,72.0,2.0,0,161.64,77.9,1.4,127.3,2.9,,,,,166.1,2.8,73.1,1.3,121.2,3.0,,,,,2026-04
2026-04-01,3221,台嘉碩,通信網路業,進榜,準備,38.61,86.0,2.0,0,,12.1,1.4,51.0,2.9,,,,,38.5,-0.3,12.4,1.3,51.4,3.0,,,,,2026-04
2026-04-01,1582,信錦,電子工業,進榜,準備,104.47,78.0,1.0,0,,-13.0,1.4,-20.2,2.9,,,,,107.4,2.8,-15.3,1.3,-22.3,3.0,,,,,2026-04
2026-04-01,2419,仲琦,通信網路業,進榜,準備,35.15,73.0,1.0,0,,-12.8,1.4,-19.6,2.9,,,,,35.6,1.4,-14.0,1.3,-20.8,3.0,,,,,2026-04
2026-04-01,2484,希華,電子工業,進榜,準備,30.96,72.0,3.0,0,,32.8,1.4,132.3,2.9,,,,,31.7,2.4,29.7,1.3,126.9,3.0,,,,,2026-04
2026-04-01,4960,誠美材,電子工業,移出,離高點太遠,21.9,78.0,,20,,,,,,,,,,,,,,,,,,,,2026-04
2026-04-01,1305,華夏,塑膠工業,移出,離高點太遠,16.77,73.0,,2,,,,,,,,,,,,,,,,,,,,2026-04
2026-04-01,1308,亞聚,塑膠工業,移出,離高點太遠,17.65,72.0,,2,,,,,,,,,,,,,,,,,,,,2026-04
2026-04-02,5475,德宏,電子零組件業,進榜,觸發,246.5,99.0,3.0,0,,57.4,2.8,-6.7,3.8,,,,,256.5,4.1,51.3,2.5,-10.3,3.4,,,,,2026-04
2026-04-02,5475,德宏,電子零組件業,觸發,進榜即觸發,246.5,99.0,3.0,0,246.5,57.4,2.8,-6.7,3.8,,,,,256.5,4.1,51.3,2.5,-10.3,3.4,,,,,2026-04
2026-04-02,3167,大量,電機機械,進榜,觸發,443.35,93.0,4.0,0,,72.8,2.8,89.0,3.8,,,,,481.7,8.6,59.1,2.5,74.0,3.4,,,,,2026-04
2026-04-02,3167,大量,電機機械,觸發,進榜即觸發,443.35,93.0,4.0,0,443.35,72.8,2.8,89.0,3.8,,,,,481.7,8.6,59.1,2.5,74.0,3.4,,,,,2026-04
2026-04-02,6147,頎邦,半導體業,進榜,觸發,82.97,77.0,1.0,0,,111.3,2.8,164.0,3.8,,,,,89.9,8.3,95.1,2.5,143.7,3.4,,,,,2026-04
2026-04-02,6147,頎邦,半導體業,觸發,進榜即觸發,82.97,77.0,1.0,0,82.97,111.3,2.8,164.0,3.8,,,,,89.9,8.3,95.1,2.5,143.7,3.4,,,,,2026-04
2026-04-02,3455,由田,光電業,進榜,準備,137.13,73.0,2.0,0,,111.2,2.8,70.1,3.8,,,,,150.5,9.7,92.5,2.5,55.1,3.4,,,,,2026-04
2026-04-02,3714,富采,電子工業,進榜,準備,53.42,73.0,3.0,0,,37.6,2.8,16.8,3.8,,,,,54.6,2.2,34.7,2.5,14.3,3.4,,,,,2026-04
2026-04-02,6727,亞泰金屬,電子零組件業,觸發,等待後觸發,354.14,87.0,2.0,3,325.95,13.7,2.8,17.6,3.8,,,,,375.4,6.0,7.2,2.5,10.9,3.4,,,,,2026-04
2026-04-02,2419,仲琦,通信網路業,移出,掉出掃描母體,35.15,73.0,,1,,,,,,,,,,,,,,,,,,,,2026-04
2026-04-02,3715,定穎投控,電子零組件業,移出,離高點太遠,170.92,83.0,,20,,,,,,,,,,,,,,,,,,,,2026-04
2026-04-07,3163,波若威,通信網路業,進榜,觸發,887.27,99.0,6.0,0,,8.6,2.5,-25.8,4.1,,,,,942.5,6.2,2.3,1.8,-30.2,3.5,,,,,2026-04
2026-04-07,3163,波若威,通信網路業,觸發,進榜即觸發,887.27,99.0,6.0,0,887.27,8.6,2.5,-25.8,4.1,,,,,942.5,6.2,2.3,1.8,-30.2,3.5,,,,,2026-04
2026-04-07,7751,竑騰,電子工業,進榜,觸發,1830.0,96.0,3.0,0,,30.6,2.5,-23.0,4.1,,,,,1945.0,6.3,22.9,1.8,-27.5,3.5,,,,,2026-04
2026-04-07,7751,竑騰,電子工業,觸發,進榜即觸發,1830.0,96.0,3.0,0,1830.0,30.6,2.5,-23.0,4.1,,,,,1945.0,6.3,22.9,1.8,-27.5,3.5,,,,,2026-04
2026-04-07,8438,昶昕,其他,進榜,觸發,77.18,96.0,3.0,0,,14.2,2.5,29.6,4.1,,,,,78.9,2.2,11.7,1.8,26.9,3.5,,,,,2026-04
2026-04-07,8438,昶昕,其他,觸發,進榜即觸發,77.18,96.0,3.0,0,77.18,14.2,2.5,29.6,4.1,,,,,78.9,2.2,11.7,1.8,26.9,3.5,,,,,2026-04
2026-04-07,6285,啟碁,通信網路業,進榜,觸發,193.74,83.0,4.0,0,,18.3,2.5,33.2,4.1,,,,,208.5,7.6,9.9,1.8,23.7,3.5,,,,,2026-04
2026-04-07,6285,啟碁,通信網路業,觸發,進榜即觸發,193.74,83.0,4.0,0,193.74,18.3,2.5,33.2,4.1,,,,,208.5,7.6,9.9,1.8,23.7,3.5,,,,,2026-04
2026-04-07,4991,環宇-KY,半導體業,進榜,準備,470.5,94.0,3.0,0,,54.1,2.5,11.8,4.1,,,,,508.0,8.0,42.7,1.8,3.5,3.5,,,,,2026-04
2026-04-07,6739,竹陞科技,其他電子業,進榜,準備,1398.28,85.0,3.0,0,,2.8,2.5,-14.2,4.1,,,,,1536.6,9.9,-6.4,1.8,-21.9,3.5,,,,,2026-04
2026-04-07,3455,由田,光電業,觸發,等待後觸發,150.45,78.0,2.0,5,137.13,95.4,2.5,70.5,4.1,,,,,165.2,9.8,77.9,1.8,55.2,3.5,,,,,2026-04
2026-04-07,3714,富采,電子工業,移出,掉出掃描母體,53.42,73.0,,5,,,,,,,,,,,,,,,,,,,,2026-04
2026-04-07,5291,邑昇,電子零組件業,移出,離高點太遠,66.31,95.0,,15,,,,,,,,,,,,,,,,,,,,2026-04
2026-04-07,2484,希華,電子工業,移出,掉出掃描母體,30.07,71.0,,6,,,,,,,,,,,,,,,,,,,,2026-04
2026-04-07,4906,正文,通信網路業,移出,掉出掃描母體,38.88,74.0,,6,,,,,,,,,,,,,,,,,,,,2026-04
2026-04-08,6715,嘉基,電子工業,進榜,觸發,371.12,98.0,1.0,0,,23.9,1.5,30.3,4.3,,,,,393.8,6.1,16.8,1.4,22.8,4.2,,,,,2026-04
2026-04-08,6715,嘉基,電子工業,觸發,進榜即觸發,371.12,98.0,1.0,0,371.12,23.9,1.5,30.3,4.3,,,,,393.8,6.1,16.8,1.4,22.8,4.2,,,,,2026-04
2026-04-08,3037,欣興,電子工業,進榜,觸發,618.73,97.0,1.0,0,,44.5,1.5,56.3,4.3,,,,,622.7,0.6,43.6,1.4,55.3,4.2,,,,,2026-04
2026-04-08,3037,欣興,電子工業,觸發,進榜即觸發,618.73,97.0,1.0,0,618.73,44.5,1.5,56.3,4.3,,,,,622.7,0.6,43.6,1.4,55.3,4.2,,,,,2026-04
2026-04-08,8021,尖點,其他電子業,進榜,觸發,291.81,94.0,4.0,0,,45.2,1.5,90.4,4.3,,,,,289.8,-0.7,46.2,1.4,91.8,4.2,,,,,2026-04
2026-04-08,8021,尖點,其他電子業,觸發,進榜即觸發,291.81,94.0,4.0,0,291.81,45.2,1.5,90.4,4.3,,,,,289.8,-0.7,46.2,1.4,91.8,4.2,,,,,2026-04
2026-04-08,6257,矽格,半導體業,進榜,觸發,167.85,81.0,5.0,0,,24.9,1.5,49.3,4.3,,,,,169.8,1.2,23.5,1.4,47.5,4.2,,,,,2026-04
2026-04-08,6257,矽格,半導體業,觸發,進榜即觸發,167.85,81.0,5.0,0,167.85,24.9,1.5,49.3,4.3,,,,,169.8,1.2,23.5,1.4,47.5,4.2,,,,,2026-04
2026-04-08,2399,映泰,電子工業,進榜,觸發,37.95,80.0,1.0,0,,14.6,1.5,31.8,4.3,,,,,36.6,-3.4,18.7,1.4,36.4,4.2,,,,,2026-04
2026-04-08,2399,映泰,電子工業,觸發,進榜即觸發,37.95,80.0,1.0,0,37.95,14.6,1.5,31.8,4.3,,,,,36.6,-3.4,18.7,1.4,36.4,4.2,,,,,2026-04
2026-04-08,6944,兆聯實業,綠能環保,進榜,觸發,677.85,75.0,6.0,0,,9.9,1.5,10.7,4.3,,,,,685.4,1.1,8.7,1.4,9.5,4.2,,,,,2026-04
2026-04-08,6944,兆聯實業,綠能環保,觸發,進榜即觸發,677.85,75.0,6.0,0,677.85,9.9,1.5,10.7,4.3,,,,,685.4,1.1,8.7,1.4,9.5,4.2,,,,,2026-04
2026-04-08,2419,仲琦,通信網路業,進榜,觸發,36.95,74.0,1.0,0,,-16.9,1.5,-19.6,4.3,,,,,39.5,6.9,-22.3,1.4,-24.8,4.2,,,,,2026-04
2026-04-08,2419,仲琦,通信網路業,觸發,進榜即觸發,36.95,74.0,1.0,0,36.95,-16.9,1.5,-19.6,4.3,,,,,39.5,6.9,-22.3,1.4,-24.8,4.2,,,,,2026-04
2026-04-08,4958,臻鼎-KY,電子零組件業,進榜,觸發,245.82,74.0,4.0,0,,72.5,1.5,149.4,4.3,,,,,248.8,1.2,70.5,1.4,146.4,4.2,,,,,2026-04
2026-04-08,4958,臻鼎-KY,電子零組件業,觸發,進榜即觸發,245.82,74.0,4.0,0,245.82,72.5,1.5,149.4,4.3,,,,,248.8,1.2,70.5,1.4,146.4,4.2,,,,,2026-04
2026-04-08,3265,台星科,半導體業,進榜,觸發,154.56,71.0,2.0,0,,17.1,1.5,19.7,4.3,,,,,157.0,1.6,15.3,1.4,17.8,4.2,,,,,2026-04
2026-04-08,3265,台星科,半導體業,觸發,進榜即觸發,154.56,71.0,2.0,0,154.56,17.1,1.5,19.7,4.3,,,,,157.0,1.6,15.3,1.4,17.8,4.2,,,,,2026-04
2026-04-08,2472,立隆電,電子工業,進榜,觸發,138.4,70.0,4.0,0,,43.4,1.5,202.5,4.3,,,,,139.9,1.1,41.9,1.4,199.3,4.2,,,,,2026-04
2026-04-08,2472,立隆電,電子工業,觸發,進榜即觸發,138.4,70.0,4.0,0,138.4,43.4,1.5,202.5,4.3,,,,,139.9,1.1,41.9,1.4,199.3,4.2,,,,,2026-04
2026-04-08,6187,萬潤,其他電子類,進榜,準備,967.7,94.0,2.0,0,,15.3,1.5,5.1,4.3,,,,,948.9,-1.9,17.6,1.4,7.2,4.2,,,,,2026-04
2026-04-08,1717,長興,化學工業,進榜,準備,66.06,77.0,3.0,0,,20.3,1.5,23.5,4.3,,,,,66.6,0.7,19.4,1.4,22.6,4.2,,,,,2026-04
2026-04-08,3583,辛耘,半導體業,進榜,準備,551.87,76.0,1.0,0,,43.1,1.5,52.8,4.3,,,,,566.7,2.7,39.3,1.4,48.8,4.2,,,,,2026-04
2026-04-08,3533,嘉澤,電子工業,進榜,準備,2191.15,73.0,1.0,0,,27.8,1.5,-2.5,4.3,,,,,2343.4,7.0,19.5,1.4,-8.8,4.2,,,,,2026-04
2026-04-08,2351,順德,電子工業,進榜,準備,117.22,72.0,1.0,0,,41.1,1.5,75.8,4.3,,,,,116.2,-0.8,42.3,1.4,77.4,4.2,,,,,2026-04
2026-04-08,1560,中砂,電機機械,進榜,準備,497.66,70.0,3.0,0,,15.2,1.5,50.9,4.3,,,,,502.6,1.0,14.0,1.4,49.4,4.2,,,,,2026-04
2026-04-08,2308,台達電,電子工業,觸發,等待後觸發,1656.34,82.0,3.0,22,1472.3,36.9,1.5,25.3,4.3,,,,,1676.2,1.2,35.3,1.4,23.8,4.2,,,,,2026-04
2026-04-08,2605,新興,航運業,移出,離高點太遠,37.45,76.0,,22,,,,,,,,,,,,,,,,,,,,2026-04
2026-04-08,1304,台聚,塑膠工業,移出,離高點太遠,15.82,73.0,,9,,,,,,,,,,,,,,,,,,,,2026-04
2026-04-08,8027,鈦昇,電機機械,移出,掉出掃描母體,151.5,75.0,,9,,,,,,,,,,,,,,,,,,,,2026-04
2026-04-09,3234,光環,通信網路業,進榜,觸發,100.05,93.0,3.0,0,,-6.7,1.2,23.8,4.5,,,,,102.4,2.4,-8.8,1.1,20.9,4.3,,,,,2026-04
2026-04-09,3234,光環,通信網路業,觸發,進榜即觸發,100.05,93.0,3.0,0,100.05,-6.7,1.2,23.8,4.5,,,,,102.4,2.4,-8.8,1.1,20.9,4.3,,,,,2026-04
2026-04-09,8996,高力,電機機械,進榜,觸發,1010.0,93.0,2.0,0,,0.5,1.2,41.1,4.5,,,,,1050.0,4.0,-3.3,1.1,35.7,4.3,,,,,2026-04
2026-04-09,8996,高力,電機機械,觸發,進榜即觸發,1010.0,93.0,2.0,0,1010.0,0.5,1.2,41.1,4.5,,,,,1050.0,4.0,-3.3,1.1,35.7,4.3,,,,,2026-04
2026-04-09,2426,鼎元,光電業,進榜,觸發,42.95,92.0,1.0,0,,57.0,1.2,84.4,4.5,,,,,47.2,10.0,42.7,1.1,67.6,4.3,,,,,2026-04
2026-04-09,2426,鼎元,光電業,觸發,進榜即觸發,42.95,92.0,1.0,0,42.95,57.0,1.2,84.4,4.5,,,,,47.2,10.0,42.7,1.1,67.6,4.3,,,,,2026-04
2026-04-09,6451,訊芯-KY,半導體業,進榜,觸發,392.8,92.0,3.0,0,,12.2,1.2,32.6,4.5,,,,,412.3,5.0,6.9,1.1,26.3,4.3,,,,,2026-04
2026-04-09,6451,訊芯-KY,半導體業,觸發,進榜即觸發,392.8,92.0,3.0,0,392.8,12.2,1.2,32.6,4.5,,,,,412.3,5.0,6.9,1.1,26.3,4.3,,,,,2026-04
2026-04-09,6903,巨漢,其他電子業,進榜,觸發,347.76,90.0,6.0,0,,18.7,1.2,12.9,4.5,,,,,375.6,8.0,9.9,1.1,4.5,4.3,,,,,2026-04
2026-04-09,6903,巨漢,其他電子業,觸發,進榜即觸發,347.76,90.0,6.0,0,347.76,18.7,1.2,12.9,4.5,,,,,375.6,8.0,9.9,1.1,4.5,4.3,,,,,2026-04
2026-04-09,2368,金像電,電子零組件業,進榜,觸發,1087.31,88.0,4.0,0,,21.5,1.2,12.7,4.5,,,,,1122.1,3.2,17.7,1.1,9.2,4.3,,,,,2026-04
2026-04-09,2368,金像電,電子零組件業,觸發,進榜即觸發,1087.31,88.0,4.0,0,1087.31,21.5,1.2,12.7,4.5,,,,,1122.1,3.2,17.7,1.1,9.2,4.3,,,,,2026-04
2026-04-09,2486,一詮,光電業,進榜,觸發,173.68,87.0,1.0,0,,61.8,1.2,49.4,4.5,,,,,180.2,3.7,56.0,1.1,44.0,4.3,,,,,2026-04
2026-04-09,2486,一詮,光電業,觸發,進榜即觸發,173.68,87.0,1.0,0,173.68,61.8,1.2,49.4,4.5,,,,,180.2,3.7,56.0,1.1,44.0,4.3,,,,,2026-04
2026-04-09,3264,欣銓,半導體業,進榜,觸發,176.98,84.0,5.0,0,,24.1,1.2,45.2,4.5,,,,,185.8,5.0,18.2,1.1,38.3,4.3,,,,,2026-04
2026-04-09,3264,欣銓,半導體業,觸發,進榜即觸發,176.98,84.0,5.0,0,176.98,24.1,1.2,45.2,4.5,,,,,185.8,5.0,18.2,1.1,38.3,4.3,,,,,2026-04
2026-04-09,3363,上詮,通信網路業,進榜,觸發,763.0,84.0,4.0,0,,6.2,1.2,-24.8,4.5,,,,,769.0,0.8,5.3,1.1,-25.4,4.3,,,,,2026-04
2026-04-09,3363,上詮,通信網路業,觸發,進榜即觸發,763.0,84.0,4.0,0,763.0,6.2,1.2,-24.8,4.5,,,,,769.0,0.8,5.3,1.1,-25.4,4.3,,,,,2026-04
2026-04-09,3028,增你強,電子工業,進榜,觸發,56.7,80.0,3.0,0,,32.6,1.2,38.6,4.5,,,,,58.9,3.8,27.7,1.1,33.5,4.3,,,,,2026-04
2026-04-09,3028,增你強,電子工業,觸發,進榜即觸發,56.7,80.0,3.0,0,56.7,32.6,1.2,38.6,4.5,,,,,58.9,3.8,27.7,1.1,33.5,4.3,,,,,2026-04
2026-04-09,3714,富采,電子工業,進榜,觸發,56.47,74.0,3.0,0,,24.1,1.2,13.5,4.5,,,,,58.1,2.8,20.7,1.1,10.4,4.3,,,,,2026-04
2026-04-09,3714,富采,電子工業,觸發,進榜即觸發,56.47,74.0,3.0,0,56.47,24.1,1.2,13.5,4.5,,,,,58.1,2.8,20.7,1.1,10.4,4.3,,,,,2026-04
2026-04-09,6217,中探針,電子零組件業,進榜,準備,215.0,99.0,3.0,0,,23.7,1.2,19.1,4.5,,,,,230.0,7.0,15.7,1.1,11.3,4.3,,,,,2026-04
2026-04-09,2360,致茂,其他電子業,進榜,準備,1824.57,94.0,3.0,0,,21.2,1.2,19.5,4.5,,,,,1913.8,4.9,15.5,1.1,13.9,4.3,,,,,2026-04
2026-04-09,8064,東捷,光電業,進榜,準備,77.73,80.0,2.0,0,,32.2,1.2,78.2,4.5,,,,,79.4,2.2,29.4,1.1,74.4,4.3,,,,,2026-04
2026-04-09,3498,陽程,其他電子類,進榜,準備,84.1,78.0,1.0,0,,11.2,1.2,47.4,4.5,,,,,90.0,7.0,3.9,1.1,37.8,4.3,,,,,2026-04
2026-04-09,3653,健策,電子工業,進榜,準備,4213.84,78.0,3.0,0,,-13.9,1.2,-21.7,4.5,,,,,4213.8,0.0,-13.9,1.1,-21.7,4.3,,,,,2026-04
2026-04-09,1785,光洋科,其他電子類,進榜,準備,103.26,76.0,3.0,0,,59.0,1.2,45.7,4.5,,,,,113.6,10.0,44.6,1.1,32.5,4.3,,,,,2026-04
2026-04-09,6672,騰輝電子-KY,電子工業,進榜,準備,150.68,74.0,3.0,0,,38.0,1.2,104.4,4.5,,,,,148.7,-1.3,39.9,1.1,107.1,4.3,,,,,2026-04
2026-04-09,4760,勤凱,其他電子類,進榜,準備,239.23,71.0,2.0,0,,17.8,1.2,36.1,4.5,,,,,240.2,0.4,17.3,1.1,35.5,4.3,,,,,2026-04
2026-04-09,1717,長興,化學工業,觸發,等待後觸發,72.66,81.0,3.0,1,67.83,6.9,1.2,17.5,4.5,,,,,76.4,5.1,1.7,1.1,11.8,4.3,,,,,2026-04
2026-04-09,6584,南俊國際,電子零組件業,移出,離高點太遠,589.0,87.0,,21,,,,,,,,,,,,,,,,,,,,2026-04
2026-04-09,2351,順德,電子工業,移出,掉出掃描母體,117.22,72.0,,1,,,,,,,,,,,,,,,,,,,,2026-04
2026-04-09,1560,中砂,電機機械,移出,掉出掃描母體,497.66,70.0,,1,,,,,,,,,,,,,,,,,,,,2026-04
2026-04-09,2485,兆赫,通信網路業,移出,離高點太遠,69.9,98.0,,29,,,,,,,,,,,,,,,,,,,,2026-04
2026-04-09,1582,信錦,電子工業,移出,掉出掃描母體,101.56,75.0,,8,,,,,,,,,,,,,,,,,,,,2026-04
2026-04-09,3265,台星科,半導體業,移出,掉出掃描母體,154.56,71.0,,1,,,,,,,,,,,,,,,,,,,,2026-04
2026-04-10,4577,達航科技,其他電子類,進榜,觸發,127.5,95.0,6.0,0,,9.4,0.9,-32.5,2.7,,,,,140.0,9.8,-0.4,1.1,-38.6,2.9,,,,,2026-04
2026-04-10,4577,達航科技,其他電子類,觸發,進榜即觸發,127.5,95.0,6.0,0,127.5,9.4,0.9,-32.5,2.7,,,,,140.0,9.8,-0.4,1.1,-38.6,2.9,,,,,2026-04
2026-04-10,4989,榮科,電子零組件業,進榜,觸發,76.26,92.0,4.0,0,,17.2,0.9,31.0,2.7,,,,,76.5,0.4,16.8,1.1,30.5,2.9,,,,,2026-04
2026-04-10,4989,榮科,電子零組件業,觸發,進榜即觸發,76.26,92.0,4.0,0,76.26,17.2,0.9,31.0,2.7,,,,,76.5,0.4,16.8,1.1,30.5,2.9,,,,,2026-04
2026-04-10,6426,統新,通信網路業,進榜,觸發,197.0,90.0,3.0,0,,32.0,0.9,-7.1,2.7,,,,,211.0,7.1,23.2,1.1,-13.3,2.9,,,,,2026-04
2026-04-10,6426,統新,通信網路業,觸發,進榜即觸發,197.0,90.0,3.0,0,197.0,32.0,0.9,-7.1,2.7,,,,,211.0,7.1,23.2,1.1,-13.3,2.9,,,,,2026-04
2026-04-10,6442,光聖,通信網路業,進榜,觸發,2305.09,90.0,4.0,0,,-16.1,0.9,-33.8,2.7,,,,,2359.6,2.4,-18.1,1.1,-35.3,2.9,,,,,2026-04
2026-04-10,6442,光聖,通信網路業,觸發,進榜即觸發,2305.09,90.0,4.0,0,2305.09,-16.1,0.9,-33.8,2.7,,,,,2359.6,2.4,-18.1,1.1,-35.3,2.9,,,,,2026-04
2026-04-10,8240,華宏,光電業,進榜,觸發,61.85,76.0,1.0,0,,10.7,0.9,-19.5,2.7,,,,,61.9,0.0,10.7,1.1,-19.5,2.9,,,,,2026-04
2026-04-10,8240,華宏,光電業,觸發,進榜即觸發,61.85,76.0,1.0,0,61.85,10.7,0.9,-19.5,2.7,,,,,61.9,0.0,10.7,1.1,-19.5,2.9,,,,,2026-04
2026-04-10,3030,德律,其他電子業,進榜,觸發,296.43,74.0,3.0,0,,31.0,0.9,-0.1,2.7,,,,,301.3,1.7,28.9,1.1,-1.8,2.9,,,,,2026-04
2026-04-10,3030,德律,其他電子業,觸發,進榜即觸發,296.43,74.0,3.0,0,296.43,31.0,0.9,-0.1,2.7,,,,,301.3,1.7,28.9,1.1,-1.8,2.9,,,,,2026-04
2026-04-10,3532,台勝科,半導體業,進榜,觸發,165.14,74.0,2.0,0,,61.9,0.9,131.4,2.7,,,,,173.1,4.8,54.5,1.1,120.7,2.9,,,,,2026-04
2026-04-10,3532,台勝科,半導體業,觸發,進榜即觸發,165.14,74.0,2.0,0,165.14,61.9,0.9,131.4,2.7,,,,,173.1,4.8,54.5,1.1,120.7,2.9,,,,,2026-04
2026-04-10,6530,創威,通信網路業,進榜,準備,99.46,74.0,2.0,0,,8.9,0.9,-14.8,2.7,,,,,99.0,-0.5,9.4,1.1,-14.4,2.9,,,,,2026-04
2026-04-10,2351,順德,電子工業,進榜,準備,122.19,71.0,1.0,0,,54.9,0.9,73.6,2.7,,,,,122.2,0.0,54.9,1.1,73.6,2.9,,,,,2026-04
2026-04-10,6217,中探針,電子零組件業,觸發,等待後觸發,236.5,100.0,3.0,1,217.5,19.2,0.9,3.2,2.7,,,,,237.0,0.2,19.0,1.1,3.0,2.9,,,,,2026-04
2026-04-10,4760,勤凱,其他電子類,移出,掉出掃描母體,239.23,71.0,,1,,,,,,,,,,,,,,,,,,,,2026-04
2026-04-10,1309,台達化,塑膠工業,移出,離高點太遠,22.37,86.0,,14,,,,,,,,,,,,,,,,,,,,2026-04
2026-04-10,1326,台化,塑膠工業,移出,掉出掃描母體,45.08,71.0,,11,,,,,,,,,,,,,,,,,,,,2026-04
2026-04-10,2399,映泰,電子工業,移出,突破失敗,34.2,75.0,,2,,,,,,,,,,,,,,,,,,,,2026-04
2026-04-10,2419,仲琦,通信網路業,移出,掉出掃描母體,36.95,71.0,,2,,,,,,,,,,,,,,,,,,,,2026-04
2026-04-10,3714,富采,電子工業,移出,掉出掃描母體,56.47,74.0,,1,,,,,,,,,,,,,,,,,,,,2026-04
2026-04-13,3693,營邦,電腦及週邊設備業,進榜,觸發,613.05,90.0,3.0,0,,-4.7,0.1,-16.4,2.2,,,,,640.6,4.5,-8.8,0.0,-20.0,1.9,,,,,2026-04
2026-04-13,3693,營邦,電腦及週邊設備業,觸發,進榜即觸發,613.05,90.0,3.0,0,613.05,-4.7,0.1,-16.4,2.2,,,,,640.6,4.5,-8.8,0.0,-20.0,1.9,,,,,2026-04
2026-04-13,6949,沛爾生醫-創,創新版股票,進榜,觸發,711.0,81.0,4.0,0,,-4.4,0.1,35.0,2.2,,,,,735.0,3.4,-7.5,0.0,30.6,1.9,,,,,2026-04
2026-04-13,6949,沛爾生醫-創,創新版股票,觸發,進榜即觸發,711.0,81.0,4.0,0,711.0,-4.4,0.1,35.0,2.2,,,,,735.0,3.4,-7.5,0.0,30.6,1.9,,,,,2026-04
2026-04-13,3581,博磊,半導體業,進榜,觸發,81.53,74.0,3.0,0,,185.7,0.1,58.7,2.2,,,,,89.6,9.9,160.0,0.0,44.4,1.9,,,,,2026-04
2026-04-13,3581,博磊,半導體業,觸發,進榜即觸發,81.53,74.0,3.0,0,81.53,185.7,0.1,58.7,2.2,,,,,89.6,9.9,160.0,0.0,44.4,1.9,,,,,2026-04
2026-04-13,4908,前鼎,通信網路業,進榜,觸發,140.57,74.0,2.0,0,,67.5,0.1,20.1,2.2,,,,,147.0,4.6,60.1,0.0,14.9,1.9,,,,,2026-04
2026-04-13,4908,前鼎,通信網路業,觸發,進榜即觸發,140.57,74.0,2.0,0,140.57,67.5,0.1,20.1,2.2,,,,,147.0,4.6,60.1,0.0,14.9,1.9,,,,,2026-04
2026-04-13,3587,閎康,其他電子類,進榜,觸發,312.32,71.0,1.0,0,,21.4,0.1,-9.6,2.2,,,,,322.6,3.3,17.5,0.0,-12.5,1.9,,,,,2026-04
2026-04-13,3587,閎康,其他電子類,觸發,進榜即觸發,312.32,71.0,1.0,0,312.32,21.4,0.1,-9.6,2.2,,,,,322.6,3.3,17.5,0.0,-12.5,1.9,,,,,2026-04
2026-04-13,7742,天弘化,化學工業,進榜,準備,228.0,100.0,2.0,0,,-16.4,0.1,-39.9,2.2,,,,,211.2,-7.4,-9.8,0.0,-35.1,1.9,,,,,2026-04
2026-04-13,6515,穎崴,電子工業,進榜,準備,8497.16,97.0,3.0,0,,16.2,0.1,-10.0,2.2,,,,,8720.5,2.6,13.3,0.0,-12.3,1.9,,,,,2026-04
2026-04-13,1326,台化,塑膠工業,進榜,準備,49.39,73.0,2.0,0,,-5.8,0.1,31.0,2.2,,,,,49.3,-0.1,-5.7,0.0,31.1,1.9,,,,,2026-04
2026-04-13,3265,台星科,半導體業,進榜,準備,168.75,73.0,2.0,0,,3.5,0.1,-0.1,2.2,,,,,177.1,4.9,-1.4,0.0,-4.8,1.9,,,,,2026-04
2026-04-13,2484,希華,電子工業,進榜,準備,34.58,72.0,3.0,0,,11.5,0.1,164.5,2.2,,,,,37.0,6.9,4.3,0.0,147.5,1.9,,,,,2026-04
2026-04-13,4760,勤凱,其他電子類,進榜,準備,264.72,71.0,2.0,0,,11.5,0.1,22.8,2.2,,,,,265.2,0.2,11.3,0.0,22.6,1.9,,,,,2026-04
2026-04-13,6944,兆聯實業,綠能環保,移出,掉出掃描母體,711.14,74.0,,5,,,,,,,,,,,,,,,,,,,,2026-04
2026-04-13,2351,順德,電子工業,移出,掉出掃描母體,122.19,71.0,,3,,,,,,,,,,,,,,,,,,,,2026-04
2026-04-13,3533,嘉澤,電子工業,移出,掉出掃描母體,2230.45,72.0,,5,,,,,,,,,,,,,,,,,,,,2026-04
2026-04-13,6672,騰輝電子-KY,電子工業,移出,掉出掃描母體,146.77,70.0,,4,,,,,,,,,,,,,,,,,,,,2026-04
2026-04-14,4764,雙鍵,化學工業,進榜,觸發,181.5,96.0,4.0,0,,68.8,-0.2,80.0,1.5,,,,,181.0,-0.3,69.2,-0.7,80.5,1.2,,,,,2026-04
2026-04-14,4764,雙鍵,化學工業,觸發,進榜即觸發,181.5,96.0,4.0,0,181.5,68.8,-0.2,80.0,1.5,,,,,181.0,-0.3,69.2,-0.7,80.5,1.2,,,,,2026-04
2026-04-14,3443,創意,半導體業,進榜,觸發,3036.17,83.0,4.0,0,,74.8,-0.2,42.9,1.5,,,,,3135.7,3.3,69.2,-0.7,38.4,1.2,,,,,2026-04
2026-04-14,3443,創意,半導體業,觸發,進榜即觸發,3036.17,83.0,4.0,0,3036.17,74.8,-0.2,42.9,1.5,,,,,3135.7,3.3,69.2,-0.7,38.4,1.2,,,,,2026-04
2026-04-14,3289,宜特,其他電子類,進榜,觸發,186.45,73.0,1.0,0,,-6.6,-0.2,-14.1,1.5,,,,,186.4,0.0,-6.6,-0.7,-14.1,1.2,,,,,2026-04
2026-04-14,3289,宜特,其他電子類,觸發,進榜即觸發,186.45,73.0,1.0,0,186.45,-6.6,-0.2,-14.1,1.5,,,,,186.4,0.0,-6.6,-0.7,-14.1,1.2,,,,,2026-04
2026-04-14,3714,富采,電子工業,進榜,觸發,61.99,71.0,3.0,0,,11.3,-0.2,2.8,1.5,,,,,68.1,9.9,1.3,-0.7,-6.5,1.2,,,,,2026-04
2026-04-14,3714,富采,電子工業,觸發,進榜即觸發,61.99,71.0,3.0,0,61.99,11.3,-0.2,2.8,1.5,,,,,68.1,9.9,1.3,-0.7,-6.5,1.2,,,,,2026-04
2026-04-14,5246,勵威,半導體業,進榜,準備,230.0,100.0,3.0,0,,-11.3,-0.2,-43.5,1.5,,,,,198.8,-13.5,2.6,-0.7,-34.6,1.2,,,,,2026-04
2026-04-14,5243,乙盛-KY,電子工業,進榜,準備,127.0,72.0,3.0,0,,-18.9,-0.2,-23.0,1.5,,,,,129.0,1.6,-20.2,-0.7,-24.2,1.2,,,,,2026-04
2026-04-14,2484,希華,電子工業,移出,掉出掃描母體,34.58,72.0,,1,,,,,,,,,,,,,,,,,,,,2026-04
2026-04-14,4760,勤凱,其他電子類,移出,掉出掃描母體,264.72,71.0,,1,,,,,,,,,,,,,,,,,,,,2026-04
2026-04-14,6568,宏觀,半導體業,移出,離高點太遠,201.23,73.0,,64,,,,,,,,,,,,,,,,,,,,2026-04
2026-04-14,6739,竹陞科技,其他電子業,移出,晚期未觸發,1462.51,76.0,,7,,,,,,,,,,,,,,,,,,,,2026-04
2026-04-14,6217,中探針,電子零組件業,移出,離高點太遠,218.0,98.0,,5,,,,,,,,,,,,,,,,,,,,2026-04
2026-04-14,6530,創威,通信網路業,移出,掉出掃描母體,97.01,72.0,,4,,,,,,,,,,,,,,,,,,,,2026-04
2026-04-14,6442,光聖,通信網路業,移出,離高點太遠,2057.23,87.0,,4,,,,,,,,,,,,,,,,,,,,2026-04
2026-04-14,3587,閎康,其他電子類,移出,掉出掃描母體,312.32,71.0,,1,,,,,,,,,,,,,,,,,,,,2026-04
2026-04-15,8155,博智,電子零組件業,進榜,觸發,353.21,87.0,6.0,0,,16.7,-1.0,-3.0,0.4,,,,,336.0,-4.9,22.7,-1.2,1.9,0.4,,,,,2026-04
2026-04-15,8155,博智,電子零組件業,觸發,進榜即觸發,353.21,87.0,6.0,0,353.21,16.7,-1.0,-3.0,0.4,,,,,336.0,-4.9,22.7,-1.2,1.9,0.4,,,,,2026-04
2026-04-15,4979,華星光,通信網路業,進榜,觸發,530.27,85.0,5.0,0,,10.5,-1.0,-21.4,0.4,,,,,548.2,3.4,6.9,-1.2,-24.0,0.4,,,,,2026-04
2026-04-15,4979,華星光,通信網路業,觸發,進榜即觸發,530.27,85.0,5.0,0,530.27,10.5,-1.0,-21.4,0.4,,,,,548.2,3.4,6.9,-1.2,-24.0,0.4,,,,,2026-04
2026-04-15,4960,誠美材,電子工業,進榜,觸發,28.05,84.0,3.0,0,,20.0,-1.0,-16.8,0.4,,,,,30.7,9.4,9.6,-1.2,-23.9,0.4,,,,,2026-04
2026-04-15,4960,誠美材,電子工業,觸發,進榜即觸發,28.05,84.0,3.0,0,28.05,20.0,-1.0,-16.8,0.4,,,,,30.7,9.4,9.6,-1.2,-23.9,0.4,,,,,2026-04
2026-04-15,6739,竹陞科技,其他電子業,進榜,觸發,1605.8,82.0,4.0,0,,-18.2,-1.0,-34.6,0.4,,,,,1650.3,2.8,-20.4,-1.2,-36.4,0.4,,,,,2026-04
2026-04-15,6739,竹陞科技,其他電子業,觸發,進榜即觸發,1605.8,82.0,4.0,0,1605.8,-18.2,-1.0,-34.6,0.4,,,,,1650.3,2.8,-20.4,-1.2,-36.4,0.4,,,,,2026-04
2026-04-15,2495,普安,其他電子業,進榜,觸發,44.27,76.0,3.0,0,,-19.5,-1.0,4.9,0.4,,,,,43.9,-0.9,-18.7,-1.2,5.8,0.4,,,,,2026-04
2026-04-15,2495,普安,其他電子業,觸發,進榜即觸發,44.27,76.0,3.0,0,44.27,-19.5,-1.0,4.9,0.4,,,,,43.9,-0.9,-18.7,-1.2,5.8,0.4,,,,,2026-04
2026-04-15,6530,創威,通信網路業,進榜,觸發,102.4,74.0,1.0,0,,10.5,-1.0,-22.8,0.4,,,,,107.3,4.8,5.5,-1.2,-26.3,0.4,,,,,2026-04
2026-04-15,6530,創威,通信網路業,觸發,進榜即觸發,102.4,74.0,1.0,0,102.4,10.5,-1.0,-22.8,0.4,,,,,107.3,4.8,5.5,-1.2,-26.3,0.4,,,,,2026-04
2026-04-15,3673,TPK-KY,光電業,進榜,觸發,64.89,72.0,1.0,0,,-3.3,-1.0,17.3,0.4,,,,,67.8,4.5,-7.5,-1.2,12.2,0.4,,,,,2026-04
2026-04-15,3673,TPK-KY,光電業,觸發,進榜即觸發,64.89,72.0,1.0,0,64.89,-3.3,-1.0,17.3,0.4,,,,,67.8,4.5,-7.5,-1.2,12.2,0.4,,,,,2026-04
2026-04-15,2399,映泰,電子工業,進榜,準備,37.05,74.0,1.0,0,,27.4,-1.0,18.8,0.4,,,,,37.7,1.8,25.2,-1.2,16.7,0.4,,,,,2026-04
2026-04-15,3533,嘉澤,電子工業,進榜,準備,2333.62,72.0,1.0,0,,3.2,-1.0,-16.6,0.4,,,,,2387.7,2.3,0.8,-1.2,-18.5,0.4,,,,,2026-04
2026-04-15,6672,騰輝電子-KY,電子工業,進榜,準備,152.15,71.0,3.0,0,,28.2,-1.0,80.7,0.4,,,,,151.5,-0.4,28.7,-1.2,81.5,0.4,,,,,2026-04
2026-04-15,8027,鈦昇,電機機械,進榜,準備,156.0,71.0,3.0,0,,69.2,-1.0,54.5,0.4,,,,,160.5,2.9,64.5,-1.2,50.2,0.4,,,,,2026-04
2026-04-15,3221,台嘉碩,通信網路業,觸發,等待後觸發,41.35,77.0,2.0,14,39.7,0.7,-1.0,35.4,0.4,,,,,41.8,1.2,-0.5,-1.2,33.8,0.4,,,,,2026-04
2026-04-15,6187,萬潤,其他電子類,觸發,等待後觸發,1120.75,94.0,2.0,7,983.5,0.4,-1.0,-8.8,0.4,,,,,1115.8,-0.4,0.9,-1.2,-8.4,0.4,,,,,2026-04
2026-04-15,2360,致茂,其他電子業,觸發,等待後觸發,2003.06,95.0,3.0,6,1879.11,11.9,-1.0,-7.6,0.4,,,,,2062.6,3.0,8.7,-1.2,-10.3,0.4,,,,,2026-04
2026-04-15,5243,乙盛-KY,電子工業,移出,掉出掃描母體,127.0,72.0,,1,,,,,,,,,,,,,,,,,,,,2026-04
2026-04-15,3265,台星科,半導體業,移出,掉出掃描母體,171.68,72.0,,2,,,,,,,,,,,,,,,,,,,,2026-04
2026-04-15,3289,宜特,其他電子類,移出,掉出掃描母體,186.45,73.0,,1,,,,,,,,,,,,,,,,,,,,2026-04
2026-04-16,5340,建榮,電子零組件業,進榜,觸發,124.18,87.0,5.0,0,,-17.6,-2.4,-37.7,-0.8,,,,,122.2,-1.6,-16.3,-2.4,-36.7,-1.0,,,,,2026-04
2026-04-16,5340,建榮,電子零組件業,觸發,進榜即觸發,124.18,87.0,5.0,0,124.18,-17.6,-2.4,-37.7,-0.8,,,,,122.2,-1.6,-16.3,-2.4,-36.7,-1.0,,,,,2026-04
2026-04-16,8150,南茂,電子工業,進榜,觸發,72.77,84.0,3.0,0,,9.8,-2.4,42.9,-0.8,,,,,73.7,1.2,8.4,-2.4,41.2,-1.0,,,,,2026-04
2026-04-16,8150,南茂,電子工業,觸發,進榜即觸發,72.77,84.0,3.0,0,72.77,9.8,-2.4,42.9,-0.8,,,,,73.7,1.2,8.4,-2.4,41.2,-1.0,,,,,2026-04
2026-04-16,2484,希華,電子工業,進榜,觸發,39.93,78.0,3.0,0,,-7.4,-2.4,99.8,-0.8,,,,,43.3,8.6,-14.7,-2.4,84.0,-1.0,,,,,2026-04
2026-04-16,2484,希華,電子工業,觸發,進榜即觸發,39.93,78.0,3.0,0,39.93,-7.4,-2.4,99.8,-0.8,,,,,43.3,8.6,-14.7,-2.4,84.0,-1.0,,,,,2026-04
2026-04-16,4977,眾達-KY,電子工業,進榜,觸發,203.31,72.0,2.0,0,,5.6,-2.4,-31.5,-0.8,,,,,216.6,6.5,-0.9,-2.4,-35.7,-1.0,,,,,2026-04
2026-04-16,4977,眾達-KY,電子工業,觸發,進榜即觸發,203.31,72.0,2.0,0,203.31,5.6,-2.4,-31.5,-0.8,,,,,216.6,6.5,-0.9,-2.4,-35.7,-1.0,,,,,2026-04
2026-04-16,5498,凱崴,電子零組件業,進榜,準備,69.3,91.0,3.0,0,,1.7,-2.4,-21.1,-0.8,,,,,70.3,1.4,0.3,-2.4,-22.2,-1.0,,,,,2026-04
2026-04-16,3587,閎康,其他電子類,進榜,準備,328.55,72.0,1.0,0,,5.7,-2.4,-20.4,-0.8,,,,,337.9,2.8,2.8,-2.4,-22.6,-1.0,,,,,2026-04
2026-04-16,6515,穎崴,電子工業,移出,晚期未觸發,9747.91,97.0,,3,,,,,,,,,,,,,,,,,,,,2026-04
2026-04-16,8027,鈦昇,電機機械,移出,掉出掃描母體,156.0,71.0,,1,,,,,,,,,,,,,,,,,,,,2026-04
2026-04-16,7734,印能科技,半導體業,移出,離高點太遠,2265.81,86.0,,29,,,,,,,,,,,,,,,,,,,,2026-04
2026-04-17,1711,永光,化學工業,進榜,觸發,47.95,85.0,2.0,0,,2.0,-2.7,-8.8,0.0,,,,,52.6,9.7,-7.0,-2.9,-16.8,-0.3,,,,,2026-04
2026-04-17,1711,永光,化學工業,觸發,進榜即觸發,47.95,85.0,2.0,0,47.95,2.0,-2.7,-8.8,0.0,,,,,52.6,9.7,-7.0,-2.9,-16.8,-0.3,,,,,2026-04
2026-04-17,7750,新代,電機機械,進榜,觸發,1810.0,83.0,5.0,0,,40.3,-2.7,9.9,0.0,,,,,1800.0,-0.6,41.1,-2.9,10.6,-0.3,,,,,2026-04
2026-04-17,7750,新代,電機機械,觸發,進榜即觸發,1810.0,83.0,5.0,0,1810.0,40.3,-2.7,9.9,0.0,,,,,1800.0,-0.6,41.1,-2.9,10.6,-0.3,,,,,2026-04
2026-04-17,1815,富喬,電子零組件業,進榜,觸發,127.0,72.0,6.0,0,,-18.5,-2.7,-28.1,0.0,,,,,128.5,1.2,-19.5,-2.9,-28.9,-0.3,,,,,2026-04
2026-04-17,1815,富喬,電子零組件業,觸發,進榜即觸發,127.0,72.0,6.0,0,127.0,-18.5,-2.7,-28.1,0.0,,,,,128.5,1.2,-19.5,-2.9,-28.9,-0.3,,,,,2026-04
2026-04-17,3585,聯致,電子零組件業,進榜,準備,82.0,99.0,2.0,0,,6.8,-2.7,-26.3,0.0,,,,,68.7,-16.2,27.5,-2.9,-12.1,-0.3,,,,,2026-04
2026-04-17,5297,廣化,半導體業,進榜,準備,144.0,97.0,1.0,0,,-26.0,-2.7,-37.4,0.0,,,,,139.9,-2.8,-23.9,-2.9,-35.5,-0.3,,,,,2026-04
2026-04-17,7815,新特,半導體業,進榜,準備,521.0,94.0,1.0,0,,-12.1,-2.7,-31.4,0.0,,,,,518.5,-0.5,-11.7,-2.9,-31.0,-0.3,,,,,2026-04
2026-04-17,8074,鉅橡,電子零組件業,進榜,準備,68.15,81.0,3.0,0,,10.1,-2.7,-9.8,0.0,,,,,68.9,1.1,8.8,-2.9,-10.8,-0.3,,,,,2026-04
2026-04-17,7769,鴻勁,半導體業,進榜,準備,4443.49,78.0,2.0,0,,47.9,-2.7,49.3,0.0,,,,,4576.8,3.0,43.6,-2.9,45.0,-0.3,,,,,2026-04
2026-04-17,3042,晶技,電子工業,進榜,準備,148.51,73.0,1.0,0,,-3.0,-2.7,27.6,0.0,,,,,163.2,9.9,-11.7,-2.9,16.1,-0.3,,,,,2026-04
2026-04-17,2351,順德,電子工業,進榜,準備,128.15,70.0,1.0,0,,39.9,-2.7,55.4,0.0,,,,,137.1,7.0,30.8,-2.9,45.3,-0.3,,,,,2026-04
2026-04-17,3587,閎康,其他電子類,觸發,等待後觸發,361.01,76.0,1.0,1,333.96,-7.6,-2.7,-24.0,0.0,,,,,356.6,-1.2,-6.5,-2.9,-23.0,-0.3,,,,,2026-04
2026-04-17,4991,環宇-KY,半導體業,觸發,等待後觸發,660.0,96.0,3.0,10,478.5,5.8,-2.7,-35.5,0.0,,,,,678.0,2.7,2.9,-2.9,-37.2,-0.3,,,,,2026-04
2026-04-17,8096,擎亞,電子通路業,移出,離高點太遠,91.5,81.0,,35,,,,,,,,,,,,,,,,,,,,2026-04
2026-04-17,8150,南茂,電子工業,移出,突破失敗,66.45,75.0,,1,,,,,,,,,,,,,,,,,,,,2026-04
2026-04-20,3189,景碩,半導體業,進榜,觸發,429.76,95.0,3.0,0,,19.2,-3.0,79.2,-0.2,,,,,452.2,5.2,13.2,-3.4,70.3,-0.7,,,,,2026-04
2026-04-20,3189,景碩,半導體業,觸發,進榜即觸發,429.76,95.0,3.0,0,429.76,19.2,-3.0,79.2,-0.2,,,,,452.2,5.2,13.2,-3.4,70.3,-0.7,,,,,2026-04
2026-04-20,6584,南俊國際,電子零組件業,進榜,觸發,733.0,91.0,4.0,0,,-10.4,-3.0,-12.3,-0.2,,,,,758.0,3.4,-13.3,-3.4,-15.2,-0.7,,,,,2026-04
2026-04-20,6584,南俊國際,電子零組件業,觸發,進榜即觸發,733.0,91.0,4.0,0,733.0,-10.4,-3.0,-12.3,-0.2,,,,,758.0,3.4,-13.3,-3.4,-15.2,-0.7,,,,,2026-04
2026-04-20,4956,光鋐,電子工業,進榜,觸發,54.7,90.0,1.0,0,,-22.1,-3.0,-40.5,-0.2,,,,,60.1,9.9,-29.1,-3.4,-45.8,-0.7,,,,,2026-04
2026-04-20,4956,光鋐,電子工業,觸發,進榜即觸發,54.7,90.0,1.0,0,54.7,-22.1,-3.0,-40.5,-0.2,,,,,60.1,9.9,-29.1,-3.4,-45.8,-0.7,,,,,2026-04
2026-04-20,8289,泰藝,電子零組件業,進榜,觸發,54.48,90.0,4.0,0,,-1.3,-3.0,-3.8,-0.2,,,,,58.5,7.3,-8.0,-3.4,-10.4,-0.7,,,,,2026-04
2026-04-20,8289,泰藝,電子零組件業,觸發,進榜即觸發,54.48,90.0,4.0,0,54.48,-1.3,-3.0,-3.8,-0.2,,,,,58.5,7.3,-8.0,-3.4,-10.4,-0.7,,,,,2026-04
2026-04-20,6163,華電網,通信網路業,進榜,觸發,74.1,87.0,2.0,0,,-31.0,-3.0,-39.9,-0.2,,,,,74.4,0.4,-31.3,-3.4,-40.1,-0.7,,,,,2026-04
2026-04-20,6163,華電網,通信網路業,觸發,進榜即觸發,74.1,87.0,2.0,0,74.1,-31.0,-3.0,-39.9,-0.2,,,,,74.4,0.4,-31.3,-3.4,-40.1,-0.7,,,,,2026-04
2026-04-20,6290,良維,電子零組件業,進榜,觸發,252.1,72.0,5.0,0,,4.3,-3.0,-0.4,-0.2,,,,,268.2,6.4,-2.0,-3.4,-6.4,-0.7,,,,,2026-04
2026-04-20,6290,良維,電子零組件業,觸發,進榜即觸發,252.1,72.0,5.0,0,252.1,4.3,-3.0,-0.4,-0.2,,,,,268.2,6.4,-2.0,-3.4,-6.4,-0.7,,,,,2026-04
2026-04-20,6789,采鈺,半導體業,進榜,觸發,470.36,71.0,3.0,0,,9.7,-3.0,11.8,-0.2,,,,,517.1,9.9,-0.2,-3.4,1.7,-0.7,,,,,2026-04
2026-04-20,6789,采鈺,半導體業,觸發,進榜即觸發,470.36,71.0,3.0,0,470.36,9.7,-3.0,11.8,-0.2,,,,,517.1,9.9,-0.2,-3.4,1.7,-0.7,,,,,2026-04
2026-04-20,6217,中探針,電子零組件業,進榜,準備,268.0,98.0,3.0,0,,-0.9,-3.0,-18.7,-0.2,,,,,281.5,5.0,-5.7,-3.4,-22.6,-0.7,,,,,2026-04
2026-04-20,6696,仁新*,生技醫療業,進榜,準備,492.0,86.0,3.0,0,,-19.0,-3.0,51.6,-0.2,,,,,471.7,-4.1,-15.5,-3.4,58.2,-0.7,,,,,2026-04
2026-04-20,6693,廣閎科,半導體業,進榜,準備,157.12,85.0,2.0,0,,-13.3,-3.0,34.9,-0.2,,,,,163.1,3.8,-16.5,-3.4,30.0,-0.7,,,,,2026-04
2026-04-20,2455,全新,通信網路業,進榜,準備,330.75,80.0,3.0,0,,15.0,-3.0,-5.4,-0.2,,,,,338.7,2.4,12.3,-3.4,-7.6,-0.7,,,,,2026-04
2026-04-20,6568,宏觀,半導體業,進榜,準備,245.35,79.0,2.0,0,,-14.7,-3.0,-38.5,-0.2,,,,,254.8,3.8,-17.9,-3.4,-40.7,-0.7,,,,,2026-04
2026-04-20,7795,長廣,電子零組件業,進榜,準備,435.76,74.0,3.0,0,,-21.2,-3.0,29.2,-0.2,,,,,439.2,0.8,-21.8,-3.4,28.2,-0.7,,,,,2026-04
2026-04-20,4576,大銀微系統,電機機械,進榜,準備,197.29,73.0,3.0,0,,27.3,-3.0,6.9,-0.2,,,,,200.8,1.8,25.1,-3.4,5.1,-0.7,,,,,2026-04
2026-04-20,3289,宜特,其他電子類,進榜,準備,196.36,72.0,1.0,0,,-18.2,-3.0,-18.9,-0.2,,,,,215.7,9.8,-25.5,-3.4,-26.2,-0.7,,,,,2026-04
2026-04-20,4927,泰鼎-KY,電子工業,進榜,準備,52.2,71.0,1.0,0,,-4.4,-3.0,-24.7,-0.2,,,,,52.5,0.6,-5.0,-3.4,-25.1,-0.7,,,,,2026-04
2026-04-20,5297,廣化,半導體業,觸發,等待後觸發,201.0,99.0,1.0,3,147.5,-42.3,-3.0,-59.0,-0.2,,,,,171.0,-14.9,-32.1,-3.4,-51.8,-0.7,,,,,2026-04
2026-04-20,8074,鉅橡,電子零組件業,觸發,等待後觸發,74.95,83.0,3.0,3,69.78,-0.9,-3.0,-19.9,-0.2,,,,,74.9,0.0,-0.9,-3.4,-19.9,-0.7,,,,,2026-04
2026-04-20,3042,晶技,電子工業,觸發,等待後觸發,163.22,78.0,1.0,3,149.0,-11.1,-3.0,14.3,-0.2,,,,,158.8,-2.7,-8.6,-3.4,17.4,-0.7,,,,,2026-04
2026-04-20,5246,勵威,半導體業,觸發,等待後觸發,349.0,100.0,3.0,6,230.5,-56.9,-3.0,-70.5,-0.2,,,,,334.1,-4.3,-55.0,-3.4,-69.2,-0.7,,,,,2026-04
2026-04-20,5498,凱崴,電子零組件業,觸發,等待後觸發,75.6,92.0,3.0,4,69.5,-13.5,-3.0,-28.6,-0.2,,,,,77.6,2.6,-15.7,-3.4,-30.4,-0.7,,,,,2026-04
2026-04-20,6640,均華,半導體業,移出,離高點太遠,1553.81,84.0,,45,,,,,,,,,,,,,,,,,,,,2026-04
2026-04-20,3532,台勝科,半導體業,移出,掉出掃描母體,188.1,75.0,,10,,,,,,,,,,,,,,,,,,,,2026-04
2026-04-20,8240,華宏,光電業,移出,掉出掃描母體,64.68,72.0,,10,,,,,,,,,,,,,,,,,,,,2026-04
2026-04-20,2495,普安,其他電子業,移出,掉出掃描母體,41.97,73.0,,5,,,,,,,,,,,,,,,,,,,,2026-04
2026-04-20,1815,富喬,電子零組件業,移出,掉出掃描母體,127.0,72.0,,3,,,,,,,,,,,,,,,,,,,,2026-04
2026-04-21,6861,睿生光電,化學生技醫療,進榜,觸發,193.72,92.0,4.0,0,,108.7,-3.9,16.1,-3.2,,,,,213.1,10.0,89.7,-4.0,5.6,-3.5,,,,,2026-04
2026-04-21,6861,睿生光電,化學生技醫療,觸發,進榜即觸發,193.72,92.0,4.0,0,193.72,108.7,-3.9,16.1,-3.2,,,,,213.1,10.0,89.7,-4.0,5.6,-3.5,,,,,2026-04
2026-04-21,7734,印能科技,半導體業,進榜,觸發,2847.17,91.0,1.0,0,,16.8,-3.9,0.1,-3.2,,,,,2986.3,4.9,11.3,-4.0,-4.6,-3.5,,,,,2026-04
2026-04-21,7734,印能科技,半導體業,觸發,進榜即觸發,2847.17,91.0,1.0,0,2847.17,16.8,-3.9,0.1,-3.2,,,,,2986.3,4.9,11.3,-4.0,-4.6,-3.5,,,,,2026-04
2026-04-21,6205,詮欣,電子工業,進榜,觸發,87.44,74.0,1.0,0,,-18.6,-3.9,-29.8,-3.2,,,,,88.7,1.5,-19.8,-4.0,-30.8,-3.5,,,,,2026-04
2026-04-21,6205,詮欣,電子工業,觸發,進榜即觸發,87.44,74.0,1.0,0,87.44,-18.6,-3.9,-29.8,-3.2,,,,,88.7,1.5,-19.8,-4.0,-30.8,-3.5,,,,,2026-04
2026-04-21,6849,奇鼎科技,其他電子業,進榜,準備,244.5,98.0,2.0,0,,-18.0,-3.9,-34.4,-3.2,,,,,212.6,-13.0,-5.7,-4.0,-24.5,-3.5,,,,,2026-04
2026-04-21,6515,穎崴,電子工業,進榜,準備,10636.34,96.0,3.0,0,,-15.3,-3.9,-43.1,-3.2,,,,,10820.0,1.7,-16.7,-4.0,-44.0,-3.5,,,,,2026-04
2026-04-21,8150,南茂,電子工業,進榜,準備,73.17,78.0,3.0,0,,0.4,-3.9,51.0,-3.2,,,,,75.6,3.4,-2.9,-4.0,46.1,-3.5,,,,,2026-04
2026-04-21,6788,華景電,半導體業,進榜,準備,490.09,73.0,3.0,0,,-22.6,-3.9,-28.8,-3.2,,,,,496.8,1.4,-23.7,-4.0,-29.8,-3.5,,,,,2026-04
2026-04-21,2495,普安,其他電子業,進榜,準備,43.53,71.0,2.0,0,,-15.6,-3.9,-11.4,-3.2,,,,,43.5,0.0,-15.6,-4.0,-11.4,-3.5,,,,,2026-04
2026-04-21,2399,映泰,電子工業,觸發,等待後觸發,41.95,75.0,1.0,6,37.95,0.6,-3.9,-11.1,-3.2,,,,,45.0,7.3,-6.2,-4.0,-17.1,-3.5,,,,,2026-04
2026-04-21,3498,陽程,其他電子類,移出,掉出掃描母體,85.9,72.0,,12,,,,,,,,,,,,,,,,,,,,2026-04
2026-04-21,1326,台化,塑膠工業,移出,掉出掃描母體,49.93,71.0,,8,,,,,,,,,,,,,,,,,,,,2026-04
2026-04-22,3701,大眾控,電子工業,進榜,觸發,78.6,73.0,3.0,0,,-30.3,-3.1,-51.7,-4.0,,,,,78.7,0.1,-30.4,-3.6,-51.8,-4.5,,,,,2026-04
2026-04-22,3701,大眾控,電子工業,觸發,進榜即觸發,78.6,73.0,3.0,0,78.6,-30.3,-3.1,-51.7,-4.0,,,,,78.7,0.1,-30.4,-3.6,-51.8,-4.5,,,,,2026-04
2026-04-22,4919,新唐,半導體業,進榜,準備,154.0,90.0,1.0,0,,17.9,-3.1,-12.0,-4.0,,,,,159.0,3.2,14.2,-3.6,-14.8,-4.5,,,,,2026-04
2026-04-22,6829,千附精密,電機機械,進榜,準備,257.11,81.0,2.0,0,,-26.4,-3.1,-24.4,-4.0,,,,,282.7,9.9,-33.0,-3.6,-31.2,-4.5,,,,,2026-04
2026-04-22,2351,順德,電子工業,觸發,等待後觸發,164.91,79.0,1.0,5,131.13,15.7,-3.1,-6.0,-4.0,,,,,167.9,1.8,13.6,-3.6,-7.7,-4.5,,,,,2026-04
2026-04-22,6672,騰輝電子-KY,電子工業,觸發,等待後觸發,206.0,83.0,3.0,7,154.6,-13.3,-3.1,7.5,-4.0,,,,,226.0,9.7,-21.0,-3.6,-2.0,-4.5,,,,,2026-04
2026-04-22,3585,聯致,電子零組件業,移出,掉出掃描母體,165.0,100.0,,5,,,,,,,,,,,,,,,,,,,,2026-04
2026-04-22,2313,華通,電子工業,移出,離高點太遠,242.79,89.0,,27,,,,,,,,,,,,,,,,,,,,2026-04
2026-04-22,7742,天弘化,化學工業,移出,離高點太遠,231.0,99.0,,9,,,,,,,,,,,,,,,,,,,,2026-04
2026-04-22,5246,勵威,半導體業,移出,離高點太遠,303.0,99.0,,8,,,,,,,,,,,,,,,,,,,,2026-04
2026-04-22,3673,TPK-KY,光電業,移出,掉出掃描母體,68.11,71.0,,7,,,,,,,,,,,,,,,,,,,,2026-04
2026-04-22,5340,建榮,電子零組件業,移出,離高點太遠,115.24,77.0,,6,,,,,,,,,,,,,,,,,,,,2026-04
2026-04-22,5297,廣化,半導體業,移出,離高點太遠,246.0,100.0,,5,,,,,,,,,,,,,,,,,,,,2026-04
2026-04-22,6693,廣閎科,半導體業,移出,掉出掃描母體,154.63,84.0,,2,,,,,,,,,,,,,,,,,,,,2026-04
2026-04-23,8240,華宏,光電業,進榜,準備,71.02,78.0,1.0,0,,-9.6,-0.9,-40.0,-1.4,,,,,72.1,1.5,-11.0,-1.3,-40.9,-1.7,,,,,2026-04
2026-04-23,6727,亞泰金屬,電子零組件業,移出,離高點太遠,413.0,86.0,,24,,,,,,,,,,,,,,,,,,,,2026-04
2026-04-23,4960,誠美材,電子工業,移出,離高點太遠,40.5,92.0,,8,,,,,,,,,,,,,,,,,,,,2026-04
2026-04-23,6829,千附精密,電機機械,移出,離高點太遠,231.55,78.0,,1,,,,,,,,,,,,,,,,,,,,2026-04
2026-04-23,3026,禾伸堂,電子工業,移出,離高點太遠,222.06,84.0,,29,,,,,,,,,,,,,,,,,,,,2026-04
2026-04-23,6588,東典光電,通信網路業,移出,離高點太遠,135.5,96.0,,24,,,,,,,,,,,,,,,,,,,,2026-04
2026-04-23,6830,汎銓,其他電子業,移出,離高點太遠,803.0,97.0,,22,,,,,,,,,,,,,,,,,,,,2026-04
2026-04-23,3221,台嘉碩,通信網路業,移出,離高點太遠,45.18,81.0,,22,,,,,,,,,,,,,,,,,,,,2026-04
2026-04-23,6285,啟碁,通信網路業,移出,離高點太遠,213.9,76.0,,16,,,,,,,,,,,,,,,,,,,,2026-04
2026-04-23,6187,萬潤,其他電子類,移出,離高點太遠,1239.25,94.0,,15,,,,,,,,,,,,,,,,,,,,2026-04
2026-04-23,6715,嘉基,電子工業,移出,離高點太遠,393.76,96.0,,15,,,,,,,,,,,,,,,,,,,,2026-04
2026-04-23,6451,訊芯-KY,半導體業,移出,離高點太遠,446.28,93.0,,14,,,,,,,,,,,,,,,,,,,,2026-04
2026-04-23,4908,前鼎,通信網路業,移出,離高點太遠,174.85,84.0,,10,,,,,,,,,,,,,,,,,,,,2026-04
2026-04-23,4764,雙鍵,化學工業,移出,離高點太遠,193.5,95.0,,9,,,,,,,,,,,,,,,,,,,,2026-04
2026-04-23,6530,創威,通信網路業,移出,離高點太遠,115.14,79.0,,8,,,,,,,,,,,,,,,,,,,,2026-04
2026-04-23,4979,華星光,通信網路業,移出,離高點太遠,564.09,89.0,,8,,,,,,,,,,,,,,,,,,,,2026-04
2026-04-23,2399,映泰,電子工業,移出,掉出掃描母體,40.2,72.0,,8,,,,,,,,,,,,,,,,,,,,2026-04
2026-04-23,2484,希華,電子工業,移出,離高點太遠,42.8,79.0,,7,,,,,,,,,,,,,,,,,,,,2026-04
2026-04-23,7815,新特,半導體業,移出,離高點太遠,475.0,93.0,,6,,,,,,,,,,,,,,,,,,,,2026-04
2026-04-23,6696,仁新*,生技醫療業,移出,掉出掃描母體,456.5,76.0,,3,,,,,,,,,,,,,,,,,,,,2026-04
2026-04-23,7795,長廣,電子零組件業,移出,晚期未觸發,403.0,75.0,,3,,,,,,,,,,,,,,,,,,,,2026-04
2026-04-23,4956,光鋐,電子工業,移出,離高點太遠,49.5,89.0,,3,,,,,,,,,,,,,,,,,,,,2026-04
2026-04-23,8289,泰藝,電子零組件業,移出,離高點太遠,47.7,86.0,,3,,,,,,,,,,,,,,,,,,,,2026-04
2026-04-23,6163,華電網,通信網路業,移出,離高點太遠,64.4,77.0,,3,,,,,,,,,,,,,,,,,,,,2026-04
2026-04-23,6788,華景電,半導體業,移出,晚期未觸發,454.4,73.0,,2,,,,,,,,,,,,,,,,,,,,2026-04
2026-04-23,6205,詮欣,電子工業,移出,突破失敗,77.04,70.0,,2,,,,,,,,,,,,,,,,,,,,2026-04
2026-04-23,6672,騰輝電子-KY,電子工業,移出,離高點太遠,191.5,83.0,,8,,,,,,,,,,,,,,,,,,,,2026-04
2026-04-23,3701,大眾控,電子工業,移出,掉出掃描母體,78.6,73.0,,1,,,,,,,,,,,,,,,,,,,,2026-04
2026-04-24,8046,南電,電子工業,進榜,觸發,872.17,94.0,4.0,0,,1.1,-0.1,49.6,-0.8,,,,,928.1,6.4,-4.9,-0.2,40.6,-1.0,,,,,2026-04
2026-04-24,8046,南電,電子工業,觸發,進榜即觸發,872.17,94.0,4.0,0,872.17,1.1,-0.1,49.6,-0.8,,,,,928.1,6.4,-4.9,-0.2,40.6,-1.0,,,,,2026-04
2026-04-24,2454,聯發科,半導體業,進榜,觸發,2420.54,74.0,3.0,0,,74.3,-0.1,59.1,-0.8,,,,,2455.3,1.4,71.9,-0.2,56.8,-1.0,,,,,2026-04
2026-04-24,2454,聯發科,半導體業,觸發,進榜即觸發,2420.54,74.0,3.0,0,2420.54,74.3,-0.1,59.1,-0.8,,,,,2455.3,1.4,71.9,-0.2,56.8,-1.0,,,,,2026-04
2026-04-24,3209,全科,電子工業,進榜,觸發,49.9,72.0,1.0,0,,35.6,-0.1,5.0,-0.8,,,,,50.7,1.7,33.4,-0.2,3.2,-1.0,,,,,2026-04
2026-04-24,3209,全科,電子工業,觸發,進榜即觸發,49.9,72.0,1.0,0,49.9,35.6,-0.1,5.0,-0.8,,,,,50.7,1.7,33.4,-0.2,3.2,-1.0,,,,,2026-04
2026-04-24,1727,中華化,化學工業,進榜,觸發,70.58,70.0,5.0,0,,47.8,-0.1,13.8,-0.8,,,,,75.4,6.8,38.4,-0.2,6.5,-1.0,,,,,2026-04
2026-04-24,1727,中華化,化學工業,觸發,進榜即觸發,70.58,70.0,5.0,0,70.58,47.8,-0.1,13.8,-0.8,,,,,75.4,6.8,38.4,-0.2,6.5,-1.0,,,,,2026-04
2026-04-24,6291,沛亨,半導體業,移出,離高點太遠,436.0,93.0,,43,,,,,,,,,,,,,,,,,,,,2026-04
2026-04-24,4971,IET-KY,半導體業,移出,離高點太遠,761.39,96.0,,28,,,,,,,,,,,,,,,,,,,,2026-04
2026-04-24,5475,德宏,電子零組件業,移出,離高點太遠,335.5,97.0,,22,,,,,,,,,,,,,,,,,,,,2026-04
2026-04-24,4991,環宇-KY,半導體業,移出,離高點太遠,596.0,95.0,,17,,,,,,,,,,,,,,,,,,,,2026-04
2026-04-24,2426,鼎元,光電業,移出,離高點太遠,47.64,91.0,,15,,,,,,,,,,,,,,,,,,,,2026-04
2026-04-24,3234,光環,通信網路業,移出,離高點太遠,101.01,93.0,,15,,,,,,,,,,,,,,,,,,,,2026-04
2026-04-24,3363,上詮,通信網路業,移出,離高點太遠,821.0,84.0,,15,,,,,,,,,,,,,,,,,,,,2026-04
2026-04-24,6426,統新,通信網路業,移出,離高點太遠,216.0,92.0,,14,,,,,,,,,,,,,,,,,,,,2026-04
2026-04-24,3030,德律,其他電子業,移出,離高點太遠,308.66,79.0,,14,,,,,,,,,,,,,,,,,,,,2026-04
2026-04-24,3714,富采,電子工業,移出,離高點太遠,65.64,75.0,,10,,,,,,,,,,,,,,,,,,,,2026-04
2026-04-24,6739,竹陞科技,其他電子業,移出,離高點太遠,1462.51,76.0,,9,,,,,,,,,,,,,,,,,,,,2026-04
2026-04-24,4977,眾達-KY,電子工業,移出,離高點太遠,204.25,77.0,,8,,,,,,,,,,,,,,,,,,,,2026-04
2026-04-24,5498,凱崴,電子零組件業,移出,離高點太遠,71.5,91.0,,8,,,,,,,,,,,,,,,,,,,,2026-04
2026-04-24,3042,晶技,電子工業,移出,離高點太遠,141.65,72.0,,7,,,,,,,,,,,,,,,,,,,,2026-04
2026-04-24,1711,永光,化學工業,移出,離高點太遠,50.9,89.0,,7,,,,,,,,,,,,,,,,,,,,2026-04
2026-04-24,4576,大銀微系統,電機機械,移出,掉出掃描母體,189.32,72.0,,4,,,,,,,,,,,,,,,,,,,,2026-04
2026-04-24,3289,宜特,其他電子類,移出,掉出掃描母體,188.93,71.0,,4,,,,,,,,,,,,,,,,,,,,2026-04
2026-04-24,8150,南茂,電子工業,移出,晚期未觸發,68.92,76.0,,3,,,,,,,,,,,,,,,,,,,,2026-04
2026-04-24,6849,奇鼎科技,其他電子業,移出,離高點太遠,278.0,99.0,,3,,,,,,,,,,,,,,,,,,,,2026-04
2026-04-24,6515,穎崴,電子工業,移出,晚期未觸發,9986.15,96.0,,3,,,,,,,,,,,,,,,,,,,,2026-04
2026-04-24,2495,普安,其他電子業,移出,掉出掃描母體,40.4,72.0,,3,,,,,,,,,,,,,,,,,,,,2026-04
2026-04-27,4967,十銓,半導體業,進榜,觸發,275.1,81.0,4.0,0,,-4.6,0.2,-23.6,0.0,,,,,282.8,2.8,-7.2,0.2,-25.7,-0.4,,,,,2026-04
2026-04-27,4967,十銓,半導體業,觸發,進榜即觸發,275.1,81.0,4.0,0,275.1,-4.6,0.2,-23.6,0.0,,,,,282.8,2.8,-7.2,0.2,-25.7,-0.4,,,,,2026-04
2026-04-27,6435,大中,半導體業,進榜,觸發,195.37,77.0,5.0,0,,39.2,0.2,46.1,0.0,,,,,190.0,-2.7,43.1,0.2,50.3,-0.4,,,,,2026-04
2026-04-27,6435,大中,半導體業,觸發,進榜即觸發,195.37,77.0,5.0,0,195.37,39.2,0.2,46.1,0.0,,,,,190.0,-2.7,43.1,0.2,50.3,-0.4,,,,,2026-04
2026-04-27,4927,泰鼎-KY,電子工業,觸發,等待後觸發,58.6,85.0,1.0,7,53.7,4.4,0.2,-39.2,0.0,,,,,58.0,-1.0,5.5,0.2,-38.5,-0.4,,,,,2026-04
2026-04-27,2467,志聖,電子工業,移出,離高點太遠,490.84,89.0,,83,,,,,,,,,,,,,,,,,,,,2026-04
2026-04-27,3131,弘塑,其他電子類,移出,離高點太遠,2823.04,72.0,,42,,,,,,,,,,,,,,,,,,,,2026-04
2026-04-27,7610,聯友金屬,綠能環保,移出,離高點太遠,473.24,97.0,,34,,,,,,,,,,,,,,,,,,,,2026-04
2026-04-27,3081,聯亞,通信網路業,移出,離高點太遠,2305.49,99.0,,32,,,,,,,,,,,,,,,,,,,,2026-04
2026-04-27,3105,穩懋,半導體業,移出,離高點太遠,490.44,96.0,,31,,,,,,,,,,,,,,,,,,,,2026-04
2026-04-27,6213,聯茂,電子工業,移出,離高點太遠,262.79,90.0,,26,,,,,,,,,,,,,,,,,,,,2026-04
2026-04-27,3163,波若威,通信網路業,移出,離高點太遠,883.02,97.0,,20,,,,,,,,,,,,,,,,,,,,2026-04
2026-04-27,3583,辛耘,半導體業,移出,離高點太遠,729.22,82.0,,19,,,,,,,,,,,,,,,,,,,,2026-04
2026-04-27,8021,尖點,其他電子業,移出,離高點太遠,404.36,94.0,,19,,,,,,,,,,,,,,,,,,,,2026-04
2026-04-27,1717,長興,化學工業,移出,掉出掃描母體,77.38,71.0,,19,,,,,,,,,,,,,,,,,,,,2026-04
2026-04-27,3653,健策,電子工業,移出,晚期未觸發,4929.39,84.0,,18,,,,,,,,,,,,,,,,,,,,2026-04
2026-04-27,4989,榮科,電子零組件業,移出,離高點太遠,95.91,87.0,,17,,,,,,,,,,,,,,,,,,,,2026-04
2026-04-27,6949,沛爾生醫-創,創新版股票,移出,離高點太遠,756.0,83.0,,14,,,,,,,,,,,,,,,,,,,,2026-04
2026-04-27,3693,營邦,電腦及週邊設備業,移出,離高點太遠,611.08,84.0,,14,,,,,,,,,,,,,,,,,,,,2026-04
2026-04-27,3587,閎康,其他電子類,移出,掉出掃描母體,341.83,74.0,,11,,,,,,,,,,,,,,,,,,,,2026-04
2026-04-27,8074,鉅橡,電子零組件業,移出,離高點太遠,67.39,81.0,,10,,,,,,,,,,,,,,,,,,,,2026-04
2026-04-27,2351,順德,電子工業,移出,離高點太遠,145.04,76.0,,10,,,,,,,,,,,,,,,,,,,,2026-04
2026-04-27,2455,全新,通信網路業,移出,離高點太遠,309.4,82.0,,7,,,,,,,,,,,,,,,,,,,,2026-04
2026-04-27,6584,南俊國際,電子零組件業,移出,離高點太遠,690.0,90.0,,7,,,,,,,,,,,,,,,,,,,,2026-04
2026-04-27,4919,新唐,半導體業,移出,離高點太遠,136.0,87.0,,5,,,,,,,,,,,,,,,,,,,,2026-04
2026-04-27,3209,全科,電子工業,移出,掉出掃描母體,49.9,72.0,,3,,,,,,,,,,,,,,,,,,,,2026-04
2026-04-28,5289,宜鼎,電腦及週邊設備業,進榜,觸發,1265.15,91.0,4.0,0,,30.3,-0.5,5.0,-1.0,,,,,1197.3,-5.4,37.7,-0.5,10.9,-1.2,,,,,2026-04
2026-04-28,5289,宜鼎,電腦及週邊設備業,觸發,進榜即觸發,1265.15,91.0,4.0,0,1265.15,30.3,-0.5,5.0,-1.0,,,,,1197.3,-5.4,37.7,-0.5,10.9,-1.2,,,,,2026-04
2026-04-28,3260,威剛,半導體業,進榜,觸發,484.0,87.0,5.0,0,,-14.8,-0.5,-20.9,-1.0,,,,,464.5,-4.0,-11.2,-0.5,-17.5,-1.2,,,,,2026-04
2026-04-28,3260,威剛,半導體業,觸發,進榜即觸發,484.0,87.0,5.0,0,484.0,-14.8,-0.5,-20.9,-1.0,,,,,464.5,-4.0,-11.2,-0.5,-17.5,-1.2,,,,,2026-04
2026-04-28,8103,瀚荃,電子工業,進榜,觸發,124.1,70.0,4.0,0,,-17.2,-0.5,-36.7,-1.0,,,,,122.2,-1.6,-15.9,-0.5,-35.7,-1.2,,,,,2026-04
2026-04-28,8103,瀚荃,電子工業,觸發,進榜即觸發,124.1,70.0,4.0,0,124.1,-17.2,-0.5,-36.7,-1.0,,,,,122.2,-1.6,-15.9,-0.5,-35.7,-1.2,,,,,2026-04
2026-04-28,4576,大銀微系統,電機機械,進榜,準備,198.29,71.0,3.0,0,,37.2,-0.5,-3.4,-1.0,,,,,200.3,1.0,35.8,-0.5,-4.4,-1.2,,,,,2026-04
2026-04-28,3581,博磊,半導體業,移出,離高點太遠,148.33,84.0,,15,,,,,,,,,,,,,,,,,,,,2026-04
2026-04-28,6217,中探針,電子零組件業,移出,晚期未觸發,269.5,98.0,,8,,,,,,,,,,,,,,,,,,,,2026-04
2026-04-29,2426,鼎元,光電業,進榜,觸發,59.43,94.0,1.0,0,,36.1,-0.9,4.3,-1.3,,,,,62.5,5.2,29.4,-1.0,-0.8,-1.7,,,,,2026-04
2026-04-29,2426,鼎元,光電業,觸發,進榜即觸發,59.43,94.0,1.0,0,59.43,36.1,-0.9,4.3,-1.3,,,,,62.5,5.2,29.4,-1.0,-0.8,-1.7,,,,,2026-04
2026-04-29,4542,科嶠,電子零組件業,進榜,觸發,196.0,90.0,2.0,0,,33.4,-0.9,58.9,-1.3,,,,,204.5,4.3,27.9,-1.0,52.3,-1.7,,,,,2026-04
2026-04-29,4542,科嶠,電子零組件業,觸發,進榜即觸發,196.0,90.0,2.0,0,196.0,33.4,-0.9,58.9,-1.3,,,,,204.5,4.3,27.9,-1.0,52.3,-1.7,,,,,2026-04
2026-04-29,6205,詮欣,電子工業,進榜,準備,90.0,79.0,2.0,0,,-16.0,-0.9,-32.6,-1.3,,,,,90.0,0.0,-16.0,-1.0,-32.6,-1.7,,,,,2026-04
2026-04-29,8027,鈦昇,電機機械,進榜,準備,176.0,77.0,2.0,0,,39.5,-0.9,9.9,-1.3,,,,,181.5,3.1,35.3,-1.0,6.6,-1.7,,,,,2026-04
2026-04-29,2464,盟立,其他電子業,進榜,準備,114.5,72.0,2.0,0,,46.7,-0.9,24.5,-1.3,,,,,112.0,-2.2,50.0,-1.0,27.2,-1.7,,,,,2026-04
2026-04-29,1785,光洋科,其他電子類,觸發,等待後觸發,171.12,91.0,3.0,20,105.23,-16.1,-0.9,-37.5,-1.3,,,,,167.2,-2.3,-14.1,-1.0,-36.0,-1.7,,,,,2026-04
2026-04-29,8064,東捷,光電業,觸發,等待後觸發,94.21,78.0,2.0,20,77.73,40.1,-0.9,10.9,-1.3,,,,,99.8,5.9,32.3,-1.0,4.7,-1.7,,,,,2026-04
2026-04-29,8240,華宏,光電業,移出,離高點太遠,66.92,73.0,,6,,,,,,,,,,,,,,,,,,,,2026-04
2026-04-29,8103,瀚荃,電子工業,移出,掉出掃描母體,124.1,70.0,,1,,,,,,,,,,,,,,,,,,,,2026-04
2026-04-30,2467,志聖,電子工業,進榜,準備,603.27,92.0,3.0,0,,1.6,0.0,-15.8,-3.2,,,,,637.0,5.6,-3.7,-0.2,-20.2,-3.7,,,,,2026-04
2026-04-30,4908,前鼎,通信網路業,進榜,準備,212.6,91.0,2.0,0,,8.9,0.0,-37.6,-3.2,,,,,221.5,4.2,4.5,-0.2,-40.1,-3.7,,,,,2026-04
2026-04-30,3581,博磊,半導體業,進榜,準備,178.7,89.0,3.0,0,,31.8,0.0,-43.5,-3.2,,,,,196.1,9.7,20.1,-0.2,-48.5,-3.7,,,,,2026-04
2026-04-30,5864,致和證,金融業,進榜,準備,25.4,73.0,2.0,0,,51.1,0.0,19.7,-3.2,,,,,26.1,2.8,46.9,-0.2,16.4,-3.7,,,,,2026-04
2026-04-30,8027,鈦昇,電機機械,觸發,等待後觸發,193.5,80.0,2.0,1,179.0,33.6,0.0,-9.8,-3.2,,,,,205.0,5.9,26.1,-0.2,-14.9,-3.7,,,,,2026-04
2026-04-30,4576,大銀微系統,電機機械,觸發,等待後觸發,221.2,78.0,3.0,2,202.27,20.0,0.0,-18.4,-3.2,,,,,231.7,4.7,14.6,-0.2,-22.1,-3.7,,,,,2026-04
2026-04-30,6257,矽格,半導體業,移出,掉出掃描母體,174.74,70.0,,22,,,,,,,,,,,,,,,,,,,,2026-04
2026-04-30,6568,宏觀,半導體業,移出,離高點太遠,237.91,79.0,,10,,,,,,,,,,,,,,,,,,,,2026-04
2026-04-30,3260,威剛,半導體業,移出,離高點太遠,436.0,80.0,,2,,,,,,,,,,,,,,,,,,,,2026-04
2026-05-04,3135,凌航,半導體業,進榜,觸發,145.77,88.0,5.0,0,,61.1,0.3,-4.8,-5.5,,,,,148.1,1.6,58.5,0.6,-6.3,-5.6,,,,,2026-05
2026-05-04,3135,凌航,半導體業,觸發,進榜即觸發,145.77,88.0,5.0,0,145.77,61.1,0.3,-4.8,-5.5,,,,,148.1,1.6,58.5,0.6,-6.3,-5.6,,,,,2026-05
2026-05-04,3711,日月光投控,半導體業,進榜,觸發,520.25,84.0,4.0,0,,14.5,0.3,-4.1,-5.5,,,,,520.2,0.0,14.5,0.6,-4.1,-5.6,,,,,2026-05
2026-05-04,3711,日月光投控,半導體業,觸發,進榜即觸發,520.25,84.0,4.0,0,520.25,14.5,0.3,-4.1,-5.5,,,,,520.2,0.0,14.5,0.6,-4.1,-5.6,,,,,2026-05
2026-05-04,3498,陽程,其他電子類,進榜,觸發,96.4,78.0,1.0,0,,49.4,0.3,-3.2,-5.5,,,,,98.5,2.2,46.2,0.6,-5.3,-5.6,,,,,2026-05
2026-05-04,3498,陽程,其他電子類,觸發,進榜即觸發,96.4,78.0,1.0,0,96.4,49.4,0.3,-3.2,-5.5,,,,,98.5,2.2,46.2,0.6,-5.3,-5.6,,,,,2026-05
2026-05-04,3532,台勝科,半導體業,進榜,觸發,207.05,72.0,2.0,0,,68.9,0.3,48.8,-5.5,,,,,209.0,1.0,67.3,0.6,47.3,-5.6,,,,,2026-05
2026-05-04,3532,台勝科,半導體業,觸發,進榜即觸發,207.05,72.0,2.0,0,207.05,68.9,0.3,48.8,-5.5,,,,,209.0,1.0,67.3,0.6,47.3,-5.6,,,,,2026-05
2026-05-04,4919,新唐,半導體業,進榜,準備,162.0,88.0,1.0,0,,28.4,0.3,-33.0,-5.5,,,,,162.5,0.3,28.0,0.6,-33.2,-5.6,,,,,2026-05
2026-05-04,8074,鉅橡,電子零組件業,進榜,準備,84.52,86.0,3.0,0,,-9.5,0.3,-44.6,-5.5,,,,,87.4,3.4,-12.5,0.6,-46.4,-5.6,,,,,2026-05
2026-05-04,3030,德律,其他電子業,進榜,準備,368.34,85.0,3.0,0,,8.4,0.3,-30.8,-5.5,,,,,389.4,5.7,2.5,0.6,-34.5,-5.6,,,,,2026-05
2026-05-04,6706,惠特,光電業,進榜,準備,166.5,76.0,2.0,0,,30.0,0.3,-43.5,-5.5,,,,,173.5,4.2,24.8,0.6,-45.8,-5.6,,,,,2026-05
2026-05-04,3430,奇鈦科,化學工業,進榜,準備,132.34,70.0,2.0,0,,22.4,0.3,-28.1,-5.5,,,,,138.3,4.5,17.1,0.6,-31.1,-5.6,,,,,2026-05
2026-05-04,6435,大中,半導體業,移出,掉出掃描母體,188.06,71.0,,7,,,,,,,,,,,,,,,,,,,,2026-05
2026-05-05,4991,環宇-KY,半導體業,進榜,觸發,744.0,97.0,3.0,0,,-5.6,0.1,-56.9,-7.0,,,,,752.0,1.1,-6.6,0.0,-57.3,-7.6,,,,,2026-05
2026-05-05,4991,環宇-KY,半導體業,觸發,進榜即觸發,744.0,97.0,3.0,0,744.0,-5.6,0.1,-56.9,-7.0,,,,,752.0,1.1,-6.6,0.0,-57.3,-7.6,,,,,2026-05
2026-05-05,5386,青雲,電腦及週邊設備業,進榜,準備,290.51,99.0,3.0,0,,27.8,0.1,-28.7,-7.0,,,,,313.8,8.0,18.3,0.0,-34.0,-7.6,,,,,2026-05
2026-05-05,6830,汎銓,其他電子業,進榜,準備,975.0,98.0,1.0,0,,-32.2,0.1,-67.6,-7.0,,,,,990.0,1.5,-33.2,0.0,-68.1,-7.6,,,,,2026-05
2026-05-05,6451,訊芯-KY,半導體業,進榜,準備,520.74,94.0,3.0,0,,26.5,0.1,-38.2,-7.0,,,,,530.7,1.9,24.1,0.0,-39.3,-7.6,,,,,2026-05
2026-05-05,3529,力旺,半導體業,進榜,準備,4416.25,83.0,2.0,0,,-20.6,0.1,-48.1,-7.0,,,,,4331.8,-1.9,-19.0,0.0,-47.1,-7.6,,,,,2026-05
2026-05-05,8150,南茂,電子工業,進榜,準備,83.04,78.0,3.0,0,,17.2,0.1,-20.5,-7.0,,,,,91.3,10.0,6.6,0.0,-27.7,-7.6,,,,,2026-05
2026-05-05,6706,惠特,光電業,觸發,等待後觸發,183.0,80.0,2.0,1,166.5,13.1,0.1,-51.6,-7.0,,,,,186.0,1.6,11.3,0.0,-52.4,-7.6,,,,,2026-05
2026-05-05,2472,立隆電,電子工業,移出,掉出掃描母體,181.25,71.0,,27,,,,,,,,,,,,,,,,,,,,2026-05
2026-05-05,2464,盟立,其他電子業,移出,掉出掃描母體,116.0,71.0,,6,,,,,,,,,,,,,,,,,,,,2026-05
2026-05-06,4764,雙鍵,化學工業,進榜,觸發,332.55,97.0,4.0,0,,-13.6,1.5,-22.7,-4.3,,,,,314.1,-5.6,-8.5,1.5,-18.1,-4.7,,,,,2026-05
2026-05-06,4764,雙鍵,化學工業,觸發,進榜即觸發,332.55,97.0,4.0,0,332.55,-13.6,1.5,-22.7,-4.3,,,,,314.1,-5.6,-8.5,1.5,-18.1,-4.7,,,,,2026-05
2026-05-06,3026,禾伸堂,電子工業,進榜,觸發,271.24,85.0,2.0,0,,134.4,1.5,65.9,-4.3,,,,,298.1,9.9,113.3,1.5,51.0,-4.7,,,,,2026-05
2026-05-06,3026,禾伸堂,電子工業,觸發,進榜即觸發,271.24,85.0,2.0,0,271.24,134.4,1.5,65.9,-4.3,,,,,298.1,9.9,113.3,1.5,51.0,-4.7,,,,,2026-05
2026-05-06,8299,群聯,半導體業,進榜,觸發,2308.15,78.0,5.0,0,,15.5,1.5,-28.9,-4.3,,,,,2377.6,3.0,12.1,1.5,-31.0,-4.7,,,,,2026-05
2026-05-06,8299,群聯,半導體業,觸發,進榜即觸發,2308.15,78.0,5.0,0,2308.15,15.5,1.5,-28.9,-4.3,,,,,2377.6,3.0,12.1,1.5,-31.0,-4.7,,,,,2026-05
2026-05-06,6261,久元,半導體業,進榜,觸發,117.81,74.0,2.0,0,,-13.2,1.5,-39.6,-4.3,,,,,129.4,9.9,-21.0,1.5,-45.0,-4.7,,,,,2026-05
2026-05-06,6261,久元,半導體業,觸發,進榜即觸發,117.81,74.0,2.0,0,117.81,-13.2,1.5,-39.6,-4.3,,,,,129.4,9.9,-21.0,1.5,-45.0,-4.7,,,,,2026-05
2026-05-06,5274,信驊,半導體業,移出,逾期,16921.95,91.0,,56,,,,,,,,,,,,,,,,,,,,2026-05
2026-05-06,3017,奇鋐,電子工業,移出,離高點太遠,2418.25,75.0,,42,,,,,,,,,,,,,,,,,,,,2026-05
2026-05-06,4577,達航科技,其他電子類,移出,離高點太遠,160.0,95.0,,26,,,,,,,,,,,,,,,,,,,,2026-05
2026-05-06,6290,良維,電子零組件業,移出,掉出掃描母體,283.79,73.0,,16,,,,,,,,,,,,,,,,,,,,2026-05
2026-05-07,7610,聯友金屬,綠能環保,進榜,觸發,624.68,98.0,5.0,0,,127.9,1.4,111.3,-4.2,,,,,627.1,0.4,127.0,1.4,110.5,-4.5,,,,,2026-05
2026-05-07,7610,聯友金屬,綠能環保,觸發,進榜即觸發,624.68,98.0,5.0,0,624.68,127.9,1.4,111.3,-4.2,,,,,627.1,0.4,127.0,1.4,110.5,-4.5,,,,,2026-05
2026-05-07,2303,聯電,半導體業,進榜,準備,94.88,71.0,2.0,0,,29.5,1.4,24.4,-4.2,,,,,94.9,0.0,29.5,1.4,24.4,-4.5,,,,,2026-05
2026-05-07,5864,致和證,金融業,觸發,等待後觸發,30.57,75.0,2.0,7,25.62,47.5,1.4,-1.4,-4.2,,,,,31.9,4.2,41.5,1.4,-5.4,-4.5,,,,,2026-05
2026-05-07,5386,青雲,電腦及週邊設備業,觸發,等待後觸發,346.62,100.0,3.0,2,290.51,3.6,1.4,-30.8,-4.2,,,,,320.7,-7.5,12.0,1.4,-25.2,-4.5,,,,,2026-05
2026-05-07,4919,新唐,半導體業,觸發,等待後觸發,177.0,89.0,1.0,3,162.0,9.6,1.4,-29.7,-4.2,,,,,172.5,-2.5,12.5,1.4,-27.8,-4.5,,,,,2026-05
2026-05-07,8150,南茂,電子工業,觸發,等待後觸發,96.86,85.0,3.0,2,83.04,1.0,1.4,-19.9,-4.2,,,,,99.2,2.4,-1.4,1.4,-21.8,-4.5,,,,,2026-05
2026-05-07,3167,大量,電機機械,移出,離高點太遠,751.36,96.0,,35,,,,,,,,,,,,,,,,,,,,2026-05
2026-05-07,7751,竑騰,電子工業,移出,離高點太遠,2155.0,95.0,,30,,,,,,,,,,,,,,,,,,,,2026-05
2026-05-07,8064,東捷,光電業,移出,離高點太遠,107.21,83.0,,28,,,,,,,,,,,,,,,,,,,,2026-05
2026-05-07,8996,高力,電機機械,移出,離高點太遠,1075.0,72.0,,28,,,,,,,,,,,,,,,,,,,,2026-05
2026-05-07,4542,科嶠,電子零組件業,移出,離高點太遠,213.0,90.0,,8,,,,,,,,,,,,,,,,,,,,2026-05
2026-05-07,8074,鉅橡,電子零組件業,移出,晚期未觸發,81.2,83.0,,3,,,,,,,,,,,,,,,,,,,,2026-05
2026-05-08,6727,亞泰金屬,電子零組件業,進榜,觸發,498.57,90.0,3.0,0,,-6.2,1.1,-25.8,-3.3,,,,,491.1,-1.5,-4.8,1.1,-24.7,-3.6,,,,,2026-05
2026-05-08,6727,亞泰金屬,電子零組件業,觸發,進榜即觸發,498.57,90.0,3.0,0,498.57,-6.2,1.1,-25.8,-3.3,,,,,491.1,-1.5,-4.8,1.1,-24.7,-3.6,,,,,2026-05
2026-05-08,8271,宇瞻,半導體業,進榜,觸發,254.54,83.0,6.0,0,,-14.8,1.1,-12.0,-3.3,,,,,258.0,1.3,-15.9,1.1,-13.2,-3.6,,,,,2026-05
2026-05-08,8271,宇瞻,半導體業,觸發,進榜即觸發,254.54,83.0,6.0,0,254.54,-14.8,1.1,-12.0,-3.3,,,,,258.0,1.3,-15.9,1.1,-13.2,-3.6,,,,,2026-05
2026-05-08,6278,台表科,光電業,進榜,觸發,195.41,76.0,2.0,0,,2.7,1.1,-21.7,-3.3,,,,,203.2,4.0,-1.2,1.1,-24.7,-3.6,,,,,2026-05
2026-05-08,6278,台表科,光電業,觸發,進榜即觸發,195.41,76.0,2.0,0,195.41,2.7,1.1,-21.7,-3.3,,,,,203.2,4.0,-1.2,1.1,-24.7,-3.6,,,,,2026-05
2026-05-08,2472,立隆電,電子工業,進榜,觸發,218.19,75.0,4.0,0,,64.1,1.1,6.5,-3.3,,,,,215.7,-1.1,66.0,1.1,7.8,-3.6,,,,,2026-05
2026-05-08,2472,立隆電,電子工業,觸發,進榜即觸發,218.19,75.0,4.0,0,218.19,64.1,1.1,6.5,-3.3,,,,,215.7,-1.1,66.0,1.1,7.8,-3.6,,,,,2026-05
2026-05-08,6173,信昌電,電子零組件業,進榜,觸發,121.2,70.0,4.0,0,,83.2,1.1,35.7,-3.3,,,,,119.2,-1.6,86.3,1.1,38.0,-3.6,,,,,2026-05
2026-05-08,6173,信昌電,電子零組件業,觸發,進榜即觸發,121.2,70.0,4.0,0,121.2,83.2,1.1,35.7,-3.3,,,,,119.2,-1.6,86.3,1.1,38.0,-3.6,,,,,2026-05
2026-05-08,2351,順德,電子工業,進榜,準備,181.8,80.0,1.0,0,,9.6,1.1,-9.0,-3.3,,,,,183.8,1.1,8.4,1.1,-9.9,-3.6,,,,,2026-05
2026-05-08,2464,盟立,其他電子業,進榜,準備,122.0,72.0,2.0,0,,35.2,1.1,32.8,-3.3,,,,,120.5,-1.2,36.9,1.1,34.4,-3.6,,,,,2026-05
2026-05-08,3702,大聯大,電子工業,進榜,準備,109.67,72.0,1.0,0,,0.9,1.1,3.5,-3.3,,,,,111.1,1.3,-0.4,1.1,2.2,-3.6,,,,,2026-05
2026-05-08,2303,聯電,半導體業,移出,掉出掃描母體,94.88,71.0,,1,,,,,,,,,,,,,,,,,,,,2026-05
2026-05-08,3455,由田,光電業,移出,離高點太遠,256.51,88.0,,36,,,,,,,,,,,,,,,,,,,,2026-05
2026-05-08,3189,景碩,半導體業,移出,離高點太遠,457.22,91.0,,18,,,,,,,,,,,,,,,,,,,,2026-05
2026-05-08,8046,南電,電子工業,移出,離高點太遠,852.21,90.0,,14,,,,,,,,,,,,,,,,,,,,2026-05
2026-05-08,6205,詮欣,電子工業,移出,離高點太遠,83.32,74.0,,9,,,,,,,,,,,,,,,,,,,,2026-05
2026-05-08,4908,前鼎,通信網路業,移出,離高點太遠,228.0,92.0,,8,,,,,,,,,,,,,,,,,,,,2026-05
2026-05-08,2467,志聖,電子工業,移出,離高點太遠,531.95,89.0,,8,,,,,,,,,,,,,,,,,,,,2026-05
2026-05-08,6830,汎銓,其他電子業,移出,離高點太遠,787.0,97.0,,3,,,,,,,,,,,,,,,,,,,,2026-05
2026-05-08,6451,訊芯-KY,半導體業,移出,離高點太遠,440.78,93.0,,3,,,,,,,,,,,,,,,,,,,,2026-05
2026-05-08,4991,環宇-KY,半導體業,移出,離高點太遠,644.0,96.0,,3,,,,,,,,,,,,,,,,,,,,2026-05
2026-05-11,6715,嘉基,電子工業,進榜,觸發,481.87,98.0,1.0,0,,-14.0,-0.9,-22.9,-3.1,,,,,482.4,0.1,-14.1,-1.1,-23.0,-3.3,,,,,2026-05
2026-05-11,6715,嘉基,電子工業,觸發,進榜即觸發,481.87,98.0,1.0,0,481.87,-14.0,-0.9,-22.9,-3.1,,,,,482.4,0.1,-14.1,-1.1,-23.0,-3.3,,,,,2026-05
2026-05-11,6831,邁科,電腦及週邊設備業,進榜,觸發,594.0,91.0,4.0,0,,20.4,-0.9,0.5,-3.1,,,,,600.0,1.0,19.2,-1.1,-0.5,-3.3,,,,,2026-05
2026-05-11,6831,邁科,電腦及週邊設備業,觸發,進榜即觸發,594.0,91.0,4.0,0,594.0,20.4,-0.9,0.5,-3.1,,,,,600.0,1.0,19.2,-1.1,-0.5,-3.3,,,,,2026-05
2026-05-11,4973,廣穎,半導體業,進榜,觸發,109.5,88.0,5.0,0,,46.1,-0.9,35.2,-3.1,,,,,115.5,5.5,38.5,-1.1,28.1,-3.3,,,,,2026-05
2026-05-11,4973,廣穎,半導體業,觸發,進榜即觸發,109.5,88.0,5.0,0,109.5,46.1,-0.9,35.2,-3.1,,,,,115.5,5.5,38.5,-1.1,28.1,-3.3,,,,,2026-05
2026-05-11,2451,創見,半導體業,進榜,觸發,329.74,80.0,6.0,0,,-14.3,-0.9,-14.3,-3.1,,,,,337.9,2.5,-16.3,-1.1,-16.4,-3.3,,,,,2026-05
2026-05-11,2451,創見,半導體業,觸發,進榜即觸發,329.74,80.0,6.0,0,329.74,-14.3,-0.9,-14.3,-3.1,,,,,337.9,2.5,-16.3,-1.1,-16.4,-3.3,,,,,2026-05
2026-05-11,3006,晶豪科,電子工業,進榜,觸發,220.96,79.0,4.0,0,,-6.8,-0.9,8.2,-3.1,,,,,225.9,2.3,-8.8,-1.1,5.8,-3.3,,,,,2026-05
2026-05-11,3006,晶豪科,電子工業,觸發,進榜即觸發,220.96,79.0,4.0,0,220.96,-6.8,-0.9,8.2,-3.1,,,,,225.9,2.3,-8.8,-1.1,5.8,-3.3,,,,,2026-05
2026-05-11,3016,嘉晶,半導體業,進榜,觸發,127.74,77.0,4.0,0,,-19.1,-0.9,-18.7,-3.1,,,,,128.2,0.4,-19.4,-1.1,-19.1,-3.3,,,,,2026-05
2026-05-11,3016,嘉晶,半導體業,觸發,進榜即觸發,127.74,77.0,4.0,0,127.74,-19.1,-0.9,-18.7,-3.1,,,,,128.2,0.4,-19.4,-1.1,-19.1,-3.3,,,,,2026-05
2026-05-11,3481,群創,光電業,進榜,觸發,31.57,76.0,4.0,0,,49.7,-0.9,51.4,-3.1,,,,,33.9,7.4,39.3,-1.1,40.9,-3.3,,,,,2026-05
2026-05-11,3481,群創,光電業,觸發,進榜即觸發,31.57,76.0,4.0,0,31.57,49.7,-0.9,51.4,-3.1,,,,,33.9,7.4,39.3,-1.1,40.9,-3.3,,,,,2026-05
2026-05-11,1809,中釉,玻璃陶瓷,進榜,觸發,39.35,71.0,4.0,0,,35.6,-0.9,-0.0,-3.1,,,,,43.2,9.7,23.6,-1.1,-8.9,-3.3,,,,,2026-05
2026-05-11,1809,中釉,玻璃陶瓷,觸發,進榜即觸發,39.35,71.0,4.0,0,39.35,35.6,-0.9,-0.0,-3.1,,,,,43.2,9.7,23.6,-1.1,-8.9,-3.3,,,,,2026-05
2026-05-11,2408,南亞科,半導體業,進榜,觸發,300.04,71.0,5.0,0,,12.8,-0.9,48.3,-3.1,,,,,311.5,3.8,8.6,-1.1,42.9,-3.3,,,,,2026-05
2026-05-11,2408,南亞科,半導體業,觸發,進榜即觸發,300.04,71.0,5.0,0,300.04,12.8,-0.9,48.3,-3.1,,,,,311.5,3.8,8.6,-1.1,42.9,-3.3,,,,,2026-05
2026-05-11,3209,全科,電子工業,進榜,準備,55.39,72.0,1.0,0,,15.5,-0.9,-3.0,-3.1,,,,,59.2,6.9,8.0,-1.1,-9.3,-3.3,,,,,2026-05
2026-05-11,3430,奇鈦科,化學工業,觸發,等待後觸發,165.92,84.0,2.0,7,132.34,-17.9,-0.9,-31.3,-3.1,,,,,153.1,-7.7,-11.0,-1.1,-25.5,-3.3,,,,,2026-05
2026-05-11,2464,盟立,其他電子業,移出,掉出掃描母體,122.0,72.0,,3,,,,,,,,,,,,,,,,,,,,2026-05
2026-05-11,4967,十銓,半導體業,移出,掉出掃描母體,288.66,72.0,,14,,,,,,,,,,,,,,,,,,,,2026-05
2026-05-11,2426,鼎元,光電業,移出,離高點太遠,66.62,95.0,,12,,,,,,,,,,,,,,,,,,,,2026-05
2026-05-11,5386,青雲,電腦及週邊設備業,移出,離高點太遠,291.84,99.0,,6,,,,,,,,,,,,,,,,,,,,2026-05
2026-05-12,6531,愛普*,半導體業,進榜,觸發,1047.81,87.0,6.0,0,,-8.7,0.0,-14.1,-2.3,,,,,1018.0,-2.8,-6.0,0.3,-11.6,-2.3,,,,,2026-05
2026-05-12,6531,愛普*,半導體業,觸發,進榜即觸發,1047.81,87.0,6.0,0,1047.81,-8.7,0.0,-14.1,-2.3,,,,,1018.0,-2.8,-6.0,0.3,-11.6,-2.3,,,,,2026-05
2026-05-12,6223,旺矽,半導體業,進榜,觸發,5461.34,86.0,6.0,0,,7.4,0.0,15.4,-2.3,,,,,5471.3,0.2,7.2,0.3,15.1,-2.3,,,,,2026-05
2026-05-12,6223,旺矽,半導體業,觸發,進榜即觸發,5461.34,86.0,6.0,0,5461.34,7.4,0.0,15.4,-2.3,,,,,5471.3,0.2,7.2,0.3,15.1,-2.3,,,,,2026-05
2026-05-12,4977,眾達-KY,電子工業,進榜,觸發,256.38,80.0,2.0,0,,-28.8,0.0,-48.0,-2.3,,,,,254.0,-0.9,-28.2,0.3,-47.5,-2.3,,,,,2026-05
2026-05-12,4977,眾達-KY,電子工業,觸發,進榜即觸發,256.38,80.0,2.0,0,256.38,-28.8,0.0,-48.0,-2.3,,,,,254.0,-0.9,-28.2,0.3,-47.5,-2.3,,,,,2026-05
2026-05-12,2303,聯電,半導體業,進榜,觸發,102.74,74.0,2.0,0,,22.0,0.0,18.3,-2.3,,,,,100.3,-2.4,25.0,0.3,21.2,-2.3,,,,,2026-05
2026-05-12,2303,聯電,半導體業,觸發,進榜即觸發,102.74,74.0,2.0,0,102.74,22.0,0.0,18.3,-2.3,,,,,100.3,-2.4,25.0,0.3,21.2,-2.3,,,,,2026-05
2026-05-12,8042,金山電,電子零組件業,進榜,觸發,96.81,73.0,3.0,0,,48.2,0.0,16.2,-2.3,,,,,98.8,2.0,45.3,0.3,13.9,-2.3,,,,,2026-05
2026-05-12,8042,金山電,電子零組件業,觸發,進榜即觸發,96.81,73.0,3.0,0,96.81,48.2,0.0,16.2,-2.3,,,,,98.8,2.0,45.3,0.3,13.9,-2.3,,,,,2026-05
2026-05-12,3587,閎康,其他電子類,進榜,觸發,379.21,71.0,2.0,0,,-21.4,0.0,-29.6,-2.3,,,,,373.8,-1.4,-20.3,0.3,-28.6,-2.3,,,,,2026-05
2026-05-12,3587,閎康,其他電子類,觸發,進榜即觸發,379.21,71.0,2.0,0,379.21,-21.4,0.0,-29.6,-2.3,,,,,373.8,-1.4,-20.3,0.3,-28.6,-2.3,,,,,2026-05
2026-05-12,6291,沛亨,半導體業,進榜,準備,518.0,93.0,3.0,0,,7.7,0.0,-26.1,-2.3,,,,,503.0,-2.9,10.9,0.3,-23.9,-2.3,,,,,2026-05
2026-05-12,2467,志聖,電子工業,進榜,準備,642.9,92.0,3.0,0,,-11.6,0.0,-19.3,-2.3,,,,,629.0,-2.2,-9.6,0.3,-17.5,-2.3,,,,,2026-05
2026-05-12,3583,辛耘,半導體業,進榜,準備,943.23,88.0,1.0,0,,-9.0,0.0,-21.9,-2.3,,,,,906.6,-3.9,-5.4,0.3,-18.7,-2.3,,,,,2026-05
2026-05-12,1597,直得,電機機械,進榜,準備,186.03,83.0,2.0,0,,-14.4,0.0,-23.5,-2.3,,,,,186.0,0.0,-14.4,0.3,-23.5,-2.3,,,,,2026-05
2026-05-12,1560,中砂,電機機械,進榜,準備,663.55,74.0,3.0,0,,-0.4,0.0,4.4,-2.3,,,,,634.7,-4.3,4.1,0.3,9.2,-2.3,,,,,2026-05
2026-05-12,2399,映泰,電子工業,進榜,準備,46.45,70.0,1.0,0,,2.5,0.0,-8.1,-2.3,,,,,45.7,-1.6,4.2,0.3,-6.6,-2.3,,,,,2026-05
2026-05-12,3209,全科,電子工業,觸發,等待後觸發,60.89,78.0,1.0,1,55.39,7.4,0.0,-11.3,-2.3,,,,,57.6,-5.4,13.5,0.3,-6.2,-2.3,,,,,2026-05
2026-05-12,8150,南茂,電子工業,移出,離高點太遠,85.9,78.0,,7,,,,,,,,,,,,,,,,,,,,2026-05
2026-05-13,6217,中探針,電子零組件業,進榜,觸發,341.0,99.0,3.0,0,,-31.7,0.0,-51.6,-1.9,,,,,365.5,7.2,-36.3,-0.2,-54.9,-2.1,,,,,2026-05
2026-05-13,6217,中探針,電子零組件業,觸發,進榜即觸發,341.0,99.0,3.0,0,341.0,-31.7,0.0,-51.6,-1.9,,,,,365.5,7.2,-36.3,-0.2,-54.9,-2.1,,,,,2026-05
2026-05-13,6658,聯策,其他電子業,進榜,準備,211.64,96.0,1.0,0,,-16.8,0.0,-27.7,-1.9,,,,,214.6,1.4,-18.0,-0.2,-28.7,-2.1,,,,,2026-05
2026-05-13,3691,碩禾,光電業,進榜,準備,154.0,72.0,3.0,0,,5.8,0.0,-25.3,-1.9,,,,,154.0,0.0,5.8,-0.2,-25.3,-2.1,,,,,2026-05
2026-05-13,3702,大聯大,電子工業,移出,掉出掃描母體,110.15,70.0,,5,,,,,,,,,,,,,,,,,,,,2026-05
2026-05-13,6683,雍智科技,半導體業,移出,離高點太遠,2124.21,98.0,,48,,,,,,,,,,,,,,,,,,,,2026-05
2026-05-13,3665,貿聯-KY,其他電子業,移出,離高點太遠,2478.62,71.0,,44,,,,,,,,,,,,,,,,,,,,2026-05
2026-05-13,2486,一詮,光電業,移出,離高點太遠,254.53,89.0,,34,,,,,,,,,,,,,,,,,,,,2026-05
2026-05-13,1785,光洋科,其他電子類,移出,離高點太遠,151.45,86.0,,34,,,,,,,,,,,,,,,,,,,,2026-05
2026-05-13,4927,泰鼎-KY,電子工業,移出,離高點太遠,50.8,79.0,,23,,,,,,,,,,,,,,,,,,,,2026-05
2026-05-13,5864,致和證,金融業,移出,掉出掃描母體,30.17,71.0,,13,,,,,,,,,,,,,,,,,,,,2026-05
2026-05-13,4919,新唐,半導體業,移出,離高點太遠,166.0,88.0,,9,,,,,,,,,,,,,,,,,,,,2026-05
2026-05-13,3529,力旺,半導體業,移出,離高點太遠,3894.65,77.0,,8,,,,,,,,,,,,,,,,,,,,2026-05
2026-05-13,4977,眾達-KY,電子工業,移出,突破失敗,230.79,75.0,,1,,,,,,,,,,,,,,,,,,,,2026-05
2026-05-14,2344,華邦電,半導體業,進榜,觸發,134.0,74.0,4.0,0,,16.8,0.0,34.0,-0.9,,,,,132.5,-1.1,18.1,-0.1,35.5,-1.1,,,,,2026-05
2026-05-14,2344,華邦電,半導體業,觸發,進榜即觸發,134.0,74.0,4.0,0,134.0,16.8,0.0,34.0,-0.9,,,,,132.5,-1.1,18.1,-0.1,35.5,-1.1,,,,,2026-05
2026-05-14,8091,翔名,電子零組件業,進榜,觸發,211.88,71.0,2.0,0,,10.0,0.0,12.8,-0.9,,,,,211.9,0.0,10.0,-0.1,12.8,-1.1,,,,,2026-05
2026-05-14,8091,翔名,電子零組件業,觸發,進榜即觸發,211.88,71.0,2.0,0,211.88,10.0,0.0,12.8,-0.9,,,,,211.9,0.0,10.0,-0.1,12.8,-1.1,,,,,2026-05
2026-05-14,8021,尖點,其他電子業,進榜,準備,488.52,93.0,3.0,0,,16.2,0.0,-11.1,-0.9,,,,,468.1,-4.2,21.3,-0.1,-7.2,-1.1,,,,,2026-05
2026-05-14,3691,碩禾,光電業,移出,掉出掃描母體,154.0,72.0,,1,,,,,,,,,,,,,,,,,,,,2026-05
2026-05-14,3533,嘉澤,電子工業,移出,掉出掃描母體,2549.79,72.0,,29,,,,,,,,,,,,,,,,,,,,2026-05
2026-05-14,4764,雙鍵,化學工業,移出,突破失敗,301.44,95.0,,8,,,,,,,,,,,,,,,,,,,,2026-05
2026-05-15,6451,訊芯-KY,半導體業,進榜,觸發,576.71,95.0,2.0,0,,-13.0,1.6,-24.9,0.0,,,,,568.7,-1.4,-11.8,2.0,-23.9,-0.0,,,,,2026-05
2026-05-15,6451,訊芯-KY,半導體業,觸發,進榜即觸發,576.71,95.0,2.0,0,576.71,-13.0,1.6,-24.9,0.0,,,,,568.7,-1.4,-11.8,2.0,-23.9,-0.0,,,,,2026-05
2026-05-15,8043,蜜望實,電子零組件業,進榜,觸發,112.27,77.0,3.0,0,,63.3,1.6,30.5,0.0,,,,,111.3,-0.9,64.7,2.0,31.7,-0.0,,,,,2026-05
2026-05-15,8043,蜜望實,電子零組件業,觸發,進榜即觸發,112.27,77.0,3.0,0,112.27,63.3,1.6,30.5,0.0,,,,,111.3,-0.9,64.7,2.0,31.7,-0.0,,,,,2026-05
2026-05-15,2464,盟立,其他電子業,進榜,準備,126.5,77.0,2.0,0,,17.8,1.6,48.2,0.0,,,,,126.5,0.0,17.8,2.0,48.2,-0.0,,,,,2026-05
2026-05-15,3691,碩禾,光電業,進榜,準備,152.5,74.0,3.0,0,,3.9,1.6,-22.6,0.0,,,,,157.0,3.0,1.0,2.0,-24.8,-0.0,,,,,2026-05
2026-05-15,8438,昶昕,其他,移出,離高點太遠,92.06,86.0,,38,,,,,,,,,,,,,,,,,,,,2026-05
2026-05-15,2368,金像電,電子零組件業,移出,離高點太遠,1280.93,84.0,,36,,,,,,,,,,,,,,,,,,,,2026-05
2026-05-15,3443,創意,半導體業,移出,離高點太遠,4823.03,87.0,,31,,,,,,,,,,,,,,,,,,,,2026-05
2026-05-15,8155,博智,電子零組件業,移出,離高點太遠,393.12,82.0,,30,,,,,,,,,,,,,,,,,,,,2026-05
2026-05-15,7750,新代,電機機械,移出,離高點太遠,2555.0,91.0,,28,,,,,,,,,,,,,,,,,,,,2026-05
2026-05-15,7734,印能科技,半導體業,移出,離高點太遠,3726.67,94.0,,24,,,,,,,,,,,,,,,,,,,,2026-05
2026-05-15,2454,聯發科,半導體業,移出,離高點太遠,3240.64,84.0,,21,,,,,,,,,,,,,,,,,,,,2026-05
2026-05-15,3532,台勝科,半導體業,移出,離高點太遠,221.02,78.0,,11,,,,,,,,,,,,,,,,,,,,2026-05
2026-05-15,6706,惠特,光電業,移出,離高點太遠,158.5,76.0,,11,,,,,,,,,,,,,,,,,,,,2026-05
2026-05-15,6261,久元,半導體業,移出,離高點太遠,111.03,72.0,,9,,,,,,,,,,,,,,,,,,,,2026-05
2026-05-15,2472,立隆電,電子工業,移出,離高點太遠,213.75,78.0,,7,,,,,,,,,,,,,,,,,,,,2026-05
2026-05-15,3016,嘉晶,半導體業,移出,突破失敗,110.34,75.0,,4,,,,,,,,,,,,,,,,,,,,2026-05
2026-05-15,3587,閎康,其他電子類,移出,掉出掃描母體,362.98,72.0,,3,,,,,,,,,,,,,,,,,,,,2026-05
2026-05-15,1560,中砂,電機機械,移出,晚期未觸發,637.73,73.0,,3,,,,,,,,,,,,,,,,,,,,2026-05
2026-05-15,8042,金山電,電子零組件業,移出,離高點太遠,97.21,80.0,,3,,,,,,,,,,,,,,,,,,,,2026-05
2026-05-15,6217,中探針,電子零組件業,移出,離高點太遠,300.0,99.0,,2,,,,,,,,,,,,,,,,,,,,2026-05
2026-05-18,2327,國巨*,電子工業,進榜,觸發,497.43,76.0,4.0,0,,89.0,2.4,21.0,0.0,,,,,497.4,0.0,89.0,2.4,21.0,-0.2,,,,,2026-05
2026-05-18,2327,國巨*,電子工業,觸發,進榜即觸發,497.43,76.0,4.0,0,497.43,89.0,2.4,21.0,0.0,,,,,497.4,0.0,89.0,2.4,21.0,-0.2,,,,,2026-05
2026-05-18,3624,光頡,電子零組件業,進榜,觸發,83.11,72.0,3.0,0,,54.5,2.4,4.1,0.0,,,,,82.7,-0.5,55.3,2.4,4.6,-0.2,,,,,2026-05
2026-05-18,3624,光頡,電子零組件業,觸發,進榜即觸發,83.11,72.0,3.0,0,83.11,54.5,2.4,4.1,0.0,,,,,82.7,-0.5,55.3,2.4,4.6,-0.2,,,,,2026-05
2026-05-18,8064,東捷,光電業,進榜,準備,131.03,92.0,1.0,0,,5.7,2.4,-19.5,0.0,,,,,129.5,-1.1,6.9,2.4,-18.6,-0.2,,,,,2026-05
2026-05-18,4958,臻鼎-KY,電子零組件業,移出,離高點太遠,385.86,83.0,,40,,,,,,,,,,,,,,,,,,,,2026-05
2026-05-18,7769,鴻勁,半導體業,移出,離高點太遠,6571.42,84.0,,31,,,,,,,,,,,,,,,,,,,,2026-05
2026-05-18,8271,宇瞻,半導體業,移出,突破失敗,230.6,84.0,,10,,,,,,,,,,,,,,,,,,,,2026-05
2026-05-18,8021,尖點,其他電子業,移出,離高點太遠,398.88,89.0,,4,,,,,,,,,,,,,,,,,,,,2026-05
2026-05-18,6451,訊芯-KY,半導體業,移出,突破失敗,519.74,93.0,,3,,,,,,,,,,,,,,,,,,,,2026-05
2026-05-19,3055,蔚華科,電子通路業,進榜,觸發,123.61,79.0,1.0,0,,-31.4,2.1,-4.1,0.0,,,,,121.6,-1.6,-30.2,2.2,-2.6,0.1,,,,,2026-05
2026-05-19,3055,蔚華科,電子通路業,觸發,進榜即觸發,123.61,79.0,1.0,0,123.61,-31.4,2.1,-4.1,0.0,,,,,121.6,-1.6,-30.2,2.2,-2.6,0.1,,,,,2026-05
2026-05-19,3673,TPK-KY,光電業,進榜,觸發,73.57,78.0,3.0,0,,4.5,2.1,-14.9,0.0,,,,,74.9,1.9,2.6,2.2,-16.5,0.1,,,,,2026-05
2026-05-19,3673,TPK-KY,光電業,觸發,進榜即觸發,73.57,78.0,3.0,0,73.57,4.5,2.1,-14.9,0.0,,,,,74.9,1.9,2.6,2.2,-16.5,0.1,,,,,2026-05
2026-05-19,3090,日電貿,電子工業,進榜,觸發,160.03,74.0,4.0,0,,69.2,2.1,9.4,0.0,,,,,165.0,3.1,64.2,2.2,6.1,0.1,,,,,2026-05
2026-05-19,3090,日電貿,電子工業,觸發,進榜即觸發,160.03,74.0,4.0,0,160.03,69.2,2.1,9.4,0.0,,,,,165.0,3.1,64.2,2.2,6.1,0.1,,,,,2026-05
2026-05-19,3615,安可,光電業,進榜,觸發,44.29,74.0,1.0,0,,12.7,2.1,-16.3,0.0,,,,,45.8,3.3,9.0,2.2,-19.0,0.1,,,,,2026-05
2026-05-19,3615,安可,光電業,觸發,進榜即觸發,44.29,74.0,1.0,0,44.29,12.7,2.1,-16.3,0.0,,,,,45.8,3.3,9.0,2.2,-19.0,0.1,,,,,2026-05
2026-05-19,3675,德微,半導體業,進榜,觸發,283.5,73.0,1.0,0,,12.9,2.1,-1.9,0.0,,,,,290.5,2.5,10.2,2.2,-4.3,0.1,,,,,2026-05
2026-05-19,3675,德微,半導體業,觸發,進榜即觸發,283.5,73.0,1.0,0,283.5,12.9,2.1,-1.9,0.0,,,,,290.5,2.5,10.2,2.2,-4.3,0.1,,,,,2026-05
2026-05-19,3580,友威科,其他電子類,進榜,觸發,109.55,71.0,1.0,0,,-11.2,2.1,-27.2,0.0,,,,,111.5,1.8,-12.7,2.2,-28.5,0.1,,,,,2026-05
2026-05-19,3580,友威科,其他電子類,觸發,進榜即觸發,109.55,71.0,1.0,0,109.55,-11.2,2.1,-27.2,0.0,,,,,111.5,1.8,-12.7,2.2,-28.5,0.1,,,,,2026-05
2026-05-19,5291,邑昇,電子零組件業,進榜,準備,75.94,89.0,3.0,0,,-16.7,2.1,-26.4,0.0,,,,,76.2,0.4,-17.1,2.2,-26.7,0.1,,,,,2026-05
2026-05-19,2492,華新科,電子工業,進榜,準備,218.84,71.0,3.0,0,,124.5,2.1,44.6,0.0,,,,,222.8,1.8,120.5,2.2,42.0,0.1,,,,,2026-05
2026-05-19,2308,台達電,電子工業,移出,離高點太遠,1905.04,71.0,,63,,,,,,,,,,,,,,,,,,,,2026-05
2026-05-19,6274,台燿,電子零組件業,移出,離高點太遠,1225.0,90.0,,61,,,,,,,,,,,,,,,,,,,,2026-05
2026-05-19,2360,致茂,其他電子業,移出,離高點太遠,2037.76,87.0,,40,,,,,,,,,,,,,,,,,,,,2026-05
2026-05-19,6903,巨漢,其他電子業,移出,離高點太遠,371.73,81.0,,40,,,,,,,,,,,,,,,,,,,,2026-05
2026-05-19,6789,采鈺,半導體業,移出,離高點太遠,516.1,77.0,,29,,,,,,,,,,,,,,,,,,,,2026-05
2026-05-19,6861,睿生光電,化學生技醫療,移出,離高點太遠,406.81,100.0,,28,,,,,,,,,,,,,,,,,,,,2026-05
2026-05-19,3135,凌航,半導體業,移出,離高點太遠,176.24,94.0,,15,,,,,,,,,,,,,,,,,,,,2026-05
2026-05-19,3430,奇鈦科,化學工業,移出,離高點太遠,156.54,85.0,,15,,,,,,,,,,,,,,,,,,,,2026-05
2026-05-19,3030,德律,其他電子業,移出,離高點太遠,353.18,82.0,,15,,,,,,,,,,,,,,,,,,,,2026-05
2026-05-19,3711,日月光投控,半導體業,移出,離高點太遠,467.73,72.0,,15,,,,,,,,,,,,,,,,,,,,2026-05
2026-05-19,2408,南亞科,半導體業,移出,掉出掃描母體,304.02,71.0,,8,,,,,,,,,,,,,,,,,,,,2026-05
2026-05-19,2451,創見,半導體業,移出,突破失敗,294.22,77.0,,8,,,,,,,,,,,,,,,,,,,,2026-05
2026-05-19,3583,辛耘,半導體業,移出,離高點太遠,834.24,87.0,,7,,,,,,,,,,,,,,,,,,,,2026-05
2026-05-19,6291,沛亨,半導體業,移出,晚期未觸發,472.0,93.0,,7,,,,,,,,,,,,,,,,,,,,2026-05
2026-05-19,6658,聯策,其他電子業,移出,離高點太遠,181.83,95.0,,6,,,,,,,,,,,,,,,,,,,,2026-05
2026-05-19,2344,華邦電,半導體業,移出,掉出掃描母體,130.5,75.0,,5,,,,,,,,,,,,,,,,,,,,2026-05
2026-05-20,8042,金山電,電子零組件業,進榜,準備,115.44,89.0,3.0,0,,69.4,2.7,-2.5,-0.1,,,,,118.9,3.0,64.4,2.2,-5.4,-1.0,,,,,2026-05
2026-05-20,3702,大聯大,電子工業,進榜,準備,114.99,76.0,1.0,0,,-10.1,2.7,-3.4,-0.1,,,,,113.1,-1.7,-8.5,2.2,-1.7,-1.0,,,,,2026-05
2026-05-20,3236,千如,電子零組件業,進榜,準備,43.4,71.0,3.0,0,,52.8,2.7,4.1,-0.1,,,,,45.3,4.3,46.5,2.2,-0.2,-1.0,,,,,2026-05
2026-05-20,5291,邑昇,電子零組件業,移出,離高點太遠,71.17,88.0,,1,,,,,,,,,,,,,,,,,,,,2026-05
2026-05-20,2383,台光電,電子工業,移出,離高點太遠,4375.02,90.0,,117,,,,,,,,,,,,,,,,,,,,2026-05
2026-05-20,3264,欣銓,半導體業,移出,離高點太遠,202.48,75.0,,41,,,,,,,,,,,,,,,,,,,,2026-05
2026-05-20,8027,鈦昇,電機機械,移出,離高點太遠,240.0,85.0,,21,,,,,,,,,,,,,,,,,,,,2026-05
2026-05-20,3581,博磊,半導體業,移出,離高點太遠,204.08,95.0,,20,,,,,,,,,,,,,,,,,,,,2026-05
2026-05-20,8299,群聯,半導體業,移出,掉出掃描母體,2447.13,73.0,,14,,,,,,,,,,,,,,,,,,,,2026-05
2026-05-20,6278,台表科,光電業,移出,離高點太遠,197.36,80.0,,12,,,,,,,,,,,,,,,,,,,,2026-05
2026-05-20,4973,廣穎,半導體業,移出,離高點太遠,109.0,91.0,,9,,,,,,,,,,,,,,,,,,,,2026-05
2026-05-20,6531,愛普*,半導體業,移出,離高點太遠,966.36,85.0,,8,,,,,,,,,,,,,,,,,,,,2026-05
2026-05-20,2467,志聖,電子工業,移出,離高點太遠,548.79,89.0,,8,,,,,,,,,,,,,,,,,,,,2026-05
2026-05-20,3691,碩禾,光電業,移出,掉出掃描母體,147.0,72.0,,5,,,,,,,,,,,,,,,,,,,,2026-05
2026-05-20,3055,蔚華科,電子通路業,移出,突破失敗,111.65,71.0,,1,,,,,,,,,,,,,,,,,,,,2026-05
2026-05-20,3580,友威科,其他電子類,移出,掉出掃描母體,109.55,71.0,,1,,,,,,,,,,,,,,,,,,,,2026-05
2026-05-21,2478,大毅,電子工業,進榜,觸發,114.72,74.0,3.0,0,,101.7,1.9,9.0,-1.2,,,,,124.1,8.2,86.5,1.7,0.7,-1.6,,,,,2026-05
2026-05-21,2478,大毅,電子工業,觸發,進榜即觸發,114.72,74.0,3.0,0,114.72,101.7,1.9,9.0,-1.2,,,,,124.1,8.2,86.5,1.7,0.7,-1.6,,,,,2026-05
2026-05-21,2355,敬鵬,電子工業,進榜,觸發,63.47,71.0,3.0,0,,-10.9,1.9,-33.3,-1.2,,,,,63.3,-0.3,-10.6,1.7,-33.1,-1.6,,,,,2026-05
2026-05-21,2355,敬鵬,電子工業,觸發,進榜即觸發,63.47,71.0,3.0,0,63.47,-10.9,1.9,-33.3,-1.2,,,,,63.3,-0.3,-10.6,1.7,-33.1,-1.6,,,,,2026-05
2026-05-21,4542,科嶠,電子零組件業,進榜,準備,259.5,94.0,3.0,0,,56.8,1.9,2.1,-1.2,,,,,269.0,3.7,51.3,1.7,-1.5,-1.6,,,,,2026-05
2026-05-21,4958,臻鼎-KY,電子零組件業,進榜,準備,466.31,89.0,3.0,0,,37.7,1.9,7.9,-1.2,,,,,477.7,2.4,34.4,1.7,5.3,-1.6,,,,,2026-05
2026-05-21,5291,邑昇,電子零組件業,進榜,準備,78.22,88.0,3.0,0,,-17.1,1.9,-29.3,-1.2,,,,,79.4,1.5,-18.4,1.7,-30.4,-1.6,,,,,2026-05
2026-05-21,6155,鈞寶,電子零組件業,進榜,準備,58.85,72.0,2.0,0,,65.8,1.9,2.6,-1.2,,,,,58.7,-0.3,66.4,1.7,3.0,-1.6,,,,,2026-05
2026-05-21,6175,立敦,電子零組件業,進榜,準備,83.64,70.0,3.0,0,,33.8,1.9,-7.6,-1.2,,,,,83.4,-0.2,34.1,1.7,-7.4,-1.6,,,,,2026-05
2026-05-21,3236,千如,電子零組件業,觸發,等待後觸發,47.7,74.0,3.0,1,43.55,47.2,1.9,-6.5,-1.2,,,,,52.0,9.0,35.0,1.7,-14.3,-1.6,,,,,2026-05
2026-05-21,1597,直得,電機機械,移出,離高點太遠,165.64,81.0,,9,,,,,,,,,,,,,,,,,,,,2026-05
2026-05-21,6223,旺矽,半導體業,移出,離高點太遠,5630.76,85.0,,9,,,,,,,,,,,,,,,,,,,,2026-05
2026-05-21,8064,東捷,光電業,移出,離高點太遠,119.62,90.0,,3,,,,,,,,,,,,,,,,,,,,2026-05
2026-05-21,3615,安可,光電業,移出,掉出掃描母體,41.58,71.0,,2,,,,,,,,,,,,,,,,,,,,2026-05
2026-05-22,2426,鼎元,光電業,進榜,觸發,83.1,99.0,2.0,0,,8.2,1.4,-19.3,-2.7,,,,,83.2,0.1,8.1,1.2,-19.4,-3.2,,,,,2026-05
2026-05-22,2426,鼎元,光電業,觸發,進榜即觸發,83.1,99.0,2.0,0,83.1,8.2,1.4,-19.3,-2.7,,,,,83.2,0.1,8.1,1.2,-19.4,-3.2,,,,,2026-05
2026-05-22,3581,博磊,半導體業,進榜,觸發,246.89,97.0,2.0,0,,-28.2,1.4,-56.9,-2.7,,,,,271.3,9.9,-34.7,1.2,-60.7,-3.2,,,,,2026-05
2026-05-22,3581,博磊,半導體業,觸發,進榜即觸發,246.89,97.0,2.0,0,246.89,-28.2,1.4,-56.9,-2.7,,,,,271.3,9.9,-34.7,1.2,-60.7,-3.2,,,,,2026-05
2026-05-22,4991,環宇-KY,半導體業,進榜,觸發,814.0,97.0,3.0,0,,-30.7,1.4,-40.4,-2.7,,,,,865.0,6.3,-34.8,1.2,-43.9,-3.2,,,,,2026-05
2026-05-22,4991,環宇-KY,半導體業,觸發,進榜即觸發,814.0,97.0,3.0,0,814.0,-30.7,1.4,-40.4,-2.7,,,,,865.0,6.3,-34.8,1.2,-43.9,-3.2,,,,,2026-05
2026-05-22,2489,瑞軒,光電業,進榜,觸發,50.09,90.0,3.0,0,,-1.4,1.4,-37.9,-2.7,,,,,55.1,9.9,-10.3,1.2,-43.5,-3.2,,,,,2026-05
2026-05-22,2489,瑞軒,光電業,觸發,進榜即觸發,50.09,90.0,3.0,0,50.09,-1.4,1.4,-37.9,-2.7,,,,,55.1,9.9,-10.3,1.2,-43.5,-3.2,,,,,2026-05
2026-05-22,8289,泰藝,電子零組件業,進榜,觸發,66.66,89.0,5.0,0,,0.8,1.4,-30.6,-2.7,,,,,71.0,6.6,-5.4,1.2,-34.9,-3.2,,,,,2026-05
2026-05-22,8289,泰藝,電子零組件業,觸發,進榜即觸發,66.66,89.0,5.0,0,66.66,0.8,1.4,-30.6,-2.7,,,,,71.0,6.6,-5.4,1.2,-34.9,-3.2,,,,,2026-05
2026-05-22,2455,全新,通信網路業,進榜,觸發,422.13,85.0,3.0,0,,-3.6,1.4,-1.1,-2.7,,,,,432.1,2.4,-5.9,1.2,-3.4,-3.2,,,,,2026-05
2026-05-22,2455,全新,通信網路業,觸發,進榜即觸發,422.13,85.0,3.0,0,422.13,-3.6,1.4,-1.1,-2.7,,,,,432.1,2.4,-5.9,1.2,-3.4,-3.2,,,,,2026-05
2026-05-22,3221,台嘉碩,通信網路業,進榜,觸發,56.12,82.0,2.0,0,,4.8,1.4,-17.1,-2.7,,,,,61.5,9.6,-4.4,1.2,-24.4,-3.2,,,,,2026-05
2026-05-22,3221,台嘉碩,通信網路業,觸發,進榜即觸發,56.12,82.0,2.0,0,56.12,4.8,1.4,-17.1,-2.7,,,,,61.5,9.6,-4.4,1.2,-24.4,-3.2,,,,,2026-05
2026-05-22,2484,希華,電子工業,進榜,觸發,48.85,77.0,4.0,0,,35.7,1.4,45.8,-2.7,,,,,51.9,6.3,27.7,1.2,37.2,-3.2,,,,,2026-05
2026-05-22,2484,希華,電子工業,觸發,進榜即觸發,48.85,77.0,4.0,0,48.85,35.7,1.4,45.8,-2.7,,,,,51.9,6.3,27.7,1.2,37.2,-3.2,,,,,2026-05
2026-05-22,3042,晶技,電子工業,進榜,觸發,172.53,73.0,1.0,0,,14.8,1.4,3.5,-2.7,,,,,189.7,9.9,4.4,1.2,-5.9,-3.2,,,,,2026-05
2026-05-22,3042,晶技,電子工業,觸發,進榜即觸發,172.53,73.0,1.0,0,172.53,14.8,1.4,3.5,-2.7,,,,,189.7,9.9,4.4,1.2,-5.9,-3.2,,,,,2026-05
2026-05-22,3048,益登,電子通路業,進榜,觸發,73.35,72.0,3.0,0,,-2.8,1.4,-24.5,-2.7,,,,,77.9,6.2,-8.5,1.2,-28.9,-3.2,,,,,2026-05
2026-05-22,3048,益登,電子通路業,觸發,進榜即觸發,73.35,72.0,3.0,0,73.35,-2.8,1.4,-24.5,-2.7,,,,,77.9,6.2,-8.5,1.2,-28.9,-3.2,,,,,2026-05
2026-05-22,3615,安可,光電業,進榜,觸發,46.8,72.0,2.0,0,,28.1,1.4,-23.0,-2.7,,,,,49.2,5.2,21.8,1.2,-26.7,-3.2,,,,,2026-05
2026-05-22,3615,安可,光電業,觸發,進榜即觸發,46.8,72.0,2.0,0,46.8,28.1,1.4,-23.0,-2.7,,,,,49.2,5.2,21.8,1.2,-26.7,-3.2,,,,,2026-05
2026-05-22,8096,擎亞,電子通路業,進榜,觸發,118.5,70.0,3.0,0,,32.9,1.4,-7.2,-2.7,,,,,121.0,2.1,30.2,1.2,-9.1,-3.2,,,,,2026-05
2026-05-22,8096,擎亞,電子通路業,觸發,進榜即觸發,118.5,70.0,3.0,0,118.5,32.9,1.4,-7.2,-2.7,,,,,121.0,2.1,30.2,1.2,-9.1,-3.2,,,,,2026-05
2026-05-22,4919,新唐,半導體業,進榜,準備,199.5,95.0,1.0,0,,8.3,1.4,-40.9,-2.7,,,,,210.5,5.5,2.6,1.2,-43.9,-3.2,,,,,2026-05
2026-05-22,4908,前鼎,通信網路業,進榜,準備,265.25,94.0,3.0,0,,-24.7,1.4,-43.8,-2.7,,,,,291.6,9.9,-31.5,1.2,-48.9,-3.2,,,,,2026-05
2026-05-22,6274,台燿,電子零組件業,進榜,準備,1455.0,93.0,3.0,0,,30.6,1.4,6.2,-2.7,,,,,1600.0,10.0,18.8,1.2,-3.4,-3.2,,,,,2026-05
2026-05-22,6291,沛亨,半導體業,進榜,準備,541.0,93.0,3.0,0,,9.2,1.4,-30.8,-2.7,,,,,553.0,2.2,6.9,1.2,-32.3,-3.2,,,,,2026-05
2026-05-22,6278,台表科,光電業,進榜,準備,238.19,83.0,1.0,0,,-15.9,1.4,-27.8,-2.7,,,,,246.0,3.3,-18.6,1.2,-30.1,-3.2,,,,,2026-05
2026-05-22,6166,凌華,電腦及週邊設備業,進榜,準備,125.88,76.0,2.0,0,,24.4,1.4,-2.7,-2.7,,,,,127.4,1.2,23.0,1.2,-3.8,-3.2,,,,,2026-05
2026-05-22,4760,勤凱,其他電子類,進榜,準備,334.34,75.0,3.0,0,,12.0,1.4,-27.9,-2.7,,,,,362.8,8.5,3.2,1.2,-33.5,-3.2,,,,,2026-05
2026-05-22,6706,惠特,光電業,進榜,準備,185.0,71.0,1.0,0,,-8.1,1.4,-35.9,-2.7,,,,,189.0,2.2,-10.1,1.2,-37.3,-3.2,,,,,2026-05
2026-05-22,6715,嘉基,電子工業,移出,離高點太遠,454.3,97.0,,11,,,,,,,,,,,,,,,,,,,,2026-05
2026-05-22,3673,TPK-KY,光電業,移出,掉出掃描母體,72.4,72.0,,3,,,,,,,,,,,,,,,,,,,,2026-05
2026-05-22,3702,大聯大,電子工業,移出,掉出掃描母體,119.33,75.0,,2,,,,,,,,,,,,,,,,,,,,2026-05
2026-05-22,2355,敬鵬,電子工業,移出,掉出掃描母體,63.47,71.0,,1,,,,,,,,,,,,,,,,,,,,2026-05
2026-05-25,5386,青雲,電腦及週邊設備業,進榜,觸發,362.56,99.0,3.0,0,,-8.1,0.4,-36.4,-3.3,,,,,369.9,2.0,-9.9,0.4,-37.7,-3.5,,,,,2026-05
2026-05-25,5386,青雲,電腦及週邊設備業,觸發,進榜即觸發,362.56,99.0,3.0,0,362.56,-8.1,0.4,-36.4,-3.3,,,,,369.9,2.0,-9.9,0.4,-37.7,-3.5,,,,,2026-05
2026-05-25,8064,東捷,光電業,進榜,觸發,144.44,92.0,1.0,0,,7.2,0.4,-31.3,-3.3,,,,,149.9,3.8,3.3,0.4,-33.8,-3.5,,,,,2026-05
2026-05-25,8064,東捷,光電業,觸發,進榜即觸發,144.44,92.0,1.0,0,144.44,7.2,0.4,-31.3,-3.3,,,,,149.9,3.8,3.3,0.4,-33.8,-3.5,,,,,2026-05
2026-05-25,2454,聯發科,半導體業,進榜,觸發,4219.79,89.0,3.0,0,,6.8,0.4,-8.9,-3.3,,,,,4349.0,3.1,3.7,0.4,-11.6,-3.5,,,,,2026-05
2026-05-25,2454,聯發科,半導體業,觸發,進榜即觸發,4219.79,89.0,3.0,0,4219.79,6.8,0.4,-8.9,-3.3,,,,,4349.0,3.1,3.7,0.4,-11.6,-3.5,,,,,2026-05
2026-05-25,1597,直得,電機機械,進榜,觸發,199.96,84.0,2.0,0,,-23.4,0.4,-32.8,-3.3,,,,,209.9,5.0,-27.0,0.4,-36.0,-3.5,,,,,2026-05
2026-05-25,1597,直得,電機機械,觸發,進榜即觸發,199.96,84.0,2.0,0,199.96,-23.4,0.4,-32.8,-3.3,,,,,209.9,5.0,-27.0,0.4,-36.0,-3.5,,,,,2026-05
2026-05-25,4927,泰鼎-KY,電子工業,進榜,觸發,61.9,83.0,4.0,0,,-21.0,0.4,-47.9,-3.3,,,,,63.9,3.2,-23.5,0.4,-49.5,-3.5,,,,,2026-05
2026-05-25,4927,泰鼎-KY,電子工業,觸發,進榜即觸發,61.9,83.0,4.0,0,61.9,-21.0,0.4,-47.9,-3.3,,,,,63.9,3.2,-23.5,0.4,-49.5,-3.5,,,,,2026-05
2026-05-25,3532,台勝科,半導體業,進榜,觸發,272.41,82.0,4.0,0,,36.6,0.4,30.9,-3.3,,,,,296.4,8.8,25.6,0.4,20.3,-3.5,,,,,2026-05
2026-05-25,3532,台勝科,半導體業,觸發,進榜即觸發,272.41,82.0,4.0,0,272.41,36.6,0.4,30.9,-3.3,,,,,296.4,8.8,25.6,0.4,20.3,-3.5,,,,,2026-05
2026-05-25,6182,合晶,半導體業,進榜,觸發,76.8,81.0,4.0,0,,49.1,0.4,43.2,-3.3,,,,,84.4,9.9,35.7,0.4,30.3,-3.5,,,,,2026-05
2026-05-25,6182,合晶,半導體業,觸發,進榜即觸發,76.8,81.0,4.0,0,76.8,49.1,0.4,43.2,-3.3,,,,,84.4,9.9,35.7,0.4,30.3,-3.5,,,,,2026-05
2026-05-25,3711,日月光投控,半導體業,進榜,觸發,611.42,80.0,3.0,0,,7.3,0.4,-3.8,-3.3,,,,,630.2,3.1,4.1,0.4,-6.7,-3.5,,,,,2026-05
2026-05-25,3711,日月光投控,半導體業,觸發,進榜即觸發,611.42,80.0,3.0,0,611.42,7.3,0.4,-3.8,-3.3,,,,,630.2,3.1,4.1,0.4,-6.7,-3.5,,,,,2026-05
2026-05-25,6658,聯策,其他電子業,進榜,準備,210.65,95.0,2.0,0,,-11.0,0.4,-25.7,-3.3,,,,,223.1,5.9,-15.9,0.4,-29.8,-3.5,,,,,2026-05
2026-05-25,6451,訊芯-KY,半導體業,進榜,準備,575.71,94.0,3.0,0,,3.5,0.4,-28.1,-3.3,,,,,599.7,4.2,-0.7,0.4,-31.0,-3.5,,,,,2026-05
2026-05-25,2467,志聖,電子工業,進榜,準備,656.77,91.0,2.0,0,,-11.7,0.4,-16.7,-3.3,,,,,663.7,1.1,-12.6,0.4,-17.6,-3.5,,,,,2026-05
2026-05-25,3673,TPK-KY,光電業,進榜,準備,77.57,72.0,3.0,0,,3.4,0.4,-23.3,-3.3,,,,,83.1,7.2,-3.5,0.4,-28.4,-3.5,,,,,2026-05
2026-05-25,6196,帆宣,其他電子業,進榜,準備,480.21,71.0,3.0,0,,11.3,0.4,4.1,-3.3,,,,,483.2,0.6,10.6,0.4,3.5,-3.5,,,,,2026-05
2026-05-25,4919,新唐,半導體業,觸發,等待後觸發,219.0,95.0,1.0,3,199.5,-11.2,0.4,-46.8,-3.3,,,,,226.0,3.2,-13.9,0.4,-48.5,-3.5,,,,,2026-05
2026-05-25,4908,前鼎,通信網路業,觸發,等待後觸發,291.58,95.0,3.0,3,272.7,-27.9,0.4,-48.0,-3.3,,,,,309.0,6.0,-32.0,0.4,-51.0,-3.5,,,,,2026-05
2026-05-25,2464,盟立,其他電子業,觸發,等待後觸發,158.0,79.0,2.0,10,126.5,8.9,0.4,14.9,-3.3,,,,,163.5,3.5,5.2,0.4,11.0,-3.5,,,,,2026-05
2026-05-25,6706,惠特,光電業,移出,掉出掃描母體,185.0,71.0,,3,,,,,,,,,,,,,,,,,,,,2026-05
2026-05-25,6155,鈞寶,電子零組件業,移出,掉出掃描母體,60.64,71.0,,4,,,,,,,,,,,,,,,,,,,,2026-05
2026-05-25,2478,大毅,電子工業,移出,掉出掃描母體,126.09,75.0,,4,,,,,,,,,,,,,,,,,,,,2026-05
2026-05-25,3048,益登,電子通路業,移出,掉出掃描母體,73.35,72.0,,3,,,,,,,,,,,,,,,,,,,,2026-05
2026-05-26,2472,立隆電,電子工業,進榜,觸發,302.41,89.0,4.0,0,,17.6,0.7,-26.1,-2.6,,,,,332.0,9.8,7.1,0.5,-32.7,-3.2,,,,,2026-05
2026-05-26,2472,立隆電,電子工業,觸發,進榜即觸發,302.41,89.0,4.0,0,302.41,17.6,0.7,-26.1,-2.6,,,,,332.0,9.8,7.1,0.5,-32.7,-3.2,,,,,2026-05
2026-05-26,6435,大中,半導體業,進榜,觸發,271.86,81.0,5.0,0,,28.3,0.7,-6.8,-2.6,,,,,286.5,5.4,21.8,0.5,-11.5,-3.2,,,,,2026-05
2026-05-26,6435,大中,半導體業,觸發,進榜即觸發,271.86,81.0,5.0,0,271.86,28.3,0.7,-6.8,-2.6,,,,,286.5,5.4,21.8,0.5,-11.5,-3.2,,,,,2026-05
2026-05-26,6706,惠特,光電業,進榜,觸發,197.0,75.0,1.0,0,,-18.8,0.7,-40.6,-2.6,,,,,204.5,3.8,-21.8,0.5,-42.8,-3.2,,,,,2026-05
2026-05-26,6706,惠特,光電業,觸發,進榜即觸發,197.0,75.0,1.0,0,197.0,-18.8,0.7,-40.6,-2.6,,,,,204.5,3.8,-21.8,0.5,-42.8,-3.2,,,,,2026-05
2026-05-26,6488,環球晶,半導體業,進榜,觸發,862.66,72.0,2.0,0,,11.4,0.7,15.1,-2.6,,,,,879.6,2.0,9.3,0.5,12.9,-3.2,,,,,2026-05
2026-05-26,6488,環球晶,半導體業,觸發,進榜即觸發,862.66,72.0,2.0,0,862.66,11.4,0.7,15.1,-2.6,,,,,879.6,2.0,9.3,0.5,12.9,-3.2,,,,,2026-05
2026-05-26,8261,富鼎,半導體業,進榜,觸發,190.72,71.0,3.0,0,,27.4,0.7,-5.9,-2.6,,,,,209.4,9.8,16.0,0.5,-14.3,-3.2,,,,,2026-05
2026-05-26,8261,富鼎,半導體業,觸發,進榜即觸發,190.72,71.0,3.0,0,190.72,27.4,0.7,-5.9,-2.6,,,,,209.4,9.8,16.0,0.5,-14.3,-3.2,,,,,2026-05
2026-05-26,6426,統新,通信網路業,進榜,準備,288.5,90.0,3.0,0,,-26.7,0.7,-13.3,-2.6,,,,,290.0,0.5,-27.1,0.5,-13.8,-3.2,,,,,2026-05
2026-05-26,7769,鴻勁,半導體業,進榜,準備,7800.79,86.0,2.0,0,,-14.5,0.7,-17.3,-2.6,,,,,7756.4,-0.6,-14.0,0.5,-16.8,-3.2,,,,,2026-05
2026-05-26,2308,台達電,電子工業,進榜,準備,2337.78,75.0,2.0,0,,-14.4,0.7,-25.4,-2.6,,,,,2477.0,6.0,-19.3,0.5,-29.6,-3.2,,,,,2026-05
2026-05-26,6449,鈺邦,電子工業,進榜,準備,348.55,73.0,2.0,0,,7.9,0.7,-36.0,-2.6,,,,,378.8,8.7,-0.7,0.5,-41.1,-3.2,,,,,2026-05
2026-05-26,3450,聯鈞,其他電子業,進榜,準備,528.94,72.0,2.0,0,,9.8,0.7,4.5,-2.6,,,,,531.9,0.6,9.2,0.5,4.0,-3.2,,,,,2026-05
2026-05-26,2351,順德,電子工業,觸發,等待後觸發,214.58,82.0,1.0,18,181.8,0.7,0.7,-14.5,-2.6,,,,,226.0,5.3,-4.4,0.5,-18.8,-3.2,,,,,2026-05
2026-05-26,6658,聯策,其他電子業,觸發,等待後觸發,231.51,96.0,2.0,1,214.62,-18.8,0.7,-29.2,-2.6,,,,,243.4,5.2,-22.8,0.5,-32.6,-3.2,,,,,2026-05
2026-05-26,3673,TPK-KY,光電業,觸發,等待後觸發,85.28,74.0,3.0,1,79.62,-4.3,0.7,-23.7,-2.6,,,,,89.1,4.5,-8.4,0.5,-26.9,-3.2,,,,,2026-05
2026-05-26,6175,立敦,電子零組件業,移出,掉出掃描母體,92.47,73.0,,5,,,,,,,,,,,,,,,,,,,,2026-05
2026-05-26,8096,擎亞,電子通路業,移出,掉出掃描母體,124.5,72.0,,4,,,,,,,,,,,,,,,,,,,,2026-05
2026-05-26,3028,增你強,電子工業,移出,掉出掃描母體,76.58,73.0,,47,,,,,,,,,,,,,,,,,,,,2026-05
2026-05-26,3624,光頡,電子零組件業,移出,掉出掃描母體,93.23,71.0,,8,,,,,,,,,,,,,,,,,,,,2026-05
2026-05-27,3131,弘塑,其他電子類,進榜,觸發,3363.1,79.0,3.0,0,,4.2,0.8,-31.3,-2.1,,,,,3584.0,6.6,-2.2,0.8,-35.5,-2.5,,,,,2026-05
2026-05-27,3131,弘塑,其他電子類,觸發,進榜即觸發,3363.1,79.0,3.0,0,3363.1,4.2,0.8,-31.3,-2.1,,,,,3584.0,6.6,-2.2,0.8,-35.5,-2.5,,,,,2026-05
2026-05-27,2344,華邦電,半導體業,進榜,觸發,155.0,71.0,4.0,0,,41.6,0.8,16.8,-2.1,,,,,151.0,-2.6,45.4,0.8,19.9,-2.5,,,,,2026-05
2026-05-27,2344,華邦電,半導體業,觸發,進榜即觸發,155.0,71.0,4.0,0,155.0,41.6,0.8,16.8,-2.1,,,,,151.0,-2.6,45.4,0.8,19.9,-2.5,,,,,2026-05
2026-05-27,2360,致茂,其他電子業,進榜,準備,2602.98,88.0,3.0,0,,-16.1,0.8,-19.3,-2.1,,,,,2538.5,-2.5,-13.9,0.8,-17.3,-2.5,,,,,2026-05
2026-05-27,6175,立敦,電子零組件業,進榜,準備,95.61,71.0,3.0,0,,19.6,0.8,-22.5,-2.1,,,,,94.4,-1.2,21.1,0.8,-21.5,-2.5,,,,,2026-05
2026-05-27,6291,沛亨,半導體業,觸發,等待後觸發,645.0,93.0,3.0,5,541.0,-7.9,0.8,-39.8,-2.1,,,,,650.0,0.8,-8.6,0.8,-40.2,-2.5,,,,,2026-05
2026-05-27,3581,博磊,半導體業,移出,離高點太遠,250.87,97.0,,5,,,,,,,,,,,,,,,,,,,,2026-05
2026-05-27,4908,前鼎,通信網路業,移出,離高點太遠,257.8,92.0,,5,,,,,,,,,,,,,,,,,,,,2026-05
2026-05-27,3615,安可,光電業,移出,掉出掃描母體,50.19,75.0,,5,,,,,,,,,,,,,,,,,,,,2026-05
2026-05-27,6196,帆宣,其他電子業,移出,掉出掃描母體,499.97,70.0,,2,,,,,,,,,,,,,,,,,,,,2026-05
2026-05-28,4973,廣穎,半導體業,進榜,觸發,152.5,95.0,5.0,0,,18.0,-0.2,3.3,-1.9,,,,,165.0,8.2,9.1,-1.1,-4.5,-2.9,,,,,2026-05
2026-05-28,4973,廣穎,半導體業,觸發,進榜即觸發,152.5,95.0,5.0,0,152.5,18.0,-0.2,3.3,-1.9,,,,,165.0,8.2,9.1,-1.1,-4.5,-2.9,,,,,2026-05
2026-05-28,5425,台半,半導體業,進榜,觸發,111.78,72.0,3.0,0,,0.0,-0.2,-23.0,-1.9,,,,,122.5,9.6,-8.8,-1.1,-29.7,-2.9,,,,,2026-05
2026-05-28,5425,台半,半導體業,觸發,進榜即觸發,111.78,72.0,3.0,0,111.78,0.0,-0.2,-23.0,-1.9,,,,,122.5,9.6,-8.8,-1.1,-29.7,-2.9,,,,,2026-05
2026-05-28,8150,南茂,電子工業,進榜,觸發,101.7,72.0,4.0,0,,-5.3,-0.2,-13.8,-1.9,,,,,111.6,9.7,-13.7,-1.1,-21.4,-2.9,,,,,2026-05
2026-05-28,8150,南茂,電子工業,觸發,進榜即觸發,101.7,72.0,4.0,0,101.7,-5.3,-0.2,-13.8,-1.9,,,,,111.6,9.7,-13.7,-1.1,-21.4,-2.9,,,,,2026-05
2026-05-28,5864,致和證,金融業,進榜,準備,35.52,77.0,3.0,0,,11.4,-0.2,-4.3,-1.9,,,,,36.7,3.4,7.8,-1.1,-7.4,-2.9,,,,,2026-05
2026-05-28,6116,彩晶,電子工業,進榜,準備,15.55,71.0,2.0,0,,17.4,-0.2,-8.7,-1.9,,,,,16.5,6.1,10.6,-1.1,-13.9,-2.9,,,,,2026-05
2026-05-28,4760,勤凱,其他電子類,觸發,等待後觸發,417.19,83.0,3.0,6,334.34,-26.0,-0.2,-39.8,-1.9,,,,,458.9,10.0,-32.7,-1.1,-45.3,-2.9,,,,,2026-05
2026-05-28,1727,中華化,化學工業,移出,離高點太遠,94.04,81.0,,34,,,,,,,,,,,,,,,,,,,,2026-05
2026-05-28,6727,亞泰金屬,電子零組件業,移出,離高點太遠,571.77,94.0,,20,,,,,,,,,,,,,,,,,,,,2026-05
2026-05-28,1809,中釉,玻璃陶瓷,移出,離高點太遠,41.49,72.0,,17,,,,,,,,,,,,,,,,,,,,2026-05
2026-05-28,8043,蜜望實,電子零組件業,移出,掉出掃描母體,131.14,73.0,,13,,,,,,,,,,,,,,,,,,,,2026-05
2026-05-28,3236,千如,電子零組件業,移出,掉出掃描母體,56.25,73.0,,8,,,,,,,,,,,,,,,,,,,,2026-05
2026-05-28,4958,臻鼎-KY,電子零組件業,移出,晚期未觸發,482.7,90.0,,7,,,,,,,,,,,,,,,,,,,,2026-05
2026-05-28,5291,邑昇,電子零組件業,移出,離高點太遠,70.48,82.0,,7,,,,,,,,,,,,,,,,,,,,2026-05
2026-05-28,4991,環宇-KY,半導體業,移出,離高點太遠,705.0,95.0,,6,,,,,,,,,,,,,,,,,,,,2026-05
2026-05-28,4919,新唐,半導體業,移出,離高點太遠,188.5,92.0,,6,,,,,,,,,,,,,,,,,,,,2026-05
2026-05-28,2489,瑞軒,光電業,移出,離高點太遠,46.78,85.0,,6,,,,,,,,,,,,,,,,,,,,2026-05
2026-05-28,8064,東捷,光電業,移出,突破失敗,132.03,90.0,,3,,,,,,,,,,,,,,,,,,,,2026-05
2026-05-28,1597,直得,電機機械,移出,離高點太遠,179.56,82.0,,3,,,,,,,,,,,,,,,,,,,,2026-05
2026-05-28,3450,聯鈞,其他電子業,移出,掉出掃描母體,500.0,70.0,,2,,,,,,,,,,,,,,,,,,,,2026-05
2026-05-28,2344,華邦電,半導體業,移出,掉出掃描母體,155.0,71.0,,1,,,,,,,,,,,,,,,,,,,,2026-05
2026-05-29,8358,金居,電子零組件業,進榜,觸發,605.23,82.0,4.0,0,,-10.2,-0.7,-29.1,-3.0,,,,,634.1,4.8,-14.3,-0.9,-32.3,-3.2,,,,,2026-05
2026-05-29,8358,金居,電子零組件業,觸發,進榜即觸發,605.23,82.0,4.0,0,605.23,-10.2,-0.7,-29.1,-3.0,,,,,634.1,4.8,-14.3,-0.9,-32.3,-3.2,,,,,2026-05
2026-05-29,6127,九豪,電子零組件業,進榜,觸發,67.3,75.0,4.0,0,,25.6,-0.7,-29.0,-3.0,,,,,74.0,10.0,14.2,-0.9,-35.5,-3.2,,,,,2026-05
2026-05-29,6127,九豪,電子零組件業,觸發,進榜即觸發,67.3,75.0,4.0,0,67.3,25.6,-0.7,-29.0,-3.0,,,,,74.0,10.0,14.2,-0.9,-35.5,-3.2,,,,,2026-05
2026-05-29,6016,康和證,金融業,進榜,觸發,26.14,72.0,1.0,0,,-7.1,-0.7,-26.2,-3.0,,,,,26.3,0.7,-7.7,-0.9,-26.7,-3.2,,,,,2026-05
2026-05-29,6016,康和證,金融業,觸發,進榜即觸發,26.14,72.0,1.0,0,26.14,-7.1,-0.7,-26.2,-3.0,,,,,26.3,0.7,-7.7,-0.9,-26.7,-3.2,,,,,2026-05
2026-05-29,5274,信驊,半導體業,進榜,準備,17148.18,86.0,3.0,0,,-19.4,-0.7,-10.2,-3.0,,,,,17487.5,2.0,-20.9,-0.9,-11.9,-3.2,,,,,2026-05
2026-05-29,2478,大毅,電子工業,進榜,準備,137.46,74.0,3.0,0,,47.5,-0.7,-12.3,-3.0,,,,,138.9,1.1,45.9,-0.9,-13.3,-3.2,,,,,2026-05
2026-05-29,8043,蜜望實,電子零組件業,進榜,準備,140.08,74.0,3.0,0,,25.2,-0.7,-5.4,-3.0,,,,,154.0,9.9,13.9,-0.9,-14.0,-3.2,,,,,2026-05
2026-05-29,3624,光頡,電子零組件業,進榜,準備,109.09,73.0,3.0,0,,26.4,-0.7,-19.8,-3.0,,,,,113.1,3.6,21.9,-0.9,-22.6,-3.2,,,,,2026-05
2026-05-29,6197,佳必琪,電子零組件業,進榜,準備,291.09,72.0,3.0,0,,16.0,-0.7,2.7,-3.0,,,,,294.5,1.2,14.6,-0.9,1.5,-3.2,,,,,2026-05
2026-05-29,5864,致和證,金融業,觸發,等待後觸發,38.37,79.0,3.0,1,36.27,4.8,-0.7,-12.8,-3.0,,,,,38.9,1.3,3.4,-0.9,-13.9,-3.2,,,,,2026-05
2026-05-29,6116,彩晶,電子工業,觸發,等待後觸發,17.1,76.0,2.0,1,15.95,12.6,-0.7,-17.5,-3.0,,,,,18.2,6.7,5.5,-0.9,-22.7,-3.2,,,,,2026-05
2026-05-29,4927,泰鼎-KY,電子工業,移出,突破失敗,56.2,71.0,,4,,,,,,,,,,,,,,,,,,,,2026-05
2026-05-29,8261,富鼎,半導體業,移出,掉出掃描母體,187.27,73.0,,3,,,,,,,,,,,,,,,,,,,,2026-05
2026-06-01,8064,東捷,光電業,進榜,觸發,155.85,94.0,1.0,0,,-6.3,-0.6,-33.6,-3.1,,,,,157.8,1.3,-7.5,-0.9,-34.4,-3.4,,,,,2026-06
2026-06-01,8064,東捷,光電業,觸發,進榜即觸發,155.85,94.0,1.0,0,155.85,-6.3,-0.6,-33.6,-3.1,,,,,157.8,1.3,-7.5,-0.9,-34.4,-3.4,,,,,2026-06
2026-06-01,3234,光環,通信網路業,進榜,觸發,112.92,82.0,4.0,0,,7.6,-0.6,59.9,-3.1,,,,,122.9,8.9,-1.2,-0.9,46.8,-3.4,,,,,2026-06
2026-06-01,3234,光環,通信網路業,觸發,進榜即觸發,112.92,82.0,4.0,0,112.92,7.6,-0.6,59.9,-3.1,,,,,122.9,8.9,-1.2,-0.9,46.8,-3.4,,,,,2026-06
2026-06-01,3450,聯鈞,其他電子業,進榜,觸發,537.92,73.0,2.0,0,,-1.1,-0.6,6.7,-3.1,,,,,553.9,3.0,-4.0,-0.9,3.6,-3.4,,,,,2026-06
2026-06-01,3450,聯鈞,其他電子業,觸發,進榜即觸發,537.92,73.0,2.0,0,537.92,-1.1,-0.6,6.7,-3.1,,,,,553.9,3.0,-4.0,-0.9,3.6,-3.4,,,,,2026-06
2026-06-01,4939,亞電,電子零組件業,進榜,觸發,55.24,71.0,4.0,0,,16.4,-0.6,42.6,-3.1,,,,,59.3,7.4,8.4,-0.9,32.8,-3.4,,,,,2026-06
2026-06-01,4939,亞電,電子零組件業,觸發,進榜即觸發,55.24,71.0,4.0,0,55.24,16.4,-0.6,42.6,-3.1,,,,,59.3,7.4,8.4,-0.9,32.8,-3.4,,,,,2026-06
2026-06-01,8027,鈦昇,電機機械,進榜,準備,283.0,90.0,3.0,0,,-23.5,-0.6,-37.1,-3.1,,,,,297.0,4.9,-27.1,-0.9,-40.1,-3.4,,,,,2026-06
2026-06-01,8096,擎亞,電子通路業,進榜,準備,134.5,81.0,3.0,0,,14.9,-0.6,-19.7,-3.1,,,,,137.0,1.9,12.8,-0.9,-21.2,-3.4,,,,,2026-06
2026-06-01,6658,聯策,其他電子業,移出,離高點太遠,206.18,96.0,,7,,,,,,,,,,,,,,,,,,,,2026-06
2026-06-01,6175,立敦,電子零組件業,移出,晚期未觸發,97.97,74.0,,5,,,,,,,,,,,,,,,,,,,,2026-06
2026-06-01,3131,弘塑,其他電子類,移出,離高點太遠,3205.99,74.0,,5,,,,,,,,,,,,,,,,,,,,2026-06
2026-06-01,5425,台半,半導體業,移出,掉出掃描母體,113.73,71.0,,4,,,,,,,,,,,,,,,,,,,,2026-06
2026-06-01,4760,勤凱,其他電子類,移出,離高點太遠,420.62,79.0,,10,,,,,,,,,,,,,,,,,,,,2026-06
2026-06-01,8150,南茂,電子工業,移出,掉出掃描母體,111.57,75.0,,4,,,,,,,,,,,,,,,,,,,,2026-06
2026-06-02,6265,方土昶,電子通路業,進榜,觸發,61.6,86.0,4.0,0,,-18.3,-0.8,-5.7,-3.3,,,,,62.3,1.1,-19.3,-1.2,-6.7,-3.7,,,,,2026-06
2026-06-02,6265,方土昶,電子通路業,觸發,進榜即觸發,61.6,86.0,4.0,0,61.6,-18.3,-0.8,-5.7,-3.3,,,,,62.3,1.1,-19.3,-1.2,-6.7,-3.7,,,,,2026-06
2026-06-02,1809,中釉,玻璃陶瓷,進榜,觸發,52.27,85.0,3.0,0,,4.9,-0.8,-24.9,-3.3,,,,,57.4,9.9,-4.5,-1.2,-31.7,-3.7,,,,,2026-06
2026-06-02,1809,中釉,玻璃陶瓷,觸發,進榜即觸發,52.27,85.0,3.0,0,52.27,4.9,-0.8,-24.9,-3.3,,,,,57.4,9.9,-4.5,-1.2,-31.7,-3.7,,,,,2026-06
2026-06-02,2344,華邦電,半導體業,進榜,觸發,184.5,82.0,4.0,0,,3.0,-0.8,0.8,-3.3,,,,,188.0,1.9,1.1,-1.2,-1.1,-3.7,,,,,2026-06
2026-06-02,2344,華邦電,半導體業,觸發,進榜即觸發,184.5,82.0,4.0,0,184.5,3.0,-0.8,0.8,-3.3,,,,,188.0,1.9,1.1,-1.2,-1.1,-3.7,,,,,2026-06
2026-06-02,2408,南亞科,半導體業,進榜,觸發,418.16,74.0,5.0,0,,0.4,-0.8,29.4,-3.3,,,,,428.6,2.5,-2.1,-1.2,26.2,-3.7,,,,,2026-06
2026-06-02,2408,南亞科,半導體業,觸發,進榜即觸發,418.16,74.0,5.0,0,418.16,0.4,-0.8,29.4,-3.3,,,,,428.6,2.5,-2.1,-1.2,26.2,-3.7,,,,,2026-06
2026-06-02,2409,友達,光電業,進榜,觸發,25.71,70.0,4.0,0,,17.2,-0.8,-1.8,-3.3,,,,,27.0,5.2,11.5,-1.2,-6.6,-3.7,,,,,2026-06
2026-06-02,2409,友達,光電業,觸發,進榜即觸發,25.71,70.0,4.0,0,25.71,17.2,-0.8,-1.8,-3.3,,,,,27.0,5.2,11.5,-1.2,-6.6,-3.7,,,,,2026-06
2026-06-02,6196,帆宣,其他電子業,進榜,準備,510.84,72.0,3.0,0,,11.8,-0.8,-2.6,-3.3,,,,,522.7,2.3,9.2,-1.2,-4.8,-3.7,,,,,2026-06
2026-06-02,4576,大銀微系統,電機機械,移出,離高點太遠,237.15,76.0,,35,,,,,,,,,,,,,,,,,,,,2026-06
2026-06-02,6831,邁科,電腦及週邊設備業,移出,離高點太遠,686.0,93.0,,22,,,,,,,,,,,,,,,,,,,,2026-06
2026-06-02,4542,科嶠,電子零組件業,移出,離高點太遠,236.5,93.0,,12,,,,,,,,,,,,,,,,,,,,2026-06
2026-06-02,6278,台表科,光電業,移出,離高點太遠,208.54,74.0,,11,,,,,,,,,,,,,,,,,,,,2026-06
2026-06-02,2426,鼎元,光電業,移出,離高點太遠,71.5,98.0,,11,,,,,,,,,,,,,,,,,,,,2026-06
2026-06-02,7769,鴻勁,半導體業,移出,離高點太遠,7084.89,81.0,,7,,,,,,,,,,,,,,,,,,,,2026-06
2026-06-02,2360,致茂,其他電子業,移出,晚期未觸發,2399.7,84.0,,6,,,,,,,,,,,,,,,,,,,,2026-06
2026-06-02,4939,亞電,電子零組件業,移出,掉出掃描母體,55.24,71.0,,1,,,,,,,,,,,,,,,,,,,,2026-06
2026-06-03,2855,統一證,金融保險,進榜,觸發,52.1,70.0,1.0,0,,-4.5,-1.3,-6.8,-4.3,,,,,52.9,1.5,-5.9,-1.2,-8.2,-4.4,,,,,2026-06
2026-06-03,2855,統一證,金融保險,觸發,進榜即觸發,52.1,70.0,1.0,0,52.1,-4.5,-1.3,-6.8,-4.3,,,,,52.9,1.5,-5.9,-1.2,-8.2,-4.4,,,,,2026-06
2026-06-03,6207,雷科,電子零組件業,進榜,準備,138.9,87.0,2.0,0,,9.0,-1.3,-20.1,-4.3,,,,,141.4,1.8,7.0,-1.2,-21.5,-4.4,,,,,2026-06
2026-06-03,3498,陽程,其他電子類,移出,離高點太遠,138.0,86.0,,30,,,,,,,,,,,,,,,,,,,,2026-06
2026-06-03,2303,聯電,半導體業,移出,離高點太遠,128.3,85.0,,22,,,,,,,,,,,,,,,,,,,,2026-06
2026-06-03,6426,統新,通信網路業,移出,離高點太遠,242.5,88.0,,8,,,,,,,,,,,,,,,,,,,,2026-06
2026-06-03,2478,大毅,電子工業,移出,掉出掃描母體,141.42,73.0,,5,,,,,,,,,,,,,,,,,,,,2026-06
2026-06-03,8096,擎亞,電子通路業,移出,晚期未觸發,136.5,85.0,,2,,,,,,,,,,,,,,,,,,,,2026-06
2026-06-04,6548,長科*,半導體業,進榜,觸發,97.62,75.0,4.0,0,,-6.2,-0.6,-26.9,-5.0,,,,,96.4,-1.2,-5.0,-0.6,-26.0,-4.8,,,,,2026-06
2026-06-04,6548,長科*,半導體業,觸發,進榜即觸發,97.62,75.0,4.0,0,97.62,-6.2,-0.6,-26.9,-5.0,,,,,96.4,-1.2,-5.0,-0.6,-26.0,-4.8,,,,,2026-06
2026-06-04,9105,泰金寶-DR,存託憑證,進榜,觸發,12.59,75.0,2.0,0,,-26.8,-0.6,-30.8,-5.0,,,,,13.0,3.5,-29.3,-0.6,-33.2,-4.8,,,,,2026-06
2026-06-04,9105,泰金寶-DR,存託憑證,觸發,進榜即觸發,12.59,75.0,2.0,0,12.59,-26.8,-0.6,-30.8,-5.0,,,,,13.0,3.5,-29.3,-0.6,-33.2,-4.8,,,,,2026-06
2026-06-04,3049,精金,電子工業,進榜,準備,17.3,71.0,3.0,0,,-24.0,-0.6,-21.7,-5.0,,,,,17.4,0.3,-24.2,-0.6,-21.9,-4.8,,,,,2026-06
2026-06-04,6173,信昌電,電子零組件業,移出,離高點太遠,214.08,92.0,,27,,,,,,,,,,,,,,,,,,,,2026-06
2026-06-04,2464,盟立,其他電子業,移出,離高點太遠,170.0,86.0,,20,,,,,,,,,,,,,,,,,,,,2026-06
2026-06-04,2492,華新科,電子工業,移出,晚期未觸發,389.93,92.0,,16,,,,,,,,,,,,,,,,,,,,2026-06
2026-06-04,8042,金山電,電子零組件業,移出,晚期未觸發,147.65,88.0,,15,,,,,,,,,,,,,,,,,,,,2026-06
2026-06-04,6291,沛亨,半導體業,移出,離高點太遠,590.0,91.0,,13,,,,,,,,,,,,,,,,,,,,2026-06
2026-06-04,3532,台勝科,半導體業,移出,離高點太遠,290.37,89.0,,10,,,,,,,,,,,,,,,,,,,,2026-06
2026-06-04,6488,環球晶,半導體業,移出,離高點太遠,866.65,76.0,,9,,,,,,,,,,,,,,,,,,,,2026-06
2026-06-04,8043,蜜望實,電子零組件業,移出,掉出掃描母體,150.02,71.0,,6,,,,,,,,,,,,,,,,,,,,2026-06
2026-06-04,3624,光頡,電子零組件業,移出,掉出掃描母體,114.05,74.0,,6,,,,,,,,,,,,,,,,,,,,2026-06
2026-06-04,8358,金居,電子零組件業,移出,離高點太遠,562.43,76.0,,6,,,,,,,,,,,,,,,,,,,,2026-06
2026-06-05,2478,大毅,電子工業,進榜,準備,148.34,77.0,3.0,0,,43.3,0.0,-16.7,-4.1,,,,,133.5,-10.0,59.3,4.2,-7.5,0.0,,,,,2026-06
2026-06-05,3049,精金,電子工業,移出,掉出掃描母體,17.3,71.0,,1,,,,,,,,,,,,,,,,,,,,2026-06
2026-06-05,3037,欣興,電子工業,移出,離高點太遠,931.09,97.0,,58,,,,,,,,,,,,,,,,,,,,2026-06
2026-06-05,3006,晶豪科,電子工業,移出,離高點太遠,221.46,78.0,,25,,,,,,,,,,,,,,,,,,,,2026-06
2026-06-05,6182,合晶,半導體業,移出,離高點太遠,85.5,89.0,,11,,,,,,,,,,,,,,,,,,,,2026-06
2026-06-05,5386,青雲,電腦及週邊設備業,移出,離高點太遠,339.31,99.0,,11,,,,,,,,,,,,,,,,,,,,2026-06
2026-06-05,2467,志聖,電子工業,移出,離高點太遠,574.55,84.0,,11,,,,,,,,,,,,,,,,,,,,2026-06
2026-06-05,6706,惠特,光電業,移出,掉出掃描母體,194.5,73.0,,10,,,,,,,,,,,,,,,,,,,,2026-06
2026-06-05,6116,彩晶,電子工業,移出,離高點太遠,18.45,83.0,,8,,,,,,,,,,,,,,,,,,,,2026-06
2026-06-05,3450,聯鈞,其他電子業,移出,離高點太遠,500.0,73.0,,4,,,,,,,,,,,,,,,,,,,,2026-06
2026-06-05,2344,華邦電,半導體業,移出,離高點太遠,162.0,81.0,,3,,,,,,,,,,,,,,,,,,,,2026-06
2026-06-05,2408,南亞科,半導體業,移出,離高點太遠,358.85,72.0,,3,,,,,,,,,,,,,,,,,,,,2026-06
2026-06-05,6548,長科*,半導體業,移出,突破失敗,89.26,71.0,,1,,,,,,,,,,,,,,,,,,,,2026-06
2026-06-05,9105,泰金寶-DR,存託憑證,移出,離高點太遠,11.35,71.0,,1,,,,,,,,,,,,,,,,,,,,2026-06
2026-06-08,4542,科嶠,電子零組件業,進榜,觸發,314.5,99.0,2.0,0,,28.3,0.7,-5.4,-1.5,,,,,345.5,9.9,16.8,0.7,-13.9,-1.8,,,,,2026-06
2026-06-08,4542,科嶠,電子零組件業,觸發,進榜即觸發,314.5,99.0,2.0,0,314.5,28.3,0.7,-5.4,-1.5,,,,,345.5,9.9,16.8,0.7,-13.9,-1.8,,,,,2026-06
2026-06-08,8043,蜜望實,電子零組件業,進榜,觸發,173.86,84.0,3.0,0,,2.6,0.7,-18.3,-1.5,,,,,191.2,10.0,-6.8,0.7,-25.8,-1.8,,,,,2026-06
2026-06-08,8043,蜜望實,電子零組件業,觸發,進榜即觸發,173.86,84.0,3.0,0,173.86,2.6,0.7,-18.3,-1.5,,,,,191.2,10.0,-6.8,0.7,-25.8,-1.8,,,,,2026-06
2026-06-08,4939,亞電,電子零組件業,進榜,觸發,65.6,77.0,4.0,0,,-9.9,0.7,35.5,-1.5,,,,,66.0,0.6,-10.5,0.7,34.7,-1.8,,,,,2026-06
2026-06-08,4939,亞電,電子零組件業,觸發,進榜即觸發,65.6,77.0,4.0,0,65.6,-9.9,0.7,35.5,-1.5,,,,,66.0,0.6,-10.5,0.7,34.7,-1.8,,,,,2026-06
2026-06-08,7788,松川精密,電子零組件業,進榜,觸發,243.86,72.0,3.0,0,,-5.5,0.7,29.6,-1.5,,,,,247.8,1.6,-7.0,0.7,27.5,-1.8,,,,,2026-06
2026-06-08,7788,松川精密,電子零組件業,觸發,進榜即觸發,243.86,72.0,3.0,0,243.86,-5.5,0.7,29.6,-1.5,,,,,247.8,1.6,-7.0,0.7,27.5,-1.8,,,,,2026-06
2026-06-08,6693,廣閎科,半導體業,進榜,準備,164.6,78.0,3.0,0,,50.9,0.7,5.1,-1.5,,,,,166.6,1.2,49.1,0.7,3.8,-1.8,,,,,2026-06
2026-06-08,6147,頎邦,半導體業,移出,離高點太遠,240.01,99.0,,67,,,,,,,,,,,,,,,,,,,,2026-06
2026-06-08,2351,順德,電子工業,移出,離高點太遠,181.8,81.0,,31,,,,,,,,,,,,,,,,,,,,2026-06
2026-06-08,3481,群創,光電業,移出,離高點太遠,47.26,93.0,,28,,,,,,,,,,,,,,,,,,,,2026-06
2026-06-08,3209,全科,電子工業,移出,離高點太遠,64.0,76.0,,28,,,,,,,,,,,,,,,,,,,,2026-06
2026-06-08,2399,映泰,電子工業,移出,離高點太遠,44.65,72.0,,27,,,,,,,,,,,,,,,,,,,,2026-06
2026-06-08,8091,翔名,電子零組件業,移出,掉出掃描母體,236.95,71.0,,25,,,,,,,,,,,,,,,,,,,,2026-06
2026-06-08,3675,德微,半導體業,移出,離高點太遠,346.0,83.0,,20,,,,,,,,,,,,,,,,,,,,2026-06
2026-06-08,3090,日電貿,電子工業,移出,離高點太遠,206.32,85.0,,20,,,,,,,,,,,,,,,,,,,,2026-06
2026-06-08,6274,台燿,電子零組件業,移出,離高點太遠,1535.0,96.0,,17,,,,,,,,,,,,,,,,,,,,2026-06
2026-06-08,2455,全新,通信網路業,移出,離高點太遠,357.08,81.0,,17,,,,,,,,,,,,,,,,,,,,2026-06
2026-06-08,8289,泰藝,電子零組件業,移出,離高點太遠,65.86,91.0,,17,,,,,,,,,,,,,,,,,,,,2026-06
2026-06-08,6451,訊芯-KY,半導體業,移出,離高點太遠,599.7,97.0,,14,,,,,,,,,,,,,,,,,,,,2026-06
2026-06-08,2454,聯發科,半導體業,移出,離高點太遠,4045.83,93.0,,14,,,,,,,,,,,,,,,,,,,,2026-06
2026-06-08,3711,日月光投控,半導體業,移出,離高點太遠,535.11,79.0,,14,,,,,,,,,,,,,,,,,,,,2026-06
2026-06-08,3673,TPK-KY,光電業,移出,離高點太遠,80.79,75.0,,14,,,,,,,,,,,,,,,,,,,,2026-06
2026-06-08,2472,立隆電,電子工業,移出,離高點太遠,333.93,94.0,,13,,,,,,,,,,,,,,,,,,,,2026-06
2026-06-08,6449,鈺邦,電子工業,移出,離高點太遠,333.7,75.0,,13,,,,,,,,,,,,,,,,,,,,2026-06
2026-06-08,8064,東捷,光電業,移出,離高點太遠,150.89,96.0,,7,,,,,,,,,,,,,,,,,,,,2026-06
2026-06-08,6265,方土昶,電子通路業,移出,離高點太遠,52.9,84.0,,6,,,,,,,,,,,,,,,,,,,,2026-06
2026-06-08,2409,友達,光電業,移出,離高點太遠,23.99,71.0,,6,,,,,,,,,,,,,,,,,,,,2026-06
2026-06-08,6207,雷科,電子零組件業,移出,離高點太遠,129.94,89.0,,5,,,,,,,,,,,,,,,,,,,,2026-06
2026-06-09,3167,大量,電機機械,進榜,觸發,946.41,98.0,5.0,0,,-14.8,-0.2,,,,,,,935.5,-1.2,-13.8,0.2,,,,,,,2026-06
2026-06-09,3167,大量,電機機械,觸發,進榜即觸發,946.41,98.0,5.0,0,946.41,-14.8,-0.2,,,,,,,935.5,-1.2,-13.8,0.2,,,,,,,2026-06
2026-06-09,8021,尖點,其他電子業,進榜,觸發,503.95,94.0,4.0,0,,2.4,-0.2,,,,,,,516.9,2.6,-0.2,0.2,,,,,,,2026-06
2026-06-09,8021,尖點,其他電子業,觸發,進榜即觸發,503.95,94.0,4.0,0,503.95,2.4,-0.2,,,,,,,516.9,2.6,-0.2,0.2,,,,,,,2026-06
2026-06-09,8996,高力,電機機械,進榜,觸發,1330.0,81.0,4.0,0,,-0.8,-0.2,,,,,,,1335.0,0.4,-1.1,0.2,,,,,,,2026-06
2026-06-09,8996,高力,電機機械,觸發,進榜即觸發,1330.0,81.0,4.0,0,1330.0,-0.8,-0.2,,,,,,,1335.0,0.4,-1.1,0.2,,,,,,,2026-06
2026-06-09,2368,金像電,電子零組件業,進榜,觸發,1484.49,79.0,4.0,0,,-22.5,-0.2,,,,,,,1489.5,0.3,-22.8,0.2,,,,,,,2026-06
2026-06-09,2368,金像電,電子零組件業,觸發,進榜即觸發,1484.49,79.0,4.0,0,1484.49,-22.5,-0.2,,,,,,,1489.5,0.3,-22.8,0.2,,,,,,,2026-06
2026-06-09,2059,川湖,電子工業,進榜,觸發,6771.12,74.0,5.0,0,,19.1,-0.2,,,,,,,6586.8,-2.7,22.5,0.2,,,,,,,2026-06
2026-06-09,2059,川湖,電子工業,觸發,進榜即觸發,6771.12,74.0,5.0,0,6771.12,19.1,-0.2,,,,,,,6586.8,-2.7,22.5,0.2,,,,,,,2026-06
2026-06-09,2478,大毅,電子工業,觸發,等待後觸發,165.15,87.0,3.0,4,150.81,8.4,-0.2,,,,,,,162.2,-1.8,10.4,0.2,,,,,,,2026-06
2026-06-09,6016,康和證,金融業,移出,離高點太遠,25.88,74.0,,11,,,,,,,,,,,,,,,,,,,,2026-06
2026-06-09,8027,鈦昇,電機機械,移出,離高點太遠,248.5,88.0,,8,,,,,,,,,,,,,,,,,,,,2026-06
2026-06-09,7788,松川精密,電子零組件業,移出,掉出掃描母體,243.86,72.0,,1,,,,,,,,,,,,,,,,,,,,2026-06
2026-06-10,7788,松川精密,電子零組件業,進榜,觸發,256.25,80.0,3.0,0,,-3.1,0.4,,,,,,,260.7,1.7,-4.8,0.5,,,,,,,2026-06
2026-06-10,7788,松川精密,電子零組件業,觸發,進榜即觸發,256.25,80.0,3.0,0,256.25,-3.1,0.4,,,,,,,260.7,1.7,-4.8,0.5,,,,,,,2026-06
2026-06-10,5864,致和證,金融業,移出,離高點太遠,38.9,88.0,,13,,,,,,,,,,,,,,,,,,,,2026-06
2026-06-10,5274,信驊,半導體業,移出,晚期未觸發,15238.81,84.0,,12,,,,,,,,,,,,,,,,,,,,2026-06
2026-06-10,3234,光環,通信網路業,移出,離高點太遠,107.68,83.0,,9,,,,,,,,,,,,,,,,,,,,2026-06
2026-06-10,1809,中釉,玻璃陶瓷,移出,離高點太遠,50.38,89.0,,8,,,,,,,,,,,,,,,,,,,,2026-06
2026-06-10,4939,亞電,電子零組件業,移出,離高點太遠,60.1,73.0,,2,,,,,,,,,,,,,,,,,,,,2026-06
2026-06-10,6127,九豪,電子零組件業,移出,離高點太遠,77.0,89.0,,12,,,,,,,,,,,,,,,,,,,,2026-06
2026-06-10,3167,大量,電機機械,移出,離高點太遠,853.86,97.0,,1,,,,,,,,,,,,,,,,,,,,2026-06
2026-06-10,8996,高力,電機機械,移出,突破失敗,1220.0,79.0,,1,,,,,,,,,,,,,,,,,,,,2026-06
2026-06-11,2493,揚博,電子工業,進榜,準備,185.71,73.0,2.0,0,,38.7,0.0,,,,,,,203.9,9.8,26.3,-0.6,,,,,,,2026-06
2026-06-11,7610,聯友金屬,綠能環保,移出,離高點太遠,1279.81,100.0,,35,,,,,,,,,,,,,,,,,,,,2026-06
2026-06-11,2308,台達電,電子工業,移出,離高點太遠,2148.76,78.0,,16,,,,,,,,,,,,,,,,,,,,2026-06
2026-06-11,6435,大中,半導體業,移出,離高點太遠,251.4,78.0,,16,,,,,,,,,,,,,,,,,,,,2026-06
2026-06-11,6693,廣閎科,半導體業,移出,晚期未觸發,154.63,72.0,,3,,,,,,,,,,,,,,,,,,,,2026-06
2026-06-11,4542,科嶠,電子零組件業,移出,離高點太遠,305.0,99.0,,3,,,,,,,,,,,,,,,,,,,,2026-06
2026-06-11,2368,金像電,電子零組件業,移出,突破失敗,1335.55,71.0,,2,,,,,,,,,,,,,,,,,,,,2026-06
2026-06-11,2059,川湖,電子工業,移出,掉出掃描母體,6347.61,70.0,,2,,,,,,,,,,,,,,,,,,,,2026-06
2026-06-12,6173,信昌電,電子零組件業,進榜,觸發,274.68,99.0,3.0,0,,-13.0,-1.7,,,,,,,296.0,7.8,-19.3,-2.3,,,,,,,2026-06
2026-06-12,6173,信昌電,電子零組件業,觸發,進榜即觸發,274.68,99.0,3.0,0,274.68,-13.0,-1.7,,,,,,,296.0,7.8,-19.3,-2.3,,,,,,,2026-06
2026-06-12,8042,金山電,電子零組件業,進榜,觸發,170.5,95.0,3.0,0,,-10.9,-1.7,,,,,,,187.5,10.0,-18.9,-2.3,,,,,,,2026-06
2026-06-12,8042,金山電,電子零組件業,觸發,進榜即觸發,170.5,95.0,3.0,0,170.5,-10.9,-1.7,,,,,,,187.5,10.0,-18.9,-2.3,,,,,,,2026-06
2026-06-12,3090,日電貿,電子工業,進榜,觸發,252.11,93.0,4.0,0,,-7.8,-1.7,,,,,,,269.3,6.8,-13.7,-2.3,,,,,,,2026-06
2026-06-12,3090,日電貿,電子工業,觸發,進榜即觸發,252.11,93.0,4.0,0,252.11,-7.8,-1.7,,,,,,,269.3,6.8,-13.7,-2.3,,,,,,,2026-06
2026-06-12,3236,千如,電子零組件業,進榜,觸發,62.48,86.0,3.0,0,,-13.8,-1.7,,,,,,,64.1,2.5,-15.9,-2.3,,,,,,,2026-06
2026-06-12,3236,千如,電子零組件業,觸發,進榜即觸發,62.48,86.0,3.0,0,62.48,-13.8,-1.7,,,,,,,64.1,2.5,-15.9,-2.3,,,,,,,2026-06
2026-06-12,8105,凌巨,光電業,進榜,觸發,22.45,72.0,1.0,0,,-18.0,-1.7,,,,,,,22.8,1.6,-19.3,-2.3,,,,,,,2026-06
2026-06-12,8105,凌巨,光電業,觸發,進榜即觸發,22.45,72.0,1.0,0,22.45,-18.0,-1.7,,,,,,,22.8,1.6,-19.3,-2.3,,,,,,,2026-06
2026-06-12,8021,尖點,其他電子業,移出,離高點太遠,519.89,96.0,,3,,,,,,,,,,,,,,,,,,,,2026-06
2026-06-12,2855,統一證,金融保險,移出,離高點太遠,48.45,70.0,,9,,,,,,,,,,,,,,,,,,,,2026-06
2026-06-15,3532,台勝科,半導體業,進榜,觸發,358.23,95.0,3.0,0,,46.0,-1.3,,,,,,,369.2,3.1,41.7,-1.6,,,,,,,2026-06
2026-06-15,3532,台勝科,半導體業,觸發,進榜即觸發,358.23,95.0,3.0,0,358.23,46.0,-1.3,,,,,,,369.2,3.1,41.7,-1.6,,,,,,,2026-06
2026-06-15,6449,鈺邦,電子工業,進榜,觸發,458.46,91.0,2.0,0,,-36.4,-1.3,,,,,,,451.0,-1.6,-35.4,-1.6,,,,,,,2026-06
2026-06-15,6449,鈺邦,電子工業,觸發,進榜即觸發,458.46,91.0,2.0,0,458.46,-36.4,-1.3,,,,,,,451.0,-1.6,-35.4,-1.6,,,,,,,2026-06
2026-06-15,3624,光頡,電子零組件業,進榜,觸發,128.43,88.0,3.0,0,,-11.2,-1.3,,,,,,,132.4,3.1,-13.9,-1.6,,,,,,,2026-06
2026-06-15,3624,光頡,電子零組件業,觸發,進榜即觸發,128.43,88.0,3.0,0,128.43,-11.2,-1.3,,,,,,,132.4,3.1,-13.9,-1.6,,,,,,,2026-06
2026-06-15,2375,凱美,電子工業,進榜,觸發,187.66,80.0,3.0,0,,-10.3,-1.3,,,,,,,195.1,4.0,-13.7,-1.6,,,,,,,2026-06
2026-06-15,2375,凱美,電子工業,觸發,進榜即觸發,187.66,80.0,3.0,0,187.66,-10.3,-1.3,,,,,,,195.1,4.0,-13.7,-1.6,,,,,,,2026-06
2026-06-15,6155,鈞寶,電子零組件業,進榜,觸發,89.37,78.0,2.0,0,,-24.5,-1.3,,,,,,,91.6,2.5,-26.3,-1.6,,,,,,,2026-06
2026-06-15,6155,鈞寶,電子零組件業,觸發,進榜即觸發,89.37,78.0,2.0,0,89.37,-24.5,-1.3,,,,,,,91.6,2.5,-26.3,-1.6,,,,,,,2026-06
2026-06-15,6693,廣閎科,半導體業,進榜,觸發,185.05,78.0,3.0,0,,17.3,-1.3,,,,,,,189.0,2.2,14.8,-1.6,,,,,,,2026-06
2026-06-15,6693,廣閎科,半導體業,觸發,進榜即觸發,185.05,78.0,3.0,0,185.05,17.3,-1.3,,,,,,,189.0,2.2,14.8,-1.6,,,,,,,2026-06
2026-06-15,3008,大立光,光電業,進榜,觸發,4379.99,74.0,2.0,0,,-8.6,-1.3,,,,,,,4439.5,1.4,-9.8,-1.6,,,,,,,2026-06
2026-06-15,3008,大立光,光電業,觸發,進榜即觸發,4379.99,74.0,2.0,0,4379.99,-8.6,-1.3,,,,,,,4439.5,1.4,-9.8,-1.6,,,,,,,2026-06
2026-06-15,1714,和桐,化學工業,進榜,觸發,16.52,71.0,4.0,0,,0.0,-1.3,,,,,,,17.2,4.2,-4.0,-1.6,,,,,,,2026-06
2026-06-15,1714,和桐,化學工業,觸發,進榜即觸發,16.52,71.0,4.0,0,16.52,0.0,-1.3,,,,,,,17.2,4.2,-4.0,-1.6,,,,,,,2026-06
2026-06-15,4958,臻鼎-KY,電子零組件業,進榜,準備,590.0,97.0,3.0,0,,4.7,-1.3,,,,,,,596.0,1.0,3.7,-1.6,,,,,,,2026-06
2026-06-15,8096,擎亞,電子通路業,進榜,準備,145.5,89.0,3.0,0,,0.3,-1.3,,,,,,,147.0,1.0,-0.7,-1.6,,,,,,,2026-06
2026-06-15,5328,華容,電子零組件業,進榜,準備,46.55,76.0,3.0,0,,42.2,-1.3,,,,,,,49.8,7.0,32.9,-1.6,,,,,,,2026-06
2026-06-15,8105,凌巨,光電業,移出,掉出掃描母體,22.45,72.0,,3,,,,,,,,,,,,,,,,,,,,2026-06
2026-06-16,2492,華新科,電子工業,進榜,觸發,491.39,98.0,3.0,0,,-30.5,-1.0,,,,,,,484.9,-1.3,-29.6,-0.9,,,,,,,2026-06
2026-06-16,2492,華新科,電子工業,觸發,進榜即觸發,491.39,98.0,3.0,0,491.39,-30.5,-1.0,,,,,,,484.9,-1.3,-29.6,-0.9,,,,,,,2026-06
2026-06-16,6182,合晶,半導體業,進榜,觸發,107.0,96.0,4.0,0,,55.1,-1.0,,,,,,,107.0,0.0,55.1,-0.9,,,,,,,2026-06
2026-06-16,6182,合晶,半導體業,觸發,進榜即觸發,107.0,96.0,4.0,0,107.0,55.1,-1.0,,,,,,,107.0,0.0,55.1,-0.9,,,,,,,2026-06
2026-06-16,6488,環球晶,半導體業,進榜,觸發,1040.98,89.0,2.0,0,,31.6,-1.0,,,,,,,1031.0,-1.0,32.9,-0.9,,,,,,,2026-06
2026-06-16,6488,環球晶,半導體業,觸發,進榜即觸發,1040.98,89.0,2.0,0,1040.98,31.6,-1.0,,,,,,,1031.0,-1.0,32.9,-0.9,,,,,,,2026-06
2026-06-16,3441,聯一光,光電業,進榜,觸發,81.0,84.0,2.0,0,,-14.0,-1.0,,,,,,,83.8,3.5,-16.8,-0.9,,,,,,,2026-06
2026-06-16,3441,聯一光,光電業,觸發,進榜即觸發,81.0,84.0,2.0,0,81.0,-14.0,-1.0,,,,,,,83.8,3.5,-16.8,-0.9,,,,,,,2026-06
2026-06-16,5328,華容,電子零組件業,觸發,等待後觸發,51.2,79.0,3.0,1,47.0,30.9,-1.0,,,,,,,53.0,3.5,26.4,-0.9,,,,,,,2026-06
2026-06-16,6449,鈺邦,電子工業,移出,突破失敗,414.4,87.0,,1,,,,,,,,,,,,,,,,,,,,2026-06
2026-06-17,7610,聯友金屬,綠能環保,進榜,觸發,1732.47,100.0,4.0,0,,39.1,-4.3,,,,,,,1884.7,8.8,27.9,-4.6,,,,,,,2026-06
2026-06-17,7610,聯友金屬,綠能環保,觸發,進榜即觸發,1732.47,100.0,4.0,0,1732.47,39.1,-4.3,,,,,,,1884.7,8.8,27.9,-4.6,,,,,,,2026-06
2026-06-17,2408,南亞科,半導體業,進榜,觸發,435.6,85.0,5.0,0,,-9.2,-4.3,,,,,,,442.1,1.5,-10.5,-4.6,,,,,,,2026-06
2026-06-17,2408,南亞科,半導體業,觸發,進榜即觸發,435.6,85.0,5.0,0,435.6,-9.2,-4.3,,,,,,,442.1,1.5,-10.5,-4.6,,,,,,,2026-06
2026-06-17,4542,科嶠,電子零組件業,進榜,準備,378.0,99.0,3.0,0,,-13.4,-4.3,,,,,,,389.0,2.9,-15.8,-4.6,,,,,,,2026-06
2026-06-17,6207,雷科,電子零組件業,進榜,準備,163.3,94.0,3.0,0,,-20.1,-4.3,,,,,,,163.8,0.3,-20.3,-4.6,,,,,,,2026-06
2026-06-17,6834,天二科技,電子工業,進榜,準備,92.4,93.0,2.0,0,,4.2,-4.3,,,,,,,101.5,9.8,-5.1,-4.6,,,,,,,2026-06
2026-06-17,8926,台汽電,油電燃氣業,進榜,準備,77.13,70.0,2.0,0,,-15.1,-4.3,,,,,,,77.4,0.4,-15.4,-4.6,,,,,,,2026-06
2026-06-18,3481,群創,光電業,進榜,觸發,64.4,97.0,5.0,0,,-21.7,-5.2,,,,,,,69.4,7.8,-27.4,-5.5,,,,,,,2026-06
2026-06-18,3481,群創,光電業,觸發,進榜即觸發,64.4,97.0,5.0,0,64.4,-21.7,-5.2,,,,,,,69.4,7.8,-27.4,-5.5,,,,,,,2026-06
2026-06-18,2344,華邦電,半導體業,進榜,觸發,218.5,91.0,4.0,0,,-30.9,-5.2,,,,,,,229.5,5.0,-34.2,-5.5,,,,,,,2026-06
2026-06-18,2344,華邦電,半導體業,觸發,進榜即觸發,218.5,91.0,4.0,0,218.5,-30.9,-5.2,,,,,,,229.5,5.0,-34.2,-5.5,,,,,,,2026-06
2026-06-18,8358,金居,電子零組件業,進榜,觸發,696.81,91.0,4.0,0,,-46.8,-5.2,,,,,,,701.8,0.7,-47.1,-5.5,,,,,,,2026-06
2026-06-18,8358,金居,電子零組件業,觸發,進榜即觸發,696.81,91.0,4.0,0,696.81,-46.8,-5.2,,,,,,,701.8,0.7,-47.1,-5.5,,,,,,,2026-06
2026-06-18,3234,光環,通信網路業,進榜,觸發,138.17,88.0,3.0,0,,-33.6,-5.2,,,,,,,139.1,0.7,-34.0,-5.5,,,,,,,2026-06
2026-06-18,3234,光環,通信網路業,觸發,進榜即觸發,138.17,88.0,3.0,0,138.17,-33.6,-5.2,,,,,,,139.1,0.7,-34.0,-5.5,,,,,,,2026-06
2026-06-18,6435,大中,半導體業,進榜,觸發,309.37,85.0,5.0,0,,-15.9,-5.2,,,,,,,340.1,9.9,-23.5,-5.5,,,,,,,2026-06
2026-06-18,6435,大中,半導體業,觸發,進榜即觸發,309.37,85.0,5.0,0,309.37,-15.9,-5.2,,,,,,,340.1,9.9,-23.5,-5.5,,,,,,,2026-06
2026-06-18,6432,今展科,電子零組件業,進榜,觸發,85.69,84.0,3.0,0,,-24.1,-5.2,,,,,,,84.3,-1.6,-22.8,-5.5,,,,,,,2026-06
2026-06-18,6432,今展科,電子零組件業,觸發,進榜即觸發,85.69,84.0,3.0,0,85.69,-24.1,-5.2,,,,,,,84.3,-1.6,-22.8,-5.5,,,,,,,2026-06
2026-06-18,8261,富鼎,半導體業,進榜,觸發,211.91,78.0,4.0,0,,8.1,-5.2,,,,,,,233.1,10.0,-1.8,-5.5,,,,,,,2026-06
2026-06-18,8261,富鼎,半導體業,觸發,進榜即觸發,211.91,78.0,4.0,0,211.91,8.1,-5.2,,,,,,,233.1,10.0,-1.8,-5.5,,,,,,,2026-06
2026-06-18,1303,南亞,塑膠工業,進榜,觸發,138.33,70.0,5.0,0,,34.8,-5.2,,,,,,,151.8,9.7,22.9,-5.5,,,,,,,2026-06
2026-06-18,1303,南亞,塑膠工業,觸發,進榜即觸發,138.33,70.0,5.0,0,138.33,34.8,-5.2,,,,,,,151.8,9.7,22.9,-5.5,,,,,,,2026-06
2026-06-18,6274,台燿,電子零組件業,進榜,準備,1835.0,98.0,2.0,0,,-38.7,-5.2,,,,,,,1900.0,3.5,-40.8,-5.5,,,,,,,2026-06
2026-06-18,8091,翔名,電子零組件業,進榜,準備,281.0,82.0,3.0,0,,-14.1,-5.2,,,,,,,290.5,3.4,-16.9,-5.5,,,,,,,2026-06
2026-06-18,6175,立敦,電子零組件業,進榜,準備,111.91,81.0,3.0,0,,-21.8,-5.2,,,,,,,111.4,-0.4,-21.5,-5.5,,,,,,,2026-06
2026-06-18,6834,天二科技,電子工業,觸發,等待後觸發,101.5,95.0,2.0,1,92.5,-6.8,-5.2,,,,,,,111.5,9.9,-15.2,-5.5,,,,,,,2026-06
2026-06-18,8926,台汽電,油電燃氣業,移出,掉出掃描母體,77.13,70.0,,1,,,,,,,,,,,,,,,,,,,,2026-06
2026-06-22,2426,鼎元,光電業,進榜,觸發,89.9,98.0,2.0,0,,-39.0,-4.2,,,,,,,98.7,9.8,-44.5,-4.2,,,,,,,2026-06
2026-06-22,2426,鼎元,光電業,觸發,進榜即觸發,89.9,98.0,2.0,0,89.9,-39.0,-4.2,,,,,,,98.7,9.8,-44.5,-4.2,,,,,,,2026-06
2026-06-22,3189,景碩,半導體業,進榜,觸發,794.64,97.0,5.0,0,,-6.1,-4.2,,,,,,,778.7,-2.0,-4.2,-4.2,,,,,,,2026-06
2026-06-22,3189,景碩,半導體業,觸發,進榜即觸發,794.64,97.0,5.0,0,794.64,-6.1,-4.2,,,,,,,778.7,-2.0,-4.2,-4.2,,,,,,,2026-06
2026-06-22,6715,嘉基,電子工業,進榜,觸發,509.92,97.0,2.0,0,,-25.1,-4.2,,,,,,,535.5,5.0,-28.6,-4.2,,,,,,,2026-06
2026-06-22,6715,嘉基,電子工業,觸發,進榜即觸發,509.92,97.0,2.0,0,509.92,-25.1,-4.2,,,,,,,535.5,5.0,-28.6,-4.2,,,,,,,2026-06
2026-06-22,2337,旺宏,半導體業,進榜,觸發,185.5,94.0,5.0,0,,-33.7,-4.2,,,,,,,188.0,1.3,-34.6,-4.2,,,,,,,2026-06
2026-06-22,2337,旺宏,半導體業,觸發,進榜即觸發,185.5,94.0,5.0,0,185.5,-33.7,-4.2,,,,,,,188.0,1.3,-34.6,-4.2,,,,,,,2026-06
2026-06-22,3711,日月光投控,半導體業,進榜,觸發,667.9,85.0,4.0,0,,-5.2,-4.2,,,,,,,672.9,0.7,-5.9,-4.2,,,,,,,2026-06
2026-06-22,3711,日月光投控,半導體業,觸發,進榜即觸發,667.9,85.0,4.0,0,667.9,-5.2,-4.2,,,,,,,672.9,0.7,-5.9,-4.2,,,,,,,2026-06
2026-06-22,6213,聯茂,電子工業,進榜,觸發,305.43,84.0,3.0,0,,16.1,-4.2,,,,,,,301.5,-1.3,17.6,-4.2,,,,,,,2026-06
2026-06-22,6213,聯茂,電子工業,觸發,進榜即觸發,305.43,84.0,3.0,0,305.43,16.1,-4.2,,,,,,,301.5,-1.3,17.6,-4.2,,,,,,,2026-06
2026-06-22,2409,友達,光電業,進榜,觸發,30.43,81.0,4.0,0,,-17.3,-4.2,,,,,,,30.6,0.5,-17.7,-4.2,,,,,,,2026-06
2026-06-22,2409,友達,光電業,觸發,進榜即觸發,30.43,81.0,4.0,0,30.43,-17.3,-4.2,,,,,,,30.6,0.5,-17.7,-4.2,,,,,,,2026-06
2026-06-22,5425,台半,半導體業,進榜,觸發,126.91,78.0,5.0,0,,-31.2,-4.2,,,,,,,131.8,3.8,-33.7,-4.2,,,,,,,2026-06
2026-06-22,5425,台半,半導體業,觸發,進榜即觸發,126.91,78.0,5.0,0,126.91,-31.2,-4.2,,,,,,,131.8,3.8,-33.7,-4.2,,,,,,,2026-06
2026-06-22,2316,楠梓電,電子工業,進榜,觸發,223.83,75.0,4.0,0,,-30.5,-4.2,,,,,,,235.2,5.1,-33.9,-4.2,,,,,,,2026-06
2026-06-22,2316,楠梓電,電子工業,觸發,進榜即觸發,223.83,75.0,4.0,0,223.83,-30.5,-4.2,,,,,,,235.2,5.1,-33.9,-4.2,,,,,,,2026-06
2026-06-22,3317,尼克森,半導體業,進榜,觸發,96.35,73.0,3.0,0,,-19.7,-4.2,,,,,,,97.7,1.4,-20.8,-4.2,,,,,,,2026-06
2026-06-22,3317,尼克森,半導體業,觸發,進榜即觸發,96.35,73.0,3.0,0,96.35,-19.7,-4.2,,,,,,,97.7,1.4,-20.8,-4.2,,,,,,,2026-06
2026-06-22,6271,同欣電,半導體業,進榜,觸發,266.5,71.0,4.0,0,,-24.8,-4.2,,,,,,,268.0,0.6,-25.2,-4.2,,,,,,,2026-06
2026-06-22,6271,同欣電,半導體業,觸發,進榜即觸發,266.5,71.0,4.0,0,266.5,-24.8,-4.2,,,,,,,268.0,0.6,-25.2,-4.2,,,,,,,2026-06
2026-06-22,2303,聯電,半導體業,進榜,準備,157.31,92.0,3.0,0,,-14.5,-4.2,,,,,,,170.1,8.1,-20.9,-4.2,,,,,,,2026-06
2026-06-22,6415,矽力*-KY,半導體業,進榜,準備,673.0,91.0,3.0,0,,-31.4,-4.2,,,,,,,668.0,-0.7,-30.9,-4.2,,,,,,,2026-06
2026-06-22,3675,德微,半導體業,進榜,準備,405.0,87.0,2.0,0,,-34.0,-4.2,,,,,,,445.5,10.0,-40.0,-4.2,,,,,,,2026-06
2026-06-22,5285,界霖,電子工業,進榜,準備,101.1,73.0,2.0,0,,-20.3,-4.2,,,,,,,99.6,-1.5,-19.1,-4.2,,,,,,,2026-06
2026-06-22,6525,捷敏-KY,半導體業,進榜,準備,155.0,71.0,3.0,0,,-2.6,-4.2,,,,,,,153.5,-1.0,-1.6,-4.2,,,,,,,2026-06
2026-06-22,3042,晶技,電子工業,移出,離高點太遠,198.0,79.0,,31,,,,,,,,,,,,,,,,,,,,2026-06
2026-06-23,3016,嘉晶,半導體業,進榜,觸發,151.6,90.0,6.0,0,,-30.9,-2.9,,,,,,,150.6,-0.7,-30.4,-2.7,,,,,,,2026-06
2026-06-23,3016,嘉晶,半導體業,觸發,進榜即觸發,151.6,90.0,6.0,0,151.6,-30.9,-2.9,,,,,,,150.6,-0.7,-30.4,-2.7,,,,,,,2026-06
2026-06-23,3450,聯鈞,其他電子業,進榜,觸發,612.0,78.0,1.0,0,,-25.1,-2.9,,,,,,,586.0,-4.2,-21.8,-2.7,,,,,,,2026-06
2026-06-23,3450,聯鈞,其他電子業,觸發,進榜即觸發,612.0,78.0,1.0,0,612.0,-25.1,-2.9,,,,,,,586.0,-4.2,-21.8,-2.7,,,,,,,2026-06
2026-06-23,3374,精材,半導體業,進榜,觸發,301.0,73.0,2.0,0,,38.9,-2.9,,,,,,,296.5,-1.5,41.0,-2.7,,,,,,,2026-06
2026-06-23,3374,精材,半導體業,觸發,進榜即觸發,301.0,73.0,2.0,0,301.0,38.9,-2.9,,,,,,,296.5,-1.5,41.0,-2.7,,,,,,,2026-06
2026-06-23,8926,台汽電,油電燃氣業,進榜,準備,79.85,72.0,2.0,0,,-19.0,-2.9,,,,,,,79.9,0.0,-19.0,-2.7,,,,,,,2026-06
2026-06-23,3675,德微,半導體業,觸發,等待後觸發,445.5,91.0,2.0,1,413.0,-38.7,-2.9,,,,,,,422.0,-5.3,-35.3,-2.7,,,,,,,2026-06
2026-06-23,6525,捷敏-KY,半導體業,觸發,等待後觸發,170.5,80.0,3.0,1,157.0,-9.1,-2.9,,,,,,,166.0,-2.6,-6.6,-2.7,,,,,,,2026-06
2026-06-23,3221,台嘉碩,通信網路業,移出,離高點太遠,55.33,78.0,,32,,,,,,,,,,,,,,,,,,,,2026-06
2026-06-23,2484,希華,電子工業,移出,離高點太遠,62.42,90.0,,32,,,,,,,,,,,,,,,,,,,,2026-06
2026-06-23,4973,廣穎,半導體業,移出,離高點太遠,183.0,97.0,,26,,,,,,,,,,,,,,,,,,,,2026-06
2026-06-23,8043,蜜望實,電子零組件業,移出,離高點太遠,200.69,86.0,,15,,,,,,,,,,,,,,,,,,,,2026-06
2026-06-23,3236,千如,電子零組件業,移出,離高點太遠,60.31,74.0,,11,,,,,,,,,,,,,,,,,,,,2026-06
2026-06-23,3090,日電貿,電子工業,移出,離高點太遠,297.91,94.0,,11,,,,,,,,,,,,,,,,,,,,2026-06
2026-06-23,6155,鈞寶,電子零組件業,移出,掉出掃描母體,95.81,73.0,,8,,,,,,,,,,,,,,,,,,,,2026-06
2026-06-23,6432,今展科,電子零組件業,移出,突破失敗,72.97,74.0,,5,,,,,,,,,,,,,,,,,,,,2026-06
2026-06-23,3189,景碩,半導體業,移出,突破失敗,725.76,96.0,,1,,,,,,,,,,,,,,,,,,,,2026-06
2026-06-23,6213,聯茂,電子工業,移出,突破失敗,278.66,80.0,,1,,,,,,,,,,,,,,,,,,,,2026-06
2026-06-23,6271,同欣電,半導體業,移出,掉出掃描母體,266.5,71.0,,1,,,,,,,,,,,,,,,,,,,,2026-06
2026-06-24,2302,麗正,半導體業,進榜,準備,49.83,90.0,2.0,0,,-14.8,-3.4,,,,,,,53.0,6.4,-19.9,-3.7,,,,,,,2026-06
2026-06-24,6213,聯茂,電子工業,進榜,準備,306.42,86.0,3.0,0,,12.1,-3.4,,,,,,,326.3,6.5,5.3,-3.7,,,,,,,2026-06
2026-06-24,8040,九暘,半導體業,進榜,準備,125.0,85.0,2.0,0,,-39.4,-3.4,,,,,,,126.0,0.8,-39.9,-3.7,,,,,,,2026-06
2026-06-24,6446,藥華藥,生技醫療業,進榜,準備,1044.71,75.0,2.0,0,,10.1,-3.4,,,,,,,1049.2,0.4,9.6,-3.7,,,,,,,2026-06
2026-06-24,8105,凌巨,光電業,進榜,準備,23.5,72.0,1.0,0,,-26.8,-3.4,,,,,,,23.8,1.3,-27.7,-3.7,,,,,,,2026-06
2026-06-24,5285,界霖,電子工業,觸發,等待後觸發,108.5,79.0,2.0,2,101.6,-26.2,-3.4,,,,,,,115.0,6.0,-30.3,-3.7,,,,,,,2026-06
2026-06-24,7788,松川精密,電子零組件業,移出,掉出掃描母體,276.08,72.0,,14,,,,,,,,,,,,,,,,,,,,2026-06
2026-06-24,3624,光頡,電子零組件業,移出,離高點太遠,146.28,92.0,,9,,,,,,,,,,,,,,,,,,,,2026-06
2026-06-24,6488,環球晶,半導體業,移出,離高點太遠,961.28,82.0,,8,,,,,,,,,,,,,,,,,,,,2026-06
2026-06-24,8358,金居,電子零組件業,移出,離高點太遠,635.09,86.0,,6,,,,,,,,,,,,,,,,,,,,2026-06
2026-06-24,6415,矽力*-KY,半導體業,移出,晚期未觸發,605.0,89.0,,2,,,,,,,,,,,,,,,,,,,,2026-06
2026-06-24,3016,嘉晶,半導體業,移出,突破失敗,136.69,87.0,,1,,,,,,,,,,,,,,,,,,,,2026-06
2026-06-25,3189,景碩,半導體業,進榜,觸發,810.61,98.0,5.0,0,,-12.3,-3.8,,,,,,,826.6,2.0,-14.0,-3.5,,,,,,,2026-06
2026-06-25,3189,景碩,半導體業,觸發,進榜即觸發,810.61,98.0,5.0,0,810.61,-12.3,-3.8,,,,,,,826.6,2.0,-14.0,-3.5,,,,,,,2026-06
2026-06-25,8046,南電,電子工業,進榜,觸發,1045.0,94.0,4.0,0,,6.2,-3.8,,,,,,,1100.0,5.3,0.9,-3.5,,,,,,,2026-06
2026-06-25,8046,南電,電子工業,觸發,進榜即觸發,1045.0,94.0,4.0,0,1045.0,6.2,-3.8,,,,,,,1100.0,5.3,0.9,-3.5,,,,,,,2026-06
2026-06-25,6672,騰輝電子-KY,電子工業,進榜,觸發,289.5,91.0,4.0,0,,-22.5,-3.8,,,,,,,289.0,-0.2,-22.3,-3.5,,,,,,,2026-06
2026-06-25,6672,騰輝電子-KY,電子工業,觸發,進榜即觸發,289.5,91.0,4.0,0,289.5,-22.5,-3.8,,,,,,,289.0,-0.2,-22.3,-3.5,,,,,,,2026-06
2026-06-25,5347,世界,半導體業,進榜,觸發,214.92,79.0,4.0,0,,-26.9,-3.8,,,,,,,210.0,-2.3,-25.2,-3.5,,,,,,,2026-06
2026-06-25,5347,世界,半導體業,觸發,進榜即觸發,214.92,79.0,4.0,0,214.92,-26.9,-3.8,,,,,,,210.0,-2.3,-25.2,-3.5,,,,,,,2026-06
2026-06-25,6208,日揚,電子零組件業,進榜,準備,105.0,80.0,3.0,0,,-20.8,-3.8,,,,,,,105.0,0.0,-20.8,-3.5,,,,,,,2026-06
2026-06-25,6213,聯茂,電子工業,觸發,等待後觸發,336.67,90.0,3.0,1,309.4,-8.1,-3.8,,,,,,,350.1,4.0,-11.6,-3.5,,,,,,,2026-06
2026-06-25,8926,台汽電,油電燃氣業,移出,掉出掃描母體,79.56,71.0,,2,,,,,,,,,,,,,,,,,,,,2026-06
2026-06-25,3026,禾伸堂,電子工業,移出,離高點太遠,771.0,100.0,,50,,,,,,,,,,,,,,,,,,,,2026-06
2026-06-25,2337,旺宏,半導體業,移出,離高點太遠,161.5,94.0,,3,,,,,,,,,,,,,,,,,,,,2026-06
2026-06-25,6715,嘉基,電子工業,移出,離高點太遠,472.51,96.0,,3,,,,,,,,,,,,,,,,,,,,2026-06
2026-06-26,5289,宜鼎,電腦及週邊設備業,移出,掉出掃描母體,1686.86,91.0,,59,,,,,,,,,,,,,,,,,,,,2026-06
2026-06-26,6693,廣閎科,半導體業,移出,離高點太遠,220.47,89.0,,11,,,,,,,,,,,,,,,,,,,,2026-06
2026-06-26,3532,台勝科,半導體業,移出,離高點太遠,335.28,94.0,,11,,,,,,,,,,,,,,,,,,,,2026-06
2026-06-26,2492,華新科,電子工業,移出,離高點太遠,537.15,99.0,,10,,,,,,,,,,,,,,,,,,,,2026-06
2026-06-26,7610,聯友金屬,綠能環保,移出,離高點太遠,1666.63,100.0,,9,,,,,,,,,,,,,,,,,,,,2026-06
2026-06-26,6207,雷科,電子零組件業,移出,離高點太遠,144.38,93.0,,9,,,,,,,,,,,,,,,,,,,,2026-06
2026-06-26,8091,翔名,電子零組件業,移出,晚期未觸發,255.0,78.0,,8,,,,,,,,,,,,,,,,,,,,2026-06
2026-06-26,6274,台燿,電子零組件業,移出,離高點太遠,1580.0,95.0,,8,,,,,,,,,,,,,,,,,,,,2026-06
2026-06-26,3234,光環,通信網路業,移出,離高點太遠,120.06,82.0,,8,,,,,,,,,,,,,,,,,,,,2026-06
2026-06-26,2426,鼎元,光電業,移出,離高點太遠,77.6,97.0,,4,,,,,,,,,,,,,,,,,,,,2026-06
2026-06-26,2409,友達,光電業,移出,離高點太遠,27.48,82.0,,4,,,,,,,,,,,,,,,,,,,,2026-06
2026-06-26,5425,台半,半導體業,移出,離高點太遠,111.78,76.0,,4,,,,,,,,,,,,,,,,,,,,2026-06
2026-06-26,3675,德微,半導體業,移出,離高點太遠,359.5,87.0,,4,,,,,,,,,,,,,,,,,,,,2026-06
2026-06-26,6525,捷敏-KY,半導體業,移出,離高點太遠,146.0,74.0,,4,,,,,,,,,,,,,,,,,,,,2026-06
2026-06-26,3450,聯鈞,其他電子業,移出,突破失敗,530.0,75.0,,3,,,,,,,,,,,,,,,,,,,,2026-06
2026-06-26,8040,九暘,半導體業,移出,離高點太遠,107.0,81.0,,2,,,,,,,,,,,,,,,,,,,,2026-06
2026-06-26,5347,世界,半導體業,移出,突破失敗,197.33,77.0,,1,,,,,,,,,,,,,,,,,,,,2026-06
2026-06-29,7795,長廣,電子零組件業,進榜,觸發,506.0,72.0,4.0,0,,-26.9,-4.9,,,,,,,556.0,9.9,-33.5,-5.3,,,,,,,2026-06
2026-06-29,7795,長廣,電子零組件業,觸發,進榜即觸發,506.0,72.0,4.0,0,506.0,-26.9,-4.9,,,,,,,556.0,9.9,-33.5,-5.3,,,,,,,2026-06
2026-06-29,6446,藥華藥,生技醫療業,觸發,等待後觸發,1143.77,84.0,2.0,5,1062.72,-2.5,-4.9,,,,,,,1166.3,2.0,-4.4,-5.3,,,,,,,2026-06
2026-06-29,6166,凌華,電腦及週邊設備業,移出,離高點太遠,138.26,83.0,,38,,,,,,,,,,,,,,,,,,,,2026-06
2026-06-29,2478,大毅,電子工業,移出,離高點太遠,202.73,96.0,,24,,,,,,,,,,,,,,,,,,,,2026-06
2026-06-29,8042,金山電,電子零組件業,移出,離高點太遠,169.0,95.0,,17,,,,,,,,,,,,,,,,,,,,2026-06
2026-06-29,4958,臻鼎-KY,電子零組件業,移出,晚期未觸發,573.0,96.0,,14,,,,,,,,,,,,,,,,,,,,2026-06
2026-06-29,3008,大立光,光電業,移出,離高點太遠,4340.36,81.0,,14,,,,,,,,,,,,,,,,,,,,2026-06
2026-06-29,2375,凱美,電子工業,移出,離高點太遠,190.63,85.0,,14,,,,,,,,,,,,,,,,,,,,2026-06
2026-06-29,6182,合晶,半導體業,移出,離高點太遠,112.0,97.0,,13,,,,,,,,,,,,,,,,,,,,2026-06
2026-06-29,3441,聯一光,光電業,移出,離高點太遠,76.2,83.0,,13,,,,,,,,,,,,,,,,,,,,2026-06
2026-06-29,6834,天二科技,電子工業,移出,離高點太遠,109.0,97.0,,12,,,,,,,,,,,,,,,,,,,,2026-06
2026-06-29,6175,立敦,電子零組件業,移出,晚期未觸發,104.05,83.0,,11,,,,,,,,,,,,,,,,,,,,2026-06
2026-06-29,2316,楠梓電,電子工業,移出,離高點太遠,207.98,78.0,,7,,,,,,,,,,,,,,,,,,,,2026-06
2026-06-29,3317,尼克森,半導體業,移出,離高點太遠,85.04,72.0,,7,,,,,,,,,,,,,,,,,,,,2026-06
2026-06-30,6658,聯策,其他電子業,進榜,觸發,234.0,98.0,4.0,0,,-41.0,-7.7,,,,,,,257.0,9.8,-46.3,-8.0,,,,,,,2026-06
2026-06-30,6658,聯策,其他電子業,觸發,進榜即觸發,234.0,98.0,4.0,0,234.0,-41.0,-7.7,,,,,,,257.0,9.8,-46.3,-8.0,,,,,,,2026-06
2026-06-30,2472,立隆電,電子工業,進榜,觸發,446.72,97.0,4.0,0,,-51.5,-7.7,,,,,,,454.6,1.8,-52.3,-8.0,,,,,,,2026-06
2026-06-30,2472,立隆電,電子工業,觸發,進榜即觸發,446.72,97.0,4.0,0,446.72,-51.5,-7.7,,,,,,,454.6,1.8,-52.3,-8.0,,,,,,,2026-06
2026-06-30,3037,欣興,電子工業,進榜,準備,1067.81,96.0,2.0,0,,-35.6,-7.7,,,,,,,1082.8,1.4,-36.5,-8.0,,,,,,,2026-06
2026-06-30,3028,增你強,電子工業,進榜,準備,81.54,72.0,3.0,0,,-28.5,-7.7,,,,,,,81.9,0.5,-28.8,-8.0,,,,,,,2026-06
2026-06-30,4542,科嶠,電子零組件業,觸發,等待後觸發,449.5,98.0,3.0,13,380.0,-43.8,-7.7,,,,,,,494.0,9.9,-48.9,-8.0,,,,,,,2026-06
2026-06-30,5285,界霖,電子工業,移出,離高點太遠,96.3,72.0,,8,,,,,,,,,,,,,,,,,,,,2026-06
2026-07-01,2484,希華,電子工業,進榜,觸發,79.07,95.0,4.0,0,,-27.8,-8.3,,,,,,,79.8,0.9,-28.4,-8.0,,,,,,,2026-07
2026-07-01,2484,希華,電子工業,觸發,進榜即觸發,79.07,95.0,4.0,0,79.07,-27.8,-8.3,,,,,,,79.8,0.9,-28.4,-8.0,,,,,,,2026-07
2026-07-01,3026,禾伸堂,電子工業,進榜,準備,899.0,100.0,3.0,0,,-52.4,-8.3,,,,,,,899.0,0.0,-52.4,-8.0,,,,,,,2026-07
2026-07-01,2464,盟立,其他電子業,進榜,準備,190.0,91.0,2.0,0,,-35.5,-8.3,,,,,,,186.5,-1.8,-34.3,-8.0,,,,,,,2026-07
2026-07-01,2375,凱美,電子工業,進榜,準備,230.24,89.0,3.0,0,,-54.4,-8.3,,,,,,,223.3,-3.0,-53.0,-8.0,,,,,,,2026-07
2026-07-01,6197,佳必琪,電子零組件業,移出,晚期未觸發,341.08,85.0,,33,,,,,,,,,,,,,,,,,,,,2026-07
2026-07-01,2408,南亞科,半導體業,移出,離高點太遠,419.65,83.0,,14,,,,,,,,,,,,,,,,,,,,2026-07
2026-07-01,2344,華邦電,半導體業,移出,離高點太遠,190.0,84.0,,13,,,,,,,,,,,,,,,,,,,,2026-07
2026-07-01,8105,凌巨,光電業,移出,掉出掃描母體,22.85,70.0,,7,,,,,,,,,,,,,,,,,,,,2026-07
2026-07-01,2302,麗正,半導體業,移出,晚期未觸發,50.4,91.0,,7,,,,,,,,,,,,,,,,,,,,2026-07
2026-07-02,3055,蔚華科,電子通路業,進榜,觸發,139.56,75.0,3.0,0,,-35.2,-7.0,,,,,,,141.6,1.4,-36.1,-7.0,,,,,,,2026-07
2026-07-02,3055,蔚華科,電子通路業,觸發,進榜即觸發,139.56,75.0,3.0,0,139.56,-35.2,-7.0,,,,,,,141.6,1.4,-36.1,-7.0,,,,,,,2026-07
2026-07-02,8042,金山電,電子零組件業,進榜,準備,206.5,97.0,3.0,0,,-52.2,-7.0,,,,,,,195.0,-5.6,-49.4,-7.0,,,,,,,2026-07
2026-07-02,2302,麗正,半導體業,進榜,準備,55.4,93.0,2.0,0,,-33.7,-7.0,,,,,,,56.4,1.8,-34.8,-7.0,,,,,,,2026-07
2026-07-02,6488,環球晶,半導體業,進榜,準備,1200.36,92.0,3.0,0,,-28.8,-7.0,,,,,,,1170.5,-2.5,-27.0,-7.0,,,,,,,2026-07
2026-07-03,3042,晶技,電子工業,進榜,觸發,249.0,91.0,1.0,0,,-38.0,-7.5,,,,,,,250.0,0.4,-38.2,-8.2,,,,,,,2026-07
2026-07-03,3042,晶技,電子工業,觸發,進榜即觸發,249.0,91.0,1.0,0,249.0,-38.0,-7.5,,,,,,,250.0,0.4,-38.2,-8.2,,,,,,,2026-07
2026-07-03,6174,安碁,電子零組件業,進榜,觸發,61.8,90.0,1.0,0,,-34.8,-7.5,,,,,,,64.1,3.7,-37.1,-8.2,,,,,,,2026-07
2026-07-03,6174,安碁,電子零組件業,觸發,進榜即觸發,61.8,90.0,1.0,0,61.8,-34.8,-7.5,,,,,,,64.1,3.7,-37.1,-8.2,,,,,,,2026-07
2026-07-03,4989,榮科,電子零組件業,進榜,觸發,110.5,84.0,6.0,0,,-44.7,-7.5,,,,,,,116.0,5.0,-47.3,-8.2,,,,,,,2026-07
2026-07-03,4989,榮科,電子零組件業,觸發,進榜即觸發,110.5,84.0,6.0,0,110.5,-44.7,-7.5,,,,,,,116.0,5.0,-47.3,-8.2,,,,,,,2026-07
2026-07-03,1718,中纖,化學工業,進榜,觸發,14.95,73.0,2.0,0,,-35.8,-7.5,,,,,,,15.8,5.7,-39.2,-8.2,,,,,,,2026-07
2026-07-03,1718,中纖,化學工業,觸發,進榜即觸發,14.95,73.0,2.0,0,14.95,-35.8,-7.5,,,,,,,15.8,5.7,-39.2,-8.2,,,,,,,2026-07
2026-07-03,2428,興勤,電子工業,進榜,觸發,333.99,73.0,2.0,0,,-34.5,-7.5,,,,,,,342.8,2.6,-36.2,-8.2,,,,,,,2026-07
2026-07-03,2428,興勤,電子工業,觸發,進榜即觸發,333.99,73.0,2.0,0,333.99,-34.5,-7.5,,,,,,,342.8,2.6,-36.2,-8.2,,,,,,,2026-07
2026-07-03,3532,台勝科,半導體業,進榜,準備,439.05,98.0,3.0,0,,-39.6,-7.5,,,,,,,454.0,3.4,-41.6,-8.2,,,,,,,2026-07
2026-07-03,6834,天二科技,電子工業,進榜,準備,132.0,98.0,2.0,0,,-33.6,-7.5,,,,,,,140.0,6.1,-37.4,-8.2,,,,,,,2026-07
2026-07-03,6525,捷敏-KY,半導體業,進榜,準備,183.0,85.0,3.0,0,,-30.3,-7.5,,,,,,,200.0,9.3,-36.3,-8.2,,,,,,,2026-07
2026-07-03,8182,加高,電子零組件業,進榜,準備,58.68,76.0,2.0,0,,-36.4,-7.5,,,,,,,58.7,0.0,-36.4,-8.2,,,,,,,2026-07
2026-07-03,5483,中美晶,半導體業,進榜,準備,208.25,72.0,1.0,0,,-17.2,-7.5,,,,,,,212.7,2.1,-18.9,-8.2,,,,,,,2026-07
2026-07-03,1409,新纖,紡織纖維,進榜,準備,29.88,70.0,3.0,0,,-29.7,-7.5,,,,,,,32.9,10.0,-36.1,-8.2,,,,,,,2026-07
2026-07-03,3026,禾伸堂,電子工業,觸發,等待後觸發,988.0,100.0,3.0,2,909.12,-53.5,-7.5,,,,,,,1015.0,2.7,-54.7,-8.2,,,,,,,2026-07
2026-07-03,6488,環球晶,半導體業,觸發,等待後觸發,1250.17,94.0,3.0,1,1200.36,-30.7,-7.5,,,,,,,1285.0,2.8,-32.6,-8.2,,,,,,,2026-07
2026-07-03,8042,金山電,電子零組件業,移出,晚期未觸發,210.5,97.0,,1,,,,,,,,,,,,,,,,,,,,2026-07
2026-07-03,6658,聯策,其他電子業,移出,離高點太遠,208.5,96.0,,3,,,,,,,,,,,,,,,,,,,,2026-07
2026-07-03,2464,盟立,其他電子業,移出,離高點太遠,172.5,89.0,,2,,,,,,,,,,,,,,,,,,,,2026-07
2026-07-06,8150,南茂,電子工業,進榜,觸發,115.5,83.0,5.0,0,,-28.6,-7.0,,,,,,,118.0,2.2,-30.1,-7.3,,,,,,,2026-07
2026-07-06,8150,南茂,電子工業,觸發,進榜即觸發,115.5,83.0,5.0,0,115.5,-28.6,-7.0,,,,,,,118.0,2.2,-30.1,-7.3,,,,,,,2026-07
2026-07-06,3675,德微,半導體業,進榜,準備,450.0,93.0,2.0,0,,-43.9,-7.0,,,,,,,448.0,-0.4,-43.6,-7.3,,,,,,,2026-07
2026-07-06,6693,廣閎科,半導體業,進榜,準備,275.83,93.0,3.0,0,,-40.9,-7.0,,,,,,,262.4,-4.9,-37.9,-7.3,,,,,,,2026-07
2026-07-06,2351,順德,電子工業,進榜,準備,226.5,89.0,3.0,0,,-26.9,-7.0,,,,,,,230.0,1.5,-28.0,-7.3,,,,,,,2026-07
2026-07-06,3317,尼克森,半導體業,進榜,準備,104.69,79.0,3.0,0,,-35.5,-7.0,,,,,,,106.2,1.4,-36.4,-7.3,,,,,,,2026-07
2026-07-06,2855,統一證,金融保險,進榜,準備,52.2,73.0,2.0,0,,-14.3,-7.0,,,,,,,53.1,1.7,-15.7,-7.3,,,,,,,2026-07
2026-07-06,8926,台汽電,油電燃氣業,進榜,準備,81.0,73.0,2.0,0,,-22.7,-7.0,,,,,,,80.0,-1.2,-21.8,-7.3,,,,,,,2026-07
2026-07-06,5536,聖暉*,其他電子類,進榜,準備,1435.0,71.0,2.0,0,,-31.0,-7.0,,,,,,,1445.0,0.7,-31.5,-7.3,,,,,,,2026-07
2026-07-06,1714,和桐,化學工業,移出,離高點太遠,20.68,83.0,,21,,,,,,,,,,,,,,,,,,,,2026-07
2026-07-06,3532,台勝科,半導體業,移出,離高點太遠,405.13,97.0,,3,,,,,,,,,,,,,,,,,,,,2026-07
2026-07-06,1409,新纖,紡織纖維,移出,掉出掃描母體,29.88,70.0,,3,,,,,,,,,,,,,,,,,,,,2026-07
2026-07-06,2327,國巨*,電子工業,移出,離高點太遠,1005.0,98.0,,49,,,,,,,,,,,,,,,,,,,,2026-07
2026-07-06,2493,揚博,電子工業,移出,離高點太遠,278.81,90.0,,25,,,,,,,,,,,,,,,,,,,,2026-07
2026-07-06,4542,科嶠,電子零組件業,移出,離高點太遠,434.5,98.0,,19,,,,,,,,,,,,,,,,,,,,2026-07
2026-07-06,3189,景碩,半導體業,移出,離高點太遠,763.0,98.0,,11,,,,,,,,,,,,,,,,,,,,2026-07
2026-07-06,8046,南電,電子工業,移出,離高點太遠,1075.0,94.0,,11,,,,,,,,,,,,,,,,,,,,2026-07
2026-07-06,3037,欣興,電子工業,移出,掉出掃描母體,967.02,94.0,,6,,,,,,,,,,,,,,,,,,,,2026-07
2026-07-06,3028,增你強,電子工業,移出,掉出掃描母體,80.46,71.0,,6,,,,,,,,,,,,,,,,,,,,2026-07
2026-07-06,2472,立隆電,電子工業,移出,離高點太遠,398.94,95.0,,6,,,,,,,,,,,,,,,,,,,,2026-07
2026-07-06,2375,凱美,電子工業,移出,晚期未觸發,206.47,85.0,,5,,,,,,,,,,,,,,,,,,,,2026-07
2026-07-06,3042,晶技,電子工業,移出,突破失敗,224.5,88.0,,3,,,,,,,,,,,,,,,,,,,,2026-07
2026-07-07,6525,捷敏-KY,半導體業,觸發,等待後觸發,221.0,94.0,3.0,4,183.0,-38.9,-4.6,,,,,,,214.0,-3.2,-36.9,-5.0,,,,,,,2026-07
2026-07-07,6173,信昌電,電子零組件業,移出,離高點太遠,282.13,99.0,,25,,,,,,,,,,,,,,,,,,,,2026-07
2026-07-07,1303,南亞,塑膠工業,移出,離高點太遠,165.7,88.0,,19,,,,,,,,,,,,,,,,,,,,2026-07
2026-07-07,2303,聯電,半導體業,移出,離高點太遠,152.39,93.0,,15,,,,,,,,,,,,,,,,,,,,2026-07
2026-07-07,6208,日揚,電子零組件業,移出,掉出掃描母體,94.4,72.0,,12,,,,,,,,,,,,,,,,,,,,2026-07
2026-07-07,2302,麗正,半導體業,移出,離高點太遠,48.9,92.0,,5,,,,,,,,,,,,,,,,,,,,2026-07
2026-07-07,6834,天二科技,電子工業,移出,離高點太遠,118.5,98.0,,4,,,,,,,,,,,,,,,,,,,,2026-07
2026-07-07,4989,榮科,電子零組件業,移出,離高點太遠,99.9,82.0,,4,,,,,,,,,,,,,,,,,,,,2026-07
2026-07-07,2428,興勤,電子工業,移出,突破失敗,302.25,73.0,,4,,,,,,,,,,,,,,,,,,,,2026-07
2026-07-08,3088,艾訊,電腦及週邊設備業,進榜,準備,144.57,72.0,2.0,0,,-7.3,-4.3,,,,,,,142.6,-1.4,-6.0,-4.6,,,,,,,2026-07
2026-07-08,5328,華容,電子零組件業,移出,離高點太遠,71.8,96.0,,23,,,,,,,,,,,,,,,,,,,,2026-07
2026-07-08,6693,廣閎科,半導體業,移出,晚期未觸發,244.0,90.0,,2,,,,,,,,,,,,,,,,,,,,2026-07
2026-07-08,5536,聖暉*,其他電子類,移出,掉出掃描母體,1395.0,73.0,,2,,,,,,,,,,,,,,,,,,,,2026-07
2026-07-09,8091,翔名,電子零組件業,進榜,準備,295.0,84.0,3.0,0,,-23.7,-4.2,,,,,,,298.5,1.2,-24.6,-4.5,,,,,,,2026-07
2026-07-09,5471,松翰,電子工業,進榜,準備,66.77,75.0,2.0,0,,-17.9,-4.2,,,,,,,67.2,0.6,-18.4,-4.5,,,,,,,2026-07
2026-07-09,6435,大中,半導體業,移出,離高點太遠,365.4,94.0,,21,,,,,,,,,,,,,,,,,,,,2026-07
2026-07-09,7795,長廣,電子零組件業,移出,離高點太遠,552.0,81.0,,10,,,,,,,,,,,,,,,,,,,,2026-07
2026-07-13,6182,合晶,半導體業,進榜,觸發,189.5,100.0,4.0,0,,-50.9,-2.7,,,,,,,185.0,-2.4,-49.7,-2.8,,,,,,,2026-07
2026-07-13,6182,合晶,半導體業,觸發,進榜即觸發,189.5,100.0,4.0,0,189.5,-50.9,-2.7,,,,,,,185.0,-2.4,-49.7,-2.8,,,,,,,2026-07
2026-07-13,7610,聯友金屬,綠能環保,進榜,觸發,2425.0,100.0,4.0,0,,-19.6,-2.7,,,,,,,2465.0,1.6,-20.9,-2.8,,,,,,,2026-07
2026-07-13,7610,聯友金屬,綠能環保,觸發,進榜即觸發,2425.0,100.0,4.0,0,2425.0,-19.6,-2.7,,,,,,,2465.0,1.6,-20.9,-2.8,,,,,,,2026-07
2026-07-13,1303,南亞,塑膠工業,進榜,觸發,199.5,96.0,6.0,0,,-7.3,-2.7,,,,,,,203.0,1.8,-8.9,-2.8,,,,,,,2026-07
2026-07-13,1303,南亞,塑膠工業,觸發,進榜即觸發,199.5,96.0,6.0,0,199.5,-7.3,-2.7,,,,,,,203.0,1.8,-8.9,-2.8,,,,,,,2026-07
2026-07-13,8383,千附,其他電子類,進榜,觸發,74.33,72.0,2.0,0,,-6.0,-2.7,,,,,,,80.5,8.4,-13.2,-2.8,,,,,,,2026-07
2026-07-13,8383,千附,其他電子類,觸發,進榜即觸發,74.33,72.0,2.0,0,74.33,-6.0,-2.7,,,,,,,80.5,8.4,-13.2,-2.8,,,,,,,2026-07
2026-07-13,8033,雷虎,其他,進榜,準備,249.5,73.0,3.0,0,,-31.1,-2.7,,,,,,,256.0,2.6,-32.8,-2.8,,,,,,,2026-07
2026-07-13,3702,大聯大,電子工業,進榜,準備,113.05,71.0,3.0,0,,11.1,-2.7,,,,,,,112.6,-0.4,11.6,-2.8,,,,,,,2026-07
2026-07-13,2645,長榮航太,航運業,進榜,準備,251.5,70.0,3.0,0,,-24.7,-2.7,,,,,,,247.0,-1.8,-23.3,-2.8,,,,,,,2026-07
2026-07-13,8261,富鼎,半導體業,移出,離高點太遠,292.5,96.0,,25,,,,,,,,,,,,,,,,,,,,2026-07
2026-07-13,3481,群創,光電業,移出,離高點太遠,61.0,98.0,,25,,,,,,,,,,,,,,,,,,,,2026-07
2026-07-13,6213,聯茂,電子工業,移出,離高點太遠,359.5,92.0,,19,,,,,,,,,,,,,,,,,,,,2026-07
2026-07-13,6672,騰輝電子-KY,電子工業,移出,離高點太遠,275.0,91.0,,18,,,,,,,,,,,,,,,,,,,,2026-07
2026-07-13,2484,希華,電子工業,移出,離高點太遠,83.53,98.0,,12,,,,,,,,,,,,,,,,,,,,2026-07
2026-07-13,8182,加高,電子零組件業,移出,離高點太遠,47.64,72.0,,10,,,,,,,,,,,,,,,,,,,,2026-07
2026-07-13,6174,安碁,電子零組件業,移出,離高點太遠,56.5,93.0,,10,,,,,,,,,,,,,,,,,,,,2026-07
2026-07-13,3675,德微,半導體業,移出,離高點太遠,356.5,87.0,,7,,,,,,,,,,,,,,,,,,,,2026-07
2026-07-13,3317,尼克森,半導體業,移出,晚期未觸發,91.29,79.0,,7,,,,,,,,,,,,,,,,,,,,2026-07
2026-07-13,8926,台汽電,油電燃氣業,移出,離高點太遠,69.3,71.0,,7,,,,,,,,,,,,,,,,,,,,2026-07
2026-07-13,3088,艾訊,電腦及週邊設備業,移出,掉出掃描母體,141.14,71.0,,5,,,,,,,,,,,,,,,,,,,,2026-07
2026-07-14,3532,台勝科,半導體業,進榜,觸發,510.0,99.0,3.0,0,,-44.3,-1.6,,,,,,,535.0,4.9,-46.9,-2.0,,,,,,,2026-07
2026-07-14,3532,台勝科,半導體業,觸發,進榜即觸發,510.0,99.0,3.0,0,510.0,-44.3,-1.6,,,,,,,535.0,4.9,-46.9,-2.0,,,,,,,2026-07
2026-07-14,6829,千附精密,電機機械,進榜,觸發,256.5,87.0,3.0,0,,-19.7,-1.6,,,,,,,263.0,2.5,-21.7,-2.0,,,,,,,2026-07
2026-07-14,6829,千附精密,電機機械,觸發,進榜即觸發,256.5,87.0,3.0,0,256.5,-19.7,-1.6,,,,,,,263.0,2.5,-21.7,-2.0,,,,,,,2026-07
2026-07-14,8039,台虹,電子工業,進榜,觸發,185.5,79.0,6.0,0,,16.4,-1.6,,,,,,,186.0,0.3,16.1,-2.0,,,,,,,2026-07
2026-07-14,8039,台虹,電子工業,觸發,進榜即觸發,185.5,79.0,6.0,0,185.5,16.4,-1.6,,,,,,,186.0,0.3,16.1,-2.0,,,,,,,2026-07
2026-07-14,6446,藥華藥,生技醫療業,移出,離高點太遠,1200.0,92.0,,20,,,,,,,,,,,,,,,,,,,,2026-07
2026-07-14,3026,禾伸堂,電子工業,移出,離高點太遠,815.0,100.0,,13,,,,,,,,,,,,,,,,,,,,2026-07
2026-07-14,6525,捷敏-KY,半導體業,移出,離高點太遠,181.5,90.0,,11,,,,,,,,,,,,,,,,,,,,2026-07
2026-07-14,8150,南茂,電子工業,移出,離高點太遠,104.0,83.0,,8,,,,,,,,,,,,,,,,,,,,2026-07
2026-07-14,2351,順德,電子工業,移出,離高點太遠,193.22,86.0,,8,,,,,,,,,,,,,,,,,,,,2026-07
2026-07-14,2855,統一證,金融保險,移出,離高點太遠,46.65,79.0,,8,,,,,,,,,,,,,,,,,,,,2026-07
2026-07-15,8046,南電,電子工業,進榜,觸發,1415.0,99.0,4.0,0,,-10.6,-2.5,,,,,,,1405.0,-0.7,-10.0,-2.4,,,,,,,2026-07
2026-07-15,8046,南電,電子工業,觸發,進榜即觸發,1415.0,99.0,4.0,0,1415.0,-10.6,-2.5,,,,,,,1405.0,-0.7,-10.0,-2.4,,,,,,,2026-07
2026-07-15,6949,沛爾生醫-創,創新版股票,進榜,觸發,1025.0,89.0,4.0,0,,-1.5,-2.5,,,,,,,1020.0,-0.5,-1.0,-2.4,,,,,,,2026-07
2026-07-15,6949,沛爾生醫-創,創新版股票,觸發,進榜即觸發,1025.0,89.0,4.0,0,1025.0,-1.5,-2.5,,,,,,,1020.0,-0.5,-1.0,-2.4,,,,,,,2026-07
2026-07-15,3033,威健,電子工業,進榜,觸發,53.37,73.0,3.0,0,,-5.7,-2.5,,,,,,,53.8,0.7,-6.4,-2.4,,,,,,,2026-07
2026-07-15,3033,威健,電子工業,觸發,進榜即觸發,53.37,73.0,3.0,0,53.37,-5.7,-2.5,,,,,,,53.8,0.7,-6.4,-2.4,,,,,,,2026-07
2026-07-15,1810,和成,玻璃陶瓷,進榜,準備,31.1,76.0,2.0,0,,-22.2,-2.5,,,,,,,30.2,-2.7,-20.0,-2.4,,,,,,,2026-07
2026-07-15,3702,大聯大,電子工業,移出,掉出掃描母體,115.47,75.0,,2,,,,,,,,,,,,,,,,,,,,2026-07
2026-07-15,8096,擎亞,電子通路業,移出,離高點太遠,146.0,89.0,,30,,,,,,,,,,,,,,,,,,,,2026-07
2026-07-16,4939,亞電,電子零組件業,進榜,觸發,66.8,79.0,5.0,0,,-4.3,-2.4,,,,,,,65.0,-2.7,-1.7,-1.4,,,,,,,2026-07
2026-07-16,4939,亞電,電子零組件業,觸發,進榜即觸發,66.8,79.0,5.0,0,66.8,-4.3,-2.4,,,,,,,65.0,-2.7,-1.7,-1.4,,,,,,,2026-07
2026-07-16,5434,崇越,電子工業,進榜,觸發,596.0,78.0,2.0,0,,-11.6,-2.4,,,,,,,579.0,-2.9,-9.0,-1.4,,,,,,,2026-07
2026-07-16,5434,崇越,電子工業,觸發,進榜即觸發,596.0,78.0,2.0,0,596.0,-11.6,-2.4,,,,,,,579.0,-2.9,-9.0,-1.4,,,,,,,2026-07
2026-07-16,6505,台塑化,油電燃氣業,進榜,觸發,80.0,70.0,6.0,0,,-12.8,-2.4,,,,,,,79.6,-0.5,-12.3,-1.4,,,,,,,2026-07
2026-07-16,6505,台塑化,油電燃氣業,觸發,進榜即觸發,80.0,70.0,6.0,0,80.0,-12.8,-2.4,,,,,,,79.6,-0.5,-12.3,-1.4,,,,,,,2026-07
2026-07-16,2883,凱基金,金融保險,進榜,準備,30.55,74.0,2.0,0,,3.1,-2.4,,,,,,,30.0,-1.8,5.0,-1.4,,,,,,,2026-07
2026-07-16,2645,長榮航太,航運業,移出,掉出掃描母體,242.0,71.0,,3,,,,,,,,,,,,,,,,,,,,2026-07
2026-07-16,6182,合晶,半導體業,移出,突破失敗,166.0,99.0,,3,,,,,,,,,,,,,,,,,,,,2026-07
2026-07-16,6829,千附精密,電機機械,移出,離高點太遠,231.5,80.0,,2,,,,,,,,,,,,,,,,,,,,2026-07
2026-07-16,8046,南電,電子工業,移出,突破失敗,1275.0,99.0,,1,,,,,,,,,,,,,,,,,,,,2026-07
2026-07-17,3711,日月光投控,半導體業,移出,突破失敗,614.0,87.0,,25,,,,,,,,,,,,,,,,,,,,2026-07
2026-07-17,3055,蔚華科,電子通路業,移出,離高點太遠,163.0,93.0,,15,,,,,,,,,,,,,,,,,,,,2026-07
2026-07-17,6488,環球晶,半導體業,移出,離高點太遠,1240.0,97.0,,15,,,,,,,,,,,,,,,,,,,,2026-07
2026-07-17,5483,中美晶,半導體業,移出,離高點太遠,232.98,89.0,,14,,,,,,,,,,,,,,,,,,,,2026-07
2026-07-17,1718,中纖,化學工業,移出,離高點太遠,13.65,89.0,,14,,,,,,,,,,,,,,,,,,,,2026-07
2026-07-17,5471,松翰,電子工業,移出,離高點太遠,55.9,75.0,,8,,,,,,,,,,,,,,,,,,,,2026-07
2026-07-17,8033,雷虎,其他,移出,離高點太遠,219.0,72.0,,4,,,,,,,,,,,,,,,,,,,,2026-07
2026-07-17,3532,台勝科,半導體業,移出,離高點太遠,424.0,99.0,,3,,,,,,,,,,,,,,,,,,,,2026-07
2026-07-17,3033,威健,電子工業,移出,掉出掃描母體,52.02,72.0,,2,,,,,,,,,,,,,,,,,,,,2026-07
2026-07-17,4939,亞電,電子零組件業,移出,離高點太遠,60.2,75.0,,1,,,,,,,,,,,,,,,,,,,,2026-07
2026-07-20,6196,帆宣,其他電子業,移出,晚期未觸發,518.0,82.0,,48,,,,,,,,,,,,,,,,,,,,2026-07
2026-07-20,3374,精材,半導體業,移出,離高點太遠,345.5,93.0,,27,,,,,,,,,,,,,,,,,,,,2026-07
2026-07-20,8091,翔名,電子零組件業,移出,掉出掃描母體,268.0,88.0,,11,,,,,,,,,,,,,,,,,,,,2026-07
2026-07-20,7610,聯友金屬,綠能環保,移出,離高點太遠,2170.0,100.0,,7,,,,,,,,,,,,,,,,,,,,2026-07
2026-07-20,1303,南亞,塑膠工業,移出,離高點太遠,186.5,98.0,,7,,,,,,,,,,,,,,,,,,,,2026-07
2026-07-20,8383,千附,其他電子類,移出,離高點太遠,80.2,86.0,,7,,,,,,,,,,,,,,,,,,,,2026-07
2026-07-20,5434,崇越,電子工業,移出,突破失敗,544.0,82.0,,4,,,,,,,,,,,,,,,,,,,,2026-07
2026-07-21,4939,亞電,電子零組件業,進榜,觸發,72.8,86.0,5.0,0,,-17.4,-1.2,,,,,,,76.9,5.6,-21.8,-1.5,,,,,,,2026-07
2026-07-21,4939,亞電,電子零組件業,觸發,進榜即觸發,72.8,86.0,5.0,0,72.8,-17.4,-1.2,,,,,,,76.9,5.6,-21.8,-1.5,,,,,,,2026-07
2026-07-21,6414,樺漢,電子工業,進榜,觸發,445.5,76.0,2.0,0,,-12.6,-1.2,,,,,,,470.0,5.5,-17.1,-1.5,,,,,,,2026-07
2026-07-21,6414,樺漢,電子工業,觸發,進榜即觸發,445.5,76.0,2.0,0,445.5,-12.6,-1.2,,,,,,,470.0,5.5,-17.1,-1.5,,,,,,,2026-07
2026-07-21,2395,研華,電子工業,進榜,準備,567.0,86.0,2.0,0,,19.8,-1.2,,,,,,,589.0,3.9,15.3,-1.5,,,,,,,2026-07
2026-07-22,3374,精材,半導體業,進榜,觸發,418.0,93.0,3.0,0,,-28.5,-1.8,,,,,,,411.0,-1.7,-27.3,-2.0,,,,,,,2026-07
2026-07-22,3374,精材,半導體業,觸發,進榜即觸發,418.0,93.0,3.0,0,418.0,-28.5,-1.8,,,,,,,411.0,-1.7,-27.3,-2.0,,,,,,,2026-07
2026-07-22,3088,艾訊,電腦及週邊設備業,進榜,準備,144.57,80.0,2.0,0,,-12.5,-1.8,,,,,,,146.0,1.0,-13.4,-2.0,,,,,,,2026-07
2026-07-23,6166,凌華,電腦及週邊設備業,進榜,觸發,159.5,95.0,3.0,0,,-24.5,-0.8,,,,,,,160.5,0.6,-24.9,-0.5,,,,,,,2026-07
2026-07-23,6166,凌華,電腦及週邊設備業,觸發,進榜即觸發,159.5,95.0,3.0,0,159.5,-24.5,-0.8,,,,,,,160.5,0.6,-24.9,-0.5,,,,,,,2026-07
2026-07-23,3702,大聯大,電子工業,進榜,準備,117.4,77.0,3.0,0,,-14.0,-0.8,,,,,,,116.4,-0.8,-13.3,-0.5,,,,,,,2026-07
2026-07-24,1810,和成,玻璃陶瓷,移出,離高點太遠,28.6,75.0,,9,,,,,,,,,,,,,,,,,,,,2026-07
2026-07-24,4939,亞電,電子零組件業,移出,離高點太遠,62.7,79.0,,3,,,,,,,,,,,,,,,,,,,,2026-07
2026-07-24,3374,精材,半導體業,移出,突破失敗,365.0,90.0,,2,,,,,,,,,,,,,,,,,,,,2026-07
2026-07-27,2881,富邦金,金融保險,進榜,準備,130.0,71.0,3.0,0,,1.5,0.0,,,,,,,127.5,-1.9,3.5,0.8,,,,,,,2026-07
2026-07-27,8039,台虹,電子工業,移出,離高點太遠,216.0,94.0,,13,,,,,,,,,,,,,,,,,,,,2026-07
2026-07-27,6505,台塑化,油電燃氣業,移出,離高點太遠,77.9,81.0,,11,,,,,,,,,,,,,,,,,,,,2026-07
2026-07-28,6949,沛爾生醫-創,創新版股票,移出,離高點太遠,891.0,95.0,,13,,,,,,,,,,,,,,,,,,,,2026-07
2026-07-28,6414,樺漢,電子工業,移出,離高點太遠,436.0,80.0,,7,,,,,,,,,,,,,,,,,,,,2026-07
2026-07-28,3088,艾訊,電腦及週邊設備業,移出,掉出掃描母體,141.5,83.0,,6,,,,,,,,,,,,,,,,,,,,2026-07
2026-07-28,3702,大聯大,電子工業,移出,掉出掃描母體,112.09,77.0,,5,,,,,,,,,,,,,,,,,,,,2026-07
2026-07-28,6166,凌華,電腦及週邊設備業,移出,離高點太遠,137.0,95.0,,5,,,,,,,,,,,,,,,,,,,,2026-07
2026-07-29,5904,寶雅,貿易百貨,進榜,準備,72.0,88.0,2.0,0,,3.9,5.0,,,,,,,69.3,-3.8,7.9,5.4,,,,,,,2026-07
2026-07-29,2880,華南金,金融保險,進榜,準備,40.09,70.0,2.0,0,,-1.2,5.0,,,,,,,40.2,0.2,-1.5,5.4,,,,,,,2026-07
2026-07-30,2886,兆豐金,金融保險,進榜,準備,49.65,74.0,1.0,0,,-7.0,6.1,,,,,,,49.6,0.0,-7.0,4.3,,,,,,,2026-07
2026-07-31,2887,台新新光金,金融保險,進榜,準備,35.95,88.0,2.0,0,,4.3,3.4,,,,,,,35.5,-1.3,5.6,3.8,,,,,,,2026-07
2026-07-31,2890,永豐金,金融保險,進榜,準備,40.6,79.0,2.0,0,,-2.0,3.4,,,,,,,40.0,-1.5,-0.5,3.8,,,,,,,2026-07
2026-07-31,2347,聯強,電子工業,進榜,準備,93.7,77.0,1.0,0,,-7.7,3.4,,,,,,,91.1,-2.8,-5.0,3.8,,,,,,,2026-07
2026-07-31,6214,精誠,資訊服務業,進榜,準備,154.0,74.0,3.0,0,,17.5,3.4,,,,,,,151.0,-1.9,19.9,3.8,,,,,,,2026-07
2026-08-03,3441,聯一光,光電業,進榜,觸發,92.4,99.0,3.0,0,,47.2,2.0,,,,,,,93.5,1.2,45.5,2.6,,,,,,,2026-08
2026-08-03,3441,聯一光,光電業,觸發,進榜即觸發,92.4,99.0,3.0,0,92.4,47.2,2.0,,,,,,,93.5,1.2,45.5,2.6,,,,,,,2026-08
2026-08-03,6206,飛捷,電腦及週邊設備業,進榜,準備,133.5,74.0,1.0,0,,3.4,2.0,,,,,,,132.0,-1.1,4.5,2.6,,,,,,,2026-08
2026-08-03,2886,兆豐金,金融保險,移出,掉出掃描母體,51.19,72.0,,4,,,,,,,,,,,,,,,,,,,,2026-08
2026-08-03,6214,精誠,資訊服務業,移出,掉出掃描母體,154.0,74.0,,3,,,,,,,,,,,,,,,,,,,,2026-08
2026-08-03,2880,華南金,金融保險,移出,掉出掃描母體,41.92,73.0,,5,,,,,,,,,,,,,,,,,,,,2026-08
2026-08-04,2059,川湖,電子工業,進榜,觸發,9461.63,99.0,4.0,0,,49.6,1.9,,,,,,,9466.6,0.1,49.5,1.2,,,,,,,2026-08
2026-08-04,2059,川湖,電子工業,觸發,進榜即觸發,9461.63,99.0,4.0,0,9461.63,49.6,1.9,,,,,,,9466.6,0.1,49.5,1.2,,,,,,,2026-08
2026-08-04,2301,光寶科,電腦及週邊設備業,進榜,觸發,249.7,82.0,6.0,0,,20.3,1.9,,,,,,,257.6,3.2,16.6,1.2,,,,,,,2026-08
2026-08-04,2301,光寶科,電腦及週邊設備業,觸發,進榜即觸發,249.7,82.0,6.0,0,249.7,20.3,1.9,,,,,,,257.6,3.2,16.6,1.2,,,,,,,2026-08
2026-08-04,2425,承啟,電子工業,進榜,準備,50.2,84.0,2.0,0,,-25.4,1.9,,,,,,,51.0,1.6,-26.6,1.2,,,,,,,2026-08
2026-08-04,2885,元大金,金融保險,進榜,準備,66.35,81.0,3.0,0,,0.5,1.9,,,,,,,66.8,0.7,-0.2,1.2,,,,,,,2026-08
2026-08-04,3034,聯詠,半導體業,進榜,準備,524.0,70.0,2.0,0,,5.3,1.9,,,,,,,540.0,3.1,2.2,1.2,,,,,,,2026-08
2026-08-05,3702,大聯大,電子工業,進榜,觸發,124.65,88.0,3.0,0,,-18.2,0.8,,,,,,,122.2,-1.9,-16.6,1.2,,,,,,,2026-08
2026-08-05,3702,大聯大,電子工業,觸發,進榜即觸發,124.65,88.0,3.0,0,124.65,-18.2,0.8,,,,,,,122.2,-1.9,-16.6,1.2,,,,,,,2026-08
2026-08-05,3605,宏致,電子工業,進榜,觸發,100.06,70.0,6.0,0,,26.9,0.8,,,,,,,101.0,1.0,25.7,1.2,,,,,,,2026-08
2026-08-05,3605,宏致,電子工業,觸發,進榜即觸發,100.06,70.0,6.0,0,100.06,26.9,0.8,,,,,,,101.0,1.0,25.7,1.2,,,,,,,2026-08
2026-08-05,2395,研華,電子工業,觸發,等待後觸發,633.0,92.0,2.0,15,580.51,9.3,0.8,,,,,,,670.0,5.8,3.3,1.2,,,,,,,2026-08
2026-08-05,2347,聯強,電子工業,移出,掉出掃描母體,93.8,71.0,,5,,,,,,,,,,,,,,,,,,,,2026-08
2026-08-05,2890,永豐金,金融保險,移出,掉出掃描母體,39.6,71.0,,5,,,,,,,,,,,,,,,,,,,,2026-08
2026-08-05,2301,光寶科,電腦及週邊設備業,移出,掉出掃描母體,249.7,82.0,,1,,,,,,,,,,,,,,,,,,,,2026-08
2026-08-06,3006,晶豪科,電子工業,進榜,觸發,258.0,83.0,5.0,0,,,,,,,,,,255.0,-1.2,,,,,,,,,2026-08
2026-08-06,3006,晶豪科,電子工業,觸發,進榜即觸發,258.0,83.0,5.0,0,258.0,,,,,,,,,255.0,-1.2,,,,,,,,,2026-08
2026-08-06,2377,微星,電子工業,進榜,準備,149.58,78.0,1.0,0,,,,,,,,,,149.6,0.0,,,,,,,,,2026-08
2026-08-06,3141,晶宏,半導體業,進榜,準備,78.4,77.0,3.0,0,,,,,,,,,,78.8,0.5,,,,,,,,,2026-08
2026-08-06,3022,威強電,電子工業,進榜,準備,96.85,71.0,1.0,0,,,,,,,,,,97.3,0.5,,,,,,,,,2026-08
2026-08-06,2881,富邦金,金融保險,移出,掉出掃描母體,129.5,72.0,,10,,,,,,,,,,,,,,,,,,,,2026-08
2026-08-06,3034,聯詠,半導體業,移出,掉出掃描母體,550.0,70.0,,2,,,,,,,,,,,,,,,,,,,,2026-08
2026-08-07,8050,廣積,電腦及週邊設備業,進榜,準備,69.0,84.0,1.0,0,,,,,,,,,,67.3,-2.5,,,,,,,,,2026-08
2026-08-07,2049,上銀,電機機械,進榜,準備,387.0,74.0,2.0,0,,,,,,,,,,381.0,-1.6,,,,,,,,,2026-08
2026-08-07,2425,承啟,電子工業,觸發,等待後觸發,52.9,89.0,2.0,3,50.9,,,,,,,,,51.8,-2.1,,,,,,,,,2026-08
2026-08-07,3441,聯一光,光電業,移出,突破失敗,84.4,95.0,,4,,,,,,,,,,,,,,,,,,,,2026-08
2026-08-10,6213,聯茂,電子工業,進榜,觸發,427.5,99.0,4.0,0,,,,,,,,,,427.5,0.0,,,,,,,,,2026-08
2026-08-10,6213,聯茂,電子工業,觸發,進榜即觸發,427.5,99.0,4.0,0,427.5,,,,,,,,,427.5,0.0,,,,,,,,,2026-08
2026-08-10,2408,南亞科,半導體業,進榜,觸發,502.0,88.0,5.0,0,,,,,,,,,,491.5,-2.1,,,,,,,,,2026-08
2026-08-10,2408,南亞科,半導體業,觸發,進榜即觸發,502.0,88.0,5.0,0,502.0,,,,,,,,,491.5,-2.1,,,,,,,,,2026-08
2026-08-10,5351,鈺創,半導體業,進榜,觸發,114.0,88.0,6.0,0,,,,,,,,,,116.0,1.8,,,,,,,,,2026-08
2026-08-10,5351,鈺創,半導體業,觸發,進榜即觸發,114.0,88.0,6.0,0,114.0,,,,,,,,,116.0,1.8,,,,,,,,,2026-08
2026-08-10,2301,光寶科,電腦及週邊設備業,進榜,觸發,269.02,74.0,6.0,0,,,,,,,,,,271.5,0.9,,,,,,,,,2026-08
2026-08-10,2301,光寶科,電腦及週邊設備業,觸發,進榜即觸發,269.02,74.0,6.0,0,269.02,,,,,,,,,271.5,0.9,,,,,,,,,2026-08
2026-08-10,2465,麗臺,電腦及週邊設備業,進榜,觸發,93.6,71.0,2.0,0,,,,,,,,,,94.6,1.1,,,,,,,,,2026-08
2026-08-10,2465,麗臺,電腦及週邊設備業,觸發,進榜即觸發,93.6,71.0,2.0,0,93.6,,,,,,,,,94.6,1.1,,,,,,,,,2026-08
2026-08-10,2103,台橡,橡膠工業,進榜,準備,27.5,83.0,3.0,0,,,,,,,,,,27.8,1.1,,,,,,,,,2026-08
2026-08-10,5904,寶雅,貿易百貨,觸發,等待後觸發,79.2,90.0,2.0,12,74.0,,,,,,,,,87.1,10.0,,,,,,,,,2026-08
2026-08-10,3022,威強電,電子工業,觸發,等待後觸發,108.9,86.0,1.0,4,97.34,,,,,,,,,111.3,2.2,,,,,,,,,2026-08
2026-08-10,6206,飛捷,電腦及週邊設備業,觸發,等待後觸發,158.0,81.0,1.0,7,137.5,,,,,,,,,154.0,-2.5,,,,,,,,,2026-08
2026-08-10,2049,上銀,電機機械,移出,掉出掃描母體,387.0,74.0,,3,,,,,,,,,,,,,,,,,,,,2026-08
2026-08-11,6446,藥華藥,生技醫療業,進榜,觸發,1460.0,98.0,3.0,0,,,,,,,,,,1465.0,0.3,,,,,,,,,2026-08
2026-08-11,6446,藥華藥,生技醫療業,觸發,進榜即觸發,1460.0,98.0,3.0,0,1460.0,,,,,,,,,1465.0,0.3,,,,,,,,,2026-08
2026-08-11,2425,承啟,電子工業,移出,突破失敗,45.95,76.0,,7,,,,,,,,,,,,,,,,,,,,2026-08
2026-08-11,2465,麗臺,電腦及週邊設備業,移出,掉出掃描母體,93.6,71.0,,1,,,,,,,,,,,,,,,,,,,,2026-08
2026-08-12,3081,聯亞,通信網路業,進榜,觸發,2725.0,96.0,3.0,0,,,,,,,,,,2840.0,4.2,,,,,,,,,2026-08
2026-08-12,3081,聯亞,通信網路業,觸發,進榜即觸發,2725.0,96.0,3.0,0,2725.0,,,,,,,,,2840.0,4.2,,,,,,,,,2026-08
2026-08-12,6538,倉和,電子零組件業,進榜,準備,161.5,96.0,2.0,0,,,,,,,,,,177.5,9.9,,,,,,,,,2026-08
2026-08-12,2465,麗臺,電腦及週邊設備業,進榜,準備,95.5,75.0,2.0,0,,,,,,,,,,99.1,3.8,,,,,,,,,2026-08
2026-08-12,2376,技嘉,電子工業,進榜,準備,375.5,74.0,3.0,0,,,,,,,,,,385.5,2.7,,,,,,,,,2026-08
2026-08-12,2377,微星,電子工業,觸發,等待後觸發,164.15,86.0,1.0,6,153.47,,,,,,,,,166.1,1.2,,,,,,,,,2026-08
2026-08-12,3141,晶宏,半導體業,移出,掉出掃描母體,77.7,70.0,,6,,,,,,,,,,,,,,,,,,,,2026-08
2026-08-12,8050,廣積,電腦及週邊設備業,移出,掉出掃描母體,61.6,72.0,,5,,,,,,,,,,,,,,,,,,,,2026-08
2026-08-13,2465,麗臺,電腦及週邊設備業,觸發,等待後觸發,105.0,83.0,2.0,1,95.8,,,,,,,,,106.0,1.0,,,,,,,,,2026-08
2026-08-13,3006,晶豪科,電子工業,移出,掉出掃描母體,274.0,71.0,,7,,,,,,,,,,,,,,,,,,,,2026-08
2026-08-13,3022,威強電,電子工業,移出,離高點太遠,94.54,73.0,,7,,,,,,,,,,,,,,,,,,,,2026-08
2026-08-14,3498,陽程,其他電子類,進榜,觸發,158.0,96.0,3.0,0,,,,,,,,,,159.5,0.9,,,,,,,,,2026-08
2026-08-14,3498,陽程,其他電子類,觸發,進榜即觸發,158.0,96.0,3.0,0,158.0,,,,,,,,,159.5,0.9,,,,,,,,,2026-08
2026-08-14,3037,欣興,電子工業,進榜,準備,1020.0,94.0,3.0,0,,,,,,,,,,1045.0,2.5,,,,,,,,,2026-08
2026-08-14,6214,精誠,資訊服務業,進榜,準備,172.0,76.0,2.0,0,,,,,,,,,,173.0,0.6,,,,,,,,,2026-08
2026-08-14,2890,永豐金,金融保險,進榜,準備,40.55,70.0,2.0,0,,,,,,,,,,40.0,-1.4,,,,,,,,,2026-08
2026-08-14,3702,大聯大,電子工業,移出,突破失敗,111.12,72.0,,9,,,,,,,,,,,,,,,,,,,,2026-08
2026-08-14,3081,聯亞,通信網路業,移出,離高點太遠,2540.0,93.0,,2,,,,,,,,,,,,,,,,,,,,2026-08
2026-08-17,3234,光環,通信網路業,進榜,觸發,142.93,95.0,4.0,0,,,,,,,,,,142.0,-0.7,,,,,,,,,2026-08
2026-08-17,3234,光環,通信網路業,觸發,進榜即觸發,142.93,95.0,4.0,0,142.93,,,,,,,,,142.0,-0.7,,,,,,,,,2026-08
2026-08-17,6187,萬潤,其他電子類,進榜,準備,1385.0,98.0,2.0,0,,,,,,,,,,1360.0,-1.8,,,,,,,,,2026-08
2026-08-17,3081,聯亞,通信網路業,進榜,準備,2790.0,93.0,3.0,0,,,,,,,,,,2850.0,2.2,,,,,,,,,2026-08
2026-08-17,3008,大立光,光電業,進榜,準備,5070.0,91.0,3.0,0,,,,,,,,,,5115.0,0.9,,,,,,,,,2026-08
2026-08-17,2376,技嘉,電子工業,移出,掉出掃描母體,397.5,78.0,,5,,,,,,,,,,,,,,,,,,,,2026-08
2026-08-17,2890,永豐金,金融保險,移出,掉出掃描母體,40.55,70.0,,3,,,,,,,,,,,,,,,,,,,,2026-08
2026-08-17,5904,寶雅,貿易百貨,移出,離高點太遠,76.5,86.0,,19,,,,,,,,,,,,,,,,,,,,2026-08
2026-08-18,2881,富邦金,金融保險,進榜,準備,129.5,71.0,3.0,0,,,,,,,,,,129.0,-0.4,,,,,,,,,2026-08
2026-08-18,2615,萬海,航運業,進榜,準備,105.0,70.0,2.0,0,,,,,,,,,,102.5,-2.4,,,,,,,,,2026-08
2026-08-18,2465,麗臺,電腦及週邊設備業,移出,離高點太遠,86.2,71.0,,6,,,,,,,,,,,,,,,,,,,,2026-08
2026-08-19,2881,富邦金,金融保險,移出,掉出掃描母體,129.5,71.0,,1,,,,,,,,,,,,,,,,,,,,2026-08
2026-08-19,2885,元大金,金融保險,移出,掉出掃描母體,64.0,75.0,,15,,,,,,,,,,,,,,,,,,,,2026-08
2026-08-19,2377,微星,電子工業,移出,離高點太遠,142.3,77.0,,13,,,,,,,,,,,,,,,,,,,,2026-08
2026-08-19,3081,聯亞,通信網路業,移出,晚期未觸發,2680.0,94.0,,2,,,,,,,,,,,,,,,,,,,,2026-08
2026-08-20,3441,聯一光,光電業,進榜,觸發,97.3,96.0,3.0,0,,,,,,,,,,102.0,4.8,,,,,,,,,2026-08
2026-08-20,3441,聯一光,光電業,觸發,進榜即觸發,97.3,96.0,3.0,0,97.3,,,,,,,,,102.0,4.8,,,,,,,,,2026-08
2026-08-20,2637,慧洋-KY,航運業,進榜,準備,94.7,70.0,1.0,0,,,,,,,,,,93.5,-1.3,,,,,,,,,2026-08
2026-08-20,2615,萬海,航運業,觸發,等待後觸發,113.5,78.0,2.0,2,108.0,,,,,,,,,113.0,-0.4,,,,,,,,,2026-08
2026-08-20,3605,宏致,電子工業,移出,離高點太遠,110.0,84.0,,15,,,,,,,,,,,,,,,,,,,,2026-08
2026-08-20,5351,鈺創,半導體業,移出,離高點太遠,118.0,92.0,,10,,,,,,,,,,,,,,,,,,,,2026-08
2026-08-21,1709,和益,化學工業,進榜,準備,32.32,92.0,2.0,0,,,,,,,,,,33.2,2.9,,,,,,,,,2026-08
2026-08-21,2881,富邦金,金融保險,進榜,準備,134.0,77.0,3.0,0,,,,,,,,,,135.0,0.7,,,,,,,,,2026-08
2026-08-21,6206,飛捷,電腦及週邊設備業,移出,掉出掃描母體,142.5,71.0,,18,,,,,,,,,,,,,,,,,,,,2026-08
2026-08-21,6187,萬潤,其他電子類,移出,離高點太遠,1195.0,96.0,,4,,,,,,,,,,,,,,,,,,,,2026-08
2026-08-24,2603,長榮,航運業,進榜,準備,250.5,71.0,3.0,0,,,,,,,,,,251.0,0.2,,,,,,,,,2026-08
2026-08-25,2426,鼎元,光電業,進榜,觸發,90.8,99.0,3.0,0,,,,,,,,,,89.8,-1.1,,,,,,,,,2026-08
2026-08-25,2426,鼎元,光電業,觸發,進榜即觸發,90.8,99.0,3.0,0,90.8,,,,,,,,,89.8,-1.1,,,,,,,,,2026-08
2026-08-25,4939,亞電,電子零組件業,進榜,觸發,71.7,93.0,6.0,0,,,,,,,,,,74.7,4.2,,,,,,,,,2026-08
2026-08-25,4939,亞電,電子零組件業,觸發,進榜即觸發,71.7,93.0,6.0,0,71.7,,,,,,,,,74.7,4.2,,,,,,,,,2026-08
2026-08-25,6949,沛爾生醫-創,創新版股票,進榜,觸發,1355.0,93.0,5.0,0,,,,,,,,,,1405.0,3.7,,,,,,,,,2026-08
2026-08-25,6949,沛爾生醫-創,創新版股票,觸發,進榜即觸發,1355.0,93.0,5.0,0,1355.0,,,,,,,,,1405.0,3.7,,,,,,,,,2026-08
2026-08-25,6547,高端疫苗,生技醫療業,進榜,準備,56.3,74.0,2.0,0,,,,,,,,,,59.1,5.0,,,,,,,,,2026-08
2026-08-25,1563,巧新,電機機械,進榜,準備,65.1,73.0,3.0,0,,,,,,,,,,65.6,0.8,,,,,,,,,2026-08
2026-08-25,3034,聯詠,半導體業,進榜,準備,555.0,72.0,2.0,0,,,,,,,,,,556.0,0.2,,,,,,,,,2026-08
2026-08-25,2603,長榮,航運業,移出,掉出掃描母體,250.5,71.0,,1,,,,,,,,,,,,,,,,,,,,2026-08
2026-08-26,6226,光鼎,光電業,進榜,觸發,28.15,98.0,5.0,0,,,,,,,,,,31.0,9.9,,,,,,,,,2026-08
2026-08-26,6226,光鼎,光電業,觸發,進榜即觸發,28.15,98.0,5.0,0,28.15,,,,,,,,,31.0,9.9,,,,,,,,,2026-08
2026-08-26,8039,台虹,電子工業,進榜,觸發,320.5,98.0,6.0,0,,,,,,,,,,340.5,6.2,,,,,,,,,2026-08
2026-08-26,8039,台虹,電子工業,觸發,進榜即觸發,320.5,98.0,6.0,0,320.5,,,,,,,,,340.5,6.2,,,,,,,,,2026-08
2026-08-26,3081,聯亞,通信網路業,進榜,觸發,3255.0,96.0,3.0,0,,,,,,,,,,3385.0,4.0,,,,,,,,,2026-08
2026-08-26,3081,聯亞,通信網路業,觸發,進榜即觸發,3255.0,96.0,3.0,0,3255.0,,,,,,,,,3385.0,4.0,,,,,,,,,2026-08
2026-08-26,2351,順德,電子工業,進榜,觸發,219.0,92.0,2.0,0,,,,,,,,,,214.5,-2.1,,,,,,,,,2026-08
2026-08-26,2351,順德,電子工業,觸發,進榜即觸發,219.0,92.0,2.0,0,219.0,,,,,,,,,214.5,-2.1,,,,,,,,,2026-08
2026-08-26,6547,高端疫苗,生技醫療業,觸發,等待後觸發,61.9,82.0,2.0,1,57.6,,,,,,,,,61.9,0.0,,,,,,,,,2026-08
2026-08-26,1709,和益,化學工業,觸發,等待後觸發,36.01,94.0,2.0,5,32.86,,,,,,,,,36.3,0.7,,,,,,,,,2026-08
2026-08-26,2637,慧洋-KY,航運業,移出,掉出掃描母體,95.5,72.0,,6,,,,,,,,,,,,,,,,,,,,2026-08
2026-08-27,3406,玉晶光,光電業,進榜,觸發,834.0,90.0,4.0,0,,,,,,,,,,840.0,0.7,,,,,,,,,2026-08
2026-08-27,3406,玉晶光,光電業,觸發,進榜即觸發,834.0,90.0,4.0,0,834.0,,,,,,,,,840.0,0.7,,,,,,,,,2026-08
2026-08-27,3504,揚明光,光電業,進榜,觸發,94.1,74.0,3.0,0,,,,,,,,,,92.5,-1.7,,,,,,,,,2026-08
2026-08-27,3504,揚明光,光電業,觸發,進榜即觸發,94.1,74.0,3.0,0,94.1,,,,,,,,,92.5,-1.7,,,,,,,,,2026-08
2026-08-27,6187,萬潤,其他電子類,進榜,準備,1430.0,96.0,2.0,0,,,,,,,,,,1420.0,-0.7,,,,,,,,,2026-08
2026-08-27,1563,巧新,電機機械,移出,掉出掃描母體,66.0,70.0,,2,,,,,,,,,,,,,,,,,,,,2026-08
2026-08-27,2615,萬海,航運業,移出,離高點太遠,113.5,80.0,,9,,,,,,,,,,,,,,,,,,,,2026-08
2026-08-28,3450,聯鈞,其他電子業,進榜,觸發,635.0,91.0,3.0,0,,,,,,,,,,627.0,-1.3,,,,,,,,,2026-08
2026-08-28,3450,聯鈞,其他電子業,觸發,進榜即觸發,635.0,91.0,3.0,0,635.0,,,,,,,,,627.0,-1.3,,,,,,,,,2026-08
2026-08-28,7788,松川精密,電子零組件業,進榜,觸發,327.5,89.0,5.0,0,,,,,,,,,,339.0,3.5,,,,,,,,,2026-08
2026-08-28,7788,松川精密,電子零組件業,觸發,進榜即觸發,327.5,89.0,5.0,0,327.5,,,,,,,,,339.0,3.5,,,,,,,,,2026-08
2026-08-28,3374,精材,半導體業,進榜,準備,386.0,91.0,3.0,0,,,,,,,,,,390.5,1.2,,,,,,,,,2026-08
2026-08-28,2882,國泰金,金融保險,進榜,準備,105.5,71.0,3.0,0,,,,,,,,,,106.5,0.9,,,,,,,,,2026-08
2026-08-28,3504,揚明光,光電業,移出,掉出掃描母體,94.1,74.0,,1,,,,,,,,,,,,,,,,,,,,2026-08
2026-08-31,1303,南亞,塑膠工業,進榜,觸發,242.5,97.0,6.0,0,,,,,,,,,,250.0,3.1,,,,,,,,,2026-08
2026-08-31,1303,南亞,塑膠工業,觸發,進榜即觸發,242.5,97.0,6.0,0,242.5,,,,,,,,,250.0,3.1,,,,,,,,,2026-08
2026-08-31,2890,永豐金,金融保險,進榜,觸發,41.1,73.0,2.0,0,,,,,,,,,,40.8,-0.7,,,,,,,,,2026-08
2026-08-31,2890,永豐金,金融保險,觸發,進榜即觸發,41.1,73.0,2.0,0,41.1,,,,,,,,,40.8,-0.7,,,,,,,,,2026-08
2026-08-31,6491,晶碩,生技醫療業,進榜,觸發,399.5,72.0,2.0,0,,,,,,,,,,392.0,-1.9,,,,,,,,,2026-08
2026-08-31,6491,晶碩,生技醫療業,觸發,進榜即觸發,399.5,72.0,2.0,0,399.5,,,,,,,,,392.0,-1.9,,,,,,,,,2026-08
2026-08-31,1563,巧新,電機機械,進榜,準備,66.0,71.0,3.0,0,,,,,,,,,,65.6,-0.6,,,,,,,,,2026-08
2026-08-31,2883,凱基金,金融保險,觸發,等待後觸發,33.85,85.0,2.0,46,31.2,,,,,,,,,33.9,0.1,,,,,,,,,2026-08
2026-08-31,6446,藥華藥,生技醫療業,移出,離高點太遠,1395.0,93.0,,20,,,,,,,,,,,,,,,,,,,,2026-08
2026-08-31,3037,欣興,電子工業,移出,離高點太遠,999.0,87.0,,17,,,,,,,,,,,,,,,,,,,,2026-08
2026-09-01,2455,全新,通信網路業,進榜,觸發,524.0,91.0,5.0,0,,,,,,,,,,515.0,-1.7,,,,,,,,,2026-09
2026-09-01,2455,全新,通信網路業,觸發,進榜即觸發,524.0,91.0,5.0,0,524.0,,,,,,,,,515.0,-1.7,,,,,,,,,2026-09
2026-09-01,6669,緯穎,電子工業,進榜,觸發,7800.0,88.0,6.0,0,,,,,,,,,,2790.0,-64.2,,,,,,,,,2026-09
2026-09-01,6669,緯穎,電子工業,觸發,進榜即觸發,7800.0,88.0,6.0,0,7800.0,,,,,,,,,2790.0,-64.2,,,,,,,,,2026-09
2026-09-01,2885,元大金,金融保險,進榜,準備,66.7,73.0,3.0,0,,,,,,,,,,66.2,-0.7,,,,,,,,,2026-09
2026-09-01,2887,台新新光金,金融保險,觸發,等待後觸發,40.3,87.0,2.0,32,36.31,,,,,,,,,40.2,-0.2,,,,,,,,,2026-09
2026-09-01,1563,巧新,電機機械,移出,掉出掃描母體,66.0,71.0,,1,,,,,,,,,,,,,,,,,,,,2026-09
2026-09-01,3034,聯詠,半導體業,移出,掉出掃描母體,540.0,70.0,,7,,,,,,,,,,,,,,,,,,,,2026-09
2026-09-01,6491,晶碩,生技醫療業,移出,掉出掃描母體,399.5,72.0,,1,,,,,,,,,,,,,,,,,,,,2026-09
2026-09-02,6933,AMAX-KY,電子工業,進榜,觸發,331.0,95.0,2.0,0,,,,,,,,,,,,,,,,,,,,2026-09
2026-09-02,6933,AMAX-KY,電子工業,觸發,進榜即觸發,331.0,95.0,2.0,0,331.0,,,,,,,,,,,,,,,,,,,2026-09
2026-09-02,3141,晶宏,半導體業,進榜,觸發,99.5,88.0,3.0,0,,,,,,,,,,,,,,,,,,,,2026-09
2026-09-02,3141,晶宏,半導體業,觸發,進榜即觸發,99.5,88.0,3.0,0,99.5,,,,,,,,,,,,,,,,,,,2026-09
2026-09-02,3362,先進光,光電業,進榜,準備,210.0,90.0,1.0,0,,,,,,,,,,,,,,,,,,,,2026-09
2026-09-02,2465,麗臺,電腦及週邊設備業,進榜,準備,105.0,88.0,3.0,0,,,,,,,,,,,,,,,,,,,,2026-09
2026-09-02,2486,一詮,光電業,進榜,準備,288.0,87.0,2.0,0,,,,,,,,,,,,,,,,,,,,2026-09
2026-09-02,2890,永豐金,金融保險,移出,掉出掃描母體,41.5,71.0,,2,,,,,,,,,,,,,,,,,,,,2026-09
2026-09-02,2885,元大金,金融保險,移出,掉出掃描母體,66.7,73.0,,1,,,,,,,,,,,,,,,,,,,,2026-09
2026-09-02,6669,緯穎,電子工業,移出,掉出掃描母體,7800.0,88.0,,1,,,,,,,,,,,,,,,,,,,,2026-09
