日期,代號,名稱,產業,事件,原因,收盤,RS,底部序,在榜天數,樞紐,報酬20D,基準20D,報酬60D,基準60D,報酬120D,基準120D,報酬180D,基準180D,次日開盤,跳空%,報酬20D開,基準20D開,報酬60D開,基準60D開,報酬120D開,基準120D開,報酬180D開,基準180D開,月
2024-01-02,3390,旭軟,電子零組件業,進榜,觸發,28.99,97.0,1.0,0,,-17.3,-1.7,-4.5,1.9,2.5,8.5,-1.3,5.3,29.3,0.9,-18.1,-1.5,-5.4,2.1,1.5,8.6,-2.2,5.4,2024-01
2024-01-02,3390,旭軟,電子零組件業,觸發,進榜即觸發,28.99,97.0,1.0,0,28.99,-17.3,-1.7,-4.5,1.9,2.5,8.5,-1.3,5.3,29.3,0.9,-18.1,-1.5,-5.4,2.1,1.5,8.6,-2.2,5.4,2024-01
2024-01-02,2362,藍天,電子工業,進榜,觸發,39.28,81.0,2.0,0,,-6.7,-1.7,-4.6,1.9,25.2,8.5,40.4,5.3,40.4,2.9,-9.3,-1.5,-7.3,2.1,21.7,8.6,36.4,5.4,2024-01
2024-01-02,2362,藍天,電子工業,觸發,進榜即觸發,39.28,81.0,2.0,0,39.28,-6.7,-1.7,-4.6,1.9,25.2,8.5,40.4,5.3,40.4,2.9,-9.3,-1.5,-7.3,2.1,21.7,8.6,36.4,5.4,2024-01
2024-01-02,8163,達方,電子工業,進榜,準備,49.01,74.0,1.0,0,,-8.3,-1.7,11.7,1.9,17.4,8.5,-4.4,5.3,49.0,0.0,-8.3,-1.5,11.7,2.1,17.4,8.6,-4.4,5.4,2024-01
2024-01-02,5432,新門,光電業,移出,突破失敗,114.3,100.0,,20,,,,,,,,,,,,,,,,,,,,2024-01
2024-01-02,2059,川湖,電子工業,移出,掉出掃描母體,890.67,73.0,,6,,,,,,,,,,,,,,,,,,,,2024-01
2024-01-03,3034,聯詠,半導體業,移出,掉出掃描母體,438.23,74.0,,5,,,,,,,,,,,,,,,,,,,,2024-01
2024-01-03,6284,佳邦,電子零組件業,移出,掉出掃描母體,75.62,86.0,,83,,,,,,,,,,,,,,,,,,,,2024-01
2024-01-03,5426,振發,電腦及週邊設備業,移出,離高點太遠,24.21,90.0,,21,,,,,,,,,,,,,,,,,,,,2024-01
2024-01-04,8096,擎亞,電子通路業,進榜,觸發,18.77,96.0,2.0,0,,28.2,-0.9,61.3,2.7,114.7,10.0,139.5,6.3,19.3,2.9,24.6,-1.0,56.8,2.5,108.7,9.7,132.7,6.2,2024-01
2024-01-04,8096,擎亞,電子通路業,觸發,進榜即觸發,18.77,96.0,2.0,0,18.77,28.2,-0.9,61.3,2.7,114.7,10.0,139.5,6.3,19.3,2.9,24.6,-1.0,56.8,2.5,108.7,9.7,132.7,6.2,2024-01
2024-01-04,6412,群電,電子工業,進榜,觸發,134.82,93.0,4.0,0,,-4.9,-0.9,13.4,2.7,-5.1,10.0,-11.2,6.3,134.8,0.0,-4.9,-1.0,13.4,2.5,-5.1,9.7,-11.2,6.2,2024-01
2024-01-04,6412,群電,電子工業,觸發,進榜即觸發,134.82,93.0,4.0,0,134.82,-4.9,-0.9,13.4,2.7,-5.1,10.0,-11.2,6.3,134.8,0.0,-4.9,-1.0,13.4,2.5,-5.1,9.7,-11.2,6.2,2024-01
2024-01-04,3035,智原,半導體業,移出,晚期未觸發,355.16,85.0,,36,,,,,,,,,,,,,,,,,,,,2024-01
2024-01-04,2465,麗臺,電腦及週邊設備業,移出,離高點太遠,58.39,94.0,,35,,,,,,,,,,,,,,,,,,,,2024-01
2024-01-04,3213,茂訊,電腦及週邊設備業,移出,離高點太遠,70.56,83.0,,28,,,,,,,,,,,,,,,,,,,,2024-01
2024-01-04,2449,京元電子,半導體業,移出,掉出掃描母體,74.35,78.0,,22,,,,,,,,,,,,,,,,,,,,2024-01
2024-01-05,5225,東科-KY,其他電子業,進榜,觸發,56.75,89.0,6.0,0,,0.6,-1.1,72.3,2.5,99.3,8.8,85.1,5.4,59.2,4.3,-3.5,-1.1,65.3,2.5,91.2,8.8,77.5,5.3,2024-01
2024-01-05,5225,東科-KY,其他電子業,觸發,進榜即觸發,56.75,89.0,6.0,0,56.75,0.6,-1.1,72.3,2.5,99.3,8.8,85.1,5.4,59.2,4.3,-3.5,-1.1,65.3,2.5,91.2,8.8,77.5,5.3,2024-01
2024-01-05,3588,通嘉,半導體業,進榜,準備,83.95,95.0,2.0,0,,-7.5,-1.1,6.1,2.5,-0.8,8.8,-0.3,5.4,85.1,1.3,-8.7,-1.1,4.7,2.5,-2.1,8.8,-1.6,5.3,2024-01
2024-01-05,6462,神盾,半導體業,進榜,準備,139.06,90.0,3.0,0,,96.5,-1.1,77.5,2.5,76.1,8.8,45.4,5.4,145.9,4.9,87.2,-1.1,69.1,2.5,67.8,8.8,38.6,5.3,2024-01
2024-01-05,2520,冠德,建材營造,進榜,準備,32.36,83.0,1.0,0,,-5.6,-1.1,10.6,2.5,35.2,8.8,20.1,5.4,32.6,0.7,-6.3,-1.1,9.8,2.5,34.2,8.8,19.2,5.3,2024-01
2024-01-05,2006,東和鋼鐵,鋼鐵工業,進榜,準備,60.43,71.0,1.0,0,,1.3,-1.1,4.7,2.5,3.8,8.8,16.1,5.4,60.4,0.0,1.3,-1.1,4.7,2.5,3.8,8.8,16.1,5.3,2024-01
2024-01-05,5236,凌陽創新,半導體業,移出,離高點太遠,151.18,94.0,,44,,,,,,,,,,,,,,,,,,,,2024-01
2024-01-05,3044,健鼎,電子工業,移出,掉出掃描母體,175.12,86.0,,28,,,,,,,,,,,,,,,,,,,,2024-01
2024-01-05,3008,大立光,光電業,移出,掉出掃描母體,2408.46,72.0,,11,,,,,,,,,,,,,,,,,,,,2024-01
2024-01-08,8467,波力-KY,其他,進榜,觸發,153.81,98.0,4.0,0,,-2.8,-1.2,31.1,1.9,17.8,9.5,55.4,4.8,143.9,-6.5,3.9,-1.3,40.1,1.7,26.0,9.4,66.1,4.5,2024-01
2024-01-08,8467,波力-KY,其他,觸發,進榜即觸發,153.81,98.0,4.0,0,153.81,-2.8,-1.2,31.1,1.9,17.8,9.5,55.4,4.8,143.9,-6.5,3.9,-1.3,40.1,1.7,26.0,9.4,66.1,4.5,2024-01
2024-01-08,2006,東和鋼鐵,鋼鐵工業,移出,掉出掃描母體,60.43,71.0,,3,,,,,,,,,,,,,,,,,,,,2024-01
2024-01-08,2313,華通,電子工業,移出,逾期,63.8,88.0,,56,,,,,,,,,,,,,,,,,,,,2024-01
2024-01-08,6239,力成,半導體業,移出,離高點太遠,116.33,81.0,,27,,,,,,,,,,,,,,,,,,,,2024-01
2024-01-08,3305,昇貿,其他電子業,移出,掉出掃描母體,63.78,71.0,,17,,,,,,,,,,,,,,,,,,,,2024-01
2024-01-08,8011,台通,通信網路業,移出,掉出掃描母體,22.2,81.0,,11,,,,,,,,,,,,,,,,,,,,2024-01
2024-01-08,8163,達方,電子工業,移出,掉出掃描母體,48.39,74.0,,6,,,,,,,,,,,,,,,,,,,,2024-01
2024-01-08,3390,旭軟,電子零組件業,移出,離高點太遠,26.7,96.0,,6,,,,,,,,,,,,,,,,,,,,2024-01
2024-01-09,6140,訊達,資訊服務業,進榜,觸發,29.38,96.0,3.0,0,,14.7,0.0,-20.4,0.6,-7.3,10.4,-23.1,5.0,30.5,3.7,10.5,0.0,-23.3,0.8,-10.7,10.4,-25.9,5.0,2024-01
2024-01-09,6140,訊達,資訊服務業,觸發,進榜即觸發,29.38,96.0,3.0,0,29.38,14.7,0.0,-20.4,0.6,-7.3,10.4,-23.1,5.0,30.5,3.7,10.5,0.0,-23.3,0.8,-10.7,10.4,-25.9,5.0,2024-01
2024-01-09,6805,富世達,電子工業,進榜,觸發,427.47,96.0,6.0,0,,70.7,0.0,62.5,0.6,72.1,10.4,95.0,5.0,422.6,-1.1,72.7,0.0,64.4,0.8,74.1,10.4,97.3,5.0,2024-01
2024-01-09,6805,富世達,電子工業,觸發,進榜即觸發,427.47,96.0,6.0,0,427.47,70.7,0.0,62.5,0.6,72.1,10.4,95.0,5.0,422.6,-1.1,72.7,0.0,64.4,0.8,74.1,10.4,97.3,5.0,2024-01
2024-01-09,6223,旺矽,半導體業,進榜,觸發,246.21,88.0,6.0,0,,17.3,0.0,48.2,0.6,147.2,10.4,213.0,5.0,243.8,-1.0,18.5,0.0,49.7,0.8,149.6,10.4,216.1,5.0,2024-01
2024-01-09,6223,旺矽,半導體業,觸發,進榜即觸發,246.21,88.0,6.0,0,246.21,17.3,0.0,48.2,0.6,147.2,10.4,213.0,5.0,243.8,-1.0,18.5,0.0,49.7,0.8,149.6,10.4,216.1,5.0,2024-01
2024-01-09,9939,宏全,其他,進榜,準備,112.32,72.0,0.0,0,,12.2,0.0,19.6,0.6,31.2,10.4,26.9,5.0,111.9,-0.4,12.6,0.0,20.1,0.8,31.7,10.4,27.4,5.0,2024-01
2024-01-09,3596,智易,通信網路業,移出,掉出掃描母體,147.68,74.0,,29,,,,,,,,,,,,,,,,,,,,2024-01
2024-01-09,2353,宏碁,電子工業,移出,離高點太遠,42.55,87.0,,20,,,,,,,,,,,,,,,,,,,,2024-01
2024-01-10,3287,廣寰科,電腦及週邊設備業,進榜,觸發,39.06,94.0,5.0,0,,-6.7,1.1,-9.2,2.2,0.0,10.8,-16.9,5.3,39.5,1.2,-7.8,1.0,-10.3,1.9,-1.1,10.8,-17.9,5.5,2024-01
2024-01-10,3287,廣寰科,電腦及週邊設備業,觸發,進榜即觸發,39.06,94.0,5.0,0,39.06,-6.7,1.1,-9.2,2.2,0.0,10.8,-16.9,5.3,39.5,1.2,-7.8,1.0,-10.3,1.9,-1.1,10.8,-17.9,5.5,2024-01
2024-01-10,6684,安格,半導體業,進榜,準備,85.9,91.0,2.0,0,,38.0,1.1,6.5,2.2,0.0,10.8,-22.5,5.3,85.7,-0.2,38.3,1.0,6.8,1.9,0.2,10.8,-22.3,5.5,2024-01
2024-01-10,2404,漢唐,其他電子業,進榜,準備,243.05,77.0,3.0,0,,2.0,1.1,56.2,2.2,27.4,10.8,26.1,5.3,241.3,-0.7,2.7,1.0,57.4,1.9,28.4,10.8,27.0,5.5,2024-01
2024-01-10,3592,瑞鼎,電子工業,進榜,準備,341.42,70.0,3.0,0,,9.5,1.1,11.9,2.2,4.8,10.8,-7.8,5.3,343.1,0.5,9.0,1.0,11.4,1.9,4.2,10.8,-8.2,5.5,2024-01
2024-01-10,6176,瑞儀,光電業,進榜,準備,151.42,70.0,0.0,0,,1.5,1.1,30.7,2.2,43.4,10.8,50.3,5.3,151.4,0.0,1.5,1.0,30.7,1.9,43.4,10.8,50.3,5.5,2024-01
2024-01-10,5269,祥碩,半導體業,觸發,等待後觸發,1801.17,95.0,1.0,33,1513.55,-1.3,1.1,8.4,2.2,-0.5,10.8,-12.1,5.3,1805.9,0.3,-1.6,1.0,8.1,1.9,-0.8,10.8,-12.3,5.5,2024-01
2024-01-10,6233,旺玖,半導體業,移出,離高點太遠,34.04,87.0,,35,,,,,,,,,,,,,,,,,,,,2024-01
2024-01-10,8088,品安,半導體業,移出,突破失敗,39.75,74.0,,19,,,,,,,,,,,,,,,,,,,,2024-01
2024-01-11,5426,振發,電腦及週邊設備業,進榜,觸發,31.51,97.0,3.0,0,,33.0,1.6,7.6,1.8,12.6,10.3,-9.2,5.1,32.3,2.6,29.5,1.7,4.8,2.2,9.7,10.4,-11.5,5.3,2024-01
2024-01-11,5426,振發,電腦及週邊設備業,觸發,進榜即觸發,31.51,97.0,3.0,0,31.51,33.0,1.6,7.6,1.8,12.6,10.3,-9.2,5.1,32.3,2.6,29.5,1.7,4.8,2.2,9.7,10.4,-11.5,5.3,2024-01
2024-01-11,4909,新復興,通信網路業,進榜,觸發,34.8,96.0,4.0,0,,39.1,1.6,162.5,1.8,218.9,10.3,294.0,5.1,36.1,3.7,34.2,1.7,153.2,2.2,207.6,10.4,280.1,5.3,2024-01
2024-01-11,4909,新復興,通信網路業,觸發,進榜即觸發,34.8,96.0,4.0,0,34.8,39.1,1.6,162.5,1.8,218.9,10.3,294.0,5.1,36.1,3.7,34.2,1.7,153.2,2.2,207.6,10.4,280.1,5.3,2024-01
2024-01-11,8227,巨有科技,半導體業,進榜,觸發,318.91,95.0,5.0,0,,10.1,1.6,-25.4,1.8,-25.6,10.3,-45.9,5.1,316.5,-0.8,10.9,1.7,-24.8,2.2,-25.0,10.4,-45.5,5.3,2024-01
2024-01-11,8227,巨有科技,半導體業,觸發,進榜即觸發,318.91,95.0,5.0,0,318.91,10.1,1.6,-25.4,1.8,-25.6,10.3,-45.9,5.1,316.5,-0.8,10.9,1.7,-24.8,2.2,-25.0,10.4,-45.5,5.3,2024-01
2024-01-11,6451,訊芯-KY,半導體業,進榜,觸發,172.61,79.0,5.0,0,,3.1,1.6,-10.9,1.8,47.1,10.3,31.1,5.1,169.7,-1.7,4.9,1.7,-9.3,2.2,49.7,10.4,33.4,5.3,2024-01
2024-01-11,6451,訊芯-KY,半導體業,觸發,進榜即觸發,172.61,79.0,5.0,0,172.61,3.1,1.6,-10.9,1.8,47.1,10.3,31.1,5.1,169.7,-1.7,4.9,1.7,-9.3,2.2,49.7,10.4,33.4,5.3,2024-01
2024-01-11,6176,瑞儀,光電業,移出,掉出掃描母體,151.42,70.0,,1,,,,,,,,,,,,,,,,,,,,2024-01
2024-01-11,3287,廣寰科,電腦及週邊設備業,移出,突破失敗,35.54,92.0,,1,,,,,,,,,,,,,,,,,,,,2024-01
2024-01-12,6643,M31,半導體業,進榜,觸發,1052.79,82.0,6.0,0,,31.6,1.7,-5.1,0.7,32.6,10.7,-22.1,5.5,1056.9,0.4,31.1,1.5,-5.4,0.8,32.1,10.7,-22.4,5.4,2024-01
2024-01-12,6643,M31,半導體業,觸發,進榜即觸發,1052.79,82.0,6.0,0,1052.79,31.6,1.7,-5.1,0.7,32.6,10.7,-22.1,5.5,1056.9,0.4,31.1,1.5,-5.4,0.8,32.1,10.7,-22.4,5.4,2024-01
2024-01-12,3034,聯詠,半導體業,進榜,準備,438.23,74.0,3.0,0,,15.1,1.7,15.3,0.7,15.5,10.7,7.9,5.5,450.3,2.7,12.0,1.5,12.2,0.8,12.4,10.7,5.0,5.4,2024-01
2024-01-12,8081,致新,半導體業,移出,掉出掃描母體,222.55,72.0,,15,,,,,,,,,,,,,,,,,,,,2024-01
2024-01-12,3592,瑞鼎,電子工業,移出,掉出掃描母體,346.57,70.0,,2,,,,,,,,,,,,,,,,,,,,2024-01
2024-01-12,2387,精元,電子工業,移出,掉出掃描母體,45.21,77.0,,63,,,,,,,,,,,,,,,,,,,,2024-01
2024-01-12,2324,仁寶,電子工業,移出,掉出掃描母體,32.45,70.0,,17,,,,,,,,,,,,,,,,,,,,2024-01
2024-01-12,3588,通嘉,半導體業,移出,晚期未觸發,79.42,93.0,,7,,,,,,,,,,,,,,,,,,,,2024-01
2024-01-12,5426,振發,電腦及週邊設備業,移出,離高點太遠,28.37,96.0,,1,,,,,,,,,,,,,,,,,,,,2024-01
2024-01-15,6243,迅杰,半導體業,進榜,觸發,75.02,93.0,3.0,0,,-2.3,1.5,-27.6,0.0,-19.2,11.0,-33.0,5.4,77.7,3.5,-5.6,1.6,-30.1,0.3,-22.0,11.2,-35.3,5.7,2024-01
2024-01-15,6243,迅杰,半導體業,觸發,進榜即觸發,75.02,93.0,3.0,0,75.02,-2.3,1.5,-27.6,0.0,-19.2,11.0,-33.0,5.4,77.7,3.5,-5.6,1.6,-30.1,0.3,-22.0,11.2,-35.3,5.7,2024-01
2024-01-15,3228,金麗科,半導體業,進榜,準備,397.0,100.0,2.0,0,,14.5,1.5,-4.9,0.0,-3.7,11.0,-41.6,5.4,399.5,0.6,13.8,1.6,-5.5,0.3,-4.3,11.2,-41.9,5.7,2024-01
2024-01-15,3622,洋華,光電業,進榜,準備,48.17,85.0,3.0,0,,12.0,1.5,15.6,0.0,36.0,11.0,23.5,5.4,47.3,-1.9,14.2,1.6,17.9,0.3,38.6,11.2,25.9,5.7,2024-01
2024-01-15,5351,鈺創,半導體業,進榜,準備,56.0,83.0,2.0,0,,-8.6,1.5,-23.0,0.0,-16.2,11.0,-29.0,5.4,55.4,-1.0,-7.6,1.6,-22.2,0.3,-15.4,11.2,-28.3,5.7,2024-01
2024-01-15,6187,萬潤,其他電子類,進榜,準備,145.19,75.0,3.0,0,,51.6,1.5,32.4,0.0,74.8,11.0,211.1,5.4,145.2,0.0,51.6,1.6,32.4,0.3,74.8,11.2,211.1,5.7,2024-01
2024-01-15,3293,鈊象,文化創意業,進榜,準備,347.76,73.0,3.0,0,,5.2,1.5,26.5,0.0,86.5,11.0,185.5,5.4,349.1,0.4,4.8,1.6,26.0,0.3,85.7,11.2,184.4,5.7,2024-01
2024-01-15,6684,安格,半導體業,觸發,等待後觸發,93.6,95.0,2.0,5,88.5,19.7,1.5,-10.3,0.0,1.5,11.0,-28.2,5.4,93.8,0.2,19.4,1.6,-10.4,0.3,1.3,11.2,-28.4,5.7,2024-01
2024-01-15,2454,聯發科,半導體業,移出,掉出掃描母體,848.64,78.0,,94,,,,,,,,,,,,,,,,,,,,2024-01
2024-01-15,6683,雍智科技,半導體業,移出,離高點太遠,265.15,74.0,,31,,,,,,,,,,,,,,,,,,,,2024-01
2024-01-16,8034,榮群,通信網路業,進榜,觸發,27.92,94.0,6.0,0,,-12.5,2.4,-25.5,1.4,-24.6,11.0,-26.7,5.9,27.6,-1.0,-11.7,2.5,-24.8,1.6,-23.8,11.3,-26.0,5.9,2024-01
2024-01-16,8034,榮群,通信網路業,觸發,進榜即觸發,27.92,94.0,6.0,0,27.92,-12.5,2.4,-25.5,1.4,-24.6,11.0,-26.7,5.9,27.6,-1.0,-11.7,2.5,-24.8,1.6,-23.8,11.3,-26.0,5.9,2024-01
2024-01-16,3694,海華,通信網路業,進榜,觸發,48.85,91.0,5.0,0,,0.9,2.4,-17.3,1.4,-12.4,11.0,-16.7,5.9,49.5,1.3,-0.4,2.5,-18.4,1.6,-13.5,11.3,-17.8,5.9,2024-01
2024-01-16,3694,海華,通信網路業,觸發,進榜即觸發,48.85,91.0,5.0,0,48.85,0.9,2.4,-17.3,1.4,-12.4,11.0,-16.7,5.9,49.5,1.3,-0.4,2.5,-18.4,1.6,-13.5,11.3,-17.8,5.9,2024-01
2024-01-16,6462,神盾,半導體業,觸發,等待後觸發,159.14,93.0,3.0,11,139.06,74.5,2.4,45.2,1.4,74.2,11.0,25.2,5.9,168.4,5.8,64.8,2.5,37.2,1.6,64.5,11.3,18.3,5.9,2024-01
2024-01-17,3036,文曄,電子工業,進榜,準備,134.26,96.0,2.0,0,,15.3,3.1,2.4,3.5,-21.4,10.6,-21.2,7.4,132.9,-1.0,16.5,3.0,3.4,3.4,-20.6,10.5,-20.3,7.2,2024-01
2024-01-17,2006,東和鋼鐵,鋼鐵工業,進榜,準備,60.51,74.0,0.0,0,,3.9,3.1,9.7,3.5,7.6,10.6,12.9,7.4,60.5,0.0,3.9,3.0,9.7,3.4,7.6,10.5,12.9,7.2,2024-01
2024-01-17,2362,藍天,電子工業,移出,掉出掃描母體,36.74,71.0,,15,,,,,,,,,,,,,,,,,,,,2024-01
2024-01-17,2520,冠德,建材營造,移出,掉出掃描母體,31.01,79.0,,12,,,,,,,,,,,,,,,,,,,,2024-01
2024-01-18,3530,晶相光,半導體業,進榜,觸發,111.28,87.0,3.0,0,,15.1,3.7,-16.4,3.0,-14.8,8.5,-9.8,7.6,113.3,1.8,13.1,3.5,-17.8,2.9,-16.2,8.0,-11.4,7.2,2024-01
2024-01-18,3530,晶相光,半導體業,觸發,進榜即觸發,111.28,87.0,3.0,0,111.28,15.1,3.7,-16.4,3.0,-14.8,8.5,-9.8,7.6,113.3,1.8,13.1,3.5,-17.8,2.9,-16.2,8.0,-11.4,7.2,2024-01
2024-01-18,5426,振發,電腦及週邊設備業,進榜,準備,34.4,99.0,3.0,0,,11.3,3.7,-7.4,3.0,-6.4,8.5,-19.8,7.6,34.0,-1.1,12.5,3.5,-6.3,2.9,-5.3,8.0,-18.9,7.2,2024-01
2024-01-18,3596,智易,通信網路業,進榜,準備,154.25,79.0,3.0,0,,2.3,3.7,-3.1,3.0,-16.6,8.5,-6.2,7.6,154.3,0.0,2.3,3.5,-3.1,2.9,-16.6,8.0,-6.2,7.2,2024-01
2024-01-18,2472,立隆電,電子工業,進榜,準備,64.98,78.0,2.0,0,,1.8,3.7,4.5,3.0,16.6,8.5,12.9,7.6,65.3,0.4,1.4,3.5,4.1,2.9,16.1,8.0,12.4,7.2,2024-01
2024-01-18,3376,新日興,電子零組件業,移出,掉出掃描母體,114.95,88.0,,71,,,,,,,,,,,,,,,,,,,,2024-01
2024-01-18,2458,義隆,半導體業,移出,掉出掃描母體,132.27,81.0,,22,,,,,,,,,,,,,,,,,,,,2024-01
2024-01-18,6204,艾華,電子零組件業,移出,離高點太遠,119.23,97.0,,21,,,,,,,,,,,,,,,,,,,,2024-01
2024-01-18,3694,海華,通信網路業,移出,突破失敗,43.48,87.0,,2,,,,,,,,,,,,,,,,,,,,2024-01
2024-01-19,8210,勤誠,電子工業,進榜,觸發,297.0,91.0,5.0,0,,-16.3,2.9,-6.9,3.1,-8.4,9.0,-1.2,7.0,303.7,2.3,-18.1,2.6,-9.0,2.9,-10.5,8.5,-3.4,6.7,2024-01
2024-01-19,8210,勤誠,電子工業,觸發,進榜即觸發,297.0,91.0,5.0,0,297.0,-16.3,2.9,-6.9,3.1,-8.4,9.0,-1.2,7.0,303.7,2.3,-18.1,2.6,-9.0,2.9,-10.5,8.5,-3.4,6.7,2024-01
2024-01-19,8027,鈦昇,電機機械,進榜,準備,84.26,85.0,2.0,0,,13.5,2.9,9.9,3.1,32.3,9.0,35.3,7.0,84.3,0.0,13.5,2.6,9.9,2.9,32.3,8.5,35.3,6.7,2024-01
2024-01-19,6695,芯鼎,半導體業,移出,離高點太遠,82.7,96.0,,24,,,,,,,,,,,,,,,,,,,,2024-01
2024-01-19,6412,群電,電子工業,移出,掉出掃描母體,126.48,90.0,,15,,,,,,,,,,,,,,,,,,,,2024-01
2024-01-22,3265,台星科,半導體業,進榜,觸發,104.52,84.0,6.0,0,,8.6,2.9,10.8,3.6,-0.9,7.5,2.3,5.7,102.7,-1.7,10.5,2.8,12.7,3.5,0.9,7.5,4.1,5.6,2024-01
2024-01-22,3265,台星科,半導體業,觸發,進榜即觸發,104.52,84.0,6.0,0,104.52,8.6,2.9,10.8,3.6,-0.9,7.5,2.3,5.7,102.7,-1.7,10.5,2.8,12.7,3.5,0.9,7.5,4.1,5.6,2024-01
2024-01-22,2383,台光電,電子工業,進榜,觸發,418.45,72.0,3.0,0,,13.7,2.9,-6.7,3.6,-4.4,7.5,0.6,5.7,412.7,-1.4,15.3,2.8,-5.4,3.5,-3.0,7.5,2.0,5.6,2024-01
2024-01-22,2383,台光電,電子工業,觸發,進榜即觸發,418.45,72.0,3.0,0,418.45,13.7,2.9,-6.7,3.6,-4.4,7.5,0.6,5.7,412.7,-1.4,15.3,2.8,-5.4,3.5,-3.0,7.5,2.0,5.6,2024-01
2024-01-22,6237,驊訊,半導體業,進榜,準備,64.03,87.0,2.0,0,,4.2,2.9,-19.0,3.6,-26.5,7.5,-17.2,5.7,64.7,1.1,3.0,2.8,-19.8,3.5,-27.3,7.5,-18.1,5.6,2024-01
2024-01-22,2059,川湖,電子工業,進榜,準備,1047.56,72.0,2.0,0,,26.0,2.9,10.7,3.6,4.7,7.5,17.1,5.7,1047.6,0.0,26.0,2.8,10.7,3.5,4.7,7.5,17.1,5.6,2024-01
2024-01-22,3036,文曄,電子工業,觸發,等待後觸發,142.48,97.0,2.0,5,134.72,9.9,2.9,-7.7,3.6,-31.1,7.5,-27.0,5.7,143.9,1.0,8.9,2.8,-8.6,3.5,-31.7,7.5,-27.7,5.6,2024-01
2024-01-22,8467,波力-KY,其他,移出,離高點太遠,149.55,98.0,,14,,,,,,,,,,,,,,,,,,,,2024-01
2024-01-23,5432,新門,光電業,進榜,觸發,143.12,99.0,5.0,0,,6.1,2.6,-4.4,3.2,75.3,5.8,65.8,5.9,145.6,1.7,4.4,2.5,-6.0,2.9,72.4,5.8,63.0,5.7,2024-01
2024-01-23,5432,新門,光電業,觸發,進榜即觸發,143.12,99.0,5.0,0,143.12,6.1,2.6,-4.4,3.2,75.3,5.8,65.8,5.9,145.6,1.7,4.4,2.5,-6.0,2.9,72.4,5.8,63.0,5.7,2024-01
2024-01-23,1319,東陽,汽車工業,進榜,觸發,70.09,81.0,3.0,0,,25.3,2.6,48.4,3.2,19.9,5.8,38.6,5.9,70.3,0.2,25.0,2.5,48.0,2.9,19.6,5.8,38.2,5.7,2024-01
2024-01-23,1319,東陽,汽車工業,觸發,進榜即觸發,70.09,81.0,3.0,0,70.09,25.3,2.6,48.4,3.2,19.9,5.8,38.6,5.9,70.3,0.2,25.0,2.5,48.0,2.9,19.6,5.8,38.2,5.7,2024-01
2024-01-23,2369,菱生,電子工業,進榜,觸發,23.08,71.0,4.0,0,,10.3,2.6,-6.5,3.2,-14.6,5.8,-8.7,5.9,23.5,1.9,8.2,2.5,-8.2,2.9,-16.2,5.8,-10.4,5.7,2024-01
2024-01-23,2369,菱生,電子工業,觸發,進榜即觸發,23.08,71.0,4.0,0,23.08,10.3,2.6,-6.5,3.2,-14.6,5.8,-8.7,5.9,23.5,1.9,8.2,2.5,-8.2,2.9,-16.2,5.8,-10.4,5.7,2024-01
2024-01-23,8089,康全電訊,通信網路業,進榜,準備,53.92,100.0,2.0,0,,49.8,2.6,21.2,3.2,77.9,5.8,35.7,5.9,54.2,0.5,49.1,2.5,20.6,2.9,77.0,5.8,35.1,5.7,2024-01
2024-01-23,2467,志聖,電子工業,進榜,準備,68.34,91.0,3.0,0,,71.0,2.6,84.1,3.2,158.9,5.8,186.3,5.9,69.5,1.6,68.2,2.5,81.1,2.9,154.7,5.8,181.7,5.7,2024-01
2024-01-23,9939,宏全,其他,觸發,等待後觸發,117.61,78.0,0.0,14,113.65,9.4,2.6,19.1,3.2,20.6,5.8,20.8,5.9,118.0,0.4,9.0,2.5,18.7,2.9,20.2,5.8,20.4,5.7,2024-01
2024-01-23,6237,驊訊,半導體業,觸發,等待後觸發,70.35,91.0,2.0,1,64.73,-3.6,2.6,-26.4,3.2,-35.8,5.8,-25.0,5.9,73.4,4.3,-7.7,2.5,-29.4,2.9,-38.4,5.8,-28.2,5.7,2024-01
2024-01-23,2059,川湖,電子工業,移出,掉出掃描母體,1047.56,72.0,,1,,,,,,,,,,,,,,,,,,,,2024-01
2024-01-23,2385,群光,電子工業,移出,掉出掃描母體,145.99,91.0,,104,,,,,,,,,,,,,,,,,,,,2024-01
2024-01-23,2383,台光電,電子工業,移出,掉出掃描母體,418.45,72.0,,1,,,,,,,,,,,,,,,,,,,,2024-01
2024-01-24,6113,亞矽,電子通路業,進榜,觸發,33.21,97.0,1.0,0,,11.1,2.5,-0.4,3.2,-21.4,6.3,-23.8,4.8,35.1,5.7,5.1,2.2,-5.8,3.2,-25.7,6.1,-27.9,4.7,2024-01
2024-01-24,6113,亞矽,電子通路業,觸發,進榜即觸發,33.21,97.0,1.0,0,33.21,11.1,2.5,-0.4,3.2,-21.4,6.3,-23.8,4.8,35.1,5.7,5.1,2.2,-5.8,3.2,-25.7,6.1,-27.9,4.7,2024-01
2024-01-24,2467,志聖,電子工業,觸發,等待後觸發,75.1,93.0,3.0,1,69.19,60.0,2.5,63.8,3.2,147.1,6.3,165.0,4.8,75.7,0.8,58.8,2.2,62.5,3.2,145.3,6.1,163.0,4.7,2024-01
2024-01-24,4749,新應材,光電業,移出,逾期,474.65,94.0,,56,,,,,,,,,,,,,,,,,,,,2024-01
2024-01-24,2404,漢唐,其他電子業,移出,掉出掃描母體,242.61,72.0,,14,,,,,,,,,,,,,,,,,,,,2024-01
2024-01-24,8932,智通*,其他,移出,掉出掃描母體,21.54,91.0,,72,,,,,,,,,,,,,,,,,,,,2024-01
2024-01-24,5521,工信,建材營造,移出,離高點太遠,13.26,93.0,,44,,,,,,,,,,,,,,,,,,,,2024-01
2024-01-24,1560,中砂,電機機械,移出,掉出掃描母體,189.9,79.0,,29,,,,,,,,,,,,,,,,,,,,2024-01
2024-01-24,5432,新門,光電業,移出,突破失敗,128.96,99.0,,1,,,,,,,,,,,,,,,,,,,,2024-01
2024-01-25,3376,新日興,電子零組件業,進榜,準備,127.47,90.0,3.0,0,,62.9,2.8,23.3,3.1,57.7,6.4,31.9,4.3,126.5,-0.7,64.1,2.9,24.2,3.2,58.9,6.2,32.9,4.3,2024-01
2024-01-25,3402,漢科,其他電子類,進榜,準備,65.69,90.0,1.0,0,,27.0,2.8,43.0,3.1,36.2,6.4,46.8,4.3,65.7,0.0,27.0,2.9,43.0,3.2,36.2,6.2,46.8,4.3,2024-01
2024-01-25,3615,安可,光電業,進榜,準備,30.02,89.0,3.0,0,,-13.7,2.8,-22.0,3.1,-13.8,6.4,11.2,4.3,30.0,-0.2,-13.6,2.9,-21.8,3.2,-13.7,6.2,11.4,4.3,2024-01
2024-01-25,6239,力成,半導體業,進榜,準備,129.7,85.0,2.0,0,,16.8,2.8,16.8,3.1,12.4,6.4,-9.5,4.3,128.4,-1.0,18.1,2.9,18.1,3.2,13.5,6.2,-8.6,4.3,2024-01
2024-01-25,2365,昆盈,電子工業,進榜,準備,15.55,82.0,3.0,0,,53.9,2.8,17.1,3.1,253.0,6.4,185.1,4.3,15.3,-1.9,56.8,2.9,19.4,3.2,259.8,6.2,190.6,4.3,2024-01
2024-01-25,3563,牧德,光電業,進榜,準備,230.53,81.0,2.0,0,,13.9,2.8,63.1,3.1,22.7,6.4,32.6,4.3,229.7,-0.4,14.4,2.9,63.7,3.2,23.1,6.2,33.1,4.3,2024-01
2024-01-25,6919,康霈*,生技醫療業,進榜,準備,45.6,77.0,1.0,0,,10.5,2.8,-16.7,3.1,32.2,6.4,6.1,4.3,45.2,-1.0,11.6,2.9,-15.8,3.2,33.5,6.2,7.2,4.3,2024-01
2024-01-25,1563,巧新,電機機械,進榜,準備,70.34,75.0,3.0,0,,28.0,2.8,15.4,3.1,-11.1,6.4,-25.6,4.3,70.0,-0.5,28.6,2.9,16.0,3.2,-10.7,6.2,-25.2,4.3,2024-01
2024-01-25,6257,矽格,半導體業,進榜,準備,62.08,72.0,1.0,0,,-0.9,2.8,11.2,3.1,15.6,6.4,16.8,4.3,62.3,0.4,-1.3,2.9,10.7,3.2,15.1,6.2,16.3,4.3,2024-01
2024-01-25,5351,鈺創,半導體業,移出,掉出掃描母體,51.49,74.0,,10,,,,,,,,,,,,,,,,,,,,2024-01
2024-01-25,6243,迅杰,半導體業,移出,離高點太遠,71.99,91.0,,10,,,,,,,,,,,,,,,,,,,,2024-01
2024-01-25,2369,菱生,電子工業,移出,掉出掃描母體,23.08,71.0,,2,,,,,,,,,,,,,,,,,,,,2024-01
2024-01-26,2072,世紀風電,鋼鐵工業,進榜,觸發,313.73,92.0,4.0,0,,34.0,3.2,15.5,3.5,8.7,8.4,-10.0,4.1,310.1,-1.1,35.6,3.3,16.8,3.5,9.9,8.0,-9.0,4.1,2024-01
2024-01-26,2072,世紀風電,鋼鐵工業,觸發,進榜即觸發,313.73,92.0,4.0,0,313.73,34.0,3.2,15.5,3.5,8.7,8.4,-10.0,4.1,310.1,-1.1,35.6,3.3,16.8,3.5,9.9,8.0,-9.0,4.1,2024-01
2024-01-26,2404,漢唐,其他電子業,進榜,準備,241.29,71.0,2.0,0,,18.8,3.2,41.7,3.5,31.3,8.4,30.5,4.1,241.3,0.0,18.8,3.3,41.7,3.5,31.3,8.0,30.5,4.1,2024-01
2024-01-26,3034,聯詠,半導體業,移出,掉出掃描母體,453.7,74.0,,14,,,,,,,,,,,,,,,,,,,,2024-01
2024-01-26,8034,榮群,通信網路業,移出,離高點太遠,25.92,92.0,,10,,,,,,,,,,,,,,,,,,,,2024-01
2024-01-26,3596,智易,通信網路業,移出,掉出掃描母體,153.38,75.0,,8,,,,,,,,,,,,,,,,,,,,2024-01
2024-01-26,2472,立隆電,電子工業,移出,掉出掃描母體,63.34,72.0,,8,,,,,,,,,,,,,,,,,,,,2024-01
2024-01-29,4908,前鼎,通信網路業,進榜,觸發,92.56,87.0,5.0,0,,15.9,2.1,-2.3,3.0,-14.2,5.3,0.9,4.5,93.6,1.1,14.6,2.0,-3.4,2.9,-15.2,5.3,-0.2,4.5,2024-01
2024-01-29,4908,前鼎,通信網路業,觸發,進榜即觸發,92.56,87.0,5.0,0,92.56,15.9,2.1,-2.3,3.0,-14.2,5.3,0.9,4.5,93.6,1.1,14.6,2.0,-3.4,2.9,-15.2,5.3,-0.2,4.5,2024-01
2024-01-29,8085,福華,其他電子類,進榜,準備,61.5,94.0,3.0,0,,13.8,2.1,9.6,3.0,-24.4,5.3,-43.3,4.5,61.4,-0.2,14.0,2.0,9.8,2.9,-24.3,5.3,-43.2,4.5,2024-01
2024-01-29,2313,華通,電子工業,進榜,準備,65.65,88.0,3.0,0,,7.3,2.1,10.3,3.0,6.0,5.3,-9.3,4.5,65.8,0.3,7.0,2.0,10.0,2.9,5.7,5.3,-9.5,4.5,2024-01
2024-01-29,6121,新普,電腦及週邊設備業,移出,逾期,351.34,79.0,,56,,,,,,,,,,,,,,,,,,,,2024-01
2024-01-29,2357,華碩,電子工業,移出,掉出掃描母體,379.0,75.0,,42,,,,,,,,,,,,,,,,,,,,2024-01
2024-01-29,6257,矽格,半導體業,移出,掉出掃描母體,60.72,70.0,,4,,,,,,,,,,,,,,,,,,,,2024-01
2024-01-30,1519,華城,電機機械,進榜,觸發,304.48,95.0,6.0,0,,19.5,1.2,111.4,3.6,59.2,-1.1,47.6,4.1,305.2,0.2,19.2,1.3,110.9,3.7,58.8,-1.1,47.3,4.0,2024-01
2024-01-30,1519,華城,電機機械,觸發,進榜即觸發,304.48,95.0,6.0,0,304.48,19.5,1.2,111.4,3.6,59.2,-1.1,47.6,4.1,305.2,0.2,19.2,1.3,110.9,3.7,58.8,-1.1,47.3,4.0,2024-01
2024-01-30,3055,蔚華科,電子通路業,進榜,觸發,58.74,88.0,4.0,0,,11.2,1.2,28.3,3.6,9.6,-1.1,19.2,4.1,60.0,2.1,8.9,1.3,25.6,3.7,7.3,-1.1,16.6,4.0,2024-01
2024-01-30,3055,蔚華科,電子通路業,觸發,進榜即觸發,58.74,88.0,4.0,0,58.74,11.2,1.2,28.3,3.6,9.6,-1.1,19.2,4.1,60.0,2.1,8.9,1.3,25.6,3.7,7.3,-1.1,16.6,4.0,2024-01
2024-01-30,1560,中砂,電機機械,進榜,準備,203.5,84.0,2.0,0,,15.0,1.2,21.0,3.6,27.9,-1.1,45.3,4.1,206.4,1.4,13.4,1.3,19.3,3.7,26.1,-1.1,43.3,4.0,2024-01
2024-01-30,6715,嘉基,電子工業,進榜,準備,147.85,76.0,2.0,0,,27.3,1.2,-1.9,3.6,-4.1,-1.1,10.9,4.1,147.8,0.0,27.3,1.3,-1.9,3.7,-4.1,-1.1,10.9,4.0,2024-01
2024-01-30,2404,漢唐,其他電子業,移出,掉出掃描母體,247.0,73.0,,4,,,,,,,,,,,,,,,,,,,,2024-01
2024-01-30,3005,神基,電子工業,移出,掉出掃描母體,93.47,90.0,,74,,,,,,,,,,,,,,,,,,,,2024-01
2024-01-30,6140,訊達,資訊服務業,移出,離高點太遠,37.33,97.0,,21,,,,,,,,,,,,,,,,,,,,2024-01
2024-01-30,6919,康霈*,生技醫療業,移出,掉出掃描母體,45.3,72.0,,5,,,,,,,,,,,,,,,,,,,,2024-01
2024-01-31,6785,昱展新藥,生技醫療業,進榜,觸發,271.27,93.0,3.0,0,,10.6,1.7,-6.8,3.3,-38.2,-1.4,-39.9,4.4,296.1,9.1,1.3,1.5,-14.6,3.2,-43.4,-1.6,-44.9,4.3,2024-01
2024-01-31,6785,昱展新藥,生技醫療業,觸發,進榜即觸發,271.27,93.0,3.0,0,271.27,10.6,1.7,-6.8,3.3,-38.2,-1.4,-39.9,4.4,296.1,9.1,1.3,1.5,-14.6,3.2,-43.4,-1.6,-44.9,4.3,2024-01
2024-01-31,6585,鼎基,其他,進榜,觸發,136.65,92.0,4.0,0,,11.7,1.7,45.1,3.3,0.6,-1.4,-7.0,4.4,138.4,1.3,10.3,1.5,43.3,3.2,-0.7,-1.6,-8.2,4.3,2024-01
2024-01-31,6585,鼎基,其他,觸發,進榜即觸發,136.65,92.0,4.0,0,136.65,11.7,1.7,45.1,3.3,0.6,-1.4,-7.0,4.4,138.4,1.3,10.3,1.5,43.3,3.2,-0.7,-1.6,-8.2,4.3,2024-01
2024-01-31,8936,國統,其他,進榜,觸發,53.19,90.0,4.0,0,,16.6,1.7,55.8,3.3,13.5,-1.4,9.9,4.4,54.0,1.6,14.8,1.5,53.3,3.2,11.7,-1.6,8.2,4.3,2024-01
2024-01-31,8936,國統,其他,觸發,進榜即觸發,53.19,90.0,4.0,0,53.19,16.6,1.7,55.8,3.3,13.5,-1.4,9.9,4.4,54.0,1.6,14.8,1.5,53.3,3.2,11.7,-1.6,8.2,4.3,2024-01
2024-01-31,6442,光聖,通信網路業,進榜,觸發,88.46,71.0,4.0,0,,46.6,1.7,81.6,3.3,335.4,-1.4,477.2,4.4,89.5,1.2,44.9,1.5,79.5,3.2,330.2,-1.6,470.3,4.3,2024-01
2024-01-31,6442,光聖,通信網路業,觸發,進榜即觸發,88.46,71.0,4.0,0,88.46,46.6,1.7,81.6,3.3,335.4,-1.4,477.2,4.4,89.5,1.2,44.9,1.5,79.5,3.2,330.2,-1.6,470.3,4.3,2024-01
2024-01-31,2006,東和鋼鐵,鋼鐵工業,移出,掉出掃描母體,62.12,71.0,,14,,,,,,,,,,,,,,,,,,,,2024-01
2024-01-31,2313,華通,電子工業,移出,掉出掃描母體,65.19,87.0,,2,,,,,,,,,,,,,,,,,,,,2024-01
2024-01-31,8210,勤誠,電子工業,移出,突破失敗,268.26,85.0,,12,,,,,,,,,,,,,,,,,,,,2024-01
2024-02-01,6789,采鈺,半導體業,進榜,準備,285.76,80.0,1.0,0,,0.5,1.9,-11.3,3.4,-4.3,1.0,-3.5,3.9,288.7,1.0,-0.5,1.9,-12.2,3.2,-5.3,0.8,-4.5,3.9,2024-02
2024-02-01,6919,康霈*,生技醫療業,進榜,準備,45.85,71.0,1.0,0,,8.4,1.9,-17.3,3.4,26.5,1.0,10.6,3.9,45.3,-1.2,9.7,1.9,-16.3,3.2,28.0,0.8,11.9,3.9,2024-02
2024-02-01,3622,洋華,光電業,觸發,等待後觸發,61.02,94.0,3.0,17,49.18,-13.4,1.9,-11.0,3.4,-14.0,1.0,1.5,3.9,65.3,7.1,-19.1,1.9,-16.9,3.2,-19.7,0.8,-5.2,3.9,2024-02
2024-02-01,3376,新日興,電子零組件業,觸發,等待後觸發,151.57,94.0,3.0,7,129.32,22.9,1.9,5.8,3.4,26.7,1.0,10.3,3.9,157.1,3.7,18.6,1.9,2.1,3.2,22.2,0.8,6.4,3.9,2024-02
2024-02-01,2476,鉅祥,電子零組件業,移出,掉出掃描母體,64.94,86.0,,51,,,,,,,,,,,,,,,,,,,,2024-02
2024-02-02,2465,麗臺,電腦及週邊設備業,進榜,觸發,82.22,96.0,5.0,0,,68.8,1.1,33.9,3.0,4.3,0.2,-2.7,4.9,88.1,7.1,57.6,1.3,25.0,3.2,-2.6,0.6,-9.1,5.1,2024-02
2024-02-02,2465,麗臺,電腦及週邊設備業,觸發,進榜即觸發,82.22,96.0,5.0,0,82.22,68.8,1.1,33.9,3.0,4.3,0.2,-2.7,4.9,88.1,7.1,57.6,1.3,25.0,3.2,-2.6,0.6,-9.1,5.1,2024-02
2024-02-02,3324,雙鴻,其他電子類,進榜,觸發,410.22,87.0,5.0,0,,59.3,1.1,88.5,3.0,21.2,0.2,54.4,4.9,413.6,0.8,58.0,1.3,86.9,3.2,20.2,0.6,53.2,5.1,2024-02
2024-02-02,3324,雙鴻,其他電子類,觸發,進榜即觸發,410.22,87.0,5.0,0,410.22,59.3,1.1,88.5,3.0,21.2,0.2,54.4,4.9,413.6,0.8,58.0,1.3,86.9,3.2,20.2,0.6,53.2,5.1,2024-02
2024-02-02,2059,川湖,電子工業,進榜,準備,1057.3,83.0,2.0,0,,16.1,1.1,15.2,3.0,-1.4,0.2,33.3,4.9,1057.3,0.0,16.1,1.3,15.2,3.2,-1.4,0.6,33.3,5.1,2024-02
2024-02-02,3131,弘塑,其他電子類,進榜,準備,641.23,73.0,3.0,0,,33.1,1.1,45.2,3.0,132.4,0.2,164.1,4.9,641.2,0.0,33.1,1.3,45.2,3.2,132.4,0.6,164.1,5.1,2024-02
2024-02-02,2357,華碩,電子工業,進榜,準備,392.81,71.0,3.0,0,,-4.2,1.1,2.4,3.0,14.3,0.2,38.2,4.9,388.9,-1.0,-3.2,1.3,3.4,3.2,15.4,0.6,39.6,5.1,2024-02
2024-02-02,8096,擎亞,電子通路業,移出,離高點太遠,23.27,95.0,,29,,,,,,,,,,,,,,,,,,,,2024-02
2024-02-02,4909,新復興,通信網路業,移出,離高點太遠,39.78,96.0,,22,,,,,,,,,,,,,,,,,,,,2024-02
2024-02-02,5426,振發,電腦及週邊設備業,移出,晚期未觸發,36.85,98.0,,15,,,,,,,,,,,,,,,,,,,,2024-02
2024-02-05,3548,兆利,電子零組件業,進榜,觸發,245.34,99.0,4.0,0,,1.7,1.5,-21.2,3.7,-39.8,1.8,-42.7,4.6,262.8,7.1,-5.1,1.2,-26.4,3.5,-43.8,1.5,-46.5,4.5,2024-02
2024-02-05,3548,兆利,電子零組件業,觸發,進榜即觸發,245.34,99.0,4.0,0,245.34,1.7,1.5,-21.2,3.7,-39.8,1.8,-42.7,4.6,262.8,7.1,-5.1,1.2,-26.4,3.5,-43.8,1.5,-46.5,4.5,2024-02
2024-02-05,2313,華通,電子工業,進榜,準備,66.2,85.0,3.0,0,,9.9,1.5,-0.6,3.7,0.5,1.8,-7.2,4.6,67.8,2.4,7.4,1.2,-2.9,3.5,-1.8,1.5,-9.3,4.5,2024-02
2024-02-05,2365,昆盈,電子工業,觸發,等待後觸發,19.24,93.0,3.0,11,15.8,2.0,1.5,1.5,3.7,218.4,1.8,133.3,4.6,20.4,6.0,-3.8,1.2,-4.3,3.5,200.2,1.5,120.0,4.5,2024-02
2024-02-05,8054,安國,半導體業,移出,離高點太遠,179.7,100.0,,103,,,,,,,,,,,,,,,,,,,,2024-02
2024-02-05,6715,嘉基,電子工業,移出,掉出掃描母體,147.39,74.0,,6,,,,,,,,,,,,,,,,,,,,2024-02
2024-02-05,2059,川湖,電子工業,移出,掉出掃描母體,1057.3,83.0,,3,,,,,,,,,,,,,,,,,,,,2024-02
2024-02-05,3131,弘塑,其他電子類,移出,掉出掃描母體,641.23,73.0,,3,,,,,,,,,,,,,,,,,,,,2024-02
2024-02-05,8227,巨有科技,半導體業,移出,離高點太遠,358.65,96.0,,25,,,,,,,,,,,,,,,,,,,,2024-02
2024-02-05,6113,亞矽,電子通路業,移出,離高點太遠,35.36,98.0,,12,,,,,,,,,,,,,,,,,,,,2024-02
2024-02-05,3615,安可,光電業,移出,離高點太遠,26.37,80.0,,11,,,,,,,,,,,,,,,,,,,,2024-02
2024-02-05,6684,安格,半導體業,移出,離高點太遠,112.0,97.0,,26,,,,,,,,,,,,,,,,,,,,2024-02
2024-02-05,3530,晶相光,半導體業,移出,離高點太遠,122.16,87.0,,18,,,,,,,,,,,,,,,,,,,,2024-02
2024-02-15,4749,新應材,光電業,進榜,觸發,632.87,97.0,1.0,0,,-11.9,0.5,-9.9,3.1,-15.8,2.2,19.7,3.6,617.3,-2.5,-9.7,0.4,-7.6,3.0,-13.7,2.1,22.7,3.6,2024-02
2024-02-15,4749,新應材,光電業,觸發,進榜即觸發,632.87,97.0,1.0,0,632.87,-11.9,0.5,-9.9,3.1,-15.8,2.2,19.7,3.6,617.3,-2.5,-9.7,0.4,-7.6,3.0,-13.7,2.1,22.7,3.6,2024-02
2024-02-15,3437,榮創,光電業,進榜,觸發,33.1,93.0,3.0,0,,-10.3,0.5,-20.8,3.1,-28.7,2.2,-25.4,3.6,36.4,10.0,-18.4,0.4,-28.0,3.0,-35.2,2.1,-32.1,3.6,2024-02
2024-02-15,3437,榮創,光電業,觸發,進榜即觸發,33.1,93.0,3.0,0,33.1,-10.3,0.5,-20.8,3.1,-28.7,2.2,-25.4,3.6,36.4,10.0,-18.4,0.4,-28.0,3.0,-35.2,2.1,-32.1,3.6,2024-02
2024-02-15,3017,奇鋐,電子工業,進榜,觸發,519.6,90.0,5.0,0,,12.2,0.5,20.6,3.1,9.6,2.2,30.2,3.6,529.3,1.9,10.1,0.4,18.4,3.0,7.5,2.1,27.8,3.6,2024-02
2024-02-15,3017,奇鋐,電子工業,觸發,進榜即觸發,519.6,90.0,5.0,0,519.6,12.2,0.5,20.6,3.1,9.6,2.2,30.2,3.6,529.3,1.9,10.1,0.4,18.4,3.0,7.5,2.1,27.8,3.6,2024-02
2024-02-15,2368,金像電,電子零組件業,進榜,觸發,260.43,85.0,6.0,0,,-14.8,0.5,-28.4,3.1,-22.8,2.2,-32.9,3.6,263.3,1.1,-15.8,0.4,-29.2,3.0,-23.7,2.1,-33.6,3.6,2024-02
2024-02-15,2368,金像電,電子零組件業,觸發,進榜即觸發,260.43,85.0,6.0,0,260.43,-14.8,0.5,-28.4,3.1,-22.8,2.2,-32.9,3.6,263.3,1.1,-15.8,0.4,-29.2,3.0,-23.7,2.1,-33.6,3.6,2024-02
2024-02-15,2329,華泰,半導體業,進榜,觸發,66.1,82.0,4.0,0,,-7.7,0.5,-16.1,3.1,-37.5,2.2,-46.0,3.6,67.2,1.7,-9.2,0.4,-17.5,3.0,-38.5,2.1,-46.9,3.6,2024-02
2024-02-15,2329,華泰,半導體業,觸發,進榜即觸發,66.1,82.0,4.0,0,66.1,-7.7,0.5,-16.1,3.1,-37.5,2.2,-46.0,3.6,67.2,1.7,-9.2,0.4,-17.5,3.0,-38.5,2.1,-46.9,3.6,2024-02
2024-02-15,6274,台燿,電子零組件業,進榜,觸發,150.03,76.0,6.0,0,,-0.6,0.5,10.0,3.1,-0.1,2.2,1.8,3.6,151.4,0.9,-1.5,0.4,9.0,3.0,-1.0,2.1,0.9,3.6,2024-02
2024-02-15,6274,台燿,電子零組件業,觸發,進榜即觸發,150.03,76.0,6.0,0,150.03,-0.6,0.5,10.0,3.1,-0.1,2.2,1.8,3.6,151.4,0.9,-1.5,0.4,9.0,3.0,-1.0,2.1,0.9,3.6,2024-02
2024-02-15,3131,弘塑,其他電子類,進榜,觸發,676.64,75.0,3.0,0,,19.8,0.5,37.8,3.1,138.1,2.2,151.0,3.6,687.2,1.6,18.0,0.4,35.7,3.0,134.5,2.1,147.1,3.6,2024-02
2024-02-15,3131,弘塑,其他電子類,觸發,進榜即觸發,676.64,75.0,3.0,0,676.64,19.8,0.5,37.8,3.1,138.1,2.2,151.0,3.6,687.2,1.6,18.0,0.4,35.7,3.0,134.5,2.1,147.1,3.6,2024-02
2024-02-15,2059,川湖,電子工業,進榜,觸發,1081.66,71.0,2.0,0,,8.6,0.5,15.3,3.1,-1.4,2.2,30.8,3.6,1106.0,2.3,6.2,0.4,12.8,3.0,-3.5,2.1,27.9,3.6,2024-02
2024-02-15,2059,川湖,電子工業,觸發,進榜即觸發,1081.66,71.0,2.0,0,1081.66,8.6,0.5,15.3,3.1,-1.4,2.2,30.8,3.6,1106.0,2.3,6.2,0.4,12.8,3.0,-3.5,2.1,27.9,3.6,2024-02
2024-02-15,3044,健鼎,電子工業,進榜,觸發,200.78,71.0,2.0,0,,-8.1,0.5,-2.2,3.1,-9.6,2.2,-10.0,3.6,207.1,3.1,-10.9,0.4,-5.2,3.0,-12.3,2.1,-12.8,3.6,2024-02
2024-02-15,3044,健鼎,電子工業,觸發,進榜即觸發,200.78,71.0,2.0,0,200.78,-8.1,0.5,-2.2,3.1,-9.6,2.2,-10.0,3.6,207.1,3.1,-10.9,0.4,-5.2,3.0,-12.3,2.1,-12.8,3.6,2024-02
2024-02-15,6204,艾華,電子零組件業,進榜,準備,133.08,97.0,3.0,0,,4.1,0.5,-0.4,3.1,-11.0,2.2,-33.2,3.6,132.1,-0.7,4.9,0.4,0.4,3.0,-10.3,2.1,-32.7,3.6,2024-02
2024-02-15,2476,鉅祥,電子零組件業,進榜,準備,67.87,85.0,1.0,0,,-1.9,0.5,22.4,3.1,40.4,2.2,24.4,3.6,68.3,0.7,-2.5,0.4,21.6,3.0,39.4,2.1,23.6,3.6,2024-02
2024-02-15,2387,精元,電子工業,進榜,準備,47.36,75.0,3.0,0,,0.8,0.5,4.7,3.1,1.9,2.2,3.0,3.6,48.6,2.5,-1.6,0.4,2.1,3.0,-0.6,2.1,0.5,3.6,2024-02
2024-02-15,2330,台積電,半導體業,進榜,準備,670.39,71.0,1.0,0,,8.0,0.5,20.9,3.1,36.0,2.2,57.7,3.6,670.4,0.0,8.0,0.4,20.9,3.0,36.0,2.1,57.7,3.6,2024-02
2024-02-15,2472,立隆電,電子工業,進榜,準備,65.99,70.0,2.0,0,,-6.4,0.5,8.0,3.1,14.7,2.2,7.0,3.6,66.0,0.0,-6.4,0.4,8.0,3.0,14.7,2.1,7.0,3.6,2024-02
2024-02-15,8089,康全電訊,通信網路業,觸發,等待後觸發,64.98,100.0,2.0,23,54.87,-13.8,0.5,14.4,3.1,49.6,2.2,38.3,3.6,67.6,4.0,-17.1,0.4,10.0,3.0,43.9,2.1,33.0,3.6,2024-02
2024-02-15,2357,華碩,電子工業,移出,掉出掃描母體,390.22,73.0,,13,,,,,,,,,,,,,,,,,,,,2024-02
2024-02-16,6584,南俊國際,電子零組件業,進榜,觸發,173.01,97.0,4.0,0,,18.6,0.0,2.0,2.5,-3.7,1.0,-5.8,1.7,157.7,-8.9,30.1,0.0,11.9,2.2,5.6,0.9,3.4,1.6,2024-02
2024-02-16,6584,南俊國際,電子零組件業,觸發,進榜即觸發,173.01,97.0,4.0,0,173.01,18.6,0.0,2.0,2.5,-3.7,1.0,-5.8,1.7,157.7,-8.9,30.1,0.0,11.9,2.2,5.6,0.9,3.4,1.6,2024-02
2024-02-16,2369,菱生,電子工業,進榜,觸發,27.14,83.0,4.0,0,,-11.6,0.0,-23.8,2.5,-29.8,1.0,-32.5,1.7,28.0,3.2,-14.3,0.0,-26.2,2.2,-31.9,0.9,-34.6,1.6,2024-02
2024-02-16,2369,菱生,電子工業,觸發,進榜即觸發,27.14,83.0,4.0,0,27.14,-11.6,0.0,-23.8,2.5,-29.8,1.0,-32.5,1.7,28.0,3.2,-14.3,0.0,-26.2,2.2,-31.9,0.9,-34.6,1.6,2024-02
2024-02-16,3450,聯鈞,其他電子業,進榜,觸發,70.39,82.0,4.0,0,,0.4,0.0,3.1,2.5,87.4,1.0,257.1,1.7,70.9,0.7,-0.3,0.0,2.4,2.2,86.1,0.9,254.6,1.6,2024-02
2024-02-16,3450,聯鈞,其他電子業,觸發,進榜即觸發,70.39,82.0,4.0,0,70.39,0.4,0.0,3.1,2.5,87.4,1.0,257.1,1.7,70.9,0.7,-0.3,0.0,2.4,2.2,86.1,0.9,254.6,1.6,2024-02
2024-02-16,3363,上詮,通信網路業,進榜,觸發,84.22,75.0,4.0,0,,46.8,0.0,66.0,2.5,68.3,1.0,147.0,1.7,85.9,2.0,43.9,0.0,62.8,2.2,65.1,0.9,142.2,1.6,2024-02
2024-02-16,3363,上詮,通信網路業,觸發,進榜即觸發,84.22,75.0,4.0,0,84.22,46.8,0.0,66.0,2.5,68.3,1.0,147.0,1.7,85.9,2.0,43.9,0.0,62.8,2.2,65.1,0.9,142.2,1.6,2024-02
2024-02-16,6683,雍智科技,半導體業,進榜,準備,287.01,81.0,3.0,0,,1.8,0.0,-3.0,2.5,23.1,1.0,18.1,1.7,294.1,2.5,-0.6,0.0,-5.3,2.2,20.1,0.9,15.2,1.6,2024-02
2024-02-16,6715,嘉基,電子工業,進榜,準備,165.3,81.0,2.0,0,,2.1,0.0,-7.8,2.5,-8.8,1.0,1.5,1.7,165.8,0.3,1.8,0.0,-8.0,2.2,-9.1,0.9,1.2,1.6,2024-02
2024-02-16,6668,中揚光,光電業,進榜,準備,52.7,80.0,2.0,0,,9.1,0.0,28.1,2.5,-6.0,1.0,-10.2,1.7,53.7,1.9,7.1,0.0,25.7,2.2,-7.7,0.9,-11.9,1.6,2024-02
2024-02-16,2362,藍天,電子工業,進榜,準備,38.75,75.0,3.0,0,,-13.5,0.0,37.9,2.5,31.3,1.0,28.3,1.7,38.8,0.0,-13.5,0.0,37.9,2.2,31.3,0.9,28.3,1.6,2024-02
2024-02-16,2357,華碩,電子工業,進榜,準備,413.96,71.0,3.0,0,,-14.8,0.0,7.6,2.5,8.0,1.0,32.2,1.7,416.5,0.6,-15.3,0.0,6.9,2.2,7.4,0.9,31.4,1.6,2024-02
2024-02-16,2330,台積電,半導體業,移出,掉出掃描母體,670.39,71.0,,1,,,,,,,,,,,,,,,,,,,,2024-02
2024-02-16,2472,立隆電,電子工業,移出,掉出掃描母體,65.99,70.0,,1,,,,,,,,,,,,,,,,,,,,2024-02
2024-02-16,6531,愛普*,半導體業,移出,掉出掃描母體,460.8,73.0,,106,,,,,,,,,,,,,,,,,,,,2024-02
2024-02-16,3217,優群,電子零組件業,移出,掉出掃描母體,155.63,72.0,,101,,,,,,,,,,,,,,,,,,,,2024-02
2024-02-16,3044,健鼎,電子工業,移出,掉出掃描母體,200.78,71.0,,1,,,,,,,,,,,,,,,,,,,,2024-02
2024-02-19,4945,陞達科技,半導體業,進榜,觸發,98.34,88.0,4.0,0,,10.6,-0.5,-6.1,1.7,-22.5,0.6,-26.8,0.6,103.1,4.8,5.5,-0.5,-10.4,1.7,-26.0,0.6,-30.2,0.8,2024-02
2024-02-19,4945,陞達科技,半導體業,觸發,進榜即觸發,98.34,88.0,4.0,0,98.34,10.6,-0.5,-6.1,1.7,-22.5,0.6,-26.8,0.6,103.1,4.8,5.5,-0.5,-10.4,1.7,-26.0,0.6,-30.2,0.8,2024-02
2024-02-19,8086,宏捷科,半導體業,進榜,觸發,141.06,75.0,5.0,0,,8.2,-0.5,-12.0,1.7,-29.8,0.6,-32.0,0.6,142.0,0.7,7.5,-0.5,-12.6,1.7,-30.3,0.6,-32.5,0.8,2024-02
2024-02-19,8086,宏捷科,半導體業,觸發,進榜即觸發,141.06,75.0,5.0,0,141.06,8.2,-0.5,-12.0,1.7,-29.8,0.6,-32.0,0.6,142.0,0.7,7.5,-0.5,-12.6,1.7,-30.3,0.6,-32.5,0.8,2024-02
2024-02-19,3712,永崴投控,電子工業,進榜,觸發,40.34,72.0,3.0,0,,-5.4,-0.5,-0.6,1.7,23.0,0.6,37.3,0.6,41.2,2.3,-7.5,-0.5,-2.8,1.7,20.3,0.6,34.2,0.8,2024-02
2024-02-19,3712,永崴投控,電子工業,觸發,進榜即觸發,40.34,72.0,3.0,0,40.34,-5.4,-0.5,-0.6,1.7,23.0,0.6,37.3,0.6,41.2,2.3,-7.5,-0.5,-2.8,1.7,20.3,0.6,34.2,0.8,2024-02
2024-02-19,8059,凱碩,通信網路業,進榜,準備,35.65,98.0,3.0,0,,2.1,-0.5,-31.1,1.7,-15.3,0.6,-10.1,0.6,37.5,5.2,-2.9,-0.5,-34.5,1.7,-19.5,0.6,-14.5,0.8,2024-02
2024-02-19,6219,富旺,建材營造,進榜,準備,33.25,90.0,3.0,0,,-4.3,-0.5,15.5,1.7,49.0,0.6,2.4,0.6,33.3,0.1,-4.4,-0.5,15.4,1.7,48.8,0.6,2.2,0.8,2024-02
2024-02-19,8011,台通,通信網路業,進榜,準備,22.2,80.0,3.0,0,,5.3,-0.5,-10.1,1.7,6.1,0.6,21.7,0.6,22.1,-0.4,5.7,-0.5,-9.8,1.7,6.5,0.6,22.2,0.8,2024-02
2024-02-19,5443,均豪,光電業,進榜,準備,41.28,78.0,3.0,0,,27.3,-0.5,22.7,1.7,132.8,0.6,202.3,0.6,43.0,4.1,22.3,-0.5,17.9,1.7,123.6,0.6,190.4,0.8,2024-02
2024-02-19,1563,巧新,電機機械,移出,掉出掃描母體,72.51,73.0,,25,,,,,,,,,,,,,,,,,,,,2024-02
2024-02-19,2357,華碩,電子工業,移出,掉出掃描母體,413.96,71.0,,3,,,,,,,,,,,,,,,,,,,,2024-02
2024-02-19,8085,福華,其他電子類,移出,晚期未觸發,59.5,76.0,,21,,,,,,,,,,,,,,,,,,,,2024-02
2024-02-19,3548,兆利,電子零組件業,移出,離高點太遠,216.34,96.0,,14,,,,,,,,,,,,,,,,,,,,2024-02
2024-02-19,3017,奇鋐,電子工業,移出,突破失敗,472.89,85.0,,4,,,,,,,,,,,,,,,,,,,,2024-02
2024-02-19,6274,台燿,電子零組件業,移出,掉出掃描母體,144.49,71.0,,4,,,,,,,,,,,,,,,,,,,,2024-02
2024-02-20,2543,皇昌,建材營造,進榜,觸發,18.15,98.0,2.0,0,,23.6,-0.7,51.6,1.8,127.8,1.0,276.8,0.0,18.7,3.3,19.7,-0.9,46.7,1.7,120.5,0.9,264.7,0.0,2024-02
2024-02-20,2543,皇昌,建材營造,觸發,進榜即觸發,18.15,98.0,2.0,0,18.15,23.6,-0.7,51.6,1.8,127.8,1.0,276.8,0.0,18.7,3.3,19.7,-0.9,46.7,1.7,120.5,0.9,264.7,0.0,2024-02
2024-02-20,5381,光譜,電子零組件業,進榜,觸發,45.9,92.0,3.0,0,,-17.2,-0.7,-10.5,1.8,-32.1,1.0,-32.9,0.0,45.9,0.0,-17.2,-0.9,-10.5,1.7,-32.1,0.9,-32.9,0.0,2024-02
2024-02-20,5381,光譜,電子零組件業,觸發,進榜即觸發,45.9,92.0,3.0,0,45.9,-17.2,-0.7,-10.5,1.8,-32.1,1.0,-32.9,0.0,45.9,0.0,-17.2,-0.9,-10.5,1.7,-32.1,0.9,-32.9,0.0,2024-02
2024-02-20,3005,神基,電子工業,進榜,觸發,101.73,88.0,5.0,0,,32.9,-0.7,-4.9,1.8,-1.4,1.0,0.4,0.0,103.0,1.3,31.2,-0.9,-6.2,1.7,-2.7,0.9,-0.9,0.0,2024-02
2024-02-20,3005,神基,電子工業,觸發,進榜即觸發,101.73,88.0,5.0,0,101.73,32.9,-0.7,-4.9,1.8,-1.4,1.0,0.4,0.0,103.0,1.3,31.2,-0.9,-6.2,1.7,-2.7,0.9,-0.9,0.0,2024-02
2024-02-20,3147,大綜,資訊服務業,進榜,觸發,93.5,83.0,5.0,0,,24.0,-0.7,13.5,1.8,18.3,1.0,18.3,0.0,94.3,0.9,22.9,-0.9,12.6,1.7,17.3,0.9,17.3,0.0,2024-02
2024-02-20,3147,大綜,資訊服務業,觸發,進榜即觸發,93.5,83.0,5.0,0,93.5,24.0,-0.7,13.5,1.8,18.3,1.0,18.3,0.0,94.3,0.9,22.9,-0.9,12.6,1.7,17.3,0.9,17.3,0.0,2024-02
2024-02-20,4966,譜瑞-KY,半導體業,進榜,觸發,1228.67,82.0,4.0,0,,-26.5,-0.7,-44.4,1.8,-41.5,1.0,-48.6,0.0,1219.4,-0.8,-25.9,-0.9,-43.9,1.7,-41.0,0.9,-48.2,0.0,2024-02
2024-02-20,4966,譜瑞-KY,半導體業,觸發,進榜即觸發,1228.67,82.0,4.0,0,1228.67,-26.5,-0.7,-44.4,1.8,-41.5,1.0,-48.6,0.0,1219.4,-0.8,-25.9,-0.9,-43.9,1.7,-41.0,0.9,-48.2,0.0,2024-02
2024-02-20,3047,訊舟,通信網路業,進榜,觸發,19.63,80.0,1.0,0,,-24.9,-0.7,-3.8,1.8,103.5,1.0,76.4,0.0,20.8,6.0,-29.1,-0.9,-9.2,1.7,91.9,0.9,66.4,0.0,2024-02
2024-02-20,3047,訊舟,通信網路業,觸發,進榜即觸發,19.63,80.0,1.0,0,19.63,-24.9,-0.7,-3.8,1.8,103.5,1.0,76.4,0.0,20.8,6.0,-29.1,-0.9,-9.2,1.7,91.9,0.9,66.4,0.0,2024-02
2024-02-20,3034,聯詠,半導體業,進榜,準備,504.4,75.0,3.0,0,,1.4,-0.7,4.3,1.8,-5.2,1.0,-13.9,0.0,494.1,-2.0,3.5,-0.9,6.4,1.7,-3.2,0.9,-12.1,0.0,2024-02
2024-02-20,6290,良維,電子零組件業,進榜,準備,70.79,73.0,3.0,0,,18.8,-0.7,-1.9,1.8,6.3,1.0,-6.6,0.0,72.7,2.7,15.7,-0.9,-4.4,1.7,3.5,0.9,-9.0,0.0,2024-02
2024-02-20,5443,均豪,光電業,觸發,等待後觸發,45.4,86.0,3.0,1,41.89,11.2,-0.7,10.3,1.8,119.0,1.0,170.6,0.0,46.5,2.5,8.5,-0.9,7.7,1.7,113.7,0.9,164.0,0.0,2024-02
2024-02-20,2387,精元,電子工業,移出,掉出掃描母體,49.59,73.0,,5,,,,,,,,,,,,,,,,,,,,2024-02
2024-02-20,3622,洋華,光電業,移出,離高點太遠,54.69,88.0,,36,,,,,,,,,,,,,,,,,,,,2024-02
2024-02-20,3376,新日興,電子零組件業,移出,離高點太遠,145.54,89.0,,26,,,,,,,,,,,,,,,,,,,,2024-02
2024-02-20,2362,藍天,電子工業,移出,掉出掃描母體,37.31,70.0,,4,,,,,,,,,,,,,,,,,,,,2024-02
2024-02-21,4909,新復興,通信網路業,進榜,觸發,50.69,98.0,4.0,0,,48.8,-0.5,44.7,1.5,114.4,1.0,106.3,0.0,51.7,2.0,45.9,-0.9,41.9,1.3,110.2,0.7,102.2,-0.1,2024-02
2024-02-21,4909,新復興,通信網路業,觸發,進榜即觸發,50.69,98.0,4.0,0,50.69,48.8,-0.5,44.7,1.5,114.4,1.0,106.3,0.0,51.7,2.0,45.9,-0.9,41.9,1.3,110.2,0.7,102.2,-0.1,2024-02
2024-02-21,3588,通嘉,半導體業,進榜,觸發,97.08,89.0,5.0,0,,0.5,-0.5,-20.3,1.5,-29.3,1.0,-29.3,0.0,100.3,3.3,-2.8,-0.9,-22.9,1.3,-31.5,0.7,-31.5,-0.1,2024-02
2024-02-21,3588,通嘉,半導體業,觸發,進榜即觸發,97.08,89.0,5.0,0,97.08,0.5,-0.5,-20.3,1.5,-29.3,1.0,-29.3,0.0,100.3,3.3,-2.8,-0.9,-22.9,1.3,-31.5,0.7,-31.5,-0.1,2024-02
2024-02-21,3025,星通,電子工業,進榜,觸發,61.43,80.0,6.0,0,,-8.2,-0.5,-8.2,1.5,-11.2,1.0,10.1,0.0,62.5,1.8,-9.8,-0.9,-9.8,1.3,-12.8,0.7,8.1,-0.1,2024-02
2024-02-21,3025,星通,電子工業,觸發,進榜即觸發,61.43,80.0,6.0,0,61.43,-8.2,-0.5,-8.2,1.5,-11.2,1.0,10.1,0.0,62.5,1.8,-9.8,-0.9,-9.8,1.3,-12.8,0.7,8.1,-0.1,2024-02
2024-02-21,6126,信音,電子零組件業,進榜,觸發,38.28,79.0,2.0,0,,-13.6,-0.5,-18.4,1.5,-19.0,1.0,-17.7,0.0,39.7,3.7,-16.7,-0.9,-21.3,1.3,-21.9,0.7,-20.6,-0.1,2024-02
2024-02-21,6126,信音,電子零組件業,觸發,進榜即觸發,38.28,79.0,2.0,0,38.28,-13.6,-0.5,-18.4,1.5,-19.0,1.0,-17.7,0.0,39.7,3.7,-16.7,-0.9,-21.3,1.3,-21.9,0.7,-20.6,-0.1,2024-02
2024-02-21,6530,創威,通信網路業,進榜,準備,52.41,89.0,3.0,0,,-5.1,-0.5,-14.3,1.5,-23.6,1.0,37.2,0.0,53.5,2.1,-7.1,-0.9,-16.1,1.3,-25.2,0.7,34.3,-0.1,2024-02
2024-02-21,2385,群光,電子工業,進榜,準備,154.5,84.0,1.0,0,,36.1,-0.5,4.7,1.5,-7.6,1.0,-11.0,0.0,156.6,1.4,34.2,-0.9,3.3,1.3,-8.8,0.7,-12.2,-0.1,2024-02
2024-02-21,5272,笙科,半導體業,進榜,準備,41.85,84.0,2.0,0,,-11.2,-0.5,-21.1,1.5,-26.8,1.0,-28.3,0.0,42.3,1.1,-12.2,-0.9,-22.0,1.3,-27.5,0.7,-29.1,-0.1,2024-02
2024-02-21,2605,新興,航運業,進榜,準備,24.43,78.0,3.0,0,,-9.3,-0.5,2.2,1.5,0.2,1.0,6.5,0.0,24.5,0.4,-9.6,-0.9,1.8,1.3,-0.2,0.7,6.2,-0.1,2024-02
2024-02-21,6121,新普,電腦及週邊設備業,進榜,準備,363.95,71.0,1.0,0,,12.3,-0.5,-3.2,1.5,-9.4,1.0,-16.0,0.0,366.1,0.6,11.6,-0.9,-3.8,1.3,-9.9,0.7,-16.5,-0.1,2024-02
2024-02-21,6668,中揚光,光電業,觸發,等待後觸發,56.4,82.0,2.0,5,53.9,7.4,-0.5,20.6,1.5,-10.6,1.0,-15.2,0.0,58.0,2.8,4.5,-0.9,17.2,1.3,-13.1,0.7,-17.6,-0.1,2024-02
2024-02-21,3228,金麗科,半導體業,移出,離高點太遠,454.5,100.0,,37,,,,,,,,,,,,,,,,,,,,2024-02
2024-02-22,6189,豐藝,電子工業,進榜,觸發,62.16,90.0,1.0,0,,0.8,-0.8,2.9,1.4,11.5,1.0,2.4,-0.3,64.2,3.3,-2.4,-1.0,-0.3,1.1,8.0,1.0,-0.9,-0.8,2024-02
2024-02-22,6189,豐藝,電子工業,觸發,進榜即觸發,62.16,90.0,1.0,0,62.16,0.8,-0.8,2.9,1.4,11.5,1.0,2.4,-0.3,64.2,3.3,-2.4,-1.0,-0.3,1.1,8.0,1.0,-0.9,-0.8,2024-02
2024-02-22,8299,群聯,半導體業,進榜,觸發,563.76,82.0,4.0,0,,7.2,-0.8,-5.3,1.4,-6.7,1.0,-28.0,-0.3,566.5,0.5,6.7,-1.0,-5.7,1.1,-7.2,1.0,-28.4,-0.8,2024-02
2024-02-22,8299,群聯,半導體業,觸發,進榜即觸發,563.76,82.0,4.0,0,563.76,7.2,-0.8,-5.3,1.4,-6.7,1.0,-28.0,-0.3,566.5,0.5,6.7,-1.0,-5.7,1.1,-7.2,1.0,-28.4,-0.8,2024-02
2024-02-22,3178,公準,電機機械,進榜,觸發,124.22,81.0,4.0,0,,-11.3,-0.8,-14.4,1.4,-34.2,1.0,-45.3,-0.3,128.1,3.1,-14.0,-1.0,-17.0,1.1,-36.2,1.0,-47.0,-0.8,2024-02
2024-02-22,3178,公準,電機機械,觸發,進榜即觸發,124.22,81.0,4.0,0,124.22,-11.3,-0.8,-14.4,1.4,-34.2,1.0,-45.3,-0.3,128.1,3.1,-14.0,-1.0,-17.0,1.1,-36.2,1.0,-47.0,-0.8,2024-02
2024-02-22,2379,瑞昱,半導體業,進榜,準備,491.47,71.0,3.0,0,,11.1,-0.8,0.9,1.4,3.4,1.0,-3.7,-0.3,511.8,4.1,6.7,-1.0,-3.1,1.1,-0.7,1.0,-7.5,-0.8,2024-02
2024-02-22,3413,京鼎,半導體業,進榜,準備,218.05,71.0,1.0,0,,21.4,-0.8,22.0,1.4,41.5,1.0,29.2,-0.3,220.3,1.0,20.2,-1.0,20.8,1.1,40.0,1.0,27.9,-0.8,2024-02
2024-02-22,3592,瑞鼎,電子工業,進榜,準備,394.61,70.0,3.0,0,,5.8,-0.8,-11.6,1.4,-18.7,1.0,-23.7,-0.3,398.9,1.1,4.6,-1.0,-12.6,1.1,-19.6,1.0,-24.5,-0.8,2024-02
2024-02-22,3402,漢科,其他電子類,觸發,等待後觸發,86.66,92.0,1.0,28,67.09,-7.2,-0.8,3.8,1.4,10.8,1.0,4.6,-0.3,88.2,1.8,-8.8,-1.0,2.0,1.1,8.8,1.0,2.7,-0.8,2024-02
2024-02-22,2313,華通,電子工業,觸發,等待後觸發,74.06,86.0,3.0,17,67.41,-0.7,-0.8,-0.6,1.4,-4.8,1.0,-21.1,-0.3,75.8,2.4,-3.0,-1.0,-2.9,1.1,-7.0,1.0,-22.9,-0.8,2024-02
2024-02-22,6204,艾華,電子零組件業,觸發,等待後觸發,152.37,96.0,3.0,7,135.55,-6.2,-0.8,-13.0,1.4,-21.3,1.0,-48.4,-0.3,156.3,2.6,-8.5,-1.0,-15.2,1.1,-23.3,1.0,-49.7,-0.8,2024-02
2024-02-22,2368,金像電,電子零組件業,移出,掉出掃描母體,247.55,70.0,,7,,,,,,,,,,,,,,,,,,,,2024-02
2024-02-23,3312,弘憶股,電子工業,進榜,觸發,36.7,92.0,2.0,0,,9.6,-0.2,26.8,0.7,128.5,1.7,62.9,0.0,38.0,3.5,5.9,-0.3,22.5,0.7,120.8,1.8,57.4,0.0,2024-02
2024-02-23,3312,弘憶股,電子工業,觸發,進榜即觸發,36.7,92.0,2.0,0,36.7,9.6,-0.2,26.8,0.7,128.5,1.7,62.9,0.0,38.0,3.5,5.9,-0.3,22.5,0.7,120.8,1.8,57.4,0.0,2024-02
2024-02-23,3390,旭軟,電子零組件業,進榜,觸發,29.3,91.0,2.0,0,,0.2,-0.2,0.8,0.7,7.2,1.7,-13.8,0.0,31.0,5.7,-5.2,-0.3,-4.6,0.7,1.5,1.8,-18.4,0.0,2024-02
2024-02-23,3390,旭軟,電子零組件業,觸發,進榜即觸發,29.3,91.0,2.0,0,29.3,0.2,-0.2,0.8,0.7,7.2,1.7,-13.8,0.0,31.0,5.7,-5.2,-0.3,-4.6,0.7,1.5,1.8,-18.4,0.0,2024-02
2024-02-23,2454,聯發科,半導體業,進榜,觸發,1008.1,79.0,4.0,0,,1.8,-0.2,9.5,0.7,16.2,1.7,19.4,0.0,998.9,-0.9,2.8,-0.3,10.6,0.7,17.2,1.8,20.5,0.0,2024-02
2024-02-23,2454,聯發科,半導體業,觸發,進榜即觸發,1008.1,79.0,4.0,0,1008.1,1.8,-0.2,9.5,0.7,16.2,1.7,19.4,0.0,998.9,-0.9,2.8,-0.3,10.6,0.7,17.2,1.8,20.5,0.0,2024-02
2024-02-23,8040,九暘,半導體業,進榜,觸發,61.3,74.0,2.0,0,,44.2,-0.2,29.2,0.7,37.5,1.7,20.4,0.0,62.1,1.3,42.4,-0.3,27.5,0.7,35.7,1.8,18.8,0.0,2024-02
2024-02-23,8040,九暘,半導體業,觸發,進榜即觸發,61.3,74.0,2.0,0,61.3,44.2,-0.2,29.2,0.7,37.5,1.7,20.4,0.0,62.1,1.3,42.4,-0.3,27.5,0.7,35.7,1.8,18.8,0.0,2024-02
2024-02-23,6679,鈺太,半導體業,進榜,觸發,460.97,71.0,5.0,0,,-8.1,-0.2,-17.8,0.7,-36.9,1.7,-34.5,0.0,457.3,-0.8,-7.4,-0.3,-17.1,0.7,-36.4,1.8,-34.0,0.0,2024-02
2024-02-23,6679,鈺太,半導體業,觸發,進榜即觸發,460.97,71.0,5.0,0,460.97,-8.1,-0.2,-17.8,0.7,-36.9,1.7,-34.5,0.0,457.3,-0.8,-7.4,-0.3,-17.1,0.7,-36.4,1.8,-34.0,0.0,2024-02
2024-02-23,6121,新普,電腦及週邊設備業,移出,掉出掃描母體,367.86,72.0,,2,,,,,,,,,,,,,,,,,,,,2024-02
2024-02-23,4749,新應材,光電業,移出,離高點太遠,617.19,96.0,,8,,,,,,,,,,,,,,,,,,,,2024-02
2024-02-23,4966,譜瑞-KY,半導體業,移出,掉出掃描母體,1135.59,73.0,,3,,,,,,,,,,,,,,,,,,,,2024-02
2024-02-23,3047,訊舟,通信網路業,移出,掉出掃描母體,18.84,73.0,,3,,,,,,,,,,,,,,,,,,,,2024-02
2024-02-26,1316,上曜,建材營造,進榜,觸發,18.96,91.0,1.0,0,,-7.7,-1.4,-8.2,0.3,5.9,1.1,-26.0,-0.1,19.5,2.8,-10.2,-1.4,-10.7,0.3,3.0,1.1,-28.0,-0.2,2024-02
2024-02-26,1316,上曜,建材營造,觸發,進榜即觸發,18.96,91.0,1.0,0,18.96,-7.7,-1.4,-8.2,0.3,5.9,1.1,-26.0,-0.1,19.5,2.8,-10.2,-1.4,-10.7,0.3,3.0,1.1,-28.0,-0.2,2024-02
2024-02-26,6113,亞矽,電子通路業,進榜,準備,41.98,99.0,1.0,0,,-33.5,-1.4,-32.3,0.3,-35.4,1.1,-46.9,-0.1,43.0,2.4,-35.0,-1.4,-33.9,0.3,-37.0,1.1,-48.1,-0.2,2024-02
2024-02-26,8096,擎亞,電子通路業,進榜,準備,27.17,97.0,2.0,0,,-5.1,-1.4,30.2,0.3,99.3,1.1,36.4,-0.1,28.5,4.9,-9.5,-1.4,24.1,0.3,89.9,1.1,30.0,-0.2,2024-02
2024-02-26,8085,福華,其他電子類,進榜,準備,69.2,86.0,3.0,0,,4.0,-1.4,-7.7,0.3,-35.6,1.1,-45.4,-0.1,69.7,0.7,3.3,-1.4,-8.3,0.3,-36.1,1.1,-45.8,-0.2,2024-02
2024-02-26,6121,新普,電腦及週邊設備業,進榜,準備,378.3,72.0,1.0,0,,0.6,-1.4,-6.2,0.3,-11.2,1.1,-14.6,-0.1,378.3,0.0,0.6,-1.4,-6.2,0.3,-11.2,1.1,-14.6,-0.2,2024-02
2024-02-26,2458,義隆,半導體業,進榜,準備,145.54,70.0,2.0,0,,-2.1,-1.4,0.1,0.3,-15.5,1.1,-7.6,-0.1,145.1,-0.3,-1.8,-1.4,0.4,0.3,-15.2,1.1,-7.3,-0.2,2024-02
2024-02-26,3592,瑞鼎,電子工業,移出,掉出掃描母體,395.03,72.0,,4,,,,,,,,,,,,,,,,,,,,2024-02
2024-02-26,6785,昱展新藥,生技醫療業,移出,離高點太遠,389.79,98.0,,26,,,,,,,,,,,,,,,,,,,,2024-02
2024-02-26,2329,華泰,半導體業,移出,離高點太遠,69.67,83.0,,11,,,,,,,,,,,,,,,,,,,,2024-02
2024-02-26,6679,鈺太,半導體業,移出,掉出掃描母體,460.97,71.0,,3,,,,,,,,,,,,,,,,,,,,2024-02
2024-02-27,1522,堤維西,汽車工業,進榜,觸發,44.0,78.0,4.0,0,,3.2,-0.2,23.6,1.6,34.0,1.8,29.7,0.0,45.0,2.4,0.8,-0.3,20.7,1.5,30.9,1.8,26.7,0.0,2024-02
2024-02-27,1522,堤維西,汽車工業,觸發,進榜即觸發,44.0,78.0,4.0,0,44.0,3.2,-0.2,23.6,1.6,34.0,1.8,29.7,0.0,45.0,2.4,0.8,-0.3,20.7,1.5,30.9,1.8,26.7,0.0,2024-02
2024-02-27,1563,巧新,電機機械,進榜,準備,73.23,70.0,3.0,0,,8.9,-0.2,-0.1,1.6,-15.8,1.8,-28.0,0.0,73.5,0.3,8.6,-0.3,-0.4,1.5,-16.0,1.8,-28.3,0.0,2024-02
2024-02-27,3055,蔚華科,電子通路業,移出,離高點太遠,72.33,91.0,,28,,,,,,,,,,,,,,,,,,,,2024-02
2024-02-27,8059,凱碩,通信網路業,移出,晚期未觸發,37.5,98.0,,8,,,,,,,,,,,,,,,,,,,,2024-02
2024-02-27,5381,光譜,電子零組件業,移出,離高點太遠,40.3,80.0,,7,,,,,,,,,,,,,,,,,,,,2024-02
2024-02-27,2605,新興,航運業,移出,掉出掃描母體,24.34,73.0,,6,,,,,,,,,,,,,,,,,,,,2024-02
2024-02-27,3413,京鼎,半導體業,移出,掉出掃描母體,221.16,71.0,,5,,,,,,,,,,,,,,,,,,,,2024-02
2024-02-27,6189,豐藝,電子工業,移出,突破失敗,56.8,87.0,,5,,,,,,,,,,,,,,,,,,,,2024-02
2024-02-29,6535,順藥,生技醫療業,進榜,觸發,175.51,99.0,4.0,0,,1.7,-0.7,10.2,1.5,47.4,1.4,101.1,0.0,181.0,3.1,-1.4,-0.7,6.9,1.4,43.0,1.4,95.0,0.0,2024-02
2024-02-29,6535,順藥,生技醫療業,觸發,進榜即觸發,175.51,99.0,4.0,0,175.51,1.7,-0.7,10.2,1.5,47.4,1.4,101.1,0.0,181.0,3.1,-1.4,-0.7,6.9,1.4,43.0,1.4,95.0,0.0,2024-02
2024-02-29,6231,系微,資訊服務業,進榜,觸發,231.24,92.0,6.0,0,,-15.3,-0.7,20.8,1.5,81.2,1.4,104.2,0.0,236.0,2.0,-17.0,-0.7,18.4,1.4,77.5,1.4,100.1,0.0,2024-02
2024-02-29,6231,系微,資訊服務業,觸發,進榜即觸發,231.24,92.0,6.0,0,231.24,-15.3,-0.7,20.8,1.5,81.2,1.4,104.2,0.0,236.0,2.0,-17.0,-0.7,18.4,1.4,77.5,1.4,100.1,0.0,2024-02
2024-02-29,1514,亞力,電機機械,進榜,觸發,89.71,90.0,6.0,0,,9.5,-0.7,11.0,1.5,41.5,1.4,13.1,0.0,91.5,2.0,7.4,-0.7,8.8,1.4,38.7,1.4,10.9,0.0,2024-02
2024-02-29,1514,亞力,電機機械,觸發,進榜即觸發,89.71,90.0,6.0,0,89.71,9.5,-0.7,11.0,1.5,41.5,1.4,13.1,0.0,91.5,2.0,7.4,-0.7,8.8,1.4,38.7,1.4,10.9,0.0,2024-02
2024-02-29,2417,圓剛,電子工業,進榜,準備,38.47,81.0,3.0,0,,14.5,-0.7,16.4,1.5,23.4,1.4,0.5,0.0,38.6,0.3,14.2,-0.7,16.1,1.4,23.1,1.4,0.3,0.0,2024-02
2024-02-29,7402,邑錡,光電業,進榜,準備,101.9,73.0,3.0,0,,16.0,-0.7,4.2,1.5,-21.3,1.4,-31.6,0.0,105.3,3.3,12.3,-0.7,0.9,1.4,-23.8,1.4,-33.8,0.0,2024-02
2024-02-29,2605,新興,航運業,進榜,準備,24.56,72.0,3.0,0,,-12.1,-0.7,16.5,1.5,-0.7,1.4,2.6,0.0,24.7,0.4,-12.4,-0.7,16.0,1.4,-1.1,1.4,2.3,0.0,2024-02
2024-02-29,6691,洋基工程,其他電子業,進榜,準備,226.74,72.0,2.0,0,,2.1,-0.7,-2.6,1.5,12.7,1.4,2.9,0.0,226.7,0.0,2.1,-0.7,-2.6,1.4,12.7,1.4,2.9,0.0,2024-02
2024-02-29,8085,福華,其他電子類,觸發,等待後觸發,76.4,91.0,3.0,3,71.0,-1.2,-0.7,-14.8,1.5,-44.0,1.4,-47.6,0.0,77.5,1.4,-2.6,-0.7,-16.0,1.4,-44.8,1.4,-48.4,0.0,2024-02
2024-02-29,4766,南寶,化學工業,移出,掉出掃描母體,268.48,78.0,,119,,,,,,,,,,,,,,,,,,,,2024-02
2024-02-29,6121,新普,電腦及週邊設備業,移出,掉出掃描母體,371.34,71.0,,3,,,,,,,,,,,,,,,,,,,,2024-02
2024-02-29,2458,義隆,半導體業,移出,掉出掃描母體,144.68,72.0,,3,,,,,,,,,,,,,,,,,,,,2024-02
2024-02-29,8011,台通,通信網路業,移出,掉出掃描母體,21.35,72.0,,10,,,,,,,,,,,,,,,,,,,,2024-02
2024-03-01,3081,聯亞,通信網路業,進榜,準備,143.17,85.0,1.0,0,,-14.5,-0.8,-10.4,1.6,-19.3,1.8,129.2,0.2,144.5,0.9,-15.3,-1.0,-11.3,1.3,-20.0,1.7,127.0,0.1,2024-03
2024-03-01,3592,瑞鼎,電子工業,進榜,準備,409.19,74.0,3.0,0,,0.3,-0.8,-13.7,1.6,-22.9,1.8,-20.4,0.2,416.5,1.8,-1.4,-1.0,-15.2,1.3,-24.3,1.7,-21.8,0.1,2024-03
2024-03-01,7402,邑錡,光電業,觸發,等待後觸發,112.0,79.0,3.0,1,101.9,0.0,-0.8,-9.0,1.6,-22.3,1.8,-36.5,0.2,115.8,3.4,-3.3,-1.0,-12.0,1.3,-24.9,1.7,-38.7,0.1,2024-03
2024-03-01,2605,新興,航運業,移出,掉出掃描母體,24.56,72.0,,1,,,,,,,,,,,,,,,,,,,,2024-03
2024-03-01,6219,富旺,建材營造,移出,掉出掃描母體,31.04,80.0,,11,,,,,,,,,,,,,,,,,,,,2024-03
2024-03-01,6126,信音,電子零組件業,移出,掉出掃描母體,38.28,72.0,,9,,,,,,,,,,,,,,,,,,,,2024-03
2024-03-04,4303,信立,塑膠工業,進榜,觸發,28.51,97.0,2.0,0,,6.9,-0.3,-3.1,0.8,-0.4,1.2,0.6,0.0,29.3,2.8,4.0,-0.4,-5.7,0.6,-3.0,1.2,-2.1,0.0,2024-03
2024-03-04,4303,信立,塑膠工業,觸發,進榜即觸發,28.51,97.0,2.0,0,28.51,6.9,-0.3,-3.1,0.8,-0.4,1.2,0.6,0.0,29.3,2.8,4.0,-0.4,-5.7,0.6,-3.0,1.2,-2.1,0.0,2024-03
2024-03-04,3376,新日興,電子零組件業,進榜,觸發,189.11,95.0,3.0,0,,-13.0,-0.3,-9.6,0.8,12.1,1.2,-3.8,0.0,192.4,1.7,-14.5,-0.4,-11.1,0.6,10.2,1.2,-5.4,0.0,2024-03
2024-03-04,3376,新日興,電子零組件業,觸發,進榜即觸發,189.11,95.0,3.0,0,189.11,-13.0,-0.3,-9.6,0.8,12.1,1.2,-3.8,0.0,192.4,1.7,-14.5,-0.4,-11.1,0.6,10.2,1.2,-5.4,0.0,2024-03
2024-03-04,2230,泰茂,電機機械,進榜,觸發,150.04,79.0,5.0,0,,-2.9,-0.3,-13.6,0.8,-14.2,1.2,-15.8,0.0,150.0,0.0,-2.9,-0.4,-13.6,0.6,-14.2,1.2,-15.8,0.0,2024-03
2024-03-04,2230,泰茂,電機機械,觸發,進榜即觸發,150.04,79.0,5.0,0,150.04,-2.9,-0.3,-13.6,0.8,-14.2,1.2,-15.8,0.0,150.0,0.0,-2.9,-0.4,-13.6,0.6,-14.2,1.2,-15.8,0.0,2024-03
2024-03-04,8011,台通,通信網路業,進榜,觸發,23.96,77.0,3.0,0,,-10.7,-0.3,-12.0,0.8,-2.3,1.2,3.0,0.0,25.5,6.4,-16.1,-0.4,-17.3,0.6,-8.1,1.2,-3.2,0.0,2024-03
2024-03-04,8011,台通,通信網路業,觸發,進榜即觸發,23.96,77.0,3.0,0,23.96,-10.7,-0.3,-12.0,0.8,-2.3,1.2,3.0,0.0,25.5,6.4,-16.1,-0.4,-17.3,0.6,-8.1,1.2,-3.2,0.0,2024-03
2024-03-04,3413,京鼎,半導體業,進榜,準備,228.73,71.0,1.0,0,,18.3,-0.3,16.1,0.8,36.9,1.2,27.0,0.0,226.5,-1.0,19.4,-0.4,17.3,0.6,38.2,1.2,28.2,0.0,2024-03
2024-03-04,4770,上品,化學工業,進榜,準備,381.72,70.0,1.0,0,,4.3,-0.3,-5.0,0.8,-6.2,1.2,-20.6,0.0,384.0,0.6,3.7,-0.4,-5.6,0.6,-6.8,1.2,-21.1,0.0,2024-03
2024-03-04,6715,嘉基,電子工業,觸發,等待後觸發,198.89,87.0,2.0,17,167.13,-12.1,-0.3,-21.0,0.8,-21.1,1.2,-17.8,0.0,197.0,-0.9,-11.3,-0.4,-20.3,0.6,-20.4,1.2,-17.0,0.0,2024-03
2024-03-04,2417,圓剛,電子工業,觸發,等待後觸發,42.62,86.0,3.0,4,38.82,3.2,-0.3,3.5,0.8,15.1,1.2,-3.8,0.0,45.4,6.5,-3.0,-0.4,-2.8,0.6,8.1,1.2,-9.6,0.0,2024-03
2024-03-04,9939,宏全,其他,移出,掉出掃描母體,128.62,71.0,,55,,,,,,,,,,,,,,,,,,,,2024-03
2024-03-04,1563,巧新,電機機械,移出,晚期未觸發,90.21,85.0,,6,,,,,,,,,,,,,,,,,,,,2024-03
2024-03-04,6451,訊芯-KY,半導體業,移出,離高點太遠,200.23,91.0,,53,,,,,,,,,,,,,,,,,,,,2024-03
2024-03-04,8027,鈦昇,電機機械,移出,掉出掃描母體,96.79,74.0,,45,,,,,,,,,,,,,,,,,,,,2024-03
2024-03-04,6789,采鈺,半導體業,移出,掉出掃描母體,298.97,72.0,,32,,,,,,,,,,,,,,,,,,,,2024-03
2024-03-04,2369,菱生,電子工業,移出,掉出掃描母體,25.45,72.0,,17,,,,,,,,,,,,,,,,,,,,2024-03
2024-03-04,6113,亞矽,電子通路業,移出,離高點太遠,36.88,97.0,,7,,,,,,,,,,,,,,,,,,,,2024-03
2024-03-05,3017,奇鋐,電子工業,進榜,觸發,569.22,85.0,5.0,0,,-8.9,-0.4,31.5,0.9,6.0,1.5,9.0,-0.8,567.3,-0.3,-8.6,-0.3,31.9,1.1,6.4,1.7,9.3,-0.7,2024-03
2024-03-05,3017,奇鋐,電子工業,觸發,進榜即觸發,569.22,85.0,5.0,0,569.22,-8.9,-0.4,31.5,0.9,6.0,1.5,9.0,-0.8,567.3,-0.3,-8.6,-0.3,31.9,1.1,6.4,1.7,9.3,-0.7,2024-03
2024-03-05,3689,湧德,電子零組件業,進榜,觸發,76.32,74.0,2.0,0,,-11.2,-0.4,-12.1,0.9,11.3,1.5,-1.2,-0.8,76.0,-0.5,-10.7,-0.3,-11.7,1.1,11.8,1.7,-0.7,-0.7,2024-03
2024-03-05,3689,湧德,電子零組件業,觸發,進榜即觸發,76.32,74.0,2.0,0,76.32,-11.2,-0.4,-12.1,0.9,11.3,1.5,-1.2,-0.8,76.0,-0.5,-10.7,-0.3,-11.7,1.1,11.8,1.7,-0.7,-0.7,2024-03
2024-03-05,6197,佳必琪,電子零組件業,進榜,觸發,96.64,72.0,3.0,0,,47.4,-0.4,46.4,0.9,76.0,1.5,46.9,-0.8,95.7,-0.9,48.8,-0.3,47.8,1.1,77.7,1.7,48.3,-0.7,2024-03
2024-03-05,6197,佳必琪,電子零組件業,觸發,進榜即觸發,96.64,72.0,3.0,0,96.64,47.4,-0.4,46.4,0.9,76.0,1.5,46.9,-0.8,95.7,-0.9,48.8,-0.3,47.8,1.1,77.7,1.7,48.3,-0.7,2024-03
2024-03-05,8147,正淩,電子零組件業,進榜,準備,137.03,93.0,3.0,0,,-11.7,-0.4,-15.2,0.9,-3.1,1.5,-28.7,-0.8,132.8,-3.1,-8.9,-0.3,-12.5,1.1,0.0,1.7,-26.4,-0.7,2024-03
2024-03-05,6121,新普,電腦及週邊設備業,進榜,準備,387.86,72.0,1.0,0,,-2.0,-0.4,-7.6,0.9,-14.6,1.5,-13.1,-0.8,378.3,-2.5,0.5,-0.3,-5.3,1.1,-12.5,1.7,-10.9,-0.7,2024-03
2024-03-05,9939,宏全,其他,進榜,準備,130.82,71.0,0.0,0,,-0.7,-0.4,9.8,0.9,10.5,1.5,4.4,-0.8,130.4,-0.3,-0.3,-0.3,10.1,1.1,10.9,1.7,4.8,-0.7,2024-03
2024-03-05,6239,力成,半導體業,觸發,等待後觸發,151.54,86.0,2.0,40,133.71,12.4,-0.4,4.7,0.9,-12.1,1.5,-23.8,-0.8,150.2,-0.9,13.4,-0.3,5.6,1.1,-11.3,1.7,-23.1,-0.7,2024-03
2024-03-05,3413,京鼎,半導體業,移出,掉出掃描母體,228.73,71.0,,1,,,,,,,,,,,,,,,,,,,,2024-03
2024-03-05,4770,上品,化學工業,移出,掉出掃描母體,381.72,70.0,,1,,,,,,,,,,,,,,,,,,,,2024-03
2024-03-05,3437,榮創,光電業,移出,離高點太遠,33.8,86.0,,19,,,,,,,,,,,,,,,,,,,,2024-03
2024-03-05,3178,公準,電機機械,移出,掉出掃描母體,117.45,72.0,,12,,,,,,,,,,,,,,,,,,,,2024-03
2024-03-05,8096,擎亞,電子通路業,移出,離高點太遠,24.7,96.0,,8,,,,,,,,,,,,,,,,,,,,2024-03
2024-03-06,5521,工信,建材營造,進榜,觸發,14.29,86.0,3.0,0,,-6.2,-0.7,-8.6,1.2,-24.5,1.4,-23.1,-1.7,14.6,2.1,-8.1,-0.9,-10.5,1.3,-26.0,1.3,-24.7,-1.7,2024-03
2024-03-06,5521,工信,建材營造,觸發,進榜即觸發,14.29,86.0,3.0,0,14.29,-6.2,-0.7,-8.6,1.2,-24.5,1.4,-23.1,-1.7,14.6,2.1,-8.1,-0.9,-10.5,1.3,-26.0,1.3,-24.7,-1.7,2024-03
2024-03-06,1815,富喬,電子零組件業,進榜,觸發,20.78,76.0,4.0,0,,-12.1,-0.7,24.2,1.2,5.3,1.4,31.6,-1.7,22.4,7.7,-18.4,-0.9,15.3,1.3,-2.2,1.3,22.2,-1.7,2024-03
2024-03-06,1815,富喬,電子零組件業,觸發,進榜即觸發,20.78,76.0,4.0,0,20.78,-12.1,-0.7,24.2,1.2,5.3,1.4,31.6,-1.7,22.4,7.7,-18.4,-0.9,15.3,1.3,-2.2,1.3,22.2,-1.7,2024-03
2024-03-06,8034,榮群,通信網路業,進榜,觸發,28.24,75.0,6.0,0,,-11.6,-0.7,-19.5,1.2,-30.5,1.4,-36.1,-1.7,29.1,2.9,-14.1,-0.9,-21.7,1.3,-32.5,1.3,-37.9,-1.7,2024-03
2024-03-06,8034,榮群,通信網路業,觸發,進榜即觸發,28.24,75.0,6.0,0,28.24,-11.6,-0.7,-19.5,1.2,-30.5,1.4,-36.1,-1.7,29.1,2.9,-14.1,-0.9,-21.7,1.3,-32.5,1.3,-37.9,-1.7,2024-03
2024-03-06,2367,燿華,電子工業,進榜,準備,25.61,76.0,1.0,0,,-2.3,-0.7,38.8,1.2,44.7,1.4,17.1,-1.7,26.1,2.1,-4.2,-0.9,36.0,1.3,41.7,1.3,14.7,-1.7,2024-03
2024-03-06,2404,漢唐,其他電子業,進榜,準備,286.56,72.0,2.0,0,,22.1,-0.7,11.7,1.2,11.3,1.4,34.2,-1.7,290.5,1.4,20.4,-0.9,10.1,1.3,9.8,1.3,32.4,-1.7,2024-03
2024-03-06,3293,鈊象,文化創意業,觸發,等待後觸發,430.77,82.0,3.0,51,357.63,20.3,-0.7,7.3,1.2,67.8,1.4,99.1,-1.7,439.7,2.1,17.9,-0.9,5.1,1.3,64.3,1.3,95.1,-1.7,2024-03
2024-03-06,6691,洋基工程,其他電子業,觸發,等待後觸發,237.12,76.0,2.0,6,227.63,-2.4,-0.7,0.0,1.2,6.5,1.4,-1.7,-1.7,237.1,0.0,-2.4,-0.9,0.0,1.3,6.5,1.3,-1.7,-1.7,2024-03
2024-03-06,6121,新普,電腦及週邊設備業,移出,掉出掃描母體,387.86,72.0,,1,,,,,,,,,,,,,,,,,,,,2024-03
2024-03-06,9939,宏全,其他,移出,掉出掃描母體,130.82,71.0,,1,,,,,,,,,,,,,,,,,,,,2024-03
2024-03-06,6462,神盾,半導體業,移出,離高點太遠,287.43,99.0,,61,,,,,,,,,,,,,,,,,,,,2024-03
2024-03-06,6643,M31,半導體業,移出,離高點太遠,1336.55,89.0,,54,,,,,,,,,,,,,,,,,,,,2024-03
2024-03-06,3034,聯詠,半導體業,移出,掉出掃描母體,509.56,72.0,,15,,,,,,,,,,,,,,,,,,,,2024-03
2024-03-06,8040,九暘,半導體業,移出,掉出掃描母體,62.1,73.0,,12,,,,,,,,,,,,,,,,,,,,2024-03
2024-03-06,3592,瑞鼎,電子工業,移出,掉出掃描母體,407.47,73.0,,5,,,,,,,,,,,,,,,,,,,,2024-03
2024-03-07,3548,兆利,電子零組件業,進榜,觸發,264.67,97.0,4.0,0,,-3.5,0.0,-32.0,1.6,-36.6,2.3,-29.9,-0.1,269.3,1.7,-5.1,0.0,-33.2,1.6,-37.6,2.4,-31.1,-0.4,2024-03
2024-03-07,3548,兆利,電子零組件業,觸發,進榜即觸發,264.67,97.0,4.0,0,264.67,-3.5,0.0,-32.0,1.6,-36.6,2.3,-29.9,-0.1,269.3,1.7,-5.1,0.0,-33.2,1.6,-37.6,2.4,-31.1,-0.4,2024-03
2024-03-07,6121,新普,電腦及週邊設備業,進榜,觸發,423.52,79.0,1.0,0,,-10.8,0.0,-15.2,1.6,-21.6,2.3,-20.3,-0.1,426.1,0.6,-11.3,0.0,-15.7,1.6,-22.1,2.4,-20.8,-0.4,2024-03
2024-03-07,6121,新普,電腦及週邊設備業,觸發,進榜即觸發,423.52,79.0,1.0,0,423.52,-10.8,0.0,-15.2,1.6,-21.6,2.3,-20.3,-0.1,426.1,0.6,-11.3,0.0,-15.7,1.6,-22.1,2.4,-20.8,-0.4,2024-03
2024-03-07,2449,京元電子,半導體業,進榜,觸發,103.73,78.0,3.0,0,,-8.6,0.0,-22.2,1.6,6.5,2.3,11.4,-0.1,106.8,3.0,-11.3,0.0,-24.5,1.6,3.4,2.4,8.1,-0.4,2024-03
2024-03-07,2449,京元電子,半導體業,觸發,進榜即觸發,103.73,78.0,3.0,0,103.73,-8.6,0.0,-22.2,1.6,6.5,2.3,11.4,-0.1,106.8,3.0,-11.3,0.0,-24.5,1.6,3.4,2.4,8.1,-0.4,2024-03
2024-03-07,8040,九暘,半導體業,進榜,準備,66.7,80.0,2.0,0,,18.4,0.0,19.2,1.6,25.0,2.3,5.7,-0.1,73.3,9.9,7.8,0.0,8.5,1.6,13.8,2.4,-3.8,-0.4,2024-03
2024-03-07,4766,南寶,化學工業,進榜,準備,268.91,75.0,3.0,0,,3.9,0.0,7.9,1.6,-1.1,2.3,7.5,-0.1,270.6,0.6,3.2,0.0,7.2,1.6,-1.8,2.4,6.9,-0.4,2024-03
2024-03-07,3515,華擎,電子工業,進榜,準備,279.33,72.0,3.0,0,,-16.2,0.0,-23.5,1.6,-30.7,2.3,-21.2,-0.1,280.7,0.5,-16.6,0.0,-23.9,1.6,-31.1,2.4,-21.6,-0.4,2024-03
2024-03-07,3034,聯詠,半導體業,進榜,準備,513.85,71.0,3.0,0,,-1.2,0.0,-0.5,1.6,-4.6,2.3,-14.5,-0.1,525.0,2.2,-3.3,0.0,-2.6,1.6,-6.7,2.4,-16.4,-0.4,2024-03
2024-03-07,6205,詮欣,電子工業,進榜,準備,82.23,71.0,2.0,0,,-12.5,0.0,-14.4,1.6,-18.2,2.3,-12.5,-0.1,82.7,0.6,-13.0,0.0,-14.9,1.6,-18.7,2.4,-12.9,-0.4,2024-03
2024-03-07,9939,宏全,其他,進榜,準備,131.26,71.0,0.0,0,,2.0,0.0,8.4,1.6,11.5,2.3,2.3,-0.1,130.8,-0.3,2.4,0.0,8.8,1.6,11.9,2.4,2.7,-0.4,2024-03
2024-03-07,2404,漢唐,其他電子業,觸發,等待後觸發,315.13,83.0,2.0,1,289.19,10.0,0.0,1.5,1.6,1.8,2.3,26.7,-0.1,323.5,2.6,7.2,0.0,-1.1,1.6,-0.8,2.4,23.4,-0.4,2024-03
2024-03-07,3689,湧德,電子零組件業,移出,掉出掃描母體,80.12,78.0,,2,,,,,,,,,,,,,,,,,,,,2024-03
2024-03-07,8089,康全電訊,通信網路業,移出,離高點太遠,69.13,99.0,,44,,,,,,,,,,,,,,,,,,,,2024-03
2024-03-07,4908,前鼎,通信網路業,移出,離高點太遠,107.31,88.0,,38,,,,,,,,,,,,,,,,,,,,2024-03
2024-03-07,1560,中砂,電機機械,移出,離高點太遠,238.95,87.0,,37,,,,,,,,,,,,,,,,,,,,2024-03
2024-03-07,6204,艾華,電子零組件業,移出,離高點太遠,138.52,93.0,,21,,,,,,,,,,,,,,,,,,,,2024-03
2024-03-07,6290,良維,電子零組件業,移出,晚期未觸發,81.47,82.0,,16,,,,,,,,,,,,,,,,,,,,2024-03
2024-03-07,5272,笙科,半導體業,移出,掉出掃描母體,42.1,74.0,,15,,,,,,,,,,,,,,,,,,,,2024-03
2024-03-07,3025,星通,電子工業,移出,掉出掃描母體,61.26,70.0,,15,,,,,,,,,,,,,,,,,,,,2024-03
2024-03-07,8085,福華,其他電子類,移出,離高點太遠,70.0,87.0,,10,,,,,,,,,,,,,,,,,,,,2024-03
2024-03-07,1522,堤維西,汽車工業,移出,掉出掃描母體,42.13,72.0,,9,,,,,,,,,,,,,,,,,,,,2024-03
2024-03-07,5521,工信,建材營造,移出,掉出掃描母體,14.29,86.0,,1,,,,,,,,,,,,,,,,,,,,2024-03
2024-03-07,8034,榮群,通信網路業,移出,掉出掃描母體,28.24,75.0,,1,,,,,,,,,,,,,,,,,,,,2024-03
2024-03-08,2330,台積電,半導體業,進榜,準備,754.07,77.0,1.0,0,,5.0,1.5,9.4,3.0,22.0,3.7,33.7,0.2,738.7,-2.0,7.1,1.7,11.7,3.1,24.5,3.8,36.5,0.3,2024-03
2024-03-08,2504,國產,建材營造,進榜,準備,30.2,72.0,1.0,0,,13.6,1.5,26.0,3.0,62.3,3.7,53.3,0.2,30.0,-0.7,14.4,1.7,26.8,3.1,63.4,3.8,54.4,0.3,2024-03
2024-03-08,3515,華擎,電子工業,移出,掉出掃描母體,279.33,72.0,,1,,,,,,,,,,,,,,,,,,,,2024-03
2024-03-08,6205,詮欣,電子工業,移出,掉出掃描母體,82.23,71.0,,1,,,,,,,,,,,,,,,,,,,,2024-03
2024-03-08,3661,世芯-KY,半導體業,移出,離高點太遠,3752.18,79.0,,123,,,,,,,,,,,,,,,,,,,,2024-03
2024-03-08,6546,正基,通信網路業,移出,掉出掃描母體,122.59,80.0,,86,,,,,,,,,,,,,,,,,,,,2024-03
2024-03-08,6223,旺矽,半導體業,移出,離高點太遠,280.14,80.0,,59,,,,,,,,,,,,,,,,,,,,2024-03
2024-03-08,6187,萬潤,其他電子類,移出,離高點太遠,236.29,96.0,,53,,,,,,,,,,,,,,,,,,,,2024-03
2024-03-08,6237,驊訊,半導體業,移出,掉出掃描母體,64.33,80.0,,46,,,,,,,,,,,,,,,,,,,,2024-03
2024-03-08,2467,志聖,電子工業,移出,離高點太遠,116.87,98.0,,45,,,,,,,,,,,,,,,,,,,,2024-03
2024-03-08,2365,昆盈,電子工業,移出,離高點太遠,20.11,92.0,,43,,,,,,,,,,,,,,,,,,,,2024-03
2024-03-08,6442,光聖,通信網路業,移出,離高點太遠,127.75,95.0,,37,,,,,,,,,,,,,,,,,,,,2024-03
2024-03-08,2465,麗臺,電腦及週邊設備業,移出,離高點太遠,127.78,100.0,,35,,,,,,,,,,,,,,,,,,,,2024-03
2024-03-08,3131,弘塑,其他電子類,移出,離高點太遠,860.39,89.0,,22,,,,,,,,,,,,,,,,,,,,2024-03
2024-03-08,6683,雍智科技,半導體業,移出,掉出掃描母體,286.06,76.0,,21,,,,,,,,,,,,,,,,,,,,2024-03
2024-03-08,6668,中揚光,光電業,移出,離高點太遠,54.1,81.0,,21,,,,,,,,,,,,,,,,,,,,2024-03
2024-03-08,4945,陞達科技,半導體業,移出,離高點太遠,114.42,87.0,,18,,,,,,,,,,,,,,,,,,,,2024-03
2024-03-08,3712,永崴投控,電子工業,移出,掉出掃描母體,41.66,71.0,,18,,,,,,,,,,,,,,,,,,,,2024-03
2024-03-08,3147,大綜,資訊服務業,移出,離高點太遠,109.43,88.0,,17,,,,,,,,,,,,,,,,,,,,2024-03
2024-03-08,3588,通嘉,半導體業,移出,離高點太遠,94.77,86.0,,16,,,,,,,,,,,,,,,,,,,,2024-03
2024-03-08,6530,創威,通信網路業,移出,離高點太遠,45.64,72.0,,16,,,,,,,,,,,,,,,,,,,,2024-03
2024-03-08,3390,旭軟,電子零組件業,移出,離高點太遠,28.36,91.0,,14,,,,,,,,,,,,,,,,,,,,2024-03
2024-03-08,1316,上曜,建材營造,移出,離高點太遠,21.86,95.0,,11,,,,,,,,,,,,,,,,,,,,2024-03
2024-03-08,6231,系微,資訊服務業,移出,離高點太遠,213.52,90.0,,8,,,,,,,,,,,,,,,,,,,,2024-03
2024-03-08,6535,順藥,生技醫療業,移出,離高點太遠,158.56,98.0,,8,,,,,,,,,,,,,,,,,,,,2024-03
2024-03-08,2230,泰茂,電機機械,移出,掉出掃描母體,146.03,73.0,,4,,,,,,,,,,,,,,,,,,,,2024-03
2024-03-08,3376,新日興,電子零組件業,移出,離高點太遠,183.55,96.0,,4,,,,,,,,,,,,,,,,,,,,2024-03
2024-03-08,4303,信立,塑膠工業,移出,離高點太遠,27.89,98.0,,4,,,,,,,,,,,,,,,,,,,,2024-03
2024-03-08,8147,正淩,電子零組件業,移出,離高點太遠,119.07,91.0,,3,,,,,,,,,,,,,,,,,,,,2024-03
2024-03-08,1815,富喬,電子零組件業,移出,掉出掃描母體,19.33,72.0,,2,,,,,,,,,,,,,,,,,,,,2024-03
2024-03-08,3548,兆利,電子零組件業,移出,突破失敗,239.36,96.0,,1,,,,,,,,,,,,,,,,,,,,2024-03
2024-03-11,3036,文曄,電子工業,移出,離高點太遠,144.77,93.0,,54,,,,,,,,,,,,,,,,,,,,2024-03
2024-03-11,6584,南俊國際,電子零組件業,移出,離高點太遠,185.37,98.0,,24,,,,,,,,,,,,,,,,,,,,2024-03
2024-03-11,5443,均豪,光電業,移出,離高點太遠,48.31,87.0,,21,,,,,,,,,,,,,,,,,,,,2024-03
2024-03-11,3312,弘憶股,電子工業,移出,離高點太遠,36.27,94.0,,17,,,,,,,,,,,,,,,,,,,,2024-03
2024-03-11,7402,邑錡,光電業,移出,離高點太遠,99.98,71.0,,11,,,,,,,,,,,,,,,,,,,,2024-03
2024-03-11,9939,宏全,其他,移出,掉出掃描母體,128.62,73.0,,4,,,,,,,,,,,,,,,,,,,,2024-03
2024-03-12,6176,瑞儀,光電業,進榜,準備,196.19,77.0,0.0,0,,-1.1,0.2,21.7,2.1,16.0,-0.4,14.0,0.0,197.8,0.8,-2.0,0.3,20.7,2.1,15.1,-0.5,13.0,0.1,2024-03
2024-03-12,3592,瑞鼎,電子工業,進榜,準備,419.48,76.0,3.0,0,,-6.3,0.2,-14.4,2.1,-30.7,-0.4,-19.0,0.0,425.5,1.4,-7.7,0.3,-15.6,2.1,-31.6,-0.5,-20.1,0.1,2024-03
2024-03-12,8112,至上,電子工業,進榜,準備,58.26,73.0,2.0,0,,22.4,0.2,21.6,2.1,7.0,-0.4,0.1,0.0,58.8,0.9,21.4,0.3,20.5,2.1,6.1,-0.5,-0.8,0.1,2024-03
2024-03-12,1582,信錦,電子工業,進榜,準備,80.94,71.0,2.0,0,,-5.1,0.2,18.8,2.1,16.0,-0.4,4.8,0.0,80.1,-1.1,-4.1,0.3,20.1,2.1,17.2,-0.5,5.9,0.1,2024-03
2024-03-12,4768,晶呈科技,化學工業,進榜,準備,196.69,71.0,2.0,0,,-0.2,0.2,5.4,2.1,-0.7,-0.4,-9.0,0.0,201.8,2.6,-2.7,0.3,2.7,2.1,-3.3,-0.5,-11.3,0.1,2024-03
2024-03-12,8040,九暘,半導體業,觸發,等待後觸發,88.6,94.0,2.0,5,67.0,-10.3,0.2,-2.9,2.1,-13.1,-0.4,-15.5,0.0,92.0,3.8,-13.6,0.3,-6.5,2.1,-16.3,-0.5,-18.6,0.1,2024-03
2024-03-12,2367,燿華,電子工業,移出,掉出掃描母體,24.89,77.0,,6,,,,,,,,,,,,,,,,,,,,2024-03
2024-03-13,6412,群電,電子工業,進榜,準備,157.66,81.0,3.0,0,,-0.6,1.2,-14.8,2.6,-27.6,0.3,-27.9,0.4,158.1,0.3,-0.8,1.2,-15.1,2.6,-27.8,0.4,-28.1,0.6,2024-03
2024-03-13,5483,中美晶,半導體業,進榜,準備,194.79,72.0,3.0,0,,-1.9,1.2,-2.6,2.6,-9.1,0.3,-25.8,0.4,196.6,0.9,-2.8,1.2,-3.4,2.6,-10.0,0.4,-26.5,0.6,2024-03
2024-03-13,1582,信錦,電子工業,移出,掉出掃描母體,80.94,71.0,,1,,,,,,,,,,,,,,,,,,,,2024-03
2024-03-13,4768,晶呈科技,化學工業,移出,掉出掃描母體,196.69,71.0,,1,,,,,,,,,,,,,,,,,,,,2024-03
2024-03-13,6715,嘉基,電子工業,移出,離高點太遠,172.87,77.0,,26,,,,,,,,,,,,,,,,,,,,2024-03
2024-03-14,3438,類比科,半導體業,進榜,觸發,87.51,77.0,6.0,0,,-19.4,0.5,-22.2,2.7,-20.5,0.9,-23.1,0.6,89.5,2.3,-21.2,0.6,-23.9,2.8,-22.2,1.1,-24.8,0.9,2024-03
2024-03-14,3438,類比科,半導體業,觸發,進榜即觸發,87.51,77.0,6.0,0,87.51,-19.4,0.5,-22.2,2.7,-20.5,0.9,-23.1,0.6,89.5,2.3,-21.2,0.6,-23.9,2.8,-22.2,1.1,-24.8,0.9,2024-03
2024-03-14,3413,京鼎,半導體業,進榜,準備,234.07,78.0,1.0,0,,16.0,0.5,18.6,2.7,35.9,0.9,26.1,0.6,233.2,-0.4,16.4,0.6,19.1,2.8,36.4,1.1,26.5,0.9,2024-03
2024-03-14,2636,台驊控股,航運業,進榜,準備,81.4,71.0,3.0,0,,-1.9,0.5,2.8,2.7,-10.8,0.9,-12.8,0.6,80.8,-0.7,-1.2,0.6,3.5,2.8,-10.2,1.1,-12.2,0.9,2024-03
2024-03-14,5483,中美晶,半導體業,移出,掉出掃描母體,194.79,72.0,,1,,,,,,,,,,,,,,,,,,,,2024-03
2024-03-14,3702,大聯大,電子工業,移出,掉出掃描母體,84.61,85.0,,160,,,,,,,,,,,,,,,,,,,,2024-03
2024-03-14,3402,漢科,其他電子類,移出,離高點太遠,76.53,86.0,,49,,,,,,,,,,,,,,,,,,,,2024-03
2024-03-14,2072,世紀風電,鋼鐵工業,移出,離高點太遠,372.4,94.0,,48,,,,,,,,,,,,,,,,,,,,2024-03
2024-03-14,6919,康霈*,生技醫療業,移出,掉出掃描母體,48.75,72.0,,42,,,,,,,,,,,,,,,,,,,,2024-03
2024-03-14,2476,鉅祥,電子零組件業,移出,掉出掃描母體,68.79,76.0,,28,,,,,,,,,,,,,,,,,,,,2024-03
2024-03-14,2059,川湖,電子工業,移出,離高點太遠,1198.6,81.0,,28,,,,,,,,,,,,,,,,,,,,2024-03
2024-03-14,3363,上詮,通信網路業,移出,離高點太遠,114.3,96.0,,27,,,,,,,,,,,,,,,,,,,,2024-03
2024-03-14,3450,聯鈞,其他電子業,移出,離高點太遠,69.0,80.0,,27,,,,,,,,,,,,,,,,,,,,2024-03
2024-03-14,8086,宏捷科,半導體業,移出,掉出掃描母體,148.3,74.0,,24,,,,,,,,,,,,,,,,,,,,2024-03
2024-03-14,3017,奇鋐,電子工業,移出,離高點太遠,541.01,92.0,,9,,,,,,,,,,,,,,,,,,,,2024-03
2024-03-14,4766,南寶,化學工業,移出,掉出掃描母體,258.98,74.0,,7,,,,,,,,,,,,,,,,,,,,2024-03
2024-03-14,2449,京元電子,半導體業,移出,突破失敗,93.04,71.0,,7,,,,,,,,,,,,,,,,,,,,2024-03
2024-03-15,4766,南寶,化學工業,進榜,觸發,275.38,80.0,3.0,0,,8.3,-0.7,12.2,3.7,-2.8,1.3,6.6,0.7,278.0,0.9,7.3,-0.8,11.2,3.6,-3.7,1.2,5.7,0.9,2024-03
2024-03-15,4766,南寶,化學工業,觸發,進榜即觸發,275.38,80.0,3.0,0,275.38,8.3,-0.7,12.2,3.7,-2.8,1.3,6.6,0.7,278.0,0.9,7.3,-0.8,11.2,3.6,-3.7,1.2,5.7,0.9,2024-03
2024-03-15,1808,潤隆,建材營造,進榜,準備,52.97,71.0,1.0,0,,-12.2,-0.7,-6.3,3.7,5.5,1.3,-22.8,0.7,54.1,2.1,-14.0,-0.8,-8.3,3.6,3.3,1.2,-24.4,0.9,2024-03
2024-03-15,2809,京城銀,金融保險,進榜,準備,46.41,70.0,1.0,0,,12.1,-0.7,28.6,3.7,14.6,1.3,4.9,0.7,47.0,1.2,10.8,-0.8,27.0,3.6,13.2,1.2,3.7,0.9,2024-03
2024-03-15,2636,台驊控股,航運業,移出,掉出掃描母體,81.4,71.0,,1,,,,,,,,,,,,,,,,,,,,2024-03
2024-03-15,2543,皇昌,建材營造,移出,離高點太遠,23.3,100.0,,24,,,,,,,,,,,,,,,,,,,,2024-03
2024-03-15,2417,圓剛,電子工業,移出,離高點太遠,45.92,92.0,,15,,,,,,,,,,,,,,,,,,,,2024-03
2024-03-15,8011,台通,通信網路業,移出,離高點太遠,25.22,86.0,,11,,,,,,,,,,,,,,,,,,,,2024-03
2024-03-15,2404,漢唐,其他電子業,移出,離高點太遠,301.06,84.0,,9,,,,,,,,,,,,,,,,,,,,2024-03
2024-03-15,3034,聯詠,半導體業,移出,掉出掃描母體,494.95,71.0,,8,,,,,,,,,,,,,,,,,,,,2024-03
2024-03-15,6121,新普,電腦及週邊設備業,移出,離高點太遠,407.87,78.0,,8,,,,,,,,,,,,,,,,,,,,2024-03
2024-03-15,3438,類比科,半導體業,移出,掉出掃描母體,87.51,77.0,,1,,,,,,,,,,,,,,,,,,,,2024-03
2024-03-18,8467,波力-KY,其他,進榜,觸發,194.51,97.0,6.0,0,,-7.3,-0.1,-14.1,3.6,19.5,0.2,42.1,0.0,192.1,-1.2,-6.2,0.0,-13.1,3.5,20.9,0.4,43.8,0.1,2024-03
2024-03-18,8467,波力-KY,其他,觸發,進榜即觸發,194.51,97.0,6.0,0,194.51,-7.3,-0.1,-14.1,3.6,19.5,0.2,42.1,0.0,192.1,-1.2,-6.2,0.0,-13.1,3.5,20.9,0.4,43.8,0.1,2024-03
2024-03-18,1524,耿鼎,汽車工業,進榜,準備,32.06,81.0,3.0,0,,-5.0,-0.1,-2.9,3.6,-10.3,0.2,9.8,0.0,32.1,0.1,-5.1,0.0,-3.1,3.5,-10.4,0.4,9.6,0.1,2024-03
2024-03-18,2385,群光,電子工業,觸發,等待後觸發,215.37,94.0,1.0,26,157.06,-19.0,-0.1,-23.9,3.6,-34.3,0.2,-38.0,0.0,216.6,0.6,-19.4,0.0,-24.4,3.5,-34.7,0.4,-38.4,0.1,2024-03
2024-03-18,3563,牧德,光電業,觸發,等待後觸發,296.95,88.0,2.0,53,232.7,24.6,-0.1,20.9,3.6,-4.8,0.2,27.6,0.0,295.6,-0.4,25.1,0.0,21.4,3.5,-4.4,0.4,28.2,0.1,2024-03
2024-03-18,1808,潤隆,建材營造,移出,掉出掃描母體,52.97,71.0,,3,,,,,,,,,,,,,,,,,,,,2024-03
2024-03-18,2809,京城銀,金融保險,移出,掉出掃描母體,46.41,70.0,,3,,,,,,,,,,,,,,,,,,,,2024-03
2024-03-18,2603,長榮,航運業,移出,離高點太遠,125.85,83.0,,101,,,,,,,,,,,,,,,,,,,,2024-03
2024-03-18,8112,至上,電子工業,移出,掉出掃描母體,57.01,73.0,,6,,,,,,,,,,,,,,,,,,,,2024-03
2024-03-19,6605,帝寶,汽車工業,進榜,觸發,172.78,84.0,5.0,0,,3.6,0.0,18.9,3.8,37.6,0.0,18.4,0.0,181.6,5.1,-1.5,0.0,13.1,3.8,30.9,0.0,12.6,0.1,2024-03
2024-03-19,6605,帝寶,汽車工業,觸發,進榜即觸發,172.78,84.0,5.0,0,172.78,3.6,0.0,18.9,3.8,37.6,0.0,18.4,0.0,181.6,5.1,-1.5,0.0,13.1,3.8,30.9,0.0,12.6,0.1,2024-03
2024-03-19,2809,京城銀,金融保險,進榜,觸發,48.32,72.0,1.0,0,,12.5,0.0,25.5,3.8,8.4,0.0,1.4,0.0,48.3,0.0,12.5,0.0,25.5,3.8,8.4,0.0,1.4,0.1,2024-03
2024-03-19,2809,京城銀,金融保險,觸發,進榜即觸發,48.32,72.0,1.0,0,48.32,12.5,0.0,25.5,3.8,8.4,0.0,1.4,0.0,48.3,0.0,12.5,0.0,25.5,3.8,8.4,0.0,1.4,0.1,2024-03
2024-03-19,2404,漢唐,其他電子業,進榜,準備,363.91,90.0,3.0,0,,1.0,0.0,-13.0,3.8,-13.0,0.0,14.7,0.0,378.0,3.9,-2.8,0.0,-16.3,3.8,-16.2,0.0,10.4,0.1,2024-03
2024-03-19,5483,中美晶,半導體業,進榜,準備,204.28,75.0,3.0,0,,-11.7,0.0,-6.0,3.8,-18.1,0.0,-31.0,0.0,207.9,1.8,-13.3,0.0,-7.6,3.8,-19.5,0.0,-32.2,0.1,2024-03
2024-03-19,4768,晶呈科技,化學工業,進榜,準備,202.22,73.0,2.0,0,,22.9,0.0,-1.5,3.8,-6.4,0.0,-17.8,0.0,200.5,-0.8,23.9,0.0,-0.6,3.8,-5.6,0.0,-17.1,0.1,2024-03
2024-03-19,8112,至上,電子工業,進榜,準備,60.36,71.0,2.0,0,,15.4,0.0,17.9,3.8,-4.7,0.0,-8.2,0.0,60.1,-0.4,15.9,0.0,18.4,3.8,-4.3,0.0,-7.8,0.1,2024-03
2024-03-19,4766,南寶,化學工業,移出,掉出掃描母體,287.9,80.0,,4,,,,,,,,,,,,,,,,,,,,2024-03
2024-03-19,8467,波力-KY,其他,移出,突破失敗,175.11,94.0,,1,,,,,,,,,,,,,,,,,,,,2024-03
2024-03-20,3706,神達,電子工業,進榜,觸發,47.13,75.0,2.0,0,,-16.6,-1.1,-12.7,3.9,-13.8,1.0,59.4,0.0,48.4,2.6,-18.7,-1.4,-15.0,3.5,-16.0,0.7,55.4,0.0,2024-03
2024-03-20,3706,神達,電子工業,觸發,進榜即觸發,47.13,75.0,2.0,0,47.13,-16.6,-1.1,-12.7,3.9,-13.8,1.0,59.4,0.0,48.4,2.6,-18.7,-1.4,-15.0,3.5,-16.0,0.7,55.4,0.0,2024-03
2024-03-20,6219,富旺,建材營造,進榜,準備,33.11,86.0,3.0,0,,13.5,-1.1,15.0,3.9,23.5,1.0,15.9,0.0,33.0,-0.4,14.0,-1.4,15.5,3.5,24.1,0.7,16.4,0.0,2024-03
2024-03-20,8163,達方,電子工業,進榜,準備,55.0,72.0,1.0,0,,-3.2,-1.1,10.9,3.9,-15.2,1.0,-22.4,0.0,55.3,0.5,-3.7,-1.4,10.4,3.5,-15.6,0.7,-22.8,0.0,2024-03
2024-03-20,1785,光洋科,其他電子類,進榜,準備,46.15,71.0,3.0,0,,-6.7,-1.1,14.2,3.9,23.8,1.0,36.7,0.0,46.8,1.5,-8.1,-1.4,12.5,3.5,21.9,0.7,34.7,0.0,2024-03
2024-03-20,8112,至上,電子工業,移出,掉出掃描母體,60.36,71.0,,1,,,,,,,,,,,,,,,,,,,,2024-03
2024-03-20,8299,群聯,半導體業,移出,掉出掃描母體,563.76,71.0,,27,,,,,,,,,,,,,,,,,,,,2024-03
2024-03-20,3081,聯亞,通信網路業,移出,掉出掃描母體,134.14,77.0,,19,,,,,,,,,,,,,,,,,,,,2024-03
2024-03-21,2359,所羅門,其他電子業,進榜,觸發,52.85,80.0,4.0,0,,51.5,-1.7,189.7,3.2,177.8,1.0,182.5,-0.8,58.1,10.0,37.8,-1.8,163.4,3.2,152.6,1.1,156.9,-0.8,2024-03
2024-03-21,2359,所羅門,其他電子業,觸發,進榜即觸發,52.85,80.0,4.0,0,52.85,51.5,-1.7,189.7,3.2,177.8,1.0,182.5,-0.8,58.1,10.0,37.8,-1.8,163.4,3.2,152.6,1.1,156.9,-0.8,2024-03
2024-03-21,4770,上品,化學工業,進榜,準備,387.64,78.0,1.0,0,,-2.8,-1.7,-6.8,3.2,-13.8,1.0,-25.3,-0.8,391.3,0.9,-3.7,-1.8,-7.7,3.2,-14.6,1.1,-26.0,-0.8,2024-03
2024-03-21,8112,至上,電子工業,進榜,準備,64.46,73.0,2.0,0,,4.9,-1.7,9.7,3.2,-10.5,1.0,-15.6,-0.8,64.5,0.0,4.9,-1.8,9.7,3.2,-10.5,1.1,-15.6,-0.8,2024-03
2024-03-21,1785,光洋科,其他電子類,移出,掉出掃描母體,46.15,71.0,,1,,,,,,,,,,,,,,,,,,,,2024-03
2024-03-21,6197,佳必琪,電子零組件業,移出,離高點太遠,92.06,72.0,,16,,,,,,,,,,,,,,,,,,,,2024-03
2024-03-21,1524,耿鼎,汽車工業,移出,掉出掃描母體,31.63,75.0,,3,,,,,,,,,,,,,,,,,,,,2024-03
2024-03-21,4768,晶呈科技,化學工業,移出,掉出掃描母體,194.99,72.0,,2,,,,,,,,,,,,,,,,,,,,2024-03
2024-03-22,6139,亞翔,電子工業,進榜,觸發,192.31,94.0,4.0,0,,42.4,-1.2,8.4,3.9,4.6,1.4,3.4,-2.3,194.6,1.2,40.7,-1.3,7.1,3.7,3.4,1.4,2.1,-2.6,2024-03
2024-03-22,6139,亞翔,電子工業,觸發,進榜即觸發,192.31,94.0,4.0,0,192.31,42.4,-1.2,8.4,3.9,4.6,1.4,3.4,-2.3,194.6,1.2,40.7,-1.3,7.1,3.7,3.4,1.4,2.1,-2.6,2024-03
2024-03-22,3708,上緯投控,化學工業,進榜,觸發,111.72,76.0,5.0,0,,12.2,-1.2,11.0,3.9,-4.0,1.4,-25.3,-2.3,117.0,4.7,7.1,-1.3,6.0,3.7,-8.3,1.4,-28.7,-2.6,2024-03
2024-03-22,3708,上緯投控,化學工業,觸發,進榜即觸發,111.72,76.0,5.0,0,111.72,12.2,-1.2,11.0,3.9,-4.0,1.4,-25.3,-2.3,117.0,4.7,7.1,-1.3,6.0,3.7,-8.3,1.4,-28.7,-2.6,2024-03
2024-03-22,4771,望隼,化學生技醫療,進榜,準備,351.31,88.0,2.0,0,,-22.1,-1.2,-21.7,3.9,-42.8,1.4,-55.3,-2.3,349.0,-0.7,-21.6,-1.3,-21.2,3.7,-42.4,1.4,-55.0,-2.6,2024-03
2024-03-22,3592,瑞鼎,電子工業,移出,掉出掃描母體,424.2,72.0,,10,,,,,,,,,,,,,,,,,,,,2024-03
2024-03-22,8112,至上,電子工業,移出,掉出掃描母體,64.46,73.0,,1,,,,,,,,,,,,,,,,,,,,2024-03
2024-03-22,2404,漢唐,其他電子業,移出,離高點太遠,334.46,85.0,,3,,,,,,,,,,,,,,,,,,,,2024-03
2024-03-25,6274,台燿,電子零組件業,進榜,觸發,170.34,85.0,6.0,0,,-2.6,-0.9,-9.2,3.5,-3.1,0.7,-0.6,-2.5,170.3,0.0,-2.6,-0.9,-9.2,3.4,-3.1,0.7,-0.6,-2.5,2024-03
2024-03-25,6274,台燿,電子零組件業,觸發,進榜即觸發,170.34,85.0,6.0,0,170.34,-2.6,-0.9,-9.2,3.5,-3.1,0.7,-0.6,-2.5,170.3,0.0,-2.6,-0.9,-9.2,3.4,-3.1,0.7,-0.6,-2.5,2024-03
2024-03-25,1513,中興電,電機機械,進榜,準備,170.31,89.0,3.0,0,,5.1,-0.9,1.6,3.5,-7.7,0.7,-17.3,-2.5,172.2,1.1,4.0,-0.9,0.5,3.4,-8.7,0.7,-18.2,-2.5,2024-03
2024-03-25,6668,中揚光,光電業,進榜,準備,65.2,87.0,3.0,0,,13.3,-0.9,-2.6,3.5,-25.2,0.7,-25.8,-2.5,66.5,2.0,11.1,-0.9,-4.5,3.4,-26.6,0.7,-27.2,-2.5,2024-03
2024-03-25,6416,瑞祺電通,通信網路業,進榜,準備,115.03,80.0,3.0,0,,-11.2,-0.9,3.6,3.5,26.3,0.7,-12.1,-2.5,114.1,-0.8,-10.5,-0.9,4.4,3.4,27.3,0.7,-11.4,-2.5,2024-03
2024-03-25,2367,燿華,電子工業,進榜,準備,26.48,79.0,1.0,0,,-3.6,-0.9,29.9,3.5,20.1,0.7,17.1,-2.5,26.2,-0.9,-2.7,-0.9,31.1,3.4,21.2,0.7,18.2,-2.5,2024-03
2024-03-25,3583,辛耘,半導體業,進榜,準備,288.69,76.0,3.0,0,,10.1,-0.9,20.1,3.5,44.5,0.7,42.8,-2.5,290.1,0.5,9.5,-0.9,19.5,3.4,43.8,0.7,42.1,-2.5,2024-03
2024-03-25,1808,潤隆,建材營造,進榜,準備,57.89,74.0,1.0,0,,-13.5,-0.9,-12.0,3.5,1.5,0.7,-34.9,-2.5,57.7,-0.4,-13.2,-0.9,-11.6,3.4,1.9,0.7,-34.7,-2.5,2024-03
2024-03-25,8163,達方,電子工業,移出,掉出掃描母體,56.67,72.0,,5,,,,,,,,,,,,,,,,,,,,2024-03
2024-03-25,2385,群光,電子工業,移出,離高點太遠,189.83,88.0,,33,,,,,,,,,,,,,,,,,,,,2024-03
2024-03-25,6176,瑞儀,光電業,移出,掉出掃描母體,194.53,73.0,,13,,,,,,,,,,,,,,,,,,,,2024-03
2024-03-25,5483,中美晶,半導體業,移出,掉出掃描母體,202.47,71.0,,6,,,,,,,,,,,,,,,,,,,,2024-03
2024-03-26,3228,金麗科,半導體業,進榜,準備,560.0,100.0,1.0,0,,-40.1,-0.3,-29.5,4.0,-55.4,2.2,-63.3,-1.3,554.0,-1.1,-39.4,-0.4,-28.7,3.9,-54.9,2.2,-62.9,-1.5,2024-03
2024-03-26,9939,宏全,其他,進榜,準備,129.94,72.0,0.0,0,,7.5,-0.3,11.9,4.0,12.0,2.2,2.0,-1.3,129.9,0.0,7.5,-0.4,11.9,3.9,12.0,2.2,2.0,-1.5,2024-03
2024-03-26,6691,洋基工程,其他電子業,移出,掉出掃描母體,230.0,72.0,,26,,,,,,,,,,,,,,,,,,,,2024-03
2024-03-27,2548,華固,建材營造,進榜,觸發,88.54,74.0,0.0,0,,27.4,-0.7,30.9,3.6,20.4,1.6,9.1,-2.3,89.2,0.8,26.4,-0.7,29.9,3.6,19.5,1.6,8.2,-2.5,2024-03
2024-03-27,2548,華固,建材營造,觸發,進榜即觸發,88.54,74.0,0.0,0,88.54,27.4,-0.7,30.9,3.6,20.4,1.6,9.1,-2.3,89.2,0.8,26.4,-0.7,29.9,3.6,19.5,1.6,8.2,-2.5,2024-03
2024-03-27,1773,勝一,化學生技醫療,進榜,準備,151.5,81.0,3.0,0,,-7.5,-0.7,-18.3,3.6,-4.3,1.6,-15.4,-2.3,149.9,-1.0,-6.5,-0.7,-17.5,3.6,-3.3,1.6,-14.5,-2.5,2024-03
2024-03-27,6805,富世達,電子工業,移出,離高點太遠,766.9,98.0,,78,,,,,,,,,,,,,,,,,,,,2024-03
2024-03-27,2313,華通,電子工業,移出,掉出掃描母體,70.18,72.0,,51,,,,,,,,,,,,,,,,,,,,2024-03
2024-03-28,6197,佳必琪,電子零組件業,進榜,觸發,115.88,89.0,3.0,0,,15.0,0.0,55.3,3.7,35.8,1.8,20.9,-2.7,127.3,9.9,4.7,-0.0,41.4,3.6,23.6,1.6,10.0,-2.9,2024-03
2024-03-28,6197,佳必琪,電子零組件業,觸發,進榜即觸發,115.88,89.0,3.0,0,115.88,15.0,0.0,55.3,3.7,35.8,1.8,20.9,-2.7,127.3,9.9,4.7,-0.0,41.4,3.6,23.6,1.6,10.0,-2.9,2024-03
2024-03-28,7402,邑錡,光電業,進榜,觸發,118.25,84.0,4.0,0,,-7.7,0.0,-11.4,3.7,-30.7,1.8,-42.7,-2.7,120.2,1.6,-9.2,-0.0,-12.8,3.6,-31.8,1.6,-43.6,-2.9,2024-03
2024-03-28,7402,邑錡,光電業,觸發,進榜即觸發,118.25,84.0,4.0,0,118.25,-7.7,0.0,-11.4,3.7,-30.7,1.8,-42.7,-2.7,120.2,1.6,-9.2,-0.0,-12.8,3.6,-31.8,1.6,-43.6,-2.9,2024-03
2024-03-28,6691,洋基工程,其他電子業,進榜,準備,231.49,74.0,2.0,0,,-1.3,0.0,14.9,3.7,2.7,1.8,27.9,-2.7,233.9,1.0,-2.3,-0.0,13.7,3.6,1.7,1.6,26.6,-2.9,2024-03
2024-03-28,2382,廣達,電子工業,進榜,準備,248.2,71.0,2.0,0,,-3.6,0.0,14.1,3.7,-5.2,1.8,2.3,-2.7,247.3,-0.4,-3.2,-0.0,14.6,3.6,-4.9,1.6,2.7,-2.9,2024-03
2024-03-28,1524,耿鼎,汽車工業,進榜,準備,31.76,70.0,3.0,0,,-3.0,0.0,0.1,3.7,1.4,1.8,11.2,-2.7,32.0,0.7,-3.6,-0.0,-0.6,3.6,0.7,1.6,10.5,-2.9,2024-03
2024-03-28,1519,華城,電機機械,移出,離高點太遠,485.73,97.0,,58,,,,,,,,,,,,,,,,,,,,2024-03
2024-03-28,2379,瑞昱,半導體業,移出,掉出掃描母體,529.35,71.0,,35,,,,,,,,,,,,,,,,,,,,2024-03
2024-03-28,8040,九暘,半導體業,移出,離高點太遠,81.2,91.0,,21,,,,,,,,,,,,,,,,,,,,2024-03
2024-03-28,6668,中揚光,光電業,移出,晚期未觸發,63.5,86.0,,3,,,,,,,,,,,,,,,,,,,,2024-03
2024-03-29,6425,易發,電機機械,進榜,準備,67.97,100.0,3.0,0,,28.6,0.0,-5.9,3.7,-5.9,1.7,10.4,-1.9,69.5,2.2,25.8,0.0,-7.9,3.5,-7.9,1.8,8.1,-2.1,2024-03
2024-03-29,3551,世禾,其他電子類,進榜,準備,117.16,88.0,2.0,0,,-16.7,0.0,-16.3,3.7,-19.8,1.7,1.8,-1.9,115.3,-1.6,-15.4,0.0,-15.0,3.5,-18.5,1.8,3.4,-2.1,2024-03
2024-03-29,3005,神基,電子工業,移出,離高點太遠,114.68,82.0,,38,,,,,,,,,,,,,,,,,,,,2024-03
2024-03-29,6412,群電,電子工業,移出,晚期未觸發,149.76,77.0,,16,,,,,,,,,,,,,,,,,,,,2024-03
2024-03-29,2367,燿華,電子工業,移出,掉出掃描母體,25.61,75.0,,4,,,,,,,,,,,,,,,,,,,,2024-03
2024-03-29,1808,潤隆,建材營造,移出,掉出掃描母體,56.77,73.0,,4,,,,,,,,,,,,,,,,,,,,2024-03
2024-04-01,1522,堤維西,汽車工業,進榜,觸發,51.76,76.0,5.0,0,,-13.0,-0.2,20.5,3.6,11.9,1.7,8.4,-2.7,52.5,1.5,-14.3,-0.2,18.7,3.5,10.2,1.8,6.8,-2.9,2024-04
2024-04-01,1522,堤維西,汽車工業,觸發,進榜即觸發,51.76,76.0,5.0,0,51.76,-13.0,-0.2,20.5,3.6,11.9,1.7,8.4,-2.7,52.5,1.5,-14.3,-0.2,18.7,3.5,10.2,1.8,6.8,-2.9,2024-04
2024-04-01,3178,公準,電機機械,進榜,觸發,126.15,76.0,5.0,0,,-7.7,-0.2,-16.9,3.6,-34.3,1.7,-51.0,-2.7,124.7,-1.1,-6.6,-0.2,-15.9,3.5,-33.5,1.8,-50.4,-2.9,2024-04
2024-04-01,3178,公準,電機機械,觸發,進榜即觸發,126.15,76.0,5.0,0,126.15,-7.7,-0.2,-16.9,3.6,-34.3,1.7,-51.0,-2.7,124.7,-1.1,-6.6,-0.2,-15.9,3.5,-33.5,1.8,-50.4,-2.9,2024-04
2024-04-01,6189,豐藝,電子工業,進榜,準備,69.83,91.0,2.0,0,,-7.5,-0.2,-1.5,3.6,-12.2,1.7,-13.5,-2.7,69.8,-0.1,-7.4,-0.2,-1.3,3.5,-12.1,1.8,-13.4,-2.9,2024-04
2024-04-01,2382,廣達,電子工業,移出,掉出掃描母體,260.17,75.0,,4,,,,,,,,,,,,,,,,,,,,2024-04
2024-04-01,3706,神達,電子工業,移出,掉出掃描母體,46.35,73.0,,12,,,,,,,,,,,,,,,,,,,,2024-04
2024-04-02,6207,雷科,電子零組件業,進榜,觸發,45.29,81.0,4.0,0,,42.4,-0.4,63.0,3.9,58.8,1.4,22.5,-2.3,44.8,-1.1,43.9,-0.3,64.8,4.1,60.4,1.6,23.8,-2.2,2024-04
2024-04-02,6207,雷科,電子零組件業,觸發,進榜即觸發,45.29,81.0,4.0,0,45.29,42.4,-0.4,63.0,3.9,58.8,1.4,22.5,-2.3,44.8,-1.1,43.9,-0.3,64.8,4.1,60.4,1.6,23.8,-2.2,2024-04
2024-04-02,6213,聯茂,電子工業,進榜,觸發,112.65,77.0,5.0,0,,-8.9,-0.4,0.9,3.9,-36.3,1.4,-32.5,-2.3,111.7,-0.9,-8.2,-0.3,1.7,4.1,-35.7,1.6,-31.9,-2.2,2024-04
2024-04-02,6213,聯茂,電子工業,觸發,進榜即觸發,112.65,77.0,5.0,0,112.65,-8.9,-0.4,0.9,3.9,-36.3,1.4,-32.5,-2.3,111.7,-0.9,-8.2,-0.3,1.7,4.1,-35.7,1.6,-31.9,-2.2,2024-04
2024-04-02,2515,中工,建材營造,進榜,觸發,13.95,75.0,4.0,0,,9.4,-0.4,-6.3,3.9,-21.6,1.4,-29.1,-2.3,13.9,-0.3,9.7,-0.3,-6.0,4.1,-21.4,1.6,-28.9,-2.2,2024-04
2024-04-02,2515,中工,建材營造,觸發,進榜即觸發,13.95,75.0,4.0,0,13.95,9.4,-0.4,-6.3,3.9,-21.6,1.4,-29.1,-2.3,13.9,-0.3,9.7,-0.3,-6.0,4.1,-21.4,1.6,-28.9,-2.2,2024-04
2024-04-02,3010,華立,電子工業,進榜,觸發,114.5,73.0,1.0,0,,-0.4,-0.4,9.6,3.9,2.3,1.4,0.7,-2.3,114.1,-0.4,0.0,-0.3,10.0,4.1,2.7,1.6,1.1,-2.2,2024-04
2024-04-02,3010,華立,電子工業,觸發,進榜即觸發,114.5,73.0,1.0,0,114.5,-0.4,-0.4,9.6,3.9,2.3,1.4,0.7,-2.3,114.1,-0.4,0.0,-0.3,10.0,4.1,2.7,1.6,1.1,-2.2,2024-04
2024-04-02,3234,光環,通信網路業,進榜,準備,38.59,84.0,3.0,0,,17.8,-0.4,14.8,3.9,-1.2,1.4,15.9,-2.3,38.2,-1.0,19.0,-0.3,16.0,4.1,-0.2,1.6,17.1,-2.2,2024-04
2024-04-02,8027,鈦昇,電機機械,進榜,準備,98.1,81.0,3.0,0,,-6.7,-0.4,29.5,3.9,13.7,1.4,-9.2,-2.3,97.6,-0.5,-6.2,-0.3,30.1,4.1,14.2,1.6,-8.7,-2.2,2024-04
2024-04-02,2382,廣達,電子工業,進榜,準備,264.16,72.0,2.0,0,,-11.1,-0.4,6.9,3.9,-4.5,1.4,1.2,-2.3,261.1,-1.2,-10.1,-0.3,8.2,4.1,-3.4,1.6,2.4,-2.2,2024-04
2024-04-02,5434,崇越,電子工業,進榜,準備,212.25,71.0,2.0,0,,5.7,-0.4,22.5,3.9,26.2,1.4,27.9,-2.3,210.0,-1.1,6.9,-0.3,23.8,4.1,27.5,1.6,29.3,-2.2,2024-04
2024-04-02,3583,辛耘,半導體業,觸發,等待後觸發,335.6,89.0,3.0,8,292.08,-1.3,-0.4,13.2,3.9,30.4,1.4,17.5,-2.3,334.6,-0.3,-1.0,-0.3,13.6,4.1,30.8,1.6,17.8,-2.2,2024-04
2024-04-02,9939,宏全,其他,移出,掉出掃描母體,129.06,70.0,,7,,,,,,,,,,,,,,,,,,,,2024-04
2024-04-03,6668,中揚光,光電業,進榜,觸發,77.3,93.0,4.0,0,,-3.8,0.0,-22.3,4.1,-36.7,2.3,-28.8,-1.5,77.9,0.8,-4.5,0.0,-22.8,4.0,-37.2,2.1,-29.4,-1.7,2024-04
2024-04-03,6668,中揚光,光電業,觸發,進榜即觸發,77.3,93.0,4.0,0,77.3,-3.8,0.0,-22.3,4.1,-36.7,2.3,-28.8,-1.5,77.9,0.8,-4.5,0.0,-22.8,4.0,-37.2,2.1,-29.4,-1.7,2024-04
2024-04-03,6227,茂綸,電子通路業,進榜,準備,66.44,91.0,2.0,0,,-14.9,0.0,7.4,4.1,-1.9,2.3,15.5,-1.5,71.1,7.0,-20.5,0.0,0.4,4.0,-8.3,2.1,7.9,-1.7,2024-04
2024-04-03,3402,漢科,其他電子類,進榜,準備,85.17,90.0,2.0,0,,6.7,0.0,15.4,4.1,12.2,2.3,10.0,-1.5,85.6,0.5,6.1,0.0,14.8,4.0,11.6,2.1,9.5,-1.7,2024-04
2024-04-03,8163,達方,電子工業,進榜,準備,56.06,72.0,1.0,0,,6.6,0.0,8.6,4.1,-16.1,2.3,-26.0,-1.5,56.3,0.5,6.1,0.0,8.1,4.0,-16.5,2.1,-26.3,-1.7,2024-04
2024-04-03,5434,崇越,電子工業,觸發,等待後觸發,214.95,73.0,2.0,1,213.15,5.0,0.0,19.2,4.1,24.8,2.3,25.9,-1.5,220.3,2.5,2.4,0.0,16.3,4.0,21.8,2.1,22.8,-1.7,2024-04
2024-04-03,2382,廣達,電子工業,移出,掉出掃描母體,264.16,72.0,,1,,,,,,,,,,,,,,,,,,,,2024-04
2024-04-03,3708,上緯投控,化學工業,移出,掉出掃描母體,113.48,74.0,,12,,,,,,,,,,,,,,,,,,,,2024-04
2024-04-08,6535,順藥,生技醫療業,進榜,觸發,214.9,99.0,4.0,0,,-12.5,0.0,11.6,4.0,54.0,1.6,-3.4,-2.2,223.4,3.9,-15.8,-0.1,7.4,3.9,48.2,1.3,-7.1,-2.4,2024-04
2024-04-08,6535,順藥,生技醫療業,觸發,進榜即觸發,214.9,99.0,4.0,0,214.9,-12.5,0.0,11.6,4.0,54.0,1.6,-3.4,-2.2,223.4,3.9,-15.8,-0.1,7.4,3.9,48.2,1.3,-7.1,-2.4,2024-04
2024-04-08,8096,擎亞,電子通路業,進榜,觸發,29.59,97.0,3.0,0,,19.9,0.0,37.2,4.0,52.4,1.6,27.4,-2.2,31.4,6.2,12.9,-0.1,29.2,3.9,43.6,1.3,20.0,-2.4,2024-04
2024-04-08,8096,擎亞,電子通路業,觸發,進榜即觸發,29.59,97.0,3.0,0,29.59,19.9,0.0,37.2,4.0,52.4,1.6,27.4,-2.2,31.4,6.2,12.9,-0.1,29.2,3.9,43.6,1.3,20.0,-2.4,2024-04
2024-04-08,6117,迎廣,電子工業,進榜,觸發,93.2,96.0,6.0,0,,-12.8,0.0,23.6,4.0,0.7,1.6,-5.9,-2.2,93.1,-0.1,-12.7,-0.1,23.7,3.9,0.8,1.3,-5.8,-2.4,2024-04
2024-04-08,6117,迎廣,電子工業,觸發,進榜即觸發,93.2,96.0,6.0,0,93.2,-12.8,0.0,23.6,4.0,0.7,1.6,-5.9,-2.2,93.1,-0.1,-12.7,-0.1,23.7,3.9,0.8,1.3,-5.8,-2.4,2024-04
2024-04-08,3013,晟銘電,電子工業,進榜,觸發,69.34,82.0,6.0,0,,7.0,0.0,29.1,4.0,93.0,1.6,101.5,-2.2,73.2,5.6,1.3,-0.1,22.3,3.9,82.8,1.3,90.9,-2.4,2024-04
2024-04-08,3013,晟銘電,電子工業,觸發,進榜即觸發,69.34,82.0,6.0,0,69.34,7.0,0.0,29.1,4.0,93.0,1.6,101.5,-2.2,73.2,5.6,1.3,-0.1,22.3,3.9,82.8,1.3,90.9,-2.4,2024-04
2024-04-08,4749,新應材,光電業,進榜,準備,657.36,94.0,3.0,0,,-8.6,0.0,-12.7,4.0,-3.4,1.6,-0.7,-2.2,655.9,-0.2,-8.4,-0.1,-12.5,3.9,-3.2,1.3,-0.5,-2.4,2024-04
2024-04-08,6005,群益證,金融保險,進榜,準備,16.53,75.0,2.0,0,,20.0,0.0,18.4,4.0,6.6,1.6,26.3,-2.2,16.2,-2.1,22.6,-0.1,21.0,3.9,8.9,1.3,29.0,-2.4,2024-04
2024-04-08,2313,華通,電子工業,進榜,準備,77.21,72.0,3.0,0,,-6.2,0.0,-2.8,4.0,-16.5,1.6,-13.8,-2.2,77.2,0.0,-6.2,-0.1,-2.8,3.9,-16.5,1.3,-13.8,-2.4,2024-04
2024-04-08,8112,至上,電子工業,進榜,準備,65.71,72.0,2.0,0,,23.1,0.0,5.9,4.0,-11.7,1.6,-18.9,-2.2,72.2,9.8,12.1,-0.1,-3.6,3.9,-19.6,1.3,-26.2,-2.4,2024-04
2024-04-08,6227,茂綸,電子通路業,觸發,等待後觸發,73.05,93.0,2.0,5,66.44,-26.0,0.0,0.5,4.0,-12.2,1.6,3.9,-2.2,75.1,2.8,-28.1,-0.1,-2.3,3.9,-14.6,1.3,1.0,-2.4,2024-04
2024-04-08,1524,耿鼎,汽車工業,移出,掉出掃描母體,32.66,72.0,,11,,,,,,,,,,,,,,,,,,,,2024-04
2024-04-08,3178,公準,電機機械,移出,掉出掃描母體,127.6,77.0,,7,,,,,,,,,,,,,,,,,,,,2024-04
2024-04-08,6213,聯茂,電子工業,移出,掉出掃描母體,111.69,73.0,,6,,,,,,,,,,,,,,,,,,,,2024-04
2024-04-09,2009,第一銅,鋼鐵工業,進榜,觸發,48.49,86.0,4.0,0,,-6.9,-0.3,4.3,4.2,-9.2,1.2,-24.8,-2.6,49.8,2.7,-9.4,-0.5,1.6,4.0,-11.6,1.1,-26.8,-2.9,2024-04
2024-04-09,2009,第一銅,鋼鐵工業,觸發,進榜即觸發,48.49,86.0,4.0,0,48.49,-6.9,-0.3,4.3,4.2,-9.2,1.2,-24.8,-2.6,49.8,2.7,-9.4,-0.5,1.6,4.0,-11.6,1.1,-26.8,-2.9,2024-04
2024-04-09,1608,華榮,電器電纜,進榜,準備,31.94,88.0,2.0,0,,0.3,-0.3,6.7,4.2,-6.5,1.2,-26.4,-2.6,32.6,1.9,-1.6,-0.5,4.7,4.0,-8.3,1.1,-27.8,-2.9,2024-04
2024-04-09,5521,工信,建材營造,進榜,準備,14.14,82.0,3.0,0,,-3.1,-0.3,-12.2,4.2,-15.3,1.2,-26.1,-2.6,14.2,0.7,-3.8,-0.5,-12.8,4.0,-15.9,1.1,-26.6,-2.9,2024-04
2024-04-09,2464,盟立,其他電子業,進榜,準備,52.49,77.0,2.0,0,,-9.2,-0.3,54.7,4.2,52.8,1.2,55.3,-2.6,54.4,3.5,-12.3,-0.5,49.4,4.0,47.6,1.1,50.0,-2.9,2024-04
2024-04-09,2476,鉅祥,電子零組件業,進榜,準備,71.72,75.0,3.0,0,,-2.3,-0.3,39.8,4.2,18.9,1.2,11.9,-2.6,73.5,2.4,-4.6,-0.5,36.5,4.0,16.1,1.1,9.2,-2.9,2024-04
2024-04-09,6425,易發,電機機械,觸發,等待後觸發,81.13,100.0,3.0,11,70.04,7.6,-0.3,-17.9,4.2,-12.5,1.2,-7.6,-2.6,82.3,1.4,6.2,-0.5,-19.0,4.0,-13.7,1.1,-8.9,-2.9,2024-04
2024-04-09,3010,華立,電子工業,移出,掉出掃描母體,113.63,71.0,,7,,,,,,,,,,,,,,,,,,,,2024-04
2024-04-09,2313,華通,電子工業,移出,掉出掃描母體,77.21,72.0,,1,,,,,,,,,,,,,,,,,,,,2024-04
2024-04-10,4766,南寶,化學工業,進榜,準備,289.63,77.0,3.0,0,,7.2,-0.8,8.1,4.6,-4.8,0.1,-2.6,-2.9,291.4,0.6,6.5,-0.9,7.4,4.8,-5.4,0.3,-3.2,-3.1,2024-04
2024-04-10,2439,美律,通信網路業,進榜,準備,109.97,72.0,3.0,0,,-2.0,-0.8,13.3,4.6,-2.8,0.1,-12.5,-2.9,109.1,-0.8,-1.2,-0.9,14.2,4.8,-2.0,0.3,-11.8,-3.1,2024-04
2024-04-10,6789,采鈺,半導體業,進榜,準備,307.29,71.0,3.0,0,,-16.2,-0.8,16.9,4.6,-9.9,0.1,-1.8,-2.9,298.0,-3.0,-13.6,-0.9,20.5,4.8,-7.1,0.3,1.3,-3.1,2024-04
2024-04-10,5536,聖暉*,其他電子類,進榜,準備,206.16,70.0,1.0,0,,-8.5,-0.8,21.9,4.6,42.5,0.1,70.6,-2.9,206.6,0.2,-8.7,-0.9,21.6,4.8,42.2,0.3,70.2,-3.1,2024-04
2024-04-10,8163,達方,電子工業,移出,掉出掃描母體,54.73,70.0,,7,,,,,,,,,,,,,,,,,,,,2024-04
2024-04-11,3312,弘憶股,電子工業,進榜,觸發,44.53,96.0,3.0,0,,-1.3,-0.4,91.9,5.0,60.7,1.4,,,45.4,2.0,-3.2,-0.5,88.1,4.9,57.5,1.4,,,2024-04
2024-04-11,3312,弘憶股,電子工業,觸發,進榜即觸發,44.53,96.0,3.0,0,44.53,-1.3,-0.4,91.9,5.0,60.7,1.4,,,45.4,2.0,-3.2,-0.5,88.1,4.9,57.5,1.4,,,2024-04
2024-04-11,6223,旺矽,半導體業,進榜,觸發,359.63,91.0,6.0,0,,16.0,-0.4,48.0,5.0,105.3,1.4,,,368.4,2.4,13.3,-0.5,44.5,4.9,100.4,1.4,,,2024-04
2024-04-11,6223,旺矽,半導體業,觸發,進榜即觸發,359.63,91.0,6.0,0,359.63,16.0,-0.4,48.0,5.0,105.3,1.4,,,368.4,2.4,13.3,-0.5,44.5,4.9,100.4,1.4,,,2024-04
2024-04-11,9939,宏全,其他,進榜,觸發,133.91,71.0,0.0,0,,15.5,-0.4,13.1,5.0,11.6,1.4,,,133.9,0.0,15.5,-0.5,13.1,4.9,11.6,1.4,,,2024-04
2024-04-11,9939,宏全,其他,觸發,進榜即觸發,133.91,71.0,0.0,0,133.91,15.5,-0.4,13.1,5.0,11.6,1.4,,,133.9,0.0,15.5,-0.5,13.1,4.9,11.6,1.4,,,2024-04
2024-04-11,2501,國建,建材營造,進榜,準備,25.61,91.0,2.0,0,,18.7,-0.4,3.4,5.0,-10.1,1.4,,,25.6,0.0,18.7,-0.5,3.4,4.9,-10.1,1.4,,,2024-04
2024-04-11,5508,永信建,建材營造,進榜,準備,111.58,88.0,1.0,0,,45.4,-0.4,61.4,5.0,66.6,1.4,,,114.0,2.1,42.3,-0.5,58.0,4.9,63.1,1.4,,,2024-04
2024-04-11,2374,佳能,光電業,進榜,準備,29.85,77.0,3.0,0,,19.5,-0.4,68.4,5.0,37.3,1.4,,,32.0,7.1,11.6,-0.5,57.3,4.9,28.2,1.4,,,2024-04
2024-04-11,3034,聯詠,半導體業,進榜,準備,528.46,70.0,3.0,0,,-4.4,-0.4,-0.5,5.0,-12.4,1.4,,,529.3,0.2,-4.5,-0.5,-0.6,4.9,-12.6,1.4,,,2024-04
2024-04-11,2330,台積電,半導體業,觸發,等待後觸發,792.38,83.0,1.0,34,765.61,-2.2,-0.4,26.7,5.0,23.6,1.4,,,795.3,0.4,-2.6,-0.5,26.2,4.9,23.1,1.4,,,2024-04
2024-04-11,3402,漢科,其他電子類,觸發,等待後觸發,92.6,92.0,2.0,8,87.8,-5.8,-0.4,17.0,5.0,1.2,1.4,,,96.5,4.2,-9.6,-0.5,12.2,4.9,-2.9,1.4,,,2024-04
2024-04-11,2439,美律,通信網路業,移出,掉出掃描母體,109.97,72.0,,1,,,,,,,,,,,,,,,,,,,,2024-04
2024-04-11,6789,采鈺,半導體業,移出,掉出掃描母體,307.29,71.0,,1,,,,,,,,,,,,,,,,,,,,2024-04
2024-04-11,5536,聖暉*,其他電子類,移出,掉出掃描母體,206.16,70.0,,1,,,,,,,,,,,,,,,,,,,,2024-04
2024-04-11,3265,台星科,半導體業,移出,掉出掃描母體,114.88,75.0,,80,,,,,,,,,,,,,,,,,,,,2024-04
2024-04-11,1522,堤維西,汽車工業,移出,掉出掃描母體,50.1,72.0,,10,,,,,,,,,,,,,,,,,,,,2024-04
2024-04-11,3234,光環,通信網路業,移出,掉出掃描母體,35.88,78.0,,9,,,,,,,,,,,,,,,,,,,,2024-04
2024-04-11,6227,茂綸,電子通路業,移出,離高點太遠,64.83,90.0,,8,,,,,,,,,,,,,,,,,,,,2024-04
2024-04-11,6535,順藥,生技醫療業,移出,離高點太遠,195.45,99.0,,3,,,,,,,,,,,,,,,,,,,,2024-04
2024-04-11,6117,迎廣,電子工業,移出,離高點太遠,91.02,93.0,,3,,,,,,,,,,,,,,,,,,,,2024-04
2024-04-11,2464,盟立,其他電子業,移出,掉出掃描母體,53.96,80.0,,2,,,,,,,,,,,,,,,,,,,,2024-04
2024-04-12,1519,華城,電機機械,進榜,觸發,685.82,99.0,6.0,0,,-20.7,-0.6,0.2,4.1,-27.8,0.5,,,691.6,0.8,-21.4,-0.3,-0.6,4.3,-28.4,0.9,,,2024-04
2024-04-12,1519,華城,電機機械,觸發,進榜即觸發,685.82,99.0,6.0,0,685.82,-20.7,-0.6,0.2,4.1,-27.8,0.5,,,691.6,0.8,-21.4,-0.3,-0.6,4.3,-28.4,0.9,,,2024-04
2024-04-12,1618,合機,電器電纜,進榜,觸發,39.29,74.0,4.0,0,,15.9,-0.6,45.2,4.1,3.7,0.5,,,41.3,5.0,10.4,-0.3,38.3,4.3,-1.2,0.9,,,2024-04
2024-04-12,1618,合機,電器電纜,觸發,進榜即觸發,39.29,74.0,4.0,0,39.29,15.9,-0.6,45.2,4.1,3.7,0.5,,,41.3,5.0,10.4,-0.3,38.3,4.3,-1.2,0.9,,,2024-04
2024-04-12,2367,燿華,電子工業,進榜,準備,28.06,79.0,1.0,0,,2.7,-0.6,36.6,4.1,15.1,0.5,,,28.1,0.0,2.7,-0.3,36.6,4.3,15.1,0.9,,,2024-04
2024-04-12,5536,聖暉*,其他電子類,進榜,準備,212.63,70.0,1.0,0,,-10.2,-0.6,14.8,4.1,37.1,0.5,,,210.8,-0.9,-9.4,-0.3,15.8,4.3,38.3,0.9,,,2024-04
2024-04-12,2374,佳能,光電業,觸發,等待後觸發,32.8,81.0,3.0,1,29.89,19.5,-0.6,40.6,4.1,26.6,0.5,,,33.7,2.8,16.3,-0.3,36.7,4.3,23.2,0.9,,,2024-04
2024-04-12,1513,中興電,電機機械,觸發,等待後觸發,195.17,92.0,3.0,18,174.46,-21.0,-0.6,-0.2,4.1,-20.9,0.5,,,196.6,0.7,-21.5,-0.3,-0.9,4.3,-21.4,0.9,,,2024-04
2024-04-12,4771,望隼,化學生技醫療,移出,掉出掃描母體,307.92,73.0,,21,,,,,,,,,,,,,,,,,,,,2024-04
2024-04-12,6416,瑞祺電通,通信網路業,移出,掉出掃描母體,112.27,73.0,,18,,,,,,,,,,,,,,,,,,,,2024-04
2024-04-12,8027,鈦昇,電機機械,移出,晚期未觸發,100.5,78.0,,10,,,,,,,,,,,,,,,,,,,,2024-04
2024-04-15,5371,中光電,光電業,進榜,觸發,100.2,77.0,3.0,0,,-6.0,0.0,-20.0,5.4,-27.7,0.6,,,100.7,0.5,-6.5,0.5,-20.4,5.8,-28.0,1.0,,,2024-04
2024-04-15,5371,中光電,光電業,觸發,進榜即觸發,100.2,77.0,3.0,0,100.2,-6.0,0.0,-20.0,5.4,-27.7,0.6,,,100.7,0.5,-6.5,0.5,-20.4,5.8,-28.0,1.0,,,2024-04
2024-04-15,3691,碩禾,光電業,進榜,準備,156.0,92.0,1.0,0,,-1.9,0.0,-5.4,5.4,-35.9,0.6,,,154.0,-1.3,-0.6,0.5,-4.2,5.8,-35.1,1.0,,,2024-04
2024-04-15,6683,雍智科技,半導體業,進榜,準備,301.74,75.0,3.0,0,,-7.1,0.0,30.2,5.4,10.9,0.6,,,301.7,0.0,-7.1,0.5,30.2,5.8,10.9,1.0,,,2024-04
2024-04-15,2637,慧洋-KY,航運業,進榜,準備,56.07,71.0,3.0,0,,12.0,0.0,4.8,5.4,12.9,0.6,,,56.1,0.0,12.0,0.5,4.8,5.8,12.9,1.0,,,2024-04
2024-04-15,5536,聖暉*,其他電子類,移出,掉出掃描母體,212.63,70.0,,3,,,,,,,,,,,,,,,,,,,,2024-04
2024-04-15,6274,台燿,電子零組件業,移出,掉出掃描母體,173.57,71.0,,21,,,,,,,,,,,,,,,,,,,,2024-04
2024-04-15,3228,金麗科,半導體業,移出,掉出掃描母體,501.0,99.0,,20,,,,,,,,,,,,,,,,,,,,2024-04
2024-04-15,6668,中揚光,光電業,移出,突破失敗,70.7,88.0,,12,,,,,,,,,,,,,,,,,,,,2024-04
2024-04-15,4749,新應材,光電業,移出,離高點太遠,599.56,94.0,,7,,,,,,,,,,,,,,,,,,,,2024-04
2024-04-15,5521,工信,建材營造,移出,離高點太遠,13.11,72.0,,6,,,,,,,,,,,,,,,,,,,,2024-04
2024-04-16,6683,雍智科技,半導體業,移出,晚期未觸發,287.96,75.0,,1,,,,,,,,,,,,,,,,,,,,2024-04
2024-04-16,2637,慧洋-KY,航運業,移出,掉出掃描母體,56.07,71.0,,1,,,,,,,,,,,,,,,,,,,,2024-04
2024-04-16,5269,祥碩,半導體業,移出,掉出掃描母體,2069.93,87.0,,130,,,,,,,,,,,,,,,,,,,,2024-04
2024-04-16,3324,雙鴻,其他電子類,移出,離高點太遠,714.26,96.0,,74,,,,,,,,,,,,,,,,,,,,2024-04
2024-04-16,2454,聯發科,半導體業,移出,掉出掃描母體,1017.27,71.0,,53,,,,,,,,,,,,,,,,,,,,2024-04
2024-04-16,6605,帝寶,汽車工業,移出,離高點太遠,174.99,78.0,,28,,,,,,,,,,,,,,,,,,,,2024-04
2024-04-16,6219,富旺,建材營造,移出,掉出掃描母體,35.33,85.0,,27,,,,,,,,,,,,,,,,,,,,2024-04
2024-04-16,2359,所羅門,其他電子業,移出,離高點太遠,89.7,97.0,,26,,,,,,,,,,,,,,,,,,,,2024-04
2024-04-16,6139,亞翔,電子工業,移出,離高點太遠,287.31,97.0,,25,,,,,,,,,,,,,,,,,,,,2024-04
2024-04-16,6197,佳必琪,電子零組件業,移出,離高點太遠,137.86,94.0,,19,,,,,,,,,,,,,,,,,,,,2024-04
2024-04-16,3551,世禾,其他電子類,移出,掉出掃描母體,108.07,81.0,,18,,,,,,,,,,,,,,,,,,,,2024-04
2024-04-16,8096,擎亞,電子通路業,移出,離高點太遠,27.62,96.0,,8,,,,,,,,,,,,,,,,,,,,2024-04
2024-04-16,2476,鉅祥,電子零組件業,移出,掉出掃描母體,70.62,71.0,,7,,,,,,,,,,,,,,,,,,,,2024-04
2024-04-16,3312,弘憶股,電子工業,移出,離高點太遠,42.49,96.0,,5,,,,,,,,,,,,,,,,,,,,2024-04
2024-04-16,1519,華城,電機機械,移出,突破失敗,626.37,99.0,,4,,,,,,,,,,,,,,,,,,,,2024-04
2024-04-16,5371,中光電,光電業,移出,掉出掃描母體,100.2,77.0,,1,,,,,,,,,,,,,,,,,,,,2024-04
2024-04-17,3131,弘塑,其他電子類,進榜,觸發,1062.33,95.0,4.0,0,,-9.9,1.4,22.1,6.4,65.3,1.2,,,1014.5,-4.5,-5.7,1.7,27.8,6.8,73.1,1.5,,,2024-04
2024-04-17,3131,弘塑,其他電子類,觸發,進榜即觸發,1062.33,95.0,4.0,0,1062.33,-9.9,1.4,22.1,6.4,65.3,1.2,,,1014.5,-4.5,-5.7,1.7,27.8,6.8,73.1,1.5,,,2024-04
2024-04-17,2504,國產,建材營造,觸發,等待後觸發,38.05,90.0,1.0,40,30.54,5.9,1.4,1.6,6.4,16.3,1.2,,,38.2,0.3,5.5,1.7,1.3,6.8,15.9,1.5,,,2024-04
2024-04-18,1612,宏泰,電器電纜,進榜,觸發,37.22,86.0,5.0,0,,-12.2,1.3,-9.6,5.8,-21.2,0.7,,,37.6,1.1,-13.2,1.8,-10.6,6.3,-22.0,1.1,,,2024-04
2024-04-18,1612,宏泰,電器電纜,觸發,進榜即觸發,37.22,86.0,5.0,0,37.22,-12.2,1.3,-9.6,5.8,-21.2,0.7,,,37.6,1.1,-13.2,1.8,-10.6,6.3,-22.0,1.1,,,2024-04
2024-04-18,5534,長虹,建材營造,進榜,觸發,97.34,84.0,0.0,0,,8.0,1.3,5.5,5.8,-12.7,0.7,,,97.3,0.0,8.0,1.8,5.5,6.3,-12.7,1.1,,,2024-04
2024-04-18,5534,長虹,建材營造,觸發,進榜即觸發,97.34,84.0,0.0,0,97.34,8.0,1.3,5.5,5.8,-12.7,0.7,,,97.3,0.0,8.0,1.8,5.5,6.3,-12.7,1.1,,,2024-04
2024-04-18,3708,上緯投控,化學工業,進榜,觸發,128.37,83.0,4.0,0,,0.0,1.3,0.6,5.8,-21.1,0.7,,,127.9,-0.3,0.3,1.8,1.0,6.3,-20.8,1.1,,,2024-04
2024-04-18,3708,上緯投控,化學工業,觸發,進榜即觸發,128.37,83.0,4.0,0,128.37,0.0,1.3,0.6,5.8,-21.1,0.7,,,127.9,-0.3,0.3,1.8,1.0,6.3,-20.8,1.1,,,2024-04
2024-04-18,4768,晶呈科技,化學工業,進榜,觸發,248.52,83.0,2.0,0,,-18.5,1.3,-18.5,5.8,-17.1,0.7,,,237.1,-4.6,-14.5,1.8,-14.5,6.3,-13.1,1.1,,,2024-04
2024-04-18,4768,晶呈科技,化學工業,觸發,進榜即觸發,248.52,83.0,2.0,0,248.52,-18.5,1.3,-18.5,5.8,-17.1,0.7,,,237.1,-4.6,-14.5,1.8,-14.5,6.3,-13.1,1.1,,,2024-04
2024-04-18,2520,冠德,建材營造,進榜,觸發,39.08,71.0,0.0,0,,18.2,1.3,20.4,5.8,-1.9,0.7,,,39.6,1.2,16.8,1.8,19.0,6.3,-3.1,1.1,,,2024-04
2024-04-18,2520,冠德,建材營造,觸發,進榜即觸發,39.08,71.0,0.0,0,39.08,18.2,1.3,20.4,5.8,-1.9,0.7,,,39.6,1.2,16.8,1.8,19.0,6.3,-3.1,1.1,,,2024-04
2024-04-18,2543,皇昌,建材營造,進榜,準備,25.45,98.0,2.0,0,,11.5,1.3,50.6,5.8,127.9,0.7,,,25.6,0.4,11.1,1.8,50.0,6.3,127.0,1.1,,,2024-04
2024-04-18,5521,工信,建材營造,進榜,準備,14.34,81.0,2.0,0,,-8.9,1.3,-14.1,5.8,-12.4,0.7,,,14.6,1.7,-10.5,1.8,-15.5,6.3,-13.9,1.1,,,2024-04
2024-04-18,1608,華榮,電器電纜,觸發,等待後觸發,39.11,95.0,2.0,9,31.94,-14.5,1.3,-3.0,5.8,-30.5,0.7,,,39.6,1.2,-15.6,1.8,-4.2,6.3,-31.3,1.1,,,2024-04
2024-04-18,5508,永信建,建材營造,觸發,等待後觸發,125.92,92.0,1.0,7,112.37,36.7,1.3,51.6,5.8,47.3,0.7,,,127.5,1.3,35.0,1.8,49.7,6.3,45.5,1.1,,,2024-04
2024-04-19,2637,慧洋-KY,航運業,進榜,準備,56.32,72.0,3.0,0,,6.8,3.3,7.8,8.1,16.3,2.4,,,57.3,1.7,5.0,3.2,6.0,7.9,14.4,2.4,,,2024-04
2024-04-19,6005,群益證,金融保險,觸發,等待後觸發,18.11,84.0,2.0,11,16.65,9.6,3.3,6.1,8.1,-0.2,2.4,,,18.4,1.5,8.0,3.2,4.5,7.9,-1.7,2.4,,,2024-04
2024-04-19,2543,皇昌,建材營造,觸發,等待後觸發,27.98,99.0,2.0,1,25.95,-1.7,3.3,38.4,8.1,115.4,2.4,,,29.6,5.9,-7.2,3.2,30.6,7.9,103.3,2.4,,,2024-04
2024-04-19,6667,信紘科,其他電子類,移出,離高點太遠,139.79,94.0,,115,,,,,,,,,,,,,,,,,,,,2024-04
2024-04-19,6239,力成,半導體業,移出,離高點太遠,155.11,84.0,,85,,,,,,,,,,,,,,,,,,,,2024-04
2024-04-19,3583,辛耘,半導體業,移出,離高點太遠,306.1,85.0,,25,,,,,,,,,,,,,,,,,,,,2024-04
2024-04-19,6691,洋基工程,其他電子業,移出,掉出掃描母體,232.97,73.0,,22,,,,,,,,,,,,,,,,,,,,2024-04
2024-04-19,3402,漢科,其他電子類,移出,離高點太遠,93.04,92.0,,16,,,,,,,,,,,,,,,,,,,,2024-04
2024-04-19,3034,聯詠,半導體業,移出,掉出掃描母體,528.46,71.0,,8,,,,,,,,,,,,,,,,,,,,2024-04
2024-04-22,3293,鈊象,文化創意業,移出,掉出掃描母體,448.72,82.0,,98,,,,,,,,,,,,,,,,,,,,2024-04
2024-04-22,6585,鼎基,其他,移出,離高點太遠,157.94,81.0,,82,,,,,,,,,,,,,,,,,,,,2024-04
2024-04-22,8936,國統,其他,移出,離高點太遠,77.95,97.0,,82,,,,,,,,,,,,,,,,,,,,2024-04
2024-04-22,1514,亞力,電機機械,移出,離高點太遠,135.9,98.0,,53,,,,,,,,,,,,,,,,,,,,2024-04
2024-04-22,2330,台積電,半導體業,移出,掉出掃描母體,724.73,72.0,,45,,,,,,,,,,,,,,,,,,,,2024-04
2024-04-22,4770,上品,化學工業,移出,晚期未觸發,376.69,77.0,,32,,,,,,,,,,,,,,,,,,,,2024-04
2024-04-22,1513,中興電,電機機械,移出,離高點太遠,170.31,90.0,,28,,,,,,,,,,,,,,,,,,,,2024-04
2024-04-22,1773,勝一,化學生技醫療,移出,晚期未觸發,135.02,72.0,,26,,,,,,,,,,,,,,,,,,,,2024-04
2024-04-22,7402,邑錡,光電業,移出,離高點太遠,107.67,85.0,,25,,,,,,,,,,,,,,,,,,,,2024-04
2024-04-22,6425,易發,電機機械,移出,離高點太遠,68.53,100.0,,24,,,,,,,,,,,,,,,,,,,,2024-04
2024-04-22,6189,豐藝,電子工業,移出,離高點太遠,58.46,84.0,,21,,,,,,,,,,,,,,,,,,,,2024-04
2024-04-22,6207,雷科,電子零組件業,移出,離高點太遠,50.86,92.0,,20,,,,,,,,,,,,,,,,,,,,2024-04
2024-04-22,3013,晟銘電,電子工業,移出,離高點太遠,66.97,84.0,,14,,,,,,,,,,,,,,,,,,,,2024-04
2024-04-22,2009,第一銅,鋼鐵工業,移出,離高點太遠,46.1,87.0,,13,,,,,,,,,,,,,,,,,,,,2024-04
2024-04-22,1608,華榮,電器電纜,移出,離高點太遠,33.66,94.0,,13,,,,,,,,,,,,,,,,,,,,2024-04
2024-04-22,2374,佳能,光電業,移出,離高點太遠,32.67,88.0,,11,,,,,,,,,,,,,,,,,,,,2024-04
2024-04-22,3131,弘塑,其他電子類,移出,離高點太遠,890.06,94.0,,5,,,,,,,,,,,,,,,,,,,,2024-04
2024-04-22,1612,宏泰,電器電纜,移出,離高點太遠,30.84,80.0,,4,,,,,,,,,,,,,,,,,,,,2024-04
2024-04-22,4768,晶呈科技,化學工業,移出,離高點太遠,210.29,77.0,,4,,,,,,,,,,,,,,,,,,,,2024-04
2024-04-22,1618,合機,電器電纜,移出,離高點太遠,52.76,95.0,,10,,,,,,,,,,,,,,,,,,,,2024-04
2024-04-23,2101,南港,橡膠工業,進榜,準備,55.85,73.0,3.0,0,,10.1,3.3,1.1,7.6,-9.8,2.1,,,56.6,1.3,8.7,2.8,-0.2,7.1,-11.0,1.6,,,2024-04
2024-04-23,4909,新復興,通信網路業,移出,離高點太遠,72.43,99.0,,62,,,,,,,,,,,,,,,,,,,,2024-04
2024-04-23,2543,皇昌,建材營造,移出,離高點太遠,25.04,98.0,,5,,,,,,,,,,,,,,,,,,,,2024-04
2024-04-24,2903,遠百,貿易百貨,進榜,觸發,28.27,73.0,0.0,0,,-4.8,1.2,-3.8,4.5,-14.2,1.6,,,28.3,0.0,-4.8,1.3,-3.8,4.8,-14.2,1.8,,,2024-04
2024-04-24,2903,遠百,貿易百貨,觸發,進榜即觸發,28.27,73.0,0.0,0,28.27,-4.8,1.2,-3.8,4.5,-14.2,1.6,,,28.3,0.0,-4.8,1.3,-3.8,4.8,-14.2,1.8,,,2024-04
2024-04-24,6425,易發,電機機械,進榜,準備,82.82,100.0,3.0,0,,-16.7,1.2,-26.4,4.5,0.6,1.6,,,91.1,10.0,-24.3,1.3,-33.1,4.8,-8.6,1.8,,,2024-04
2024-04-24,8070,長華*,電子工業,進榜,準備,38.29,77.0,2.0,0,,9.7,1.2,5.4,4.5,36.7,1.6,,,38.2,-0.2,9.9,1.3,5.7,4.8,37.0,1.8,,,2024-04
2024-04-24,2101,南港,橡膠工業,移出,掉出掃描母體,55.85,73.0,,1,,,,,,,,,,,,,,,,,,,,2024-04
2024-04-25,6207,雷科,電子零組件業,進榜,觸發,64.3,96.0,4.0,0,,1.3,1.5,2.8,3.0,11.8,1.8,,,66.7,3.7,-2.3,1.3,-0.9,2.8,7.8,1.7,,,2024-04
2024-04-25,6207,雷科,電子零組件業,觸發,進榜即觸發,64.3,96.0,4.0,0,64.3,1.3,1.5,2.8,3.0,11.8,1.8,,,66.7,3.7,-2.3,1.3,-0.9,2.8,7.8,1.7,,,2024-04
2024-04-25,6176,瑞儀,光電業,進榜,觸發,214.98,83.0,1.0,0,,1.3,1.5,-2.5,3.0,14.5,1.8,,,215.5,0.3,1.0,1.3,-2.7,2.8,14.2,1.7,,,2024-04
2024-04-25,6176,瑞儀,光電業,觸發,進榜即觸發,214.98,83.0,1.0,0,214.98,1.3,1.5,-2.5,3.0,14.5,1.8,,,215.5,0.3,1.0,1.3,-2.7,2.8,14.2,1.7,,,2024-04
2024-04-25,3234,光環,通信網路業,進榜,觸發,38.97,82.0,5.0,0,,31.8,1.5,0.2,3.0,34.5,1.8,,,41.8,7.3,22.8,1.3,-6.6,2.8,25.3,1.7,,,2024-04
2024-04-25,3234,光環,通信網路業,觸發,進榜即觸發,38.97,82.0,5.0,0,38.97,31.8,1.5,0.2,3.0,34.5,1.8,,,41.8,7.3,22.8,1.3,-6.6,2.8,25.3,1.7,,,2024-04
2024-04-25,2855,統一證,金融保險,進榜,準備,21.49,80.0,1.0,0,,-2.9,1.5,5.5,3.0,2.9,1.8,,,21.5,0.0,-2.9,1.3,5.5,2.8,2.9,1.7,,,2024-04
2024-04-25,2101,南港,橡膠工業,進榜,準備,57.42,72.0,3.0,0,,2.7,1.5,-6.4,3.0,-13.5,1.8,,,58.9,2.6,0.2,1.3,-8.7,2.8,-15.7,1.7,,,2024-04
2024-04-25,6491,晶碩,生技醫療業,進榜,準備,479.56,71.0,2.0,0,,-8.6,1.5,-16.4,3.0,-20.6,1.8,,,483.3,0.8,-9.3,1.3,-17.0,2.8,-21.2,1.7,,,2024-04
2024-04-25,6425,易發,電機機械,觸發,等待後觸發,91.09,100.0,3.0,1,82.82,-26.6,1.5,-36.0,3.0,-11.0,1.8,,,94.0,3.2,-28.9,1.3,-38.0,2.8,-13.7,1.7,,,2024-04
2024-04-26,1587,吉茂,汽車工業,進榜,觸發,56.59,98.0,2.0,0,,22.3,1.8,-15.6,3.3,-27.1,1.5,,,58.3,3.0,18.7,1.5,-18.1,3.1,-29.3,1.2,,,2024-04
2024-04-26,1587,吉茂,汽車工業,觸發,進榜即觸發,56.59,98.0,2.0,0,56.59,22.3,1.8,-15.6,3.3,-27.1,1.5,,,58.3,3.0,18.7,1.5,-18.1,3.1,-29.3,1.2,,,2024-04
2024-04-26,3287,廣寰科,電腦及週邊設備業,進榜,觸發,41.5,90.0,5.0,0,,12.2,1.8,-12.1,3.3,-9.5,1.5,,,42.8,3.3,8.6,1.5,-14.8,3.1,-12.3,1.2,,,2024-04
2024-04-26,3287,廣寰科,電腦及週邊設備業,觸發,進榜即觸發,41.5,90.0,5.0,0,41.5,12.2,1.8,-12.1,3.3,-9.5,1.5,,,42.8,3.3,8.6,1.5,-14.8,3.1,-12.3,1.2,,,2024-04
2024-04-26,2540,愛山林,建材營造,進榜,準備,54.92,86.0,2.0,0,,14.3,1.8,56.4,3.3,0.9,1.5,,,56.2,2.3,11.8,1.5,52.9,3.1,-1.3,1.2,,,2024-04
2024-04-26,2501,國建,建材營造,觸發,等待後觸發,32.93,96.0,2.0,15,26.05,-14.3,1.8,-13.4,3.3,-33.2,1.5,,,34.7,5.4,-18.7,1.5,-17.8,3.1,-36.6,1.2,,,2024-04
2024-04-26,6491,晶碩,生技醫療業,移出,掉出掃描母體,479.56,71.0,,1,,,,,,,,,,,,,,,,,,,,2024-04
2024-04-29,2611,志信,航運業,進榜,觸發,25.03,94.0,5.0,0,,5.9,1.7,-9.1,1.8,-18.9,0.2,,,25.9,3.6,2.2,1.6,-12.3,1.7,-21.7,0.2,,,2024-04
2024-04-29,2611,志信,航運業,觸發,進榜即觸發,25.03,94.0,5.0,0,25.03,5.9,1.7,-9.1,1.8,-18.9,0.2,,,25.9,3.6,2.2,1.6,-12.3,1.7,-21.7,0.2,,,2024-04
2024-04-29,8064,東捷,光電業,進榜,觸發,31.98,90.0,3.0,0,,15.2,1.7,77.9,1.8,114.3,0.2,,,34.7,8.4,6.3,1.6,64.1,1.7,97.6,0.2,,,2024-04
2024-04-29,8064,東捷,光電業,觸發,進榜即觸發,31.98,90.0,3.0,0,31.98,15.2,1.7,77.9,1.8,114.3,0.2,,,34.7,8.4,6.3,1.6,64.1,1.7,97.6,0.2,,,2024-04
2024-04-29,3363,上詮,通信網路業,進榜,觸發,127.54,88.0,5.0,0,,18.5,1.7,26.9,1.8,80.0,0.2,,,127.5,0.0,18.5,1.6,26.9,1.7,80.0,0.2,,,2024-04
2024-04-29,3363,上詮,通信網路業,觸發,進榜即觸發,127.54,88.0,5.0,0,127.54,18.5,1.7,26.9,1.8,80.0,0.2,,,127.5,0.0,18.5,1.6,26.9,1.7,80.0,0.2,,,2024-04
2024-04-29,2537,聯上發,建材營造,進榜,準備,18.05,95.0,0.0,0,,-5.5,1.7,34.3,1.8,-18.3,0.2,,,18.0,-0.6,-5.0,1.6,35.1,1.7,-17.8,0.2,,,2024-04
2024-04-29,2317,鴻海,其他電子業,進榜,準備,144.81,80.0,2.0,0,,17.0,1.7,24.2,1.8,36.9,0.2,,,145.7,0.6,16.3,1.6,23.5,1.7,36.0,0.2,,,2024-04
2024-04-29,5521,工信,建材營造,移出,掉出掃描母體,13.65,72.0,,11,,,,,,,,,,,,,,,,,,,,2024-04
2024-04-29,3287,廣寰科,電腦及週邊設備業,移出,掉出掃描母體,41.5,90.0,,3,,,,,,,,,,,,,,,,,,,,2024-04
2024-04-30,3207,耀勝,電子零組件業,進榜,觸發,158.95,95.0,5.0,0,,-15.6,1.6,-12.5,1.0,-16.3,0.3,,,156.0,-1.9,-14.0,1.7,-10.8,1.2,-14.7,0.6,,,2024-04
2024-04-30,3207,耀勝,電子零組件業,觸發,進榜即觸發,158.95,95.0,5.0,0,158.95,-15.6,1.6,-12.5,1.0,-16.3,0.3,,,156.0,-1.9,-14.0,1.7,-10.8,1.2,-14.7,0.6,,,2024-04
2024-04-30,2316,楠梓電,電子工業,進榜,觸發,47.85,73.0,2.0,0,,-7.6,1.6,3.6,1.0,12.6,0.3,,,48.8,2.0,-9.5,1.7,1.5,1.2,10.3,0.6,,,2024-04
2024-04-30,2316,楠梓電,電子工業,觸發,進榜即觸發,47.85,73.0,2.0,0,47.85,-7.6,1.6,3.6,1.0,12.6,0.3,,,48.8,2.0,-9.5,1.7,1.5,1.2,10.3,0.6,,,2024-04
2024-04-30,6177,達麗,建材營造,進榜,準備,47.22,91.0,0.0,0,,-7.6,1.6,12.2,1.0,-26.4,0.3,,,48.5,2.7,-10.0,1.7,9.2,1.2,-28.3,0.6,,,2024-04
2024-04-30,4915,致伸,電子零組件業,進榜,準備,83.0,75.0,2.0,0,,-0.2,1.6,-4.5,1.0,-1.5,0.3,,,82.1,-1.0,0.8,1.7,-3.5,1.2,-0.4,0.6,,,2024-04
2024-04-30,4526,東台,電機機械,進榜,準備,23.66,72.0,2.0,0,,-2.2,1.6,8.2,1.0,38.3,0.3,,,23.2,-1.8,-0.4,1.7,10.2,1.2,40.9,0.6,,,2024-04
2024-05-02,4303,信立,塑膠工業,進榜,觸發,33.13,99.0,4.0,0,,-16.6,0.8,-21.0,0.8,-17.4,0.0,,,36.4,9.9,-24.1,0.6,-28.1,0.6,-24.8,-0.3,,,2024-05
2024-05-02,4303,信立,塑膠工業,觸發,進榜即觸發,33.13,99.0,4.0,0,33.13,-16.6,0.8,-21.0,0.8,-17.4,0.0,,,36.4,9.9,-24.1,0.6,-28.1,0.6,-24.8,-0.3,,,2024-05
2024-05-02,6442,光聖,通信網路業,進榜,觸發,154.37,95.0,6.0,0,,6.9,0.8,184.8,0.8,186.0,0.0,,,158.7,2.8,4.0,0.6,177.0,0.6,178.2,-0.3,,,2024-05
2024-05-02,6442,光聖,通信網路業,觸發,進榜即觸發,154.37,95.0,6.0,0,154.37,6.9,0.8,184.8,0.8,186.0,0.0,,,158.7,2.8,4.0,0.6,177.0,0.6,178.2,-0.3,,,2024-05
2024-05-02,1532,勤美,電機機械,進榜,觸發,45.39,73.0,2.0,0,,-3.3,0.8,-16.5,0.8,-26.3,0.0,,,45.0,-0.8,-2.5,0.6,-15.8,0.6,-25.7,-0.3,,,2024-05
2024-05-02,1532,勤美,電機機械,觸發,進榜即觸發,45.39,73.0,2.0,0,45.39,-3.3,0.8,-16.5,0.8,-26.3,0.0,,,45.0,-0.8,-2.5,0.6,-15.8,0.6,-25.7,-0.3,,,2024-05
2024-05-02,5512,力麒,建材營造,進榜,準備,13.38,80.0,2.0,0,,-13.2,0.8,-4.9,0.8,-26.4,0.0,,,13.3,-0.3,-12.9,0.6,-4.5,0.6,-26.2,-0.3,,,2024-05
2024-05-02,6491,晶碩,生技醫療業,進榜,準備,490.63,72.0,2.0,0,,-12.3,0.8,-18.3,0.8,-25.5,0.0,,,480.5,-2.1,-10.5,0.6,-16.5,0.6,-23.9,-0.3,,,2024-05
2024-05-02,8163,達方,電子工業,進榜,準備,56.23,71.0,0.0,0,,5.6,0.8,-7.8,0.8,-17.2,0.0,,,56.8,1.1,4.5,0.6,-8.8,0.6,-18.1,-0.3,,,2024-05
2024-05-02,2393,億光,電子工業,進榜,準備,52.46,70.0,1.0,0,,14.2,0.8,26.5,0.8,38.5,0.0,,,53.0,1.1,12.9,0.6,25.1,0.6,37.0,-0.3,,,2024-05
2024-05-02,2537,聯上發,建材營造,觸發,等待後觸發,19.1,95.0,0.0,3,18.05,-7.3,0.8,33.0,0.8,-21.7,0.0,,,18.7,-2.1,-5.3,0.6,35.8,0.6,-20.1,-0.3,,,2024-05
2024-05-02,4526,東台,電機機械,移出,掉出掃描母體,23.66,72.0,,2,,,,,,,,,,,,,,,,,,,,2024-05
2024-05-02,2316,楠梓電,電子工業,移出,掉出掃描母體,47.85,73.0,,2,,,,,,,,,,,,,,,,,,,,2024-05
2024-05-03,5522,遠雄,建材營造,進榜,觸發,75.73,77.0,0.0,0,,0.0,1.1,0.3,1.0,-21.1,-0.4,,,77.9,2.8,-2.7,0.9,-2.5,0.6,-23.3,-0.9,,,2024-05
2024-05-03,5522,遠雄,建材營造,觸發,進榜即觸發,75.73,77.0,0.0,0,75.73,0.0,1.1,0.3,1.0,-21.1,-0.4,,,77.9,2.8,-2.7,0.9,-2.5,0.6,-23.3,-0.9,,,2024-05
2024-05-03,2543,皇昌,建材營造,進榜,準備,31.04,99.0,2.0,0,,2.3,1.1,28.6,1.0,137.3,-0.4,,,31.5,1.5,0.8,0.9,26.7,0.6,133.8,-0.9,,,2024-05
2024-05-03,3034,聯詠,半導體業,進榜,準備,544.79,71.0,2.0,0,,-6.5,1.1,-12.9,1.0,-16.1,-0.4,,,549.9,0.9,-7.3,0.9,-13.7,0.6,-16.8,-0.9,,,2024-05
2024-05-03,6491,晶碩,生技醫療業,移出,掉出掃描母體,490.63,72.0,,1,,,,,,,,,,,,,,,,,,,,2024-05
2024-05-03,2367,燿華,電子工業,移出,晚期未觸發,25.85,73.0,,21,,,,,,,,,,,,,,,,,,,,2024-05
2024-05-03,3363,上詮,通信網路業,移出,離高點太遠,117.24,84.0,,4,,,,,,,,,,,,,,,,,,,,2024-05
2024-05-03,8064,東捷,光電業,移出,離高點太遠,29.76,86.0,,4,,,,,,,,,,,,,,,,,,,,2024-05
2024-05-06,2486,一詮,光電業,進榜,觸發,79.75,85.0,6.0,0,,30.6,1.1,38.1,1.9,56.1,-1.1,,,81.7,2.4,27.5,1.1,34.8,1.9,52.4,-1.4,,,2024-05
2024-05-06,2486,一詮,光電業,觸發,進榜即觸發,79.75,85.0,6.0,0,79.75,30.6,1.1,38.1,1.9,56.1,-1.1,,,81.7,2.4,27.5,1.1,34.8,1.9,52.4,-1.4,,,2024-05
2024-05-06,1582,信錦,電子工業,進榜,觸發,89.26,75.0,1.0,0,,11.2,1.1,6.2,1.9,2.1,-1.1,,,90.6,1.5,9.6,1.1,4.6,1.9,0.7,-1.4,,,2024-05
2024-05-06,1582,信錦,電子工業,觸發,進榜即觸發,89.26,75.0,1.0,0,89.26,11.2,1.1,6.2,1.9,2.1,-1.1,,,90.6,1.5,9.6,1.1,4.6,1.9,0.7,-1.4,,,2024-05
2024-05-06,2348,海悅,其他,進榜,準備,126.97,97.0,1.0,0,,13.3,1.1,99.6,1.9,-4.8,-1.1,,,127.9,0.7,12.5,1.1,98.2,1.9,-5.5,-1.4,,,2024-05
2024-05-06,2891,中信金,金融保險,進榜,準備,31.51,71.0,0.0,0,,0.8,1.1,4.1,1.9,4.1,-1.1,,,31.5,-0.1,1.0,1.1,4.3,1.9,4.3,-1.4,,,2024-05
2024-05-06,2540,愛山林,建材營造,觸發,等待後觸發,66.06,92.0,2.0,10,55.53,6.9,1.1,37.2,1.9,-17.3,-1.1,,,69.4,5.0,1.8,1.1,30.7,1.9,-21.3,-1.4,,,2024-05
2024-05-06,4303,信立,塑膠工業,移出,離高點太遠,32.79,99.0,,4,,,,,,,,,,,,,,,,,,,,2024-05
2024-05-06,3034,聯詠,半導體業,移出,掉出掃描母體,544.79,71.0,,3,,,,,,,,,,,,,,,,,,,,2024-05
2024-05-07,3030,德律,其他電子業,進榜,觸發,108.12,90.0,0.0,0,,46.2,1.1,21.0,0.1,15.4,-0.6,,,107.2,-0.9,47.4,1.2,22.1,0.2,16.3,-0.8,,,2024-05
2024-05-07,3030,德律,其他電子業,觸發,進榜即觸發,108.12,90.0,0.0,0,108.12,46.2,1.1,21.0,0.1,15.4,-0.6,,,107.2,-0.9,47.4,1.2,22.1,0.2,16.3,-0.8,,,2024-05
2024-05-07,4967,十銓,半導體業,進榜,觸發,105.04,75.0,3.0,0,,14.9,1.1,3.5,0.1,-19.5,-0.6,,,106.9,1.8,12.9,1.2,1.7,0.2,-20.9,-0.8,,,2024-05
2024-05-07,4967,十銓,半導體業,觸發,進榜即觸發,105.04,75.0,3.0,0,105.04,14.9,1.1,3.5,0.1,-19.5,-0.6,,,106.9,1.8,12.9,1.2,1.7,0.2,-20.9,-0.8,,,2024-05
2024-05-07,1319,東陽,汽車工業,移出,掉出掃描母體,100.94,76.0,,105,,,,,,,,,,,,,,,,,,,,2024-05
2024-05-07,2515,中工,建材營造,移出,掉出掃描母體,15.04,72.0,,35,,,,,,,,,,,,,,,,,,,,2024-05
2024-05-08,2367,燿華,電子工業,進榜,觸發,28.88,81.0,4.0,0,,22.6,1.0,4.8,-6.3,3.0,-1.4,,,29.0,0.5,22.0,1.0,4.3,-6.5,2.5,-1.5,,,2024-05
2024-05-08,2367,燿華,電子工業,觸發,進榜即觸發,28.88,81.0,4.0,0,28.88,22.6,1.0,4.8,-6.3,3.0,-1.4,,,29.0,0.5,22.0,1.0,4.3,-6.5,2.5,-1.5,,,2024-05
2024-05-08,3583,辛耘,半導體業,進榜,準備,355.91,89.0,3.0,0,,-11.1,1.0,-2.6,-6.3,25.9,-1.4,,,363.2,2.0,-12.9,1.0,-4.5,-6.5,23.4,-1.5,,,2024-05
2024-05-08,4532,瑞智,電機機械,進榜,準備,25.61,77.0,1.0,0,,-3.5,1.0,-8.3,-6.3,-8.7,-1.4,,,25.8,0.7,-4.1,1.0,-8.9,-6.5,-9.3,-1.5,,,2024-05
2024-05-08,2330,台積電,半導體業,進榜,準備,774.98,71.0,0.0,0,,6.5,1.0,2.0,-6.3,30.8,-1.4,,,771.1,-0.5,7.0,1.0,2.5,-6.5,31.4,-1.5,,,2024-05
2024-05-08,2903,遠百,貿易百貨,移出,掉出掃描母體,28.86,71.0,,14,,,,,,,,,,,,,,,,,,,,2024-05
2024-05-08,2548,華固,建材營造,移出,離高點太遠,108.21,83.0,,42,,,,,,,,,,,,,,,,,,,,2024-05
2024-05-08,5512,力麒,建材營造,移出,掉出掃描母體,12.03,71.0,,6,,,,,,,,,,,,,,,,,,,,2024-05
2024-05-08,1532,勤美,電機機械,移出,掉出掃描母體,46.7,73.0,,6,,,,,,,,,,,,,,,,,,,,2024-05
2024-05-09,3564,其陽,通信網路業,進榜,觸發,74.72,90.0,4.0,0,,38.1,1.3,-7.0,-6.4,12.8,-0.8,,,76.1,1.8,35.6,1.1,-8.7,-6.5,10.8,-1.2,,,2024-05
2024-05-09,3564,其陽,通信網路業,觸發,進榜即觸發,74.72,90.0,4.0,0,74.72,38.1,1.3,-7.0,-6.4,12.8,-0.8,,,76.1,1.8,35.6,1.1,-8.7,-6.5,10.8,-1.2,,,2024-05
2024-05-09,3413,京鼎,半導體業,移出,逾期,277.23,82.0,,56,,,,,,,,,,,,,,,,,,,,2024-05
2024-05-09,3563,牧德,光電業,移出,離高點太遠,339.5,91.0,,105,,,,,,,,,,,,,,,,,,,,2024-05
2024-05-09,5508,永信建,建材營造,移出,離高點太遠,162.58,97.0,,28,,,,,,,,,,,,,,,,,,,,2024-05
2024-05-09,2501,國建,建材營造,移出,離高點太遠,30.32,95.0,,28,,,,,,,,,,,,,,,,,,,,2024-05
2024-05-09,3207,耀勝,電子零組件業,移出,突破失敗,145.04,93.0,,9,,,,,,,,,,,,,,,,,,,,2024-05
2024-05-09,2543,皇昌,建材營造,移出,離高點太遠,27.2,98.0,,6,,,,,,,,,,,,,,,,,,,,2024-05
2024-05-09,5522,遠雄,建材營造,移出,突破失敗,69.66,71.0,,6,,,,,,,,,,,,,,,,,,,,2024-05
2024-05-10,2636,台驊控股,航運業,進榜,觸發,90.81,71.0,4.0,0,,3.2,1.9,-12.1,-3.2,-17.2,-0.8,,,94.1,3.7,-0.4,1.8,-15.2,-3.4,-20.2,-0.9,,,2024-05
2024-05-10,2636,台驊控股,航運業,觸發,進榜即觸發,90.81,71.0,4.0,0,90.81,3.2,1.9,-12.1,-3.2,-17.2,-0.8,,,94.1,3.7,-0.4,1.8,-15.2,-3.4,-20.2,-0.9,,,2024-05
2024-05-10,6670,復盛應用,其他,進榜,準備,269.35,76.0,1.0,0,,-4.1,1.9,-5.9,-3.2,-0.2,-0.8,,,271.0,0.6,-4.7,1.8,-6.5,-3.4,-0.8,-0.9,,,2024-05
2024-05-10,2903,遠百,貿易百貨,進榜,準備,30.17,75.0,0.0,0,,-8.7,1.9,-12.4,-3.2,-23.6,-0.8,,,29.7,-1.7,-7.1,1.8,-10.9,-3.4,-22.3,-0.9,,,2024-05
2024-05-10,8070,長華*,電子工業,觸發,等待後觸發,39.45,74.0,2.0,16,38.29,11.9,1.9,-3.4,-3.2,28.0,-0.8,,,39.6,0.4,11.4,1.8,-3.8,-3.4,27.4,-0.9,,,2024-05
2024-05-10,5225,東科-KY,其他電子業,移出,掉出掃描母體,96.94,92.0,,126,,,,,,,,,,,,,,,,,,,,2024-05
2024-05-10,8112,至上,電子工業,移出,掉出掃描母體,71.57,77.0,,32,,,,,,,,,,,,,,,,,,,,2024-05
2024-05-10,5534,長虹,建材營造,移出,離高點太遠,96.12,81.0,,22,,,,,,,,,,,,,,,,,,,,2024-05
2024-05-10,4915,致伸,電子零組件業,移出,掉出掃描母體,82.14,72.0,,10,,,,,,,,,,,,,,,,,,,,2024-05
2024-05-10,3564,其陽,通信網路業,移出,突破失敗,68.46,87.0,,1,,,,,,,,,,,,,,,,,,,,2024-05
2024-05-13,2374,佳能,光電業,進榜,觸發,39.21,93.0,4.0,0,,19.6,1.3,2.9,-3.6,7.0,0.0,,,40.2,2.6,16.6,1.2,0.3,-3.6,4.3,-0.1,,,2024-05
2024-05-13,2374,佳能,光電業,觸發,進榜即觸發,39.21,93.0,4.0,0,39.21,19.6,1.3,2.9,-3.6,7.0,0.0,,,40.2,2.6,16.6,1.2,0.3,-3.6,4.3,-0.1,,,2024-05
2024-05-13,1522,堤維西,汽車工業,進榜,觸發,55.85,86.0,6.0,0,,4.2,1.3,-4.2,-3.6,-1.8,0.0,,,57.3,2.7,1.5,1.2,-6.7,-3.6,-4.3,-0.1,,,2024-05
2024-05-13,1522,堤維西,汽車工業,觸發,進榜即觸發,55.85,86.0,6.0,0,55.85,4.2,1.3,-4.2,-3.6,-1.8,0.0,,,57.3,2.7,1.5,1.2,-6.7,-3.6,-4.3,-0.1,,,2024-05
2024-05-13,2609,陽明,航運業,進榜,觸發,55.59,76.0,4.0,0,,12.2,1.3,-5.3,-3.6,7.9,0.0,,,56.8,2.3,9.7,1.2,-7.4,-3.6,5.5,-0.1,,,2024-05
2024-05-13,2609,陽明,航運業,觸發,進榜即觸發,55.59,76.0,4.0,0,55.59,12.2,1.3,-5.3,-3.6,7.9,0.0,,,56.8,2.3,9.7,1.2,-7.4,-3.6,5.5,-0.1,,,2024-05
2024-05-13,2348,海悅,其他,觸發,等待後觸發,135.56,99.0,1.0,7,130.65,3.4,1.3,54.1,-3.6,-10.5,0.0,,,138.0,1.8,1.6,1.2,51.3,-3.6,-12.1,-0.1,,,2024-05
2024-05-13,1587,吉茂,汽車工業,移出,離高點太遠,57.23,99.0,,17,,,,,,,,,,,,,,,,,,,,2024-05
2024-05-13,2537,聯上發,建材營造,移出,離高點太遠,16.1,93.0,,14,,,,,,,,,,,,,,,,,,,,2024-05
2024-05-13,6177,達麗,建材營造,移出,離高點太遠,44.76,90.0,,13,,,,,,,,,,,,,,,,,,,,2024-05
2024-05-13,1582,信錦,電子工業,移出,掉出掃描母體,87.09,72.0,,7,,,,,,,,,,,,,,,,,,,,2024-05
2024-05-13,4967,十銓,半導體業,移出,掉出掃描母體,103.66,74.0,,6,,,,,,,,,,,,,,,,,,,,2024-05
2024-05-13,3583,辛耘,半導體業,移出,離高點太遠,308.52,85.0,,5,,,,,,,,,,,,,,,,,,,,2024-05
2024-05-14,2362,藍天,電子工業,進榜,觸發,46.35,78.0,2.0,0,,3.2,1.1,8.1,-2.6,14.7,-0.7,,,50.5,8.9,-5.2,0.9,-0.8,-2.7,5.3,-1.1,,,2024-05
2024-05-14,2362,藍天,電子工業,觸發,進榜即觸發,46.35,78.0,2.0,0,46.35,3.2,1.1,8.1,-2.6,14.7,-0.7,,,50.5,8.9,-5.2,0.9,-0.8,-2.7,5.3,-1.1,,,2024-05
2024-05-14,2476,鉅祥,電子零組件業,進榜,觸發,81.06,77.0,2.0,0,,18.1,1.1,14.1,-2.6,4.3,-0.7,,,81.8,0.9,17.0,0.9,13.1,-2.7,3.4,-1.1,,,2024-05
2024-05-14,2476,鉅祥,電子零組件業,觸發,進榜即觸發,81.06,77.0,2.0,0,81.06,18.1,1.1,14.1,-2.6,4.3,-0.7,,,81.8,0.9,17.0,0.9,13.1,-2.7,3.4,-1.1,,,2024-05
2024-05-14,2891,中信金,金融保險,移出,掉出掃描母體,31.86,72.0,,8,,,,,,,,,,,,,,,,,,,,2024-05
2024-05-14,3691,碩禾,光電業,移出,離高點太遠,153.0,89.0,,29,,,,,,,,,,,,,,,,,,,,2024-05
2024-05-14,6207,雷科,電子零組件業,移出,離高點太遠,59.53,95.0,,19,,,,,,,,,,,,,,,,,,,,2024-05
2024-05-15,2359,所羅門,其他電子業,進榜,觸發,122.37,100.0,3.0,0,,33.9,1.1,28.0,-2.0,15.5,-0.6,,,126.8,3.6,29.2,0.7,23.6,-2.5,11.5,-1.2,,,2024-05
2024-05-15,2359,所羅門,其他電子業,觸發,進榜即觸發,122.37,100.0,3.0,0,122.37,33.9,1.1,28.0,-2.0,15.5,-0.6,,,126.8,3.6,29.2,0.7,23.6,-2.5,11.5,-1.2,,,2024-05
2024-05-15,6189,豐藝,電子工業,進榜,準備,65.05,81.0,3.0,0,,2.1,1.1,-0.4,-2.0,-1.0,-0.6,,,66.4,2.0,0.1,0.7,-2.3,-2.5,-3.0,-1.2,,,2024-05
2024-05-15,2891,中信金,金融保險,進榜,準備,32.2,70.0,0.0,0,,0.5,1.1,-2.1,-2.0,5.5,-0.6,,,32.3,0.4,0.1,0.7,-2.5,-2.5,5.1,-1.2,,,2024-05
2024-05-15,2520,冠德,建材營造,移出,離高點太遠,42.88,76.0,,27,,,,,,,,,,,,,,,,,,,,2024-05
2024-05-15,8163,達方,電子工業,移出,掉出掃描母體,60.29,74.0,,13,,,,,,,,,,,,,,,,,,,,2024-05
2024-05-15,2348,海悅,其他,移出,離高點太遠,117.77,96.0,,9,,,,,,,,,,,,,,,,,,,,2024-05
2024-05-15,2636,台驊控股,航運業,移出,掉出掃描母體,92.48,72.0,,5,,,,,,,,,,,,,,,,,,,,2024-05
2024-05-16,2467,志聖,電子工業,進榜,觸發,136.59,98.0,3.0,0,,-8.0,1.1,27.8,-2.1,53.1,-2.2,,,140.8,3.1,-10.8,1.1,24.0,-2.3,48.5,-2.3,,,2024-05
2024-05-16,2467,志聖,電子工業,觸發,進榜即觸發,136.59,98.0,3.0,0,136.59,-8.0,1.1,27.8,-2.1,53.1,-2.2,,,140.8,3.1,-10.8,1.1,24.0,-2.3,48.5,-2.3,,,2024-05
2024-05-16,2489,瑞軒,光電業,進榜,觸發,17.21,72.0,2.0,0,,11.2,1.1,27.5,-2.1,12.7,-2.2,,,17.4,1.1,9.9,1.1,26.1,-2.3,11.4,-2.3,,,2024-05
2024-05-16,2489,瑞軒,光電業,觸發,進榜即觸發,17.21,72.0,2.0,0,17.21,11.2,1.1,27.5,-2.1,12.7,-2.2,,,17.4,1.1,9.9,1.1,26.1,-2.3,11.4,-2.3,,,2024-05
2024-05-16,2451,創見,半導體業,進榜,觸發,93.89,70.0,0.0,0,,12.5,1.1,-7.2,-2.1,-9.8,-2.2,,,93.9,0.0,12.5,1.1,-7.2,-2.3,-9.8,-2.3,,,2024-05
2024-05-16,2451,創見,半導體業,觸發,進榜即觸發,93.89,70.0,0.0,0,93.89,12.5,1.1,-7.2,-2.1,-9.8,-2.2,,,93.9,0.0,12.5,1.1,-7.2,-2.3,-9.8,-2.3,,,2024-05
2024-05-16,2903,遠百,貿易百貨,移出,掉出掃描母體,30.0,73.0,,6,,,,,,,,,,,,,,,,,,,,2024-05
2024-05-17,4533,協易機,電機機械,進榜,觸發,39.66,88.0,3.0,0,,7.5,1.1,9.9,-2.0,-7.6,-2.8,,,41.6,4.9,2.5,0.9,4.7,-2.3,-11.9,-2.9,,,2024-05
2024-05-17,4533,協易機,電機機械,觸發,進榜即觸發,39.66,88.0,3.0,0,39.66,7.5,1.1,9.9,-2.0,-7.6,-2.8,,,41.6,4.9,2.5,0.9,4.7,-2.3,-11.9,-2.9,,,2024-05
2024-05-17,6215,和椿,其他電子業,進榜,準備,49.23,95.0,2.0,0,,13.6,1.1,33.4,-2.0,20.2,-2.8,,,50.3,2.1,11.3,0.9,30.6,-2.3,17.7,-2.9,,,2024-05
2024-05-17,1442,名軒,建材營造,進榜,準備,54.22,84.0,2.0,0,,1.3,1.1,9.1,-2.0,11.5,-2.8,,,54.8,1.0,0.3,0.9,8.1,-2.3,10.5,-2.9,,,2024-05
2024-05-17,4766,南寶,化學工業,觸發,等待後觸發,332.36,80.0,3.0,37,297.83,-8.2,1.1,-18.5,-2.0,-20.3,-2.8,,,341.0,2.6,-10.5,0.9,-20.6,-2.3,-22.3,-2.9,,,2024-05
2024-05-17,6670,復盛應用,其他,移出,掉出掃描母體,254.95,71.0,,7,,,,,,,,,,,,,,,,,,,,2024-05
2024-05-17,2451,創見,半導體業,移出,掉出掃描母體,93.89,70.0,,1,,,,,,,,,,,,,,,,,,,,2024-05
2024-05-20,1319,東陽,汽車工業,進榜,觸發,110.55,79.0,4.0,0,,-2.8,1.1,-26.3,-2.0,-10.5,-3.7,,,113.6,2.8,-5.4,1.0,-28.3,-2.1,-12.9,-3.8,,,2024-05
2024-05-20,1319,東陽,汽車工業,觸發,進榜即觸發,110.55,79.0,4.0,0,110.55,-2.8,1.1,-26.3,-2.0,-10.5,-3.7,,,113.6,2.8,-5.4,1.0,-28.3,-2.1,-12.9,-3.8,,,2024-05
2024-05-20,8089,康全電訊,通信網路業,進榜,準備,84.17,100.0,3.0,0,,12.9,1.1,20.6,-2.0,18.6,-3.7,,,84.1,-0.1,13.1,1.0,20.8,-2.1,18.7,-3.8,,,2024-05
2024-05-20,2392,正崴,電子零組件業,進榜,準備,53.1,72.0,2.0,0,,32.3,1.1,15.4,-2.0,26.1,-3.7,,,52.6,-0.9,33.4,1.0,16.4,-2.1,27.2,-3.8,,,2024-05
2024-05-20,2451,創見,半導體業,進榜,準備,96.94,71.0,0.0,0,,19.3,1.1,-10.5,-2.0,-14.2,-3.7,,,97.4,0.4,18.8,1.0,-10.9,-2.1,-14.6,-3.8,,,2024-05
2024-05-20,6425,易發,電機機械,移出,離高點太遠,78.12,99.0,,26,,,,,,,,,,,,,,,,,,,,2024-05
2024-05-21,6230,尼得科超眾,電子工業,進榜,觸發,364.8,99.0,4.0,0,,-13.2,0.9,-34.6,-1.2,-43.1,-3.4,,,373.8,2.5,-15.3,0.8,-36.2,-1.5,-44.4,-3.5,,,2024-05
2024-05-21,6230,尼得科超眾,電子工業,觸發,進榜即觸發,364.8,99.0,4.0,0,364.8,-13.2,0.9,-34.6,-1.2,-43.1,-3.4,,,373.8,2.5,-15.3,0.8,-36.2,-1.5,-44.4,-3.5,,,2024-05
2024-05-21,5432,新門,光電業,進榜,觸發,184.64,96.0,6.0,0,,24.9,0.9,34.6,-1.2,0.3,-3.4,,,183.2,-0.8,25.9,0.8,35.7,-1.5,1.1,-3.5,,,2024-05
2024-05-21,5432,新門,光電業,觸發,進榜即觸發,184.64,96.0,6.0,0,184.64,24.9,0.9,34.6,-1.2,0.3,-3.4,,,183.2,-0.8,25.9,0.8,35.7,-1.5,1.1,-3.5,,,2024-05
2024-05-21,2009,第一銅,鋼鐵工業,進榜,觸發,57.9,93.0,4.0,0,,-16.4,0.9,-28.9,-1.2,-32.7,-3.4,,,60.4,4.4,-19.9,0.8,-31.9,-1.5,-35.5,-3.5,,,2024-05
2024-05-21,2009,第一銅,鋼鐵工業,觸發,進榜即觸發,57.9,93.0,4.0,0,57.9,-16.4,0.9,-28.9,-1.2,-32.7,-3.4,,,60.4,4.4,-19.9,0.8,-31.9,-1.5,-35.5,-3.5,,,2024-05
2024-05-21,5392,能率,光電業,進榜,觸發,38.14,88.0,2.0,0,,-14.5,0.9,-22.5,-1.2,-32.0,-3.4,,,38.7,1.6,-15.8,0.8,-23.7,-1.5,-33.0,-3.5,,,2024-05
2024-05-21,5392,能率,光電業,觸發,進榜即觸發,38.14,88.0,2.0,0,38.14,-14.5,0.9,-22.5,-1.2,-32.0,-3.4,,,38.7,1.6,-15.8,0.8,-23.7,-1.5,-33.0,-3.5,,,2024-05
2024-05-21,9958,世紀鋼,鋼鐵工業,進榜,觸發,251.88,80.0,6.0,0,,24.0,0.9,-25.4,-1.2,-31.9,-3.4,,,259.7,3.1,20.2,0.8,-27.6,-1.5,-33.9,-3.5,,,2024-05
2024-05-21,9958,世紀鋼,鋼鐵工業,觸發,進榜即觸發,251.88,80.0,6.0,0,251.88,24.0,0.9,-25.4,-1.2,-31.9,-3.4,,,259.7,3.1,20.2,0.8,-27.6,-1.5,-33.9,-3.5,,,2024-05
2024-05-21,3491,昇達科,通信網路業,進榜,觸發,241.96,79.0,2.0,0,,14.2,0.9,27.0,-1.2,18.5,-3.4,,,247.3,2.2,11.7,0.8,24.2,-1.5,15.9,-3.5,,,2024-05
2024-05-21,3491,昇達科,通信網路業,觸發,進榜即觸發,241.96,79.0,2.0,0,241.96,14.2,0.9,27.0,-1.2,18.5,-3.4,,,247.3,2.2,11.7,0.8,24.2,-1.5,15.9,-3.5,,,2024-05
2024-05-21,2464,盟立,其他電子業,進榜,觸發,54.55,77.0,2.0,0,,13.8,0.9,52.9,-1.2,37.4,-3.4,,,55.2,1.3,12.4,0.8,51.0,-1.5,35.7,-3.5,,,2024-05
2024-05-21,2464,盟立,其他電子業,觸發,進榜即觸發,54.55,77.0,2.0,0,54.55,13.8,0.9,52.9,-1.2,37.4,-3.4,,,55.2,1.3,12.4,0.8,51.0,-1.5,35.7,-3.5,,,2024-05
2024-05-21,3047,訊舟,通信網路業,進榜,觸發,20.76,71.0,2.0,0,,16.4,0.9,111.6,-1.2,73.4,-3.4,,,20.7,-0.2,16.7,0.8,112.1,-1.5,73.8,-3.5,,,2024-05
2024-05-21,3047,訊舟,通信網路業,觸發,進榜即觸發,20.76,71.0,2.0,0,20.76,16.4,0.9,111.6,-1.2,73.4,-3.4,,,20.7,-0.2,16.7,0.8,112.1,-1.5,73.8,-3.5,,,2024-05
2024-05-21,1587,吉茂,汽車工業,進榜,準備,72.21,100.0,1.0,0,,-21.8,0.9,-33.2,-1.2,-35.7,-3.4,,,71.4,-1.1,-20.9,0.8,-32.5,-1.5,-34.9,-3.5,,,2024-05
2024-05-21,3060,銘異,電子工業,進榜,準備,34.15,89.0,3.0,0,,-6.4,0.9,-20.3,-1.2,-32.0,-3.4,,,35.1,2.8,-9.0,0.8,-22.5,-1.5,-33.9,-3.5,,,2024-05
2024-05-21,2451,創見,半導體業,移出,掉出掃描母體,96.94,71.0,,1,,,,,,,,,,,,,,,,,,,,2024-05
2024-05-21,2211,長榮鋼,鋼鐵工業,移出,掉出掃描母體,115.06,85.0,,176,,,,,,,,,,,,,,,,,,,,2024-05
2024-05-21,9939,宏全,其他,移出,掉出掃描母體,143.16,71.0,,40,,,,,,,,,,,,,,,,,,,,2024-05
2024-05-22,2365,昆盈,電子工業,進榜,觸發,24.81,88.0,3.0,0,,47.9,1.0,156.7,-1.4,73.5,-4.5,,,26.5,6.8,38.4,1.2,140.2,-1.2,62.4,-4.3,,,2024-05
2024-05-22,2365,昆盈,電子工業,觸發,進榜即觸發,24.81,88.0,3.0,0,24.81,47.9,1.0,156.7,-1.4,73.5,-4.5,,,26.5,6.8,38.4,1.2,140.2,-1.2,62.4,-4.3,,,2024-05
2024-05-22,5371,中光電,光電業,進榜,觸發,105.79,82.0,3.0,0,,-20.4,1.0,-23.8,-1.4,-38.4,-4.5,,,110.4,4.4,-23.8,1.2,-27.0,-1.2,-41.0,-4.3,,,2024-05
2024-05-22,5371,中光電,光電業,觸發,進榜即觸發,105.79,82.0,3.0,0,105.79,-20.4,1.0,-23.8,-1.4,-38.4,-4.5,,,110.4,4.4,-23.8,1.2,-27.0,-1.2,-41.0,-4.3,,,2024-05
2024-05-22,5347,世界,半導體業,進榜,準備,89.65,71.0,2.0,0,,25.2,1.0,29.2,-1.4,-5.0,-4.5,,,91.4,2.0,22.8,1.2,26.7,-1.2,-6.9,-4.3,,,2024-05
2024-05-22,2392,正崴,電子零組件業,觸發,等待後觸發,60.55,83.0,2.0,2,53.56,16.6,1.0,2.5,-1.4,10.9,-4.5,,,64.4,6.4,9.6,1.2,-3.8,-1.2,4.2,-4.3,,,2024-05
2024-05-22,2489,瑞軒,光電業,移出,掉出掃描母體,18.64,78.0,,6,,,,,,,,,,,,,,,,,,,,2024-05
2024-05-22,4766,南寶,化學工業,移出,掉出掃描母體,328.47,78.0,,42,,,,,,,,,,,,,,,,,,,,2024-05
2024-05-22,6189,豐藝,電子工業,移出,掉出掃描母體,65.27,73.0,,7,,,,,,,,,,,,,,,,,,,,2024-05
2024-05-22,3047,訊舟,通信網路業,移出,掉出掃描母體,20.76,71.0,,1,,,,,,,,,,,,,,,,,,,,2024-05
2024-05-23,6117,迎廣,電子工業,進榜,觸發,114.72,94.0,6.0,0,,0.0,2.4,-6.2,-0.2,-23.4,-2.8,,,118.5,3.3,-3.2,2.9,-9.2,0.0,-25.8,-2.5,,,2024-05
2024-05-23,6117,迎廣,電子工業,觸發,進榜即觸發,114.72,94.0,6.0,0,114.72,0.0,2.4,-6.2,-0.2,-23.4,-2.8,,,118.5,3.3,-3.2,2.9,-9.2,0.0,-25.8,-2.5,,,2024-05
2024-05-23,3708,上緯投控,化學工業,移出,掉出掃描母體,126.62,71.0,,35,,,,,,,,,,,,,,,,,,,,2024-05
2024-05-23,2540,愛山林,建材營造,移出,離高點太遠,61.11,90.0,,27,,,,,,,,,,,,,,,,,,,,2024-05
2024-05-23,2467,志聖,電子工業,移出,離高點太遠,129.55,96.0,,7,,,,,,,,,,,,,,,,,,,,2024-05
2024-05-23,1319,東陽,汽車工業,移出,掉出掃描母體,105.31,72.0,,3,,,,,,,,,,,,,,,,,,,,2024-05
2024-05-23,2009,第一銅,鋼鐵工業,移出,離高點太遠,52.63,90.0,,2,,,,,,,,,,,,,,,,,,,,2024-05
2024-05-24,3564,其陽,通信網路業,進榜,觸發,93.79,98.0,4.0,0,,0.9,1.6,-6.2,-0.4,-17.0,-3.3,,,97.5,4.0,-2.9,1.5,-9.8,-0.7,-20.2,-3.5,,,2024-05
2024-05-24,3564,其陽,通信網路業,觸發,進榜即觸發,93.79,98.0,4.0,0,93.79,0.9,1.6,-6.2,-0.4,-17.0,-3.3,,,97.5,4.0,-2.9,1.5,-9.8,-0.7,-20.2,-3.5,,,2024-05
2024-05-24,6125,廣運,光電業,進榜,觸發,115.74,95.0,2.0,0,,-9.9,1.6,-15.5,-0.4,-28.6,-3.3,,,119.1,2.9,-12.4,1.5,-17.9,-0.7,-30.6,-3.5,,,2024-05
2024-05-24,6125,廣運,光電業,觸發,進榜即觸發,115.74,95.0,2.0,0,115.74,-9.9,1.6,-15.5,-0.4,-28.6,-3.3,,,119.1,2.9,-12.4,1.5,-17.9,-0.7,-30.6,-3.5,,,2024-05
2024-05-24,3055,蔚華科,電子通路業,進榜,觸發,89.32,90.0,5.0,0,,-1.8,1.6,-20.2,-0.4,-25.3,-3.3,,,91.9,2.9,-4.6,1.5,-22.5,-0.7,-27.4,-3.5,,,2024-05
2024-05-24,3055,蔚華科,電子通路業,觸發,進榜即觸發,89.32,90.0,5.0,0,89.32,-1.8,1.6,-20.2,-0.4,-25.3,-3.3,,,91.9,2.9,-4.6,1.5,-22.5,-0.7,-27.4,-3.5,,,2024-05
2024-05-24,6231,系微,資訊服務業,進榜,觸發,239.91,82.0,6.0,0,,23.3,1.6,73.0,-0.4,96.0,-3.3,,,243.1,1.3,21.7,1.5,70.8,-0.7,93.5,-3.5,,,2024-05
2024-05-24,6231,系微,資訊服務業,觸發,進榜即觸發,239.91,82.0,6.0,0,239.91,23.3,1.6,73.0,-0.4,96.0,-3.3,,,243.1,1.3,21.7,1.5,70.8,-0.7,93.5,-3.5,,,2024-05
2024-05-24,2489,瑞軒,光電業,進榜,觸發,19.09,77.0,2.0,0,,3.4,1.6,19.9,-0.4,-1.4,-3.3,,,19.8,3.9,-0.5,1.5,15.4,-0.7,-5.1,-3.5,,,2024-05
2024-05-24,2489,瑞軒,光電業,觸發,進榜即觸發,19.09,77.0,2.0,0,19.09,3.4,1.6,19.9,-0.4,-1.4,-3.3,,,19.8,3.9,-0.5,1.5,15.4,-0.7,-5.1,-3.5,,,2024-05
2024-05-24,2615,萬海,航運業,進榜,準備,68.33,83.0,2.0,0,,20.7,1.6,9.3,-0.4,28.9,-3.3,,,71.2,4.1,15.9,1.5,5.0,-0.7,23.8,-3.5,,,2024-05
2024-05-24,2353,宏碁,電子工業,進榜,準備,51.18,76.0,2.0,0,,-15.5,1.6,-22.6,-0.4,-32.1,-3.3,,,52.0,1.6,-16.8,1.5,-23.8,-0.7,-33.1,-3.5,,,2024-05
2024-05-24,3047,訊舟,通信網路業,進榜,準備,21.45,72.0,2.0,0,,20.5,1.6,105.3,-0.4,56.8,-3.3,,,21.9,2.3,17.8,1.5,100.7,-0.7,53.3,-3.5,,,2024-05
2024-05-24,2891,中信金,金融保險,移出,掉出掃描母體,33.16,72.0,,9,,,,,,,,,,,,,,,,,,,,2024-05
2024-05-24,5347,世界,半導體業,移出,掉出掃描母體,89.65,72.0,,2,,,,,,,,,,,,,,,,,,,,2024-05
2024-05-27,3466,德晉,通信網路業,進榜,觸發,79.75,100.0,2.0,0,,5.4,1.2,-13.2,-0.9,-24.7,-3.8,,,83.6,4.8,0.6,1.2,-17.2,-1.2,-28.1,-4.0,,,2024-05
2024-05-27,3466,德晉,通信網路業,觸發,進榜即觸發,79.75,100.0,2.0,0,79.75,5.4,1.2,-13.2,-0.9,-24.7,-3.8,,,83.6,4.8,0.6,1.2,-17.2,-1.2,-28.1,-4.0,,,2024-05
2024-05-27,3450,聯鈞,其他電子業,進榜,觸發,95.78,82.0,5.0,0,,19.5,1.2,42.4,-0.9,138.6,-3.8,,,98.6,2.9,16.2,1.2,38.4,-1.2,131.8,-4.0,,,2024-05
2024-05-27,3450,聯鈞,其他電子業,觸發,進榜即觸發,95.78,82.0,5.0,0,95.78,19.5,1.2,42.4,-0.9,138.6,-3.8,,,98.6,2.9,16.2,1.2,38.4,-1.2,131.8,-4.0,,,2024-05
2024-05-27,8027,鈦昇,電機機械,進榜,觸發,110.5,76.0,5.0,0,,25.3,1.2,-12.7,-0.9,-14.2,-3.8,,,113.5,2.7,22.0,1.2,-15.0,-1.2,-16.5,-4.0,,,2024-05
2024-05-27,8027,鈦昇,電機機械,觸發,進榜即觸發,110.5,76.0,5.0,0,110.5,25.3,1.2,-12.7,-0.9,-14.2,-3.8,,,113.5,2.7,22.0,1.2,-15.0,-1.2,-16.5,-4.0,,,2024-05
2024-05-27,3312,弘憶股,電子工業,進榜,準備,51.18,95.0,3.0,0,,27.3,1.2,63.5,-0.9,13.3,-3.8,,,56.2,9.8,15.9,1.2,48.8,-1.2,3.1,-4.0,,,2024-05
2024-05-27,6197,佳必琪,電子零組件業,進榜,準備,150.69,91.0,3.0,0,,13.1,1.2,8.8,-0.9,-3.6,-3.8,,,149.3,-0.9,14.1,1.2,9.8,-1.2,-2.7,-4.0,,,2024-05
2024-05-27,6227,茂綸,電子通路業,進榜,準備,70.46,91.0,3.0,0,,0.9,1.2,-3.8,-0.9,-6.3,-3.8,,,71.6,1.6,-0.7,1.2,-5.4,-1.2,-7.8,-4.0,,,2024-05
2024-05-27,6275,元山,其他電子類,進榜,準備,60.03,80.0,3.0,0,,-9.8,1.2,-27.3,-0.9,-24.5,-3.8,,,61.5,2.4,-11.9,1.2,-29.0,-1.2,-26.3,-4.0,,,2024-05
2024-05-27,3413,京鼎,半導體業,進榜,準備,280.79,77.0,2.0,0,,1.0,1.2,9.5,-0.9,3.6,-3.8,,,278.1,-1.0,2.0,1.2,10.6,-1.2,4.6,-4.0,,,2024-05
2024-05-27,6189,豐藝,電子工業,進榜,準備,68.82,76.0,3.0,0,,-4.3,1.2,-2.0,-0.9,-4.8,-3.8,,,71.9,4.4,-8.4,1.2,-6.1,-1.2,-8.9,-4.0,,,2024-05
2024-05-27,2330,台積電,半導體業,移出,掉出掃描母體,837.79,72.0,,19,,,,,,,,,,,,,,,,,,,,2024-05
2024-05-27,2855,統一證,金融保險,移出,掉出掃描母體,20.86,71.0,,32,,,,,,,,,,,,,,,,,,,,2024-05
2024-05-28,5230,雷笛克光學,光電業,進榜,準備,36.75,81.0,3.0,0,,4.5,0.6,-16.9,-1.6,-18.2,-3.8,,,37.5,2.0,2.4,0.5,-18.5,-1.6,-19.8,-4.0,,,2024-05
2024-05-28,3356,奇偶,光電業,進榜,準備,61.86,79.0,2.0,0,,0.7,0.6,-0.3,-1.6,-16.1,-3.8,,,62.3,0.7,0.0,0.5,-1.0,-1.6,-16.8,-4.0,,,2024-05
2024-05-28,3047,訊舟,通信網路業,觸發,等待後觸發,24.06,82.0,2.0,4,21.55,18.0,0.6,75.8,-1.6,39.3,-3.8,,,24.9,3.3,14.3,0.5,70.2,-1.6,34.9,-4.0,,,2024-05
2024-05-28,3312,弘憶股,電子工業,觸發,等待後觸發,56.21,97.0,3.0,1,51.75,27.4,0.6,51.7,-1.6,3.5,-3.8,,,61.8,10.0,15.8,0.5,37.9,-1.6,-5.9,-4.0,,,2024-05
2024-05-28,6227,茂綸,電子通路業,觸發,等待後觸發,77.42,92.0,3.0,1,70.46,-9.8,0.6,-10.8,-1.6,-13.2,-3.8,,,80.6,4.2,-13.4,0.5,-14.4,-1.6,-16.7,-4.0,,,2024-05
2024-05-28,5434,崇越,電子工業,移出,掉出掃描母體,237.88,70.0,,56,,,,,,,,,,,,,,,,,,,,2024-05
2024-05-29,1815,富喬,電子零組件業,進榜,觸發,26.72,82.0,5.0,0,,-7.8,0.3,-17.5,-1.4,3.2,-3.3,,,26.7,0.0,-7.8,0.6,-17.5,-1.2,3.2,-3.2,,,2024-05
2024-05-29,1815,富喬,電子零組件業,觸發,進榜即觸發,26.72,82.0,5.0,0,26.72,-7.8,0.3,-17.5,-1.4,3.2,-3.3,,,26.7,0.0,-7.8,0.6,-17.5,-1.2,3.2,-3.2,,,2024-05
2024-05-29,4967,十銓,半導體業,進榜,觸發,114.26,71.0,3.0,0,,18.1,0.3,4.0,-1.4,-26.2,-3.3,,,115.6,1.2,16.7,0.6,2.8,-1.2,-27.1,-3.2,,,2024-05
2024-05-29,4967,十銓,半導體業,觸發,進榜即觸發,114.26,71.0,3.0,0,114.26,18.1,0.3,4.0,-1.4,-26.2,-3.3,,,115.6,1.2,16.7,0.6,2.8,-1.2,-27.1,-3.2,,,2024-05
2024-05-29,6239,力成,半導體業,進榜,準備,168.48,80.0,2.0,0,,0.5,0.3,-21.0,-1.4,-30.1,-3.3,,,166.7,-1.1,1.6,0.6,-20.1,-1.2,-29.3,-3.2,,,2024-05
2024-05-29,5434,崇越,電子工業,進榜,準備,240.58,70.0,1.0,0,,6.1,0.3,7.6,-1.4,19.5,-3.3,,,240.1,-0.2,6.3,0.6,7.8,-1.2,19.7,-3.2,,,2024-05
2024-05-29,5230,雷笛克光學,光電業,觸發,等待後觸發,40.42,87.0,3.0,1,37.08,-8.4,0.3,-25.5,-1.4,-24.2,-3.3,,,40.2,-0.5,-7.9,0.6,-25.1,-1.2,-23.8,-3.2,,,2024-05
2024-05-29,3413,京鼎,半導體業,移出,掉出掃描母體,270.11,71.0,,2,,,,,,,,,,,,,,,,,,,,2024-05
2024-05-30,2348,海悅,其他,進榜,準備,137.4,97.0,1.0,0,,3.3,1.3,50.2,-0.8,2.4,-3.0,,,137.4,0.0,3.3,1.1,50.2,-1.0,2.4,-3.3,,,2024-05
2024-05-30,4915,致伸,電子零組件業,進榜,準備,84.97,77.0,1.0,0,,-1.6,1.3,-6.2,-0.8,-14.8,-3.0,,,86.9,2.2,-3.7,1.1,-8.2,-1.0,-16.7,-3.3,,,2024-05
2024-05-30,5347,世界,半導體業,進榜,準備,94.53,72.0,2.0,0,,21.6,1.3,19.1,-0.8,-11.0,-3.0,,,93.6,-0.9,22.7,1.1,20.2,-1.0,-10.2,-3.3,,,2024-05
2024-05-30,1587,吉茂,汽車工業,移出,離高點太遠,62.4,100.0,,9,,,,,,,,,,,,,,,,,,,,2024-05
2024-05-30,3060,銘異,電子工業,移出,晚期未觸發,31.97,85.0,,9,,,,,,,,,,,,,,,,,,,,2024-05
2024-05-30,2353,宏碁,電子工業,移出,掉出掃描母體,47.8,70.0,,6,,,,,,,,,,,,,,,,,,,,2024-05
2024-05-30,6125,廣運,光電業,移出,離高點太遠,108.44,87.0,,6,,,,,,,,,,,,,,,,,,,,2024-05
2024-05-30,6189,豐藝,電子工業,移出,離高點太遠,66.65,74.0,,3,,,,,,,,,,,,,,,,,,,,2024-05
2024-05-30,4967,十銓,半導體業,移出,掉出掃描母體,114.26,71.0,,1,,,,,,,,,,,,,,,,,,,,2024-05
2024-05-31,2537,聯上發,建材營造,進榜,觸發,19.45,96.0,1.0,0,,9.3,1.0,8.7,-1.2,-27.0,-4.4,,,20.2,3.6,5.5,0.7,5.0,-1.5,-29.5,-5.0,,,2024-05
2024-05-31,2537,聯上發,建材營造,觸發,進榜即觸發,19.45,96.0,1.0,0,19.45,9.3,1.0,8.7,-1.2,-27.0,-4.4,,,20.2,3.6,5.5,0.7,5.0,-1.5,-29.5,-5.0,,,2024-05
2024-05-31,2597,潤弘,建材營造,進榜,準備,96.46,86.0,1.0,0,,-2.6,1.0,18.4,-1.2,11.3,-4.4,,,96.5,0.0,-2.6,0.7,18.4,-1.5,11.3,-5.0,,,2024-05
2024-05-31,2867,三商壽,金融保險,進榜,準備,7.49,79.0,2.0,0,,-4.3,1.0,5.9,-1.2,-11.9,-4.4,,,7.5,0.0,-4.3,0.7,5.9,-1.5,-11.9,-5.0,,,2024-05
2024-05-31,2451,創見,半導體業,進榜,準備,102.15,76.0,0.0,0,,-4.3,1.0,-9.9,-1.2,-18.2,-4.4,,,100.8,-1.3,-3.0,0.7,-8.7,-1.5,-17.1,-5.0,,,2024-05
2024-05-31,5434,崇越,電子工業,移出,掉出掃描母體,241.03,73.0,,2,,,,,,,,,,,,,,,,,,,,2024-05
2024-05-31,3234,光環,通信網路業,移出,離高點太遠,45.31,78.0,,36,,,,,,,,,,,,,,,,,,,,2024-05
2024-05-31,6230,尼得科超眾,電子工業,移出,離高點太遠,338.46,98.0,,10,,,,,,,,,,,,,,,,,,,,2024-05
2024-05-31,6239,力成,半導體業,移出,掉出掃描母體,166.25,81.0,,2,,,,,,,,,,,,,,,,,,,,2024-05
2024-06-03,8147,正淩,電子零組件業,進榜,觸發,127.58,81.0,4.0,0,,-8.5,0.5,4.5,-1.4,-26.5,-5.6,,,127.6,0.0,-8.5,0.5,4.5,-1.4,-26.5,-5.7,,,2024-06
2024-06-03,8147,正淩,電子零組件業,觸發,進榜即觸發,127.58,81.0,4.0,0,127.58,-8.5,0.5,4.5,-1.4,-26.5,-5.6,,,127.6,0.0,-8.5,0.5,4.5,-1.4,-26.5,-5.7,,,2024-06
2024-06-03,4967,十銓,半導體業,進榜,觸發,120.71,79.0,3.0,0,,9.2,0.5,-3.1,-1.4,-33.1,-5.6,,,123.5,2.3,6.7,0.5,-5.2,-1.4,-34.6,-5.7,,,2024-06
2024-06-03,4967,十銓,半導體業,觸發,進榜即觸發,120.71,79.0,3.0,0,120.71,9.2,0.5,-3.1,-1.4,-33.1,-5.6,,,123.5,2.3,6.7,0.5,-5.2,-1.4,-34.6,-5.7,,,2024-06
2024-06-03,6125,廣運,光電業,進榜,準備,130.81,93.0,2.0,0,,-18.7,0.5,-27.7,-1.4,-38.2,-5.6,,,130.8,0.0,-18.7,0.5,-27.7,-1.4,-38.2,-5.7,,,2024-06
2024-06-03,5522,遠雄,建材營造,進榜,準備,81.03,85.0,1.0,0,,-8.3,0.5,-14.4,-1.4,-30.3,-5.6,,,80.9,-0.1,-8.2,0.5,-14.3,-1.4,-30.3,-5.7,,,2024-06
2024-06-03,2543,皇昌,建材營造,進榜,準備,32.46,84.0,3.0,0,,-5.5,0.5,50.8,-1.4,85.8,-5.6,,,32.8,1.0,-6.4,0.5,49.3,-1.4,84.0,-5.7,,,2024-06
2024-06-03,3376,新日興,電子零組件業,進榜,準備,199.78,78.0,3.0,0,,2.3,0.5,6.1,-1.4,-12.5,-5.6,,,201.6,0.9,1.4,0.5,5.1,-1.4,-13.3,-5.7,,,2024-06
2024-06-03,2442,新美齊,電子工業,進榜,準備,31.7,71.0,2.0,0,,-7.5,0.5,0.9,-1.4,-23.5,-5.6,,,31.6,-0.4,-7.1,0.5,1.3,-1.4,-23.1,-5.7,,,2024-06
2024-06-03,5434,崇越,電子工業,進榜,準備,238.33,71.0,1.0,0,,7.5,0.5,10.4,-1.4,15.5,-5.6,,,240.1,0.8,6.7,0.5,9.6,-1.4,14.6,-5.7,,,2024-06
2024-06-03,5347,世界,半導體業,移出,掉出掃描母體,95.42,73.0,,4,,,,,,,,,,,,,,,,,,,,2024-06
2024-06-03,2451,創見,半導體業,移出,掉出掃描母體,102.15,76.0,,3,,,,,,,,,,,,,,,,,,,,2024-06
2024-06-03,2476,鉅祥,電子零組件業,移出,掉出掃描母體,85.27,75.0,,20,,,,,,,,,,,,,,,,,,,,2024-06
2024-06-03,3450,聯鈞,其他電子業,移出,突破失敗,88.02,72.0,,7,,,,,,,,,,,,,,,,,,,,2024-06
2024-06-04,2520,冠德,建材營造,進榜,準備,48.1,84.0,1.0,0,,-3.9,1.3,-3.4,-0.7,0.1,-5.0,,,48.2,0.2,-4.1,1.1,-3.6,-0.9,-0.0,-5.3,,,2024-06
2024-06-04,2545,皇翔,建材營造,進榜,準備,49.28,81.0,2.0,0,,-6.6,1.3,6.8,-0.7,26.8,-5.0,,,49.7,1.0,-7.4,1.1,5.8,-0.9,25.6,-5.3,,,2024-06
2024-06-04,2855,統一證,金融保險,進榜,準備,21.46,70.0,1.0,0,,11.4,1.3,2.3,-0.7,2.3,-5.0,,,21.5,0.0,11.4,1.1,2.3,-0.9,2.3,-5.3,,,2024-06
2024-06-04,5522,遠雄,建材營造,觸發,等待後觸發,84.27,88.0,1.0,1,82.74,-11.6,1.3,-15.3,-0.7,-30.6,-5.0,,,84.3,0.0,-11.6,1.1,-15.3,-0.9,-30.6,-5.3,,,2024-06
2024-06-04,5432,新門,光電業,移出,離高點太遠,199.78,96.0,,14,,,,,,,,,,,,,,,,,,,,2024-06
2024-06-04,5371,中光電,光電業,移出,離高點太遠,95.54,71.0,,13,,,,,,,,,,,,,,,,,,,,2024-06
2024-06-04,2489,瑞軒,光電業,移出,離高點太遠,20.22,82.0,,11,,,,,,,,,,,,,,,,,,,,2024-06
2024-06-04,6275,元山,其他電子類,移出,掉出掃描母體,60.12,76.0,,8,,,,,,,,,,,,,,,,,,,,2024-06
2024-06-04,8147,正淩,電子零組件業,移出,離高點太遠,117.65,71.0,,1,,,,,,,,,,,,,,,,,,,,2024-06
2024-06-05,3564,其陽,通信網路業,移出,離高點太遠,114.42,97.0,,12,,,,,,,,,,,,,,,,,,,,2024-06
2024-06-05,4532,瑞智,電機機械,移出,掉出掃描母體,25.87,73.0,,28,,,,,,,,,,,,,,,,,,,,2024-06
2024-06-05,2365,昆盈,電子工業,移出,離高點太遠,32.03,96.0,,14,,,,,,,,,,,,,,,,,,,,2024-06
2024-06-05,3055,蔚華科,電子通路業,移出,離高點太遠,83.11,89.0,,12,,,,,,,,,,,,,,,,,,,,2024-06
2024-06-05,6227,茂綸,電子通路業,移出,離高點太遠,73.41,87.0,,9,,,,,,,,,,,,,,,,,,,,2024-06
2024-06-05,6125,廣運,光電業,移出,離高點太遠,114.77,87.0,,2,,,,,,,,,,,,,,,,,,,,2024-06
2024-06-06,4566,時碩工業,電機機械,進榜,觸發,77.09,81.0,3.0,0,,13.6,3.0,20.5,-0.9,-2.0,-4.1,,,79.2,2.7,10.6,3.0,17.3,-1.1,-4.6,-4.2,,,2024-06
2024-06-06,4566,時碩工業,電機機械,觸發,進榜即觸發,77.09,81.0,3.0,0,77.09,13.6,3.0,20.5,-0.9,-2.0,-4.1,,,79.2,2.7,10.6,3.0,17.3,-1.1,-4.6,-4.2,,,2024-06
2024-06-06,3675,德微,半導體業,進榜,觸發,338.16,78.0,4.0,0,,7.3,3.0,-13.6,-0.9,-26.4,-4.1,,,342.9,1.4,5.8,3.0,-14.8,-1.1,-27.4,-4.2,,,2024-06
2024-06-06,3675,德微,半導體業,觸發,進榜即觸發,338.16,78.0,4.0,0,338.16,7.3,3.0,-13.6,-0.9,-26.4,-4.1,,,342.9,1.4,5.8,3.0,-14.8,-1.1,-27.4,-4.2,,,2024-06
2024-06-06,1615,大山,電器電纜,進榜,準備,52.58,88.0,0.0,0,,0.7,3.0,5.1,-0.9,-3.6,-4.1,,,52.9,0.6,0.1,3.0,4.5,-1.1,-4.1,-4.2,,,2024-06
2024-06-06,6863,永道-KY,電子工業,進榜,準備,226.03,83.0,3.0,0,,5.2,3.0,10.0,-0.9,-7.9,-4.1,,,224.6,-0.6,5.9,3.0,10.7,-1.1,-7.4,-4.2,,,2024-06
2024-06-06,8085,福華,其他電子類,進榜,準備,76.6,82.0,3.0,0,,-11.6,3.0,-40.9,-0.9,-50.5,-4.1,,,76.9,0.4,-12.0,3.0,-41.1,-1.1,-50.7,-4.2,,,2024-06
2024-06-06,2330,台積電,半導體業,進榜,準備,863.88,74.0,0.0,0,,12.9,3.0,5.6,-0.9,19.0,-4.1,,,855.2,-1.0,14.0,3.0,6.6,-1.1,20.2,-4.2,,,2024-06
2024-06-06,3293,鈊象,文化創意業,進榜,準備,486.86,74.0,3.0,0,,18.9,3.0,44.7,-0.9,84.3,-4.1,,,486.9,0.0,18.9,3.0,44.7,-1.1,84.3,-4.2,,,2024-06
2024-06-06,2615,萬海,航運業,觸發,等待後觸發,88.31,94.0,2.0,13,68.42,-11.9,3.0,-16.4,-0.9,-9.4,-4.1,,,89.1,0.9,-12.8,3.0,-17.1,-1.1,-10.3,-4.2,,,2024-06
2024-06-06,2362,藍天,電子工業,移出,離高點太遠,50.21,84.0,,23,,,,,,,,,,,,,,,,,,,,2024-06
2024-06-06,2464,盟立,其他電子業,移出,離高點太遠,61.39,86.0,,16,,,,,,,,,,,,,,,,,,,,2024-06
2024-06-06,2442,新美齊,電子工業,移出,掉出掃描母體,31.14,70.0,,3,,,,,,,,,,,,,,,,,,,,2024-06
2024-06-06,2543,皇昌,建材營造,移出,晚期未觸發,28.85,76.0,,3,,,,,,,,,,,,,,,,,,,,2024-06
2024-06-07,6186,新潤,建材營造,進榜,觸發,64.46,89.0,1.0,0,,-3.9,2.0,10.9,-4.3,-27.4,-4.5,,,64.8,0.5,-4.3,1.9,10.3,-4.4,-27.8,-4.7,,,2024-06
2024-06-07,6186,新潤,建材營造,觸發,進榜即觸發,64.46,89.0,1.0,0,64.46,-3.9,2.0,10.9,-4.3,-27.4,-4.5,,,64.8,0.5,-4.3,1.9,10.3,-4.4,-27.8,-4.7,,,2024-06
2024-06-07,2451,創見,半導體業,進榜,觸發,106.06,75.0,0.0,0,,-5.5,2.0,-14.9,-4.3,-21.4,-4.5,,,104.3,-1.6,-3.9,1.9,-13.5,-4.4,-20.1,-4.7,,,2024-06
2024-06-07,2451,創見,半導體業,觸發,進榜即觸發,106.06,75.0,0.0,0,106.06,-5.5,2.0,-14.9,-4.3,-21.4,-4.5,,,104.3,-1.6,-3.9,1.9,-13.5,-4.4,-20.1,-4.7,,,2024-06
2024-06-07,4513,福裕,電機機械,進榜,準備,44.71,98.0,3.0,0,,-16.3,2.0,54.5,-4.3,-16.0,-4.5,,,43.5,-2.8,-13.9,1.9,59.0,-4.4,-13.6,-4.7,,,2024-06
2024-06-07,2548,華固,建材營造,進榜,準備,121.21,90.0,1.0,0,,-7.0,2.0,-5.7,-4.3,-20.7,-4.5,,,121.9,0.6,-7.6,1.9,-6.3,-4.4,-21.1,-4.7,,,2024-06
2024-06-07,3455,由田,光電業,進榜,準備,105.19,82.0,2.0,0,,18.7,2.0,7.1,-4.3,12.9,-4.5,,,102.9,-2.1,21.3,1.9,9.5,-4.4,15.4,-4.7,,,2024-06
2024-06-07,5347,世界,半導體業,進榜,準備,98.52,73.0,2.0,0,,14.8,2.0,12.9,-4.3,-11.2,-4.5,,,98.5,0.0,14.8,1.9,12.9,-4.4,-11.2,-4.7,,,2024-06
2024-06-07,2855,統一證,金融保險,移出,掉出掃描母體,22.52,75.0,,3,,,,,,,,,,,,,,,,,,,,2024-06
2024-06-07,2330,台積電,半導體業,移出,掉出掃描母體,863.88,74.0,,1,,,,,,,,,,,,,,,,,,,,2024-06
2024-06-07,3293,鈊象,文化創意業,移出,掉出掃描母體,486.86,74.0,,1,,,,,,,,,,,,,,,,,,,,2024-06
2024-06-07,6117,迎廣,電子工業,移出,離高點太遠,126.57,96.0,,15,,,,,,,,,,,,,,,,,,,,2024-06
2024-06-11,5274,信驊,半導體業,進榜,觸發,4200.18,84.0,5.0,0,,-2.3,2.0,3.0,-3.7,-10.1,-3.9,,,4520.9,7.6,-9.3,1.9,-4.3,-3.8,-16.5,-4.0,,,2024-06
2024-06-11,5274,信驊,半導體業,觸發,進榜即觸發,4200.18,84.0,5.0,0,4200.18,-2.3,2.0,3.0,-3.7,-10.1,-3.9,,,4520.9,7.6,-9.3,1.9,-4.3,-3.8,-16.5,-4.0,,,2024-06
2024-06-11,3622,洋華,光電業,進榜,觸發,62.21,81.0,4.0,0,,4.3,2.0,-8.0,-3.7,8.1,-3.9,,,63.3,1.8,2.5,1.9,-9.6,-3.8,6.3,-4.0,,,2024-06
2024-06-11,3622,洋華,光電業,觸發,進榜即觸發,62.21,81.0,4.0,0,62.21,4.3,2.0,-8.0,-3.7,8.1,-3.9,,,63.3,1.8,2.5,1.9,-9.6,-3.8,6.3,-4.0,,,2024-06
2024-06-11,2351,順德,電子工業,進榜,觸發,153.84,77.0,2.0,0,,-22.3,2.0,-22.8,-3.7,-36.8,-3.9,,,159.0,3.4,-24.9,1.9,-25.3,-3.8,-38.9,-4.0,,,2024-06
2024-06-11,2351,順德,電子工業,觸發,進榜即觸發,153.84,77.0,2.0,0,153.84,-22.3,2.0,-22.8,-3.7,-36.8,-3.9,,,159.0,3.4,-24.9,1.9,-25.3,-3.8,-38.9,-4.0,,,2024-06
2024-06-11,3583,辛耘,半導體業,進榜,準備,338.02,78.0,3.0,0,,29.2,2.0,7.4,-3.7,29.8,-3.9,,,340.9,0.9,28.1,1.9,6.5,-3.8,28.7,-4.0,,,2024-06
2024-06-11,5347,世界,半導體業,觸發,等待後觸發,99.85,75.0,2.0,4,99.41,13.2,2.0,9.1,-3.7,-12.7,-3.9,,,96.3,-3.6,17.4,1.9,13.1,-3.8,-9.5,-4.0,,,2024-06
2024-06-11,4513,福裕,電機機械,移出,晚期未觸發,40.28,95.0,,4,,,,,,,,,,,,,,,,,,,,2024-06
2024-06-11,2637,慧洋-KY,航運業,移出,掉出掃描母體,65.32,74.0,,53,,,,,,,,,,,,,,,,,,,,2024-06
2024-06-11,2359,所羅門,其他電子業,移出,離高點太遠,152.11,100.0,,27,,,,,,,,,,,,,,,,,,,,2024-06
2024-06-11,4533,協易機,電機機械,移出,離高點太遠,43.74,90.0,,25,,,,,,,,,,,,,,,,,,,,2024-06
2024-06-11,5392,能率,光電業,移出,離高點太遠,32.66,74.0,,21,,,,,,,,,,,,,,,,,,,,2024-06
2024-06-11,5230,雷笛克光學,光電業,移出,離高點太遠,35.2,71.0,,14,,,,,,,,,,,,,,,,,,,,2024-06
2024-06-12,4909,新復興,通信網路業,進榜,觸發,85.67,99.0,5.0,0,,17.3,2.6,36.5,-3.2,27.4,-3.7,,,87.9,2.6,14.3,2.3,33.1,-3.6,24.2,-3.8,,,2024-06
2024-06-12,4909,新復興,通信網路業,觸發,進榜即觸發,85.67,99.0,5.0,0,85.67,17.3,2.6,36.5,-3.2,27.4,-3.7,,,87.9,2.6,14.3,2.3,33.1,-3.6,24.2,-3.8,,,2024-06
2024-06-12,2211,長榮鋼,鋼鐵工業,進榜,準備,130.07,85.0,3.0,0,,-13.5,2.6,-16.7,-3.2,-33.7,-3.7,,,129.2,-0.6,-12.9,2.3,-16.1,-3.6,-33.3,-3.8,,,2024-06
2024-06-12,2476,鉅祥,電子零組件業,進榜,準備,95.71,81.0,2.0,0,,5.3,2.6,-4.0,-3.2,-12.1,-3.7,,,96.2,0.5,4.8,2.3,-4.5,-3.6,-12.5,-3.8,,,2024-06
2024-06-12,3406,玉晶光,光電業,進榜,準備,540.28,77.0,3.0,0,,5.8,2.6,-10.9,-3.2,-22.7,-3.7,,,543.9,0.7,5.0,2.3,-11.5,-3.6,-23.3,-3.8,,,2024-06
2024-06-12,6239,力成,半導體業,進榜,準備,168.93,76.0,2.0,0,,4.5,2.6,-24.2,-3.2,-33.0,-3.7,,,169.4,0.3,4.2,2.3,-24.4,-3.6,-33.2,-3.8,,,2024-06
2024-06-12,2330,台積電,半導體業,進榜,準備,878.38,73.0,0.0,0,,15.4,2.6,1.4,-3.2,18.1,-3.7,,,895.4,1.9,13.2,2.3,-0.5,-3.6,15.9,-3.8,,,2024-06
2024-06-12,3293,鈊象,文化創意業,進榜,準備,493.59,71.0,3.0,0,,34.1,2.6,46.2,-3.2,86.3,-3.7,,,502.6,1.8,31.7,2.3,43.6,-3.6,82.9,-3.8,,,2024-06
2024-06-12,2101,南港,橡膠工業,移出,晚期未觸發,59.73,74.0,,48,,,,,,,,,,,,,,,,,,,,2024-06
2024-06-12,2609,陽明,航運業,移出,離高點太遠,59.18,83.0,,30,,,,,,,,,,,,,,,,,,,,2024-06
2024-06-12,2374,佳能,光電業,移出,離高點太遠,45.36,94.0,,30,,,,,,,,,,,,,,,,,,,,2024-06
2024-06-12,2615,萬海,航運業,移出,離高點太遠,75.72,88.0,,19,,,,,,,,,,,,,,,,,,,,2024-06
2024-06-12,3356,奇偶,光電業,移出,掉出掃描母體,65.16,79.0,,15,,,,,,,,,,,,,,,,,,,,2024-06
2024-06-12,5522,遠雄,建材營造,移出,突破失敗,75.9,81.0,,9,,,,,,,,,,,,,,,,,,,,2024-06
2024-06-12,2545,皇翔,建材營造,移出,離高點太遠,45.33,70.0,,8,,,,,,,,,,,,,,,,,,,,2024-06
2024-06-12,3455,由田,光電業,移出,掉出掃描母體,94.89,71.0,,5,,,,,,,,,,,,,,,,,,,,2024-06
2024-06-12,2351,順德,電子工業,移出,掉出掃描母體,153.84,77.0,,1,,,,,,,,,,,,,,,,,,,,2024-06
2024-06-13,2072,世紀風電,鋼鐵工業,進榜,觸發,433.39,85.0,4.0,0,,-14.0,2.3,-29.2,-3.7,-36.5,-4.2,,,422.6,-2.5,-11.8,2.2,-27.4,-3.8,-34.8,-4.3,,,2024-06
2024-06-13,2072,世紀風電,鋼鐵工業,觸發,進榜即觸發,433.39,85.0,4.0,0,433.39,-14.0,2.3,-29.2,-3.7,-36.5,-4.2,,,422.6,-2.5,-11.8,2.2,-27.4,-3.8,-34.8,-4.3,,,2024-06
2024-06-13,8028,昇陽半導體,半導體業,進榜,觸發,75.67,79.0,3.0,0,,61.3,2.3,52.9,-3.7,71.0,-4.2,,,76.2,0.6,60.3,2.2,51.9,-3.8,69.9,-4.3,,,2024-06
2024-06-13,8028,昇陽半導體,半導體業,觸發,進榜即觸發,75.67,79.0,3.0,0,75.67,61.3,2.3,52.9,-3.7,71.0,-4.2,,,76.2,0.6,60.3,2.2,51.9,-3.8,69.9,-4.3,,,2024-06
2024-06-13,3413,京鼎,半導體業,進榜,準備,282.13,77.0,2.0,0,,23.2,2.3,18.5,-3.7,3.8,-4.2,,,283.5,0.5,22.6,2.2,17.9,-3.8,3.3,-4.3,,,2024-06
2024-06-13,6446,藥華藥,生技醫療業,進榜,準備,395.18,72.0,1.0,0,,19.7,2.3,40.0,-3.7,19.3,-4.2,,,399.2,1.0,18.5,2.2,38.5,-3.8,18.1,-4.3,,,2024-06
2024-06-13,3376,新日興,電子零組件業,觸發,等待後觸發,249.84,92.0,3.0,10,201.17,-17.1,2.3,-23.1,-3.7,-22.6,-4.2,,,253.5,1.5,-18.3,2.2,-24.3,-3.8,-23.7,-4.3,,,2024-06
2024-06-13,2597,潤弘,建材營造,移出,掉出掃描母體,95.94,78.0,,13,,,,,,,,,,,,,,,,,,,,2024-06
2024-06-13,6863,永道-KY,電子工業,移出,掉出掃描母體,208.17,70.0,,7,,,,,,,,,,,,,,,,,,,,2024-06
2024-06-14,1519,華城,電機機械,進榜,觸發,666.97,98.0,6.0,0,,-1.4,1.9,-35.0,-4.8,-32.3,-4.7,,,677.8,1.6,-3.0,1.9,-36.1,-4.9,-33.3,-4.7,,,2024-06
2024-06-14,1519,華城,電機機械,觸發,進榜即觸發,666.97,98.0,6.0,0,666.97,-1.4,1.9,-35.0,-4.8,-32.3,-4.7,,,677.8,1.6,-3.0,1.9,-36.1,-4.9,-33.3,-4.7,,,2024-06
2024-06-14,4532,瑞智,電機機械,進榜,準備,26.36,71.0,1.0,0,,-4.5,1.9,-17.0,-4.8,-10.9,-4.7,,,26.7,1.2,-5.6,1.9,-17.9,-4.9,-12.0,-4.7,,,2024-06
2024-06-14,8085,福華,其他電子類,觸發,等待後觸發,85.0,85.0,3.0,8,77.9,-22.0,1.9,-51.6,-4.8,-57.4,-4.7,,,87.0,2.4,-23.8,1.9,-52.8,-4.9,-58.4,-4.7,,,2024-06
2024-06-14,6239,力成,半導體業,移出,掉出掃描母體,168.93,73.0,,2,,,,,,,,,,,,,,,,,,,,2024-06
2024-06-14,6446,藥華藥,生技醫療業,移出,掉出掃描母體,395.18,72.0,,1,,,,,,,,,,,,,,,,,,,,2024-06
2024-06-14,5347,世界,半導體業,移出,掉出掃描母體,101.63,74.0,,7,,,,,,,,,,,,,,,,,,,,2024-06
2024-06-17,6640,均華,半導體業,進榜,觸發,499.63,99.0,4.0,0,,23.4,1.5,80.9,-5.5,54.0,-5.2,,,507.3,1.5,21.5,1.3,78.2,-5.6,51.7,-5.5,,,2024-06
2024-06-17,6640,均華,半導體業,觸發,進榜即觸發,499.63,99.0,4.0,0,499.63,23.4,1.5,80.9,-5.5,54.0,-5.2,,,507.3,1.5,21.5,1.3,78.2,-5.6,51.7,-5.5,,,2024-06
2024-06-17,8096,擎亞,電子通路業,進榜,觸發,42.14,98.0,6.0,0,,-9.6,1.5,15.7,-5.5,-2.9,-5.2,,,45.0,6.7,-15.3,1.3,8.5,-5.6,-9.0,-5.5,,,2024-06
2024-06-17,8096,擎亞,電子通路業,觸發,進榜即觸發,42.14,98.0,6.0,0,42.14,-9.6,1.5,15.7,-5.5,-2.9,-5.2,,,45.0,6.7,-15.3,1.3,8.5,-5.6,-9.0,-5.5,,,2024-06
2024-06-17,4562,穎漢,電機機械,進榜,準備,51.5,99.0,2.0,0,,23.3,1.5,33.0,-5.5,27.8,-5.2,,,53.2,3.3,19.4,1.3,28.8,-5.6,23.7,-5.5,,,2024-06
2024-06-17,6753,龍德造船,航運業,進榜,準備,119.42,77.0,2.0,0,,3.1,1.5,2.1,-5.5,-12.8,-5.2,,,119.9,0.4,2.7,1.3,1.7,-5.6,-13.2,-5.5,,,2024-06
2024-06-17,2317,鴻海,其他電子業,觸發,等待後觸發,182.72,91.0,2.0,49,147.55,11.0,1.5,-13.1,-5.5,-3.1,-5.2,,,183.2,0.3,10.7,1.3,-13.3,-5.6,-3.3,-5.5,,,2024-06
2024-06-17,2393,億光,電子工業,觸發,等待後觸發,64.13,80.0,1.0,46,53.13,4.0,1.5,8.6,-5.5,4.0,-5.2,,,65.0,1.3,2.7,1.3,7.2,-5.6,2.7,-5.5,,,2024-06
2024-06-17,3675,德微,半導體業,移出,掉出掃描母體,333.88,72.0,,11,,,,,,,,,,,,,,,,,,,,2024-06
2024-06-17,3413,京鼎,半導體業,移出,掉出掃描母體,274.12,72.0,,4,,,,,,,,,,,,,,,,,,,,2024-06
2024-06-18,6535,順藥,生技醫療業,進榜,觸發,227.86,98.0,4.0,0,,-9.4,1.8,3.7,-4.6,-15.1,-5.3,,,229.4,0.7,-10.0,1.6,3.0,-4.8,-15.6,-5.6,,,2024-06
2024-06-18,6535,順藥,生技醫療業,觸發,進榜即觸發,227.86,98.0,4.0,0,227.86,-9.4,1.8,3.7,-4.6,-15.1,-5.3,,,229.4,0.7,-10.0,1.6,3.0,-4.8,-15.6,-5.6,,,2024-06
2024-06-18,8040,九暘,半導體業,進榜,觸發,102.0,88.0,2.0,0,,-16.4,1.8,-24.9,-4.6,-19.7,-5.3,,,96.0,-5.9,-11.1,1.6,-20.2,-4.8,-14.7,-5.6,,,2024-06
2024-06-18,8040,九暘,半導體業,觸發,進榜即觸發,102.0,88.0,2.0,0,102.0,-16.4,1.8,-24.9,-4.6,-19.7,-5.3,,,96.0,-5.9,-11.1,1.6,-20.2,-4.8,-14.7,-5.6,,,2024-06
2024-06-18,3450,聯鈞,其他電子業,進榜,觸發,103.55,79.0,5.0,0,,35.1,1.8,66.3,-4.6,137.5,-5.3,,,107.5,3.8,30.1,1.6,60.2,-4.8,128.7,-5.6,,,2024-06
2024-06-18,3450,聯鈞,其他電子業,觸發,進榜即觸發,103.55,79.0,5.0,0,103.55,35.1,1.8,66.3,-4.6,137.5,-5.3,,,107.5,3.8,30.1,1.6,60.2,-4.8,128.7,-5.6,,,2024-06
2024-06-18,6451,訊芯-KY,半導體業,進榜,觸發,246.1,75.0,5.0,0,,-0.2,1.8,-9.5,-4.6,-0.1,-5.3,,,250.5,1.8,-2.0,1.6,-11.1,-4.8,-1.9,-5.6,,,2024-06
2024-06-18,6451,訊芯-KY,半導體業,觸發,進榜即觸發,246.1,75.0,5.0,0,246.1,-0.2,1.8,-9.5,-4.6,-0.1,-5.3,,,250.5,1.8,-2.0,1.6,-11.1,-4.8,-1.9,-5.6,,,2024-06
2024-06-18,3048,益登,電子通路業,進榜,準備,37.65,83.0,1.0,0,,27.6,1.8,4.9,-4.6,-19.2,-5.3,,,38.4,1.9,25.2,1.6,2.9,-4.8,-20.7,-5.6,,,2024-06
2024-06-18,5347,世界,半導體業,進榜,準備,107.84,77.0,2.0,0,,1.9,1.8,-9.7,-4.6,-19.8,-5.3,,,107.8,0.0,1.9,1.6,-9.7,-4.8,-19.8,-5.6,,,2024-06
2024-06-18,6446,藥華藥,生技醫療業,進榜,準備,399.23,74.0,1.0,0,,22.7,1.8,40.8,-4.6,20.9,-5.3,,,401.7,0.6,22.0,1.6,39.9,-4.8,20.2,-5.6,,,2024-06
2024-06-18,6683,雍智科技,半導體業,進榜,準備,363.51,72.0,3.0,0,,10.2,1.8,-3.3,-4.6,-12.1,-5.3,,,363.0,-0.1,10.4,1.6,-3.2,-4.8,-12.0,-5.6,,,2024-06
2024-06-18,4967,十銓,半導體業,移出,離高點太遠,137.75,89.0,,15,,,,,,,,,,,,,,,,,,,,2024-06
2024-06-18,3376,新日興,電子零組件業,移出,離高點太遠,215.07,82.0,,15,,,,,,,,,,,,,,,,,,,,2024-06
2024-06-18,1615,大山,電器電纜,移出,掉出掃描母體,51.25,79.0,,12,,,,,,,,,,,,,,,,,,,,2024-06
2024-06-18,4532,瑞智,電機機械,移出,掉出掃描母體,26.4,72.0,,4,,,,,,,,,,,,,,,,,,,,2024-06
2024-06-19,4526,東台,電機機械,進榜,觸發,27.25,75.0,3.0,0,,1.0,2.2,29.6,-3.9,6.5,-6.1,,,28.8,5.8,-4.6,2.0,22.5,-4.1,0.6,-6.4,,,2024-06
2024-06-19,4526,東台,電機機械,觸發,進榜即觸發,27.25,75.0,3.0,0,27.25,1.0,2.2,29.6,-3.9,6.5,-6.1,,,28.8,5.8,-4.6,2.0,22.5,-4.1,0.6,-6.4,,,2024-06
2024-06-19,2454,聯發科,半導體業,進榜,觸發,1360.94,74.0,4.0,0,,-8.8,2.2,-22.6,-3.9,-2.9,-6.1,,,1360.9,0.0,-8.8,2.0,-22.6,-4.1,-2.9,-6.4,,,2024-06
2024-06-19,2454,聯發科,半導體業,觸發,進榜即觸發,1360.94,74.0,4.0,0,1360.94,-8.8,2.2,-22.6,-3.9,-2.9,-6.1,,,1360.9,0.0,-8.8,2.0,-22.6,-4.1,-2.9,-6.4,,,2024-06
2024-06-19,5508,永信建,建材營造,進榜,準備,175.34,96.0,2.0,0,,26.4,2.2,21.3,-3.9,-31.8,-6.1,,,175.3,0.0,26.4,2.0,21.3,-4.1,-31.8,-6.4,,,2024-06
2024-06-19,2382,廣達,電子工業,進榜,準備,289.26,74.0,2.0,0,,-0.6,2.2,-19.5,-3.9,-9.7,-6.1,,,292.0,0.9,-1.6,2.0,-20.2,-4.1,-10.5,-6.4,,,2024-06
2024-06-19,2855,統一證,金融保險,進榜,準備,23.43,71.0,1.0,0,,-0.7,2.2,-9.7,-3.9,-6.3,-6.1,,,23.4,0.0,-0.7,2.0,-9.7,-4.1,-6.3,-6.4,,,2024-06
2024-06-19,3413,京鼎,半導體業,進榜,準備,279.01,70.0,2.0,0,,20.0,2.2,21.6,-3.9,2.6,-6.1,,,281.2,0.8,19.0,2.0,20.7,-4.1,1.8,-6.4,,,2024-06
2024-06-19,6753,龍德造船,航運業,移出,掉出掃描母體,120.35,74.0,,2,,,,,,,,,,,,,,,,,,,,2024-06
2024-06-19,8070,長華*,電子工業,移出,掉出掃描母體,43.63,71.0,,56,,,,,,,,,,,,,,,,,,,,2024-06
2024-06-19,3466,德晉,通信網路業,移出,離高點太遠,84.66,100.0,,23,,,,,,,,,,,,,,,,,,,,2024-06
2024-06-19,4562,穎漢,電機機械,移出,離高點太遠,45.45,99.0,,2,,,,,,,,,,,,,,,,,,,,2024-06
2024-06-20,2316,楠梓電,電子工業,進榜,觸發,57.77,74.0,2.0,0,,-9.5,1.0,-20.2,-3.6,-19.5,-7.9,,,58.9,2.0,-11.3,1.2,-21.7,-3.7,-21.1,-8.2,,,2024-06
2024-06-20,2316,楠梓電,電子工業,觸發,進榜即觸發,57.77,74.0,2.0,0,57.77,-9.5,1.0,-20.2,-3.6,-19.5,-7.9,,,58.9,2.0,-11.3,1.2,-21.7,-3.7,-21.1,-8.2,,,2024-06
2024-06-20,3163,波若威,通信網路業,進榜,觸發,114.99,74.0,5.0,0,,24.9,1.0,14.3,-3.6,-11.1,-7.9,,,112.1,-2.5,28.0,1.2,17.2,-3.7,-8.8,-8.2,,,2024-06
2024-06-20,3163,波若威,通信網路業,觸發,進榜即觸發,114.99,74.0,5.0,0,114.99,24.9,1.0,14.3,-3.6,-11.1,-7.9,,,112.1,-2.5,28.0,1.2,17.2,-3.7,-8.8,-8.2,,,2024-06
2024-06-20,3535,晶彩科,光電業,進榜,準備,36.22,92.0,2.0,0,,97.0,1.0,73.7,-3.6,36.0,-7.9,,,36.2,0.0,97.0,1.2,73.7,-3.7,36.0,-8.2,,,2024-06
2024-06-20,4726,永昕,生技醫療業,進榜,準備,61.5,85.0,2.0,0,,-3.4,1.0,-22.8,-3.6,-31.7,-7.9,,,62.0,0.8,-4.2,1.2,-23.4,-3.7,-32.3,-8.2,,,2024-06
2024-06-20,1785,光洋科,其他電子類,進榜,準備,56.07,71.0,3.0,0,,20.6,1.0,14.0,-3.6,8.6,-7.9,,,55.9,-0.3,21.0,1.2,14.4,-3.7,9.0,-8.2,,,2024-06
2024-06-20,2855,統一證,金融保險,移出,掉出掃描母體,23.43,71.0,,1,,,,,,,,,,,,,,,,,,,,2024-06
2024-06-20,6176,瑞儀,光電業,移出,掉出掃描母體,235.98,72.0,,56,,,,,,,,,,,,,,,,,,,,2024-06
2024-06-20,4915,致伸,電子零組件業,移出,掉出掃描母體,94.12,83.0,,21,,,,,,,,,,,,,,,,,,,,2024-06
2024-06-20,2537,聯上發,建材營造,移出,離高點太遠,21.75,97.0,,20,,,,,,,,,,,,,,,,,,,,2024-06
2024-06-20,2072,世紀風電,鋼鐵工業,移出,掉出掃描母體,416.3,74.0,,7,,,,,,,,,,,,,,,,,,,,2024-06
2024-06-20,8040,九暘,半導體業,移出,突破失敗,92.9,79.0,,2,,,,,,,,,,,,,,,,,,,,2024-06
2024-06-21,6449,鈺邦,電子工業,進榜,觸發,153.34,98.0,5.0,0,,2.4,-0.2,-0.1,-4.1,-10.1,-7.9,,,155.7,1.5,0.9,-0.2,-1.6,-4.3,-11.4,-8.2,,,2024-06
2024-06-21,6449,鈺邦,電子工業,觸發,進榜即觸發,153.34,98.0,5.0,0,153.34,2.4,-0.2,-0.1,-4.1,-10.1,-7.9,,,155.7,1.5,0.9,-0.2,-1.6,-4.3,-11.4,-8.2,,,2024-06
2024-06-21,8064,東捷,光電業,進榜,觸發,44.64,96.0,4.0,0,,28.1,-0.2,25.9,-4.1,12.6,-7.9,,,46.7,4.6,22.4,-0.2,20.3,-4.3,7.6,-8.2,,,2024-06
2024-06-21,8064,東捷,光電業,觸發,進榜即觸發,44.64,96.0,4.0,0,44.64,28.1,-0.2,25.9,-4.1,12.6,-7.9,,,46.7,4.6,22.4,-0.2,20.3,-4.3,7.6,-8.2,,,2024-06
2024-06-21,3062,建漢,通信網路業,進榜,觸發,34.1,79.0,1.0,0,,-8.2,-0.2,9.5,-4.1,-9.1,-7.9,,,35.5,4.1,-11.8,-0.2,5.2,-4.3,-12.7,-8.2,,,2024-06
2024-06-21,3062,建漢,通信網路業,觸發,進榜即觸發,34.1,79.0,1.0,0,34.1,-8.2,-0.2,9.5,-4.1,-9.1,-7.9,,,35.5,4.1,-11.8,-0.2,5.2,-4.3,-12.7,-8.2,,,2024-06
2024-06-21,6863,永道-KY,電子工業,進榜,準備,231.67,84.0,2.0,0,,-6.7,-0.2,12.0,-4.1,-1.7,-7.9,,,228.4,-1.4,-5.3,-0.2,13.6,-4.3,-0.3,-8.2,,,2024-06
2024-06-21,2855,統一證,金融保險,進榜,準備,23.71,70.0,1.0,0,,-3.2,-0.2,-10.4,-4.1,-8.8,-7.9,,,23.7,-0.2,-3.0,-0.2,-10.2,-4.3,-8.7,-8.2,,,2024-06
2024-06-21,3535,晶彩科,光電業,觸發,等待後觸發,39.84,95.0,2.0,1,36.86,70.4,-0.2,52.7,-4.1,26.6,-7.9,,,43.1,8.2,57.5,-0.2,41.1,-4.3,17.0,-8.2,,,2024-06
2024-06-21,1785,光洋科,其他電子類,觸發,等待後觸發,61.66,79.0,3.0,1,57.37,-0.1,-0.2,3.2,-4.1,-1.5,-7.9,,,62.4,1.2,-1.3,-0.2,2.0,-4.3,-2.7,-8.2,,,2024-06
2024-06-21,2504,國產,建材營造,移出,掉出掃描母體,40.12,82.0,,105,,,,,,,,,,,,,,,,,,,,2024-06
2024-06-21,6446,藥華藥,生技醫療業,移出,掉出掃描母體,397.61,72.0,,3,,,,,,,,,,,,,,,,,,,,2024-06
2024-06-21,5434,崇越,電子工業,移出,掉出掃描母體,251.37,71.0,,18,,,,,,,,,,,,,,,,,,,,2024-06
2024-06-21,2211,長榮鋼,鋼鐵工業,移出,掉出掃描母體,120.9,71.0,,9,,,,,,,,,,,,,,,,,,,,2024-06
2024-06-21,6683,雍智科技,半導體業,移出,掉出掃描母體,350.68,70.0,,3,,,,,,,,,,,,,,,,,,,,2024-06
2024-06-21,3163,波若威,通信網路業,移出,掉出掃描母體,114.99,74.0,,1,,,,,,,,,,,,,,,,,,,,2024-06
2024-06-24,8110,華東,電子工業,進榜,觸發,21.54,72.0,6.0,0,,-15.7,-1.2,-24.6,-3.1,-36.3,-7.6,,,21.8,1.1,-16.6,-1.4,-25.4,-3.4,-37.0,-7.6,,,2024-06
2024-06-24,8110,華東,電子工業,觸發,進榜即觸發,21.54,72.0,6.0,0,21.54,-15.7,-1.2,-24.6,-3.1,-36.3,-7.6,,,21.8,1.1,-16.6,-1.4,-25.4,-3.4,-37.0,-7.6,,,2024-06
2024-06-24,6683,雍智科技,半導體業,進榜,準備,378.24,83.0,3.0,0,,-5.4,-1.2,-5.9,-3.1,-9.6,-7.6,,,377.3,-0.3,-5.2,-1.4,-5.7,-3.4,-9.4,-7.6,,,2024-06
2024-06-24,6446,藥華藥,生技醫療業,進榜,準備,400.04,76.0,1.0,0,,26.3,-1.2,46.8,-3.1,17.4,-7.6,,,402.9,0.7,25.4,-1.4,45.7,-3.4,16.6,-7.6,,,2024-06
2024-06-24,6231,系微,資訊服務業,移出,離高點太遠,295.85,90.0,,31,,,,,,,,,,,,,,,,,,,,2024-06
2024-06-24,2520,冠德,建材營造,移出,掉出掃描母體,44.54,74.0,,20,,,,,,,,,,,,,,,,,,,,2024-06
2024-06-24,3622,洋華,光電業,移出,離高點太遠,67.16,70.0,,13,,,,,,,,,,,,,,,,,,,,2024-06
2024-06-25,3289,宜特,其他電子類,進榜,觸發,141.07,83.0,5.0,0,,-10.6,-0.5,12.8,-3.3,-9.3,-7.9,,,144.2,2.3,-12.6,-0.7,10.3,-3.4,-11.3,-8.3,,,2024-06
2024-06-25,3289,宜特,其他電子類,觸發,進榜即觸發,141.07,83.0,5.0,0,141.07,-10.6,-0.5,12.8,-3.3,-9.3,-7.9,,,144.2,2.3,-12.6,-0.7,10.3,-3.4,-11.3,-8.3,,,2024-06
2024-06-25,6753,龍德造船,航運業,進榜,觸發,129.25,74.0,2.0,0,,-2.2,-0.5,-3.7,-3.3,-22.9,-7.9,,,129.3,0.0,-2.2,-0.7,-3.7,-3.4,-22.9,-8.3,,,2024-06
2024-06-25,6753,龍德造船,航運業,觸發,進榜即觸發,129.25,74.0,2.0,0,129.25,-2.2,-0.5,-3.7,-3.3,-22.9,-7.9,,,129.3,0.0,-2.2,-0.7,-3.7,-3.4,-22.9,-8.3,,,2024-06
2024-06-25,3029,零壹,資訊服務業,進榜,準備,85.47,70.0,2.0,0,,21.8,-0.5,0.1,-3.3,51.9,-7.9,,,86.1,0.8,20.9,-0.7,-0.6,-3.4,50.8,-8.3,,,2024-06
2024-06-25,3413,京鼎,半導體業,移出,掉出掃描母體,288.8,71.0,,6,,,,,,,,,,,,,,,,,,,,2024-06
2024-06-25,1815,富喬,電子零組件業,移出,突破失敗,24.55,75.0,,27,,,,,,,,,,,,,,,,,,,,2024-06
2024-06-25,3583,辛耘,半導體業,移出,掉出掃描母體,330.76,74.0,,14,,,,,,,,,,,,,,,,,,,,2024-06
2024-06-25,2454,聯發科,半導體業,移出,掉出掃描母體,1292.2,71.0,,6,,,,,,,,,,,,,,,,,,,,2024-06
2024-06-25,8110,華東,電子工業,移出,掉出掃描母體,21.54,72.0,,1,,,,,,,,,,,,,,,,,,,,2024-06
2024-06-26,2467,志聖,電子工業,進榜,觸發,152.03,96.0,4.0,0,,29.3,-1.6,41.0,-3.4,30.0,-8.7,,,152.5,0.3,28.9,-1.3,40.6,-3.3,29.6,-8.4,,,2024-06
2024-06-26,2467,志聖,電子工業,觸發,進榜即觸發,152.03,96.0,4.0,0,152.03,29.3,-1.6,41.0,-3.4,30.0,-8.7,,,152.5,0.3,28.9,-1.3,40.6,-3.3,29.6,-8.4,,,2024-06
2024-06-26,3055,蔚華科,電子通路業,進榜,觸發,100.98,96.0,5.0,0,,-24.0,-1.6,-34.2,-3.4,-40.2,-8.7,,,100.5,-0.5,-23.6,-1.3,-33.9,-3.3,-39.9,-8.4,,,2024-06
2024-06-26,3055,蔚華科,電子通路業,觸發,進榜即觸發,100.98,96.0,5.0,0,100.98,-24.0,-1.6,-34.2,-3.4,-40.2,-8.7,,,100.5,-0.5,-23.6,-1.3,-33.9,-3.3,-39.9,-8.4,,,2024-06
2024-06-26,5443,均豪,光電業,進榜,觸發,73.04,95.0,4.0,0,,35.5,-1.6,91.8,-3.4,52.5,-8.7,,,74.7,2.2,32.5,-1.3,87.6,-3.3,49.2,-8.4,,,2024-06
2024-06-26,5443,均豪,光電業,觸發,進榜即觸發,73.04,95.0,4.0,0,73.04,35.5,-1.6,91.8,-3.4,52.5,-8.7,,,74.7,2.2,32.5,-1.3,87.6,-3.3,49.2,-8.4,,,2024-06
2024-06-26,6869,雲豹能源-創,創新板股票,進榜,觸發,197.16,94.0,2.0,0,,24.8,-1.6,15.6,-3.4,-15.0,-8.7,,,203.6,3.3,20.9,-1.3,11.9,-3.3,-17.7,-8.4,,,2024-06
2024-06-26,6869,雲豹能源-創,創新板股票,觸發,進榜即觸發,197.16,94.0,2.0,0,197.16,24.8,-1.6,15.6,-3.4,-15.0,-8.7,,,203.6,3.3,20.9,-1.3,11.9,-3.3,-17.7,-8.4,,,2024-06
2024-06-26,4561,健椿,電機機械,進榜,準備,58.93,88.0,3.0,0,,-19.4,-1.6,26.5,-3.4,28.6,-8.7,,,59.6,1.1,-20.3,-1.3,25.0,-3.3,27.2,-8.4,,,2024-06
2024-06-26,5536,聖暉*,其他電子類,進榜,準備,247.3,73.0,1.0,0,,-5.5,-1.6,27.3,-3.4,41.6,-8.7,,,247.3,0.0,-5.5,-1.3,27.3,-3.3,41.6,-8.4,,,2024-06
2024-06-26,5434,崇越,電子工業,進榜,準備,253.37,72.0,1.0,0,,-3.7,-1.6,5.0,-3.4,8.7,-8.7,,,250.6,-1.1,-2.6,-1.3,6.1,-3.3,9.9,-8.4,,,2024-06
2024-06-26,4532,瑞智,電機機械,進榜,準備,27.69,70.0,1.0,0,,-3.4,-1.6,-17.9,-3.4,-19.0,-8.7,,,27.3,-1.3,-2.1,-1.3,-16.9,-3.3,-18.0,-8.4,,,2024-06
2024-06-26,6446,藥華藥,生技醫療業,觸發,等待後觸發,439.72,86.0,1.0,2,404.9,19.5,-1.6,28.4,-3.4,4.2,-8.7,,,442.2,0.6,18.9,-1.3,27.7,-3.3,3.7,-8.4,,,2024-06
2024-06-26,3029,零壹,資訊服務業,移出,掉出掃描母體,85.47,70.0,,1,,,,,,,,,,,,,,,,,,,,2024-06
2024-06-26,8085,福華,其他電子類,移出,離高點太遠,80.9,72.0,,20,,,,,,,,,,,,,,,,,,,,2024-06
2024-06-26,2548,華固,建材營造,移出,掉出掃描母體,115.9,84.0,,19,,,,,,,,,,,,,,,,,,,,2024-06
2024-06-26,6753,龍德造船,航運業,移出,掉出掃描母體,129.25,74.0,,1,,,,,,,,,,,,,,,,,,,,2024-06
2024-06-27,2406,國碩,光電業,進榜,觸發,27.4,82.0,2.0,0,,-16.4,-2.4,-29.2,-3.2,-45.4,-8.0,,,28.2,2.7,-18.7,-2.6,-31.1,-3.5,-46.9,-8.1,,,2024-06
2024-06-27,2406,國碩,光電業,觸發,進榜即觸發,27.4,82.0,2.0,0,27.4,-16.4,-2.4,-29.2,-3.2,-45.4,-8.0,,,28.2,2.7,-18.7,-2.6,-31.1,-3.5,-46.9,-8.1,,,2024-06
2024-06-27,6753,龍德造船,航運業,進榜,觸發,140.49,82.0,2.0,0,,-15.3,-2.4,-9.7,-3.2,-27.7,-8.0,,,148.0,5.3,-19.6,-2.6,-14.2,-3.5,-31.3,-8.1,,,2024-06
2024-06-27,6753,龍德造船,航運業,觸發,進榜即觸發,140.49,82.0,2.0,0,140.49,-15.3,-2.4,-9.7,-3.2,-27.7,-8.0,,,148.0,5.3,-19.6,-2.6,-14.2,-3.5,-31.3,-8.1,,,2024-06
2024-06-27,3413,京鼎,半導體業,進榜,準備,292.31,71.0,2.0,0,,-2.5,-2.4,14.2,-3.2,-2.4,-8.0,,,293.7,0.5,-3.0,-2.6,13.7,-3.5,-2.8,-8.1,,,2024-06
2024-06-27,2855,統一證,金融保險,移出,掉出掃描母體,23.47,70.0,,6,,,,,,,,,,,,,,,,,,,,2024-06
2024-06-27,3055,蔚華科,電子通路業,移出,突破失敗,90.88,93.0,,1,,,,,,,,,,,,,,,,,,,,2024-06
2024-06-28,1784,訊聯,生技醫療業,進榜,觸發,115.84,95.0,3.0,0,,-8.3,-2.5,-17.2,-3.1,-32.1,-8.4,,,116.3,0.4,-8.6,-2.6,-17.5,-3.3,-32.4,-8.7,,,2024-06
2024-06-28,1784,訊聯,生技醫療業,觸發,進榜即觸發,115.84,95.0,3.0,0,115.84,-8.3,-2.5,-17.2,-3.1,-32.1,-8.4,,,116.3,0.4,-8.6,-2.6,-17.5,-3.3,-32.4,-8.7,,,2024-06
2024-06-28,5432,新門,光電業,進榜,觸發,265.24,92.0,6.0,0,,-5.0,-2.5,3.1,-3.1,-44.0,-8.4,,,268.7,1.3,-6.2,-2.6,1.8,-3.3,-44.7,-8.7,,,2024-06
2024-06-28,5432,新門,光電業,觸發,進榜即觸發,265.24,92.0,6.0,0,265.24,-5.0,-2.5,3.1,-3.1,-44.0,-8.4,,,268.7,1.3,-6.2,-2.6,1.8,-3.3,-44.7,-8.7,,,2024-06
2024-06-28,2495,普安,其他電子業,進榜,觸發,29.45,81.0,3.0,0,,-7.0,-2.5,9.6,-3.1,2.4,-8.4,,,31.5,6.9,-13.0,-2.6,2.6,-3.3,-4.2,-8.7,,,2024-06
2024-06-28,2495,普安,其他電子業,觸發,進榜即觸發,29.45,81.0,3.0,0,29.45,-7.0,-2.5,9.6,-3.1,2.4,-8.4,,,31.5,6.9,-13.0,-2.6,2.6,-3.3,-4.2,-8.7,,,2024-06
2024-06-28,3029,零壹,資訊服務業,進榜,準備,87.31,72.0,2.0,0,,7.6,-2.5,-3.5,-3.1,41.4,-8.4,,,88.0,0.7,6.8,-2.6,-4.2,-3.3,40.3,-8.7,,,2024-06
2024-06-28,3374,精材,半導體業,進榜,準備,175.31,72.0,3.0,0,,27.5,-2.5,19.4,-3.1,12.8,-8.4,,,175.3,0.0,27.5,-2.6,19.4,-3.3,12.8,-8.7,,,2024-06
2024-06-28,6919,康霈*,生技醫療業,進榜,準備,61.9,72.0,1.0,0,,-4.5,-2.5,-2.4,-3.1,-0.5,-8.4,,,60.1,-2.9,-1.7,-2.6,0.5,-3.3,2.5,-8.7,,,2024-06
2024-06-28,3413,京鼎,半導體業,移出,掉出掃描母體,292.31,71.0,,1,,,,,,,,,,,,,,,,,,,,2024-06
2024-06-28,9958,世紀鋼,鋼鐵工業,移出,離高點太遠,276.11,81.0,,38,,,,,,,,,,,,,,,,,,,,2024-06
2024-06-28,2451,創見,半導體業,移出,掉出掃描母體,106.06,74.0,,21,,,,,,,,,,,,,,,,,,,,2024-06
2024-06-28,3062,建漢,通信網路業,移出,掉出掃描母體,32.8,75.0,,7,,,,,,,,,,,,,,,,,,,,2024-06
2024-06-28,4532,瑞智,電機機械,移出,掉出掃描母體,27.2,70.0,,2,,,,,,,,,,,,,,,,,,,,2024-06
2024-07-01,3583,辛耘,半導體業,進榜,觸發,380.03,82.0,3.0,0,,3.2,-2.4,15.2,-3.6,3.7,-8.3,,,384.9,1.3,1.9,-2.4,13.7,-3.7,2.4,-8.3,,,2024-07
2024-07-01,3583,辛耘,半導體業,觸發,進榜即觸發,380.03,82.0,3.0,0,380.03,3.2,-2.4,15.2,-3.6,3.7,-8.3,,,384.9,1.3,1.9,-2.4,13.7,-3.7,2.4,-8.3,,,2024-07
2024-07-01,3675,德微,半導體業,進榜,觸發,374.84,74.0,4.0,0,,-21.1,-2.4,-27.2,-3.6,-39.5,-8.3,,,370.6,-1.1,-20.2,-2.4,-26.3,-3.7,-38.8,-8.3,,,2024-07
2024-07-01,3675,德微,半導體業,觸發,進榜即觸發,374.84,74.0,4.0,0,374.84,-21.1,-2.4,-27.2,-3.6,-39.5,-8.3,,,370.6,-1.1,-20.2,-2.4,-26.3,-3.7,-38.8,-8.3,,,2024-07
2024-07-01,4562,穎漢,電機機械,進榜,準備,55.6,99.0,3.0,0,,-1.1,-2.4,24.3,-3.6,27.7,-8.3,,,56.0,0.7,-1.8,-2.4,23.4,-3.7,26.8,-8.3,,,2024-07
2024-07-01,2540,愛山林,建材營造,進榜,準備,81.13,95.0,3.0,0,,4.8,-2.4,-18.4,-3.6,-29.8,-8.3,,,80.9,-0.3,5.1,-2.4,-18.2,-3.7,-29.7,-8.3,,,2024-07
2024-07-01,3455,由田,光電業,進榜,準備,107.52,81.0,3.0,0,,-0.4,-2.4,17.0,-3.6,6.6,-8.3,,,109.4,1.7,-2.1,-2.4,15.0,-3.7,4.7,-8.3,,,2024-07
2024-07-01,3402,漢科,其他電子類,進榜,準備,100.46,78.0,2.0,0,,-11.0,-2.4,-2.6,-3.6,-7.6,-8.3,,,99.2,-1.3,-9.8,-2.4,-1.3,-3.7,-6.4,-8.3,,,2024-07
2024-07-01,3413,京鼎,半導體業,進榜,準備,311.67,77.0,2.0,0,,-9.9,-2.4,10.5,-3.6,-7.8,-8.3,,,310.8,-0.3,-9.6,-2.4,10.8,-3.7,-7.6,-8.3,,,2024-07
2024-07-01,5347,世界,半導體業,觸發,等待後觸發,126.04,89.0,2.0,13,110.06,-15.0,-2.4,-23.4,-3.6,-25.1,-8.3,,,127.8,1.4,-16.2,-2.4,-24.5,-3.7,-26.2,-8.3,,,2024-07
2024-07-01,3374,精材,半導體業,移出,掉出掃描母體,175.31,72.0,,3,,,,,,,,,,,,,,,,,,,,2024-07
2024-07-01,2382,廣達,電子工業,移出,掉出掃描母體,285.6,73.0,,12,,,,,,,,,,,,,,,,,,,,2024-07
2024-07-01,2316,楠梓電,電子工業,移出,掉出掃描母體,54.47,70.0,,11,,,,,,,,,,,,,,,,,,,,2024-07
2024-07-01,6683,雍智科技,半導體業,移出,晚期未觸發,409.6,79.0,,7,,,,,,,,,,,,,,,,,,,,2024-07
2024-07-02,8374,羅昇,電機機械,進榜,觸發,98.42,99.0,2.0,0,,12.0,-1.2,41.2,-2.9,46.3,-7.7,,,102.5,4.1,7.5,-1.5,35.6,-3.3,40.5,-8.1,,,2024-07
2024-07-02,8374,羅昇,電機機械,觸發,進榜即觸發,98.42,99.0,2.0,0,98.42,12.0,-1.2,41.2,-2.9,46.3,-7.7,,,102.5,4.1,7.5,-1.5,35.6,-3.3,40.5,-8.1,,,2024-07
2024-07-02,3663,鑫科,其他電子類,進榜,準備,61.49,80.0,3.0,0,,32.3,-1.2,54.1,-2.9,17.1,-7.7,,,63.7,3.6,27.8,-1.5,48.8,-3.3,13.1,-8.1,,,2024-07
2024-07-02,3374,精材,半導體業,進榜,準備,176.77,73.0,3.0,0,,37.7,-1.2,16.5,-2.9,11.8,-7.7,,,175.3,-0.8,38.9,-1.5,17.5,-3.3,12.8,-8.1,,,2024-07
2024-07-02,6782,視陽,生技醫療業,進榜,準備,267.38,73.0,2.0,0,,-11.1,-1.2,-16.6,-2.9,-36.9,-7.7,,,269.2,0.7,-11.7,-1.5,-17.2,-3.3,-37.4,-8.1,,,2024-07
2024-07-02,3293,鈊象,文化創意業,觸發,等待後觸發,625.97,82.0,3.0,20,498.08,9.4,-1.2,42.3,-2.9,41.7,-7.7,,,626.0,0.0,9.4,-1.5,42.3,-3.3,41.7,-8.1,,,2024-07
2024-07-02,3455,由田,光電業,觸發,等待後觸發,117.85,87.0,3.0,1,107.53,-6.8,-1.2,4.4,-2.9,-5.2,-7.7,,,123.5,4.8,-11.0,-1.5,-0.4,-3.3,-9.5,-8.1,,,2024-07
2024-07-02,5536,聖暉*,其他電子類,移出,掉出掃描母體,243.6,71.0,,6,,,,,,,,,,,,,,,,,,,,2024-07
2024-07-03,2365,昆盈,電子工業,進榜,觸發,43.41,99.0,3.0,0,,44.2,-3.5,21.1,-3.9,6.5,-8.3,,,47.4,9.2,32.1,-3.8,10.9,-4.4,-2.4,-8.9,,,2024-07
2024-07-03,2365,昆盈,電子工業,觸發,進榜即觸發,43.41,99.0,3.0,0,43.41,44.2,-3.5,21.1,-3.9,6.5,-8.3,,,47.4,9.2,32.1,-3.8,10.9,-4.4,-2.4,-8.9,,,2024-07
2024-07-03,2464,盟立,其他電子業,進榜,觸發,73.84,91.0,3.0,0,,6.7,-3.5,8.8,-3.9,12.0,-8.3,,,76.9,4.1,2.4,-3.8,4.4,-4.4,7.5,-8.9,,,2024-07
2024-07-03,2464,盟立,其他電子業,觸發,進榜即觸發,73.84,91.0,3.0,0,73.84,6.7,-3.5,8.8,-3.9,12.0,-8.3,,,76.9,4.1,2.4,-3.8,4.4,-4.4,7.5,-8.9,,,2024-07
2024-07-03,5474,聰泰,電腦及週邊設備業,進榜,觸發,178.61,85.0,3.0,0,,-14.1,-3.5,-10.7,-3.9,8.8,-8.3,,,185.8,4.0,-17.4,-3.8,-14.1,-4.4,4.6,-8.9,,,2024-07
2024-07-03,5474,聰泰,電腦及週邊設備業,觸發,進榜即觸發,178.61,85.0,3.0,0,178.61,-14.1,-3.5,-10.7,-3.9,8.8,-8.3,,,185.8,4.0,-17.4,-3.8,-14.1,-4.4,4.6,-8.9,,,2024-07
2024-07-03,2504,國產,建材營造,進榜,準備,39.97,76.0,1.0,0,,10.2,-3.5,13.7,-3.9,1.4,-8.3,,,40.2,0.5,9.6,-3.8,13.1,-4.4,0.9,-8.9,,,2024-07
2024-07-03,3665,貿聯-KY,其他電子業,進榜,準備,368.34,75.0,3.0,0,,-0.4,-3.5,21.4,-3.9,58.3,-8.3,,,372.1,1.0,-1.5,-3.8,20.2,-4.4,56.7,-8.9,,,2024-07
2024-07-03,3048,益登,電子通路業,觸發,等待後觸發,43.47,90.0,1.0,15,38.8,1.5,-3.5,-15.4,-3.9,-29.7,-8.3,,,46.9,7.9,-5.9,-3.8,-21.6,-4.4,-34.8,-8.9,,,2024-07
2024-07-03,4562,穎漢,電機機械,觸發,等待後觸發,60.3,99.0,3.0,2,56.6,10.3,-3.5,10.3,-3.9,8.6,-8.3,,,66.3,10.0,0.3,-3.8,0.3,-4.4,-1.2,-8.9,,,2024-07
2024-07-03,3675,德微,半導體業,移出,掉出掃描母體,366.26,71.0,,2,,,,,,,,,,,,,,,,,,,,2024-07
2024-07-03,3491,昇達科,通信網路業,移出,離高點太遠,276.74,88.0,,43,,,,,,,,,,,,,,,,,,,,2024-07
2024-07-04,2543,皇昌,建材營造,進榜,觸發,36.04,95.0,4.0,0,,-1.1,-11.3,59.6,-4.4,62.4,-9.3,,,36.5,1.2,-2.3,-11.7,57.6,-4.8,60.4,-9.5,,,2024-07
2024-07-04,2543,皇昌,建材營造,觸發,進榜即觸發,36.04,95.0,4.0,0,36.04,-1.1,-11.3,59.6,-4.4,62.4,-9.3,,,36.5,1.2,-2.3,-11.7,57.6,-4.8,60.4,-9.5,,,2024-07
2024-07-04,6207,雷科,電子零組件業,進榜,觸發,79.97,95.0,4.0,0,,-30.0,-11.3,-11.3,-4.4,-34.1,-9.3,,,84.5,5.7,-33.8,-11.7,-16.1,-4.8,-37.7,-9.5,,,2024-07
2024-07-04,6207,雷科,電子零組件業,觸發,進榜即觸發,79.97,95.0,4.0,0,79.97,-30.0,-11.3,-11.3,-4.4,-34.1,-9.3,,,84.5,5.7,-33.8,-11.7,-16.1,-4.8,-37.7,-9.5,,,2024-07
2024-07-04,6667,信紘科,其他電子類,進榜,觸發,191.25,91.0,5.0,0,,-27.1,-11.3,-0.2,-4.4,-16.2,-9.3,,,193.9,1.4,-28.1,-11.7,-1.6,-4.8,-17.3,-9.5,,,2024-07
2024-07-04,6667,信紘科,其他電子類,觸發,進榜即觸發,191.25,91.0,5.0,0,191.25,-27.1,-11.3,-0.2,-4.4,-16.2,-9.3,,,193.9,1.4,-28.1,-11.7,-1.6,-4.8,-17.3,-9.5,,,2024-07
2024-07-04,6187,萬潤,其他電子類,進榜,觸發,284.69,88.0,4.0,0,,-18.3,-11.3,64.6,-4.4,34.6,-9.3,,,294.2,3.3,-20.9,-11.7,59.3,-4.8,30.3,-9.5,,,2024-07
2024-07-04,6187,萬潤,其他電子類,觸發,進榜即觸發,284.69,88.0,4.0,0,284.69,-18.3,-11.3,64.6,-4.4,34.6,-9.3,,,294.2,3.3,-20.9,-11.7,59.3,-4.8,30.3,-9.5,,,2024-07
2024-07-04,6706,惠特,光電業,進榜,準備,115.27,91.0,2.0,0,,-10.7,-11.3,49.6,-4.4,10.6,-9.3,,,120.7,4.7,-14.7,-11.7,42.9,-4.8,5.6,-9.5,,,2024-07
2024-07-04,3580,友威科,其他電子類,進榜,準備,84.69,87.0,1.0,0,,-7.1,-11.3,21.1,-4.4,-5.5,-9.3,,,88.9,4.9,-11.5,-11.7,15.4,-4.8,-9.9,-9.5,,,2024-07
2024-07-04,1513,中興電,電機機械,進榜,準備,188.66,76.0,3.0,0,,-19.7,-11.3,-15.7,-4.4,-24.1,-9.3,,,191.0,1.2,-20.6,-11.7,-16.7,-4.8,-25.1,-9.5,,,2024-07
2024-07-04,3402,漢科,其他電子類,觸發,等待後觸發,111.82,84.0,2.0,3,102.21,-28.3,-11.3,-16.6,-4.4,-13.7,-9.3,,,113.6,1.6,-29.4,-11.7,-17.9,-4.8,-15.1,-9.5,,,2024-07
2024-07-04,5274,信驊,半導體業,移出,掉出掃描母體,4195.5,74.0,,23,,,,,,,,,,,,,,,,,,,,2024-07
2024-07-04,5347,世界,半導體業,移出,離高點太遠,110.76,78.0,,16,,,,,,,,,,,,,,,,,,,,2024-07
2024-07-04,6753,龍德造船,航運業,移出,離高點太遠,136.75,75.0,,7,,,,,,,,,,,,,,,,,,,,2024-07
2024-07-05,3131,弘塑,其他電子類,進榜,觸發,1497.79,95.0,4.0,0,,1.4,-12.6,11.4,-5.8,-4.1,-10.2,,,1540.9,2.9,-1.4,-12.9,8.3,-6.0,-6.7,-10.5,,,2024-07
2024-07-05,3131,弘塑,其他電子類,觸發,進榜即觸發,1497.79,95.0,4.0,0,1497.79,1.4,-12.6,11.4,-5.8,-4.1,-10.2,,,1540.9,2.9,-1.4,-12.9,8.3,-6.0,-6.7,-10.5,,,2024-07
2024-07-05,6664,群翊,電子零組件業,進榜,觸發,285.45,91.0,5.0,0,,-27.7,-12.6,-1.5,-5.8,-21.1,-10.2,,,299.0,4.8,-31.0,-12.9,-6.0,-6.0,-24.6,-10.5,,,2024-07
2024-07-05,6664,群翊,電子零組件業,觸發,進榜即觸發,285.45,91.0,5.0,0,285.45,-27.7,-12.6,-1.5,-5.8,-21.1,-10.2,,,299.0,4.8,-31.0,-12.9,-6.0,-6.0,-24.6,-10.5,,,2024-07
2024-07-05,2417,圓剛,電子工業,進榜,觸發,57.68,75.0,5.0,0,,-34.0,-12.6,-26.2,-5.8,-14.5,-10.2,,,59.4,2.9,-35.9,-12.9,-28.3,-6.0,-16.9,-10.5,,,2024-07
2024-07-05,2417,圓剛,電子工業,觸發,進榜即觸發,57.68,75.0,5.0,0,57.68,-34.0,-12.6,-26.2,-5.8,-14.5,-10.2,,,59.4,2.9,-35.9,-12.9,-28.3,-6.0,-16.9,-10.5,,,2024-07
2024-07-05,5493,三聯,其他電子類,進榜,準備,97.92,84.0,3.0,0,,-30.4,-12.6,-14.1,-5.8,-27.9,-10.2,,,99.2,1.3,-31.4,-12.9,-15.3,-6.0,-28.9,-10.5,,,2024-07
2024-07-05,3708,上緯投控,化學工業,進榜,準備,139.69,72.0,3.0,0,,-34.8,-12.6,-20.6,-5.8,-42.0,-10.2,,,137.9,-1.3,-33.9,-12.9,-19.5,-6.0,-41.3,-10.5,,,2024-07
2024-07-05,5536,聖暉*,其他電子類,進榜,準備,251.28,72.0,1.0,0,,-16.8,-12.6,16.9,-5.8,39.9,-10.2,,,253.7,0.9,-17.5,-12.9,15.9,-6.0,38.6,-10.5,,,2024-07
2024-07-05,3374,精材,半導體業,觸發,等待後觸發,193.81,80.0,3.0,3,177.74,-4.3,-12.6,9.5,-5.8,-0.5,-10.2,,,196.7,1.5,-5.7,-12.9,7.9,-6.0,-2.0,-10.5,,,2024-07
2024-07-05,6706,惠特,光電業,觸發,等待後觸發,126.59,93.0,2.0,1,116.25,-23.3,-12.6,33.9,-5.8,-0.9,-10.2,,,131.0,3.5,-25.9,-12.9,29.3,-6.0,-4.2,-10.5,,,2024-07
2024-07-05,5434,崇越,電子工業,移出,掉出掃描母體,256.17,70.0,,9,,,,,,,,,,,,,,,,,,,,2024-07
2024-07-05,2611,志信,航運業,移出,掉出掃描母體,25.8,82.0,,67,,,,,,,,,,,,,,,,,,,,2024-07
2024-07-05,3406,玉晶光,光電業,移出,掉出掃描母體,577.76,72.0,,23,,,,,,,,,,,,,,,,,,,,2024-07
2024-07-08,5225,東科-KY,其他電子業,進榜,觸發,110.12,88.0,6.0,0,,-11.6,-8.7,-1.9,-4.7,,,,,108.8,-1.2,-10.5,-9.0,-0.8,-4.8,,,,,2024-07
2024-07-08,5225,東科-KY,其他電子業,觸發,進榜即觸發,110.12,88.0,6.0,0,110.12,-11.6,-8.7,-1.9,-4.7,,,,,108.8,-1.2,-10.5,-9.0,-0.8,-4.8,,,,,2024-07
2024-07-08,2312,金寶,其他電子業,進榜,觸發,22.71,79.0,2.0,0,,-8.4,-8.7,-7.6,-4.7,,,,,25.0,9.9,-16.6,-9.0,-15.9,-4.8,,,,,2024-07
2024-07-08,2312,金寶,其他電子業,觸發,進榜即觸發,22.71,79.0,2.0,0,22.71,-8.4,-8.7,-7.6,-4.7,,,,,25.0,9.9,-16.6,-9.0,-15.9,-4.8,,,,,2024-07
2024-07-08,2405,輔信,電子工業,進榜,觸發,27.24,73.0,6.0,0,,-25.8,-8.7,-26.2,-4.7,,,,,29.9,9.7,-32.4,-9.0,-32.7,-4.8,,,,,2024-07
2024-07-08,2405,輔信,電子工業,觸發,進榜即觸發,27.24,73.0,6.0,0,27.24,-25.8,-8.7,-26.2,-4.7,,,,,29.9,9.7,-32.4,-9.0,-32.7,-4.8,,,,,2024-07
2024-07-08,2449,京元電子,半導體業,進榜,觸發,118.42,72.0,3.0,0,,-21.0,-8.7,-14.0,-4.7,,,,,121.5,2.6,-23.0,-9.0,-16.2,-4.8,,,,,2024-07
2024-07-08,2449,京元電子,半導體業,觸發,進榜即觸發,118.42,72.0,3.0,0,118.42,-21.0,-8.7,-14.0,-4.7,,,,,121.5,2.6,-23.0,-9.0,-16.2,-4.8,,,,,2024-07
2024-07-08,6788,華景電,半導體業,進榜,準備,194.27,86.0,3.0,0,,-11.4,-8.7,23.8,-4.7,,,,,207.1,6.6,-16.8,-9.0,16.2,-4.8,,,,,2024-07
2024-07-08,4976,佳凌,電子工業,進榜,準備,60.0,71.0,1.0,0,,-29.7,-8.7,-27.8,-4.7,,,,,60.0,0.0,-29.7,-9.0,-27.8,-4.8,,,,,2024-07
2024-07-08,3708,上緯投控,化學工業,移出,掉出掃描母體,139.69,72.0,,3,,,,,,,,,,,,,,,,,,,,2024-07
2024-07-08,6005,群益證,金融保險,移出,掉出掃描母體,19.35,71.0,,91,,,,,,,,,,,,,,,,,,,,2024-07
2024-07-08,6197,佳必琪,電子零組件業,移出,晚期未觸發,159.28,84.0,,42,,,,,,,,,,,,,,,,,,,,2024-07
2024-07-08,6186,新潤,建材營造,移出,掉出掃描母體,62.55,81.0,,31,,,,,,,,,,,,,,,,,,,,2024-07
2024-07-08,6535,順藥,生技醫療業,移出,離高點太遠,208.92,95.0,,20,,,,,,,,,,,,,,,,,,,,2024-07
2024-07-08,4561,健椿,電機機械,移出,晚期未觸發,52.67,79.0,,12,,,,,,,,,,,,,,,,,,,,2024-07
2024-07-08,2504,國產,建材營造,移出,掉出掃描母體,39.41,73.0,,5,,,,,,,,,,,,,,,,,,,,2024-07
2024-07-08,6640,均華,半導體業,移出,離高點太遠,706.8,99.0,,21,,,,,,,,,,,,,,,,,,,,2024-07
2024-07-08,8374,羅昇,電機機械,移出,離高點太遠,119.31,100.0,,6,,,,,,,,,,,,,,,,,,,,2024-07
2024-07-08,2417,圓剛,電子工業,移出,掉出掃描母體,57.68,75.0,,3,,,,,,,,,,,,,,,,,,,,2024-07
2024-07-09,6231,系微,資訊服務業,進榜,觸發,374.64,85.0,6.0,0,,-9.5,-8.4,31.1,-4.5,,,,,404.2,7.9,-16.1,-8.6,21.5,-4.8,,,,,2024-07
2024-07-09,6231,系微,資訊服務業,觸發,進榜即觸發,374.64,85.0,6.0,0,374.64,-9.5,-8.4,31.1,-4.5,,,,,404.2,7.9,-16.1,-8.6,21.5,-4.8,,,,,2024-07
2024-07-09,5434,崇越,電子工業,進榜,觸發,265.51,72.0,1.0,0,,-9.7,-8.4,-0.9,-4.5,,,,,265.5,0.0,-9.7,-8.6,-0.9,-4.8,,,,,2024-07
2024-07-09,5434,崇越,電子工業,觸發,進榜即觸發,265.51,72.0,1.0,0,265.51,-9.7,-8.4,-0.9,-4.5,,,,,265.5,0.0,-9.7,-8.6,-0.9,-4.8,,,,,2024-07
2024-07-09,2382,廣達,電子工業,進榜,準備,307.57,74.0,2.0,0,,-28.6,-8.4,-21.0,-4.5,,,,,314.9,2.4,-30.2,-8.6,-22.8,-4.8,,,,,2024-07
2024-07-09,3029,零壹,資訊服務業,觸發,等待後觸發,106.83,87.0,2.0,11,88.78,-19.4,-8.4,-20.9,-4.5,,,,,108.2,1.3,-20.4,-8.6,-21.9,-4.8,,,,,2024-07
2024-07-09,6782,視陽,生技醫療業,移出,掉出掃描母體,271.06,70.0,,7,,,,,,,,,,,,,,,,,,,,2024-07
2024-07-09,4976,佳凌,電子工業,移出,掉出掃描母體,60.0,71.0,,1,,,,,,,,,,,,,,,,,,,,2024-07
2024-07-09,8096,擎亞,電子通路業,移出,掉出掃描母體,40.31,96.0,,22,,,,,,,,,,,,,,,,,,,,2024-07
2024-07-09,5443,均豪,光電業,移出,離高點太遠,93.5,98.0,,13,,,,,,,,,,,,,,,,,,,,2024-07
2024-07-09,4562,穎漢,電機機械,移出,離高點太遠,64.9,100.0,,8,,,,,,,,,,,,,,,,,,,,2024-07
2024-07-09,3663,鑫科,其他電子類,移出,晚期未觸發,57.52,78.0,,7,,,,,,,,,,,,,,,,,,,,2024-07
2024-07-09,2365,昆盈,電子工業,移出,離高點太遠,48.94,99.0,,6,,,,,,,,,,,,,,,,,,,,2024-07
2024-07-09,5493,三聯,其他電子類,移出,離高點太遠,89.17,81.0,,4,,,,,,,,,,,,,,,,,,,,2024-07
2024-07-09,3047,訊舟,通信網路業,移出,離高點太遠,39.2,98.0,,46,,,,,,,,,,,,,,,,,,,,2024-07
2024-07-09,2405,輔信,電子工業,移出,掉出掃描母體,27.24,73.0,,1,,,,,,,,,,,,,,,,,,,,2024-07
2024-07-10,3363,上詮,通信網路業,進榜,觸發,173.65,95.0,4.0,0,,-18.6,-7.6,39.8,-5.6,,,,,178.1,2.5,-20.7,-8.1,36.4,-5.8,,,,,2024-07
2024-07-10,3363,上詮,通信網路業,觸發,進榜即觸發,173.65,95.0,4.0,0,173.65,-18.6,-7.6,39.8,-5.6,,,,,178.1,2.5,-20.7,-8.1,36.4,-5.8,,,,,2024-07
2024-07-10,3163,波若威,通信網路業,進榜,觸發,131.06,86.0,5.0,0,,-13.1,-7.6,4.8,-5.6,,,,,135.2,3.2,-15.7,-8.1,1.5,-5.8,,,,,2024-07
2024-07-10,3163,波若威,通信網路業,觸發,進榜即觸發,131.06,86.0,5.0,0,131.06,-13.1,-7.6,4.8,-5.6,,,,,135.2,3.2,-15.7,-8.1,1.5,-5.8,,,,,2024-07
2024-07-10,8147,正淩,電子零組件業,進榜,觸發,132.83,81.0,3.0,0,,-19.2,-7.6,-13.0,-5.6,,,,,134.3,1.1,-20.1,-8.1,-14.0,-5.8,,,,,2024-07
2024-07-10,8147,正淩,電子零組件業,觸發,進榜即觸發,132.83,81.0,3.0,0,132.83,-19.2,-7.6,-13.0,-5.6,,,,,134.3,1.1,-20.1,-8.1,-14.0,-5.8,,,,,2024-07
2024-07-10,2489,瑞軒,光電業,進榜,準備,21.9,82.0,3.0,0,,-2.5,-7.6,-7.3,-5.6,,,,,22.4,2.3,-4.6,-8.1,-9.3,-5.8,,,,,2024-07
2024-07-10,5519,隆大,建材營造,進榜,準備,38.74,79.0,1.0,0,,-8.6,-7.6,-25.4,-5.6,,,,,38.7,0.0,-8.6,-8.1,-25.4,-5.8,,,,,2024-07
2024-07-10,5522,遠雄,建材營造,進榜,準備,76.2,77.0,2.0,0,,-11.9,-7.6,-18.4,-5.6,,,,,75.6,-0.8,-11.2,-8.1,-17.7,-5.8,,,,,2024-07
2024-07-10,2316,楠梓電,電子工業,進榜,準備,59.77,76.0,3.0,0,,-25.0,-7.6,-12.0,-5.6,,,,,56.7,-5.1,-20.9,-8.1,-7.3,-5.8,,,,,2024-07
2024-07-10,2542,興富發,建材營造,進榜,準備,48.64,73.0,0.0,0,,-10.9,-7.6,-17.6,-5.6,,,,,48.4,-0.5,-10.5,-8.1,-17.2,-5.8,,,,,2024-07
2024-07-10,1513,中興電,電機機械,觸發,等待後觸發,214.0,84.0,3.0,6,191.94,-22.1,-7.6,-28.5,-5.6,,,,,215.9,0.9,-22.8,-8.1,-29.1,-5.8,,,,,2024-07
2024-07-10,1442,名軒,建材營造,觸發,等待後觸發,58.21,81.0,2.0,54,55.73,-2.1,-7.6,5.8,-5.6,,,,,57.9,-0.6,-1.5,-8.1,6.5,-5.8,,,,,2024-07
2024-07-10,2367,燿華,電子工業,移出,離高點太遠,36.95,86.0,,63,,,,,,,,,,,,,,,,,,,,2024-07
2024-07-10,6207,雷科,電子零組件業,移出,離高點太遠,72.78,91.0,,6,,,,,,,,,,,,,,,,,,,,2024-07
2024-07-10,5536,聖暉*,其他電子類,移出,掉出掃描母體,244.19,72.0,,5,,,,,,,,,,,,,,,,,,,,2024-07
2024-07-10,3131,弘塑,其他電子類,移出,突破失敗,1354.23,93.0,,5,,,,,,,,,,,,,,,,,,,,2024-07
2024-07-11,3013,晟銘電,電子工業,進榜,觸發,101.25,90.0,6.0,0,,1.3,-7.0,28.2,-6.0,,,,,99.8,-1.5,2.8,-6.8,30.1,-5.7,,,,,2024-07
2024-07-11,3013,晟銘電,電子工業,觸發,進榜即觸發,101.25,90.0,6.0,0,101.25,1.3,-7.0,28.2,-6.0,,,,,99.8,-1.5,2.8,-6.8,30.1,-5.7,,,,,2024-07
2024-07-11,3712,永崴投控,電子工業,進榜,觸發,59.86,81.0,5.0,0,,-17.0,-7.0,-20.1,-6.0,,,,,59.3,-0.9,-16.2,-6.8,-19.4,-5.7,,,,,2024-07
2024-07-11,3712,永崴投控,電子工業,觸發,進榜即觸發,59.86,81.0,5.0,0,59.86,-17.0,-7.0,-20.1,-6.0,,,,,59.3,-0.9,-16.2,-6.8,-19.4,-5.7,,,,,2024-07
2024-07-11,3047,訊舟,通信網路業,進榜,準備,45.81,98.0,3.0,0,,-18.3,-7.0,-24.1,-6.0,,,,,44.5,-2.8,-15.9,-6.8,-21.9,-5.7,,,,,2024-07
2024-07-11,2360,致茂,其他電子業,進榜,準備,326.83,76.0,3.0,0,,-12.1,-7.0,13.0,-6.0,,,,,317.2,-3.0,-9.5,-6.8,16.5,-5.7,,,,,2024-07
2024-07-11,2882,國泰金,金融保險,進榜,準備,59.98,71.0,0.0,0,,-6.9,-7.0,3.8,-6.0,,,,,59.7,-0.5,-6.4,-6.8,4.3,-5.7,,,,,2024-07
2024-07-11,2330,台積電,半導體業,觸發,等待後觸發,1047.65,82.0,0.0,29,883.21,-13.0,-7.0,-2.8,-6.0,,,,,999.1,-4.6,-8.7,-6.8,1.9,-5.7,,,,,2024-07
2024-07-11,2449,京元電子,半導體業,移出,掉出掃描母體,120.2,73.0,,3,,,,,,,,,,,,,,,,,,,,2024-07
2024-07-11,2382,廣達,電子工業,移出,掉出掃描母體,312.15,74.0,,2,,,,,,,,,,,,,,,,,,,,2024-07
2024-07-11,2316,楠梓電,電子工業,移出,掉出掃描母體,59.77,76.0,,1,,,,,,,,,,,,,,,,,,,,2024-07
2024-07-11,6919,康霈*,生技醫療業,移出,離高點太遠,67.6,86.0,,13,,,,,,,,,,,,,,,,,,,,2024-07
2024-07-11,6664,群翊,電子零組件業,移出,離高點太遠,265.97,89.0,,6,,,,,,,,,,,,,,,,,,,,2024-07
2024-07-12,8103,瀚荃,電子工業,進榜,觸發,80.22,86.0,2.0,0,,-10.9,-6.7,-24.5,-5.6,,,,,84.0,4.7,-15.0,-6.9,-27.9,-5.9,,,,,2024-07
2024-07-12,8103,瀚荃,電子工業,觸發,進榜即觸發,80.22,86.0,2.0,0,80.22,-10.9,-6.7,-24.5,-5.6,,,,,84.0,4.7,-15.0,-6.9,-27.9,-5.9,,,,,2024-07
2024-07-12,1608,華榮,電器電纜,進榜,觸發,39.02,85.0,2.0,0,,-18.3,-6.7,-29.4,-5.6,,,,,40.2,3.1,-20.7,-6.9,-31.5,-5.9,,,,,2024-07
2024-07-12,1608,華榮,電器電纜,觸發,進榜即觸發,39.02,85.0,2.0,0,39.02,-18.3,-6.7,-29.4,-5.6,,,,,40.2,3.1,-20.7,-6.9,-31.5,-5.9,,,,,2024-07
2024-07-12,8105,凌巨,光電業,進榜,準備,19.74,74.0,2.0,0,,-10.8,-6.7,-14.6,-5.6,,,,,20.0,1.3,-11.9,-6.9,-15.7,-5.9,,,,,2024-07
2024-07-12,6278,台表科,光電業,進榜,準備,126.36,70.0,2.0,0,,-14.3,-6.7,-22.0,-5.6,,,,,126.8,0.4,-14.6,-6.9,-22.3,-5.9,,,,,2024-07
2024-07-12,2489,瑞軒,光電業,觸發,等待後觸發,24.17,89.0,3.0,2,22.49,-9.2,-6.7,-15.8,-5.6,,,,,26.3,8.8,-16.5,-6.9,-22.6,-5.9,,,,,2024-07
2024-07-12,3030,德律,其他電子業,移出,離高點太遠,149.66,96.0,,66,,,,,,,,,,,,,,,,,,,,2024-07
2024-07-12,6215,和椿,其他電子業,移出,逾期,61.99,95.0,,56,,,,,,,,,,,,,,,,,,,,2024-07
2024-07-12,3402,漢科,其他電子類,移出,掉出掃描母體,107.01,75.0,,11,,,,,,,,,,,,,,,,,,,,2024-07
2024-07-12,6187,萬潤,其他電子類,移出,離高點太遠,270.46,82.0,,8,,,,,,,,,,,,,,,,,,,,2024-07
2024-07-12,6667,信紘科,其他電子類,移出,離高點太遠,177.55,78.0,,8,,,,,,,,,,,,,,,,,,,,2024-07
2024-07-15,2537,聯上發,建材營造,進榜,觸發,25.0,95.0,2.0,0,,-7.8,-6.3,-38.4,-5.5,,,,,25.6,2.4,-10.0,-6.6,-39.8,-5.8,,,,,2024-07
2024-07-15,2537,聯上發,建材營造,觸發,進榜即觸發,25.0,95.0,2.0,0,25.0,-7.8,-6.3,-38.4,-5.5,,,,,25.6,2.4,-10.0,-6.6,-39.8,-5.8,,,,,2024-07
2024-07-15,6177,達麗,建材營造,進榜,準備,49.61,86.0,1.0,0,,-2.2,-6.3,-23.8,-5.5,,,,,50.1,0.9,-3.1,-6.6,-24.4,-5.8,,,,,2024-07
2024-07-15,2504,國產,建材營造,進榜,準備,39.97,74.0,1.0,0,,12.8,-6.3,12.2,-5.5,,,,,40.1,0.3,12.5,-6.6,11.8,-5.8,,,,,2024-07
2024-07-15,2520,冠德,建材營造,進榜,準備,47.08,72.0,1.0,0,,3.4,-6.3,-18.6,-5.5,,,,,47.7,1.3,2.0,-6.6,-19.7,-5.8,,,,,2024-07
2024-07-15,6278,台表科,光電業,移出,掉出掃描母體,126.36,70.0,,3,,,,,,,,,,,,,,,,,,,,2024-07
2024-07-15,2809,京城銀,金融保險,移出,掉出掃描母體,62.2,73.0,,118,,,,,,,,,,,,,,,,,,,,2024-07
2024-07-15,8089,康全電訊,通信網路業,移出,逾期,108.45,93.0,,56,,,,,,,,,,,,,,,,,,,,2024-07
2024-07-15,3580,友威科,其他電子類,移出,離高點太遠,77.51,83.0,,11,,,,,,,,,,,,,,,,,,,,2024-07
2024-07-16,3207,耀勝,電子零組件業,進榜,觸發,157.46,81.0,5.0,0,,-17.8,-6.5,-11.7,-5.9,,,,,159.9,1.6,-19.0,-6.8,-13.1,-6.2,,,,,2024-07
2024-07-16,3207,耀勝,電子零組件業,觸發,進榜即觸發,157.46,81.0,5.0,0,157.46,-17.8,-6.5,-11.7,-5.9,,,,,159.9,1.6,-19.0,-6.8,-13.1,-6.2,,,,,2024-07
2024-07-16,1597,直得,電機機械,進榜,準備,100.33,78.0,1.0,0,,4.4,-6.5,-5.8,-5.9,,,,,100.8,0.5,3.9,-6.8,-6.2,-6.2,,,,,2024-07
2024-07-16,5534,長虹,建材營造,進榜,準備,104.3,72.0,1.0,0,,1.2,-6.5,-18.2,-5.9,,,,,105.5,1.2,0.0,-6.8,-19.2,-6.2,,,,,2024-07
2024-07-16,3010,華立,電子工業,進榜,準備,135.56,71.0,0.0,0,,-18.3,-6.5,-16.9,-5.9,,,,,136.9,1.0,-19.1,-6.8,-17.7,-6.2,,,,,2024-07
2024-07-16,2348,海悅,其他,觸發,等待後觸發,189.85,98.0,1.0,47,139.86,23.9,-6.5,-30.4,-5.9,,,,,208.6,9.9,12.8,-6.8,-36.6,-6.2,,,,,2024-07
2024-07-16,2360,致茂,其他電子業,觸發,等待後觸發,333.6,76.0,3.0,5,330.22,-11.2,-6.5,19.0,-5.9,,,,,333.1,-0.1,-11.0,-6.8,19.2,-6.2,,,,,2024-07
2024-07-16,8105,凌巨,光電業,觸發,等待後觸發,20.98,80.0,2.0,4,19.99,-15.9,-6.5,-19.9,-5.9,,,,,21.9,4.3,-19.3,-6.8,-23.2,-6.2,,,,,2024-07
2024-07-16,3312,弘憶股,電子工業,移出,離高點太遠,88.78,99.0,,50,,,,,,,,,,,,,,,,,,,,2024-07
2024-07-16,8027,鈦昇,電機機械,移出,離高點太遠,121.0,77.0,,50,,,,,,,,,,,,,,,,,,,,2024-07
2024-07-16,4526,東台,電機機械,移出,掉出掃描母體,30.74,81.0,,27,,,,,,,,,,,,,,,,,,,,2024-07
2024-07-16,3289,宜特,其他電子類,移出,掉出掃描母體,135.63,73.0,,21,,,,,,,,,,,,,,,,,,,,2024-07
2024-07-16,5434,崇越,電子工業,移出,掉出掃描母體,264.11,71.0,,7,,,,,,,,,,,,,,,,,,,,2024-07
2024-07-17,2365,昆盈,電子工業,進榜,觸發,63.09,100.0,3.0,0,,-0.6,-6.0,-22.2,-5.8,,,,,64.2,1.8,-2.4,-5.7,-23.6,-5.4,,,,,2024-07
2024-07-17,2365,昆盈,電子工業,觸發,進榜即觸發,63.09,100.0,3.0,0,63.09,-0.6,-6.0,-22.2,-5.8,,,,,64.2,1.8,-2.4,-5.7,-23.6,-5.4,,,,,2024-07
2024-07-17,2548,華固,建材營造,進榜,準備,136.02,87.0,2.0,0,,-7.4,-6.0,-24.0,-5.8,,,,,132.8,-2.4,-5.2,-5.7,-22.1,-5.4,,,,,2024-07
2024-07-17,3689,湧德,電子零組件業,進榜,準備,80.75,73.0,2.0,0,,-4.0,-6.0,6.6,-5.8,,,,,78.9,-2.2,-1.8,-5.7,9.0,-5.4,,,,,2024-07
2024-07-17,2362,藍天,電子工業,進榜,準備,54.69,71.0,3.0,0,,-4.8,-6.0,-2.1,-5.8,,,,,54.1,-1.2,-3.7,-5.7,-1.0,-5.4,,,,,2024-07
2024-07-17,5508,永信建,建材營造,觸發,等待後觸發,221.57,97.0,2.0,28,178.13,12.9,-6.0,-15.0,-5.8,,,,,215.3,-2.8,16.2,-5.7,-12.5,-5.4,,,,,2024-07
2024-07-17,3010,華立,電子工業,移出,掉出掃描母體,135.56,71.0,,1,,,,,,,,,,,,,,,,,,,,2024-07
2024-07-18,4160,訊聯基因,生技醫療業,進榜,觸發,134.21,99.0,1.0,0,,-28.7,-5.3,-37.2,-5.7,,,,,142.0,5.8,-32.6,-5.2,-40.6,-5.5,,,,,2024-07
2024-07-18,4160,訊聯基因,生技醫療業,觸發,進榜即觸發,134.21,99.0,1.0,0,134.21,-28.7,-5.3,-37.2,-5.7,,,,,142.0,5.8,-32.6,-5.2,-40.6,-5.5,,,,,2024-07
2024-07-18,2362,藍天,電子工業,移出,掉出掃描母體,54.69,71.0,,1,,,,,,,,,,,,,,,,,,,,2024-07
2024-07-18,2486,一詮,光電業,移出,離高點太遠,123.99,96.0,,73,,,,,,,,,,,,,,,,,,,,2024-07
2024-07-18,8028,昇陽半導體,半導體業,移出,離高點太遠,106.43,94.0,,35,,,,,,,,,,,,,,,,,,,,2024-07
2024-07-18,6449,鈺邦,電子工業,移出,離高點太遠,159.46,94.0,,27,,,,,,,,,,,,,,,,,,,,2024-07
2024-07-18,2495,普安,其他電子業,移出,離高點太遠,30.08,78.0,,20,,,,,,,,,,,,,,,,,,,,2024-07
2024-07-18,3413,京鼎,半導體業,移出,離高點太遠,308.45,74.0,,17,,,,,,,,,,,,,,,,,,,,2024-07
2024-07-18,3583,辛耘,半導體業,移出,離高點太遠,373.67,81.0,,17,,,,,,,,,,,,,,,,,,,,2024-07
2024-07-18,2360,致茂,其他電子業,移出,掉出掃描母體,317.16,72.0,,7,,,,,,,,,,,,,,,,,,,,2024-07
2024-07-19,2392,正崴,電子零組件業,移出,離高點太遠,71.42,87.0,,60,,,,,,,,,,,,,,,,,,,,2024-07
2024-07-19,6451,訊芯-KY,半導體業,移出,離高點太遠,237.71,80.0,,31,,,,,,,,,,,,,,,,,,,,2024-07
2024-07-19,3535,晶彩科,光電業,移出,離高點太遠,67.88,99.0,,29,,,,,,,,,,,,,,,,,,,,2024-07
2024-07-19,1785,光洋科,其他電子類,移出,離高點太遠,61.58,82.0,,29,,,,,,,,,,,,,,,,,,,,2024-07
2024-07-19,5432,新門,光電業,移出,離高點太遠,259.78,94.0,,21,,,,,,,,,,,,,,,,,,,,2024-07
2024-07-19,5474,聰泰,電腦及週邊設備業,移出,離高點太遠,162.89,80.0,,16,,,,,,,,,,,,,,,,,,,,2024-07
2024-07-19,8103,瀚荃,電子工業,移出,突破失敗,73.25,83.0,,7,,,,,,,,,,,,,,,,,,,,2024-07
2024-07-19,1608,華榮,電器電纜,移出,離高點太遠,35.14,75.0,,7,,,,,,,,,,,,,,,,,,,,2024-07
2024-07-19,1784,訊聯,生技醫療業,移出,離高點太遠,132.72,97.0,,21,,,,,,,,,,,,,,,,,,,,2024-07
2024-07-19,4160,訊聯基因,生技醫療業,移出,離高點太遠,120.93,99.0,,1,,,,,,,,,,,,,,,,,,,,2024-07
2024-07-22,3580,友威科,其他電子類,進榜,觸發,93.01,93.0,1.0,0,,13.3,-1.9,-3.6,-1.7,,,,,96.9,4.2,8.8,-2.5,-7.4,-2.4,,,,,2024-07
2024-07-22,3580,友威科,其他電子類,觸發,進榜即觸發,93.01,93.0,1.0,0,93.01,13.3,-1.9,-3.6,-1.7,,,,,96.9,4.2,8.8,-2.5,-7.4,-2.4,,,,,2024-07
2024-07-22,3663,鑫科,其他電子類,進榜,準備,66.76,90.0,3.0,0,,60.0,-1.9,29.5,-1.7,,,,,69.5,4.2,53.6,-2.5,24.3,-2.4,,,,,2024-07
2024-07-22,6223,旺矽,半導體業,移出,離高點太遠,521.24,90.0,,102,,,,,,,,,,,,,,,,,,,,2024-07
2024-07-22,2317,鴻海,其他電子業,移出,離高點太遠,180.38,88.0,,84,,,,,,,,,,,,,,,,,,,,2024-07
2024-07-22,2476,鉅祥,電子零組件業,移出,掉出掃描母體,99.38,77.0,,40,,,,,,,,,,,,,,,,,,,,2024-07
2024-07-22,4909,新復興,通信網路業,移出,離高點太遠,107.32,97.0,,40,,,,,,,,,,,,,,,,,,,,2024-07
2024-07-22,1519,華城,電機機械,移出,離高點太遠,627.09,90.0,,38,,,,,,,,,,,,,,,,,,,,2024-07
2024-07-22,3450,聯鈞,其他電子業,移出,離高點太遠,126.45,96.0,,34,,,,,,,,,,,,,,,,,,,,2024-07
2024-07-22,3048,益登,電子通路業,移出,離高點太遠,43.61,92.0,,34,,,,,,,,,,,,,,,,,,,,2024-07
2024-07-22,6863,永道-KY,電子工業,移出,掉出掃描母體,216.16,83.0,,31,,,,,,,,,,,,,,,,,,,,2024-07
2024-07-22,2406,國碩,光電業,移出,突破失敗,24.9,73.0,,25,,,,,,,,,,,,,,,,,,,,2024-07
2024-07-22,3455,由田,光電業,移出,離高點太遠,108.46,82.0,,21,,,,,,,,,,,,,,,,,,,,2024-07
2024-07-22,2464,盟立,其他電子業,移出,離高點太遠,82.31,95.0,,19,,,,,,,,,,,,,,,,,,,,2024-07
2024-07-22,6706,惠特,光電業,移出,離高點太遠,108.37,91.0,,18,,,,,,,,,,,,,,,,,,,,2024-07
2024-07-22,2312,金寶,其他電子業,移出,離高點太遠,22.85,84.0,,14,,,,,,,,,,,,,,,,,,,,2024-07
2024-07-22,5522,遠雄,建材營造,移出,掉出掃描母體,76.38,76.0,,12,,,,,,,,,,,,,,,,,,,,2024-07
2024-07-22,2489,瑞軒,光電業,移出,離高點太遠,22.09,84.0,,12,,,,,,,,,,,,,,,,,,,,2024-07
2024-07-22,3163,波若威,通信網路業,移出,離高點太遠,131.89,91.0,,12,,,,,,,,,,,,,,,,,,,,2024-07
2024-07-22,2882,國泰金,金融保險,移出,掉出掃描母體,57.33,70.0,,11,,,,,,,,,,,,,,,,,,,,2024-07
2024-07-22,3047,訊舟,通信網路業,移出,離高點太遠,36.74,97.0,,11,,,,,,,,,,,,,,,,,,,,2024-07
2024-07-22,8105,凌巨,光電業,移出,離高點太遠,20.33,81.0,,10,,,,,,,,,,,,,,,,,,,,2024-07
2024-07-22,2537,聯上發,建材營造,移出,離高點太遠,24.35,95.0,,7,,,,,,,,,,,,,,,,,,,,2024-07
2024-07-23,6177,達麗,建材營造,觸發,等待後觸發,54.68,90.0,1.0,8,50.66,-5.2,-2.8,-34.6,-2.6,,,,,53.2,-2.7,-2.5,-1.5,-32.8,-1.4,,,,,2024-07
2024-07-23,6442,光聖,通信網路業,移出,離高點太遠,419.55,100.0,,82,,,,,,,,,,,,,,,,,,,,2024-07
2024-07-23,3013,晟銘電,電子工業,移出,離高點太遠,113.59,96.0,,12,,,,,,,,,,,,,,,,,,,,2024-07
2024-07-23,3580,友威科,其他電子類,移出,離高點太遠,83.84,90.0,,1,,,,,,,,,,,,,,,,,,,,2024-07
2024-07-26,2524,京城,建材營造,進榜,準備,84.8,96.0,3.0,0,,42.7,-1.9,-4.4,-2.2,,,,,87.5,3.2,38.3,-2.3,-7.3,-2.7,,,,,2024-07
2024-07-26,9945,潤泰新,其他,進榜,準備,47.45,75.0,1.0,0,,-6.2,-1.9,-8.3,-2.2,,,,,49.0,3.3,-9.2,-2.3,-11.2,-2.7,,,,,2024-07
2024-07-26,2867,三商壽,金融保險,移出,逾期,7.71,77.0,,56,,,,,,,,,,,,,,,,,,,,2024-07
2024-07-26,4566,時碩工業,電機機械,移出,離高點太遠,90.18,91.0,,50,,,,,,,,,,,,,,,,,,,,2024-07
2024-07-26,2330,台積電,半導體業,移出,掉出掃描母體,949.68,78.0,,44,,,,,,,,,,,,,,,,,,,,2024-07
2024-07-26,6869,雲豹能源-創,創新板股票,移出,離高點太遠,246.14,97.0,,30,,,,,,,,,,,,,,,,,,,,2024-07
2024-07-26,2540,愛山林,建材營造,移出,晚期未觸發,82.58,94.0,,25,,,,,,,,,,,,,,,,,,,,2024-07
2024-07-26,8147,正淩,電子零組件業,移出,離高點太遠,132.35,88.0,,16,,,,,,,,,,,,,,,,,,,,2024-07
2024-07-26,3363,上詮,通信網路業,移出,離高點太遠,161.88,94.0,,16,,,,,,,,,,,,,,,,,,,,2024-07
2024-07-26,3712,永崴投控,電子工業,移出,突破失敗,54.9,76.0,,15,,,,,,,,,,,,,,,,,,,,2024-07
2024-07-26,3207,耀勝,電子零組件業,移出,掉出掃描母體,152.0,83.0,,10,,,,,,,,,,,,,,,,,,,,2024-07
2024-07-26,1597,直得,電機機械,移出,離高點太遠,91.71,77.0,,10,,,,,,,,,,,,,,,,,,,,2024-07
2024-07-26,3689,湧德,電子零組件業,移出,掉出掃描母體,73.96,72.0,,9,,,,,,,,,,,,,,,,,,,,2024-07
2024-07-29,2442,新美齊,電子工業,進榜,觸發,34.68,76.0,3.0,0,,-11.7,-0.3,-35.8,-0.9,,,,,35.3,1.9,-13.3,-0.2,-37.0,-1.0,,,,,2024-07
2024-07-29,2442,新美齊,電子工業,觸發,進榜即觸發,34.68,76.0,3.0,0,34.68,-11.7,-0.3,-35.8,-0.9,,,,,35.3,1.9,-13.3,-0.2,-37.0,-1.0,,,,,2024-07
2024-07-29,2545,皇翔,建材營造,進榜,準備,50.93,72.0,2.0,0,,-1.9,-0.3,-5.7,-0.9,,,,,51.2,0.6,-2.5,-0.2,-6.3,-1.0,,,,,2024-07
2024-07-29,2524,京城,建材營造,觸發,等待後觸發,93.2,97.0,3.0,3,86.0,25.0,-0.3,-14.6,-0.9,,,,,94.8,1.7,22.9,-0.2,-16.0,-1.0,,,,,2024-07
2024-07-29,2467,志聖,電子工業,移出,離高點太遠,176.96,96.0,,33,,,,,,,,,,,,,,,,,,,,2024-07
2024-07-29,1513,中興電,電機機械,移出,離高點太遠,182.09,76.0,,25,,,,,,,,,,,,,,,,,,,,2024-07
2024-07-29,6788,華景電,半導體業,移出,離高點太遠,179.7,87.0,,21,,,,,,,,,,,,,,,,,,,,2024-07
2024-07-29,6231,系微,資訊服務業,移出,離高點太遠,385.22,93.0,,20,,,,,,,,,,,,,,,,,,,,2024-07
2024-07-29,2365,昆盈,電子工業,移出,離高點太遠,57.64,99.0,,12,,,,,,,,,,,,,,,,,,,,2024-07
2024-07-30,4513,福裕,電機機械,進榜,準備,55.82,97.0,3.0,0,,41.7,-0.7,-29.1,-2.0,,,,,56.4,1.0,40.3,-0.4,-29.8,-1.9,,,,,2024-07
2024-07-30,2915,潤泰全,貿易百貨,進榜,準備,73.5,71.0,2.0,0,,0.7,-0.7,-3.5,-2.0,,,,,73.2,-0.4,1.1,-0.4,-3.1,-1.9,,,,,2024-07
2024-07-30,3663,鑫科,其他電子類,觸發,等待後觸發,75.89,94.0,3.0,8,67.55,30.9,-0.7,21.9,-2.0,,,,,76.7,1.0,29.5,-0.4,20.6,-1.9,,,,,2024-07
2024-07-31,3535,晶彩科,光電業,進榜,準備,80.66,100.0,3.0,0,,-4.5,-0.7,-28.9,-2.9,,,,,82.9,2.8,-7.2,-1.1,-30.8,-3.7,,,,,2024-07
2024-07-31,4513,福裕,電機機械,觸發,等待後觸發,61.33,98.0,3.0,1,55.82,31.4,-0.7,-37.3,-2.9,,,,,61.2,-0.2,31.6,-1.1,-37.2,-3.7,,,,,2024-07
2024-07-31,2545,皇翔,建材營造,移出,掉出掃描母體,51.17,70.0,,2,,,,,,,,,,,,,,,,,,,,2024-07
2024-07-31,1522,堤維西,汽車工業,移出,掉出掃描母體,59.33,85.0,,79,,,,,,,,,,,,,,,,,,,,2024-07
2024-07-31,2442,新美齊,電子工業,移出,掉出掃描母體,33.66,71.0,,2,,,,,,,,,,,,,,,,,,,,2024-07
2024-08-01,9906,欣巴巴,建材營造,進榜,觸發,184.83,98.0,3.0,0,,-7.5,-1.9,-39.8,-4.5,,,,,188.7,2.1,-9.4,-1.0,-41.1,-3.5,,,,,2024-08
2024-08-01,9906,欣巴巴,建材營造,觸發,進榜即觸發,184.83,98.0,3.0,0,184.83,-7.5,-1.9,-39.8,-4.5,,,,,188.7,2.1,-9.4,-1.0,-41.1,-3.5,,,,,2024-08
2024-08-01,2362,藍天,電子工業,進榜,準備,57.86,81.0,3.0,0,,-6.3,-1.9,-12.2,-4.5,,,,,56.4,-2.5,-3.8,-1.0,-9.9,-3.5,,,,,2024-08
2024-08-01,2308,台達電,電子工業,進榜,準備,414.42,76.0,2.0,0,,-6.3,-1.9,-4.7,-4.5,,,,,383.6,-7.4,1.3,-1.0,2.9,-3.5,,,,,2024-08
2024-08-01,2442,新美齊,電子工業,進榜,準備,35.75,75.0,3.0,0,,-10.5,-1.9,-37.8,-4.5,,,,,35.0,-2.1,-8.6,-1.0,-36.4,-3.5,,,,,2024-08
2024-08-01,4532,瑞智,電機機械,進榜,準備,28.22,71.0,2.0,0,,-20.6,-1.9,-18.5,-4.5,,,,,27.6,-2.4,-18.6,-1.0,-16.6,-3.5,,,,,2024-08
2024-08-01,2393,億光,電子工業,移出,掉出掃描母體,64.55,78.0,,91,,,,,,,,,,,,,,,,,,,,2024-08
2024-08-02,1540,喬福,電機機械,進榜,準備,33.56,95.0,2.0,0,,12.1,0.1,10.1,-2.1,,,,,34.6,3.2,8.6,2.1,6.6,-0.2,,,,,2024-08
2024-08-02,2915,潤泰全,貿易百貨,移出,掉出掃描母體,75.24,70.0,,3,,,,,,,,,,,,,,,,,,,,2024-08
2024-08-02,4532,瑞智,電機機械,移出,掉出掃描母體,28.22,71.0,,1,,,,,,,,,,,,,,,,,,,,2024-08
2024-08-02,3293,鈊象,文化創意業,移出,離高點太遠,658.3,90.0,,51,,,,,,,,,,,,,,,,,,,,2024-08
2024-08-02,4726,永昕,生技醫療業,移出,掉出掃描母體,57.1,74.0,,43,,,,,,,,,,,,,,,,,,,,2024-08
2024-08-02,3029,零壹,資訊服務業,移出,離高點太遠,90.35,77.0,,35,,,,,,,,,,,,,,,,,,,,2024-08
2024-08-02,2520,冠德,建材營造,移出,掉出掃描母體,50.29,75.0,,18,,,,,,,,,,,,,,,,,,,,2024-08
2024-08-02,3535,晶彩科,光電業,移出,離高點太遠,71.94,99.0,,2,,,,,,,,,,,,,,,,,,,,2024-08
2024-08-05,1540,喬福,電機機械,觸發,等待後觸發,36.85,97.0,2.0,3,33.56,-0.1,7.8,-2.2,4.3,,,,,37.8,2.7,-2.7,7.1,-4.8,3.6,,,,,2024-08
2024-08-05,1442,名軒,建材營造,移出,掉出掃描母體,58.38,83.0,,80,,,,,,,,,,,,,,,,,,,,2024-08
2024-08-05,2348,海悅,其他,移出,離高點太遠,215.35,99.0,,67,,,,,,,,,,,,,,,,,,,,2024-08
2024-08-05,5508,永信建,建材營造,移出,離高點太遠,229.12,97.0,,47,,,,,,,,,,,,,,,,,,,,2024-08
2024-08-05,8064,東捷,光電業,移出,離高點太遠,52.3,98.0,,45,,,,,,,,,,,,,,,,,,,,2024-08
2024-08-05,3374,精材,半導體業,移出,離高點太遠,197.22,93.0,,34,,,,,,,,,,,,,,,,,,,,2024-08
2024-08-05,3665,貿聯-KY,其他電子業,移出,離高點太遠,335.64,89.0,,33,,,,,,,,,,,,,,,,,,,,2024-08
2024-08-05,2543,皇昌,建材營造,移出,離高點太遠,35.65,97.0,,32,,,,,,,,,,,,,,,,,,,,2024-08
2024-08-05,5225,東科-KY,其他電子業,移出,掉出掃描母體,104.6,83.0,,28,,,,,,,,,,,,,,,,,,,,2024-08
2024-08-05,5519,隆大,建材營造,移出,離高點太遠,38.62,83.0,,26,,,,,,,,,,,,,,,,,,,,2024-08
2024-08-05,2542,興富發,建材營造,移出,離高點太遠,44.87,79.0,,26,,,,,,,,,,,,,,,,,,,,2024-08
2024-08-05,6177,達麗,建材營造,移出,離高點太遠,49.16,90.0,,21,,,,,,,,,,,,,,,,,,,,2024-08
2024-08-05,2548,華固,建材營造,移出,掉出掃描母體,128.77,86.0,,19,,,,,,,,,,,,,,,,,,,,2024-08
2024-08-05,3663,鑫科,其他電子類,移出,離高點太遠,71.52,95.0,,14,,,,,,,,,,,,,,,,,,,,2024-08
2024-08-05,9945,潤泰新,其他,移出,離高點太遠,41.94,74.0,,10,,,,,,,,,,,,,,,,,,,,2024-08
2024-08-05,2362,藍天,電子工業,移出,掉出掃描母體,53.79,79.0,,4,,,,,,,,,,,,,,,,,,,,2024-08
2024-08-05,2308,台達電,電子工業,移出,掉出掃描母體,381.19,72.0,,4,,,,,,,,,,,,,,,,,,,,2024-08
2024-08-05,2442,新美齊,電子工業,移出,晚期未觸發,31.38,76.0,,4,,,,,,,,,,,,,,,,,,,,2024-08
2024-08-05,9906,欣巴巴,建材營造,移出,離高點太遠,163.62,98.0,,4,,,,,,,,,,,,,,,,,,,,2024-08
2024-08-06,5534,長虹,建材營造,移出,掉出掃描母體,105.52,84.0,,21,,,,,,,,,,,,,,,,,,,,2024-08
2024-08-06,2524,京城,建材營造,移出,離高點太遠,93.6,98.0,,11,,,,,,,,,,,,,,,,,,,,2024-08
2024-08-06,4513,福裕,電機機械,移出,離高點太遠,54.88,98.0,,7,,,,,,,,,,,,,,,,,,,,2024-08
2024-08-07,4510,高鋒,電機機械,進榜,觸發,40.87,98.0,2.0,0,,28.6,0.7,4.1,1.1,,,,,42.3,3.6,24.1,1.8,0.5,2.2,,,,,2024-08
2024-08-07,4510,高鋒,電機機械,觸發,進榜即觸發,40.87,98.0,2.0,0,40.87,28.6,0.7,4.1,1.1,,,,,42.3,3.6,24.1,1.8,0.5,2.2,,,,,2024-08
2024-08-09,4562,穎漢,電機機械,進榜,觸發,76.2,100.0,3.0,0,,-3.5,0.4,-10.8,0.5,,,,,77.2,1.3,-4.8,0.1,-11.9,0.2,,,,,2024-08
2024-08-09,4562,穎漢,電機機械,觸發,進榜即觸發,76.2,100.0,3.0,0,76.2,-3.5,0.4,-10.8,0.5,,,,,77.2,1.3,-4.8,0.1,-11.9,0.2,,,,,2024-08
2024-08-09,3131,弘塑,其他電子類,進榜,觸發,1635.28,96.0,4.0,0,,-1.2,0.4,4.7,0.5,,,,,1649.8,0.9,-2.1,0.1,3.8,0.2,,,,,2024-08
2024-08-09,3131,弘塑,其他電子類,觸發,進榜即觸發,1635.28,96.0,4.0,0,1635.28,-1.2,0.4,4.7,0.5,,,,,1649.8,0.9,-2.1,0.1,3.8,0.2,,,,,2024-08
2024-08-09,6215,和椿,其他電子業,進榜,觸發,64.92,95.0,4.0,0,,5.0,0.4,-3.6,0.5,,,,,66.3,2.1,2.8,0.1,-5.6,0.2,,,,,2024-08
2024-08-09,6215,和椿,其他電子業,觸發,進榜即觸發,64.92,95.0,4.0,0,64.92,5.0,0.4,-3.6,0.5,,,,,66.3,2.1,2.8,0.1,-5.6,0.2,,,,,2024-08
2024-08-09,1597,直得,電機機械,進榜,觸發,115.01,92.0,1.0,0,,-18.3,0.4,-17.8,0.5,,,,,120.4,4.7,-22.0,0.1,-21.5,0.2,,,,,2024-08
2024-08-09,1597,直得,電機機械,觸發,進榜即觸發,115.01,92.0,1.0,0,115.01,-18.3,0.4,-17.8,0.5,,,,,120.4,4.7,-22.0,0.1,-21.5,0.2,,,,,2024-08
2024-08-09,3663,鑫科,其他電子類,進榜,準備,95.17,98.0,3.0,0,,-7.6,0.4,-5.9,0.5,,,,,98.4,3.4,-10.7,0.1,-9.1,0.2,,,,,2024-08
2024-08-12,5536,聖暉*,其他電子類,進榜,準備,247.5,79.0,2.0,0,,17.0,-0.4,22.2,0.0,,,,,249.4,0.8,16.1,-0.7,21.3,0.0,,,,,2024-08
2024-08-12,4510,高鋒,電機機械,移出,離高點太遠,36.99,98.0,,5,,,,,,,,,,,,,,,,,,,,2024-08
2024-08-12,1597,直得,電機機械,移出,突破失敗,103.75,89.0,,3,,,,,,,,,,,,,,,,,,,,2024-08
2024-08-13,8096,擎亞,電子通路業,進榜,觸發,47.97,90.0,6.0,0,,2.7,-1.4,-19.9,-0.9,,,,,49.4,3.0,-0.3,-1.9,-22.2,-1.4,,,,,2024-08
2024-08-13,8096,擎亞,電子通路業,觸發,進榜即觸發,47.97,90.0,6.0,0,47.97,2.7,-1.4,-19.9,-0.9,,,,,49.4,3.0,-0.3,-1.9,-22.2,-1.4,,,,,2024-08
2024-08-13,3019,亞光,光電業,進榜,觸發,101.73,89.0,3.0,0,,5.1,-1.4,-1.4,-0.9,,,,,106.4,4.6,0.4,-1.9,-5.8,-1.4,,,,,2024-08
2024-08-13,3019,亞光,光電業,觸發,進榜即觸發,101.73,89.0,3.0,0,101.73,5.1,-1.4,-1.4,-0.9,,,,,106.4,4.6,0.4,-1.9,-5.8,-1.4,,,,,2024-08
2024-08-13,6535,順藥,生技醫療業,進榜,觸發,242.32,87.0,4.0,0,,1.6,-1.4,35.8,-0.9,,,,,246.3,1.6,0.0,-1.9,33.6,-1.4,,,,,2024-08
2024-08-13,6535,順藥,生技醫療業,觸發,進榜即觸發,242.32,87.0,4.0,0,242.32,1.6,-1.4,35.8,-0.9,,,,,246.3,1.6,0.0,-1.9,33.6,-1.4,,,,,2024-08
2024-08-13,1540,喬福,電機機械,移出,離高點太遠,34.23,95.0,,11,,,,,,,,,,,,,,,,,,,,2024-08
2024-08-14,8374,羅昇,電機機械,進榜,觸發,146.43,100.0,3.0,0,,-2.7,-1.7,-11.9,-1.5,,,,,150.9,3.1,-5.6,-2.1,-14.5,-1.6,,,,,2024-08
2024-08-14,8374,羅昇,電機機械,觸發,進榜即觸發,146.43,100.0,3.0,0,146.43,-2.7,-1.7,-11.9,-1.5,,,,,150.9,3.1,-5.6,-2.1,-14.5,-1.6,,,,,2024-08
2024-08-14,2393,億光,電子工業,進榜,準備,68.95,83.0,2.0,0,,1.0,-1.7,-4.9,-1.5,,,,,69.5,0.8,0.2,-2.1,-5.6,-1.6,,,,,2024-08
2024-08-14,2881,富邦金,金融保險,進榜,準備,76.35,74.0,1.0,0,,0.5,-1.7,7.0,-1.5,,,,,77.4,1.3,-0.8,-2.1,5.6,-1.6,,,,,2024-08
2024-08-14,2890,永豐金,金融保險,進榜,準備,22.74,71.0,0.0,0,,-8.0,-1.7,-10.6,-1.5,,,,,23.0,0.9,-8.9,-2.1,-11.4,-1.6,,,,,2024-08
2024-08-14,5536,聖暉*,其他電子類,觸發,等待後觸發,265.01,82.0,2.0,2,249.87,10.0,-1.7,10.7,-1.5,,,,,265.0,0.0,10.0,-2.1,10.7,-1.6,,,,,2024-08
2024-08-15,6788,華景電,半導體業,進榜,觸發,216.64,92.0,3.0,0,,6.8,-1.1,2.1,-2.6,,,,,228.6,5.5,1.2,-1.8,-3.2,-3.3,,,,,2024-08
2024-08-15,6788,華景電,半導體業,觸發,進榜即觸發,216.64,92.0,3.0,0,216.64,6.8,-1.1,2.1,-2.6,,,,,228.6,5.5,1.2,-1.8,-3.2,-3.3,,,,,2024-08
2024-08-15,2524,京城,建材營造,進榜,準備,121.0,99.0,2.0,0,,-5.8,-1.1,-36.1,-2.6,,,,,121.5,0.4,-6.2,-1.8,-36.4,-3.3,,,,,2024-08
2024-08-15,1436,華友聯,建材營造,進榜,準備,110.96,93.0,2.0,0,,-18.6,-1.1,-34.4,-2.6,,,,,111.3,0.3,-18.8,-1.8,-34.6,-3.3,,,,,2024-08
2024-08-15,3583,辛耘,半導體業,進榜,準備,431.38,89.0,3.0,0,,-9.9,-1.1,0.6,-2.6,,,,,448.0,3.9,-13.2,-1.8,-3.2,-3.3,,,,,2024-08
2024-08-15,1442,名軒,建材營造,進榜,準備,60.86,87.0,1.0,0,,-7.0,-1.1,-0.6,-2.6,,,,,61.5,1.0,-8.0,-1.8,-1.6,-3.3,,,,,2024-08
2024-08-15,8464,億豐,其他,進榜,準備,421.33,73.0,3.0,0,,4.3,-1.1,-10.4,-2.6,,,,,421.3,0.0,4.3,-1.8,-10.4,-3.3,,,,,2024-08
2024-08-15,2890,永豐金,金融保險,移出,掉出掃描母體,22.74,71.0,,1,,,,,,,,,,,,,,,,,,,,2024-08
2024-08-16,8028,昇陽半導體,半導體業,進榜,觸發,130.35,98.0,3.0,0,,-6.0,-1.4,1.1,-3.2,,,,,132.8,1.9,-7.7,-1.4,-0.7,-3.3,,,,,2024-08
2024-08-16,8028,昇陽半導體,半導體業,觸發,進榜即觸發,130.35,98.0,3.0,0,130.35,-6.0,-1.4,1.1,-3.2,,,,,132.8,1.9,-7.7,-1.4,-0.7,-3.3,,,,,2024-08
2024-08-16,6177,達麗,建材營造,進榜,觸發,58.64,92.0,1.0,0,,-20.8,-1.4,-39.2,-3.2,,,,,58.2,-0.7,-20.2,-1.4,-38.8,-3.3,,,,,2024-08
2024-08-16,6177,達麗,建材營造,觸發,進榜即觸發,58.64,92.0,1.0,0,58.64,-20.8,-1.4,-39.2,-3.2,,,,,58.2,-0.7,-20.2,-1.4,-38.8,-3.3,,,,,2024-08
2024-08-16,3047,訊舟,通信網路業,進榜,準備,43.94,97.0,3.0,0,,-11.4,-1.4,-18.1,-3.2,,,,,45.3,3.0,-14.1,-1.4,-20.5,-3.3,,,,,2024-08
2024-08-16,3374,精材,半導體業,進榜,準備,243.97,93.0,3.0,0,,-3.8,-1.4,-16.8,-3.2,,,,,249.3,2.2,-5.9,-1.4,-18.6,-3.3,,,,,2024-08
2024-08-16,3580,友威科,其他電子類,進榜,準備,98.3,92.0,2.0,0,,-7.6,-1.4,4.8,-3.2,,,,,101.1,2.9,-10.2,-1.4,1.9,-3.3,,,,,2024-08
2024-08-16,3665,貿聯-KY,其他電子業,進榜,準備,392.39,89.0,3.0,0,,2.0,-1.4,47.3,-3.2,,,,,396.3,1.0,1.0,-1.4,45.9,-3.3,,,,,2024-08
2024-08-16,5263,智崴,文化創意業,進榜,準備,196.09,88.0,2.0,0,,-14.9,-1.4,-20.2,-3.2,,,,,196.1,0.0,-14.9,-1.4,-20.2,-3.3,,,,,2024-08
2024-08-16,6409,旭隼,其他電子業,進榜,準備,1810.89,72.0,1.0,0,,7.7,-1.4,-3.1,-3.2,,,,,1834.2,1.3,6.3,-1.4,-4.3,-3.3,,,,,2024-08
2024-08-16,5434,崇越,電子工業,進榜,準備,257.57,71.0,2.0,0,,2.0,-1.4,11.1,-3.2,,,,,259.4,0.7,1.3,-1.4,10.3,-3.3,,,,,2024-08
2024-08-16,8464,億豐,其他,移出,掉出掃描母體,421.33,73.0,,1,,,,,,,,,,,,,,,,,,,,2024-08
2024-08-19,5443,均豪,光電業,進榜,觸發,115.68,98.0,4.0,0,,23.6,-1.0,1.2,-4.0,,,,,119.0,2.9,20.1,-1.2,-1.6,-4.1,,,,,2024-08
2024-08-19,5443,均豪,光電業,觸發,進榜即觸發,115.68,98.0,4.0,0,115.68,23.6,-1.0,1.2,-4.0,,,,,119.0,2.9,20.1,-1.2,-1.6,-4.1,,,,,2024-08
2024-08-19,2543,皇昌,建材營造,進榜,觸發,44.79,97.0,5.0,0,,-0.6,-1.0,48.5,-4.0,,,,,45.4,1.3,-1.8,-1.2,46.6,-4.1,,,,,2024-08
2024-08-19,2543,皇昌,建材營造,觸發,進榜即觸發,44.79,97.0,5.0,0,44.79,-0.6,-1.0,48.5,-4.0,,,,,45.4,1.3,-1.8,-1.2,46.6,-4.1,,,,,2024-08
2024-08-19,3491,昇達科,通信網路業,進榜,觸發,333.59,91.0,2.0,0,,-7.5,-1.0,-18.4,-4.0,,,,,334.1,0.1,-7.6,-1.2,-18.6,-4.1,,,,,2024-08
2024-08-19,3491,昇達科,通信網路業,觸發,進榜即觸發,333.59,91.0,2.0,0,333.59,-7.5,-1.0,-18.4,-4.0,,,,,334.1,0.1,-7.6,-1.2,-18.6,-4.1,,,,,2024-08
2024-08-19,3455,由田,光電業,進榜,觸發,129.12,88.0,3.0,0,,-7.3,-1.0,-11.6,-4.0,,,,,132.4,2.5,-9.6,-1.2,-13.8,-4.1,,,,,2024-08
2024-08-19,3455,由田,光電業,觸發,進榜即觸發,129.12,88.0,3.0,0,129.12,-7.3,-1.0,-11.6,-4.0,,,,,132.4,2.5,-9.6,-1.2,-13.8,-4.1,,,,,2024-08
2024-08-19,8089,康全電訊,通信網路業,進榜,觸發,111.47,87.0,4.0,0,,-9.7,-1.0,-13.6,-4.0,,,,,115.8,3.9,-13.1,-1.2,-16.8,-4.1,,,,,2024-08
2024-08-19,8089,康全電訊,通信網路業,觸發,進榜即觸發,111.47,87.0,4.0,0,111.47,-9.7,-1.0,-13.6,-4.0,,,,,115.8,3.9,-13.1,-1.2,-16.8,-4.1,,,,,2024-08
2024-08-19,2330,台積電,半導體業,進榜,準備,943.86,73.0,1.0,0,,-2.2,-1.0,5.8,-4.0,,,,,947.7,0.4,-2.6,-1.2,5.4,-4.1,,,,,2024-08
2024-08-19,3580,友威科,其他電子類,觸發,等待後觸發,107.76,94.0,2.0,3,98.78,-15.4,-1.0,-13.9,-4.0,,,,,110.6,2.6,-17.5,-1.2,-16.2,-4.1,,,,,2024-08
2024-08-19,3663,鑫科,其他電子類,觸發,等待後觸發,107.78,97.0,3.0,10,95.17,-15.3,-1.0,-23.8,-4.0,,,,,110.8,2.8,-17.6,-1.2,-25.8,-4.1,,,,,2024-08
2024-08-19,5434,崇越,電子工業,移出,掉出掃描母體,257.57,71.0,,3,,,,,,,,,,,,,,,,,,,,2024-08
2024-08-20,3167,大量,電機機械,進榜,觸發,95.58,85.0,5.0,0,,0.2,-1.4,39.4,-3.5,,,,,96.6,1.0,-0.8,-1.4,37.9,-3.4,,,,,2024-08
2024-08-20,3167,大量,電機機械,觸發,進榜即觸發,95.58,85.0,5.0,0,95.58,0.2,-1.4,39.4,-3.5,,,,,96.6,1.0,-0.8,-1.4,37.9,-3.4,,,,,2024-08
2024-08-20,6706,惠特,光電業,進榜,準備,126.59,92.0,2.0,0,,29.6,-1.4,33.5,-3.5,,,,,126.1,-0.4,30.1,-1.4,34.0,-3.4,,,,,2024-08
2024-08-20,3689,湧德,電子零組件業,進榜,準備,85.79,81.0,3.0,0,,-5.0,-1.4,-9.9,-3.5,,,,,84.6,-1.4,-3.7,-1.4,-8.6,-3.4,,,,,2024-08
2024-08-20,2888,新光金,金融保險,進榜,準備,11.8,75.0,2.0,0,,4.2,-1.4,-1.7,-3.5,,,,,12.4,5.5,-1.2,-1.4,-6.8,-3.4,,,,,2024-08
2024-08-20,8464,億豐,其他,進榜,準備,443.02,74.0,3.0,0,,-0.6,-1.4,-12.6,-3.5,,,,,442.1,-0.2,-0.4,-1.4,-12.4,-3.4,,,,,2024-08
2024-08-20,2476,鉅祥,電子零組件業,進榜,準備,98.99,70.0,3.0,0,,-11.8,-1.4,-17.2,-3.5,,,,,98.5,-0.5,-11.3,-1.4,-16.8,-3.4,,,,,2024-08
2024-08-20,2881,富邦金,金融保險,移出,掉出掃描母體,76.95,71.0,,6,,,,,,,,,,,,,,,,,,,,2024-08
2024-08-20,2330,台積電,半導體業,移出,掉出掃描母體,943.86,73.0,,1,,,,,,,,,,,,,,,,,,,,2024-08
2024-08-21,8103,瀚荃,電子工業,進榜,準備,79.51,89.0,3.0,0,,-18.1,-0.7,-35.1,-3.6,,,,,79.7,0.3,-18.3,-0.7,-35.3,-3.8,,,,,2024-08
2024-08-21,2867,三商壽,金融保險,進榜,準備,7.93,77.0,3.0,0,,-1.4,-0.7,-12.3,-3.6,,,,,7.9,0.1,-1.5,-0.7,-12.4,-3.8,,,,,2024-08
2024-08-21,1582,信錦,電子工業,進榜,準備,98.8,71.0,3.0,0,,5.9,-0.7,-13.9,-3.6,,,,,99.7,0.9,5.0,-0.7,-14.7,-3.8,,,,,2024-08
2024-08-21,5434,崇越,電子工業,進榜,準備,260.84,70.0,2.0,0,,0.0,-0.7,8.2,-3.6,,,,,261.8,0.4,-0.4,-0.7,7.8,-3.8,,,,,2024-08
2024-08-21,2524,京城,建材營造,移出,離高點太遠,113.0,98.0,,6,,,,,,,,,,,,,,,,,,,,2024-08
2024-08-22,3008,大立光,光電業,進榜,準備,2810.34,72.0,3.0,0,,-14.3,-0.6,-21.2,-3.5,,,,,2772.9,-1.3,-13.2,-0.3,-20.1,-3.1,,,,,2024-08
2024-08-22,2476,鉅祥,電子零組件業,移出,掉出掃描母體,102.74,73.0,,2,,,,,,,,,,,,,,,,,,,,2024-08
2024-08-22,5434,崇越,電子工業,移出,掉出掃描母體,260.84,70.0,,1,,,,,,,,,,,,,,,,,,,,2024-08
2024-08-22,4562,穎漢,電機機械,移出,離高點太遠,72.1,100.0,,13,,,,,,,,,,,,,,,,,,,,2024-08
2024-08-22,8374,羅昇,電機機械,移出,離高點太遠,136.01,100.0,,8,,,,,,,,,,,,,,,,,,,,2024-08
2024-08-22,6177,達麗,建材營造,移出,突破失敗,51.85,89.0,,6,,,,,,,,,,,,,,,,,,,,2024-08
2024-08-23,6640,均華,半導體業,進榜,觸發,930.86,99.0,4.0,0,,-1.8,-0.4,-17.5,-3.1,,,,,960.7,3.2,-4.8,-0.8,-20.0,-3.3,,,,,2024-08
2024-08-23,6640,均華,半導體業,觸發,進榜即觸發,930.86,99.0,4.0,0,930.86,-1.8,-0.4,-17.5,-3.1,,,,,960.7,3.2,-4.8,-0.8,-20.0,-3.3,,,,,2024-08
2024-08-23,2467,志聖,電子工業,進榜,觸發,213.41,91.0,5.0,0,,0.4,-0.4,-6.1,-3.1,,,,,220.6,3.4,-2.8,-0.8,-9.1,-3.3,,,,,2024-08
2024-08-23,2467,志聖,電子工業,觸發,進榜即觸發,213.41,91.0,5.0,0,213.41,0.4,-0.4,-6.1,-3.1,,,,,220.6,3.4,-2.8,-0.8,-9.1,-3.3,,,,,2024-08
2024-08-23,5225,東科-KY,其他電子業,進榜,觸發,127.56,85.0,6.0,0,,-5.7,-0.4,-11.0,-3.1,,,,,128.8,1.0,-6.6,-0.8,-11.9,-3.3,,,,,2024-08
2024-08-23,5225,東科-KY,其他電子業,觸發,進榜即觸發,127.56,85.0,6.0,0,127.56,-5.7,-0.4,-11.0,-3.1,,,,,128.8,1.0,-6.6,-0.8,-11.9,-3.3,,,,,2024-08
2024-08-23,5905,南仁湖,貿易百貨,進榜,準備,24.2,93.0,2.0,0,,-24.0,-0.4,-37.2,-3.1,,,,,24.6,1.7,-25.2,-0.8,-38.2,-3.3,,,,,2024-08
2024-08-23,3062,建漢,通信網路業,進榜,準備,33.45,84.0,3.0,0,,6.9,-0.4,0.4,-3.1,,,,,33.8,0.9,5.9,-0.8,-0.4,-3.3,,,,,2024-08
2024-08-23,2327,國巨*,電子工業,進榜,準備,154.24,73.0,3.0,0,,-5.4,-0.4,-17.1,-3.1,,,,,156.4,1.4,-6.7,-0.8,-18.3,-3.3,,,,,2024-08
2024-08-23,6409,旭隼,其他電子業,移出,掉出掃描母體,1908.65,75.0,,7,,,,,,,,,,,,,,,,,,,,2024-08
2024-08-23,1442,名軒,建材營造,移出,掉出掃描母體,57.69,81.0,,8,,,,,,,,,,,,,,,,,,,,2024-08
2024-08-23,2543,皇昌,建材營造,移出,突破失敗,41.15,93.0,,4,,,,,,,,,,,,,,,,,,,,2024-08
2024-08-23,8464,億豐,其他,移出,掉出掃描母體,422.25,72.0,,3,,,,,,,,,,,,,,,,,,,,2024-08
2024-08-26,4510,高鋒,電機機械,進榜,準備,43.23,98.0,3.0,0,,5.5,-0.9,-1.6,-2.7,,,,,41.8,-3.4,9.2,-0.8,1.9,-2.5,,,,,2024-08
2024-08-26,6873,泓德能源-創,創新板股票,進榜,準備,223.33,91.0,3.0,0,,5.1,-0.9,-25.2,-2.7,,,,,223.7,0.2,5.0,-0.8,-25.3,-2.5,,,,,2024-08
2024-08-26,4583,台灣精銳,電機機械,進榜,準備,403.54,90.0,3.0,0,,70.0,-0.9,76.2,-2.7,,,,,406.0,0.6,68.9,-0.8,75.1,-2.5,,,,,2024-08
2024-08-26,8070,長華*,電子工業,進榜,準備,51.99,80.0,3.0,0,,18.3,-0.9,-12.5,-2.7,,,,,52.8,1.5,16.5,-0.8,-13.8,-2.5,,,,,2024-08
2024-08-26,2881,富邦金,金融保險,進榜,準備,78.57,76.0,1.0,0,,5.8,-0.9,3.4,-2.7,,,,,78.1,-0.5,6.4,-0.8,4.0,-2.5,,,,,2024-08
2024-08-26,2882,國泰金,金融保險,進榜,準備,58.52,76.0,1.0,0,,3.8,-0.9,5.3,-2.7,,,,,58.2,-0.6,4.4,-0.8,6.0,-2.5,,,,,2024-08
2024-08-26,5434,崇越,電子工業,進榜,準備,258.97,72.0,2.0,0,,3.4,-0.9,11.0,-2.7,,,,,259.0,0.0,3.4,-0.8,11.0,-2.5,,,,,2024-08
2024-08-26,6409,旭隼,其他電子業,進榜,準備,1908.65,72.0,1.0,0,,15.6,-0.9,-2.7,-2.7,,,,,1908.7,0.0,15.6,-0.8,-2.7,-2.5,,,,,2024-08
2024-08-26,2915,潤泰全,貿易百貨,進榜,準備,73.5,71.0,3.0,0,,-3.0,-0.9,0.5,-2.7,,,,,73.6,0.1,-3.1,-0.8,0.4,-2.5,,,,,2024-08
2024-08-26,6215,和椿,其他電子業,移出,離高點太遠,59.94,91.0,,17,,,,,,,,,,,,,,,,,,,,2024-08
2024-08-26,3047,訊舟,通信網路業,移出,晚期未觸發,41.27,95.0,,10,,,,,,,,,,,,,,,,,,,,2024-08
2024-08-26,8089,康全電訊,通信網路業,移出,離高點太遠,107.15,77.0,,7,,,,,,,,,,,,,,,,,,,,2024-08
2024-08-27,6664,群翊,電子零組件業,進榜,觸發,319.41,91.0,5.0,0,,-9.2,-0.4,-24.1,-3.2,,,,,321.3,0.6,-9.7,-0.6,-24.5,-3.6,,,,,2024-08
2024-08-27,6664,群翊,電子零組件業,觸發,進榜即觸發,319.41,91.0,5.0,0,319.41,-9.2,-0.4,-24.1,-3.2,,,,,321.3,0.6,-9.7,-0.6,-24.5,-3.6,,,,,2024-08
2024-08-27,8039,台虹,電子工業,進榜,觸發,68.01,85.0,1.0,0,,-15.5,-0.4,-31.5,-3.2,,,,,68.3,0.4,-15.9,-0.6,-31.8,-3.6,,,,,2024-08
2024-08-27,8039,台虹,電子工業,觸發,進榜即觸發,68.01,85.0,1.0,0,68.01,-15.5,-0.4,-31.5,-3.2,,,,,68.3,0.4,-15.9,-0.6,-31.8,-3.6,,,,,2024-08
2024-08-27,6143,振曜,通信網路業,進榜,觸發,130.58,80.0,5.0,0,,-2.0,-0.4,-13.8,-3.2,,,,,132.3,1.3,-3.3,-0.6,-15.0,-3.6,,,,,2024-08
2024-08-27,6143,振曜,通信網路業,觸發,進榜即觸發,130.58,80.0,5.0,0,130.58,-2.0,-0.4,-13.8,-3.2,,,,,132.3,1.3,-3.3,-0.6,-15.0,-3.6,,,,,2024-08
2024-08-27,2402,毅嘉,電子工業,進榜,準備,42.11,74.0,3.0,0,,-6.3,-0.4,-6.2,-3.2,,,,,42.5,1.0,-7.2,-0.6,-7.1,-3.6,,,,,2024-08
2024-08-27,4510,高鋒,電機機械,觸發,等待後觸發,47.55,99.0,3.0,1,44.11,-0.5,-0.4,-1.7,-3.2,,,,,49.9,5.0,-5.2,-0.6,-6.3,-3.6,,,,,2024-08
2024-08-27,3008,大立光,光電業,移出,掉出掃描母體,2847.81,72.0,,5,,,,,,,,,,,,,,,,,,,,2024-08
2024-08-27,3689,湧德,電子零組件業,移出,掉出掃描母體,83.08,74.0,,7,,,,,,,,,,,,,,,,,,,,2024-08
2024-08-28,1540,喬福,電機機械,進榜,觸發,41.8,98.0,3.0,0,,0.2,-0.6,-15.1,-4.4,,,,,42.7,2.0,-1.8,-0.4,-16.8,-4.2,,,,,2024-08
2024-08-28,1540,喬福,電機機械,觸發,進榜即觸發,41.8,98.0,3.0,0,41.8,0.2,-0.6,-15.1,-4.4,,,,,42.7,2.0,-1.8,-0.4,-16.8,-4.2,,,,,2024-08
2024-08-28,3450,聯鈞,其他電子業,進榜,觸發,159.31,93.0,6.0,0,,23.7,-0.6,52.5,-4.4,,,,,158.3,-0.6,24.5,-0.4,53.5,-4.2,,,,,2024-08
2024-08-28,3450,聯鈞,其他電子業,觸發,進榜即觸發,159.31,93.0,6.0,0,159.31,23.7,-0.6,52.5,-4.4,,,,,158.3,-0.6,24.5,-0.4,53.5,-4.2,,,,,2024-08
2024-08-28,4526,東台,電機機械,進榜,觸發,33.83,84.0,4.0,0,,0.1,-0.6,-2.6,-4.4,,,,,34.0,0.6,-0.4,-0.4,-3.1,-4.2,,,,,2024-08
2024-08-28,4526,東台,電機機械,觸發,進榜即觸發,33.83,84.0,4.0,0,33.83,0.1,-0.6,-2.6,-4.4,,,,,34.0,0.6,-0.4,-0.4,-3.1,-4.2,,,,,2024-08
2024-08-28,2476,鉅祥,電子零組件業,進榜,準備,100.86,70.0,3.0,0,,-13.5,-0.6,-20.6,-4.4,,,,,99.5,-1.4,-12.3,-0.4,-19.4,-4.2,,,,,2024-08
2024-08-28,6409,旭隼,其他電子業,移出,掉出掃描母體,1922.62,71.0,,2,,,,,,,,,,,,,,,,,,,,2024-08
2024-08-28,8103,瀚荃,電子工業,移出,離高點太遠,72.17,82.0,,7,,,,,,,,,,,,,,,,,,,,2024-08
2024-08-29,5386,青雲,電腦及週邊設備業,進榜,觸發,64.57,95.0,4.0,0,,-22.9,-0.2,-22.5,-5.0,,,,,67.8,4.9,-26.5,-0.4,-26.2,-5.1,,,,,2024-08
2024-08-29,5386,青雲,電腦及週邊設備業,觸發,進榜即觸發,64.57,95.0,4.0,0,64.57,-22.9,-0.2,-22.5,-5.0,,,,,67.8,4.9,-26.5,-0.4,-26.2,-5.1,,,,,2024-08
2024-08-29,4561,健椿,電機機械,進榜,觸發,80.33,94.0,4.0,0,,-10.7,-0.2,-21.9,-5.0,,,,,84.2,4.8,-14.8,-0.4,-25.5,-5.1,,,,,2024-08
2024-08-29,4561,健椿,電機機械,觸發,進榜即觸發,80.33,94.0,4.0,0,80.33,-10.7,-0.2,-21.9,-5.0,,,,,84.2,4.8,-14.8,-0.4,-25.5,-5.1,,,,,2024-08
2024-08-29,3008,大立光,光電業,進榜,觸發,2997.69,72.0,3.0,0,,-18.4,-0.2,-23.6,-5.0,,,,,3011.7,0.5,-18.8,-0.4,-24.0,-5.1,,,,,2024-08
2024-08-29,3008,大立光,光電業,觸發,進榜即觸發,2997.69,72.0,3.0,0,2997.69,-18.4,-0.2,-23.6,-5.0,,,,,3011.7,0.5,-18.8,-0.4,-24.0,-5.1,,,,,2024-08
2024-08-29,1711,永光,化學工業,進榜,觸發,26.51,71.0,2.0,0,,-1.5,-0.2,-16.9,-5.0,,,,,27.1,2.2,-3.6,-0.4,-18.7,-5.1,,,,,2024-08
2024-08-29,1711,永光,化學工業,觸發,進榜即觸發,26.51,71.0,2.0,0,26.51,-1.5,-0.2,-16.9,-5.0,,,,,27.1,2.2,-3.6,-0.4,-18.7,-5.1,,,,,2024-08
2024-08-29,8464,億豐,其他,進榜,準備,439.33,75.0,3.0,0,,6.1,-0.2,-15.0,-5.0,,,,,436.1,-0.7,6.9,-0.4,-14.4,-5.1,,,,,2024-08
2024-08-29,2476,鉅祥,電子零組件業,移出,掉出掃描母體,100.86,70.0,,1,,,,,,,,,,,,,,,,,,,,2024-08
2024-08-29,6873,泓德能源-創,創新板股票,移出,離高點太遠,206.09,86.0,,3,,,,,,,,,,,,,,,,,,,,2024-08
2024-08-30,6561,是方,通信網路業,進榜,準備,502.0,85.0,1.0,0,,-11.3,-1.1,-4.3,-4.9,,,,,508.5,1.3,-12.5,-1.4,-5.5,-5.1,,,,,2024-08
2024-08-30,6863,永道-KY,電子工業,進榜,準備,242.39,76.0,3.0,0,,13.2,-1.1,-13.9,-4.9,,,,,243.8,0.6,12.5,-1.4,-14.5,-5.1,,,,,2024-08
2024-08-30,4583,台灣精銳,電機機械,觸發,等待後觸發,531.59,97.0,3.0,4,410.33,29.4,-1.1,23.7,-4.9,,,,,539.4,1.5,27.5,-1.4,21.9,-5.1,,,,,2024-08
2024-08-30,3167,大量,電機機械,移出,突破失敗,87.26,79.0,,10,,,,,,,,,,,,,,,,,,,,2024-08
2024-08-30,4510,高鋒,電機機械,移出,離高點太遠,48.14,99.0,,4,,,,,,,,,,,,,,,,,,,,2024-08
2024-08-30,1540,喬福,電機機械,移出,離高點太遠,37.61,97.0,,2,,,,,,,,,,,,,,,,,,,,2024-08
2024-08-30,3008,大立光,光電業,移出,掉出掃描母體,2997.69,72.0,,1,,,,,,,,,,,,,,,,,,,,2024-08
2024-08-30,1711,永光,化學工業,移出,掉出掃描母體,26.51,71.0,,1,,,,,,,,,,,,,,,,,,,,2024-08
2024-09-02,2070,精湛,電機機械,進榜,準備,79.5,98.0,2.0,0,,28.0,-0.9,-0.6,-4.5,,,,,78.9,-0.8,29.1,-0.9,0.2,-4.6,,,,,2024-09
2024-09-02,1436,華友聯,建材營造,移出,掉出掃描母體,105.02,89.0,,18,,,,,,,,,,,,,,,,,,,,2024-09
2024-09-02,3583,辛耘,半導體業,移出,掉出掃描母體,422.09,82.0,,18,,,,,,,,,,,,,,,,,,,,2024-09
2024-09-02,6640,均華,半導體業,移出,離高點太遠,870.28,98.0,,10,,,,,,,,,,,,,,,,,,,,2024-09
2024-09-02,5386,青雲,電腦及週邊設備業,移出,突破失敗,58.2,90.0,,4,,,,,,,,,,,,,,,,,,,,2024-09
2024-09-02,4561,健椿,電機機械,移出,突破失敗,73.16,92.0,,4,,,,,,,,,,,,,,,,,,,,2024-09
2024-09-03,4563,百德,電機機械,進榜,準備,83.85,89.0,2.0,0,,44.1,-0.9,5.2,-3.8,,,,,81.7,-2.6,47.9,1.2,8.0,-1.4,,,,,2024-09
2024-09-03,4576,大銀微系統,電機機械,進榜,準備,100.95,78.0,3.0,0,,-4.4,-0.9,12.3,-3.8,,,,,97.0,-3.9,-0.5,1.2,16.9,-1.4,,,,,2024-09
2024-09-03,3131,弘塑,其他電子類,移出,離高點太遠,1703.01,92.0,,25,,,,,,,,,,,,,,,,,,,,2024-09
2024-09-03,1582,信錦,電子工業,移出,掉出掃描母體,101.05,70.0,,13,,,,,,,,,,,,,,,,,,,,2024-09
2024-09-04,3663,鑫科,其他電子類,移出,離高點太遠,92.58,95.0,,26,,,,,,,,,,,,,,,,,,,,2024-09
2024-09-04,8096,擎亞,電子通路業,移出,離高點太遠,48.36,90.0,,22,,,,,,,,,,,,,,,,,,,,2024-09
2024-09-04,5263,智崴,文化創意業,移出,掉出掃描母體,172.19,76.0,,19,,,,,,,,,,,,,,,,,,,,2024-09
2024-09-04,8028,昇陽半導體,半導體業,移出,離高點太遠,119.61,97.0,,19,,,,,,,,,,,,,,,,,,,,2024-09
2024-09-04,5443,均豪,光電業,移出,離高點太遠,134.8,99.0,,16,,,,,,,,,,,,,,,,,,,,2024-09
2024-09-04,3455,由田,光電業,移出,掉出掃描母體,120.67,83.0,,16,,,,,,,,,,,,,,,,,,,,2024-09
2024-09-04,6706,惠特,光電業,移出,離高點太遠,122.16,94.0,,15,,,,,,,,,,,,,,,,,,,,2024-09
2024-09-04,2867,三商壽,金融保險,移出,掉出掃描母體,7.64,75.0,,14,,,,,,,,,,,,,,,,,,,,2024-09
2024-09-04,2327,國巨*,電子工業,移出,掉出掃描母體,152.81,72.0,,12,,,,,,,,,,,,,,,,,,,,2024-09
2024-09-04,2467,志聖,電子工業,移出,離高點太遠,201.9,89.0,,12,,,,,,,,,,,,,,,,,,,,2024-09
2024-09-04,2402,毅嘉,電子工業,移出,掉出掃描母體,40.23,71.0,,8,,,,,,,,,,,,,,,,,,,,2024-09
2024-09-04,6664,群翊,電子零組件業,移出,離高點太遠,277.97,90.0,,8,,,,,,,,,,,,,,,,,,,,2024-09
2024-09-04,2070,精湛,電機機械,移出,離高點太遠,68.09,97.0,,2,,,,,,,,,,,,,,,,,,,,2024-09
2024-09-05,6231,系微,資訊服務業,進榜,觸發,483.55,94.0,6.0,0,,1.6,1.4,-11.6,-0.9,,,,,492.1,1.8,-0.2,1.2,-13.1,-1.1,,,,,2024-09
2024-09-05,6231,系微,資訊服務業,觸發,進榜即觸發,483.55,94.0,6.0,0,483.55,1.6,1.4,-11.6,-0.9,,,,,492.1,1.8,-0.2,1.2,-13.1,-1.1,,,,,2024-09
2024-09-05,3581,博磊,半導體業,進榜,準備,55.87,93.0,3.0,0,,5.3,1.4,4.2,-0.9,,,,,56.7,1.4,3.8,1.2,2.8,-1.1,,,,,2024-09
2024-09-05,2883,凱基金,金融保險,進榜,準備,14.68,74.0,2.0,0,,1.9,1.4,11.1,-0.9,,,,,14.7,0.0,1.9,1.2,11.1,-1.1,,,,,2024-09
2024-09-05,2889,國票金,金融保險,進榜,準備,14.28,71.0,2.0,0,,-0.3,1.4,-4.5,-0.9,,,,,14.3,0.0,-0.3,1.2,-4.5,-1.1,,,,,2024-09
2024-09-05,3374,精材,半導體業,移出,離高點太遠,226.92,92.0,,20,,,,,,,,,,,,,,,,,,,,2024-09
2024-09-05,3580,友威科,其他電子類,移出,離高點太遠,95.0,92.0,,20,,,,,,,,,,,,,,,,,,,,2024-09
2024-09-05,8039,台虹,電子工業,移出,突破失敗,62.21,84.0,,9,,,,,,,,,,,,,,,,,,,,2024-09
2024-09-05,3450,聯鈞,其他電子業,移出,離高點太遠,154.33,95.0,,8,,,,,,,,,,,,,,,,,,,,2024-09
2024-09-06,4956,光鋐,電子工業,進榜,觸發,32.3,87.0,4.0,0,,-3.3,0.5,15.5,-1.0,,,,,32.2,-0.2,-3.1,1.9,15.7,0.0,,,,,2024-09
2024-09-06,4956,光鋐,電子工業,觸發,進榜即觸發,32.3,87.0,4.0,0,32.3,-3.3,0.5,15.5,-1.0,,,,,32.2,-0.2,-3.1,1.9,15.7,0.0,,,,,2024-09
2024-09-06,8467,波力-KY,其他,進榜,觸發,255.09,86.0,6.0,0,,-6.3,0.5,15.4,-1.0,,,,,256.0,0.4,-6.7,1.9,15.0,0.0,,,,,2024-09
2024-09-06,8467,波力-KY,其他,觸發,進榜即觸發,255.09,86.0,6.0,0,255.09,-6.3,0.5,15.4,-1.0,,,,,256.0,0.4,-6.7,1.9,15.0,0.0,,,,,2024-09
2024-09-06,6143,振曜,通信網路業,移出,掉出掃描母體,121.78,70.0,,10,,,,,,,,,,,,,,,,,,,,2024-09
2024-09-09,6605,帝寶,汽車工業,進榜,觸發,239.03,88.0,6.0,0,,-4.6,0.4,-10.1,-1.1,,,,,239.5,0.2,-4.7,0.2,-10.2,-1.3,,,,,2024-09
2024-09-09,6605,帝寶,汽車工業,觸發,進榜即觸發,239.03,88.0,6.0,0,239.03,-4.6,0.4,-10.1,-1.1,,,,,239.5,0.2,-4.7,0.2,-10.2,-1.3,,,,,2024-09
2024-09-09,3413,京鼎,半導體業,進榜,準備,334.26,80.0,3.0,0,,1.0,0.4,-12.4,-1.1,,,,,335.6,0.4,0.5,0.2,-12.8,-1.3,,,,,2024-09
2024-09-09,1582,信錦,電子工業,進榜,準備,101.5,72.0,3.0,0,,-12.8,0.4,-18.2,-1.1,,,,,98.4,-3.1,-10.0,0.2,-15.6,-1.3,,,,,2024-09
2024-09-09,8076,伍豐,電腦及週邊設備業,進榜,準備,34.46,70.0,1.0,0,,-10.7,0.4,-13.5,-1.1,,,,,34.6,0.3,-10.9,0.2,-13.7,-1.3,,,,,2024-09
2024-09-09,2504,國產,建材營造,移出,逾期,48.23,84.0,,56,,,,,,,,,,,,,,,,,,,,2024-09
2024-09-09,2883,凱基金,金融保險,移出,掉出掃描母體,14.68,71.0,,4,,,,,,,,,,,,,,,,,,,,2024-09
2024-09-09,2889,國票金,金融保險,移出,掉出掃描母體,14.47,73.0,,4,,,,,,,,,,,,,,,,,,,,2024-09
2024-09-09,5905,南仁湖,貿易百貨,移出,離高點太遠,20.1,89.0,,17,,,,,,,,,,,,,,,,,,,,2024-09
2024-09-09,3581,博磊,半導體業,移出,晚期未觸發,50.07,91.0,,4,,,,,,,,,,,,,,,,,,,,2024-09
2024-09-10,2070,精湛,電機機械,進榜,觸發,80.6,99.0,2.0,0,,7.0,1.5,-12.3,-0.4,,,,,79.0,-2.0,9.2,1.4,-10.5,-0.6,,,,,2024-09
2024-09-10,2070,精湛,電機機械,觸發,進榜即觸發,80.6,99.0,2.0,0,80.6,7.0,1.5,-12.3,-0.4,,,,,79.0,-2.0,9.2,1.4,-10.5,-0.6,,,,,2024-09
2024-09-10,8076,伍豐,電腦及週邊設備業,移出,掉出掃描母體,34.46,70.0,,1,,,,,,,,,,,,,,,,,,,,2024-09
2024-09-10,6788,華景電,半導體業,移出,離高點太遠,230.01,93.0,,26,,,,,,,,,,,,,,,,,,,,2024-09
2024-09-10,3665,貿聯-KY,其他電子業,移出,離高點太遠,385.6,88.0,,25,,,,,,,,,,,,,,,,,,,,2024-09
2024-09-10,4576,大銀微系統,電機機械,移出,離高點太遠,87.83,74.0,,7,,,,,,,,,,,,,,,,,,,,2024-09
2024-09-10,4956,光鋐,電子工業,移出,離高點太遠,28.1,79.0,,4,,,,,,,,,,,,,,,,,,,,2024-09
2024-09-10,8467,波力-KY,其他,移出,突破失敗,232.37,83.0,,4,,,,,,,,,,,,,,,,,,,,2024-09
2024-09-11,3303,岱稜,其他電子類,進榜,準備,60.6,96.0,3.0,0,,-19.4,1.6,-20.2,-0.7,,,,,63.6,4.9,-23.1,0.8,-23.9,-1.4,,,,,2024-09
2024-09-11,5434,崇越,電子工業,移出,掉出掃描母體,260.37,71.0,,16,,,,,,,,,,,,,,,,,,,,2024-09
2024-09-11,4526,東台,電機機械,移出,離高點太遠,33.01,90.0,,14,,,,,,,,,,,,,,,,,,,,2024-09
2024-09-11,1582,信錦,電子工業,移出,掉出掃描母體,100.6,73.0,,2,,,,,,,,,,,,,,,,,,,,2024-09
2024-09-11,2070,精湛,電機機械,移出,突破失敗,72.57,98.0,,1,,,,,,,,,,,,,,,,,,,,2024-09
2024-09-12,8249,菱光,電子工業,進榜,觸發,45.92,87.0,2.0,0,,7.1,0.6,8.6,-1.7,,,,,47.6,3.7,3.3,0.7,4.7,-1.8,,,,,2024-09
2024-09-12,8249,菱光,電子工業,觸發,進榜即觸發,45.92,87.0,2.0,0,45.92,7.1,0.6,8.6,-1.7,,,,,47.6,3.7,3.3,0.7,4.7,-1.8,,,,,2024-09
2024-09-12,2070,精湛,電機機械,進榜,準備,79.78,98.0,2.0,0,,7.6,0.6,-12.5,-1.7,,,,,85.3,6.9,0.6,0.7,-18.1,-1.8,,,,,2024-09
2024-09-12,6706,惠特,光電業,進榜,準備,144.33,97.0,3.0,0,,17.4,0.6,6.7,-1.7,,,,,145.3,0.7,16.6,0.7,6.0,-1.8,,,,,2024-09
2024-09-12,6670,復盛應用,其他,進榜,準備,270.6,72.0,2.0,0,,-8.5,0.6,0.7,-1.7,,,,,271.9,0.5,-8.9,0.7,0.2,-1.8,,,,,2024-09
2024-09-12,5434,崇越,電子工業,進榜,準備,266.91,71.0,2.0,0,,2.6,0.6,6.5,-1.7,,,,,267.4,0.2,2.4,0.7,6.3,-1.8,,,,,2024-09
2024-09-12,2915,潤泰全,貿易百貨,移出,掉出掃描母體,71.2,72.0,,17,,,,,,,,,,,,,,,,,,,,2024-09
2024-09-13,4974,亞泰,電子零組件業,進榜,觸發,108.01,93.0,1.0,0,,-19.7,0.4,-19.5,-3.3,,,,,106.2,-1.7,-18.3,0.4,-18.2,-3.5,,,,,2024-09
2024-09-13,4974,亞泰,電子零組件業,觸發,進榜即觸發,108.01,93.0,1.0,0,108.01,-19.7,0.4,-19.5,-3.3,,,,,106.2,-1.7,-18.3,0.4,-18.2,-3.5,,,,,2024-09
2024-09-13,6187,萬潤,其他電子類,進榜,觸發,429.06,92.0,5.0,0,,5.3,0.4,-6.4,-3.3,,,,,435.8,1.6,3.6,0.4,-7.8,-3.5,,,,,2024-09
2024-09-13,6187,萬潤,其他電子類,觸發,進榜即觸發,429.06,92.0,5.0,0,429.06,5.3,0.4,-6.4,-3.3,,,,,435.8,1.6,3.6,0.4,-7.8,-3.5,,,,,2024-09
2024-09-13,5234,達興材料,電子工業,進榜,觸發,197.23,78.0,4.0,0,,13.1,0.4,0.7,-3.3,,,,,202.0,2.4,10.5,0.4,-1.7,-3.5,,,,,2024-09
2024-09-13,5234,達興材料,電子工業,觸發,進榜即觸發,197.23,78.0,4.0,0,197.23,13.1,0.4,0.7,-3.3,,,,,202.0,2.4,10.5,0.4,-1.7,-3.5,,,,,2024-09
2024-09-13,6609,瀧澤科,電機機械,進榜,準備,80.31,97.0,3.0,0,,35.7,0.4,-4.6,-3.3,,,,,82.7,2.9,31.8,0.4,-7.4,-3.5,,,,,2024-09
2024-09-13,4571,鈞興-KY,電機機械,進榜,準備,167.92,90.0,2.0,0,,-10.1,0.4,5.9,-3.3,,,,,173.1,3.1,-12.8,0.4,2.7,-3.5,,,,,2024-09
2024-09-13,2360,致茂,其他電子業,進榜,準備,367.44,81.0,3.0,0,,9.5,0.4,6.6,-3.3,,,,,357.8,-2.6,12.4,0.4,9.5,-3.5,,,,,2024-09
2024-09-13,2070,精湛,電機機械,觸發,等待後觸發,87.72,99.0,2.0,1,80.6,0.9,0.4,-24.3,-3.3,,,,,91.7,4.6,-3.5,0.4,-27.7,-3.5,,,,,2024-09
2024-09-13,6706,惠特,光電業,觸發,等待後觸發,158.61,98.0,3.0,1,147.78,5.6,0.4,-4.8,-3.3,,,,,163.5,3.1,2.4,0.4,-7.7,-3.5,,,,,2024-09
2024-09-13,5434,崇越,電子工業,移出,掉出掃描母體,266.91,71.0,,1,,,,,,,,,,,,,,,,,,,,2024-09
2024-09-16,4977,眾達-KY,電子工業,進榜,觸發,97.05,79.0,1.0,0,,7.6,-0.3,31.0,-5.1,,,,,97.5,0.5,7.1,-0.4,30.3,-5.2,,,,,2024-09
2024-09-16,4977,眾達-KY,電子工業,觸發,進榜即觸發,97.05,79.0,1.0,0,97.05,7.6,-0.3,31.0,-5.1,,,,,97.5,0.5,7.1,-0.4,30.3,-5.2,,,,,2024-09
2024-09-16,6609,瀧澤科,電機機械,觸發,等待後觸發,88.26,98.0,3.0,3,80.31,25.1,-0.3,-13.5,-5.1,,,,,89.6,1.6,23.2,-0.4,-14.8,-5.2,,,,,2024-09
2024-09-16,6670,復盛應用,其他,移出,掉出掃描母體,267.94,70.0,,4,,,,,,,,,,,,,,,,,,,,2024-09
2024-09-16,2882,國泰金,金融保險,移出,掉出掃描母體,57.88,72.0,,21,,,,,,,,,,,,,,,,,,,,2024-09
2024-09-18,1442,名軒,建材營造,進榜,觸發,66.34,87.0,2.0,0,,-7.4,0.2,7.4,-4.4,,,,,65.1,-1.8,-5.7,0.0,9.4,-4.8,,,,,2024-09
2024-09-18,1442,名軒,建材營造,觸發,進榜即觸發,66.34,87.0,2.0,0,66.34,-7.4,0.2,7.4,-4.4,,,,,65.1,-1.8,-5.7,0.0,9.4,-4.8,,,,,2024-09
2024-09-18,3581,博磊,半導體業,進榜,準備,59.11,95.0,3.0,0,,15.9,0.2,-13.0,-4.4,,,,,60.5,2.3,13.3,0.0,-14.9,-4.8,,,,,2024-09
2024-09-18,2915,潤泰全,貿易百貨,進榜,準備,73.77,73.0,3.0,0,,-7.0,0.2,-10.5,-4.4,,,,,74.0,0.4,-7.3,0.0,-10.8,-4.8,,,,,2024-09
2024-09-18,2393,億光,電子工業,移出,掉出掃描母體,69.64,77.0,,35,,,,,,,,,,,,,,,,,,,,2024-09
2024-09-18,5225,東科-KY,其他電子業,移出,掉出掃描母體,120.75,72.0,,26,,,,,,,,,,,,,,,,,,,,2024-09
2024-09-18,6605,帝寶,汽車工業,移出,掉出掃描母體,233.58,76.0,,9,,,,,,,,,,,,,,,,,,,,2024-09
2024-09-18,4974,亞泰,電子零組件業,移出,突破失敗,97.3,88.0,,5,,,,,,,,,,,,,,,,,,,,2024-09
2024-09-19,3450,聯鈞,其他電子業,進榜,觸發,185.69,97.0,6.0,0,,29.5,-0.4,33.5,-5.1,,,,,188.7,1.6,27.4,-0.7,31.4,-5.4,,,,,2024-09
2024-09-19,3450,聯鈞,其他電子業,觸發,進榜即觸發,185.69,97.0,6.0,0,185.69,29.5,-0.4,33.5,-5.1,,,,,188.7,1.6,27.4,-0.7,31.4,-5.4,,,,,2024-09
2024-09-19,3167,大量,電機機械,進榜,觸發,104.99,93.0,6.0,0,,38.7,-0.4,1.9,-5.1,,,,,108.9,3.8,33.6,-0.7,-1.8,-5.4,,,,,2024-09
2024-09-19,3167,大量,電機機械,觸發,進榜即觸發,104.99,93.0,6.0,0,104.99,38.7,-0.4,1.9,-5.1,,,,,108.9,3.8,33.6,-0.7,-1.8,-5.4,,,,,2024-09
2024-09-19,8114,振樺電,電子工業,進榜,觸發,190.02,87.0,4.0,0,,5.3,-0.4,68.0,-5.1,,,,,197.4,3.9,1.4,-0.7,61.8,-5.4,,,,,2024-09
2024-09-19,8114,振樺電,電子工業,觸發,進榜即觸發,190.02,87.0,4.0,0,190.02,5.3,-0.4,68.0,-5.1,,,,,197.4,3.9,1.4,-0.7,61.8,-5.4,,,,,2024-09
2024-09-19,3227,原相,半導體業,進榜,觸發,222.24,85.0,5.0,0,,4.5,-0.4,0.4,-5.1,,,,,227.2,2.3,2.2,-0.7,-1.8,-5.4,,,,,2024-09
2024-09-19,3227,原相,半導體業,觸發,進榜即觸發,222.24,85.0,5.0,0,222.24,4.5,-0.4,0.4,-5.1,,,,,227.2,2.3,2.2,-0.7,-1.8,-5.4,,,,,2024-09
2024-09-19,3653,健策,電子工業,進榜,觸發,1387.62,81.0,6.0,0,,8.5,-0.4,5.0,-5.1,,,,,1392.5,0.4,8.1,-0.7,4.6,-5.4,,,,,2024-09
2024-09-19,3653,健策,電子工業,觸發,進榜即觸發,1387.62,81.0,6.0,0,1387.62,8.5,-0.4,5.0,-5.1,,,,,1392.5,0.4,8.1,-0.7,4.6,-5.4,,,,,2024-09
2024-09-19,2351,順德,電子工業,進榜,觸發,145.73,78.0,2.0,0,,-10.9,-0.4,-37.3,-5.1,,,,,147.7,1.3,-12.1,-0.7,-38.1,-5.4,,,,,2024-09
2024-09-19,2351,順德,電子工業,觸發,進榜即觸發,145.73,78.0,2.0,0,145.73,-10.9,-0.4,-37.3,-5.1,,,,,147.7,1.3,-12.1,-0.7,-38.1,-5.4,,,,,2024-09
2024-09-19,2357,華碩,電子工業,進榜,觸發,508.88,72.0,3.0,0,,5.4,-0.4,7.0,-5.1,,,,,511.6,0.5,4.9,-0.7,6.5,-5.4,,,,,2024-09
2024-09-19,2357,華碩,電子工業,觸發,進榜即觸發,508.88,72.0,3.0,0,508.88,5.4,-0.4,7.0,-5.1,,,,,511.6,0.5,4.9,-0.7,6.5,-5.4,,,,,2024-09
2024-09-19,4576,大銀微系統,電機機械,進榜,準備,107.92,85.0,3.0,0,,30.0,-0.4,20.3,-5.1,,,,,117.4,8.8,19.5,-0.7,10.6,-5.4,,,,,2024-09
2024-09-19,3081,聯亞,通信網路業,進榜,準備,213.45,84.0,3.0,0,,49.7,-0.4,48.6,-5.1,,,,,220.2,3.2,45.1,-0.7,44.0,-5.4,,,,,2024-09
2024-09-19,2545,皇翔,建材營造,進榜,準備,53.53,78.0,3.0,0,,-6.8,-0.4,-4.3,-5.1,,,,,50.4,-5.8,-1.0,-0.7,1.6,-5.4,,,,,2024-09
2024-09-19,9945,潤泰新,其他,進榜,準備,45.55,72.0,2.0,0,,-4.1,-0.4,-11.4,-5.1,,,,,44.8,-1.6,-2.5,-0.7,-9.9,-5.4,,,,,2024-09
2024-09-19,4563,百德,電機機械,觸發,等待後觸發,112.75,98.0,2.0,16,84.13,-5.5,-0.4,-10.5,-5.1,,,,,114.6,1.7,-7.0,-0.7,-12.0,-5.4,,,,,2024-09
2024-09-19,6863,永道-KY,電子工業,觸發,等待後觸發,285.24,90.0,3.0,20,246.19,-4.3,-0.4,-19.9,-5.1,,,,,291.0,2.0,-6.2,-0.7,-21.4,-5.4,,,,,2024-09
2024-09-20,4542,科嶠,電子零組件業,進榜,觸發,103.73,87.0,5.0,0,,4.7,-0.4,-16.1,-5.6,,,,,108.1,4.2,0.5,-0.5,-19.5,-5.7,,,,,2024-09
2024-09-20,4542,科嶠,電子零組件業,觸發,進榜即觸發,103.73,87.0,5.0,0,103.73,4.7,-0.4,-16.1,-5.6,,,,,108.1,4.2,0.5,-0.5,-19.5,-5.7,,,,,2024-09
2024-09-20,1727,中華化,化學工業,進榜,觸發,40.84,80.0,1.0,0,,1.8,-0.4,-28.5,-5.6,,,,,42.6,4.3,-2.4,-0.5,-31.5,-5.7,,,,,2024-09
2024-09-20,1727,中華化,化學工業,觸發,進榜即觸發,40.84,80.0,1.0,0,40.84,1.8,-0.4,-28.5,-5.6,,,,,42.6,4.3,-2.4,-0.5,-31.5,-5.7,,,,,2024-09
2024-09-20,3689,湧德,電子零組件業,進榜,準備,90.76,74.0,3.0,0,,-3.3,-0.4,4.2,-5.6,,,,,92.7,2.2,-5.4,-0.5,2.0,-5.7,,,,,2024-09
2024-09-20,2882,國泰金,金融保險,進榜,準備,59.25,70.0,1.0,0,,7.0,-0.4,4.6,-5.6,,,,,59.4,0.3,6.6,-0.5,4.3,-5.7,,,,,2024-09
2024-09-20,3413,京鼎,半導體業,移出,掉出掃描母體,340.72,72.0,,11,,,,,,,,,,,,,,,,,,,,2024-09
2024-09-20,2545,皇翔,建材營造,移出,掉出掃描母體,53.53,78.0,,1,,,,,,,,,,,,,,,,,,,,2024-09
2024-09-20,9945,潤泰新,其他,移出,掉出掃描母體,45.55,72.0,,1,,,,,,,,,,,,,,,,,,,,2024-09
2024-09-23,3013,晟銘電,電子工業,進榜,觸發,128.85,96.0,6.0,0,,21.2,-0.8,2.7,-6.3,,,,,131.3,1.9,18.9,-0.8,0.8,-6.2,,,,,2024-09
2024-09-23,3013,晟銘電,電子工業,觸發,進榜即觸發,128.85,96.0,6.0,0,128.85,21.2,-0.8,2.7,-6.3,,,,,131.3,1.9,18.9,-0.8,0.8,-6.2,,,,,2024-09
2024-09-23,3149,正達,電子工業,進榜,觸發,30.77,79.0,4.0,0,,23.2,-0.8,-8.5,-6.3,,,,,31.4,2.0,20.7,-0.8,-10.3,-6.2,,,,,2024-09
2024-09-23,3149,正達,電子工業,觸發,進榜即觸發,30.77,79.0,4.0,0,30.77,23.2,-0.8,-8.5,-6.3,,,,,31.4,2.0,20.7,-0.8,-10.3,-6.2,,,,,2024-09
2024-09-23,3086,華義*,文化創意業,進榜,準備,24.96,96.0,3.0,0,,-28.1,-0.8,-43.2,-6.3,,,,,25.6,2.6,-29.9,-0.8,-44.6,-6.2,,,,,2024-09
2024-09-23,6873,泓德能源-創,創新板股票,進榜,準備,234.83,92.0,3.0,0,,-21.5,-0.8,-25.2,-6.3,,,,,234.8,0.0,-21.5,-0.8,-25.2,-6.2,,,,,2024-09
2024-09-23,3605,宏致,電子工業,進榜,準備,58.52,86.0,3.0,0,,-3.9,-0.8,-19.4,-6.3,,,,,58.2,-0.5,-3.5,-0.8,-19.0,-6.2,,,,,2024-09
2024-09-23,2881,富邦金,金融保險,觸發,等待後觸發,82.5,76.0,1.0,28,79.08,-0.7,-0.8,-1.6,-6.3,,,,,82.5,0.0,-0.7,-0.8,-1.6,-6.2,,,,,2024-09
2024-09-23,3689,湧德,電子零組件業,觸發,等待後觸發,93.19,77.0,3.0,3,92.35,-10.2,-0.8,0.5,-6.3,,,,,94.1,1.0,-11.0,-0.8,-0.5,-6.2,,,,,2024-09
2024-09-23,2882,國泰金,金融保險,觸發,等待後觸發,59.89,72.0,1.0,3,59.89,4.3,-0.8,2.9,-6.3,,,,,60.0,0.2,4.1,-0.8,2.7,-6.2,,,,,2024-09
2024-09-23,3581,博磊,半導體業,觸發,等待後觸發,63.52,96.0,3.0,5,59.11,9.9,-0.8,-22.6,-6.3,,,,,63.2,-0.5,10.4,-0.8,-22.2,-6.2,,,,,2024-09
2024-09-23,3081,聯亞,通信網路業,觸發,等待後觸發,234.75,89.0,3.0,4,213.45,33.2,-0.8,34.0,-6.3,,,,,234.7,0.0,33.2,-0.8,34.0,-6.2,,,,,2024-09
2024-09-23,3062,建漢,通信網路業,移出,晚期未觸發,35.75,80.0,,31,,,,,,,,,,,,,,,,,,,,2024-09
2024-09-23,2915,潤泰全,貿易百貨,移出,掉出掃描母體,71.84,71.0,,5,,,,,,,,,,,,,,,,,,,,2024-09
2024-09-24,6546,正基,通信網路業,進榜,觸發,219.5,90.0,6.0,0,,-45.2,-0.7,-40.8,-5.2,,,,,227.4,3.6,-47.1,-1.0,-42.9,-5.6,,,,,2024-09
2024-09-24,6546,正基,通信網路業,觸發,進榜即觸發,219.5,90.0,6.0,0,219.5,-45.2,-0.7,-40.8,-5.2,,,,,227.4,3.6,-47.1,-1.0,-42.9,-5.6,,,,,2024-09
2024-09-24,2615,萬海,航運業,進榜,觸發,84.27,87.0,2.0,0,,-4.2,-0.7,-9.6,-5.2,,,,,85.6,1.5,-5.6,-1.0,-11.0,-5.6,,,,,2024-09
2024-09-24,2615,萬海,航運業,觸發,進榜即觸發,84.27,87.0,2.0,0,84.27,-4.2,-0.7,-9.6,-5.2,,,,,85.6,1.5,-5.6,-1.0,-11.0,-5.6,,,,,2024-09
2024-09-24,6409,旭隼,其他電子業,進榜,觸發,2206.59,79.0,1.0,0,,-7.6,-0.7,-20.0,-5.2,,,,,2215.9,0.4,-8.0,-1.0,-20.4,-5.6,,,,,2024-09
2024-09-24,6409,旭隼,其他電子業,觸發,進榜即觸發,2206.59,79.0,1.0,0,2206.59,-7.6,-0.7,-20.0,-5.2,,,,,2215.9,0.4,-8.0,-1.0,-20.4,-5.6,,,,,2024-09
2024-09-24,3550,聯穎,電子工業,進榜,準備,28.19,94.0,2.0,0,,-16.9,-0.7,-36.6,-5.2,,,,,29.3,3.9,-20.1,-1.0,-39.0,-5.6,,,,,2024-09
2024-09-24,6446,藥華藥,生技醫療業,移出,掉出掃描母體,564.43,92.0,,92,,,,,,,,,,,,,,,,,,,,2024-09
2024-09-24,5234,達興材料,電子工業,移出,離高點太遠,217.39,85.0,,11,,,,,,,,,,,,,,,,,,,,2024-09
2024-09-24,1442,名軒,建材營造,移出,離高點太遠,60.67,78.0,,6,,,,,,,,,,,,,,,,,,,,2024-09
2024-09-25,2495,普安,其他電子業,進榜,準備,32.29,79.0,3.0,0,,6.9,-1.7,-6.6,-5.9,,,,,32.2,-0.3,7.2,-2.0,-6.3,-6.3,,,,,2024-09
2024-09-25,2646,星宇航空,航運業,進榜,準備,31.3,72.0,2.0,0,,-6.9,-1.7,-10.4,-5.9,,,,,31.1,-0.6,-6.3,-2.0,-9.9,-6.3,,,,,2024-09
2024-09-25,3086,華義*,文化創意業,移出,晚期未觸發,23.6,96.0,,2,,,,,,,,,,,,,,,,,,,,2024-09
2024-09-26,1736,喬山,化學生技醫療,進榜,觸發,138.26,95.0,4.0,0,,4.4,-2.1,32.7,-5.3,,,,,135.9,-1.7,6.2,-2.7,34.9,-5.7,,,,,2024-09
2024-09-26,1736,喬山,化學生技醫療,觸發,進榜即觸發,138.26,95.0,4.0,0,138.26,4.4,-2.1,32.7,-5.3,,,,,135.9,-1.7,6.2,-2.7,34.9,-5.7,,,,,2024-09
2024-09-26,3293,鈊象,文化創意業,進榜,觸發,910.22,92.0,4.0,0,,7.1,-2.1,-2.0,-5.3,,,,,916.7,0.7,6.3,-2.7,-2.7,-5.7,,,,,2024-09
2024-09-26,3293,鈊象,文化創意業,觸發,進榜即觸發,910.22,92.0,4.0,0,910.22,7.1,-2.1,-2.0,-5.3,,,,,916.7,0.7,6.3,-2.7,-2.7,-5.7,,,,,2024-09
2024-09-26,3665,貿聯-KY,其他電子業,進榜,準備,449.14,87.0,3.0,0,,-2.4,-2.1,27.6,-5.3,,,,,452.5,0.8,-3.1,-2.7,26.7,-5.7,,,,,2024-09
2024-09-26,8927,北基,油電燃氣業,進榜,準備,54.75,71.0,2.0,0,,-3.2,-2.1,-22.9,-5.3,,,,,55.3,1.1,-4.2,-2.7,-23.8,-5.7,,,,,2024-09
2024-09-26,6409,旭隼,其他電子業,移出,突破失敗,2029.69,73.0,,2,,,,,,,,,,,,,,,,,,,,2024-09
2024-09-26,2070,精湛,電機機械,移出,離高點太遠,94.02,99.0,,14,,,,,,,,,,,,,,,,,,,,2024-09
2024-09-26,4576,大銀微系統,電機機械,移出,離高點太遠,99.06,70.0,,7,,,,,,,,,,,,,,,,,,,,2024-09
2024-09-26,4542,科嶠,電子零組件業,移出,離高點太遠,87.98,72.0,,6,,,,,,,,,,,,,,,,,,,,2024-09
2024-09-26,3689,湧德,電子零組件業,移出,掉出掃描母體,89.63,71.0,,6,,,,,,,,,,,,,,,,,,,,2024-09
2024-09-27,2362,藍天,電子工業,進榜,準備,56.41,78.0,3.0,0,,-9.9,-2.8,-15.4,-5.5,,,,,56.1,-0.5,-9.5,-2.7,-15.0,-5.3,,,,,2024-09
2024-09-27,1708,東鹼,化學工業,進榜,準備,38.01,75.0,1.0,0,,-4.9,-2.8,-9.5,-5.5,,,,,38.0,0.0,-4.9,-2.7,-9.5,-5.3,,,,,2024-09
2024-09-27,3605,宏致,電子工業,移出,晚期未觸發,52.68,78.0,,4,,,,,,,,,,,,,,,,,,,,2024-09
2024-09-27,3550,聯穎,電子工業,移出,離高點太遠,25.93,92.0,,3,,,,,,,,,,,,,,,,,,,,2024-09
2024-09-27,6546,正基,通信網路業,移出,突破失敗,196.76,88.0,,3,,,,,,,,,,,,,,,,,,,,2024-09
2024-09-27,2646,星宇航空,航運業,移出,掉出掃描母體,30.4,70.0,,2,,,,,,,,,,,,,,,,,,,,2024-09
2024-09-30,8111,立碁,光電業,進榜,準備,34.81,88.0,3.0,0,,18.3,-1.9,50.6,-5.1,,,,,34.8,0.0,18.3,-2.1,50.6,-5.4,,,,,2024-09
2024-09-30,9945,潤泰新,其他,進榜,準備,45.27,75.0,2.0,0,,-3.7,-1.9,-12.1,-5.1,,,,,44.9,-0.7,-3.0,-2.1,-11.4,-5.4,,,,,2024-09
2024-09-30,8070,長華*,電子工業,移出,離高點太遠,54.4,85.0,,35,,,,,,,,,,,,,,,,,,,,2024-09
2024-09-30,3303,岱稜,其他電子類,移出,離高點太遠,53.71,90.0,,19,,,,,,,,,,,,,,,,,,,,2024-09
2024-09-30,3653,健策,電子工業,移出,突破失敗,1274.44,74.0,,11,,,,,,,,,,,,,,,,,,,,2024-09
2024-09-30,6873,泓德能源-創,創新板股票,移出,離高點太遠,215.94,87.0,,7,,,,,,,,,,,,,,,,,,,,2024-09
2024-10-01,4903,聯光通,通信網路業,進榜,觸發,41.35,97.0,3.0,0,,23.8,-2.5,-23.2,-5.4,,,,,42.6,3.1,20.0,-2.4,-25.6,-5.5,,,,,2024-10
2024-10-01,4903,聯光通,通信網路業,觸發,進榜即觸發,41.35,97.0,3.0,0,41.35,23.8,-2.5,-23.2,-5.4,,,,,42.6,3.1,20.0,-2.4,-25.6,-5.5,,,,,2024-10
2024-10-01,6530,創威,通信網路業,進榜,觸發,67.34,80.0,4.0,0,,16.9,-2.5,-3.7,-5.4,,,,,70.8,5.1,11.3,-2.4,-8.3,-5.5,,,,,2024-10
2024-10-01,6530,創威,通信網路業,觸發,進榜即觸發,67.34,80.0,4.0,0,67.34,16.9,-2.5,-3.7,-5.4,,,,,70.8,5.1,11.3,-2.4,-8.3,-5.5,,,,,2024-10
2024-10-01,6438,迅得,其他電子類,進榜,觸發,152.98,78.0,2.0,0,,21.3,-2.5,25.6,-5.4,,,,,154.9,1.2,19.9,-2.4,24.0,-5.5,,,,,2024-10
2024-10-01,6438,迅得,其他電子類,觸發,進榜即觸發,152.98,78.0,2.0,0,152.98,21.3,-2.5,25.6,-5.4,,,,,154.9,1.2,19.9,-2.4,24.0,-5.5,,,,,2024-10
2024-10-01,6151,晉倫,其他電子類,進榜,準備,41.56,90.0,3.0,0,,38.5,-2.5,-17.0,-5.4,,,,,41.1,-1.1,40.0,-2.4,-16.1,-5.5,,,,,2024-10
2024-10-01,2420,新巨,電子工業,進榜,準備,69.37,81.0,2.0,0,,-8.3,-2.5,-15.7,-5.4,,,,,68.7,-1.0,-7.4,-2.4,-14.8,-5.5,,,,,2024-10
2024-10-01,2637,慧洋-KY,航運業,進榜,準備,69.81,72.0,2.0,0,,-6.6,-2.5,-14.4,-5.4,,,,,67.7,-3.0,-3.7,-2.4,-11.7,-5.5,,,,,2024-10
2024-10-01,8111,立碁,光電業,觸發,等待後觸發,38.26,92.0,3.0,1,35.78,11.1,-2.5,38.2,-5.4,,,,,41.3,8.0,2.8,-2.4,28.0,-5.5,,,,,2024-10
2024-10-01,4571,鈞興-KY,電機機械,觸發,等待後觸發,176.86,93.0,2.0,18,167.92,-16.5,-2.5,37.2,-5.4,,,,,174.0,-1.6,-15.1,-2.4,39.5,-5.5,,,,,2024-10
2024-10-01,6561,是方,通信網路業,移出,掉出掃描母體,445.08,75.0,,32,,,,,,,,,,,,,,,,,,,,2024-10
2024-10-01,2351,順德,電子工業,移出,離高點太遠,136.59,76.0,,12,,,,,,,,,,,,,,,,,,,,2024-10
2024-10-04,1721,三晃,化學工業,進榜,準備,25.95,93.0,2.0,0,,-17.7,-1.6,-38.3,-5.2,,,,,26.2,1.2,-18.7,-2.0,-39.0,-5.4,,,,,2024-10
2024-10-04,2637,慧洋-KY,航運業,移出,掉出掃描母體,69.81,72.0,,3,,,,,,,,,,,,,,,,,,,,2024-10
2024-10-04,3019,亞光,光電業,移出,離高點太遠,106.44,93.0,,52,,,,,,,,,,,,,,,,,,,,2024-10
2024-10-04,3491,昇達科,通信網路業,移出,掉出掃描母體,315.52,89.0,,46,,,,,,,,,,,,,,,,,,,,2024-10
2024-10-04,4583,台灣精銳,電機機械,移出,離高點太遠,635.39,99.0,,39,,,,,,,,,,,,,,,,,,,,2024-10
2024-10-04,8249,菱光,電子工業,移出,離高點太遠,51.05,94.0,,22,,,,,,,,,,,,,,,,,,,,2024-10
2024-10-04,3581,博磊,半導體業,移出,離高點太遠,56.95,90.0,,16,,,,,,,,,,,,,,,,,,,,2024-10
2024-10-04,2615,萬海,航運業,移出,離高點太遠,82.97,91.0,,10,,,,,,,,,,,,,,,,,,,,2024-10
2024-10-04,9945,潤泰新,其他,移出,掉出掃描母體,44.62,72.0,,4,,,,,,,,,,,,,,,,,,,,2024-10
2024-10-07,3363,上詮,通信網路業,進榜,觸發,209.46,92.0,5.0,0,,-4.2,-2.5,,,,,,,211.9,1.2,-5.3,-2.4,,,,,,,2024-10
2024-10-07,3363,上詮,通信網路業,觸發,進榜即觸發,209.46,92.0,5.0,0,209.46,-4.2,-2.5,,,,,,,211.9,1.2,-5.3,-2.4,,,,,,,2024-10
2024-10-07,6658,聯策,其他電子業,進榜,觸發,78.73,91.0,3.0,0,,23.9,-2.5,,,,,,,77.2,-2.0,26.4,-2.4,,,,,,,2024-10
2024-10-07,6658,聯策,其他電子業,觸發,進榜即觸發,78.73,91.0,3.0,0,78.73,23.9,-2.5,,,,,,,77.2,-2.0,26.4,-2.4,,,,,,,2024-10
2024-10-07,6415,矽力*-KY,半導體業,進榜,觸發,549.13,84.0,2.0,0,,-11.0,-2.5,,,,,,,562.9,2.5,-13.1,-2.4,,,,,,,2024-10
2024-10-07,6415,矽力*-KY,半導體業,觸發,進榜即觸發,549.13,84.0,2.0,0,549.13,-11.0,-2.5,,,,,,,562.9,2.5,-13.1,-2.4,,,,,,,2024-10
2024-10-07,6405,悅城,光電業,進榜,準備,44.02,94.0,2.0,0,,6.7,-2.5,,,,,,,43.7,-0.8,7.5,-2.4,,,,,,,2024-10
2024-10-07,4760,勤凱,其他電子類,進榜,準備,138.2,93.0,3.0,0,,-23.2,-2.5,,,,,,,135.1,-2.2,-21.5,-2.4,,,,,,,2024-10
2024-10-07,9938,百和,其他,進榜,準備,68.06,73.0,3.0,0,,0.8,-2.5,,,,,,,66.7,-1.9,2.8,-2.4,,,,,,,2024-10
2024-10-07,9945,潤泰新,其他,進榜,準備,44.81,72.0,2.0,0,,-3.6,-2.5,,,,,,,44.4,-0.8,-2.8,-2.4,,,,,,,2024-10
2024-10-07,2362,藍天,電子工業,觸發,等待後觸發,60.21,84.0,3.0,10,57.13,-11.3,-2.5,,,,,,,61.7,2.4,-13.3,-2.4,,,,,,,2024-10
2024-10-07,6151,晉倫,其他電子類,移出,離高點太遠,37.89,86.0,,6,,,,,,,,,,,,,,,,,,,,2024-10
2024-10-08,9945,潤泰新,其他,移出,掉出掃描母體,44.81,72.0,,1,,,,,,,,,,,,,,,,,,,,2024-10
2024-10-08,8927,北基,油電燃氣業,移出,掉出掃描母體,54.84,72.0,,12,,,,,,,,,,,,,,,,,,,,2024-10
2024-10-09,6937,天虹,電子工業,進榜,準備,307.21,79.0,3.0,0,,16.3,-0.8,,,,,,,298.4,-2.9,19.8,-0.9,,,,,,,2024-10
2024-10-09,2888,新光金,金融保險,移出,掉出掃描母體,12.1,80.0,,50,,,,,,,,,,,,,,,,,,,,2024-10
2024-10-09,4571,鈞興-KY,電機機械,移出,離高點太遠,146.75,82.0,,26,,,,,,,,,,,,,,,,,,,,2024-10
2024-10-09,1727,中華化,化學工業,移出,掉出掃描母體,37.9,72.0,,19,,,,,,,,,,,,,,,,,,,,2024-10
2024-10-09,2495,普安,其他電子業,移出,離高點太遠,29.88,73.0,,14,,,,,,,,,,,,,,,,,,,,2024-10
2024-10-11,4956,光鋐,電子工業,進榜,觸發,34.35,92.0,5.0,0,,2.9,-0.6,,,,,,,37.8,9.9,-6.4,-0.8,,,,,,,2024-10
2024-10-11,4956,光鋐,電子工業,觸發,進榜即觸發,34.35,92.0,5.0,0,34.35,2.9,-0.6,,,,,,,37.8,9.9,-6.4,-0.8,,,,,,,2024-10
2024-10-11,6830,汎銓,其他電子業,進榜,觸發,197.5,81.0,3.0,0,,-2.8,-0.6,,,,,,,202.9,2.8,-5.4,-0.8,,,,,,,2024-10
2024-10-11,6830,汎銓,其他電子業,觸發,進榜即觸發,197.5,81.0,3.0,0,197.5,-2.8,-0.6,,,,,,,202.9,2.8,-5.4,-0.8,,,,,,,2024-10
2024-10-11,2330,台積電,半導體業,進榜,準備,1018.22,70.0,1.0,0,,3.8,-0.6,,,,,,,1018.2,0.0,3.8,-0.8,,,,,,,2024-10
2024-10-11,1721,三晃,化學工業,移出,離高點太遠,21.25,85.0,,7,,,,,,,,,,,,,,,,,,,,2024-10
2024-10-11,6405,悅城,光電業,移出,離高點太遠,37.1,87.0,,4,,,,,,,,,,,,,,,,,,,,2024-10
2024-10-11,4760,勤凱,其他電子類,移出,離高點太遠,119.28,88.0,,4,,,,,,,,,,,,,,,,,,,,2024-10
2024-10-11,6658,聯策,其他電子業,移出,離高點太遠,72.45,89.0,,4,,,,,,,,,,,,,,,,,,,,2024-10
2024-10-14,6156,松上,電子零組件業,進榜,觸發,34.47,88.0,4.0,0,,-20.6,-1.9,,,,,,,34.5,0.0,-20.6,-2.1,,,,,,,2024-10
2024-10-14,6156,松上,電子零組件業,觸發,進榜即觸發,34.47,88.0,4.0,0,34.47,-20.6,-1.9,,,,,,,34.5,0.0,-20.6,-2.1,,,,,,,2024-10
2024-10-14,3498,陽程,其他電子類,進榜,觸發,66.4,87.0,3.0,0,,-10.4,-1.9,,,,,,,68.5,3.2,-13.1,-2.1,,,,,,,2024-10
2024-10-14,3498,陽程,其他電子類,觸發,進榜即觸發,66.4,87.0,3.0,0,66.4,-10.4,-1.9,,,,,,,68.5,3.2,-13.1,-2.1,,,,,,,2024-10
2024-10-14,2330,台積電,半導體業,移出,掉出掃描母體,1018.22,70.0,,3,,,,,,,,,,,,,,,,,,,,2024-10
2024-10-14,4563,百德,電機機械,移出,離高點太遠,102.8,97.0,,41,,,,,,,,,,,,,,,,,,,,2024-10
2024-10-15,3230,錦明,光電業,進榜,觸發,62.67,100.0,2.0,0,,-16.8,-2.1,,,,,,,63.0,0.5,-17.2,-1.8,,,,,,,2024-10
2024-10-15,3230,錦明,光電業,觸發,進榜即觸發,62.67,100.0,2.0,0,62.67,-16.8,-2.1,,,,,,,63.0,0.5,-17.2,-1.8,,,,,,,2024-10
2024-10-15,6658,聯策,其他電子業,進榜,觸發,85.79,96.0,3.0,0,,8.2,-2.1,,,,,,,87.5,2.0,6.1,-1.8,,,,,,,2024-10
2024-10-15,6658,聯策,其他電子業,觸發,進榜即觸發,85.79,96.0,3.0,0,85.79,8.2,-2.1,,,,,,,87.5,2.0,6.1,-1.8,,,,,,,2024-10
2024-10-15,1560,中砂,電機機械,進榜,觸發,358.58,74.0,4.0,0,,-15.5,-2.1,,,,,,,355.6,-0.8,-14.8,-1.8,,,,,,,2024-10
2024-10-15,1560,中砂,電機機械,觸發,進榜即觸發,358.58,74.0,4.0,0,358.58,-15.5,-2.1,,,,,,,355.6,-0.8,-14.8,-1.8,,,,,,,2024-10
2024-10-15,2646,星宇航空,航運業,進榜,準備,30.9,73.0,1.0,0,,-8.4,-2.1,,,,,,,30.6,-0.9,-7.6,-1.8,,,,,,,2024-10
2024-10-15,6187,萬潤,其他電子類,移出,離高點太遠,448.32,93.0,,32,,,,,,,,,,,,,,,,,,,,2024-10
2024-10-16,5452,佶優,其他電子類,進榜,觸發,41.69,84.0,5.0,0,,-18.6,-3.3,,,,,,,42.2,1.3,-19.7,-3.5,,,,,,,2024-10
2024-10-16,5452,佶優,其他電子類,觸發,進榜即觸發,41.69,84.0,5.0,0,41.69,-18.6,-3.3,,,,,,,42.2,1.3,-19.7,-3.5,,,,,,,2024-10
2024-10-16,6134,萬旭,電子零組件業,進榜,準備,43.22,97.0,1.0,0,,-24.3,-3.3,,,,,,,43.8,1.4,-25.3,-3.5,,,,,,,2024-10
2024-10-16,2426,鼎元,光電業,進榜,準備,26.11,83.0,1.0,0,,-23.6,-3.3,,,,,,,25.9,-0.8,-23.0,-3.5,,,,,,,2024-10
2024-10-16,6829,千附精密,電機機械,進榜,準備,132.08,71.0,2.0,0,,-16.4,-3.3,,,,,,,129.7,-1.8,-14.9,-3.5,,,,,,,2024-10
2024-10-16,2362,藍天,電子工業,移出,離高點太遠,53.06,72.0,,19,,,,,,,,,,,,,,,,,,,,2024-10
2024-10-17,1595,川寶,電子零組件業,進榜,觸發,66.4,95.0,2.0,0,,-18.5,-3.5,,,,,,,69.7,5.0,-22.4,-3.7,,,,,,,2024-10
2024-10-17,1595,川寶,電子零組件業,觸發,進榜即觸發,66.4,95.0,2.0,0,66.4,-18.5,-3.5,,,,,,,69.7,5.0,-22.4,-3.7,,,,,,,2024-10
2024-10-17,4576,大銀微系統,電機機械,進榜,觸發,122.84,86.0,3.0,0,,-0.8,-3.5,,,,,,,122.8,0.0,-0.8,-3.7,,,,,,,2024-10
2024-10-17,4576,大銀微系統,電機機械,觸發,進榜即觸發,122.84,86.0,3.0,0,122.84,-0.8,-3.5,,,,,,,122.8,0.0,-0.8,-3.7,,,,,,,2024-10
2024-10-17,5263,智崴,文化創意業,進榜,觸發,187.87,84.0,4.0,0,,-16.7,-3.5,,,,,,,185.9,-1.0,-15.8,-3.7,,,,,,,2024-10
2024-10-17,5263,智崴,文化創意業,觸發,進榜即觸發,187.87,84.0,4.0,0,187.87,-16.7,-3.5,,,,,,,185.9,-1.0,-15.8,-3.7,,,,,,,2024-10
2024-10-17,8069,元太,光電業,進榜,準備,295.85,72.0,3.0,0,,-7.3,-3.5,,,,,,,293.0,-1.0,-6.5,-3.7,,,,,,,2024-10
2024-10-17,6829,千附精密,電機機械,移出,掉出掃描母體,132.08,71.0,,1,,,,,,,,,,,,,,,,,,,,2024-10
2024-10-17,3081,聯亞,通信網路業,移出,離高點太遠,304.99,98.0,,28,,,,,,,,,,,,,,,,,,,,2024-10
2024-10-17,2420,新巨,電子工業,移出,掉出掃描母體,65.45,76.0,,16,,,,,,,,,,,,,,,,,,,,2024-10
2024-10-18,4583,台灣精銳,電機機械,進榜,觸發,797.39,100.0,4.0,0,,-11.9,-3.8,,,,,,,811.9,1.8,-13.5,-4.1,,,,,,,2024-10
2024-10-18,4583,台灣精銳,電機機械,觸發,進榜即觸發,797.39,100.0,4.0,0,797.39,-11.9,-3.8,,,,,,,811.9,1.8,-13.5,-4.1,,,,,,,2024-10
2024-10-18,6151,晉倫,其他電子類,進榜,觸發,45.86,94.0,3.0,0,,4.0,-3.8,,,,,,,50.4,9.9,-5.4,-4.1,,,,,,,2024-10
2024-10-18,6151,晉倫,其他電子類,觸發,進榜即觸發,45.86,94.0,3.0,0,45.86,4.0,-3.8,,,,,,,50.4,9.9,-5.4,-4.1,,,,,,,2024-10
2024-10-18,4729,熒茂,光電業,進榜,準備,31.27,93.0,3.0,0,,-4.8,-3.8,,,,,,,32.5,3.9,-8.4,-4.1,,,,,,,2024-10
2024-10-18,2883,凱基金,金融保險,進榜,準備,16.09,70.0,2.0,0,,-3.4,-3.8,,,,,,,16.1,0.0,-3.4,-4.1,,,,,,,2024-10
2024-10-18,6863,永道-KY,電子工業,移出,離高點太遠,260.48,90.0,,49,,,,,,,,,,,,,,,,,,,,2024-10
2024-10-18,3167,大量,電機機械,移出,離高點太遠,140.15,98.0,,29,,,,,,,,,,,,,,,,,,,,2024-10
2024-10-18,6415,矽力*-KY,半導體業,移出,掉出掃描母體,507.72,72.0,,11,,,,,,,,,,,,,,,,,,,,2024-10
2024-10-18,3230,錦明,光電業,移出,突破失敗,56.61,100.0,,3,,,,,,,,,,,,,,,,,,,,2024-10
2024-10-21,3581,博磊,半導體業,進榜,觸發,68.53,97.0,4.0,0,,-12.9,-3.6,,,,,,,67.5,-1.4,-11.6,-3.6,,,,,,,2024-10
2024-10-21,3581,博磊,半導體業,觸發,進榜即觸發,68.53,97.0,4.0,0,68.53,-12.9,-3.6,,,,,,,67.5,-1.4,-11.6,-3.6,,,,,,,2024-10
2024-10-21,6763,綠界科技,電子商務業,進榜,觸發,66.64,92.0,1.0,0,,1.8,-3.6,,,,,,,67.6,1.4,0.4,-3.6,,,,,,,2024-10
2024-10-21,6763,綠界科技,電子商務業,觸發,進榜即觸發,66.64,92.0,1.0,0,66.64,1.8,-3.6,,,,,,,67.6,1.4,0.4,-3.6,,,,,,,2024-10
2024-10-21,1597,直得,電機機械,進榜,觸發,110.01,80.0,3.0,0,,-17.9,-3.6,,,,,,,112.0,1.8,-19.4,-3.6,,,,,,,2024-10
2024-10-21,1597,直得,電機機械,觸發,進榜即觸發,110.01,80.0,3.0,0,110.01,-17.9,-3.6,,,,,,,112.0,1.8,-19.4,-3.6,,,,,,,2024-10
2024-10-21,4540,全球傳動,電機機械,進榜,觸發,49.3,80.0,2.0,0,,-17.5,-3.6,,,,,,,50.5,2.4,-19.5,-3.6,,,,,,,2024-10
2024-10-21,4540,全球傳動,電機機械,觸發,進榜即觸發,49.3,80.0,2.0,0,49.3,-17.5,-3.6,,,,,,,50.5,2.4,-19.5,-3.6,,,,,,,2024-10
2024-10-21,3615,安可,光電業,進榜,觸發,38.78,77.0,4.0,0,,-13.8,-3.6,,,,,,,39.4,1.6,-15.1,-3.6,,,,,,,2024-10
2024-10-21,3615,安可,光電業,觸發,進榜即觸發,38.78,77.0,4.0,0,38.78,-13.8,-3.6,,,,,,,39.4,1.6,-15.1,-3.6,,,,,,,2024-10
2024-10-21,6405,悅城,光電業,進榜,準備,43.97,91.0,2.0,0,,2.4,-3.6,,,,,,,44.3,0.8,1.6,-3.6,,,,,,,2024-10
2024-10-21,4729,熒茂,光電業,觸發,等待後觸發,34.39,95.0,3.0,3,32.0,-4.8,-3.6,,,,,,,35.2,2.4,-7.1,-3.6,,,,,,,2024-10
2024-10-21,8069,元太,光電業,移出,掉出掃描母體,301.52,74.0,,4,,,,,,,,,,,,,,,,,,,,2024-10
2024-10-21,2883,凱基金,金融保險,移出,掉出掃描母體,16.09,70.0,,3,,,,,,,,,,,,,,,,,,,,2024-10
2024-10-21,1708,東鹼,化學工業,移出,掉出掃描母體,35.61,71.0,,24,,,,,,,,,,,,,,,,,,,,2024-10
2024-10-22,1569,濱川,電腦及週邊設備業,進榜,準備,41.9,89.0,2.0,0,,29.6,-3.9,,,,,,,42.0,0.2,29.3,-3.9,,,,,,,2024-10
2024-10-22,2495,普安,其他電子業,進榜,準備,33.16,81.0,3.0,0,,-2.4,-3.9,,,,,,,33.3,0.3,-2.6,-3.9,,,,,,,2024-10
2024-10-22,2317,鴻海,其他電子業,進榜,準備,201.93,74.0,3.0,0,,-4.4,-3.9,,,,,,,201.0,-0.5,-4.0,-3.9,,,,,,,2024-10
2024-10-22,8069,元太,光電業,進榜,準備,295.85,73.0,3.0,0,,-8.0,-3.9,,,,,,,293.5,-0.8,-7.2,-3.9,,,,,,,2024-10
2024-10-22,6405,悅城,光電業,觸發,等待後觸發,48.36,95.0,2.0,1,44.82,-9.7,-3.9,,,,,,,49.4,2.1,-11.5,-3.9,,,,,,,2024-10
2024-10-23,4716,大立,化學工業,進榜,觸發,32.13,93.0,5.0,0,,-32.9,-3.8,,,,,,,32.3,0.4,-33.2,-3.8,,,,,,,2024-10
2024-10-23,4716,大立,化學工業,觸發,進榜即觸發,32.13,93.0,5.0,0,32.13,-32.9,-3.8,,,,,,,32.3,0.4,-33.2,-3.8,,,,,,,2024-10
2024-10-23,1528,恩德,電機機械,進榜,觸發,21.76,89.0,2.0,0,,-21.5,-3.8,,,,,,,22.4,2.7,-23.6,-3.8,,,,,,,2024-10
2024-10-23,1528,恩德,電機機械,觸發,進榜即觸發,21.76,89.0,2.0,0,21.76,-21.5,-3.8,,,,,,,22.4,2.7,-23.6,-3.8,,,,,,,2024-10
2024-10-23,3551,世禾,其他電子類,進榜,觸發,136.97,77.0,1.0,0,,-7.5,-3.8,,,,,,,144.0,5.1,-12.0,-3.8,,,,,,,2024-10
2024-10-23,3551,世禾,其他電子類,觸發,進榜即觸發,136.97,77.0,1.0,0,136.97,-7.5,-3.8,,,,,,,144.0,5.1,-12.0,-3.8,,,,,,,2024-10
2024-10-23,9938,百和,其他,移出,掉出掃描母體,71.15,73.0,,16,,,,,,,,,,,,,,,,,,,,2024-10
2024-10-23,2646,星宇航空,航運業,移出,掉出掃描母體,30.7,71.0,,8,,,,,,,,,,,,,,,,,,,,2024-10
2024-10-23,1560,中砂,電機機械,移出,掉出掃描母體,352.69,70.0,,8,,,,,,,,,,,,,,,,,,,,2024-10
2024-10-24,8032,光菱,電子通路業,進榜,準備,60.71,97.0,1.0,0,,29.6,-2.6,,,,,,,62.3,2.7,26.2,-2.9,,,,,,,2024-10
2024-10-24,2420,新巨,電子工業,進榜,準備,68.48,77.0,3.0,0,,-11.3,-2.6,,,,,,,68.8,0.5,-11.8,-2.9,,,,,,,2024-10
2024-10-24,2646,星宇航空,航運業,進榜,準備,31.55,72.0,1.0,0,,-12.0,-2.6,,,,,,,26.0,-17.7,6.9,-2.9,,,,,,,2024-10
2024-10-24,9938,百和,其他,進榜,準備,71.85,71.0,3.0,0,,-1.3,-2.6,,,,,,,71.7,-0.2,-1.1,-2.9,,,,,,,2024-10
2024-10-24,3029,零壹,資訊服務業,進榜,準備,101.77,70.0,3.0,0,,-5.0,-2.6,,,,,,,101.8,0.0,-5.0,-2.9,,,,,,,2024-10
2024-10-24,2495,普安,其他電子業,觸發,等待後觸發,36.12,87.0,3.0,2,33.67,-8.5,-2.6,,,,,,,36.5,1.2,-9.5,-2.9,,,,,,,2024-10
2024-10-24,8464,億豐,其他,移出,逾期,459.63,75.0,,56,,,,,,,,,,,,,,,,,,,,2024-10
2024-10-24,4977,眾達-KY,電子工業,移出,離高點太遠,100.29,82.0,,38,,,,,,,,,,,,,,,,,,,,2024-10
2024-10-24,6134,萬旭,電子零組件業,移出,離高點太遠,37.13,92.0,,8,,,,,,,,,,,,,,,,,,,,2024-10
2024-10-24,1595,川寶,電子零組件業,移出,離高點太遠,70.34,96.0,,7,,,,,,,,,,,,,,,,,,,,2024-10
2024-10-24,1597,直得,電機機械,移出,離高點太遠,101.13,76.0,,3,,,,,,,,,,,,,,,,,,,,2024-10
2024-10-25,5386,青雲,電腦及週邊設備業,進榜,觸發,62.26,88.0,5.0,0,,-18.3,-2.3,,,,,,,62.5,0.5,-18.7,-2.4,,,,,,,2024-10
2024-10-25,5386,青雲,電腦及週邊設備業,觸發,進榜即觸發,62.26,88.0,5.0,0,62.26,-18.3,-2.3,,,,,,,62.5,0.5,-18.7,-2.4,,,,,,,2024-10
2024-10-25,2393,億光,電子工業,進榜,準備,71.45,70.0,3.0,0,,-6.6,-2.3,,,,,,,71.6,0.2,-6.9,-2.4,,,,,,,2024-10
2024-10-25,8021,尖點,其他電子業,進榜,準備,39.0,70.0,3.0,0,,-14.9,-2.3,,,,,,,39.6,1.5,-16.2,-2.4,,,,,,,2024-10
2024-10-25,2646,星宇航空,航運業,移出,掉出掃描母體,31.55,72.0,,1,,,,,,,,,,,,,,,,,,,,2024-10
2024-10-25,9938,百和,其他,移出,掉出掃描母體,71.85,71.0,,1,,,,,,,,,,,,,,,,,,,,2024-10
2024-10-25,3029,零壹,資訊服務業,移出,掉出掃描母體,101.77,70.0,,1,,,,,,,,,,,,,,,,,,,,2024-10
2024-10-25,5452,佶優,其他電子類,移出,離高點太遠,38.05,79.0,,9,,,,,,,,,,,,,,,,,,,,2024-10
2024-10-28,4569,六方科-KY,汽車工業,進榜,觸發,283.06,100.0,2.0,0,,-27.9,-2.1,,,,,,,285.9,1.0,-28.6,-2.0,,,,,,,2024-10
2024-10-28,4569,六方科-KY,汽車工業,觸發,進榜即觸發,283.06,100.0,2.0,0,283.06,-27.9,-2.1,,,,,,,285.9,1.0,-28.6,-2.0,,,,,,,2024-10
2024-10-28,8249,菱光,電子工業,進榜,準備,67.87,97.0,2.0,0,,-23.7,-2.1,,,,,,,70.3,3.5,-26.3,-2.0,,,,,,,2024-10
2024-10-28,4749,新應材,光電業,進榜,準備,739.65,71.0,2.0,0,,-7.5,-2.1,,,,,,,735.1,-0.6,-7.0,-2.0,,,,,,,2024-10
2024-10-28,9938,百和,其他,進榜,準備,71.77,70.0,3.0,0,,-2.3,-2.1,,,,,,,71.9,0.1,-2.5,-2.0,,,,,,,2024-10
2024-10-28,8032,光菱,電子通路業,觸發,等待後觸發,73.35,99.0,1.0,4,60.71,0.8,-2.1,,,,,,,78.6,7.1,-5.9,-2.0,,,,,,,2024-10
2024-10-28,8021,尖點,其他電子業,移出,掉出掃描母體,39.0,70.0,,3,,,,,,,,,,,,,,,,,,,,2024-10
2024-10-28,6609,瀧澤科,電機機械,移出,離高點太遠,103.09,99.0,,45,,,,,,,,,,,,,,,,,,,,2024-10
2024-10-28,3450,聯鈞,其他電子業,移出,離高點太遠,213.07,99.0,,39,,,,,,,,,,,,,,,,,,,,2024-10
2024-10-28,3149,正達,電子工業,移出,離高點太遠,35.43,89.0,,35,,,,,,,,,,,,,,,,,,,,2024-10
2024-10-28,8111,立碁,光電業,移出,離高點太遠,39.92,93.0,,28,,,,,,,,,,,,,,,,,,,,2024-10
2024-10-28,6530,創威,通信網路業,移出,離高點太遠,71.14,89.0,,27,,,,,,,,,,,,,,,,,,,,2024-10
2024-10-28,4903,聯光通,通信網路業,移出,離高點太遠,44.6,97.0,,27,,,,,,,,,,,,,,,,,,,,2024-10
2024-10-28,3363,上詮,通信網路業,移出,離高點太遠,207.01,90.0,,21,,,,,,,,,,,,,,,,,,,,2024-10
2024-10-28,2426,鼎元,光電業,移出,掉出掃描母體,24.03,72.0,,12,,,,,,,,,,,,,,,,,,,,2024-10
2024-10-28,4729,熒茂,光電業,移出,離高點太遠,30.1,91.0,,10,,,,,,,,,,,,,,,,,,,,2024-10
2024-10-28,4540,全球傳動,電機機械,移出,突破失敗,45.3,74.0,,7,,,,,,,,,,,,,,,,,,,,2024-10
2024-10-28,3615,安可,光電業,移出,突破失敗,34.61,79.0,,7,,,,,,,,,,,,,,,,,,,,2024-10
2024-10-28,6405,悅城,光電業,移出,離高點太遠,44.42,94.0,,7,,,,,,,,,,,,,,,,,,,,2024-10
2024-10-28,8069,元太,光電業,移出,掉出掃描母體,283.56,74.0,,6,,,,,,,,,,,,,,,,,,,,2024-10
2024-10-28,4716,大立,化學工業,移出,突破失敗,28.25,87.0,,5,,,,,,,,,,,,,,,,,,,,2024-10
2024-10-28,1528,恩德,電機機械,移出,離高點太遠,18.88,83.0,,5,,,,,,,,,,,,,,,,,,,,2024-10
2024-10-29,3447,展達,電子工業,進榜,準備,77.01,98.0,1.0,0,,-10.9,-2.4,,,,,,,78.9,2.5,-13.1,-2.6,,,,,,,2024-10
2024-10-29,6706,惠特,光電業,移出,離高點太遠,161.0,98.0,,47,,,,,,,,,,,,,,,,,,,,2024-10
2024-10-29,3227,原相,半導體業,移出,掉出掃描母體,221.33,85.0,,40,,,,,,,,,,,,,,,,,,,,2024-10
2024-10-29,4956,光鋐,電子工業,移出,離高點太遠,39.1,91.0,,18,,,,,,,,,,,,,,,,,,,,2024-10
2024-10-29,5263,智崴,文化創意業,移出,掉出掃描母體,182.48,77.0,,12,,,,,,,,,,,,,,,,,,,,2024-10
2024-10-30,2354,鴻準,其他電子業,進榜,觸發,76.71,75.0,3.0,0,,-3.2,-3.0,,,,,,,75.4,-1.7,-1.5,-2.1,,,,,,,2024-10
2024-10-30,2354,鴻準,其他電子業,觸發,進榜即觸發,76.71,75.0,3.0,0,76.71,-3.2,-3.0,,,,,,,75.4,-1.7,-1.5,-2.1,,,,,,,2024-10
2024-10-30,8937,合騏*,其他,進榜,準備,22.26,100.0,2.0,0,,56.0,-3.0,,,,,,,21.9,-1.7,58.7,-2.1,,,,,,,2024-10
2024-10-30,9938,百和,其他,移出,掉出掃描母體,71.77,72.0,,2,,,,,,,,,,,,,,,,,,,,2024-10
2024-10-30,6156,松上,電子零組件業,移出,離高點太遠,31.04,80.0,,16,,,,,,,,,,,,,,,,,,,,2024-10
2024-10-30,6658,聯策,其他電子業,移出,離高點太遠,90.71,95.0,,15,,,,,,,,,,,,,,,,,,,,2024-10
2024-10-30,6763,綠界科技,電子商務業,移出,離高點太遠,75.06,96.0,,9,,,,,,,,,,,,,,,,,,,,2024-10
2024-10-30,8032,光菱,電子通路業,移出,離高點太遠,65.18,98.0,,6,,,,,,,,,,,,,,,,,,,,2024-10
2024-10-30,8249,菱光,電子工業,移出,離高點太遠,58.64,96.0,,2,,,,,,,,,,,,,,,,,,,,2024-10
2024-10-30,4569,六方科-KY,汽車工業,移出,離高點太遠,246.67,99.0,,2,,,,,,,,,,,,,,,,,,,,2024-10
2024-11-01,2493,揚博,電子工業,進榜,準備,105.75,78.0,2.0,0,,-14.3,-2.8,,,,,,,107.1,1.2,-15.4,-2.7,,,,,,,2024-11
2024-11-01,6231,系微,資訊服務業,移出,離高點太遠,494.95,96.0,,57,,,,,,,,,,,,,,,,,,,,2024-11
2024-11-01,2317,鴻海,其他電子業,移出,掉出掃描母體,198.19,73.0,,10,,,,,,,,,,,,,,,,,,,,2024-11
2024-11-01,2420,新巨,電子工業,移出,掉出掃描母體,65.28,76.0,,8,,,,,,,,,,,,,,,,,,,,2024-11
2024-11-04,4991,環宇-KY,半導體業,進榜,觸發,79.7,98.0,3.0,0,,31.5,-2.3,,,,,,,82.2,3.1,27.5,-2.2,,,,,,,2024-11
2024-11-04,4991,環宇-KY,半導體業,觸發,進榜即觸發,79.7,98.0,3.0,0,79.7,31.5,-2.3,,,,,,,82.2,3.1,27.5,-2.2,,,,,,,2024-11
2024-11-04,6768,志強-KY,其他,進榜,觸發,127.03,88.0,2.0,0,,-3.5,-2.3,,,,,,,125.3,-1.4,-2.1,-2.2,,,,,,,2024-11
2024-11-04,6768,志強-KY,其他,觸發,進榜即觸發,127.03,88.0,2.0,0,127.03,-3.5,-2.3,,,,,,,125.3,-1.4,-2.1,-2.2,,,,,,,2024-11
2024-11-04,6757,台灣虎航-創,創新版股票,進榜,觸發,60.1,86.0,2.0,0,,14.1,-2.3,,,,,,,60.1,0.0,14.1,-2.2,,,,,,,2024-11
2024-11-04,6757,台灣虎航-創,創新版股票,觸發,進榜即觸發,60.1,86.0,2.0,0,60.1,14.1,-2.3,,,,,,,60.1,0.0,14.1,-2.2,,,,,,,2024-11
2024-11-04,8390,金益鼎,其他,進榜,準備,77.11,78.0,3.0,0,,-15.2,-2.3,,,,,,,77.5,0.5,-15.7,-2.2,,,,,,,2024-11
2024-11-04,8021,尖點,其他電子業,進榜,準備,38.67,73.0,3.0,0,,-18.7,-2.3,,,,,,,38.9,0.5,-19.1,-2.2,,,,,,,2024-11
2024-11-04,6830,汎銓,其他電子業,移出,離高點太遠,193.04,81.0,,24,,,,,,,,,,,,,,,,,,,,2024-11
2024-11-04,3498,陽程,其他電子類,移出,離高點太遠,62.4,90.0,,21,,,,,,,,,,,,,,,,,,,,2024-11
2024-11-04,2495,普安,其他電子業,移出,離高點太遠,31.92,83.0,,13,,,,,,,,,,,,,,,,,,,,2024-11
2024-11-04,5386,青雲,電腦及週邊設備業,移出,掉出掃描母體,57.91,87.0,,10,,,,,,,,,,,,,,,,,,,,2024-11
2024-11-05,8032,光菱,電子通路業,進榜,觸發,80.57,99.0,1.0,0,,-17.5,-2.0,,,,,,,82.7,2.6,-19.5,-2.2,,,,,,,2024-11
2024-11-05,8032,光菱,電子通路業,觸發,進榜即觸發,80.57,99.0,1.0,0,80.57,-17.5,-2.0,,,,,,,82.7,2.6,-19.5,-2.2,,,,,,,2024-11
2024-11-05,9938,百和,其他,進榜,準備,70.97,71.0,3.0,0,,4.2,-2.0,,,,,,,71.1,0.2,4.0,-2.2,,,,,,,2024-11
2024-11-05,2360,致茂,其他電子業,觸發,等待後觸發,429.81,87.0,3.0,53,373.73,-4.5,-2.0,,,,,,,423.5,-1.5,-3.1,-2.2,,,,,,,2024-11
2024-11-06,6561,是方,通信網路業,進榜,觸發,494.53,79.0,2.0,0,,-2.6,-1.6,,,,,,,491.7,-0.6,-2.1,-1.6,,,,,,,2024-11
2024-11-06,6561,是方,通信網路業,觸發,進榜即觸發,494.53,79.0,2.0,0,494.53,-2.6,-1.6,,,,,,,491.7,-0.6,-2.1,-1.6,,,,,,,2024-11
2024-11-06,3303,岱稜,其他電子類,進榜,準備,58.01,90.0,3.0,0,,-12.2,-1.6,,,,,,,57.6,-0.8,-11.5,-1.6,,,,,,,2024-11
2024-11-06,2312,金寶,其他電子業,進榜,準備,26.29,87.0,2.0,0,,5.6,-1.6,,,,,,,26.4,0.5,5.1,-1.6,,,,,,,2024-11
2024-11-06,8937,合騏*,其他,觸發,等待後觸發,25.74,100.0,2.0,7,22.31,36.9,-1.6,,,,,,,26.6,3.4,32.4,-1.6,,,,,,,2024-11
2024-11-06,9938,百和,其他,移出,掉出掃描母體,70.97,71.0,,1,,,,,,,,,,,,,,,,,,,,2024-11
2024-11-06,3551,世禾,其他電子類,移出,突破失敗,125.75,77.0,,14,,,,,,,,,,,,,,,,,,,,2024-11
2024-11-07,3062,建漢,通信網路業,進榜,觸發,39.85,88.0,6.0,0,,-16.8,-2.2,,,,,,,40.6,1.8,-18.2,-2.5,,,,,,,2024-11
2024-11-07,3062,建漢,通信網路業,觸發,進榜即觸發,39.85,88.0,6.0,0,39.85,-16.8,-2.2,,,,,,,40.6,1.8,-18.2,-2.5,,,,,,,2024-11
2024-11-07,8467,波力-KY,其他,進榜,觸發,266.92,79.0,6.0,0,,8.9,-2.2,,,,,,,273.1,2.3,6.4,-2.5,,,,,,,2024-11
2024-11-07,8467,波力-KY,其他,觸發,進榜即觸發,266.92,79.0,6.0,0,266.92,8.9,-2.2,,,,,,,273.1,2.3,6.4,-2.5,,,,,,,2024-11
2024-11-07,2317,鴻海,其他電子業,進榜,準備,203.34,74.0,3.0,0,,-8.3,-2.2,,,,,,,205.7,1.2,-9.3,-2.5,,,,,,,2024-11
2024-11-07,3303,岱稜,其他電子類,觸發,等待後觸發,58.63,90.0,3.0,1,58.54,-15.4,-2.2,,,,,,,59.3,1.1,-16.3,-2.5,,,,,,,2024-11
2024-11-07,2393,億光,電子工業,移出,掉出掃描母體,71.88,71.0,,13,,,,,,,,,,,,,,,,,,,,2024-11
2024-11-07,4749,新應材,光電業,移出,掉出掃描母體,752.38,72.0,,10,,,,,,,,,,,,,,,,,,,,2024-11
2024-11-07,6757,台灣虎航-創,創新版股票,移出,離高點太遠,56.01,79.0,,3,,,,,,,,,,,,,,,,,,,,2024-11
2024-11-07,8390,金益鼎,其他,移出,掉出掃描母體,74.7,74.0,,3,,,,,,,,,,,,,,,,,,,,2024-11
2024-11-08,6706,惠特,光電業,進榜,準備,191.0,99.0,3.0,0,,-13.6,-1.6,,,,,,,188.0,-1.6,-12.2,-1.7,,,,,,,2024-11
2024-11-08,2330,台積電,半導體業,進榜,準備,1062.07,72.0,1.0,0,,-2.3,-1.6,,,,,,,1052.3,-0.9,-1.4,-1.7,,,,,,,2024-11
2024-11-08,3062,建漢,通信網路業,移出,突破失敗,36.3,83.0,,1,,,,,,,,,,,,,,,,,,,,2024-11
2024-11-11,3211,順達,電腦及週邊設備業,進榜,觸發,120.91,78.0,3.0,0,,53.8,-1.9,,,,,,,121.8,0.8,52.6,-1.5,,,,,,,2024-11
2024-11-11,3211,順達,電腦及週邊設備業,觸發,進榜即觸發,120.91,78.0,3.0,0,120.91,53.8,-1.9,,,,,,,121.8,0.8,52.6,-1.5,,,,,,,2024-11
2024-11-11,3706,神達,電子工業,進榜,觸發,53.46,78.0,2.0,0,,44.8,-1.9,,,,,,,54.0,1.0,43.3,-1.5,,,,,,,2024-11
2024-11-11,3706,神達,電子工業,觸發,進榜即觸發,53.46,78.0,2.0,0,53.46,44.8,-1.9,,,,,,,54.0,1.0,43.3,-1.5,,,,,,,2024-11
2024-11-11,1708,東鹼,化學工業,進榜,準備,38.15,71.0,2.0,0,,-7.7,-1.9,,,,,,,37.7,-1.1,-6.7,-1.5,,,,,,,2024-11
2024-11-11,5243,乙盛-KY,電子工業,進榜,準備,68.64,71.0,1.0,0,,-2.1,-1.9,,,,,,,69.9,1.9,-3.9,-1.5,,,,,,,2024-11
2024-11-11,3665,貿聯-KY,其他電子業,觸發,等待後觸發,555.84,96.0,3.0,46,462.72,22.9,-1.9,,,,,,,564.6,1.6,21.0,-1.5,,,,,,,2024-11
2024-11-11,5536,聖暉*,其他電子類,移出,掉出掃描母體,327.47,87.0,,91,,,,,,,,,,,,,,,,,,,,2024-11
2024-11-11,6151,晉倫,其他電子類,移出,離高點太遠,48.13,93.0,,24,,,,,,,,,,,,,,,,,,,,2024-11
2024-11-11,3581,博磊,半導體業,移出,離高點太遠,65.29,96.0,,21,,,,,,,,,,,,,,,,,,,,2024-11
2024-11-11,2493,揚博,電子工業,移出,掉出掃描母體,101.42,74.0,,10,,,,,,,,,,,,,,,,,,,,2024-11
2024-11-11,8021,尖點,其他電子業,移出,掉出掃描母體,37.9,73.0,,7,,,,,,,,,,,,,,,,,,,,2024-11
2024-11-12,4571,鈞興-KY,電機機械,進榜,準備,162.74,91.0,3.0,0,,2.6,-1.0,,,,,,,165.1,1.4,1.1,-0.9,,,,,,,2024-11
2024-11-12,6535,順藥,生技醫療業,移出,離高點太遠,329.0,91.0,,91,,,,,,,,,,,,,,,,,,,,2024-11
2024-11-12,1736,喬山,化學生技醫療,移出,掉出掃描母體,144.37,87.0,,47,,,,,,,,,,,,,,,,,,,,2024-11
2024-11-12,4576,大銀微系統,電機機械,移出,離高點太遠,126.32,92.0,,26,,,,,,,,,,,,,,,,,,,,2024-11
2024-11-12,8467,波力-KY,其他,移出,突破失敗,242.78,79.0,,5,,,,,,,,,,,,,,,,,,,,2024-11
2024-11-13,2882,國泰金,金融保險,移出,掉出掃描母體,61.81,73.0,,54,,,,,,,,,,,,,,,,,,,,2024-11
2024-11-13,3303,岱稜,其他電子類,移出,掉出掃描母體,54.78,89.0,,7,,,,,,,,,,,,,,,,,,,,2024-11
2024-11-13,2330,台積電,半導體業,移出,掉出掃描母體,1023.09,70.0,,5,,,,,,,,,,,,,,,,,,,,2024-11
2024-11-13,6706,惠特,光電業,移出,晚期未觸發,169.5,98.0,,5,,,,,,,,,,,,,,,,,,,,2024-11
2024-11-14,6739,竹陞科技,其他電子業,進榜,觸發,214.89,96.0,5.0,0,,-9.3,0.0,,,,,,,220.2,2.5,-11.5,-0.3,,,,,,,2024-11
2024-11-14,6739,竹陞科技,其他電子業,觸發,進榜即觸發,214.89,96.0,5.0,0,214.89,-9.3,0.0,,,,,,,220.2,2.5,-11.5,-0.3,,,,,,,2024-11
2024-11-14,6757,台灣虎航-創,創新版股票,進榜,觸發,64.73,87.0,2.0,0,,5.8,0.0,,,,,,,65.3,0.8,4.9,-0.3,,,,,,,2024-11
2024-11-14,6757,台灣虎航-創,創新版股票,觸發,進榜即觸發,64.73,87.0,2.0,0,64.73,5.8,0.0,,,,,,,65.3,0.8,4.9,-0.3,,,,,,,2024-11
2024-11-14,9904,寶成,其他,進榜,準備,38.88,70.0,1.0,0,,0.3,0.0,,,,,,,39.1,0.7,-0.3,-0.3,,,,,,,2024-11
2024-11-14,2881,富邦金,金融保險,移出,掉出掃描母體,81.69,73.0,,80,,,,,,,,,,,,,,,,,,,,2024-11
2024-11-15,1442,名軒,建材營造,進榜,觸發,66.53,74.0,3.0,0,,5.6,-1.3,,,,,,,66.6,0.1,5.4,-1.3,,,,,,,2024-11
2024-11-15,1442,名軒,建材營造,觸發,進榜即觸發,66.53,74.0,3.0,0,66.53,5.6,-1.3,,,,,,,66.6,0.1,5.4,-1.3,,,,,,,2024-11
2024-11-15,2881,富邦金,金融保險,進榜,準備,81.69,75.0,1.0,0,,2.9,-1.3,,,,,,,82.3,0.8,2.1,-1.3,,,,,,,2024-11
2024-11-15,9904,寶成,其他,移出,掉出掃描母體,38.88,70.0,,1,,,,,,,,,,,,,,,,,,,,2024-11
2024-11-15,6937,天虹,電子工業,移出,晚期未觸發,323.46,89.0,,37,,,,,,,,,,,,,,,,,,,,2024-11
2024-11-15,8032,光菱,電子通路業,移出,離高點太遠,73.82,99.0,,10,,,,,,,,,,,,,,,,,,,,2024-11
2024-11-15,6739,竹陞科技,其他電子業,移出,突破失敗,193.54,94.0,,1,,,,,,,,,,,,,,,,,,,,2024-11
2024-11-18,2504,國產,建材營造,進榜,準備,48.14,72.0,3.0,0,,-7.2,-1.6,,,,,,,47.8,-0.7,-6.5,-1.9,,,,,,,2024-11
2024-11-18,2618,長榮航,航運業,進榜,準備,36.87,71.0,1.0,0,,6.3,-1.6,,,,,,,36.9,0.0,6.3,-1.9,,,,,,,2024-11
2024-11-18,2881,富邦金,金融保險,移出,掉出掃描母體,81.69,75.0,,3,,,,,,,,,,,,,,,,,,,,2024-11
2024-11-18,3013,晟銘電,電子工業,移出,離高點太遠,145.7,92.0,,56,,,,,,,,,,,,,,,,,,,,2024-11
2024-11-18,3293,鈊象,文化創意業,移出,掉出掃描母體,892.75,92.0,,53,,,,,,,,,,,,,,,,,,,,2024-11
2024-11-18,4583,台灣精銳,電機機械,移出,掉出掃描母體,746.94,98.0,,31,,,,,,,,,,,,,,,,,,,,2024-11
2024-11-18,4991,環宇-KY,半導體業,移出,離高點太遠,79.51,98.0,,14,,,,,,,,,,,,,,,,,,,,2024-11
2024-11-18,2317,鴻海,其他電子業,移出,掉出掃描母體,193.97,70.0,,11,,,,,,,,,,,,,,,,,,,,2024-11
2024-11-18,4571,鈞興-KY,電機機械,移出,掉出掃描母體,159.92,86.0,,6,,,,,,,,,,,,,,,,,,,,2024-11
2024-11-19,3511,矽瑪,電子零組件業,進榜,觸發,45.15,94.0,2.0,0,,-19.2,-2.1,,,,,,,47.5,5.2,-23.2,-2.1,,,,,,,2024-11
2024-11-19,3511,矽瑪,電子零組件業,觸發,進榜即觸發,45.15,94.0,2.0,0,45.15,-19.2,-2.1,,,,,,,47.5,5.2,-23.2,-2.1,,,,,,,2024-11
2024-11-19,2603,長榮,航運業,進榜,觸發,190.02,74.0,4.0,0,,-2.1,-2.1,,,,,,,191.6,0.8,-2.9,-2.1,,,,,,,2024-11
2024-11-19,2603,長榮,航運業,觸發,進榜即觸發,190.02,74.0,4.0,0,190.02,-2.1,-2.1,,,,,,,191.6,0.8,-2.9,-2.1,,,,,,,2024-11
2024-11-19,2881,富邦金,金融保險,進榜,準備,82.05,73.0,1.0,0,,1.2,-2.1,,,,,,,81.6,-0.5,1.8,-2.1,,,,,,,2024-11
2024-11-19,1569,濱川,電腦及週邊設備業,觸發,等待後觸發,49.4,97.0,2.0,28,42.15,18.8,-2.1,,,,,,,49.4,-0.1,18.9,-2.1,,,,,,,2024-11
2024-11-20,3447,展達,電子工業,移出,離高點太遠,85.99,99.0,,22,,,,,,,,,,,,,,,,,,,,2024-11
2024-11-20,2504,國產,建材營造,移出,掉出掃描母體,48.4,71.0,,2,,,,,,,,,,,,,,,,,,,,2024-11
2024-11-20,2881,富邦金,金融保險,移出,掉出掃描母體,82.05,73.0,,1,,,,,,,,,,,,,,,,,,,,2024-11
2024-11-20,2354,鴻準,其他電子業,移出,離高點太遠,80.43,83.0,,21,,,,,,,,,,,,,,,,,,,,2024-11
2024-11-20,2603,長榮,航運業,移出,掉出掃描母體,190.02,74.0,,1,,,,,,,,,,,,,,,,,,,,2024-11
2024-11-21,2233,宇隆,汽車工業,進榜,觸發,168.29,82.0,3.0,0,,22.1,-2.5,,,,,,,173.0,2.8,18.8,-2.9,,,,,,,2024-11
2024-11-21,2233,宇隆,汽車工業,觸發,進榜即觸發,168.29,82.0,3.0,0,168.29,22.1,-2.5,,,,,,,173.0,2.8,18.8,-2.9,,,,,,,2024-11
2024-11-21,4931,新盛力,電腦及週邊設備業,進榜,準備,50.79,92.0,1.0,0,,24.6,-2.5,,,,,,,50.8,0.0,24.6,-2.9,,,,,,,2024-11
2024-11-21,4977,眾達-KY,電子工業,進榜,準備,113.23,92.0,2.0,0,,21.6,-2.5,,,,,,,114.2,0.8,20.6,-2.9,,,,,,,2024-11
2024-11-21,9904,寶成,其他,進榜,準備,39.42,74.0,1.0,0,,-8.4,-2.5,,,,,,,39.4,0.0,-8.4,-2.9,,,,,,,2024-11
2024-11-21,2618,長榮航,航運業,移出,掉出掃描母體,37.36,70.0,,3,,,,,,,,,,,,,,,,,,,,2024-11
2024-11-22,9938,百和,其他,進榜,準備,70.88,74.0,3.0,0,,-14.3,-3.4,,,,,,,71.8,1.2,-15.4,-3.9,,,,,,,2024-11
2024-11-22,2312,金寶,其他電子業,觸發,等待後觸發,30.72,93.0,2.0,16,26.91,-16.5,-3.4,,,,,,,31.1,1.2,-17.5,-3.9,,,,,,,2024-11
2024-11-25,3029,零壹,資訊服務業,進榜,觸發,106.37,84.0,3.0,0,,19.0,-3.4,,,,,,,105.9,-0.4,19.6,-3.2,,,,,,,2024-11
2024-11-25,3029,零壹,資訊服務業,觸發,進榜即觸發,106.37,84.0,3.0,0,106.37,19.0,-3.4,,,,,,,105.9,-0.4,19.6,-3.2,,,,,,,2024-11
2024-11-25,3617,碩天,其他電子業,進榜,觸發,323.28,78.0,6.0,0,,1.5,-3.4,,,,,,,324.2,0.3,1.3,-3.2,,,,,,,2024-11
2024-11-25,3617,碩天,其他電子業,觸發,進榜即觸發,323.28,78.0,6.0,0,323.28,1.5,-3.4,,,,,,,324.2,0.3,1.3,-3.2,,,,,,,2024-11
2024-11-25,4991,環宇-KY,半導體業,進榜,準備,92.0,99.0,3.0,0,,43.9,-3.4,,,,,,,90.1,-2.0,46.8,-3.2,,,,,,,2024-11
2024-11-25,4729,熒茂,光電業,進榜,準備,33.57,93.0,3.0,0,,-25.7,-3.4,,,,,,,33.6,0.1,-25.8,-3.2,,,,,,,2024-11
2024-11-25,9904,寶成,其他,移出,掉出掃描母體,39.33,75.0,,4,,,,,,,,,,,,,,,,,,,,2024-11
2024-11-25,1708,東鹼,化學工業,移出,掉出掃描母體,38.38,71.0,,14,,,,,,,,,,,,,,,,,,,,2024-11
2024-11-26,3230,錦明,光電業,進榜,觸發,60.18,100.0,3.0,0,,-1.8,-3.1,,,,,,,60.5,0.5,-2.3,-3.1,,,,,,,2024-11
2024-11-26,3230,錦明,光電業,觸發,進榜即觸發,60.18,100.0,3.0,0,60.18,-1.8,-3.1,,,,,,,60.5,0.5,-2.3,-3.1,,,,,,,2024-11
2024-11-26,2392,正崴,電子零組件業,進榜,準備,81.56,80.0,3.0,0,,-17.7,-3.1,,,,,,,82.1,0.7,-18.2,-3.1,,,,,,,2024-11
2024-11-26,2332,友訊,通信網路業,進榜,準備,22.11,74.0,2.0,0,,13.3,-3.1,,,,,,,22.7,2.5,10.5,-3.1,,,,,,,2024-11
2024-11-26,2618,長榮航,航運業,進榜,準備,36.91,72.0,1.0,0,,11.8,-3.1,,,,,,,37.4,1.2,10.4,-3.1,,,,,,,2024-11
2024-11-26,2883,凱基金,金融保險,進榜,準備,15.82,70.0,2.0,0,,2.3,-3.1,,,,,,,15.8,-0.3,2.6,-3.1,,,,,,,2024-11
2024-11-27,4971,IET-KY,半導體業,進榜,觸發,100.29,93.0,4.0,0,,-8.3,-1.4,,,,,,,99.7,-0.6,-7.7,-1.5,,,,,,,2024-11
2024-11-27,4971,IET-KY,半導體業,觸發,進榜即觸發,100.29,93.0,4.0,0,100.29,-8.3,-1.4,,,,,,,99.7,-0.6,-7.7,-1.5,,,,,,,2024-11
2024-11-27,8240,華宏,光電業,進榜,準備,48.9,89.0,3.0,0,,-15.3,-1.4,,,,,,,50.0,2.3,-17.2,-1.5,,,,,,,2024-11
2024-11-27,2426,鼎元,光電業,進榜,準備,24.23,84.0,2.0,0,,-6.6,-1.4,,,,,,,24.0,-0.8,-5.8,-1.5,,,,,,,2024-11
2024-11-27,2404,漢唐,其他電子業,進榜,準備,381.9,74.0,1.0,0,,10.1,-1.4,,,,,,,381.0,-0.2,10.4,-1.5,,,,,,,2024-11
2024-11-27,4991,環宇-KY,半導體業,觸發,等待後觸發,100.86,100.0,3.0,2,94.46,19.5,-1.4,,,,,,,100.9,0.0,19.5,-1.5,,,,,,,2024-11
2024-11-27,2392,正崴,電子零組件業,移出,掉出掃描母體,81.56,80.0,,1,,,,,,,,,,,,,,,,,,,,2024-11
2024-11-27,2357,華碩,電子工業,移出,掉出掃描母體,551.81,72.0,,69,,,,,,,,,,,,,,,,,,,,2024-11
2024-11-27,3511,矽瑪,電子零組件業,移出,離高點太遠,42.15,93.0,,8,,,,,,,,,,,,,,,,,,,,2024-11
2024-11-27,3230,錦明,光電業,移出,離高點太遠,54.22,100.0,,1,,,,,,,,,,,,,,,,,,,,2024-11
2024-11-28,4971,IET-KY,半導體業,移出,突破失敗,90.31,89.0,,1,,,,,,,,,,,,,,,,,,,,2024-11
2024-11-29,6558,興能高,其他電子業,進榜,準備,38.04,94.0,1.0,0,,5.6,-1.4,,,,,,,39.9,4.8,0.7,-1.6,,,,,,,2024-11
2024-11-29,4763,材料*-KY,化學工業,進榜,準備,84.15,75.0,3.0,0,,3.1,-1.4,,,,,,,84.7,0.7,2.5,-1.6,,,,,,,2024-11
2024-11-29,2610,華航,航運業,進榜,準備,23.08,73.0,1.0,0,,5.6,-1.4,,,,,,,23.1,0.2,5.4,-1.6,,,,,,,2024-11
2024-11-29,2312,金寶,其他電子業,移出,離高點太遠,28.48,93.0,,23,,,,,,,,,,,,,,,,,,,,2024-11
2024-12-02,2383,台光電,電子工業,進榜,準備,495.21,74.0,2.0,0,,22.8,-1.9,,,,,,,497.2,0.4,22.3,-2.3,,,,,,,2024-12
2024-12-02,2610,華航,航運業,移出,掉出掃描母體,23.08,73.0,,3,,,,,,,,,,,,,,,,,,,,2024-12
2024-12-02,8240,華宏,光電業,移出,離高點太遠,42.41,83.0,,5,,,,,,,,,,,,,,,,,,,,2024-12
2024-12-03,2610,華航,航運業,進榜,準備,24.8,78.0,1.0,0,,-4.1,-2.4,,,,,,,24.9,0.4,-4.5,-2.5,,,,,,,2024-12
2024-12-03,2882,國泰金,金融保險,進榜,準備,63.1,75.0,1.0,0,,-0.9,-2.4,,,,,,,63.2,0.1,-1.0,-2.5,,,,,,,2024-12
2024-12-03,3526,凡甲,電子零組件業,進榜,準備,247.85,74.0,2.0,0,,-6.7,-2.4,,,,,,,249.2,0.5,-7.2,-2.5,,,,,,,2024-12
2024-12-03,2883,凱基金,金融保險,觸發,等待後觸發,16.18,78.0,2.0,7,16.13,-3.6,-2.4,,,,,,,16.2,0.0,-3.6,-2.5,,,,,,,2024-12
2024-12-03,2332,友訊,通信網路業,移出,掉出掃描母體,21.42,71.0,,7,,,,,,,,,,,,,,,,,,,,2024-12
2024-12-04,6510,精測,半導體業,進榜,觸發,820.8,95.0,1.0,0,,,,,,,,,,843.5,2.8,,,,,,,,,2024-12
2024-12-04,6510,精測,半導體業,觸發,進榜即觸發,820.8,95.0,1.0,0,820.8,,,,,,,,,843.5,2.8,,,,,,,,,2024-12
2024-12-04,6104,創惟,半導體業,進榜,觸發,158.48,91.0,4.0,0,,,,,,,,,,161.3,1.8,,,,,,,,,2024-12
2024-12-04,6104,創惟,半導體業,觸發,進榜即觸發,158.48,91.0,4.0,0,158.48,,,,,,,,,161.3,1.8,,,,,,,,,2024-12
2024-12-04,2345,智邦,通信網路業,進榜,觸發,719.81,86.0,5.0,0,,,,,,,,,,714.9,-0.7,,,,,,,,,2024-12
2024-12-04,2345,智邦,通信網路業,觸發,進榜即觸發,719.81,86.0,5.0,0,719.81,,,,,,,,,714.9,-0.7,,,,,,,,,2024-12
2024-12-04,3533,嘉澤,電子工業,進榜,觸發,1923.7,80.0,4.0,0,,,,,,,,,,1923.7,0.0,,,,,,,,,2024-12
2024-12-04,3533,嘉澤,電子工業,觸發,進榜即觸發,1923.7,80.0,4.0,0,1923.7,,,,,,,,,1923.7,0.0,,,,,,,,,2024-12
2024-12-04,3090,日電貿,電子工業,進榜,觸發,72.57,73.0,2.0,0,,,,,,,,,,73.7,1.5,,,,,,,,,2024-12
2024-12-04,3090,日電貿,電子工業,觸發,進榜即觸發,72.57,73.0,2.0,0,72.57,,,,,,,,,73.7,1.5,,,,,,,,,2024-12
2024-12-04,6859,伯特光,光電業,進榜,準備,205.9,93.0,3.0,0,,,,,,,,,,206.4,0.2,,,,,,,,,2024-12
2024-12-04,2330,台積電,半導體業,進榜,準備,1042.58,74.0,1.0,0,,,,,,,,,,1042.6,0.0,,,,,,,,,2024-12
2024-12-04,9904,寶成,其他,進榜,準備,39.37,74.0,1.0,0,,,,,,,,,,39.5,0.3,,,,,,,,,2024-12
2024-12-04,4931,新盛力,電腦及週邊設備業,觸發,等待後觸發,68.92,98.0,1.0,13,50.89,,,,,,,,,72.4,5.1,,,,,,,,,2024-12
2024-12-04,4977,眾達-KY,電子工業,觸發,等待後觸發,132.18,97.0,2.0,13,115.54,,,,,,,,,135.9,2.8,,,,,,,,,2024-12
2024-12-04,6558,興能高,其他電子業,觸發,等待後觸發,45.0,96.0,1.0,5,39.04,,,,,,,,,45.7,1.5,,,,,,,,,2024-12
2024-12-04,6561,是方,通信網路業,移出,掉出掃描母體,470.27,82.0,,28,,,,,,,,,,,,,,,,,,,,2024-12
2024-12-05,6214,精誠,資訊服務業,進榜,觸發,130.38,74.0,2.0,0,,,,,,,,,,132.7,1.7,,,,,,,,,2024-12
2024-12-05,6214,精誠,資訊服務業,觸發,進榜即觸發,130.38,74.0,2.0,0,130.38,,,,,,,,,132.7,1.7,,,,,,,,,2024-12
2024-12-05,4571,鈞興-KY,電機機械,進榜,準備,170.27,79.0,3.0,0,,,,,,,,,,169.8,-0.3,,,,,,,,,2024-12
2024-12-05,2881,富邦金,金融保險,進榜,準備,81.96,73.0,1.0,0,,,,,,,,,,81.8,-0.2,,,,,,,,,2024-12
2024-12-05,6438,迅得,其他電子類,移出,離高點太遠,186.43,94.0,,65,,,,,,,,,,,,,,,,,,,,2024-12
2024-12-05,4729,熒茂,光電業,移出,離高點太遠,30.49,89.0,,10,,,,,,,,,,,,,,,,,,,,2024-12
2024-12-06,4571,鈞興-KY,電機機械,移出,掉出掃描母體,170.27,79.0,,1,,,,,,,,,,,,,,,,,,,,2024-12
2024-12-06,8937,合騏*,其他,移出,離高點太遠,33.36,100.0,,37,,,,,,,,,,,,,,,,,,,,2024-12
2024-12-06,5243,乙盛-KY,電子工業,移出,掉出掃描母體,67.95,70.0,,25,,,,,,,,,,,,,,,,,,,,2024-12
2024-12-06,2404,漢唐,其他電子業,移出,掉出掃描母體,426.61,82.0,,9,,,,,,,,,,,,,,,,,,,,2024-12
2024-12-06,3090,日電貿,電子工業,移出,掉出掃描母體,71.54,72.0,,2,,,,,,,,,,,,,,,,,,,,2024-12
2024-12-09,6442,光聖,通信網路業,進榜,觸發,540.73,99.0,5.0,0,,,,,,,,,,534.9,-1.1,,,,,,,,,2024-12
2024-12-09,6442,光聖,通信網路業,觸發,進榜即觸發,540.73,99.0,5.0,0,540.73,,,,,,,,,534.9,-1.1,,,,,,,,,2024-12
2024-12-09,1449,佳和,紡織纖維,進榜,觸發,27.35,92.0,3.0,0,,,,,,,,,,27.4,0.0,,,,,,,,,2024-12
2024-12-09,1449,佳和,紡織纖維,觸發,進榜即觸發,27.35,92.0,3.0,0,27.35,,,,,,,,,27.4,0.0,,,,,,,,,2024-12
2024-12-09,6451,訊芯-KY,半導體業,進榜,觸發,270.19,85.0,5.0,0,,,,,,,,,,270.2,0.0,,,,,,,,,2024-12
2024-12-09,6451,訊芯-KY,半導體業,觸發,進榜即觸發,270.19,85.0,5.0,0,270.19,,,,,,,,,270.2,0.0,,,,,,,,,2024-12
2024-12-09,2609,陽明,航運業,進榜,觸發,71.4,74.0,3.0,0,,,,,,,,,,71.0,-0.6,,,,,,,,,2024-12
2024-12-09,2609,陽明,航運業,觸發,進榜即觸發,71.4,74.0,3.0,0,71.4,,,,,,,,,71.0,-0.6,,,,,,,,,2024-12
2024-12-09,5536,聖暉*,其他電子類,進榜,準備,342.62,88.0,3.0,0,,,,,,,,,,343.6,0.3,,,,,,,,,2024-12
2024-12-09,4931,新盛力,電腦及週邊設備業,移出,離高點太遠,62.42,98.0,,18,,,,,,,,,,,,,,,,,,,,2024-12
2024-12-09,2426,鼎元,光電業,移出,掉出掃描母體,23.78,74.0,,12,,,,,,,,,,,,,,,,,,,,2024-12
2024-12-09,6558,興能高,其他電子業,移出,離高點太遠,40.43,95.0,,10,,,,,,,,,,,,,,,,,,,,2024-12
2024-12-09,3526,凡甲,電子零組件業,移出,掉出掃描母體,251.79,73.0,,6,,,,,,,,,,,,,,,,,,,,2024-12
2024-12-09,6859,伯特光,光電業,移出,晚期未觸發,178.73,88.0,,5,,,,,,,,,,,,,,,,,,,,2024-12
2024-12-10,2360,致茂,其他電子業,移出,掉出掃描母體,401.29,87.0,,88,,,,,,,,,,,,,,,,,,,,2024-12
2024-12-10,3211,順達,電腦及週邊設備業,移出,離高點太遠,184.09,98.0,,29,,,,,,,,,,,,,,,,,,,,2024-12
2024-12-10,2233,宇隆,汽車工業,移出,離高點太遠,162.65,77.0,,19,,,,,,,,,,,,,,,,,,,,2024-12
2024-12-10,4991,環宇-KY,半導體業,移出,離高點太遠,94.76,99.0,,15,,,,,,,,,,,,,,,,,,,,2024-12
2024-12-10,1449,佳和,紡織纖維,移出,突破失敗,24.63,89.0,,1,,,,,,,,,,,,,,,,,,,,2024-12
2024-12-10,2609,陽明,航運業,移出,掉出掃描母體,71.4,74.0,,1,,,,,,,,,,,,,,,,,,,,2024-12
2024-12-11,4571,鈞興-KY,電機機械,進榜,準備,177.8,81.0,3.0,0,,,,,,,,,,182.0,2.4,,,,,,,,,2024-12
2024-12-11,2308,台達電,電子工業,進榜,準備,405.14,71.0,2.0,0,,,,,,,,,,402.7,-0.6,,,,,,,,,2024-12
2024-12-11,2882,國泰金,金融保險,移出,掉出掃描母體,62.82,72.0,,8,,,,,,,,,,,,,,,,,,,,2024-12
2024-12-11,2330,台積電,半導體業,移出,掉出掃描母體,1037.71,74.0,,7,,,,,,,,,,,,,,,,,,,,2024-12
2024-12-12,4540,全球傳動,電機機械,進榜,觸發,50.4,82.0,3.0,0,,,,,,,,,,51.6,2.4,,,,,,,,,2024-12
2024-12-12,4540,全球傳動,電機機械,觸發,進榜即觸發,50.4,82.0,3.0,0,50.4,,,,,,,,,51.6,2.4,,,,,,,,,2024-12
2024-12-12,2330,台積電,半導體業,進榜,準備,1036.8,74.0,1.0,0,,,,,,,,,,1036.8,0.0,,,,,,,,,2024-12
2024-12-12,2882,國泰金,金融保險,進榜,準備,63.74,72.0,1.0,0,,,,,,,,,,63.5,-0.4,,,,,,,,,2024-12
2024-12-12,9938,百和,其他,移出,掉出掃描母體,69.91,76.0,,20,,,,,,,,,,,,,,,,,,,,2024-12
2024-12-12,6451,訊芯-KY,半導體業,移出,突破失敗,245.77,79.0,,3,,,,,,,,,,,,,,,,,,,,2024-12
2024-12-13,2454,聯發科,半導體業,進榜,觸發,1320.79,72.0,3.0,0,,,,,,,,,,1344.2,1.8,,,,,,,,,2024-12
2024-12-13,2454,聯發科,半導體業,觸發,進榜即觸發,1320.79,72.0,3.0,0,1320.79,,,,,,,,,1344.2,1.8,,,,,,,,,2024-12
2024-12-13,2885,元大金,金融保險,進榜,準備,30.34,71.0,1.0,0,,,,,,,,,,30.3,0.0,,,,,,,,,2024-12
2024-12-13,1569,濱川,電腦及週邊設備業,移出,離高點太遠,60.0,100.0,,52,,,,,,,,,,,,,,,,,,,,2024-12
2024-12-13,6768,志強-KY,其他,移出,離高點太遠,116.4,90.0,,39,,,,,,,,,,,,,,,,,,,,2024-12
2024-12-13,3706,神達,電子工業,移出,離高點太遠,69.93,96.0,,32,,,,,,,,,,,,,,,,,,,,2024-12
2024-12-16,2891,中信金,金融保險,進榜,準備,36.45,72.0,1.0,0,,,,,,,,,,36.3,-0.4,,,,,,,,,2024-12
2024-12-16,6104,創惟,半導體業,移出,突破失敗,145.51,92.0,,12,,,,,,,,,,,,,,,,,,,,2024-12
2024-12-16,6214,精誠,資訊服務業,移出,離高點太遠,131.29,75.0,,11,,,,,,,,,,,,,,,,,,,,2024-12
2024-12-17,3019,亞光,光電業,進榜,觸發,136.11,97.0,4.0,0,,,,,,,,,,140.8,3.5,,,,,,,,,2024-12
2024-12-17,3019,亞光,光電業,觸發,進榜即觸發,136.11,97.0,4.0,0,136.11,,,,,,,,,140.8,3.5,,,,,,,,,2024-12
2024-12-17,4571,鈞興-KY,電機機械,觸發,等待後觸發,192.38,86.0,3.0,6,181.09,,,,,,,,,194.7,1.2,,,,,,,,,2024-12
2024-12-17,3029,零壹,資訊服務業,移出,離高點太遠,129.4,94.0,,22,,,,,,,,,,,,,,,,,,,,2024-12
2024-12-17,2454,聯發科,半導體業,移出,掉出掃描母體,1297.37,70.0,,4,,,,,,,,,,,,,,,,,,,,2024-12
2024-12-18,2233,宇隆,汽車工業,進榜,觸發,196.97,91.0,4.0,0,,,,,,,,,,190.9,-3.1,,,,,,,,,2024-12
2024-12-18,2233,宇隆,汽車工業,觸發,進榜即觸發,196.97,91.0,4.0,0,196.97,,,,,,,,,190.9,-3.1,,,,,,,,,2024-12
2024-12-18,2357,華碩,電子工業,進榜,準備,544.65,79.0,3.0,0,,,,,,,,,,534.8,-1.8,,,,,,,,,2024-12
2024-12-18,2383,台光電,電子工業,觸發,等待後觸發,604.28,86.0,2.0,16,495.21,,,,,,,,,592.5,-2.0,,,,,,,,,2024-12
2024-12-18,3665,貿聯-KY,其他電子業,移出,離高點太遠,590.76,97.0,,83,,,,,,,,,,,,,,,,,,,,2024-12
2024-12-19,8111,立碁,光電業,進榜,觸發,50.76,98.0,5.0,0,,,,,,,,,,52.0,2.5,,,,,,,,,2024-12
2024-12-19,8111,立碁,光電業,觸發,進榜即觸發,50.76,98.0,5.0,0,50.76,,,,,,,,,52.0,2.5,,,,,,,,,2024-12
2024-12-19,4991,環宇-KY,半導體業,進榜,準備,114.64,100.0,3.0,0,,,,,,,,,,114.6,0.0,,,,,,,,,2024-12
2024-12-19,6691,洋基工程,其他電子業,進榜,準備,302.27,80.0,3.0,0,,,,,,,,,,298.9,-1.1,,,,,,,,,2024-12
2024-12-19,2454,聯發科,半導體業,進榜,準備,1330.16,72.0,3.0,0,,,,,,,,,,1330.2,0.0,,,,,,,,,2024-12
2024-12-19,2882,國泰金,金融保險,移出,掉出掃描母體,63.0,74.0,,7,,,,,,,,,,,,,,,,,,,,2024-12
2024-12-19,1442,名軒,建材營造,移出,掉出掃描母體,66.99,74.0,,34,,,,,,,,,,,,,,,,,,,,2024-12
2024-12-19,9904,寶成,其他,移出,掉出掃描母體,37.7,76.0,,15,,,,,,,,,,,,,,,,,,,,2024-12
2024-12-19,2881,富邦金,金融保險,移出,掉出掃描母體,82.5,77.0,,14,,,,,,,,,,,,,,,,,,,,2024-12
2024-12-20,6215,和椿,其他電子業,進榜,觸發,81.58,89.0,5.0,0,,,,,,,,,,84.5,3.6,,,,,,,,,2024-12
2024-12-20,6215,和椿,其他電子業,觸發,進榜即觸發,81.58,89.0,5.0,0,81.58,,,,,,,,,84.5,3.6,,,,,,,,,2024-12
2024-12-20,2332,友訊,通信網路業,進榜,觸發,25.05,88.0,2.0,0,,,,,,,,,,25.9,3.6,,,,,,,,,2024-12
2024-12-20,2332,友訊,通信網路業,觸發,進榜即觸發,25.05,88.0,2.0,0,25.05,,,,,,,,,25.9,3.6,,,,,,,,,2024-12
2024-12-20,3147,大綜,資訊服務業,進榜,觸發,143.64,83.0,4.0,0,,,,,,,,,,147.9,2.9,,,,,,,,,2024-12
2024-12-20,3147,大綜,資訊服務業,觸發,進榜即觸發,143.64,83.0,4.0,0,143.64,,,,,,,,,147.9,2.9,,,,,,,,,2024-12
2024-12-20,2330,台積電,半導體業,移出,掉出掃描母體,1046.59,75.0,,8,,,,,,,,,,,,,,,,,,,,2024-12
2024-12-20,2885,元大金,金融保險,移出,掉出掃描母體,30.17,73.0,,7,,,,,,,,,,,,,,,,,,,,2024-12
2024-12-20,2891,中信金,金融保險,移出,掉出掃描母體,36.0,73.0,,4,,,,,,,,,,,,,,,,,,,,2024-12
2024-12-20,6757,台灣虎航-創,創新版股票,移出,離高點太遠,65.53,86.0,,36,,,,,,,,,,,,,,,,,,,,2024-12
2024-12-20,2883,凱基金,金融保險,移出,掉出掃描母體,15.86,74.0,,24,,,,,,,,,,,,,,,,,,,,2024-12
2024-12-20,2357,華碩,電子工業,移出,掉出掃描母體,538.39,79.0,,2,,,,,,,,,,,,,,,,,,,,2024-12
2024-12-23,3230,錦明,光電業,進榜,觸發,62.57,100.0,3.0,0,,,,,,,,,,63.5,1.4,,,,,,,,,2024-12
2024-12-23,3230,錦明,光電業,觸發,進榜即觸發,62.57,100.0,3.0,0,62.57,,,,,,,,,63.5,1.4,,,,,,,,,2024-12
2024-12-23,4576,大銀微系統,電機機械,進榜,觸發,140.24,95.0,4.0,0,,,,,,,,,,142.2,1.4,,,,,,,,,2024-12
2024-12-23,4576,大銀微系統,電機機械,觸發,進榜即觸發,140.24,95.0,4.0,0,140.24,,,,,,,,,142.2,1.4,,,,,,,,,2024-12
2024-12-23,2357,華碩,電子工業,進榜,準備,550.02,78.0,3.0,0,,,,,,,,,,550.0,0.0,,,,,,,,,2024-12
2024-12-23,2882,國泰金,金融保險,進榜,準備,63.19,74.0,1.0,0,,,,,,,,,,63.2,0.0,,,,,,,,,2024-12
2024-12-23,6279,胡連,電子零組件業,進榜,準備,169.52,72.0,3.0,0,,,,,,,,,,169.5,0.0,,,,,,,,,2024-12
2024-12-23,2891,中信金,金融保險,進榜,準備,35.91,71.0,1.0,0,,,,,,,,,,36.0,0.1,,,,,,,,,2024-12
2024-12-23,2330,台積電,半導體業,進榜,準備,1056.37,70.0,1.0,0,,,,,,,,,,1071.0,1.4,,,,,,,,,2024-12
2024-12-23,4991,環宇-KY,半導體業,觸發,等待後觸發,132.35,100.0,3.0,4,114.64,,,,,,,,,134.8,1.9,,,,,,,,,2024-12
2024-12-23,2308,台達電,電子工業,移出,掉出掃描母體,402.69,74.0,,12,,,,,,,,,,,,,,,,,,,,2024-12
2024-12-23,2454,聯發科,半導體業,移出,掉出掃描母體,1302.06,71.0,,4,,,,,,,,,,,,,,,,,,,,2024-12
2024-12-24,4583,台灣精銳,電機機械,進榜,觸發,864.32,99.0,4.0,0,,,,,,,,,,897.3,3.8,,,,,,,,,2024-12
2024-12-24,4583,台灣精銳,電機機械,觸發,進榜即觸發,864.32,99.0,4.0,0,864.32,,,,,,,,,897.3,3.8,,,,,,,,,2024-12
2024-12-24,3088,艾訊,電腦及週邊設備業,進榜,準備,109.63,83.0,3.0,0,,,,,,,,,,112.0,2.1,,,,,,,,,2024-12
2024-12-24,4549,桓達,電機機械,進榜,準備,177.52,81.0,2.0,0,,,,,,,,,,181.2,2.1,,,,,,,,,2024-12
2024-12-24,2883,凱基金,金融保險,進榜,準備,16.18,74.0,2.0,0,,,,,,,,,,16.2,0.0,,,,,,,,,2024-12
2024-12-24,2308,台達電,電子工業,進榜,準備,415.89,72.0,2.0,0,,,,,,,,,,415.4,-0.1,,,,,,,,,2024-12
2024-12-24,6279,胡連,電子零組件業,移出,掉出掃描母體,169.52,72.0,,1,,,,,,,,,,,,,,,,,,,,2024-12
2024-12-25,2328,廣宇,電子零組件業,進榜,觸發,41.37,76.0,1.0,0,,,,,,,,,,43.1,4.2,,,,,,,,,2024-12
2024-12-25,2328,廣宇,電子零組件業,觸發,進榜即觸發,41.37,76.0,1.0,0,41.37,,,,,,,,,43.1,4.2,,,,,,,,,2024-12
2024-12-25,1597,直得,電機機械,進榜,準備,112.47,91.0,3.0,0,,,,,,,,,,112.5,0.0,,,,,,,,,2024-12
2024-12-25,4974,亞泰,電子零組件業,進榜,準備,103.54,89.0,2.0,0,,,,,,,,,,108.9,5.2,,,,,,,,,2024-12
2024-12-25,4549,桓達,電機機械,觸發,等待後觸發,194.99,87.0,2.0,1,181.2,,,,,,,,,199.6,2.4,,,,,,,,,2024-12
2024-12-25,2891,中信金,金融保險,移出,掉出掃描母體,35.95,71.0,,2,,,,,,,,,,,,,,,,,,,,2024-12
2024-12-25,2308,台達電,電子工業,移出,掉出掃描母體,415.89,72.0,,1,,,,,,,,,,,,,,,,,,,,2024-12
2024-12-25,4763,材料*-KY,化學工業,移出,掉出掃描母體,87.87,74.0,,26,,,,,,,,,,,,,,,,,,,,2024-12
2024-12-26,4931,新盛力,電腦及週邊設備業,進榜,準備,73.18,99.0,2.0,0,,,,,,,,,,75.6,3.3,,,,,,,,,2024-12
2024-12-26,6670,復盛應用,其他,進榜,準備,286.96,74.0,1.0,0,,,,,,,,,,285.2,-0.6,,,,,,,,,2024-12
2024-12-26,4974,亞泰,電子零組件業,觸發,等待後觸發,113.81,93.0,2.0,1,103.54,,,,,,,,,115.6,1.6,,,,,,,,,2024-12
2024-12-27,6005,群益證,金融保險,進榜,準備,20.89,72.0,2.0,0,,,,,,,,,,20.8,-0.4,,,,,,,,,2024-12
2024-12-27,2308,台達電,電子工業,進榜,準備,421.75,70.0,2.0,0,,,,,,,,,,421.3,-0.1,,,,,,,,,2024-12
2024-12-27,2891,中信金,金融保險,進榜,準備,36.04,70.0,1.0,0,,,,,,,,,,36.1,0.1,,,,,,,,,2024-12
2024-12-30,6854,錼創科技-KY創,創新版股票,進榜,觸發,184.62,99.0,2.0,0,,,,,,,,,,186.6,1.1,,,,,,,,,2024-12
2024-12-30,6854,錼創科技-KY創,創新版股票,觸發,進榜即觸發,184.62,99.0,2.0,0,184.62,,,,,,,,,186.6,1.1,,,,,,,,,2024-12
2024-12-30,3088,艾訊,電腦及週邊設備業,移出,晚期未觸發,102.17,79.0,,6,,,,,,,,,,,,,,,,,,,,2024-12
2024-12-30,2883,凱基金,金融保險,移出,掉出掃描母體,15.91,73.0,,6,,,,,,,,,,,,,,,,,,,,2024-12
2024-12-31,8937,合騏*,其他,進榜,準備,37.11,100.0,3.0,0,,,,,,,,,,,,,,,,,,,,2024-12
2024-12-31,2882,國泰金,金融保險,移出,掉出掃描母體,63.37,74.0,,8,,,,,,,,,,,,,,,,,,,,2024-12
2024-12-31,6005,群益證,金融保險,移出,掉出掃描母體,21.3,75.0,,4,,,,,,,,,,,,,,,,,,,,2024-12
2024-12-31,2308,台達電,電子工業,移出,掉出掃描母體,424.69,72.0,,4,,,,,,,,,,,,,,,,,,,,2024-12
2024-12-31,2328,廣宇,電子零組件業,移出,掉出掃描母體,38.98,71.0,,6,,,,,,,,,,,,,,,,,,,,2024-12
