日期,代號,名稱,產業,事件,原因,收盤,RS,底部序,在榜天數,報酬20D,基準20D,報酬60D,基準60D,次日開盤,跳空%,報酬20D開,基準20D開,報酬60D開,基準60D開,月
2020-01-02,4935,茂林-KY,光電業,進榜,準備,90.65,99.0,3.0,0,2.3,-6.2,-10.2,-18.5,88.5,-2.3,4.8,-6.4,-8.0,-18.8,2020-01
2020-01-02,6170,統振,通信網路業,進榜,準備,13.29,85.0,2.0,0,-15.1,-6.2,-29.5,-18.5,13.3,-0.3,-14.9,-6.4,-29.3,-18.8,2020-01
2020-01-02,6452,康友-KY,生技醫療業,進榜,準備,225.0,80.0,1.0,0,0.9,-6.2,-31.1,-18.5,231.0,2.7,-1.7,-6.4,-32.9,-18.8,2020-01
2020-01-02,6261,久元,半導體業,進榜,準備,35.63,76.0,1.0,0,-8.6,-6.2,-13.1,-18.5,36.0,1.1,-9.6,-6.4,-14.1,-18.8,2020-01
2020-01-02,2455,全新,通信網路業,進榜,準備,104.43,74.0,2.0,0,-15.4,-6.2,-31.3,-18.5,103.6,-0.8,-14.8,-6.4,-30.7,-18.8,2020-01
2020-01-02,2393,億光,電子工業,進榜,準備,23.22,72.0,1.0,0,-2.4,-6.2,-22.0,-18.5,23.4,0.6,-3.0,-6.4,-22.4,-18.8,2020-01
2020-01-02,3144,新揚科,電子零組件業,移出,掉出掃描母體,33.63,72.0,,6,,,,,,,,,,,2020-01
2020-01-02,2929,淘帝-KY,貿易百貨,移出,掉出掃描母體,81.45,70.0,,2,,,,,,,,,,,2020-01
2020-01-02,9946,三發地產,建材營造,移出,逾期,17.76,81.0,,56,,,,,,,,,,,2020-01
2020-01-02,6005,群益證,金融保險,移出,掉出掃描母體,6.4,73.0,,2,,,,,,,,,,,2020-01
2020-01-03,2317,鴻海,其他電子業,進榜,準備,69.64,73.0,1.0,0,-9.5,-4.9,-19.3,-17.2,69.3,-0.5,-9.0,-4.7,-18.9,-17.0,2020-01
2020-01-03,3530,晶相光,半導體業,進榜,準備,100.42,73.0,2.0,0,-9.1,-4.9,-21.7,-17.2,100.4,0.0,-9.1,-4.7,-21.7,-17.0,2020-01
2020-01-03,2344,華邦電,半導體業,進榜,準備,17.82,71.0,2.0,0,-17.6,-4.9,-36.4,-17.2,17.9,0.5,-18.0,-4.7,-36.8,-17.0,2020-01
2020-01-03,6452,康友-KY,生技醫療業,觸發,等待後觸發,234.5,85.0,1.0,1,-2.8,-4.9,-34.1,-17.2,236.0,0.6,-3.4,-4.7,-34.5,-17.0,2020-01
2020-01-03,5469,瀚宇博,電子零組件業,移出,掉出掃描母體,34.28,77.0,,4,,,,,,,,,,,2020-01
2020-01-03,8182,加高,電子零組件業,移出,離高點太遠,20.47,86.0,,30,,,,,,,,,,,2020-01
2020-01-03,2504,國產,建材營造,移出,掉出掃描母體,10.17,94.0,,4,,,,,,,,,,,2020-01
2020-01-06,2455,全新,通信網路業,移出,掉出掃描母體,105.27,78.0,,4,,,,,,,,,,,2020-01
2020-01-06,2344,華邦電,半導體業,移出,掉出掃描母體,17.82,71.0,,3,,,,,,,,,,,2020-01
2020-01-06,2454,聯發科,半導體業,移出,掉出掃描母體,300.85,80.0,,95,,,,,,,,,,,2020-01
2020-01-06,4938,和碩,電子工業,移出,掉出掃描母體,45.87,79.0,,59,,,,,,,,,,,2020-01
2020-01-06,8088,品安,半導體業,移出,離高點太遠,20.07,89.0,,55,,,,,,,,,,,2020-01
2020-01-06,5607,遠雄港,航運業,移出,離高點太遠,16.82,82.0,,40,,,,,,,,,,,2020-01
2020-01-06,2421,建準,電子工業,移出,掉出掃描母體,35.26,84.0,,28,,,,,,,,,,,2020-01
2020-01-06,3014,聯陽,半導體業,移出,掉出掃描母體,28.01,71.0,,28,,,,,,,,,,,2020-01
2020-01-06,6138,茂達,半導體業,移出,掉出掃描母體,55.61,83.0,,27,,,,,,,,,,,2020-01
2020-01-06,3438,類比科,半導體業,移出,離高點太遠,42.79,95.0,,26,,,,,,,,,,,2020-01
2020-01-06,6239,力成,半導體業,移出,掉出掃描母體,69.8,75.0,,26,,,,,,,,,,,2020-01
2020-01-06,3131,弘塑,其他電子類,移出,離高點太遠,202.42,97.0,,26,,,,,,,,,,,2020-01
2020-01-06,3317,尼克森,半導體業,移出,掉出掃描母體,30.71,82.0,,26,,,,,,,,,,,2020-01
2020-01-07,8996,高力,電機機械,進榜,準備,56.84,93.0,1.0,0,10.4,-3.5,-4.8,-14.9,57.9,1.9,8.4,-3.3,-6.5,-14.9,2020-01
2020-01-07,2929,淘帝-KY,貿易百貨,進榜,準備,80.16,73.0,1.0,0,-15.5,-3.5,-26.7,-14.9,79.3,-1.1,-14.6,-3.3,-25.9,-14.9,2020-01
2020-01-07,2317,鴻海,其他電子業,移出,掉出掃描母體,68.8,73.0,,4,,,,,,,,,,,2020-01
2020-01-07,3530,晶相光,半導體業,移出,掉出掃描母體,102.7,79.0,,4,,,,,,,,,,,2020-01
2020-01-07,2338,光罩,半導體業,移出,掉出掃描母體,28.44,74.0,,32,,,,,,,,,,,2020-01
2020-01-07,6488,環球晶,半導體業,移出,掉出掃描母體,309.28,71.0,,26,,,,,,,,,,,2020-01
2020-01-07,2408,南亞科,半導體業,移出,掉出掃描母體,72.55,78.0,,25,,,,,,,,,,,2020-01
2020-01-07,4150,優你康,生技醫療業,移出,離高點太遠,32.6,100.0,,12,,,,,,,,,,,2020-01
2020-01-07,2392,正崴,電子零組件業,移出,掉出掃描母體,32.31,83.0,,11,,,,,,,,,,,2020-01
2020-01-07,3289,宜特,其他電子類,移出,掉出掃描母體,34.65,71.0,,8,,,,,,,,,,,2020-01
2020-01-07,2383,台光電,電子工業,移出,掉出掃描母體,109.84,72.0,,7,,,,,,,,,,,2020-01
2020-01-08,6409,旭隼,其他電子業,進榜,準備,631.64,81.0,1.0,0,-3.9,-2.7,-16.8,-13.3,630.8,-0.1,-3.8,-2.9,-16.6,-13.6,2020-01
2020-01-08,1513,中興電,電機機械,進榜,準備,19.95,78.0,1.0,0,9.1,-2.7,-3.0,-13.3,20.0,0.4,8.7,-2.9,-3.4,-13.6,2020-01
2020-01-08,3515,華擎,電子工業,進榜,準備,57.45,78.0,2.0,0,47.9,-2.7,52.9,-13.3,57.5,0.0,47.9,-2.9,52.9,-13.6,2020-01
2020-01-08,8996,高力,電機機械,觸發,等待後觸發,62.48,97.0,1.0,1,3.2,-2.7,-10.3,-13.3,61.4,-1.7,5.0,-2.9,-8.8,-13.6,2020-01
2020-01-08,8155,博智,電子零組件業,移出,掉出掃描母體,76.15,93.0,,23,,,,,,,,,,,2020-01
2020-01-08,4974,亞泰,電子零組件業,移出,離高點太遠,36.43,84.0,,22,,,,,,,,,,,2020-01
2020-01-08,2327,國巨*,電子工業,移出,離高點太遠,84.05,94.0,,15,,,,,,,,,,,2020-01
2020-01-08,3605,宏致,電子工業,移出,掉出掃描母體,25.26,84.0,,14,,,,,,,,,,,2020-01
2020-01-08,3687,歐買尬,文化創意業,移出,掉出掃描母體,38.13,92.0,,8,,,,,,,,,,,2020-01
2020-01-08,4935,茂林-KY,光電業,移出,離高點太遠,80.73,97.0,,6,,,,,,,,,,,2020-01
2020-01-09,1590,亞德客-KY,電機機械,進榜,觸發,422.13,86.0,2.0,0,10.5,-3.3,0.3,-13.9,431.8,2.3,8.1,-3.5,-1.9,-14.1,2020-01
2020-01-09,1590,亞德客-KY,電機機械,觸發,進榜即觸發,422.13,86.0,2.0,0,10.5,-3.3,0.3,-13.9,431.8,2.3,8.1,-3.5,-1.9,-14.1,2020-01
2020-01-09,5269,祥碩,半導體業,進榜,準備,580.2,85.0,3.0,0,40.6,-3.3,10.9,-13.9,584.6,0.8,39.5,-3.5,10.1,-14.1,2020-01
2020-01-09,2312,金寶,其他電子業,進榜,準備,12.12,84.0,2.0,0,2.1,-3.3,-18.1,-13.9,11.9,-1.8,4.0,-3.5,-16.6,-14.1,2020-01
2020-01-09,6669,緯穎,電子工業,觸發,等待後觸發,557.54,97.0,1.0,41,10.0,-3.3,-3.6,-13.9,573.8,2.9,6.9,-3.5,-6.4,-14.1,2020-01
2020-01-09,2368,金像電,電子零組件業,觸發,等待後觸發,17.63,91.0,1.0,13,-15.0,-3.3,56.3,-13.9,17.4,-1.1,-14.1,-3.5,58.0,-14.1,2020-01
2020-01-09,5274,信驊,半導體業,移出,逾期,745.94,91.0,,56,,,,,,,,,,,2020-01
2020-01-09,6288,聯嘉,汽車工業,移出,逾期,24.04,86.0,,56,,,,,,,,,,,2020-01
2020-01-10,6416,瑞祺電通,通信網路業,進榜,觸發,84.03,82.0,1.0,0,15.1,-3.6,18.5,-13.7,84.4,0.5,14.6,-4.0,18.0,-14.0,2020-01
2020-01-10,6416,瑞祺電通,通信網路業,觸發,進榜即觸發,84.03,82.0,1.0,0,15.1,-3.6,18.5,-13.7,84.4,0.5,14.6,-4.0,18.0,-14.0,2020-01
2020-01-10,4935,茂林-KY,光電業,進榜,準備,91.71,99.0,3.0,0,6.6,-3.6,-10.8,-13.7,92.4,0.8,5.7,-4.0,-11.5,-14.0,2020-01
2020-01-10,8039,台虹,電子工業,進榜,準備,36.84,76.0,3.0,0,-12.2,-3.6,-11.7,-13.7,37.2,1.0,-13.0,-4.0,-12.6,-14.0,2020-01
2020-01-10,3617,碩天,其他電子業,進榜,準備,80.04,71.0,2.0,0,-4.4,-3.6,-28.5,-13.7,80.0,0.0,-4.4,-4.0,-28.5,-14.0,2020-01
2020-01-10,2505,國揚,建材營造,觸發,等待後觸發,22.07,87.0,1.0,35,-2.5,-3.6,9.4,-13.7,21.8,-1.4,-1.1,-4.0,11.0,-14.0,2020-01
2020-01-10,6415,矽力*-KY,半導體業,觸發,等待後觸發,259.11,96.0,2.0,29,-6.5,-3.6,11.1,-13.7,272.3,5.1,-11.0,-4.0,5.7,-14.0,2020-01
2020-01-10,2929,淘帝-KY,貿易百貨,移出,掉出掃描母體,80.59,72.0,,3,,,,,,,,,,,2020-01
2020-01-10,6706,惠特,光電業,移出,離高點太遠,94.04,97.0,,21,,,,,,,,,,,2020-01
2020-01-13,6251,定穎,電子零組件業,進榜,觸發,18.62,96.0,4.0,0,-12.6,-3.7,14.3,-13.8,18.9,1.4,-13.8,-4.0,12.7,-14.2,2020-01
2020-01-13,6251,定穎,電子零組件業,觸發,進榜即觸發,18.62,96.0,4.0,0,-12.6,-3.7,14.3,-13.8,18.9,1.4,-13.8,-4.0,12.7,-14.2,2020-01
2020-01-13,4966,譜瑞-KY,半導體業,進榜,觸發,544.92,71.0,2.0,0,17.0,-3.7,8.9,-13.8,544.9,0.0,17.0,-4.0,8.9,-14.2,2020-01
2020-01-13,4966,譜瑞-KY,半導體業,觸發,進榜即觸發,544.92,71.0,2.0,0,17.0,-3.7,8.9,-13.8,544.9,0.0,17.0,-4.0,8.9,-14.2,2020-01
2020-01-13,3131,弘塑,其他電子類,進榜,準備,234.99,99.0,3.0,0,-2.8,-3.7,-23.2,-13.8,243.2,3.5,-6.1,-4.0,-25.8,-14.2,2020-01
2020-01-13,3661,世芯-KY,半導體業,進榜,準備,230.55,99.0,3.0,0,-10.7,-3.7,-0.6,-13.8,233.9,1.4,-12.0,-4.0,-2.0,-14.2,2020-01
2020-01-13,6451,訊芯-KY,半導體業,進榜,準備,147.01,88.0,2.0,0,-16.8,-3.7,-35.6,-13.8,147.0,0.0,-16.8,-4.0,-35.6,-14.2,2020-01
2020-01-13,3034,聯詠,半導體業,進榜,準備,141.26,82.0,2.0,0,-8.4,-3.7,-21.3,-13.8,142.2,0.6,-9.0,-4.0,-21.8,-14.2,2020-01
2020-01-13,4551,智伸科,汽車工業,進榜,準備,150.33,82.0,2.0,0,-5.2,-3.7,-25.2,-13.8,151.6,0.8,-6.0,-4.0,-25.8,-14.2,2020-01
2020-01-13,3376,新日興,電子零組件業,進榜,準備,103.83,71.0,3.0,0,6.3,-3.7,-9.9,-13.8,105.3,1.4,4.9,-4.0,-11.1,-14.2,2020-01
2020-01-13,6257,矽格,半導體業,進榜,準備,26.05,71.0,2.0,0,-3.9,-3.7,-6.7,-13.8,26.1,0.3,-4.2,-4.0,-7.0,-14.2,2020-01
2020-01-13,2393,億光,電子工業,觸發,等待後觸發,23.95,83.0,1.0,11,-3.0,-3.7,-17.7,-13.8,24.2,1.0,-4.0,-4.0,-18.5,-14.2,2020-01
2020-01-13,5269,祥碩,半導體業,觸發,等待後觸發,637.51,89.0,3.0,4,24.8,-3.7,4.1,-13.8,634.9,-0.4,25.3,-4.0,4.6,-14.2,2020-01
2020-01-13,3515,華擎,電子工業,移出,掉出掃描母體,57.88,76.0,,5,,,,,,,,,,,2020-01
2020-01-13,3617,碩天,其他電子業,移出,掉出掃描母體,80.04,71.0,,3,,,,,,,,,,,2020-01
2020-01-13,6269,台郡,電子工業,移出,逾期,92.81,82.0,,56,,,,,,,,,,,2020-01
2020-01-13,3551,世禾,其他電子類,移出,掉出掃描母體,39.01,75.0,,20,,,,,,,,,,,2020-01
2020-01-14,4977,眾達-KY,電子工業,進榜,觸發,88.22,75.0,3.0,0,-2.5,-3.9,-18.1,-16.2,90.8,3.0,-5.3,-4.0,-20.5,-16.4,2020-01
2020-01-14,4977,眾達-KY,電子工業,觸發,進榜即觸發,88.22,75.0,3.0,0,-2.5,-3.9,-18.1,-16.2,90.8,3.0,-5.3,-4.0,-20.5,-16.4,2020-01
2020-01-14,3687,歐買尬,文化創意業,進榜,準備,39.86,93.0,2.0,0,-5.5,-3.9,-13.7,-16.2,39.7,-0.5,-5.0,-4.0,-13.3,-16.4,2020-01
2020-01-14,5289,宜鼎,電腦及週邊設備業,進榜,準備,119.94,91.0,2.0,0,10.1,-3.9,-3.6,-16.2,121.6,1.4,8.6,-4.0,-5.0,-16.4,2020-01
2020-01-14,2404,漢唐,其他電子業,進榜,準備,132.48,80.0,3.0,0,-5.5,-3.9,-8.7,-16.2,131.8,-0.5,-5.0,-4.0,-8.3,-16.4,2020-01
2020-01-14,4967,十銓,半導體業,進榜,準備,35.02,78.0,1.0,0,25.4,-3.9,24.1,-16.2,34.9,-0.3,25.8,-4.0,24.5,-16.4,2020-01
2020-01-14,5521,工信,建材營造,進榜,準備,8.39,78.0,1.0,0,-13.2,-3.9,-13.4,-16.2,8.4,0.3,-13.4,-4.0,-13.7,-16.4,2020-01
2020-01-14,5434,崇越,電子工業,進榜,準備,78.58,75.0,1.0,0,-2.3,-3.9,-13.9,-16.2,78.6,0.0,-2.3,-4.0,-13.9,-16.4,2020-01
2020-01-14,2428,興勤,電子工業,進榜,準備,76.91,72.0,1.0,0,-9.2,-3.9,-22.7,-16.2,76.8,-0.1,-9.1,-4.0,-22.6,-16.4,2020-01
2020-01-14,5469,瀚宇博,電子零組件業,進榜,準備,33.77,72.0,3.0,0,-10.3,-3.9,-11.9,-16.2,33.8,0.0,-10.3,-4.0,-11.9,-16.4,2020-01
2020-01-14,6488,環球晶,半導體業,進榜,準備,329.36,72.0,1.0,0,11.2,-3.9,-9.8,-16.2,331.0,0.5,10.7,-4.0,-10.2,-16.4,2020-01
2020-01-14,3008,大立光,光電業,進榜,準備,4102.9,71.0,1.0,0,-9.5,-3.9,-28.6,-16.2,4063.3,-1.0,-8.6,-4.0,-27.9,-16.4,2020-01
2020-01-14,4935,茂林-KY,光電業,觸發,等待後觸發,99.15,99.0,3.0,4,-3.2,-3.9,-20.0,-16.2,99.1,0.0,-3.2,-4.0,-20.0,-16.4,2020-01
2020-01-14,6531,愛普*,半導體業,觸發,等待後觸發,44.41,99.0,1.0,28,24.6,-3.9,19.6,-16.2,45.4,2.3,21.8,-4.0,16.8,-16.4,2020-01
2020-01-14,3376,新日興,電子零組件業,移出,掉出掃描母體,103.83,71.0,,1,,,,,,,,,,,2020-01
2020-01-14,6257,矽格,半導體業,移出,掉出掃描母體,26.05,71.0,,1,,,,,,,,,,,2020-01
2020-01-14,4966,譜瑞-KY,半導體業,移出,掉出掃描母體,544.92,71.0,,1,,,,,,,,,,,2020-01
2020-01-15,3218,大學光,生技醫療業,進榜,觸發,51.53,92.0,4.0,0,20.5,-3.9,19.0,-15.6,54.1,5.0,14.8,-3.9,13.4,-15.8,2020-01
2020-01-15,3218,大學光,生技醫療業,觸發,進榜即觸發,51.53,92.0,4.0,0,20.5,-3.9,19.0,-15.6,54.1,5.0,14.8,-3.9,13.4,-15.8,2020-01
2020-01-15,6239,力成,半導體業,進榜,觸發,80.89,90.0,1.0,0,-0.9,-3.9,-16.2,-15.6,80.2,-0.9,0.0,-3.9,-15.5,-15.8,2020-01
2020-01-15,6239,力成,半導體業,觸發,進榜即觸發,80.89,90.0,1.0,0,-0.9,-3.9,-16.2,-15.6,80.2,-0.9,0.0,-3.9,-15.5,-15.8,2020-01
2020-01-15,3515,華擎,電子工業,進榜,觸發,59.61,77.0,2.0,0,29.2,-3.9,51.0,-15.6,61.2,2.7,25.9,-3.9,47.1,-15.8,2020-01
2020-01-15,3515,華擎,電子工業,觸發,進榜即觸發,59.61,77.0,2.0,0,29.2,-3.9,51.0,-15.6,61.2,2.7,25.9,-3.9,47.1,-15.8,2020-01
2020-01-15,3518,柏騰,其他電子業,進榜,準備,35.04,97.0,2.0,0,-21.3,-3.9,-29.5,-15.6,35.4,0.9,-22.0,-3.9,-30.1,-15.8,2020-01
2020-01-15,2504,國產,建材營造,進榜,準備,10.61,93.0,2.0,0,-5.5,-3.9,-20.2,-15.6,10.5,-0.7,-4.8,-3.9,-19.7,-15.8,2020-01
2020-01-15,3530,晶相光,半導體業,進榜,準備,101.79,82.0,1.0,0,-2.7,-3.9,-21.8,-15.6,102.2,0.4,-3.1,-3.9,-22.1,-15.8,2020-01
2020-01-15,6223,旺矽,半導體業,進榜,準備,67.65,81.0,3.0,0,-4.8,-3.9,-22.5,-15.6,67.6,-0.1,-4.7,-3.9,-22.4,-15.8,2020-01
2020-01-15,3376,新日興,電子零組件業,進榜,準備,106.39,76.0,3.0,0,0.7,-3.9,-14.8,-15.6,106.0,-0.3,1.0,-3.9,-14.5,-15.8,2020-01
2020-01-15,6257,矽格,半導體業,進榜,準備,26.29,71.0,2.0,0,-6.0,-3.9,-8.4,-15.6,26.3,0.1,-6.1,-3.9,-8.5,-15.8,2020-01
2020-01-15,2337,旺宏,半導體業,移出,逾期,31.68,82.0,,56,,,,,,,,,,,2020-01
2020-01-15,8039,台虹,電子工業,移出,掉出掃描母體,36.98,74.0,,5,,,,,,,,,,,2020-01
2020-01-15,3687,歐買尬,文化創意業,移出,掉出掃描母體,39.86,93.0,,1,,,,,,,,,,,2020-01
2020-01-15,5469,瀚宇博,電子零組件業,移出,掉出掃描母體,33.77,72.0,,1,,,,,,,,,,,2020-01
2020-01-15,3008,大立光,光電業,移出,掉出掃描母體,4102.9,71.0,,1,,,,,,,,,,,2020-01
2020-01-16,3413,京鼎,半導體業,進榜,準備,150.54,94.0,3.0,0,-9.7,-4.7,-27.9,-15.2,154.3,2.5,-11.9,-5.0,-29.7,-15.5,2020-01
2020-01-16,9946,三發地產,建材營造,進榜,準備,18.15,82.0,2.0,0,-26.7,-4.7,-47.7,-15.2,18.2,0.5,-27.1,-5.0,-48.0,-15.5,2020-01
2020-01-16,2049,上銀,電機機械,進榜,準備,266.39,71.0,1.0,0,0.2,-4.7,-22.9,-15.2,267.7,0.5,-0.3,-5.0,-23.3,-15.5,2020-01
2020-01-16,6121,新普,電腦及週邊設備業,進榜,準備,203.16,71.0,2.0,0,-2.7,-4.7,-2.2,-15.2,205.1,0.9,-3.6,-5.0,-3.1,-15.5,2020-01
2020-01-16,5521,工信,建材營造,觸發,等待後觸發,8.93,81.0,1.0,2,-20.7,-4.7,-17.4,-15.2,8.9,0.0,-20.7,-5.0,-17.4,-15.5,2020-01
2020-01-16,3661,世芯-KY,半導體業,觸發,等待後觸發,250.51,99.0,3.0,3,-17.5,-4.7,-9.5,-15.2,251.0,0.2,-17.6,-5.0,-9.7,-15.5,2020-01
2020-01-16,3526,凡甲,電子零組件業,移出,掉出掃描母體,68.82,71.0,,17,,,,,,,,,,,2020-01
2020-01-16,6409,旭隼,其他電子業,移出,掉出掃描母體,601.98,71.0,,8,,,,,,,,,,,2020-01
2020-01-17,4973,廣穎,半導體業,進榜,觸發,22.63,97.0,2.0,0,5.6,-5.0,-16.7,-15.2,22.6,0.0,5.6,-5.4,-16.7,-15.4,2020-01
2020-01-17,4973,廣穎,半導體業,觸發,進榜即觸發,22.63,97.0,2.0,0,5.6,-5.0,-16.7,-15.2,22.6,0.0,5.6,-5.4,-16.7,-15.4,2020-01
2020-01-17,3211,順達,電腦及週邊設備業,進榜,觸發,39.8,75.0,2.0,0,-8.5,-5.0,8.1,-15.2,40.8,2.6,-10.9,-5.4,5.4,-15.4,2020-01
2020-01-17,3211,順達,電腦及週邊設備業,觸發,進榜即觸發,39.8,75.0,2.0,0,-8.5,-5.0,8.1,-15.2,40.8,2.6,-10.9,-5.4,5.4,-15.4,2020-01
2020-01-17,2448,晶電,光電業,進榜,準備,34.0,85.0,1.0,0,-6.9,-5.0,11.6,-15.2,34.1,0.3,-7.2,-5.4,11.3,-15.4,2020-01
2020-01-17,2458,義隆,半導體業,進榜,準備,61.75,72.0,3.0,0,-9.7,-5.0,-1.2,-15.2,61.9,0.3,-10.0,-5.4,-1.5,-15.4,2020-01
2020-01-17,8021,尖點,其他電子業,進榜,準備,17.45,70.0,1.0,0,-12.2,-5.0,-19.7,-15.2,17.6,1.1,-13.1,-5.4,-20.5,-15.4,2020-01
2020-01-17,8271,宇瞻,半導體業,觸發,等待後觸發,33.17,90.0,1.0,25,-6.2,-5.0,0.8,-15.2,33.5,1.0,-7.1,-5.4,-0.2,-15.4,2020-01
2020-01-17,5434,崇越,電子工業,觸發,等待後觸發,82.15,81.0,1.0,3,-8.3,-5.0,-16.3,-15.2,82.5,0.4,-8.7,-5.4,-16.7,-15.4,2020-01
2020-01-20,6279,胡連,電子零組件業,進榜,準備,72.74,83.0,1.0,0,-15.5,-5.5,-33.3,-13.9,66.8,-8.2,-8.0,-2.2,-27.3,-10.5,2020-01
2020-01-20,6138,茂達,半導體業,進榜,準備,56.9,81.0,2.0,0,-11.2,-5.5,-18.5,-13.9,53.6,-5.8,-5.7,-2.2,-13.5,-10.5,2020-01
2020-01-20,2338,光罩,半導體業,進榜,準備,30.26,80.0,2.0,0,-14.4,-5.5,-18.0,-13.9,27.2,-10.0,-4.9,-2.2,-8.9,-10.5,2020-01
2020-01-20,4966,譜瑞-KY,半導體業,進榜,準備,573.83,76.0,3.0,0,2.4,-5.5,6.4,-13.9,548.3,-4.4,7.1,-2.2,11.3,-10.5,2020-01
2020-01-20,2732,六角,觀光事業,進榜,準備,154.45,72.0,2.0,0,-22.8,-5.5,-35.8,-13.9,139.2,-9.9,-14.4,-2.2,-28.8,-10.5,2020-01
2020-01-30,4157,太景*-KY,生技醫療業,進榜,觸發,22.25,86.0,2.0,0,-7.9,-1.6,-36.0,-8.1,22.8,2.2,-9.9,-1.7,-37.4,-8.3,2020-01
2020-01-30,4157,太景*-KY,生技醫療業,觸發,進榜即觸發,22.25,86.0,2.0,0,-7.9,-1.6,-36.0,-8.1,22.8,2.2,-9.9,-1.7,-37.4,-8.3,2020-01
2020-01-30,1762,中化生,化學生技醫療,進榜,觸發,37.48,76.0,2.0,0,-3.5,-1.6,11.0,-8.1,38.9,3.7,-7.0,-1.7,7.0,-8.3,2020-01
2020-01-30,1762,中化生,化學生技醫療,觸發,進榜即觸發,37.48,76.0,2.0,0,-3.5,-1.6,11.0,-8.1,38.9,3.7,-7.0,-1.7,7.0,-8.3,2020-01
2020-01-30,4142,國光生,化學生技醫療,進榜,觸發,27.4,71.0,2.0,0,-1.8,-1.6,5.8,-8.1,27.5,0.4,-2.2,-1.7,5.4,-8.3,2020-01
2020-01-30,4142,國光生,化學生技醫療,觸發,進榜即觸發,27.4,71.0,2.0,0,-1.8,-1.6,5.8,-8.1,27.5,0.4,-2.2,-1.7,5.4,-8.3,2020-01
2020-01-30,2207,和泰車,汽車工業,移出,掉出掃描母體,568.31,87.0,,69,,,,,,,,,,,2020-01
2020-01-30,6251,定穎,電子零組件業,移出,掉出掃描母體,19.09,95.0,,17,,,,,,,,,,,2020-01
2020-01-30,3034,聯詠,半導體業,移出,掉出掃描母體,140.04,82.0,,17,,,,,,,,,,,2020-01
2020-01-30,5521,工信,建材營造,移出,突破失敗,7.9,77.0,,16,,,,,,,,,,,2020-01
2020-01-30,5434,崇越,電子工業,移出,掉出掃描母體,81.44,79.0,,16,,,,,,,,,,,2020-01
2020-01-30,6257,矽格,半導體業,移出,掉出掃描母體,26.22,72.0,,15,,,,,,,,,,,2020-01
2020-01-30,9946,三發地產,建材營造,移出,掉出掃描母體,18.09,81.0,,14,,,,,,,,,,,2020-01
2020-01-30,2458,義隆,半導體業,移出,掉出掃描母體,61.56,71.0,,13,,,,,,,,,,,2020-01
2020-01-30,8021,尖點,其他電子業,移出,掉出掃描母體,17.68,71.0,,13,,,,,,,,,,,2020-01
2020-01-30,6138,茂達,半導體業,移出,掉出掃描母體,56.9,81.0,,10,,,,,,,,,,,2020-01
2020-01-30,2338,光罩,半導體業,移出,掉出掃描母體,30.26,80.0,,10,,,,,,,,,,,2020-01
2020-01-30,2732,六角,觀光事業,移出,掉出掃描母體,154.45,72.0,,10,,,,,,,,,,,2020-01
2020-01-30,6278,台表科,光電業,移出,掉出掃描母體,83.45,93.0,,98,,,,,,,,,,,2020-01
2020-01-30,3653,健策,電子工業,移出,掉出掃描母體,186.11,96.0,,94,,,,,,,,,,,2020-01
2020-01-30,6196,帆宣,其他電子業,移出,掉出掃描母體,68.79,94.0,,93,,,,,,,,,,,2020-01
2020-01-30,2330,台積電,半導體業,移出,掉出掃描母體,293.29,75.0,,87,,,,,,,,,,,2020-01
2020-01-30,6426,統新,通信網路業,移出,掉出掃描母體,143.09,92.0,,77,,,,,,,,,,,2020-01
2020-01-30,3042,晶技,電子工業,移出,掉出掃描母體,32.98,77.0,,51,,,,,,,,,,,2020-01
2020-01-30,3056,富華新,建材營造,移出,掉出掃描母體,10.22,83.0,,51,,,,,,,,,,,2020-01
2020-01-30,3548,兆利,電子零組件業,移出,掉出掃描母體,71.81,84.0,,36,,,,,,,,,,,2020-01
2020-01-30,1103,嘉泥,水泥工業,移出,掉出掃描母體,16.29,77.0,,35,,,,,,,,,,,2020-01
2020-01-30,6591,動力-KY,電子工業,移出,離高點太遠,35.29,82.0,,35,,,,,,,,,,,2020-01
2020-01-30,2368,金像電,電子零組件業,移出,掉出掃描母體,17.34,81.0,,34,,,,,,,,,,,2020-01
2020-01-30,9802,鈺齊-KY,其他,移出,晚期未觸發,95.95,93.0,,31,,,,,,,,,,,2020-01
2020-01-30,5347,世界,半導體業,移出,掉出掃描母體,58.67,76.0,,31,,,,,,,,,,,2020-01
2020-01-30,2456,奇力新,電子零組件業,移出,離高點太遠,113.55,93.0,,31,,,,,,,,,,,2020-01
2020-01-30,3152,璟德,通信網路業,移出,離高點太遠,427.2,89.0,,31,,,,,,,,,,,2020-01
2020-01-30,6261,久元,半導體業,移出,掉出掃描母體,34.36,72.0,,28,,,,,,,,,,,2020-01
2020-01-30,6452,康友-KY,生技醫療業,移出,掉出掃描母體,223.5,75.0,,28,,,,,,,,,,,2020-01
2020-01-30,3131,弘塑,其他電子類,移出,離高點太遠,218.09,99.0,,17,,,,,,,,,,,2020-01
2020-01-30,6451,訊芯-KY,半導體業,移出,掉出掃描母體,139.97,79.0,,17,,,,,,,,,,,2020-01
2020-01-30,2428,興勤,電子工業,移出,掉出掃描母體,76.28,73.0,,16,,,,,,,,,,,2020-01
2020-01-30,6223,旺矽,半導體業,移出,掉出掃描母體,66.98,78.0,,15,,,,,,,,,,,2020-01
2020-01-30,3530,晶相光,半導體業,移出,離高點太遠,90.83,80.0,,15,,,,,,,,,,,2020-01
2020-01-30,3413,京鼎,半導體業,移出,掉出掃描母體,146.04,92.0,,14,,,,,,,,,,,2020-01
2020-01-31,2451,創見,半導體業,進榜,準備,53.69,82.0,1.0,0,-3.7,-2.8,-13.5,-7.3,53.4,-0.6,-3.1,-0.8,-12.9,-5.1,2020-01
2020-01-31,8112,至上,電子工業,進榜,準備,18.05,73.0,1.0,0,-6.1,-2.8,13.3,-7.3,17.6,-2.3,-3.9,-0.8,16.0,-5.1,2020-01
2020-01-31,8996,高力,電機機械,移出,離高點太遠,63.98,98.0,,24,,,,,,,,,,,2020-01
2020-01-31,4551,智伸科,汽車工業,移出,掉出掃描母體,147.03,87.0,,18,,,,,,,,,,,2020-01
2020-01-31,4977,眾達-KY,電子工業,移出,掉出掃描母體,85.23,81.0,,17,,,,,,,,,,,2020-01
2020-01-31,3518,柏騰,其他電子業,移出,離高點太遠,32.22,96.0,,16,,,,,,,,,,,2020-01
2020-01-31,1762,中化生,化學生技醫療,移出,掉出掃描母體,37.48,76.0,,1,,,,,,,,,,,2020-01
2020-01-31,4142,國光生,化學生技醫療,移出,掉出掃描母體,27.4,71.0,,1,,,,,,,,,,,2020-01
2020-02-03,1752,南光,化學生技醫療,進榜,觸發,35.46,95.0,2.0,0,-10.1,0.0,-5.5,-4.0,35.8,0.9,-10.9,-0.4,-6.4,-4.6,2020-02
2020-02-03,1752,南光,化學生技醫療,觸發,進榜即觸發,35.46,95.0,2.0,0,-10.1,0.0,-5.5,-4.0,35.8,0.9,-10.9,-0.4,-6.4,-4.6,2020-02
2020-02-03,1227,佳格,食品工業,進榜,準備,53.69,82.0,1.0,0,-4.1,0.0,-5.6,-4.0,53.7,0.0,-4.1,-0.4,-5.6,-4.6,2020-02
2020-02-03,1504,東元,電機機械,進榜,準備,20.99,75.0,1.0,0,-0.6,0.0,-0.9,-4.0,21.0,0.0,-0.6,-0.4,-0.9,-4.6,2020-02
2020-02-03,2451,創見,半導體業,觸發,等待後觸發,55.02,86.0,1.0,3,-3.6,0.0,-14.9,-4.0,55.0,-0.1,-3.5,-0.4,-14.8,-4.6,2020-02
2020-02-03,8112,至上,電子工業,移出,掉出掃描母體,18.05,73.0,,3,,,,,,,,,,,2020-02
2020-02-03,6538,倉和,電子零組件業,移出,離高點太遠,129.26,100.0,,122,,,,,,,,,,,2020-02
2020-02-03,3374,精材,半導體業,移出,掉出掃描母體,71.14,95.0,,105,,,,,,,,,,,2020-02
2020-02-03,1339,昭輝,汽車工業,移出,掉出掃描母體,34.48,90.0,,38,,,,,,,,,,,2020-02
2020-02-03,3533,嘉澤,電子工業,移出,掉出掃描母體,262.8,87.0,,35,,,,,,,,,,,2020-02
2020-02-03,6170,統振,通信網路業,移出,掉出掃描母體,11.65,71.0,,32,,,,,,,,,,,2020-02
2020-02-03,3661,世芯-KY,半導體業,移出,掉出掃描母體,219.14,99.0,,21,,,,,,,,,,,2020-02
2020-02-03,2504,國產,建材營造,移出,掉出掃描母體,10.68,95.0,,19,,,,,,,,,,,2020-02
2020-02-04,9919,康那香,其他,進榜,觸發,16.58,98.0,2.0,0,9.4,-1.4,75.1,-6.2,17.2,3.9,5.3,-1.7,68.5,-6.6,2020-02
2020-02-04,9919,康那香,其他,觸發,進榜即觸發,16.58,98.0,2.0,0,9.4,-1.4,75.1,-6.2,17.2,3.9,5.3,-1.7,68.5,-6.6,2020-02
2020-02-04,1514,亞力,電機機械,進榜,觸發,15.2,87.0,1.0,0,-12.7,-1.4,-13.6,-6.2,15.2,0.0,-12.7,-1.7,-13.6,-6.6,2020-02
2020-02-04,1514,亞力,電機機械,觸發,進榜即觸發,15.2,87.0,1.0,0,-12.7,-1.4,-13.6,-6.2,15.2,0.0,-12.7,-1.7,-13.6,-6.6,2020-02
2020-02-04,1504,東元,電機機械,移出,掉出掃描母體,20.99,75.0,,1,,,,,,,,,,,2020-02
2020-02-05,2337,旺宏,半導體業,進榜,準備,32.91,88.0,1.0,0,-13.0,-0.8,-9.4,-5.7,32.9,0.0,-13.0,-1.2,-9.4,-6.1,2020-02
2020-02-05,2885,元大金,金融保險,進榜,準備,12.72,72.0,0.0,0,-3.5,-0.8,-18.1,-5.7,12.8,0.2,-3.7,-1.2,-18.3,-6.1,2020-02
2020-02-05,2505,國揚,建材營造,移出,離高點太遠,22.56,94.0,,61,,,,,,,,,,,2020-02
2020-02-05,3406,玉晶光,光電業,移出,離高點太遠,438.21,85.0,,55,,,,,,,,,,,2020-02
2020-02-05,4935,茂林-KY,光電業,移出,離高點太遠,89.94,99.0,,26,,,,,,,,,,,2020-02
2020-02-06,8926,台汽電,油電燃氣業,進榜,準備,22.49,84.0,0.0,0,-1.0,-2.2,-2.9,-6.5,22.4,-0.4,-0.6,-2.1,-2.5,-6.4,2020-02
2020-02-06,2303,聯電,半導體業,進榜,準備,11.48,78.0,1.0,0,-4.9,-2.2,-5.8,-6.5,11.4,-0.3,-4.6,-2.1,-5.6,-6.4,2020-02
2020-02-06,3189,景碩,半導體業,進榜,準備,42.95,74.0,2.0,0,2.7,-2.2,0.6,-6.5,42.9,0.0,2.7,-2.1,0.6,-6.4,2020-02
2020-02-06,2337,旺宏,半導體業,觸發,等待後觸發,33.44,88.0,1.0,1,-14.5,-2.2,-12.7,-6.5,33.0,-1.5,-13.3,-2.1,-11.4,-6.4,2020-02
2020-02-06,2885,元大金,金融保險,移出,掉出掃描母體,12.72,72.0,,1,,,,,,,,,,,2020-02
2020-02-06,9919,康那香,其他,移出,離高點太遠,14.47,95.0,,2,,,,,,,,,,,2020-02
2020-02-07,6166,凌華,電腦及週邊設備業,進榜,觸發,49.74,74.0,3.0,0,1.3,-3.4,17.3,-4.4,49.5,-0.5,1.8,-2.8,17.9,-3.9,2020-02
2020-02-07,6166,凌華,電腦及週邊設備業,觸發,進榜即觸發,49.74,74.0,3.0,0,1.3,-3.4,17.3,-4.4,49.5,-0.5,1.8,-2.8,17.9,-3.9,2020-02
2020-02-07,4142,國光生,化學生技醫療,進榜,準備,27.25,75.0,2.0,0,17.1,-3.4,45.3,-4.4,28.7,5.5,11.0,-2.8,37.8,-3.9,2020-02
2020-02-07,3189,景碩,半導體業,移出,掉出掃描母體,42.95,74.0,,1,,,,,,,,,,,2020-02
2020-02-07,8210,勤誠,電子工業,移出,離高點太遠,79.91,93.0,,81,,,,,,,,,,,2020-02
2020-02-07,2393,億光,電子工業,移出,掉出掃描母體,25.15,89.0,,36,,,,,,,,,,,2020-02
2020-02-07,1514,亞力,電機機械,移出,突破失敗,13.96,80.0,,3,,,,,,,,,,,2020-02
2020-02-10,8155,博智,電子零組件業,進榜,觸發,86.49,95.0,2.0,0,33.6,-3.0,47.3,-3.8,88.8,2.7,30.2,-3.2,43.5,-4.1,2020-02
2020-02-10,8155,博智,電子零組件業,觸發,進榜即觸發,86.49,95.0,2.0,0,33.6,-3.0,47.3,-3.8,88.8,2.7,30.2,-3.2,43.5,-4.1,2020-02
2020-02-10,2345,智邦,通信網路業,進榜,觸發,159.54,84.0,4.0,0,-5.8,-3.0,15.4,-3.8,161.7,1.4,-7.1,-3.2,13.9,-4.1,2020-02
2020-02-10,2345,智邦,通信網路業,觸發,進榜即觸發,159.54,84.0,4.0,0,-5.8,-3.0,15.4,-3.8,161.7,1.4,-7.1,-3.2,13.9,-4.1,2020-02
2020-02-10,2885,元大金,金融保險,進榜,準備,12.85,70.0,0.0,0,-9.3,-3.0,-19.6,-3.8,12.8,0.0,-9.3,-3.2,-19.6,-4.1,2020-02
2020-02-10,6531,愛普*,半導體業,移出,離高點太遠,45.22,100.0,,55,,,,,,,,,,,2020-02
2020-02-10,2404,漢唐,其他電子業,移出,掉出掃描母體,122.57,76.0,,27,,,,,,,,,,,2020-02
2020-02-10,6121,新普,電腦及週邊設備業,移出,掉出掃描母體,200.63,84.0,,25,,,,,,,,,,,2020-02
2020-02-10,2448,晶電,光電業,移出,掉出掃描母體,33.0,83.0,,24,,,,,,,,,,,2020-02
2020-02-10,3211,順達,電腦及週邊設備業,移出,掉出掃描母體,37.73,79.0,,24,,,,,,,,,,,2020-02
2020-02-10,6279,胡連,電子零組件業,移出,掉出掃描母體,65.52,81.0,,21,,,,,,,,,,,2020-02
2020-02-10,1227,佳格,食品工業,移出,掉出掃描母體,53.31,79.0,,7,,,,,,,,,,,2020-02
2020-02-11,8131,福懋科,半導體業,進榜,觸發,28.48,80.0,1.0,0,-5.7,-4.1,-6.3,-3.8,28.9,1.5,-7.1,-4.4,-7.7,-4.1,2020-02
2020-02-11,8131,福懋科,半導體業,觸發,進榜即觸發,28.48,80.0,1.0,0,-5.7,-4.1,-6.3,-3.8,28.9,1.5,-7.1,-4.4,-7.7,-4.1,2020-02
2020-02-11,5309,系統電,電子零組件業,進榜,準備,19.65,100.0,2.0,0,-19.7,-4.1,27.2,-3.8,20.0,1.9,-21.2,-4.4,24.8,-4.1,2020-02
2020-02-11,3374,精材,半導體業,進榜,準備,81.73,96.0,2.0,0,-9.2,-4.1,-3.3,-3.8,82.2,0.6,-9.7,-4.4,-3.9,-4.1,2020-02
2020-02-11,3152,璟德,通信網路業,進榜,準備,469.08,92.0,3.0,0,-18.6,-4.1,-5.2,-3.8,464.9,-0.9,-17.9,-4.4,-4.4,-4.1,2020-02
2020-02-11,2376,技嘉,電子工業,進榜,準備,40.0,72.0,1.0,0,-11.5,-4.1,-4.8,-3.8,40.4,1.1,-12.4,-4.4,-5.9,-4.1,2020-02
2020-02-11,2885,元大金,金融保險,移出,掉出掃描母體,12.85,70.0,,1,,,,,,,,,,,2020-02
2020-02-11,6415,矽力*-KY,半導體業,移出,離高點太遠,253.11,93.0,,61,,,,,,,,,,,2020-02
2020-02-11,4142,國光生,化學生技醫療,移出,掉出掃描母體,27.99,79.0,,4,,,,,,,,,,,2020-02
2020-02-12,2327,國巨*,電子工業,進榜,準備,97.29,98.0,1.0,0,-22.9,-9.4,-9.4,-5.0,98.4,1.1,-23.7,-9.7,-10.4,-5.3,2020-02
2020-02-12,2492,華新科,電子工業,進榜,準備,200.27,92.0,1.0,0,-26.4,-9.4,-18.6,-5.0,200.7,0.2,-26.5,-9.7,-18.7,-5.3,2020-02
2020-02-12,3056,富華新,建材營造,進榜,準備,10.03,87.0,2.0,0,-15.0,-9.4,0.3,-5.0,10.1,0.2,-15.1,-9.7,0.2,-5.3,2020-02
2020-02-12,3189,景碩,半導體業,進榜,準備,44.12,86.0,2.0,0,-16.2,-9.4,1.5,-5.0,44.1,0.0,-16.2,-9.7,1.5,-5.3,2020-02
2020-02-12,6269,台郡,電子工業,進榜,準備,97.17,78.0,2.0,0,-15.5,-9.4,-11.0,-5.0,99.9,2.9,-17.9,-9.7,-13.5,-5.3,2020-02
2020-02-12,6166,凌華,電腦及週邊設備業,移出,掉出掃描母體,49.57,73.0,,5,,,,,,,,,,,2020-02
2020-02-12,1752,南光,化學生技醫療,移出,突破失敗,32.44,86.0,,9,,,,,,,,,,,2020-02
2020-02-13,2332,友訊,通信網路業,進榜,準備,14.01,75.0,2.0,0,-29.2,-14.7,-9.3,-4.4,13.9,-1.0,-28.5,-14.8,-8.3,-4.6,2020-02
2020-02-13,3026,禾伸堂,電子工業,進榜,準備,74.06,74.0,1.0,0,-16.8,-14.7,12.7,-4.4,74.1,0.0,-16.8,-14.8,12.7,-4.6,2020-02
2020-02-13,6166,凌華,電腦及週邊設備業,進榜,準備,49.83,72.0,3.0,0,-0.5,-14.7,17.6,-4.4,49.9,0.2,-0.7,-14.8,17.4,-4.6,2020-02
2020-02-14,3545,敦泰,電子工業,進榜,觸發,28.13,79.0,2.0,0,-7.4,-17.4,9.7,-6.1,28.3,0.5,-7.9,-17.1,9.1,-6.0,2020-02
2020-02-14,3545,敦泰,電子工業,觸發,進榜即觸發,28.13,79.0,2.0,0,-7.4,-17.4,9.7,-6.1,28.3,0.5,-7.9,-17.1,9.1,-6.0,2020-02
2020-02-14,6538,倉和,電子零組件業,進榜,準備,152.47,100.0,3.0,0,6.0,-17.4,3.7,-6.1,150.3,-1.4,7.5,-17.1,5.2,-6.0,2020-02
2020-02-14,1315,達新,塑膠工業,進榜,準備,54.28,95.0,0.0,0,-19.6,-17.4,-8.3,-6.1,54.6,0.6,-20.1,-17.1,-8.9,-6.0,2020-02
2020-02-14,3450,聯鈞,其他電子業,進榜,準備,65.06,86.0,1.0,0,-18.1,-17.4,-6.0,-6.1,66.0,1.4,-19.2,-17.1,-7.3,-6.0,2020-02
2020-02-14,5483,中美晶,半導體業,進榜,準備,79.03,81.0,1.0,0,-19.9,-17.4,-18.3,-6.1,78.3,-0.9,-19.2,-17.1,-17.6,-6.0,2020-02
2020-02-14,4966,譜瑞-KY,半導體業,觸發,等待後觸發,654.59,89.0,3.0,25,-24.0,-17.4,7.0,-6.1,635.9,-2.9,-21.8,-17.1,10.2,-6.0,2020-02
2020-02-14,2332,友訊,通信網路業,移出,掉出掃描母體,14.01,75.0,,1,,,,,,,,,,,2020-02
2020-02-14,4157,太景*-KY,生技醫療業,移出,掉出掃描母體,21.5,70.0,,15,,,,,,,,,,,2020-02
2020-02-17,4934,太極,光電業,進榜,觸發,18.5,99.0,1.0,0,-38.9,-20.1,-12.3,-5.9,18.6,0.3,-39.1,-20.3,-12.5,-6.1,2020-02
2020-02-17,4934,太極,光電業,觸發,進榜即觸發,18.5,99.0,1.0,0,-38.9,-20.1,-12.3,-5.9,18.6,0.3,-39.1,-20.3,-12.5,-6.1,2020-02
2020-02-17,6261,久元,半導體業,進榜,觸發,36.76,84.0,2.0,0,-22.0,-20.1,5.3,-5.9,36.2,-1.6,-20.7,-20.3,7.0,-6.1,2020-02
2020-02-17,6261,久元,半導體業,觸發,進榜即觸發,36.76,84.0,2.0,0,-22.0,-20.1,5.3,-5.9,36.2,-1.6,-20.7,-20.3,7.0,-6.1,2020-02
2020-02-17,3532,台勝科,半導體業,進榜,觸發,111.76,71.0,1.0,0,9.6,-20.1,16.5,-5.9,112.6,0.8,8.7,-20.3,15.6,-6.1,2020-02
2020-02-17,3532,台勝科,半導體業,觸發,進榜即觸發,111.76,71.0,1.0,0,9.6,-20.1,16.5,-5.9,112.6,0.8,8.7,-20.3,15.6,-6.1,2020-02
2020-02-17,6196,帆宣,其他電子業,進榜,準備,69.11,94.0,2.0,0,-38.4,-20.1,-16.2,-5.9,69.3,0.2,-38.5,-20.3,-16.4,-6.1,2020-02
2020-02-17,6238,勝麗,其他電子類,進榜,準備,191.5,85.0,3.0,0,-41.0,-20.1,-13.8,-5.9,187.0,-2.3,-39.6,-20.3,-11.8,-6.1,2020-02
2020-02-17,3479,安勤,電腦及週邊設備業,進榜,準備,58.37,72.0,2.0,0,-31.0,-20.1,-19.9,-5.9,58.4,0.0,-31.0,-20.3,-19.9,-6.1,2020-02
2020-02-18,3042,晶技,電子工業,進榜,準備,33.3,80.0,3.0,0,-14.7,-21.5,18.3,-5.9,34.0,2.0,-16.4,-21.7,16.0,-6.1,2020-02
2020-02-18,3546,宇峻,文化創意業,移出,掉出掃描母體,54.11,95.0,,109,,,,,,,,,,,2020-02
2020-02-18,2451,創見,半導體業,移出,掉出掃描母體,53.23,74.0,,18,,,,,,,,,,,2020-02
2020-02-18,2303,聯電,半導體業,移出,掉出掃描母體,11.59,75.0,,12,,,,,,,,,,,2020-02
2020-02-18,2345,智邦,通信網路業,移出,掉出掃描母體,161.3,73.0,,8,,,,,,,,,,,2020-02
2020-02-19,3706,神達,電子工業,進榜,準備,22.05,79.0,2.0,0,-30.1,-28.4,-10.1,-5.8,22.6,2.4,-31.8,-28.7,-12.2,-6.0,2020-02
2020-02-19,6670,復盛應用,其他,進榜,準備,139.62,77.0,3.0,0,-33.4,-28.4,-25.1,-5.8,140.0,0.2,-33.6,-28.7,-25.3,-6.0,2020-02
2020-02-19,6452,康友-KY,生技醫療業,進榜,準備,226.0,75.0,1.0,0,-42.7,-28.4,-32.5,-5.8,225.5,-0.2,-42.6,-28.7,-32.4,-6.0,2020-02
2020-02-19,6409,旭隼,其他電子業,進榜,準備,621.22,71.0,2.0,0,-26.5,-28.4,0.5,-5.8,635.7,2.3,-28.1,-28.7,-1.8,-6.0,2020-02
2020-02-19,3479,安勤,電腦及週邊設備業,觸發,等待後觸發,60.58,73.0,2.0,2,-39.4,-28.4,-23.1,-5.8,61.4,1.4,-40.3,-28.7,-24.1,-6.0,2020-02
2020-02-19,6166,凌華,電腦及週邊設備業,移出,掉出掃描母體,50.01,72.0,,6,,,,,,,,,,,2020-02
2020-02-19,2337,旺宏,半導體業,移出,掉出掃描母體,31.19,87.0,,14,,,,,,,,,,,2020-02
2020-02-20,8996,高力,電機機械,進榜,準備,74.91,99.0,2.0,0,-52.5,-24.5,-15.9,-5.5,74.6,-0.5,-52.2,-24.6,-15.5,-5.7,2020-02
2020-02-20,6166,凌華,電腦及週邊設備業,進榜,準備,50.1,72.0,3.0,0,7.0,-24.5,14.1,-5.5,50.2,0.2,6.8,-24.6,13.9,-5.7,2020-02
2020-02-20,2809,京城銀,金融保險,進榜,準備,29.66,70.0,1.0,0,-27.1,-24.5,-11.2,-5.5,29.6,-0.1,-27.0,-24.6,-11.1,-5.7,2020-02
2020-02-20,6409,旭隼,其他電子業,移出,掉出掃描母體,621.22,71.0,,1,,,,,,,,,,,2020-02
2020-02-20,2376,技嘉,電子工業,移出,掉出掃描母體,41.37,70.0,,9,,,,,,,,,,,2020-02
2020-02-21,4707,磐亞,化學工業,進榜,準備,8.79,91.0,1.0,0,-14.0,-26.1,-16.1,-4.9,9.0,2.9,-16.4,-25.8,-18.5,-4.6,2020-02
2020-02-21,2809,京城銀,金融保險,觸發,等待後觸發,30.42,72.0,1.0,1,-31.3,-26.1,-13.4,-4.9,30.3,-0.5,-31.0,-25.8,-13.0,-4.6,2020-02
2020-02-21,3227,原相,半導體業,移出,逾期,136.1,96.0,,56,,,,,,,,,,,2020-02
2020-02-21,6670,復盛應用,其他,移出,掉出掃描母體,137.97,75.0,,2,,,,,,,,,,,2020-02
2020-02-24,9919,康那香,其他,進榜,觸發,17.58,98.0,2.0,0,-11.3,-23.2,94.9,-4.9,17.6,0.0,-11.3,-22.4,94.9,-4.2,2020-02
2020-02-24,9919,康那香,其他,觸發,進榜即觸發,17.58,98.0,2.0,0,-11.3,-23.2,94.9,-4.9,17.6,0.0,-11.3,-22.4,94.9,-4.2,2020-02
2020-02-24,3293,鈊象,文化創意業,進榜,觸發,108.47,95.0,5.0,0,-14.2,-23.2,-12.9,-4.9,108.1,-0.3,-13.9,-22.4,-12.6,-4.2,2020-02
2020-02-24,3293,鈊象,文化創意業,觸發,進榜即觸發,108.47,95.0,5.0,0,-14.2,-23.2,-12.9,-4.9,108.1,-0.3,-13.9,-22.4,-12.6,-4.2,2020-02
2020-02-24,1325,恆大,塑膠工業,進榜,準備,24.28,99.0,1.0,0,16.8,-23.2,458.0,-4.9,25.0,3.1,13.2,-22.4,441.0,-4.2,2020-02
2020-02-24,5203,訊連,電子工業,進榜,準備,93.98,83.0,2.0,0,-23.6,-23.2,-2.5,-4.9,92.8,-1.3,-22.6,-22.4,-1.3,-4.2,2020-02
2020-02-24,1904,正隆,造紙工業,進榜,準備,17.76,81.0,1.0,0,-15.4,-23.2,4.6,-4.9,17.8,0.0,-15.4,-22.4,4.6,-4.2,2020-02
2020-02-24,3014,聯陽,半導體業,進榜,準備,28.39,78.0,2.0,0,-14.0,-23.2,28.5,-4.9,28.2,-0.8,-13.3,-22.4,29.5,-4.2,2020-02
2020-02-24,4142,國光生,化學生技醫療,進榜,準備,28.39,77.0,1.0,0,-11.3,-23.2,102.4,-4.9,28.2,-0.5,-10.9,-22.4,103.5,-4.2,2020-02
2020-02-24,2327,國巨*,電子工業,觸發,等待後觸發,105.22,98.0,1.0,12,-43.4,-23.2,-23.3,-4.9,103.8,-1.3,-42.7,-22.4,-22.3,-4.2,2020-02
2020-02-24,5269,祥碩,半導體業,移出,離高點太遠,716.87,93.0,,46,,,,,,,,,,,2020-02
2020-02-24,3152,璟德,通信網路業,移出,掉出掃描母體,457.91,90.0,,13,,,,,,,,,,,2020-02
2020-02-25,6531,愛普*,半導體業,進榜,觸發,62.1,100.0,1.0,0,-37.0,-20.1,55.1,-3.8,62.8,1.1,-37.6,-19.9,53.4,-3.6,2020-02
2020-02-25,6531,愛普*,半導體業,觸發,進榜即觸發,62.1,100.0,1.0,0,-37.0,-20.1,55.1,-3.8,62.8,1.1,-37.6,-19.9,53.4,-3.6,2020-02
2020-02-25,3218,大學光,生技醫療業,移出,離高點太遠,58.71,95.0,,41,,,,,,,,,,,2020-02
2020-02-25,3056,富華新,建材營造,移出,掉出掃描母體,9.99,79.0,,13,,,,,,,,,,,2020-02
2020-02-25,1315,達新,塑膠工業,移出,離高點太遠,51.04,90.0,,11,,,,,,,,,,,2020-02
2020-02-25,6196,帆宣,其他電子業,移出,掉出掃描母體,67.5,94.0,,8,,,,,,,,,,,2020-02
2020-02-25,6452,康友-KY,生技醫療業,移出,掉出掃描母體,221.5,75.0,,6,,,,,,,,,,,2020-02
2020-02-26,3373,熱映,其他電子類,進榜,準備,23.5,99.0,1.0,0,53.1,-19.3,242.7,-2.8,23.5,-0.1,53.3,-19.3,243.2,-3.1,2020-02
2020-02-26,1907,永豐餘,造紙工業,進榜,準備,10.87,77.0,1.0,0,-16.5,-19.3,-7.7,-2.8,11.1,1.8,-17.9,-19.3,-9.3,-3.1,2020-02
2020-02-26,3526,凡甲,電子零組件業,進榜,準備,65.39,74.0,3.0,0,-2.5,-19.3,26.1,-2.8,65.8,0.7,-3.1,-19.3,25.3,-3.1,2020-02
2020-02-26,8299,群聯,半導體業,進榜,準備,255.3,70.0,3.0,0,-22.5,-19.3,-17.7,-2.8,255.7,0.1,-22.6,-19.3,-17.8,-3.1,2020-02
2020-02-26,6538,倉和,電子零組件業,觸發,等待後觸發,183.84,100.0,3.0,12,-16.9,-19.3,2.0,-2.8,182.3,-0.9,-16.2,-19.3,2.9,-3.1,2020-02
2020-02-26,6239,力成,半導體業,移出,掉出掃描母體,77.0,87.0,,42,,,,,,,,,,,2020-02
2020-02-26,5309,系統電,電子零組件業,移出,離高點太遠,16.69,100.0,,15,,,,,,,,,,,2020-02
2020-02-26,6269,台郡,電子工業,移出,掉出掃描母體,94.39,71.0,,14,,,,,,,,,,,2020-02
2020-02-27,3217,優群,電子零組件業,進榜,觸發,46.62,76.0,5.0,0,3.8,-17.7,52.8,-1.1,47.4,1.6,2.2,-16.4,50.4,0.0,2020-02
2020-02-27,3217,優群,電子零組件業,觸發,進榜即觸發,46.62,76.0,5.0,0,3.8,-17.7,52.8,-1.1,47.4,1.6,2.2,-16.4,50.4,0.0,2020-02
2020-02-27,1732,毛寶,化學工業,進榜,準備,26.87,100.0,2.0,0,-0.3,-17.7,11.8,-1.1,27.6,2.6,-2.9,-16.4,9.0,0.0,2020-02
2020-02-27,3373,熱映,其他電子類,觸發,等待後觸發,25.84,99.0,1.0,1,39.0,-17.7,204.0,-1.1,28.4,10.0,26.4,-16.4,176.4,0.0,2020-02
2020-02-27,1325,恆大,塑膠工業,觸發,等待後觸發,27.89,99.0,1.0,3,1.2,-17.7,350.2,-1.1,28.2,1.0,0.3,-16.4,345.9,0.0,2020-02
2020-02-27,8131,福懋科,半導體業,移出,掉出掃描母體,28.9,80.0,,16,,,,,,,,,,,2020-02
2020-02-27,2809,京城銀,金融保險,移出,掉出掃描母體,29.86,76.0,,7,,,,,,,,,,,2020-02
2020-02-27,1907,永豐餘,造紙工業,移出,掉出掃描母體,10.87,77.0,,1,,,,,,,,,,,2020-02
2020-02-27,3526,凡甲,電子零組件業,移出,掉出掃描母體,65.39,74.0,,1,,,,,,,,,,,2020-02
2020-02-27,3260,威剛,半導體業,移出,掉出掃描母體,51.41,91.0,,80,,,,,,,,,,,2020-02
2020-02-27,8271,宇瞻,半導體業,移出,掉出掃描母體,30.94,85.0,,66,,,,,,,,,,,2020-02
2020-02-27,2312,金寶,其他電子業,移出,掉出掃描母體,11.86,84.0,,49,,,,,,,,,,,2020-02
2020-02-27,6416,瑞祺電通,通信網路業,移出,離高點太遠,86.08,90.0,,48,,,,,,,,,,,2020-02
2020-02-27,3515,華擎,電子工業,移出,離高點太遠,73.79,95.0,,43,,,,,,,,,,,2020-02
2020-02-27,3376,新日興,電子零組件業,移出,晚期未觸發,101.63,73.0,,43,,,,,,,,,,,2020-02
2020-02-27,4973,廣穎,半導體業,移出,掉出掃描母體,22.7,94.0,,41,,,,,,,,,,,2020-02
2020-02-27,2492,華新科,電子工業,移出,掉出掃描母體,188.71,93.0,,15,,,,,,,,,,,2020-02
2020-02-27,2327,國巨*,電子工業,移出,掉出掃描母體,95.77,96.0,,15,,,,,,,,,,,2020-02
2020-02-27,3026,禾伸堂,電子工業,移出,掉出掃描母體,72.76,84.0,,14,,,,,,,,,,,2020-02
2020-02-27,6261,久元,半導體業,移出,掉出掃描母體,34.09,81.0,,10,,,,,,,,,,,2020-02
2020-02-27,4934,太極,光電業,移出,離高點太遠,16.97,99.0,,10,,,,,,,,,,,2020-02
2020-02-27,8996,高力,電機機械,移出,離高點太遠,61.87,97.0,,7,,,,,,,,,,,2020-02
2020-02-27,6531,愛普*,半導體業,移出,突破失敗,56.92,100.0,,2,,,,,,,,,,,2020-02
2020-03-02,4171,瑞基,農業科技業,進榜,觸發,57.59,99.0,4.0,0,-17.1,-17.1,218.2,-1.1,58.8,2.1,-18.8,-17.9,211.6,-2.3,2020-03
2020-03-02,4171,瑞基,農業科技業,觸發,進榜即觸發,57.59,99.0,4.0,0,-17.1,-17.1,218.2,-1.1,58.8,2.1,-18.8,-17.9,211.6,-2.3,2020-03
2020-03-02,5274,信驊,半導體業,進榜,觸發,765.75,82.0,3.0,0,9.0,-17.1,43.3,-1.1,792.4,3.5,5.3,-17.9,38.5,-2.3,2020-03
2020-03-02,5274,信驊,半導體業,觸發,進榜即觸發,765.75,82.0,3.0,0,9.0,-17.1,43.3,-1.1,792.4,3.5,5.3,-17.9,38.5,-2.3,2020-03
2020-03-02,2369,菱生,電子工業,進榜,準備,9.61,84.0,2.0,0,-24.3,-17.1,-14.8,-1.1,10.0,3.7,-27.0,-17.9,-17.8,-2.3,2020-03
2020-03-02,3042,晶技,電子工業,觸發,等待後觸發,35.78,90.0,3.0,13,-15.8,-17.1,15.8,-1.1,35.8,0.0,-15.8,-17.9,15.8,-2.3,2020-03
2020-03-02,1732,毛寶,化學工業,觸發,等待後觸發,29.54,100.0,2.0,4,-9.5,-17.1,0.6,-1.1,31.1,5.2,-14.0,-17.9,-4.4,-2.3,2020-03
2020-03-02,4142,國光生,化學生技醫療,觸發,等待後觸發,29.58,85.0,1.0,7,-12.9,-17.1,84.6,-1.1,31.2,5.5,-17.5,-17.9,74.9,-2.3,2020-03
2020-03-02,4966,譜瑞-KY,半導體業,移出,離高點太遠,555.12,77.0,,42,,,,,,,,,,,2020-03
2020-03-02,3479,安勤,電腦及週邊設備業,移出,掉出掃描母體,57.95,71.0,,14,,,,,,,,,,,2020-03
2020-03-02,8299,群聯,半導體業,移出,掉出掃描母體,250.79,75.0,,5,,,,,,,,,,,2020-03
2020-03-03,2368,金像電,電子零組件業,進榜,觸發,16.43,80.0,2.0,0,42.2,-17.7,118.5,-1.6,16.3,-0.6,43.1,-17.4,119.8,-2.0,2020-03
2020-03-03,2368,金像電,電子零組件業,觸發,進榜即觸發,16.43,80.0,2.0,0,42.2,-17.7,118.5,-1.6,16.3,-0.6,43.1,-17.4,119.8,-2.0,2020-03
2020-03-03,8039,台虹,電子工業,進榜,觸發,36.34,80.0,4.0,0,-18.3,-17.7,-8.4,-1.6,36.6,0.8,-19.0,-17.4,-9.1,-2.0,2020-03
2020-03-03,8039,台虹,電子工業,觸發,進榜即觸發,36.34,80.0,4.0,0,-18.3,-17.7,-8.4,-1.6,36.6,0.8,-19.0,-17.4,-9.1,-2.0,2020-03
2020-03-03,2342,茂矽,半導體業,進榜,準備,27.29,94.0,2.0,0,-32.9,-17.7,0.5,-1.6,27.8,1.8,-34.1,-17.4,-1.3,-2.0,2020-03
2020-03-03,3526,凡甲,電子零組件業,進榜,準備,65.65,75.0,3.0,0,1.3,-17.7,26.5,-1.6,67.6,3.0,-1.6,-17.4,22.8,-2.0,2020-03
2020-03-03,8299,群聯,半導體業,進榜,準備,254.17,75.0,3.0,0,-26.6,-17.7,-18.6,-1.6,254.2,0.0,-26.6,-17.4,-18.6,-2.0,2020-03
2020-03-04,4121,優盛,生技醫療業,進榜,觸發,17.83,98.0,2.0,0,-27.6,-16.9,-11.8,-0.5,18.1,1.6,-28.8,-17.4,-13.2,-1.4,2020-03
2020-03-04,4121,優盛,生技醫療業,觸發,進榜即觸發,17.83,98.0,2.0,0,-27.6,-16.9,-11.8,-0.5,18.1,1.6,-28.8,-17.4,-13.2,-1.4,2020-03
2020-03-04,5471,松翰,電子工業,進榜,觸發,28.47,77.0,2.0,0,1.5,-16.9,48.9,-0.5,29.3,2.9,-1.4,-17.4,44.7,-1.4,2020-03
2020-03-04,5471,松翰,電子工業,觸發,進榜即觸發,28.47,77.0,2.0,0,1.5,-16.9,48.9,-0.5,29.3,2.9,-1.4,-17.4,44.7,-1.4,2020-03
2020-03-04,4133,亞諾法,化學生技醫療,進榜,準備,38.38,95.0,1.0,0,-21.2,-16.9,60.3,-0.5,37.8,-1.4,-20.1,-17.4,62.6,-1.4,2020-03
2020-03-04,4735,豪展,生技醫療業,進榜,準備,39.55,91.0,1.0,0,-11.1,-16.9,12.2,-0.5,40.6,2.6,-13.3,-17.4,9.4,-1.4,2020-03
2020-03-04,3016,嘉晶,半導體業,進榜,準備,51.37,72.0,1.0,0,-12.2,-16.9,25.8,-0.5,52.3,1.8,-13.7,-17.4,23.6,-1.4,2020-03
2020-03-04,4967,十銓,半導體業,觸發,等待後觸發,50.4,98.0,1.0,50,-27.3,-16.9,-9.0,-0.5,52.0,3.2,-29.6,-17.4,-11.8,-1.4,2020-03
2020-03-04,1513,中興電,電機機械,移出,逾期,20.7,87.0,,56,,,,,,,,,,,2020-03
2020-03-05,6441,廣錠,電腦及週邊設備業,進榜,觸發,66.08,99.0,1.0,0,-17.5,-16.8,4.4,-1.2,65.8,-0.4,-17.2,-16.7,4.8,-1.1,2020-03
2020-03-05,6441,廣錠,電腦及週邊設備業,觸發,進榜即觸發,66.08,99.0,1.0,0,-17.5,-16.8,4.4,-1.2,65.8,-0.4,-17.2,-16.7,4.8,-1.1,2020-03
2020-03-05,8271,宇瞻,半導體業,進榜,觸發,33.49,89.0,2.0,0,-19.1,-16.8,7.4,-1.2,34.3,2.5,-21.0,-16.7,4.8,-1.1,2020-03
2020-03-05,8271,宇瞻,半導體業,觸發,進榜即觸發,33.49,89.0,2.0,0,-19.1,-16.8,7.4,-1.2,34.3,2.5,-21.0,-16.7,4.8,-1.1,2020-03
2020-03-05,1789,神隆,化學生技醫療,進榜,觸發,27.92,83.0,1.0,0,-5.2,-16.8,-6.0,-1.2,28.3,1.3,-6.4,-16.7,-7.2,-1.1,2020-03
2020-03-05,1789,神隆,化學生技醫療,觸發,進榜即觸發,27.92,83.0,1.0,0,-5.2,-16.8,-6.0,-1.2,28.3,1.3,-6.4,-16.7,-7.2,-1.1,2020-03
2020-03-05,3211,順達,電腦及週邊設備業,進榜,觸發,39.98,81.0,3.0,0,-2.3,-16.8,25.8,-1.2,41.6,4.1,-6.1,-16.7,20.9,-1.1,2020-03
2020-03-05,3211,順達,電腦及週邊設備業,觸發,進榜即觸發,39.98,81.0,3.0,0,-2.3,-16.8,25.8,-1.2,41.6,4.1,-6.1,-16.7,20.9,-1.1,2020-03
2020-03-05,3081,聯亞,通信網路業,進榜,觸發,251.26,79.0,3.0,0,-13.4,-16.8,-7.3,-1.2,243.5,-3.1,-10.6,-16.7,-4.4,-1.1,2020-03
2020-03-05,3081,聯亞,通信網路業,觸發,進榜即觸發,251.26,79.0,3.0,0,-13.4,-16.8,-7.3,-1.2,243.5,-3.1,-10.6,-16.7,-4.4,-1.1,2020-03
2020-03-05,6532,瑞耘,半導體業,進榜,準備,35.05,93.0,2.0,0,-28.4,-16.8,76.1,-1.2,34.6,-1.4,-27.3,-16.7,78.7,-1.1,2020-03
2020-03-05,8131,福懋科,半導體業,進榜,準備,28.8,80.0,1.0,0,-19.3,-16.8,-7.6,-1.2,28.6,-0.7,-18.7,-16.7,-6.9,-1.1,2020-03
2020-03-05,2884,玉山金,金融保險,進榜,準備,18.29,70.0,1.0,0,-17.8,-16.8,-6.6,-1.2,18.2,-0.7,-17.2,-16.7,-6.0,-1.1,2020-03
2020-03-05,6257,矽格,半導體業,進榜,準備,25.84,70.0,2.0,0,-13.8,-16.8,5.8,-1.2,25.5,-1.4,-12.6,-16.7,7.3,-1.1,2020-03
2020-03-05,3016,嘉晶,半導體業,移出,掉出掃描母體,51.37,72.0,,1,,,,,,,,,,,2020-03
2020-03-05,1732,毛寶,化學工業,移出,離高點太遠,26.31,99.0,,7,,,,,,,,,,,2020-03
2020-03-05,4171,瑞基,農業科技業,移出,離高點太遠,50.16,97.0,,3,,,,,,,,,,,2020-03
2020-03-06,6416,瑞祺電通,通信網路業,進榜,觸發,106.16,92.0,1.0,0,-6.9,-14.7,4.6,0.0,106.6,0.4,-7.3,-14.4,4.2,0.3,2020-03
2020-03-06,6416,瑞祺電通,通信網路業,觸發,進榜即觸發,106.16,92.0,1.0,0,-6.9,-14.7,4.6,0.0,106.6,0.4,-7.3,-14.4,4.2,0.3,2020-03
2020-03-06,1762,中化生,化學生技醫療,進榜,觸發,40.1,84.0,3.0,0,-24.0,-14.7,24.0,0.0,41.1,2.6,-25.9,-14.4,20.9,0.3,2020-03
2020-03-06,1762,中化生,化學生技醫療,觸發,進榜即觸發,40.1,84.0,3.0,0,-24.0,-14.7,24.0,0.0,41.1,2.6,-25.9,-14.4,20.9,0.3,2020-03
2020-03-06,2448,晶電,光電業,進榜,準備,33.45,86.0,2.0,0,-13.3,-14.7,7.2,0.0,33.0,-1.3,-12.1,-14.4,8.6,0.3,2020-03
2020-03-06,8403,盛弘,生技醫療業,進榜,準備,25.14,85.0,1.0,0,-15.8,-14.7,7.4,0.0,26.3,4.6,-19.5,-14.4,2.7,0.3,2020-03
2020-03-06,3530,晶相光,半導體業,進榜,準備,104.07,77.0,1.0,0,-23.9,-14.7,-27.5,0.0,103.6,-0.4,-23.5,-14.4,-27.1,0.3,2020-03
2020-03-06,2884,玉山金,金融保險,移出,掉出掃描母體,18.29,70.0,,1,,,,,,,,,,,2020-03
2020-03-06,1590,亞德客-KY,電機機械,移出,掉出掃描母體,432.25,89.0,,57,,,,,,,,,,,2020-03
2020-03-06,6488,環球晶,半導體業,移出,掉出掃描母體,337.4,90.0,,52,,,,,,,,,,,2020-03
2020-03-06,6238,勝麗,其他電子類,移出,掉出掃描母體,177.0,82.0,,18,,,,,,,,,,,2020-03
2020-03-06,3081,聯亞,通信網路業,移出,掉出掃描母體,251.26,79.0,,1,,,,,,,,,,,2020-03
2020-03-09,4746,台耀,化學生技醫療,進榜,觸發,40.77,90.0,1.0,0,-21.2,-10.4,0.5,2.6,40.4,-0.9,-20.5,-8.9,1.4,4.1,2020-03
2020-03-09,4746,台耀,化學生技醫療,觸發,進榜即觸發,40.77,90.0,1.0,0,-21.2,-10.4,0.5,2.6,40.4,-0.9,-20.5,-8.9,1.4,4.1,2020-03
2020-03-09,4167,松瑞藥,生技醫療業,進榜,準備,23.38,93.0,2.0,0,-20.6,-10.4,-6.3,2.6,23.0,-1.4,-19.5,-8.9,-5.0,4.1,2020-03
2020-03-09,8299,群聯,半導體業,移出,掉出掃描母體,256.8,75.0,,6,,,,,,,,,,,2020-03
2020-03-09,8131,福懋科,半導體業,移出,掉出掃描母體,28.76,77.0,,4,,,,,,,,,,,2020-03
2020-03-09,6257,矽格,半導體業,移出,掉出掃描母體,25.49,70.0,,4,,,,,,,,,,,2020-03
2020-03-09,2448,晶電,光電業,移出,掉出掃描母體,33.45,86.0,,3,,,,,,,,,,,2020-03
2020-03-09,3530,晶相光,半導體業,移出,掉出掃描母體,104.07,77.0,,3,,,,,,,,,,,2020-03
2020-03-09,6669,緯穎,電子工業,移出,掉出掃描母體,587.53,94.0,,101,,,,,,,,,,,2020-03
2020-03-09,5289,宜鼎,電腦及週邊設備業,移出,掉出掃描母體,124.3,88.0,,55,,,,,,,,,,,2020-03
2020-03-09,2049,上銀,電機機械,移出,掉出掃描母體,257.48,77.0,,53,,,,,,,,,,,2020-03
2020-03-09,3189,景碩,半導體業,移出,掉出掃描母體,44.12,80.0,,26,,,,,,,,,,,2020-03
2020-03-09,5483,中美晶,半導體業,移出,掉出掃描母體,77.57,88.0,,24,,,,,,,,,,,2020-03
2020-03-09,1904,正隆,造紙工業,移出,掉出掃描母體,17.91,84.0,,14,,,,,,,,,,,2020-03
2020-03-09,4121,優盛,生技醫療業,移出,離高點太遠,16.34,97.0,,5,,,,,,,,,,,2020-03
2020-03-10,2448,晶電,光電業,進榜,準備,33.05,88.0,2.0,0,-11.5,-9.9,13.2,3.3,32.8,-0.9,-10.7,-10.3,14.2,2.6,2020-03
2020-03-10,2480,敦陽科,資訊服務業,進榜,準備,43.84,86.0,1.0,0,-10.8,-9.9,14.0,3.3,42.1,-4.0,-7.0,-10.3,18.7,2.6,2020-03
2020-03-10,3016,嘉晶,半導體業,進榜,準備,51.09,71.0,1.0,0,-8.3,-9.9,36.5,3.3,51.1,0.0,-8.3,-10.3,36.5,2.6,2020-03
2020-03-10,4142,國光生,化學生技醫療,移出,離高點太遠,30.12,80.0,,15,,,,,,,,,,,2020-03
2020-03-10,9919,康那香,其他,移出,離高點太遠,15.9,98.0,,15,,,,,,,,,,,2020-03
2020-03-10,3373,熱映,其他電子類,移出,離高點太遠,33.73,100.0,,13,,,,,,,,,,,2020-03
2020-03-10,4133,亞諾法,化學生技醫療,移出,離高點太遠,33.02,90.0,,6,,,,,,,,,,,2020-03
2020-03-10,4735,豪展,生技醫療業,移出,離高點太遠,35.56,83.0,,6,,,,,,,,,,,2020-03
2020-03-10,5471,松翰,電子工業,移出,離高點太遠,28.29,79.0,,6,,,,,,,,,,,2020-03
2020-03-11,2801,彰銀,金融保險,進榜,準備,15.82,70.0,0.0,0,-14.5,-8.4,-11.5,4.3,15.8,-0.2,-14.3,-7.3,-11.3,5.4,2020-03
2020-03-11,2448,晶電,光電業,移出,掉出掃描母體,33.05,88.0,,1,,,,,,,,,,,2020-03
2020-03-11,3374,精材,半導體業,移出,掉出掃描母體,80.47,97.0,,29,,,,,,,,,,,2020-03
2020-03-11,3526,凡甲,電子零組件業,移出,掉出掃描母體,65.05,75.0,,8,,,,,,,,,,,2020-03
2020-03-12,2801,彰銀,金融保險,移出,掉出掃描母體,15.82,70.0,,1,,,,,,,,,,,2020-03
2020-03-12,8926,台汽電,油電燃氣業,移出,掉出掃描母體,21.55,80.0,,35,,,,,,,,,,,2020-03
2020-03-12,8155,博智,電子零組件業,移出,離高點太遠,104.86,99.0,,31,,,,,,,,,,,2020-03
2020-03-12,3450,聯鈞,其他電子業,移出,掉出掃描母體,64.88,90.0,,27,,,,,,,,,,,2020-03
2020-03-12,6538,倉和,電子零組件業,移出,離高點太遠,180.39,100.0,,27,,,,,,,,,,,2020-03
2020-03-12,3706,神達,電子工業,移出,掉出掃描母體,20.8,78.0,,22,,,,,,,,,,,2020-03
2020-03-12,3293,鈊象,文化創意業,移出,離高點太遠,95.05,96.0,,17,,,,,,,,,,,2020-03
2020-03-12,5203,訊連,電子工業,移出,掉出掃描母體,92.79,80.0,,17,,,,,,,,,,,2020-03
2020-03-12,3217,優群,電子零組件業,移出,離高點太遠,50.43,91.0,,14,,,,,,,,,,,2020-03
2020-03-12,5274,信驊,半導體業,移出,離高點太遠,773.37,91.0,,10,,,,,,,,,,,2020-03
2020-03-12,2369,菱生,電子工業,移出,掉出掃描母體,9.26,83.0,,10,,,,,,,,,,,2020-03
2020-03-12,8039,台虹,電子工業,移出,掉出掃描母體,35.28,75.0,,9,,,,,,,,,,,2020-03
2020-03-12,2342,茂矽,半導體業,移出,離高點太遠,24.0,94.0,,9,,,,,,,,,,,2020-03
2020-03-12,6532,瑞耘,半導體業,移出,掉出掃描母體,31.79,90.0,,7,,,,,,,,,,,2020-03
2020-03-12,6441,廣錠,電腦及週邊設備業,移出,離高點太遠,55.85,98.0,,7,,,,,,,,,,,2020-03
2020-03-12,8271,宇瞻,半導體業,移出,掉出掃描母體,32.74,91.0,,7,,,,,,,,,,,2020-03
2020-03-12,1789,神隆,化學生技醫療,移出,離高點太遠,27.11,89.0,,7,,,,,,,,,,,2020-03
2020-03-12,6416,瑞祺電通,通信網路業,移出,離高點太遠,92.63,92.0,,6,,,,,,,,,,,2020-03
2020-03-12,1762,中化生,化學生技醫療,移出,離高點太遠,34.27,82.0,,6,,,,,,,,,,,2020-03
2020-03-12,8403,盛弘,生技醫療業,移出,掉出掃描母體,23.71,84.0,,6,,,,,,,,,,,2020-03
2020-03-12,3016,嘉晶,半導體業,移出,掉出掃描母體,49.8,73.0,,2,,,,,,,,,,,2020-03
2020-03-13,4967,十銓,半導體業,移出,離高點太遠,44.14,98.0,,59,,,,,,,,,,,2020-03
2020-03-13,3545,敦泰,電子工業,移出,掉出掃描母體,28.68,89.0,,28,,,,,,,,,,,2020-03
2020-03-13,3042,晶技,電子工業,移出,掉出掃描母體,33.55,86.0,,24,,,,,,,,,,,2020-03
2020-03-13,4707,磐亞,化學工業,移出,離高點太遠,8.07,95.0,,21,,,,,,,,,,,2020-03
2020-03-13,1325,恆大,塑膠工業,移出,離高點太遠,26.37,100.0,,18,,,,,,,,,,,2020-03
2020-03-13,4167,松瑞藥,生技醫療業,移出,離高點太遠,19.06,89.0,,4,,,,,,,,,,,2020-03
2020-03-16,3014,聯陽,半導體業,移出,掉出掃描母體,27.88,89.0,,21,,,,,,,,,,,2020-03
2020-03-16,3211,順達,電腦及週邊設備業,移出,掉出掃描母體,37.49,90.0,,11,,,,,,,,,,,2020-03
2020-03-16,2480,敦陽科,資訊服務業,移出,掉出掃描母體,38.12,85.0,,6,,,,,,,,,,,2020-03
2020-03-17,4746,台耀,化學生技醫療,移出,離高點太遠,37.09,94.0,,8,,,,,,,,,,,2020-03
2020-03-18,2368,金像電,電子零組件業,移出,離高點太遠,18.4,96.0,,15,,,,,,,,,,,2020-03
2020-03-19,3532,台勝科,半導體業,移出,離高點太遠,107.9,97.0,,31,,,,,,,,,,,2020-03
2020-03-27,2368,金像電,電子零組件業,進榜,準備,22.26,98.0,2.0,0,35.3,12.2,38.5,24.2,22.3,0.2,35.0,13.8,38.2,26.3,2020-03
2020-03-27,8454,富邦媒,貿易百貨,進榜,準備,160.4,95.0,3.0,0,32.6,12.2,106.7,24.2,157.7,-1.7,34.9,13.8,110.2,26.3,2020-03
2020-03-31,4736,泰博,生技醫療業,進榜,準備,96.09,95.0,2.0,0,13.7,14.6,63.6,23.4,96.4,0.3,13.4,14.8,63.1,23.3,2020-03
2020-04-01,1229,聯華,食品工業,進榜,準備,18.67,88.0,2.0,0,14.6,12.6,12.8,23.1,18.8,0.5,14.0,12.3,12.2,22.8,2020-04
2020-04-01,2368,金像電,電子零組件業,移出,晚期未觸發,24.23,98.0,,5,,,,,,,,,,,2020-04
2020-04-06,3515,華擎,電子工業,進榜,觸發,88.19,98.0,4.0,0,-6.9,12.6,17.6,23.4,92.9,5.3,-11.6,11.2,11.6,21.8,2020-04
2020-04-06,3515,華擎,電子工業,觸發,進榜即觸發,88.19,98.0,4.0,0,-6.9,12.6,17.6,23.4,92.9,5.3,-11.6,11.2,11.6,21.8,2020-04
2020-04-06,1325,恆大,塑膠工業,進榜,準備,32.57,100.0,1.0,0,146.5,12.6,291.4,23.4,33.6,3.3,138.7,11.2,279.0,21.8,2020-04
2020-04-06,3373,熱映,其他電子類,進榜,準備,40.99,100.0,1.0,0,87.6,12.6,130.5,23.4,42.9,4.7,79.2,11.2,120.2,21.8,2020-04
2020-04-06,6457,紘康,半導體業,進榜,準備,47.7,99.0,1.0,0,41.2,12.6,7.3,23.4,49.0,2.6,37.6,11.2,4.5,21.8,2020-04
2020-04-09,3373,熱映,其他電子類,移出,離高點太遠,39.21,100.0,,3,,,,,,,,,,,2020-04
2020-04-10,3545,敦泰,電子工業,進榜,準備,31.05,95.0,3.0,0,1.9,9.0,19.9,20.1,30.9,-0.5,2.4,9.1,20.5,19.8,2020-04
2020-04-10,3211,順達,電腦及週邊設備業,進榜,準備,39.92,89.0,3.0,0,13.2,9.0,25.5,20.1,40.1,0.5,12.7,9.1,24.9,19.8,2020-04
2020-04-13,1720,生達,化學生技醫療,進榜,準備,24.67,84.0,2.0,0,11.7,8.6,33.6,20.6,24.8,0.7,10.9,8.0,32.7,19.8,2020-04
2020-04-13,6457,紘康,半導體業,觸發,等待後觸發,57.02,99.0,1.0,7,11.0,8.6,-8.1,20.6,58.0,1.6,9.2,8.0,-9.6,19.8,2020-04
2020-04-13,1325,恆大,塑膠工業,觸發,等待後觸發,38.96,100.0,1.0,7,85.4,8.6,195.9,20.6,40.1,2.9,80.1,8.0,187.5,19.8,2020-04
2020-04-14,3373,熱映,其他電子類,進榜,觸發,51.62,100.0,1.0,0,36.8,7.3,61.6,16.9,48.8,-5.4,44.6,6.8,70.8,16.4,2020-04
2020-04-14,3373,熱映,其他電子類,觸發,進榜即觸發,51.62,100.0,1.0,0,36.8,7.3,61.6,16.9,48.8,-5.4,44.6,6.8,70.8,16.4,2020-04
2020-04-14,4171,瑞基,農業科技業,進榜,觸發,67.87,99.0,4.0,0,104.0,7.3,172.6,16.9,74.3,9.4,86.5,6.8,149.2,16.4,2020-04
2020-04-14,4171,瑞基,農業科技業,觸發,進榜即觸發,67.87,99.0,4.0,0,104.0,7.3,172.6,16.9,74.3,9.4,86.5,6.8,149.2,16.4,2020-04
2020-04-14,8046,南電,電子工業,進榜,觸發,53.16,90.0,5.0,0,17.2,7.3,34.2,16.9,54.8,3.1,13.7,6.8,30.3,16.4,2020-04
2020-04-14,8046,南電,電子工業,觸發,進榜即觸發,53.16,90.0,5.0,0,17.2,7.3,34.2,16.9,54.8,3.1,13.7,6.8,30.3,16.4,2020-04
2020-04-14,8112,至上,電子工業,進榜,觸發,18.71,84.0,2.0,0,3.6,7.3,-3.5,16.9,18.9,1.2,2.4,6.8,-4.6,16.4,2020-04
2020-04-14,8112,至上,電子工業,觸發,進榜即觸發,18.71,84.0,2.0,0,3.6,7.3,-3.5,16.9,18.9,1.2,2.4,6.8,-4.6,16.4,2020-04
2020-04-14,4735,豪展,生技醫療業,進榜,準備,40.12,94.0,2.0,0,22.3,7.3,50.1,16.9,40.6,1.1,20.9,6.8,48.4,16.4,2020-04
2020-04-14,3056,富華新,建材營造,進榜,準備,9.73,86.0,2.0,0,3.2,7.3,18.6,16.9,9.8,0.3,2.9,6.8,18.2,16.4,2020-04
2020-04-14,8926,台汽電,油電燃氣業,進榜,準備,21.03,82.0,1.0,0,7.1,7.3,25.0,16.9,21.0,0.0,7.1,6.8,25.0,16.4,2020-04
2020-04-15,4760,勤凱,其他電子類,進榜,準備,57.09,99.0,3.0,0,-4.1,4.1,-4.5,16.5,55.4,-3.0,-1.2,4.7,-1.5,17.0,2020-04
2020-04-15,6416,瑞祺電通,通信網路業,進榜,準備,101.65,94.0,3.0,0,-1.2,4.1,35.9,16.5,101.7,0.0,-1.2,4.7,35.9,17.0,2020-04
2020-04-15,2505,國揚,建材營造,進榜,準備,24.22,93.0,3.0,0,0.5,4.1,25.1,16.5,24.0,-0.8,1.3,4.7,26.0,17.0,2020-04
2020-04-15,3373,熱映,其他電子類,移出,突破失敗,46.47,100.0,,1,,,,,,,,,,,2020-04
2020-04-16,8155,博智,電子零組件業,進榜,觸發,132.79,98.0,5.0,0,-11.0,3.8,-16.1,15.3,136.2,2.6,-13.2,2.9,-18.3,13.9,2020-04
2020-04-16,8155,博智,電子零組件業,觸發,進榜即觸發,132.79,98.0,5.0,0,-11.0,3.8,-16.1,15.3,136.2,2.6,-13.2,2.9,-18.3,13.9,2020-04
2020-04-16,3042,晶技,電子工業,進榜,觸發,42.86,94.0,4.0,0,-5.8,3.8,14.4,15.3,44.8,4.5,-9.8,2.9,9.5,13.9,2020-04
2020-04-16,3042,晶技,電子工業,觸發,進榜即觸發,42.86,94.0,4.0,0,-5.8,3.8,14.4,15.3,44.8,4.5,-9.8,2.9,9.5,13.9,2020-04
2020-04-16,2478,大毅,電子工業,進榜,準備,59.73,96.0,1.0,0,3.7,3.8,-0.8,15.3,60.9,1.9,1.7,2.9,-2.6,13.9,2020-04
2020-04-16,9958,世紀鋼,鋼鐵工業,進榜,準備,70.83,83.0,1.0,0,-0.6,3.8,0.0,15.3,71.5,1.0,-1.5,2.9,-0.9,13.9,2020-04
2020-04-16,1701,中化,生技醫療業,進榜,準備,18.22,81.0,2.0,0,-1.6,3.8,17.1,15.3,18.6,1.9,-3.4,2.9,15.0,13.9,2020-04
2020-04-16,4735,豪展,生技醫療業,觸發,等待後觸發,44.63,95.0,2.0,2,6.4,3.8,36.8,15.3,45.6,2.3,4.0,2.9,33.8,13.9,2020-04
2020-04-16,6166,凌華,電腦及週邊設備業,移出,逾期,58.6,93.0,,56,,,,,,,,,,,2020-04
2020-04-17,6415,矽力*-KY,半導體業,進榜,觸發,287.9,94.0,5.0,0,20.8,3.6,45.8,14.9,285.5,-0.8,21.8,3.5,47.1,14.8,2020-04
2020-04-17,6415,矽力*-KY,半導體業,觸發,進榜即觸發,287.9,94.0,5.0,0,20.8,3.6,45.8,14.9,285.5,-0.8,21.8,3.5,47.1,14.8,2020-04
2020-04-17,2448,晶電,光電業,進榜,準備,32.6,86.0,2.0,0,9.2,3.6,16.9,14.9,32.8,0.6,8.5,3.5,16.2,14.8,2020-04
2020-04-17,3515,華擎,電子工業,移出,離高點太遠,83.15,96.0,,11,,,,,,,,,,,2020-04
2020-04-17,6457,紘康,半導體業,移出,離高點太遠,52.32,99.0,,11,,,,,,,,,,,2020-04
2020-04-17,4760,勤凱,其他電子類,移出,離高點太遠,52.59,99.0,,2,,,,,,,,,,,2020-04
2020-04-20,6582,申豐,橡膠工業,進榜,觸發,62.85,96.0,2.0,0,26.5,4.1,56.8,15.0,64.1,2.0,24.0,4.6,53.7,15.5,2020-04
2020-04-20,6582,申豐,橡膠工業,觸發,進榜即觸發,62.85,96.0,2.0,0,26.5,4.1,56.8,15.0,64.1,2.0,24.0,4.6,53.7,15.5,2020-04
2020-04-20,3532,台勝科,半導體業,進榜,觸發,123.75,91.0,1.0,0,4.2,4.1,-5.5,15.0,123.7,0.0,4.2,4.6,-5.5,15.5,2020-04
2020-04-20,3532,台勝科,半導體業,觸發,進榜即觸發,123.75,91.0,1.0,0,4.2,4.1,-5.5,15.0,123.7,0.0,4.2,4.6,-5.5,15.5,2020-04
2020-04-20,5904,寶雅,貿易百貨,進榜,準備,34.96,81.0,3.0,0,22.6,4.1,25.8,15.0,34.9,-0.1,22.7,4.6,25.9,15.5,2020-04
2020-04-20,8155,博智,電子零組件業,移出,突破失敗,119.78,98.0,,4,,,,,,,,,,,2020-04
2020-04-21,3669,圓展,光電業,進榜,觸發,24.81,98.0,3.0,0,-9.5,6.9,48.6,16.3,24.4,-1.5,-8.2,7.9,50.8,17.4,2020-04
2020-04-21,3669,圓展,光電業,觸發,進榜即觸發,24.81,98.0,3.0,0,-9.5,6.9,48.6,16.3,24.4,-1.5,-8.2,7.9,50.8,17.4,2020-04
2020-04-21,3661,世芯-KY,半導體業,進榜,觸發,232.93,90.0,5.0,0,21.0,6.9,95.9,16.3,232.0,-0.4,21.5,7.9,96.7,17.4,2020-04
2020-04-21,3661,世芯-KY,半導體業,觸發,進榜即觸發,232.93,90.0,5.0,0,21.0,6.9,95.9,16.3,232.0,-0.4,21.5,7.9,96.7,17.4,2020-04
2020-04-21,3545,敦泰,電子工業,移出,離高點太遠,29.86,91.0,,11,,,,,,,,,,,2020-04
2020-04-21,1720,生達,化學生技醫療,移出,掉出掃描母體,24.6,79.0,,8,,,,,,,,,,,2020-04
2020-04-21,8926,台汽電,油電燃氣業,移出,掉出掃描母體,21.06,77.0,,7,,,,,,,,,,,2020-04
2020-04-22,3217,優群,電子零組件業,進榜,觸發,66.04,96.0,6.0,0,-2.0,7.0,33.9,15.8,65.5,-0.8,-1.1,6.5,35.0,15.1,2020-04
2020-04-22,3217,優群,電子零組件業,觸發,進榜即觸發,66.04,96.0,6.0,0,-2.0,7.0,33.9,15.8,65.5,-0.8,-1.1,6.5,35.0,15.1,2020-04
2020-04-22,4966,譜瑞-KY,半導體業,進榜,觸發,611.23,89.0,4.0,0,19.7,7.0,43.3,15.8,601.9,-1.5,21.6,6.5,45.5,15.1,2020-04
2020-04-22,4966,譜瑞-KY,半導體業,觸發,進榜即觸發,611.23,89.0,4.0,0,19.7,7.0,43.3,15.8,601.9,-1.5,21.6,6.5,45.5,15.1,2020-04
2020-04-22,6457,紘康,半導體業,進榜,準備,62.12,99.0,1.0,0,-1.0,7.0,-29.2,15.8,60.3,-2.9,1.9,6.5,-27.1,15.1,2020-04
2020-04-23,3373,熱映,其他電子類,進榜,準備,50.17,100.0,2.0,0,81.6,5.4,56.3,15.9,51.4,2.5,77.2,5.4,52.5,15.9,2020-04
2020-04-23,4431,敏成健康,其他,進榜,準備,74.4,100.0,3.0,0,302.6,5.4,147.3,15.9,68.7,-7.6,335.7,5.4,167.7,15.9,2020-04
2020-04-23,5309,系統電,電子零組件業,進榜,準備,18.79,99.0,3.0,0,28.4,5.4,97.5,15.9,19.0,1.0,27.1,5.4,95.5,15.9,2020-04
2020-04-23,6531,愛普*,半導體業,進榜,準備,60.3,98.0,2.0,0,54.5,5.4,205.2,15.9,60.3,0.0,54.5,5.4,205.2,15.9,2020-04
2020-04-23,4133,亞諾法,化學生技醫療,進榜,準備,37.3,94.0,2.0,0,63.5,5.4,75.5,15.9,37.7,1.0,62.0,5.4,73.8,15.9,2020-04
2020-04-23,5471,松翰,電子工業,進榜,準備,33.67,93.0,3.0,0,23.3,5.4,19.4,15.9,33.6,-0.1,23.5,5.4,19.6,15.9,2020-04
2020-04-23,4746,台耀,化學生技醫療,進榜,準備,40.81,90.0,2.0,0,12.1,5.4,7.8,15.9,36.9,-9.6,24.0,5.4,19.3,15.9,2020-04
2020-04-23,2303,聯電,半導體業,進榜,準備,11.17,78.0,3.0,0,-4.4,5.4,14.0,15.9,11.2,0.6,-5.0,5.4,13.3,15.9,2020-04
2020-04-23,3014,聯陽,半導體業,進榜,準備,29.45,77.0,3.0,0,23.9,5.4,53.3,15.9,29.4,-0.2,24.2,5.4,53.6,15.9,2020-04
2020-04-24,5274,信驊,半導體業,進榜,觸發,937.19,93.0,6.0,0,22.8,5.8,10.0,16.2,925.8,-1.2,24.3,5.3,11.4,15.6,2020-04
2020-04-24,5274,信驊,半導體業,觸發,進榜即觸發,937.19,93.0,6.0,0,22.8,5.8,10.0,16.2,925.8,-1.2,24.3,5.3,11.4,15.6,2020-04
2020-04-24,8403,盛弘,生技醫療業,進榜,觸發,25.47,89.0,2.0,0,32.6,5.8,9.2,16.2,27.8,9.0,21.6,5.3,0.1,15.6,2020-04
2020-04-24,8403,盛弘,生技醫療業,觸發,進榜即觸發,25.47,89.0,2.0,0,32.6,5.8,9.2,16.2,27.8,9.0,21.6,5.3,0.1,15.6,2020-04
2020-04-24,4760,勤凱,其他電子類,進榜,準備,58.59,99.0,3.0,0,-9.3,5.8,-9.9,16.2,60.0,2.4,-11.4,5.3,-12.0,15.6,2020-04
2020-04-24,4743,合一,生技醫療業,進榜,準備,46.11,98.0,2.0,0,140.5,5.8,287.5,16.2,47.3,2.5,134.5,5.3,277.9,15.6,2020-04
2020-04-24,9919,康那香,其他,進榜,準備,18.09,98.0,3.0,0,108.1,5.8,89.8,16.2,18.8,3.8,100.5,5.3,82.9,15.6,2020-04
2020-04-24,6561,是方,通信網路業,進榜,準備,220.65,88.0,2.0,0,18.7,5.8,15.0,16.2,228.8,3.7,14.5,5.3,10.9,15.6,2020-04
2020-04-24,5536,聖暉*,其他電子類,進榜,準備,65.54,82.0,2.0,0,5.8,5.8,3.8,16.2,66.5,1.5,4.2,5.3,2.2,15.6,2020-04
2020-04-24,2480,敦陽科,資訊服務業,進榜,準備,40.41,79.0,2.0,0,13.5,5.8,19.3,16.2,40.6,0.5,12.9,5.3,18.7,15.6,2020-04
2020-04-24,2303,聯電,半導體業,移出,掉出掃描母體,11.17,78.0,,1,,,,,,,,,,,2020-04
2020-04-24,1701,中化,生技醫療業,移出,掉出掃描母體,17.12,77.0,,8,,,,,,,,,,,2020-04
2020-04-27,6441,廣錠,電腦及週邊設備業,進榜,觸發,63.09,97.0,3.0,0,15.7,5.0,14.7,13.9,63.1,0.0,15.7,4.5,14.7,13.2,2020-04
2020-04-27,6441,廣錠,電腦及週邊設備業,觸發,進榜即觸發,63.09,97.0,3.0,0,15.7,5.0,14.7,13.9,63.1,0.0,15.7,4.5,14.7,13.2,2020-04
2020-04-27,6547,高端疫苗,生技醫療業,進榜,觸發,35.74,97.0,2.0,0,96.0,5.0,99.6,13.9,37.4,4.8,87.1,4.5,90.6,13.2,2020-04
2020-04-27,6547,高端疫苗,生技醫療業,觸發,進榜即觸發,35.74,97.0,2.0,0,96.0,5.0,99.6,13.9,37.4,4.8,87.1,4.5,90.6,13.2,2020-04
2020-04-27,2614,東森,貿易百貨,進榜,準備,18.31,88.0,1.0,0,19.9,5.0,25.3,13.9,18.6,1.5,18.1,4.5,23.5,13.2,2020-04
2020-04-27,6532,瑞耘,半導體業,進榜,準備,33.36,87.0,3.0,0,101.2,5.0,73.1,13.9,34.2,2.4,96.4,4.5,69.0,13.2,2020-04
2020-04-27,5203,訊連,電子工業,進榜,準備,95.56,85.0,3.0,0,-2.9,5.0,2.1,13.9,96.8,1.2,-4.1,4.5,0.8,13.2,2020-04
2020-04-27,2505,國揚,建材營造,觸發,等待後觸發,27.65,90.0,3.0,12,-5.8,5.0,14.9,13.9,27.9,0.9,-6.6,4.5,13.8,13.2,2020-04
2020-04-27,5309,系統電,電子零組件業,觸發,等待後觸發,22.27,99.0,3.0,4,14.1,5.0,80.1,13.9,22.7,1.9,12.0,4.5,76.7,13.2,2020-04
2020-04-27,6531,愛普*,半導體業,觸發,等待後觸發,71.77,98.0,2.0,4,29.8,5.0,164.3,13.9,75.1,4.7,24.0,4.5,152.4,13.2,2020-04
2020-04-27,4760,勤凱,其他電子類,觸發,等待後觸發,62.88,99.0,3.0,3,-13.9,5.0,-14.7,13.9,62.9,0.0,-13.9,4.5,-14.7,13.2,2020-04
2020-04-27,9919,康那香,其他,觸發,等待後觸發,19.9,98.0,3.0,3,108.0,5.0,74.1,13.9,21.5,8.2,92.2,4.5,60.9,13.2,2020-04
2020-04-28,8926,台汽電,油電燃氣業,進榜,準備,21.13,75.0,1.0,0,15.5,4.4,26.4,11.4,21.2,0.5,15.0,4.0,25.8,10.9,2020-04
2020-04-28,5536,聖暉*,其他電子類,觸發,等待後觸發,67.68,84.0,2.0,4,2.2,4.4,0.5,11.4,68.3,1.0,1.2,4.0,-0.5,10.9,2020-04
2020-04-28,6532,瑞耘,半導體業,觸發,等待後觸發,35.32,90.0,3.0,1,85.9,4.4,57.8,11.4,35.2,-0.4,86.7,4.0,58.5,10.9,2020-04
2020-04-28,4431,敏成健康,其他,移出,掉出掃描母體,162.5,100.0,,5,,,,,,,,,,,2020-04
2020-04-28,5274,信驊,半導體業,移出,突破失敗,853.38,88.0,,4,,,,,,,,,,,2020-04
2020-04-29,3373,熱映,其他電子類,觸發,等待後觸發,58.09,100.0,2.0,6,48.3,2.9,14.6,8.4,63.7,9.7,35.2,2.2,4.5,7.6,2020-04
2020-04-29,4171,瑞基,農業科技業,移出,離高點太遠,95.57,99.0,,15,,,,,,,,,,,2020-04
2020-04-29,4746,台耀,化學生技醫療,移出,離高點太遠,38.26,81.0,,6,,,,,,,,,,,2020-04
2020-04-30,1762,中化生,化學生技醫療,進榜,觸發,45.93,93.0,4.0,0,13.8,1.7,-2.1,5.5,48.6,5.7,7.6,3.0,-7.4,6.5,2020-04
2020-04-30,1762,中化生,化學生技醫療,觸發,進榜即觸發,45.93,93.0,4.0,0,13.8,1.7,-2.1,5.5,48.6,5.7,7.6,3.0,-7.4,6.5,2020-04
2020-04-30,4746,台耀,化學生技醫療,進榜,觸發,42.07,88.0,2.0,0,0.8,1.7,-5.3,5.5,42.9,2.0,-1.2,3.0,-7.1,6.5,2020-04
2020-04-30,4746,台耀,化學生技醫療,觸發,進榜即觸發,42.07,88.0,2.0,0,0.8,1.7,-5.3,5.5,42.9,2.0,-1.2,3.0,-7.1,6.5,2020-04
2020-04-30,1720,生達,化學生技醫療,進榜,準備,26.36,82.0,1.0,0,0.1,1.7,7.2,5.5,25.9,-1.9,2.1,3.0,9.3,6.5,2020-04
2020-04-30,6214,精誠,資訊服務業,進榜,準備,56.67,70.0,1.0,0,-0.4,1.7,5.0,5.5,55.9,-1.4,1.0,3.0,6.4,6.5,2020-04
2020-05-04,2102,泰豐,橡膠工業,進榜,準備,16.99,87.0,3.0,0,2.4,3.6,31.5,7.7,17.2,1.5,0.9,3.2,29.6,7.1,2020-05
2020-05-04,1701,中化,生技醫療業,進榜,準備,18.68,75.0,3.0,0,-2.5,3.6,2.9,7.7,19.4,3.8,-6.1,3.2,-0.9,7.1,2020-05
2020-05-04,6214,精誠,資訊服務業,移出,掉出掃描母體,56.67,70.0,,4,,,,,,,,,,,2020-05
2020-05-05,1732,毛寶,化學工業,進榜,觸發,33.7,99.0,3.0,0,-14.1,3.1,-30.0,8.0,37.1,10.0,-21.9,2.8,-36.3,7.8,2020-05
2020-05-05,1732,毛寶,化學工業,觸發,進榜即觸發,33.7,99.0,3.0,0,-14.1,3.1,-30.0,8.0,37.1,10.0,-21.9,2.8,-36.3,7.8,2020-05
2020-05-05,6504,南六,其他,進榜,準備,192.48,94.0,2.0,0,11.6,3.1,14.9,8.0,194.6,1.1,10.4,2.8,13.7,7.8,2020-05
2020-05-05,6214,精誠,資訊服務業,進榜,準備,56.81,70.0,1.0,0,-2.5,3.1,4.7,8.0,56.8,0.0,-2.5,2.8,4.7,7.8,2020-05
2020-05-05,9958,世紀鋼,鋼鐵工業,觸發,等待後觸發,77.26,86.0,1.0,19,-2.6,3.1,2.4,8.0,78.7,1.9,-4.4,2.8,0.5,7.8,2020-05
2020-05-05,6457,紘康,半導體業,觸發,等待後觸發,67.36,99.0,1.0,13,-25.0,3.1,-34.2,8.0,67.3,-0.1,-24.9,2.8,-34.1,7.8,2020-05
2020-05-05,5471,松翰,電子工業,觸發,等待後觸發,36.58,94.0,3.0,12,14.7,3.1,9.3,8.0,38.3,4.6,9.7,2.8,4.5,7.8,2020-05
2020-05-06,4431,敏成健康,其他,進榜,準備,291.0,100.0,3.0,0,-18.2,4.0,-38.1,8.2,272.4,-6.4,-12.6,3.8,-33.9,7.9,2020-05
2020-05-06,4142,國光生,化學生技醫療,進榜,準備,36.02,91.0,2.0,0,37.6,4.0,86.8,8.2,39.6,9.9,25.2,3.8,70.0,7.9,2020-05
2020-05-06,8271,宇瞻,半導體業,進榜,準備,35.04,90.0,3.0,0,2.3,4.0,-6.7,8.2,35.2,0.5,1.7,3.8,-7.2,7.9,2020-05
2020-05-06,3526,凡甲,電子零組件業,進榜,準備,79.12,83.0,3.0,0,7.7,4.0,3.7,8.2,80.4,1.6,6.0,3.8,2.0,7.9,2020-05
2020-05-06,6214,精誠,資訊服務業,移出,掉出掃描母體,56.81,70.0,,1,,,,,,,,,,,2020-05
2020-05-06,4760,勤凱,其他電子類,移出,離高點太遠,58.02,98.0,,12,,,,,,,,,,,2020-05
2020-05-07,4935,茂林-KY,光電業,進榜,觸發,97.02,84.0,4.0,0,2.2,3.2,-18.7,7.0,97.0,0.0,2.2,2.7,-18.7,6.5,2020-05
2020-05-07,4935,茂林-KY,光電業,觸發,進榜即觸發,97.02,84.0,4.0,0,2.2,3.2,-18.7,7.0,97.0,0.0,2.2,2.7,-18.7,6.5,2020-05
2020-05-07,3545,敦泰,電子工業,進榜,準備,36.15,91.0,2.0,0,-11.5,3.2,2.8,7.0,36.0,-0.5,-11.0,2.7,3.4,6.5,2020-05
2020-05-07,3705,永信,化學生技醫療,進榜,準備,34.87,72.0,1.0,0,-1.0,3.2,-2.1,7.0,35.0,0.4,-1.4,2.7,-2.5,6.5,2020-05
2020-05-07,3014,聯陽,半導體業,觸發,等待後觸發,35.01,84.0,3.0,14,8.0,3.2,36.0,7.0,35.3,0.9,7.1,2.7,34.8,6.5,2020-05
2020-05-07,8454,富邦媒,貿易百貨,觸發,等待後觸發,245.11,97.0,3.0,41,8.0,3.2,21.2,7.0,257.3,5.0,2.9,2.7,15.5,6.5,2020-05
2020-05-08,3557,嘉威,其他,進榜,觸發,49.16,94.0,4.0,0,11.2,4.2,4.6,7.3,47.7,-2.9,14.5,3.6,7.7,7.0,2020-05
2020-05-08,3557,嘉威,其他,觸發,進榜即觸發,49.16,94.0,4.0,0,11.2,4.2,4.6,7.3,47.7,-2.9,14.5,3.6,7.7,7.0,2020-05
2020-05-08,6251,定穎,電子零組件業,進榜,觸發,22.37,90.0,3.0,0,-8.7,4.2,-14.8,7.3,22.5,0.7,-9.3,3.6,-15.4,7.0,2020-05
2020-05-08,6251,定穎,電子零組件業,觸發,進榜即觸發,22.37,90.0,3.0,0,-8.7,4.2,-14.8,7.3,22.5,0.7,-9.3,3.6,-15.4,7.0,2020-05
2020-05-08,6531,愛普*,半導體業,移出,離高點太遠,88.64,99.0,,15,,,,,,,,,,,2020-05
2020-05-08,3705,永信,化學生技醫療,移出,掉出掃描母體,34.87,72.0,,1,,,,,,,,,,,2020-05
2020-05-08,1325,恆大,塑膠工業,移出,離高點太遠,68.49,100.0,,32,,,,,,,,,,,2020-05
2020-05-08,3042,晶技,電子工業,移出,離高點太遠,40.24,90.0,,22,,,,,,,,,,,2020-05
2020-05-08,3669,圓展,光電業,移出,離高點太遠,23.26,96.0,,17,,,,,,,,,,,2020-05
2020-05-08,9919,康那香,其他,移出,離高點太遠,31.53,99.0,,14,,,,,,,,,,,2020-05
2020-05-08,8403,盛弘,生技醫療業,移出,離高點太遠,29.27,92.0,,14,,,,,,,,,,,2020-05
2020-05-08,1762,中化生,化學生技醫療,移出,離高點太遠,50.27,93.0,,8,,,,,,,,,,,2020-05
2020-05-08,4746,台耀,化學生技醫療,移出,離高點太遠,44.58,89.0,,8,,,,,,,,,,,2020-05
2020-05-08,1701,中化,生技醫療業,移出,掉出掃描母體,19.06,77.0,,4,,,,,,,,,,,2020-05
2020-05-08,1732,毛寶,化學工業,移出,離高點太遠,30.7,98.0,,3,,,,,,,,,,,2020-05
2020-05-08,4431,敏成健康,其他,移出,掉出掃描母體,270.0,100.0,,2,,,,,,,,,,,2020-05
2020-05-11,3218,大學光,生技醫療業,進榜,觸發,82.0,90.0,4.0,0,58.8,3.9,68.5,7.4,82.4,0.5,58.1,4.0,67.7,7.4,2020-05
2020-05-11,3218,大學光,生技醫療業,觸發,進榜即觸發,82.0,90.0,4.0,0,58.8,3.9,68.5,7.4,82.4,0.5,58.1,4.0,67.7,7.4,2020-05
2020-05-11,6669,緯穎,電子工業,進榜,觸發,707.47,90.0,4.0,0,-11.1,3.9,-7.1,7.4,712.3,0.7,-11.7,4.0,-7.7,7.4,2020-05
2020-05-11,6669,緯穎,電子工業,觸發,進榜即觸發,707.47,90.0,4.0,0,-11.1,3.9,-7.1,7.4,712.3,0.7,-11.7,4.0,-7.7,7.4,2020-05
2020-05-11,1513,中興電,電機機械,進榜,準備,21.58,79.0,1.0,0,6.8,3.9,13.6,7.4,21.6,0.0,6.8,4.0,13.6,7.4,2020-05
2020-05-11,2614,東森,貿易百貨,觸發,等待後觸發,22.79,94.0,1.0,14,-3.0,3.9,0.4,7.4,22.8,0.0,-3.0,4.0,0.4,7.4,2020-05
2020-05-11,4736,泰博,生技醫療業,觸發,等待後觸發,122.76,95.0,2.0,41,32.9,3.9,23.6,7.4,122.5,-0.2,33.3,4.0,23.9,7.4,2020-05
2020-05-11,3056,富華新,建材營造,移出,掉出掃描母體,9.99,73.0,,27,,,,,,,,,,,2020-05
2020-05-11,2505,國揚,建材營造,移出,離高點太遠,26.06,87.0,,26,,,,,,,,,,,2020-05
2020-05-11,6457,紘康,半導體業,移出,離高點太遠,61.1,99.0,,19,,,,,,,,,,,2020-05
2020-05-11,4133,亞諾法,化學生技醫療,移出,離高點太遠,38.34,92.0,,18,,,,,,,,,,,2020-05
2020-05-11,3373,熱映,其他電子類,移出,離高點太遠,67.99,100.0,,18,,,,,,,,,,,2020-05
2020-05-11,6251,定穎,電子零組件業,移出,突破失敗,20.18,85.0,,3,,,,,,,,,,,2020-05
2020-05-12,2342,茂矽,半導體業,進榜,準備,26.83,94.0,2.0,0,5.5,4.3,7.5,7.9,27.0,0.5,4.9,4.6,7.0,8.0,2020-05
2020-05-12,1218,泰山,食品工業,進榜,準備,18.52,78.0,3.0,0,2.8,4.3,-4.8,7.9,18.7,1.0,1.8,4.6,-5.8,8.0,2020-05
2020-05-12,1513,中興電,電機機械,觸發,等待後觸發,21.93,80.0,1.0,1,4.9,4.3,11.8,7.9,21.2,-3.4,8.6,4.6,15.7,8.0,2020-05
2020-05-12,4935,茂林-KY,光電業,移出,離高點太遠,89.59,78.0,,5,,,,,,,,,,,2020-05
2020-05-13,1762,中化生,化學生技醫療,進榜,觸發,62.39,96.0,4.0,0,-18.3,4.2,-18.7,7.4,63.4,1.6,-19.5,4.4,-19.9,7.7,2020-05
2020-05-13,1762,中化生,化學生技醫療,觸發,進榜即觸發,62.39,96.0,4.0,0,-18.3,4.2,-18.7,7.4,63.4,1.6,-19.5,4.4,-19.9,7.7,2020-05
2020-05-13,5274,信驊,半導體業,進榜,觸發,975.29,91.0,6.0,0,10.9,4.2,-6.2,7.4,956.2,-2.0,13.1,4.4,-4.4,7.7,2020-05
2020-05-13,5274,信驊,半導體業,觸發,進榜即觸發,975.29,91.0,6.0,0,10.9,4.2,-6.2,7.4,956.2,-2.0,13.1,4.4,-4.4,7.7,2020-05
2020-05-13,4133,亞諾法,化學生技醫療,進榜,準備,46.31,94.0,3.0,0,31.7,4.2,69.8,7.4,48.7,5.1,25.4,4.4,61.6,7.7,2020-05
2020-05-13,4743,合一,生技醫療業,觸發,等待後觸發,66.27,99.0,2.0,19,168.3,4.2,183.5,7.4,72.9,10.0,144.0,4.4,157.7,7.7,2020-05
2020-05-13,8454,富邦媒,貿易百貨,移出,離高點太遠,225.06,95.0,,47,,,,,,,,,,,2020-05
2020-05-13,5203,訊連,電子工業,移出,掉出掃描母體,92.39,75.0,,16,,,,,,,,,,,2020-05
2020-05-13,6441,廣錠,電腦及週邊設備業,移出,離高點太遠,70.77,97.0,,16,,,,,,,,,,,2020-05
2020-05-13,3545,敦泰,電子工業,移出,離高點太遠,31.3,86.0,,6,,,,,,,,,,,2020-05
2020-05-14,4171,瑞基,農業科技業,進榜,觸發,152.18,99.0,4.0,0,59.8,3.7,-14.6,9.2,167.4,10.0,45.3,3.0,-22.4,8.8,2020-05
2020-05-14,4171,瑞基,農業科技業,觸發,進榜即觸發,152.18,99.0,4.0,0,59.8,3.7,-14.6,9.2,167.4,10.0,45.3,3.0,-22.4,8.8,2020-05
2020-05-14,4128,中天,生技醫療業,進榜,觸發,17.48,96.0,2.0,0,64.9,3.7,268.7,9.2,19.2,9.9,50.1,3.0,235.5,8.8,2020-05
2020-05-14,4128,中天,生技醫療業,觸發,進榜即觸發,17.48,96.0,2.0,0,64.9,3.7,268.7,9.2,19.2,9.9,50.1,3.0,235.5,8.8,2020-05
2020-05-14,5904,寶雅,貿易百貨,觸發,等待後觸發,41.67,89.0,3.0,24,3.4,3.7,8.9,9.2,43.7,5.0,-1.5,3.0,3.7,8.8,2020-05
2020-05-14,4133,亞諾法,化學生技醫療,觸發,等待後觸發,50.91,97.0,3.0,1,23.4,3.7,41.5,9.2,52.4,3.0,19.8,3.0,37.4,8.8,2020-05
2020-05-14,5309,系統電,電子零組件業,移出,離高點太遠,23.36,99.0,,21,,,,,,,,,,,2020-05
2020-05-14,2102,泰豐,橡膠工業,移出,離高點太遠,15.49,83.0,,10,,,,,,,,,,,2020-05
2020-05-14,3557,嘉威,其他,移出,突破失敗,45.09,90.0,,6,,,,,,,,,,,2020-05
2020-05-14,6669,緯穎,電子工業,移出,突破失敗,649.12,89.0,,3,,,,,,,,,,,2020-05
2020-05-15,5269,祥碩,半導體業,進榜,觸發,925.85,95.0,4.0,0,30.5,3.2,71.4,8.7,934.7,1.0,29.2,3.1,69.8,8.7,2020-05
2020-05-15,5269,祥碩,半導體業,觸發,進榜即觸發,925.85,95.0,4.0,0,30.5,3.2,71.4,8.7,934.7,1.0,29.2,3.1,69.8,8.7,2020-05
2020-05-15,1325,恆大,塑膠工業,進榜,準備,86.0,100.0,2.0,0,67.3,3.2,58.3,8.7,94.4,9.7,52.4,3.1,44.2,8.7,2020-05
2020-05-15,5522,遠雄,建材營造,進榜,準備,26.5,77.0,1.0,0,0.3,3.2,9.3,8.7,26.1,-1.6,2.0,3.1,11.1,8.7,2020-05
2020-05-15,8112,至上,電子工業,移出,掉出掃描母體,18.75,77.0,,31,,,,,,,,,,,2020-05
2020-05-15,2614,東森,貿易百貨,移出,離高點太遠,21.69,92.0,,18,,,,,,,,,,,2020-05
2020-05-15,1720,生達,化學生技醫療,移出,離高點太遠,26.22,79.0,,15,,,,,,,,,,,2020-05
2020-05-18,6598,ABC-KY,化學生技醫療,進榜,準備,91.64,98.0,2.0,0,36.1,3.1,5.5,8.5,90.0,-1.8,38.6,2.1,7.4,7.6,2020-05
2020-05-18,1904,正隆,造紙工業,進榜,準備,17.84,82.0,2.0,0,-0.9,3.1,15.8,8.5,18.2,1.9,-2.8,2.1,13.5,7.6,2020-05
2020-05-18,2347,聯強,電子工業,進榜,準備,28.88,76.0,1.0,0,8.2,3.1,11.0,8.5,29.2,0.9,7.2,2.1,9.9,7.6,2020-05
2020-05-18,3705,永信,化學生技醫療,進榜,準備,35.01,74.0,1.0,0,-2.9,3.1,-2.8,8.5,35.2,0.6,-3.5,2.1,-3.3,7.6,2020-05
2020-05-18,4142,國光生,化學生技醫療,觸發,等待後觸發,47.22,96.0,2.0,12,40.0,3.1,41.2,8.5,51.9,10.0,27.3,2.1,28.4,7.6,2020-05
2020-05-18,8046,南電,電子工業,移出,離高點太遠,53.93,83.0,,34,,,,,,,,,,,2020-05
2020-05-18,6416,瑞祺電通,通信網路業,移出,掉出掃描母體,101.65,85.0,,33,,,,,,,,,,,2020-05
2020-05-18,2342,茂矽,半導體業,移出,離高點太遠,24.09,89.0,,6,,,,,,,,,,,2020-05
2020-05-19,6261,久元,半導體業,進榜,準備,40.37,87.0,3.0,0,3.0,4.0,4.5,8.0,41.1,1.8,1.1,3.8,2.6,7.7,2020-05
2020-05-19,2382,廣達,電子工業,進榜,準備,46.82,71.0,1.0,0,-0.4,4.0,15.0,8.0,47.3,1.0,-1.4,3.8,13.8,7.7,2020-05
2020-05-19,4736,泰博,生技醫療業,移出,離高點太遠,147.14,96.0,,49,,,,,,,,,,,2020-05
2020-05-19,4735,豪展,生技醫療業,移出,離高點太遠,45.64,91.0,,35,,,,,,,,,,,2020-05
2020-05-19,1762,中化生,化學生技醫療,移出,突破失敗,57.05,95.0,,6,,,,,,,,,,,2020-05
2020-05-20,4167,松瑞藥,生技醫療業,進榜,準備,21.94,82.0,3.0,0,61.7,4.1,24.2,8.4,21.9,0.0,61.7,3.7,24.2,7.9,2020-05
2020-05-20,1325,恆大,塑膠工業,觸發,等待後觸發,113.77,100.0,2.0,5,24.1,4.1,10.6,8.4,113.8,0.0,24.1,3.7,10.6,7.9,2020-05
2020-05-21,3373,熱映,其他電子類,進榜,觸發,89.77,100.0,1.0,0,1.5,3.7,-16.4,8.3,92.1,2.6,-1.1,3.7,-18.5,8.2,2020-05
2020-05-21,3373,熱映,其他電子類,觸發,進榜即觸發,89.77,100.0,1.0,0,1.5,3.7,-16.4,8.3,92.1,2.6,-1.1,3.7,-18.5,8.2,2020-05
2020-05-21,8034,榮群,通信網路業,進榜,觸發,31.15,98.0,4.0,0,-39.7,3.7,-39.3,8.3,32.6,4.6,-42.3,3.7,-42.0,8.2,2020-05
2020-05-21,8034,榮群,通信網路業,觸發,進榜即觸發,31.15,98.0,4.0,0,-39.7,3.7,-39.3,8.3,32.6,4.6,-42.3,3.7,-42.0,8.2,2020-05
2020-05-21,2363,矽統,半導體業,進榜,觸發,11.88,92.0,1.0,0,-9.1,3.7,2.3,8.3,12.3,3.4,-12.1,3.7,-1.1,8.2,2020-05
2020-05-21,2363,矽統,半導體業,觸發,進榜即觸發,11.88,92.0,1.0,0,-9.1,3.7,2.3,8.3,12.3,3.4,-12.1,3.7,-1.1,8.2,2020-05
2020-05-21,2342,茂矽,半導體業,進榜,準備,27.29,90.0,2.0,0,-3.0,3.7,-0.8,8.3,26.9,-1.3,-1.7,3.7,0.5,8.2,2020-05
2020-05-21,2417,圓剛,電子工業,進榜,準備,15.14,84.0,2.0,0,88.1,3.7,291.6,8.3,15.4,1.4,85.5,3.7,286.2,8.2,2020-05
2020-05-21,5215,科嘉-KY,電腦及週邊設備業,進榜,準備,53.14,81.0,3.0,0,30.5,3.7,129.1,8.3,54.9,3.3,26.4,3.7,121.8,8.2,2020-05
2020-05-21,3706,神達,電子工業,進榜,準備,21.92,71.0,3.0,0,-5.6,3.7,-0.0,8.3,22.0,0.5,-6.0,3.7,-0.5,8.2,2020-05
2020-05-21,3705,永信,化學生技醫療,移出,掉出掃描母體,34.44,72.0,,3,,,,,,,,,,,2020-05
2020-05-21,2448,晶電,光電業,移出,晚期未觸發,37.45,80.0,,34,,,,,,,,,,,2020-05
2020-05-22,4117,普生,生技醫療業,進榜,準備,67.9,100.0,3.0,0,157.7,4.8,78.9,9.1,55.6,-18.1,214.5,4.7,118.4,8.6,2020-05
2020-05-22,1760,寶齡富錦,化學生技醫療,進榜,準備,143.74,95.0,3.0,0,-16.4,4.8,-24.5,9.1,147.2,2.4,-18.3,4.7,-26.3,8.6,2020-05
2020-05-22,3016,嘉晶,半導體業,進榜,準備,59.36,83.0,2.0,0,7.6,4.8,12.8,9.1,61.1,2.9,4.5,4.7,9.5,8.6,2020-05
2020-05-22,3706,神達,電子工業,移出,掉出掃描母體,21.92,71.0,,1,,,,,,,,,,,2020-05
2020-05-22,1218,泰山,食品工業,移出,掉出掃描母體,18.45,73.0,,10,,,,,,,,,,,2020-05
2020-05-25,4106,雃博,化學生技醫療,進榜,觸發,34.07,92.0,2.0,0,-8.9,4.4,-17.9,8.0,35.8,5.0,-13.2,3.8,-21.8,7.4,2020-05
2020-05-25,4106,雃博,化學生技醫療,觸發,進榜即觸發,34.07,92.0,2.0,0,-8.9,4.4,-17.9,8.0,35.8,5.0,-13.2,3.8,-21.8,7.4,2020-05
2020-05-25,9919,康那香,其他,進榜,準備,37.65,98.0,3.0,0,-0.2,4.4,3.2,8.0,40.4,7.4,-7.1,3.8,-4.0,7.4,2020-05
2020-05-25,6589,台康生技,生技醫療業,進榜,準備,60.31,96.0,1.0,0,-3.6,4.4,-9.8,8.0,61.9,2.6,-6.1,3.8,-12.1,7.4,2020-05
2020-05-25,6492,生華科,生技醫療業,進榜,準備,126.08,95.0,1.0,0,-10.6,4.4,18.2,8.0,128.0,1.5,-11.9,3.8,16.4,7.4,2020-05
2020-05-25,6416,瑞祺電通,通信網路業,進榜,準備,114.77,88.0,3.0,0,4.6,4.4,13.3,8.0,118.9,3.6,1.0,3.8,9.4,7.4,2020-05
2020-05-25,3056,富華新,建材營造,進榜,準備,10.54,73.0,1.0,0,8.4,4.4,16.5,8.0,10.6,0.3,8.1,3.8,16.2,7.4,2020-05
2020-05-25,3705,永信,化學生技醫療,進榜,準備,34.87,70.0,1.0,0,2.4,4.4,-3.1,8.0,35.1,0.6,1.7,3.8,-3.7,7.4,2020-05
2020-05-25,3211,順達,電腦及週邊設備業,觸發,等待後觸發,50.13,83.0,3.0,45,-2.4,4.4,4.3,8.0,51.6,2.9,-5.2,3.8,1.4,7.4,2020-05
2020-05-25,3016,嘉晶,半導體業,觸發,等待後觸發,65.24,86.0,2.0,3,-5.4,4.4,8.0,8.0,66.5,2.0,-7.2,3.8,5.9,7.4,2020-05
2020-05-25,6561,是方,通信網路業,觸發,等待後觸發,261.97,91.0,2.0,31,14.2,4.4,12.7,8.0,273.0,4.2,9.6,3.8,8.1,7.4,2020-05
2020-05-25,4167,松瑞藥,生技醫療業,觸發,等待後觸發,24.04,85.0,3.0,5,43.2,4.4,14.9,8.0,24.7,2.7,39.3,3.8,11.8,7.4,2020-05
2020-05-25,5215,科嘉-KY,電腦及週邊設備業,觸發,等待後觸發,60.35,87.0,3.0,4,18.3,4.4,80.6,8.0,63.6,5.4,12.3,3.8,71.4,7.4,2020-05
2020-05-25,2382,廣達,電子工業,移出,掉出掃描母體,47.1,71.0,,6,,,,,,,,,,,2020-05
2020-05-25,4117,普生,生技醫療業,移出,離高點太遠,109.0,100.0,,3,,,,,,,,,,,2020-05
2020-05-26,3533,嘉澤,電子工業,進榜,準備,350.4,87.0,3.0,0,-8.1,3.6,-7.7,4.4,355.0,1.3,-9.3,3.2,-8.9,4.0,2020-05
2020-05-26,9919,康那香,其他,觸發,等待後觸發,41.4,99.0,3.0,1,-8.8,3.6,-9.0,4.4,40.5,-2.2,-6.8,3.2,-7.0,4.0,2020-05
2020-05-26,3705,永信,化學生技醫療,移出,掉出掃描母體,34.87,70.0,,1,,,,,,,,,,,2020-05
2020-05-26,4128,中天,生技醫療業,移出,離高點太遠,21.27,95.0,,12,,,,,,,,,,,2020-05
2020-05-26,6598,ABC-KY,化學生技醫療,移出,離高點太遠,109.77,97.0,,8,,,,,,,,,,,2020-05
2020-05-26,3373,熱映,其他電子類,移出,離高點太遠,80.53,99.0,,5,,,,,,,,,,,2020-05
2020-05-27,3178,公準,電機機械,進榜,準備,50.14,93.0,3.0,0,0.7,3.3,-10.7,5.6,51.8,3.2,-2.4,3.0,-13.5,5.2,2020-05
2020-05-27,2404,漢唐,其他電子業,進榜,準備,137.43,75.0,3.0,0,2.6,3.3,1.8,5.6,138.1,0.5,2.1,3.0,1.3,5.2,2020-05
2020-05-27,3705,永信,化學生技醫療,進榜,準備,34.8,70.0,1.0,0,0.0,3.3,-5.1,5.6,35.0,0.5,-0.5,3.0,-5.6,5.2,2020-05
2020-05-27,3056,富華新,建材營造,觸發,等待後觸發,10.75,75.0,1.0,2,5.6,3.3,14.3,5.6,10.8,0.3,5.3,3.0,14.0,5.2,2020-05
2020-05-27,8271,宇瞻,半導體業,觸發,等待後觸發,37.33,84.0,3.0,21,-10.0,3.3,-24.0,5.6,38.3,2.7,-12.3,3.0,-26.0,5.2,2020-05
2020-05-27,1229,聯華,食品工業,移出,逾期,20.59,71.0,,56,,,,,,,,,,,2020-05
2020-05-27,6582,申豐,橡膠工業,移出,離高點太遠,74.36,93.0,,37,,,,,,,,,,,2020-05
2020-05-27,8034,榮群,通信網路業,移出,離高點太遠,29.27,98.0,,6,,,,,,,,,,,2020-05
2020-05-27,1760,寶齡富錦,化學生技醫療,移出,離高點太遠,127.62,93.0,,5,,,,,,,,,,,2020-05
2020-05-27,4106,雃博,化學生技醫療,移出,離高點太遠,31.34,91.0,,2,,,,,,,,,,,2020-05
2020-05-28,4142,國光生,化學生技醫療,移出,離高點太遠,54.6,96.0,,22,,,,,,,,,,,2020-05
2020-05-28,4133,亞諾法,化學生技醫療,移出,離高點太遠,58.02,96.0,,15,,,,,,,,,,,2020-05
2020-05-28,2363,矽統,半導體業,移出,離高點太遠,10.98,91.0,,7,,,,,,,,,,,2020-05
2020-05-28,6589,台康生技,生技醫療業,移出,離高點太遠,54.12,94.0,,3,,,,,,,,,,,2020-05
2020-05-29,6112,邁達特,電子工業,進榜,準備,30.43,79.0,1.0,0,4.0,3.6,5.8,6.9,31.2,2.6,1.4,3.2,3.1,6.5,2020-05
2020-05-29,2458,義隆,半導體業,進榜,準備,63.86,70.0,3.0,0,27.0,3.6,49.7,6.9,65.8,3.0,23.3,3.2,45.3,6.5,2020-05
2020-05-29,3705,永信,化學生技醫療,移出,掉出掃描母體,34.51,70.0,,2,,,,,,,,,,,2020-05
2020-06-01,6104,創惟,半導體業,進榜,觸發,42.23,92.0,4.0,0,19.2,3.3,48.1,6.4,42.4,0.4,18.7,3.0,47.5,6.0,2020-06
2020-06-01,6104,創惟,半導體業,觸發,進榜即觸發,42.23,92.0,4.0,0,19.2,3.3,48.1,6.4,42.4,0.4,18.7,3.0,47.5,6.0,2020-06
2020-06-01,4736,泰博,生技醫療業,進榜,準備,176.68,97.0,2.0,0,-9.7,3.3,-31.1,6.4,174.1,-1.5,-8.4,3.0,-30.1,6.0,2020-06
2020-06-01,8454,富邦媒,貿易百貨,進榜,準備,263.58,94.0,3.0,0,28.4,3.3,24.9,6.4,263.8,0.1,28.2,3.0,24.8,6.0,2020-06
2020-06-01,8069,元太,光電業,進榜,準備,34.57,82.0,2.0,0,0.2,3.3,-0.3,6.4,34.5,-0.1,0.4,3.0,-0.2,6.0,2020-06
2020-06-01,1315,達新,塑膠工業,進榜,準備,64.58,81.0,1.0,0,-12.0,3.3,-7.7,6.4,65.0,0.6,-12.5,3.0,-8.3,6.0,2020-06
2020-06-01,1717,長興,化學工業,進榜,準備,26.98,78.0,1.0,0,-6.4,3.3,8.3,6.4,27.3,1.2,-7.5,3.0,7.0,6.0,2020-06
2020-06-01,2480,敦陽科,資訊服務業,觸發,等待後觸發,48.49,80.0,2.0,38,-1.5,3.3,-6.2,6.4,48.6,0.1,-1.6,3.0,-6.3,6.0,2020-06
2020-06-01,2404,漢唐,其他電子業,觸發,等待後觸發,142.06,76.0,3.0,5,-0.5,3.3,3.9,6.4,144.0,1.4,-1.9,3.0,2.5,6.0,2020-06
2020-06-01,2458,義隆,半導體業,觸發,等待後觸發,70.24,78.0,3.0,3,19.3,3.3,32.7,6.4,70.9,0.9,18.2,3.0,31.5,6.0,2020-06
2020-06-01,3526,凡甲,電子零組件業,觸發,等待後觸發,89.25,87.0,3.0,26,-10.9,3.3,-10.8,6.4,88.4,-1.0,-10.0,3.0,-10.0,6.0,2020-06
2020-06-01,5522,遠雄,建材營造,移出,掉出掃描母體,26.32,71.0,,17,,,,,,,,,,,2020-06
2020-06-01,1904,正隆,造紙工業,移出,掉出掃描母體,18.22,72.0,,14,,,,,,,,,,,2020-06
2020-06-01,6492,生華科,生技醫療業,移出,離高點太遠,114.14,94.0,,7,,,,,,,,,,,2020-06
2020-06-02,6531,愛普*,半導體業,進榜,準備,112.04,99.0,2.0,0,85.5,4.0,24.0,5.9,118.6,5.8,75.3,3.3,17.2,5.5,2020-06
2020-06-02,1904,正隆,造紙工業,進榜,準備,18.38,70.0,2.0,0,0.2,4.0,16.3,5.9,18.5,0.6,-0.4,3.3,15.6,5.5,2020-06
2020-06-02,6547,高端疫苗,生技醫療業,移出,離高點太遠,58.26,98.0,,36,,,,,,,,,,,2020-06
2020-06-02,5274,信驊,半導體業,移出,離高點太遠,1001.95,89.0,,20,,,,,,,,,,,2020-06
2020-06-02,4167,松瑞藥,生技醫療業,移出,離高點太遠,21.69,76.0,,13,,,,,,,,,,,2020-06
2020-06-02,9919,康那香,其他,移出,離高點太遠,34.29,98.0,,8,,,,,,,,,,,2020-06
2020-06-03,4128,中天,生技醫療業,進榜,準備,25.37,97.0,3.0,0,183.2,3.1,144.0,5.3,26.0,2.3,176.9,2.7,138.6,4.9,2020-06
2020-06-03,5522,遠雄,建材營造,進榜,準備,27.04,71.0,1.0,0,9.1,3.1,12.4,5.3,27.1,0.3,8.8,2.7,12.0,4.9,2020-06
2020-06-03,6504,南六,其他,觸發,等待後觸發,236.19,95.0,2.0,29,-8.5,3.1,-3.4,5.3,239.6,1.4,-9.8,2.7,-4.8,4.9,2020-06
2020-06-03,6531,愛普*,半導體業,觸發,等待後觸發,123.07,99.0,2.0,1,85.4,3.1,18.9,5.3,125.3,1.8,82.0,2.7,16.8,4.9,2020-06
2020-06-03,1904,正隆,造紙工業,移出,掉出掃描母體,18.38,70.0,,1,,,,,,,,,,,2020-06
2020-06-04,4760,勤凱,其他電子類,進榜,觸發,62.45,97.0,4.0,0,-5.4,4.0,-12.9,5.3,63.1,1.0,-6.3,3.8,-13.8,5.0,2020-06
2020-06-04,4760,勤凱,其他電子類,觸發,進榜即觸發,62.45,97.0,4.0,0,-5.4,4.0,-12.9,5.3,63.1,1.0,-6.3,3.8,-13.8,5.0,2020-06
2020-06-04,6231,系微,資訊服務業,進榜,觸發,61.41,90.0,3.0,0,18.1,4.0,10.2,5.3,63.6,3.5,14.0,3.8,6.4,5.0,2020-06
2020-06-04,6231,系微,資訊服務業,觸發,進榜即觸發,61.41,90.0,3.0,0,18.1,4.0,10.2,5.3,63.6,3.5,14.0,3.8,6.4,5.0,2020-06
2020-06-04,4977,眾達-KY,電子工業,進榜,準備,100.93,83.0,3.0,0,1.4,4.0,-14.2,5.3,100.9,0.0,1.4,3.8,-14.2,5.0,2020-06
2020-06-04,3026,禾伸堂,電子工業,進榜,準備,84.45,82.0,3.0,0,-1.2,4.0,-15.4,5.3,85.4,1.2,-2.3,3.8,-16.3,5.0,2020-06
2020-06-04,3152,璟德,通信網路業,進榜,準備,483.04,82.0,2.0,0,26.2,4.0,9.4,5.3,481.6,-0.3,26.5,3.8,9.7,5.0,2020-06
2020-06-04,6532,瑞耘,半導體業,移出,離高點太遠,60.28,97.0,,38,,,,,,,,,,,2020-06
2020-06-05,2376,技嘉,電子工業,進榜,觸發,49.54,83.0,4.0,0,2.0,3.0,27.8,4.3,50.3,1.6,0.4,2.5,25.8,3.6,2020-06
2020-06-05,2376,技嘉,電子工業,觸發,進榜即觸發,49.54,83.0,4.0,0,2.0,3.0,27.8,4.3,50.3,1.6,0.4,2.5,25.8,3.6,2020-06
2020-06-05,6127,九豪,電子零組件業,進榜,準備,17.8,76.0,1.0,0,-4.2,3.0,-11.4,4.3,18.0,1.4,-5.5,2.5,-12.6,3.6,2020-06
2020-06-05,5522,遠雄,建材營造,移出,掉出掃描母體,27.1,70.0,,2,,,,,,,,,,,2020-06
2020-06-08,2505,國揚,建材營造,進榜,準備,30.41,92.0,3.0,0,0.4,3.5,25.1,4.4,30.7,0.8,-0.4,3.3,24.1,4.1,2020-06
2020-06-08,3680,家登,半導體業,進榜,準備,207.98,91.0,3.0,0,37.5,3.5,11.7,4.4,208.0,0.0,37.5,3.3,11.7,4.1,2020-06
2020-06-08,4735,豪展,生技醫療業,進榜,準備,50.08,88.0,2.0,0,22.8,3.5,38.8,4.4,50.6,1.0,21.6,3.3,37.4,4.1,2020-06
2020-06-08,4167,松瑞藥,生技醫療業,進榜,準備,26.47,86.0,3.0,0,23.6,3.5,5.1,4.4,28.4,7.3,15.2,3.3,-2.0,4.1,2020-06
2020-06-08,2454,聯發科,半導體業,進榜,準備,342.39,76.0,2.0,0,36.1,3.5,22.7,4.4,340.0,-0.7,37.1,3.3,23.6,4.1,2020-06
2020-06-08,5522,遠雄,建材營造,進榜,準備,27.47,71.0,1.0,0,9.3,3.5,11.2,4.4,27.5,0.2,9.1,3.3,10.9,4.1,2020-06
2020-06-08,6112,邁達特,電子工業,觸發,等待後觸發,34.28,85.0,1.0,10,4.3,3.5,-7.3,4.4,34.3,0.0,4.3,3.3,-7.3,4.1,2020-06
2020-06-08,5471,松翰,電子工業,移出,離高點太遠,37.82,88.0,,46,,,,,,,,,,,2020-06
2020-06-09,6409,旭隼,其他電子業,進榜,準備,668.51,73.0,1.0,0,9.0,4.0,22.3,4.4,663.7,-0.7,9.8,3.9,23.2,4.3,2020-06
2020-06-09,2417,圓剛,電子工業,觸發,等待後觸發,19.43,93.0,2.0,19,104.3,4.0,332.0,4.4,20.9,7.4,90.3,3.9,302.4,4.3,2020-06
2020-06-09,5536,聖暉*,其他電子類,移出,掉出掃描母體,70.16,70.0,,46,,,,,,,,,,,2020-06
2020-06-09,4977,眾達-KY,電子工業,移出,掉出掃描母體,97.57,74.0,,5,,,,,,,,,,,2020-06
2020-06-09,2376,技嘉,電子工業,移出,突破失敗,45.52,77.0,,4,,,,,,,,,,,2020-06
2020-06-10,9919,康那香,其他,進榜,準備,40.36,98.0,3.0,0,-8.4,2.4,-6.7,4.0,40.9,1.3,-9.6,2.3,-7.8,4.2,2020-06
2020-06-10,1720,生達,化學生技醫療,進榜,準備,28.29,73.0,2.0,0,12.9,2.4,-3.6,4.0,28.5,0.8,12.0,2.3,-4.4,4.2,2020-06
2020-06-10,1229,聯華,食品工業,進榜,準備,21.28,70.0,1.0,0,-0.3,2.4,16.7,4.0,21.3,0.0,-0.3,2.3,16.7,4.2,2020-06
2020-06-10,4128,中天,生技醫療業,觸發,等待後觸發,31.32,98.0,3.0,7,231.4,2.4,83.2,4.0,30.9,-1.5,236.4,2.3,86.0,4.2,2020-06
2020-06-10,3152,璟德,通信網路業,移出,掉出掃描母體,483.04,72.0,,6,,,,,,,,,,,2020-06
2020-06-10,1717,長興,化學工業,移出,掉出掃描母體,25.73,73.0,,9,,,,,,,,,,,2020-06
2020-06-11,3189,景碩,半導體業,進榜,準備,54.41,80.0,3.0,0,4.6,5.3,-0.1,6.0,53.6,-1.5,6.2,7.8,1.5,8.3,2020-06
2020-06-11,2379,瑞昱,半導體業,進榜,準備,206.3,73.0,3.0,0,31.8,5.3,39.5,6.0,201.0,-2.6,35.3,7.8,43.2,8.3,2020-06
2020-06-11,5522,遠雄,建材營造,移出,掉出掃描母體,27.38,70.0,,3,,,,,,,,,,,2020-06
2020-06-11,1229,聯華,食品工業,移出,掉出掃描母體,21.28,70.0,,1,,,,,,,,,,,2020-06
2020-06-11,9958,世紀鋼,鋼鐵工業,移出,掉出掃描母體,77.01,71.0,,56,,,,,,,,,,,2020-06
2020-06-11,2478,大毅,電子工業,移出,逾期,59.5,92.0,,56,,,,,,,,,,,2020-06
2020-06-11,3526,凡甲,電子零組件業,移出,掉出掃描母體,79.46,73.0,,36,,,,,,,,,,,2020-06
2020-06-11,6261,久元,半導體業,移出,晚期未觸發,39.5,83.0,,23,,,,,,,,,,,2020-06
2020-06-11,3533,嘉澤,電子工業,移出,晚期未觸發,316.61,80.0,,16,,,,,,,,,,,2020-06
2020-06-11,4760,勤凱,其他電子類,移出,離高點太遠,57.81,97.0,,7,,,,,,,,,,,2020-06
2020-06-11,6231,系微,資訊服務業,移出,離高點太遠,54.79,86.0,,7,,,,,,,,,,,2020-06
2020-06-11,2505,國揚,建材營造,移出,離高點太遠,27.59,86.0,,3,,,,,,,,,,,2020-06
2020-06-11,4743,合一,生技醫療業,移出,離高點太遠,160.24,99.0,,48,,,,,,,,,,,2020-06
2020-06-11,4128,中天,生技醫療業,移出,離高點太遠,28.83,98.0,,8,,,,,,,,,,,2020-06
2020-06-12,3406,玉晶光,光電業,進榜,準備,491.3,84.0,3.0,0,34.0,5.3,0.8,6.6,492.1,0.2,33.7,5.2,0.6,6.3,2020-06
2020-06-12,4130,健亞,生技醫療業,進榜,準備,25.76,76.0,2.0,0,54.3,5.3,17.8,6.6,27.5,6.7,44.6,5.2,10.4,6.3,2020-06
2020-06-12,3532,台勝科,半導體業,移出,掉出掃描母體,128.03,78.0,,53,,,,,,,,,,,2020-06
2020-06-12,3217,優群,電子零組件業,移出,離高點太遠,66.11,83.0,,51,,,,,,,,,,,2020-06
2020-06-12,3178,公準,電機機械,移出,晚期未觸發,51.31,93.0,,16,,,,,,,,,,,2020-06
2020-06-12,3026,禾伸堂,電子工業,移出,掉出掃描母體,77.95,75.0,,8,,,,,,,,,,,2020-06
2020-06-12,6127,九豪,電子零組件業,移出,掉出掃描母體,17.5,75.0,,7,,,,,,,,,,,2020-06
2020-06-15,4167,松瑞藥,生技醫療業,觸發,等待後觸發,32.68,93.0,3.0,7,-10.6,5.2,-12.2,6.3,34.0,4.0,-14.0,4.5,-15.6,5.4,2020-06
2020-06-15,4130,健亞,生技醫療業,觸發,等待後觸發,28.32,84.0,2.0,3,38.5,5.2,17.8,6.3,31.1,9.9,26.0,4.5,7.2,5.4,2020-06
2020-06-15,3056,富華新,建材營造,移出,掉出掃描母體,10.76,70.0,,21,,,,,,,,,,,2020-06
2020-06-15,8271,宇瞻,半導體業,移出,掉出掃描母體,33.56,71.0,,40,,,,,,,,,,,2020-06
2020-06-15,2342,茂矽,半導體業,移出,離高點太遠,25.28,80.0,,25,,,,,,,,,,,2020-06
2020-06-15,5215,科嘉-KY,電腦及週邊設備業,移出,離高點太遠,63.65,90.0,,25,,,,,,,,,,,2020-06
2020-06-15,3016,嘉晶,半導體業,移出,離高點太遠,60.37,74.0,,24,,,,,,,,,,,2020-06
2020-06-15,6416,瑞祺電通,通信網路業,移出,掉出掃描母體,109.03,79.0,,21,,,,,,,,,,,2020-06
2020-06-15,1315,達新,塑膠工業,移出,掉出掃描母體,57.99,75.0,,14,,,,,,,,,,,2020-06
2020-06-15,6409,旭隼,其他電子業,移出,掉出掃描母體,681.34,72.0,,6,,,,,,,,,,,2020-06
2020-06-16,4117,普生,生技醫療業,進榜,準備,174.5,100.0,3.0,0,4.9,3.8,-45.8,5.0,155.5,-10.9,17.7,3.4,-39.2,4.6,2020-06
2020-06-16,3152,璟德,通信網路業,進榜,準備,495.61,79.0,2.0,0,11.5,3.8,9.5,5.0,492.8,-0.6,12.2,3.4,10.1,4.6,2020-06
2020-06-16,3234,光環,通信網路業,進榜,準備,33.98,73.0,2.0,0,32.6,3.8,5.0,5.0,34.9,2.8,29.0,3.4,2.1,4.6,2020-06
2020-06-16,2454,聯發科,半導體業,觸發,等待後觸發,353.12,78.0,2.0,8,19.6,3.8,19.6,5.0,353.8,0.2,19.4,3.4,19.4,4.6,2020-06
2020-06-16,2347,聯強,電子工業,移出,掉出掃描母體,31.25,75.0,,29,,,,,,,,,,,2020-06
2020-06-16,1513,中興電,電機機械,移出,掉出掃描母體,21.74,72.0,,36,,,,,,,,,,,2020-06
2020-06-16,1325,恆大,塑膠工業,移出,離高點太遠,139.27,100.0,,32,,,,,,,,,,,2020-06
2020-06-17,6598,ABC-KY,化學生技醫療,進榜,觸發,150.41,99.0,3.0,0,-35.7,2.2,-28.0,3.7,165.4,9.9,-41.5,1.9,-34.5,3.6,2020-06
2020-06-17,6598,ABC-KY,化學生技醫療,觸發,進榜即觸發,150.41,99.0,3.0,0,-35.7,2.2,-28.0,3.7,165.4,9.9,-41.5,1.9,-34.5,3.6,2020-06
2020-06-17,6547,高端疫苗,生技醫療業,進榜,觸發,75.61,98.0,2.0,0,-2.6,2.2,-16.0,3.7,75.0,-0.9,-1.7,1.9,-15.3,3.6,2020-06
2020-06-17,6547,高端疫苗,生技醫療業,觸發,進榜即觸發,75.61,98.0,2.0,0,-2.6,2.2,-16.0,3.7,75.0,-0.9,-1.7,1.9,-15.3,3.6,2020-06
2020-06-17,4102,永日,生技醫療業,進榜,觸發,32.59,93.0,3.0,0,-5.9,2.2,-23.0,3.7,33.2,1.8,-7.6,1.9,-24.3,3.6,2020-06
2020-06-17,4102,永日,生技醫療業,觸發,進榜即觸發,32.59,93.0,3.0,0,-5.9,2.2,-23.0,3.7,33.2,1.8,-7.6,1.9,-24.3,3.6,2020-06
2020-06-17,1734,杏輝,化學生技醫療,進榜,觸發,20.38,85.0,1.0,0,46.4,2.2,44.3,3.7,20.4,0.0,46.4,1.9,44.3,3.6,2020-06
2020-06-17,1734,杏輝,化學生技醫療,觸發,進榜即觸發,20.38,85.0,1.0,0,46.4,2.2,44.3,3.7,20.4,0.0,46.4,1.9,44.3,3.6,2020-06
2020-06-17,4128,中天,生技醫療業,進榜,準備,34.42,97.0,3.0,0,79.1,2.2,51.8,3.7,37.8,9.9,62.9,1.9,38.1,3.6,2020-06
2020-06-17,4726,永昕,生技醫療業,進榜,準備,41.15,94.0,1.0,0,26.6,2.2,15.4,3.7,41.8,1.6,24.6,1.9,13.6,3.6,2020-06
2020-06-17,5609,中菲行,航運業,進榜,準備,21.4,87.0,1.0,0,-8.2,2.2,55.1,3.7,21.4,0.0,-8.2,1.9,55.1,3.6,2020-06
2020-06-17,8926,台汽電,油電燃氣業,移出,掉出掃描母體,24.6,70.0,,50,,,,,,,,,,,2020-06
2020-06-18,6706,惠特,光電業,進榜,觸發,136.61,95.0,4.0,0,-15.7,1.6,-1.3,3.8,133.8,-2.1,-13.9,1.3,0.8,3.4,2020-06
2020-06-18,6706,惠特,光電業,觸發,進榜即觸發,136.61,95.0,4.0,0,-15.7,1.6,-1.3,3.8,133.8,-2.1,-13.9,1.3,0.8,3.4,2020-06
2020-06-18,3293,鈊象,文化創意業,進榜,觸發,124.07,86.0,5.0,0,13.0,1.6,22.8,3.8,128.4,3.5,9.2,1.3,18.7,3.4,2020-06
2020-06-18,3293,鈊象,文化創意業,觸發,進榜即觸發,124.07,86.0,5.0,0,13.0,1.6,22.8,3.8,128.4,3.5,9.2,1.3,18.7,3.4,2020-06
2020-06-18,1752,南光,化學生技醫療,進榜,觸發,42.14,80.0,3.0,0,-17.0,1.6,-24.0,3.8,44.0,4.4,-20.6,1.3,-27.2,3.4,2020-06
2020-06-18,1752,南光,化學生技醫療,觸發,進榜即觸發,42.14,80.0,3.0,0,-17.0,1.6,-24.0,3.8,44.0,4.4,-20.6,1.3,-27.2,3.4,2020-06
2020-06-18,1789,神隆,化學生技醫療,進榜,觸發,35.3,80.0,4.0,0,-16.2,1.6,-19.0,3.8,35.6,0.8,-16.8,1.3,-19.6,3.4,2020-06
2020-06-18,1789,神隆,化學生技醫療,觸發,進榜即觸發,35.3,80.0,4.0,0,-16.2,1.6,-19.0,3.8,35.6,0.8,-16.8,1.3,-19.6,3.4,2020-06
2020-06-18,1701,中化,生技醫療業,進榜,觸發,22.44,79.0,3.0,0,-9.4,1.6,-6.3,3.8,23.6,5.3,-13.9,1.3,-11.0,3.4,2020-06
2020-06-18,1701,中化,生技醫療業,觸發,進榜即觸發,22.44,79.0,3.0,0,-9.4,1.6,-6.3,3.8,23.6,5.3,-13.9,1.3,-11.0,3.4,2020-06
2020-06-18,4743,合一,生技醫療業,進榜,準備,191.2,99.0,2.0,0,-5.5,1.6,36.8,3.8,210.0,9.8,-13.9,1.3,24.5,3.4,2020-06
2020-06-18,4133,亞諾法,化學生技醫療,進榜,準備,75.59,97.0,3.0,0,-3.8,1.6,-17.1,3.8,83.1,9.9,-12.5,1.3,-24.6,3.4,2020-06
2020-06-18,3669,圓展,光電業,進榜,準備,25.29,90.0,3.0,0,36.1,1.6,242.5,3.8,27.8,9.9,23.8,1.3,211.6,3.4,2020-06
2020-06-18,3231,緯創,電子工業,進榜,準備,24.36,71.0,2.0,0,2.3,1.6,-6.5,3.8,24.6,1.0,1.3,1.3,-7.5,3.4,2020-06
2020-06-18,3211,順達,電腦及週邊設備業,移出,掉出掃描母體,48.97,71.0,,69,,,,,,,,,,,2020-06
2020-06-18,6112,邁達特,電子工業,移出,掉出掃描母體,32.79,72.0,,20,,,,,,,,,,,2020-06
2020-06-19,6715,嘉基,電子工業,進榜,準備,121.12,87.0,1.0,0,4.5,2.1,-4.4,3.7,120.3,-0.7,5.2,2.0,-3.7,3.6,2020-06
2020-06-19,2404,漢唐,其他電子業,移出,掉出掃描母體,147.3,70.0,,23,,,,,,,,,,,2020-06
2020-06-19,5904,寶雅,貿易百貨,移出,掉出掃描母體,43.01,72.0,,60,,,,,,,,,,,2020-06
2020-06-19,4102,永日,生技醫療業,移出,突破失敗,29.63,90.0,,2,,,,,,,,,,,2020-06
2020-06-22,4142,國光生,化學生技醫療,進榜,準備,70.35,97.0,3.0,0,-2.1,2.2,1.0,3.5,73.3,4.2,-6.1,1.9,-3.1,3.0,2020-06
2020-06-22,4130,健亞,生技醫療業,移出,離高點太遠,30.26,84.0,,10,,,,,,,,,,,2020-06
2020-06-22,3669,圓展,光電業,移出,離高點太遠,23.45,87.0,,4,,,,,,,,,,,2020-06
2020-06-23,5215,科嘉-KY,電腦及週邊設備業,進榜,觸發,78.47,92.0,3.0,0,31.0,2.3,40.7,3.8,82.5,5.2,24.6,2.0,33.8,3.6,2020-06
2020-06-23,5215,科嘉-KY,電腦及週邊設備業,觸發,進榜即觸發,78.47,92.0,3.0,0,31.0,2.3,40.7,3.8,82.5,5.2,24.6,2.0,33.8,3.6,2020-06
2020-06-23,3374,精材,半導體業,進榜,觸發,86.98,81.0,5.0,0,30.6,2.3,32.2,3.8,89.2,2.5,27.4,2.0,28.9,3.6,2020-06
2020-06-23,3374,精材,半導體業,觸發,進榜即觸發,86.98,81.0,5.0,0,30.6,2.3,32.2,3.8,89.2,2.5,27.4,2.0,28.9,3.6,2020-06
2020-06-23,2332,友訊,通信網路業,進榜,準備,16.12,77.0,2.0,0,9.0,2.3,10.7,3.8,16.7,3.3,5.5,2.0,7.2,3.6,2020-06
2020-06-23,2480,敦陽科,資訊服務業,移出,掉出掃描母體,48.64,70.0,,60,,,,,,,,,,,2020-06
2020-06-23,1701,中化,生技醫療業,移出,掉出掃描母體,22.61,79.0,,5,,,,,,,,,,,2020-06
2020-06-24,9919,康那香,其他,移出,離高點太遠,35.24,97.0,,14,,,,,,,,,,,2020-06
2020-06-24,1752,南光,化學生技醫療,移出,掉出掃描母體,41.69,72.0,,6,,,,,,,,,,,2020-06
2020-06-24,4743,合一,生技醫療業,移出,離高點太遠,190.79,100.0,,6,,,,,,,,,,,2020-06
2020-06-29,2102,泰豐,橡膠工業,進榜,觸發,18.59,73.0,3.0,0,20.4,0.0,16.7,4.4,19.0,2.2,17.9,-0.0,14.2,4.0,2020-06
2020-06-29,2102,泰豐,橡膠工業,觸發,進榜即觸發,18.59,73.0,3.0,0,20.4,0.0,16.7,4.4,19.0,2.2,17.9,-0.0,14.2,4.0,2020-06
2020-06-29,4128,中天,生技醫療業,觸發,等待後觸發,49.74,98.0,3.0,12,2.5,0.0,27.0,4.4,51.5,3.6,-1.1,-0.0,22.5,4.0,2020-06
2020-06-29,2332,友訊,通信網路業,觸發,等待後觸發,17.9,83.0,2.0,6,-7.0,0.0,-1.1,4.4,18.1,1.3,-8.2,-0.0,-2.4,4.0,2020-06
2020-06-29,3231,緯創,電子工業,移出,掉出掃描母體,25.54,71.0,,11,,,,,,,,,,,2020-06
2020-06-30,6492,生華科,生技醫療業,進榜,觸發,133.24,96.0,2.0,0,-2.5,-1.0,102.4,3.0,133.7,0.4,-2.9,-1.4,101.7,2.7,2020-06
2020-06-30,6492,生華科,生技醫療業,觸發,進榜即觸發,133.24,96.0,2.0,0,-2.5,-1.0,102.4,3.0,133.7,0.4,-2.9,-1.4,101.7,2.7,2020-06
2020-06-30,1598,岱宇,化學生技醫療,進榜,準備,41.33,81.0,1.0,0,24.8,-1.0,122.5,3.0,42.2,2.1,22.2,-1.4,117.8,2.7,2020-06
2020-06-30,6531,愛普*,半導體業,移出,離高點太遠,182.01,98.0,,28,,,,,,,,,,,2020-06
2020-06-30,1720,生達,化學生技醫療,移出,掉出掃描母體,30.52,73.0,,20,,,,,,,,,,,2020-06
2020-06-30,2379,瑞昱,半導體業,移出,掉出掃描母體,224.41,71.0,,19,,,,,,,,,,,2020-06
2020-07-01,9103,美德醫療-DR,存託憑證,進榜,觸發,11.25,99.0,2.0,0,87.2,-0.6,406.0,1.8,11.9,5.8,77.0,-1.0,378.3,1.5,2020-07
2020-07-01,9103,美德醫療-DR,存託憑證,觸發,進榜即觸發,11.25,99.0,2.0,0,87.2,-0.6,406.0,1.8,11.9,5.8,77.0,-1.0,378.3,1.5,2020-07
2020-07-01,5309,系統電,電子零組件業,進榜,觸發,26.61,96.0,5.0,0,31.5,-0.6,26.5,1.8,26.6,0.0,31.5,-1.0,26.5,1.5,2020-07
2020-07-01,5309,系統電,電子零組件業,觸發,進榜即觸發,26.61,96.0,5.0,0,31.5,-0.6,26.5,1.8,26.6,0.0,31.5,-1.0,26.5,1.5,2020-07
2020-07-01,6223,旺矽,半導體業,進榜,觸發,84.46,81.0,5.0,0,54.6,-0.6,5.1,1.8,87.0,3.0,50.2,-1.0,2.1,1.5,2020-07
2020-07-01,6223,旺矽,半導體業,觸發,進榜即觸發,84.46,81.0,5.0,0,54.6,-0.6,5.1,1.8,87.0,3.0,50.2,-1.0,2.1,1.5,2020-07
2020-07-01,3289,宜特,其他電子類,進榜,觸發,45.44,80.0,2.0,0,14.8,-0.6,2.1,1.8,46.4,2.2,12.4,-1.0,-0.1,1.5,2020-07
2020-07-01,3289,宜特,其他電子類,觸發,進榜即觸發,45.44,80.0,2.0,0,14.8,-0.6,2.1,1.8,46.4,2.2,12.4,-1.0,-0.1,1.5,2020-07
2020-07-01,4743,合一,生技醫療業,進榜,準備,225.93,100.0,1.0,0,-43.1,-0.6,24.4,1.8,230.1,1.9,-44.2,-1.0,22.2,1.5,2020-07
2020-07-01,5474,聰泰,電腦及週邊設備業,進榜,準備,129.72,96.0,2.0,0,23.8,-0.6,50.2,1.8,130.1,0.3,23.5,-1.0,49.7,1.5,2020-07
2020-07-01,2379,瑞昱,半導體業,進榜,準備,236.85,70.0,3.0,0,15.3,-0.6,22.8,1.8,241.0,1.8,13.3,-1.0,20.7,1.5,2020-07
2020-07-02,6203,海韻電,電子零組件業,進榜,觸發,44.52,88.0,4.0,0,21.5,-0.6,6.7,-0.4,49.0,10.0,10.4,-1.0,-3.0,-1.0,2020-07
2020-07-02,6203,海韻電,電子零組件業,觸發,進榜即觸發,44.52,88.0,4.0,0,21.5,-0.6,6.7,-0.4,49.0,10.0,10.4,-1.0,-3.0,-1.0,2020-07
2020-07-02,2614,東森,貿易百貨,進榜,觸發,24.51,84.0,2.0,0,-6.9,-0.6,-7.8,-0.4,24.8,1.1,-8.0,-1.0,-8.9,-1.0,2020-07
2020-07-02,2614,東森,貿易百貨,觸發,進榜即觸發,24.51,84.0,2.0,0,-6.9,-0.6,-7.8,-0.4,24.8,1.1,-8.0,-1.0,-8.9,-1.0,2020-07
2020-07-02,4927,泰鼎-KY,電子工業,進榜,觸發,61.14,83.0,5.0,0,0.3,-0.6,-2.4,-0.4,62.3,1.9,-1.6,-1.0,-4.2,-1.0,2020-07
2020-07-02,4927,泰鼎-KY,電子工業,觸發,進榜即觸發,61.14,83.0,5.0,0,0.3,-0.6,-2.4,-0.4,62.3,1.9,-1.6,-1.0,-4.2,-1.0,2020-07
2020-07-02,2345,智邦,通信網路業,進榜,觸發,208.76,75.0,4.0,0,0.2,-0.6,-10.8,-0.4,213.2,2.1,-1.9,-1.0,-12.7,-1.0,2020-07
2020-07-02,2345,智邦,通信網路業,觸發,進榜即觸發,208.76,75.0,4.0,0,0.2,-0.6,-10.8,-0.4,213.2,2.1,-1.9,-1.0,-12.7,-1.0,2020-07
2020-07-02,6532,瑞耘,半導體業,進榜,準備,64.58,95.0,3.0,0,-13.7,-0.6,-32.6,-0.4,65.8,1.9,-15.3,-1.0,-33.9,-1.0,2020-07
2020-07-02,3228,金麗科,半導體業,進榜,準備,70.71,94.0,2.0,0,-10.8,-0.6,37.0,-0.4,70.8,0.1,-11.0,-1.0,36.8,-1.0,2020-07
2020-07-02,4956,光鋐,電子工業,進榜,準備,20.85,90.0,2.0,0,-10.5,-0.6,-12.9,-0.4,21.5,3.0,-13.2,-1.0,-15.5,-1.0,2020-07
2020-07-02,2505,國揚,建材營造,進榜,準備,30.54,74.0,3.0,0,13.5,-0.6,4.3,-0.4,30.8,0.8,12.5,-1.0,3.5,-1.0,2020-07
2020-07-02,2383,台光電,電子工業,進榜,準備,135.22,70.0,3.0,0,5.5,-0.6,-4.4,-0.4,136.5,0.9,4.6,-1.0,-5.3,-1.0,2020-07
2020-07-02,4743,合一,生技醫療業,觸發,等待後觸發,248.52,100.0,1.0,1,-43.3,-0.6,16.3,-0.4,256.9,3.4,-45.1,-1.0,12.5,-1.0,2020-07
2020-07-03,4934,太極,光電業,進榜,觸發,18.55,88.0,3.0,0,-4.3,-0.7,63.8,-1.9,18.8,1.6,-5.8,-1.2,61.3,-2.4,2020-07
2020-07-03,4934,太極,光電業,觸發,進榜即觸發,18.55,88.0,3.0,0,-4.3,-0.7,63.8,-1.9,18.8,1.6,-5.8,-1.2,61.3,-2.4,2020-07
2020-07-03,3653,健策,電子工業,進榜,觸發,253.63,81.0,4.0,0,3.4,-0.7,-5.4,-1.9,256.9,1.3,2.1,-1.2,-6.6,-2.4,2020-07
2020-07-03,3653,健策,電子工業,觸發,進榜即觸發,253.63,81.0,4.0,0,3.4,-0.7,-5.4,-1.9,256.9,1.3,2.1,-1.2,-6.6,-2.4,2020-07
2020-07-03,5904,寶雅,貿易百貨,進榜,觸發,46.34,76.0,3.0,0,-1.8,-0.7,-10.9,-1.9,47.0,1.4,-3.2,-1.2,-12.1,-2.4,2020-07
2020-07-03,5904,寶雅,貿易百貨,觸發,進榜即觸發,46.34,76.0,3.0,0,-1.8,-0.7,-10.9,-1.9,47.0,1.4,-3.2,-1.2,-12.1,-2.4,2020-07
2020-07-03,6208,日揚,電子零組件業,進榜,觸發,34.98,71.0,2.0,0,1.1,-0.7,2.3,-1.9,38.5,10.0,-8.1,-1.2,-7.0,-2.4,2020-07
2020-07-03,6208,日揚,電子零組件業,觸發,進榜即觸發,34.98,71.0,2.0,0,1.1,-0.7,2.3,-1.9,38.5,10.0,-8.1,-1.2,-7.0,-2.4,2020-07
2020-07-03,6531,愛普*,半導體業,進榜,準備,228.13,98.0,3.0,0,-12.3,-0.7,-34.1,-1.9,235.3,3.2,-15.0,-1.2,-36.1,-2.4,2020-07
2020-07-03,2363,矽統,半導體業,進榜,準備,11.7,79.0,2.0,0,-4.2,-0.7,-7.3,-1.9,11.8,0.8,-5.0,-1.2,-8.0,-2.4,2020-07
2020-07-03,3545,敦泰,電子工業,進榜,準備,36.6,73.0,3.0,0,1.2,-0.7,-16.1,-1.9,37.2,1.8,-0.6,-1.2,-17.6,-2.4,2020-07
2020-07-03,3234,光環,通信網路業,觸發,等待後觸發,47.0,87.0,2.0,17,-16.0,-0.7,-30.1,-1.9,50.0,6.3,-21.0,-1.2,-34.3,-2.4,2020-07
2020-07-03,6598,ABC-KY,化學生技醫療,移出,離高點太遠,142.93,98.0,,16,,,,,,,,,,,2020-07
2020-07-03,2102,泰豐,橡膠工業,移出,掉出掃描母體,18.29,71.0,,4,,,,,,,,,,,2020-07
2020-07-06,6634,欣耀,生技醫療業,進榜,觸發,171.0,99.0,3.0,0,-50.3,-2.1,-56.2,-1.9,146.1,-14.6,-41.8,-2.8,-48.7,-2.5,2020-07
2020-07-06,6634,欣耀,生技醫療業,觸發,進榜即觸發,171.0,99.0,3.0,0,-50.3,-2.1,-56.2,-1.9,146.1,-14.6,-41.8,-2.8,-48.7,-2.5,2020-07
2020-07-06,1785,光洋科,其他電子類,進榜,觸發,40.58,95.0,1.0,0,-12.1,-2.1,-15.7,-1.9,42.0,3.5,-15.1,-2.8,-18.5,-2.5,2020-07
2020-07-06,1785,光洋科,其他電子類,觸發,進榜即觸發,40.58,95.0,1.0,0,-12.1,-2.1,-15.7,-1.9,42.0,3.5,-15.1,-2.8,-18.5,-2.5,2020-07
2020-07-06,6441,廣錠,電腦及週邊設備業,進榜,觸發,81.68,86.0,4.0,0,0.2,-2.1,26.4,-1.9,82.9,1.5,-1.2,-2.8,24.6,-2.5,2020-07
2020-07-06,6441,廣錠,電腦及週邊設備業,觸發,進榜即觸發,81.68,86.0,4.0,0,0.2,-2.1,26.4,-1.9,82.9,1.5,-1.2,-2.8,24.6,-2.5,2020-07
2020-07-06,5478,智冠,文化創意業,進榜,觸發,84.16,82.0,4.0,0,-17.6,-2.1,-30.7,-1.9,84.8,0.8,-18.2,-2.8,-31.3,-2.5,2020-07
2020-07-06,5478,智冠,文化創意業,觸發,進榜即觸發,84.16,82.0,4.0,0,-17.6,-2.1,-30.7,-1.9,84.8,0.8,-18.2,-2.8,-31.3,-2.5,2020-07
2020-07-06,5471,松翰,電子工業,進榜,準備,43.56,83.0,3.0,0,-6.8,-2.1,11.9,-1.9,44.4,1.8,-8.5,-2.8,9.9,-2.5,2020-07
2020-07-06,3556,禾瑞亞,半導體業,進榜,準備,46.02,73.0,2.0,0,-12.0,-2.1,-20.0,-1.9,49.6,7.8,-18.4,-2.8,-25.8,-2.5,2020-07
2020-07-06,2102,泰豐,橡膠工業,進榜,準備,19.14,72.0,3.0,0,12.8,-2.1,4.7,-1.9,19.2,0.3,12.5,-2.8,4.4,-2.5,2020-07
2020-07-06,6715,嘉基,電子工業,觸發,等待後觸發,134.95,89.0,1.0,17,-12.0,-2.1,-18.6,-1.9,138.7,2.8,-14.4,-2.8,-20.8,-2.5,2020-07
2020-07-06,2383,台光電,電子工業,移出,掉出掃描母體,138.55,71.0,,4,,,,,,,,,,,2020-07
2020-07-06,4171,瑞基,農業科技業,移出,離高點太遠,216.1,98.0,,53,,,,,,,,,,,2020-07
2020-07-06,1789,神隆,化學生技醫療,移出,掉出掃描母體,33.5,70.0,,18,,,,,,,,,,,2020-07
2020-07-06,2505,國揚,建材營造,移出,掉出掃描母體,29.98,70.0,,4,,,,,,,,,,,2020-07
2020-07-07,6231,系微,資訊服務業,進榜,觸發,79.72,92.0,3.0,0,-0.1,-1.6,-24.6,-1.7,83.0,4.1,-4.0,-1.8,-27.6,-2.0,2020-07
2020-07-07,6231,系微,資訊服務業,觸發,進榜即觸發,79.72,92.0,3.0,0,-0.1,-1.6,-24.6,-1.7,83.0,4.1,-4.0,-1.8,-27.6,-2.0,2020-07
2020-07-07,4167,松瑞藥,生技醫療業,移出,離高點太遠,29.76,82.0,,29,,,,,,,,,,,2020-07
2020-07-07,4117,普生,生技醫療業,移出,離高點太遠,231.0,100.0,,21,,,,,,,,,,,2020-07
2020-07-07,5474,聰泰,電腦及週邊設備業,移出,離高點太遠,128.43,95.0,,6,,,,,,,,,,,2020-07
2020-07-07,4956,光鋐,電子工業,移出,離高點太遠,19.19,85.0,,5,,,,,,,,,,,2020-07
2020-07-07,6634,欣耀,生技醫療業,移出,離高點太遠,145.5,99.0,,1,,,,,,,,,,,2020-07
2020-07-07,5478,智冠,文化創意業,移出,突破失敗,75.94,74.0,,1,,,,,,,,,,,2020-07
2020-07-08,4102,永日,生技醫療業,進榜,觸發,34.56,92.0,3.0,0,-6.6,-1.9,-30.0,-2.2,38.0,10.0,-15.1,-2.4,-36.3,-2.6,2020-07
2020-07-08,4102,永日,生技醫療業,觸發,進榜即觸發,34.56,92.0,3.0,0,-6.6,-1.9,-30.0,-2.2,38.0,10.0,-15.1,-2.4,-36.3,-2.6,2020-07
2020-07-08,6582,申豐,橡膠工業,進榜,觸發,88.64,88.0,2.0,0,32.2,-1.9,45.4,-2.2,91.9,3.7,27.4,-2.4,40.2,-2.6,2020-07
2020-07-08,6582,申豐,橡膠工業,觸發,進榜即觸發,88.64,88.0,2.0,0,32.2,-1.9,45.4,-2.2,91.9,3.7,27.4,-2.4,40.2,-2.6,2020-07
2020-07-08,1773,勝一,化學生技醫療,進榜,觸發,61.41,77.0,2.0,0,-4.7,-1.9,-14.4,-2.2,63.0,2.6,-7.1,-2.4,-16.6,-2.6,2020-07
2020-07-08,1773,勝一,化學生技醫療,觸發,進榜即觸發,61.41,77.0,2.0,0,-4.7,-1.9,-14.4,-2.2,63.0,2.6,-7.1,-2.4,-16.6,-2.6,2020-07
2020-07-08,3227,原相,半導體業,進榜,觸發,159.31,70.0,3.0,0,-4.7,-1.9,-18.3,-2.2,163.6,2.7,-7.2,-2.4,-20.4,-2.6,2020-07
2020-07-08,3227,原相,半導體業,觸發,進榜即觸發,159.31,70.0,3.0,0,-4.7,-1.9,-18.3,-2.2,163.6,2.7,-7.2,-2.4,-20.4,-2.6,2020-07
2020-07-08,5306,桂盟,其他,進榜,準備,123.15,85.0,1.0,0,19.7,-1.9,20.6,-2.2,125.8,2.2,17.1,-2.4,18.1,-2.6,2020-07
2020-07-08,2505,國揚,建材營造,進榜,準備,30.54,72.0,3.0,0,25.9,-1.9,4.1,-2.2,31.0,1.4,24.2,-2.4,2.6,-2.6,2020-07
2020-07-08,6112,邁達特,電子工業,進榜,準備,35.74,71.0,1.0,0,-9.3,-1.9,-17.6,-2.2,36.4,1.7,-10.9,-2.4,-19.0,-2.6,2020-07
2020-07-08,4726,永昕,生技醫療業,觸發,等待後觸發,56.3,96.0,1.0,21,-5.7,-1.9,-18.7,-2.2,61.9,9.9,-14.2,-2.4,-26.0,-2.6,2020-07
2020-07-08,6531,愛普*,半導體業,移出,晚期未觸發,220.48,98.0,,5,,,,,,,,,,,2020-07
2020-07-09,3669,圓展,光電業,進榜,觸發,28.05,89.0,2.0,0,94.1,-2.0,203.5,-2.1,29.6,5.6,83.8,-2.2,187.3,-2.4,2020-07
2020-07-09,3669,圓展,光電業,觸發,進榜即觸發,28.05,89.0,2.0,0,94.1,-2.0,203.5,-2.1,29.6,5.6,83.8,-2.2,187.3,-2.4,2020-07
2020-07-09,4130,健亞,生技醫療業,進榜,觸發,36.53,82.0,2.0,0,-11.9,-2.0,-25.2,-2.1,40.2,9.9,-19.8,-2.2,-32.0,-2.4,2020-07
2020-07-09,4130,健亞,生技醫療業,觸發,進榜即觸發,36.53,82.0,2.0,0,-11.9,-2.0,-25.2,-2.1,40.2,9.9,-19.8,-2.2,-32.0,-2.4,2020-07
2020-07-09,4106,雃博,化學生技醫療,進榜,觸發,33.91,81.0,3.0,0,-9.7,-2.0,-23.2,-2.1,37.2,9.8,-17.8,-2.2,-30.1,-2.4,2020-07
2020-07-09,4106,雃博,化學生技醫療,觸發,進榜即觸發,33.91,81.0,3.0,0,-9.7,-2.0,-23.2,-2.1,37.2,9.8,-17.8,-2.2,-30.1,-2.4,2020-07
2020-07-09,6261,久元,半導體業,進榜,觸發,47.46,73.0,4.0,0,-5.9,-2.0,-22.4,-2.1,47.1,-0.8,-5.1,-2.2,-21.7,-2.4,2020-07
2020-07-09,6261,久元,半導體業,觸發,進榜即觸發,47.46,73.0,4.0,0,-5.9,-2.0,-22.4,-2.1,47.1,-0.8,-5.1,-2.2,-21.7,-2.4,2020-07
2020-07-09,3413,京鼎,半導體業,進榜,觸發,171.19,70.0,3.0,0,-0.2,-2.0,-19.9,-2.1,169.7,-0.9,0.7,-2.2,-19.2,-2.4,2020-07
2020-07-09,3413,京鼎,半導體業,觸發,進榜即觸發,171.19,70.0,3.0,0,-0.2,-2.0,-19.9,-2.1,169.7,-0.9,0.7,-2.2,-19.2,-2.4,2020-07
2020-07-09,3131,弘塑,其他電子類,進榜,準備,309.2,76.0,3.0,0,6.8,-2.0,2.0,-2.1,308.4,-0.3,7.1,-2.2,2.3,-2.4,2020-07
2020-07-09,6112,邁達特,電子工業,移出,掉出掃描母體,35.74,71.0,,1,,,,,,,,,,,2020-07
2020-07-09,4736,泰博,生技醫療業,移出,掉出掃描母體,155.46,90.0,,38,,,,,,,,,,,2020-07
2020-07-09,3152,璟德,通信網路業,移出,掉出掃描母體,593.33,70.0,,23,,,,,,,,,,,2020-07
2020-07-09,3228,金麗科,半導體業,移出,離高點太遠,63.05,91.0,,7,,,,,,,,,,,2020-07
2020-07-09,3545,敦泰,電子工業,移出,掉出掃描母體,37.24,72.0,,6,,,,,,,,,,,2020-07
2020-07-09,3556,禾瑞亞,半導體業,移出,掉出掃描母體,44.82,71.0,,3,,,,,,,,,,,2020-07
2020-07-09,4102,永日,生技醫療業,移出,掉出掃描母體,34.56,92.0,,1,,,,,,,,,,,2020-07
2020-07-10,3189,景碩,半導體業,移出,掉出掃描母體,59.44,74.0,,29,,,,,,,,,,,2020-07
2020-07-10,3234,光環,通信網路業,移出,離高點太遠,44.81,81.0,,24,,,,,,,,,,,2020-07
2020-07-10,6532,瑞耘,半導體業,移出,離高點太遠,59.89,92.0,,8,,,,,,,,,,,2020-07
2020-07-10,2363,矽統,半導體業,移出,掉出掃描母體,11.61,75.0,,7,,,,,,,,,,,2020-07
2020-07-10,1785,光洋科,其他電子類,移出,突破失敗,37.25,94.0,,4,,,,,,,,,,,2020-07
2020-07-10,6441,廣錠,電腦及週邊設備業,移出,突破失敗,74.01,81.0,,4,,,,,,,,,,,2020-07
2020-07-10,6231,系微,資訊服務業,移出,離高點太遠,80.65,90.0,,3,,,,,,,,,,,2020-07
2020-07-10,1773,勝一,化學生技醫療,移出,突破失敗,56.38,72.0,,2,,,,,,,,,,,2020-07
2020-07-10,4106,雃博,化學生技醫療,移出,離高點太遠,30.84,77.0,,1,,,,,,,,,,,2020-07
2020-07-10,6261,久元,半導體業,移出,掉出掃描母體,47.46,73.0,,1,,,,,,,,,,,2020-07
2020-07-10,3413,京鼎,半導體業,移出,掉出掃描母體,171.19,70.0,,1,,,,,,,,,,,2020-07
2020-07-13,3437,榮創,光電業,進榜,觸發,24.32,80.0,3.0,0,-9.4,-1.3,-9.8,-0.6,24.3,0.0,-9.4,-1.5,-9.8,-0.9,2020-07
2020-07-13,3437,榮創,光電業,觸發,進榜即觸發,24.32,80.0,3.0,0,-9.4,-1.3,-9.8,-0.6,24.3,0.0,-9.4,-1.5,-9.8,-0.9,2020-07
2020-07-13,4977,眾達-KY,電子工業,進榜,觸發,115.43,78.0,4.0,0,-12.0,-1.3,-31.0,-0.6,115.4,0.0,-12.0,-1.5,-31.0,-0.9,2020-07
2020-07-13,4977,眾達-KY,電子工業,觸發,進榜即觸發,115.43,78.0,4.0,0,-12.0,-1.3,-31.0,-0.6,115.4,0.0,-12.0,-1.5,-31.0,-0.9,2020-07
2020-07-13,3545,敦泰,電子工業,進榜,準備,37.99,73.0,3.0,0,-2.1,-1.3,-10.1,-0.6,38.1,0.3,-2.4,-1.5,-10.3,-0.9,2020-07
2020-07-13,5306,桂盟,其他,觸發,等待後觸發,146.02,91.0,1.0,5,4.7,-1.3,6.8,-0.6,143.4,-1.8,6.6,-1.5,8.8,-0.9,2020-07
2020-07-13,9103,美德醫療-DR,存託憑證,移出,離高點太遠,19.62,100.0,,12,,,,,,,,,,,2020-07
2020-07-13,6561,是方,通信網路業,移出,離高點太遠,265.66,77.0,,80,,,,,,,,,,,2020-07
2020-07-13,3680,家登,半導體業,移出,晚期未觸發,255.2,88.0,,35,,,,,,,,,,,2020-07
2020-07-13,4128,中天,生技醫療業,移出,離高點太遠,93.71,99.0,,26,,,,,,,,,,,2020-07
2020-07-13,4133,亞諾法,化學生技醫療,移出,離高點太遠,122.54,98.0,,25,,,,,,,,,,,2020-07
2020-07-13,4743,合一,生技醫療業,移出,離高點太遠,305.01,100.0,,12,,,,,,,,,,,2020-07
2020-07-13,2505,國揚,建材營造,移出,掉出掃描母體,30.41,74.0,,5,,,,,,,,,,,2020-07
2020-07-14,2377,微星,電子工業,進榜,準備,93.16,75.0,3.0,0,8.7,-1.2,4.9,0.0,95.0,2.0,6.6,-1.7,2.9,-0.6,2020-07
2020-07-14,1734,杏輝,化學生技醫療,移出,離高點太遠,39.16,96.0,,27,,,,,,,,,,,2020-07
2020-07-14,4726,永昕,生技醫療業,移出,離高點太遠,57.6,95.0,,27,,,,,,,,,,,2020-07
2020-07-14,5215,科嘉-KY,電腦及週邊設備業,移出,離高點太遠,89.75,92.0,,21,,,,,,,,,,,2020-07
2020-07-14,3289,宜特,其他電子類,移出,離高點太遠,50.33,79.0,,13,,,,,,,,,,,2020-07
2020-07-14,3653,健策,電子工業,移出,掉出掃描母體,250.34,72.0,,11,,,,,,,,,,,2020-07
2020-07-15,8926,台汽電,油電燃氣業,進榜,準備,27.42,72.0,1.0,0,-2.5,-1.2,-5.8,-0.3,27.2,-0.7,-1.7,-1.5,-5.1,-0.8,2020-07
2020-07-15,6415,矽力*-KY,半導體業,移出,離高點太遠,419.85,85.0,,89,,,,,,,,,,,2020-07
2020-07-15,3661,世芯-KY,半導體業,移出,離高點太遠,479.16,93.0,,85,,,,,,,,,,,2020-07
2020-07-15,6504,南六,其他,移出,離高點太遠,214.33,88.0,,71,,,,,,,,,,,2020-07
2020-07-15,5609,中菲行,航運業,移出,離高點太遠,19.69,74.0,,28,,,,,,,,,,,2020-07
2020-07-15,6706,惠特,光電業,移出,離高點太遠,132.15,83.0,,27,,,,,,,,,,,2020-07
2020-07-15,6492,生華科,生技醫療業,移出,離高點太遠,148.53,95.0,,15,,,,,,,,,,,2020-07
2020-07-15,6208,日揚,電子零組件業,移出,離高點太遠,35.47,75.0,,12,,,,,,,,,,,2020-07
2020-07-15,6582,申豐,橡膠工業,移出,離高點太遠,89.74,91.0,,7,,,,,,,,,,,2020-07
2020-07-16,4108,懷特,化學生技醫療,進榜,觸發,37.19,93.0,1.0,0,-24.9,-1.5,-32.9,-0.6,37.3,0.3,-25.1,-1.7,-33.1,-0.9,2020-07
2020-07-16,4108,懷特,化學生技醫療,觸發,進榜即觸發,37.19,93.0,1.0,0,-24.9,-1.5,-32.9,-0.6,37.3,0.3,-25.1,-1.7,-33.1,-0.9,2020-07
2020-07-16,2368,金像電,電子零組件業,進榜,觸發,37.39,90.0,4.0,0,34.5,-1.5,17.0,-0.6,38.1,1.8,32.2,-1.7,14.9,-0.9,2020-07
2020-07-16,2368,金像電,電子零組件業,觸發,進榜即觸發,37.39,90.0,4.0,0,34.5,-1.5,17.0,-0.6,38.1,1.8,32.2,-1.7,14.9,-0.9,2020-07
2020-07-16,2505,國揚,建材營造,進榜,準備,33.36,79.0,2.0,0,15.4,-1.5,-7.8,-0.6,33.4,0.2,15.2,-1.7,-8.0,-0.9,2020-07
2020-07-16,2504,國產,建材營造,進榜,準備,13.48,74.0,1.0,0,-0.8,-1.5,25.2,-0.6,13.6,0.5,-1.4,-1.7,24.5,-0.9,2020-07
2020-07-16,8926,台汽電,油電燃氣業,移出,掉出掃描母體,27.42,72.0,,1,,,,,,,,,,,2020-07
2020-07-16,3545,敦泰,電子工業,移出,掉出掃描母體,36.5,71.0,,3,,,,,,,,,,,2020-07
2020-07-16,3437,榮創,光電業,移出,突破失敗,22.12,75.0,,3,,,,,,,,,,,2020-07
2020-07-17,8454,富邦媒,貿易百貨,移出,晚期未觸發,319.59,93.0,,46,,,,,,,,,,,2020-07
2020-07-17,3406,玉晶光,光電業,移出,晚期未觸發,610.96,74.0,,35,,,,,,,,,,,2020-07
2020-07-17,6547,高端疫苗,生技醫療業,移出,離高點太遠,73.64,97.0,,30,,,,,,,,,,,2020-07
2020-07-17,3293,鈊象,文化創意業,移出,離高點太遠,132.95,85.0,,29,,,,,,,,,,,2020-07
2020-07-17,4142,國光生,化學生技醫療,移出,離高點太遠,66.59,96.0,,25,,,,,,,,,,,2020-07
2020-07-17,3374,精材,半導體業,移出,離高點太遠,109.97,83.0,,24,,,,,,,,,,,2020-07
2020-07-17,5471,松翰,電子工業,移出,掉出掃描母體,41.5,81.0,,11,,,,,,,,,,,2020-07
2020-07-17,3227,原相,半導體業,移出,掉出掃描母體,154.01,72.0,,9,,,,,,,,,,,2020-07
2020-07-17,4130,健亞,生技醫療業,移出,離高點太遠,36.41,87.0,,8,,,,,,,,,,,2020-07
2020-07-20,3218,大學光,生技醫療業,移出,離高點太遠,121.86,95.0,,70,,,,,,,,,,,2020-07
2020-07-20,2417,圓剛,電子工業,移出,離高點太遠,35.8,98.0,,60,,,,,,,,,,,2020-07
2020-07-20,6715,嘉基,電子工業,移出,離高點太遠,123.21,86.0,,31,,,,,,,,,,,2020-07
2020-07-20,2345,智邦,通信網路業,移出,掉出掃描母體,207.88,70.0,,18,,,,,,,,,,,2020-07
2020-07-20,5306,桂盟,其他,移出,離高點太遠,123.53,87.0,,12,,,,,,,,,,,2020-07
2020-07-20,3131,弘塑,其他電子類,移出,離高點太遠,282.82,78.0,,11,,,,,,,,,,,2020-07
2020-07-20,4108,懷特,化學生技醫療,移出,離高點太遠,33.34,91.0,,4,,,,,,,,,,,2020-07
2020-07-21,6683,雍智科技,半導體業,進榜,觸發,326.21,90.0,3.0,0,-27.1,0.0,-27.6,0.0,329.6,1.0,-27.8,-0.1,-28.4,-0.6,2020-07
2020-07-21,6683,雍智科技,半導體業,觸發,進榜即觸發,326.21,90.0,3.0,0,-27.1,0.0,-27.6,0.0,329.6,1.0,-27.8,-0.1,-28.4,-0.6,2020-07
2020-07-21,4977,眾達-KY,電子工業,移出,突破失敗,105.43,71.0,,8,,,,,,,,,,,2020-07
2020-07-22,8027,鈦昇,電機機械,進榜,準備,54.16,89.0,3.0,0,-10.0,-0.5,19.7,-0.2,54.1,-0.2,-9.9,-0.8,19.9,-0.4,2020-07
2020-07-22,2342,茂矽,半導體業,進榜,準備,29.17,81.0,3.0,0,-9.6,-0.5,-13.0,-0.2,29.7,1.7,-11.1,-0.8,-14.5,-0.4,2020-07
2020-07-22,3029,零壹,資訊服務業,進榜,準備,28.85,72.0,2.0,0,8.5,-0.5,-8.4,-0.2,29.1,0.7,7.7,-0.8,-9.0,-0.4,2020-07
2020-07-22,3034,聯詠,半導體業,進榜,準備,176.3,71.0,2.0,0,-3.9,-0.5,-0.9,-0.2,175.7,-0.4,-3.6,-0.8,-0.5,-0.4,2020-07
2020-07-23,1514,亞力,電機機械,進榜,觸發,18.02,75.0,2.0,0,6.1,-3.0,13.6,-0.2,18.0,0.0,6.1,-3.0,13.6,-0.3,2020-07
2020-07-23,1514,亞力,電機機械,觸發,進榜即觸發,18.02,75.0,2.0,0,6.1,-3.0,13.6,-0.2,18.0,0.0,6.1,-3.0,13.6,-0.3,2020-07
2020-07-23,3540,曜越,電腦及週邊設備業,進榜,準備,47.73,96.0,1.0,0,13.0,-3.0,9.6,-0.2,47.5,-0.5,13.6,-3.0,10.1,-0.3,2020-07
2020-07-23,3545,敦泰,電子工業,進榜,準備,38.18,73.0,3.0,0,-13.3,-3.0,-11.8,-0.2,38.0,-0.5,-12.8,-3.0,-11.4,-0.3,2020-07
2020-07-23,2342,茂矽,半導體業,觸發,等待後觸發,32.06,85.0,3.0,1,-20.6,-3.0,-20.0,-0.2,32.4,1.1,-21.5,-3.0,-20.9,-0.3,2020-07
2020-07-23,2505,國揚,建材營造,移出,掉出掃描母體,31.58,75.0,,7,,,,,,,,,,,2020-07
2020-07-24,6196,帆宣,其他電子業,進榜,觸發,94.29,81.0,2.0,0,-10.5,-0.3,-7.4,0.8,103.3,9.6,-18.3,-0.4,-15.5,0.7,2020-07
2020-07-24,6196,帆宣,其他電子業,觸發,進榜即觸發,94.29,81.0,2.0,0,-10.5,-0.3,-7.4,0.8,103.3,9.6,-18.3,-0.4,-15.5,0.7,2020-07
2020-07-24,3211,順達,電腦及週邊設備業,進榜,準備,50.93,71.0,2.0,0,1.3,-0.3,0.1,0.8,51.5,1.1,0.1,-0.4,-1.0,0.7,2020-07
2020-07-24,3545,敦泰,電子工業,移出,晚期未觸發,36.17,71.0,,1,,,,,,,,,,,2020-07
2020-07-24,4735,豪展,生技醫療業,移出,離高點太遠,58.07,87.0,,46,,,,,,,,,,,2020-07
2020-07-24,2614,東森,貿易百貨,移出,掉出掃描母體,22.95,76.0,,22,,,,,,,,,,,2020-07
2020-07-27,5474,聰泰,電腦及週邊設備業,進榜,觸發,158.61,97.0,2.0,0,10.4,0.7,-3.2,2.1,174.4,9.9,0.4,0.8,-11.9,2.1,2020-07
2020-07-27,5474,聰泰,電腦及週邊設備業,觸發,進榜即觸發,158.61,97.0,2.0,0,10.4,0.7,-3.2,2.1,174.4,9.9,0.4,0.8,-11.9,2.1,2020-07
2020-07-27,2303,聯電,半導體業,進榜,觸發,16.1,79.0,3.0,0,4.1,0.7,52.1,2.1,17.7,9.9,-5.2,0.8,38.4,2.1,2020-07
2020-07-27,2303,聯電,半導體業,觸發,進榜即觸發,16.1,79.0,3.0,0,4.1,0.7,52.1,2.1,17.7,9.9,-5.2,0.8,38.4,2.1,2020-07
2020-07-27,2330,台積電,半導體業,進榜,觸發,380.53,72.0,2.0,0,0.8,0.7,7.8,2.1,415.9,9.3,-7.8,0.8,-1.4,2.1,2020-07
2020-07-27,2330,台積電,半導體業,觸發,進榜即觸發,380.53,72.0,2.0,0,0.8,0.7,7.8,2.1,415.9,9.3,-7.8,0.8,-1.4,2.1,2020-07
2020-07-27,3257,虹冠電,半導體業,進榜,準備,65.66,90.0,2.0,0,-23.1,0.7,-24.2,2.1,66.6,1.5,-24.2,0.8,-25.4,2.1,2020-07
2020-07-27,6187,萬潤,其他電子類,進榜,準備,50.47,83.0,2.0,0,4.2,0.7,23.4,2.1,51.6,2.2,2.0,0.8,20.7,2.1,2020-07
2020-07-27,2308,台達電,電子工業,進榜,準備,168.62,75.0,1.0,0,4.5,0.7,3.2,2.1,168.6,0.0,4.5,0.8,3.2,2.1,2020-07
2020-07-27,3023,信邦,電子零組件業,進榜,準備,142.5,74.0,2.0,0,-2.2,0.7,10.9,2.1,145.3,2.0,-4.1,0.8,8.7,2.1,2020-07
2020-07-27,6269,台郡,電子工業,進榜,準備,117.79,71.0,2.0,0,-10.5,0.7,-16.4,2.1,119.4,1.3,-11.7,0.8,-17.5,2.1,2020-07
2020-07-27,3211,順達,電腦及週邊設備業,移出,掉出掃描母體,50.93,71.0,,3,,,,,,,,,,,2020-07
2020-07-27,8069,元太,光電業,移出,逾期,35.12,77.0,,56,,,,,,,,,,,2020-07
2020-07-27,3029,零壹,資訊服務業,移出,掉出掃描母體,28.01,72.0,,5,,,,,,,,,,,2020-07
2020-07-27,1514,亞力,電機機械,移出,掉出掃描母體,17.19,70.0,,4,,,,,,,,,,,2020-07
2020-07-28,6104,創惟,半導體業,移出,離高點太遠,62.37,95.0,,57,,,,,,,,,,,2020-07
2020-07-28,2332,友訊,通信網路業,移出,離高點太遠,16.27,71.0,,35,,,,,,,,,,,2020-07
2020-07-28,5309,系統電,電子零組件業,移出,離高點太遠,34.52,92.0,,27,,,,,,,,,,,2020-07
2020-07-28,6223,旺矽,半導體業,移出,離高點太遠,119.08,92.0,,27,,,,,,,,,,,2020-07
2020-07-28,4934,太極,光電業,移出,掉出掃描母體,17.51,79.0,,25,,,,,,,,,,,2020-07
2020-07-28,2504,國產,建材營造,移出,掉出掃描母體,12.63,71.0,,12,,,,,,,,,,,2020-07
2020-07-28,6683,雍智科技,半導體業,移出,離高點太遠,285.27,87.0,,7,,,,,,,,,,,2020-07
2020-07-28,8027,鈦昇,電機機械,移出,離高點太遠,46.51,85.0,,6,,,,,,,,,,,2020-07
2020-07-28,2342,茂矽,半導體業,移出,掉出掃描母體,28.76,82.0,,6,,,,,,,,,,,2020-07
2020-07-28,3540,曜越,電腦及週邊設備業,移出,離高點太遠,41.5,97.0,,5,,,,,,,,,,,2020-07
2020-07-28,6196,帆宣,其他電子業,移出,離高點太遠,95.53,84.0,,4,,,,,,,,,,,2020-07
2020-07-28,5474,聰泰,電腦及週邊設備業,移出,離高點太遠,146.21,97.0,,1,,,,,,,,,,,2020-07
2020-07-29,3211,順達,電腦及週邊設備業,進榜,準備,52.16,74.0,2.0,0,0.4,1.9,-1.6,2.1,53.3,2.2,-1.8,1.4,-3.8,1.8,2020-07
2020-07-29,3023,信邦,電子零組件業,移出,掉出掃描母體,141.3,73.0,,2,,,,,,,,,,,2020-07
2020-07-30,6477,安集,光電業,進榜,準備,35.72,91.0,1.0,0,-11.7,0.9,62.5,1.1,35.7,0.0,-11.7,0.9,62.5,1.1,2020-07
2020-07-30,6269,台郡,電子工業,移出,掉出掃描母體,118.98,70.0,,3,,,,,,,,,,,2020-07
2020-07-31,5474,聰泰,電腦及週邊設備業,進榜,觸發,180.75,98.0,2.0,0,23.9,0.8,-15.4,0.5,176.7,-2.2,26.8,0.8,-13.5,0.4,2020-07
2020-07-31,5474,聰泰,電腦及週邊設備業,觸發,進榜即觸發,180.75,98.0,2.0,0,23.9,0.8,-15.4,0.5,176.7,-2.2,26.8,0.8,-13.5,0.4,2020-07
2020-07-31,9103,美德醫療-DR,存託憑證,進榜,準備,25.43,100.0,2.0,0,117.2,0.8,38.2,0.5,27.9,9.9,97.7,0.8,25.7,0.4,2020-07
2020-07-31,3029,零壹,資訊服務業,進榜,準備,30.07,76.0,2.0,0,-0.9,0.8,-14.1,0.5,30.9,2.9,-3.7,0.8,-16.5,0.4,2020-07
2020-07-31,2383,台光電,電子工業,進榜,準備,147.29,71.0,2.0,0,-3.4,0.8,-12.0,0.5,147.7,0.3,-3.7,0.8,-12.2,0.4,2020-07
2020-07-31,3211,順達,電腦及週邊設備業,移出,掉出掃描母體,54.04,71.0,,2,,,,,,,,,,,2020-07
2020-07-31,3257,虹冠電,半導體業,移出,離高點太遠,57.91,82.0,,4,,,,,,,,,,,2020-07
2020-08-03,3540,曜越,電腦及週邊設備業,進榜,準備,48.1,97.0,2.0,0,27.4,1.1,4.5,0.3,49.0,1.8,25.1,0.9,2.6,0.2,2020-08
2020-08-03,4735,豪展,生技醫療業,進榜,準備,64.59,87.0,3.0,0,9.1,1.1,39.4,0.3,64.9,0.5,8.5,0.9,38.7,0.2,2020-08
2020-08-03,6504,南六,其他,進榜,準備,239.61,81.0,3.0,0,-3.6,1.1,-16.4,0.3,239.6,0.0,-3.6,0.9,-16.4,0.2,2020-08
2020-08-03,3016,嘉晶,半導體業,進榜,準備,68.14,78.0,2.0,0,-6.4,1.1,-17.2,0.3,68.6,0.7,-7.0,0.9,-17.7,0.2,2020-08
2020-08-03,3264,欣銓,半導體業,進榜,準備,27.98,71.0,2.0,0,-10.2,1.1,-6.4,0.3,27.9,-0.1,-10.0,0.9,-6.3,0.2,2020-08
2020-08-03,1598,岱宇,化學生技醫療,觸發,等待後觸發,58.77,92.0,1.0,34,76.2,1.1,71.8,0.3,58.8,0.0,76.2,0.9,71.8,0.2,2020-08
2020-08-03,2330,台積電,半導體業,移出,掉出掃描母體,381.43,72.0,,7,,,,,,,,,,,2020-08
2020-08-04,6441,廣錠,電腦及週邊設備業,進榜,觸發,89.95,88.0,5.0,0,15.8,0.7,47.7,-0.0,92.1,2.4,13.1,0.6,44.2,-0.6,2020-08
2020-08-04,6441,廣錠,電腦及週邊設備業,觸發,進榜即觸發,89.95,88.0,5.0,0,15.8,0.7,47.7,-0.0,92.1,2.4,13.1,0.6,44.2,-0.6,2020-08
2020-08-04,2505,國揚,建材營造,進榜,觸發,37.77,73.0,2.0,0,1.1,0.7,-19.1,-0.0,36.8,-2.6,3.8,0.6,-17.0,-0.6,2020-08
2020-08-04,2505,國揚,建材營造,觸發,進榜即觸發,37.77,73.0,2.0,0,1.1,0.7,-19.1,-0.0,36.8,-2.6,3.8,0.6,-17.0,-0.6,2020-08
2020-08-04,2417,圓剛,電子工業,進榜,準備,42.07,99.0,2.0,0,76.0,0.7,57.1,-0.0,41.8,-0.8,77.4,0.6,58.3,-0.6,2020-08
2020-08-04,3529,力旺,半導體業,進榜,準備,554.27,90.0,2.0,0,-10.8,0.7,-2.2,-0.0,565.7,2.1,-12.6,0.6,-4.2,-0.6,2020-08
2020-08-04,5306,桂盟,其他,進榜,準備,144.62,90.0,2.0,0,3.0,0.7,12.5,-0.0,152.1,5.1,-2.1,0.6,7.0,-0.6,2020-08
2020-08-04,1309,台達化,塑膠工業,進榜,準備,11.76,85.0,2.0,0,36.0,0.7,98.2,-0.0,11.8,0.0,36.0,0.6,98.2,-0.6,2020-08
2020-08-04,2348,海悅,其他,進榜,準備,35.31,83.0,3.0,0,7.9,0.7,1.8,-0.0,35.5,0.5,7.4,0.6,1.4,-0.6,2020-08
2020-08-04,5609,中菲行,航運業,進榜,準備,22.01,80.0,2.0,0,69.1,0.7,65.8,-0.0,22.1,0.5,68.3,0.6,65.0,-0.6,2020-08
2020-08-04,3264,欣銓,半導體業,移出,掉出掃描母體,27.98,71.0,,1,,,,,,,,,,,2020-08
2020-08-04,5474,聰泰,電腦及週邊設備業,移出,突破失敗,165.32,98.0,,4,,,,,,,,,,,2020-08
2020-08-05,6582,申豐,橡膠工業,進榜,觸發,117.17,92.0,3.0,0,14.2,0.3,34.8,-0.5,116.0,-1.0,15.3,0.2,36.2,-1.3,2020-08
2020-08-05,6582,申豐,橡膠工業,觸發,進榜即觸發,117.17,92.0,3.0,0,14.2,0.3,34.8,-0.5,116.0,-1.0,15.3,0.2,36.2,-1.3,2020-08
2020-08-05,3515,華擎,電子工業,進榜,觸發,136.73,88.0,5.0,0,6.2,0.3,-14.0,-0.5,137.8,0.8,5.3,0.2,-14.7,-1.3,2020-08
2020-08-05,3515,華擎,電子工業,觸發,進榜即觸發,136.73,88.0,5.0,0,6.2,0.3,-14.0,-0.5,137.8,0.8,5.3,0.2,-14.7,-1.3,2020-08
2020-08-05,1717,長興,化學工業,進榜,觸發,31.99,72.0,2.0,0,-9.2,0.3,-12.3,-0.5,33.6,5.0,-13.5,0.2,-16.5,-1.3,2020-08
2020-08-05,1717,長興,化學工業,觸發,進榜即觸發,31.99,72.0,2.0,0,-9.2,0.3,-12.3,-0.5,33.6,5.0,-13.5,0.2,-16.5,-1.3,2020-08
2020-08-05,5215,科嘉-KY,電腦及週邊設備業,進榜,準備,104.54,95.0,3.0,0,13.2,0.3,-0.3,-0.5,97.7,-6.6,21.1,0.2,6.7,-1.3,2020-08
2020-08-05,8027,鈦昇,電機機械,進榜,準備,54.99,89.0,3.0,0,2.7,0.3,18.1,-0.5,56.0,1.8,0.8,0.2,16.0,-1.3,2020-08
2020-08-05,9914,美利達,其他,進榜,準備,227.15,84.0,2.0,0,-11.1,0.3,-2.0,-0.5,228.8,0.7,-11.7,0.2,-2.7,-1.3,2020-08
2020-08-05,9103,美德醫療-DR,存託憑證,觸發,等待後觸發,30.68,100.0,2.0,5,110.0,0.3,17.4,-0.5,30.7,0.0,110.0,0.2,17.4,-1.3,2020-08
2020-08-05,6504,南六,其他,移出,掉出掃描母體,241.32,76.0,,2,,,,,,,,,,,2020-08
2020-08-06,9919,康那香,其他,進榜,觸發,40.84,89.0,3.0,0,-6.7,0.4,-13.4,-0.2,40.8,0.0,-6.7,0.4,-13.4,-0.5,2020-08
2020-08-06,9919,康那香,其他,觸發,進榜即觸發,40.84,89.0,3.0,0,-6.7,0.4,-13.4,-0.2,40.8,0.0,-6.7,0.4,-13.4,-0.5,2020-08
2020-08-06,1325,恆大,塑膠工業,進榜,準備,149.45,99.0,2.0,0,-20.4,0.4,-31.4,-0.2,149.5,0.0,-20.4,0.4,-31.4,-0.5,2020-08
2020-08-06,6492,生華科,生技醫療業,進榜,準備,163.33,94.0,3.0,0,14.7,0.4,49.2,-0.2,170.0,4.1,10.2,0.4,43.3,-0.5,2020-08
2020-08-06,6237,驊訊,半導體業,進榜,準備,31.99,91.0,2.0,0,36.4,0.4,18.9,-0.2,32.0,0.0,36.4,0.4,18.9,-0.5,2020-08
2020-08-06,6504,南六,其他,進榜,準備,269.56,80.0,3.0,0,-16.7,0.4,-27.8,-0.2,274.7,1.9,-18.2,0.4,-29.1,-0.5,2020-08
2020-08-06,2201,裕隆,汽車工業,進榜,準備,31.53,71.0,2.0,0,5.9,0.4,-6.8,-0.2,31.9,1.3,4.5,0.4,-7.9,-0.5,2020-08
2020-08-06,2383,台光電,電子工業,移出,掉出掃描母體,149.37,74.0,,6,,,,,,,,,,,2020-08
2020-08-06,5904,寶雅,貿易百貨,移出,掉出掃描母體,46.94,70.0,,34,,,,,,,,,,,2020-08
2020-08-07,6443,元晶,電子工業,進榜,準備,16.97,96.0,2.0,0,33.2,0.4,80.5,0.0,16.9,-0.5,34.0,0.3,81.5,-0.2,2020-08
2020-08-10,6125,廣運,光電業,進榜,觸發,19.0,80.0,4.0,0,25.6,0.3,60.8,0.0,20.2,6.3,18.1,0.3,51.2,-0.4,2020-08
2020-08-10,6125,廣運,光電業,觸發,進榜即觸發,19.0,80.0,4.0,0,25.6,0.3,60.8,0.0,20.2,6.3,18.1,0.3,51.2,-0.4,2020-08
2020-08-10,5609,中菲行,航運業,觸發,等待後觸發,27.99,90.0,2.0,6,34.4,0.3,35.4,0.0,29.0,3.8,29.5,0.3,30.5,-0.4,2020-08
2020-08-10,4927,泰鼎-KY,電子工業,移出,掉出掃描母體,61.03,73.0,,39,,,,,,,,,,,2020-08
2020-08-10,3016,嘉晶,半導體業,移出,掉出掃描母體,65.1,75.0,,7,,,,,,,,,,,2020-08
2020-08-10,8027,鈦昇,電機機械,移出,晚期未觸發,49.55,88.0,,5,,,,,,,,,,,2020-08
2020-08-10,1717,長興,化學工業,移出,掉出掃描母體,32.16,73.0,,5,,,,,,,,,,,2020-08
2020-08-10,2201,裕隆,汽車工業,移出,掉出掃描母體,31.66,71.0,,4,,,,,,,,,,,2020-08
2020-08-11,5474,聰泰,電腦及週邊設備業,進榜,準備,184.44,99.0,3.0,0,20.0,0.9,-18.9,0.1,185.8,0.7,19.1,1.1,-19.5,0.3,2020-08
2020-08-11,1589,永冠-KY,電機機械,進榜,準備,93.84,87.0,1.0,0,-3.7,0.9,-7.1,0.1,93.8,0.0,-3.7,1.1,-7.1,0.3,2020-08
2020-08-11,4735,豪展,生技醫療業,觸發,等待後觸發,73.07,89.0,3.0,8,-7.6,0.9,31.7,0.1,71.8,-1.8,-5.9,1.1,34.1,0.3,2020-08
2020-08-11,4966,譜瑞-KY,半導體業,移出,離高點太遠,943.63,83.0,,111,,,,,,,,,,,2020-08
2020-08-11,6203,海韻電,電子零組件業,移出,離高點太遠,48.44,89.0,,40,,,,,,,,,,,2020-08
2020-08-11,1325,恆大,塑膠工業,移出,離高點太遠,136.11,99.0,,5,,,,,,,,,,,2020-08
2020-08-11,6504,南六,其他,移出,晚期未觸發,247.31,82.0,,5,,,,,,,,,,,2020-08
2020-08-12,5215,科嘉-KY,電腦及週邊設備業,觸發,等待後觸發,110.73,96.0,3.0,7,5.0,1.1,1.2,1.0,108.0,-2.5,7.6,0.7,3.8,0.7,2020-08
2020-08-12,3515,華擎,電子工業,移出,突破失敗,123.83,79.0,,7,,,,,,,,,,,2020-08
2020-08-13,8069,元太,光電業,進榜,準備,38.11,77.0,2.0,0,-7.3,1.1,-10.5,1.1,38.3,0.5,-7.7,1.2,-10.9,1.2,2020-08
2020-08-13,6492,生華科,生技醫療業,移出,離高點太遠,141.36,92.0,,7,,,,,,,,,,,2020-08
2020-08-13,9919,康那香,其他,移出,離高點太遠,37.16,93.0,,7,,,,,,,,,,,2020-08
2020-08-14,8046,南電,電子工業,進榜,觸發,124.25,97.0,4.0,0,-14.6,0.0,-9.7,1.4,126.0,1.4,-15.8,0.0,-11.0,1.1,2020-08
2020-08-14,8046,南電,電子工業,觸發,進榜即觸發,124.25,97.0,4.0,0,-14.6,0.0,-9.7,1.4,126.0,1.4,-15.8,0.0,-11.0,1.1,2020-08
2020-08-14,3218,大學光,生技醫療業,進榜,觸發,153.37,92.0,6.0,0,29.7,0.0,36.4,1.4,165.5,7.9,20.2,0.0,26.4,1.1,2020-08
2020-08-14,3218,大學光,生技醫療業,觸發,進榜即觸發,153.37,92.0,6.0,0,29.7,0.0,36.4,1.4,165.5,7.9,20.2,0.0,26.4,1.1,2020-08
2020-08-14,2504,國產,建材營造,進榜,準備,14.11,71.0,2.0,0,25.1,0.0,36.6,1.4,14.4,2.1,22.6,0.0,33.8,1.1,2020-08
2020-08-17,1526,日馳,電機機械,進榜,準備,38.11,95.0,2.0,0,-1.4,0.0,5.8,0.2,38.1,0.0,-1.4,0.0,5.8,0.1,2020-08
2020-08-17,2363,矽統,半導體業,進榜,準備,12.15,77.0,3.0,0,3.3,0.0,-3.4,0.2,12.5,2.6,0.7,0.0,-5.8,0.1,2020-08
2020-08-17,6237,驊訊,半導體業,觸發,等待後觸發,36.0,95.0,2.0,11,25.6,0.0,13.5,0.2,36.0,0.0,25.6,0.0,13.5,0.1,2020-08
2020-08-17,1309,台達化,塑膠工業,觸發,等待後觸發,14.77,93.0,2.0,13,42.2,0.0,50.2,0.2,15.1,1.9,39.5,0.0,47.4,0.1,2020-08
2020-08-18,6561,是方,通信網路業,進榜,準備,290.73,83.0,3.0,0,-4.5,0.2,-7.5,0.7,293.7,1.0,-5.5,0.0,-8.5,0.6,2020-08
2020-08-18,2332,友訊,通信網路業,進榜,準備,18.14,72.0,2.0,0,-2.7,0.2,6.9,0.7,18.2,0.5,-3.2,0.0,6.3,0.6,2020-08
2020-08-18,1514,亞力,電機機械,進榜,準備,19.46,70.0,2.0,0,4.8,0.2,2.2,0.7,19.5,0.2,4.6,0.0,2.0,0.6,2020-08
2020-08-18,2454,聯發科,半導體業,移出,離高點太遠,435.02,77.0,,71,,,,,,,,,,,2020-08
2020-08-18,3034,聯詠,半導體業,移出,掉出掃描母體,182.29,73.0,,27,,,,,,,,,,,2020-08
2020-08-18,8069,元太,光電業,移出,掉出掃描母體,37.67,71.0,,5,,,,,,,,,,,2020-08
2020-08-19,3016,嘉晶,半導體業,進榜,觸發,70.44,72.0,2.0,0,-7.2,0.6,-19.0,1.2,67.8,-3.8,-3.5,0.8,-15.8,1.5,2020-08
2020-08-19,3016,嘉晶,半導體業,觸發,進榜即觸發,70.44,72.0,2.0,0,-7.2,0.6,-19.0,1.2,67.8,-3.8,-3.5,0.8,-15.8,1.5,2020-08
2020-08-19,1904,正隆,造紙工業,進榜,準備,22.76,70.0,2.0,0,12.7,0.6,16.6,1.2,22.8,0.4,12.3,0.8,16.2,1.5,2020-08
2020-08-19,6187,萬潤,其他電子類,移出,掉出掃描母體,50.3,77.0,,23,,,,,,,,,,,2020-08
2020-08-20,6146,耕興,其他電子類,進榜,準備,186.47,75.0,2.0,0,-1.8,4.3,-11.4,4.3,188.9,1.3,-3.1,3.5,-12.6,3.5,2020-08
2020-08-20,3014,聯陽,半導體業,移出,掉出掃描母體,45.88,82.0,,119,,,,,,,,,,,2020-08
2020-08-20,5269,祥碩,半導體業,移出,離高點太遠,1450.5,88.0,,97,,,,,,,,,,,2020-08
2020-08-20,2458,義隆,半導體業,移出,掉出掃描母體,92.9,85.0,,83,,,,,,,,,,,2020-08
2020-08-20,2379,瑞昱,半導體業,移出,晚期未觸發,281.36,82.0,,50,,,,,,,,,,,2020-08
2020-08-20,2303,聯電,半導體業,移出,離高點太遠,16.18,81.0,,24,,,,,,,,,,,2020-08
2020-08-20,6477,安集,光電業,移出,離高點太遠,31.71,88.0,,21,,,,,,,,,,,2020-08
2020-08-20,5215,科嘉-KY,電腦及週邊設備業,移出,離高點太遠,98.35,94.0,,15,,,,,,,,,,,2020-08
2020-08-20,8046,南電,電子工業,移出,突破失敗,110.44,96.0,,6,,,,,,,,,,,2020-08
2020-08-20,1526,日馳,電機機械,移出,離高點太遠,32.19,90.0,,3,,,,,,,,,,,2020-08
2020-08-20,2363,矽統,半導體業,移出,掉出掃描母體,11.83,77.0,,3,,,,,,,,,,,2020-08
2020-08-20,3016,嘉晶,半導體業,移出,掉出掃描母體,70.44,72.0,,1,,,,,,,,,,,2020-08
2020-08-21,3293,鈊象,文化創意業,進榜,觸發,151.82,84.0,6.0,0,2.0,2.8,-15.6,3.1,159.3,4.9,-2.8,2.7,-19.6,3.2,2020-08
2020-08-21,3293,鈊象,文化創意業,觸發,進榜即觸發,151.82,84.0,6.0,0,2.0,2.8,-15.6,3.1,159.3,4.9,-2.8,2.7,-19.6,3.2,2020-08
2020-08-21,5521,工信,建材營造,進榜,觸發,9.99,73.0,4.0,0,3.1,2.8,2.2,3.1,10.1,1.3,1.7,2.7,0.9,3.2,2020-08
2020-08-21,5521,工信,建材營造,觸發,進榜即觸發,9.99,73.0,4.0,0,3.1,2.8,2.2,3.1,10.1,1.3,1.7,2.7,0.9,3.2,2020-08
2020-08-21,9921,巨大,其他,進榜,準備,263.53,86.0,1.0,0,-9.4,2.8,-9.4,3.1,257.6,-2.2,-7.3,2.7,-7.3,3.2,2020-08
2020-08-21,6409,旭隼,其他電子業,進榜,準備,841.66,73.0,1.0,0,-3.5,2.8,-5.7,3.1,857.7,1.9,-5.3,2.7,-7.5,3.2,2020-08
2020-08-21,5306,桂盟,其他,觸發,等待後觸發,157.16,91.0,2.0,17,-4.0,2.8,-4.0,3.1,157.6,0.2,-4.2,2.7,-4.2,3.2,2020-08
2020-08-21,1904,正隆,造紙工業,移出,掉出掃描母體,22.35,74.0,,2,,,,,,,,,,,2020-08
2020-08-24,3325,旭品,電腦及週邊設備業,進榜,觸發,26.13,96.0,3.0,0,-1.0,2.2,-11.9,2.8,28.7,10.0,-9.9,1.9,-19.9,2.8,2020-08
2020-08-24,3325,旭品,電腦及週邊設備業,觸發,進榜即觸發,26.13,96.0,3.0,0,-1.0,2.2,-11.9,2.8,28.7,10.0,-9.9,1.9,-19.9,2.8,2020-08
2020-08-24,2108,南帝,橡膠工業,進榜,準備,31.62,71.0,3.0,0,15.7,2.2,43.6,2.8,31.2,-1.2,17.1,1.9,45.4,2.8,2020-08
2020-08-24,1514,亞力,電機機械,觸發,等待後觸發,20.15,76.0,2.0,6,-0.1,2.2,-0.4,2.8,20.3,0.7,-0.7,1.9,-1.1,2.8,2020-08
2020-08-24,6409,旭隼,其他電子業,觸發,等待後觸發,925.82,81.0,1.0,3,-13.5,2.2,-12.4,2.8,921.8,-0.4,-13.2,1.9,-12.0,2.8,2020-08
2020-08-24,5521,工信,建材營造,移出,掉出掃描母體,9.99,73.0,,3,,,,,,,,,,,2020-08
2020-08-25,3515,華擎,電子工業,進榜,觸發,150.0,89.0,5.0,0,-7.4,0.6,-16.2,2.6,150.0,0.0,-7.4,0.4,-16.2,2.6,2020-08
2020-08-25,3515,華擎,電子工業,觸發,進榜即觸發,150.0,89.0,5.0,0,-7.4,0.6,-16.2,2.6,150.0,0.0,-7.4,0.4,-16.2,2.6,2020-08
2020-08-25,3708,上緯投控,化學工業,進榜,準備,98.03,85.0,2.0,0,24.2,0.6,29.0,2.6,98.4,0.4,23.7,0.4,28.5,2.6,2020-08
2020-08-25,2330,台積電,半導體業,進榜,準備,389.5,74.0,2.0,0,1.1,0.6,12.9,2.6,390.4,0.2,0.9,0.4,12.7,2.6,2020-08
2020-08-25,9103,美德醫療-DR,存託憑證,移出,離高點太遠,51.32,100.0,,25,,,,,,,,,,,2020-08
2020-08-25,6409,旭隼,其他電子業,移出,掉出掃描母體,925.82,81.0,,4,,,,,,,,,,,2020-08
2020-08-26,9958,世紀鋼,鋼鐵工業,進榜,觸發,96.96,76.0,5.0,0,17.2,0.0,7.5,2.5,99.1,2.2,14.7,-0.4,5.2,2.5,2020-08
2020-08-26,9958,世紀鋼,鋼鐵工業,觸發,進榜即觸發,96.96,76.0,5.0,0,17.2,0.0,7.5,2.5,99.1,2.2,14.7,-0.4,5.2,2.5,2020-08
2020-08-26,5223,安力-KY,電腦及週邊設備業,進榜,準備,62.65,94.0,3.0,0,-12.9,0.0,-8.5,2.5,63.2,0.9,-13.7,-0.4,-9.3,2.5,2020-08
2020-08-26,9945,潤泰新,其他,進榜,準備,17.27,71.0,3.0,0,2.2,0.0,5.0,2.5,17.3,0.4,1.8,-0.4,4.6,2.5,2020-08
2020-08-26,2330,台積電,半導體業,觸發,等待後觸發,396.22,75.0,2.0,1,-1.4,0.0,12.9,2.5,401.6,1.4,-2.7,-0.4,11.4,2.5,2020-08
2020-08-26,6146,耕興,其他電子類,移出,掉出掃描母體,187.16,71.0,,6,,,,,,,,,,,2020-08
2020-08-27,6187,萬潤,其他電子類,進榜,準備,57.39,81.0,3.0,0,-1.0,-1.8,27.2,2.5,58.2,1.3,-2.3,-1.9,25.6,2.5,2020-08
2020-08-27,3708,上緯投控,化學工業,觸發,等待後觸發,105.54,88.0,2.0,2,13.5,-1.8,21.7,2.5,105.5,0.0,13.5,-1.9,21.7,2.5,2020-08
2020-08-27,6441,廣錠,電腦及週邊設備業,移出,離高點太遠,106.79,89.0,,23,,,,,,,,,,,2020-08
2020-08-28,6492,生華科,生技醫療業,進榜,準備,176.02,95.0,3.0,0,54.9,-2.7,20.9,2.3,193.2,9.7,41.1,-3.3,10.2,1.9,2020-08
2020-08-28,3323,加百裕,電腦及週邊設備業,進榜,準備,37.68,85.0,2.0,0,-9.9,-2.7,-7.7,2.3,38.3,1.6,-11.4,-3.3,-9.2,1.9,2020-08
2020-08-28,6732,昇佳電子,半導體業,進榜,準備,715.84,84.0,2.0,0,-18.3,-2.7,-20.1,2.3,719.7,0.5,-18.7,-3.3,-20.5,1.9,2020-08
2020-08-28,3529,力旺,半導體業,移出,掉出掃描母體,525.75,84.0,,24,,,,,,,,,,,2020-08
2020-08-31,9103,美德醫療-DR,存託憑證,進榜,準備,60.71,100.0,3.0,0,-12.4,-2.1,-62.5,2.6,63.2,4.1,-15.9,-2.2,-64.0,2.6,2020-08
2020-08-31,2102,泰豐,橡膠工業,移出,逾期,23.38,87.0,,56,,,,,,,,,,,2020-08
2020-08-31,2368,金像電,電子零組件業,移出,離高點太遠,49.53,96.0,,46,,,,,,,,,,,2020-08
2020-08-31,2308,台達電,電子工業,移出,掉出掃描母體,173.54,73.0,,35,,,,,,,,,,,2020-08
2020-09-01,1513,中興電,電機機械,進榜,準備,31.69,76.0,1.0,0,6.8,-2.1,45.4,3.1,31.7,0.1,6.7,-2.5,45.2,2.9,2020-09
2020-09-01,1907,永豐餘,造紙工業,進榜,準備,15.12,74.0,1.0,0,-9.3,-2.1,26.8,3.1,15.2,0.3,-9.5,-2.5,26.5,2.9,2020-09
2020-09-01,2108,南帝,橡膠工業,觸發,等待後觸發,36.55,81.0,3.0,8,4.7,-2.1,24.1,3.1,36.6,0.1,4.6,-2.5,23.9,2.9,2020-09
2020-09-01,2377,微星,電子工業,移出,晚期未觸發,102.71,73.0,,49,,,,,,,,,,,2020-09
2020-09-01,6561,是方,通信網路業,移出,掉出掃描母體,295.26,73.0,,14,,,,,,,,,,,2020-09
2020-09-02,4934,太極,光電業,進榜,觸發,25.61,75.0,4.0,0,22.7,-1.8,10.8,3.0,25.5,-0.6,23.4,-2.3,11.4,2.7,2020-09
2020-09-02,4934,太極,光電業,觸發,進榜即觸發,25.61,75.0,4.0,0,22.7,-1.8,10.8,3.0,25.5,-0.6,23.4,-2.3,11.4,2.7,2020-09
2020-09-02,1526,日馳,電機機械,進榜,準備,37.97,92.0,3.0,0,10.0,-1.8,9.7,3.0,38.3,0.9,9.0,-2.3,8.8,2.7,2020-09
2020-09-02,2458,義隆,半導體業,進榜,準備,105.69,87.0,3.0,0,-7.3,-1.8,-15.9,3.0,106.7,1.0,-8.2,-2.3,-16.7,2.7,2020-09
2020-09-02,6443,元晶,電子工業,觸發,等待後觸發,20.97,98.0,2.0,26,23.6,-1.8,103.7,3.0,21.2,1.1,22.3,-2.3,101.5,2.7,2020-09
2020-09-02,5474,聰泰,電腦及週邊設備業,觸發,等待後觸發,248.82,99.0,3.0,22,-26.1,-1.8,-41.0,3.0,248.8,0.0,-26.1,-2.3,-41.0,2.7,2020-09
2020-09-02,2348,海悅,其他,移出,掉出掃描母體,38.08,85.0,,29,,,,,,,,,,,2020-09
2020-09-03,6244,茂迪,光電業,進榜,觸發,35.75,98.0,2.0,0,0.5,-1.7,-4.3,3.0,35.7,0.0,0.5,-0.8,-4.3,4.3,2020-09
2020-09-03,6244,茂迪,光電業,觸發,進榜即觸發,35.75,98.0,2.0,0,0.5,-1.7,-4.3,3.0,35.7,0.0,0.5,-0.8,-4.3,4.3,2020-09
2020-09-03,3228,金麗科,半導體業,進榜,觸發,75.47,94.0,4.0,0,31.7,-1.7,112.1,3.0,76.8,1.8,29.4,-0.8,108.3,4.3,2020-09
2020-09-03,3228,金麗科,半導體業,觸發,進榜即觸發,75.47,94.0,4.0,0,31.7,-1.7,112.1,3.0,76.8,1.8,29.4,-0.8,108.3,4.3,2020-09
2020-09-03,6477,安集,光電業,進榜,觸發,38.46,92.0,2.0,0,-14.0,-1.7,47.9,3.0,37.6,-2.2,-12.0,-0.8,51.2,4.3,2020-09
2020-09-03,6477,安集,光電業,觸發,進榜即觸發,38.46,92.0,2.0,0,-14.0,-1.7,47.9,3.0,37.6,-2.2,-12.0,-0.8,51.2,4.3,2020-09
2020-09-03,8027,鈦昇,電機機械,進榜,觸發,62.08,92.0,4.0,0,3.9,-1.7,15.6,3.0,61.6,-0.7,4.6,-0.8,16.4,4.3,2020-09
2020-09-03,8027,鈦昇,電機機械,觸發,進榜即觸發,62.08,92.0,4.0,0,3.9,-1.7,15.6,3.0,61.6,-0.7,4.6,-0.8,16.4,4.3,2020-09
2020-09-03,1714,和桐,化學工業,進榜,觸發,9.25,74.0,3.0,0,-11.0,-1.7,-8.9,3.0,9.1,-1.8,-9.4,-0.8,-7.3,4.3,2020-09
2020-09-03,1714,和桐,化學工業,觸發,進榜即觸發,9.25,74.0,3.0,0,-11.0,-1.7,-8.9,3.0,9.1,-1.8,-9.4,-0.8,-7.3,4.3,2020-09
2020-09-03,2353,宏碁,電子工業,進榜,準備,17.59,75.0,1.0,0,2.7,-1.7,-3.8,3.0,17.0,-3.1,6.0,-0.8,-0.6,4.3,2020-09
2020-09-03,1513,中興電,電機機械,觸發,等待後觸發,35.14,84.0,1.0,2,5.5,-1.7,34.2,3.0,34.1,-3.0,8.8,-0.8,38.4,4.3,2020-09
2020-09-03,3029,零壹,資訊服務業,移出,掉出掃描母體,30.14,71.0,,34,,,,,,,,,,,2020-09
2020-09-03,2330,台積電,半導體業,移出,掉出掃描母體,388.15,71.0,,9,,,,,,,,,,,2020-09
2020-09-04,6492,生華科,生技醫療業,觸發,等待後觸發,205.92,97.0,3.0,7,23.3,-0.7,6.4,3.6,226.5,10.0,12.1,-1.2,-3.2,3.3,2020-09
2020-09-04,9914,美利達,其他,移出,掉出掃描母體,203.16,75.0,,30,,,,,,,,,,,2020-09
2020-09-04,2332,友訊,通信網路業,移出,掉出掃描母體,18.34,71.0,,17,,,,,,,,,,,2020-09
2020-09-07,2417,圓剛,電子工業,移出,離高點太遠,75.54,99.0,,34,,,,,,,,,,,2020-09
2020-09-07,3540,曜越,電腦及週邊設備業,移出,離高點太遠,53.29,97.0,,35,,,,,,,,,,,2020-09
2020-09-07,5306,桂盟,其他,移出,離高點太遠,138.74,87.0,,34,,,,,,,,,,,2020-09
2020-09-07,6443,元晶,電子工業,移出,離高點太遠,20.87,98.0,,31,,,,,,,,,,,2020-09
2020-09-07,3293,鈊象,文化創意業,移出,離高點太遠,154.81,75.0,,17,,,,,,,,,,,2020-09
2020-09-07,9921,巨大,其他,移出,掉出掃描母體,253.86,80.0,,17,,,,,,,,,,,2020-09
2020-09-07,5223,安力-KY,電腦及週邊設備業,移出,離高點太遠,55.4,93.0,,12,,,,,,,,,,,2020-09
2020-09-07,6187,萬潤,其他電子類,移出,晚期未觸發,53.12,75.0,,11,,,,,,,,,,,2020-09
2020-09-07,6477,安集,光電業,移出,離高點太遠,35.15,91.0,,4,,,,,,,,,,,2020-09
2020-09-08,4142,國光生,化學生技醫療,進榜,觸發,77.19,92.0,3.0,0,-8.1,-0.7,-21.4,3.4,76.7,-0.6,-7.5,-0.3,-20.9,3.9,2020-09
2020-09-08,4142,國光生,化學生技醫療,觸發,進榜即觸發,77.19,92.0,3.0,0,-8.1,-0.7,-21.4,3.4,76.7,-0.6,-7.5,-0.3,-20.9,3.9,2020-09
2020-09-08,6589,台康生技,生技醫療業,進榜,觸發,64.53,85.0,2.0,0,-9.0,-0.7,-25.3,3.4,61.4,-4.8,-4.4,-0.3,-21.5,3.9,2020-09
2020-09-08,6589,台康生技,生技醫療業,觸發,進榜即觸發,64.53,85.0,2.0,0,-9.0,-0.7,-25.3,3.4,61.4,-4.8,-4.4,-0.3,-21.5,3.9,2020-09
2020-09-08,5264,鎧勝-KY,電腦及週邊設備業,進榜,準備,85.0,91.0,3.0,0,1.8,-0.7,2.5,3.4,85.2,0.2,1.5,-0.3,2.2,3.9,2020-09
2020-09-08,4123,晟德,生技醫療業,進榜,準備,45.52,77.0,3.0,0,-17.8,-0.7,-21.6,3.4,44.7,-1.8,-16.3,-0.3,-20.1,3.9,2020-09
2020-09-08,2504,國產,建材營造,觸發,等待後觸發,18.32,90.0,2.0,25,-7.9,-0.7,-8.6,3.4,17.8,-3.0,-5.0,-0.3,-5.8,3.9,2020-09
2020-09-08,1526,日馳,電機機械,觸發,等待後觸發,40.73,94.0,3.0,6,13.0,-0.7,4.3,3.4,40.7,-0.1,13.1,-0.3,4.4,3.9,2020-09
2020-09-08,3669,圓展,光電業,移出,離高點太遠,97.13,99.0,,61,,,,,,,,,,,2020-09
2020-09-08,3515,華擎,電子工業,移出,突破失敗,136.36,85.0,,14,,,,,,,,,,,2020-09
2020-09-08,6732,昇佳電子,半導體業,移出,掉出掃描母體,639.28,72.0,,11,,,,,,,,,,,2020-09
2020-09-09,3078,僑威,電子零組件業,進榜,準備,34.25,94.0,2.0,0,-17.8,-1.1,-10.5,3.2,33.5,-2.2,-15.9,-1.6,-8.5,3.0,2020-09
2020-09-09,9103,美德醫療-DR,存託憑證,移出,離高點太遠,59.62,100.0,,9,,,,,,,,,,,2020-09
2020-09-10,6443,元晶,電子工業,進榜,準備,24.86,99.0,3.0,0,45.6,-1.4,54.4,3.4,24.9,0.0,45.6,-1.4,54.4,3.5,2020-09
2020-09-10,1609,大亞,電器電纜,進榜,準備,12.97,87.0,2.0,0,17.3,-1.4,22.9,3.4,13.0,0.0,17.3,-1.4,22.9,3.5,2020-09
2020-09-10,9945,潤泰新,其他,移出,掉出掃描母體,18.17,72.0,,15,,,,,,,,,,,2020-09
2020-09-10,6589,台康生技,生技醫療業,移出,突破失敗,59.09,75.0,,2,,,,,,,,,,,2020-09
2020-09-11,1598,岱宇,化學生技醫療,移出,離高點太遠,93.46,98.0,,73,,,,,,,,,,,2020-09
2020-09-11,5609,中菲行,航運業,移出,離高點太遠,33.19,95.0,,38,,,,,,,,,,,2020-09
2020-09-11,6582,申豐,橡膠工業,移出,離高點太遠,120.19,88.0,,37,,,,,,,,,,,2020-09
2020-09-11,5474,聰泰,電腦及週邊設備業,移出,離高點太遠,196.17,98.0,,31,,,,,,,,,,,2020-09
2020-09-11,3218,大學光,生技醫療業,移出,離高點太遠,198.93,98.0,,28,,,,,,,,,,,2020-09
2020-09-11,3323,加百裕,電腦及週邊設備業,移出,離高點太遠,34.61,80.0,,14,,,,,,,,,,,2020-09
2020-09-11,6244,茂迪,光電業,移出,離高點太遠,34.06,99.0,,8,,,,,,,,,,,2020-09
2020-09-11,3228,金麗科,半導體業,移出,離高點太遠,73.43,91.0,,8,,,,,,,,,,,2020-09
2020-09-11,4123,晟德,生技醫療業,移出,掉出掃描母體,42.91,72.0,,3,,,,,,,,,,,2020-09
2020-09-11,4142,國光生,化學生技醫療,移出,掉出掃描母體,71.05,89.0,,3,,,,,,,,,,,2020-09
2020-09-14,5471,松翰,電子工業,進榜,觸發,44.67,72.0,4.0,0,17.4,-0.9,13.3,3.3,46.2,3.4,13.6,-1.3,9.6,3.1,2020-09
2020-09-14,5471,松翰,電子工業,觸發,進榜即觸發,44.67,72.0,4.0,0,17.4,-0.9,13.3,3.3,46.2,3.4,13.6,-1.3,9.6,3.1,2020-09
2020-09-14,2363,矽統,半導體業,進榜,準備,12.55,82.0,2.0,0,4.4,-0.9,47.6,3.3,12.6,0.4,4.1,-1.3,47.1,3.1,2020-09
2020-09-14,3152,璟德,通信網路業,進榜,準備,585.54,70.0,3.0,0,-4.6,-0.9,24.1,3.3,588.4,0.5,-5.1,-1.3,23.5,3.1,2020-09
2020-09-14,9958,世紀鋼,鋼鐵工業,移出,掉出掃描母體,111.49,76.0,,19,,,,,,,,,,,2020-09
2020-09-14,1907,永豐餘,造紙工業,移出,掉出掃描母體,14.24,70.0,,13,,,,,,,,,,,2020-09
2020-09-14,1526,日馳,電機機械,移出,離高點太遠,37.56,95.0,,12,,,,,,,,,,,2020-09
2020-09-15,3325,旭品,電腦及週邊設備業,移出,離高點太遠,27.33,96.0,,22,,,,,,,,,,,2020-09
2020-09-16,8499,鼎炫-KY,其他,進榜,觸發,143.8,85.0,3.0,0,-5.6,-1.0,-2.6,2.8,148.1,3.0,-8.4,-1.2,-5.5,2.8,2020-09
2020-09-16,8499,鼎炫-KY,其他,觸發,進榜即觸發,143.8,85.0,3.0,0,-5.6,-1.0,-2.6,2.8,148.1,3.0,-8.4,-1.2,-5.5,2.8,2020-09
2020-09-16,1589,永冠-KY,電機機械,移出,掉出掃描母體,89.49,81.0,,36,,,,,,,,,,,2020-09
2020-09-16,6492,生華科,生技醫療業,移出,離高點太遠,249.56,98.0,,19,,,,,,,,,,,2020-09
2020-09-17,3131,弘塑,其他電子類,進榜,觸發,340.76,91.0,4.0,0,-7.3,-1.4,-3.6,1.4,336.1,-1.4,-6.0,-1.7,-2.3,1.3,2020-09
2020-09-17,3131,弘塑,其他電子類,觸發,進榜即觸發,340.76,91.0,4.0,0,-7.3,-1.4,-3.6,1.4,336.1,-1.4,-6.0,-1.7,-2.3,1.3,2020-09
2020-09-17,3437,榮創,光電業,進榜,觸發,26.08,85.0,4.0,0,-16.5,-1.4,-7.1,1.4,26.6,1.9,-18.0,-1.7,-8.8,1.3,2020-09
2020-09-17,3437,榮創,光電業,觸發,進榜即觸發,26.08,85.0,4.0,0,-16.5,-1.4,-7.1,1.4,26.6,1.9,-18.0,-1.7,-8.8,1.3,2020-09
2020-09-17,4735,豪展,生技醫療業,移出,掉出掃描母體,66.22,75.0,,45,,,,,,,,,,,2020-09
2020-09-17,3152,璟德,通信網路業,移出,掉出掃描母體,591.24,72.0,,3,,,,,,,,,,,2020-09
2020-09-18,3694,海華,通信網路業,進榜,準備,30.95,92.0,3.0,0,-5.2,-1.6,-17.5,1.9,30.9,0.0,-5.2,-1.8,-17.5,2.0,2020-09
2020-09-18,3163,波若威,通信網路業,進榜,準備,48.75,90.0,3.0,0,-4.4,-1.6,-22.2,1.9,49.0,0.4,-4.9,-1.8,-22.6,2.0,2020-09
2020-09-18,3483,力致,電腦及週邊設備業,進榜,準備,56.22,89.0,2.0,0,-9.4,-1.6,-25.1,1.9,56.6,0.6,-9.9,-1.8,-25.6,2.0,2020-09
2020-09-18,2353,宏碁,電子工業,移出,掉出掃描母體,18.91,76.0,,15,,,,,,,,,,,2020-09
2020-09-18,2363,矽統,半導體業,移出,掉出掃描母體,12.01,80.0,,4,,,,,,,,,,,2020-09
2020-09-21,2505,國揚,建材營造,移出,掉出掃描母體,36.05,75.0,,48,,,,,,,,,,,2020-09
2020-09-21,6237,驊訊,半導體業,移出,離高點太遠,43.27,97.0,,46,,,,,,,,,,,2020-09
2020-09-21,1514,亞力,電機機械,移出,掉出掃描母體,20.32,71.0,,34,,,,,,,,,,,2020-09
2020-09-21,1714,和桐,化學工業,移出,掉出掃描母體,9.0,73.0,,18,,,,,,,,,,,2020-09
2020-09-21,3437,榮創,光電業,移出,突破失敗,23.68,79.0,,4,,,,,,,,,,,2020-09
2020-09-22,6104,創惟,半導體業,進榜,準備,69.79,93.0,3.0,0,-14.3,-0.5,-11.5,3.3,71.2,2.1,-16.0,-0.8,-13.3,3.1,2020-09
2020-09-22,3017,奇鋐,電子工業,進榜,準備,59.05,86.0,3.0,0,3.3,-0.5,0.0,3.3,60.4,2.4,0.9,-0.8,-2.3,3.1,2020-09
2020-09-22,1513,中興電,電機機械,移出,離高點太遠,39.34,87.0,,21,,,,,,,,,,,2020-09
2020-09-22,3078,僑威,電子零組件業,移出,離高點太遠,28.54,87.0,,13,,,,,,,,,,,2020-09
2020-09-22,8499,鼎炫-KY,其他,移出,掉出掃描母體,134.27,74.0,,6,,,,,,,,,,,2020-09
2020-09-22,3131,弘塑,其他電子類,移出,突破失敗,313.38,84.0,,5,,,,,,,,,,,2020-09
2020-09-23,3027,盛達,通信網路業,進榜,觸發,21.86,97.0,2.0,0,0.5,0.0,-2.7,3.9,22.0,0.7,-0.2,0.3,-3.4,4.7,2020-09
2020-09-23,3027,盛達,通信網路業,觸發,進榜即觸發,21.86,97.0,2.0,0,0.5,0.0,-2.7,3.9,22.0,0.7,-0.2,0.3,-3.4,4.7,2020-09
2020-09-23,3228,金麗科,半導體業,進榜,觸發,94.77,96.0,4.0,0,-1.0,0.0,94.0,3.9,94.1,-0.7,-0.3,0.3,95.4,4.7,2020-09
2020-09-23,3228,金麗科,半導體業,觸發,進榜即觸發,94.77,96.0,4.0,0,-1.0,0.0,94.0,3.9,94.1,-0.7,-0.3,0.3,95.4,4.7,2020-09
2020-09-23,9105,泰金寶-DR,存託憑證,進榜,準備,6.3,99.0,1.0,0,-62.7,0.0,-69.8,3.9,6.9,10.0,-66.1,0.3,-72.5,4.7,2020-09
2020-09-24,1762,中化生,化學生技醫療,進榜,觸發,69.1,88.0,4.0,0,-16.6,1.4,-15.0,4.9,70.7,2.3,-18.4,1.2,-16.9,4.7,2020-09
2020-09-24,1762,中化生,化學生技醫療,觸發,進榜即觸發,69.1,88.0,4.0,0,-16.6,1.4,-15.0,4.9,70.7,2.3,-18.4,1.2,-16.9,4.7,2020-09
2020-09-24,6208,日揚,電子零組件業,進榜,觸發,38.87,71.0,3.0,0,-6.7,1.4,-6.2,4.9,39.3,1.0,-7.7,1.2,-7.2,4.7,2020-09
2020-09-24,6208,日揚,電子零組件業,觸發,進榜即觸發,38.87,71.0,3.0,0,-6.7,1.4,-6.2,4.9,39.3,1.0,-7.7,1.2,-7.2,4.7,2020-09
2020-09-24,1466,聚隆,紡織纖維,進榜,準備,23.17,96.0,2.0,0,0.8,1.4,-27.3,4.9,22.6,-2.6,3.5,1.2,-25.4,4.7,2020-09
2020-09-24,1309,台達化,塑膠工業,移出,離高點太遠,19.86,96.0,,51,,,,,,,,,,,2020-09
2020-09-25,3163,波若威,通信網路業,移出,掉出掃描母體,48.12,88.0,,7,,,,,,,,,,,2020-09
2020-09-25,3708,上緯投控,化學工業,移出,離高點太遠,112.26,92.0,,31,,,,,,,,,,,2020-09
2020-09-25,2458,義隆,半導體業,移出,掉出掃描母體,100.3,78.0,,23,,,,,,,,,,,2020-09
2020-09-25,4934,太極,光電業,移出,離高點太遠,30.39,93.0,,23,,,,,,,,,,,2020-09
2020-09-25,3694,海華,通信網路業,移出,掉出掃描母體,27.92,91.0,,7,,,,,,,,,,,2020-09
2020-09-25,6104,創惟,半導體業,移出,掉出掃描母體,65.32,92.0,,3,,,,,,,,,,,2020-09
2020-09-25,9105,泰金寶-DR,存託憑證,移出,離高點太遠,5.42,99.0,,2,,,,,,,,,,,2020-09
2020-09-25,1762,中化生,化學生技醫療,移出,突破失敗,62.21,83.0,,1,,,,,,,,,,,2020-09
2020-09-25,6208,日揚,電子零組件業,移出,掉出掃描母體,38.87,71.0,,1,,,,,,,,,,,2020-09
2020-09-28,2303,聯電,半導體業,進榜,觸發,20.4,88.0,4.0,0,19.8,0.5,69.3,5.7,21.1,3.3,16.0,0.3,63.9,5.4,2020-09
2020-09-28,2303,聯電,半導體業,觸發,進榜即觸發,20.4,88.0,4.0,0,19.8,0.5,69.3,5.7,21.1,3.3,16.0,0.3,63.9,5.4,2020-09
2020-09-28,3017,奇鋐,電子工業,移出,晚期未觸發,56.94,90.0,,6,,,,,,,,,,,2020-09
2020-09-28,3027,盛達,通信網路業,移出,離高點太遠,19.0,96.0,,5,,,,,,,,,,,2020-09
2020-09-28,3228,金麗科,半導體業,移出,突破失敗,86.82,95.0,,5,,,,,,,,,,,2020-09
2020-09-28,1466,聚隆,紡織纖維,移出,離高點太遠,19.2,93.0,,4,,,,,,,,,,,2020-09
2020-09-29,1904,正隆,造紙工業,進榜,準備,26.46,75.0,2.0,0,4.3,0.0,-2.2,5.9,26.0,-1.7,6.1,0.0,-0.5,6.0,2020-09
2020-09-30,5306,桂盟,其他,進榜,準備,148.54,92.0,3.0,0,9.2,-0.3,-8.2,6.2,147.0,-1.1,10.4,-0.5,-7.2,6.2,2020-09
2020-09-30,5264,鎧勝-KY,電腦及週邊設備業,觸發,等待後觸發,86.2,90.0,3.0,22,0.1,-0.3,1.5,6.2,86.1,-0.1,0.2,-0.5,1.6,6.2,2020-09
2020-10-05,1526,日馳,電機機械,進榜,準備,43.56,96.0,2.0,0,-4.3,0.0,-14.9,5.8,43.8,0.6,-4.9,-0.4,-15.4,5.5,2020-10
2020-10-05,5471,松翰,電子工業,移出,掉出掃描母體,50.02,75.0,,21,,,,,,,,,,,2020-10
2020-10-06,6415,矽力*-KY,半導體業,進榜,觸發,496.36,75.0,5.0,0,-5.8,-0.6,14.6,5.3,485.5,-2.2,-3.7,-0.5,17.1,5.5,2020-10
2020-10-06,6415,矽力*-KY,半導體業,觸發,進榜即觸發,496.36,75.0,5.0,0,-5.8,-0.6,14.6,5.3,485.5,-2.2,-3.7,-0.5,17.1,5.5,2020-10
2020-10-06,3703,欣陸,建材營造,進榜,準備,16.11,92.0,2.0,0,10.0,-0.6,-7.1,5.3,16.3,1.3,8.6,-0.5,-8.3,5.5,2020-10
2020-10-06,5306,桂盟,其他,觸發,等待後觸發,155.98,93.0,3.0,6,8.5,-0.6,-13.3,5.3,155.2,-0.5,9.1,-0.5,-12.9,5.5,2020-10
2020-10-06,8027,鈦昇,電機機械,移出,離高點太遠,64.02,93.0,,33,,,,,,,,,,,2020-10
2020-10-07,6409,旭隼,其他電子業,進榜,觸發,879.84,74.0,2.0,0,-5.3,-0.6,9.8,5.4,888.5,1.0,-6.2,-0.9,8.7,5.2,2020-10
2020-10-07,6409,旭隼,其他電子業,觸發,進榜即觸發,879.84,74.0,2.0,0,-5.3,-0.6,9.8,5.4,888.5,1.0,-6.2,-0.9,8.7,5.2,2020-10
2020-10-07,3032,偉訓,電子工業,進榜,準備,36.63,88.0,3.0,0,3.2,-0.6,-8.6,5.4,37.3,1.8,1.3,-0.9,-10.2,5.2,2020-10
2020-10-07,2481,強茂,半導體業,進榜,準備,32.18,85.0,2.0,0,-1.3,-0.6,40.9,5.4,32.8,1.8,-3.1,-0.9,38.4,5.2,2020-10
2020-10-07,6415,矽力*-KY,半導體業,移出,掉出掃描母體,496.36,75.0,,1,,,,,,,,,,,2020-10
2020-10-08,6477,安集,光電業,進榜,觸發,39.94,93.0,3.0,0,38.4,-0.6,,,43.9,10.0,25.9,-0.8,,,2020-10
2020-10-08,6477,安集,光電業,觸發,進榜即觸發,39.94,93.0,3.0,0,38.4,-0.6,,,43.9,10.0,25.9,-0.8,,,2020-10
2020-10-08,2363,矽統,半導體業,進榜,觸發,13.48,75.0,2.0,0,-13.3,-0.6,,,13.7,1.6,-14.6,-0.8,,,2020-10
2020-10-08,2363,矽統,半導體業,觸發,進榜即觸發,13.48,75.0,2.0,0,-13.3,-0.6,,,13.7,1.6,-14.6,-0.8,,,2020-10
2020-10-08,3686,達能,半導體業,進榜,準備,27.44,100.0,2.0,0,8.6,-0.6,,,28.2,2.7,5.8,-0.8,,,2020-10
2020-10-08,2330,台積電,半導體業,進榜,準備,408.31,73.0,2.0,0,-0.1,-0.6,,,412.8,1.1,-1.2,-0.8,,,2020-10
2020-10-12,3708,上緯投控,化學工業,進榜,觸發,139.13,96.0,2.0,0,0.6,0.3,,,139.9,0.6,0.0,0.4,,,2020-10
2020-10-12,3708,上緯投控,化學工業,觸發,進榜即觸發,139.13,96.0,2.0,0,0.6,0.3,,,139.9,0.6,0.0,0.4,,,2020-10
2020-10-12,4735,豪展,生技醫療業,進榜,觸發,75.68,85.0,4.0,0,26.7,0.3,,,74.7,-1.3,28.4,0.4,,,2020-10
2020-10-12,4735,豪展,生技醫療業,觸發,進榜即觸發,75.68,85.0,4.0,0,26.7,0.3,,,74.7,-1.3,28.4,0.4,,,2020-10
2020-10-12,3552,同致,其他電子類,進榜,準備,83.21,94.0,2.0,0,47.4,0.3,,,86.8,4.3,41.3,0.4,,,2020-10
2020-10-12,3576,聯合再生,光電業,進榜,準備,22.71,92.0,2.0,0,17.2,0.3,,,22.4,-1.5,19.0,0.4,,,2020-10
2020-10-12,2454,聯發科,半導體業,進榜,準備,503.41,84.0,2.0,0,-1.7,0.3,,,502.0,-0.3,-1.4,0.4,,,2020-10
2020-10-12,6443,元晶,電子工業,觸發,等待後觸發,33.58,99.0,3.0,32,0.8,0.3,,,33.6,0.0,0.8,0.4,,,2020-10
2020-10-12,1609,大亞,電器電纜,觸發,等待後觸發,15.56,93.0,2.0,32,-1.7,0.3,,,15.6,0.2,-2.0,0.4,,,2020-10
2020-10-12,3686,達能,半導體業,觸發,等待後觸發,30.18,100.0,2.0,4,1.2,0.3,,,30.0,-0.5,1.7,0.4,,,2020-10
2020-10-13,1598,岱宇,化學生技醫療,進榜,觸發,99.44,98.0,2.0,0,9.0,0.5,,,100.2,0.8,8.2,0.5,,,2020-10
2020-10-13,1598,岱宇,化學生技醫療,觸發,進榜即觸發,99.44,98.0,2.0,0,9.0,0.5,,,100.2,0.8,8.2,0.5,,,2020-10
2020-10-13,3529,力旺,半導體業,進榜,準備,553.32,88.0,3.0,0,-1.2,0.5,,,551.4,-0.3,-0.9,0.5,,,2020-10
2020-10-13,6533,晶心科,電子工業,進榜,準備,163.7,77.0,3.0,0,-4.5,0.5,,,162.2,-0.9,-3.6,0.5,,,2020-10
2020-10-13,3552,同致,其他電子類,觸發,等待後觸發,91.17,95.0,2.0,1,31.0,0.5,,,93.6,2.6,27.7,0.5,,,2020-10
2020-10-13,3576,聯合再生,光電業,觸發,等待後觸發,22.88,93.0,2.0,1,13.6,0.5,,,23.6,3.0,10.3,0.5,,,2020-10
2020-10-14,3027,盛達,通信網路業,進榜,觸發,23.38,97.0,2.0,0,-14.9,0.5,,,23.9,2.3,-16.9,0.6,,,2020-10
2020-10-14,3027,盛達,通信網路業,觸發,進榜即觸發,23.38,97.0,2.0,0,-14.9,0.5,,,23.9,2.3,-16.9,0.6,,,2020-10
2020-10-14,6441,廣錠,電腦及週邊設備業,進榜,觸發,124.44,91.0,6.0,0,6.4,0.5,,,124.4,0.0,6.4,0.6,,,2020-10
2020-10-14,6441,廣錠,電腦及週邊設備業,觸發,進榜即觸發,124.44,91.0,6.0,0,6.4,0.5,,,124.4,0.0,6.4,0.6,,,2020-10
2020-10-14,3490,單井,光電業,進榜,觸發,26.32,87.0,2.0,0,-6.4,0.5,,,27.9,6.1,-11.8,0.6,,,2020-10
2020-10-14,3490,單井,光電業,觸發,進榜即觸發,26.32,87.0,2.0,0,-6.4,0.5,,,27.9,6.1,-11.8,0.6,,,2020-10
2020-10-14,5443,均豪,光電業,進榜,觸發,23.76,80.0,2.0,0,20.3,0.5,,,25.0,5.3,14.2,0.6,,,2020-10
2020-10-14,5443,均豪,光電業,觸發,進榜即觸發,23.76,80.0,2.0,0,20.3,0.5,,,25.0,5.3,14.2,0.6,,,2020-10
2020-10-14,6679,鈺太,半導體業,進榜,觸發,210.78,77.0,6.0,0,-17.2,0.5,,,209.5,-0.6,-16.7,0.6,,,2020-10
2020-10-14,6679,鈺太,半導體業,觸發,進榜即觸發,210.78,77.0,6.0,0,-17.2,0.5,,,209.5,-0.6,-16.7,0.6,,,2020-10
2020-10-14,4976,佳凌,電子工業,進榜,準備,49.9,96.0,1.0,0,-6.3,0.5,,,49.9,0.0,-6.3,0.6,,,2020-10
2020-10-14,3017,奇鋐,電子工業,進榜,準備,65.27,91.0,3.0,0,-6.0,0.5,,,64.8,-0.7,-5.4,0.6,,,2020-10
2020-10-14,1589,永冠-KY,電機機械,進榜,準備,92.98,82.0,2.0,0,-7.8,0.5,,,93.5,0.6,-8.4,0.6,,,2020-10
2020-10-14,2636,台驊控股,航運業,進榜,準備,22.69,82.0,3.0,0,-0.5,0.5,,,22.7,0.0,-0.5,0.6,,,2020-10
2020-10-14,1514,亞力,電機機械,進榜,準備,21.25,76.0,3.0,0,-4.0,0.5,,,21.8,2.6,-6.4,0.6,,,2020-10
2020-10-15,6233,旺玖,半導體業,進榜,觸發,25.77,95.0,4.0,0,-10.3,0.4,,,26.6,3.1,-13.0,0.4,,,2020-10
2020-10-15,6233,旺玖,半導體業,觸發,進榜即觸發,25.77,95.0,4.0,0,-10.3,0.4,,,26.6,3.1,-13.0,0.4,,,2020-10
2020-10-15,2486,一詮,光電業,進榜,準備,13.09,88.0,3.0,0,-3.6,0.4,,,13.0,-0.4,-3.2,0.4,,,2020-10
2020-10-15,3483,力致,電腦及週邊設備業,移出,掉出掃描母體,54.05,71.0,,27,,,,,,,,,,,2020-10
2020-10-15,6409,旭隼,其他電子業,移出,掉出掃描母體,862.59,73.0,,8,,,,,,,,,,,2020-10
2020-10-16,1466,聚隆,紡織纖維,進榜,準備,24.14,96.0,2.0,0,-27.3,1.0,,,25.1,4.0,-30.1,0.8,,,2020-10
2020-10-16,6443,元晶,電子工業,移出,離高點太遠,32.16,100.0,,36,,,,,,,,,,,2020-10
2020-10-16,1526,日馳,電機機械,移出,晚期未觸發,41.59,94.0,,11,,,,,,,,,,,2020-10
2020-10-16,3686,達能,半導體業,移出,離高點太遠,30.03,99.0,,8,,,,,,,,,,,2020-10
2020-10-16,1598,岱宇,化學生技醫療,移出,離高點太遠,91.96,98.0,,3,,,,,,,,,,,2020-10
2020-10-19,9914,美利達,其他,進榜,準備,212.71,83.0,3.0,0,-3.3,0.6,,,216.0,1.6,-4.8,0.8,,,2020-10
2020-10-19,2504,國產,建材營造,移出,掉出掃描母體,17.51,84.0,,66,,,,,,,,,,,2020-10
2020-10-19,2363,矽統,半導體業,移出,掉出掃描母體,12.85,73.0,,11,,,,,,,,,,,2020-10
2020-10-19,1589,永冠-KY,電機機械,移出,掉出掃描母體,90.01,80.0,,5,,,,,,,,,,,2020-10
2020-10-20,6582,申豐,橡膠工業,進榜,觸發,147.41,92.0,4.0,0,-14.4,0.8,,,153.1,3.8,-17.5,0.7,,,2020-10
2020-10-20,6582,申豐,橡膠工業,觸發,進榜即觸發,147.41,92.0,4.0,0,-14.4,0.8,,,153.1,3.8,-17.5,0.7,,,2020-10
2020-10-20,6449,鈺邦,電子工業,進榜,觸發,47.29,89.0,4.0,0,-3.3,0.8,,,47.5,0.4,-3.7,0.7,,,2020-10
2020-10-20,6449,鈺邦,電子工業,觸發,進榜即觸發,47.29,89.0,4.0,0,-3.3,0.8,,,47.5,0.4,-3.7,0.7,,,2020-10
2020-10-20,3015,全漢,電子工業,進榜,觸發,24.74,83.0,5.0,0,4.4,0.8,,,24.7,0.0,4.4,0.7,,,2020-10
2020-10-20,3015,全漢,電子工業,觸發,進榜即觸發,24.74,83.0,5.0,0,4.4,0.8,,,24.7,0.0,4.4,0.7,,,2020-10
2020-10-20,6491,晶碩,生技醫療業,進榜,準備,202.82,84.0,1.0,0,7.0,0.8,,,203.7,0.4,6.5,0.7,,,2020-10
2020-10-20,2603,長榮,航運業,進榜,準備,14.25,83.0,3.0,0,17.5,0.8,,,14.3,0.6,16.9,0.7,,,2020-10
2020-10-20,2615,萬海,航運業,進榜,準備,15.26,78.0,1.0,0,32.1,0.8,,,15.4,0.8,31.0,0.7,,,2020-10
2020-10-20,1477,聚陽,紡織纖維,進榜,準備,128.98,71.0,2.0,0,-0.3,0.8,,,129.0,0.0,-0.3,0.7,,,2020-10
2020-10-20,2330,台積電,半導體業,移出,掉出掃描母體,412.36,74.0,,12,,,,,,,,,,,2020-10
2020-10-21,6191,精成科,電子工業,進榜,觸發,20.12,84.0,4.0,0,-5.5,1.0,,,20.1,-0.2,-5.3,1.2,,,2020-10
2020-10-21,6191,精成科,電子工業,觸發,進榜即觸發,20.12,84.0,4.0,0,-5.5,1.0,,,20.1,-0.2,-5.3,1.2,,,2020-10
2020-10-21,3704,合勤控,通信網路業,進榜,準備,25.12,85.0,3.0,0,-9.0,1.0,,,24.9,-0.8,-8.3,1.2,,,2020-10
2020-10-21,1907,永豐餘,造紙工業,進榜,準備,14.84,77.0,2.0,0,24.6,1.0,,,14.8,-0.3,24.9,1.2,,,2020-10
2020-10-21,1477,聚陽,紡織纖維,移出,掉出掃描母體,128.98,71.0,,1,,,,,,,,,,,2020-10
2020-10-22,6548,長科*,半導體業,進榜,觸發,14.57,80.0,4.0,0,5.3,1.5,,,14.8,1.3,3.9,1.4,,,2020-10
2020-10-22,6548,長科*,半導體業,觸發,進榜即觸發,14.57,80.0,4.0,0,5.3,1.5,,,14.8,1.3,3.9,1.4,,,2020-10
2020-10-22,1477,聚陽,紡織纖維,進榜,觸發,132.77,72.0,2.0,0,-3.1,1.5,,,132.8,0.0,-3.1,1.4,,,2020-10
2020-10-22,1477,聚陽,紡織纖維,觸發,進榜即觸發,132.77,72.0,2.0,0,-3.1,1.5,,,132.8,0.0,-3.1,1.4,,,2020-10
2020-10-22,3498,陽程,其他電子類,進榜,準備,55.41,95.0,2.0,0,-19.9,1.5,,,56.6,2.1,-21.5,1.4,,,2020-10
2020-10-22,1304,台聚,塑膠工業,進榜,準備,13.97,77.0,2.0,0,10.8,1.5,,,14.0,0.0,10.8,1.4,,,2020-10
2020-10-22,3704,合勤控,通信網路業,移出,離高點太遠,22.94,81.0,,1,,,,,,,,,,,2020-10
2020-10-22,3708,上緯投控,化學工業,移出,突破失敗,124.51,92.0,,10,,,,,,,,,,,2020-10
2020-10-23,6472,保瑞,生技醫療業,進榜,準備,70.71,72.0,2.0,0,7.0,1.5,,,72.0,1.9,5.1,1.5,,,2020-10
2020-10-23,3529,力旺,半導體業,觸發,等待後觸發,619.87,92.0,3.0,10,-11.2,1.5,,,617.0,-0.5,-10.8,1.5,,,2020-10
2020-10-23,1514,亞力,電機機械,移出,掉出掃描母體,20.25,72.0,,9,,,,,,,,,,,2020-10
2020-10-26,2609,陽明,航運業,進榜,觸發,5.72,92.0,3.0,0,7.4,2.1,,,5.6,-1.7,9.2,2.4,,,2020-10
2020-10-26,2609,陽明,航運業,觸發,進榜即觸發,5.72,92.0,3.0,0,7.4,2.1,,,5.6,-1.7,9.2,2.4,,,2020-10
2020-10-26,5871,中租-KY,其他,進榜,觸發,97.33,71.0,2.0,0,14.5,2.1,,,96.3,-1.0,15.7,2.4,,,2020-10
2020-10-26,5871,中租-KY,其他,觸發,進榜即觸發,97.33,71.0,2.0,0,14.5,2.1,,,96.3,-1.0,15.7,2.4,,,2020-10
2020-10-26,3694,海華,通信網路業,進榜,準備,30.76,90.0,3.0,0,2.7,2.1,,,30.7,-0.3,3.0,2.4,,,2020-10
2020-10-26,2233,宇隆,汽車工業,進榜,準備,65.33,79.0,2.0,0,-3.7,2.1,,,65.3,-0.1,-3.6,2.4,,,2020-10
2020-10-26,8070,長華*,電子工業,進榜,準備,15.73,73.0,3.0,0,8.6,2.1,,,15.7,-0.5,9.1,2.4,,,2020-10
2020-10-26,1313,聯成,塑膠工業,進榜,準備,11.47,71.0,2.0,0,20.1,2.1,,,11.2,-2.2,22.9,2.4,,,2020-10
2020-10-26,6472,保瑞,生技醫療業,觸發,等待後觸發,74.49,77.0,2.0,3,2.5,2.1,,,72.8,-2.2,4.8,2.4,,,2020-10
2020-10-26,1477,聚陽,紡織纖維,移出,掉出掃描母體,131.04,71.0,,4,,,,,,,,,,,2020-10
2020-10-26,6533,晶心科,電子工業,移出,晚期未觸發,149.57,70.0,,13,,,,,,,,,,,2020-10
2020-10-26,6233,旺玖,半導體業,移出,離高點太遠,23.3,93.0,,11,,,,,,,,,,,2020-10
2020-10-27,1309,台達化,塑膠工業,進榜,觸發,24.84,99.0,3.0,0,-8.4,2.0,,,25.1,1.2,-9.4,2.0,,,2020-10
2020-10-27,1309,台達化,塑膠工業,觸發,進榜即觸發,24.84,99.0,3.0,0,-8.4,2.0,,,25.1,1.2,-9.4,2.0,,,2020-10
2020-10-27,5223,安力-KY,電腦及週邊設備業,進榜,準備,63.16,93.0,3.0,0,-5.2,2.0,,,64.3,1.7,-6.8,2.0,,,2020-10
2020-10-27,2353,宏碁,電子工業,進榜,準備,18.32,76.0,2.0,0,-8.2,2.0,,,18.4,0.4,-8.6,2.0,,,2020-10
2020-10-27,2426,鼎元,光電業,進榜,準備,16.57,76.0,3.0,0,-10.4,2.0,,,16.6,0.0,-10.4,2.0,,,2020-10
2020-10-27,1477,聚陽,紡織纖維,進榜,準備,130.7,71.0,2.0,0,4.0,2.0,,,130.7,0.0,4.0,2.0,,,2020-10
2020-10-27,9945,潤泰新,其他,進榜,準備,18.02,71.0,2.0,0,-0.1,2.0,,,18.0,0.0,-0.1,2.0,,,2020-10
2020-10-27,9910,豐泰,其他,進榜,準備,133.08,70.0,1.0,0,5.5,2.0,,,132.7,-0.3,5.8,2.0,,,2020-10
2020-10-27,5871,中租-KY,其他,移出,掉出掃描母體,97.33,71.0,,1,,,,,,,,,,,2020-10
2020-10-28,5609,中菲行,航運業,進榜,準備,37.0,96.0,3.0,0,-3.0,2.7,,,36.1,-2.5,-0.5,3.8,,,2020-10
2020-10-28,1513,中興電,電機機械,進榜,準備,43.08,92.0,2.0,0,5.8,2.7,,,42.8,-0.8,6.7,3.8,,,2020-10
2020-10-28,9910,豐泰,其他,移出,掉出掃描母體,133.08,70.0,,1,,,,,,,,,,,2020-10
2020-10-28,4976,佳凌,電子工業,移出,離高點太遠,43.23,95.0,,14,,,,,,,,,,,2020-10
2020-10-28,3490,單井,光電業,移出,離高點太遠,24.35,86.0,,14,,,,,,,,,,,2020-10
2020-10-28,6679,鈺太,半導體業,移出,突破失敗,193.11,74.0,,14,,,,,,,,,,,2020-10
2020-10-28,1466,聚隆,紡織纖維,移出,離高點太遠,22.38,97.0,,12,,,,,,,,,,,2020-10
2020-10-28,6191,精成科,電子工業,移出,突破失敗,18.23,80.0,,7,,,,,,,,,,,2020-10
2020-10-29,1598,岱宇,化學生技醫療,進榜,準備,100.93,99.0,2.0,0,-10.4,3.8,,,100.9,0.0,-10.4,3.9,,,2020-10
2020-10-29,1305,華夏,塑膠工業,進榜,準備,17.64,73.0,3.0,0,2.9,3.8,,,17.7,0.4,2.4,3.9,,,2020-10
2020-10-29,1605,華新,電器電纜,進榜,準備,14.57,71.0,2.0,0,4.8,3.8,,,14.6,0.0,4.8,3.9,,,2020-10
2020-10-29,8215,明基材,光電業,進榜,準備,18.99,70.0,1.0,0,6.5,3.8,,,19.3,1.7,4.7,3.9,,,2020-10
2020-10-29,9914,美利達,其他,觸發,等待後觸發,236.81,81.0,3.0,10,-12.5,3.8,,,238.5,0.7,-13.1,3.9,,,2020-10
2020-10-29,9945,潤泰新,其他,移出,掉出掃描母體,17.8,70.0,,2,,,,,,,,,,,2020-10
2020-10-29,2486,一詮,光電業,移出,晚期未觸發,12.44,87.0,,14,,,,,,,,,,,2020-10
2020-10-29,6449,鈺邦,電子工業,移出,突破失敗,42.88,85.0,,9,,,,,,,,,,,2020-10
2020-10-29,2353,宏碁,電子工業,移出,掉出掃描母體,18.21,77.0,,2,,,,,,,,,,,2020-10
2020-10-30,1590,亞德客-KY,電機機械,進榜,觸發,680.75,72.0,5.0,0,6.6,4.9,,,682.5,0.3,6.4,4.9,,,2020-10
2020-10-30,1590,亞德客-KY,電機機械,觸發,進榜即觸發,680.75,72.0,5.0,0,6.6,4.9,,,682.5,0.3,6.4,4.9,,,2020-10
2020-10-30,2006,東和鋼鐵,鋼鐵工業,進榜,準備,29.6,73.0,1.0,0,11.1,4.9,,,29.8,0.7,10.4,4.9,,,2020-10
2020-10-30,1313,聯成,塑膠工業,移出,掉出掃描母體,11.43,73.0,,4,,,,,,,,,,,2020-10
2020-10-30,8215,明基材,光電業,移出,掉出掃描母體,18.99,70.0,,1,,,,,,,,,,,2020-10
2020-10-30,2481,強茂,半導體業,移出,掉出掃描母體,31.18,79.0,,23,,,,,,,,,,,2020-10
2020-10-30,6477,安集,光電業,移出,離高點太遠,51.16,97.0,,22,,,,,,,,,,,2020-10
2020-10-30,3027,盛達,通信網路業,移出,離高點太遠,21.07,97.0,,16,,,,,,,,,,,2020-10
2020-10-30,3498,陽程,其他電子類,移出,離高點太遠,47.93,92.0,,8,,,,,,,,,,,2020-10
2020-10-30,3694,海華,通信網路業,移出,掉出掃描母體,28.93,88.0,,4,,,,,,,,,,,2020-10
2020-10-30,1513,中興電,電機機械,移出,離高點太遠,39.14,91.0,,2,,,,,,,,,,,2020-10
2020-11-02,5309,系統電,電子零組件業,進榜,觸發,39.1,81.0,4.0,0,9.8,5.5,,,38.5,-1.5,11.4,5.1,,,2020-11
2020-11-02,5309,系統電,電子零組件業,觸發,進榜即觸發,39.1,81.0,4.0,0,9.8,5.5,,,38.5,-1.5,11.4,5.1,,,2020-11
2020-11-02,4906,正文,通信網路業,進榜,觸發,23.08,78.0,3.0,0,-1.0,5.5,,,23.3,1.1,-2.1,5.1,,,2020-11
2020-11-02,4906,正文,通信網路業,觸發,進榜即觸發,23.08,78.0,3.0,0,-1.0,5.5,,,23.3,1.1,-2.1,5.1,,,2020-11
2020-11-02,1477,聚陽,紡織纖維,移出,掉出掃描母體,130.7,76.0,,6,,,,,,,,,,,2020-11
2020-11-02,3017,奇鋐,電子工業,移出,掉出掃描母體,58.96,85.0,,19,,,,,,,,,,,2020-11
2020-11-02,3015,全漢,電子工業,移出,掉出掃描母體,23.2,80.0,,13,,,,,,,,,,,2020-11
2020-11-02,1309,台達化,塑膠工業,移出,突破失敗,22.65,99.0,,6,,,,,,,,,,,2020-11
2020-11-02,1305,華夏,塑膠工業,移出,掉出掃描母體,17.13,71.0,,4,,,,,,,,,,,2020-11
2020-11-02,1590,亞德客-KY,電機機械,移出,掉出掃描母體,680.75,72.0,,3,,,,,,,,,,,2020-11
2020-11-03,1517,利奇,電機機械,進榜,觸發,13.1,91.0,3.0,0,0.0,4.8,,,13.4,2.3,-2.3,4.6,,,2020-11
2020-11-03,1517,利奇,電機機械,觸發,進榜即觸發,13.1,91.0,3.0,0,0.0,4.8,,,13.4,2.3,-2.3,4.6,,,2020-11
2020-11-03,2504,國產,建材營造,進榜,準備,18.02,86.0,3.0,0,0.7,4.8,,,18.0,0.0,0.7,4.6,,,2020-11
2020-11-03,6141,柏承,電子工業,進榜,準備,27.8,79.0,3.0,0,5.6,4.8,,,27.8,0.0,5.6,4.6,,,2020-11
2020-11-03,1313,聯成,塑膠工業,進榜,準備,11.68,78.0,2.0,0,26.7,4.8,,,11.9,1.8,24.5,4.6,,,2020-11
2020-11-03,1440,南紡,紡織纖維,進榜,準備,11.19,75.0,2.0,0,11.9,4.8,,,11.4,1.9,9.8,4.6,,,2020-11
2020-11-03,5521,工信,建材營造,進榜,準備,11.32,73.0,3.0,0,-10.2,4.8,,,11.4,0.8,-10.9,4.6,,,2020-11
2020-11-03,2428,興勤,電子工業,進榜,準備,93.26,72.0,2.0,0,26.8,4.8,,,94.1,0.9,25.7,4.6,,,2020-11
2020-11-03,1305,華夏,塑膠工業,進榜,準備,17.56,71.0,3.0,0,3.3,4.8,,,17.7,0.7,2.7,4.6,,,2020-11
2020-11-03,5871,中租-KY,其他,進榜,準備,96.66,70.0,2.0,0,10.8,4.8,,,96.7,0.0,10.8,4.6,,,2020-11
2020-11-03,2006,東和鋼鐵,鋼鐵工業,移出,掉出掃描母體,29.25,72.0,,4,,,,,,,,,,,2020-11
2020-11-03,4906,正文,通信網路業,移出,掉出掃描母體,23.08,78.0,,1,,,,,,,,,,,2020-11
2020-11-04,6187,萬潤,其他電子類,進榜,觸發,67.46,86.0,5.0,0,19.6,4.7,,,67.5,0.0,19.6,4.6,,,2020-11
2020-11-04,6187,萬潤,其他電子類,觸發,進榜即觸發,67.46,86.0,5.0,0,19.6,4.7,,,67.5,0.0,19.6,4.6,,,2020-11
2020-11-04,8499,鼎炫-KY,其他,進榜,觸發,156.18,81.0,4.0,0,-6.4,4.7,,,155.2,-0.6,-5.8,4.6,,,2020-11
2020-11-04,8499,鼎炫-KY,其他,觸發,進榜即觸發,156.18,81.0,4.0,0,-6.4,4.7,,,155.2,-0.6,-5.8,4.6,,,2020-11
2020-11-04,3484,崧騰,電子零組件業,進榜,準備,31.85,86.0,3.0,0,38.8,4.7,,,32.0,0.5,38.2,4.6,,,2020-11
2020-11-04,3605,宏致,電子工業,進榜,準備,30.82,78.0,3.0,0,-10.2,4.7,,,30.8,0.0,-10.2,4.6,,,2020-11
2020-11-04,1477,聚陽,紡織纖維,進榜,準備,131.04,75.0,2.0,0,-2.1,4.7,,,129.3,-1.3,-0.8,4.6,,,2020-11
2020-11-04,2409,友達,光電業,進榜,準備,10.13,75.0,3.0,0,18.9,4.7,,,10.2,0.9,17.9,4.6,,,2020-11
2020-11-04,2006,東和鋼鐵,鋼鐵工業,進榜,準備,29.74,71.0,1.0,0,9.4,4.7,,,29.9,0.7,8.7,4.6,,,2020-11
2020-11-04,2615,萬海,航運業,觸發,等待後觸發,17.46,90.0,1.0,15,38.4,4.7,,,17.3,-0.7,39.4,4.6,,,2020-11
2020-11-04,1305,華夏,塑膠工業,移出,掉出掃描母體,17.56,71.0,,1,,,,,,,,,,,2020-11
2020-11-05,6415,矽力*-KY,半導體業,進榜,觸發,513.23,83.0,6.0,0,10.8,4.2,,,563.8,9.9,0.9,4.1,,,2020-11
2020-11-05,6415,矽力*-KY,半導體業,觸發,進榜即觸發,513.23,83.0,6.0,0,10.8,4.2,,,563.8,9.9,0.9,4.1,,,2020-11
2020-11-05,3346,麗清,汽車工業,進榜,準備,37.27,86.0,2.0,0,-3.1,4.2,,,37.3,0.1,-3.3,4.1,,,2020-11
2020-11-05,8215,明基材,光電業,進榜,準備,18.87,71.0,1.0,0,11.1,4.2,,,19.0,0.7,10.4,4.1,,,2020-11
2020-11-05,1605,華新,電器電纜,移出,掉出掃描母體,14.82,71.0,,7,,,,,,,,,,,2020-11
2020-11-05,5871,中租-KY,其他,移出,掉出掃描母體,98.68,70.0,,2,,,,,,,,,,,2020-11
2020-11-05,8070,長華*,電子工業,移出,掉出掃描母體,15.73,71.0,,10,,,,,,,,,,,2020-11
2020-11-05,5223,安力-KY,電腦及週邊設備業,移出,晚期未觸發,59.53,89.0,,9,,,,,,,,,,,2020-11
2020-11-05,5521,工信,建材營造,移出,掉出掃描母體,11.4,73.0,,2,,,,,,,,,,,2020-11
2020-11-06,5871,中租-KY,其他,進榜,觸發,100.69,72.0,2.0,0,6.0,4.3,,,102.0,1.3,4.6,3.8,,,2020-11
2020-11-06,5871,中租-KY,其他,觸發,進榜即觸發,100.69,72.0,2.0,0,6.0,4.3,,,102.0,1.3,4.6,3.8,,,2020-11
2020-11-06,6560,欣普羅,光電業,進榜,準備,54.67,99.0,2.0,0,12.4,4.3,,,55.0,0.5,11.8,3.8,,,2020-11
2020-11-06,2399,映泰,電子工業,進榜,準備,15.1,85.0,2.0,0,8.1,4.3,,,15.1,0.0,8.1,3.8,,,2020-11
2020-11-06,1802,台玻,玻璃陶瓷,進榜,準備,12.25,79.0,2.0,0,35.8,4.3,,,12.5,1.8,33.3,3.8,,,2020-11
2020-11-06,2330,台積電,半導體業,進榜,準備,407.86,72.0,2.0,0,11.2,4.3,,,412.8,1.2,9.8,3.8,,,2020-11
2020-11-06,1605,華新,電器電纜,進榜,準備,14.73,70.0,2.0,0,16.2,4.3,,,14.9,0.8,15.2,3.8,,,2020-11
2020-11-06,2409,友達,光電業,移出,掉出掃描母體,10.18,77.0,,2,,,,,,,,,,,2020-11
2020-11-09,3374,精材,半導體業,進榜,觸發,141.65,82.0,4.0,0,15.7,3.2,,,141.7,0.0,15.7,2.8,,,2020-11
2020-11-09,3374,精材,半導體業,觸發,進榜即觸發,141.65,82.0,4.0,0,15.7,3.2,,,141.7,0.0,15.7,2.8,,,2020-11
2020-11-09,3580,友威科,其他電子類,進榜,準備,36.16,93.0,1.0,0,29.5,3.2,,,36.2,0.1,29.4,2.8,,,2020-11
2020-11-09,8924,大田,其他,進榜,準備,42.45,87.0,3.0,0,-4.6,3.2,,,41.2,-3.0,-1.6,2.8,,,2020-11
2020-11-09,1312,國喬,塑膠工業,進榜,準備,20.5,82.0,1.0,0,-4.9,3.2,,,20.5,0.0,-4.9,2.8,,,2020-11
2020-11-09,4968,立積,電子工業,進榜,準備,190.66,76.0,2.0,0,10.0,3.2,,,186.6,-2.1,12.4,2.8,,,2020-11
2020-11-09,2401,凌陽,半導體業,進榜,準備,13.52,73.0,3.0,0,16.9,3.2,,,13.5,-0.3,17.3,2.8,,,2020-11
2020-11-09,1440,南紡,紡織纖維,觸發,等待後觸發,12.66,80.0,2.0,6,-1.4,3.2,,,12.7,0.0,-1.4,2.8,,,2020-11
2020-11-09,6141,柏承,電子工業,觸發,等待後觸發,28.35,78.0,3.0,6,5.7,3.2,,,28.0,-1.1,6.8,2.8,,,2020-11
2020-11-09,1605,華新,電器電纜,移出,掉出掃描母體,14.73,70.0,,3,,,,,,,,,,,2020-11
2020-11-09,2233,宇隆,汽車工業,移出,掉出掃描母體,63.29,73.0,,14,,,,,,,,,,,2020-11
2020-11-09,2426,鼎元,光電業,移出,掉出掃描母體,15.88,70.0,,13,,,,,,,,,,,2020-11
2020-11-10,1305,華夏,塑膠工業,進榜,準備,18.19,71.0,3.0,0,-0.2,3.2,,,18.1,-0.6,0.4,3.2,,,2020-11
2020-11-10,2330,台積電,半導體業,移出,掉出掃描母體,413.27,70.0,,4,,,,,,,,,,,2020-11
2020-11-10,2401,凌陽,半導體業,移出,掉出掃描母體,13.52,73.0,,1,,,,,,,,,,,2020-11
2020-11-10,2108,南帝,橡膠工業,移出,離高點太遠,50.01,91.0,,78,,,,,,,,,,,2020-11
2020-11-11,2332,友訊,通信網路業,進榜,觸發,20.12,78.0,2.0,0,38.5,2.8,,,20.3,1.0,37.2,2.7,,,2020-11
2020-11-11,2332,友訊,通信網路業,觸發,進榜即觸發,20.12,78.0,2.0,0,38.5,2.8,,,20.3,1.0,37.2,2.7,,,2020-11
2020-11-11,2233,宇隆,汽車工業,進榜,觸發,66.52,72.0,2.0,0,-6.2,2.8,,,67.6,1.7,-7.7,2.7,,,2020-11
2020-11-11,2233,宇隆,汽車工業,觸發,進榜即觸發,66.52,72.0,2.0,0,-6.2,2.8,,,67.6,1.7,-7.7,2.7,,,2020-11
2020-11-11,3092,鴻碩,電子零組件業,進榜,準備,48.24,77.0,1.0,0,-0.2,2.8,,,48.9,1.3,-1.5,2.7,,,2020-11
2020-11-11,9802,鈺齊-KY,其他,進榜,準備,102.32,75.0,2.0,0,-10.0,2.8,,,103.1,0.8,-10.6,2.7,,,2020-11
2020-11-11,9910,豐泰,其他,進榜,準備,140.82,71.0,1.0,0,-0.8,2.8,,,139.3,-1.0,0.3,2.7,,,2020-11
2020-11-11,2330,台積電,半導體業,進榜,準備,411.91,70.0,2.0,0,13.8,2.8,,,417.3,1.3,12.3,2.7,,,2020-11
2020-11-11,2428,興勤,電子工業,觸發,等待後觸發,106.35,77.0,2.0,8,22.7,2.8,,,108.8,2.3,19.9,2.7,,,2020-11
2020-11-11,3032,偉訓,電子工業,移出,掉出掃描母體,37.21,85.0,,35,,,,,,,,,,,2020-11
2020-11-11,6441,廣錠,電腦及週邊設備業,移出,離高點太遠,132.38,84.0,,28,,,,,,,,,,,2020-11
2020-11-11,6582,申豐,橡膠工業,移出,掉出掃描母體,154.21,88.0,,22,,,,,,,,,,,2020-11
2020-11-11,1598,岱宇,化學生技醫療,移出,離高點太遠,100.19,99.0,,13,,,,,,,,,,,2020-11
2020-11-11,3605,宏致,電子工業,移出,掉出掃描母體,30.78,74.0,,7,,,,,,,,,,,2020-11
2020-11-11,2006,東和鋼鐵,鋼鐵工業,移出,掉出掃描母體,30.13,72.0,,7,,,,,,,,,,,2020-11
2020-11-11,6415,矽力*-KY,半導體業,移出,離高點太遠,513.23,78.0,,6,,,,,,,,,,,2020-11
2020-11-12,3017,奇鋐,電子工業,進榜,觸發,67.46,91.0,3.0,0,-10.4,2.7,,,68.2,1.0,-11.3,2.7,,,2020-11
2020-11-12,3017,奇鋐,電子工業,觸發,進榜即觸發,67.46,91.0,3.0,0,-10.4,2.7,,,68.2,1.0,-11.3,2.7,,,2020-11
2020-11-12,3324,雙鴻,其他電子類,進榜,觸發,232.39,78.0,4.0,0,-17.4,2.7,,,231.5,-0.4,-17.0,2.7,,,2020-11
2020-11-12,3324,雙鴻,其他電子類,觸發,進榜即觸發,232.39,78.0,4.0,0,-17.4,2.7,,,231.5,-0.4,-17.0,2.7,,,2020-11
2020-11-12,6617,共信-KY,生技醫療業,進榜,準備,231.5,99.0,3.0,0,9.9,2.7,,,214.7,-7.3,18.5,2.7,,,2020-11
2020-11-12,3666,光耀,光電業,進榜,準備,38.95,98.0,3.0,0,96.0,2.7,,,39.5,1.3,93.4,2.7,,,2020-11
2020-11-12,1609,大亞,電器電纜,移出,離高點太遠,14.23,85.0,,63,,,,,,,,,,,2020-11
2020-11-12,5306,桂盟,其他,移出,離高點太遠,153.24,89.0,,43,,,,,,,,,,,2020-11
2020-11-12,3576,聯合再生,光電業,移出,離高點太遠,24.87,94.0,,31,,,,,,,,,,,2020-11
2020-11-12,9914,美利達,其他,移出,掉出掃描母體,210.63,74.0,,24,,,,,,,,,,,2020-11
2020-11-12,2603,長榮,航運業,移出,晚期未觸發,15.48,89.0,,23,,,,,,,,,,,2020-11
2020-11-12,6560,欣普羅,光電業,移出,離高點太遠,48.64,99.0,,6,,,,,,,,,,,2020-11
2020-11-13,8070,長華*,電子工業,進榜,準備,16.47,75.0,3.0,0,38.7,1.8,,,16.6,0.9,37.5,1.6,,,2020-11
2020-11-13,3346,麗清,汽車工業,移出,晚期未觸發,34.72,79.0,,8,,,,,,,,,,,2020-11
2020-11-13,9802,鈺齊-KY,其他,移出,掉出掃描母體,100.36,72.0,,2,,,,,,,,,,,2020-11
2020-11-13,2233,宇隆,汽車工業,移出,掉出掃描母體,64.39,72.0,,2,,,,,,,,,,,2020-11
2020-11-16,3694,海華,通信網路業,進榜,觸發,33.1,88.0,3.0,0,-18.4,1.9,,,34.4,4.0,-21.6,1.6,,,2020-11
2020-11-16,3694,海華,通信網路業,觸發,進榜即觸發,33.1,88.0,3.0,0,-18.4,1.9,,,34.4,4.0,-21.6,1.6,,,2020-11
2020-11-16,2481,強茂,半導體業,進榜,觸發,34.66,84.0,4.0,0,9.1,1.9,,,35.1,1.3,7.6,1.6,,,2020-11
2020-11-16,2481,強茂,半導體業,觸發,進榜即觸發,34.66,84.0,4.0,0,9.1,1.9,,,35.1,1.3,7.6,1.6,,,2020-11
2020-11-16,6533,晶心科,電子工業,進榜,觸發,183.19,84.0,4.0,0,51.1,1.9,,,183.2,0.0,51.1,1.6,,,2020-11
2020-11-16,6533,晶心科,電子工業,觸發,進榜即觸發,183.19,84.0,4.0,0,51.1,1.9,,,183.2,0.0,51.1,1.6,,,2020-11
2020-11-16,4976,佳凌,電子工業,進榜,準備,48.94,99.0,2.0,0,8.6,1.9,,,49.2,0.6,8.0,1.6,,,2020-11
2020-11-16,6191,精成科,電子工業,進榜,準備,19.71,82.0,3.0,0,8.8,1.9,,,19.8,0.4,8.3,1.6,,,2020-11
2020-11-16,3443,創意,半導體業,進榜,準備,322.37,75.0,3.0,0,-7.3,1.9,,,325.2,0.9,-8.1,1.6,,,2020-11
2020-11-16,1476,儒鴻,紡織纖維,進榜,準備,343.3,72.0,1.0,0,-7.2,1.9,,,341.2,-0.6,-6.6,1.6,,,2020-11
2020-11-16,1305,華夏,塑膠工業,移出,掉出掃描母體,18.11,71.0,,6,,,,,,,,,,,2020-11
2020-11-16,9910,豐泰,其他,移出,掉出掃描母體,137.87,70.0,,5,,,,,,,,,,,2020-11
2020-11-16,6617,共信-KY,生技醫療業,移出,晚期未觸發,219.0,98.0,,4,,,,,,,,,,,2020-11
2020-11-17,8936,國統,其他,進榜,觸發,21.14,76.0,1.0,0,-9.4,0.9,,,21.2,0.4,-9.8,0.9,,,2020-11
2020-11-17,8936,國統,其他,觸發,進榜即觸發,21.14,76.0,1.0,0,-9.4,0.9,,,21.2,0.4,-9.8,0.9,,,2020-11
2020-11-17,2331,精英,電子工業,進榜,準備,17.14,82.0,3.0,0,-2.8,0.9,,,17.2,0.3,-3.1,0.9,,,2020-11
2020-11-17,1612,宏泰,電器電纜,進榜,準備,10.39,79.0,2.0,0,10.7,0.9,,,10.3,-0.6,11.4,0.9,,,2020-11
2020-11-17,2006,東和鋼鐵,鋼鐵工業,進榜,準備,31.85,72.0,1.0,0,6.2,0.9,,,31.9,0.2,6.0,0.9,,,2020-11
2020-11-17,3324,雙鴻,其他電子類,移出,掉出掃描母體,226.69,75.0,,5,,,,,,,,,,,2020-11
2020-11-17,1476,儒鴻,紡織纖維,移出,掉出掃描母體,343.3,72.0,,1,,,,,,,,,,,2020-11
2020-11-17,1904,正隆,造紙工業,移出,掉出掃描母體,26.54,74.0,,49,,,,,,,,,,,2020-11
2020-11-17,4735,豪展,生技醫療業,移出,離高點太遠,88.08,83.0,,36,,,,,,,,,,,2020-11
2020-11-17,1477,聚陽,紡織纖維,移出,掉出掃描母體,129.67,71.0,,13,,,,,,,,,,,2020-11
2020-11-18,2727,王品,觀光事業,進榜,觸發,82.18,87.0,2.0,0,25.1,1.3,,,83.6,1.7,23.0,1.5,,,2020-11
2020-11-18,2727,王品,觀光事業,觸發,進榜即觸發,82.18,87.0,2.0,0,25.1,1.3,,,83.6,1.7,23.0,1.5,,,2020-11
2020-11-18,2486,一詮,光電業,進榜,準備,15.56,96.0,3.0,0,13.2,1.3,,,15.4,-1.2,14.5,1.5,,,2020-11
2020-11-18,6150,撼訊,電腦及週邊設備業,進榜,準備,81.04,95.0,2.0,0,19.0,1.3,,,82.2,1.4,17.3,1.5,,,2020-11
2020-11-18,2603,長榮,航運業,進榜,準備,17.86,91.0,2.0,0,31.8,1.3,,,17.7,-0.7,32.7,1.5,,,2020-11
2020-11-18,4960,誠美材,電子工業,進榜,準備,9.59,77.0,1.0,0,13.5,1.3,,,9.7,1.0,12.4,1.5,,,2020-11
2020-11-18,3034,聯詠,半導體業,進榜,準備,189.23,72.0,3.0,0,4.7,1.3,,,188.9,-0.2,4.8,1.5,,,2020-11
2020-11-18,2454,聯發科,半導體業,觸發,等待後觸發,513.28,75.0,2.0,37,-3.7,1.3,,,516.1,0.5,-4.2,1.5,,,2020-11
2020-11-18,4968,立積,電子工業,觸發,等待後觸發,221.54,90.0,2.0,9,12.6,1.3,,,218.2,-1.5,14.3,1.5,,,2020-11
2020-11-18,8070,長華*,電子工業,移出,掉出掃描母體,16.65,73.0,,5,,,,,,,,,,,2020-11
2020-11-18,6125,廣運,光電業,移出,離高點太遠,27.06,89.0,,100,,,,,,,,,,,2020-11
2020-11-19,3041,揚智,半導體業,進榜,觸發,53.41,84.0,4.0,0,-5.1,1.2,,,56.6,5.9,-10.5,1.2,,,2020-11
2020-11-19,3041,揚智,半導體業,觸發,進榜即觸發,53.41,84.0,4.0,0,-5.1,1.2,,,56.6,5.9,-10.5,1.2,,,2020-11
2020-11-19,3557,嘉威,其他,進榜,觸發,69.87,77.0,4.0,0,-0.9,1.2,,,72.5,3.7,-4.5,1.2,,,2020-11
2020-11-19,3557,嘉威,其他,觸發,進榜即觸發,69.87,77.0,4.0,0,-0.9,1.2,,,72.5,3.7,-4.5,1.2,,,2020-11
2020-11-19,6617,共信-KY,生技醫療業,進榜,準備,249.5,99.0,3.0,0,1.8,1.2,,,239.9,-3.9,5.9,1.2,,,2020-11
2020-11-19,6203,海韻電,電子零組件業,進榜,準備,57.12,75.0,3.0,0,-6.6,1.2,,,57.1,0.0,-6.6,1.2,,,2020-11
2020-11-19,3666,光耀,光電業,觸發,等待後觸發,47.11,99.0,3.0,7,77.8,1.2,,,48.2,2.4,73.7,1.2,,,2020-11
2020-11-19,2006,東和鋼鐵,鋼鐵工業,移出,掉出掃描母體,31.36,70.0,,2,,,,,,,,,,,2020-11
2020-11-20,3228,金麗科,半導體業,進榜,觸發,110.58,99.0,6.0,0,69.7,0.9,,,118.3,7.0,58.6,0.7,,,2020-11
2020-11-20,3228,金麗科,半導體業,觸發,進榜即觸發,110.58,99.0,6.0,0,69.7,0.9,,,118.3,7.0,58.6,0.7,,,2020-11
2020-11-20,6233,旺玖,半導體業,進榜,觸發,25.86,97.0,5.0,0,17.1,0.9,,,27.0,4.3,12.3,0.7,,,2020-11
2020-11-20,6233,旺玖,半導體業,觸發,進榜即觸發,25.86,97.0,5.0,0,17.1,0.9,,,27.0,4.3,12.3,0.7,,,2020-11
2020-11-20,2401,凌陽,半導體業,進榜,觸發,14.1,72.0,2.0,0,8.6,0.9,,,14.2,0.6,7.9,0.7,,,2020-11
2020-11-20,2401,凌陽,半導體業,觸發,進榜即觸發,14.1,72.0,2.0,0,8.6,0.9,,,14.2,0.6,7.9,0.7,,,2020-11
2020-11-20,6443,元晶,電子工業,進榜,準備,37.76,100.0,3.0,0,2.9,0.9,,,38.9,2.9,0.0,0.7,,,2020-11
2020-11-20,2351,順德,電子工業,進榜,準備,61.6,82.0,3.0,0,7.3,0.9,,,63.0,2.3,4.9,0.7,,,2020-11
2020-11-20,8070,長華*,電子工業,進榜,準備,17.12,74.0,3.0,0,26.2,0.9,,,17.3,1.0,24.9,0.7,,,2020-11
2020-11-20,3034,聯詠,半導體業,移出,掉出掃描母體,187.65,70.0,,2,,,,,,,,,,,2020-11
2020-11-20,3443,創意,半導體業,移出,掉出掃描母體,317.69,71.0,,4,,,,,,,,,,,2020-11
2020-11-20,2331,精英,電子工業,移出,晚期未觸發,15.73,76.0,,3,,,,,,,,,,,2020-11
2020-11-23,6560,欣普羅,光電業,進榜,準備,63.24,99.0,2.0,0,-15.9,0.7,,,62.7,-0.9,-15.1,0.6,,,2020-11
2020-11-23,2014,中鴻,鋼鐵工業,進榜,準備,9.72,71.0,1.0,0,42.5,0.7,,,9.8,1.4,40.6,0.6,,,2020-11
2020-11-23,3580,友威科,其他電子類,移出,晚期未觸發,37.91,96.0,,14,,,,,,,,,,,2020-11
2020-11-23,2401,凌陽,半導體業,移出,掉出掃描母體,14.1,72.0,,3,,,,,,,,,,,2020-11
2020-11-24,6127,九豪,電子零組件業,進榜,觸發,23.03,72.0,6.0,0,-11.3,0.2,,,24.0,4.1,-14.8,0.0,,,2020-11
2020-11-24,6127,九豪,電子零組件業,觸發,進榜即觸發,23.03,72.0,6.0,0,-11.3,0.2,,,24.0,4.1,-14.8,0.0,,,2020-11
2020-11-24,5425,台半,半導體業,進榜,準備,43.96,76.0,3.0,0,-1.3,0.2,,,45.6,3.8,-4.9,0.0,,,2020-11
2020-11-24,2409,友達,光電業,進榜,準備,10.26,71.0,3.0,0,22.5,0.2,,,10.4,1.3,20.9,0.0,,,2020-11
2020-11-24,6443,元晶,電子工業,觸發,等待後觸發,40.31,100.0,3.0,4,-9.5,0.2,,,40.5,0.6,-10.1,0.0,,,2020-11
2020-11-24,1612,宏泰,電器電纜,觸發,等待後觸發,10.74,81.0,2.0,7,9.4,0.2,,,10.8,0.9,8.4,0.0,,,2020-11
2020-11-25,3691,碩禾,光電業,進榜,觸發,201.33,97.0,3.0,0,-8.1,0.2,,,202.7,0.7,-8.8,0.2,,,2020-11
2020-11-25,3691,碩禾,光電業,觸發,進榜即觸發,201.33,97.0,3.0,0,-8.1,0.2,,,202.7,0.7,-8.8,0.2,,,2020-11
2020-11-25,1513,中興電,電機機械,進榜,觸發,45.6,93.0,2.0,0,-3.2,0.2,,,44.5,-2.3,-0.9,0.2,,,2020-11
2020-11-25,1513,中興電,電機機械,觸發,進榜即觸發,45.6,93.0,2.0,0,-3.2,0.2,,,44.5,-2.3,-0.9,0.2,,,2020-11
2020-11-25,8261,富鼎,半導體業,進榜,觸發,38.02,89.0,4.0,0,10.8,0.2,,,38.2,0.4,10.3,0.2,,,2020-11
2020-11-25,8261,富鼎,半導體業,觸發,進榜即觸發,38.02,89.0,4.0,0,10.8,0.2,,,38.2,0.4,10.3,0.2,,,2020-11
2020-11-25,3580,友威科,其他電子類,進榜,準備,40.49,96.0,3.0,0,14.7,0.2,,,40.1,-1.0,15.8,0.2,,,2020-11
2020-11-25,6116,彩晶,電子工業,進榜,準備,8.64,76.0,3.0,0,28.2,0.2,,,8.7,0.3,27.8,0.2,,,2020-11
2020-11-25,4961,天鈺,電子工業,進榜,準備,43.37,75.0,2.0,0,118.8,0.2,,,43.4,0.0,118.8,0.2,,,2020-11
2020-11-25,2206,三陽工業,汽車工業,進榜,準備,23.61,72.0,1.0,0,14.3,0.2,,,23.6,0.0,14.3,0.2,,,2020-11
2020-11-25,5871,中租-KY,其他,移出,掉出掃描母體,111.76,73.0,,19,,,,,,,,,,,2020-11
2020-11-25,2409,友達,光電業,移出,掉出掃描母體,10.26,71.0,,1,,,,,,,,,,,2020-11
2020-11-25,2636,台驊控股,航運業,移出,掉出掃描母體,22.12,71.0,,42,,,,,,,,,,,2020-11
2020-11-25,6203,海韻電,電子零組件業,移出,掉出掃描母體,56.57,74.0,,6,,,,,,,,,,,2020-11
2020-11-25,6127,九豪,電子零組件業,移出,掉出掃描母體,23.03,72.0,,1,,,,,,,,,,,2020-11
2020-11-26,8046,南電,電子工業,進榜,觸發,142.37,96.0,5.0,0,3.9,0.0,,,146.7,3.0,0.9,0.1,,,2020-11
2020-11-26,8046,南電,電子工業,觸發,進榜即觸發,142.37,96.0,5.0,0,3.9,0.0,,,146.7,3.0,0.9,0.1,,,2020-11
2020-11-26,3189,景碩,半導體業,進榜,觸發,78.48,90.0,5.0,0,-10.7,0.0,,,78.3,-0.2,-10.5,0.1,,,2020-11
2020-11-26,3189,景碩,半導體業,觸發,進榜即觸發,78.48,90.0,5.0,0,-10.7,0.0,,,78.3,-0.2,-10.5,0.1,,,2020-11
2020-11-26,2388,威盛,半導體業,進榜,觸發,49.07,79.0,3.0,0,7.6,0.0,,,49.5,1.0,6.6,0.1,,,2020-11
2020-11-26,2388,威盛,半導體業,觸發,進榜即觸發,49.07,79.0,3.0,0,7.6,0.0,,,49.5,1.0,6.6,0.1,,,2020-11
2020-11-26,6209,今國光,光電業,進榜,觸發,34.6,71.0,3.0,0,-9.2,0.0,,,34.6,0.1,-9.3,0.1,,,2020-11
2020-11-26,6209,今國光,光電業,觸發,進榜即觸發,34.6,71.0,3.0,0,-9.2,0.0,,,34.6,0.1,-9.3,0.1,,,2020-11
2020-11-26,2031,新光鋼,鋼鐵工業,進榜,準備,27.75,78.0,3.0,0,1.2,0.0,,,27.9,0.7,0.5,0.1,,,2020-11
2020-11-26,5483,中美晶,半導體業,進榜,準備,98.98,73.0,3.0,0,27.9,0.0,,,98.6,-0.4,28.4,0.1,,,2020-11
2020-11-26,2409,友達,光電業,進榜,準備,10.52,72.0,3.0,0,20.7,0.0,,,10.6,0.8,19.7,0.1,,,2020-11
2020-11-26,6560,欣普羅,光電業,觸發,等待後觸發,69.74,99.0,2.0,3,-23.0,0.0,,,69.2,-0.8,-22.3,0.1,,,2020-11
2020-11-26,2351,順德,電子工業,觸發,等待後觸發,65.63,85.0,3.0,6,-1.5,0.0,,,67.1,2.3,-3.7,0.1,,,2020-11
2020-11-26,3529,力旺,半導體業,移出,掉出掃描母體,552.37,73.0,,44,,,,,,,,,,,2020-11
2020-11-27,6279,胡連,電子零組件業,進榜,觸發,93.07,80.0,1.0,0,-7.5,0.0,,,93.5,0.4,-7.9,-0.3,,,2020-11
2020-11-27,6279,胡連,電子零組件業,觸發,進榜即觸發,93.07,80.0,1.0,0,-7.5,0.0,,,93.5,0.4,-7.9,-0.3,,,2020-11
2020-11-27,2308,台達電,電子工業,進榜,準備,196.8,72.0,2.0,0,13.2,0.0,,,199.0,1.1,11.9,-0.3,,,2020-11
2020-11-27,2006,東和鋼鐵,鋼鐵工業,進榜,準備,32.88,70.0,1.0,0,8.9,0.0,,,33.5,1.9,6.9,-0.3,,,2020-11
2020-11-27,2206,三陽工業,汽車工業,觸發,等待後觸發,26.43,80.0,1.0,2,0.9,0.0,,,28.2,6.8,-5.6,-0.3,,,2020-11
2020-11-27,2014,中鴻,鋼鐵工業,移出,掉出掃描母體,9.98,70.0,,4,,,,,,,,,,,2020-11
2020-11-27,2409,友達,光電業,移出,掉出掃描母體,10.52,72.0,,1,,,,,,,,,,,2020-11
2020-11-27,8215,明基材,光電業,移出,掉出掃描母體,20.22,71.0,,22,,,,,,,,,,,2020-11
2020-11-30,6488,環球晶,半導體業,進榜,觸發,476.2,80.0,4.0,0,16.7,0.2,,,523.1,9.9,6.2,0.0,,,2020-11
2020-11-30,6488,環球晶,半導體業,觸發,進榜即觸發,476.2,80.0,4.0,0,16.7,0.2,,,523.1,9.9,6.2,0.0,,,2020-11
2020-11-30,2014,中鴻,鋼鐵工業,進榜,準備,10.6,74.0,1.0,0,24.5,0.2,,,10.6,0.0,24.5,0.0,,,2020-11
2020-11-30,3010,華立,電子工業,進榜,準備,54.58,73.0,2.0,0,-1.7,0.2,,,54.7,0.1,-1.8,0.0,,,2020-11
2020-11-30,2409,友達,光電業,進榜,準備,10.61,72.0,3.0,0,27.0,0.2,,,10.8,2.0,24.5,0.0,,,2020-11
2020-11-30,3481,群創,光電業,進榜,準備,8.68,72.0,3.0,0,52.7,0.2,,,8.9,2.0,49.8,0.0,,,2020-11
2020-11-30,2023,燁輝,鋼鐵工業,進榜,準備,10.71,70.0,2.0,0,5.7,0.2,,,10.7,-0.4,6.1,0.0,,,2020-11
2020-11-30,8070,長華*,電子工業,觸發,等待後觸發,20.74,88.0,3.0,10,5.7,0.2,,,21.7,4.6,1.0,0.0,,,2020-11
2020-11-30,5483,中美晶,半導體業,觸發,等待後觸發,110.11,83.0,3.0,4,17.8,0.2,,,113.2,2.8,14.6,0.0,,,2020-11
2020-11-30,3580,友威科,其他電子類,觸發,等待後觸發,45.89,98.0,3.0,5,1.4,0.2,,,46.2,0.7,0.7,0.0,,,2020-11
2020-11-30,6209,今國光,光電業,移出,掉出掃描母體,34.65,74.0,,4,,,,,,,,,,,2020-11
2020-11-30,3041,揚智,半導體業,移出,離高點太遠,51.32,83.0,,11,,,,,,,,,,,2020-11
2020-11-30,3557,嘉威,其他,移出,掉出掃描母體,68.89,71.0,,11,,,,,,,,,,,2020-11
2020-12-01,2457,飛宏,電子工業,進榜,觸發,13.8,89.0,4.0,0,13.7,0.0,,,14.0,1.8,11.8,0.0,,,2020-12
2020-12-01,2457,飛宏,電子工業,觸發,進榜即觸發,13.8,89.0,4.0,0,13.7,0.0,,,14.0,1.8,11.8,0.0,,,2020-12
2020-12-01,3006,晶豪科,電子工業,進榜,觸發,47.38,73.0,3.0,0,11.9,0.0,,,48.2,1.8,9.9,0.0,,,2020-12
2020-12-01,3006,晶豪科,電子工業,觸發,進榜即觸發,47.38,73.0,3.0,0,11.9,0.0,,,48.2,1.8,9.9,0.0,,,2020-12
2020-12-01,5531,鄉林,建材營造,進榜,準備,19.5,95.0,1.0,0,-13.3,0.0,,,18.9,-3.1,-10.6,0.0,,,2020-12
2020-12-01,3047,訊舟,通信網路業,進榜,準備,13.99,82.0,2.0,0,-13.1,0.0,,,14.2,1.3,-14.2,0.0,,,2020-12
2020-12-01,8215,明基材,光電業,進榜,準備,21.37,72.0,2.0,0,3.1,0.0,,,21.4,0.0,3.1,0.0,,,2020-12
2020-12-01,2023,燁輝,鋼鐵工業,移出,掉出掃描母體,10.71,70.0,,1,,,,,,,,,,,2020-12
2020-12-01,3703,欣陸,建材營造,移出,逾期,17.46,91.0,,56,,,,,,,,,,,2020-12
2020-12-01,8499,鼎炫-KY,其他,移出,掉出掃描母體,149.51,71.0,,27,,,,,,,,,,,2020-12
2020-12-01,6560,欣普羅,光電業,移出,離高點太遠,59.4,99.0,,8,,,,,,,,,,,2020-12
2020-12-01,2006,東和鋼鐵,鋼鐵工業,移出,掉出掃描母體,32.78,71.0,,4,,,,,,,,,,,2020-12
2020-12-02,2344,華邦電,半導體業,進榜,觸發,19.75,87.0,2.0,0,36.5,0.3,,,20.0,1.4,34.7,0.2,,,2020-12
2020-12-02,2344,華邦電,半導體業,觸發,進榜即觸發,19.75,87.0,2.0,0,36.5,0.3,,,20.0,1.4,34.7,0.2,,,2020-12
2020-12-02,8086,宏捷科,半導體業,進榜,準備,119.72,76.0,3.0,0,4.6,0.3,,,121.5,1.5,3.0,0.2,,,2020-12
2020-12-02,2723,美食-KY,觀光事業,進榜,準備,129.22,72.0,2.0,0,-7.9,0.3,,,129.2,0.0,-7.9,0.2,,,2020-12
2020-12-02,2352,佳世達,電腦及週邊設備業,進榜,準備,21.1,71.0,1.0,0,17.3,0.3,,,21.2,0.6,16.6,0.2,,,2020-12
2020-12-02,6209,今國光,光電業,進榜,準備,34.65,70.0,3.0,0,-3.7,0.3,,,34.0,-1.7,-2.0,0.2,,,2020-12
2020-12-02,2454,聯發科,半導體業,移出,掉出掃描母體,491.42,71.0,,51,,,,,,,,,,,2020-12
2020-12-02,2504,國產,建材營造,移出,掉出掃描母體,18.16,77.0,,29,,,,,,,,,,,2020-12
2020-12-02,5425,台半,半導體業,移出,掉出掃描母體,46.11,75.0,,8,,,,,,,,,,,2020-12
2020-12-03,2375,凱美,電子工業,進榜,準備,74.4,81.0,3.0,0,30.7,0.6,,,74.6,0.3,30.3,0.4,,,2020-12
2020-12-03,6203,海韻電,電子零組件業,進榜,準備,58.71,74.0,3.0,0,-7.4,0.6,,,59.9,2.1,-9.3,0.4,,,2020-12
2020-12-03,2352,佳世達,電腦及週邊設備業,觸發,等待後觸發,21.57,74.0,1.0,1,16.5,0.6,,,22.1,2.4,13.8,0.4,,,2020-12
2020-12-03,6491,晶碩,生技醫療業,觸發,等待後觸發,235.84,89.0,1.0,44,2.9,0.6,,,235.0,-0.4,3.3,0.4,,,2020-12
2020-12-03,8215,明基材,光電業,移出,掉出掃描母體,21.62,72.0,,2,,,,,,,,,,,2020-12
2020-12-03,2723,美食-KY,觀光事業,移出,掉出掃描母體,129.22,72.0,,1,,,,,,,,,,,2020-12
2020-12-03,6209,今國光,光電業,移出,掉出掃描母體,34.65,70.0,,1,,,,,,,,,,,2020-12
2020-12-03,1312,國喬,塑膠工業,移出,掉出掃描母體,19.67,71.0,,24,,,,,,,,,,,2020-12
2020-12-03,6233,旺玖,半導體業,移出,離高點太遠,28.24,98.0,,13,,,,,,,,,,,2020-12
2020-12-03,2206,三陽工業,汽車工業,移出,離高點太遠,26.51,82.0,,8,,,,,,,,,,,2020-12
2020-12-03,2014,中鴻,鋼鐵工業,移出,掉出掃描母體,10.38,70.0,,3,,,,,,,,,,,2020-12
2020-12-03,5531,鄉林,建材營造,移出,離高點太遠,16.55,90.0,,2,,,,,,,,,,,2020-12
2020-12-03,3006,晶豪科,電子工業,移出,掉出掃描母體,47.12,73.0,,2,,,,,,,,,,,2020-12
2020-12-04,2363,矽統,半導體業,進榜,觸發,19.8,90.0,4.0,0,,,,,21.5,8.5,,,,,2020-12
2020-12-04,2363,矽統,半導體業,觸發,進榜即觸發,19.8,90.0,4.0,0,,,,,21.5,8.5,,,,,2020-12
2020-12-04,2401,凌陽,半導體業,進榜,準備,15.54,74.0,2.0,0,,,,,16.1,3.7,,,,,2020-12
2020-12-04,3583,辛耘,半導體業,進榜,準備,64.13,74.0,1.0,0,,,,,64.8,1.1,,,,,2020-12
2020-12-04,2014,中鴻,鋼鐵工業,進榜,準備,10.6,72.0,1.0,0,,,,,10.8,1.7,,,,,2020-12
2020-12-04,3034,聯詠,半導體業,進榜,準備,198.69,72.0,3.0,0,,,,,200.6,1.0,,,,,2020-12
2020-12-04,1605,華新,電器電纜,進榜,準備,17.12,71.0,3.0,0,,,,,17.4,1.4,,,,,2020-12
2020-12-04,8215,明基材,光電業,進榜,準備,21.79,70.0,2.0,0,,,,,22.4,2.8,,,,,2020-12
2020-12-04,2409,友達,光電業,觸發,等待後觸發,13.4,86.0,3.0,4,,,,,13.6,1.3,,,,,2020-12
2020-12-04,6191,精成科,電子工業,觸發,等待後觸發,21.11,82.0,3.0,18,,,,,21.8,3.5,,,,,2020-12
2020-12-04,6150,撼訊,電腦及週邊設備業,觸發,等待後觸發,92.68,96.0,2.0,16,,,,,101.8,9.9,,,,,2020-12
2020-12-04,6116,彩晶,電子工業,觸發,等待後觸發,11.21,90.0,3.0,9,,,,,11.8,4.8,,,,,2020-12
2020-12-04,6203,海韻電,電子零組件業,移出,掉出掃描母體,58.71,74.0,,1,,,,,,,,,,,2020-12
2020-12-04,5443,均豪,光電業,移出,離高點太遠,28.27,91.0,,51,,,,,,,,,,,2020-12
2020-12-04,8936,國統,其他,移出,掉出掃描母體,19.87,72.0,,17,,,,,,,,,,,2020-12
2020-12-07,8027,鈦昇,電機機械,進榜,觸發,82.71,91.0,4.0,0,,,,,83.8,1.3,,,,,2020-12
2020-12-07,8027,鈦昇,電機機械,觸發,進榜即觸發,82.71,91.0,4.0,0,,,,,83.8,1.3,,,,,2020-12
2020-12-07,3006,晶豪科,電子工業,進榜,觸發,51.31,82.0,3.0,0,,,,,50.2,-2.2,,,,,2020-12
2020-12-07,3006,晶豪科,電子工業,觸發,進榜即觸發,51.31,82.0,3.0,0,,,,,50.2,-2.2,,,,,2020-12
2020-12-07,5351,鈺創,半導體業,進榜,觸發,22.13,78.0,3.0,0,,,,,22.8,2.9,,,,,2020-12
2020-12-07,5351,鈺創,半導體業,觸發,進榜即觸發,22.13,78.0,3.0,0,,,,,22.8,2.9,,,,,2020-12
2020-12-07,5347,世界,半導體業,進榜,準備,88.2,78.0,3.0,0,,,,,89.0,0.9,,,,,2020-12
2020-12-07,4961,天鈺,電子工業,觸發,等待後觸發,54.53,89.0,2.0,12,,,,,57.3,5.2,,,,,2020-12
2020-12-07,8215,明基材,光電業,移出,掉出掃描母體,21.79,70.0,,3,,,,,,,,,,,2020-12
2020-12-07,5309,系統電,電子零組件業,移出,離高點太遠,43.06,85.0,,35,,,,,,,,,,,2020-12
2020-12-07,1517,利奇,電機機械,移出,離高點太遠,12.05,76.0,,34,,,,,,,,,,,2020-12
2020-12-07,3092,鴻碩,電子零組件業,移出,離高點太遠,47.96,70.0,,26,,,,,,,,,,,2020-12
2020-12-07,3017,奇鋐,電子工業,移出,掉出掃描母體,62.2,78.0,,25,,,,,,,,,,,2020-12
2020-12-07,3694,海華,通信網路業,移出,突破失敗,29.94,76.0,,21,,,,,,,,,,,2020-12
2020-12-07,8086,宏捷科,半導體業,移出,掉出掃描母體,117.89,74.0,,5,,,,,,,,,,,2020-12
2020-12-08,3131,弘塑,其他電子類,進榜,觸發,378.66,90.0,4.0,0,,,,,387.5,2.3,,,,,2020-12
2020-12-08,3131,弘塑,其他電子類,觸發,進榜即觸發,378.66,90.0,4.0,0,,,,,387.5,2.3,,,,,2020-12
2020-12-08,2338,光罩,半導體業,進榜,觸發,36.98,78.0,2.0,0,,,,,37.8,2.2,,,,,2020-12
2020-12-08,2338,光罩,半導體業,觸發,進榜即觸發,36.98,78.0,2.0,0,,,,,37.8,2.2,,,,,2020-12
2020-12-08,3530,晶相光,半導體業,進榜,準備,132.25,88.0,3.0,0,,,,,132.2,0.0,,,,,2020-12
2020-12-08,3059,華晶科,光電業,進榜,準備,31.58,74.0,2.0,0,,,,,31.6,0.0,,,,,2020-12
2020-12-08,5347,世界,半導體業,觸發,等待後觸發,96.67,83.0,3.0,1,,,,,97.1,0.4,,,,,2020-12
2020-12-08,2014,中鴻,鋼鐵工業,移出,掉出掃描母體,10.64,72.0,,4,,,,,,,,,,,2020-12
2020-12-08,2031,新光鋼,鋼鐵工業,移出,掉出掃描母體,27.82,75.0,,12,,,,,,,,,,,2020-12
2020-12-08,1605,華新,電器電纜,移出,掉出掃描母體,16.96,71.0,,4,,,,,,,,,,,2020-12
2020-12-09,1590,亞德客-KY,電機機械,進榜,觸發,808.38,85.0,5.0,0,,,,,815.5,0.9,,,,,2020-12
2020-12-09,1590,亞德客-KY,電機機械,觸發,進榜即觸發,808.38,85.0,5.0,0,,,,,815.5,0.9,,,,,2020-12
2020-12-09,3152,璟德,通信網路業,進榜,觸發,745.1,76.0,4.0,0,,,,,735.1,-1.3,,,,,2020-12
2020-12-09,3152,璟德,通信網路業,觸發,進榜即觸發,745.1,76.0,4.0,0,,,,,735.1,-1.3,,,,,2020-12
2020-12-09,2436,偉詮電,半導體業,進榜,觸發,33.73,74.0,4.0,0,,,,,34.5,2.4,,,,,2020-12
2020-12-09,2436,偉詮電,半導體業,觸發,進榜即觸發,33.73,74.0,4.0,0,,,,,34.5,2.4,,,,,2020-12
2020-12-09,3588,通嘉,半導體業,進榜,觸發,36.72,73.0,5.0,0,,,,,37.6,2.3,,,,,2020-12
2020-12-09,3588,通嘉,半導體業,觸發,進榜即觸發,36.72,73.0,5.0,0,,,,,37.6,2.3,,,,,2020-12
2020-12-09,8215,明基材,光電業,進榜,準備,22.85,76.0,2.0,0,,,,,22.2,-2.9,,,,,2020-12
2020-12-09,3443,創意,半導體業,進榜,準備,325.65,75.0,3.0,0,,,,,324.2,-0.4,,,,,2020-12
2020-12-09,2369,菱生,電子工業,進榜,準備,13.12,72.0,3.0,0,,,,,13.0,-0.7,,,,,2020-12
2020-12-09,2456,奇力新,電子零組件業,進榜,準備,132.48,72.0,2.0,0,,,,,130.5,-1.5,,,,,2020-12
2020-12-09,5264,鎧勝-KY,電腦及週邊設備業,移出,掉出掃描母體,87.2,72.0,,92,,,,,,,,,,,2020-12
2020-12-09,1440,南紡,紡織纖維,移出,掉出掃描母體,12.49,71.0,,36,,,,,,,,,,,2020-12
2020-12-09,2399,映泰,電子工業,移出,離高點太遠,15.51,87.0,,33,,,,,,,,,,,2020-12
2020-12-09,8924,大田,其他,移出,掉出掃描母體,40.45,71.0,,30,,,,,,,,,,,2020-12
2020-12-09,2486,一詮,光電業,移出,晚期未觸發,17.89,97.0,,21,,,,,,,,,,,2020-12
2020-12-10,6438,迅得,其他電子類,進榜,觸發,68.02,73.0,2.0,0,,,,,69.2,1.8,,,,,2020-12
2020-12-10,6438,迅得,其他電子類,觸發,進榜即觸發,68.02,73.0,2.0,0,,,,,69.2,1.8,,,,,2020-12
2020-12-10,5386,青雲,電腦及週邊設備業,進榜,準備,26.9,97.0,2.0,0,,,,,24.9,-7.4,,,,,2020-12
2020-12-10,2031,新光鋼,鋼鐵工業,進榜,準備,29.59,78.0,3.0,0,,,,,29.8,0.7,,,,,2020-12
2020-12-10,6188,廣明,電腦及週邊設備業,進榜,準備,32.72,75.0,1.0,0,,,,,32.8,0.1,,,,,2020-12
2020-12-10,5264,鎧勝-KY,電腦及週邊設備業,進榜,準備,87.2,72.0,3.0,0,,,,,87.2,0.0,,,,,2020-12
2020-12-10,2327,國巨*,電子工業,進榜,準備,114.23,71.0,3.0,0,,,,,115.6,1.2,,,,,2020-12
2020-12-10,2369,菱生,電子工業,移出,掉出掃描母體,13.12,72.0,,1,,,,,,,,,,,2020-12
2020-12-10,2456,奇力新,電子零組件業,移出,掉出掃描母體,132.48,72.0,,1,,,,,,,,,,,2020-12
2020-12-10,6150,撼訊,電腦及週邊設備業,移出,離高點太遠,96.83,97.0,,22,,,,,,,,,,,2020-12
2020-12-10,3691,碩禾,光電業,移出,突破失敗,183.11,94.0,,15,,,,,,,,,,,2020-12
2020-12-10,3189,景碩,半導體業,移出,突破失敗,71.51,71.0,,14,,,,,,,,,,,2020-12
2020-12-10,3047,訊舟,通信網路業,移出,掉出掃描母體,13.23,73.0,,9,,,,,,,,,,,2020-12
2020-12-10,2363,矽統,半導體業,移出,離高點太遠,18.53,89.0,,6,,,,,,,,,,,2020-12
2020-12-10,2401,凌陽,半導體業,移出,掉出掃描母體,15.63,74.0,,6,,,,,,,,,,,2020-12
2020-12-10,3583,辛耘,半導體業,移出,掉出掃描母體,65.38,75.0,,6,,,,,,,,,,,2020-12
2020-12-11,6284,佳邦,電子零組件業,進榜,觸發,53.08,94.0,4.0,0,,,,,53.9,1.6,,,,,2020-12
2020-12-11,6284,佳邦,電子零組件業,觸發,進榜即觸發,53.08,94.0,4.0,0,,,,,53.9,1.6,,,,,2020-12
2020-12-11,6449,鈺邦,電子工業,進榜,觸發,51.62,90.0,5.0,0,,,,,52.9,2.4,,,,,2020-12
2020-12-11,6449,鈺邦,電子工業,觸發,進榜即觸發,51.62,90.0,5.0,0,,,,,52.9,2.4,,,,,2020-12
2020-12-11,6224,聚鼎,電子零組件業,進榜,觸發,84.41,82.0,4.0,0,,,,,83.6,-1.0,,,,,2020-12
2020-12-11,6224,聚鼎,電子零組件業,觸發,進榜即觸發,84.41,82.0,4.0,0,,,,,83.6,-1.0,,,,,2020-12
2020-12-11,2014,中鴻,鋼鐵工業,進榜,準備,12.09,79.0,1.0,0,,,,,12.4,2.2,,,,,2020-12
2020-12-11,3323,加百裕,電腦及週邊設備業,進榜,準備,39.75,71.0,3.0,0,,,,,39.7,0.0,,,,,2020-12
2020-12-11,6188,廣明,電腦及週邊設備業,移出,掉出掃描母體,32.72,75.0,,1,,,,,,,,,,,2020-12
2020-12-11,5264,鎧勝-KY,電腦及週邊設備業,移出,掉出掃描母體,87.2,72.0,,1,,,,,,,,,,,2020-12
2020-12-11,6443,元晶,電子工業,移出,離高點太遠,36.13,100.0,,21,,,,,,,,,,,2020-12
2020-12-11,1513,中興電,電機機械,移出,離高點太遠,45.35,86.0,,16,,,,,,,,,,,2020-12
2020-12-11,8215,明基材,光電業,移出,掉出掃描母體,21.99,73.0,,2,,,,,,,,,,,2020-12
2020-12-11,3152,璟德,通信網路業,移出,掉出掃描母體,726.58,74.0,,2,,,,,,,,,,,2020-12
2020-12-11,6438,迅得,其他電子類,移出,掉出掃描母體,68.02,73.0,,1,,,,,,,,,,,2020-12
2020-12-14,6283,淳安,其他電子業,進榜,觸發,39.9,86.0,2.0,0,,,,,40.2,0.6,,,,,2020-12
2020-12-14,6283,淳安,其他電子業,觸發,進榜即觸發,39.9,86.0,2.0,0,,,,,40.2,0.6,,,,,2020-12
2020-12-14,6435,大中,半導體業,進榜,觸發,92.59,75.0,3.0,0,,,,,91.1,-1.6,,,,,2020-12
2020-12-14,6435,大中,半導體業,觸發,進榜即觸發,92.59,75.0,3.0,0,,,,,91.1,-1.6,,,,,2020-12
2020-12-14,2009,第一銅,鋼鐵工業,進榜,準備,16.2,96.0,2.0,0,,,,,16.4,1.4,,,,,2020-12
2020-12-14,5443,均豪,光電業,進榜,準備,34.41,95.0,3.0,0,,,,,34.2,-0.5,,,,,2020-12
2020-12-14,2314,台揚,通信網路業,進榜,準備,80.89,82.0,1.0,0,,,,,82.1,1.4,,,,,2020-12
2020-12-14,5243,乙盛-KY,電子工業,進榜,準備,39.33,70.0,1.0,0,,,,,39.3,0.0,,,,,2020-12
2020-12-14,3374,精材,半導體業,移出,離高點太遠,159.3,92.0,,35,,,,,,,,,,,2020-12
2020-12-14,3059,華晶科,光電業,移出,掉出掃描母體,30.55,72.0,,6,,,,,,,,,,,2020-12
2020-12-14,3131,弘塑,其他電子類,移出,突破失敗,347.49,81.0,,6,,,,,,,,,,,2020-12
2020-12-14,3443,創意,半導體業,移出,掉出掃描母體,302.23,70.0,,5,,,,,,,,,,,2020-12
2020-12-15,2006,東和鋼鐵,鋼鐵工業,進榜,準備,33.81,72.0,1.0,0,,,,,34.1,0.9,,,,,2020-12
2020-12-15,5386,青雲,電腦及週邊設備業,觸發,等待後觸發,29.33,98.0,2.0,5,,,,,29.3,0.0,,,,,2020-12
2020-12-15,2327,國巨*,電子工業,移出,掉出掃描母體,116.7,73.0,,5,,,,,,,,,,,2020-12
2020-12-15,6449,鈺邦,電子工業,移出,突破失敗,47.2,84.0,,4,,,,,,,,,,,2020-12
2020-12-15,5243,乙盛-KY,電子工業,移出,掉出掃描母體,39.33,70.0,,1,,,,,,,,,,,2020-12
2020-12-15,6548,長科*,半導體業,移出,離高點太遠,17.13,88.0,,54,,,,,,,,,,,2020-12
2020-12-15,6472,保瑞,生技醫療業,移出,離高點太遠,75.89,71.0,,53,,,,,,,,,,,2020-12
2020-12-15,3484,崧騰,電子零組件業,移出,晚期未觸發,42.37,94.0,,41,,,,,,,,,,,2020-12
2020-12-15,6533,晶心科,電子工業,移出,離高點太遠,251.4,95.0,,29,,,,,,,,,,,2020-12
2020-12-15,6279,胡連,電子零組件業,移出,突破失敗,84.89,73.0,,18,,,,,,,,,,,2020-12
2020-12-15,3006,晶豪科,電子工業,移出,突破失敗,46.61,78.0,,8,,,,,,,,,,,2020-12
2020-12-15,5351,鈺創,半導體業,移出,掉出掃描母體,21.54,79.0,,8,,,,,,,,,,,2020-12
2020-12-15,3530,晶相光,半導體業,移出,晚期未觸發,117.76,85.0,,7,,,,,,,,,,,2020-12
2020-12-15,3323,加百裕,電腦及週邊設備業,移出,掉出掃描母體,39.09,70.0,,4,,,,,,,,,,,2020-12
2020-12-15,6284,佳邦,電子零組件業,移出,突破失敗,48.81,90.0,,4,,,,,,,,,,,2020-12
2020-12-15,6224,聚鼎,電子零組件業,移出,掉出掃描母體,79.16,72.0,,4,,,,,,,,,,,2020-12
2020-12-15,6435,大中,半導體業,移出,掉出掃描母體,92.59,75.0,,1,,,,,,,,,,,2020-12
2020-12-16,2723,美食-KY,觀光事業,進榜,準備,135.57,80.0,1.0,0,,,,,133.5,-1.6,,,,,2020-12
2020-12-16,3704,合勤控,通信網路業,進榜,準備,26.02,77.0,2.0,0,,,,,26.3,0.9,,,,,2020-12
2020-12-16,2345,智邦,通信網路業,進榜,準備,274.99,70.0,3.0,0,,,,,270.5,-1.6,,,,,2020-12
2020-12-16,1907,永豐餘,造紙工業,移出,逾期,20.17,88.0,,56,,,,,,,,,,,2020-12
2020-12-17,2331,精英,電子工業,進榜,觸發,18.82,91.0,4.0,0,,,,,19.2,2.1,,,,,2020-12
2020-12-17,2331,精英,電子工業,觸發,進榜即觸發,18.82,91.0,4.0,0,,,,,19.2,2.1,,,,,2020-12
2020-12-17,3050,鈺德,電子工業,進榜,準備,17.78,96.0,2.0,0,,,,,18.1,1.9,,,,,2020-12
2020-12-17,5243,乙盛-KY,電子工業,進榜,準備,39.42,71.0,1.0,0,,,,,39.4,0.0,,,,,2020-12
2020-12-17,3704,合勤控,通信網路業,觸發,等待後觸發,28.62,85.0,2.0,1,,,,,31.5,9.9,,,,,2020-12
2020-12-17,2009,第一銅,鋼鐵工業,觸發,等待後觸發,18.39,98.0,2.0,3,,,,,18.6,1.0,,,,,2020-12
2020-12-17,2345,智邦,通信網路業,移出,掉出掃描母體,274.99,70.0,,1,,,,,,,,,,,2020-12
2020-12-17,1304,台聚,塑膠工業,移出,逾期,16.62,83.0,,56,,,,,,,,,,,2020-12
2020-12-18,6237,驊訊,半導體業,進榜,觸發,53.82,75.0,3.0,0,,,,,55.2,2.5,,,,,2020-12
2020-12-18,6237,驊訊,半導體業,觸發,進榜即觸發,53.82,75.0,3.0,0,,,,,55.2,2.5,,,,,2020-12
2020-12-18,5011,久陽,鋼鐵工業,進榜,準備,33.7,98.0,3.0,0,,,,,33.5,-0.5,,,,,2020-12
2020-12-18,8390,金益鼎,其他,進榜,準備,30.06,86.0,3.0,0,,,,,30.5,1.5,,,,,2020-12
2020-12-18,2610,華航,航運業,進榜,準備,10.36,76.0,1.0,0,,,,,10.4,0.4,,,,,2020-12
2020-12-18,1736,喬山,化學生技醫療,進榜,準備,88.09,71.0,2.0,0,,,,,88.1,0.0,,,,,2020-12
2020-12-18,5243,乙盛-KY,電子工業,移出,掉出掃描母體,39.42,71.0,,1,,,,,,,,,,,2020-12
2020-12-18,4960,誠美材,電子工業,移出,掉出掃描母體,10.98,71.0,,30,,,,,,,,,,,2020-12
2020-12-21,2038,海光,鋼鐵工業,進榜,觸發,15.63,96.0,2.0,0,,,,,17.0,8.6,,,,,2020-12
2020-12-21,2038,海光,鋼鐵工業,觸發,進榜即觸發,15.63,96.0,2.0,0,,,,,17.0,8.6,,,,,2020-12
2020-12-21,3545,敦泰,電子工業,進榜,觸發,62.44,93.0,5.0,0,,,,,63.0,0.9,,,,,2020-12
2020-12-21,3545,敦泰,電子工業,觸發,進榜即觸發,62.44,93.0,5.0,0,,,,,63.0,0.9,,,,,2020-12
2020-12-21,6472,保瑞,生技醫療業,進榜,觸發,89.78,83.0,4.0,0,,,,,88.9,-1.0,,,,,2020-12
2020-12-21,6472,保瑞,生技醫療業,觸發,進榜即觸發,89.78,83.0,4.0,0,,,,,88.9,-1.0,,,,,2020-12
2020-12-21,6743,安普新,其他電子業,進榜,準備,99.26,85.0,3.0,0,,,,,96.3,-3.0,,,,,2020-12
2020-12-21,2023,燁輝,鋼鐵工業,進榜,準備,12.38,81.0,2.0,0,,,,,12.3,-0.4,,,,,2020-12
2020-12-21,3323,加百裕,電腦及週邊設備業,進榜,準備,39.83,73.0,3.0,0,,,,,39.7,-0.4,,,,,2020-12
2020-12-21,2607,榮運,航運業,進榜,準備,26.51,72.0,1.0,0,,,,,26.0,-1.9,,,,,2020-12
2020-12-21,5243,乙盛-KY,電子工業,進榜,準備,39.68,72.0,1.0,0,,,,,41.8,5.4,,,,,2020-12
2020-12-21,2605,新興,航運業,進榜,準備,16.82,71.0,2.0,0,,,,,17.2,2.2,,,,,2020-12
2020-12-21,2014,中鴻,鋼鐵工業,觸發,等待後觸發,13.85,91.0,1.0,10,,,,,14.1,1.6,,,,,2020-12
2020-12-21,6141,柏承,電子工業,移出,掉出掃描母體,28.4,73.0,,48,,,,,,,,,,,2020-12
2020-12-21,3228,金麗科,半導體業,移出,離高點太遠,183.82,100.0,,31,,,,,,,,,,,2020-12
2020-12-22,3023,信邦,電子零組件業,進榜,準備,174.53,72.0,2.0,0,,,,,174.5,0.0,,,,,2020-12
2020-12-22,5243,乙盛-KY,電子工業,觸發,等待後觸發,43.62,81.0,1.0,1,,,,,47.9,9.8,,,,,2020-12
2020-12-22,2607,榮運,航運業,移出,掉出掃描母體,26.51,72.0,,1,,,,,,,,,,,2020-12
2020-12-22,5609,中菲行,航運業,移出,掉出掃描母體,37.78,82.0,,55,,,,,,,,,,,2020-12
2020-12-22,3666,光耀,光電業,移出,離高點太遠,70.7,100.0,,40,,,,,,,,,,,2020-12
2020-12-22,3580,友威科,其他電子類,移出,離高點太遠,44.7,97.0,,27,,,,,,,,,,,2020-12
2020-12-22,2338,光罩,半導體業,移出,離高點太遠,35.37,78.0,,14,,,,,,,,,,,2020-12
2020-12-22,5386,青雲,電腦及週邊設備業,移出,離高點太遠,32.9,99.0,,12,,,,,,,,,,,2020-12
2020-12-23,3015,全漢,電子工業,進榜,觸發,30.24,88.0,4.0,0,,,,,30.7,1.4,,,,,2020-12
2020-12-23,3015,全漢,電子工業,觸發,進榜即觸發,30.24,88.0,4.0,0,,,,,30.7,1.4,,,,,2020-12
2020-12-23,8215,明基材,光電業,進榜,準備,22.36,73.0,2.0,0,,,,,22.4,0.4,,,,,2020-12
2020-12-23,4976,佳凌,電子工業,觸發,等待後觸發,55.95,94.0,2.0,37,,,,,57.3,2.4,,,,,2020-12
2020-12-23,3023,信邦,電子零組件業,移出,掉出掃描母體,174.53,72.0,,1,,,,,,,,,,,2020-12
2020-12-23,8390,金益鼎,其他,移出,晚期未觸發,28.93,84.0,,5,,,,,,,,,,,2020-12
2020-12-23,1736,喬山,化學生技醫療,移出,掉出掃描母體,84.31,70.0,,5,,,,,,,,,,,2020-12
2020-12-23,6743,安普新,其他電子業,移出,晚期未觸發,86.65,78.0,,2,,,,,,,,,,,2020-12
2020-12-23,3323,加百裕,電腦及週邊設備業,移出,掉出掃描母體,37.84,71.0,,2,,,,,,,,,,,2020-12
2020-12-23,2605,新興,航運業,移出,掉出掃描母體,16.29,72.0,,2,,,,,,,,,,,2020-12
2020-12-24,3027,盛達,通信網路業,進榜,觸發,22.89,94.0,3.0,0,,,,,23.4,2.2,,,,,2020-12
2020-12-24,3027,盛達,通信網路業,觸發,進榜即觸發,22.89,94.0,3.0,0,,,,,23.4,2.2,,,,,2020-12
2020-12-24,6229,研通,半導體業,進榜,觸發,26.0,94.0,2.0,0,,,,,26.1,0.4,,,,,2020-12
2020-12-24,6229,研通,半導體業,觸發,進榜即觸發,26.0,94.0,2.0,0,,,,,26.1,0.4,,,,,2020-12
2020-12-24,5425,台半,半導體業,進榜,觸發,50.24,82.0,2.0,0,,,,,51.4,2.3,,,,,2020-12
2020-12-24,5425,台半,半導體業,觸發,進榜即觸發,50.24,82.0,2.0,0,,,,,51.4,2.3,,,,,2020-12
2020-12-24,1718,中纖,化學工業,進榜,準備,9.67,73.0,1.0,0,,,,,9.8,1.5,,,,,2020-12
2020-12-24,2375,凱美,電子工業,觸發,等待後觸發,91.49,94.0,3.0,21,,,,,92.3,0.9,,,,,2020-12
2020-12-24,3010,華立,電子工業,移出,掉出掃描母體,53.03,70.0,,24,,,,,,,,,,,2020-12
2020-12-25,3149,正達,電子工業,進榜,觸發,25.52,96.0,2.0,0,,,,,26.0,1.8,,,,,2020-12
2020-12-25,3149,正達,電子工業,觸發,進榜即觸發,25.52,96.0,2.0,0,,,,,26.0,1.8,,,,,2020-12
2020-12-25,6284,佳邦,電子零組件業,進榜,觸發,57.09,94.0,4.0,0,,,,,60.6,6.1,,,,,2020-12
2020-12-25,6284,佳邦,電子零組件業,觸發,進榜即觸發,57.09,94.0,4.0,0,,,,,60.6,6.1,,,,,2020-12
2020-12-25,3346,麗清,汽車工業,進榜,觸發,40.18,87.0,3.0,0,,,,,41.5,3.2,,,,,2020-12
2020-12-25,3346,麗清,汽車工業,觸發,進榜即觸發,40.18,87.0,3.0,0,,,,,41.5,3.2,,,,,2020-12
2020-12-25,6435,大中,半導體業,進榜,準備,94.41,75.0,3.0,0,,,,,99.9,5.8,,,,,2020-12
2020-12-25,2607,榮運,航運業,進榜,準備,26.86,72.0,1.0,0,,,,,27.1,1.0,,,,,2020-12
2020-12-25,2388,威盛,半導體業,移出,離高點太遠,49.93,79.0,,29,,,,,,,,,,,2020-12
2020-12-28,3006,晶豪科,電子工業,進榜,觸發,56.17,88.0,3.0,0,,,,,56.3,0.3,,,,,2020-12
2020-12-28,3006,晶豪科,電子工業,觸發,進榜即觸發,56.17,88.0,3.0,0,,,,,56.3,0.3,,,,,2020-12
2020-12-28,5351,鈺創,半導體業,進榜,觸發,24.48,85.0,2.0,0,,,,,24.7,0.9,,,,,2020-12
2020-12-28,5351,鈺創,半導體業,觸發,進榜即觸發,24.48,85.0,2.0,0,,,,,24.7,0.9,,,,,2020-12
2020-12-28,2605,新興,航運業,進榜,觸發,18.88,81.0,2.0,0,,,,,19.4,2.6,,,,,2020-12
2020-12-28,2605,新興,航運業,觸發,進榜即觸發,18.88,81.0,2.0,0,,,,,19.4,2.6,,,,,2020-12
2020-12-28,5285,界霖,電子工業,進榜,準備,60.88,85.0,2.0,0,,,,,60.3,-0.9,,,,,2020-12
2020-12-28,2328,廣宇,電子零組件業,進榜,準備,22.28,78.0,2.0,0,,,,,21.9,-1.9,,,,,2020-12
2020-12-28,3419,譁裕,電子工業,進榜,準備,20.82,77.0,2.0,0,,,,,20.7,-0.7,,,,,2020-12
2020-12-28,8110,華東,電子工業,進榜,準備,13.18,73.0,2.0,0,,,,,13.2,0.3,,,,,2020-12
2020-12-28,2329,華泰,半導體業,進榜,準備,13.54,71.0,1.0,0,,,,,13.5,0.0,,,,,2020-12
2020-12-28,2607,榮運,航運業,觸發,等待後觸發,29.53,80.0,1.0,3,,,,,30.2,2.1,,,,,2020-12
2020-12-28,8215,明基材,光電業,觸發,等待後觸發,23.43,75.0,2.0,5,,,,,23.2,-1.1,,,,,2020-12
2020-12-28,2727,王品,觀光事業,移出,離高點太遠,90.01,84.0,,40,,,,,,,,,,,2020-12
2020-12-28,2314,台揚,通信網路業,移出,掉出掃描母體,74.27,73.0,,14,,,,,,,,,,,2020-12
2020-12-28,2723,美食-KY,觀光事業,移出,掉出掃描母體,123.28,73.0,,12,,,,,,,,,,,2020-12
2020-12-28,3027,盛達,通信網路業,移出,離高點太遠,21.27,91.0,,4,,,,,,,,,,,2020-12
2020-12-29,2515,中工,建材營造,進榜,準備,7.9,72.0,2.0,0,,,,,7.9,0.5,,,,,2020-12
2020-12-29,1718,中纖,化學工業,觸發,等待後觸發,10.62,82.0,1.0,5,,,,,11.1,4.0,,,,,2020-12
2020-12-29,8110,華東,電子工業,移出,掉出掃描母體,13.18,73.0,,1,,,,,,,,,,,2020-12
2020-12-29,2329,華泰,半導體業,移出,掉出掃描母體,13.54,71.0,,1,,,,,,,,,,,2020-12
2020-12-29,1313,聯成,塑膠工業,移出,逾期,16.26,87.0,,56,,,,,,,,,,,2020-12
2020-12-29,5347,世界,半導體業,移出,掉出掃描母體,90.9,73.0,,22,,,,,,,,,,,2020-12
2020-12-29,6283,淳安,其他電子業,移出,掉出掃描母體,41.2,73.0,,15,,,,,,,,,,,2020-12
2020-12-29,8215,明基材,光電業,移出,掉出掃描母體,23.43,75.0,,6,,,,,,,,,,,2020-12
2020-12-30,3490,單井,光電業,進榜,觸發,29.08,85.0,4.0,0,,,,,30.0,3.2,,,,,2020-12
2020-12-30,3490,單井,光電業,觸發,進榜即觸發,29.08,85.0,4.0,0,,,,,30.0,3.2,,,,,2020-12
2020-12-30,2327,國巨*,電子工業,進榜,準備,116.92,73.0,3.0,0,,,,,117.4,0.4,,,,,2020-12
2020-12-30,8255,朋程,電機機械,進榜,準備,102.35,73.0,1.0,0,,,,,102.4,0.0,,,,,2020-12
2020-12-30,6435,大中,半導體業,觸發,等待後觸發,99.85,81.0,3.0,5,,,,,102.4,2.5,,,,,2020-12
2020-12-30,2515,中工,建材營造,移出,掉出掃描母體,7.9,72.0,,1,,,,,,,,,,,2020-12
2020-12-30,3419,譁裕,電子工業,移出,掉出掃描母體,20.05,76.0,,2,,,,,,,,,,,2020-12
2020-12-31,3437,榮創,光電業,進榜,觸發,29.59,82.0,5.0,0,,,,,,,,,,,2020-12
2020-12-31,3437,榮創,光電業,觸發,進榜即觸發,29.59,82.0,5.0,0,,,,,,,,,,,2020-12
2020-12-31,1304,台聚,塑膠工業,進榜,準備,18.41,88.0,2.0,0,,,,,,,,,,,2020-12
2020-12-31,3092,鴻碩,電子零組件業,進榜,準備,52.51,82.0,2.0,0,,,,,,,,,,,2020-12
2020-12-31,3037,欣興,電子工業,進榜,準備,77.35,78.0,3.0,0,,,,,,,,,,,2020-12
2020-12-31,1312,國喬,塑膠工業,進榜,準備,20.58,77.0,2.0,0,,,,,,,,,,,2020-12
2020-12-31,2603,長榮,航運業,觸發,等待後觸發,32.31,99.0,2.0,43,,,,,,,,,,,2020-12
2020-12-31,2409,友達,光電業,移出,掉出掃描母體,12.74,75.0,,31,,,,,,,,,,,2020-12
2020-12-31,5351,鈺創,半導體業,移出,掉出掃描母體,22.67,79.0,,3,,,,,,,,,,,2020-12
