日期,代號,名稱,產業,事件,原因,收盤,RS,底部序,在榜天數,報酬20D,基準20D,報酬60D,基準60D,次日開盤,跳空%,報酬20D開,基準20D開,報酬60D開,基準60D開,月
2025-01-02,6757,台灣虎航-創,創新版股票,進榜,準備,75.6,91.0,3.0,0,4.4,0.2,1.2,-16.4,75.7,0.1,4.2,0.1,1.1,-16.6,2025-01
2025-01-02,6005,群益證,金融保險,進榜,準備,21.17,74.0,2.0,0,0.2,0.2,-13.3,-16.4,21.1,-0.6,0.8,0.1,-12.8,-16.6,2025-01
2025-01-02,2891,中信金,金融保險,移出,掉出掃描母體,35.72,70.0,,6,,,,,,,,,,,2025-01
2025-01-02,2332,友訊,通信網路業,移出,離高點太遠,23.95,86.0,,13,,,,,,,,,,,2025-01
2025-01-03,2885,元大金,金融保險,進榜,準備,30.08,73.0,1.0,0,3.0,0.7,-12.8,-15.4,30.1,0.0,3.0,0.4,-12.8,-15.6,2025-01
2025-01-03,2891,中信金,金融保險,進榜,準備,35.63,72.0,1.0,0,2.7,0.7,-4.5,-15.4,35.8,0.4,2.3,0.4,-4.9,-15.6,2025-01
2025-01-03,4991,環宇-KY,半導體業,移出,離高點太遠,119.06,100.0,,15,,,,,,,,,,,2025-01
2025-01-03,3230,錦明,光電業,移出,離高點太遠,58.39,99.0,,11,,,,,,,,,,,2025-01
2025-01-06,3025,星通,電子工業,進榜,觸發,77.77,80.0,4.0,0,-23.5,0.0,-43.5,-14.9,77.8,0.0,-23.5,0.0,-43.5,-15.2,2025-01
2025-01-06,3025,星通,電子工業,觸發,進榜即觸發,77.77,80.0,4.0,0,-23.5,0.0,-43.5,-14.9,77.8,0.0,-23.5,0.0,-43.5,-15.2,2025-01
2025-01-06,2454,聯發科,半導體業,進榜,觸發,1362.77,70.0,3.0,0,4.2,0.0,-1.8,-14.9,1381.9,1.4,2.8,0.0,-3.1,-15.2,2025-01
2025-01-06,2454,聯發科,半導體業,觸發,進榜即觸發,1362.77,70.0,3.0,0,4.2,0.0,-1.8,-14.9,1381.9,1.4,2.8,0.0,-3.1,-15.2,2025-01
2025-01-06,3594,磐儀,電腦及週邊設備業,進榜,準備,54.72,88.0,1.0,0,3.6,0.0,-25.5,-14.9,54.7,0.0,3.6,0.0,-25.5,-15.2,2025-01
2025-01-06,2882,國泰金,金融保險,進榜,準備,63.0,74.0,1.0,0,-0.1,0.0,-20.8,-14.9,63.3,0.4,-0.6,0.0,-21.1,-15.2,2025-01
2025-01-06,2330,台積電,半導體業,觸發,等待後觸發,1100.38,78.0,1.0,14,-2.2,0.0,-22.8,-14.9,1124.8,2.2,-4.3,0.0,-24.4,-15.2,2025-01
2025-01-06,2891,中信金,金融保險,移出,掉出掃描母體,35.63,72.0,,3,,,,,,,,,,,2025-01
2025-01-06,3533,嘉澤,電子工業,移出,突破失敗,1747.08,83.0,,33,,,,,,,,,,,2025-01
2025-01-06,4576,大銀微系統,電機機械,移出,離高點太遠,138.75,95.0,,14,,,,,,,,,,,2025-01
2025-01-07,3363,上詮,通信網路業,進榜,觸發,290.4,95.0,5.0,0,15.5,1.4,-39.2,-11.8,290.4,0.0,15.5,1.5,-39.2,-11.7,2025-01
2025-01-07,3363,上詮,通信網路業,觸發,進榜即觸發,290.4,95.0,5.0,0,15.5,1.4,-39.2,-11.8,290.4,0.0,15.5,1.5,-39.2,-11.7,2025-01
2025-01-07,3491,昇達科,通信網路業,進榜,觸發,385.36,87.0,4.0,0,3.4,1.4,1.1,-11.8,389.8,1.1,2.3,1.5,0.0,-11.7,2025-01
2025-01-07,3491,昇達科,通信網路業,觸發,進榜即觸發,385.36,87.0,4.0,0,3.4,1.4,1.1,-11.8,389.8,1.1,2.3,1.5,0.0,-11.7,2025-01
2025-01-07,6781,AES-KY,電子工業,進榜,準備,1151.56,98.0,3.0,0,-10.1,1.4,-33.2,-11.8,1151.6,0.0,-10.1,1.5,-33.2,-11.7,2025-01
2025-01-07,3088,艾訊,電腦及週邊設備業,進榜,準備,119.89,88.0,3.0,0,13.6,1.4,-15.6,-11.8,118.0,-1.6,15.4,1.5,-14.2,-11.7,2025-01
2025-01-07,2308,台達電,電子工業,進榜,準備,422.24,77.0,2.0,0,-6.2,1.4,-23.5,-11.8,430.5,2.0,-8.1,1.5,-25.0,-11.7,2025-01
2025-01-07,2357,華碩,電子工業,觸發,等待後觸發,579.53,84.0,3.0,15,4.8,1.4,-13.1,-11.8,578.6,-0.2,4.9,1.5,-13.0,-11.7,2025-01
2025-01-07,8937,合騏*,其他,觸發,等待後觸發,42.48,100.0,3.0,7,-4.4,1.4,-25.3,-11.8,42.7,0.6,-5.0,1.5,-25.7,-11.7,2025-01
2025-01-07,4583,台灣精銳,電機機械,移出,離高點太遠,813.88,99.0,,14,,,,,,,,,,,2025-01
2025-01-07,3025,星通,電子工業,移出,突破失敗,70.0,71.0,,1,,,,,,,,,,,2025-01
2025-01-08,4979,華星光,通信網路業,進榜,準備,205.21,94.0,2.0,0,6.7,1.6,-30.3,-13.1,204.7,-0.2,7.0,1.6,-30.1,-12.9,2025-01
2025-01-08,2882,國泰金,金融保險,移出,掉出掃描母體,63.28,70.0,,2,,,,,,,,,,,2025-01
2025-01-08,4540,全球傳動,電機機械,移出,離高點太遠,54.7,93.0,,27,,,,,,,,,,,2025-01
2025-01-08,4974,亞泰,電子零組件業,移出,離高點太遠,110.24,93.0,,14,,,,,,,,,,,2025-01
2025-01-08,1597,直得,電機機械,移出,晚期未觸發,111.49,88.0,,14,,,,,,,,,,,2025-01
2025-01-09,2880,華南金,金融保險,進榜,準備,24.64,71.0,0.0,0,3.0,3.4,-1.3,-12.0,24.4,-0.9,3.9,3.4,-0.4,-11.8,2025-01
2025-01-09,2891,中信金,金融保險,進榜,準備,35.59,71.0,1.0,0,4.4,3.4,-4.5,-12.0,35.4,-0.5,4.9,3.4,-4.0,-11.8,2025-01
2025-01-09,6510,精測,半導體業,移出,離高點太遠,774.49,96.0,,36,,,,,,,,,,,2025-01
2025-01-09,4571,鈞興-KY,電機機械,移出,離高點太遠,203.2,95.0,,29,,,,,,,,,,,2025-01
2025-01-09,3019,亞光,光電業,移出,離高點太遠,146.47,97.0,,23,,,,,,,,,,,2025-01
2025-01-09,6215,和椿,其他電子業,移出,離高點太遠,92.5,93.0,,20,,,,,,,,,,,2025-01
2025-01-09,4549,桓達,電機機械,移出,離高點太遠,181.2,90.0,,16,,,,,,,,,,,2025-01
2025-01-10,2880,華南金,金融保險,移出,掉出掃描母體,24.64,71.0,,1,,,,,,,,,,,2025-01
2025-01-10,2891,中信金,金融保險,移出,掉出掃描母體,35.59,71.0,,1,,,,,,,,,,,2025-01
2025-01-10,2233,宇隆,汽車工業,移出,離高點太遠,220.47,96.0,,23,,,,,,,,,,,2025-01
2025-01-13,5314,世紀*,半導體業,進榜,準備,9.78,100.0,3.0,0,-0.1,6.8,26.9,-11.3,9.8,0.0,-0.1,6.6,26.9,-11.3,2025-01
2025-01-13,2880,華南金,金融保險,進榜,準備,24.37,73.0,0.0,0,4.3,6.8,0.6,-11.3,24.6,0.9,3.3,6.6,-0.4,-11.3,2025-01
2025-01-13,2454,聯發科,半導體業,移出,掉出掃描母體,1401.03,76.0,,7,,,,,,,,,,,2025-01
2025-01-13,2610,華航,航運業,移出,掉出掃描母體,23.82,81.0,,41,,,,,,,,,,,2025-01
2025-01-13,6442,光聖,通信網路業,移出,掉出掃描母體,589.35,94.0,,35,,,,,,,,,,,2025-01
2025-01-13,8111,立碁,光電業,移出,離高點太遠,46.33,96.0,,25,,,,,,,,,,,2025-01
2025-01-13,3147,大綜,資訊服務業,移出,離高點太遠,130.08,85.0,,24,,,,,,,,,,,2025-01
2025-01-13,2357,華碩,電子工業,移出,掉出掃描母體,559.86,85.0,,21,,,,,,,,,,,2025-01
2025-01-13,2885,元大金,金融保險,移出,掉出掃描母體,29.78,73.0,,10,,,,,,,,,,,2025-01
2025-01-13,3594,磐儀,電腦及週邊設備業,移出,離高點太遠,49.17,82.0,,7,,,,,,,,,,,2025-01
2025-01-13,2308,台達電,電子工業,移出,掉出掃描母體,410.51,72.0,,6,,,,,,,,,,,2025-01
2025-01-14,3551,世禾,其他電子類,進榜,觸發,135.57,92.0,2.0,0,-7.9,5.8,-37.4,-12.6,136.5,0.7,-8.6,5.9,-37.9,-12.4,2025-01
2025-01-14,3551,世禾,其他電子類,觸發,進榜即觸發,135.57,92.0,2.0,0,-7.9,5.8,-37.4,-12.6,136.5,0.7,-8.6,5.9,-37.9,-12.4,2025-01
2025-01-14,2880,華南金,金融保險,觸發,等待後觸發,24.91,75.0,0.0,1,1.8,5.8,-1.8,-12.6,25.0,0.2,1.6,5.9,-2.0,-12.4,2025-01
2025-01-14,4977,眾達-KY,電子工業,移出,掉出掃描母體,125.71,95.0,,54,,,,,,,,,,,2025-01
2025-01-14,3363,上詮,通信網路業,移出,突破失敗,264.4,93.0,,7,,,,,,,,,,,2025-01
2025-01-15,3617,碩天,其他電子業,移出,掉出掃描母體,316.07,88.0,,51,,,,,,,,,,,2025-01
2025-01-15,2330,台積電,半導體業,移出,掉出掃描母體,1066.15,71.0,,23,,,,,,,,,,,2025-01
2025-01-15,4931,新盛力,電腦及週邊設備業,移出,離高點太遠,63.88,99.0,,20,,,,,,,,,,,2025-01
2025-01-16,3081,聯亞,通信網路業,進榜,觸發,418.74,99.0,6.0,0,0.0,5.6,-46.2,-11.0,426.0,1.7,-1.7,5.5,-47.1,-11.1,2025-01
2025-01-16,3081,聯亞,通信網路業,觸發,進榜即觸發,418.74,99.0,6.0,0,0.0,5.6,-46.2,-11.0,426.0,1.7,-1.7,5.5,-47.1,-11.1,2025-01
2025-01-16,6558,興能高,其他電子業,進榜,準備,51.06,99.0,3.0,0,24.1,5.6,-10.0,-11.0,54.2,6.2,16.8,5.5,-15.3,-11.1,2025-01
2025-01-16,2454,聯發科,半導體業,進榜,準備,1396.24,81.0,3.0,0,5.8,5.6,-8.9,-11.0,1386.7,-0.7,6.6,5.5,-8.3,-11.1,2025-01
2025-01-16,6279,胡連,電子零組件業,進榜,準備,166.78,81.0,3.0,0,-1.1,5.6,-18.9,-11.0,166.8,0.0,-1.1,5.5,-18.9,-11.1,2025-01
2025-01-16,2885,元大金,金融保險,進榜,準備,30.21,73.0,1.0,0,4.4,5.6,-15.0,-11.0,30.2,-0.1,4.6,5.5,-14.9,-11.1,2025-01
2025-01-16,2881,富邦金,金融保險,進榜,準備,82.23,71.0,1.0,0,0.0,5.6,-14.5,-11.0,82.2,0.0,0.0,5.5,-14.5,-11.1,2025-01
2025-01-17,2404,漢唐,其他電子業,進榜,準備,475.04,96.0,1.0,0,-12.9,5.1,-11.0,-9.9,466.7,-1.8,-11.4,4.9,-9.4,-10.2,2025-01
2025-01-17,2610,華航,航運業,進榜,準備,24.29,85.0,1.0,0,-8.6,5.1,-20.2,-9.9,24.5,0.8,-9.3,4.9,-20.8,-10.2,2025-01
2025-01-17,2891,中信金,金融保險,進榜,準備,35.68,71.0,1.0,0,4.1,5.1,-5.4,-9.9,35.7,0.0,4.1,4.9,-5.4,-10.2,2025-01
2025-01-17,3551,世禾,其他電子類,移出,離高點太遠,125.28,88.0,,3,,,,,,,,,,,2025-01
2025-01-17,6279,胡連,電子零組件業,移出,晚期未觸發,164.04,80.0,,1,,,,,,,,,,,2025-01
2025-01-17,2881,富邦金,金融保險,移出,掉出掃描母體,82.23,71.0,,1,,,,,,,,,,,2025-01
2025-01-20,6215,和椿,其他電子業,進榜,觸發,113.55,98.0,5.0,0,14.2,4.7,-32.1,-10.1,116.5,2.6,11.3,4.6,-33.8,-10.0,2025-01
2025-01-20,6215,和椿,其他電子業,觸發,進榜即觸發,113.55,98.0,5.0,0,14.2,4.7,-32.1,-10.1,116.5,2.6,11.3,4.6,-33.8,-10.0,2025-01
2025-01-20,3645,達邁,電子零組件業,進榜,準備,68.88,96.0,2.0,0,10.1,4.7,-30.0,-10.1,69.1,0.3,9.8,4.6,-30.2,-10.0,2025-01
2025-01-20,2498,宏達電,通信網路業,進榜,準備,55.0,85.0,1.0,0,-15.8,4.7,-29.1,-10.1,55.0,0.0,-15.8,4.6,-29.1,-10.0,2025-01
2025-01-20,4749,新應材,光電業,進榜,準備,749.45,85.0,2.0,0,-10.1,4.7,-43.7,-10.1,741.6,-1.0,-9.1,4.6,-43.1,-10.0,2025-01
2025-01-20,5314,世紀*,半導體業,移出,離高點太遠,9.82,100.0,,7,,,,,,,,,,,2025-01
2025-01-21,2888,新光金,金融保險,進榜,準備,12.25,76.0,3.0,0,1.6,4.0,-4.9,-8.7,12.3,0.4,1.2,3.8,-5.3,-9.0,2025-01
2025-01-21,2881,富邦金,金融保險,進榜,準備,82.14,71.0,1.0,0,0.9,4.0,-11.0,-8.7,82.8,0.8,0.1,3.8,-11.7,-9.0,2025-01
2025-01-21,2618,長榮航,航運業,移出,逾期,42.02,91.0,,56,,,,,,,,,,,2025-01
2025-01-21,8114,振樺電,電子工業,移出,掉出掃描母體,310.57,97.0,,90,,,,,,,,,,,2025-01
2025-01-21,2610,華航,航運業,移出,掉出掃描母體,23.82,84.0,,4,,,,,,,,,,,2025-01
2025-01-22,2610,華航,航運業,進榜,準備,24.1,84.0,1.0,0,-9.8,2.7,-19.0,-9.7,23.5,-2.7,-7.3,3.6,-16.8,-8.9,2025-01
2025-01-22,2330,台積電,半導體業,進榜,準備,1110.16,79.0,1.0,0,-10.1,2.7,-19.6,-9.7,1041.7,-6.2,-4.2,3.6,-14.3,-8.9,2025-01
2025-01-22,6944,兆聯實業,綠能環保,進榜,準備,325.49,78.0,3.0,0,-4.1,2.7,-11.3,-9.7,324.7,-0.2,-3.8,3.6,-11.1,-8.9,2025-01
2025-01-22,2308,台達電,電子工業,進榜,準備,427.62,77.0,2.0,0,-10.9,2.7,-23.8,-9.7,391.0,-8.6,-2.5,3.6,-16.6,-8.9,2025-01
2025-01-22,4979,華星光,通信網路業,觸發,等待後觸發,239.25,97.0,2.0,14,-24.7,2.7,-36.9,-9.7,224.4,-6.2,-19.8,3.6,-32.7,-8.9,2025-01
2025-01-22,2888,新光金,金融保險,觸發,等待後觸發,12.3,77.0,3.0,1,1.6,2.7,-4.1,-9.7,12.2,-0.8,2.5,3.6,-3.3,-8.9,2025-01
2025-02-03,2357,華碩,電子工業,進榜,準備,580.43,89.0,3.0,0,3.2,3.6,-9.1,-7.8,576.0,-0.8,4.0,3.5,-8.4,-8.0,2025-02
2025-02-03,2377,微星,電子工業,進榜,準備,183.53,79.0,3.0,0,-5.9,3.6,-26.0,-7.8,186.3,1.5,-7.3,3.5,-27.1,-8.0,2025-02
2025-02-03,2610,華航,航運業,移出,掉出掃描母體,24.1,84.0,,12,,,,,,,,,,,2025-02
2025-02-03,2308,台達電,電子工業,移出,掉出掃描母體,427.62,77.0,,12,,,,,,,,,,,2025-02
2025-02-03,2383,台光電,電子工業,移出,掉出掃描母體,603.29,92.0,,63,,,,,,,,,,,2025-02
2025-02-03,5536,聖暉*,其他電子類,移出,逾期,436.03,97.0,,56,,,,,,,,,,,2025-02
2025-02-03,6781,AES-KY,電子工業,移出,晚期未觸發,1064.1,98.0,,27,,,,,,,,,,,2025-02
2025-02-03,4749,新應材,光電業,移出,掉出掃描母體,719.08,81.0,,14,,,,,,,,,,,2025-02
2025-02-04,2480,敦陽科,資訊服務業,進榜,準備,134.86,87.0,1.0,0,9.1,4.0,0.0,-9.4,136.2,1.0,8.0,3.5,-1.0,-9.9,2025-02
2025-02-04,6245,立端,通信網路業,進榜,準備,96.37,83.0,2.0,0,7.5,4.0,-22.5,-9.4,98.2,1.9,5.6,3.5,-24.0,-9.9,2025-02
2025-02-04,2881,富邦金,金融保險,移出,掉出掃描母體,82.05,73.0,,14,,,,,,,,,,,2025-02
2025-02-04,2498,宏達電,通信網路業,移出,離高點太遠,47.48,71.0,,15,,,,,,,,,,,2025-02
2025-02-04,6944,兆聯實業,綠能環保,移出,掉出掃描母體,314.47,73.0,,13,,,,,,,,,,,2025-02
2025-02-05,6438,迅得,其他電子類,進榜,觸發,218.45,96.0,4.0,0,-14.8,2.5,-34.6,-10.0,225.0,3.0,-17.3,2.4,-36.5,-10.1,2025-02
2025-02-05,6438,迅得,其他電子類,觸發,進榜即觸發,218.45,96.0,4.0,0,-14.8,2.5,-34.6,-10.0,225.0,3.0,-17.3,2.4,-36.5,-10.1,2025-02
2025-02-05,4162,智擎,生技醫療業,進榜,觸發,100.95,81.0,1.0,0,-1.8,2.5,-22.4,-10.0,109.9,8.8,-9.8,2.4,-28.7,-10.1,2025-02
2025-02-05,4162,智擎,生技醫療業,觸發,進榜即觸發,100.95,81.0,1.0,0,-1.8,2.5,-22.4,-10.0,109.9,8.8,-9.8,2.4,-28.7,-10.1,2025-02
2025-02-05,6752,叡揚,資訊服務業,進榜,準備,127.86,89.0,1.0,0,-6.8,2.5,35.0,-10.0,129.2,1.0,-7.7,2.4,33.6,-10.1,2025-02
2025-02-05,3088,艾訊,電腦及週邊設備業,觸發,等待後觸發,131.56,94.0,3.0,29,-3.2,2.5,-30.1,-10.0,136.7,3.9,-6.8,2.4,-32.7,-10.1,2025-02
2025-02-05,2880,華南金,金融保險,移出,掉出掃描母體,25.28,73.0,,23,,,,,,,,,,,2025-02
2025-02-05,2885,元大金,金融保險,移出,掉出掃描母體,29.87,72.0,,20,,,,,,,,,,,2025-02
2025-02-05,6558,興能高,其他電子業,移出,晚期未觸發,56.52,99.0,,20,,,,,,,,,,,2025-02
2025-02-06,4971,IET-KY,半導體業,進榜,觸發,103.28,96.0,5.0,0,58.0,1.0,-13.2,-10.8,112.8,9.2,44.7,1.1,-20.5,-10.8,2025-02
2025-02-06,4971,IET-KY,半導體業,觸發,進榜即觸發,103.28,96.0,5.0,0,58.0,1.0,-13.2,-10.8,112.8,9.2,44.7,1.1,-20.5,-10.8,2025-02
2025-02-06,1815,富喬,電子零組件業,進榜,觸發,30.94,91.0,6.0,0,5.6,1.0,-9.1,-10.8,31.6,2.2,3.3,1.1,-11.1,-10.8,2025-02
2025-02-06,1815,富喬,電子零組件業,觸發,進榜即觸發,30.94,91.0,6.0,0,5.6,1.0,-9.1,-10.8,31.6,2.2,3.3,1.1,-11.1,-10.8,2025-02
2025-02-06,6768,志強-KY,其他,進榜,準備,129.68,91.0,3.0,0,-2.0,1.0,-28.7,-10.8,130.6,0.7,-2.7,1.1,-29.2,-10.8,2025-02
2025-02-06,3526,凡甲,電子零組件業,進榜,準備,241.27,76.0,3.0,0,2.7,1.0,-10.6,-10.8,241.7,0.2,2.5,1.1,-10.7,-10.8,2025-02
2025-02-06,2885,元大金,金融保險,進榜,準備,30.73,70.0,1.0,0,-0.3,1.0,-11.5,-10.8,30.5,-0.8,0.6,1.1,-10.8,-10.8,2025-02
2025-02-06,2891,中信金,金融保險,觸發,等待後觸發,36.18,70.0,1.0,20,1.1,1.0,0.0,-10.8,36.1,-0.3,1.4,1.1,0.3,-10.8,2025-02
2025-02-06,2377,微星,電子工業,移出,掉出掃描母體,184.47,76.0,,3,,,,,,,,,,,2025-02
2025-02-07,2383,台光電,電子工業,進榜,準備,604.28,93.0,3.0,0,-7.2,0.4,7.6,-10.2,601.3,-0.5,-6.7,0.7,8.2,-10.2,2025-02
2025-02-07,3015,全漢,電子工業,進榜,準備,63.01,76.0,2.0,0,-7.9,0.4,-22.4,-10.2,61.5,-2.3,-5.7,0.7,-20.6,-10.2,2025-02
2025-02-07,2357,華碩,電子工業,觸發,等待後觸發,594.74,87.0,3.0,4,-1.7,0.4,-10.7,-10.2,590.3,-0.8,-0.9,0.7,-10.0,-10.2,2025-02
2025-02-07,6752,叡揚,資訊服務業,觸發,等待後觸發,139.56,91.0,1.0,2,-13.4,0.4,24.0,-10.2,137.0,-1.9,-11.7,0.7,26.3,-10.2,2025-02
2025-02-07,2888,新光金,金融保險,移出,掉出掃描母體,12.3,72.0,,17,,,,,,,,,,,2025-02
2025-02-07,2885,元大金,金融保險,移出,掉出掃描母體,30.73,70.0,,1,,,,,,,,,,,2025-02
2025-02-07,6005,群益證,金融保險,移出,掉出掃描母體,21.58,79.0,,36,,,,,,,,,,,2025-02
2025-02-07,2891,中信金,金融保險,移出,掉出掃描母體,36.18,70.0,,21,,,,,,,,,,,2025-02
2025-02-10,6206,飛捷,電腦及週邊設備業,進榜,觸發,112.17,91.0,1.0,0,15.9,0.0,-11.0,-10.0,115.4,2.8,12.6,-0.2,-13.4,-10.1,2025-02
2025-02-10,6206,飛捷,電腦及週邊設備業,觸發,進榜即觸發,112.17,91.0,1.0,0,15.9,0.0,-11.0,-10.0,115.4,2.8,12.6,-0.2,-13.4,-10.1,2025-02
2025-02-10,4991,環宇-KY,半導體業,進榜,準備,143.17,100.0,3.0,0,-22.3,0.0,-37.5,-10.0,144.2,0.7,-22.9,-0.2,-37.9,-10.1,2025-02
2025-02-10,8234,新漢,電腦及週邊設備業,進榜,準備,67.37,88.0,3.0,0,23.9,0.0,11.1,-10.0,68.2,1.2,22.4,-0.2,9.8,-10.1,2025-02
2025-02-10,4763,材料*-KY,化學工業,進榜,準備,86.8,80.0,2.0,0,22.9,0.0,-8.4,-10.0,87.5,0.8,22.0,-0.2,-9.1,-10.1,2025-02
2025-02-10,6227,茂綸,電子通路業,進榜,準備,78.74,80.0,3.0,0,3.9,0.0,20.2,-10.0,80.8,2.6,1.3,-0.2,17.1,-10.1,2025-02
2025-02-10,8261,富鼎,半導體業,進榜,準備,87.01,76.0,2.0,0,-6.7,0.0,-15.8,-10.0,87.8,0.9,-7.5,-0.2,-16.5,-10.1,2025-02
2025-02-10,2891,中信金,金融保險,進榜,準備,36.68,71.0,1.0,0,-1.2,0.0,-0.5,-10.0,36.7,0.1,-1.4,-0.2,-0.6,-10.1,2025-02
2025-02-11,3162,精確,電機機械,進榜,觸發,45.25,87.0,1.0,0,-1.5,0.0,10.1,-9.1,46.3,2.3,-3.7,0.0,7.6,-9.3,2025-02
2025-02-11,3162,精確,電機機械,觸發,進榜即觸發,45.25,87.0,1.0,0,-1.5,0.0,10.1,-9.1,46.3,2.3,-3.7,0.0,7.6,-9.3,2025-02
2025-02-11,3665,貿聯-KY,其他電子業,進榜,準備,684.86,96.0,3.0,0,-24.8,0.0,-13.3,-9.1,688.7,0.6,-25.2,0.0,-13.8,-9.3,2025-02
2025-02-11,8234,新漢,電腦及週邊設備業,觸發,等待後觸發,74.03,92.0,3.0,1,16.8,0.0,4.6,-9.1,76.6,3.5,12.8,0.0,1.0,-9.3,2025-02
2025-02-11,2891,中信金,金融保險,移出,掉出掃描母體,36.68,71.0,,1,,,,,,,,,,,2025-02
2025-02-12,2543,皇昌,建材營造,進榜,觸發,83.9,96.0,6.0,0,-9.7,-0.6,-22.5,-9.0,85.5,2.0,-11.4,-0.8,-24.0,-9.2,2025-02
2025-02-12,2543,皇昌,建材營造,觸發,進榜即觸發,83.9,96.0,6.0,0,-9.7,-0.6,-22.5,-9.0,85.5,2.0,-11.4,-0.8,-24.0,-9.2,2025-02
2025-02-12,2417,圓剛,電子工業,進榜,觸發,54.91,83.0,5.0,0,-13.7,-0.6,-28.3,-9.0,56.5,2.9,-16.1,-0.8,-30.3,-9.2,2025-02
2025-02-12,2417,圓剛,電子工業,觸發,進榜即觸發,54.91,83.0,5.0,0,-13.7,-0.6,-28.3,-9.0,56.5,2.9,-16.1,-0.8,-30.3,-9.2,2025-02
2025-02-12,6510,精測,半導體業,進榜,準備,834.6,96.0,3.0,0,-18.5,-0.6,-1.2,-9.0,818.8,-1.9,-17.0,-0.8,0.7,-9.2,2025-02
2025-02-12,1307,三芳,塑膠工業,進榜,準備,39.8,85.0,3.0,0,2.8,-0.6,-14.1,-9.0,39.2,-1.5,4.4,-0.8,-12.7,-9.2,2025-02
2025-02-12,6670,復盛應用,其他,觸發,等待後觸發,309.51,77.0,1.0,48,-5.3,-0.6,-3.9,-9.0,308.6,-0.3,-5.0,-0.8,-3.6,-9.2,2025-02
2025-02-12,2345,智邦,通信網路業,移出,掉出掃描母體,757.03,91.0,,70,,,,,,,,,,,2025-02
2025-02-12,6691,洋基工程,其他電子業,移出,晚期未觸發,322.27,90.0,,55,,,,,,,,,,,2025-02
2025-02-12,4979,華星光,通信網路業,移出,離高點太遠,219.52,97.0,,35,,,,,,,,,,,2025-02
2025-02-12,2404,漢唐,其他電子業,移出,掉出掃描母體,436.39,88.0,,26,,,,,,,,,,,2025-02
2025-02-12,2330,台積電,半導體業,移出,掉出掃描母體,1085.71,74.0,,21,,,,,,,,,,,2025-02
2025-02-12,3015,全漢,電子工業,移出,掉出掃描母體,61.17,73.0,,5,,,,,,,,,,,2025-02
2025-02-12,8261,富鼎,半導體業,移出,掉出掃描母體,87.57,74.0,,2,,,,,,,,,,,2025-02
2025-02-13,2606,裕民,航運業,進榜,觸發,60.32,81.0,3.0,0,13.4,-1.1,-12.3,-9.1,63.0,4.5,8.5,-1.1,-16.1,-9.1,2025-02
2025-02-13,2606,裕民,航運業,觸發,進榜即觸發,60.32,81.0,3.0,0,13.4,-1.1,-12.3,-9.1,63.0,4.5,8.5,-1.1,-16.1,-9.1,2025-02
2025-02-13,3596,智易,通信網路業,進榜,準備,179.08,82.0,3.0,0,4.3,-1.1,15.1,-9.1,179.5,0.3,4.1,-1.1,14.8,-9.1,2025-02
2025-02-13,2328,廣宇,電子零組件業,進榜,準備,39.12,71.0,3.0,0,31.1,-1.1,0.1,-9.1,39.2,0.1,31.0,-1.1,0.0,-9.1,2025-02
2025-02-13,2417,圓剛,電子工業,移出,掉出掃描母體,54.91,83.0,,1,,,,,,,,,,,2025-02
2025-02-14,6739,竹陞科技,其他電子業,進榜,觸發,278.43,97.0,4.0,0,-17.6,-1.2,-8.9,-9.4,286.2,2.8,-19.8,-1.4,-11.4,-9.7,2025-02
2025-02-14,6739,竹陞科技,其他電子業,觸發,進榜即觸發,278.43,97.0,4.0,0,-17.6,-1.2,-8.9,-9.4,286.2,2.8,-19.8,-1.4,-11.4,-9.7,2025-02
2025-02-14,3376,新日興,電子零組件業,進榜,觸發,269.66,90.0,4.0,0,-13.1,-1.2,-32.3,-9.4,271.6,0.7,-13.7,-1.4,-32.8,-9.7,2025-02
2025-02-14,3376,新日興,電子零組件業,觸發,進榜即觸發,269.66,90.0,4.0,0,-13.1,-1.2,-32.3,-9.4,271.6,0.7,-13.7,-1.4,-32.8,-9.7,2025-02
2025-02-14,6472,保瑞,生技醫療業,進榜,準備,721.73,79.0,3.0,0,-14.1,-1.2,-21.0,-9.4,725.7,0.6,-14.6,-1.4,-21.4,-9.7,2025-02
2025-02-14,3711,日月光投控,半導體業,進榜,準備,167.1,77.0,3.0,0,-10.0,-1.2,-14.0,-9.4,166.1,-0.6,-9.5,-1.4,-13.5,-9.7,2025-02
2025-02-14,2328,廣宇,電子零組件業,移出,掉出掃描母體,39.12,71.0,,1,,,,,,,,,,,2025-02
2025-02-17,6104,創惟,半導體業,進榜,觸發,171.46,97.0,5.0,0,-16.8,-1.2,0.1,-9.8,172.4,0.5,-17.2,-1.3,-0.4,-9.9,2025-02
2025-02-17,6104,創惟,半導體業,觸發,進榜即觸發,171.46,97.0,5.0,0,-16.8,-1.2,0.1,-9.8,172.4,0.5,-17.2,-1.3,-0.4,-9.9,2025-02
2025-02-17,3504,揚明光,光電業,進榜,觸發,72.4,84.0,3.0,0,-16.7,-1.2,-32.7,-9.8,77.0,6.4,-21.7,-1.3,-36.8,-9.9,2025-02
2025-02-17,3504,揚明光,光電業,觸發,進榜即觸發,72.4,84.0,3.0,0,-16.7,-1.2,-32.7,-9.8,77.0,6.4,-21.7,-1.3,-36.8,-9.9,2025-02
2025-02-17,1536,和大,汽車工業,進榜,觸發,77.37,72.0,2.0,0,-4.7,-1.2,-15.3,-9.8,79.2,2.4,-6.9,-1.3,-17.3,-9.9,2025-02
2025-02-17,1536,和大,汽車工業,觸發,進榜即觸發,77.37,72.0,2.0,0,-4.7,-1.2,-15.3,-9.8,79.2,2.4,-6.9,-1.3,-17.3,-9.9,2025-02
2025-02-17,3594,磐儀,電腦及週邊設備業,進榜,準備,56.27,90.0,3.0,0,-4.8,-1.2,-22.6,-9.8,57.4,2.1,-6.8,-1.3,-24.2,-9.9,2025-02
2025-02-17,6472,保瑞,生技醫療業,移出,掉出掃描母體,721.73,79.0,,3,,,,,,,,,,,2025-02
2025-02-17,3711,日月光投控,半導體業,移出,掉出掃描母體,167.1,77.0,,3,,,,,,,,,,,2025-02
2025-02-17,6670,復盛應用,其他,移出,掉出掃描母體,303.76,73.0,,53,,,,,,,,,,,2025-02
2025-02-17,4991,環宇-KY,半導體業,移出,晚期未觸發,134.81,99.0,,7,,,,,,,,,,,2025-02
2025-02-18,3379,彬台,電機機械,進榜,觸發,60.4,95.0,2.0,0,13.4,-1.8,19.1,-10.6,62.0,2.7,10.4,-1.9,16.0,-10.7,2025-02
2025-02-18,3379,彬台,電機機械,觸發,進榜即觸發,60.4,95.0,2.0,0,13.4,-1.8,19.1,-10.6,62.0,2.7,10.4,-1.9,16.0,-10.7,2025-02
2025-02-18,8028,昇陽半導體,半導體業,進榜,觸發,155.73,82.0,4.0,0,-11.9,-1.8,-14.1,-10.6,158.2,1.6,-13.3,-1.9,-15.4,-10.7,2025-02
2025-02-18,8028,昇陽半導體,半導體業,觸發,進榜即觸發,155.73,82.0,4.0,0,-11.9,-1.8,-14.1,-10.6,158.2,1.6,-13.3,-1.9,-15.4,-10.7,2025-02
2025-02-18,3015,全漢,電子工業,進榜,準備,61.91,72.0,2.0,0,-7.3,-1.8,-19.1,-10.6,62.4,0.7,-7.9,-1.9,-19.7,-10.7,2025-02
2025-02-18,3526,凡甲,電子零組件業,移出,掉出掃描母體,250.48,70.0,,12,,,,,,,,,,,2025-02
2025-02-18,4162,智擎,生技醫療業,移出,掉出掃描母體,100.5,76.0,,13,,,,,,,,,,,2025-02
2025-02-18,4763,材料*-KY,化學工業,移出,掉出掃描母體,88.06,72.0,,8,,,,,,,,,,,2025-02
2025-02-18,6739,竹陞科技,其他電子業,移出,掉出掃描母體,306.08,97.0,,4,,,,,,,,,,,2025-02
2025-02-19,1569,濱川,電腦及週邊設備業,進榜,觸發,68.3,99.0,2.0,0,13.5,-1.7,-22.4,-11.1,69.9,2.3,10.9,-1.7,-24.2,-11.2,2025-02
2025-02-19,1569,濱川,電腦及週邊設備業,觸發,進榜即觸發,68.3,99.0,2.0,0,13.5,-1.7,-22.4,-11.1,69.9,2.3,10.9,-1.7,-24.2,-11.2,2025-02
2025-02-19,4916,事欣科,電腦及週邊設備業,進榜,觸發,46.71,94.0,1.0,0,-1.2,-1.7,-4.3,-11.1,48.6,4.0,-5.0,-1.7,-8.0,-11.2,2025-02
2025-02-19,4916,事欣科,電腦及週邊設備業,觸發,進榜即觸發,46.71,94.0,1.0,0,-1.2,-1.7,-4.3,-11.1,48.6,4.0,-5.0,-1.7,-8.0,-11.2,2025-02
2025-02-19,5203,訊連,電子工業,進榜,準備,127.78,92.0,2.0,0,-14.9,-1.7,-23.8,-11.1,130.5,2.1,-16.7,-1.7,-25.3,-11.2,2025-02
2025-02-19,3711,日月光投控,半導體業,進榜,準備,175.22,77.0,3.0,0,-11.4,-1.7,-21.5,-11.1,175.7,0.3,-11.7,-1.7,-21.7,-11.2,2025-02
2025-02-19,4763,材料*-KY,化學工業,進榜,準備,90.39,74.0,2.0,0,2.5,-1.7,-6.8,-11.1,91.6,1.3,1.2,-1.7,-7.9,-11.2,2025-02
2025-02-19,6944,兆聯實業,綠能環保,進榜,準備,328.43,72.0,3.0,0,-4.8,-1.7,-13.5,-11.1,322.5,-1.8,-3.1,-1.7,-11.9,-11.2,2025-02
2025-02-19,3714,富采,電子工業,進榜,準備,49.02,71.0,1.0,0,-12.5,-1.7,-26.4,-11.1,50.3,2.5,-14.6,-1.7,-28.2,-11.2,2025-02
2025-02-19,3645,達邁,電子零組件業,移出,晚期未觸發,76.98,97.0,,30,,,,,,,,,,,2025-02
2025-02-19,6510,精測,半導體業,移出,掉出掃描母體,818.83,94.0,,7,,,,,,,,,,,2025-02
2025-02-19,3504,揚明光,光電業,移出,掉出掃描母體,74.9,84.0,,2,,,,,,,,,,,2025-02
2025-02-20,3558,神準,通信網路業,進榜,準備,240.82,94.0,1.0,0,-4.4,-2.0,-23.7,-10.6,243.7,1.2,-5.5,-1.9,-24.6,-10.7,2025-02
2025-02-20,2328,廣宇,電子零組件業,進榜,準備,39.46,71.0,3.0,0,24.9,-2.0,-5.3,-10.6,39.6,0.2,24.6,-1.9,-5.6,-10.7,2025-02
2025-02-20,6670,復盛應用,其他,進榜,準備,305.97,70.0,1.0,0,5.5,-2.0,6.6,-10.6,307.3,0.4,5.0,-1.9,6.2,-10.7,2025-02
2025-02-20,3711,日月光投控,半導體業,移出,掉出掃描母體,175.22,77.0,,1,,,,,,,,,,,2025-02
2025-02-20,6944,兆聯實業,綠能環保,移出,掉出掃描母體,328.43,72.0,,1,,,,,,,,,,,2025-02
2025-02-20,3081,聯亞,通信網路業,移出,離高點太遠,406.05,100.0,,35,,,,,,,,,,,2025-02
2025-02-20,6104,創惟,半導體業,移出,掉出掃描母體,163.58,95.0,,3,,,,,,,,,,,2025-02
2025-02-20,3015,全漢,電子工業,移出,掉出掃描母體,61.36,71.0,,2,,,,,,,,,,,2025-02
2025-02-21,4303,信立,塑膠工業,進榜,觸發,38.28,87.0,3.0,0,26.7,-3.0,35.0,-11.5,38.3,0.0,26.7,-2.6,35.0,-11.2,2025-02
2025-02-21,4303,信立,塑膠工業,觸發,進榜即觸發,38.28,87.0,3.0,0,26.7,-3.0,35.0,-11.5,38.3,0.0,26.7,-2.6,35.0,-11.2,2025-02
2025-02-21,4510,高鋒,電機機械,進榜,觸發,53.55,85.0,4.0,0,-0.7,-3.0,-5.1,-11.5,54.5,1.8,-2.5,-2.6,-6.8,-11.2,2025-02
2025-02-21,4510,高鋒,電機機械,觸發,進榜即觸發,53.55,85.0,4.0,0,-0.7,-3.0,-5.1,-11.5,54.5,1.8,-2.5,-2.6,-6.8,-11.2,2025-02
2025-02-21,6166,凌華,電腦及週邊設備業,進榜,準備,84.74,77.0,3.0,0,1.6,-3.0,-17.4,-11.5,83.4,-1.6,3.3,-2.6,-16.0,-11.2,2025-02
2025-02-21,3015,全漢,電子工業,進榜,準備,63.47,72.0,2.0,0,-11.1,-3.0,-14.6,-11.5,62.8,-1.0,-10.2,-2.6,-13.7,-11.2,2025-02
2025-02-21,2328,廣宇,電子零組件業,移出,掉出掃描母體,39.46,71.0,,1,,,,,,,,,,,2025-02
2025-02-21,6670,復盛應用,其他,移出,掉出掃描母體,305.97,70.0,,1,,,,,,,,,,,2025-02
2025-02-21,2606,裕民,航運業,移出,掉出掃描母體,60.87,72.0,,8,,,,,,,,,,,2025-02
2025-02-21,5203,訊連,電子工業,移出,掉出掃描母體,115.09,87.0,,2,,,,,,,,,,,2025-02
2025-02-24,2606,裕民,航運業,進榜,觸發,66.21,82.0,3.0,0,-4.0,-3.3,-19.3,-11.7,66.9,1.1,-5.0,-3.1,-20.2,-11.4,2025-02
2025-02-24,2606,裕民,航運業,觸發,進榜即觸發,66.21,82.0,3.0,0,-4.0,-3.3,-19.3,-11.7,66.9,1.1,-5.0,-3.1,-20.2,-11.4,2025-02
2025-02-24,3022,威強電,電子工業,進榜,準備,98.24,85.0,3.0,0,-11.9,-3.3,-22.0,-11.7,96.0,-2.3,-9.9,-3.1,-20.2,-11.4,2025-02
2025-02-24,6944,兆聯實業,綠能環保,進榜,準備,323.65,71.0,3.0,0,-1.7,-3.3,-12.8,-11.7,323.1,-0.2,-1.5,-3.1,-12.7,-11.4,2025-02
2025-02-24,3714,富采,電子工業,移出,掉出掃描母體,49.21,75.0,,5,,,,,,,,,,,2025-02
2025-02-25,6166,凌華,電腦及週邊設備業,移出,掉出掃描母體,83.96,73.0,,4,,,,,,,,,,,2025-02
2025-02-25,6438,迅得,其他電子類,移出,掉出掃描母體,206.06,95.0,,20,,,,,,,,,,,2025-02
2025-02-25,2383,台光電,電子工業,移出,掉出掃描母體,585.61,85.0,,18,,,,,,,,,,,2025-02
2025-02-25,3665,貿聯-KY,其他電子業,移出,掉出掃描母體,634.42,87.0,,14,,,,,,,,,,,2025-02
2025-02-26,2383,台光電,電子工業,進榜,觸發,621.96,90.0,3.0,0,-6.0,-3.5,11.5,-11.9,627.9,0.9,-6.9,-3.5,10.5,-11.9,2025-02
2025-02-26,2383,台光電,電子工業,觸發,進榜即觸發,621.96,90.0,3.0,0,-6.0,-3.5,11.5,-11.9,627.9,0.9,-6.9,-3.5,10.5,-11.9,2025-02
2025-02-26,5439,高技,電子零組件業,進榜,準備,130.05,93.0,2.0,0,37.4,-3.5,31.9,-11.9,132.9,2.2,34.4,-3.5,29.0,-11.9,2025-02
2025-02-26,2328,廣宇,電子零組件業,進榜,準備,42.18,77.0,3.0,0,11.2,-3.5,-13.0,-11.9,42.2,0.0,11.2,-3.5,-13.0,-11.9,2025-02
2025-02-26,6670,復盛應用,其他,進榜,準備,306.85,73.0,1.0,0,3.7,-3.5,4.5,-11.9,306.9,0.0,3.7,-3.5,4.5,-11.9,2025-02
2025-02-26,6472,保瑞,生技醫療業,進榜,準備,720.14,71.0,3.0,0,-16.9,-3.5,-14.8,-11.9,719.3,-0.1,-16.9,-3.5,-14.7,-11.9,2025-02
2025-02-26,6944,兆聯實業,綠能環保,移出,掉出掃描母體,320.71,71.0,,2,,,,,,,,,,,2025-02
2025-02-27,3526,凡甲,電子零組件業,進榜,準備,259.25,74.0,3.0,0,-7.6,-4.7,-16.4,-11.6,258.8,-0.2,-7.5,-4.2,-16.3,-11.1,2025-02
2025-02-27,6854,錼創科技-KY創,創新版股票,移出,離高點太遠,231.26,100.0,,59,,,,,,,,,,,2025-02
2025-02-27,6757,台灣虎航-創,創新版股票,移出,逾期,75.6,91.0,,56,,,,,,,,,,,2025-02
2025-02-27,6752,叡揚,資訊服務業,移出,離高點太遠,119.62,76.0,,22,,,,,,,,,,,2025-02
2025-02-27,4971,IET-KY,半導體業,移出,離高點太遠,163.65,99.0,,21,,,,,,,,,,,2025-02
2025-02-27,6206,飛捷,電腦及週邊設備業,移出,離高點太遠,139.07,97.0,,17,,,,,,,,,,,2025-02
2025-03-03,6215,和椿,其他電子業,移出,離高點太遠,111.12,98.0,,42,,,,,,,,,,,2025-03
2025-03-03,3594,磐儀,電腦及週邊設備業,移出,晚期未觸發,54.72,81.0,,14,,,,,,,,,,,2025-03
2025-03-03,8028,昇陽半導體,半導體業,移出,離高點太遠,147.92,74.0,,13,,,,,,,,,,,2025-03
2025-03-03,3379,彬台,電機機械,移出,離高點太遠,65.16,98.0,,13,,,,,,,,,,,2025-03
2025-03-03,4303,信立,塑膠工業,移出,突破失敗,34.81,88.0,,10,,,,,,,,,,,2025-03
2025-03-04,1736,喬山,化學生技醫療,進榜,觸發,193.28,95.0,5.0,0,5.4,-6.5,-31.4,-12.2,193.3,0.0,5.4,-6.5,-31.4,-12.1,2025-03
2025-03-04,1736,喬山,化學生技醫療,觸發,進榜即觸發,193.28,95.0,5.0,0,5.4,-6.5,-31.4,-12.2,193.3,0.0,5.4,-6.5,-31.4,-12.1,2025-03
2025-03-04,4772,台特化,化學工業,進榜,準備,252.99,95.0,3.0,0,-19.0,-6.5,-16.9,-12.2,255.9,1.2,-19.9,-6.5,-17.8,-12.1,2025-03
2025-03-04,6944,兆聯實業,綠能環保,進榜,準備,322.18,75.0,3.0,0,-4.9,-6.5,-11.3,-12.2,316.6,-1.7,-3.2,-6.5,-9.7,-12.1,2025-03
2025-03-04,3022,威強電,電子工業,觸發,等待後觸發,106.88,91.0,3.0,8,-23.7,-6.5,-29.7,-12.2,110.1,3.0,-25.9,-6.5,-31.7,-12.1,2025-03
2025-03-04,6768,志強-KY,其他,移出,晚期未觸發,132.78,91.0,,26,,,,,,,,,,,2025-03
2025-03-05,2891,中信金,金融保險,進榜,準備,36.91,71.0,1.0,0,0.0,-6.5,6.4,-12.2,37.1,0.6,-0.6,-6.8,5.8,-12.5,2025-03
2025-03-05,3022,威強電,電子工業,移出,掉出掃描母體,106.88,91.0,,9,,,,,,,,,,,2025-03
2025-03-06,2618,長榮航,航運業,進榜,準備,40.49,78.0,2.0,0,-17.5,-15.9,-8.4,-11.1,40.5,0.0,-17.5,-15.8,-8.4,-10.9,2025-03
2025-03-06,3596,智易,通信網路業,觸發,等待後觸發,194.2,88.0,3.0,21,-4.0,-15.9,-3.2,-11.1,194.7,0.2,-4.2,-15.8,-3.4,-10.9,2025-03
2025-03-06,4763,材料*-KY,化學工業,觸發,等待後觸發,104.74,89.0,2.0,15,-27.1,-15.9,-13.1,-11.1,103.8,-0.9,-26.4,-15.8,-12.2,-10.9,2025-03
2025-03-06,5439,高技,電子零組件業,觸發,等待後觸發,146.43,96.0,2.0,8,12.5,-15.9,20.4,-11.1,146.9,0.3,12.1,-15.8,20.0,-10.9,2025-03
2025-03-06,8234,新漢,電腦及週邊設備業,移出,離高點太遠,89.63,96.0,,24,,,,,,,,,,,2025-03
2025-03-06,6227,茂綸,電子通路業,移出,掉出掃描母體,80.49,73.0,,24,,,,,,,,,,,2025-03
2025-03-06,4510,高鋒,電機機械,移出,離高點太遠,54.72,85.0,,13,,,,,,,,,,,2025-03
2025-03-06,6472,保瑞,生技醫療業,移出,掉出掃描母體,711.37,70.0,,8,,,,,,,,,,,2025-03
2025-03-07,6877,鏵友益,其他電子類,進榜,觸發,90.09,87.0,4.0,0,-23.2,-20.7,-21.1,-10.6,92.3,2.4,-25.0,-20.9,-22.9,-10.6,2025-03
2025-03-07,6877,鏵友益,其他電子類,觸發,進榜即觸發,90.09,87.0,4.0,0,-23.2,-20.7,-21.1,-10.6,92.3,2.4,-25.0,-20.9,-22.9,-10.6,2025-03
2025-03-07,2812,台中銀,金融保險,進榜,準備,17.28,71.0,0.0,0,-8.3,-20.7,1.0,-10.6,17.3,0.2,-8.5,-20.9,0.7,-10.6,2025-03
2025-03-07,3088,艾訊,電腦及週邊設備業,移出,離高點太遠,122.69,90.0,,59,,,,,,,,,,,2025-03
2025-03-07,3376,新日興,電子零組件業,移出,掉出掃描母體,252.51,83.0,,21,,,,,,,,,,,2025-03
2025-03-07,1536,和大,汽車工業,移出,離高點太遠,73.14,72.0,,18,,,,,,,,,,,2025-03
2025-03-07,1569,濱川,電腦及週邊設備業,移出,離高點太遠,73.1,99.0,,16,,,,,,,,,,,2025-03
2025-03-07,2383,台光電,電子工業,移出,掉出掃描母體,592.49,89.0,,9,,,,,,,,,,,2025-03
2025-03-07,6670,復盛應用,其他,移出,掉出掃描母體,298.45,72.0,,9,,,,,,,,,,,2025-03
2025-03-10,5314,世紀*,半導體業,進榜,觸發,13.08,100.0,4.0,0,-4.2,-26.7,-0.7,-10.2,13.1,0.0,-4.2,-25.9,-0.7,-9.0,2025-03
2025-03-10,5314,世紀*,半導體業,觸發,進榜即觸發,13.08,100.0,4.0,0,-4.2,-26.7,-0.7,-10.2,13.1,0.0,-4.2,-25.9,-0.7,-9.0,2025-03
2025-03-10,2883,凱基金,金融保險,進榜,準備,16.9,70.0,1.0,0,-24.4,-26.7,-5.4,-10.2,16.7,-1.3,-23.4,-25.9,-4.1,-9.0,2025-03
2025-03-10,8937,合騏*,其他,移出,離高點太遠,40.73,99.0,,69,,,,,,,,,,,2025-03
2025-03-10,2454,聯發科,半導體業,移出,掉出掃描母體,1401.03,79.0,,53,,,,,,,,,,,2025-03
2025-03-10,2480,敦陽科,資訊服務業,移出,掉出掃描母體,135.31,81.0,,34,,,,,,,,,,,2025-03
2025-03-10,3015,全漢,電子工業,移出,掉出掃描母體,62.82,76.0,,17,,,,,,,,,,,2025-03
2025-03-11,4931,新盛力,電腦及週邊設備業,進榜,觸發,83.36,99.0,4.0,0,-20.6,-18.4,-11.4,-9.5,84.2,1.0,-21.4,-18.3,-12.3,-9.5,2025-03
2025-03-11,4931,新盛力,電腦及週邊設備業,觸發,進榜即觸發,83.36,99.0,4.0,0,-20.6,-18.4,-11.4,-9.5,84.2,1.0,-21.4,-18.3,-12.3,-9.5,2025-03
2025-03-11,2610,華航,航運業,進榜,觸發,23.27,74.0,3.0,0,-19.9,-18.4,-11.2,-9.5,23.5,1.0,-20.7,-18.3,-12.0,-9.5,2025-03
2025-03-11,2610,華航,航運業,觸發,進榜即觸發,23.27,74.0,3.0,0,-19.9,-18.4,-11.2,-9.5,23.5,1.0,-20.7,-18.3,-12.0,-9.5,2025-03
2025-03-11,2468,華經,資訊服務業,進榜,準備,40.96,98.0,2.0,0,8.9,-18.4,41.4,-9.5,40.6,-0.9,9.9,-18.3,42.7,-9.5,2025-03
2025-03-11,6245,立端,通信網路業,移出,離高點太遠,94.56,75.0,,35,,,,,,,,,,,2025-03
2025-03-11,2543,皇昌,建材營造,移出,離高點太遠,78.14,96.0,,27,,,,,,,,,,,2025-03
2025-03-11,4916,事欣科,電腦及週邊設備業,移出,離高點太遠,44.74,97.0,,20,,,,,,,,,,,2025-03
2025-03-11,4772,台特化,化學工業,移出,離高點太遠,226.52,94.0,,7,,,,,,,,,,,2025-03
2025-03-12,2328,廣宇,電子零組件業,觸發,等待後觸發,48.63,93.0,3.0,14,-30.8,-17.9,-23.8,-9.1,49.8,2.4,-32.4,-18.3,-25.5,-9.5,2025-03
2025-03-12,2618,長榮航,航運業,移出,掉出掃描母體,40.54,82.0,,6,,,,,,,,,,,2025-03
2025-03-12,2357,華碩,電子工業,移出,掉出掃描母體,584.9,77.0,,37,,,,,,,,,,,2025-03
2025-03-12,1307,三芳,塑膠工業,移出,晚期未觸發,42.41,93.0,,28,,,,,,,,,,,2025-03
2025-03-12,3526,凡甲,電子零組件業,移出,掉出掃描母體,246.09,74.0,,13,,,,,,,,,,,2025-03
2025-03-13,6005,群益證,金融保險,進榜,準備,22.19,84.0,2.0,0,-13.0,-15.8,-14.5,-8.2,22.3,0.4,-13.3,-16.0,-14.8,-8.4,2025-03
2025-03-13,2610,華航,航運業,移出,掉出掃描母體,23.27,72.0,,2,,,,,,,,,,,2025-03
2025-03-14,3528,安馳,電子工業,進榜,觸發,78.69,97.0,2.0,0,-25.3,-13.2,1.2,-8.3,81.7,3.8,-28.1,-13.6,-2.5,-8.6,2025-03
2025-03-14,3528,安馳,電子工業,觸發,進榜即觸發,78.69,97.0,2.0,0,-25.3,-13.2,1.2,-8.3,81.7,3.8,-28.1,-13.6,-2.5,-8.6,2025-03
2025-03-14,2883,凱基金,金融保險,移出,掉出掃描母體,16.59,71.0,,4,,,,,,,,,,,2025-03
2025-03-14,4763,材料*-KY,化學工業,移出,離高點太遠,93.01,81.0,,23,,,,,,,,,,,2025-03
2025-03-17,4303,信立,塑膠工業,進榜,準備,43.01,94.0,3.0,0,-5.9,-14.7,6.7,-9.7,43.6,1.5,-7.3,-14.9,5.2,-10.1,2025-03
2025-03-17,3163,波若威,通信網路業,進榜,準備,152.76,79.0,3.0,0,-16.4,-14.7,-2.7,-9.7,154.0,0.8,-17.1,-14.9,-3.5,-10.1,2025-03
2025-03-18,6227,茂綸,電子通路業,進榜,觸發,117.69,98.0,3.0,0,-33.7,-15.3,-22.7,-10.0,120.9,2.7,-35.5,-15.3,-24.7,-10.0,2025-03
2025-03-18,6227,茂綸,電子通路業,觸發,進榜即觸發,117.69,98.0,3.0,0,-33.7,-15.3,-22.7,-10.0,120.9,2.7,-35.5,-15.3,-24.7,-10.0,2025-03
2025-03-18,6670,復盛應用,其他,進榜,觸發,313.93,80.0,1.0,0,-12.3,-15.3,-16.3,-10.0,314.4,0.1,-12.4,-15.3,-16.5,-10.0,2025-03
2025-03-18,6670,復盛應用,其他,觸發,進榜即觸發,313.93,80.0,1.0,0,-12.3,-15.3,-16.3,-10.0,314.4,0.1,-12.4,-15.3,-16.5,-10.0,2025-03
2025-03-18,3563,牧德,光電業,進榜,準備,499.21,95.0,2.0,0,-31.0,-15.3,3.2,-10.0,496.6,-0.5,-30.6,-15.3,3.7,-10.0,2025-03
2025-03-18,6829,千附精密,電機機械,進榜,準備,132.55,80.0,1.0,0,-9.9,-15.3,-12.1,-10.0,134.0,1.1,-10.9,-15.3,-13.0,-10.0,2025-03
2025-03-18,2609,陽明,航運業,進榜,準備,66.58,76.0,3.0,0,-8.3,-15.3,-4.9,-10.0,66.6,0.0,-8.3,-15.3,-4.9,-10.0,2025-03
2025-03-18,4303,信立,塑膠工業,觸發,等待後觸發,47.28,96.0,3.0,1,-17.7,-15.3,-3.8,-10.0,48.0,1.6,-19.0,-15.3,-5.3,-10.0,2025-03
2025-03-19,8111,立碁,光電業,進榜,觸發,62.82,98.0,5.0,0,-37.5,-14.4,-16.4,-9.4,63.9,1.7,-38.5,-14.7,-17.8,-9.8,2025-03
2025-03-19,8111,立碁,光電業,觸發,進榜即觸發,62.82,98.0,5.0,0,-37.5,-14.4,-16.4,-9.4,63.9,1.7,-38.5,-14.7,-17.8,-9.8,2025-03
2025-03-19,4541,晟田,其他,進榜,準備,41.71,94.0,2.0,0,12.5,-14.4,12.0,-9.4,43.0,3.2,9.0,-14.7,8.5,-9.8,2025-03
2025-03-19,1319,東陽,汽車工業,進榜,準備,119.7,88.0,3.0,0,-3.0,-14.4,-17.4,-9.4,120.2,0.4,-3.4,-14.7,-17.7,-9.8,2025-03
2025-03-19,6005,群益證,金融保險,移出,掉出掃描母體,22.52,83.0,,6,,,,,,,,,,,2025-03
2025-03-19,1736,喬山,化學生技醫療,移出,突破失敗,176.82,91.0,,15,,,,,,,,,,,2025-03
2025-03-20,5530,龍巖,其他,進榜,準備,88.1,97.0,1.0,0,-23.6,-16.9,-27.0,-9.8,89.0,1.0,-24.4,-16.9,-27.8,-10.0,2025-03
2025-03-20,3323,加百裕,電腦及週邊設備業,進榜,準備,42.06,94.0,3.0,0,-39.8,-16.9,-23.4,-9.8,42.1,0.0,-39.8,-16.9,-23.4,-10.0,2025-03
2025-03-20,6757,台灣虎航-創,創新版股票,進榜,準備,80.14,87.0,3.0,0,-5.4,-16.9,-3.9,-9.8,80.6,0.6,-6.0,-16.9,-4.4,-10.0,2025-03
2025-03-20,3163,波若威,通信網路業,觸發,等待後觸發,164.03,89.0,3.0,3,-30.0,-16.9,-5.6,-9.8,168.6,2.8,-31.9,-16.9,-8.2,-10.0,2025-03
2025-03-20,2812,台中銀,金融保險,移出,掉出掃描母體,17.45,70.0,,13,,,,,,,,,,,2025-03
2025-03-21,6148,驊宏資,資訊服務業,進榜,準備,43.48,98.0,3.0,0,31.1,-17.5,26.2,-10.8,44.7,2.8,27.5,-17.4,22.7,-11.1,2025-03
2025-03-21,2812,台中銀,金融保險,進榜,準備,17.7,71.0,0.0,0,-11.2,-17.5,1.2,-10.8,17.7,-0.2,-11.0,-17.4,1.4,-11.1,2025-03
2025-03-21,2609,陽明,航運業,移出,掉出掃描母體,67.1,70.0,,3,,,,,,,,,,,2025-03
2025-03-21,2891,中信金,金融保險,移出,掉出掃描母體,36.5,70.0,,16,,,,,,,,,,,2025-03
2025-03-24,2609,陽明,航運業,進榜,準備,66.41,74.0,3.0,0,-7.5,-14.7,-5.4,-11.1,66.9,0.8,-8.2,-15.1,-6.2,-11.4,2025-03
2025-03-24,2891,中信金,金融保險,進榜,準備,36.87,72.0,1.0,0,-10.2,-14.7,6.4,-11.1,36.9,0.0,-10.2,-15.1,6.4,-11.4,2025-03
2025-03-24,6148,驊宏資,資訊服務業,觸發,等待後觸發,47.74,98.0,3.0,3,31.3,-14.7,11.3,-11.1,49.4,3.5,26.8,-15.1,7.5,-11.4,2025-03
2025-03-24,6829,千附精密,電機機械,觸發,等待後觸發,155.11,93.0,1.0,6,-26.1,-14.7,-24.8,-11.1,158.4,2.1,-27.6,-15.1,-26.4,-11.4,2025-03
2025-03-24,4541,晟田,其他,觸發,等待後觸發,43.81,96.0,2.0,5,10.2,-14.7,1.3,-11.1,46.8,6.8,3.3,-15.1,-5.1,-11.4,2025-03
2025-03-24,6877,鏵友益,其他電子類,移出,離高點太遠,89.1,88.0,,17,,,,,,,,,,,2025-03
2025-03-25,6752,叡揚,資訊服務業,進榜,準備,129.59,77.0,3.0,0,1.6,-14.4,-0.8,-11.5,130.9,1.0,0.6,-14.6,-1.8,-11.6,2025-03
2025-03-26,5202,力新,資訊服務業,進榜,觸發,30.65,91.0,5.0,0,-17.2,-13.5,-32.4,-10.3,31.2,1.9,-18.8,-13.2,-33.7,-10.0,2025-03
2025-03-26,5202,力新,資訊服務業,觸發,進榜即觸發,30.65,91.0,5.0,0,-17.2,-13.5,-32.4,-10.3,31.2,1.9,-18.8,-13.2,-33.7,-10.0,2025-03
2025-03-26,3078,僑威,電子零組件業,進榜,準備,84.49,93.0,3.0,0,-26.0,-13.5,-13.7,-10.3,84.1,-0.5,-25.6,-13.2,-13.2,-10.0,2025-03
2025-03-26,3056,富華新,建材營造,進榜,準備,26.59,74.0,2.0,0,-2.6,-13.5,-16.2,-10.3,26.7,0.4,-3.0,-13.2,-16.5,-10.0,2025-03
2025-03-26,2609,陽明,航運業,移出,掉出掃描母體,67.01,72.0,,2,,,,,,,,,,,2025-03
2025-03-26,2891,中信金,金融保險,移出,掉出掃描母體,36.77,70.0,,2,,,,,,,,,,,2025-03
2025-03-27,8937,合騏*,其他,進榜,準備,46.23,100.0,3.0,0,-28.1,-12.0,-18.1,-9.6,46.1,-0.3,-27.9,-11.8,-17.9,-9.2,2025-03
2025-03-27,2891,中信金,金融保險,進榜,準備,36.91,74.0,1.0,0,-5.9,-12.0,8.7,-9.6,36.7,-0.6,-5.4,-11.8,9.3,-9.2,2025-03
2025-03-27,2812,台中銀,金融保險,觸發,等待後觸發,18.12,75.0,0.0,6,-11.6,-12.0,-1.9,-9.6,18.0,-0.5,-11.2,-11.8,-1.4,-9.2,2025-03
2025-03-27,3162,精確,電機機械,移出,離高點太遠,50.31,94.0,,44,,,,,,,,,,,2025-03
2025-03-27,3528,安馳,電子工業,移出,離高點太遠,72.56,93.0,,13,,,,,,,,,,,2025-03
2025-03-27,6227,茂綸,電子通路業,移出,離高點太遠,105.23,95.0,,9,,,,,,,,,,,2025-03
2025-03-27,8111,立碁,光電業,移出,離高點太遠,55.81,97.0,,8,,,,,,,,,,,2025-03
2025-03-27,3323,加百裕,電腦及週邊設備業,移出,離高點太遠,39.11,93.0,,7,,,,,,,,,,,2025-03
2025-03-27,5530,龍巖,其他,移出,離高點太遠,75.9,95.0,,7,,,,,,,,,,,2025-03
2025-03-27,6148,驊宏資,資訊服務業,移出,離高點太遠,46.06,98.0,,6,,,,,,,,,,,2025-03
2025-03-27,5202,力新,資訊服務業,移出,突破失敗,27.96,88.0,,1,,,,,,,,,,,2025-03
2025-03-28,3558,神準,通信網路業,移出,掉出掃描母體,213.95,86.0,,36,,,,,,,,,,,2025-03
2025-03-28,2328,廣宇,電子零組件業,移出,離高點太遠,45.57,91.0,,30,,,,,,,,,,,2025-03
2025-03-28,3163,波若威,通信網路業,移出,離高點太遠,158.6,91.0,,11,,,,,,,,,,,2025-03
2025-03-28,6752,叡揚,資訊服務業,移出,掉出掃描母體,124.53,76.0,,3,,,,,,,,,,,2025-03
2025-03-31,2880,華南金,金融保險,進榜,準備,25.28,77.0,0.0,0,-2.9,-5.5,-1.1,-3.6,25.4,0.4,-3.2,-5.9,-1.4,-4.1,2025-03
2025-03-31,4541,晟田,其他,移出,離高點太遠,46.29,98.0,,12,,,,,,,,,,,2025-03
2025-03-31,2891,中信金,金融保險,移出,掉出掃描母體,36.96,77.0,,4,,,,,,,,,,,2025-03
2025-03-31,3491,昇達科,通信網路業,移出,掉出掃描母體,419.55,92.0,,83,,,,,,,,,,,2025-03
2025-03-31,1815,富喬,電子零組件業,移出,掉出掃描母體,31.63,90.0,,53,,,,,,,,,,,2025-03
2025-03-31,2606,裕民,航運業,移出,掉出掃描母體,61.05,89.0,,35,,,,,,,,,,,2025-03
2025-03-31,6944,兆聯實業,綠能環保,移出,掉出掃描母體,315.94,81.0,,27,,,,,,,,,,,2025-03
2025-03-31,2468,華經,資訊服務業,移出,離高點太遠,49.58,99.0,,20,,,,,,,,,,,2025-03
2025-03-31,4931,新盛力,電腦及週邊設備業,移出,離高點太遠,81.23,99.0,,20,,,,,,,,,,,2025-03
2025-03-31,6829,千附精密,電機機械,移出,離高點太遠,133.96,84.0,,13,,,,,,,,,,,2025-03
2025-03-31,3563,牧德,光電業,移出,離高點太遠,415.71,92.0,,13,,,,,,,,,,,2025-03
2025-03-31,3078,僑威,電子零組件業,移出,掉出掃描母體,76.74,91.0,,5,,,,,,,,,,,2025-03
2025-04-01,2609,陽明,航運業,進榜,準備,66.24,77.0,3.0,0,-7.9,-5.9,-7.7,-5.9,66.2,0.0,-7.9,-5.9,-7.7,-5.9,2025-04
2025-04-01,8937,合騏*,其他,移出,掉出掃描母體,43.36,100.0,,5,,,,,,,,,,,2025-04
2025-04-02,2891,中信金,金融保險,進榜,準備,36.91,81.0,1.0,0,-2.7,-8.1,8.9,-5.9,33.3,-9.9,8.0,0.5,20.9,2.3,2025-04
2025-04-02,4303,信立,塑膠工業,移出,離高點太遠,44.39,97.0,,16,,,,,,,,,,,2025-04
2025-04-02,3056,富華新,建材營造,移出,掉出掃描母體,25.32,77.0,,7,,,,,,,,,,,2025-04
2025-04-07,2880,華南金,金融保險,移出,掉出掃描母體,25.5,73.0,,7,,,,,,,,,,,2025-04
2025-04-07,2609,陽明,航運業,移出,掉出掃描母體,66.58,80.0,,6,,,,,,,,,,,2025-04
2025-04-07,2891,中信金,金融保險,移出,掉出掃描母體,36.91,81.0,,5,,,,,,,,,,,2025-04
2025-04-07,3596,智易,通信網路業,移出,離高點太遠,186.41,96.0,,53,,,,,,,,,,,2025-04
2025-04-07,5314,世紀*,半導體業,移出,離高點太遠,15.46,100.0,,28,,,,,,,,,,,2025-04
2025-04-07,6670,復盛應用,其他,移出,掉出掃描母體,316.58,87.0,,20,,,,,,,,,,,2025-04
2025-04-07,1319,東陽,汽車工業,移出,掉出掃描母體,118.8,88.0,,19,,,,,,,,,,,2025-04
2025-04-07,6757,台灣虎航-創,創新版股票,移出,掉出掃描母體,80.58,93.0,,18,,,,,,,,,,,2025-04
2025-04-07,2812,台中銀,金融保險,移出,掉出掃描母體,17.24,79.0,,17,,,,,,,,,,,2025-04
2025-04-08,3434,哲固,光電業,進榜,準備,41.69,99.0,1.0,0,48.8,7.8,7.4,9.7,44.8,7.6,38.4,10.8,-0.2,12.6,2025-04
2025-04-08,5439,高技,電子零組件業,移出,離高點太遠,148.35,98.0,,41,,,,,,,,,,,2025-04
2025-04-09,3434,哲固,光電業,移出,離高點太遠,37.52,99.0,,1,,,,,,,,,,,2025-04
2025-04-11,3434,哲固,光電業,進榜,準備,45.38,99.0,1.0,0,19.9,8.5,-6.0,5.3,49.5,9.1,9.9,7.0,-13.8,4.2,2025-04
2025-04-15,2466,冠西電,光電業,進榜,觸發,95.3,99.0,2.0,0,-7.6,4.9,-4.2,1.7,96.5,1.3,-8.7,5.3,-5.4,2.2,2025-04
2025-04-15,2466,冠西電,光電業,觸發,進榜即觸發,95.3,99.0,2.0,0,-7.6,4.9,-4.2,1.7,96.5,1.3,-8.7,5.3,-5.4,2.2,2025-04
2025-04-16,6148,驊宏資,資訊服務業,進榜,觸發,62.97,99.0,3.0,0,9.6,5.9,-21.0,3.4,65.0,3.2,6.2,6.3,-23.4,3.8,2025-04
2025-04-16,6148,驊宏資,資訊服務業,觸發,進榜即觸發,62.97,99.0,3.0,0,9.6,5.9,-21.0,3.4,65.0,3.2,6.2,6.3,-23.4,3.8,2025-04
2025-04-16,2468,華經,資訊服務業,進榜,準備,61.16,100.0,2.0,0,13.0,5.9,-3.3,3.4,63.4,3.6,9.1,6.3,-6.6,3.8,2025-04
2025-04-17,3434,哲固,光電業,移出,離高點太遠,54.24,99.0,,6,,,,,,,,,,,2025-04
2025-04-21,3596,智易,通信網路業,進榜,準備,222.59,98.0,3.0,0,-11.3,7.3,-18.1,5.2,219.8,-1.2,-10.2,8.5,-17.1,6.0,2025-04
2025-04-22,6148,驊宏資,資訊服務業,移出,離高點太遠,56.99,100.0,,6,,,,,,,,,,,2025-04
2025-04-23,3147,大綜,資訊服務業,進榜,觸發,198.3,98.0,5.0,0,-3.0,5.8,-17.1,4.3,206.3,4.1,-6.8,5.5,-20.3,3.9,2025-04
2025-04-23,3147,大綜,資訊服務業,觸發,進榜即觸發,198.3,98.0,5.0,0,-3.0,5.8,-17.1,4.3,206.3,4.1,-6.8,5.5,-20.3,3.9,2025-04
2025-04-23,3709,鑫聯大投控,電腦及週邊設備業,進榜,觸發,36.33,96.0,3.0,0,4.1,5.8,-0.7,4.3,40.0,10.0,-5.4,5.5,-9.7,3.9,2025-04
2025-04-23,3709,鑫聯大投控,電腦及週邊設備業,觸發,進榜即觸發,36.33,96.0,3.0,0,4.1,5.8,-0.7,4.3,40.0,10.0,-5.4,5.5,-9.7,3.9,2025-04
2025-04-23,6005,群益證,金融保險,進榜,準備,21.7,90.0,2.0,0,-3.8,5.8,-16.7,4.3,21.5,-0.8,-3.0,5.5,-16.0,3.9,2025-04
2025-04-24,2468,華經,資訊服務業,觸發,等待後觸發,71.11,100.0,2.0,8,-9.7,5.7,-18.6,4.1,73.7,3.6,-12.9,4.7,-21.4,3.2,2025-04
2025-04-25,5201,凱衛,資訊服務業,進榜,觸發,47.28,99.0,1.0,0,-17.6,4.4,-26.3,1.6,50.0,5.7,-22.1,4.1,-30.3,1.4,2025-04
2025-04-25,5201,凱衛,資訊服務業,觸發,進榜即觸發,47.28,99.0,1.0,0,-17.6,4.4,-26.3,1.6,50.0,5.7,-22.1,4.1,-30.3,1.4,2025-04
2025-04-25,6752,叡揚,資訊服務業,進榜,觸發,144.55,95.0,3.0,0,0.3,4.4,-13.8,1.6,147.7,2.2,-1.8,4.1,-15.7,1.4,2025-04
2025-04-25,6752,叡揚,資訊服務業,觸發,進榜即觸發,144.55,95.0,3.0,0,0.3,4.4,-13.8,1.6,147.7,2.2,-1.8,4.1,-15.7,1.4,2025-04
2025-04-28,3528,安馳,電子工業,進榜,觸發,84.63,98.0,3.0,0,-3.9,2.6,-7.0,1.8,87.5,3.3,-7.0,2.5,-10.0,1.8,2025-04
2025-04-28,3528,安馳,電子工業,觸發,進榜即觸發,84.63,98.0,3.0,0,-3.9,2.6,-7.0,1.8,87.5,3.3,-7.0,2.5,-10.0,1.8,2025-04
2025-04-28,6148,驊宏資,資訊服務業,進榜,準備,70.49,100.0,3.0,0,-14.2,2.6,-36.0,1.8,73.8,4.7,-18.0,2.5,-38.8,1.8,2025-04
2025-04-28,3705,永信,化學生技醫療,進榜,準備,60.4,93.0,1.0,0,-7.8,2.6,-4.2,1.8,59.5,-1.5,-6.4,2.5,-2.7,1.8,2025-04
2025-04-28,2466,冠西電,光電業,移出,離高點太遠,93.5,99.0,,13,,,,,,,,,,,2025-04
2025-04-29,3434,哲固,光電業,進榜,準備,64.07,99.0,2.0,0,-20.4,1.1,-43.0,0.5,63.6,-0.7,-19.9,1.1,-42.6,0.7,2025-04
2025-04-29,6826,和淞,其他電子業,進榜,準備,314.0,97.0,2.0,0,0.3,1.1,53.2,0.5,312.2,-0.6,0.9,1.1,54.1,0.7,2025-04
2025-04-29,6165,浪凡,電子工業,進榜,準備,54.38,94.0,1.0,0,3.8,1.1,-4.4,0.5,55.9,2.7,1.1,1.1,-6.9,0.7,2025-04
2025-04-29,2480,敦陽科,資訊服務業,進榜,準備,136.22,86.0,1.0,0,9.0,1.1,11.6,0.5,136.2,0.0,9.0,1.1,11.6,0.7,2025-04
2025-04-30,6670,復盛應用,其他,進榜,準備,315.25,89.0,2.0,0,-1.7,1.4,-14.2,0.9,322.8,2.4,-4.0,1.1,-16.2,0.7,2025-04
2025-04-30,2891,中信金,金融保險,進榜,準備,35.91,80.0,2.0,0,3.9,1.4,14.1,0.9,36.9,2.8,1.1,1.1,11.0,0.7,2025-04
2025-04-30,6005,群益證,金融保險,移出,掉出掃描母體,21.58,87.0,,7,,,,,,,,,,,2025-04
2025-05-02,4931,新盛力,電腦及週邊設備業,進榜,觸發,88.3,99.0,6.0,0,-9.5,-0.9,31.1,0.0,91.8,4.0,-13.0,-1.3,26.1,0.0,2025-05
2025-05-02,4931,新盛力,電腦及週邊設備業,觸發,進榜即觸發,88.3,99.0,6.0,0,-9.5,-0.9,31.1,0.0,91.8,4.0,-13.0,-1.3,26.1,0.0,2025-05
2025-05-02,2383,台光電,電子工業,進榜,觸發,600.35,93.0,4.0,0,24.1,-0.9,67.8,0.0,600.3,0.0,24.1,-1.3,67.8,0.0,2025-05
2025-05-02,2383,台光電,電子工業,觸發,進榜即觸發,600.35,93.0,4.0,0,24.1,-0.9,67.8,0.0,600.3,0.0,24.1,-1.3,67.8,0.0,2025-05
2025-05-02,2753,八方雲集,觀光事業,進榜,準備,164.47,92.0,1.0,0,1.1,-0.9,3.8,0.0,164.9,0.3,0.8,-1.3,3.5,0.0,2025-05
2025-05-05,6757,台灣虎航-創,創新版股票,進榜,觸發,84.06,95.0,3.0,0,-0.7,0.2,-8.8,0.8,86.4,2.8,-3.4,0.6,-11.2,1.1,2025-05
2025-05-05,6757,台灣虎航-創,創新版股票,觸發,進榜即觸發,84.06,95.0,3.0,0,-0.7,0.2,-8.8,0.8,86.4,2.8,-3.4,0.6,-11.2,1.1,2025-05
2025-05-05,4303,信立,塑膠工業,進榜,準備,50.57,98.0,3.0,0,-8.8,0.2,-11.4,0.8,50.9,0.7,-9.4,0.6,-12.0,1.1,2025-05
2025-05-05,3596,智易,通信網路業,移出,晚期未觸發,202.9,94.0,,14,,,,,,,,,,,2025-05
2025-05-05,3528,安馳,電子工業,移出,離高點太遠,74.73,96.0,,7,,,,,,,,,,,2025-05
2025-05-06,8222,寶一,電機機械,進榜,準備,65.28,98.0,2.0,0,-18.3,0.6,-22.4,0.6,65.5,0.3,-18.5,0.7,-22.6,0.9,2025-05
2025-05-06,6005,群益證,金融保險,進榜,準備,21.74,87.0,2.0,0,-9.4,0.6,-18.2,0.6,21.7,-0.4,-9.0,0.7,-17.9,0.9,2025-05
2025-05-06,2880,華南金,金融保險,進榜,準備,25.41,81.0,1.0,0,-4.8,0.6,2.7,0.6,25.6,0.7,-5.5,0.7,2.0,0.9,2025-05
2025-05-06,6670,復盛應用,其他,移出,掉出掃描母體,297.57,86.0,,6,,,,,,,,,,,2025-05
2025-05-07,2547,日勝生,建材營造,進榜,準備,11.8,93.0,2.0,0,-0.7,1.0,-11.2,0.4,11.8,0.4,-1.1,0.6,-11.5,0.4,2025-05
2025-05-07,2753,八方雲集,觀光事業,移出,掉出掃描母體,163.6,92.0,,5,,,,,,,,,,,2025-05
2025-05-08,2753,八方雲集,觀光事業,進榜,準備,170.96,92.0,1.0,0,-8.6,0.0,-1.0,0.0,168.8,-1.3,-7.4,0.0,0.3,0.0,2025-05
2025-05-08,9907,統一實,其他,進榜,準備,17.86,92.0,3.0,0,-1.7,0.0,-6.1,0.0,17.9,0.2,-2.0,0.0,-6.3,0.0,2025-05
2025-05-08,2480,敦陽科,資訊服務業,觸發,等待後觸發,144.82,87.0,1.0,9,0.6,0.0,7.3,0.0,143.5,-0.9,1.6,0.0,8.3,0.0,2025-05
2025-05-09,2468,華經,資訊服務業,移出,離高點太遠,69.87,100.0,,23,,,,,,,,,,,2025-05
2025-05-09,5201,凱衛,資訊服務業,移出,離高點太遠,48.27,99.0,,14,,,,,,,,,,,2025-05
2025-05-09,6148,驊宏資,資訊服務業,移出,晚期未觸發,66.54,99.0,,11,,,,,,,,,,,2025-05
2025-05-09,3434,哲固,光電業,移出,離高點太遠,55.73,100.0,,10,,,,,,,,,,,2025-05
2025-05-12,2597,潤弘,建材營造,進榜,準備,135.75,91.0,2.0,0,2.2,-0.6,18.6,0.0,136.9,0.8,1.4,-1.3,17.6,-0.5,2025-05
2025-05-12,4532,瑞智,電機機械,進榜,準備,28.93,87.0,1.0,0,-14.8,-0.6,-20.7,0.0,29.2,1.0,-15.6,-1.3,-21.5,-0.5,2025-05
2025-05-12,3147,大綜,資訊服務業,移出,離高點太遠,213.55,97.0,,19,,,,,,,,,,,2025-05
2025-05-13,5439,高技,電子零組件業,進榜,準備,175.33,98.0,2.0,0,22.0,-0.7,37.5,0.0,177.3,1.1,20.7,-1.1,36.0,-0.4,2025-05
2025-05-13,2609,陽明,航運業,進榜,準備,67.1,87.0,2.0,0,-7.3,-0.7,-13.3,0.0,67.5,0.6,-7.9,-1.1,-13.8,-0.4,2025-05
2025-05-13,2603,長榮,航運業,進榜,準備,187.2,83.0,3.0,0,3.9,-0.7,-2.9,0.0,188.8,0.9,3.0,-1.1,-3.7,-0.4,2025-05
2025-05-14,5439,高技,電子零組件業,觸發,等待後觸發,178.22,98.0,2.0,1,14.1,-1.4,40.7,-0.9,178.2,0.0,14.1,-1.4,40.7,-1.0,2025-05
2025-05-14,2891,中信金,金融保險,移出,掉出掃描母體,36.73,76.0,,14,,,,,,,,,,,2025-05
2025-05-14,2880,華南金,金融保險,移出,掉出掃描母體,25.32,74.0,,8,,,,,,,,,,,2025-05
2025-05-14,3709,鑫聯大投控,電腦及週邊設備業,移出,離高點太遠,40.42,94.0,,21,,,,,,,,,,,2025-05
2025-05-14,2753,八方雲集,觀光事業,移出,掉出掃描母體,164.03,90.0,,6,,,,,,,,,,,2025-05
2025-05-15,2404,漢唐,其他電子業,進榜,觸發,474.11,93.0,2.0,0,10.8,-2.2,97.2,-0.6,476.0,0.4,10.4,-2.3,96.4,-0.8,2025-05
2025-05-15,2404,漢唐,其他電子業,觸發,進榜即觸發,474.11,93.0,2.0,0,10.8,-2.2,97.2,-0.6,476.0,0.4,10.4,-2.3,96.4,-0.8,2025-05
2025-05-15,3563,牧德,光電業,進榜,準備,474.47,95.0,2.0,0,7.3,-2.2,-11.2,-0.6,474.5,0.0,7.3,-2.3,-11.2,-0.8,2025-05
2025-05-15,4572,駐龍,電機機械,進榜,準備,172.31,91.0,3.0,0,-13.3,-2.2,-7.4,-0.6,174.1,1.1,-14.2,-2.3,-8.3,-0.8,2025-05
2025-05-15,1319,東陽,汽車工業,進榜,準備,121.06,88.0,3.0,0,-14.6,-2.2,-18.4,-0.6,121.1,0.0,-14.6,-2.3,-18.4,-0.8,2025-05
2025-05-15,3090,日電貿,電子工業,進榜,準備,71.07,85.0,2.0,0,0.9,-2.2,-2.0,-0.6,72.1,1.4,-0.5,-2.3,-3.4,-0.8,2025-05
2025-05-15,2891,中信金,金融保險,進榜,準備,37.6,76.0,2.0,0,3.8,-2.2,10.3,-0.6,37.5,-0.2,4.0,-2.3,10.5,-0.8,2025-05
2025-05-15,6752,叡揚,資訊服務業,移出,離高點太遠,153.44,93.0,,20,,,,,,,,,,,2025-05
2025-05-16,3379,彬台,電機機械,進榜,準備,74.1,99.0,3.0,0,-4.0,-2.4,-3.9,-1.2,74.7,0.8,-4.7,-2.3,-4.6,-1.1,2025-05
2025-05-16,2597,潤弘,建材營造,觸發,等待後觸發,139.16,91.0,2.0,4,-4.1,-2.4,14.0,-1.2,140.3,0.8,-4.9,-2.3,13.1,-1.1,2025-05
2025-05-19,2753,八方雲集,觀光事業,進榜,準備,170.09,91.0,1.0,0,-10.7,-1.6,-1.2,-0.1,169.2,-0.5,-10.2,-2.0,-0.7,-0.8,2025-05
2025-05-19,6005,群益證,金融保險,移出,掉出掃描母體,21.46,80.0,,13,,,,,,,,,,,2025-05
2025-05-20,3004,豐達科,鋼鐵工業,進榜,準備,123.41,96.0,2.0,0,-1.1,-1.5,-10.4,-0.4,122.5,-0.7,-0.4,-1.7,-9.7,-0.5,2025-05
2025-05-20,1616,億泰,電器電纜,進榜,準備,24.1,93.0,2.0,0,61.3,-1.5,46.1,-0.4,24.1,0.2,61.0,-1.7,45.9,-0.5,2025-05
2025-05-20,2615,萬海,航運業,進榜,準備,104.06,91.0,3.0,0,-8.0,-1.5,-16.6,-0.4,105.0,0.9,-8.8,-1.7,-17.3,-0.5,2025-05
2025-05-21,6499,益安,生技醫療業,進榜,準備,96.34,99.0,1.0,0,35.8,-3.2,4.0,-0.6,101.2,5.0,29.3,-2.9,-1.0,-0.3,2025-05
2025-05-21,3004,豐達科,鋼鐵工業,觸發,等待後觸發,135.75,97.0,2.0,1,-6.7,-3.2,-17.8,-0.6,139.9,3.0,-9.5,-2.9,-20.3,-0.3,2025-05
2025-05-21,8222,寶一,電機機械,移出,離高點太遠,57.17,95.0,,15,,,,,,,,,,,2025-05
2025-05-22,6670,復盛應用,其他,進榜,準備,330.29,85.0,2.0,0,-21.2,-3.3,-22.7,0.0,328.5,-0.5,-20.7,-3.5,-22.3,0.0,2025-05
2025-05-22,6196,帆宣,其他電子業,進榜,準備,166.94,82.0,2.0,0,1.4,-3.3,37.6,0.0,166.9,0.0,1.4,-3.5,37.6,0.0,2025-05
2025-05-22,2607,榮運,航運業,進榜,準備,52.59,78.0,3.0,0,1.8,-3.3,11.0,0.0,52.7,0.3,1.5,-3.5,10.7,0.0,2025-05
2025-05-22,2615,萬海,航運業,觸發,等待後觸發,117.53,95.0,3.0,2,-21.2,-3.3,-27.4,0.0,119.4,1.6,-22.4,-3.5,-28.6,0.0,2025-05
2025-05-22,3379,彬台,電機機械,移出,晚期未觸發,68.68,98.0,,6,,,,,,,,,,,2025-05
2025-05-23,2812,台中銀,金融保險,進榜,準備,17.61,85.0,1.0,0,-0.2,-4.0,13.0,0.0,17.7,0.2,-0.5,-3.9,12.8,0.2,2025-05
2025-05-23,3705,永信,化學生技醫療,移出,掉出掃描母體,56.26,84.0,,25,,,,,,,,,,,2025-05
2025-05-23,4931,新盛力,電腦及週邊設備業,移出,離高點太遠,80.74,97.0,,21,,,,,,,,,,,2025-05
2025-05-26,1210,大成,食品工業,進榜,準備,59.25,90.0,1.0,0,-6.4,-2.6,-14.6,0.0,59.4,0.3,-6.7,-2.7,-14.9,-0.0,2025-05
2025-05-27,4303,信立,塑膠工業,移出,離高點太遠,46.07,96.0,,22,,,,,,,,,,,2025-05
2025-05-27,6757,台灣虎航-創,創新版股票,移出,離高點太遠,81.92,86.0,,22,,,,,,,,,,,2025-05
2025-05-27,2891,中信金,金融保險,移出,掉出掃描母體,37.78,78.0,,12,,,,,,,,,,,2025-05
2025-05-27,4572,駐龍,電機機械,移出,掉出掃描母體,161.77,81.0,,12,,,,,,,,,,,2025-05
2025-05-28,2812,台中銀,金融保險,移出,掉出掃描母體,17.57,84.0,,5,,,,,,,,,,,2025-05
2025-05-28,1210,大成,食品工業,移出,掉出掃描母體,59.16,89.0,,2,,,,,,,,,,,2025-05
2025-05-28,2615,萬海,航運業,移出,離高點太遠,104.52,92.0,,8,,,,,,,,,,,2025-05
2025-06-02,2645,長榮航太,航運業,進榜,準備,107.29,87.0,1.0,0,-8.3,-0.1,72.0,2.1,107.3,0.0,-8.3,-0.4,72.0,2.0,2025-06
2025-06-02,5439,高技,電子零組件業,移出,離高點太遠,164.73,97.0,,20,,,,,,,,,,,2025-06
2025-06-02,6499,益安,生技醫療業,移出,離高點太遠,107.59,100.0,,12,,,,,,,,,,,2025-06
2025-06-03,2891,中信金,金融保險,進榜,準備,39.29,78.0,2.0,0,2.3,0.0,3.1,2.0,39.0,-0.7,3.0,-0.3,3.8,1.7,2025-06
2025-06-03,2547,日勝生,建材營造,移出,掉出掃描母體,11.89,94.0,,27,,,,,,,,,,,2025-06
2025-06-03,4532,瑞智,電機機械,移出,掉出掃描母體,27.18,81.0,,22,,,,,,,,,,,2025-06
2025-06-03,6670,復盛應用,其他,移出,掉出掃描母體,302.87,80.0,,12,,,,,,,,,,,2025-06
2025-06-04,1815,富喬,電子零組件業,進榜,觸發,38.42,95.0,5.0,0,-7.9,-0.5,81.0,1.6,38.4,-0.1,-7.8,-0.6,81.3,1.6,2025-06
2025-06-04,1815,富喬,電子零組件業,觸發,進榜即觸發,38.42,95.0,5.0,0,-7.9,-0.5,81.0,1.6,38.4,-0.1,-7.8,-0.6,81.3,1.6,2025-06
2025-06-04,3036,文曄,電子工業,進榜,準備,117.0,80.0,2.0,0,9.3,-0.5,2.2,1.6,117.0,0.0,9.3,-0.6,2.2,1.6,2025-06
2025-06-04,2609,陽明,航運業,移出,掉出掃描母體,68.82,74.0,,22,,,,,,,,,,,2025-06
2025-06-04,1319,東陽,汽車工業,移出,掉出掃描母體,119.7,86.0,,20,,,,,,,,,,,2025-06
2025-06-05,2368,金像電,電子零組件業,進榜,觸發,270.87,95.0,2.0,0,6.3,0.0,78.2,1.9,268.0,-1.1,7.5,0.0,80.1,1.9,2025-06
2025-06-05,2368,金像電,電子零組件業,觸發,進榜即觸發,270.87,95.0,2.0,0,6.3,0.0,78.2,1.9,268.0,-1.1,7.5,0.0,80.1,1.9,2025-06
2025-06-05,2429,銘旺科,電子零組件業,進榜,準備,63.3,99.0,3.0,0,-1.1,0.0,32.4,1.9,63.0,-0.5,-0.6,0.0,33.0,1.9,2025-06
2025-06-05,6919,康霈*,生技醫療業,進榜,準備,96.6,96.0,3.0,0,37.7,0.0,97.2,1.9,97.0,0.4,37.1,0.0,96.4,1.9,2025-06
2025-06-05,1215,卜蜂,食品工業,進榜,準備,107.45,88.0,1.0,0,11.9,0.0,18.1,1.9,107.9,0.4,11.5,0.0,17.6,1.9,2025-06
2025-06-06,5439,高技,電子零組件業,進榜,觸發,199.89,98.0,2.0,0,17.1,-0.9,56.8,1.7,200.9,0.5,16.5,-1.2,56.1,1.5,2025-06
2025-06-06,5439,高技,電子零組件業,觸發,進榜即觸發,199.89,98.0,2.0,0,17.1,-0.9,56.8,1.7,200.9,0.5,16.5,-1.2,56.1,1.5,2025-06
2025-06-06,2812,台中銀,金融保險,進榜,準備,17.57,78.0,1.0,0,6.0,-0.9,11.2,1.7,17.7,0.5,5.5,-1.2,10.7,1.5,2025-06
2025-06-06,3036,文曄,電子工業,觸發,等待後觸發,117.93,85.0,2.0,2,4.7,-0.9,1.4,1.7,117.9,0.0,4.7,-1.2,1.4,1.5,2025-06
2025-06-06,2429,銘旺科,電子零組件業,觸發,等待後觸發,65.0,99.0,3.0,1,-7.1,-0.9,41.7,1.7,65.2,0.3,-7.4,-1.2,41.3,1.5,2025-06
2025-06-06,2753,八方雲集,觀光事業,移出,掉出掃描母體,164.47,91.0,,18,,,,,,,,,,,2025-06
2025-06-09,8932,智通*,其他,進榜,觸發,45.67,93.0,6.0,0,9.2,-1.3,91.6,1.2,46.8,2.5,6.6,-1.6,86.9,1.2,2025-06
2025-06-09,8932,智通*,其他,觸發,進榜即觸發,45.67,93.0,6.0,0,9.2,-1.3,91.6,1.2,46.8,2.5,6.6,-1.6,86.9,1.2,2025-06
2025-06-09,6596,寬宏藝術,文化創意業,進榜,準備,120.95,98.0,2.0,0,18.0,-1.3,28.8,1.2,118.8,-1.8,20.1,-1.6,31.1,1.2,2025-06
2025-06-09,4722,國精化,化學工業,進榜,準備,67.54,94.0,2.0,0,-7.1,-1.3,110.2,1.2,68.9,2.1,-9.0,-1.6,105.9,1.2,2025-06
2025-06-09,1215,卜蜂,食品工業,移出,掉出掃描母體,107.45,88.0,,4,,,,,,,,,,,2025-06
2025-06-10,4722,國精化,化學工業,觸發,等待後觸發,74.21,96.0,2.0,1,-16.9,-2.5,83.2,0.6,74.8,0.8,-17.6,-2.6,81.8,0.7,2025-06
2025-06-11,3264,欣銓,半導體業,進榜,準備,75.43,92.0,2.0,0,0.6,-2.1,-3.2,0.8,75.6,0.2,0.4,-2.1,-3.4,1.1,2025-06
2025-06-11,1616,億泰,電器電纜,觸發,等待後觸發,28.69,96.0,2.0,22,4.3,-2.1,22.5,0.8,29.5,2.6,1.7,-2.1,19.4,1.1,2025-06
2025-06-12,2745,五福,觀光事業,進榜,準備,119.32,92.0,2.0,0,-0.4,-2.1,-15.1,1.5,120.6,1.1,-1.5,-1.9,-16.0,1.9,2025-06
2025-06-12,1215,卜蜂,食品工業,進榜,準備,108.4,84.0,1.0,0,12.3,-2.1,17.5,1.5,107.9,-0.4,12.8,-1.9,18.1,1.9,2025-06
2025-06-12,6596,寬宏藝術,文化創意業,觸發,等待後觸發,127.04,99.0,2.0,3,5.5,-2.1,9.2,1.5,126.2,-0.7,6.2,-1.9,10.0,1.9,2025-06
2025-06-13,1215,卜蜂,食品工業,移出,掉出掃描母體,108.4,84.0,,1,,,,,,,,,,,2025-06
2025-06-13,3004,豐達科,鋼鐵工業,移出,離高點太遠,121.12,96.0,,24,,,,,,,,,,,2025-06
2025-06-13,2645,長榮航太,航運業,移出,掉出掃描母體,106.35,83.0,,11,,,,,,,,,,,2025-06
2025-06-16,1215,卜蜂,食品工業,進榜,準備,107.92,85.0,1.0,0,10.1,-0.9,18.9,2.6,108.9,0.9,9.2,-1.1,17.9,2.6,2025-06
2025-06-17,6499,益安,生技醫療業,進榜,觸發,132.77,100.0,1.0,0,-9.7,-0.8,-23.4,2.2,131.3,-1.1,-8.6,-0.8,-22.6,2.3,2025-06
2025-06-17,6499,益安,生技醫療業,觸發,進榜即觸發,132.77,100.0,1.0,0,-9.7,-0.8,-23.4,2.2,131.3,-1.1,-8.6,-0.8,-22.6,2.3,2025-06
2025-06-17,5251,天鉞電,光電業,進榜,準備,57.4,99.0,3.0,0,-6.1,-0.8,-19.5,2.2,60.0,4.5,-10.2,-0.8,-23.0,2.3,2025-06
2025-06-17,3090,日電貿,電子工業,移出,掉出掃描母體,72.66,78.0,,33,,,,,,,,,,,2025-06
2025-06-18,8210,勤誠,電子工業,進榜,觸發,451.8,97.0,3.0,0,16.9,-0.6,39.3,2.0,451.3,-0.1,17.1,-0.4,39.4,2.3,2025-06
2025-06-18,8210,勤誠,電子工業,觸發,進榜即觸發,451.8,97.0,3.0,0,16.9,-0.6,39.3,2.0,451.3,-0.1,17.1,-0.4,39.4,2.3,2025-06
2025-06-18,6919,康霈*,生技醫療業,觸發,等待後觸發,117.0,98.0,3.0,13,3.8,-0.6,96.2,2.0,118.5,1.3,2.5,-0.4,93.7,2.3,2025-06
2025-06-18,1215,卜蜂,食品工業,移出,掉出掃描母體,108.4,86.0,,2,,,,,,,,,,,2025-06
2025-06-18,2597,潤弘,建材營造,移出,掉出掃描母體,132.62,79.0,,37,,,,,,,,,,,2025-06
2025-06-19,3005,神基,電子工業,進榜,準備,116.03,87.0,2.0,0,-2.9,0.7,27.3,2.2,115.1,-0.8,-2.2,0.9,28.3,2.3,2025-06
2025-06-19,9907,統一實,其他,移出,掉出掃描母體,16.98,86.0,,42,,,,,,,,,,,2025-06
2025-06-20,6925,意藍,數位雲端,進榜,觸發,164.66,100.0,3.0,0,-12.1,1.4,-20.1,3.5,159.3,-3.2,-9.1,2.3,-17.4,4.4,2025-06
2025-06-20,6925,意藍,數位雲端,觸發,進榜即觸發,164.66,100.0,3.0,0,-12.1,1.4,-20.1,3.5,159.3,-3.2,-9.1,2.3,-17.4,4.4,2025-06
2025-06-20,6139,亞翔,電子工業,進榜,觸發,282.98,91.0,1.0,0,17.3,1.4,30.9,3.5,285.9,1.0,16.2,2.3,29.6,4.4,2025-06
2025-06-20,6139,亞翔,電子工業,觸發,進榜即觸發,282.98,91.0,1.0,0,17.3,1.4,30.9,3.5,285.9,1.0,16.2,2.3,29.6,4.4,2025-06
2025-06-20,1215,卜蜂,食品工業,進榜,準備,107.45,87.0,1.0,0,10.6,1.4,20.8,3.5,105.5,-1.8,12.6,2.3,23.0,4.4,2025-06
2025-06-20,3231,緯創,電子工業,進榜,準備,114.31,81.0,1.0,0,0.4,1.4,1.3,3.5,112.4,-1.7,2.1,2.3,3.0,4.4,2025-06
2025-06-20,5251,天鉞電,光電業,觸發,等待後觸發,60.9,100.0,3.0,3,-16.9,1.4,-22.8,3.5,62.5,2.6,-19.0,2.3,-24.8,4.4,2025-06
2025-06-20,2603,長榮,航運業,移出,掉出掃描母體,197.08,76.0,,38,,,,,,,,,,,2025-06
2025-06-20,2745,五福,觀光事業,移出,離高點太遠,104.41,87.0,,8,,,,,,,,,,,2025-06
2025-06-23,6739,竹陞科技,其他電子業,進榜,觸發,340.92,97.0,4.0,0,39.7,2.3,92.2,3.8,348.8,2.3,36.5,1.6,87.8,3.0,2025-06
2025-06-23,6739,竹陞科技,其他電子業,觸發,進榜即觸發,340.92,97.0,4.0,0,39.7,2.3,92.2,3.8,348.8,2.3,36.5,1.6,87.8,3.0,2025-06
2025-06-23,3665,貿聯-KY,其他電子業,進榜,準備,760.52,91.0,3.0,0,13.2,2.3,42.7,3.8,779.9,2.6,10.3,1.6,39.2,3.0,2025-06
2025-06-23,3044,健鼎,電子工業,進榜,準備,225.88,90.0,3.0,0,17.4,2.3,30.3,3.8,226.8,0.4,16.9,1.6,29.8,3.0,2025-06
2025-06-23,6499,益安,生技醫療業,移出,離高點太遠,122.4,100.0,,6,,,,,,,,,,,2025-06
2025-06-24,6691,洋基工程,其他電子業,進榜,準備,340.8,85.0,3.0,0,2.1,-0.5,20.1,2.4,344.1,1.0,1.1,-0.8,18.9,2.3,2025-06
2025-06-24,6826,和淞,其他電子業,移出,逾期,431.5,99.0,,56,,,,,,,,,,,2025-06
2025-06-24,6165,浪凡,電子工業,移出,掉出掃描母體,56.16,91.0,,56,,,,,,,,,,,2025-06
2025-06-25,3211,順達,電腦及週邊設備業,進榜,觸發,221.59,91.0,4.0,0,-4.8,0.1,58.8,2.4,226.4,2.2,-6.9,0.1,55.4,2.3,2025-06
2025-06-25,3211,順達,電腦及週邊設備業,觸發,進榜即觸發,221.59,91.0,4.0,0,-4.8,0.1,58.8,2.4,226.4,2.2,-6.9,0.1,55.4,2.3,2025-06
2025-06-25,6669,緯穎,電子工業,進榜,觸發,2633.72,90.0,3.0,0,-9.8,0.1,16.6,2.4,2648.3,0.6,-10.3,0.1,16.0,2.3,2025-06
2025-06-25,6669,緯穎,電子工業,觸發,進榜即觸發,2633.72,90.0,3.0,0,-9.8,0.1,16.6,2.4,2648.3,0.6,-10.3,0.1,16.0,2.3,2025-06
2025-06-25,2884,玉山金,金融保險,進榜,觸發,29.6,80.0,1.0,0,7.1,0.1,7.4,2.4,29.6,-0.2,7.3,0.1,7.6,2.3,2025-06
2025-06-25,2884,玉山金,金融保險,觸發,進榜即觸發,29.6,80.0,1.0,0,7.1,0.1,7.4,2.4,29.6,-0.2,7.3,0.1,7.6,2.3,2025-06
2025-06-25,2812,台中銀,金融保險,移出,掉出掃描母體,17.7,70.0,,19,,,,,,,,,,,2025-06
2025-06-26,2301,光寶科,電腦及週邊設備業,進榜,準備,106.43,78.0,2.0,0,5.0,0.0,50.4,2.5,106.9,0.5,4.5,-0.2,49.8,2.4,2025-06
2025-06-26,2812,台中銀,金融保險,進榜,準備,18.08,72.0,1.0,0,1.4,0.0,13.2,2.5,18.1,0.0,1.4,-0.2,13.2,2.4,2025-06
2025-06-27,3297,杭特,光電業,進榜,觸發,55.3,99.0,3.0,0,2.7,-0.3,8.0,2.2,57.0,3.1,-0.4,-0.3,4.7,2.2,2025-06
2025-06-27,3297,杭特,光電業,觸發,進榜即觸發,55.3,99.0,3.0,0,2.7,-0.3,8.0,2.2,57.0,3.1,-0.4,-0.3,4.7,2.2,2025-06
2025-06-27,6191,精成科,電子工業,進榜,觸發,82.93,95.0,5.0,0,29.4,-0.3,52.9,2.2,83.9,1.1,27.9,-0.3,51.2,2.2,2025-06
2025-06-27,6191,精成科,電子工業,觸發,進榜即觸發,82.93,95.0,5.0,0,29.4,-0.3,52.9,2.2,83.9,1.1,27.9,-0.3,51.2,2.2,2025-06
2025-06-27,1210,大成,食品工業,進榜,準備,59.34,84.0,1.0,0,-5.3,-0.3,-15.7,2.2,59.8,0.8,-6.0,-0.3,-16.3,2.2,2025-06
2025-06-27,2727,王品,觀光事業,進榜,準備,221.42,71.0,2.0,0,-3.5,-0.3,-3.1,2.2,220.1,-0.6,-2.9,-0.3,-2.5,2.2,2025-06
2025-06-27,1815,富喬,電子零組件業,移出,突破失敗,34.78,82.0,,23,,,,,,,,,,,2025-06
2025-06-30,2597,潤弘,建材營造,進榜,準備,137.75,76.0,2.0,0,9.7,0.3,5.2,3.0,138.9,0.9,8.8,0.2,4.3,2.8,2025-06
2025-06-30,2727,王品,觀光事業,移出,掉出掃描母體,221.42,71.0,,3,,,,,,,,,,,2025-06
2025-06-30,3005,神基,電子工業,移出,掉出掃描母體,106.96,73.0,,11,,,,,,,,,,,2025-06
2025-07-01,2745,五福,觀光事業,進榜,準備,126.34,93.0,2.0,0,-9.7,-0.3,-17.8,2.4,127.2,0.7,-10.3,-0.4,-18.4,2.6,2025-07
2025-07-01,6274,台燿,電子零組件業,進榜,準備,230.65,93.0,2.0,0,12.5,-0.3,37.2,2.4,229.7,-0.4,13.0,-0.4,37.8,2.6,2025-07
2025-07-01,5876,上海商銀,金融保險,進榜,準備,43.94,79.0,1.0,0,-5.7,-0.3,-9.0,2.4,43.4,-1.3,-4.5,-0.4,-7.8,2.6,2025-07
2025-07-01,6669,緯穎,電子工業,移出,離高點太遠,2381.04,80.0,,6,,,,,,,,,,,2025-07
2025-07-02,2753,八方雲集,觀光事業,進榜,準備,162.61,80.0,2.0,0,3.9,-0.2,12.9,2.3,161.3,-0.8,4.7,-0.4,13.9,1.9,2025-07
2025-07-02,3090,日電貿,電子工業,進榜,準備,74.06,77.0,2.0,0,1.2,-0.2,1.5,2.3,74.2,0.1,1.1,-0.4,1.3,1.9,2025-07
2025-07-02,2745,五福,觀光事業,觸發,等待後觸發,134.24,95.0,2.0,1,-15.7,-0.2,-22.3,2.3,132.5,-1.3,-14.6,-0.4,-21.3,1.9,2025-07
2025-07-02,2891,中信金,金融保險,移出,掉出掃描母體,40.2,73.0,,29,,,,,,,,,,,2025-07
2025-07-02,2429,銘旺科,電子零組件業,移出,離高點太遠,64.0,96.0,,27,,,,,,,,,,,2025-07
2025-07-02,4722,國精化,化學工業,移出,離高點太遠,65.35,89.0,,23,,,,,,,,,,,2025-07
2025-07-03,2421,建準,電子工業,進榜,準備,98.92,72.0,2.0,0,10.2,-1.0,21.8,1.7,98.9,0.0,10.2,-1.0,21.8,1.8,2025-07
2025-07-03,2891,中信金,金融保險,進榜,準備,40.57,72.0,2.0,0,-2.0,-1.0,1.0,1.7,40.6,0.1,-2.1,-1.0,0.9,1.8,2025-07
2025-07-03,2301,光寶科,電腦及週邊設備業,觸發,等待後觸發,110.27,79.0,2.0,7,3.5,-1.0,51.8,1.7,110.3,0.0,3.5,-1.0,51.8,1.8,2025-07
2025-07-03,1616,億泰,電器電纜,移出,離高點太遠,33.92,98.0,,44,,,,,,,,,,,2025-07
2025-07-03,6691,洋基工程,其他電子業,移出,掉出掃描母體,331.54,70.0,,9,,,,,,,,,,,2025-07
2025-07-04,2379,瑞昱,半導體業,進榜,準備,554.52,71.0,1.0,0,-5.5,0.0,-2.8,1.5,553.6,-0.2,-5.3,0.1,-2.6,1.6,2025-07
2025-07-04,2753,八方雲集,觀光事業,移出,掉出掃描母體,162.61,78.0,,2,,,,,,,,,,,2025-07
2025-07-04,2421,建準,電子工業,移出,掉出掃描母體,98.92,72.0,,1,,,,,,,,,,,2025-07
2025-07-04,3563,牧德,光電業,移出,離高點太遠,459.01,84.0,,50,,,,,,,,,,,2025-07
2025-07-04,6925,意藍,數位雲端,移出,離高點太遠,154.94,99.0,,14,,,,,,,,,,,2025-07
2025-07-04,3090,日電貿,電子工業,移出,掉出掃描母體,73.27,75.0,,2,,,,,,,,,,,2025-07
2025-07-07,3128,昇銳,光電業,進榜,觸發,42.2,98.0,4.0,0,-21.1,1.0,-30.4,2.7,43.8,3.8,-24.0,1.3,-32.9,3.0,2025-07
2025-07-07,3128,昇銳,光電業,觸發,進榜即觸發,42.2,98.0,4.0,0,-21.1,1.0,-30.4,2.7,43.8,3.8,-24.0,1.3,-32.9,3.0,2025-07
2025-07-07,6499,益安,生技醫療業,進榜,準備,143.13,100.0,3.0,0,-21.4,1.0,-36.7,2.7,146.1,2.1,-23.0,1.3,-38.0,3.0,2025-07
2025-07-07,2753,八方雲集,觀光事業,進榜,準備,161.71,79.0,2.0,0,3.9,1.0,14.7,2.7,162.6,0.6,3.3,1.3,14.0,3.0,2025-07
2025-07-07,2891,中信金,金融保險,觸發,等待後觸發,41.07,76.0,2.0,4,0.1,1.0,0.7,2.7,41.0,-0.1,0.2,1.3,0.8,3.0,2025-07
2025-07-07,2379,瑞昱,半導體業,移出,掉出掃描母體,554.52,71.0,,3,,,,,,,,,,,2025-07
2025-07-07,6139,亞翔,電子工業,移出,離高點太遠,284.42,91.0,,17,,,,,,,,,,,2025-07
2025-07-08,1210,大成,食品工業,移出,掉出掃描母體,58.8,82.0,,11,,,,,,,,,,,2025-07
2025-07-08,5876,上海商銀,金融保險,移出,掉出掃描母體,44.23,77.0,,7,,,,,,,,,,,2025-07
2025-07-08,6919,康霈*,生技醫療業,移出,離高點太遠,116.5,97.0,,33,,,,,,,,,,,2025-07
2025-07-08,2597,潤弘,建材營造,移出,掉出掃描母體,137.36,74.0,,8,,,,,,,,,,,2025-07
2025-07-09,3551,世禾,其他電子類,進榜,準備,156.59,91.0,2.0,0,4.9,2.0,4.4,2.5,155.6,-0.6,5.5,2.3,5.0,2.7,2025-07
2025-07-09,2891,中信金,金融保險,移出,掉出掃描母體,40.57,72.0,,6,,,,,,,,,,,2025-07
2025-07-09,6499,益安,生技醫療業,移出,離高點太遠,128.32,100.0,,2,,,,,,,,,,,2025-07
2025-07-10,6944,兆聯實業,綠能環保,進榜,觸發,357.08,80.0,3.0,0,-2.9,2.0,14.0,2.6,357.8,0.2,-3.1,2.0,13.7,2.4,2025-07
2025-07-10,6944,兆聯實業,綠能環保,觸發,進榜即觸發,357.08,80.0,3.0,0,-2.9,2.0,14.0,2.6,357.8,0.2,-3.1,2.0,13.7,2.4,2025-07
2025-07-10,5284,jpp-KY,其他,進榜,準備,205.59,93.0,1.0,0,-2.3,2.0,44.5,2.6,207.0,0.7,-3.0,2.0,43.5,2.4,2025-07
2025-07-10,6510,精測,半導體業,進榜,準備,883.24,80.0,2.0,0,8.8,2.0,101.0,2.6,891.2,0.9,7.8,2.0,99.2,2.4,2025-07
2025-07-10,2607,榮運,航運業,移出,掉出掃描母體,55.7,71.0,,49,,,,,,,,,,,2025-07
2025-07-11,6290,良維,電子零組件業,進榜,觸發,100.77,93.0,3.0,0,5.0,1.1,32.1,2.0,103.1,2.3,2.6,1.3,29.1,2.3,2025-07
2025-07-11,6290,良維,電子零組件業,觸發,進榜即觸發,100.77,93.0,3.0,0,5.0,1.1,32.1,2.0,103.1,2.3,2.6,1.3,29.1,2.3,2025-07
2025-07-11,2607,榮運,航運業,進榜,準備,55.46,71.0,2.0,0,10.4,1.1,0.5,2.0,55.4,-0.1,10.5,1.3,0.6,2.3,2025-07
2025-07-11,6196,帆宣,其他電子業,觸發,等待後觸發,201.57,89.0,2.0,50,7.4,1.1,21.1,2.0,200.6,-0.5,7.9,1.3,21.7,2.3,2025-07
2025-07-11,3231,緯創,電子工業,移出,掉出掃描母體,115.76,82.0,,21,,,,,,,,,,,2025-07
2025-07-11,3128,昇銳,光電業,移出,突破失敗,38.17,97.0,,4,,,,,,,,,,,2025-07
2025-07-14,6140,訊達,資訊服務業,進榜,觸發,43.27,97.0,2.0,0,-11.6,1.3,-25.3,2.5,42.9,-0.7,-10.9,1.4,-24.8,2.7,2025-07
2025-07-14,6140,訊達,資訊服務業,觸發,進榜即觸發,43.27,97.0,2.0,0,-11.6,1.3,-25.3,2.5,42.9,-0.7,-10.9,1.4,-24.8,2.7,2025-07
2025-07-14,2731,雄獅,觀光事業,進榜,準備,155.5,91.0,2.0,0,-10.4,1.3,-4.8,2.5,155.0,-0.3,-10.1,1.4,-4.5,2.7,2025-07
2025-07-14,2727,王品,觀光事業,進榜,準備,233.21,72.0,2.0,0,-10.6,1.3,-8.6,2.5,230.4,-1.2,-9.5,1.4,-7.5,2.7,2025-07
2025-07-14,2891,中信金,金融保險,進榜,準備,40.4,71.0,2.0,0,2.9,1.3,1.4,2.5,40.5,0.4,2.5,1.4,1.1,2.7,2025-07
2025-07-14,6596,寬宏藝術,文化創意業,移出,離高點太遠,129.65,97.0,,35,,,,,,,,,,,2025-07
2025-07-15,1815,富喬,電子零組件業,進榜,觸發,40.98,94.0,6.0,0,62.3,1.1,71.2,2.2,42.1,2.8,57.9,1.3,66.5,2.4,2025-07
2025-07-15,1815,富喬,電子零組件業,觸發,進榜即觸發,40.98,94.0,6.0,0,62.3,1.1,71.2,2.2,42.1,2.8,57.9,1.3,66.5,2.4,2025-07
2025-07-15,4303,信立,塑膠工業,進榜,準備,51.26,93.0,3.0,0,-9.8,1.1,-2.1,2.2,51.1,-0.2,-9.6,1.3,-1.8,2.4,2025-07
2025-07-15,2308,台達電,電子工業,進榜,準備,491.43,85.0,3.0,0,30.0,1.1,102.2,2.2,497.4,1.2,28.4,1.3,99.8,2.4,2025-07
2025-07-15,2891,中信金,金融保險,觸發,等待後觸發,41.37,75.0,2.0,1,-0.2,1.1,-0.7,2.2,41.1,-0.6,0.4,1.3,-0.1,2.4,2025-07
2025-07-15,2727,王品,觀光事業,移出,掉出掃描母體,233.21,72.0,,1,,,,,,,,,,,2025-07
2025-07-15,5251,天鉞電,光電業,移出,離高點太遠,53.9,97.0,,28,,,,,,,,,,,2025-07
2025-07-16,5475,德宏,電子零組件業,進榜,準備,34.7,100.0,2.0,0,27.7,0.9,93.1,1.2,34.6,-0.3,28.0,0.8,93.6,1.1,2025-07
2025-07-16,6826,和淞,其他電子業,進榜,準備,426.0,99.0,2.0,0,17.6,0.9,6.1,1.2,425.1,-0.2,17.8,0.8,6.3,1.1,2025-07
2025-07-16,3661,世芯-KY,半導體業,進榜,準備,3566.46,87.0,1.0,0,14.4,0.9,-5.5,1.2,3616.0,1.4,12.9,0.8,-6.8,1.1,2025-07
2025-07-16,3090,日電貿,電子工業,進榜,準備,79.77,83.0,2.0,0,-14.4,0.9,-6.3,1.2,79.1,-0.9,-13.7,0.8,-5.5,1.1,2025-07
2025-07-16,3211,順達,電腦及週邊設備業,移出,離高點太遠,214.79,83.0,,21,,,,,,,,,,,2025-07
2025-07-17,6139,亞翔,電子工業,進榜,準備,329.66,91.0,1.0,0,-0.7,0.6,24.4,0.0,333.0,1.0,-1.7,0.5,23.1,-0.1,2025-07
2025-07-17,3005,神基,電子工業,進榜,準備,112.64,76.0,1.0,0,1.7,0.6,16.4,0.0,113.1,0.4,1.3,0.5,15.9,-0.1,2025-07
2025-07-17,2597,潤弘,建材營造,進榜,準備,144.07,75.0,2.0,0,4.5,0.6,8.2,0.0,146.4,1.6,2.9,0.5,6.4,-0.1,2025-07
2025-07-17,3661,世芯-KY,半導體業,觸發,等待後觸發,3720.01,88.0,1.0,1,13.2,0.6,-17.3,0.0,3774.5,1.5,11.5,0.5,-18.5,-0.1,2025-07
2025-07-18,5469,瀚宇博,電子零組件業,進榜,觸發,62.84,86.0,2.0,0,10.8,0.7,40.4,0.0,62.8,0.0,10.8,0.8,40.4,0.3,2025-07
2025-07-18,5469,瀚宇博,電子零組件業,觸發,進榜即觸發,62.84,86.0,2.0,0,10.8,0.7,40.4,0.0,62.8,0.0,10.8,0.8,40.4,0.3,2025-07
2025-07-18,2745,五福,觀光事業,移出,突破失敗,115.38,85.0,,17,,,,,,,,,,,2025-07
2025-07-21,6190,萬泰科,通信網路業,進榜,準備,38.43,74.0,3.0,0,29.2,0.9,5.2,0.2,38.1,-0.8,30.2,1.0,6.0,0.6,2025-07
2025-07-21,3044,健鼎,電子工業,觸發,等待後觸發,265.17,91.0,3.0,28,21.8,0.9,17.6,0.2,263.2,-0.7,22.7,1.0,18.5,0.6,2025-07
2025-07-21,6510,精測,半導體業,移出,掉出掃描母體,841.46,72.0,,11,,,,,,,,,,,2025-07
2025-07-21,2731,雄獅,觀光事業,移出,掉出掃描母體,144.85,84.0,,7,,,,,,,,,,,2025-07
2025-07-22,6190,萬泰科,通信網路業,移出,掉出掃描母體,38.43,74.0,,1,,,,,,,,,,,2025-07
2025-07-22,3297,杭特,光電業,移出,離高點太遠,61.1,99.0,,25,,,,,,,,,,,2025-07
2025-07-22,6140,訊達,資訊服務業,移出,掉出掃描母體,41.0,92.0,,8,,,,,,,,,,,2025-07
2025-07-23,3217,優群,電子零組件業,進榜,準備,156.9,80.0,1.0,0,-0.9,0.0,5.7,0.3,157.4,0.3,-1.2,0.0,5.4,0.4,2025-07
2025-07-23,6257,矽格,半導體業,進榜,準備,80.92,79.0,2.0,0,-6.6,0.0,16.8,0.3,80.9,0.0,-6.6,0.0,16.8,0.4,2025-07
2025-07-23,6190,萬泰科,通信網路業,進榜,準備,38.33,71.0,3.0,0,25.7,0.0,5.2,0.3,38.5,0.5,25.1,0.0,4.7,0.4,2025-07
2025-07-23,3005,神基,電子工業,移出,掉出掃描母體,112.16,71.0,,6,,,,,,,,,,,2025-07
2025-07-23,2812,台中銀,金融保險,移出,掉出掃描母體,18.45,70.0,,27,,,,,,,,,,,2025-07
2025-07-24,4303,信立,塑膠工業,移出,離高點太遠,46.65,89.0,,9,,,,,,,,,,,2025-07
2025-07-25,2645,長榮航太,航運業,進榜,觸發,108.69,70.0,2.0,0,64.9,0.4,37.8,0.9,108.7,0.0,64.9,0.4,37.8,0.9,2025-07
2025-07-25,2645,長榮航太,航運業,觸發,進榜即觸發,108.69,70.0,2.0,0,64.9,0.4,37.8,0.9,108.7,0.0,64.9,0.4,37.8,0.9,2025-07
2025-07-25,6944,兆聯實業,綠能環保,移出,突破失敗,326.07,71.0,,15,,,,,,,,,,,2025-07
2025-07-28,6213,聯茂,電子工業,進榜,準備,103.13,92.0,3.0,0,18.3,1.0,4.3,0.5,103.1,0.0,18.3,1.1,4.3,0.8,2025-07
2025-07-28,6669,緯穎,電子工業,進榜,準備,2526.82,79.0,3.0,0,17.3,1.0,57.9,0.5,2526.8,0.0,17.3,1.1,57.9,0.8,2025-07
2025-07-28,2247,汎德永業,汽車工業,進榜,準備,308.34,71.0,1.0,0,-8.1,1.0,-11.2,0.5,308.3,0.0,-8.1,1.1,-11.2,0.8,2025-07
2025-07-28,2891,中信金,金融保險,移出,掉出掃描母體,40.98,73.0,,14,,,,,,,,,,,2025-07
2025-07-28,2480,敦陽科,資訊服務業,移出,掉出掃描母體,152.03,72.0,,90,,,,,,,,,,,2025-07
2025-07-28,3264,欣銓,半導體業,移出,掉出掃描母體,73.64,72.0,,47,,,,,,,,,,,2025-07
2025-07-28,2645,長榮航太,航運業,移出,掉出掃描母體,108.69,70.0,,3,,,,,,,,,,,2025-07
2025-07-29,2429,銘旺科,電子零組件業,進榜,觸發,80.1,99.0,4.0,0,-2.4,1.7,17.5,1.0,82.5,3.0,-5.2,1.6,14.1,1.0,2025-07
2025-07-29,2429,銘旺科,電子零組件業,觸發,進榜即觸發,80.1,99.0,4.0,0,-2.4,1.7,17.5,1.0,82.5,3.0,-5.2,1.6,14.1,1.0,2025-07
2025-07-29,6781,AES-KY,電子工業,進榜,準備,1180.33,77.0,3.0,0,7.9,1.7,-5.4,1.0,1185.2,0.4,7.5,1.6,-5.8,1.0,2025-07
2025-07-29,3078,僑威,電子零組件業,進榜,準備,77.8,71.0,3.0,0,6.5,1.7,-9.0,1.0,78.6,1.0,5.4,1.6,-9.9,1.0,2025-07
2025-07-29,2247,汎德永業,汽車工業,移出,掉出掃描母體,308.34,71.0,,1,,,,,,,,,,,2025-07
2025-07-29,1215,卜蜂,食品工業,移出,掉出掃描母體,111.73,81.0,,39,,,,,,,,,,,2025-07
2025-07-29,6739,竹陞科技,其他電子業,移出,離高點太遠,417.01,98.0,,36,,,,,,,,,,,2025-07
2025-07-29,5284,jpp-KY,其他,移出,離高點太遠,187.71,75.0,,19,,,,,,,,,,,2025-07
2025-07-30,8234,新漢,電腦及週邊設備業,進榜,觸發,103.34,94.0,6.0,0,8.7,1.7,-23.1,0.0,102.8,-0.5,9.2,1.8,-22.7,0.3,2025-07
2025-07-30,8234,新漢,電腦及週邊設備業,觸發,進榜即觸發,103.34,94.0,6.0,0,8.7,1.7,-23.1,0.0,102.8,-0.5,9.2,1.8,-22.7,0.3,2025-07
2025-07-30,4916,事欣科,電腦及週邊設備業,進榜,準備,52.11,91.0,3.0,0,27.9,1.7,0.8,0.0,52.2,0.2,27.6,1.8,0.6,0.3,2025-07
2025-07-30,5314,世紀*,半導體業,進榜,準備,18.46,91.0,3.0,0,5.3,1.7,62.9,0.0,18.2,-1.2,6.6,1.8,64.8,0.3,2025-07
2025-07-30,4991,環宇-KY,半導體業,進榜,準備,156.46,89.0,3.0,0,10.1,1.7,2.2,0.0,157.4,0.6,9.4,1.8,1.6,0.3,2025-07
2025-07-30,3260,威剛,半導體業,進榜,準備,89.02,79.0,2.0,0,9.2,1.7,108.2,0.0,89.1,0.1,9.1,1.8,107.9,0.3,2025-07
2025-07-30,2645,長榮航太,航運業,進榜,準備,114.07,71.0,2.0,0,57.9,1.7,29.6,0.0,116.5,2.1,54.6,1.8,26.9,0.3,2025-07
2025-07-30,3078,僑威,電子零組件業,移出,掉出掃描母體,77.8,71.0,,1,,,,,,,,,,,2025-07
2025-07-31,4766,南寶,化學工業,進榜,準備,365.42,80.0,1.0,0,-2.1,2.4,-4.3,0.4,364.0,-0.4,-1.7,3.3,-3.9,1.2,2025-07
2025-07-31,2247,汎德永業,汽車工業,進榜,準備,314.94,79.0,1.0,0,-6.7,2.4,-12.7,0.4,304.1,-3.4,-3.4,3.3,-9.6,1.2,2025-07
2025-07-31,3294,英濟,電子零組件業,進榜,準備,41.6,77.0,1.0,0,24.3,2.4,0.1,0.4,41.4,-0.6,25.0,3.3,0.7,1.2,2025-07
2025-07-31,3078,僑威,電子零組件業,進榜,準備,78.86,73.0,3.0,0,4.0,2.4,-8.6,0.4,78.9,0.0,4.0,3.3,-8.6,1.2,2025-07
2025-07-31,3596,智易,通信網路業,進榜,準備,211.22,73.0,3.0,0,6.1,2.4,-4.7,0.4,209.3,-0.9,7.0,3.3,-3.9,1.2,2025-07
2025-07-31,2812,台中銀,金融保險,進榜,準備,18.71,71.0,1.0,0,5.4,2.4,6.9,0.4,18.5,-0.9,6.4,3.3,7.9,1.2,2025-07
2025-07-31,3705,永信,化學生技醫療,進榜,準備,59.31,71.0,2.0,0,-10.4,2.4,-9.3,0.4,59.0,-0.5,-10.0,3.3,-8.8,1.2,2025-07
2025-07-31,2301,光寶科,電腦及週邊設備業,移出,掉出掃描母體,120.81,81.0,,35,,,,,,,,,,,2025-07
2025-08-01,8033,雷虎,其他,進榜,準備,95.48,90.0,2.0,0,75.1,1.6,24.1,0.0,96.9,1.4,72.6,2.3,22.3,0.5,2025-08
2025-08-01,3515,華擎,電子工業,進榜,準備,279.23,89.0,2.0,0,-4.9,1.6,12.5,0.0,276.8,-0.9,-4.1,2.3,13.4,0.5,2025-08
2025-08-01,3264,欣銓,半導體業,進榜,準備,74.91,74.0,1.0,0,-2.7,1.6,15.7,0.0,74.0,-1.2,-1.6,2.3,17.1,0.5,2025-08
2025-08-01,3294,英濟,電子零組件業,觸發,等待後觸發,45.75,86.0,1.0,1,9.9,1.6,-10.5,0.0,45.8,0.1,9.8,2.3,-10.6,0.5,2025-08
2025-08-01,4916,事欣科,電腦及週邊設備業,觸發,等待後觸發,60.17,95.0,3.0,2,9.9,1.6,-14.7,0.0,60.2,0.0,9.9,2.3,-14.7,0.5,2025-08
2025-08-01,6781,AES-KY,電子工業,移出,掉出掃描母體,1224.59,75.0,,3,,,,,,,,,,,2025-08
2025-08-01,2247,汎德永業,汽車工業,移出,掉出掃描母體,314.94,79.0,,1,,,,,,,,,,,2025-08
2025-08-01,3705,永信,化學生技醫療,移出,掉出掃描母體,59.31,71.0,,1,,,,,,,,,,,2025-08
2025-08-04,2427,三商電,資訊服務業,進榜,準備,28.9,75.0,3.0,0,-5.7,0.4,-14.1,-0.2,30.1,4.0,-9.4,0.4,-17.4,-0.5,2025-08
2025-08-04,6190,萬泰科,通信網路業,觸發,等待後觸發,42.43,83.0,3.0,12,14.7,0.4,5.3,-0.2,42.9,1.1,13.4,0.4,4.1,-0.5,2025-08
2025-08-04,3264,欣銓,半導體業,移出,掉出掃描母體,74.91,74.0,,3,,,,,,,,,,,2025-08
2025-08-05,2301,光寶科,電腦及週邊設備業,進榜,觸發,128.01,81.0,2.0,0,-4.9,0.0,36.9,-0.9,130.4,1.9,-6.7,0.0,34.4,-0.9,2025-08
2025-08-05,2301,光寶科,電腦及週邊設備業,觸發,進榜即觸發,128.01,81.0,2.0,0,-4.9,0.0,36.9,-0.9,130.4,1.9,-6.7,0.0,34.4,-0.9,2025-08
2025-08-05,5278,尚凡,電子商務業,進榜,準備,44.32,88.0,3.0,0,-21.2,0.0,-26.6,-0.9,42.9,-3.2,-18.6,0.0,-24.1,-0.9,2025-08
2025-08-05,6781,AES-KY,電子工業,進榜,準備,1229.51,76.0,3.0,0,0.0,0.0,2.8,-0.9,1229.5,0.0,0.0,0.0,2.8,-0.9,2025-08
2025-08-05,2645,長榮航太,航運業,觸發,等待後觸發,140.51,87.0,2.0,6,35.9,0.0,5.2,-0.9,143.0,1.7,33.6,0.0,3.4,-0.9,2025-08
2025-08-05,2427,三商電,資訊服務業,觸發,等待後觸發,31.76,82.0,3.0,1,-14.5,0.0,-22.1,-0.9,32.1,1.2,-15.5,0.0,-23.1,-0.9,2025-08
2025-08-05,2753,八方雲集,觀光事業,移出,掉出掃描母體,167.98,73.0,,29,,,,,,,,,,,2025-08
2025-08-05,3078,僑威,電子零組件業,移出,掉出掃描母體,77.27,70.0,,5,,,,,,,,,,,2025-08
2025-08-06,6510,精測,半導體業,進榜,觸發,953.86,79.0,2.0,0,23.0,0.1,68.4,-1.8,961.8,0.8,22.0,0.2,67.0,-2.1,2025-08
2025-08-06,6510,精測,半導體業,觸發,進榜即觸發,953.86,79.0,2.0,0,23.0,0.1,68.4,-1.8,961.8,0.8,22.0,0.2,67.0,-2.1,2025-08
2025-08-06,1616,億泰,電器電纜,進榜,準備,37.19,98.0,2.0,0,-5.4,0.1,-13.3,-1.8,37.2,0.0,-5.4,0.2,-13.3,-2.1,2025-08
2025-08-06,4991,環宇-KY,半導體業,觸發,等待後觸發,165.8,91.0,3.0,7,-6.8,0.1,-0.9,-1.8,167.8,1.2,-7.9,0.2,-2.1,-2.1,2025-08
2025-08-06,6257,矽格,半導體業,移出,掉出掃描母體,78.66,71.0,,14,,,,,,,,,,,2025-08
2025-08-06,6213,聯茂,電子工業,移出,離高點太遠,89.94,81.0,,9,,,,,,,,,,,2025-08
2025-08-06,4766,南寶,化學工業,移出,掉出掃描母體,360.19,70.0,,6,,,,,,,,,,,2025-08
2025-08-07,8021,尖點,其他電子業,進榜,觸發,77.11,99.0,2.0,0,1.2,0.9,56.9,-1.7,79.2,2.7,-1.5,1.0,52.7,-1.8,2025-08
2025-08-07,8021,尖點,其他電子業,觸發,進榜即觸發,77.11,99.0,2.0,0,1.2,0.9,56.9,-1.7,79.2,2.7,-1.5,1.0,52.7,-1.8,2025-08
2025-08-07,4931,新盛力,電腦及週邊設備業,進榜,觸發,139.51,97.0,5.0,0,5.0,0.9,0.7,-1.7,140.0,0.4,4.6,1.0,0.4,-1.8,2025-08
2025-08-07,4931,新盛力,電腦及週邊設備業,觸發,進榜即觸發,139.51,97.0,5.0,0,5.0,0.9,0.7,-1.7,140.0,0.4,4.6,1.0,0.4,-1.8,2025-08
2025-08-07,8271,宇瞻,半導體業,進榜,準備,57.26,81.0,1.0,0,6.3,0.9,61.6,-1.7,58.5,2.2,4.0,1.0,58.1,-1.8,2025-08
2025-08-07,6691,洋基工程,其他電子業,進榜,準備,406.63,78.0,3.0,0,3.8,0.9,-1.5,-1.7,411.0,1.1,2.7,1.0,-2.6,-1.8,2025-08
2025-08-07,1618,合機,電器電纜,進榜,準備,48.5,71.0,2.0,0,-6.1,0.9,-11.3,-1.7,48.8,0.6,-6.6,1.0,-11.8,-1.8,2025-08
2025-08-07,3596,智易,通信網路業,移出,掉出掃描母體,221.66,71.0,,7,,,,,,,,,,,2025-08
2025-08-07,3090,日電貿,電子工業,移出,掉出掃描母體,76.03,72.0,,22,,,,,,,,,,,2025-08
2025-08-08,2374,佳能,光電業,進榜,觸發,63.52,82.0,3.0,0,14.8,1.0,23.4,-1.0,63.4,-0.1,15.0,1.4,23.6,-1.0,2025-08
2025-08-08,2374,佳能,光電業,觸發,進榜即觸發,63.52,82.0,3.0,0,14.8,1.0,23.4,-1.0,63.4,-0.1,15.0,1.4,23.6,-1.0,2025-08
2025-08-08,8358,金居,電子零組件業,進榜,準備,124.43,99.0,3.0,0,82.0,1.0,81.6,-1.0,129.4,4.0,75.0,1.4,74.6,-1.0,2025-08
2025-08-08,2630,亞航,航運業,進榜,準備,46.17,77.0,2.0,0,44.3,1.0,10.6,-1.0,47.2,2.1,41.2,1.4,8.3,-1.0,2025-08
2025-08-08,2308,台達電,電子工業,觸發,等待後觸發,633.69,93.0,3.0,24,14.0,1.0,53.5,-1.0,631.7,-0.3,14.3,1.4,54.0,-1.0,2025-08
2025-08-08,3551,世禾,其他電子類,移出,掉出掃描母體,169.48,88.0,,30,,,,,,,,,,,2025-08
2025-08-08,1618,合機,電器電纜,移出,掉出掃描母體,48.5,71.0,,1,,,,,,,,,,,2025-08
2025-08-08,3036,文曄,電子工業,移出,掉出掃描母體,126.39,78.0,,65,,,,,,,,,,,2025-08
2025-08-11,4722,國精化,化學工業,進榜,觸發,77.8,88.0,3.0,0,68.4,1.7,115.7,-1.3,81.3,4.5,61.2,1.7,106.5,-1.4,2025-08
2025-08-11,4722,國精化,化學工業,觸發,進榜即觸發,77.8,88.0,3.0,0,68.4,1.7,115.7,-1.3,81.3,4.5,61.2,1.7,106.5,-1.4,2025-08
2025-08-11,7750,新代,電機機械,進榜,觸發,749.4,87.0,5.0,0,21.6,1.7,11.5,-1.3,733.9,-2.1,24.2,1.7,13.8,-1.4,2025-08
2025-08-11,7750,新代,電機機械,觸發,進榜即觸發,749.4,87.0,5.0,0,21.6,1.7,11.5,-1.3,733.9,-2.1,24.2,1.7,13.8,-1.4,2025-08
2025-08-11,2345,智邦,通信網路業,進榜,觸發,1011.99,86.0,5.0,0,0.0,1.7,-1.5,-1.3,1021.9,1.0,-1.0,1.7,-2.4,-1.4,2025-08
2025-08-11,2345,智邦,通信網路業,觸發,進榜即觸發,1011.99,86.0,5.0,0,0.0,1.7,-1.5,-1.3,1021.9,1.0,-1.0,1.7,-2.4,-1.4,2025-08
2025-08-11,3694,海華,通信網路業,進榜,觸發,65.85,80.0,3.0,0,21.7,1.7,5.6,-1.3,65.6,-0.4,22.2,1.7,6.0,-1.4,2025-08
2025-08-11,3694,海華,通信網路業,觸發,進榜即觸發,65.85,80.0,3.0,0,21.7,1.7,5.6,-1.3,65.6,-0.4,22.2,1.7,6.0,-1.4,2025-08
2025-08-11,3689,湧德,電子零組件業,進榜,觸發,107.63,76.0,5.0,0,-7.6,1.7,-6.3,-1.3,111.0,3.1,-10.4,1.7,-9.1,-1.4,2025-08
2025-08-11,3689,湧德,電子零組件業,觸發,進榜即觸發,107.63,76.0,5.0,0,-7.6,1.7,-6.3,-1.3,111.0,3.1,-10.4,1.7,-9.1,-1.4,2025-08
2025-08-11,2364,倫飛,電子工業,進榜,準備,80.37,87.0,2.0,0,-12.1,1.7,-26.0,-1.3,80.4,0.0,-12.1,1.7,-26.0,-1.4,2025-08
2025-08-11,6591,動力-KY,電子工業,進榜,準備,66.41,84.0,2.0,0,15.9,1.7,6.9,-1.3,66.4,0.0,15.9,1.7,6.9,-1.4,2025-08
2025-08-11,7642,昶瑞機電,電機機械,進榜,準備,121.34,83.0,2.0,0,-7.1,1.7,-30.8,-1.3,124.2,2.4,-9.3,1.7,-32.4,-1.4,2025-08
2025-08-11,6257,矽格,半導體業,進榜,準備,78.66,71.0,2.0,0,10.0,1.7,19.1,-1.3,79.0,0.4,9.6,1.7,18.7,-1.4,2025-08
2025-08-11,2801,彰銀,金融保險,進榜,準備,18.61,70.0,0.0,0,-1.5,1.7,3.8,-1.3,18.6,0.0,-1.5,1.7,3.8,-1.4,2025-08
2025-08-11,3596,智易,通信網路業,進榜,準備,218.34,70.0,3.0,0,1.3,1.7,-16.1,-1.3,219.3,0.4,0.9,1.7,-16.5,-1.4,2025-08
2025-08-11,6669,緯穎,電子工業,觸發,等待後觸發,3085.64,89.0,3.0,14,-1.6,1.7,28.3,-1.3,3139.1,1.7,-3.3,1.7,26.2,-1.4,2025-08
2025-08-11,2630,亞航,航運業,觸發,等待後觸發,50.79,84.0,2.0,3,27.1,1.7,-2.5,-1.3,52.0,2.3,24.2,1.7,-4.7,-1.4,2025-08
2025-08-11,2427,三商電,資訊服務業,移出,掉出掃描母體,30.59,76.0,,7,,,,,,,,,,,2025-08
2025-08-12,3528,安馳,電子工業,進榜,觸發,91.33,91.0,5.0,0,-22.3,1.2,-16.6,-2.1,83.0,-9.1,-14.5,0.9,-8.2,-2.3,2025-08
2025-08-12,3528,安馳,電子工業,觸發,進榜即觸發,91.33,91.0,5.0,0,-22.3,1.2,-16.6,-2.1,83.0,-9.1,-14.5,0.9,-8.2,-2.3,2025-08
2025-08-12,3605,宏致,電子工業,進榜,觸發,70.87,80.0,5.0,0,11.5,1.2,-5.7,-2.1,74.0,4.5,6.7,0.9,-9.7,-2.3,2025-08
2025-08-12,3605,宏致,電子工業,觸發,進榜即觸發,70.87,80.0,5.0,0,11.5,1.2,-5.7,-2.1,74.0,4.5,6.7,0.9,-9.7,-2.3,2025-08
2025-08-12,1215,卜蜂,食品工業,進榜,準備,119.81,81.0,1.0,0,7.5,1.2,8.3,-2.1,120.8,0.8,6.7,0.9,7.5,-2.3,2025-08
2025-08-12,3217,優群,電子零組件業,觸發,等待後觸發,173.87,77.0,1.0,20,-4.9,1.2,-1.1,-2.1,176.7,1.6,-6.4,0.9,-2.7,-2.3,2025-08
2025-08-12,6257,矽格,半導體業,移出,掉出掃描母體,78.66,71.0,,1,,,,,,,,,,,2025-08
2025-08-12,2801,彰銀,金融保險,移出,掉出掃描母體,18.61,70.0,,1,,,,,,,,,,,2025-08
2025-08-13,6215,和椿,其他電子業,進榜,觸發,155.01,78.0,5.0,0,-17.3,1.1,-25.9,-2.2,156.5,1.0,-18.0,1.1,-26.6,-2.3,2025-08
2025-08-13,6215,和椿,其他電子業,觸發,進榜即觸發,155.01,78.0,5.0,0,-17.3,1.1,-25.9,-2.2,156.5,1.0,-18.0,1.1,-26.6,-2.3,2025-08
2025-08-13,8038,長園科,電子零組件業,進榜,準備,52.5,96.0,3.0,0,12.8,1.1,-25.7,-2.2,53.2,1.3,11.3,1.1,-26.7,-2.3,2025-08
2025-08-13,2753,八方雲集,觀光事業,進榜,準備,176.5,73.0,2.0,0,1.0,1.1,2.3,-2.2,176.5,0.0,1.0,1.1,2.3,-2.3,2025-08
2025-08-13,6472,保瑞,生技醫療業,進榜,準備,745.08,71.0,3.0,0,-3.4,1.1,-20.4,-2.2,749.9,0.7,-4.0,1.1,-20.9,-2.3,2025-08
2025-08-13,5475,德宏,電子零組件業,觸發,等待後觸發,44.3,100.0,2.0,28,28.2,1.1,38.8,-2.2,46.5,5.0,22.2,1.1,32.3,-2.3,2025-08
2025-08-13,3515,華擎,電子工業,移出,掉出掃描母體,270.65,81.0,,12,,,,,,,,,,,2025-08
2025-08-13,3528,安馳,電子工業,移出,突破失敗,82.28,84.0,,1,,,,,,,,,,,2025-08
2025-08-14,6831,邁科,電腦及週邊設備業,進榜,觸發,184.63,97.0,4.0,0,0.0,0.0,-12.6,-2.0,174.8,-5.3,5.6,-0.3,-7.7,-2.2,2025-08
2025-08-14,6831,邁科,電腦及週邊設備業,觸發,進榜即觸發,184.63,97.0,4.0,0,0.0,0.0,-12.6,-2.0,174.8,-5.3,5.6,-0.3,-7.7,-2.2,2025-08
2025-08-14,2421,建準,電子工業,進榜,準備,130.62,88.0,1.0,0,-2.2,0.0,36.4,-2.0,131.6,0.7,-2.9,-0.3,35.4,-2.2,2025-08
2025-08-14,6213,聯茂,電子工業,進榜,準備,106.11,86.0,3.0,0,9.3,0.0,3.3,-2.0,110.6,4.2,4.9,-0.3,-0.9,-2.2,2025-08
2025-08-14,1612,宏泰,電器電纜,進榜,準備,35.58,75.0,1.0,0,-5.1,0.0,-5.6,-2.0,36.1,1.4,-6.5,-0.3,-7.0,-2.2,2025-08
2025-08-14,6826,和淞,其他電子業,觸發,等待後觸發,515.0,99.0,2.0,29,-0.4,0.0,-22.1,-2.0,504.5,-2.0,1.7,-0.3,-20.5,-2.2,2025-08
2025-08-14,8358,金居,電子零組件業,觸發,等待後觸發,152.3,99.0,3.0,6,62.7,0.0,55.6,-2.0,162.3,6.5,52.8,-0.3,46.0,-2.2,2025-08
2025-08-14,2753,八方雲集,觀光事業,移出,掉出掃描母體,176.5,73.0,,1,,,,,,,,,,,2025-08
2025-08-14,2597,潤弘,建材營造,移出,掉出掃描母體,154.41,74.0,,28,,,,,,,,,,,2025-08
2025-08-14,6781,AES-KY,電子工業,移出,晚期未觸發,1229.51,74.0,,9,,,,,,,,,,,2025-08
2025-08-15,5536,聖暉*,其他電子類,進榜,觸發,674.4,94.0,4.0,0,31.8,0.0,-0.4,-2.3,716.7,6.3,24.0,0.0,-6.3,-2.3,2025-08
2025-08-15,5536,聖暉*,其他電子類,觸發,進榜即觸發,674.4,94.0,4.0,0,31.8,0.0,-0.4,-2.3,716.7,6.3,24.0,0.0,-6.3,-2.3,2025-08
2025-08-15,6672,騰輝電子-KY,電子工業,進榜,準備,86.4,74.0,1.0,0,28.5,0.0,4.8,-2.3,87.5,1.2,27.0,0.0,3.5,-2.3,2025-08
2025-08-15,2753,八方雲集,觀光事業,進榜,準備,176.05,70.0,2.0,0,4.6,0.0,2.5,-2.3,176.9,0.5,4.1,0.0,2.0,-2.3,2025-08
2025-08-15,6213,聯茂,電子工業,觸發,等待後觸發,116.52,90.0,3.0,1,-2.6,0.0,-5.1,-2.3,127.4,9.4,-10.9,0.0,-13.2,-2.3,2025-08
2025-08-15,5278,尚凡,電子商務業,移出,離高點太遠,38.97,71.0,,10,,,,,,,,,,,2025-08
2025-08-18,6919,康霈*,生技醫療業,進榜,觸發,159.5,93.0,4.0,0,30.4,-0.5,-22.3,-3.0,162.0,1.6,28.4,-0.5,-23.5,-3.1,2025-08
2025-08-18,6919,康霈*,生技醫療業,觸發,進榜即觸發,159.5,93.0,4.0,0,30.4,-0.5,-22.3,-3.0,162.0,1.6,28.4,-0.5,-23.5,-3.1,2025-08
2025-08-18,4772,台特化,化學工業,進榜,準備,245.87,70.0,2.0,0,34.0,-0.5,15.7,-3.0,253.3,3.0,30.1,-0.5,12.3,-3.1,2025-08
2025-08-18,6274,台燿,電子零組件業,觸發,等待後觸發,345.73,98.0,2.0,48,-14.3,-0.5,14.1,-3.0,352.2,1.9,-15.9,-0.5,12.0,-3.1,2025-08
2025-08-18,1215,卜蜂,食品工業,觸發,等待後觸發,125.52,81.0,1.0,6,1.1,-0.5,4.2,-3.0,126.0,0.4,0.8,-0.5,3.8,-3.1,2025-08
2025-08-18,6672,騰輝電子-KY,電子工業,觸發,等待後觸發,95.01,83.0,1.0,3,12.3,-0.5,-8.7,-3.0,97.4,2.5,9.5,-0.5,-10.9,-3.1,2025-08
2025-08-18,3665,貿聯-KY,其他電子業,移出,逾期,968.64,87.0,,56,,,,,,,,,,,2025-08
2025-08-18,6472,保瑞,生技醫療業,移出,掉出掃描母體,762.61,72.0,,5,,,,,,,,,,,2025-08
2025-08-18,2753,八方雲集,觀光事業,移出,掉出掃描母體,176.05,70.0,,3,,,,,,,,,,,2025-08
2025-08-18,2607,榮運,航運業,移出,掉出掃描母體,58.37,71.0,,38,,,,,,,,,,,2025-08
2025-08-19,3551,世禾,其他電子類,進榜,準備,172.82,85.0,2.0,0,-11.1,0.0,-13.1,-3.5,171.9,-0.6,-10.6,0.0,-12.6,-3.3,2025-08
2025-08-19,5392,能率,光電業,進榜,準備,39.9,75.0,1.0,0,23.1,0.0,6.2,-3.5,40.5,1.4,21.4,0.0,4.7,-3.3,2025-08
2025-08-19,2753,八方雲集,觀光事業,進榜,準備,179.18,72.0,2.0,0,0.0,0.0,0.5,-3.5,179.2,0.0,0.0,0.0,0.5,-3.3,2025-08
2025-08-19,4772,台特化,化學工業,觸發,等待後觸發,270.11,79.0,2.0,1,17.0,0.0,5.9,-3.5,274.1,1.5,15.3,0.0,4.3,-3.3,2025-08
2025-08-19,3260,威剛,半導體業,移出,掉出掃描母體,95.41,72.0,,20,,,,,,,,,,,2025-08
2025-08-19,3596,智易,通信網路業,移出,掉出掃描母體,222.61,72.0,,8,,,,,,,,,,,2025-08
2025-08-19,3217,優群,電子零組件業,移出,掉出掃描母體,168.21,72.0,,27,,,,,,,,,,,2025-08
2025-08-19,3689,湧德,電子零組件業,移出,掉出掃描母體,109.07,74.0,,8,,,,,,,,,,,2025-08
2025-08-20,2316,楠梓電,電子工業,進榜,觸發,111.91,99.0,2.0,0,-10.6,0.6,-21.1,-3.7,113.9,1.8,-12.2,0.5,-22.4,-4.2,2025-08
2025-08-20,2316,楠梓電,電子工業,觸發,進榜即觸發,111.91,99.0,2.0,0,-10.6,0.6,-21.1,-3.7,113.9,1.8,-12.2,0.5,-22.4,-4.2,2025-08
2025-08-20,6191,精成科,電子工業,移出,離高點太遠,99.0,84.0,,54,,,,,,,,,,,2025-08
2025-08-20,1815,富喬,電子零組件業,移出,離高點太遠,68.18,98.0,,36,,,,,,,,,,,2025-08
2025-08-20,3661,世芯-KY,半導體業,移出,掉出掃描母體,3997.4,73.0,,35,,,,,,,,,,,2025-08
2025-08-20,5475,德宏,電子零組件業,移出,離高點太遠,44.95,100.0,,35,,,,,,,,,,,2025-08
2025-08-20,4991,環宇-KY,半導體業,移出,離高點太遠,154.0,86.0,,21,,,,,,,,,,,2025-08
2025-08-20,2364,倫飛,電子工業,移出,離高點太遠,67.97,73.0,,9,,,,,,,,,,,2025-08
2025-08-20,6215,和椿,其他電子業,移出,掉出掃描母體,146.59,75.0,,7,,,,,,,,,,,2025-08
2025-08-20,4772,台特化,化學工業,移出,掉出掃描母體,270.11,79.0,,2,,,,,,,,,,,2025-08
2025-08-21,3211,順達,電腦及週邊設備業,進榜,觸發,337.24,96.0,4.0,0,5.6,0.3,-24.4,-5.3,350.4,3.9,1.7,0.4,-27.2,-5.3,2025-08
2025-08-21,3211,順達,電腦及週邊設備業,觸發,進榜即觸發,337.24,96.0,4.0,0,5.6,0.3,-24.4,-5.3,350.4,3.9,1.7,0.4,-27.2,-5.3,2025-08
2025-08-21,2328,廣宇,電子零組件業,進榜,觸發,52.22,84.0,4.0,0,0.6,0.3,-13.5,-5.3,53.8,3.0,-2.4,0.4,-16.1,-5.3,2025-08
2025-08-21,2328,廣宇,電子零組件業,觸發,進榜即觸發,52.22,84.0,4.0,0,0.6,0.3,-13.5,-5.3,53.8,3.0,-2.4,0.4,-16.1,-5.3,2025-08
2025-08-21,1504,東元,電機機械,進榜,觸發,62.02,78.0,1.0,0,30.3,0.3,45.8,-5.3,65.3,5.3,23.7,0.4,38.4,-5.3,2025-08
2025-08-21,1504,東元,電機機械,觸發,進榜即觸發,62.02,78.0,1.0,0,30.3,0.3,45.8,-5.3,65.3,5.3,23.7,0.4,38.4,-5.3,2025-08
2025-08-21,3059,華晶科,光電業,進榜,觸發,50.06,77.0,4.0,0,6.1,0.3,-17.8,-5.3,50.4,0.6,5.5,0.4,-18.3,-5.3,2025-08
2025-08-21,3059,華晶科,光電業,觸發,進榜即觸發,50.06,77.0,4.0,0,6.1,0.3,-17.8,-5.3,50.4,0.6,5.5,0.4,-18.3,-5.3,2025-08
2025-08-21,3163,波若威,通信網路業,進榜,準備,179.15,80.0,3.0,0,3.3,0.3,8.5,-5.3,180.8,0.9,2.3,0.4,7.5,-5.3,2025-08
2025-08-21,3005,神基,電子工業,進榜,準備,130.15,70.0,1.0,0,16.4,0.3,-10.5,-5.3,132.5,1.8,14.3,0.4,-12.1,-5.3,2025-08
2025-08-21,2429,銘旺科,電子零組件業,移出,離高點太遠,74.7,94.0,,23,,,,,,,,,,,2025-08
2025-08-22,6739,竹陞科技,其他電子業,進榜,觸發,570.18,97.0,4.0,0,35.4,0.5,10.6,-4.1,592.9,4.0,30.2,0.0,6.3,-4.8,2025-08
2025-08-22,6739,竹陞科技,其他電子業,觸發,進榜即觸發,570.18,97.0,4.0,0,35.4,0.5,10.6,-4.1,592.9,4.0,30.2,0.0,6.3,-4.8,2025-08
2025-08-22,5284,jpp-KY,其他,進榜,觸發,223.99,89.0,2.0,0,19.9,0.5,21.8,-4.1,237.5,6.0,13.0,0.0,14.9,-4.8,2025-08
2025-08-22,5284,jpp-KY,其他,觸發,進榜即觸發,223.99,89.0,2.0,0,19.9,0.5,21.8,-4.1,237.5,6.0,13.0,0.0,14.9,-4.8,2025-08
2025-08-22,3030,德律,其他電子業,進榜,準備,197.13,93.0,1.0,0,-9.9,0.5,-28.0,-4.1,205.4,4.2,-13.6,0.0,-31.0,-4.8,2025-08
2025-08-22,6596,寬宏藝術,文化創意業,進榜,準備,139.66,91.0,3.0,0,-5.6,0.5,-12.1,-4.1,138.8,-0.6,-5.0,0.0,-11.6,-4.8,2025-08
2025-08-22,5439,高技,電子零組件業,移出,離高點太遠,268.74,95.0,,77,,,,,,,,,,,2025-08
2025-08-22,4916,事欣科,電腦及週邊設備業,移出,離高點太遠,60.27,82.0,,23,,,,,,,,,,,2025-08
2025-08-22,8234,新漢,電腦及週邊設備業,移出,離高點太遠,100.85,71.0,,23,,,,,,,,,,,2025-08
2025-08-22,2630,亞航,航運業,移出,離高點太遠,55.01,89.0,,14,,,,,,,,,,,2025-08
2025-08-25,4760,勤凱,其他電子類,進榜,觸發,147.53,87.0,1.0,0,0.6,0.0,11.7,-6.0,154.2,4.5,-3.7,0.2,6.8,-6.0,2025-08
2025-08-25,4760,勤凱,其他電子類,觸發,進榜即觸發,147.53,87.0,1.0,0,0.6,0.0,11.7,-6.0,154.2,4.5,-3.7,0.2,6.8,-6.0,2025-08
2025-08-25,6944,兆聯實業,綠能環保,進榜,觸發,450.14,86.0,4.0,0,-11.8,0.0,-12.3,-6.0,467.5,3.9,-15.0,0.2,-15.5,-6.0,2025-08
2025-08-25,6944,兆聯實業,綠能環保,觸發,進榜即觸發,450.14,86.0,4.0,0,-11.8,0.0,-12.3,-6.0,467.5,3.9,-15.0,0.2,-15.5,-6.0,2025-08
2025-08-25,7402,邑錡,光電業,進榜,觸發,104.14,70.0,2.0,0,53.1,0.0,-2.9,-6.0,108.1,3.8,47.5,0.2,-6.5,-6.0,2025-08
2025-08-25,7402,邑錡,光電業,觸發,進榜即觸發,104.14,70.0,2.0,0,53.1,0.0,-2.9,-6.0,108.1,3.8,47.5,0.2,-6.5,-6.0,2025-08
2025-08-25,3596,智易,通信網路業,進榜,準備,226.88,75.0,3.0,0,-6.7,0.0,-23.2,-6.0,227.4,0.2,-6.9,0.2,-23.4,-6.0,2025-08
2025-08-25,2329,華泰,半導體業,進榜,準備,42.97,72.0,1.0,0,11.1,0.0,6.1,-6.0,43.0,0.1,10.9,0.2,5.9,-6.0,2025-08
2025-08-25,8033,雷虎,其他,觸發,等待後觸發,144.06,99.0,2.0,24,4.8,0.0,-24.2,-6.0,155.4,7.8,-2.8,0.2,-29.7,-6.0,2025-08
2025-08-25,2884,玉山金,金融保險,移出,掉出掃描母體,32.28,74.0,,61,,,,,,,,,,,2025-08
2025-08-25,2753,八方雲集,觀光事業,移出,掉出掃描母體,175.6,72.0,,6,,,,,,,,,,,2025-08
2025-08-25,6274,台燿,電子零組件業,移出,離高點太遠,304.56,95.0,,55,,,,,,,,,,,2025-08
2025-08-25,2316,楠梓電,電子工業,移出,突破失敗,101.02,98.0,,5,,,,,,,,,,,2025-08
2025-08-26,6725,矽科宏晟,其他電子業,進榜,準備,335.57,96.0,1.0,0,-20.6,0.0,-30.7,-5.3,332.6,-0.9,-19.9,-0.2,-30.1,-5.5,2025-08
2025-08-26,3305,昇貿,其他電子業,進榜,準備,108.39,91.0,2.0,0,3.2,0.0,-15.7,-5.3,119.2,10.0,-6.2,-0.2,-23.4,-5.5,2025-08
2025-08-26,3260,威剛,半導體業,進榜,準備,97.25,70.0,2.0,0,47.8,0.0,77.6,-5.3,97.7,0.5,47.0,-0.2,76.7,-5.5,2025-08
2025-08-26,1612,宏泰,電器電纜,移出,掉出掃描母體,35.49,70.0,,12,,,,,,,,,,,2025-08
2025-08-26,2301,光寶科,電腦及週邊設備業,移出,掉出掃描母體,121.67,71.0,,21,,,,,,,,,,,2025-08
2025-08-26,8021,尖點,其他電子業,移出,離高點太遠,82.35,99.0,,19,,,,,,,,,,,2025-08
2025-08-27,8046,南電,電子工業,進榜,觸發,205.07,89.0,1.0,0,7.3,-0.5,21.7,-5.4,212.6,3.6,3.5,-0.6,17.4,-5.4,2025-08
2025-08-27,8046,南電,電子工業,觸發,進榜即觸發,205.07,89.0,1.0,0,7.3,-0.5,21.7,-5.4,212.6,3.6,3.5,-0.6,17.4,-5.4,2025-08
2025-08-27,6761,穩得,電子零組件業,進榜,準備,136.52,84.0,3.0,0,14.2,-0.5,-14.5,-5.4,150.1,9.9,3.9,-0.6,-22.3,-5.4,2025-08
2025-08-27,2329,華泰,半導體業,移出,掉出掃描母體,43.8,71.0,,2,,,,,,,,,,,2025-08
2025-08-27,3260,威剛,半導體業,移出,掉出掃描母體,97.25,70.0,,1,,,,,,,,,,,2025-08
2025-08-27,2812,台中銀,金融保險,移出,掉出掃描母體,19.68,71.0,,27,,,,,,,,,,,2025-08
2025-08-27,3059,華晶科,光電業,移出,掉出掃描母體,51.24,71.0,,6,,,,,,,,,,,2025-08
2025-08-28,6191,精成科,電子工業,進榜,觸發,127.77,91.0,5.0,0,-7.3,-0.7,-2.7,-4.7,134.1,5.0,-11.6,-0.9,-7.3,-4.9,2025-08
2025-08-28,6191,精成科,電子工業,觸發,進榜即觸發,127.77,91.0,5.0,0,-7.3,-0.7,-2.7,-4.7,134.1,5.0,-11.6,-0.9,-7.3,-4.9,2025-08
2025-08-28,4541,晟田,其他,進榜,觸發,53.51,80.0,3.0,0,-11.3,-0.7,-13.3,-4.7,56.1,4.9,-15.5,-0.9,-17.4,-4.9,2025-08
2025-08-28,4541,晟田,其他,觸發,進榜即觸發,53.51,80.0,3.0,0,-11.3,-0.7,-13.3,-4.7,56.1,4.9,-15.5,-0.9,-17.4,-4.9,2025-08
2025-08-28,8499,鼎炫-KY,其他,進榜,準備,318.95,98.0,2.0,0,-25.2,-0.7,-25.6,-4.7,333.1,4.4,-28.4,-0.9,-28.8,-4.9,2025-08
2025-08-28,3563,牧德,光電業,進榜,準備,529.43,71.0,3.0,0,-10.3,-0.7,-10.7,-4.7,526.8,-0.5,-9.8,-0.9,-10.2,-4.9,2025-08
2025-08-28,4772,台特化,化學工業,進榜,準備,285.94,71.0,2.0,0,10.0,-0.7,4.2,-4.7,292.9,2.4,7.4,-0.9,1.7,-4.9,2025-08
2025-08-28,3596,智易,通信網路業,移出,掉出掃描母體,234.95,75.0,,3,,,,,,,,,,,2025-08
2025-08-28,6826,和淞,其他電子業,移出,離高點太遠,628.0,99.0,,43,,,,,,,,,,,2025-08
2025-08-29,6667,信紘科,其他電子類,進榜,觸發,283.38,87.0,5.0,0,-9.5,-1.7,-21.1,-4.5,286.7,1.2,-10.5,-1.7,-22.0,-4.4,2025-08
2025-08-29,6667,信紘科,其他電子類,觸發,進榜即觸發,283.38,87.0,5.0,0,-9.5,-1.7,-21.1,-4.5,286.7,1.2,-10.5,-1.7,-22.0,-4.4,2025-08
2025-08-29,6753,龍德造船,航運業,進榜,觸發,159.12,83.0,3.0,0,-11.1,-1.7,-19.9,-4.5,160.6,0.9,-11.9,-1.7,-20.6,-4.4,2025-08
2025-08-29,6753,龍德造船,航運業,觸發,進榜即觸發,159.12,83.0,3.0,0,-11.1,-1.7,-19.9,-4.5,160.6,0.9,-11.9,-1.7,-20.6,-4.4,2025-08
2025-08-29,4971,IET-KY,半導體業,進榜,觸發,188.1,81.0,4.0,0,-22.0,-1.7,3.2,-4.5,190.1,1.1,-22.8,-1.7,2.1,-4.4,2025-08
2025-08-29,4971,IET-KY,半導體業,觸發,進榜即觸發,188.1,81.0,4.0,0,-22.0,-1.7,3.2,-4.5,190.1,1.1,-22.8,-1.7,2.1,-4.4,2025-08
2025-08-29,2316,楠梓電,電子工業,進榜,準備,112.9,99.0,2.0,0,-15.8,-1.7,3.1,-4.5,111.9,-0.9,-15.0,-1.7,4.0,-4.4,2025-08
2025-08-29,5439,高技,電子零組件業,進榜,準備,313.45,96.0,2.0,0,-4.2,-1.7,3.7,-4.5,313.9,0.2,-4.3,-1.7,3.6,-4.4,2025-08
2025-08-29,6274,台燿,電子零組件業,進榜,準備,365.08,96.0,2.0,0,-19.0,-1.7,17.4,-4.5,361.6,-1.0,-18.2,-1.7,18.5,-4.4,2025-08
2025-08-29,2630,亞航,航運業,進榜,準備,63.07,92.0,2.0,0,-17.6,-1.7,-20.4,-4.5,65.3,3.6,-20.5,-1.7,-23.2,-4.4,2025-08
2025-08-29,3205,佰研,生技醫療業,進榜,準備,57.5,85.0,3.0,0,-6.1,-1.7,-19.9,-4.5,58.0,0.9,-6.9,-1.7,-20.6,-4.4,2025-08
2025-08-29,4766,南寶,化學工業,進榜,準備,386.83,70.0,2.0,0,-2.0,-1.7,-18.7,-4.5,389.7,0.7,-2.7,-1.7,-19.3,-4.4,2025-08
2025-08-29,4772,台特化,化學工業,移出,掉出掃描母體,285.94,71.0,,1,,,,,,,,,,,2025-08
2025-09-01,1717,長興,化學工業,進榜,準備,45.29,91.0,2.0,0,-11.6,-0.3,-12.5,-3.3,47.1,3.9,-15.0,-0.5,-15.8,-3.5,2025-09
2025-09-01,6669,緯穎,電子工業,移出,掉出掃描母體,2881.55,80.0,,35,,,,,,,,,,,2025-09
2025-09-01,8271,宇瞻,半導體業,移出,掉出掃描母體,62.34,72.0,,25,,,,,,,,,,,2025-09
2025-09-01,8358,金居,電子零組件業,移出,離高點太遠,195.11,100.0,,24,,,,,,,,,,,2025-09
2025-09-01,7642,昶瑞機電,電機機械,移出,掉出掃描母體,119.9,76.0,,21,,,,,,,,,,,2025-09
2025-09-01,4760,勤凱,其他電子類,移出,離高點太遠,170.53,91.0,,7,,,,,,,,,,,2025-09
2025-09-02,8038,長園科,電子零組件業,觸發,等待後觸發,57.4,96.0,3.0,20,-14.5,-0.3,-30.1,-3.3,60.2,4.9,-18.5,-0.3,-33.3,-3.4,2025-09
2025-09-02,2368,金像電,電子零組件業,移出,離高點太遠,431.94,93.0,,89,,,,,,,,,,,2025-09
2025-09-02,4931,新盛力,電腦及週邊設備業,移出,離高點太遠,148.41,96.0,,26,,,,,,,,,,,2025-09
2025-09-02,6591,動力-KY,電子工業,移出,離高點太遠,76.03,81.0,,22,,,,,,,,,,,2025-09
2025-09-02,5392,能率,光電業,移出,掉出掃描母體,39.35,72.0,,14,,,,,,,,,,,2025-09
2025-09-02,7402,邑錡,光電業,移出,離高點太遠,112.61,77.0,,8,,,,,,,,,,,2025-09
2025-09-02,6725,矽科宏晟,其他電子業,移出,離高點太遠,282.07,89.0,,7,,,,,,,,,,,2025-09
2025-09-02,8046,南電,電子工業,移出,離高點太遠,196.59,88.0,,6,,,,,,,,,,,2025-09
2025-09-02,3563,牧德,光電業,移出,掉出掃描母體,532.99,71.0,,5,,,,,,,,,,,2025-09
2025-09-02,8499,鼎炫-KY,其他,移出,離高點太遠,273.67,92.0,,5,,,,,,,,,,,2025-09
2025-09-02,6667,信紘科,其他電子類,移出,突破失敗,260.31,83.0,,4,,,,,,,,,,,2025-09
2025-09-02,6753,龍德造船,航運業,移出,離高點太遠,144.25,79.0,,4,,,,,,,,,,,2025-09
2025-09-02,4971,IET-KY,半導體業,移出,突破失敗,170.64,73.0,,4,,,,,,,,,,,2025-09
2025-09-03,2429,銘旺科,電子零組件業,進榜,觸發,105.5,97.0,5.0,0,12.8,-0.8,-25.8,-3.7,115.5,9.5,3.0,-1.1,-32.2,-4.2,2025-09
2025-09-03,2429,銘旺科,電子零組件業,觸發,進榜即觸發,105.5,97.0,5.0,0,12.8,-0.8,-25.8,-3.7,115.5,9.5,3.0,-1.1,-32.2,-4.2,2025-09
2025-09-03,6291,沛亨,半導體業,進榜,觸發,169.0,94.0,1.0,0,-10.2,-0.8,-0.9,-3.7,185.7,9.9,-18.3,-1.1,-9.8,-4.2,2025-09
2025-09-03,6291,沛亨,半導體業,觸發,進榜即觸發,169.0,94.0,1.0,0,-10.2,-0.8,-0.9,-3.7,185.7,9.9,-18.3,-1.1,-9.8,-4.2,2025-09
2025-09-03,2634,漢翔,航運業,進榜,觸發,66.2,86.0,1.0,0,-17.0,-0.8,-23.2,-3.7,68.7,3.7,-20.0,-1.1,-26.0,-4.2,2025-09
2025-09-03,2634,漢翔,航運業,觸發,進榜即觸發,66.2,86.0,1.0,0,-17.0,-0.8,-23.2,-3.7,68.7,3.7,-20.0,-1.1,-26.0,-4.2,2025-09
2025-09-03,1810,和成,玻璃陶瓷,進榜,觸發,23.97,82.0,1.0,0,-21.7,-0.8,-29.1,-3.7,25.1,4.8,-25.2,-1.1,-32.3,-4.2,2025-09
2025-09-03,1810,和成,玻璃陶瓷,觸發,進榜即觸發,23.97,82.0,1.0,0,-21.7,-0.8,-29.1,-3.7,25.1,4.8,-25.2,-1.1,-32.3,-4.2,2025-09
2025-09-03,3059,華晶科,光電業,進榜,準備,53.2,71.0,3.0,0,-4.7,-0.8,-20.6,-3.7,54.3,2.1,-6.6,-1.1,-22.2,-4.2,2025-09
2025-09-03,6761,穩得,電子零組件業,觸發,等待後觸發,164.12,91.0,3.0,7,-16.2,-0.8,-23.9,-3.7,169.0,2.9,-18.6,-1.1,-26.1,-4.2,2025-09
2025-09-03,2630,亞航,航運業,觸發,等待後觸發,71.42,96.0,2.0,5,-25.2,-0.8,-29.8,-3.7,74.5,4.3,-28.2,-1.1,-32.7,-4.2,2025-09
2025-09-03,4722,國精化,化學工業,移出,離高點太遠,132.99,96.0,,23,,,,,,,,,,,2025-09
2025-09-03,5536,聖暉*,其他電子類,移出,離高點太遠,839.56,98.0,,19,,,,,,,,,,,2025-09
2025-09-04,6753,龍德造船,航運業,進榜,觸發,174.0,88.0,3.0,0,-17.0,-1.7,-31.9,-4.2,178.5,2.6,-19.0,-2.0,-33.6,-4.4,2025-09
2025-09-04,6753,龍德造船,航運業,觸發,進榜即觸發,174.0,88.0,3.0,0,-17.0,-1.7,-31.9,-4.2,178.5,2.6,-19.0,-2.0,-33.6,-4.4,2025-09
2025-09-04,2208,台船,航運業,進榜,觸發,22.65,78.0,1.0,0,1.3,-1.7,-7.3,-4.2,24.7,9.1,-7.1,-2.0,-15.0,-4.4,2025-09
2025-09-04,2208,台船,航運業,觸發,進榜即觸發,22.65,78.0,1.0,0,1.3,-1.7,-7.3,-4.2,24.7,9.1,-7.1,-2.0,-15.0,-4.4,2025-09
2025-09-04,4303,信立,塑膠工業,進榜,觸發,53.29,76.0,3.0,0,-6.6,-1.7,-15.3,-4.2,54.3,2.0,-8.4,-2.0,-16.9,-4.4,2025-09
2025-09-04,4303,信立,塑膠工業,觸發,進榜即觸發,53.29,76.0,3.0,0,-6.6,-1.7,-15.3,-4.2,54.3,2.0,-8.4,-2.0,-16.9,-4.4,2025-09
2025-09-04,3665,貿聯-KY,其他電子業,進榜,準備,1050.93,92.0,3.0,0,0.0,-1.7,43.9,-4.2,1075.7,2.4,-2.3,-2.0,40.6,-4.4,2025-09
2025-09-04,7402,邑錡,光電業,進榜,準備,135.53,87.0,2.0,0,8.5,-1.7,-4.4,-4.2,142.0,4.8,3.5,-2.0,-8.8,-4.4,2025-09
2025-09-04,5314,世紀*,半導體業,觸發,等待後觸發,23.43,96.0,3.0,36,26.5,-1.7,9.4,-4.2,24.4,4.0,21.7,-2.0,5.2,-4.4,2025-09
2025-09-04,2383,台光電,電子工業,移出,離高點太遠,1109.93,90.0,,125,,,,,,,,,,,2025-09
2025-09-04,2404,漢唐,其他電子業,移出,離高點太遠,1002.78,98.0,,112,,,,,,,,,,,2025-09
2025-09-04,5469,瀚宇博,電子零組件業,移出,離高點太遠,79.04,84.0,,48,,,,,,,,,,,2025-09
2025-09-04,3694,海華,通信網路業,移出,離高點太遠,86.77,84.0,,24,,,,,,,,,,,2025-09
2025-09-04,6944,兆聯實業,綠能環保,移出,掉出掃描母體,419.12,72.0,,10,,,,,,,,,,,2025-09
2025-09-04,3305,昇貿,其他電子業,移出,離高點太遠,116.73,96.0,,9,,,,,,,,,,,2025-09
2025-09-04,2316,楠梓電,電子工業,移出,離高點太遠,96.76,98.0,,6,,,,,,,,,,,2025-09
2025-09-04,6274,台燿,電子零組件業,移出,離高點太遠,305.06,92.0,,6,,,,,,,,,,,2025-09
2025-09-04,1717,長興,化學工業,移出,離高點太遠,40.22,85.0,,3,,,,,,,,,,,2025-09
2025-09-05,6223,旺矽,半導體業,進榜,觸發,1514.82,96.0,6.0,0,7.6,-1.6,43.4,-4.2,1559.7,3.0,4.5,-1.8,39.3,-4.3,2025-09
2025-09-05,6223,旺矽,半導體業,觸發,進榜即觸發,1514.82,96.0,6.0,0,7.6,-1.6,43.4,-4.2,1559.7,3.0,4.5,-1.8,39.3,-4.3,2025-09
2025-09-05,1295,生合,食品工業,進榜,觸發,148.65,94.0,3.0,0,-27.2,-1.6,-39.2,-4.2,148.6,0.0,-27.2,-1.8,-39.2,-4.3,2025-09
2025-09-05,1295,生合,食品工業,觸發,進榜即觸發,148.65,94.0,3.0,0,-27.2,-1.6,-39.2,-4.2,148.6,0.0,-27.2,-1.8,-39.2,-4.3,2025-09
2025-09-05,3260,威剛,半導體業,進榜,觸發,106.44,70.0,2.0,0,58.2,-1.6,60.0,-4.2,109.3,2.7,54.0,-1.8,55.8,-4.3,2025-09
2025-09-05,3260,威剛,半導體業,觸發,進榜即觸發,106.44,70.0,2.0,0,58.2,-1.6,60.0,-4.2,109.3,2.7,54.0,-1.8,55.8,-4.3,2025-09
2025-09-05,6682,華旭先進,光電業,進榜,準備,53.2,100.0,1.0,0,-6.3,-1.6,-39.0,-4.2,51.8,-2.6,-3.8,-1.8,-37.4,-4.3,2025-09
2025-09-05,8358,金居,電子零組件業,進榜,準備,226.46,100.0,2.0,0,12.7,-1.6,3.7,-4.2,239.9,5.9,6.4,-1.8,-2.1,-4.3,2025-09
2025-09-05,3059,華晶科,光電業,觸發,等待後觸發,59.1,79.0,3.0,2,-13.4,-1.6,-25.9,-4.2,60.0,1.5,-14.7,-1.8,-27.0,-4.3,2025-09
2025-09-05,1215,卜蜂,食品工業,移出,掉出掃描母體,127.42,73.0,,24,,,,,,,,,,,2025-09
2025-09-05,2630,亞航,航運業,移出,離高點太遠,66.61,94.0,,7,,,,,,,,,,,2025-09
2025-09-05,1810,和成,玻璃陶瓷,移出,突破失敗,21.94,75.0,,2,,,,,,,,,,,2025-09
2025-09-08,8088,品安,半導體業,進榜,觸發,35.65,71.0,2.0,0,4.0,-1.8,9.6,-4.4,37.1,4.1,-0.1,-2.1,5.3,-4.6,2025-09
2025-09-08,8088,品安,半導體業,觸發,進榜即觸發,35.65,71.0,2.0,0,4.0,-1.8,9.6,-4.4,37.1,4.1,-0.1,-2.1,5.3,-4.6,2025-09
2025-09-08,6949,沛爾生醫-創,創新版股票,進榜,準備,486.56,99.0,2.0,0,-19.6,-1.8,-25.4,-4.4,486.6,0.0,-19.6,-2.1,-25.4,-4.6,2025-09
2025-09-08,4772,台特化,化學工業,進榜,準備,304.24,71.0,2.0,0,10.6,-1.8,0.8,-4.4,306.2,0.7,9.9,-2.1,0.2,-4.6,2025-09
2025-09-08,6213,聯茂,電子工業,移出,離高點太遠,114.54,82.0,,25,,,,,,,,,,,2025-09
2025-09-08,6761,穩得,電子零組件業,移出,離高點太遠,152.02,86.0,,12,,,,,,,,,,,2025-09
2025-09-08,3205,佰研,生技醫療業,移出,掉出掃描母體,54.6,84.0,,10,,,,,,,,,,,2025-09
2025-09-08,3260,威剛,半導體業,移出,掉出掃描母體,106.44,70.0,,3,,,,,,,,,,,2025-09
2025-09-09,5309,系統電,電子零組件業,進榜,觸發,70.75,90.0,4.0,0,2.5,-1.7,-10.8,-4.2,73.6,4.1,-1.5,-1.7,-14.3,-4.3,2025-09
2025-09-09,5309,系統電,電子零組件業,觸發,進榜即觸發,70.75,90.0,4.0,0,2.5,-1.7,-10.8,-4.2,73.6,4.1,-1.5,-1.7,-14.3,-4.3,2025-09
2025-09-09,3515,華擎,電子工業,進榜,準備,275.41,76.0,2.0,0,6.4,-1.7,-14.2,-4.2,283.0,2.8,3.5,-1.7,-16.5,-4.3,2025-09
2025-09-09,2301,光寶科,電腦及週邊設備業,進榜,準備,136.76,75.0,3.0,0,21.7,-1.7,14.2,-4.2,146.0,6.8,14.0,-1.7,7.0,-4.3,2025-09
2025-09-09,5289,宜鼎,電腦及週邊設備業,進榜,準備,325.74,75.0,2.0,0,20.5,-1.7,44.8,-4.2,337.9,3.7,16.2,-1.7,39.6,-4.3,2025-09
2025-09-09,8358,金居,電子零組件業,觸發,等待後觸發,254.34,100.0,2.0,4,-6.7,-1.7,-4.5,-4.2,264.8,4.1,-10.3,-1.7,-8.3,-4.3,2025-09
2025-09-09,6290,良維,電子零組件業,移出,掉出掃描母體,112.64,72.0,,60,,,,,,,,,,,2025-09
2025-09-09,6190,萬泰科,通信網路業,移出,掉出掃描母體,46.62,70.0,,48,,,,,,,,,,,2025-09
2025-09-09,2421,建準,電子工業,移出,掉出掃描母體,127.73,73.0,,26,,,,,,,,,,,2025-09
2025-09-09,2328,廣宇,電子零組件業,移出,掉出掃描母體,54.67,73.0,,19,,,,,,,,,,,2025-09
2025-09-09,4303,信立,塑膠工業,移出,掉出掃描母體,56.17,75.0,,5,,,,,,,,,,,2025-09
2025-09-10,5475,德宏,電子零組件業,進榜,觸發,56.8,99.0,3.0,0,18.0,-2.2,46.5,-4.2,59.9,5.5,11.9,-2.3,38.9,-4.2,2025-09
2025-09-10,5475,德宏,電子零組件業,觸發,進榜即觸發,56.8,99.0,3.0,0,18.0,-2.2,46.5,-4.2,59.9,5.5,11.9,-2.3,38.9,-4.2,2025-09
2025-09-10,2059,川湖,電子工業,進榜,觸發,3472.75,89.0,4.0,0,6.7,-2.2,0.4,-4.2,3437.9,-1.0,7.8,-2.3,1.4,-4.2,2025-09
2025-09-10,2059,川湖,電子工業,觸發,進榜即觸發,3472.75,89.0,4.0,0,6.7,-2.2,0.4,-4.2,3437.9,-1.0,7.8,-2.3,1.4,-4.2,2025-09
2025-09-10,6727,亞泰金屬,電子零組件業,進榜,準備,232.96,99.0,2.0,0,-20.2,-2.2,-24.4,-4.2,230.5,-1.1,-19.3,-2.3,-23.6,-4.2,2025-09
2025-09-10,3219,倚強股份,半導體業,進榜,準備,107.25,98.0,2.0,0,-33.6,-2.2,-46.3,-4.2,109.2,1.8,-34.8,-2.3,-47.3,-4.2,2025-09
2025-09-10,1215,卜蜂,食品工業,進榜,準備,130.75,70.0,1.0,0,1.8,-2.2,4.0,-4.2,129.8,-0.7,2.6,-2.3,4.8,-4.2,2025-09
2025-09-10,3515,華擎,電子工業,觸發,等待後觸發,302.57,79.0,2.0,1,-6.0,-2.2,-22.0,-4.2,308.8,2.0,-7.9,-2.3,-23.6,-4.2,2025-09
2025-09-10,2301,光寶科,電腦及週邊設備業,觸發,等待後觸發,150.39,78.0,3.0,1,8.7,-2.2,2.9,-4.2,156.7,4.2,4.3,-2.3,-1.2,-4.2,2025-09
2025-09-10,8088,品安,半導體業,移出,掉出掃描母體,38.34,78.0,,2,,,,,,,,,,,2025-09
2025-09-10,3294,英濟,電子零組件業,移出,離高點太遠,51.6,77.0,,41,,,,,,,,,,,2025-09
2025-09-10,6919,康霈*,生技醫療業,移出,離高點太遠,229.5,98.0,,23,,,,,,,,,,,2025-09
2025-09-10,1295,生合,食品工業,移出,突破失敗,132.45,87.0,,5,,,,,,,,,,,2025-09
2025-09-11,3305,昇貿,其他電子業,進榜,準備,141.25,98.0,2.0,0,-29.2,-1.8,-32.8,-3.3,148.1,4.9,-32.5,-2.1,-36.0,-3.6,2025-09
2025-09-11,3260,威剛,半導體業,進榜,準備,112.73,73.0,2.0,0,53.6,-1.8,54.9,-3.3,116.1,3.0,49.2,-2.1,50.4,-3.6,2025-09
2025-09-11,6139,亞翔,電子工業,移出,逾期,387.0,84.0,,56,,,,,,,,,,,2025-09
2025-09-11,1616,億泰,電器電纜,移出,掉出掃描母體,35.35,81.0,,36,,,,,,,,,,,2025-09
2025-09-11,6596,寬宏藝術,文化創意業,移出,晚期未觸發,137.48,84.0,,20,,,,,,,,,,,2025-09
2025-09-11,4541,晟田,其他,移出,離高點太遠,55.36,75.0,,14,,,,,,,,,,,2025-09
2025-09-11,6682,華旭先進,光電業,移出,離高點太遠,57.9,100.0,,6,,,,,,,,,,,2025-09
2025-09-12,6138,茂達,半導體業,進榜,觸發,201.55,72.0,1.0,0,2.4,-2.0,4.5,-3.8,215.4,6.9,-4.2,-2.0,-2.2,-3.9,2025-09
2025-09-12,6138,茂達,半導體業,觸發,進榜即觸發,201.55,72.0,1.0,0,2.4,-2.0,4.5,-3.8,215.4,6.9,-4.2,-2.0,-2.2,-3.9,2025-09
2025-09-12,3257,虹冠電,半導體業,進榜,準備,74.04,77.0,2.0,0,-11.4,-2.0,-18.5,-3.8,72.2,-2.4,-9.2,-2.0,-16.4,-3.9,2025-09
2025-09-12,5392,能率,光電業,進榜,準備,42.47,73.0,2.0,0,11.0,-2.0,6.9,-3.8,44.8,5.4,5.3,-2.0,1.4,-3.9,2025-09
2025-09-12,8932,智通*,其他,移出,離高點太遠,87.47,96.0,,95,,,,,,,,,,,2025-09
2025-09-12,2645,長榮航太,航運業,移出,離高點太遠,181.64,92.0,,44,,,,,,,,,,,2025-09
2025-09-12,3551,世禾,其他電子類,移出,掉出掃描母體,162.46,77.0,,24,,,,,,,,,,,2025-09
2025-09-12,3030,德律,其他電子業,移出,離高點太遠,182.46,84.0,,21,,,,,,,,,,,2025-09
2025-09-12,6191,精成科,電子工業,移出,離高點太遠,123.38,92.0,,15,,,,,,,,,,,2025-09
2025-09-12,4766,南寶,化學工業,移出,掉出掃描母體,380.17,70.0,,14,,,,,,,,,,,2025-09
2025-09-12,8358,金居,電子零組件業,移出,離高點太遠,232.44,100.0,,7,,,,,,,,,,,2025-09
2025-09-12,6727,亞泰金屬,電子零組件業,移出,離高點太遠,196.86,99.0,,2,,,,,,,,,,,2025-09
2025-09-12,5475,德宏,電子零組件業,移出,離高點太遠,51.5,99.0,,2,,,,,,,,,,,2025-09
2025-09-15,2408,南亞科,半導體業,進榜,觸發,62.9,73.0,2.0,0,50.4,-1.3,156.7,-3.1,64.8,3.0,46.0,-1.4,149.2,-3.2,2025-09
2025-09-15,2408,南亞科,半導體業,觸發,進榜即觸發,62.9,73.0,2.0,0,50.4,-1.3,156.7,-3.1,64.8,3.0,46.0,-1.4,149.2,-3.2,2025-09
2025-09-15,8271,宇瞻,半導體業,進榜,準備,67.32,76.0,1.0,0,63.3,-1.3,35.0,-3.1,66.7,-0.9,64.7,-1.4,36.2,-3.2,2025-09
2025-09-15,2344,華邦電,半導體業,進榜,準備,26.66,74.0,1.0,0,64.2,-1.3,178.4,-3.1,26.4,-1.1,66.0,-1.4,181.5,-3.2,2025-09
2025-09-15,4772,台特化,化學工業,移出,晚期未觸發,329.47,83.0,,7,,,,,,,,,,,2025-09
2025-09-15,3257,虹冠電,半導體業,移出,掉出掃描母體,74.04,77.0,,3,,,,,,,,,,,2025-09
2025-09-15,8033,雷虎,其他,移出,離高點太遠,148.98,98.0,,45,,,,,,,,,,,2025-09
2025-09-15,3605,宏致,電子工業,移出,掉出掃描母體,75.45,75.0,,34,,,,,,,,,,,2025-09
2025-09-15,8038,長園科,電子零組件業,移出,離高點太遠,52.5,90.0,,33,,,,,,,,,,,2025-09
2025-09-15,3163,波若威,通信網路業,移出,掉出掃描母體,195.28,73.0,,25,,,,,,,,,,,2025-09
2025-09-15,2429,銘旺科,電子零組件業,移出,離高點太遠,127.0,97.0,,12,,,,,,,,,,,2025-09
2025-09-15,6291,沛亨,半導體業,移出,離高點太遠,177.84,96.0,,12,,,,,,,,,,,2025-09
2025-09-15,7402,邑錡,光電業,移出,離高點太遠,143.5,89.0,,11,,,,,,,,,,,2025-09
2025-09-15,6753,龍德造船,航運業,移出,離高點太遠,169.0,90.0,,11,,,,,,,,,,,2025-09
2025-09-15,6949,沛爾生醫-創,創新版股票,移出,離高點太遠,420.3,99.0,,7,,,,,,,,,,,2025-09
2025-09-15,5309,系統電,電子零組件業,移出,離高點太遠,68.36,91.0,,6,,,,,,,,,,,2025-09
2025-09-15,3219,倚強股份,半導體業,移出,離高點太遠,92.75,97.0,,5,,,,,,,,,,,2025-09
2025-09-16,6923,中台,綠能環保,進榜,觸發,109.68,86.0,2.0,0,-4.8,-1.7,-12.7,-3.3,109.7,0.0,-4.8,-1.8,-12.7,-3.4,2025-09
2025-09-16,6923,中台,綠能環保,觸發,進榜即觸發,109.68,86.0,2.0,0,-4.8,-1.7,-12.7,-3.3,109.7,0.0,-4.8,-1.8,-12.7,-3.4,2025-09
2025-09-16,1215,卜蜂,食品工業,移出,掉出掃描母體,126.94,72.0,,6,,,,,,,,,,,2025-09
2025-09-17,6691,洋基工程,其他電子業,移出,掉出掃描母體,409.27,75.0,,41,,,,,,,,,,,2025-09
2025-09-17,3515,華擎,電子工業,移出,離高點太遠,265.88,71.0,,8,,,,,,,,,,,2025-09
2025-09-17,3305,昇貿,其他電子業,移出,離高點太遠,126.05,98.0,,6,,,,,,,,,,,2025-09
2025-09-18,6515,穎崴,電子工業,進榜,觸發,1861.24,87.0,5.0,0,30.7,-1.8,37.1,-4.2,1876.1,0.8,29.6,-2.0,36.0,-4.5,2025-09
2025-09-18,6515,穎崴,電子工業,觸發,進榜即觸發,1861.24,87.0,5.0,0,30.7,-1.8,37.1,-4.2,1876.1,0.8,29.6,-2.0,36.0,-4.5,2025-09
2025-09-18,2481,強茂,半導體業,進榜,準備,73.36,82.0,2.0,0,32.1,-1.8,6.0,-4.2,75.1,2.4,29.0,-2.0,3.5,-4.5,2025-09
2025-09-18,5274,信驊,半導體業,進榜,準備,4664.85,77.0,3.0,0,3.2,-1.8,26.1,-4.2,4714.6,1.1,2.1,-2.0,24.8,-4.5,2025-09
2025-09-18,8299,群聯,半導體業,進榜,準備,712.8,72.0,1.0,0,20.2,-1.8,52.5,-4.2,720.7,1.1,18.9,-2.0,50.8,-4.5,2025-09
2025-09-18,2344,華邦電,半導體業,觸發,等待後觸發,32.13,86.0,1.0,3,38.1,-1.8,128.8,-4.2,33.8,5.3,31.2,-2.0,117.4,-4.5,2025-09
2025-09-18,5284,jpp-KY,其他,移出,離高點太遠,262.21,84.0,,27,,,,,,,,,,,2025-09
2025-09-18,3059,華晶科,光電業,移出,離高點太遠,53.1,71.0,,15,,,,,,,,,,,2025-09
2025-09-18,2208,台船,航運業,移出,離高點太遠,25.05,81.0,,14,,,,,,,,,,,2025-09
2025-09-19,5469,瀚宇博,電子零組件業,進榜,觸發,94.56,92.0,1.0,0,-8.8,-1.4,-5.1,-4.6,96.5,2.1,-10.7,-1.6,-7.0,-4.8,2025-09
2025-09-19,5469,瀚宇博,電子零組件業,觸發,進榜即觸發,94.56,92.0,1.0,0,-8.8,-1.4,-5.1,-4.6,96.5,2.1,-10.7,-1.6,-7.0,-4.8,2025-09
2025-09-19,3036,文曄,電子工業,進榜,觸發,135.14,70.0,1.0,0,-2.2,-1.4,5.8,-4.6,133.7,-1.1,-1.1,-1.6,6.9,-4.8,2025-09
2025-09-19,3036,文曄,電子工業,觸發,進榜即觸發,135.14,70.0,1.0,0,-2.2,-1.4,5.8,-4.6,133.7,-1.1,-1.1,-1.6,6.9,-4.8,2025-09
2025-09-19,6290,良維,電子零組件業,進榜,準備,116.05,77.0,2.0,0,30.3,-1.4,47.1,-4.6,118.5,2.1,27.6,-1.6,44.0,-4.8,2025-09
2025-09-19,2374,佳能,光電業,移出,離高點太遠,81.57,91.0,,42,,,,,,,,,,,2025-09
2025-09-19,1504,東元,電機機械,移出,離高點太遠,78.55,89.0,,29,,,,,,,,,,,2025-09
2025-09-19,3211,順達,電腦及週邊設備業,移出,離高點太遠,343.56,95.0,,29,,,,,,,,,,,2025-09
2025-09-19,6138,茂達,半導體業,移出,掉出掃描母體,210.65,72.0,,7,,,,,,,,,,,2025-09
2025-09-22,4722,國精化,化學工業,進榜,觸發,166.36,99.0,4.0,0,5.7,-1.9,4.5,-4.3,177.8,6.9,-1.1,-1.9,-2.2,-4.4,2025-09
2025-09-22,4722,國精化,化學工業,觸發,進榜即觸發,166.36,99.0,4.0,0,5.7,-1.9,4.5,-4.3,177.8,6.9,-1.1,-1.9,-2.2,-4.4,2025-09
2025-09-22,8046,南電,電子工業,進榜,準備,235.01,96.0,2.0,0,15.7,-1.9,1.7,-4.3,238.5,1.5,14.0,-1.9,0.2,-4.4,2025-09
2025-09-22,6209,今國光,光電業,進榜,準備,41.95,84.0,1.0,0,3.4,-1.9,48.6,-4.3,41.7,-0.7,4.2,-1.9,49.7,-4.4,2025-09
2025-09-22,3260,威剛,半導體業,觸發,等待後觸發,147.56,91.0,2.0,11,22.3,-1.9,23.6,-4.3,147.6,0.0,22.3,-1.9,23.6,-4.4,2025-09
2025-09-22,2345,智邦,通信網路業,移出,離高點太遠,981.23,82.0,,42,,,,,,,,,,,2025-09
2025-09-22,3036,文曄,電子工業,移出,掉出掃描母體,135.14,70.0,,3,,,,,,,,,,,2025-09
2025-09-23,1504,東元,電機機械,進榜,準備,91.38,95.0,2.0,0,22.3,-1.6,-6.7,-3.7,92.9,1.7,20.3,-1.6,-8.3,-3.8,2025-09
2025-09-23,6672,騰輝電子-KY,電子工業,移出,離高點太遠,100.29,74.0,,39,,,,,,,,,,,2025-09
2025-09-23,6923,中台,綠能環保,移出,離高點太遠,99.58,76.0,,7,,,,,,,,,,,2025-09
2025-09-24,2634,漢翔,航運業,移出,掉出掃描母體,61.76,71.0,,21,,,,,,,,,,,2025-09
2025-09-24,6209,今國光,光電業,移出,掉出掃描母體,37.78,74.0,,2,,,,,,,,,,,2025-09
2025-09-25,6138,茂達,半導體業,進榜,準備,214.0,72.0,3.0,0,6.5,-2.3,-2.7,-3.9,214.5,0.2,6.2,-2.2,-2.9,-3.8,2025-09
2025-09-25,1215,卜蜂,食品工業,進榜,準備,132.17,71.0,1.0,0,-1.1,-2.3,-3.2,-3.9,131.7,-0.4,-0.7,-2.2,-2.9,-3.8,2025-09
2025-09-25,3665,貿聯-KY,其他電子業,移出,離高點太遠,989.46,86.0,,21,,,,,,,,,,,2025-09
2025-09-25,2059,川湖,電子工業,移出,突破失敗,3158.86,88.0,,15,,,,,,,,,,,2025-09
2025-09-25,8299,群聯,半導體業,移出,掉出掃描母體,686.14,73.0,,7,,,,,,,,,,,2025-09
2025-09-25,5469,瀚宇博,電子零組件業,移出,離高點太遠,90.1,90.0,,6,,,,,,,,,,,2025-09
2025-09-26,6196,帆宣,其他電子業,移出,離高點太遠,238.62,83.0,,127,,,,,,,,,,,2025-09
2025-09-26,8210,勤誠,電子工業,移出,掉出掃描母體,586.73,92.0,,100,,,,,,,,,,,2025-09
2025-09-26,3044,健鼎,電子工業,移出,掉出掃描母體,293.39,78.0,,95,,,,,,,,,,,2025-09
2025-09-26,5289,宜鼎,電腦及週邊設備業,移出,離高點太遠,300.53,72.0,,17,,,,,,,,,,,2025-09
2025-09-26,2408,南亞科,半導體業,移出,離高點太遠,70.77,89.0,,11,,,,,,,,,,,2025-09
2025-09-30,3231,緯創,電子工業,進榜,觸發,135.53,72.0,2.0,0,7.1,-2.4,3.9,-2.9,140.8,3.9,3.1,-2.4,0.0,-3.1,2025-09
2025-09-30,3231,緯創,電子工業,觸發,進榜即觸發,135.53,72.0,2.0,0,7.1,-2.4,3.9,-2.9,140.8,3.9,3.1,-2.4,0.0,-3.1,2025-09
2025-09-30,6418,詠昇,電子零組件業,進榜,準備,74.7,100.0,1.0,0,-29.1,-2.4,-40.3,-2.9,72.6,-2.8,-27.1,-2.4,-38.6,-3.1,2025-09
2025-09-30,1215,卜蜂,食品工業,移出,掉出掃描母體,130.75,72.0,,5,,,,,,,,,,,2025-09
2025-10-01,5475,德宏,電子零組件業,進榜,觸發,65.1,99.0,3.0,0,5.1,-2.2,49.6,-2.9,65.0,-0.2,5.2,-2.5,49.8,-3.2,2025-10
2025-10-01,5475,德宏,電子零組件業,觸發,進榜即觸發,65.1,99.0,3.0,0,5.1,-2.2,49.6,-2.9,65.0,-0.2,5.2,-2.5,49.8,-3.2,2025-10
2025-10-01,8021,尖點,其他電子業,進榜,觸發,109.6,99.0,3.0,0,11.3,-2.2,68.0,-2.9,114.0,4.1,6.9,-2.5,61.5,-3.2,2025-10
2025-10-01,8021,尖點,其他電子業,觸發,進榜即觸發,109.6,99.0,3.0,0,11.3,-2.2,68.0,-2.9,114.0,4.1,6.9,-2.5,61.5,-3.2,2025-10
2025-10-01,3036,文曄,電子工業,進榜,準備,139.03,71.0,1.0,0,2.4,-2.2,-4.2,-2.9,139.0,0.0,2.4,-2.5,-4.2,-3.2,2025-10
2025-10-01,6138,茂達,半導體業,移出,掉出掃描母體,213.04,70.0,,6,,,,,,,,,,,2025-10
2025-10-01,6831,邁科,電腦及週邊設備業,移出,掉出掃描母體,175.7,90.0,,48,,,,,,,,,,,2025-10
2025-10-02,8299,群聯,半導體業,進榜,觸發,785.85,84.0,1.0,0,31.3,-2.9,83.2,-2.8,779.9,-0.8,32.3,-2.8,84.6,-2.8,2025-10
2025-10-02,8299,群聯,半導體業,觸發,進榜即觸發,785.85,84.0,1.0,0,31.3,-2.9,83.2,-2.8,779.9,-0.8,32.3,-2.8,84.6,-2.8,2025-10
2025-10-02,3017,奇鋐,電子工業,進榜,準備,1092.43,95.0,3.0,0,30.5,-2.9,37.3,-2.8,1107.3,1.4,28.7,-2.8,35.4,-2.8,2025-10
2025-10-02,3044,健鼎,電子工業,進榜,準備,300.69,80.0,3.0,0,10.8,-2.9,2.8,-2.8,301.7,0.3,10.5,-2.8,2.4,-2.8,2025-10
2025-10-02,6138,茂達,半導體業,進榜,準備,229.8,78.0,3.0,0,-1.9,-2.9,-10.0,-2.8,230.8,0.4,-2.3,-2.8,-10.4,-2.8,2025-10
2025-10-02,1504,東元,電機機械,觸發,等待後觸發,111.31,98.0,2.0,9,-0.9,-2.9,-26.6,-2.8,111.3,0.0,-0.9,-2.8,-26.6,-2.8,2025-10
2025-10-02,3036,文曄,電子工業,移出,掉出掃描母體,139.03,71.0,,1,,,,,,,,,,,2025-10
2025-10-03,2408,南亞科,半導體業,進榜,準備,82.73,92.0,3.0,0,66.3,-2.9,,,86.9,5.1,58.3,-3.0,,,2025-10
2025-10-03,5284,jpp-KY,其他,進榜,準備,297.05,92.0,3.0,0,-8.5,-2.9,,,299.9,1.0,-9.4,-3.0,,,2025-10
2025-10-03,6274,台燿,電子零組件業,進榜,準備,333.33,92.0,3.0,0,18.2,-2.9,,,343.7,3.1,14.6,-3.0,,,2025-10
2025-10-03,4772,台特化,化學工業,進榜,準備,331.45,84.0,3.0,0,-4.8,-2.9,,,337.9,1.9,-6.6,-3.0,,,2025-10
2025-10-03,3551,世禾,其他電子類,進榜,準備,167.35,78.0,3.0,0,-2.9,-2.9,,,171.3,2.3,-5.1,-3.0,,,2025-10
2025-10-03,3017,奇鋐,電子工業,觸發,等待後觸發,1156.98,97.0,3.0,1,24.0,-2.9,,,1186.8,2.6,20.9,-3.0,,,2025-10
2025-10-03,6138,茂達,半導體業,移出,掉出掃描母體,229.8,78.0,,1,,,,,,,,,,,2025-10
2025-10-03,5314,世紀*,半導體業,移出,離高點太遠,29.64,95.0,,65,,,,,,,,,,,2025-10
2025-10-03,7750,新代,電機機械,移出,掉出掃描母體,855.05,76.0,,53,,,,,,,,,,,2025-10
2025-10-03,3005,神基,電子工業,移出,掉出掃描母體,139.14,72.0,,43,,,,,,,,,,,2025-10
2025-10-07,3709,鑫聯大投控,電腦及週邊設備業,進榜,觸發,49.19,77.0,5.0,0,-8.5,-2.3,,,50.1,1.9,-10.2,-2.3,,,2025-10
2025-10-07,3709,鑫聯大投控,電腦及週邊設備業,觸發,進榜即觸發,49.19,77.0,5.0,0,-8.5,-2.3,,,50.1,1.9,-10.2,-2.3,,,2025-10
2025-10-07,6209,今國光,光電業,進榜,準備,42.64,82.0,1.0,0,11.3,-2.3,,,42.4,-0.6,11.9,-2.3,,,2025-10
2025-10-07,1608,華榮,電器電纜,進榜,準備,31.39,71.0,1.0,0,15.4,-2.3,,,31.5,0.3,15.0,-2.3,,,2025-10
2025-10-08,4989,榮科,電子零組件業,進榜,觸發,33.59,95.0,2.0,0,25.5,-2.8,,,34.6,3.0,21.9,-3.1,,,2025-10
2025-10-08,4989,榮科,電子零組件業,觸發,進榜即觸發,33.59,95.0,2.0,0,25.5,-2.8,,,34.6,3.0,21.9,-3.1,,,2025-10
2025-10-08,5289,宜鼎,電腦及週邊設備業,進榜,觸發,357.25,79.0,3.0,0,23.7,-2.8,,,364.5,2.0,21.3,-3.1,,,2025-10
2025-10-08,5289,宜鼎,電腦及週邊設備業,觸發,進榜即觸發,357.25,79.0,3.0,0,23.7,-2.8,,,364.5,2.0,21.3,-3.1,,,2025-10
2025-10-08,8155,博智,電子零組件業,進榜,觸發,168.97,72.0,3.0,0,-4.1,-2.8,,,172.9,2.3,-6.3,-3.1,,,2025-10
2025-10-08,8155,博智,電子零組件業,觸發,進榜即觸發,168.97,72.0,3.0,0,-4.1,-2.8,,,172.9,2.3,-6.3,-3.1,,,2025-10
2025-10-08,6139,亞翔,電子工業,進榜,準備,398.5,85.0,2.0,0,18.9,-2.8,,,406.0,1.9,16.7,-3.1,,,2025-10
2025-10-08,6923,中台,綠能環保,進榜,準備,117.86,77.0,2.0,0,-17.6,-2.8,,,120.3,2.0,-19.2,-3.1,,,2025-10
2025-10-08,1608,華榮,電器電纜,移出,掉出掃描母體,31.39,71.0,,1,,,,,,,,,,,2025-10
2025-10-08,6510,精測,半導體業,移出,離高點太遠,1685.91,98.0,,63,,,,,,,,,,,2025-10
2025-10-09,2329,華泰,半導體業,進榜,觸發,51.41,79.0,1.0,0,-4.0,-3.1,,,48.8,-5.2,1.2,-1.5,,,2025-10
2025-10-09,2329,華泰,半導體業,觸發,進榜即觸發,51.41,79.0,1.0,0,-4.0,-3.1,,,48.8,-5.2,1.2,-1.5,,,2025-10
2025-10-09,3715,定穎投控,電子零組件業,進榜,準備,104.12,96.0,2.0,0,-3.3,-3.1,,,99.2,-4.8,1.5,-1.5,,,2025-10
2025-10-09,3706,神達,電子工業,進榜,準備,95.5,89.0,3.0,0,-3.4,-3.1,,,91.5,-4.2,0.9,-1.5,,,2025-10
2025-10-09,6696,仁新*,生技醫療業,進榜,準備,220.5,83.0,3.0,0,30.8,-3.1,,,205.9,-6.6,40.1,-1.5,,,2025-10
2025-10-09,8271,宇瞻,半導體業,觸發,等待後觸發,83.06,89.0,1.0,24,37.1,-3.1,,,79.2,-4.6,43.6,-1.5,,,2025-10
2025-10-09,8155,博智,電子零組件業,移出,掉出掃描母體,168.97,72.0,,1,,,,,,,,,,,2025-10
2025-10-13,2360,致茂,其他電子業,進榜,準備,638.6,92.0,3.0,0,18.0,-2.4,,,648.5,1.6,16.2,-2.8,,,2025-10
2025-10-13,6739,竹陞科技,其他電子業,移出,離高點太遠,839.95,99.0,,52,,,,,,,,,,,2025-10
2025-10-13,5439,高技,電子零組件業,移出,晚期未觸發,299.35,85.0,,45,,,,,,,,,,,2025-10
2025-10-13,5392,能率,光電業,移出,離高點太遠,48.53,88.0,,31,,,,,,,,,,,2025-10
2025-10-13,3231,緯創,電子工業,移出,掉出掃描母體,145.66,76.0,,13,,,,,,,,,,,2025-10
2025-10-14,2421,建準,電子工業,進榜,準備,129.65,79.0,2.0,0,37.4,-1.0,,,132.1,1.9,34.9,-1.3,,,2025-10
2025-10-14,2330,台積電,半導體業,進榜,準備,1411.88,76.0,2.0,0,3.5,-1.0,,,1421.8,0.7,2.8,-1.3,,,2025-10
2025-10-14,3044,健鼎,電子工業,移出,掉出掃描母體,302.63,81.0,,12,,,,,,,,,,,2025-10
2025-10-14,6696,仁新*,生技醫療業,移出,晚期未觸發,220.0,86.0,,5,,,,,,,,,,,2025-10
2025-10-14,2301,光寶科,電腦及週邊設備業,移出,離高點太遠,155.74,83.0,,35,,,,,,,,,,,2025-10
2025-10-14,8021,尖點,其他電子業,移出,離高點太遠,103.18,99.0,,13,,,,,,,,,,,2025-10
2025-10-14,5475,德宏,電子零組件業,移出,離高點太遠,60.3,99.0,,13,,,,,,,,,,,2025-10
2025-10-14,6274,台燿,電子零組件業,移出,掉出掃描母體,331.84,93.0,,11,,,,,,,,,,,2025-10
2025-10-14,3715,定穎投控,電子零組件業,移出,掉出掃描母體,100.65,94.0,,5,,,,,,,,,,,2025-10
2025-10-14,2329,華泰,半導體業,移出,掉出掃描母體,48.66,74.0,,5,,,,,,,,,,,2025-10
2025-10-15,3324,雙鴻,其他電子類,進榜,觸發,984.71,87.0,2.0,0,1.9,-1.2,,,998.6,1.4,0.5,-1.4,,,2025-10
2025-10-15,3324,雙鴻,其他電子類,觸發,進榜即觸發,984.71,87.0,2.0,0,1.9,-1.2,,,998.6,1.4,0.5,-1.4,,,2025-10
2025-10-15,8103,瀚荃,電子工業,進榜,觸發,64.27,72.0,2.0,0,42.4,-1.2,,,67.4,4.9,35.8,-1.4,,,2025-10
2025-10-15,8103,瀚荃,電子工業,觸發,進榜即觸發,64.27,72.0,2.0,0,42.4,-1.2,,,67.4,4.9,35.8,-1.4,,,2025-10
2025-10-15,6831,邁科,電腦及週邊設備業,進榜,準備,185.13,89.0,3.0,0,-14.7,-1.2,,,181.8,-1.8,-13.2,-1.4,,,2025-10
2025-10-15,3044,健鼎,電子工業,進榜,準備,313.34,84.0,3.0,0,-1.2,-1.2,,,316.7,1.1,-2.3,-1.4,,,2025-10
2025-10-15,2421,建準,電子工業,觸發,等待後觸發,134.46,79.0,2.0,1,31.4,-1.2,,,141.2,5.0,25.2,-1.4,,,2025-10
2025-10-15,2330,台積電,半導體業,觸發,等待後觸發,1451.51,78.0,2.0,1,-0.3,-1.2,,,1451.5,0.0,-0.3,-1.4,,,2025-10
2025-10-15,2481,強茂,半導體業,觸發,等待後觸發,83.27,90.0,2.0,27,-0.8,-1.2,,,85.2,2.4,-3.1,-1.4,,,2025-10
2025-10-15,6139,亞翔,電子工業,觸發,等待後觸發,451.0,90.0,2.0,7,-7.9,-1.2,,,458.5,1.7,-9.4,-1.4,,,2025-10
2025-10-15,3709,鑫聯大投控,電腦及週邊設備業,移出,離高點太遠,50.33,81.0,,8,,,,,,,,,,,2025-10
2025-10-16,2451,創見,半導體業,進榜,觸發,133.91,74.0,1.0,0,40.5,-2.2,,,135.4,1.1,39.0,-2.2,,,2025-10
2025-10-16,2451,創見,半導體業,觸發,進榜即觸發,133.91,74.0,1.0,0,40.5,-2.2,,,135.4,1.1,39.0,-2.2,,,2025-10
2025-10-16,8088,品安,半導體業,進榜,準備,41.66,79.0,2.0,0,6.8,-2.2,,,42.0,0.8,5.9,-2.2,,,2025-10
2025-10-16,2612,中航,航運業,進榜,準備,56.65,73.0,2.0,0,-11.9,-2.2,,,57.5,1.5,-13.2,-2.2,,,2025-10
2025-10-16,3257,虹冠電,半導體業,進榜,準備,69.38,72.0,3.0,0,-12.1,-2.2,,,68.2,-1.6,-10.6,-2.2,,,2025-10
2025-10-16,4989,榮科,電子零組件業,移出,離高點太遠,33.55,96.0,,8,,,,,,,,,,,2025-10
2025-10-16,6923,中台,綠能環保,移出,離高點太遠,104.87,72.0,,8,,,,,,,,,,,2025-10
2025-10-17,3543,州巧,光電業,進榜,觸發,37.85,92.0,3.0,0,13.6,-2.8,,,39.5,4.4,8.8,-3.1,,,2025-10
2025-10-17,3543,州巧,光電業,觸發,進榜即觸發,37.85,92.0,3.0,0,13.6,-2.8,,,39.5,4.4,8.8,-3.1,,,2025-10
2025-10-17,8088,品安,半導體業,觸發,等待後觸發,45.81,85.0,2.0,1,-2.6,-2.8,,,47.6,3.8,-6.2,-3.1,,,2025-10
2025-10-17,2408,南亞科,半導體業,觸發,等待後觸發,103.67,98.0,3.0,14,60.1,-2.8,,,107.7,3.8,54.2,-3.1,,,2025-10
2025-10-17,6209,今國光,光電業,移出,離高點太遠,39.27,81.0,,10,,,,,,,,,,,2025-10
2025-10-20,3026,禾伸堂,電子工業,進榜,觸發,114.76,75.0,1.0,0,-13.4,-4.2,,,115.3,0.4,-13.8,-4.3,,,2025-10
2025-10-20,3026,禾伸堂,電子工業,觸發,進榜即觸發,114.76,75.0,1.0,0,-13.4,-4.2,,,115.3,0.4,-13.8,-4.3,,,2025-10
2025-10-20,8110,華東,電子工業,進榜,準備,24.61,93.0,3.0,0,40.0,-4.2,,,25.2,2.4,36.8,-4.3,,,2025-10
2025-10-20,2337,旺宏,半導體業,進榜,準備,29.4,73.0,1.0,0,28.1,-4.2,,,30.0,2.0,25.5,-4.3,,,2025-10
2025-10-20,6831,邁科,電腦及週邊設備業,移出,掉出掃描母體,178.67,88.0,,5,,,,,,,,,,,2025-10
2025-10-20,2612,中航,航運業,移出,掉出掃描母體,55.6,72.0,,4,,,,,,,,,,,2025-10
2025-10-20,2451,創見,半導體業,移出,掉出掃描母體,127.67,71.0,,4,,,,,,,,,,,2025-10
2025-10-21,2317,鴻海,其他電子業,進榜,準備,232.09,81.0,2.0,0,-4.2,-4.9,,,231.1,-0.4,-3.8,-4.9,,,2025-10
2025-10-21,2337,旺宏,半導體業,移出,掉出掃描母體,29.4,73.0,,1,,,,,,,,,,,2025-10
2025-10-21,3026,禾伸堂,電子工業,移出,掉出掃描母體,114.76,75.0,,1,,,,,,,,,,,2025-10
2025-10-22,8039,台虹,電子工業,進榜,準備,64.55,74.0,3.0,0,-1.2,-4.5,,,64.1,-0.8,-0.5,-4.3,,,2025-10
2025-10-22,3026,禾伸堂,電子工業,進榜,準備,116.74,73.0,1.0,0,-3.8,-4.5,,,116.7,0.0,-3.8,-4.3,,,2025-10
2025-10-22,6418,詠昇,電子零組件業,移出,離高點太遠,61.85,99.0,,22,,,,,,,,,,,2025-10
2025-10-23,6696,仁新*,生技醫療業,進榜,準備,294.5,96.0,3.0,0,-0.3,-5.7,,,289.0,-1.9,1.6,-6.2,,,2025-10
2025-10-23,6669,緯穎,電子工業,進榜,準備,3989.46,93.0,3.0,0,-0.2,-5.7,,,4101.2,2.8,-3.0,-6.2,,,2025-10
2025-10-23,2327,國巨*,電子工業,進榜,準備,224.39,90.0,1.0,0,1.3,-5.7,,,241.8,7.7,-6.0,-6.2,,,2025-10
2025-10-23,2337,旺宏,半導體業,進榜,準備,30.15,72.0,1.0,0,14.4,-5.7,,,33.2,10.0,4.1,-6.2,,,2025-10
2025-10-23,4722,國精化,化學工業,移出,離高點太遠,175.82,99.0,,31,,,,,,,,,,,2025-10
2025-10-23,5284,jpp-KY,其他,移出,掉出掃描母體,262.7,87.0,,20,,,,,,,,,,,2025-10
2025-10-23,8088,品安,半導體業,移出,掉出掃描母體,45.57,73.0,,7,,,,,,,,,,,2025-10
2025-10-27,2316,楠梓電,電子工業,進榜,觸發,107.46,96.0,3.0,0,-18.2,-5.1,,,108.0,0.5,-18.6,-5.1,,,2025-10
2025-10-27,2316,楠梓電,電子工業,觸發,進榜即觸發,107.46,96.0,3.0,0,-18.2,-5.1,,,108.0,0.5,-18.6,-5.1,,,2025-10
2025-10-27,6770,力積電,半導體業,進榜,準備,31.4,94.0,3.0,0,1.9,-5.1,,,32.0,2.1,-0.2,-5.1,,,2025-10
2025-10-27,2301,光寶科,電腦及週邊設備業,進榜,準備,177.15,88.0,3.0,0,-14.8,-5.1,,,176.2,-0.5,-14.4,-5.1,,,2025-10
2025-10-27,2327,國巨*,電子工業,觸發,等待後觸發,246.73,93.0,1.0,4,-6.4,-5.1,,,245.2,-0.6,-5.9,-5.1,,,2025-10
2025-10-27,2337,旺宏,半導體業,觸發,等待後觸發,33.15,80.0,1.0,4,2.1,-5.1,,,33.6,1.4,0.7,-5.1,,,2025-10
2025-10-27,5274,信驊,半導體業,移出,掉出掃描母體,4719.14,73.0,,39,,,,,,,,,,,2025-10
2025-10-28,3515,華擎,電子工業,進榜,觸發,312.1,81.0,5.0,0,-23.4,-3.8,,,317.3,1.7,-24.6,-3.9,,,2025-10
2025-10-28,3515,華擎,電子工業,觸發,進榜即觸發,312.1,81.0,5.0,0,-23.4,-3.8,,,317.3,1.7,-24.6,-3.9,,,2025-10
2025-10-28,6239,力成,半導體業,進榜,觸發,173.09,74.0,3.0,0,-13.9,-3.8,,,176.5,2.0,-15.6,-3.9,,,2025-10
2025-10-28,6239,力成,半導體業,觸發,進榜即觸發,173.09,74.0,3.0,0,-13.9,-3.8,,,176.5,2.0,-15.6,-3.9,,,2025-10
2025-10-28,8996,高力,電機機械,進榜,準備,546.04,97.0,1.0,0,-4.4,-3.8,,,599.7,9.8,-12.9,-3.9,,,2025-10
2025-10-28,3665,貿聯-KY,其他電子業,進榜,準備,1432.64,96.0,3.0,0,6.9,-3.8,,,1442.6,0.7,6.2,-3.9,,,2025-10
2025-10-28,6442,光聖,通信網路業,進榜,準備,937.9,95.0,3.0,0,38.5,-3.8,,,978.5,4.3,32.7,-3.9,,,2025-10
2025-10-28,6274,台燿,電子零組件業,進榜,準備,340.77,93.0,2.0,0,22.0,-3.8,,,352.2,3.3,18.0,-3.9,,,2025-10
2025-10-28,3706,神達,電子工業,移出,晚期未觸發,92.8,84.0,,19,,,,,,,,,,,2025-10
2025-10-28,2316,楠梓電,電子工業,移出,掉出掃描母體,107.46,96.0,,1,,,,,,,,,,,2025-10
2025-10-29,2316,楠梓電,電子工業,進榜,觸發,108.94,96.0,3.0,0,-2.7,-2.8,,,107.5,-1.4,-1.4,-2.9,,,2025-10
2025-10-29,2316,楠梓電,電子工業,觸發,進榜即觸發,108.94,96.0,3.0,0,-2.7,-2.8,,,107.5,-1.4,-1.4,-2.9,,,2025-10
2025-10-29,2449,京元電子,半導體業,進榜,觸發,196.43,94.0,4.0,0,2.4,-2.8,,,196.4,0.0,2.4,-2.9,,,2025-10
2025-10-29,2449,京元電子,半導體業,觸發,進榜即觸發,196.43,94.0,4.0,0,2.4,-2.8,,,196.4,0.0,2.4,-2.9,,,2025-10
2025-10-29,5243,乙盛-KY,電子工業,進榜,觸發,87.0,85.0,4.0,0,-4.7,-2.8,,,92.0,5.7,-9.9,-2.9,,,2025-10
2025-10-29,5243,乙盛-KY,電子工業,觸發,進榜即觸發,87.0,85.0,4.0,0,-4.7,-2.8,,,92.0,5.7,-9.9,-2.9,,,2025-10
2025-10-29,4989,榮科,電子零組件業,進榜,準備,40.11,96.0,3.0,0,-9.9,-2.8,,,44.1,9.9,-18.0,-2.9,,,2025-10
2025-10-29,2481,強茂,半導體業,移出,離高點太遠,83.57,90.0,,41,,,,,,,,,,,2025-10
2025-10-29,6696,仁新*,生技醫療業,移出,離高點太遠,251.0,92.0,,6,,,,,,,,,,,2025-10
2025-10-30,2515,中工,建材營造,進榜,準備,13.83,72.0,1.0,0,-2.2,-2.1,,,13.8,-0.3,-1.9,-2.2,,,2025-10
2025-10-30,1519,華城,電機機械,進榜,準備,581.79,71.0,2.0,0,12.2,-2.1,,,586.3,0.8,11.3,-2.2,,,2025-10
2025-10-30,2612,中航,航運業,進榜,準備,58.48,70.0,2.0,0,-4.3,-2.1,,,57.4,-1.8,-2.5,-2.2,,,2025-10
2025-10-31,2368,金像電,電子零組件業,進榜,觸發,462.23,91.0,5.0,0,36.0,-1.6,,,476.6,3.1,31.9,-1.7,,,2025-10
2025-10-31,2368,金像電,電子零組件業,觸發,進榜即觸發,462.23,91.0,5.0,0,36.0,-1.6,,,476.6,3.1,31.9,-1.7,,,2025-10
2025-10-31,5439,高技,電子零組件業,進榜,觸發,342.61,91.0,4.0,0,0.4,-1.6,,,343.1,0.1,0.3,-1.7,,,2025-10
2025-10-31,5439,高技,電子零組件業,觸發,進榜即觸發,342.61,91.0,4.0,0,0.4,-1.6,,,343.1,0.1,0.3,-1.7,,,2025-10
2025-10-31,3706,神達,電子工業,進榜,準備,100.0,88.0,3.0,0,-8.3,-1.6,,,102.5,2.5,-10.5,-1.7,,,2025-10
2025-10-31,6209,今國光,光電業,進榜,準備,45.67,88.0,1.0,0,23.5,-1.6,,,46.1,0.9,22.4,-1.7,,,2025-10
2025-10-31,6257,矽格,半導體業,進榜,準備,102.87,72.0,1.0,0,-3.8,-1.6,,,106.8,3.8,-7.4,-1.7,,,2025-10
2025-10-31,1519,華城,電機機械,觸發,等待後觸發,639.97,79.0,2.0,1,-2.1,-1.6,,,672.2,5.0,-6.8,-1.7,,,2025-10
2025-10-31,2612,中航,航運業,移出,掉出掃描母體,58.48,70.0,,1,,,,,,,,,,,2025-10
2025-10-31,3551,世禾,其他電子類,移出,晚期未觸發,169.8,79.0,,28,,,,,,,,,,,2025-10
2025-10-31,2337,旺宏,半導體業,移出,離高點太遠,31.2,79.0,,8,,,,,,,,,,,2025-10
2025-11-03,8358,金居,電子零組件業,進榜,準備,255.83,100.0,2.0,0,-11.5,-1.9,,,255.8,0.0,-11.5,-2.0,,,2025-11
2025-11-03,3628,盈正,其他電子類,進榜,準備,95.08,97.0,2.0,0,-25.1,-1.9,,,104.2,9.5,-31.7,-2.0,,,2025-11
2025-11-03,3535,晶彩科,光電業,進榜,準備,82.3,91.0,2.0,0,11.3,-1.9,,,83.0,0.9,10.4,-2.0,,,2025-11
2025-11-03,6138,茂達,半導體業,進榜,準備,234.1,80.0,3.0,0,-5.9,-1.9,,,235.1,0.4,-6.3,-2.0,,,2025-11
2025-11-03,8039,台虹,電子工業,觸發,等待後觸發,68.49,82.0,3.0,12,18.8,-1.9,,,68.3,-0.3,19.2,-2.0,,,2025-11
2025-11-03,6257,矽格,半導體業,觸發,等待後觸發,112.72,81.0,1.0,3,-17.4,-1.9,,,111.7,-0.9,-16.7,-2.0,,,2025-11
2025-11-03,2515,中工,建材營造,移出,掉出掃描母體,13.92,70.0,,4,,,,,,,,,,,2025-11
2025-11-03,3257,虹冠電,半導體業,移出,晚期未觸發,68.05,70.0,,18,,,,,,,,,,,2025-11
2025-11-04,1608,華榮,電器電纜,進榜,觸發,36.22,79.0,1.0,0,-8.5,-1.0,,,35.9,-0.9,-7.7,-0.6,,,2025-11
2025-11-04,1608,華榮,電器電纜,觸發,進榜即觸發,36.22,79.0,1.0,0,-8.5,-1.0,,,35.9,-0.9,-7.7,-0.6,,,2025-11
2025-11-04,3217,優群,電子零組件業,進榜,準備,193.18,71.0,2.0,0,-19.0,-1.0,,,188.0,-2.7,-16.8,-0.6,,,2025-11
2025-11-04,8271,宇瞻,半導體業,移出,離高點太遠,93.22,92.0,,50,,,,,,,,,,,2025-11
2025-11-04,2301,光寶科,電腦及週邊設備業,移出,晚期未觸發,165.47,82.0,,8,,,,,,,,,,,2025-11
2025-11-04,2316,楠梓電,電子工業,移出,掉出掃描母體,101.51,93.0,,6,,,,,,,,,,,2025-11
2025-11-04,5243,乙盛-KY,電子工業,移出,離高點太遠,79.3,83.0,,6,,,,,,,,,,,2025-11
2025-11-05,8111,立碁,光電業,進榜,觸發,65.1,75.0,4.0,0,13.8,-0.4,,,65.5,0.6,13.1,-0.8,,,2025-11
2025-11-05,8111,立碁,光電業,觸發,進榜即觸發,65.1,75.0,4.0,0,13.8,-0.4,,,65.5,0.6,13.1,-0.8,,,2025-11
2025-11-05,2211,長榮鋼,鋼鐵工業,進榜,準備,103.34,71.0,1.0,0,8.1,-0.4,,,103.8,0.5,7.6,-0.8,,,2025-11
2025-11-05,3217,優群,電子零組件業,移出,掉出掃描母體,193.18,71.0,,1,,,,,,,,,,,2025-11
2025-11-05,3706,神達,電子工業,移出,晚期未觸發,94.8,88.0,,5,,,,,,,,,,,2025-11
2025-11-05,8358,金居,電子零組件業,移出,離高點太遠,230.94,99.0,,2,,,,,,,,,,,2025-11
2025-11-06,1815,富喬,電子零組件業,進榜,觸發,78.82,95.0,5.0,0,4.5,-0.8,,,77.3,-1.9,6.5,-0.5,,,2025-11
2025-11-06,1815,富喬,電子零組件業,觸發,進榜即觸發,78.82,95.0,5.0,0,4.5,-0.8,,,77.3,-1.9,6.5,-0.5,,,2025-11
2025-11-06,5274,信驊,半導體業,進榜,觸發,5257.57,79.0,2.0,0,10.8,-0.8,,,5207.8,-0.9,11.9,-0.5,,,2025-11
2025-11-06,5274,信驊,半導體業,觸發,進榜即觸發,5257.57,79.0,2.0,0,10.8,-0.8,,,5207.8,-0.9,11.9,-0.5,,,2025-11
2025-11-06,6584,南俊國際,電子零組件業,進榜,準備,292.5,92.0,3.0,0,22.6,-0.8,,,292.5,0.0,22.6,-0.5,,,2025-11
2025-11-06,6531,愛普*,半導體業,進榜,準備,407.7,81.0,3.0,0,-3.5,-0.8,,,405.2,-0.6,-2.9,-0.5,,,2025-11
2025-11-06,2515,中工,建材營造,進榜,準備,15.42,77.0,1.0,0,-14.1,-0.8,,,15.5,0.6,-14.6,-0.5,,,2025-11
2025-11-06,4989,榮科,電子零組件業,觸發,等待後觸發,44.51,97.0,3.0,8,-13.8,-0.8,,,45.4,2.0,-15.5,-0.5,,,2025-11
2025-11-06,5439,高技,電子零組件業,移出,突破失敗,304.7,87.0,,6,,,,,,,,,,,2025-11
2025-11-06,6257,矽格,半導體業,移出,掉出掃描母體,97.95,71.0,,6,,,,,,,,,,,2025-11
2025-11-06,3535,晶彩科,光電業,移出,掉出掃描母體,77.8,91.0,,3,,,,,,,,,,,2025-11
2025-11-07,2451,創見,半導體業,進榜,觸發,142.55,85.0,1.0,0,18.9,-0.5,,,156.5,9.8,8.3,-0.6,,,2025-11
2025-11-07,2451,創見,半導體業,觸發,進榜即觸發,142.55,85.0,1.0,0,18.9,-0.5,,,156.5,9.8,8.3,-0.6,,,2025-11
2025-11-07,3162,精確,電機機械,進榜,觸發,66.15,74.0,6.0,0,-14.7,-0.5,,,68.0,2.8,-17.0,-0.6,,,2025-11
2025-11-07,3162,精確,電機機械,觸發,進榜即觸發,66.15,74.0,6.0,0,-14.7,-0.5,,,68.0,2.8,-17.0,-0.6,,,2025-11
2025-11-07,8021,尖點,其他電子業,進榜,準備,126.88,99.0,3.0,0,5.1,-0.5,,,123.4,-2.7,8.0,-0.6,,,2025-11
2025-11-07,8422,可寧衛,其他,進榜,準備,23.94,71.0,0.0,0,-6.4,-0.5,,,23.2,-3.2,-3.3,-0.6,,,2025-11
2025-11-07,8110,華東,電子工業,觸發,等待後觸發,28.01,97.0,3.0,18,37.3,-0.5,,,30.5,9.0,25.9,-0.6,,,2025-11
2025-11-07,4772,台特化,化學工業,移出,掉出掃描母體,314.13,84.0,,35,,,,,,,,,,,2025-11
2025-11-07,8103,瀚荃,電子工業,移出,離高點太遠,79.47,84.0,,23,,,,,,,,,,,2025-11
2025-11-07,3515,華擎,電子工業,移出,離高點太遠,287.33,76.0,,10,,,,,,,,,,,2025-11
2025-11-07,3628,盈正,其他電子類,移出,離高點太遠,87.44,96.0,,4,,,,,,,,,,,2025-11
2025-11-10,8271,宇瞻,半導體業,進榜,準備,113.84,96.0,2.0,0,-17.6,0.0,,,116.3,2.1,-19.3,-0.2,,,2025-11
2025-11-10,8422,可寧衛,其他,移出,掉出掃描母體,23.94,71.0,,3,,,,,,,,,,,2025-11
2025-11-10,1504,東元,電機機械,移出,離高點太遠,103.05,93.0,,48,,,,,,,,,,,2025-11
2025-11-10,3026,禾伸堂,電子工業,移出,掉出掃描母體,107.31,71.0,,19,,,,,,,,,,,2025-11
2025-11-10,8111,立碁,光電業,移出,掉出掃描母體,65.79,76.0,,5,,,,,,,,,,,2025-11
2025-11-11,3715,定穎投控,電子零組件業,進榜,觸發,110.56,93.0,3.0,0,4.3,0.0,,,111.1,0.4,3.8,-0.4,,,2025-11
2025-11-11,3715,定穎投控,電子零組件業,觸發,進榜即觸發,110.56,93.0,3.0,0,4.3,0.0,,,111.1,0.4,3.8,-0.4,,,2025-11
2025-11-11,6548,長科*,半導體業,進榜,準備,45.28,74.0,1.0,0,-8.1,0.0,,,45.8,1.1,-9.1,-0.4,,,2025-11
2025-11-11,1303,南亞,塑膠工業,進榜,準備,45.08,73.0,1.0,0,37.1,0.0,,,45.8,1.7,34.9,-0.4,,,2025-11
2025-11-11,8422,可寧衛,其他,進榜,準備,23.94,71.0,0.0,0,-10.8,0.0,,,23.2,-3.2,-7.9,-0.4,,,2025-11
2025-11-11,6669,緯穎,電子工業,觸發,等待後觸發,4587.15,92.0,3.0,19,-4.2,0.0,,,4592.0,0.1,-4.3,-0.4,,,2025-11
2025-11-11,2211,長榮鋼,鋼鐵工業,移出,掉出掃描母體,104.27,73.0,,6,,,,,,,,,,,2025-11
2025-11-11,6223,旺矽,半導體業,移出,離高點太遠,1788.89,95.0,,67,,,,,,,,,,,2025-11
2025-11-11,6515,穎崴,電子工業,移出,離高點太遠,2188.81,95.0,,54,,,,,,,,,,,2025-11
2025-11-11,6290,良維,電子零組件業,移出,晚期未觸發,177.49,91.0,,53,,,,,,,,,,,2025-11
2025-11-11,6139,亞翔,電子工業,移出,離高點太遠,407.0,84.0,,34,,,,,,,,,,,2025-11
2025-11-11,3543,州巧,光電業,移出,離高點太遠,41.15,91.0,,25,,,,,,,,,,,2025-11
2025-11-12,5340,建榮,電子零組件業,進榜,觸發,57.92,73.0,1.0,0,14.1,-0.9,,,59.1,2.1,11.8,-0.9,,,2025-11
2025-11-12,5340,建榮,電子零組件業,觸發,進榜即觸發,57.92,73.0,1.0,0,14.1,-0.9,,,59.1,2.1,11.8,-0.9,,,2025-11
2025-11-12,5475,德宏,電子零組件業,進榜,準備,67.6,100.0,3.0,0,22.3,-0.9,,,67.4,-0.3,22.7,-0.9,,,2025-11
2025-11-12,6505,台塑化,油電燃氣業,進榜,準備,54.07,76.0,1.0,0,-9.9,-0.9,,,54.1,0.0,-9.9,-0.9,,,2025-11
2025-11-12,1303,南亞,塑膠工業,觸發,等待後觸發,49.56,80.0,1.0,1,23.3,-0.9,,,51.4,3.6,19.0,-0.9,,,2025-11
2025-11-12,6770,力積電,半導體業,觸發,等待後觸發,36.38,97.0,3.0,16,-4.9,-0.9,,,36.8,1.1,-6.0,-0.9,,,2025-11
2025-11-12,8021,尖點,其他電子業,觸發,等待後觸發,130.82,99.0,3.0,5,14.3,-0.9,,,133.8,2.3,11.8,-0.9,,,2025-11
2025-11-12,8996,高力,電機機械,移出,離高點太遠,519.18,93.0,,15,,,,,,,,,,,2025-11
2025-11-12,3162,精確,電機機械,移出,掉出掃描母體,63.74,71.0,,5,,,,,,,,,,,2025-11
2025-11-13,3037,欣興,電子工業,進榜,準備,176.32,84.0,2.0,0,27.3,-1.0,,,172.1,-2.4,30.4,-0.6,,,2025-11
2025-11-13,2478,大毅,電子工業,進榜,準備,66.85,83.0,1.0,0,-12.9,-1.0,,,64.8,-3.1,-10.1,-0.6,,,2025-11
2025-11-13,2329,華泰,半導體業,進榜,準備,51.9,75.0,1.0,0,-12.4,-1.0,,,49.8,-4.0,-8.8,-0.6,,,2025-11
2025-11-13,4739,康普,化學工業,進榜,準備,71.43,73.0,2.0,0,-0.7,-1.0,,,70.2,-1.8,1.1,-0.6,,,2025-11
2025-11-13,2211,長榮鋼,鋼鐵工業,進榜,準備,104.74,71.0,1.0,0,0.0,-1.0,,,103.8,-0.9,0.9,-0.6,,,2025-11
2025-11-13,6442,光聖,通信網路業,觸發,等待後觸發,1031.09,93.0,3.0,16,21.2,-1.0,,,1001.4,-2.9,24.8,-0.6,,,2025-11
2025-11-14,8043,蜜望實,電子零組件業,進榜,觸發,63.78,98.0,2.0,0,28.7,-0.3,,,66.4,4.0,23.7,-0.4,,,2025-11
2025-11-14,8043,蜜望實,電子零組件業,觸發,進榜即觸發,63.78,98.0,2.0,0,28.7,-0.3,,,66.4,4.0,23.7,-0.4,,,2025-11
2025-11-14,3653,健策,電子工業,進榜,觸發,2564.08,93.0,4.0,0,16.1,-0.3,,,2549.2,-0.6,16.8,-0.4,,,2025-11
2025-11-14,3653,健策,電子工業,觸發,進榜即觸發,2564.08,93.0,4.0,0,16.1,-0.3,,,2549.2,-0.6,16.8,-0.4,,,2025-11
2025-11-14,6209,今國光,光電業,觸發,等待後觸發,53.12,92.0,1.0,14,22.1,-0.3,,,54.9,3.4,18.1,-0.4,,,2025-11
2025-11-14,2211,長榮鋼,鋼鐵工業,移出,掉出掃描母體,104.74,71.0,,1,,,,,,,,,,,2025-11
2025-11-14,3044,健鼎,電子工業,移出,掉出掃描母體,309.44,73.0,,30,,,,,,,,,,,2025-11
2025-11-14,6239,力成,半導體業,移出,突破失敗,157.4,76.0,,17,,,,,,,,,,,2025-11
2025-11-17,1727,中華化,化學工業,進榜,準備,40.23,82.0,3.0,0,-2.0,0.3,,,40.4,0.5,-2.5,0.7,,,2025-11
2025-11-17,6584,南俊國際,電子零組件業,觸發,等待後觸發,347.5,96.0,3.0,11,-4.5,0.3,,,350.0,0.7,-5.1,0.7,,,2025-11
2025-11-17,2308,台達電,電子工業,移出,掉出掃描母體,917.2,95.0,,125,,,,,,,,,,,2025-11
2025-11-17,8046,南電,電子工業,移出,逾期,271.93,97.0,,56,,,,,,,,,,,2025-11
2025-11-17,8043,蜜望實,電子零組件業,移出,突破失敗,58.62,98.0,,3,,,,,,,,,,,2025-11
2025-11-18,8110,華東,電子工業,移出,離高點太遠,34.47,99.0,,29,,,,,,,,,,,2025-11
2025-11-18,8039,台虹,電子工業,移出,掉出掃描母體,63.86,77.0,,27,,,,,,,,,,,2025-11
2025-11-18,4989,榮科,電子零組件業,移出,離高點太遠,40.16,95.0,,20,,,,,,,,,,,2025-11
2025-11-18,1608,華榮,電器電纜,移出,離高點太遠,32.33,75.0,,14,,,,,,,,,,,2025-11
2025-11-18,8271,宇瞻,半導體業,移出,離高點太遠,105.04,95.0,,8,,,,,,,,,,,2025-11
2025-11-18,8422,可寧衛,其他,移出,掉出掃描母體,23.65,74.0,,7,,,,,,,,,,,2025-11
2025-11-18,5340,建榮,電子零組件業,移出,離高點太遠,60.4,78.0,,6,,,,,,,,,,,2025-11
2025-11-19,3260,威剛,半導體業,移出,離高點太遠,184.82,96.0,,69,,,,,,,,,,,2025-11
2025-11-19,3017,奇鋐,電子工業,移出,離高點太遠,1330.78,92.0,,48,,,,,,,,,,,2025-11
2025-11-19,8299,群聯,半導體業,移出,離高點太遠,1105.73,98.0,,48,,,,,,,,,,,2025-11
2025-11-19,3324,雙鴻,其他電子類,移出,掉出掃描母體,938.24,86.0,,35,,,,,,,,,,,2025-11
2025-11-19,2317,鴻海,其他電子業,移出,掉出掃描母體,223.35,77.0,,29,,,,,,,,,,,2025-11
2025-11-19,1815,富喬,電子零組件業,移出,離高點太遠,77.63,95.0,,13,,,,,,,,,,,2025-11
2025-11-19,8021,尖點,其他電子業,移出,離高點太遠,117.5,99.0,,12,,,,,,,,,,,2025-11
2025-11-19,5475,德宏,電子零組件業,移出,掉出掃描母體,62.5,100.0,,7,,,,,,,,,,,2025-11
2025-11-19,4739,康普,化學工業,移出,掉出掃描母體,66.9,74.0,,6,,,,,,,,,,,2025-11
2025-11-19,2329,華泰,半導體業,移出,掉出掃描母體,49.74,76.0,,6,,,,,,,,,,,2025-11
2025-11-20,8043,蜜望實,電子零組件業,進榜,觸發,72.72,99.0,2.0,0,11.3,0.3,,,74.5,2.5,8.7,1.3,,,2025-11
2025-11-20,8043,蜜望實,電子零組件業,觸發,進榜即觸發,72.72,99.0,2.0,0,11.3,0.3,,,74.5,2.5,8.7,1.3,,,2025-11
2025-11-20,2344,華邦電,半導體業,移出,離高點太遠,57.7,99.0,,66,,,,,,,,,,,2025-11
2025-11-21,2211,長榮鋼,鋼鐵工業,進榜,準備,106.13,77.0,1.0,0,-7.9,2.3,,,107.1,0.9,-8.7,1.9,,,2025-11
2025-11-21,2408,南亞科,半導體業,移出,離高點太遠,139.55,100.0,,49,,,,,,,,,,,2025-11
2025-11-21,2330,台積電,半導體業,移出,掉出掃描母體,1441.6,78.0,,38,,,,,,,,,,,2025-11
2025-11-21,1519,華城,電機機械,移出,離高點太遠,615.81,82.0,,22,,,,,,,,,,,2025-11
2025-11-21,6138,茂達,半導體業,移出,掉出掃描母體,225.97,81.0,,18,,,,,,,,,,,2025-11
2025-11-21,2515,中工,建材營造,移出,離高點太遠,14.05,79.0,,15,,,,,,,,,,,2025-11
2025-11-21,1727,中華化,化學工業,移出,離高點太遠,36.99,76.0,,4,,,,,,,,,,,2025-11
2025-11-24,4577,達航科技,其他電子類,進榜,觸發,47.6,94.0,6.0,0,18.3,2.1,,,52.3,9.9,7.6,1.9,,,2025-11
2025-11-24,4577,達航科技,其他電子類,觸發,進榜即觸發,47.6,94.0,6.0,0,18.3,2.1,,,52.3,9.9,7.6,1.9,,,2025-11
2025-11-24,3443,創意,半導體業,進榜,準備,1971.02,90.0,1.0,0,1.5,2.1,,,2045.7,3.8,-2.2,1.9,,,2025-11
2025-11-24,1727,中華化,化學工業,進榜,準備,40.18,83.0,3.0,0,7.8,2.1,,,41.7,3.7,4.0,1.9,,,2025-11
2025-11-24,8390,金益鼎,其他,進榜,準備,79.63,77.0,2.0,0,4.2,2.1,,,79.9,0.4,3.9,1.9,,,2025-11
2025-11-24,5289,宜鼎,電腦及週邊設備業,移出,離高點太遠,452.74,96.0,,47,,,,,,,,,,,2025-11
2025-11-24,6770,力積電,半導體業,移出,離高點太遠,31.99,96.0,,28,,,,,,,,,,,2025-11
2025-11-24,3715,定穎投控,電子零組件業,移出,離高點太遠,107.59,94.0,,13,,,,,,,,,,,2025-11
2025-11-25,4939,亞電,電子零組件業,進榜,觸發,30.71,86.0,3.0,0,26.3,1.5,,,32.4,5.5,19.7,1.3,,,2025-11
2025-11-25,4939,亞電,電子零組件業,觸發,進榜即觸發,30.71,86.0,3.0,0,26.3,1.5,,,32.4,5.5,19.7,1.3,,,2025-11
2025-11-25,6696,仁新*,生技醫療業,進榜,準備,419.0,99.0,3.0,0,-3.9,1.5,,,394.0,-6.0,2.1,1.3,,,2025-11
2025-11-25,5498,凱崴,電子零組件業,進榜,準備,28.7,98.0,2.0,0,47.7,1.5,,,30.3,5.6,39.9,1.3,,,2025-11
2025-11-25,7769,鴻勁,半導體業,進榜,準備,2710.53,97.0,1.0,0,19.9,1.5,,,2683.9,-1.0,21.0,1.3,,,2025-11
2025-11-25,8074,鉅橡,電子零組件業,進榜,準備,35.61,86.0,2.0,0,26.2,1.5,,,38.7,8.6,16.2,1.3,,,2025-11
2025-11-25,3443,創意,半導體業,觸發,等待後觸發,2165.14,93.0,1.0,1,-6.9,1.5,,,2170.1,0.2,-7.1,1.3,,,2025-11
2025-11-25,1727,中華化,化學工業,觸發,等待後觸發,44.17,88.0,3.0,1,7.8,1.5,,,45.8,3.7,3.9,1.3,,,2025-11
2025-11-25,6548,長科*,半導體業,移出,掉出掃描母體,42.79,76.0,,14,,,,,,,,,,,2025-11
2025-11-26,3081,聯亞,通信網路業,進榜,觸發,479.25,87.0,5.0,0,14.4,0.2,,,485.6,1.3,12.9,0.3,,,2025-11
2025-11-26,3081,聯亞,通信網路業,觸發,進榜即觸發,479.25,87.0,5.0,0,14.4,0.2,,,485.6,1.3,12.9,0.3,,,2025-11
2025-11-26,3163,波若威,通信網路業,進榜,觸發,234.76,86.0,5.0,0,40.7,0.2,,,244.5,4.2,35.1,0.3,,,2025-11
2025-11-26,3163,波若威,通信網路業,觸發,進榜即觸發,234.76,86.0,5.0,0,40.7,0.2,,,244.5,4.2,35.1,0.3,,,2025-11
2025-11-26,2316,楠梓電,電子工業,進榜,準備,105.97,94.0,2.0,0,-4.2,0.2,,,108.0,1.9,-6.0,0.3,,,2025-11
2025-11-26,8422,可寧衛,其他,進榜,準備,23.79,73.0,1.0,0,-1.4,0.2,,,24.1,1.2,-2.6,0.3,,,2025-11
2025-11-26,3665,貿聯-KY,其他電子業,移出,晚期未觸發,1487.17,96.0,,29,,,,,,,,,,,2025-11
2025-11-26,2451,創見,半導體業,移出,離高點太遠,175.67,92.0,,19,,,,,,,,,,,2025-11
2025-11-26,1303,南亞,塑膠工業,移出,離高點太遠,50.85,85.0,,15,,,,,,,,,,,2025-11
2025-11-26,6505,台塑化,油電燃氣業,移出,掉出掃描母體,50.94,72.0,,14,,,,,,,,,,,2025-11
2025-11-26,4939,亞電,電子零組件業,移出,突破失敗,28.07,79.0,,1,,,,,,,,,,,2025-11
2025-11-27,3135,凌航,半導體業,進榜,觸發,53.8,92.0,4.0,0,33.7,0.0,,,53.8,0.0,33.7,0.1,,,2025-11
2025-11-27,3135,凌航,半導體業,觸發,進榜即觸發,53.8,92.0,4.0,0,33.7,0.0,,,53.8,0.0,33.7,0.1,,,2025-11
2025-11-27,4971,IET-KY,半導體業,進榜,觸發,194.09,86.0,4.0,0,56.8,0.0,,,199.6,2.8,52.5,0.1,,,2025-11
2025-11-27,4971,IET-KY,半導體業,觸發,進榜即觸發,194.09,86.0,4.0,0,56.8,0.0,,,199.6,2.8,52.5,0.1,,,2025-11
2025-11-27,5469,瀚宇博,電子零組件業,進榜,觸發,103.28,85.0,2.0,0,-9.6,0.0,,,103.8,0.5,-10.0,0.1,,,2025-11
2025-11-27,5469,瀚宇博,電子零組件業,觸發,進榜即觸發,103.28,85.0,2.0,0,-9.6,0.0,,,103.8,0.5,-10.0,0.1,,,2025-11
2025-11-27,8039,台虹,電子工業,進榜,觸發,70.47,82.0,3.0,0,29.1,0.0,,,71.9,2.1,26.4,0.1,,,2025-11
2025-11-27,8039,台虹,電子工業,觸發,進榜即觸發,70.47,82.0,3.0,0,29.1,0.0,,,71.9,2.1,26.4,0.1,,,2025-11
2025-11-27,8054,安國,半導體業,進榜,準備,141.92,87.0,2.0,0,0.4,0.0,,,141.9,0.0,0.4,0.1,,,2025-11
2025-11-27,2316,楠梓電,電子工業,觸發,等待後觸發,116.37,96.0,2.0,1,-12.3,0.0,,,117.4,0.9,-13.1,0.1,,,2025-11
2025-11-27,8422,可寧衛,其他,移出,掉出掃描母體,23.79,73.0,,1,,,,,,,,,,,2025-11
2025-11-28,3535,晶彩科,光電業,進榜,準備,83.3,94.0,2.0,0,10.0,0.0,,,84.5,1.4,8.4,0.1,,,2025-11
2025-11-28,6510,精測,半導體業,進榜,準備,1909.7,93.0,3.0,0,22.4,0.0,,,1909.7,0.0,22.4,0.1,,,2025-11
2025-11-28,6163,華電網,通信網路業,進榜,準備,36.5,88.0,2.0,0,49.0,0.0,,,40.2,10.0,35.5,0.1,,,2025-11
2025-11-28,6138,茂達,半導體業,進榜,準備,230.75,80.0,3.0,0,-11.6,0.0,,,230.3,-0.2,-11.4,0.1,,,2025-11
2025-12-01,4939,亞電,電子零組件業,進榜,觸發,35.13,89.0,3.0,0,7.8,0.0,,,35.8,2.0,5.7,0.1,,,2025-12
2025-12-01,4939,亞電,電子零組件業,觸發,進榜即觸發,35.13,89.0,3.0,0,7.8,0.0,,,35.8,2.0,5.7,0.1,,,2025-12
2025-12-01,8027,鈦昇,電機機械,進榜,觸發,108.5,71.0,1.0,0,2.3,0.0,,,107.5,-0.9,3.3,0.1,,,2025-12
2025-12-01,8027,鈦昇,電機機械,觸發,進榜即觸發,108.5,71.0,1.0,0,2.3,0.0,,,107.5,-0.9,3.3,0.1,,,2025-12
2025-12-01,3535,晶彩科,光電業,觸發,等待後觸發,91.6,96.0,2.0,3,2.3,0.0,,,91.3,-0.3,2.6,0.1,,,2025-12
2025-12-01,2421,建準,電子工業,移出,離高點太遠,157.03,80.0,,48,,,,,,,,,,,2025-12
2025-12-01,2478,大毅,電子工業,移出,離高點太遠,58.05,74.0,,18,,,,,,,,,,,2025-12
2025-12-01,1727,中華化,化學工業,移出,離高點太遠,38.04,76.0,,7,,,,,,,,,,,2025-12
2025-12-02,7751,竑騰,電子工業,進榜,觸發,574.03,77.0,3.0,0,33.6,0.0,,,582.9,1.5,31.5,0.0,,,2025-12
2025-12-02,7751,竑騰,電子工業,觸發,進榜即觸發,574.03,77.0,3.0,0,33.6,0.0,,,582.9,1.5,31.5,0.0,,,2025-12
2025-12-02,2308,台達電,電子工業,進榜,準備,983.86,96.0,3.0,0,-2.6,0.0,,,991.8,0.8,-3.4,0.0,,,2025-12
2025-12-02,1303,南亞,塑膠工業,進榜,準備,64.09,94.0,1.0,0,-6.5,0.0,,,64.7,0.9,-7.4,0.0,,,2025-12
2025-12-02,6155,鈞寶,電子零組件業,進榜,準備,39.68,90.0,2.0,0,10.0,0.0,,,40.8,2.9,6.9,0.0,,,2025-12
2025-12-02,1326,台化,塑膠工業,進榜,準備,35.05,77.0,1.0,0,-9.4,0.0,,,35.3,0.7,-10.1,0.0,,,2025-12
2025-12-02,6696,仁新*,生技醫療業,移出,離高點太遠,421.5,99.0,,7,,,,,,,,,,,2025-12
2025-12-02,8027,鈦昇,電機機械,移出,掉出掃描母體,108.5,71.0,,1,,,,,,,,,,,2025-12
2025-12-03,5475,德宏,電子零組件業,進榜,觸發,70.1,99.0,3.0,0,,,,,72.5,3.4,,,,,2025-12
2025-12-03,5475,德宏,電子零組件業,觸發,進榜即觸發,70.1,99.0,3.0,0,,,,,72.5,3.4,,,,,2025-12
2025-12-03,6831,邁科,電腦及週邊設備業,進榜,觸發,254.11,98.0,4.0,0,,,,,255.1,0.4,,,,,2025-12
2025-12-03,6831,邁科,電腦及週邊設備業,觸發,進榜即觸發,254.11,98.0,4.0,0,,,,,255.1,0.4,,,,,2025-12
2025-12-03,8111,立碁,光電業,進榜,觸發,74.1,82.0,4.0,0,,,,,76.3,2.9,,,,,2025-12
2025-12-03,8111,立碁,光電業,觸發,進榜即觸發,74.1,82.0,4.0,0,,,,,76.3,2.9,,,,,2025-12
2025-12-03,3363,上詮,通信網路業,進榜,觸發,410.1,79.0,4.0,0,,,,,414.5,1.1,,,,,2025-12
2025-12-03,3363,上詮,通信網路業,觸發,進榜即觸發,410.1,79.0,4.0,0,,,,,414.5,1.1,,,,,2025-12
2025-12-03,8042,金山電,電子零組件業,進榜,準備,59.06,92.0,2.0,0,,,,,61.5,4.2,,,,,2025-12
2025-12-03,3189,景碩,半導體業,進榜,準備,141.42,86.0,2.0,0,,,,,139.5,-1.4,,,,,2025-12
2025-12-03,4760,勤凱,其他電子類,進榜,準備,190.16,86.0,2.0,0,,,,,188.2,-1.0,,,,,2025-12
2025-12-03,6175,立敦,電子零組件業,進榜,準備,51.44,79.0,3.0,0,,,,,50.8,-1.1,,,,,2025-12
2025-12-03,6155,鈞寶,電子零組件業,觸發,等待後觸發,43.64,93.0,2.0,1,,,,,47.6,9.0,,,,,2025-12
2025-12-03,7769,鴻勁,半導體業,觸發,等待後觸發,3041.32,98.0,1.0,8,,,,,3031.4,-0.3,,,,,2025-12
2025-12-03,8390,金益鼎,其他,移出,掉出掃描母體,80.89,70.0,,9,,,,,,,,,,,2025-12
2025-12-03,5469,瀚宇博,電子零組件業,移出,離高點太遠,94.36,79.0,,6,,,,,,,,,,,2025-12
2025-12-04,2612,中航,航運業,進榜,觸發,71.76,83.0,5.0,0,,,,,71.3,-0.7,,,,,2025-12
2025-12-04,2612,中航,航運業,觸發,進榜即觸發,71.76,83.0,5.0,0,,,,,71.3,-0.7,,,,,2025-12
2025-12-04,3711,日月光投控,半導體業,進榜,準備,225.94,84.0,2.0,0,,,,,225.4,-0.2,,,,,2025-12
2025-12-04,4953,緯致,資訊服務業,進榜,準備,128.01,70.0,2.0,0,,,,,128.0,0.0,,,,,2025-12
2025-12-04,5498,凱崴,電子零組件業,移出,離高點太遠,26.1,97.0,,9,,,,,,,,,,,2025-12
2025-12-04,2316,楠梓電,電子工業,移出,離高點太遠,102.01,90.0,,8,,,,,,,,,,,2025-12
2025-12-05,2330,台積電,半導體業,進榜,準備,1446.56,75.0,2.0,0,,,,,1451.5,0.3,,,,,2025-12
2025-12-05,6531,愛普*,半導體業,移出,掉出掃描母體,393.3,71.0,,29,,,,,,,,,,,2025-12
2025-12-05,6138,茂達,半導體業,移出,掉出掃描母體,221.66,76.0,,7,,,,,,,,,,,2025-12
2025-12-08,8110,華東,電子工業,進榜,觸發,42.29,99.0,1.0,0,,,,,44.6,5.4,,,,,2025-12
2025-12-08,8110,華東,電子工業,觸發,進榜即觸發,42.29,99.0,1.0,0,,,,,44.6,5.4,,,,,2025-12
2025-12-08,2467,志聖,電子工業,進榜,觸發,224.37,77.0,2.0,0,,,,,224.4,0.0,,,,,2025-12
2025-12-08,2467,志聖,電子工業,觸發,進榜即觸發,224.37,77.0,2.0,0,,,,,224.4,0.0,,,,,2025-12
2025-12-08,2344,華邦電,半導體業,進榜,準備,67.55,100.0,2.0,0,,,,,70.6,4.6,,,,,2025-12
2025-12-08,2485,兆赫,通信網路業,進榜,準備,25.05,95.0,1.0,0,,,,,25.2,0.6,,,,,2025-12
2025-12-08,6785,昱展新藥,生技醫療業,進榜,準備,297.2,87.0,2.0,0,,,,,298.7,0.5,,,,,2025-12
2025-12-08,6691,洋基工程,其他電子業,進榜,準備,478.95,76.0,3.0,0,,,,,479.0,0.0,,,,,2025-12
2025-12-08,4953,緯致,資訊服務業,移出,掉出掃描母體,126.09,70.0,,4,,,,,,,,,,,2025-12
2025-12-08,2360,致茂,其他電子業,移出,逾期,798.25,94.0,,56,,,,,,,,,,,2025-12
2025-12-08,6584,南俊國際,電子零組件業,移出,離高點太遠,325.0,86.0,,32,,,,,,,,,,,2025-12
2025-12-08,1326,台化,塑膠工業,移出,掉出掃描母體,33.47,71.0,,6,,,,,,,,,,,2025-12
2025-12-08,2612,中航,航運業,移出,離高點太遠,62.52,74.0,,4,,,,,,,,,,,2025-12
2025-12-09,2402,毅嘉,電子工業,進榜,觸發,58.78,78.0,4.0,0,,,,,59.8,1.8,,,,,2025-12
2025-12-09,2402,毅嘉,電子工業,觸發,進榜即觸發,58.78,78.0,4.0,0,,,,,59.8,1.8,,,,,2025-12
2025-12-09,8358,金居,電子零組件業,進榜,準備,252.84,99.0,2.0,0,,,,,263.3,4.1,,,,,2025-12
2025-12-09,6265,方土昶,電子通路業,進榜,準備,20.9,96.0,2.0,0,,,,,21.0,0.2,,,,,2025-12
2025-12-09,1802,台玻,玻璃陶瓷,進榜,準備,39.9,95.0,3.0,0,,,,,40.1,0.5,,,,,2025-12
2025-12-09,8131,福懋科,半導體業,進榜,準備,48.84,90.0,2.0,0,,,,,49.0,0.3,,,,,2025-12
2025-12-09,4991,環宇-KY,半導體業,進榜,準備,168.26,89.0,3.0,0,,,,,171.2,1.8,,,,,2025-12
2025-12-09,4739,康普,化學工業,進榜,準備,74.68,76.0,2.0,0,,,,,74.0,-0.9,,,,,2025-12
2025-12-09,2467,志聖,電子工業,移出,掉出掃描母體,224.37,77.0,,1,,,,,,,,,,,2025-12
2025-12-10,8021,尖點,其他電子業,進榜,觸發,149.58,100.0,3.0,0,,,,,154.0,3.0,,,,,2025-12
2025-12-10,8021,尖點,其他電子業,觸發,進榜即觸發,149.58,100.0,3.0,0,,,,,154.0,3.0,,,,,2025-12
2025-12-10,2441,超豐,半導體業,進榜,觸發,77.67,76.0,3.0,0,,,,,78.0,0.4,,,,,2025-12
2025-12-10,2441,超豐,半導體業,觸發,進榜即觸發,77.67,76.0,3.0,0,,,,,78.0,0.4,,,,,2025-12
2025-12-10,6664,群翊,電子零組件業,進榜,觸發,300.55,74.0,3.0,0,,,,,307.4,2.3,,,,,2025-12
2025-12-10,6664,群翊,電子零組件業,觸發,進榜即觸發,300.55,74.0,3.0,0,,,,,307.4,2.3,,,,,2025-12
2025-12-10,4768,晶呈科技,化學工業,進榜,準備,241.71,96.0,3.0,0,,,,,247.6,2.4,,,,,2025-12
2025-12-10,4903,聯光通,通信網路業,進榜,準備,47.9,85.0,3.0,0,,,,,47.4,-0.9,,,,,2025-12
2025-12-10,1519,華城,電機機械,進榜,準備,697.26,82.0,1.0,0,,,,,703.5,0.9,,,,,2025-12
2025-12-10,8358,金居,電子零組件業,觸發,等待後觸發,277.73,99.0,2.0,1,,,,,286.7,3.2,,,,,2025-12
2025-12-10,2308,台達電,電子工業,移出,掉出掃描母體,965.95,94.0,,8,,,,,,,,,,,2025-12
2025-12-11,2406,國碩,光電業,進榜,觸發,24.95,88.0,1.0,0,,,,,26.6,6.8,,,,,2025-12
2025-12-11,2406,國碩,光電業,觸發,進榜即觸發,24.95,88.0,1.0,0,,,,,26.6,6.8,,,,,2025-12
2025-12-11,2467,志聖,電子工業,進榜,觸發,240.72,77.0,2.0,0,,,,,237.7,-1.2,,,,,2025-12
2025-12-11,2467,志聖,電子工業,觸發,進榜即觸發,240.72,77.0,2.0,0,,,,,237.7,-1.2,,,,,2025-12
2025-12-11,8499,鼎炫-KY,其他,進榜,準備,385.66,97.0,2.0,0,,,,,379.8,-1.5,,,,,2025-12
2025-12-11,6290,良維,電子零組件業,進榜,準備,183.35,90.0,3.0,0,,,,,185.3,1.1,,,,,2025-12
2025-12-11,3017,奇鋐,電子工業,進榜,準備,1420.16,88.0,3.0,0,,,,,1450.0,2.1,,,,,2025-12
2025-12-11,3090,日電貿,電子工業,進榜,準備,104.39,78.0,3.0,0,,,,,107.3,2.8,,,,,2025-12
2025-12-11,4768,晶呈科技,化學工業,移出,掉出掃描母體,241.71,96.0,,1,,,,,,,,,,,2025-12
2025-12-11,2211,長榮鋼,鋼鐵工業,移出,掉出掃描母體,106.6,70.0,,20,,,,,,,,,,,2025-12
2025-12-11,3535,晶彩科,光電業,移出,離高點太遠,85.5,88.0,,13,,,,,,,,,,,2025-12
2025-12-11,8111,立碁,光電業,移出,掉出掃描母體,70.64,72.0,,8,,,,,,,,,,,2025-12
2025-12-12,5521,工信,建材營造,進榜,觸發,18.33,79.0,4.0,0,,,,,19.1,4.0,,,,,2025-12
2025-12-12,5521,工信,建材營造,觸發,進榜即觸發,18.33,79.0,4.0,0,,,,,19.1,4.0,,,,,2025-12
2025-12-12,3105,穩懋,半導體業,進榜,準備,181.24,95.0,1.0,0,,,,,175.3,-3.3,,,,,2025-12
2025-12-12,4768,晶呈科技,化學工業,進榜,準備,242.69,95.0,3.0,0,,,,,238.8,-1.6,,,,,2025-12
2025-12-12,6425,易發,電機機械,進榜,準備,84.84,89.0,2.0,0,,,,,84.1,-0.8,,,,,2025-12
2025-12-12,2369,菱生,電子工業,進榜,準備,23.45,78.0,2.0,0,,,,,23.3,-0.6,,,,,2025-12
2025-12-12,2313,華通,電子工業,進榜,準備,83.95,71.0,2.0,0,,,,,83.6,-0.5,,,,,2025-12
2025-12-12,4577,達航科技,其他電子類,移出,離高點太遠,56.4,96.0,,18,,,,,,,,,,,2025-12
2025-12-12,4739,康普,化學工業,移出,掉出掃描母體,70.94,71.0,,3,,,,,,,,,,,2025-12
2025-12-15,5498,凱崴,電子零組件業,進榜,觸發,32.3,99.0,3.0,0,,,,,33.4,3.6,,,,,2025-12
2025-12-15,5498,凱崴,電子零組件業,觸發,進榜即觸發,32.3,99.0,3.0,0,,,,,33.4,3.6,,,,,2025-12
2025-12-15,4764,雙鍵,化學工業,進榜,觸發,105.51,98.0,3.0,0,,,,,102.6,-2.8,,,,,2025-12
2025-12-15,4764,雙鍵,化學工業,觸發,進榜即觸發,105.51,98.0,3.0,0,,,,,102.6,-2.8,,,,,2025-12
2025-12-15,8390,金益鼎,其他,進榜,準備,87.82,77.0,1.0,0,,,,,87.5,-0.3,,,,,2025-12
2025-12-15,4768,晶呈科技,化學工業,觸發,等待後觸發,266.77,97.0,3.0,3,,,,,266.8,0.0,,,,,2025-12
2025-12-15,2330,台積電,半導體業,移出,掉出掃描母體,1471.26,72.0,,10,,,,,,,,,,,2025-12
2025-12-15,4760,勤凱,其他電子類,移出,離高點太遠,171.0,79.0,,12,,,,,,,,,,,2025-12
2025-12-15,1802,台玻,玻璃陶瓷,移出,晚期未觸發,35.85,90.0,,6,,,,,,,,,,,2025-12
2025-12-16,6903,巨漢,其他電子業,進榜,觸發,215.7,90.0,1.0,0,,,,,225.0,4.3,,,,,2025-12
2025-12-16,6903,巨漢,其他電子業,觸發,進榜即觸發,215.7,90.0,1.0,0,,,,,225.0,4.3,,,,,2025-12
2025-12-16,6944,兆聯實業,綠能環保,進榜,觸發,512.93,79.0,5.0,0,,,,,519.0,1.2,,,,,2025-12
2025-12-16,6944,兆聯實業,綠能環保,觸發,進榜即觸發,512.93,79.0,5.0,0,,,,,519.0,1.2,,,,,2025-12
2025-12-16,1587,吉茂,汽車工業,進榜,準備,47.4,77.0,1.0,0,,,,,49.0,3.4,,,,,2025-12
2025-12-16,8074,鉅橡,電子零組件業,觸發,等待後觸發,40.78,91.0,2.0,21,,,,,43.1,5.6,,,,,2025-12
2025-12-16,2327,國巨*,電子工業,移出,掉出掃描母體,229.35,90.0,,54,,,,,,,,,,,2025-12
2025-12-16,6669,緯穎,電子工業,移出,掉出掃描母體,4169.25,81.0,,54,,,,,,,,,,,2025-12
2025-12-16,3189,景碩,半導體業,移出,掉出掃描母體,139.5,81.0,,13,,,,,,,,,,,2025-12
2025-12-16,8042,金山電,電子零組件業,移出,離高點太遠,52.42,87.0,,13,,,,,,,,,,,2025-12
2025-12-16,8110,華東,電子工業,移出,離高點太遠,48.94,100.0,,8,,,,,,,,,,,2025-12
2025-12-16,8358,金居,電子零組件業,移出,離高點太遠,245.87,99.0,,7,,,,,,,,,,,2025-12
2025-12-16,6290,良維,電子零組件業,移出,離高點太遠,171.15,89.0,,5,,,,,,,,,,,2025-12
2025-12-16,3017,奇鋐,電子工業,移出,離高點太遠,1335.75,83.0,,5,,,,,,,,,,,2025-12
2025-12-16,3090,日電貿,電子工業,移出,掉出掃描母體,96.51,72.0,,5,,,,,,,,,,,2025-12
2025-12-16,4764,雙鍵,化學工業,移出,突破失敗,94.96,97.0,,1,,,,,,,,,,,2025-12
2025-12-17,2408,南亞科,半導體業,進榜,準備,163.97,99.0,2.0,0,,,,,164.0,0.0,,,,,2025-12
2025-12-17,4764,雙鍵,化學工業,進榜,準備,104.06,99.0,3.0,0,,,,,102.6,-1.4,,,,,2025-12
2025-12-17,4967,十銓,半導體業,進榜,準備,140.45,91.0,1.0,0,,,,,144.3,2.8,,,,,2025-12
2025-12-17,6291,沛亨,半導體業,進榜,準備,190.62,90.0,2.0,0,,,,,188.7,-1.0,,,,,2025-12
2025-12-17,8422,可寧衛,其他,進榜,準備,23.65,71.0,1.0,0,,,,,23.5,-0.6,,,,,2025-12
2025-12-17,2313,華通,電子工業,觸發,等待後觸發,93.28,79.0,2.0,5,,,,,94.4,1.2,,,,,2025-12
2025-12-17,8390,金益鼎,其他,觸發,等待後觸發,93.79,82.0,1.0,2,,,,,93.6,-0.2,,,,,2025-12
2025-12-17,6442,光聖,通信網路業,移出,離高點太遠,1204.6,96.0,,50,,,,,,,,,,,2025-12
2025-12-17,4939,亞電,電子零組件業,移出,離高點太遠,35.78,85.0,,16,,,,,,,,,,,2025-12
2025-12-17,1303,南亞,塑膠工業,移出,離高點太遠,57.12,92.0,,15,,,,,,,,,,,2025-12
2025-12-17,2402,毅嘉,電子工業,移出,掉出掃描母體,56.57,74.0,,8,,,,,,,,,,,2025-12
2025-12-17,6664,群翊,電子零組件業,移出,突破失敗,275.75,71.0,,7,,,,,,,,,,,2025-12
2025-12-18,6770,力積電,半導體業,進榜,準備,35.38,96.0,2.0,0,,,,,36.5,3.2,,,,,2025-12
2025-12-18,2867,三商壽,金融保險,進榜,準備,7.88,79.0,1.0,0,,,,,7.9,0.0,,,,,2025-12
2025-12-18,3653,健策,電子工業,移出,離高點太遠,2638.62,80.0,,34,,,,,,,,,,,2025-12
2025-12-18,3163,波若威,通信網路業,移出,離高點太遠,289.1,89.0,,22,,,,,,,,,,,2025-12
2025-12-18,8039,台虹,電子工業,移出,離高點太遠,87.51,88.0,,21,,,,,,,,,,,2025-12
2025-12-18,2406,國碩,光電業,移出,離高點太遠,23.6,87.0,,7,,,,,,,,,,,2025-12
2025-12-18,1587,吉茂,汽車工業,移出,掉出掃描母體,49.7,79.0,,2,,,,,,,,,,,2025-12
2025-12-19,3017,奇鋐,電子工業,進榜,準備,1440.02,88.0,3.0,0,,,,,1484.7,3.1,,,,,2025-12
2025-12-19,6196,帆宣,其他電子業,進榜,準備,268.76,73.0,3.0,0,,,,,275.7,2.6,,,,,2025-12
2025-12-19,4764,雙鍵,化學工業,觸發,等待後觸發,112.77,99.0,3.0,2,,,,,110.8,-1.7,,,,,2025-12
2025-12-19,8422,可寧衛,其他,移出,掉出掃描母體,23.56,71.0,,2,,,,,,,,,,,2025-12
2025-12-19,8043,蜜望實,電子零組件業,移出,離高點太遠,78.39,100.0,,29,,,,,,,,,,,2025-12
2025-12-19,2467,志聖,電子工業,移出,突破失敗,221.4,72.0,,8,,,,,,,,,,,2025-12
2025-12-22,6127,九豪,電子零組件業,進榜,準備,33.9,84.0,1.0,0,,,,,35.1,3.5,,,,,2025-12
2025-12-22,2337,旺宏,半導體業,進榜,準備,38.95,83.0,2.0,0,,,,,39.4,1.2,,,,,2025-12
2025-12-22,4991,環宇-KY,半導體業,觸發,等待後觸發,211.5,88.0,3.0,13,,,,,221.0,4.5,,,,,2025-12
2025-12-22,6770,力積電,半導體業,觸發,等待後觸發,40.32,97.0,2.0,4,,,,,41.8,3.7,,,,,2025-12
2025-12-23,1727,中華化,化學工業,進榜,觸發,47.62,90.0,4.0,0,,,,,48.9,2.7,,,,,2025-12
2025-12-23,1727,中華化,化學工業,觸發,進榜即觸發,47.62,90.0,4.0,0,,,,,48.9,2.7,,,,,2025-12
2025-12-23,2413,環科,電子工業,進榜,準備,36.58,92.0,2.0,0,,,,,37.8,3.4,,,,,2025-12
2025-12-23,3624,光頡,電子零組件業,進榜,準備,53.75,82.0,2.0,0,,,,,53.7,-0.2,,,,,2025-12
2025-12-23,6426,統新,通信網路業,進榜,準備,107.0,77.0,3.0,0,,,,,110.0,2.8,,,,,2025-12
2025-12-23,6163,華電網,通信網路業,觸發,等待後觸發,56.9,98.0,2.0,25,,,,,56.3,-1.1,,,,,2025-12
2025-12-23,6127,九豪,電子零組件業,觸發,等待後觸發,37.25,86.0,1.0,1,,,,,37.1,-0.4,,,,,2025-12
2025-12-23,6274,台燿,電子零組件業,移出,逾期,461.8,90.0,,56,,,,,,,,,,,2025-12
2025-12-23,6196,帆宣,其他電子業,移出,掉出掃描母體,271.23,71.0,,4,,,,,,,,,,,2025-12
2025-12-23,8054,安國,半導體業,移出,掉出掃描母體,146.91,74.0,,26,,,,,,,,,,,2025-12
2025-12-23,3363,上詮,通信網路業,移出,掉出掃描母體,402.25,73.0,,20,,,,,,,,,,,2025-12
2025-12-24,8299,群聯,半導體業,進榜,觸發,1280.65,97.0,2.0,0,,,,,1300.5,1.6,,,,,2025-12
2025-12-24,8299,群聯,半導體業,觸發,進榜即觸發,1280.65,97.0,2.0,0,,,,,1300.5,1.6,,,,,2025-12
2025-12-24,3260,威剛,半導體業,進榜,觸發,216.26,94.0,2.0,0,,,,,217.7,0.7,,,,,2025-12
2025-12-24,3260,威剛,半導體業,觸發,進榜即觸發,216.26,94.0,2.0,0,,,,,217.7,0.7,,,,,2025-12
2025-12-24,3006,晶豪科,電子工業,進榜,觸發,95.95,80.0,1.0,0,,,,,97.7,1.9,,,,,2025-12
2025-12-24,3006,晶豪科,電子工業,觸發,進榜即觸發,95.95,80.0,1.0,0,,,,,97.7,1.9,,,,,2025-12
2025-12-24,1784,訊聯,生技醫療業,進榜,準備,111.0,81.0,1.0,0,,,,,111.0,0.0,,,,,2025-12
2025-12-24,4977,眾達-KY,電子工業,進榜,準備,137.91,74.0,3.0,0,,,,,140.3,1.7,,,,,2025-12
2025-12-24,4973,廣穎,半導體業,進榜,準備,37.41,72.0,1.0,0,,,,,38.0,1.6,,,,,2025-12
2025-12-26,2009,第一銅,鋼鐵工業,進榜,觸發,48.96,78.0,1.0,0,,,,,51.9,6.1,,,,,2025-12
2025-12-26,2009,第一銅,鋼鐵工業,觸發,進榜即觸發,48.96,78.0,1.0,0,,,,,51.9,6.1,,,,,2025-12
2025-12-26,8150,南茂,電子工業,進榜,準備,47.39,85.0,2.0,0,,,,,48.0,1.2,,,,,2025-12
2025-12-26,1608,華榮,電器電纜,進榜,準備,37.02,78.0,1.0,0,,,,,37.8,2.0,,,,,2025-12
2025-12-26,1605,華新,電器電纜,進榜,準備,32.97,77.0,1.0,0,,,,,34.1,3.3,,,,,2025-12
2025-12-26,8422,可寧衛,其他,進榜,準備,25.52,74.0,1.0,0,,,,,26.1,2.4,,,,,2025-12
2025-12-26,5351,鈺創,半導體業,進榜,準備,43.8,73.0,1.0,0,,,,,43.8,0.1,,,,,2025-12
2025-12-26,6265,方土昶,電子通路業,觸發,等待後觸發,24.2,97.0,2.0,17,,,,,25.5,5.4,,,,,2025-12
2025-12-26,2413,環科,電子工業,觸發,等待後觸發,42.06,96.0,2.0,3,,,,,44.5,5.8,,,,,2025-12
2025-12-29,4989,榮科,電子零組件業,進榜,觸發,49.61,98.0,3.0,0,,,,,50.0,0.8,,,,,2025-12
2025-12-29,4989,榮科,電子零組件業,觸發,進榜即觸發,49.61,98.0,3.0,0,,,,,50.0,0.8,,,,,2025-12
2025-12-29,5340,建榮,電子零組件業,進榜,觸發,73.32,87.0,2.0,0,,,,,73.8,0.7,,,,,2025-12
2025-12-29,5340,建榮,電子零組件業,觸發,進榜即觸發,73.32,87.0,2.0,0,,,,,73.8,0.7,,,,,2025-12
2025-12-29,1528,恩德,電機機械,進榜,觸發,22.05,83.0,2.0,0,,,,,22.4,1.8,,,,,2025-12
2025-12-29,1528,恩德,電機機械,觸發,進榜即觸發,22.05,83.0,2.0,0,,,,,22.4,1.8,,,,,2025-12
2025-12-29,3264,欣銓,半導體業,進榜,觸發,109.82,73.0,4.0,0,,,,,108.8,-0.9,,,,,2025-12
2025-12-29,3264,欣銓,半導體業,觸發,進榜即觸發,109.82,73.0,4.0,0,,,,,108.8,-0.9,,,,,2025-12
2025-12-29,3581,博磊,半導體業,進榜,準備,75.66,94.0,3.0,0,,,,,75.7,0.0,,,,,2025-12
2025-12-29,8422,可寧衛,其他,觸發,等待後觸發,28.06,80.0,1.0,3,,,,,28.2,0.5,,,,,2025-12
2025-12-29,6691,洋基工程,其他電子業,移出,晚期未觸發,487.77,73.0,,21,,,,,,,,,,,2025-12
2025-12-29,1727,中華化,化學工業,移出,突破失敗,42.93,85.0,,6,,,,,,,,,,,2025-12
2025-12-30,5289,宜鼎,電腦及週邊設備業,進榜,準備,508.0,93.0,2.0,0,,,,,518.7,2.1,,,,,2025-12
2025-12-30,2451,創見,半導體業,進榜,準備,188.15,92.0,2.0,0,,,,,190.1,1.0,,,,,2025-12
2025-12-30,2467,志聖,電子工業,進榜,準備,243.19,77.0,2.0,0,,,,,247.6,1.8,,,,,2025-12
2025-12-30,3324,雙鴻,其他電子類,進榜,準備,1018.33,75.0,2.0,0,,,,,1013.4,-0.5,,,,,2025-12
2025-12-30,6531,愛普*,半導體業,進榜,準備,439.48,74.0,3.0,0,,,,,444.4,1.1,,,,,2025-12
2025-12-30,6257,矽格,半導體業,進榜,準備,113.21,73.0,2.0,0,,,,,113.7,0.4,,,,,2025-12
2025-12-30,8088,品安,半導體業,進榜,準備,45.32,70.0,3.0,0,,,,,46.0,1.4,,,,,2025-12
2025-12-30,5351,鈺創,半導體業,觸發,等待後觸發,49.05,81.0,1.0,4,,,,,50.2,2.3,,,,,2025-12
2025-12-30,4903,聯光通,通信網路業,移出,離高點太遠,44.15,85.0,,20,,,,,,,,,,,2025-12
2025-12-30,8499,鼎炫-KY,其他,移出,離高點太遠,336.0,89.0,,19,,,,,,,,,,,2025-12
2025-12-30,5521,工信,建材營造,移出,離高點太遠,21.78,90.0,,18,,,,,,,,,,,2025-12
2025-12-31,3363,上詮,通信網路業,進榜,觸發,448.85,78.0,4.0,0,,,,,,,,,,,2025-12
2025-12-31,3363,上詮,通信網路業,觸發,進榜即觸發,448.85,78.0,4.0,0,,,,,,,,,,,2025-12
2025-12-31,6788,華景電,半導體業,進榜,準備,368.53,80.0,3.0,0,,,,,,,,,,,2025-12
2025-12-31,5386,青雲,電腦及週邊設備業,進榜,準備,60.76,75.0,2.0,0,,,,,,,,,,,2025-12
2025-12-31,4967,十銓,半導體業,觸發,等待後觸發,183.08,97.0,1.0,14,,,,,,,,,,,2025-12
2025-12-31,5289,宜鼎,電腦及週邊設備業,觸發,等待後觸發,558.41,95.0,2.0,1,,,,,,,,,,,2025-12
2025-12-31,6531,愛普*,半導體業,觸發,等待後觸發,444.94,76.0,3.0,1,,,,,,,,,,,2025-12
2025-12-31,6785,昱展新藥,生技醫療業,移出,掉出掃描母體,298.2,89.0,,23,,,,,,,,,,,2025-12
2025-12-31,2009,第一銅,鋼鐵工業,移出,掉出掃描母體,49.06,72.0,,5,,,,,,,,,,,2025-12
