stock_id,event_date,prev_close,open,close,chg%,ratio,還原後漲跌%,方向,掛牌基準,掛牌天數,同檔命中數,判定
3178,2015-06-03,19.9411,19.9411,17.34,-13.0,1.1765,2.3,往下跳（分割／面額變更）,上市日,-4111,15,興櫃期間或新上市
5455,2015-06-05,15.5,13.45,13.45,-13.2,1.1765,2.1,往下跳（分割／面額變更）,上市日,-4109,34,興櫃期間或新上市
1780,2015-06-09,11.0,11.0,12.47,13.4,0.900009,2.0,往上跳（減資／反向分割）,上市日,-4105,11,興櫃期間或新上市
2236,2015-06-09,27.3689,26.9657,22.6814,-17.1,1.1765,-2.5,往下跳（分割／面額變更）,上市日,-4105,1,興櫃期間或新上市
5348,2015-06-09,18.1623,16.0463,16.0463,-11.7,1.1111,-1.8,往下跳（分割／面額變更）,上市日,-4105,12,興櫃期間或新上市
2237,2015-06-11,17.69,17.26,21.99,24.3,0.8,-0.6,往上跳（減資／反向分割）,上市日,-4103,31,興櫃期間或新上市
6291,2015-06-11,21.1442,19.6838,18.0964,-14.4,1.1765,0.7,往下跳（分割／面額變更）,上市日,-4103,27,興櫃期間或新上市
6510,2015-06-15,176.8675,172.5936,196.9953,11.4,0.900009,0.2,往上跳（減資／反向分割）,上市日,-4099,3,興櫃期間或新上市
1456,2015-06-16,13.8442,12.2508,12.2508,-11.5,1.1111,-1.7,往下跳（分割／面額變更）,上市日,-4098,2,興櫃期間或新上市
3178,2015-06-16,16.2996,16.1609,18.155,11.4,0.900009,0.2,往上跳（減資／反向分割）,上市日,-4098,15,興櫃期間或新上市
6498,2015-06-16,19.4028,19.151,16.7909,-13.5,1.1765,1.8,往下跳（分割／面額變更）,上市日,-4098,50,興櫃期間或新上市
2739,2015-06-17,65.6896,65.5916,74.4465,13.3,0.900009,2.0,往上跳（減資／反向分割）,上市日,-4097,2,興櫃期間或新上市
2237,2015-06-18,27.1,26.42,30.39,12.1,0.900009,0.9,往上跳（減資／反向分割）,上市日,-4096,31,興櫃期間或新上市
3178,2015-06-22,18.5538,19.048,20.8081,12.1,0.900009,0.9,往上跳（減資／反向分割）,上市日,-4092,15,興櫃期間或新上市
4554,2015-06-29,71.1805,71.1204,61.321,-13.9,1.1765,1.4,往下跳（分割／面額變更）,上市日,-4085,3,興櫃期間或新上市
6240,2015-06-29,18.4,22.8,22.8,23.9,0.8,-0.9,往上跳（減資／反向分割）,上市日,-4085,3,興櫃期間或新上市
6291,2015-07-07,21.2077,18.7313,18.7313,-11.7,1.1111,-1.9,往下跳（分割／面額變更）,上市日,-4077,27,興櫃期間或新上市
9106,2015-07-09,4.86,3.95,4.2,-13.6,1.1765,1.7,往下跳（分割／面額變更）,上市日,-3436,3,興櫃期間或新上市
5348,2015-07-13,13.6364,14.8904,15.4781,13.5,0.900009,2.2,往上跳（減資／反向分割）,上市日,-4071,12,興櫃期間或新上市
6240,2015-07-13,18.5,24.55,24.55,32.7,0.750019,-0.5,往上跳（減資／反向分割）,上市日,-4071,3,興櫃期間或新上市
6465,2015-07-13,59.2423,58.2271,51.2516,-13.5,1.1765,1.8,往下跳（分割／面額變更）,上市日,-4071,2,興櫃期間或新上市
6534,2015-07-13,228.7178,217.638,256.9476,12.3,0.900009,1.1,往上跳（減資／反向分割）,上市日,-4071,19,興櫃期間或新上市
8463,2015-07-13,33.4082,29.0569,27.5678,-17.5,1.1765,-2.9,往下跳（分割／面額變更）,上市日,-4071,1,興櫃期間或新上市
4419,2015-07-14,8.375,9.4875,9.4875,13.3,0.900009,2.0,往上跳（減資／反向分割）,上市日,-4070,17,興櫃期間或新上市
4968,2015-07-17,31.8039,31.8721,37.0101,16.4,0.849979,-1.1,往上跳（減資／反向分割）,上市日,-4067,1,興櫃期間或新上市
4413,2015-07-20,30.0524,24.6301,24.5382,-18.3,1.25,2.1,往下跳（分割／面額變更）,上市日,-4064,7,興櫃期間或新上市
4419,2015-07-23,8.55,6.75,6.75,-21.1,1.25,-1.3,往下跳（分割／面額變更）,上市日,-4061,17,興櫃期間或新上市
2237,2015-07-24,18.25,18.28,21.91,20.1,0.849979,2.0,往上跳（減資／反向分割）,上市日,-4060,31,興櫃期間或新上市
6516,2015-07-24,65.794,65.971,55.5062,-15.6,1.1765,-0.7,往下跳（分割／面額變更）,上市日,-4060,14,興櫃期間或新上市
5205,2015-07-27,39.5079,37.2575,33.7568,-14.6,1.1765,0.5,往下跳（分割／面額變更）,上市日,-4057,11,興櫃期間或新上市
6486,2015-07-28,21.7841,22.2358,18.7481,-13.9,1.1765,1.3,往下跳（分割／面額變更）,上市日,-4056,1,興櫃期間或新上市
8028,2015-07-29,12.5459,11.5555,14.3068,14.0,0.900009,2.6,往上跳（減資／反向分割）,上市日,-4055,9,興櫃期間或新上市
7402,2015-07-30,48.7321,47.176,43.1888,-11.4,1.1111,-1.5,往下跳（分割／面額變更）,上市日,-4054,3,興櫃期間或新上市
3168,2015-07-31,7.9472,7.9722,8.8302,11.1,0.900009,0.0,往上跳（減資／反向分割）,上市日,-4053,16,興櫃期間或新上市
6288,2015-07-31,4.8233,4.8405,4.0826,-15.4,1.1765,-0.4,往下跳（分割／面額變更）,上市日,-3792,9,興櫃期間或新上市
6523,2015-07-31,82.6727,82.7841,93.3551,12.9,0.900009,1.6,往上跳（減資／反向分割）,上市日,-4053,4,興櫃期間或新上市
8462,2015-07-31,35.4683,34.6857,29.4965,-16.8,1.1765,-2.2,往下跳（分割／面額變更）,上市日,-4053,1,興櫃期間或新上市
4419,2015-08-04,7.425,9.8625,9.8625,32.8,0.750019,-0.4,往上跳（減資／反向分割）,上市日,-4049,17,興櫃期間或新上市
6534,2015-08-04,263.8455,260.9053,295.7484,12.1,0.900009,0.9,往上跳（減資／反向分割）,上市日,-4049,19,興櫃期間或新上市
8028,2015-08-07,14.4608,14.5709,16.8013,16.2,0.849979,-1.2,往上跳（減資／反向分割）,上市日,-4046,9,興櫃期間或新上市
4147,2015-08-10,101.5122,101.6497,112.9572,11.3,0.900009,0.1,往上跳（減資／反向分割）,上市日,-4043,3,興櫃期間或新上市
4551,2015-08-10,54.2557,45.0315,44.1599,-18.6,1.25,1.7,往下跳（分割／面額變更）,上市日,-4043,1,興櫃期間或新上市
3178,2015-08-12,19.7763,20.1058,16.5597,-16.3,1.1765,-1.5,往下跳（分割／面額變更）,上市日,-4041,15,興櫃期間或新上市
4116,2015-08-12,21.1593,21.1946,23.7125,12.1,0.900009,0.9,往上跳（減資／反向分割）,上市日,-4041,10,興櫃期間或新上市
4545,2015-08-12,76.7544,77.2384,67.7651,-11.7,1.1111,-1.9,往下跳（分割／面額變更）,上市日,-4041,3,興櫃期間或新上市
5301,2015-08-12,130.1138,130.5484,145.1826,11.6,0.900009,0.4,往上跳（減資／反向分割）,上市日,-4041,2,興櫃期間或新上市
8279,2015-08-12,22.2685,22.541,25.5855,14.9,0.849979,-2.3,往上跳（減資／反向分割）,上市日,-4041,7,興櫃期間或新上市
4155,2015-08-13,15.5594,15.4342,18.1229,16.5,0.849979,-1.0,往上跳（減資／反向分割）,上市日,-4040,5,興櫃期間或新上市
6103,2015-08-13,62.1655,52.4153,52.4153,-15.7,1.1765,-0.8,往下跳（分割／面額變更）,上市日,-4040,33,興櫃期間或新上市
2643,2015-08-14,11.1052,11.1052,12.3582,11.3,0.900009,0.2,往上跳（減資／反向分割）,上市日,-4039,5,興櫃期間或新上市
4419,2015-08-14,9.2375,7.5,7.5,-18.8,1.25,1.5,往下跳（分割／面額變更）,上市日,-4039,17,興櫃期間或新上市
8077,2015-08-14,228.4787,253.6114,253.6114,11.0,0.900009,-0.1,往上跳（減資／反向分割）,上市日,-4039,3,興櫃期間或新上市
8087,2015-08-17,7.0286,7.2985,7.8295,11.4,0.900009,0.3,往上跳（減資／反向分割）,上市日,-4036,1,興櫃期間或新上市
6512,2015-08-18,37.9266,36.9825,33.4884,-11.7,1.1111,-1.9,往下跳（分割／面額變更）,上市日,-4035,3,興櫃期間或新上市
4195,2015-08-19,15.49,15.67,13.59,-12.3,1.1111,-2.5,往下跳（分割／面額變更）,上市日,-4034,34,興櫃期間或新上市
2740,2015-08-20,407.9092,406.7035,334.8673,-17.9,1.25,2.6,往下跳（分割／面額變更）,上市日,-4033,8,興櫃期間或新上市
6492,2015-08-20,50.3368,50.375,57.1185,13.5,0.900009,2.1,往上跳（減資／反向分割）,上市日,-4033,9,興櫃期間或新上市
1418,2015-08-21,15.5118,11.3453,11.3453,-26.9,1.3333,-2.5,往下跳（分割／面額變更）,上市日,-4032,5,興櫃期間或新上市
2740,2015-08-21,334.8673,333.0588,276.2931,-17.5,1.1765,-2.9,往下跳（分割／面額變更）,上市日,-4032,8,興櫃期間或新上市
6469,2015-08-21,12.2969,12.5881,10.4325,-15.2,1.1765,-0.2,往下跳（分割／面額變更）,上市日,-4032,2,興櫃期間或新上市
6477,2015-08-21,17.8522,17.1847,15.6013,-12.6,1.1765,2.8,往下跳（分割／面額變更）,上市日,-4032,2,興櫃期間或新上市
6533,2015-08-21,66.7683,69.4391,58.9403,-11.7,1.1111,-1.9,往下跳（分割／面額變更）,上市日,-4032,10,興櫃期間或新上市
1760,2015-08-24,83.0519,83.8932,71.5251,-13.9,1.1765,1.3,往下跳（分割／面額變更）,上市日,-4029,9,興櫃期間或新上市
2424,2015-08-24,52.5776,46.4949,46.4949,-11.6,1.1111,-1.7,往下跳（分割／面額變更）,上市日,-4029,1,興櫃期間或新上市
4741,2015-08-24,52.2611,52.5093,46.127,-11.7,1.1111,-1.9,往下跳（分割／面額變更）,上市日,-4029,4,興櫃期間或新上市
4744,2015-08-24,8.3676,8.3388,7.3361,-12.3,1.1111,-2.6,往下跳（分割／面額變更）,上市日,-4029,16,興櫃期間或新上市
4754,2015-08-24,8.3182,8.3147,7.3728,-11.4,1.1111,-1.5,往下跳（分割／面額變更）,上市日,-4029,6,興櫃期間或新上市
6461,2015-08-24,30.1775,30.1035,26.4285,-12.4,1.1111,-2.7,往下跳（分割／面額變更）,上市日,-4027,5,興櫃期間或新上市
6470,2015-08-24,18.2259,18.095,15.6122,-14.3,1.1765,0.8,往下跳（分割／面額變更）,上市日,-4029,3,興櫃期間或新上市
6498,2015-08-24,11.8563,11.9495,10.457,-11.8,1.1111,-2.0,往下跳（分割／面額變更）,上市日,-4029,50,興櫃期間或新上市
6510,2015-08-24,158.4442,161.1079,138.7532,-12.4,1.1111,-2.7,往下跳（分割／面額變更）,上市日,-4029,3,興櫃期間或新上市
6526,2015-08-24,135.1065,136.1531,117.5129,-13.0,1.1765,2.3,往下跳（分割／面額變更）,上市日,-4029,7,興櫃期間或新上市
6532,2015-08-24,16.6796,16.6262,14.7448,-11.6,1.1111,-1.8,往下跳（分割／面額變更）,上市日,-4029,10,興櫃期間或新上市
6533,2015-08-24,58.9403,60.1099,52.0148,-11.7,1.1111,-1.9,往下跳（分割／面額變更）,上市日,-4029,10,興櫃期間或新上市
6547,2015-08-24,17.8846,17.9947,15.8758,-11.2,1.1111,-1.4,往下跳（分割／面額變更）,上市日,-4029,5,興櫃期間或新上市
8440,2015-08-24,10.1438,10.1438,7.5103,-26.0,1.3333,-1.3,往下跳（分割／面額變更）,上市日,-4029,8,興櫃期間或新上市
4554,2015-08-25,26.4823,26.2598,29.7407,12.3,0.900009,1.1,往上跳（減資／反向分割）,上市日,-4028,3,興櫃期間或新上市
5228,2015-08-25,26.1001,26.0711,21.8468,-16.3,1.1765,-1.5,往下跳（分割／面額變更）,上市日,-4028,9,興櫃期間或新上市
1418,2015-08-26,10.2192,8.3049,8.3049,-18.7,1.25,1.6,往下跳（分割／面額變更）,上市日,-4027,5,興櫃期間或新上市
2718,2015-08-26,23.8154,20.8306,21.1134,-11.3,1.1111,-1.5,往下跳（分割／面額變更）,上市日,-4027,5,興櫃期間或新上市
6288,2015-08-26,4.1515,4.0309,5.0989,22.8,0.8,-1.7,往上跳（減資／反向分割）,上市日,-3766,9,興櫃期間或新上市
3321,2015-08-27,81.8238,82.9312,93.3284,14.1,0.900009,2.7,往上跳（減資／反向分割）,上市日,-4026,2,興櫃期間或新上市
4961,2015-08-27,26.403,26.2563,31.3119,18.6,0.849979,0.8,往上跳（減資／反向分割）,上市日,-4026,5,興櫃期間或新上市
6470,2015-08-27,16.1661,16.0704,18.4777,14.3,0.849979,-2.8,往上跳（減資／反向分割）,上市日,-4026,3,興櫃期間或新上市
8472,2015-08-27,77.7637,76.2805,89.6083,15.2,0.849979,-2.1,往上跳（減資／反向分割）,上市日,-4026,3,興櫃期間或新上市
1760,2015-08-28,83.8932,83.624,94.646,12.8,0.900009,1.5,往上跳（減資／反向分割）,上市日,-4025,9,興櫃期間或新上市
2429,2015-08-28,15.0109,14.245,13.2239,-11.9,1.1111,-2.1,往下跳（分割／面額變更）,上市日,-4025,5,興櫃期間或新上市
2743,2015-08-28,27.0548,26.1893,22.5274,-16.7,1.1765,-2.0,往下跳（分割／面額變更）,上市日,-4025,9,興櫃期間或新上市
4116,2015-08-28,22.0762,21.1946,19.4383,-11.9,1.1111,-2.2,往下跳（分割／面額變更）,上市日,-4025,10,興櫃期間或新上市
4961,2015-08-28,31.3119,28.3881,35.1159,12.1,0.900009,0.9,往上跳（減資／反向分割）,上市日,-4025,5,興櫃期間或新上市
5455,2015-08-28,12.15,10.4,10.4,-14.4,1.1765,0.7,往下跳（分割／面額變更）,上市日,-4025,34,興櫃期間或新上市
6446,2015-08-28,46.4903,44.3182,52.5223,13.0,0.900009,1.7,往上跳（減資／反向分割）,上市日,-4025,6,興櫃期間或新上市
1760,2015-08-31,94.646,91.5497,106.3579,12.4,0.900009,1.1,往上跳（減資／反向分割）,上市日,-4022,9,興櫃期間或新上市
4754,2015-08-31,7.9267,7.8667,8.8192,11.3,0.900009,0.1,往上跳（減資／反向分割）,上市日,-4022,6,興櫃期間或新上市
6288,2015-08-31,4.8405,5.0042,5.5899,15.5,0.849979,-1.8,往上跳（減資／反向分割）,上市日,-3761,9,興櫃期間或新上市
6446,2015-08-31,52.5223,49.8267,61.961,18.0,0.849979,0.3,往上跳（減資／反向分割）,上市日,-4022,6,興櫃期間或新上市
6477,2015-09-01,15.1356,15.1666,17.2312,13.8,0.900009,2.5,往上跳（減資／反向分割）,上市日,-4021,2,興櫃期間或新上市
6531,2015-09-01,47.9383,47.7138,21.8839,-54.3,2.2222,1.4,往下跳（分割／面額變更）,上市日,-4021,3,興櫃期間或新上市
4195,2015-09-02,13.35,13.11,15.74,17.9,0.849979,0.2,往上跳（減資／反向分割）,上市日,-4020,34,興櫃期間或新上市
5455,2015-09-02,10.4,9.05,9.05,-13.0,1.1765,2.4,往下跳（分割／面額變更）,上市日,-4020,34,興櫃期間或新上市
5455,2015-09-04,9.05,7.64,7.65,-15.5,1.1765,-0.6,往下跳（分割／面額變更）,上市日,-4018,34,興櫃期間或新上市
6103,2015-09-04,41.2255,48.7508,52.0227,26.2,0.8,1.0,往上跳（減資／反向分割）,上市日,-4018,33,興櫃期間或新上市
4419,2015-09-08,5.125,6.0,6.0,17.1,0.849979,-0.5,往上跳（減資／反向分割）,上市日,-4014,17,興櫃期間或新上市
6499,2015-09-08,96.8125,96.134,109.6216,13.2,0.900009,1.9,往上跳（減資／反向分割）,上市日,-4014,4,興櫃期間或新上市
4744,2015-09-09,6.6581,6.6508,7.8916,18.5,0.849979,0.7,往上跳（減資／反向分割）,上市日,-4013,16,興櫃期間或新上市
6516,2015-09-09,48.3478,46.3572,54.5492,12.8,0.900009,1.5,往上跳（減資／反向分割）,上市日,-4013,14,興櫃期間或新上市
6532,2015-09-09,15.1451,15.1985,17.0799,12.8,0.900009,1.5,往上跳（減資／反向分割）,上市日,-4013,10,興櫃期間或新上市
6533,2015-09-09,67.9379,67.6709,83.7137,23.2,0.8,-1.4,往上跳（減資／反向分割）,上市日,-4013,10,興櫃期間或新上市
6512,2015-09-10,34.134,34.0129,38.201,11.9,0.900009,0.7,往上跳（減資／反向分割）,上市日,-4012,3,興櫃期間或新上市
6461,2015-09-11,25.2714,24.9751,29.2241,15.6,0.849979,-1.7,往上跳（減資／反向分割）,上市日,-4009,5,興櫃期間或新上市
6516,2015-09-11,59.9897,58.0709,70.8182,18.1,0.849979,0.3,往上跳（減資／反向分割）,上市日,-4011,14,興櫃期間或新上市
4195,2015-09-14,15.85,15.68,17.7,11.7,0.900009,0.5,往上跳（減資／反向分割）,上市日,-4008,34,興櫃期間或新上市
5222,2015-09-14,15.2879,15.196,13.4749,-11.9,1.1111,-2.1,往下跳（分割／面額變更）,上市日,-4008,15,興櫃期間或新上市
3073,2015-09-16,9.9224,8.6168,8.3731,-15.6,1.1765,-0.7,往下跳（分割／面額變更）,上市日,-4006,2,興櫃期間或新上市
5222,2015-09-16,13.4749,13.5606,15.0061,11.4,0.900009,0.2,往上跳（減資／反向分割）,上市日,-4006,15,興櫃期間或新上市
6516,2015-09-16,68.3779,67.4065,76.7995,12.3,0.900009,1.1,往上跳（減資／反向分割）,上市日,-4006,14,興櫃期間或新上市
4419,2015-09-17,7.575,8.9375,9.0625,19.6,0.849979,1.7,往上跳（減資／反向分割）,上市日,-4005,17,興櫃期間或新上市
6535,2015-09-17,40.0765,39.8781,44.6396,11.4,0.900009,0.2,往上跳（減資／反向分割）,上市日,-4005,5,興櫃期間或新上市
6461,2015-09-18,29.6499,29.8165,33.6951,13.6,0.900009,2.3,往上跳（減資／反向分割）,上市日,-4002,5,興櫃期間或新上市
6485,2015-09-18,23.7226,22.9456,27.0006,13.8,0.900009,2.4,往上跳（減資／反向分割）,上市日,-4004,2,興櫃期間或新上市
6546,2015-09-18,16.2136,16.1651,18.1363,11.9,0.900009,0.7,往上跳（減資／反向分割）,上市日,-4004,3,興櫃期間或新上市
6516,2015-09-21,77.9958,76.7038,88.2835,13.2,0.900009,1.9,往上跳（減資／反向分割）,上市日,-4001,14,興櫃期間或新上市
6541,2015-09-21,312.7429,311.7681,365.5436,16.9,0.849979,-0.7,往上跳（減資／反向分割）,上市日,-4001,15,興櫃期間或新上市
1418,2015-09-22,11.1483,12.387,12.387,11.1,0.900009,0.0,往上跳（減資／反向分割）,上市日,-4000,5,興櫃期間或新上市
2496,2015-09-23,20.5643,18.1188,18.1188,-11.9,1.1111,-2.1,往下跳（分割／面額變更）,上市日,-3999,1,興櫃期間或新上市
6291,2015-09-23,22.2236,19.4298,19.4298,-12.6,1.1111,-2.9,往下跳（分割／面額變更）,上市日,-3999,27,興櫃期間或新上市
8934,2015-09-23,45.85,40.5,40.5,-11.7,1.1111,-1.9,往下跳（分割／面額變更）,上市日,-1885,5,興櫃期間或新上市
4155,2015-09-30,16.8113,16.6623,14.3135,-14.9,1.1765,0.2,往下跳（分割／面額變更）,上市日,-3992,5,興櫃期間或新上市
4195,2015-09-30,18.87,18.93,22.5,19.2,0.849979,1.3,往上跳（減資／反向分割）,上市日,-3992,34,興櫃期間或新上市
8028,2015-09-30,15.8182,15.488,18.0412,14.1,0.900009,2.6,往上跳（減資／反向分割）,上市日,-3992,9,興櫃期間或新上市
3168,2015-10-01,6.8309,6.9559,8.5386,25.0,0.8,0.0,往上跳（減資／反向分割）,上市日,-3991,16,興櫃期間或新上市
6443,2015-10-01,20.5096,18.4912,17.9052,-12.7,1.1765,2.7,往下跳（分割／面額變更）,上市日,-3991,1,興櫃期間或新上市
6535,2015-10-01,40.1657,39.4118,44.7388,11.4,0.900009,0.2,往上跳（減資／反向分割）,上市日,-3991,5,興櫃期間或新上市
8028,2015-10-01,18.0412,16.5959,21.0566,16.7,0.849979,-0.8,往上跳（減資／反向分割）,上市日,-3991,9,興櫃期間或新上市
6425,2015-10-02,29.223,29.0659,32.9162,12.6,0.900009,1.4,往上跳（減資／反向分割）,上市日,-3990,4,興櫃期間或新上市
4155,2015-10-05,14.3612,14.6056,16.096,12.1,0.900009,0.9,往上跳（減資／反向分割）,上市日,-3987,5,興櫃期間或新上市
4741,2015-10-05,40.5023,40.4632,45.4018,12.1,0.900009,0.9,往上跳（減資／反向分割）,上市日,-3987,4,興櫃期間或新上市
6416,2015-10-05,78.8518,78.6911,88.0385,11.7,0.900009,0.5,往上跳（減資／反向分割）,上市日,-3987,3,興櫃期間或新上市
6491,2015-10-05,68.4387,68.4387,77.7329,13.6,0.900009,2.2,往上跳（減資／反向分割）,上市日,-3987,3,興櫃期間或新上市
5455,2015-10-06,6.47,6.21,7.21,11.4,0.900009,0.3,往上跳（減資／反向分割）,上市日,-3986,34,興櫃期間或新上市
2237,2015-10-08,21.9,21.88,25.18,15.0,0.849979,-2.3,往上跳（減資／反向分割）,上市日,-3984,31,興櫃期間或新上市
6461,2015-10-13,35.167,35.0096,39.3604,11.9,0.900009,0.7,往上跳（減資／反向分割）,上市日,-3977,5,興櫃期間或新上市
6417,2015-10-14,30.7773,30.9267,36.2306,17.7,0.849979,0.1,往上跳（減資／反向分割）,上市日,-3978,1,興櫃期間或新上市
6531,2015-10-14,26.2561,25.4341,31.8383,21.3,0.8,-3.0,往上跳（減資／反向分割）,上市日,-3978,3,興櫃期間或新上市
5222,2015-10-15,14.7917,14.608,16.5373,11.8,0.900009,0.6,往上跳（減資／反向分割）,上市日,-3977,15,興櫃期間或新上市
6026,2015-10-16,3.5884,3.5604,4.1457,15.5,0.849979,-1.8,往上跳（減資／反向分割）,上市日,-3976,1,興櫃期間或新上市
6446,2015-10-16,65.399,65.4927,73.0562,11.7,0.900009,0.5,往上跳（減資／反向分割）,上市日,-3976,6,興櫃期間或新上市
6492,2015-10-20,63.7091,63.604,71.5222,12.3,0.900009,1.0,往上跳（減資／反向分割）,上市日,-3972,9,興櫃期間或新上市
3465,2015-10-23,20.7486,20.1745,17.6322,-15.0,1.1765,-0.0,往下跳（分割／面額變更）,上市日,-3969,3,興櫃期間或新上市
5222,2015-10-26,17.5786,17.6766,20.2184,15.0,0.849979,-2.2,往上跳（減資／反向分割）,上市日,-3966,15,興櫃期間或新上市
4166,2015-10-27,21.39,21.33,24.32,13.7,0.900009,2.3,往上跳（減資／反向分割）,上市日,-3965,25,興櫃期間或新上市
5348,2015-10-29,16.3402,13.225,13.225,-19.1,1.25,1.2,往下跳（分割／面額變更）,上市日,-3963,12,興櫃期間或新上市
6470,2015-11-03,24.6773,26.9436,29.7134,20.4,0.849979,2.3,往上跳（減資／反向分割）,上市日,-3958,3,興櫃期間或新上市
3150,2015-11-04,4.8841,4.9213,5.619,15.0,0.849979,-2.2,往上跳（減資／反向分割）,上市日,-3957,47,興櫃期間或新上市
6485,2015-11-04,30.0984,29.8411,33.8601,12.5,0.900009,1.2,往上跳（減資／反向分割）,上市日,-3957,2,興櫃期間或新上市
6492,2015-11-05,100.2916,102.1637,116.5293,16.2,0.849979,-1.2,往上跳（減資／反向分割）,上市日,-3956,9,興櫃期間或新上市
6492,2015-11-06,116.5293,109.8814,134.1997,15.2,0.849979,-2.1,往上跳（減資／反向分割）,上市日,-3955,9,興櫃期間或新上市
4760,2015-11-09,13.8979,13.647,15.6266,12.4,0.900009,1.2,往上跳（減資／反向分割）,上市日,-3952,8,興櫃期間或新上市
6465,2015-11-09,65.9066,65.6938,74.0856,12.4,0.900009,1.2,往上跳（減資／反向分割）,上市日,-3952,2,興櫃期間或新上市
6492,2015-11-09,134.1997,127.0265,172.8836,28.8,0.8,3.1,往上跳（減資／反向分割）,上市日,-3952,9,興櫃期間或新上市
3178,2015-11-10,17.1666,16.9586,19.074,11.1,0.900009,0.0,往上跳（減資／反向分割）,上市日,-3951,15,興櫃期間或新上市
6492,2015-11-10,172.8836,156.3308,152.8253,-11.6,1.1111,-1.8,往下跳（分割／面額變更）,上市日,-3951,9,興櫃期間或新上市
4304,2015-11-12,18.5244,16.4582,16.4582,-11.2,1.1111,-1.3,往下跳（分割／面額變更）,上市日,-3949,6,興櫃期間或新上市
6516,2015-11-13,97.6143,96.7099,110.3042,13.0,0.900009,1.7,往上跳（減資／反向分割）,上市日,-3948,14,興櫃期間或新上市
2643,2015-11-16,13.9061,13.8324,15.675,12.7,0.900009,1.4,往上跳（減資／反向分割）,上市日,-3945,5,興櫃期間或新上市
4967,2015-11-16,7.7393,7.7595,6.758,-12.7,1.1765,2.7,往下跳（分割／面額變更）,上市日,-3945,15,興櫃期間或新上市
1760,2015-11-18,85.7779,85.9799,95.3696,11.2,0.900009,0.1,往上跳（減資／反向分割）,上市日,-3943,9,興櫃期間或新上市
4116,2015-11-18,25.0456,25.2713,28.2829,12.9,0.900009,1.6,往上跳（減資／反向分割）,上市日,-3943,10,興櫃期間或新上市
5348,2015-11-18,14.5377,14.8904,12.3433,-15.1,1.1765,-0.1,往下跳（分割／面額變更）,上市日,-3943,12,興櫃期間或新上市
1760,2015-11-19,95.3696,93.0306,110.2198,15.6,0.849979,-1.8,往上跳（減資／反向分割）,上市日,-3942,9,興櫃期間或新上市
4116,2015-11-19,28.2829,28.2618,33.4952,18.4,0.849979,0.7,往上跳（減資／反向分割）,上市日,-3942,10,興櫃期間或新上市
4744,2015-11-19,8.043,8.043,9.1251,13.5,0.900009,2.1,往上跳（減資／反向分割）,上市日,-3942,16,興櫃期間或新上市
8464,2015-11-19,126.1965,125.8379,144.1261,14.2,0.900009,2.8,往上跳（減資／反向分割）,上市日,-3942,1,興櫃期間或新上市
2643,2015-11-20,16.3138,16.4072,19.1344,17.3,0.849979,-0.3,往上跳（減資／反向分割）,上市日,-3941,5,興櫃期間或新上市
6416,2015-11-20,89.5696,89.6538,101.4356,13.2,0.900009,1.9,往上跳（減資／反向分割）,上市日,-3941,3,興櫃期間或新上市
6461,2015-11-20,41.184,39.1104,47.5157,15.4,0.849979,-1.9,往上跳（減資／反向分割）,上市日,-3939,5,興櫃期間或新上市
6535,2015-11-20,44.7983,44.6991,52.5755,17.4,0.849979,-0.2,往上跳（減資／反向分割）,上市日,-3941,5,興櫃期間或新上市
6547,2015-11-20,15.9147,15.9989,17.8198,12.0,0.900009,0.8,往上跳（減資／反向分割）,上市日,-3941,5,興櫃期間或新上市
3349,2015-11-23,21.9655,21.8652,24.6087,12.0,0.900009,0.8,往上跳（減資／反向分割）,上市日,-3938,16,興櫃期間或新上市
4147,2015-11-23,148.8249,143.4315,167.0093,12.2,0.900009,1.0,往上跳（減資／反向分割）,上市日,-3938,3,興櫃期間或新上市
4744,2015-11-23,9.4497,9.5507,11.1088,17.6,0.849979,-0.1,往上跳（減資／反向分割）,上市日,-3938,16,興櫃期間或新上市
4804,2015-11-23,76.2774,74.4623,85.459,12.0,0.900009,0.8,往上跳（減資／反向分割）,上市日,-3797,3,興櫃期間或新上市
6541,2015-11-23,327.6354,326.5794,368.2514,12.4,0.900009,1.2,往上跳（減資／反向分割）,上市日,-3938,15,興櫃期間或新上市
6547,2015-11-23,17.8198,17.0487,20.4118,14.5,0.849979,-2.6,往上跳（減資／反向分割）,上市日,-3938,5,興櫃期間或新上市
2069,2015-11-24,9.7993,9.7886,10.9238,11.5,0.900009,0.3,往上跳（減資／反向分割）,上市日,-3937,3,興櫃期間或新上市
2361,2015-11-24,1.06,0.87,0.87,-17.9,1.25,2.6,往下跳（分割／面額變更）,上市日,-3298,1,興櫃期間或新上市
4169,2015-11-24,30.7609,30.1816,34.7558,13.0,0.900009,1.7,往上跳（減資／反向分割）,上市日,-3937,25,興櫃期間或新上市
1760,2015-11-25,115.6887,115.0409,130.4043,12.7,0.900009,1.4,往上跳（減資／反向分割）,上市日,-3936,9,興櫃期間或新上市
4147,2015-11-25,171.9213,170.9389,198.4463,15.4,0.849979,-1.9,往上跳（減資／反向分割）,上市日,-3936,3,興櫃期間或新上市
4967,2015-11-25,6.1409,6.323,7.4257,20.9,0.849979,2.8,往上跳（減資／反向分割）,上市日,-3936,15,興櫃期間或新上市
6541,2015-11-25,384.4977,386.2307,446.7755,16.2,0.849979,-1.2,往上跳（減資／反向分割）,上市日,-3936,15,興櫃期間或新上市
4166,2015-11-26,28.99,27.89,32.35,11.6,0.900009,0.4,往上跳（減資／反向分割）,上市日,-3935,25,興櫃期間或新上市
6446,2015-11-26,92.5899,90.5819,104.3102,12.7,0.900009,1.4,往上跳（減資／反向分割）,上市日,-3935,6,興櫃期間或新上市
6494,2015-11-26,16.7914,16.0281,19.6263,16.9,0.849979,-0.7,往上跳（減資／反向分割）,上市日,-3935,2,興櫃期間或新上市
6512,2015-11-26,37.3618,35.7721,42.7683,14.5,0.849979,-2.7,往上跳（減資／反向分割）,上市日,-3935,3,興櫃期間或新上市
2643,2015-11-27,21.8664,21.5962,26.5346,21.3,0.8,-2.9,往上跳（減資／反向分割）,上市日,-3934,5,興櫃期間或新上市
3530,2015-11-27,37.4257,37.6751,44.9785,20.2,0.849979,2.2,往上跳（減資／反向分割）,上市日,-3934,15,興櫃期間或新上市
4116,2015-11-27,41.2606,41.8531,59.0203,43.0,0.699986,0.1,往上跳（減資／反向分割）,上市日,-3934,10,興櫃期間或新上市
4804,2015-11-27,84.7527,84.8022,96.4062,13.8,0.900009,2.4,往上跳（減資／反向分割）,上市日,-3793,3,興櫃期間或新上市
3430,2015-11-30,17.134,16.8696,19.1041,11.5,0.900009,0.3,往上跳（減資／反向分割）,上市日,-3931,14,興櫃期間或新上市
3530,2015-11-30,44.9785,42.9122,53.4398,18.8,0.849979,1.0,往上跳（減資／反向分割）,上市日,-3931,15,興櫃期間或新上市
4116,2015-11-30,59.0203,51.6075,102.2699,73.3,0.599988,4.0,往上跳（減資／反向分割）,上市日,-3931,10,興櫃期間或新上市
4169,2015-11-30,35.5548,35.7446,43.9441,23.6,0.8,-1.1,往上跳（減資／反向分割）,上市日,-3931,25,興櫃期間或新上市
4744,2015-11-30,11.5416,11.5055,21.8064,88.9,0.549995,3.9,往上跳（減資／反向分割）,上市日,-3931,16,興櫃期間或新上市
4754,2015-11-30,8.4664,8.4664,9.5247,12.5,0.900009,1.3,往上跳（減資／反向分割）,上市日,-3931,6,興櫃期間或新上市
6446,2015-11-30,102.7475,103.9976,115.0147,11.9,0.900009,0.7,往上跳（減資／反向分割）,上市日,-3931,6,興櫃期間或新上市
6469,2015-11-30,13.1624,13.0028,15.7969,20.0,0.849979,2.0,往上跳（減資／反向分割）,上市日,-3931,2,興櫃期間或新上市
6496,2015-11-30,54.0686,55.6546,66.3241,22.7,0.8,-1.9,往上跳（減資／反向分割）,上市日,-3931,8,興櫃期間或新上市
6498,2015-11-30,4.9906,4.972,5.6156,12.5,0.900009,1.3,往上跳（減資／反向分割）,上市日,-3931,50,興櫃期間或新上市
6527,2015-11-30,31.6351,30.091,56.8678,79.8,0.549995,-1.1,往上跳（減資／反向分割）,上市日,-3931,6,興櫃期間或新上市
8279,2015-11-30,35.3637,35.2773,43.8723,24.1,0.8,-0.8,往上跳（減資／反向分割）,上市日,-3931,7,興櫃期間或新上市
2643,2015-12-01,25.1046,28.1266,21.6208,-13.9,1.1765,1.3,往下跳（分割／面額變更）,上市日,-3930,5,興櫃期間或新上市
3168,2015-12-01,8.3304,8.3137,10.2963,23.6,0.8,-1.1,往上跳（減資／反向分割）,上市日,-3930,16,興櫃期間或新上市
4166,2015-12-01,29.84,29.66,37.1,24.3,0.8,-0.5,往上跳（減資／反向分割）,上市日,-3930,25,興櫃期間或新上市
4556,2015-12-01,27.035,26.5546,50.08,85.2,0.549995,1.9,往上跳（減資／反向分割）,上市日,-3930,5,興櫃期間或新上市
4754,2015-12-01,9.5247,8.5158,8.4664,-11.1,1.1111,-1.2,往下跳（分割／面額變更）,上市日,-3930,6,興櫃期間或新上市
6446,2015-12-01,115.0147,110.6079,138.2911,20.2,0.849979,2.2,往上跳（減資／反向分割）,上市日,-3930,6,興櫃期間或新上市
6527,2015-12-01,56.8678,47.7313,46.6994,-17.9,1.25,2.6,往下跳（分割／面額變更）,上市日,-3930,6,興櫃期間或新上市
6541,2015-12-01,438.6524,435.024,487.3374,11.1,0.900009,-0.0,往上跳（減資／反向分割）,上市日,-3930,15,興櫃期間或新上市
4116,2015-12-02,98.0381,95.5907,85.4342,-12.9,1.1765,2.5,往下跳（分割／面額變更）,上市日,-3929,10,興櫃期間或新上市
4744,2015-12-02,21.6405,23.8117,14.427,-33.3,1.5385,2.6,往下跳（分割／面額變更）,上市日,-3929,16,興櫃期間或新上市
4804,2015-12-02,95.2762,94.3933,118.6538,24.5,0.8,-0.4,往上跳（減資／反向分割）,上市日,-3788,3,興櫃期間或新上市
5228,2015-12-02,23.3935,23.0938,26.3901,12.8,0.900009,1.5,往上跳（減資／反向分割）,上市日,-3929,9,興櫃期間或新上市
6526,2015-12-02,138.903,137.7707,155.0884,11.7,0.900009,0.5,往上跳（減資／反向分割）,上市日,-3929,7,興櫃期間或新上市
4556,2015-12-03,46.4563,49.4855,39.0868,-15.9,1.1765,-1.0,往下跳（分割／面額變更）,上市日,-3928,5,興櫃期間或新上市
4744,2015-12-03,14.427,17.1465,18.1419,25.7,0.8,0.6,往上跳（減資／反向分割）,上市日,-3928,16,興櫃期間或新上市
6482,2015-12-03,25.129,25.129,29.5218,17.5,0.849979,-0.1,往上跳（減資／反向分割）,上市日,-3928,4,興櫃期間或新上市
4741,2015-12-04,46.0616,43.5466,51.5686,12.0,0.900009,0.8,往上跳（減資／反向分割）,上市日,-3927,4,興櫃期間或新上市
6496,2015-12-04,63.4693,64.8102,72.3438,14.0,0.900009,2.6,往上跳（減資／反向分割）,上市日,-3927,8,興櫃期間或新上市
1776,2015-12-07,20.8269,20.0176,25.0517,20.3,0.849979,2.2,往上跳（減資／反向分割）,上市日,-3924,3,興櫃期間或新上市
4116,2015-12-07,73.0349,76.244,86.9647,19.1,0.849979,1.2,往上跳（減資／反向分割）,上市日,-3924,10,興櫃期間或新上市
4556,2015-12-07,37.8654,37.1895,42.3441,11.8,0.900009,0.6,往上跳（減資／反向分割）,上市日,-3924,5,興櫃期間或新上市
6496,2015-12-07,72.3438,65.9348,80.382,11.1,0.900009,0.0,往上跳（減資／反向分割）,上市日,-3924,8,興櫃期間或新上市
8279,2015-12-07,36.8926,36.5669,41.1336,11.5,0.900009,0.3,往上跳（減資／反向分割）,上市日,-3924,7,興櫃期間或新上市
5455,2015-12-08,6.8,6.0,5.93,-12.8,1.1765,2.6,往下跳（分割／面額變更）,上市日,-3923,34,興櫃期間或新上市
6435,2015-12-08,21.2422,21.2307,23.619,11.2,0.900009,0.1,往上跳（減資／反向分割）,上市日,-3923,1,興櫃期間或新上市
6541,2015-12-08,516.9058,509.7303,620.0703,20.0,0.849979,2.0,往上跳（減資／反向分割）,上市日,-3923,15,興櫃期間或新上市
6517,2015-12-09,9.3363,9.3178,7.58,-18.8,1.25,1.5,往下跳（分割／面額變更）,上市日,-3922,21,興櫃期間或新上市
6541,2015-12-09,620.0703,574.4721,763.58,23.1,0.8,-1.5,往上跳（減資／反向分割）,上市日,-3922,15,興櫃期間或新上市
7402,2015-12-09,59.8075,60.1675,66.4528,11.1,0.900009,0.0,往上跳（減資／反向分割）,上市日,-3922,3,興櫃期間或新上市
8476,2015-12-09,15.344,15.1919,17.4733,13.9,0.900009,2.5,往上跳（減資／反向分割）,上市日,-3922,4,興櫃期間或新上市
4744,2015-12-10,18.4665,18.7334,21.6405,17.2,0.849979,-0.4,往上跳（減資／反向分割）,上市日,-3921,16,興櫃期間或新上市
6535,2015-12-10,61.9995,60.1841,74.6374,20.4,0.849979,2.3,往上跳（減資／反向分割）,上市日,-3921,5,興櫃期間或新上市
6541,2015-12-10,763.58,724.5075,861.0583,12.8,0.900009,1.5,往上跳（減資／反向分割）,上市日,-3921,15,興櫃期間或新上市
4419,2015-12-11,8.9625,7.9125,7.9125,-11.7,1.1111,-1.9,往下跳（分割／面額變更）,上市日,-3920,17,興櫃期間或新上市
6492,2015-12-11,157.5916,156.2639,205.254,30.2,0.750019,-2.3,往上跳（減資／反向分割）,上市日,-3920,9,興櫃期間或新上市
6517,2015-12-14,7.506,7.4875,8.4027,11.9,0.900009,0.8,往上跳（減資／反向分割）,上市日,-3917,21,興櫃期間或新上市
6547,2015-12-14,19.0834,19.4527,22.1613,16.1,0.849979,-1.3,往上跳（減資／反向分割）,上市日,-3917,5,興櫃期間或新上市
2348,2015-12-15,11.9521,8.7594,8.7594,-26.7,1.3333,-2.3,往下跳（分割／面額變更）,上市日,-3916,2,興櫃期間或新上市
3321,2015-12-15,116.1221,110.739,100.4341,-13.5,1.1765,1.8,往下跳（分割／面額變更）,上市日,-3916,2,興櫃期間或新上市
4556,2015-12-15,46.0084,45.186,40.7154,-11.5,1.1111,-1.7,往下跳（分割／面額變更）,上市日,-3916,5,興櫃期間或新上市
4949,2015-12-16,13.1206,13.0921,14.5943,11.2,0.900009,0.1,往上跳（減資／反向分割）,上市日,-3915,20,興櫃期間或新上市
8487,2015-12-16,44.1993,43.8908,49.62,12.3,0.900009,1.0,往上跳（減資／反向分割）,上市日,-3915,15,興櫃期間或新上市
4116,2015-12-17,91.6903,91.6903,78.9947,-13.8,1.1765,1.4,往下跳（分割／面額變更）,上市日,-3914,10,興櫃期間或新上市
4166,2015-12-17,37.0,36.1,43.52,17.6,0.849979,-0.0,往上跳（減資／反向分割）,上市日,-3914,25,興櫃期間或新上市
4169,2015-12-17,39.4698,39.8194,43.9441,11.3,0.900009,0.2,往上跳（減資／反向分割）,上市日,-3914,25,興櫃期間或新上市
5205,2015-12-17,32.7566,26.2553,26.2553,-19.8,1.25,0.2,往下跳（分割／面額變更）,上市日,-3914,11,興櫃期間或新上市
6496,2015-12-17,78.5797,79.4448,96.963,23.4,0.8,-1.3,往上跳（減資／反向分割）,上市日,-3914,8,興櫃期間或新上市
6558,2015-12-17,13.2985,13.4211,14.949,12.4,0.900009,1.2,往上跳（減資／反向分割）,上市日,-3914,7,興櫃期間或新上市
2740,2015-12-18,298.0617,289.4547,331.5518,11.2,0.900009,0.1,往上跳（減資／反向分割）,上市日,-3913,8,興櫃期間或新上市
4116,2015-12-18,78.9947,74.4102,65.2412,-17.4,1.1765,-2.8,往下跳（分割／面額變更）,上市日,-3913,10,興櫃期間或新上市
6499,2015-12-18,164.5831,160.9018,183.1214,11.3,0.900009,0.1,往上跳（減資／反向分割）,上市日,-3913,4,興櫃期間或新上市
6541,2015-12-21,652.5631,695.8868,729.2731,11.8,0.900009,0.6,往上跳（減資／反向分割）,上市日,-3910,15,興櫃期間或新上市
8476,2015-12-21,17.9802,18.0241,15.8848,-11.7,1.1111,-1.8,往下跳（分割／面額變更）,上市日,-3910,4,興櫃期間或新上市
4556,2015-12-22,38.2725,37.8654,33.8752,-11.5,1.1111,-1.7,往下跳（分割／面額變更）,上市日,-3909,5,興櫃期間或新上市
6291,2015-12-22,16.636,16.255,14.0961,-15.3,1.1765,-0.3,往下跳（分割／面額變更）,上市日,-3909,27,興櫃期間或新上市
6498,2015-12-23,5.3731,5.3638,7.4906,39.4,0.699986,-2.4,往上跳（減資／反向分割）,上市日,-3908,50,興櫃期間或新上市
8487,2015-12-23,47.5351,47.4684,55.7078,17.2,0.849979,-0.4,往上跳（減資／反向分割）,上市日,-3908,15,興櫃期間或新上市
4413,2015-12-24,17.4616,15.164,15.164,-13.2,1.1765,2.2,往下跳（分割／面額變更）,上市日,-3907,7,興櫃期間或新上市
6462,2015-12-24,94.6858,96.0631,83.3235,-12.0,1.1111,-2.2,往下跳（分割／面額變更）,上市日,-3907,1,興櫃期間或新上市
2633,2015-12-25,2.8943,2.8797,7.7035,166.2,0.4,6.5,往上跳（減資／反向分割）,上市日,-3906,3,興櫃期間或新上市
4744,2015-12-25,17.8173,17.6586,21.5683,21.1,0.849979,2.9,往上跳（減資／反向分割）,上市日,-3906,16,興櫃期間或新上市
5348,2015-12-25,16.0267,14.0871,14.0871,-12.1,1.1111,-2.3,往下跳（分割／面額變更）,上市日,-3906,12,興櫃期間或新上市
6291,2015-12-25,14.0961,16.89,16.89,19.8,0.849979,1.8,往上跳（減資／反向分割）,上市日,-3906,27,興櫃期間或新上市
6496,2015-12-25,95.1607,94.2668,108.1372,13.6,0.900009,2.3,往上跳（減資／反向分割）,上市日,-3906,8,興櫃期間或新上市
6517,2015-12-25,9.2531,9.2531,10.3531,11.9,0.900009,0.7,往上跳（減資／反向分割）,上市日,-3906,21,興櫃期間或新上市
6535,2015-12-25,66.761,68.3284,75.0938,12.5,0.900009,1.2,往上跳（減資／反向分割）,上市日,-3906,5,興櫃期間或新上市
4169,2015-12-28,41.3075,39.8993,45.9416,11.2,0.900009,0.1,往上跳（減資／反向分割）,上市日,-3903,25,興櫃期間或新上市
6498,2015-12-28,6.735,6.6417,5.7929,-14.0,1.1765,1.2,往下跳（分割／面額變更）,上市日,-3903,50,興櫃期間或新上市
8279,2015-12-28,37.9894,37.2516,42.5428,12.0,0.900009,0.8,往上跳（減資／反向分割）,上市日,-3903,7,興櫃期間或新上市
8487,2015-12-28,55.1991,53.9315,62.1293,12.6,0.900009,1.3,往上跳（減資／反向分割）,上市日,-3903,15,興櫃期間或新上市
4155,2015-12-29,20.3346,19.7146,22.594,11.1,0.900009,0.0,往上跳（減資／反向分割）,上市日,-3902,5,興櫃期間或新上市
7402,2015-12-29,69.2217,61.4689,59.8075,-13.6,1.1765,1.6,往下跳（分割／面額變更）,上市日,-3902,3,興櫃期間或新上市
4744,2015-12-30,24.3095,24.2878,34.9277,43.7,0.699986,0.6,往上跳（減資／反向分割）,上市日,-3901,16,興櫃期間或新上市
6482,2015-12-30,33.3161,31.8045,29.3492,-11.9,1.1111,-2.1,往下跳（分割／面額變更）,上市日,-3901,4,興櫃期間或新上市
4744,2015-12-31,34.9277,29.4527,28.9261,-17.2,1.1765,-2.6,往下跳（分割／面額變更）,上市日,-3900,16,興櫃期間或新上市
4760,2015-12-31,13.525,13.4707,17.552,29.8,0.750019,-2.7,往上跳（減資／反向分割）,上市日,-3900,8,興櫃期間或新上市
4760,2016-01-04,17.552,15.3961,13.7826,-21.5,1.25,-1.8,往下跳（分割／面額變更）,上市日,-3896,8,興櫃期間或新上市
6541,2016-01-04,652.5631,654.2419,571.3312,-12.4,1.1111,-2.7,往下跳（分割／面額變更）,上市日,-3896,15,興櫃期間或新上市
2736,2016-01-06,44.6275,37.1896,36.6938,-17.8,1.25,2.8,往下跳（分割／面額變更）,上市日,-3894,1,興櫃期間或新上市
4545,2016-01-06,80.5506,60.9195,62.9248,-21.9,1.25,-2.4,往下跳（分割／面額變更）,上市日,-3894,3,興櫃期間或新上市
6496,2016-01-06,93.7189,91.585,82.9052,-11.5,1.1111,-1.7,往下跳（分割／面額變更）,上市日,-3894,8,興櫃期間或新上市
6496,2016-01-07,82.9052,71.3705,66.3241,-20.0,1.25,-0.0,往下跳（分割／面額變更）,上市日,-3893,8,興櫃期間或新上市
6510,2016-01-07,382.8561,383.507,331.466,-13.4,1.1765,1.9,往下跳（分割／面額變更）,上市日,-3893,3,興櫃期間或新上市
3530,2016-01-08,55.2211,55.2389,63.2371,14.5,0.849979,-2.7,往上跳（減資／反向分割）,上市日,-3892,15,興櫃期間或新上市
4744,2016-01-08,24.8793,23.956,29.0632,16.8,0.849979,-0.7,往上跳（減資／反向分割）,上市日,-3892,16,興櫃期間或新上市
5455,2016-01-08,6.42,6.0,5.31,-17.3,1.1765,-2.7,往下跳（分割／面額變更）,上市日,-3892,34,興櫃期間或新上市
8472,2016-01-08,108.0052,110.8061,120.9658,12.0,0.900009,0.8,往上跳（減資／反向分割）,上市日,-3892,3,興櫃期間或新上市
4744,2016-01-11,29.0632,28.0388,33.0306,13.7,0.900009,2.3,往上跳（減資／反向分割）,上市日,-3889,16,興櫃期間或新上市
5299,2016-01-11,6.028,6.028,6.7015,11.2,0.900009,0.1,往上跳（減資／反向分割）,上市日,-3889,13,興櫃期間或新上市
6199,2016-01-11,14.3986,11.5668,11.5668,-19.7,1.25,0.4,往下跳（分割／面額變更）,上市日,-3889,9,興櫃期間或新上市
6496,2016-01-11,67.1171,67.4055,59.115,-11.9,1.1111,-2.1,往下跳（分割／面額變更）,上市日,-3889,8,興櫃期間或新上市
8472,2016-01-11,120.9658,95.7646,95.0446,-21.4,1.25,-1.8,往下跳（分割／面額變更）,上市日,-3889,3,興櫃期間或新上市
4545,2016-01-12,56.7014,56.7014,50.1324,-11.6,1.1111,-1.8,往下跳（分割／面額變更）,上市日,-3888,3,興櫃期間或新上市
4744,2016-01-12,33.0306,32.8935,28.854,-12.6,1.1765,2.8,往下跳（分割／面額變更）,上市日,-3888,16,興櫃期間或新上市
6291,2016-01-12,16.001,13.3977,13.3977,-16.3,1.1765,-1.5,往下跳（分割／面額變更）,上市日,-3888,27,興櫃期間或新上市
6482,2016-01-13,32.2266,31.9964,36.8342,14.3,0.849979,-2.8,往上跳（減資／反向分割）,上市日,-3887,4,興櫃期間或新上市
6533,2016-01-13,58.4799,59.364,65.1107,11.3,0.900009,0.2,往上跳（減資／反向分割）,上市日,-3887,10,興櫃期間或新上市
5299,2016-01-14,7.7909,7.8569,6.8929,-11.5,1.1111,-1.7,往下跳（分割／面額變更）,上市日,-3886,13,興櫃期間或新上市
6248,2016-01-14,11.1805,12.8489,12.8489,14.9,0.849979,-2.3,往上跳（減資／反向分割）,上市日,-3886,1,興櫃期間或新上市
2718,2016-01-15,22.3048,19.6244,19.5925,-12.2,1.1111,-2.4,往下跳（分割／面額變更）,上市日,-3885,5,興櫃期間或新上市
1456,2016-01-18,10.5332,9.3122,9.3743,-11.0,1.1111,-1.1,往下跳（分割／面額變更）,上市日,-3882,2,興櫃期間或新上市
4195,2016-01-18,26.95,26.87,30.01,11.4,0.900009,0.2,往上跳（減資／反向分割）,上市日,-3882,34,興櫃期間或新上市
6418,2016-01-19,10.4977,10.4432,11.6641,11.1,0.900009,0.0,往上跳（減資／反向分割）,上市日,-3881,7,興櫃期間或新上市
6569,2016-01-20,57.4199,58.6867,50.1204,-12.7,1.1765,2.7,往下跳（分割／面額變更）,上市日,-3880,5,興櫃期間或新上市
5455,2016-01-21,7.5,5.49,5.49,-26.8,1.3333,-2.4,往下跳（分割／面額變更）,上市日,-3879,34,興櫃期間或新上市
2633,2016-01-25,7.9154,7.835,8.8071,11.3,0.900009,0.1,往上跳（減資／反向分割）,上市日,-3875,3,興櫃期間或新上市
6291,2016-01-25,14.5406,16.89,16.89,16.2,0.849979,-1.3,往上跳（減資／反向分割）,上市日,-3875,27,興櫃期間或新上市
6492,2016-01-26,137.5428,138.6699,119.3948,-13.2,1.1765,2.1,往下跳（分割／面額變更）,上市日,-3874,9,興櫃期間或新上市
8934,2016-01-26,44.55,39.0,39.0,-12.5,1.1111,-2.7,往下跳（分割／面額變更）,上市日,-1760,5,興櫃期間或新上市
2239,2016-01-27,145.7688,118.1423,114.2303,-21.6,1.25,-2.0,往下跳（分割／面額變更）,上市日,-3873,1,興櫃期間或新上市
6548,2016-01-28,2.1847,2.1704,2.4948,14.2,0.900009,2.8,往上跳（減資／反向分割）,上市日,-3872,4,興櫃期間或新上市
3465,2016-01-29,17.2221,14.7782,14.7782,-14.2,1.1765,1.0,往下跳（分割／面額變更）,上市日,-3871,3,興櫃期間或新上市
6541,2016-01-30,560.5002,562.6123,625.4858,11.6,0.900009,0.4,往上跳（減資／反向分割）,上市日,-3870,15,興櫃期間或新上市
4131,2016-02-01,23.7888,26.5591,26.5591,11.6,0.900009,0.5,往上跳（減資／反向分割）,上市日,-3868,1,興櫃期間或新上市
4166,2016-02-01,31.4,28.87,27.5,-12.4,1.1111,-2.7,往下跳（分割／面額變更）,上市日,-3868,25,興櫃期間或新上市
5455,2016-02-01,6.78,5.81,5.81,-14.3,1.1765,0.8,往下跳（分割／面額變更）,上市日,-3868,34,興櫃期間或新上市
3150,2016-02-02,4.3724,4.1863,4.9957,14.3,0.900009,2.8,往上跳（減資／反向分割）,上市日,-3867,47,興櫃期間或新上市
6199,2016-02-03,8.4664,11.2309,11.2309,32.7,0.750019,-0.5,往上跳（減資／反向分割）,上市日,-3866,9,興櫃期間或新上市
3349,2016-02-15,27.7987,28.2453,31.4444,13.1,0.900009,1.8,往上跳（減資／反向分割）,上市日,-3854,16,興櫃期間或新上市
6472,2016-02-15,16.3034,16.2779,13.9789,-14.3,1.1765,0.9,往下跳（分割／面額變更）,上市日,-3854,4,興櫃期間或新上市
3349,2016-02-16,31.4444,30.615,35.9104,14.2,0.900009,2.8,往上跳（減資／反向分割）,上市日,-3853,16,興櫃期間或新上市
6199,2016-02-16,11.2309,13.4387,13.4387,19.7,0.849979,1.7,往上跳（減資／反向分割）,上市日,-3853,9,興櫃期間或新上市
6532,2016-02-16,17.0065,16.9198,19.4151,14.2,0.900009,2.7,往上跳（減資／反向分割）,上市日,-3853,10,興櫃期間或新上市
6569,2016-02-17,58.4965,58.2848,69.941,19.6,0.849979,1.6,往上跳（減資／反向分割）,上市日,-3852,5,興櫃期間或新上市
4419,2016-02-18,7.525,8.8,8.8,16.9,0.849979,-0.6,往上跳（減資／反向分割）,上市日,-3851,17,興櫃期間或新上市
3138,2016-02-22,10.8598,10.8338,12.3194,13.4,0.900009,2.1,往上跳（減資／反向分割）,上市日,-3847,20,興櫃期間或新上市
6541,2016-02-22,601.1162,598.8688,529.2259,-12.0,1.1111,-2.2,往下跳（分割／面額變更）,上市日,-3847,15,興櫃期間或新上市
6550,2016-02-22,78.2225,80.9797,67.4332,-13.8,1.1765,1.4,往下跳（分割／面額變更）,上市日,-3847,61,興櫃期間或新上市
4961,2016-02-25,39.2231,39.1155,44.0049,12.2,0.900009,1.0,往上跳（減資／反向分割）,上市日,-3844,5,興櫃期間或新上市
6550,2016-02-25,61.2293,62.1484,52.9375,-13.5,1.1765,1.7,往下跳（分割／面額變更）,上市日,-3844,61,興櫃期間或新上市
6291,2016-02-26,17.1439,15.2391,15.2391,-11.1,1.1111,-1.2,往下跳（分割／面額變更）,上市日,-3843,27,興櫃期間或新上市
6550,2016-02-26,52.9375,56.2243,64.9257,22.6,0.8,-1.9,往上跳（減資／反向分割）,上市日,-3843,61,興櫃期間或新上市
6423,2016-03-02,52.3129,51.6608,58.4983,11.8,0.900009,0.6,往上跳（減資／反向分割）,上市日,-3838,28,興櫃期間或新上市
2743,2016-03-04,15.8557,15.8686,17.7093,11.7,0.900009,0.5,往上跳（減資／反向分割）,上市日,-3836,9,興櫃期間或新上市
5258,2016-03-04,26.1924,25.6033,29.6754,13.3,0.900009,2.0,往上跳（減資／反向分割）,上市日,-3836,6,興櫃期間或新上市
2069,2016-03-07,12.0483,12.0697,13.387,11.1,0.900009,0.0,往上跳（減資／反向分割）,上市日,-3833,3,興櫃期間或新上市
4806,2016-03-09,218.8454,192.3187,177.3974,-18.9,1.25,1.3,往下跳（分割／面額變更）,上市日,-3831,2,興櫃期間或新上市
5258,2016-03-09,28.372,28.7917,24.3073,-14.3,1.1765,0.8,往下跳（分割／面額變更）,上市日,-3831,6,興櫃期間或新上市
5283,2016-03-10,16.8946,16.8991,18.8767,11.7,0.900009,0.6,往上跳（減資／反向分割）,上市日,-3830,3,興櫃期間或新上市
6291,2016-03-11,14.9851,11.4293,13.0167,-13.1,1.1765,2.2,往下跳（分割／面額變更）,上市日,-3829,27,興櫃期間或新上市
6568,2016-03-11,61.7233,61.8569,80.813,30.9,0.750019,-1.8,往上跳（減資／反向分割）,上市日,-3829,3,興櫃期間或新上市
4543,2016-03-15,21.1304,18.211,25.6136,21.2,0.8,-3.0,往上跳（減資／反向分割）,上市日,-3825,1,興櫃期間或新上市
4943,2016-03-17,64.7015,66.1545,55.5561,-14.1,1.1765,1.0,往下跳（分割／面額變更）,上市日,-3823,3,興櫃期間或新上市
6291,2016-03-17,13.5882,16.255,16.255,19.6,0.849979,1.7,往上跳（減資／反向分割）,上市日,-3823,27,興櫃期間或新上市
6199,2016-03-18,10.7989,15.6944,15.6944,45.3,0.699986,1.7,往上跳（減資／反向分割）,上市日,-3822,9,興櫃期間或新上市
2069,2016-03-22,12.7444,11.2451,10.8167,-15.1,1.1765,-0.1,往下跳（分割／面額變更）,上市日,-3818,3,興櫃期間或新上市
6532,2016-03-22,20.2157,20.0889,22.6643,12.1,0.900009,0.9,往上跳（減資／反向分割）,上市日,-3818,10,興櫃期間或新上市
6542,2016-03-22,87.434,83.3778,103.3119,18.2,0.849979,0.4,往上跳（減資／反向分割）,上市日,-3818,4,興櫃期間或新上市
1598,2016-03-23,30.3342,29.6787,34.7044,14.4,0.849979,-2.8,往上跳（減資／反向分割）,上市日,-3817,2,興櫃期間或新上市
2937,2016-03-23,13.2386,12.3998,15.3999,16.3,0.849979,-1.1,往上跳（減資／反向分割）,上市日,-3817,4,興櫃期間或新上市
2937,2016-03-24,15.3999,14.3735,11.6794,-24.2,1.3333,1.1,往下跳（分割／面額變更）,上市日,-3816,4,興櫃期間或新上市
6517,2016-03-24,7.0346,7.0346,8.5968,22.2,0.8,-2.2,往上跳（減資／反向分割）,上市日,-3816,21,興櫃期間或新上市
6532,2016-03-25,22.6843,22.9578,25.9802,14.5,0.849979,-2.7,往上跳（減資／反向分割）,上市日,-3815,10,興櫃期間或新上市
6517,2016-03-28,9.0497,8.8926,10.3531,14.4,0.849979,-2.8,往上跳（減資／反向分割）,上市日,-3812,21,興櫃期間或新上市
6532,2016-03-28,25.9802,23.5983,29.3561,13.0,0.900009,1.7,往上跳（減資／反向分割）,上市日,-3812,10,興櫃期間或新上市
6532,2016-03-29,29.3561,27.8817,25.2129,-14.1,1.1765,1.0,往下跳（分割／面額變更）,上市日,-3811,10,興櫃期間或新上市
2743,2016-03-30,17.1151,17.367,20.0214,17.0,0.849979,-0.6,往上跳（減資／反向分割）,上市日,-3810,9,興櫃期間或新上市
3147,2016-03-30,10.7777,10.7051,12.8997,19.7,0.849979,1.7,往上跳（減資／反向分割）,上市日,-3810,1,興櫃期間或新上市
6542,2016-03-30,99.0778,99.2302,110.5183,11.5,0.900009,0.4,往上跳（減資／反向分割）,上市日,-3810,4,興櫃期間或新上市
6550,2016-04-01,67.3233,66.7439,74.9158,11.3,0.900009,0.2,往上跳（減資／反向分割）,上市日,-3808,61,興櫃期間或新上市
4744,2016-04-07,20.4863,20.2843,23.0904,12.7,0.900009,1.4,往上跳（減資／反向分割）,上市日,-3802,16,興櫃期間或新上市
1780,2016-04-08,16.3,16.1,20.65,26.7,0.8,1.3,往上跳（減資／反向分割）,上市日,-3801,11,興櫃期間或新上市
6532,2016-04-08,27.5481,27.5147,30.6571,11.3,0.900009,0.2,往上跳（減資／反向分割）,上市日,-3801,10,興櫃期間或新上市
5258,2016-04-11,26.59,26.9361,29.6754,11.6,0.900009,0.4,往上跳（減資／反向分割）,上市日,-3798,6,興櫃期間或新上市
5455,2016-04-11,6.21,5.1,5.1,-17.9,1.25,2.7,往下跳（分割／面額變更）,上市日,-3798,34,興櫃期間或新上市
4183,2016-04-13,12.1441,12.1441,13.6488,12.4,0.900009,1.2,往上跳（減資／反向分割）,上市日,-3796,8,興櫃期間或新上市
6242,2016-04-13,20.6154,22.906,22.906,11.1,0.900009,0.0,往上跳（減資／反向分割）,上市日,-3796,1,興櫃期間或新上市
4166,2016-04-14,24.85,24.92,21.6,-13.1,1.1765,2.3,往下跳（分割／面額變更）,上市日,-3795,25,興櫃期間或新上市
4744,2016-04-15,22.773,22.3113,25.8964,13.7,0.900009,2.3,往上跳（減資／反向分割）,上市日,-3794,16,興櫃期間或新上市
3701,2016-04-19,17.6119,14.2784,14.2784,-18.9,1.25,1.3,往下跳（分割／面額變更）,上市日,-3790,2,興櫃期間或新上市
5455,2016-04-19,6.11,7.34,7.28,19.1,0.849979,1.3,往上跳（減資／反向分割）,上市日,-3790,34,興櫃期間或新上市
2348,2016-04-20,8.7594,10.1183,9.9874,14.0,0.900009,2.6,往上跳（減資／反向分割）,上市日,-3789,2,興櫃期間或新上市
4538,2016-04-20,9.4398,9.4398,10.9606,16.1,0.849979,-1.3,往上跳（減資／反向分割）,上市日,-3789,5,興櫃期間或新上市
6523,2016-04-21,146.3028,144.5936,170.1292,16.3,0.849979,-1.2,往上跳（減資／反向分割）,上市日,-3788,4,興櫃期間或新上市
4183,2016-04-26,12.8358,12.7503,14.6328,14.0,0.900009,2.6,往上跳（減資／反向分割）,上市日,-3783,8,興櫃期間或新上市
6538,2016-04-26,66.8744,67.0484,78.8357,17.9,0.849979,0.2,往上跳（減資／反向分割）,上市日,-3783,3,興櫃期間或新上市
6425,2016-04-28,32.209,31.8318,35.7528,11.0,0.900009,-0.1,往上跳（減資／反向分割）,上市日,-3781,4,興櫃期間或新上市
2937,2016-04-29,9.9179,9.5626,11.8423,19.4,0.849979,1.5,往上跳（減資／反向分割）,上市日,-3780,4,興櫃期間或新上市
5348,2016-04-29,13.1074,13.2446,11.3245,-13.6,1.1765,1.6,往下跳（分割／面額變更）,上市日,-3780,12,興櫃期間或新上市
5455,2016-04-29,6.74,4.78,4.78,-29.1,1.4286,1.3,往下跳（分割／面額變更）,上市日,-3780,34,興櫃期間或新上市
6498,2016-05-03,5.1959,5.1959,4.5056,-13.3,1.1765,2.0,往下跳（分割／面額變更）,上市日,-3776,50,興櫃期間或新上市
8077,2016-05-05,204.0315,181.1836,181.1836,-11.2,1.1111,-1.3,往下跳（分割／面額變更）,上市日,-3774,3,興櫃期間或新上市
6552,2016-05-06,30.0698,29.7251,34.2547,13.9,0.900009,2.5,往上跳（減資／反向分割）,上市日,-3773,1,興櫃期間或新上市
1776,2016-05-09,17.8516,13.7457,14.0433,-21.3,1.25,-1.7,往下跳（分割／面額變更）,上市日,-3770,3,興櫃期間或新上市
6494,2016-05-09,18.5359,15.2649,16.0827,-13.2,1.1765,2.1,往下跳（分割／面額變更）,上市日,-3770,2,興櫃期間或新上市
1776,2016-05-10,14.0433,14.2813,15.7689,12.3,0.900009,1.1,往上跳（減資／反向分割）,上市日,-3769,3,興櫃期間或新上市
5543,2016-05-11,18.9417,19.1663,21.7118,14.6,0.849979,-2.6,往上跳（減資／反向分割）,上市日,-3768,1,興櫃期間或新上市
6291,2016-05-12,11.2388,13.1437,13.1437,16.9,0.849979,-0.6,往上跳（減資／反向分割）,上市日,-3767,27,興櫃期間或新上市
6526,2016-05-17,118.4644,117.8935,88.4915,-25.3,1.3333,-0.4,往下跳（分割／面額變更）,上市日,-3762,7,興櫃期間或新上市
5348,2016-05-18,16.7517,12.696,14.3026,-14.6,1.1765,0.4,往下跳（分割／面額變更）,上市日,-3761,12,興櫃期間或新上市
6103,2016-05-18,141.9991,93.5754,98.1561,-30.9,1.4286,-1.2,往下跳（分割／面額變更）,上市日,-3761,33,興櫃期間或新上市
2739,2016-05-19,55.3204,46.323,46.323,-16.3,1.1765,-1.5,往下跳（分割／面額變更）,上市日,-3760,2,興櫃期間或新上市
6291,2016-05-19,11.4293,10.7943,9.5244,-16.7,1.1765,-2.0,往下跳（分割／面額變更）,上市日,-3760,27,興櫃期間或新上市
3465,2016-05-20,9.3164,10.6613,10.6613,14.4,0.849979,-2.7,往上跳（減資／反向分割）,上市日,-3759,3,興櫃期間或新上市
6568,2016-05-20,70.8609,70.7145,80.4566,13.5,0.900009,2.2,往上跳（減資／反向分割）,上市日,-3759,3,興櫃期間或新上市
5455,2016-05-23,5.88,5.13,5.14,-12.6,1.1765,2.8,往下跳（分割／面額變更）,上市日,-3756,34,興櫃期間或新上市
2065,2016-05-24,12.3525,12.3525,13.9163,12.7,0.900009,1.4,往上跳（減資／反向分割）,上市日,-3755,4,興櫃期間或新上市
6534,2016-05-24,396.5443,390.0947,469.0587,18.3,0.849979,0.5,往上跳（減資／反向分割）,上市日,-3755,19,興櫃期間或新上市
6542,2016-05-24,124.3384,117.6739,146.9146,18.2,0.849979,0.4,往上跳（減資／反向分割）,上市日,-3755,4,興櫃期間或新上市
8489,2016-05-24,77.9776,77.0118,88.1814,13.1,0.900009,1.8,往上跳（減資／反向分割）,上市日,-3755,5,興櫃期間或新上市
6199,2016-05-25,19.1501,16.8463,16.8463,-12.0,1.1111,-2.3,往下跳（分割／面額變更）,上市日,-3754,9,興櫃期間或新上市
6499,2016-05-25,98.6406,96.957,113.774,15.3,0.849979,-2.0,往上跳（減資／反向分割）,上市日,-3754,4,興櫃期間或新上市
6576,2016-05-25,77.4488,76.3343,86.4215,11.6,0.900009,0.4,往上跳（減資／反向分割）,上市日,-3754,3,興櫃期間或新上市
4967,2016-05-26,4.6739,4.684,5.3012,13.4,0.900009,2.1,往上跳（減資／反向分割）,上市日,-3753,15,興櫃期間或新上市
6523,2016-05-26,199.7149,198.8092,143.242,-28.3,1.4286,2.5,往下跳（分割／面額變更）,上市日,-3753,4,興櫃期間或新上市
8478,2016-05-30,160.41,159.9488,140.6566,-12.3,1.1111,-2.6,往下跳（分割／面額變更）,上市日,-3749,6,興櫃期間或新上市
6531,2016-05-31,41.8575,37.6718,36.2258,-13.5,1.1765,1.8,往下跳（分割／面額變更）,上市日,-3748,3,興櫃期間或新上市
3530,2016-06-02,87.57,85.5037,97.7948,11.7,0.900009,0.5,往上跳（減資／反向分割）,上市日,-3746,15,興櫃期間或新上市
5348,2016-06-04,15.3606,12.4805,12.5001,-18.6,1.25,1.7,往下跳（分割／面額變更）,上市日,-3744,12,興櫃期間或新上市
4166,2016-06-06,19.84,27.76,24.79,24.9,0.8,-0.0,往上跳（減資／反向分割）,上市日,-3742,25,興櫃期間或新上市
6482,2016-06-13,29.7328,26.2033,26.0114,-12.5,1.1111,-2.8,往下跳（分割／面額變更）,上市日,-3735,4,興櫃期間或新上市
9928,2016-06-13,24.1409,21.4499,21.4499,-11.1,1.1111,-1.3,往下跳（分割／面額變更）,上市日,-3735,2,興櫃期間或新上市
5348,2016-06-15,13.3426,11.8731,11.4617,-14.1,1.1765,1.1,往下跳（分割／面額變更）,上市日,-3733,12,興櫃期間或新上市
8342,2016-06-15,28.494,29.0823,25.2883,-11.3,1.1111,-1.4,往下跳（分割／面額變更）,上市日,-3733,3,興櫃期間或新上市
6523,2016-06-16,142.5871,130.0469,123.0801,-13.7,1.1765,1.6,往下跳（分割／面額變更）,上市日,-3732,4,興櫃期間或新上市
8440,2016-06-16,10.5729,9.9942,9.2009,-13.0,1.1765,2.4,往下跳（分割／面額變更）,上市日,-3732,8,興櫃期間或新上市
3530,2016-06-17,116.1336,113.1944,144.7951,24.7,0.8,-0.3,往上跳（減資／反向分割）,上市日,-3731,15,興櫃期間或新上市
4967,2016-06-17,5.3214,5.3113,6.2117,16.7,0.849979,-0.8,往上跳（減資／反向分割）,上市日,-3731,15,興櫃期間或新上市
6541,2016-06-17,351.9779,351.5176,414.2828,17.7,0.849979,0.0,往上跳（減資／反向分割）,上市日,-3731,15,興櫃期間或新上市
3530,2016-06-20,144.7951,132.6287,166.6787,15.1,0.849979,-2.2,往上跳（減資／反向分割）,上市日,-3728,15,興櫃期間或新上市
4741,2016-06-20,55.9128,55.3053,63.3666,13.3,0.900009,2.0,往上跳（減資／反向分割）,上市日,-3728,4,興櫃期間或新上市
4967,2016-06-20,6.2117,5.7261,7.2739,17.1,0.849979,-0.5,往上跳（減資／反向分割）,上市日,-3728,15,興櫃期間或新上市
4419,2016-06-27,6.5,5.3125,5.3125,-18.3,1.25,2.2,往下跳（分割／面額變更）,上市日,-3721,17,興櫃期間或新上市
5455,2016-07-01,9.9,7.86,7.87,-20.5,1.25,-0.6,往下跳（分割／面額變更）,上市日,-3717,34,興櫃期間或新上市
6548,2016-07-05,2.6702,2.6351,2.9668,11.1,0.900009,0.0,往上跳（減資／反向分割）,上市日,-3713,4,興櫃期間或新上市
5455,2016-07-06,7.12,7.92,7.92,11.2,0.900009,0.1,往上跳（減資／反向分割）,上市日,-3712,34,興櫃期間或新上市
8477,2016-07-07,71.8959,71.3088,63.9807,-11.0,1.1111,-1.1,往下跳（分割／面額變更）,上市日,-3711,3,興櫃期間或新上市
4183,2016-07-13,12.7716,12.7716,14.8896,16.6,0.849979,-0.9,往上跳（減資／反向分割）,上市日,-3705,8,興櫃期間或新上市
6291,2016-07-14,13.4612,11.4928,11.4928,-14.6,1.1765,0.4,往下跳（分割／面額變更）,上市日,-3704,27,興櫃期間或新上市
8489,2016-07-15,124.7677,122.5122,97.7794,-21.6,1.25,-2.0,往下跳（分割／面額變更）,上市日,-3703,5,興櫃期間或新上市
5348,2016-07-19,12.1866,10.9719,10.8347,-11.1,1.1111,-1.2,往下跳（分割／面額變更）,上市日,-3699,12,興櫃期間或新上市
6199,2016-07-19,17.7102,11.6148,11.6148,-34.4,1.5385,0.9,往下跳（分割／面額變更）,上市日,-3699,9,興櫃期間或新上市
6472,2016-07-19,13.6459,13.6459,18.2924,34.1,0.750019,0.5,往上跳（減資／反向分割）,上市日,-3699,4,興櫃期間或新上市
5283,2016-07-20,18.8318,18.8318,21.1239,12.2,0.900009,1.0,往上跳（減資／反向分割）,上市日,-3698,3,興櫃期間或新上市
6574,2016-07-21,119.2645,114.0082,135.2205,13.4,0.900009,2.0,往上跳（減資／反向分割）,上市日,-3697,3,興櫃期間或新上市
5455,2016-07-26,12.4,10.35,10.35,-16.5,1.1765,-1.8,往下跳（分割／面額變更）,上市日,-3692,34,興櫃期間或新上市
2065,2016-07-27,13.8332,13.8292,17.341,25.4,0.8,0.3,往上跳（減資／反向分割）,上市日,-3691,4,興櫃期間或新上市
6499,2016-07-27,116.8459,106.1664,103.6536,-11.3,1.1111,-1.4,往下跳（分割／面額變更）,上市日,-3691,4,興櫃期間或新上市
1796,2016-07-28,72.0088,76.0132,63.2273,-12.2,1.1111,-2.4,往下跳（分割／面額變更）,上市日,-3690,7,興櫃期間或新上市
1796,2016-07-29,63.2273,64.202,74.6433,18.1,0.849979,0.3,往上跳（減資／反向分割）,上市日,-3689,7,興櫃期間或新上市
5455,2016-07-29,9.32,8.2,8.15,-12.6,1.1111,-2.8,往下跳（分割／面額變更）,上市日,-3689,34,興櫃期間或新上市
3178,2016-08-01,24.2761,23.8252,28.6111,17.9,0.849979,0.2,往上跳（減資／反向分割）,上市日,-3686,15,興櫃期間或新上市
6533,2016-08-01,64.7423,63.5911,73.6754,13.8,0.900009,2.4,往上跳（減資／反向分割）,上市日,-3686,10,興櫃期間或新上市
6532,2016-08-02,19.8821,19.8554,22.5842,13.6,0.900009,2.2,往上跳（減資／反向分割）,上市日,-3685,10,興櫃期間或新上市
6558,2016-08-04,16.5052,16.5618,18.948,14.8,0.849979,-2.4,往上跳（減資／反向分割）,上市日,-3683,7,興櫃期間或新上市
6568,2016-08-04,83.7401,84.0773,93.5267,11.7,0.900009,0.5,往上跳（減資／反向分割）,上市日,-3683,3,興櫃期間或新上市
6548,2016-08-05,4.1943,4.1889,4.666,11.2,0.900009,0.1,往上跳（減資／反向分割）,上市日,-3682,4,興櫃期間或新上市
9106,2016-08-05,2.45,2.16,2.16,-11.8,1.1111,-2.0,往下跳（分割／面額變更）,上市日,-3043,3,興櫃期間或新上市
4554,2016-08-08,47.9747,48.0949,54.4074,13.4,0.900009,2.1,往上跳（減資／反向分割）,上市日,-3679,3,興櫃期間或新上市
5299,2016-08-08,6.2063,6.0016,7.5598,21.8,0.8,-2.6,往上跳（減資／反向分割）,上市日,-3679,13,興櫃期間或新上市
6558,2016-08-08,18.8631,19.1272,23.3243,23.7,0.8,-1.1,往上跳（減資／反向分割）,上市日,-3679,7,興櫃期間或新上市
2237,2016-08-09,17.09,17.05,15.1,-11.6,1.1111,-1.8,往下跳（分割／面額變更）,上市日,-3678,31,興櫃期間或新上市
4961,2016-08-10,30.3732,30.5101,34.0207,12.0,0.900009,0.8,往上跳（減資／反向分割）,上市日,-3677,5,興櫃期間或新上市
6199,2016-08-10,11.6148,13.8706,13.8706,19.4,0.849979,1.5,往上跳（減資／反向分割）,上市日,-3677,9,興櫃期間或新上市
6569,2016-08-10,90.4435,90.4435,80.0289,-11.5,1.1111,-1.7,往下跳（分割／面額變更）,上市日,-3677,5,興櫃期間或新上市
6418,2016-08-12,10.3422,10.3655,11.5785,12.0,0.900009,0.8,往上跳（減資／反向分割）,上市日,-3675,7,興櫃期間或新上市
6526,2016-08-12,77.7298,77.4443,63.0763,-18.9,1.25,1.4,往下跳（分割／面額變更）,上市日,-3675,7,興櫃期間或新上市
2237,2016-08-15,13.79,13.59,11.2,-18.8,1.25,1.5,往下跳（分割／面額變更）,上市日,-3672,31,興櫃期間或新上市
2743,2016-08-15,14.409,14.6286,11.9483,-17.1,1.1765,-2.4,往下跳（分割／面額變更）,上市日,-3672,9,興櫃期間或新上市
5348,2016-08-15,12.8136,9.424,10.5604,-17.6,1.25,3.0,往下跳（分割／面額變更）,上市日,-3672,12,興櫃期間或新上市
6272,2016-08-15,5.0434,5.2037,5.9107,17.2,0.849979,-0.4,往上跳（減資／反向分割）,上市日,-3672,67,興櫃期間或新上市
6569,2016-08-15,82.5411,80.4416,71.416,-13.5,1.1765,1.8,往下跳（分割／面額變更）,上市日,-3672,5,興櫃期間或新上市
8478,2016-08-15,129.896,131.7176,103.7631,-20.1,1.25,-0.1,往下跳（分割／面額變更）,上市日,-3672,6,興櫃期間或新上市
2237,2016-08-16,11.2,11.33,13.34,19.1,0.849979,1.2,往上跳（減資／反向分割）,上市日,-3671,31,興櫃期間或新上市
4949,2016-08-16,8.652,8.614,7.6062,-12.1,1.1111,-2.3,往下跳（分割／面額變更）,上市日,-3671,20,興櫃期間或新上市
5283,2016-08-16,22.4723,22.7509,26.0184,15.8,0.849979,-1.6,往上跳（減資／反向分割）,上市日,-3671,3,興櫃期間或新上市
6272,2016-08-16,5.9107,5.609,7.3342,24.1,0.8,-0.7,往上跳（減資／反向分割）,上市日,-3671,67,興櫃期間或新上市
6498,2016-08-16,3.8806,3.7873,4.916,26.7,0.8,1.3,往上跳（減資／反向分割）,上市日,-3671,50,興櫃期間或新上市
6103,2016-08-17,94.8842,114.5154,114.5154,20.7,0.849979,2.6,往上跳（減資／反向分割）,上市日,-3670,33,興櫃期間或新上市
2237,2016-08-22,13.48,13.17,15.51,15.1,0.849979,-2.2,往上跳（減資／反向分割）,上市日,-3665,31,興櫃期間或新上市
6498,2016-08-22,5.1306,5.1772,4.4123,-14.0,1.1765,1.2,往下跳（分割／面額變更）,上市日,-3665,50,興櫃期間或新上市
6516,2016-08-22,107.6628,107.4236,120.1039,11.6,0.900009,0.4,往上跳（減資／反向分割）,上市日,-3665,14,興櫃期間或新上市
2237,2016-08-23,15.51,14.44,17.25,11.2,0.900009,0.1,往上跳（減資／反向分割）,上市日,-3664,31,興櫃期間或新上市
4754,2016-08-29,14.0401,14.0542,15.8745,13.1,0.900009,1.8,往上跳（減資／反向分割）,上市日,-3658,6,興櫃期間或新上市
4540,2016-08-30,15.9137,15.6093,18.3051,15.0,0.849979,-2.2,往上跳（減資／反向分割）,上市日,-3657,5,興櫃期間或新上市
5222,2016-08-30,22.1723,22.0559,24.806,11.9,0.900009,0.7,往上跳（減資／反向分割）,上市日,-3657,15,興櫃期間或新上市
6103,2016-09-06,119.7504,97.1745,97.1745,-18.9,1.25,1.4,往下跳（分割／面額變更）,上市日,-3650,33,興櫃期間或新上市
6225,2016-09-06,17.3946,15.4619,15.4619,-11.1,1.1111,-1.2,往下跳（分割／面額變更）,上市日,-3650,4,興櫃期間或新上市
1760,2016-09-07,60.9574,60.0656,69.245,13.6,0.900009,2.2,往上跳（減資／反向分割）,上市日,-3649,9,興櫃期間或新上市
6199,2016-09-07,11.2789,14.8785,14.8785,31.9,0.750019,-1.1,往上跳（減資／反向分割）,上市日,-3649,9,興櫃期間或新上市
6272,2016-09-07,6.1275,6.0992,6.8345,11.5,0.900009,0.4,往上跳（減資／反向分割）,上市日,-3649,67,興櫃期間或新上市
3178,2016-09-08,31.2121,31.2034,34.9402,11.9,0.900009,0.8,往上跳（減資／反向分割）,上市日,-3648,15,興櫃期間或新上市
6542,2016-09-08,101.6182,91.4564,84.5125,-16.8,1.1765,-2.2,往下跳（分割／面額變更）,上市日,-3648,4,興櫃期間或新上市
5299,2016-09-12,7.3353,7.6852,8.8472,20.6,0.849979,2.5,往上跳（減資／反向分割）,上市日,-3644,13,興櫃期間或新上市
6548,2016-09-14,3.722,3.7625,4.5581,22.5,0.8,-2.0,往上跳（減資／反向分割）,上市日,-3642,4,興櫃期間或新上市
3426,2016-09-19,23.5991,23.854,27.1192,14.9,0.849979,-2.3,往上跳（減資／反向分割）,上市日,-3545,1,興櫃期間或新上市
1598,2016-09-20,34.698,31.4267,30.3021,-12.7,1.1765,2.7,往下跳（分割／面額變更）,上市日,-3636,2,興櫃期間或新上市
6585,2016-09-20,57.82,56.8591,64.7503,12.0,0.900009,0.8,往上跳（減資／反向分割）,上市日,-3636,5,興櫃期間或新上市
5455,2016-09-26,6.95,5.52,6.02,-13.4,1.1765,1.9,往下跳（分割／面額變更）,上市日,-3630,34,興櫃期間或新上市
8279,2016-09-26,49.5225,48.5254,80.4325,62.4,0.599988,-2.6,往上跳（減資／反向分割）,上市日,-3630,7,興櫃期間或新上市
3178,2016-09-29,35.7205,35.6078,40.359,13.0,0.900009,1.7,往上跳（減資／反向分割）,上市日,-3627,15,興櫃期間或新上市
4754,2016-09-29,18.3086,19.4021,23.2826,27.2,0.8,1.7,往上跳（減資／反向分割）,上市日,-3627,6,興櫃期間或新上市
6532,2016-09-29,19.6819,20.149,22.2173,12.9,0.900009,1.6,往上跳（減資／反向分割）,上市日,-3627,10,興櫃期間或新上市
3349,2016-09-30,20.5072,20.5984,23.2415,13.3,0.900009,2.0,往上跳（減資／反向分割）,上市日,-3626,16,興櫃期間或新上市
8279,2016-09-30,72.7881,74.4499,84.4209,16.0,0.849979,-1.4,往上跳（減資／反向分割）,上市日,-3626,7,興櫃期間或新上市
3349,2016-10-03,23.2415,22.4941,27.343,17.6,0.849979,-0.0,往上跳（減資／反向分割）,上市日,-3623,16,興櫃期間或新上市
6425,2016-10-03,19.8801,19.833,22.1196,11.3,0.900009,0.1,往上跳（減資／反向分割）,上市日,-3623,4,興櫃期間或新上市
8279,2016-10-03,84.4209,86.4151,95.0566,12.6,0.900009,1.3,往上跳（減資／反向分割）,上市日,-3623,7,興櫃期間或新上市
6517,2016-10-04,7.0993,7.0993,8.0514,13.4,0.900009,2.1,往上跳（減資／反向分割）,上市日,-3622,21,興櫃期間或新上市
6593,2016-10-04,30.1616,31.0027,24.7362,-18.0,1.25,2.5,往下跳（分割／面額變更）,上市日,-3622,7,興櫃期間或新上市
3530,2016-10-05,102.4263,104.074,114.4502,11.7,0.900009,0.6,往上跳（減資／反向分割）,上市日,-3621,15,興櫃期間或新上市
6588,2016-10-05,45.677,45.2158,52.595,15.1,0.849979,-2.1,往上跳（減資／反向分割）,上市日,-3621,21,興櫃期間或新上市
6593,2016-10-05,24.7362,25.2721,21.7266,-12.2,1.1111,-2.4,往下跳（分割／面額變更）,上市日,-3621,7,興櫃期間或新上市
3138,2016-10-06,11.7286,11.8242,13.0318,11.1,0.900009,0.0,往上跳（減資／反向分割）,上市日,-3620,20,興櫃期間或新上市
6593,2016-10-06,21.7266,22.8397,27.2098,25.2,0.8,0.2,往上跳（減資／反向分割）,上市日,-3620,7,興櫃期間或新上市
5258,2016-10-11,50.9121,50.8752,41.3762,-18.7,1.25,1.6,往下跳（分割／面額變更）,上市日,-3615,6,興櫃期間或新上市
5299,2016-10-11,9.6263,9.6263,11.1251,15.6,0.849979,-1.8,往上跳（減資／反向分割）,上市日,-3615,13,興櫃期間或新上市
3485,2016-10-12,10.5957,10.5664,12.6953,19.8,0.849979,1.8,往上跳（減資／反向分割）,上市日,-3614,28,興櫃期間或新上市
6588,2016-10-12,58.9809,57.5796,67.1407,13.8,0.900009,2.5,往上跳（減資／反向分割）,上市日,-3614,21,興櫃期間或新上市
2745,2016-10-14,22.2176,22.1955,18.4827,-16.8,1.1765,-2.1,往下跳（分割／面額變更）,上市日,-3612,2,興櫃期間或新上市
6530,2016-10-17,7.4227,7.4761,8.7711,18.2,0.849979,0.4,往上跳（減資／反向分割）,上市日,-3609,6,興櫃期間或新上市
4951,2016-10-21,11.1387,11.1642,13.1794,18.3,0.849979,0.6,往上跳（減資／反向分割）,上市日,-3605,18,興櫃期間或新上市
6538,2016-10-21,65.5152,64.6996,56.5442,-13.7,1.1765,1.5,往下跳（分割／面額變更）,上市日,-3605,3,興櫃期間或新上市
3138,2016-10-24,12.7712,12.8841,10.4168,-18.4,1.25,2.0,往下跳（分割／面額變更）,上市日,-3602,20,興櫃期間或新上市
4538,2016-10-24,10.6112,10.7551,12.3033,15.9,0.849979,-1.4,往上跳（減資／反向分割）,上市日,-3602,5,興櫃期間或新上市
5299,2016-10-24,10.412,10.412,11.7193,12.6,0.900009,1.3,往上跳（減資／反向分割）,上市日,-3602,13,興櫃期間或新上市
6538,2016-10-24,56.5442,55.185,50.0199,-11.5,1.1111,-1.7,往下跳（分割／面額變更）,上市日,-3602,3,興櫃期間或新上市
3178,2016-10-25,37.888,37.5065,42.3964,11.9,0.900009,0.7,往上跳（減資／反向分割）,上市日,-3601,15,興櫃期間或新上市
2633,2016-10-27,14.91,15.0562,17.5777,17.9,0.849979,0.2,往上跳（減資／反向分割）,上市日,-3599,3,興櫃期間或新上市
3485,2016-10-27,14.7949,14.8047,17.9785,21.5,0.8,-2.8,往上跳（減資／反向分割）,上市日,-3599,28,興櫃期間或新上市
6596,2016-10-27,24.3553,24.3553,28.0016,15.0,0.849979,-2.3,往上跳（減資／反向分割）,上市日,-3599,2,興櫃期間或新上市
4183,2016-10-31,14.5473,14.4546,16.273,11.9,0.900009,0.7,往上跳（減資／反向分割）,上市日,-3595,8,興櫃期間或新上市
5348,2016-11-01,10.3841,8.6599,8.6599,-16.6,1.1765,-1.9,往下跳（分割／面額變更）,上市日,-3594,12,興櫃期間或新上市
8477,2016-11-01,68.9277,64.6403,60.6168,-12.1,1.1111,-2.3,往下跳（分割／面額變更）,上市日,-3594,3,興櫃期間或新上市
8477,2016-11-02,60.6168,58.0444,52.8995,-12.7,1.1765,2.7,往下跳（分割／面額變更）,上市日,-3593,3,興櫃期間或新上市
4183,2016-11-07,15.7738,15.51,17.8275,13.0,0.900009,1.7,往上跳（減資／反向分割）,上市日,-3588,8,興櫃期間或新上市
5455,2016-11-07,6.49,5.49,5.49,-15.4,1.1765,-0.5,往下跳（分割／面額變更）,上市日,-3588,34,興櫃期間或新上市
3178,2016-11-10,35.0356,37.047,39.4486,12.6,0.900009,1.3,往上跳（減資／反向分割）,上市日,-3585,15,興櫃期間或新上市
4943,2016-11-11,86.692,72.0398,72.0398,-16.9,1.1765,-2.2,往下跳（分割／面額變更）,上市日,-3584,3,興櫃期間或新上市
4923,2016-11-14,6.2114,6.2114,4.9522,-20.3,1.25,-0.3,往下跳（分割／面額變更）,上市日,-3581,45,興櫃期間或新上市
5455,2016-11-15,6.0,5.0,5.0,-16.7,1.1765,-2.0,往下跳（分割／面額變更）,上市日,-3580,34,興櫃期間或新上市
6516,2016-11-15,173.6961,171.3897,193.4103,11.3,0.900009,0.2,往上跳（減資／反向分割）,上市日,-3580,14,興櫃期間或新上市
4943,2016-11-16,60.5012,61.0507,71.6735,18.5,0.849979,0.7,往上跳（減資／反向分割）,上市日,-3579,3,興櫃期間或新上市
6516,2016-11-16,193.4103,186.3763,217.0818,12.2,0.900009,1.0,往上跳（減資／反向分割）,上市日,-3579,14,興櫃期間或新上市
4923,2016-11-21,4.5984,4.5631,6.7703,47.2,0.699986,3.1,往上跳（減資／反向分割）,上市日,-3574,45,興櫃期間或新上市
2748,2016-11-23,41.1618,34.322,31.7956,-22.8,1.3333,3.0,往下跳（分割／面額變更）,上市日,-3572,1,興櫃期間或新上市
4949,2016-11-23,5.9233,5.8948,5.1817,-12.5,1.1111,-2.8,往下跳（分割／面額變更）,上市日,-3572,20,興櫃期間或新上市
6516,2016-11-23,181.8306,182.6775,215.3257,18.4,0.849979,0.7,往上跳（減資／反向分割）,上市日,-3572,14,興櫃期間或新上市
3530,2016-11-24,93.965,93.867,106.8796,13.7,0.900009,2.4,往上跳（減資／反向分割）,上市日,-3571,15,興櫃期間或新上市
5299,2016-11-25,9.3754,8.9397,12.472,33.0,0.750019,-0.2,往上跳（減資／反向分割）,上市日,-3570,13,興櫃期間或新上市
5455,2016-11-25,5.6,5.71,6.27,12.0,0.900009,0.8,往上跳（減資／反向分割）,上市日,-3570,34,興櫃期間或新上市
6198,2016-11-30,45.3699,49.6693,50.5744,11.5,0.900009,0.3,往上跳（減資／反向分割）,上市日,-3565,3,興櫃期間或新上市
5244,2016-12-01,4.6787,4.6868,5.2574,12.4,0.900009,1.1,往上跳（減資／反向分割）,上市日,-3564,10,興櫃期間或新上市
5455,2016-12-02,5.95,5.05,5.05,-15.1,1.1765,-0.1,往下跳（分割／面額變更）,上市日,-3563,34,興櫃期間或新上市
5244,2016-12-05,5.1922,5.2166,6.2681,20.7,0.849979,2.6,往上跳（減資／反向分割）,上市日,-3560,10,興櫃期間或新上市
5244,2016-12-06,6.2681,5.885,7.0099,11.8,0.900009,0.7,往上跳（減資／反向分割）,上市日,-3559,10,興櫃期間或新上市
5601,2016-12-07,22.0458,22.7206,26.7249,21.2,0.8,-3.0,往上跳（減資／反向分割）,上市日,-3558,1,興櫃期間或新上市
4561,2016-12-08,16.6439,16.2883,18.5353,11.4,0.900009,0.2,往上跳（減資／反向分割）,上市日,-3557,5,興櫃期間或新上市
6530,2016-12-08,8.4774,8.5108,10.1128,19.3,0.849979,1.4,往上跳（減資／反向分割）,上市日,-3557,6,興櫃期間或新上市
4561,2016-12-19,19.0043,19.0497,21.9397,15.4,0.849979,-1.9,往上跳（減資／反向分割）,上市日,-3546,5,興櫃期間或新上市
8423,2016-12-19,7.6427,8.5448,8.5448,11.8,0.900009,0.6,往上跳（減資／反向分割）,上市日,-3546,1,興櫃期間或新上市
3346,2016-12-20,37.7325,37.5848,43.9351,16.4,0.849979,-1.0,往上跳（減資／反向分割）,上市日,-3545,1,興櫃期間或新上市
5258,2016-12-20,33.5045,33.2983,39.0272,16.5,0.849979,-1.0,往上跳（減資／反向分割）,上市日,-3545,6,興櫃期間或新上市
5220,2016-12-21,15.3496,15.2704,17.4206,13.5,0.900009,2.1,往上跳（減資／反向分割）,上市日,-3544,1,興櫃期間或新上市
5222,2016-12-21,31.7211,31.6905,36.523,15.1,0.849979,-2.1,往上跳（減資／反向分割）,上市日,-3544,15,興櫃期間或新上市
6569,2016-12-21,97.2585,89.7185,80.3878,-17.3,1.1765,-2.8,往下跳（分割／面額變更）,上市日,-3544,5,興櫃期間或新上市
6581,2016-12-21,40.8566,40.7989,47.0491,15.2,0.849979,-2.1,往上跳（減資／反向分割）,上市日,-3544,6,興櫃期間或新上市
3701,2016-12-23,10.3475,11.9083,11.9083,15.1,0.849979,-2.2,往上跳（減資／反向分割）,上市日,-3542,2,興櫃期間或新上市
4561,2016-12-26,25.0264,24.4514,28.3703,13.4,0.900009,2.0,往上跳（減資／反向分割）,上市日,-3539,5,興櫃期間或新上市
6581,2016-12-26,49.5914,48.6052,59.5558,20.1,0.849979,2.1,往上跳（減資／反向分割）,上市日,-3539,6,興櫃期間或新上市
6620,2016-12-29,94.0,88.9859,106.3088,13.1,0.900009,1.8,往上跳（減資／反向分割）,上市日,-3536,41,興櫃期間或新上市
3168,2016-12-30,6.3311,6.3311,7.0558,11.4,0.900009,0.3,往上跳（減資／反向分割）,上市日,-3535,16,興櫃期間或新上市
5258,2016-12-30,36.8181,32.989,30.8904,-16.1,1.1765,-1.3,往下跳（分割／面額變更）,上市日,-3535,6,興櫃期間或新上市
6199,2017-01-03,20.11,16.9903,16.9903,-15.5,1.1765,-0.6,往下跳（分割／面額變更）,上市日,-3531,9,興櫃期間或新上市
3150,2017-01-04,3.3212,3.3863,4.4189,33.1,0.750019,-0.2,往上跳（減資／反向分割）,上市日,-3530,47,興櫃期間或新上市
1529,2017-01-05,18.771,16.4768,16.6854,-11.1,1.1111,-1.2,往下跳（分割／面額變更）,上市日,-3529,1,興櫃期間或新上市
4540,2017-01-05,17.8703,17.7746,22.5226,26.0,0.8,0.8,往上跳（減資／反向分割）,上市日,-3529,5,興櫃期間或新上市
6288,2017-01-06,8.2341,8.1221,9.5605,16.1,0.849979,-1.3,往上跳（減資／反向分割）,上市日,-3267,9,興櫃期間或新上市
3485,2017-01-09,16.5625,16.4258,18.5449,12.0,0.900009,0.8,往上跳（減資／反向分割）,上市日,-3525,28,興櫃期間或新上市
6615,2017-01-09,72.8831,75.3595,62.6712,-14.0,1.1765,1.2,往下跳（分割／面額變更）,上市日,-3525,4,興櫃期間或新上市
6222,2017-01-11,11.3894,11.2395,10.0815,-11.5,1.1111,-1.6,往下跳（分割／面額變更）,上市日,-3523,6,興櫃期間或新上市
6615,2017-01-11,57.5611,58.0083,69.5703,20.9,0.849979,2.7,往上跳（減資／反向分割）,上市日,-3523,4,興櫃期間或新上市
6591,2017-01-12,59.4285,59.8504,68.3428,15.0,0.849979,-2.3,往上跳（減資／反向分割）,上市日,-3522,4,興櫃期間或新上市
6560,2017-01-13,21.2473,21.2676,24.8341,16.9,0.849979,-0.7,往上跳（減資／反向分割）,上市日,-3521,2,興櫃期間或新上市
6591,2017-01-13,68.3428,65.3834,77.1426,12.9,0.900009,1.6,往上跳（減資／反向分割）,上市日,-3521,4,興櫃期間或新上市
5205,2017-01-16,45.7592,38.3827,38.3827,-16.1,1.1765,-1.3,往下跳（分割／面額變更）,上市日,-3518,11,興櫃期間或新上市
4413,2017-01-17,15.164,9.8337,9.8337,-35.2,1.5385,-0.2,往下跳（分割／面額變更）,上市日,-3517,7,興櫃期間或新上市
8480,2017-01-17,87.4515,79.4699,75.3055,-13.9,1.1765,1.3,往下跳（分割／面額變更）,上市日,-3459,1,興櫃期間或新上市
6272,2017-01-18,6.8345,6.8251,8.6257,26.2,0.8,1.0,往上跳（減資／反向分割）,上市日,-3516,67,興櫃期間或新上市
6560,2017-01-24,26.4327,26.3062,35.2099,33.2,0.750019,-0.1,往上跳（減資／反向分割）,上市日,-3510,2,興櫃期間或新上市
6272,2017-02-02,8.7953,8.5408,10.0868,14.7,0.849979,-2.5,往上跳（減資／反向分割）,上市日,-3501,67,興櫃期間或新上市
6418,2017-02-02,12.916,12.916,15.7854,22.2,0.8,-2.2,往上跳（減資／反向分割）,上市日,-3501,7,興櫃期間或新上市
8028,2017-02-02,16.1997,16.1336,18.6061,14.9,0.849979,-2.4,往上跳（減資／反向分割）,上市日,-3501,9,興櫃期間或新上市
4967,2017-02-06,7.8405,7.5875,8.8015,12.3,0.900009,1.0,往上跳（減資／反向分割）,上市日,-3497,15,興櫃期間或新上市
6288,2017-02-07,9.7327,9.7155,11.4467,17.6,0.849979,-0.0,往上跳（減資／反向分割）,上市日,-3235,9,興櫃期間或新上市
6418,2017-02-07,16.3686,16.1975,18.3515,12.1,0.900009,0.9,往上跳（減資／反向分割）,上市日,-3496,7,興櫃期間或新上市
3485,2017-02-08,18.1836,18.2129,20.3125,11.7,0.900009,0.5,往上跳（減資／反向分割）,上市日,-3495,28,興櫃期間或新上市
4949,2017-02-09,6.123,6.123,1.6353,-73.3,4.0,6.8,往下跳（分割／面額變更）,上市日,-3494,20,興櫃期間或新上市
4949,2017-02-10,1.6353,3.0615,4.326,164.5,0.4,5.8,往上跳（減資／反向分割）,上市日,-3493,20,興櫃期間或新上市
5299,2017-02-13,12.3795,12.1749,13.8783,12.1,0.900009,0.9,往上跳（減資／反向分割）,上市日,-3490,13,興櫃期間或新上市
6533,2017-02-13,75.2871,75.4068,83.7966,11.3,0.900009,0.2,往上跳（減資／反向分割）,上市日,-3490,10,興櫃期間或新上市
6591,2017-02-13,62.5386,63.4487,54.2451,-13.3,1.1765,2.0,往下跳（分割／面額變更）,上市日,-3490,4,興櫃期間或新上市
6533,2017-02-14,83.7966,80.7943,96.699,15.4,0.849979,-1.9,往上跳（減資／反向分割）,上市日,-3489,10,興櫃期間或新上市
6577,2017-02-15,27.0359,27.4699,32.3719,19.7,0.849979,1.8,往上跳（減資／反向分割）,上市日,-3488,4,興櫃期間或新上市
5299,2017-02-16,13.766,13.8123,16.1759,17.5,0.849979,-0.1,往上跳（減資／反向分割）,上市日,-3487,13,興櫃期間或新上市
3485,2017-02-18,25.4004,24.5703,29.0918,14.5,0.849979,-2.6,往上跳（減資／反向分割）,上市日,-3485,28,興櫃期間或新上市
4183,2017-02-20,21.229,23.7463,28.8806,36.0,0.750019,2.0,往上跳（減資／反向分割）,上市日,-3483,8,興櫃期間或新上市
4540,2017-02-20,23.3487,23.5574,26.001,11.4,0.900009,0.2,往上跳（減資／反向分割）,上市日,-3483,5,興櫃期間或新上市
6272,2017-02-20,9.6909,10.2659,10.7844,11.3,0.900009,0.2,往上跳（減資／反向分割）,上市日,-3483,67,興櫃期間或新上市
6533,2017-02-20,104.9783,108.7449,119.7226,14.0,0.900009,2.6,往上跳（減資／反向分割）,上市日,-3483,10,興櫃期間或新上市
4183,2017-02-21,28.8806,28.3529,35.1202,21.6,0.8,-2.7,往上跳（減資／反向分割）,上市日,-3482,8,興櫃期間或新上市
6288,2017-02-22,15.5035,15.0642,17.4759,12.7,0.900009,1.5,往上跳（減資／反向分割）,上市日,-3220,9,興櫃期間或新上市
6517,2017-02-22,4.7883,4.7513,3.7715,-21.2,1.25,-1.5,往下跳（分割／面額變更）,上市日,-3481,21,興櫃期間或新上市
4166,2017-02-24,28.9,28.98,25.36,-12.2,1.1111,-2.5,往下跳（分割／面額變更）,上市日,-3479,25,興櫃期間或新上市
8481,2017-02-24,30.8826,26.3954,25.6035,-17.1,1.1765,-2.5,往下跳（分割／面額變更）,上市日,-3479,1,興櫃期間或新上市
4949,2017-03-02,4.0883,4.0218,4.7539,16.3,0.849979,-1.2,往上跳（減資／反向分割）,上市日,-3473,20,興櫃期間或新上市
6291,2017-03-02,18.4139,21.9061,21.9061,19.0,0.849979,1.1,往上跳（減資／反向分割）,上市日,-3473,27,興櫃期間或新上市
9157,2017-03-02,1.34,1.34,1.19,-11.2,1.1111,-1.3,往下跳（分割／面額變更）,上市日,-2834,1,興櫃期間或新上市
6517,2017-03-03,3.8917,3.9194,3.3648,-13.5,1.1765,1.7,往下跳（分割／面額變更）,上市日,-3472,21,興櫃期間或新上市
6620,2017-03-03,73.9753,74.1418,88.1726,19.2,0.849979,1.3,往上跳（減資／反向分割）,上市日,-3472,41,興櫃期間或新上市
8489,2017-03-03,72.5847,70.5331,85.7759,18.2,0.849979,0.4,往上跳（減資／反向分割）,上市日,-3472,5,興櫃期間或新上市
3138,2017-03-07,9.8694,9.6001,11.2942,14.4,0.849979,-2.7,往上跳（減資／反向分割）,上市日,-3468,20,興櫃期間或新上市
6498,2017-03-07,3.8246,3.8712,4.291,12.2,0.900009,1.0,往上跳（減資／反向分割）,上市日,-3468,50,興櫃期間或新上市
8028,2017-03-08,20.2422,20.2202,23.0596,13.9,0.900009,2.5,往上跳（減資／反向分割）,上市日,-3467,9,興櫃期間或新上市
3150,2017-03-09,3.5351,3.5351,4.1863,18.4,0.849979,0.7,往上跳（減資／反向分割）,上市日,-3466,47,興櫃期間或新上市
6498,2017-03-09,4.2724,4.1604,5.0839,19.0,0.849979,1.1,往上跳（減資／反向分割）,上市日,-3466,50,興櫃期間或新上市
4967,2017-03-10,8.2957,8.3868,9.3276,12.4,0.900009,1.2,往上跳（減資／反向分割）,上市日,-3465,15,興櫃期間或新上市
6498,2017-03-10,5.0839,4.7668,5.9141,16.3,0.849979,-1.1,往上跳（減資／反向分割）,上市日,-3465,50,興櫃期間或新上市
6588,2017-03-13,139.0974,133.5275,159.2042,14.5,0.849979,-2.7,往上跳（減資／反向分割）,上市日,-3462,21,興櫃期間或新上市
6613,2017-03-13,29.4977,29.2635,34.9922,18.6,0.849979,0.8,往上跳（減資／反向分割）,上市日,-3462,2,興櫃期間或新上市
2065,2017-03-14,17.2618,17.1747,19.4789,12.8,0.900009,1.6,往上跳（減資／反向分割）,上市日,-3461,4,興櫃期間或新上市
6423,2017-03-14,56.1296,56.1872,63.4755,13.1,0.900009,1.8,往上跳（減資／反向分割）,上市日,-3461,28,興櫃期間或新上市
6498,2017-03-14,5.9888,5.9888,5.2705,-12.0,1.1111,-2.2,往下跳（分割／面額變更）,上市日,-3461,50,興櫃期間或新上市
6533,2017-03-14,118.2767,124.3273,174.5186,47.6,0.699986,3.3,往上跳（減資／反向分割）,上市日,-3461,10,興櫃期間或新上市
6577,2017-03-14,28.779,29.028,34.8194,21.0,0.849979,2.8,往上跳（減資／反向分割）,上市日,-3461,4,興櫃期間或新上市
4183,2017-03-15,24.602,24.1028,29.665,20.6,0.849979,2.5,往上跳（減資／反向分割）,上市日,-3460,8,興櫃期間或新上市
6556,2017-03-15,32.007,32.1661,38.1036,19.0,0.849979,1.2,往上跳（減資／反向分割）,上市日,-3460,3,興櫃期間或新上市
6577,2017-03-15,34.8194,31.7032,39.1274,12.4,0.900009,1.1,往上跳（減資／反向分割）,上市日,-3460,4,興櫃期間或新上市
8476,2017-03-15,18.5886,18.4568,23.9961,29.1,0.750019,-3.2,往上跳（減資／反向分割）,上市日,-3460,4,興櫃期間或新上市
2937,2017-03-16,15.1482,15.2222,17.4673,15.3,0.849979,-2.0,往上跳（減資／反向分割）,上市日,-3459,4,興櫃期間或新上市
6517,2017-03-16,3.0597,3.069,3.4017,11.2,0.900009,0.1,往上跳（減資／反向分割）,上市日,-3459,21,興櫃期間或新上市
6533,2017-03-16,156.5603,157.4812,179.5838,14.7,0.849979,-2.5,往上跳（減資／反向分割）,上市日,-3459,10,興櫃期間或新上市
6582,2017-03-16,60.7045,60.4009,67.9768,12.0,0.900009,0.8,往上跳（減資／反向分割）,上市日,-3459,3,興櫃期間或新上市
6472,2017-03-17,14.3166,14.201,17.0412,19.0,0.849979,1.2,往上跳（減資／反向分割）,上市日,-3458,4,興櫃期間或新上市
6491,2017-03-17,80.2676,80.2592,89.5618,11.6,0.900009,0.4,往上跳（減資／反向分割）,上市日,-3458,3,興櫃期間或新上市
6498,2017-03-17,5.8209,5.6529,7.6399,31.2,0.750019,-1.6,往上跳（減資／反向分割）,上市日,-3458,50,興櫃期間或新上市
6556,2017-03-17,38.1102,38.0108,45.9231,20.5,0.849979,2.4,往上跳（減資／反向分割）,上市日,-3458,3,興櫃期間或新上市
6582,2017-03-17,67.9768,64.8748,58.8833,-13.4,1.1765,1.9,往下跳（分割／面額變更）,上市日,-3458,3,興櫃期間或新上市
6624,2017-03-17,40.4842,39.216,67.4736,66.7,0.599988,-0.0,往上跳（減資／反向分割）,上市日,-3458,5,興櫃期間或新上市
8342,2017-03-17,39.9751,39.6727,47.2938,18.3,0.849979,0.6,往上跳（減資／反向分割）,上市日,-3458,3,興櫃期間或新上市
8440,2017-03-17,10.6314,10.1438,13.6486,28.4,0.8,2.7,往上跳（減資／反向分割）,上市日,-3458,8,興櫃期間或新上市
2065,2017-03-20,19.859,19.8392,23.7508,19.6,0.849979,1.7,往上跳（減資／反向分割）,上市日,-3455,4,興櫃期間或新上市
4560,2017-03-20,31.2114,30.1483,38.3745,23.0,0.8,-1.6,往上跳（減資／反向分割）,上市日,-3455,2,興櫃期間或新上市
6530,2017-03-20,10.4532,10.5534,11.628,11.2,0.900009,0.1,往上跳（減資／反向分割）,上市日,-3455,6,興櫃期間或新上市
6581,2017-03-20,55.0859,55.7647,64.8774,17.8,0.849979,0.1,往上跳（減資／反向分割）,上市日,-3455,6,興櫃期間或新上市
6593,2017-03-20,26.7975,26.748,30.5079,13.8,0.900009,2.5,往上跳（減資／反向分割）,上市日,-3455,7,興櫃期間或新上市
6613,2017-03-20,39.6793,39.4616,44.2259,11.5,0.900009,0.3,往上跳（減資／反向分割）,上市日,-3455,2,興櫃期間或新上市
6624,2017-03-20,67.4736,51.7352,56.9054,-15.7,1.1765,-0.8,往下跳（分割／面額變更）,上市日,-3455,5,興櫃期間或新上市
8342,2017-03-20,47.2938,46.0456,53.0564,12.2,0.900009,1.0,往上跳（減資／反向分割）,上市日,-3455,3,興櫃期間或新上市
3178,2017-03-21,61.5572,60.8896,70.2272,14.1,0.900009,2.7,往上跳（減資／反向分割）,上市日,-3454,15,興櫃期間或新上市
6577,2017-03-21,44.4669,37.3522,30.4865,-31.4,1.4286,-2.1,往下跳（分割／面額變更）,上市日,-3454,4,興櫃期間或新上市
6578,2017-03-21,25.5877,25.1509,29.0745,13.6,0.900009,2.3,往上跳（減資／反向分割）,上市日,-3454,1,興櫃期間或新上市
6624,2017-03-21,56.9054,58.5232,49.4915,-13.0,1.1765,2.3,往下跳（分割／面額變更）,上市日,-3454,5,興櫃期間或新上市
8440,2017-03-21,13.6096,14.871,11.9449,-12.2,1.1111,-2.5,往下跳（分割／面額變更）,上市日,-3454,8,興櫃期間或新上市
3485,2017-03-22,27.832,27.3438,32.1289,15.4,0.849979,-1.9,往上跳（減資／反向分割）,上市日,-3453,28,興櫃期間或新上市
6498,2017-03-22,6.6791,7.388,5.5037,-17.6,1.25,3.0,往下跳（分割／面額變更）,上市日,-3453,50,興櫃期間或新上市
6624,2017-03-22,49.4915,50.2881,42.6791,-13.8,1.1765,1.5,往下跳（分割／面額變更）,上市日,-3453,5,興櫃期間或新上市
8440,2017-03-22,11.9449,12.075,13.2844,11.2,0.900009,0.1,往上跳（減資／反向分割）,上市日,-3453,8,興櫃期間或新上市
6441,2017-03-23,47.5913,47.6201,57.8306,21.5,0.8,-2.8,往上跳（減資／反向分割）,上市日,-3452,4,興櫃期間或新上市
6558,2017-03-23,22.1736,22.1453,25.1445,13.4,0.900009,2.1,往上跳（減資／反向分割）,上市日,-3452,7,興櫃期間或新上市
6103,2017-03-24,115.1698,92.2667,92.2667,-19.9,1.25,0.1,往下跳（分割／面額變更）,上市日,-3451,33,興櫃期間或新上市
2743,2017-03-27,8.6803,8.3961,9.6943,11.7,0.900009,0.5,往上跳（減資／反向分割）,上市日,-3448,9,興櫃期間或新上市
3178,2017-03-27,70.9208,70.7647,89.0411,25.6,0.8,0.4,往上跳（減資／反向分割）,上市日,-3448,15,興櫃期間或新上市
4967,2017-03-27,11.6747,11.5229,16.2879,39.5,0.699986,-2.3,往上跳（減資／反向分割）,上市日,-3448,15,興櫃期間或新上市
6581,2017-03-27,64.0385,64.0769,73.8684,15.3,0.849979,-2.0,往上跳（減資／反向分割）,上市日,-3448,6,興櫃期間或新上市
8476,2017-03-28,22.0021,18.0816,19.0955,-13.2,1.1765,2.1,往下跳（分割／面額變更）,上市日,-3447,4,興櫃期間或新上市
5222,2017-03-29,49.612,48.0563,55.1245,11.1,0.900009,0.0,往上跳（減資／反向分割）,上市日,-3446,15,興櫃期間或新上市
6534,2017-03-29,349.1987,345.7669,285.4791,-18.2,1.25,2.2,往下跳（分割／面額變更）,上市日,-3446,19,興櫃期間或新上市
3150,2017-03-30,4.4933,4.3073,5.3492,19.0,0.849979,1.2,往上跳（減資／反向分割）,上市日,-3445,47,興櫃期間或新上市
4967,2017-03-30,15.8833,15.5595,17.7751,11.9,0.900009,0.7,往上跳（減資／反向分割）,上市日,-3445,15,興櫃期間或新上市
3150,2017-03-31,5.3492,4.9678,4.7445,-11.3,1.1111,-1.5,往下跳（分割／面額變更）,上市日,-3444,47,興櫃期間或新上市
4413,2017-03-31,5.6245,6.8008,6.8008,20.9,0.849979,2.8,往上跳（減資／反向分割）,上市日,-3444,7,興櫃期間或新上市
6498,2017-03-31,5.4757,5.4664,6.6231,21.0,0.849979,2.8,往上跳（減資／反向分割）,上市日,-3444,50,興櫃期間或新上市
6598,2017-03-31,45.1215,45.8409,52.7819,17.0,0.849979,-0.6,往上跳（減資／反向分割）,上市日,-3444,21,興櫃期間或新上市
6625,2017-03-31,176.1516,130.7972,120.5186,-31.6,1.4286,-2.3,往下跳（分割／面額變更）,上市日,-3444,5,興櫃期間或新上市
6588,2017-04-05,179.3464,181.5371,211.0896,17.7,0.849979,0.0,往上跳（減資／反向分割）,上市日,-3439,21,興櫃期間或新上市
6625,2017-04-05,120.5186,132.8183,89.621,-25.6,1.3333,-0.9,往下跳（分割／面額變更）,上市日,-3439,5,興櫃期間或新上市
6624,2017-04-06,38.2079,37.8665,44.4919,16.4,0.849979,-1.0,往上跳（減資／反向分割）,上市日,-3438,5,興櫃期間或新上市
6625,2017-04-06,89.621,96.8463,71.0787,-20.7,1.25,-0.9,往下跳（分割／面額變更）,上市日,-3438,5,興櫃期間或新上市
8440,2017-04-06,13.0699,13.0308,15.0206,14.9,0.849979,-2.3,往上跳（減資／反向分割）,上市日,-3438,8,興櫃期間或新上市
9928,2017-04-06,17.0559,19.1622,19.1622,12.3,0.900009,1.1,往上跳（減資／反向分割）,上市日,-3438,2,興櫃期間或新上市
6418,2017-04-07,16.3997,16.3764,18.8258,14.8,0.849979,-2.4,往上跳（減資／反向分割）,上市日,-3437,7,興櫃期間或新上市
6425,2017-04-07,21.8446,21.3731,26.7164,22.3,0.8,-2.2,往上跳（減資／反向分割）,上市日,-3437,4,興櫃期間或新上市
1587,2017-04-10,21.303,20.717,23.7918,11.7,0.900009,0.5,往上跳（減資／反向分割）,上市日,-3434,1,興櫃期間或新上市
2241,2017-04-10,78.2371,79.2584,63.293,-19.1,1.25,1.1,往下跳（分割／面額變更）,上市日,-3434,9,興櫃期間或新上市
4923,2017-04-10,6.65,6.6005,8.7865,32.1,0.750019,-0.9,往上跳（減資／反向分割）,上市日,-3434,45,興櫃期間或新上市
5244,2017-04-10,7.1566,6.7816,8.1102,13.3,0.900009,2.0,往上跳（減資／反向分割）,上市日,-3434,10,興櫃期間或新上市
6291,2017-04-10,21.9061,20.3187,18.4139,-15.9,1.1765,-1.1,往下跳（分割／面額變更）,上市日,-3434,27,興櫃期間或新上市
6588,2017-04-10,216.633,206.5752,256.3231,18.3,0.849979,0.6,往上跳（減資／反向分割）,上市日,-3434,21,興櫃期間或新上市
3168,2017-04-11,6.6643,6.7226,7.5473,13.3,0.900009,1.9,往上跳（減資／反向分割）,上市日,-3433,16,興櫃期間或新上市
3178,2017-04-11,99.7053,102.4363,86.7089,-13.0,1.1765,2.3,往下跳（分割／面額變更）,上市日,-3433,15,興櫃期間或新上市
4923,2017-04-11,8.7865,7.6263,11.015,25.4,0.8,0.3,往上跳（減資／反向分割）,上市日,-3433,45,興櫃期間或新上市
6498,2017-04-11,6.0634,6.138,5.3171,-12.3,1.1111,-2.6,往下跳（分割／面額變更）,上市日,-3433,50,興櫃期間或新上市
4923,2017-04-12,11.015,9.6496,13.0879,18.8,0.849979,1.0,往上跳（減資／反向分割）,上市日,-3432,45,興櫃期間或新上市
2241,2017-04-13,61.3564,61.8478,51.0661,-16.8,1.1765,-2.1,往下跳（分割／面額變更）,上市日,-3431,9,興櫃期間或新上市
4923,2017-04-13,13.0879,12.0903,10.6825,-18.4,1.25,2.0,往下跳（分割／面額變更）,上市日,-3431,45,興櫃期間或新上市
6534,2017-04-13,276.6756,273.5716,245.7385,-11.2,1.1111,-1.3,往下跳（分割／面額變更）,上市日,-3431,19,興櫃期間或新上市
2241,2017-04-14,51.0661,56.1631,39.6003,-22.5,1.25,-3.1,往下跳（分割／面額變更）,上市日,-3430,9,興櫃期間或新上市
6588,2017-04-14,284.7049,276.3323,247.2764,-13.1,1.1765,2.2,往下跳（分割／面額變更）,上市日,-3430,21,興櫃期間或新上市
8487,2017-04-17,23.6008,23.6758,20.3484,-13.8,1.1765,1.4,往下跳（分割／面額變更）,上市日,-3427,15,興櫃期間或新上市
2241,2017-04-18,41.9127,40.7951,46.711,11.4,0.900009,0.3,往上跳（減資／反向分割）,上市日,-3426,9,興櫃期間或新上市
8489,2017-04-18,92.3805,92.4285,109.7709,18.8,0.849979,1.0,往上跳（減資／反向分割）,上市日,-3426,5,興櫃期間或新上市
6472,2017-04-19,15.9588,13.3221,12.5588,-21.3,1.25,-1.6,往下跳（分割／面額變更）,上市日,-3425,4,興櫃期間或新上市
2237,2017-04-20,12.5,12.29,14.21,13.7,0.900009,2.3,往上跳（減資／反向分割）,上市日,-3424,31,興櫃期間或新上市
4923,2017-04-21,11.4395,11.4536,10.1166,-11.6,1.1111,-1.7,往下跳（分割／面額變更）,上市日,-3423,45,興櫃期間或新上市
2237,2017-04-24,15.0,14.99,13.0,-13.3,1.1765,2.0,往下跳（分割／面額變更）,上市日,-3420,31,興櫃期間或新上市
5455,2017-04-24,7.81,8.1,8.74,11.9,0.900009,0.7,往上跳（減資／反向分割）,上市日,-3420,34,興櫃期間或新上市
6492,2017-04-24,172.8836,153.3029,139.4531,-19.3,1.25,0.8,往下跳（分割／面額變更）,上市日,-3420,9,興櫃期間或新上市
3530,2017-04-27,124.2475,123.2589,143.3879,15.4,0.849979,-1.9,往上跳（減資／反向分割）,上市日,-3417,15,興櫃期間或新上市
6550,2017-04-27,35.0752,34.9653,25.5747,-27.1,1.3333,-2.8,往下跳（分割／面額變更）,上市日,-3417,61,興櫃期間或新上市
8487,2017-04-27,20.8738,20.8571,24.7516,18.6,0.849979,0.8,往上跳（減資／反向分割）,上市日,-3417,15,興櫃期間或新上市
8489,2017-04-27,103.7781,92.9804,88.1814,-15.0,1.1765,-0.0,往下跳（分割／面額變更）,上市日,-3417,5,興櫃期間或新上市
6594,2017-05-03,36.848,36.848,42.41,15.1,0.849979,-2.2,往上跳（減資／反向分割）,上市日,-2152,2,興櫃期間或新上市
2745,2017-05-05,25.2513,24.0482,29.0305,15.0,0.849979,-2.3,往上跳（減資／反向分割）,上市日,-3409,2,興櫃期間或新上市
4931,2017-05-05,9.1825,9.1986,10.6323,15.8,0.849979,-1.6,往上跳（減資／反向分割）,上市日,-3409,7,興櫃期間或新上市
6594,2017-05-05,41.6452,42.3405,47.972,15.2,0.849979,-2.1,往上跳（減資／反向分割）,上市日,-2150,2,興櫃期間或新上市
3150,2017-05-08,4.1398,4.1398,4.791,15.7,0.849979,-1.6,往上跳（減資／反向分割）,上市日,-3406,47,興櫃期間或新上市
5299,2017-05-08,18.4934,18.566,21.1343,14.3,0.900009,2.9,往上跳（減資／反向分割）,上市日,-3406,13,興櫃期間或新上市
4923,2017-05-10,8.4894,8.5885,7.1523,-15.8,1.1765,-0.9,往下跳（分割／面額變更）,上市日,-3404,45,興櫃期間或新上市
5906,2017-05-10,9.1649,9.0159,7.8684,-14.1,1.1765,1.0,往下跳（分割／面額變更）,上市日,-3404,1,興櫃期間或新上市
4169,2017-05-11,25.4676,25.4676,29.1629,14.5,0.849979,-2.7,往上跳（減資／反向分割）,上市日,-3403,25,興櫃期間或新上市
9106,2017-05-11,1.53,1.35,1.35,-11.8,1.1111,-2.0,往下跳（分割／面額變更）,上市日,-2764,3,興櫃期間或新上市
3168,2017-05-15,7.5223,7.4973,8.422,12.0,0.900009,0.8,往上跳（減資／反向分割）,上市日,-3399,16,興櫃期間或新上市
5299,2017-05-15,24.0988,23.6763,27.268,13.2,0.900009,1.8,往上跳（減資／反向分割）,上市日,-3399,13,興櫃期間或新上市
6558,2017-05-16,30.0112,29.8132,34.4158,14.7,0.849979,-2.5,往上跳（減資／反向分割）,上市日,-3398,7,興櫃期間或新上市
4195,2017-05-17,11.3,11.24,13.05,15.5,0.849979,-1.8,往上跳（減資／反向分割）,上市日,-3397,34,興櫃期間或新上市
4155,2017-05-18,20.8651,20.8532,23.7445,13.8,0.900009,2.4,往上跳（減資／反向分割）,上市日,-3396,5,興櫃期間或新上市
3178,2017-05-23,72.9843,71.4583,81.4982,11.7,0.900009,0.5,往上跳（減資／反向分割）,上市日,-3391,15,興櫃期間或新上市
4923,2017-05-24,6.6005,6.6005,7.3929,12.0,0.900009,0.8,往上跳（減資／反向分割）,上市日,-3390,45,興櫃期間或新上市
4967,2017-05-25,15.3774,15.4786,17.1883,11.8,0.900009,0.6,往上跳（減資／反向分割）,上市日,-3389,15,興櫃期間或新上市
6198,2017-05-25,44.8042,39.3734,39.3734,-12.1,1.1111,-2.4,往下跳（分割／面額變更）,上市日,-3389,3,興櫃期間或新上市
4560,2017-05-26,29.6662,23.4858,24.5983,-17.1,1.1765,-2.4,往下跳（分割／面額變更）,上市日,-3388,2,興櫃期間或新上市
4923,2017-05-26,6.7915,7.0038,5.9355,-12.6,1.1765,2.8,往下跳（分割／面額變更）,上市日,-3388,45,興櫃期間或新上市
5299,2017-06-02,29.0573,28.3904,34.326,18.1,0.849979,0.4,往上跳（減資／反向分割）,上市日,-3381,13,興櫃期間或新上市
3150,2017-06-08,4.698,4.6329,5.3957,14.9,0.849979,-2.4,往上跳（減資／反向分割）,上市日,-3375,47,興櫃期間或新上市
4923,2017-06-08,5.9709,5.8294,6.9967,17.2,0.849979,-0.4,往上跳（減資／反向分割）,上市日,-3375,45,興櫃期間或新上市
4949,2017-06-12,4.7539,4.6398,5.4099,13.8,0.900009,2.4,往上跳（減資／反向分割）,上市日,-3371,20,興櫃期間或新上市
3530,2017-06-13,189.7113,188.019,214.641,13.1,0.900009,1.8,往上跳（減資／反向分割）,上市日,-3370,15,興櫃期間或新上市
4923,2017-06-13,7.1877,7.0604,6.3246,-12.0,1.1111,-2.2,往下跳（分割／面額變更）,上市日,-3370,45,興櫃期間或新上市
6582,2017-06-14,51.9023,45.3462,43.2216,-16.7,1.1765,-2.0,往下跳（分割／面額變更）,上市日,-3369,3,興櫃期間或新上市
4949,2017-06-16,5.0866,4.9916,6.0659,19.3,0.849979,1.4,往上跳（減資／反向分割）,上市日,-3367,20,興櫃期間或新上市
5205,2017-06-16,25.5051,25.005,28.5057,11.8,0.900009,0.6,往上跳（減資／反向分割）,上市日,-3367,11,興櫃期間或新上市
6103,2017-06-16,79.8336,70.6724,70.6724,-11.5,1.1111,-1.6,往下跳（分割／面額變更）,上市日,-3367,33,興櫃期間或新上市
6625,2017-06-20,49.137,47.7031,54.8851,11.7,0.900009,0.5,往上跳（減資／反向分割）,上市日,-3363,5,興櫃期間或新上市
4949,2017-06-22,6.7505,6.76,5.9233,-12.3,1.1111,-2.5,往下跳（分割／面額變更）,上市日,-3361,20,興櫃期間或新上市
4807,2017-06-26,52.973,46.4711,45.5814,-14.0,1.1765,1.2,往下跳（分割／面額變更）,上市日,-3357,1,興櫃期間或新上市
8478,2017-06-28,109.1434,107.8214,90.3123,-17.3,1.1765,-2.6,往下跳（分割／面額變更）,上市日,-3355,6,興櫃期間或新上市
6550,2017-07-05,20.6895,20.6395,23.1571,11.9,0.900009,0.7,往上跳（減資／反向分割）,上市日,-3348,61,興櫃期間或新上市
6598,2017-07-05,39.2174,38.3767,34.1074,-13.0,1.1765,2.3,往下跳（分割／面額變更）,上市日,-3348,21,興櫃期間或新上市
6441,2017-07-06,52.9994,52.8408,61.2918,15.6,0.849979,-1.7,往上跳（減資／反向分割）,上市日,-3347,4,興櫃期間或新上市
6550,2017-07-06,23.1571,22.5976,28.3619,22.5,0.8,-2.0,往上跳（減資／反向分割）,上市日,-3347,61,興櫃期間或新上市
6550,2017-07-07,28.3619,25.5347,33.7565,19.0,0.849979,1.2,往上跳（減資／反向分割）,上市日,-3346,61,興櫃期間或新上市
6441,2017-07-10,60.5635,60.3905,52.4225,-13.4,1.1765,1.8,往下跳（分割／面額變更）,上市日,-3343,4,興櫃期間或新上市
6550,2017-07-10,33.7565,32.4279,41.5788,23.2,0.8,-1.5,往上跳（減資／反向分割）,上市日,-3343,61,興櫃期間或新上市
4413,2017-07-11,7.3523,8.8962,8.8962,21.0,0.849979,2.8,往上跳（減資／反向分割）,上市日,-3342,7,興櫃期間或新上市
4923,2017-07-12,6.0558,6.0275,6.8623,13.3,0.900009,2.0,往上跳（減資／反向分割）,上市日,-3341,45,興櫃期間或新上市
6541,2017-07-12,287.0194,289.5376,254.5267,-11.3,1.1111,-1.5,往下跳（分割／面額變更）,上市日,-3341,15,興櫃期間或新上市
6620,2017-07-12,63.6873,63.5795,55.8391,-12.3,1.1111,-2.6,往下跳（分割／面額變更）,上市日,-3341,41,興櫃期間或新上市
6550,2017-07-14,35.0453,34.7056,40.0903,14.4,0.849979,-2.8,往上跳（減資／反向分割）,上市日,-3339,61,興櫃期間或新上市
6550,2017-07-19,37.8725,38.1921,42.0483,11.0,0.900009,-0.1,往上跳（減資／反向分割）,上市日,-3334,61,興櫃期間或新上市
6541,2017-07-20,273.4808,274.9159,316.8857,15.9,0.849979,-1.5,往上跳（減資／反向分割）,上市日,-3333,15,興櫃期間或新上市
6527,2017-07-21,19.8171,19.6589,22.4458,13.3,0.900009,1.9,往上跳（減資／反向分割）,上市日,-3332,6,興櫃期間或新上市
6637,2017-07-21,58.5714,57.0519,48.8095,-16.7,1.1765,-2.0,往下跳（分割／面額變更）,上市日,-3332,12,興櫃期間或新上市
6550,2017-07-24,41.7886,41.4389,51.5089,23.3,0.8,-1.4,往上跳（減資／反向分割）,上市日,-3329,61,興櫃期間或新上市
8104,2017-07-25,127.0628,126.5668,94.6236,-25.5,1.3333,-0.7,往下跳（分割／面額變更）,上市日,-3328,2,興櫃期間或新上市
6550,2017-07-26,52.1084,51.3791,59.4411,14.1,0.900009,2.7,往上跳（減資／反向分割）,上市日,-3327,61,興櫃期間或新上市
1240,2017-07-28,24.7641,24.5117,28.9703,17.0,0.849979,-0.6,往上跳（減資／反向分割）,上市日,-3325,1,興櫃期間或新上市
4923,2017-07-28,8.0084,7.7749,7.0745,-11.7,1.1111,-1.8,往下跳（分割／面額變更）,上市日,-3325,45,興櫃期間或新上市
6550,2017-07-31,48.1323,49.7607,41.5888,-13.6,1.1765,1.7,往下跳（分割／面額變更）,上市日,-3322,61,興櫃期間或新上市
6550,2017-08-01,41.5888,43.1173,49.9505,20.1,0.849979,2.1,往上跳（減資／反向分割）,上市日,-3321,61,興櫃期間或新上市
6541,2017-08-02,308.6813,310.1976,259.9421,-15.8,1.1765,-0.9,往下跳（分割／面額變更）,上市日,-3320,15,興櫃期間或新上市
6591,2017-08-02,58.3436,57.6746,49.4233,-15.3,1.1765,-0.3,往下跳（分割／面額變更）,上市日,-3320,4,興櫃期間或新上市
6498,2017-08-04,4.6548,4.7574,5.2985,13.8,0.900009,2.4,往上跳（減資／反向分割）,上市日,-3318,50,興櫃期間或新上市
4967,2017-08-07,25.8482,25.828,22.2568,-13.9,1.1765,1.3,往下跳（分割／面額變更）,上市日,-3315,15,興櫃期間或新上市
6550,2017-08-07,46.1543,46.7337,52.2083,13.1,0.900009,1.8,往上跳（減資／反向分割）,上市日,-3315,61,興櫃期間或新上市
4923,2017-08-08,6.8977,6.8977,7.8173,13.3,0.900009,2.0,往上跳（減資／反向分割）,上市日,-3314,45,興櫃期間或新上市
2743,2017-08-10,11.1087,11.0183,12.5037,12.6,0.900009,1.3,往上跳（減資／反向分割）,上市日,-3312,9,興櫃期間或新上市
4949,2017-08-10,6.8741,6.722,5.4479,-20.7,1.25,-0.9,往下跳（分割／面額變更）,上市日,-3312,20,興櫃期間或新上市
4413,2017-08-11,7.6739,8.6022,8.6022,12.1,0.900009,0.9,往上跳（減資／反向分割）,上市日,-3311,7,興櫃期間或新上市
6272,2017-08-11,10.9353,11.0201,9.2384,-15.5,1.1765,-0.6,往下跳（分割／面額變更）,上市日,-3311,67,興櫃期間或新上市
8045,2017-08-11,10.6376,10.6567,11.9256,12.1,0.900009,0.9,往上跳（減資／反向分割）,上市日,-3311,30,興櫃期間或新上市
8478,2017-08-11,78.3988,77.192,69.1754,-11.8,1.1111,-2.0,往下跳（分割／面額變更）,上市日,-3311,6,興櫃期間或新上市
3150,2017-08-14,4.791,4.8096,5.4888,14.6,0.849979,-2.6,往上跳（減資／反向分割）,上市日,-3308,47,興櫃期間或新上市
3168,2017-08-14,8.0221,8.0305,9.2467,15.3,0.849979,-2.0,往上跳（減資／反向分割）,上市日,-3308,16,興櫃期間或新上市
5455,2017-08-14,11.85,9.68,9.68,-18.3,1.25,2.1,往下跳（分割／面額變更）,上市日,-3308,34,興櫃期間或新上市
1796,2017-08-15,55.7629,58.9419,47.4205,-15.0,1.1765,0.0,往下跳（分割／面額變更）,上市日,-3307,7,興櫃期間或新上市
6288,2017-08-16,15.0384,14.4699,16.9935,13.0,0.900009,1.7,往上跳（減資／反向分割）,上市日,-3045,9,興櫃期間或新上市
1796,2017-08-17,44.786,46.3052,39.517,-11.8,1.1111,-2.0,往下跳（分割／面額變更）,上市日,-3305,7,興櫃期間或新上市
4949,2017-08-17,5.7522,5.7522,6.4652,12.4,0.900009,1.2,往上跳（減資／反向分割）,上市日,-3305,20,興櫃期間或新上市
6288,2017-08-17,16.9935,16.6318,19.7669,16.3,0.849979,-1.1,往上跳（減資／反向分割）,上市日,-3044,9,興櫃期間或新上市
1796,2017-08-18,39.517,38.6038,50.3535,27.4,0.8,1.9,往上跳（減資／反向分割）,上市日,-3304,7,興櫃期間或新上市
3178,2017-08-21,44.3385,43.4802,49.4191,11.5,0.900009,0.3,往上跳（減資／反向分割）,上市日,-3301,15,興櫃期間或新上市
4562,2017-08-21,47.5763,40.9685,39.6029,-16.8,1.1765,-2.1,往下跳（分割／面額變更）,上市日,-3301,1,興櫃期間或新上市
5299,2017-08-21,31.3615,30.5032,34.9928,11.6,0.900009,0.4,往上跳（減資／反向分割）,上市日,-3301,13,興櫃期間或新上市
6579,2017-08-21,81.2202,71.8317,70.8866,-12.7,1.1765,2.7,往下跳（分割／面額變更）,上市日,-3301,1,興櫃期間或新上市
6527,2017-08-22,21.0147,20.7586,18.5517,-11.7,1.1111,-1.9,往下跳（分割／面額變更）,上市日,-3300,6,興櫃期間或新上市
2718,2017-08-23,13.1757,13.0446,15.0767,14.4,0.849979,-2.7,往上跳（減資／反向分割）,上市日,-3299,5,興櫃期間或新上市
3530,2017-08-24,213.7592,210.9358,239.9981,12.3,0.900009,1.0,往上跳（減資／反向分割）,上市日,-3298,15,興櫃期間或新上市
3530,2017-08-25,239.9981,221.0537,212.8685,-11.3,1.1111,-1.4,往下跳（分割／面額變更）,上市日,-3297,15,興櫃期間或新上市
6498,2017-08-28,4.944,4.972,7.8358,58.5,0.649984,3.0,往上跳（減資／反向分割）,上市日,-3294,50,興櫃期間或新上市
3530,2017-08-29,204.8526,208.5666,173.7773,-15.2,1.1765,-0.2,往下跳（分割／面額變更）,上市日,-3293,15,興櫃期間或新上市
6498,2017-08-29,7.8358,5.7929,8.9458,14.2,0.900009,2.8,往上跳（減資／反向分割）,上市日,-3293,50,興櫃期間或新上市
6588,2017-08-29,161.865,162.539,138.8047,-14.2,1.1765,0.9,往下跳（分割／面額變更）,上市日,-3293,21,興櫃期間或新上市
6416,2017-08-30,83.7973,80.9724,93.7801,11.9,0.900009,0.7,往上跳（減資／反向分割）,上市日,-3292,3,興櫃期間或新上市
6498,2017-08-30,8.9458,8.2462,10.541,17.8,0.849979,0.2,往上跳（減資／反向分割）,上市日,-3292,50,興櫃期間或新上市
6588,2017-08-30,138.8047,143.0797,122.3965,-11.8,1.1111,-2.0,往下跳（分割／面額變更）,上市日,-3292,21,興櫃期間或新上市
4195,2017-08-31,11.0,10.99,12.46,13.3,0.900009,1.9,往上跳（減資／反向分割）,上市日,-3291,34,興櫃期間或新上市
6498,2017-08-31,10.541,10.1025,8.2835,-21.4,1.25,-1.8,往下跳（分割／面額變更）,上市日,-3291,50,興櫃期間或新上市
3543,2017-09-01,8.6863,8.6645,10.6562,22.7,0.8,-1.9,往上跳（減資／反向分割）,上市日,-3290,14,興櫃期間或新上市
6574,2017-09-01,98.1285,99.4321,112.337,14.5,0.849979,-2.7,往上跳（減資／反向分割）,上市日,-3290,3,興櫃期間或新上市
6491,2017-09-04,136.0325,131.6727,153.7759,13.0,0.900009,1.7,往上跳（減資／反向分割）,上市日,-3287,3,興櫃期間或新上市
6574,2017-09-04,112.337,92.2273,97.7748,-13.0,1.1765,2.4,往下跳（分割／面額變更）,上市日,-3287,3,興櫃期間或新上市
3543,2017-09-05,10.2491,10.111,12.219,19.2,0.849979,1.3,往上跳（減資／反向分割）,上市日,-3286,14,興櫃期間或新上市
6530,2017-09-05,9.6122,9.5721,11.1074,15.6,0.849979,-1.8,往上跳（減資／反向分割）,上市日,-3286,6,興櫃期間或新上市
6550,2017-09-05,65.1354,63.1374,74.0366,13.7,0.900009,2.3,往上跳（減資／反向分割）,上市日,-3286,61,興櫃期間或新上市
3543,2017-09-07,13.0694,13.0549,11.5503,-11.6,1.1111,-1.8,往下跳（分割／面額變更）,上市日,-3284,14,興櫃期間或新上市
6534,2017-09-11,234.7794,230.3388,283.677,20.8,0.849979,2.7,往上跳（減資／反向分割）,上市日,-3280,19,興櫃期間或新上市
6620,2017-09-11,44.1108,44.297,53.3896,21.0,0.849979,2.9,往上跳（減資／反向分割）,上市日,-3280,41,興櫃期間或新上市
8045,2017-09-11,13.7574,13.204,15.7418,14.4,0.849979,-2.7,往上跳（減資／反向分割）,上市日,-3280,30,興櫃期間或新上市
6588,2017-09-13,123.993,123.044,146.3437,18.0,0.849979,0.3,往上跳（減資／反向分割）,上市日,-3278,21,興櫃期間或新上市
4931,2017-09-14,8.7717,8.667,9.9155,13.0,0.900009,1.7,往上跳（減資／反向分割）,上市日,-3277,7,興櫃期間或新上市
6498,2017-09-14,8.1343,8.1249,9.0298,11.0,0.900009,-0.1,往上跳（減資／反向分割）,上市日,-3277,50,興櫃期間或新上市
3150,2017-09-18,5.8144,5.6376,6.5121,12.0,0.900009,0.8,往上跳（減資／反向分割）,上市日,-3273,47,興櫃期間或新上市
8440,2017-09-18,11.8279,11.8279,13.551,14.6,0.849979,-2.6,往上跳（減資／反向分割）,上市日,-3273,8,興櫃期間或新上市
2237,2017-09-19,13.04,12.47,15.64,19.9,0.849979,1.9,往上跳（減資／反向分割）,上市日,-3272,31,興櫃期間或新上市
6534,2017-09-19,240.7375,245.3418,165.7398,-31.2,1.4286,-1.6,往下跳（分割／面額變更）,上市日,-3272,19,興櫃期間或新上市
8478,2017-09-19,73.4028,72.3574,84.932,15.7,0.849979,-1.7,往上跳（減資／反向分割）,上市日,-3272,6,興櫃期間或新上市
2237,2017-09-22,13.95,14.27,12.26,-12.1,1.1111,-2.4,往下跳（分割／面額變更）,上市日,-3269,31,興櫃期間或新上市
8045,2017-09-22,15.2648,15.2457,17.1633,12.4,0.900009,1.2,往上跳（減資／反向分割）,上市日,-3269,30,興櫃期間或新上市
6441,2017-09-27,51.1967,45.4281,44.3464,-13.4,1.1765,1.9,往下跳（分割／面額變更）,上市日,-3264,4,興櫃期間或新上市
6573,2017-09-28,34.04,34.04,39.4679,15.9,0.849979,-1.4,往上跳（減資／反向分割）,上市日,-3263,1,興櫃期間或新上市
2243,2017-09-29,40.6194,42.0531,46.6407,14.8,0.849979,-2.4,往上跳（減資／反向分割）,上市日,-3262,2,興櫃期間或新上市
4413,2017-09-29,7.7566,9.1444,9.1903,18.5,0.849979,0.7,往上跳（減資／反向分割）,上市日,-3262,7,興櫃期間或新上市
2630,2017-10-02,21.8879,24.0704,25.3274,15.7,0.849979,-1.6,往上跳（減資／反向分割）,上市日,-3259,3,興櫃期間或新上市
3543,2017-10-05,10.9905,10.9324,12.9168,17.5,0.849979,-0.1,往上跳（減資／反向分割）,上市日,-3256,14,興櫃期間或新上市
5455,2017-10-13,9.7,7.1,7.1,-26.8,1.3333,-2.4,往下跳（分割／面額變更）,上市日,-3248,34,興櫃期間或新上市
6240,2017-10-16,29.8,35.7,35.35,18.6,0.849979,0.8,往上跳（減資／反向分割）,上市日,-3245,3,興櫃期間或新上市
6651,2017-10-16,27.7806,27.4541,24.6615,-11.2,1.1111,-1.4,往下跳（分割／面額變更）,上市日,-3245,9,興櫃期間或新上市
2241,2017-10-18,44.3215,42.9919,51.9236,17.2,0.849979,-0.4,往上跳（減資／反向分割）,上市日,-3243,9,興櫃期間或新上市
5455,2017-10-18,7.0,7.93,7.93,13.3,0.900009,2.0,往上跳（減資／反向分割）,上市日,-3243,34,興櫃期間或新上市
6556,2017-10-19,29.6479,29.6479,33.6902,13.6,0.900009,2.3,往上跳（減資／反向分割）,上市日,-3242,3,興櫃期間或新上市
6588,2017-10-20,117.616,118.2545,101.4383,-13.8,1.1765,1.5,往下跳（分割／面額變更）,上市日,-3241,21,興櫃期間或新上市
2241,2017-10-23,55.4886,55.8355,48.6573,-12.3,1.1111,-2.6,往下跳（分割／面額變更）,上市日,-3238,9,興櫃期間或新上市
3543,2017-10-25,14.0289,13.68,15.8607,13.1,0.900009,1.8,往上跳（減資／反向分割）,上市日,-3236,14,興櫃期間或新上市
6615,2017-10-25,65.8433,65.454,74.5313,13.2,0.900009,1.9,往上跳（減資／反向分割）,上市日,-3236,4,興櫃期間或新上市
3543,2017-10-26,15.8607,15.032,18.3903,15.9,0.849979,-1.4,往上跳（減資／反向分割）,上市日,-3235,14,興櫃期間或新上市
4566,2017-10-26,61.3872,61.5525,69.1264,12.6,0.900009,1.3,往上跳（減資／反向分割）,上市日,-3235,1,興櫃期間或新上市
4949,2017-10-26,5.9518,5.8568,6.9977,17.6,0.849979,-0.1,往上跳（減資／反向分割）,上市日,-3235,20,興櫃期間或新上市
4923,2017-10-27,6.3671,6.4873,7.2514,13.9,0.900009,2.5,往上跳（減資／反向分割）,上市日,-3234,45,興櫃期間或新上市
4949,2017-10-27,6.9977,6.5508,8.6045,23.0,0.8,-1.6,往上跳（減資／反向分割）,上市日,-3234,20,興櫃期間或新上市
3288,2017-10-30,13.8226,11.7832,11.7832,-14.8,1.1765,0.3,往下跳（分割／面額變更）,上市日,-3231,5,興櫃期間或新上市
4923,2017-10-30,7.2514,7.2302,8.4894,17.1,0.849979,-0.5,往上跳（減資／反向分割）,上市日,-3231,45,興櫃期間或新上市
4760,2017-10-31,18.7655,18.3655,21.3281,13.7,0.900009,2.3,往上跳（減資／反向分割）,上市日,-3230,8,興櫃期間或新上市
4195,2017-11-01,12.04,12.0,10.0,-16.9,1.1765,-2.3,往下跳（分割／面額變更）,上市日,-3229,34,興櫃期間或新上市
6593,2017-11-03,32.9815,33.1465,41.2269,25.0,0.8,-0.0,往上跳（減資／反向分割）,上市日,-3227,7,興櫃期間或新上市
6530,2017-11-06,12.0352,12.102,13.8442,15.0,0.849979,-2.2,往上跳（減資／反向分割）,上市日,-3224,6,興櫃期間或新上市
6593,2017-11-06,41.2269,39.7428,65.1385,58.0,0.649984,2.7,往上跳（減資／反向分割）,上市日,-3224,7,興櫃期間或新上市
4564,2017-11-07,19.0634,19.3566,21.2828,11.6,0.900009,0.5,往上跳（減資／反向分割）,上市日,-3223,1,興櫃期間或新上市
5244,2017-11-07,8.3629,8.3222,9.5204,13.8,0.900009,2.5,往上跳（減資／反向分割）,上市日,-3223,10,興櫃期間或新上市
6593,2017-11-07,65.1385,62.6649,55.6564,-14.6,1.1765,0.5,往下跳（分割／面額變更）,上市日,-3223,7,興櫃期間或新上市
1760,2017-11-08,53.343,53.0738,63.1029,18.3,0.849979,0.5,往上跳（減資／反向分割）,上市日,-3222,9,興櫃期間或新上市
3150,2017-11-10,5.3027,5.2097,4.698,-11.4,1.1111,-1.6,往下跳（分割／面額變更）,上市日,-3220,47,興櫃期間或新上市
4195,2017-11-10,11.8,11.63,13.65,15.7,0.849979,-1.7,往上跳（減資／反向分割）,上市日,-3220,34,興櫃期間或新上市
6588,2017-11-13,82.1742,81.2872,94.9016,15.5,0.849979,-1.8,往上跳（減資／反向分割）,上市日,-3217,21,興櫃期間或新上市
6654,2017-11-13,38.4992,38.3026,46.8949,21.8,0.8,-2.6,往上跳（減資／反向分割）,上市日,-3217,6,興櫃期間或新上市
6588,2017-11-14,94.9016,91.7619,105.5448,11.2,0.900009,0.1,往上跳（減資／反向分割）,上市日,-3216,21,興櫃期間或新上市
6598,2017-11-17,39.2268,38.5168,44.0939,12.4,0.900009,1.2,往上跳（減資／反向分割）,上市日,-3213,21,興櫃期間或新上市
3288,2017-11-20,11.7832,13.105,13.2183,12.2,0.900009,1.0,往上跳（減資／反向分割）,上市日,-3210,5,興櫃期間或新上市
6651,2017-11-22,25.1478,24.9949,28.5726,13.6,0.900009,2.3,往上跳（減資／反向分割）,上市日,-3208,9,興櫃期間或新上市
8497,2017-11-22,45.5936,46.3142,58.8038,29.0,0.8,3.2,往上跳（減資／反向分割）,上市日,-2865,2,興櫃期間或新上市
6625,2017-11-23,51.8504,51.0778,58.0991,12.1,0.900009,0.8,往上跳（減資／反向分割）,上市日,-3207,5,興櫃期間或新上市
4166,2017-11-27,18.0,17.78,20.07,11.5,0.900009,0.4,往上跳（減資／反向分割）,上市日,-3203,25,興櫃期間或新上市
1418,2017-11-28,12.95,11.1,11.1,-14.3,1.1765,0.8,往下跳（分割／面額變更）,上市日,-3202,5,興櫃期間或新上市
6655,2017-11-29,41.2625,41.2856,36.086,-12.5,1.1111,-2.8,往下跳（分割／面額變更）,上市日,-3201,3,興櫃期間或新上市
3219,2017-11-30,24.2822,32.2066,32.2066,32.6,0.750019,-0.5,往上跳（減資／反向分割）,上市日,-3200,3,興櫃期間或新上市
3219,2017-12-04,32.2066,38.8951,38.8951,20.8,0.849979,2.6,往上跳（減資／反向分割）,上市日,-3196,3,興櫃期間或新上市
4195,2017-12-04,20.2,20.44,22.56,11.7,0.900009,0.5,往上跳（減資／反向分割）,上市日,-3196,34,興櫃期間或新上市
6530,2017-12-04,13.971,13.9109,15.82,13.2,0.900009,1.9,往上跳（減資／反向分割）,上市日,-3196,6,興櫃期間或新上市
6550,2017-12-04,64.1464,62.7079,54.4361,-15.1,1.1765,-0.2,往下跳（分割／面額變更）,上市日,-3196,61,興櫃期間或新上市
6550,2017-12-07,50.7097,49.7907,62.9376,24.1,0.8,-0.7,往上跳（減資／反向分割）,上市日,-3193,61,興櫃期間或新上市
4561,2017-12-08,20.1013,20.0937,22.6206,12.5,0.900009,1.3,往上跳（減資／反向分割）,上市日,-3192,5,興櫃期間或新上市
6570,2017-12-11,21.7819,19.4698,18.1313,-16.8,1.1765,-2.1,往下跳（分割／面額變更）,上市日,-3189,1,興櫃期間或新上市
8478,2017-12-11,72.2498,57.6461,55.1097,-23.7,1.3333,1.7,往下跳（分割／面額變更）,上市日,-3189,6,興櫃期間或新上市
4760,2017-12-12,14.508,14.447,16.5283,13.9,0.900009,2.5,往上跳（減資／反向分割）,上市日,-3188,8,興櫃期間或新上市
3543,2017-12-19,15.3373,15.4028,12.2844,-19.9,1.25,0.1,往下跳（分割／面額變更）,上市日,-3181,14,興櫃期間或新上市
3543,2017-12-20,12.2844,13.5419,13.8545,12.8,0.900009,1.5,往上跳（減資／反向分割）,上市日,-3180,14,興櫃期間或新上市
6581,2017-12-21,87.0987,85.2224,96.6981,11.0,0.900009,-0.1,往上跳（減資／反向分割）,上市日,-3179,6,興櫃期間或新上市
6546,2017-12-25,11.9158,11.9158,14.2667,19.7,0.849979,1.8,往上跳（減資／反向分割）,上市日,-3175,3,興櫃期間或新上市
8045,2017-12-29,11.544,11.544,12.9273,12.0,0.900009,0.8,往上跳（減資／反向分割）,上市日,-3171,30,興櫃期間或新上市
3629,2018-01-02,25.1532,30.0314,30.0314,19.4,0.849979,1.5,往上跳（減資／反向分割）,上市日,-3167,6,興櫃期間或新上市
6236,2018-01-02,22.1,17.95,17.95,-18.8,1.25,1.5,往下跳（分割／面額變更）,上市日,-3167,10,興櫃期間或新上市
2743,2018-01-03,13.3046,13.0656,14.7836,11.1,0.900009,0.0,往上跳（減資／反向分割）,上市日,-3166,9,興櫃期間或新上市
6596,2018-01-04,33.8191,29.9222,29.3655,-13.2,1.1765,2.2,往下跳（分割／面額變更）,上市日,-3165,2,興櫃期間或新上市
8028,2018-01-04,26.1264,25.9209,29.5967,13.3,0.900009,2.0,往上跳（減資／反向分割）,上市日,-3165,9,興櫃期間或新上市
4764,2018-01-05,45.2477,45.9906,52.9466,17.0,0.849979,-0.5,往上跳（減資／反向分割）,上市日,-3164,1,興櫃期間或新上市
6498,2018-01-05,6.6884,6.6511,7.8544,17.4,0.849979,-0.2,往上跳（減資／反向分割）,上市日,-3164,50,興櫃期間或新上市
1796,2018-01-08,54.4457,52.7596,61.0319,12.1,0.900009,0.9,往上跳（減資／反向分割）,上市日,-3161,7,興櫃期間或新上市
6617,2018-01-08,69.45,68.72,78.38,12.9,0.900009,1.6,往上跳（減資／反向分割）,上市日,-3161,22,興櫃期間或新上市
6662,2018-01-08,46.3954,45.5616,40.5791,-12.5,1.1111,-2.8,往下跳（分割／面額變更）,上市日,-3161,1,興櫃期間或新上市
8028,2018-01-08,29.4573,29.8608,33.0083,12.1,0.900009,0.9,往上跳（減資／反向分割）,上市日,-3161,9,興櫃期間或新上市
4760,2018-01-15,17.0028,17.0028,14.8402,-12.7,1.1765,2.7,往下跳（分割／面額變更）,上市日,-3154,8,興櫃期間或新上市
4760,2018-01-16,14.8402,14.0741,16.7656,13.0,0.900009,1.7,往上跳（減資／反向分割）,上市日,-3153,8,興櫃期間或新上市
5455,2018-01-16,9.77,8.69,8.69,-11.1,1.1111,-1.2,往下跳（分割／面額變更）,上市日,-3153,34,興櫃期間或新上市
1796,2018-01-22,58.8365,47.4205,45.1373,-23.3,1.3333,2.3,往下跳（分割／面額變更）,上市日,-3147,7,興櫃期間或新上市
4923,2018-01-22,8.1357,8.0154,10.0529,23.6,0.8,-1.1,往上跳（減資／反向分割）,上市日,-3147,45,興櫃期間或新上市
6615,2018-01-22,87.9567,74.5396,74.6224,-15.2,1.1765,-0.2,往下跳（分割／面額變更）,上市日,-3147,4,興櫃期間或新上市
1760,2018-01-23,58.0547,50.903,50.903,-12.3,1.1111,-2.6,往下跳（分割／面額變更）,上市日,-3146,9,興櫃期間或新上市
3150,2018-01-23,4.8562,4.6701,5.5818,14.9,0.849979,-2.3,往上跳（減資／反向分割）,上市日,-3146,47,興櫃期間或新上市
4923,2018-01-23,10.0529,9.1827,12.3804,23.2,0.8,-1.5,往上跳（減資／反向分割）,上市日,-3146,45,興櫃期間或新上市
4923,2018-01-24,12.3804,11.39,10.8948,-12.0,1.1111,-2.2,往下跳（分割／面額變更）,上市日,-3145,45,興櫃期間或新上市
6588,2018-01-24,83.3715,83.2562,99.425,19.3,0.849979,1.4,往上跳（減資／反向分割）,上市日,-3145,21,興櫃期間或新上市
4967,2018-01-25,22.8537,22.8233,25.4537,11.4,0.900009,0.2,往上跳（減資／反向分割）,上市日,-3144,15,興櫃期間或新上市
8284,2018-01-25,21.0119,20.2282,26.4373,25.8,0.8,0.7,往上跳（減資／反向分割）,上市日,-3144,3,興櫃期間或新上市
3349,2018-01-29,9.1325,9.1325,10.9098,19.5,0.849979,1.5,往上跳（減資／反向分割）,上市日,-3140,16,興櫃期間或新上市
4923,2018-01-29,9.9185,10.1944,11.4183,15.1,0.849979,-2.1,往上跳（減資／反向分割）,上市日,-3140,45,興櫃期間或新上市
5455,2018-01-30,8.6,8.72,10.6,23.3,0.8,-1.4,往上跳（減資／反向分割）,上市日,-3139,34,興櫃期間或新上市
6222,2018-01-31,10.0134,10.0134,8.6646,-13.5,1.1765,1.8,往下跳（分割／面額變更）,上市日,-3138,6,興櫃期間或新上市
6581,2018-01-31,73.0039,76.8462,94.777,29.8,0.750019,-2.6,往上跳（減資／反向分割）,上市日,-3138,6,興櫃期間或新上市
1563,2018-02-01,55.8061,55.5352,64.5653,15.7,0.849979,-1.7,往上跳（減資／反向分割）,上市日,-3129,4,興櫃期間或新上市
2630,2018-02-02,22.5132,22.582,25.0147,11.1,0.900009,0.0,往上跳（減資／反向分割）,上市日,-3136,3,興櫃期間或新上市
5455,2018-02-02,10.6,10.2,9.41,-11.2,1.1111,-1.4,往下跳（分割／面額變更）,上市日,-3136,34,興櫃期間或新上市
6474,2018-02-02,50.15,45.8703,39.9887,-20.3,1.25,-0.3,往下跳（分割／面額變更）,上市日,-3136,7,興櫃期間或新上市
4923,2018-02-06,10.541,10.2722,9.2322,-12.4,1.1111,-2.7,往下跳（分割／面額變更）,上市日,-3132,45,興櫃期間或新上市
4923,2018-02-12,10.2722,9.6921,12.0125,16.9,0.849979,-0.6,往上跳（減資／反向分割）,上市日,-3126,45,興櫃期間或新上市
3168,2018-02-21,11.9957,11.6375,13.7035,14.2,0.900009,2.8,往上跳（減資／反向分割）,上市日,-3117,16,興櫃期間或新上市
2241,2018-02-22,36.6134,36.6231,41.4213,13.1,0.900009,1.8,往上跳（減資／反向分割）,上市日,-3116,9,興櫃期間或新上市
2630,2018-02-22,24.0766,20.8247,20.8247,-13.5,1.1765,1.8,往下跳（分割／面額變更）,上市日,-3116,3,興櫃期間或新上市
8045,2018-02-22,12.145,11.8302,13.557,11.6,0.900009,0.5,往上跳（減資／反向分割）,上市日,-3116,30,興櫃期間或新上市
3430,2018-02-23,17.9101,17.9101,20.4687,14.3,0.900009,2.9,往上跳（減資／反向分割）,上市日,-3115,14,興櫃期間或新上市
4760,2018-02-23,18.0536,18.0536,20.0671,11.2,0.900009,0.0,往上跳（減資／反向分割）,上市日,-3115,8,興櫃期間或新上市
8045,2018-02-23,13.557,13.309,15.4079,13.7,0.900009,2.3,往上跳（減資／反向分割）,上市日,-3115,30,興櫃期間或新上市
4931,2018-02-26,10.0685,9.988,11.9211,18.4,0.849979,0.6,往上跳（減資／反向分割）,上市日,-3112,7,興櫃期間或新上市
6498,2018-02-26,8.4328,8.3581,10.6809,26.7,0.8,1.3,往上跳（減資／反向分割）,上市日,-3112,50,興櫃期間或新上市
6651,2018-02-26,30.6844,30.4204,35.4222,15.4,0.849979,-1.9,往上跳（減資／反向分割）,上市日,-3112,9,興櫃期間或新上市
6498,2018-02-27,10.6809,9.7107,9.4496,-11.5,1.1111,-1.7,往下跳（分割／面額變更）,上市日,-3111,50,興櫃期間或新上市
3150,2018-03-05,5.2097,5.3027,5.8144,11.6,0.900009,0.4,往上跳（減資／反向分割）,上市日,-3105,47,興櫃期間或新上市
6527,2018-03-05,19.2221,19.2899,22.5965,17.6,0.849979,-0.1,往上跳（減資／反向分割）,上市日,-3105,6,興櫃期間或新上市
6103,2018-03-06,83.1055,98.1561,98.1561,18.1,0.849979,0.4,往上跳（減資／反向分割）,上市日,-3104,33,興櫃期間或新上市
6527,2018-03-06,22.5965,21.9939,25.3608,12.2,0.900009,1.0,往上跳（減資／反向分割）,上市日,-3104,6,興櫃期間或新上市
6498,2018-03-20,9.888,9.86,11.6604,17.9,0.849979,0.2,往上跳（減資／反向分割）,上市日,-3090,50,興櫃期間或新上市
5244,2018-03-21,8.151,8.2488,11.2484,38.0,0.699986,-3.4,往上跳（減資／反向分割）,上市日,-3089,10,興櫃期間或新上市
8497,2018-03-23,49.6934,41.4111,42.2393,-15.0,1.1765,0.0,往下跳（分割／面額變更）,上市日,-2744,2,興櫃期間或新上市
6498,2018-03-27,10.8488,10.6436,12.2667,13.1,0.900009,1.8,往上跳（減資／反向分割）,上市日,-3083,50,興櫃期間或新上市
4540,2018-03-28,87.6034,86.9599,100.7083,15.0,0.849979,-2.3,往上跳（減資／反向分割）,上市日,-3082,5,興櫃期間或新上市
2237,2018-03-29,16.06,15.94,18.0,12.1,0.900009,0.9,往上跳（減資／反向分割）,上市日,-3081,31,興櫃期間或新上市
6617,2018-03-29,64.5,64.35,74.48,15.5,0.849979,-1.9,往上跳（減資／反向分割）,上市日,-3081,22,興櫃期間或新上市
2237,2018-03-30,18.0,17.32,24.0,33.3,0.750019,0.0,往上跳（減資／反向分割）,上市日,-3080,31,興櫃期間或新上市
6498,2018-03-30,12.3413,11.9495,13.9924,13.4,0.900009,2.0,往上跳（減資／反向分割）,上市日,-3080,50,興櫃期間或新上市
2237,2018-04-02,24.0,24.16,20.4,-15.0,1.1765,0.0,往下跳（分割／面額變更）,上市日,-3077,31,興櫃期間或新上市
8440,2018-04-02,15.0856,15.2157,19.1821,27.2,0.8,1.7,往上跳（減資／反向分割）,上市日,-3077,8,興櫃期間或新上市
3543,2018-04-03,10.1401,10.1546,11.3395,11.8,0.900009,0.6,往上跳（減資／反向分割）,上市日,-3076,14,興櫃期間或新上市
4169,2018-04-09,21.3728,21.3029,24.6786,15.5,0.849979,-1.9,往上跳（減資／反向分割）,上市日,-3070,25,興櫃期間或新上市
6547,2018-04-09,25.4337,24.9736,28.5117,12.1,0.900009,0.9,往上跳（減資／反向分割）,上市日,-3070,5,興櫃期間或新上市
6612,2018-04-09,37.405,37.4407,44.4586,18.9,0.849979,1.0,往上跳（減資／反向分割）,上市日,-3070,2,興櫃期間或新上市
1780,2018-04-10,21.8,21.34,24.2,11.0,0.900009,-0.1,往上跳（減資／反向分割）,上市日,-3069,11,興櫃期間或新上市
4923,2018-04-11,14.4674,14.2056,17.9693,24.2,0.8,-0.6,往上跳（減資／反向分割）,上市日,-3068,45,興櫃期間或新上市
6651,2018-04-11,37.3743,36.0127,43.0638,15.2,0.849979,-2.1,往上跳（減資／反向分割）,上市日,-3068,9,興櫃期間或新上市
5244,2018-04-12,12.0635,11.7048,13.8567,14.9,0.849979,-2.4,往上跳（減資／反向分割）,上市日,-3067,10,興櫃期間或新上市
4951,2018-04-13,9.5657,9.5402,11.0877,15.9,0.849979,-1.5,往上跳（減資／反向分割）,上市日,-3066,18,興櫃期間或新上市
4949,2018-04-16,5.0866,5.0486,6.1895,21.7,0.8,-2.7,往上跳（減資／反向分割）,上市日,-3063,20,興櫃期間或新上市
4949,2018-04-17,6.1895,5.6096,7.0357,13.7,0.900009,2.3,往上跳（減資／反向分割）,上市日,-3062,20,興櫃期間或新上市
5468,2018-04-17,15.0195,15.0195,17.9894,19.8,0.849979,1.8,往上跳（減資／反向分割）,上市日,-3062,7,興櫃期間或新上市
4949,2018-04-18,7.0357,7.0928,8.5569,21.6,0.8,-2.7,往上跳（減資／反向分割）,上市日,-3061,20,興櫃期間或新上市
3357,2018-04-19,22.9413,23.1937,26.0011,13.3,0.900009,2.0,往上跳（減資／反向分割）,上市日,-3060,9,興櫃期間或新上市
6669,2018-04-19,61.2326,60.0467,68.1325,11.3,0.900009,0.1,往上跳（減資／反向分割）,上市日,-3060,12,興櫃期間或新上市
5468,2018-04-24,16.2074,12.4738,13.0678,-19.4,1.25,0.8,往下跳（分割／面額變更）,上市日,-3055,7,興櫃期間或新上市
4961,2018-04-30,24.545,24.6525,30.3145,23.5,0.8,-1.2,往上跳（減資／反向分割）,上市日,-3049,5,興櫃期間或新上市
6498,2018-04-30,10.4943,10.541,11.6604,11.1,0.900009,0.0,往上跳（減資／反向分割）,上市日,-3049,50,興櫃期間或新上市
6272,2018-05-02,4.8643,4.8926,5.7599,18.4,0.849979,0.6,往上跳（減資／反向分割）,上市日,-3047,67,興櫃期間或新上市
3530,2018-05-03,156.7567,156.1066,179.0144,14.2,0.900009,2.8,往上跳（減資／反向分割）,上市日,-3046,15,興櫃期間或新上市
6654,2018-05-03,61.6442,62.2946,72.6115,17.8,0.849979,0.1,往上跳（減資／反向分割）,上市日,-3046,6,興櫃期間或新上市
6588,2018-05-07,70.8569,70.8658,62.0852,-12.4,1.1111,-2.6,往下跳（分割／面額變更）,上市日,-3042,21,興櫃期間或新上市
6288,2018-05-09,21.4896,19.6377,19.0348,-11.4,1.1111,-1.6,往下跳（分割／面額變更）,上市日,-2779,9,興櫃期間或新上市
2237,2018-05-11,20.5,20.65,23.59,15.1,0.849979,-2.2,往上跳（減資／反向分割）,上市日,-3038,31,興櫃期間或新上市
6103,2018-05-14,60.8568,66.7461,70.6724,16.1,0.849979,-1.3,往上跳（減資／反向分割）,上市日,-3035,33,興櫃期間或新上市
6669,2018-05-15,77.2355,76.9734,87.1871,12.9,0.900009,1.6,往上跳（減資／反向分割）,上市日,-3034,12,興櫃期間或新上市
6654,2018-05-16,71.1744,71.6282,79.4189,11.6,0.900009,0.4,往上跳（減資／反向分割）,上市日,-3033,6,興櫃期間或新上市
6669,2018-05-16,87.1871,84.5947,99.3858,14.0,0.900009,2.6,往上跳（減資／反向分割）,上市日,-3033,12,興櫃期間或新上市
6651,2018-05-17,39.7015,39.5,44.0989,11.1,0.900009,-0.0,往上跳（減資／反向分割）,上市日,-3032,9,興櫃期間或新上市
6654,2018-05-17,79.4189,72.9519,93.7899,18.1,0.849979,0.4,往上跳（減資／反向分割）,上市日,-3032,6,興櫃期間或新上市
6674,2018-05-18,34.5762,34.477,39.4566,14.1,0.900009,2.7,往上跳（減資／反向分割）,上市日,-3031,2,興櫃期間或新上市
6291,2018-05-24,26.9461,26.1763,23.9051,-11.3,1.1111,-1.4,往下跳（分割／面額變更）,上市日,-3025,27,興櫃期間或新上市
3357,2018-05-28,29.5276,28.9462,37.8657,28.2,0.8,2.6,往上跳（減資／反向分割）,上市日,-3021,9,興櫃期間或新上市
4923,2018-05-28,21.5702,21.0042,24.1948,12.2,0.900009,1.0,往上跳（減資／反向分割）,上市日,-3021,45,興櫃期間或新上市
6642,2018-05-29,25.0407,25.0194,29.0529,16.0,0.849979,-1.4,往上跳（減資／反向分割）,上市日,-3020,1,興櫃期間或新上市
6669,2018-05-29,106.156,104.7729,118.0693,11.2,0.900009,0.1,往上跳（減資／反向分割）,上市日,-3020,12,興櫃期間或新上市
6679,2018-05-29,63.5455,63.4366,75.4499,18.7,0.849979,0.9,往上跳（減資／反向分割）,上市日,-3020,3,興櫃期間或新上市
4923,2018-05-30,25.6805,25.539,30.5619,19.0,0.849979,1.2,往上跳（減資／反向分割）,上市日,-3019,45,興櫃期間或新上市
6597,2018-05-30,33.8536,33.825,38.2279,12.9,0.900009,1.6,往上跳（減資／反向分割）,上市日,-3019,34,興櫃期間或新上市
6576,2018-05-31,60.4478,60.0701,68.0983,12.7,0.900009,1.4,往上跳（減資／反向分割）,上市日,-3018,3,興櫃期間或新上市
6667,2018-06-01,30.4173,30.4109,33.9469,11.6,0.900009,0.4,往上跳（減資／反向分割）,上市日,-3017,2,興櫃期間或新上市
4967,2018-06-04,30.5424,30.4311,34.0124,11.4,0.900009,0.2,往上跳（減資／反向分割）,上市日,-3014,15,興櫃期間或新上市
6645,2018-06-04,23.5777,23.662,26.9834,14.4,0.849979,-2.7,往上跳（減資／反向分割）,上市日,-3014,53,興櫃期間或新上市
6667,2018-06-04,33.9469,32.0142,38.9087,14.6,0.849979,-2.6,往上跳（減資／反向分割）,上市日,-3014,2,興櫃期間或新上市
1780,2018-06-05,22.24,22.2,19.35,-13.0,1.1765,2.4,往下跳（分割／面額變更）,上市日,-3013,11,興櫃期間或新上市
3430,2018-06-05,21.7991,21.7053,26.3449,20.9,0.849979,2.7,往上跳（減資／反向分割）,上市日,-3013,14,興櫃期間或新上市
6561,2018-06-05,159.7632,148.6493,141.703,-11.3,1.1111,-1.5,往下跳（分割／面額變更）,上市日,-3013,1,興櫃期間或新上市
6684,2018-06-05,71.5114,70.1063,79.8753,11.7,0.900009,0.5,往上跳（減資／反向分割）,上市日,-3013,22,興櫃期間或新上市
4967,2018-06-06,34.9937,34.5688,39.4856,12.8,0.900009,1.6,往上跳（減資／反向分割）,上市日,-3012,15,興櫃期間或新上市
4931,2018-06-07,16.5123,16.6332,18.526,12.2,0.900009,1.0,往上跳（減資／反向分割）,上市日,-3011,7,興櫃期間或新上市
3357,2018-06-11,41.048,40.153,45.8978,11.8,0.900009,0.6,往上跳（減資／反向分割）,上市日,-3007,9,興櫃期間或新上市
4561,2018-06-11,34.6496,33.2878,41.0802,18.6,0.849979,0.8,往上跳（減資／反向分割）,上市日,-3007,5,興櫃期間或新上市
4923,2018-06-11,32.5428,31.2481,41.0322,26.1,0.8,0.9,往上跳（減資／反向分割）,上市日,-3007,45,興櫃期間或新上市
5228,2018-06-11,15.4474,15.4474,19.3334,25.2,0.8,0.1,往上跳（減資／反向分割）,上市日,-3007,9,興櫃期間或新上市
6498,2018-06-11,15.8394,15.1491,18.5446,17.1,0.849979,-0.5,往上跳（減資／反向分割）,上市日,-3007,50,興櫃期間或新上市
1780,2018-06-12,17.79,17.71,20.9,17.5,0.849979,-0.1,往上跳（減資／反向分割）,上市日,-3006,11,興櫃期間或新上市
6669,2018-06-12,133.2704,132.2013,154.3257,15.8,0.849979,-1.6,往上跳（減資／反向分割）,上市日,-3006,12,興櫃期間或新上市
6588,2018-06-13,60.3113,60.6395,67.0609,11.2,0.900009,0.1,往上跳（減資／反向分割）,上市日,-3005,21,興櫃期間或新上市
6668,2018-06-13,103.9135,102.7219,120.0686,15.5,0.849979,-1.8,往上跳（減資／反向分割）,上市日,-3005,2,興櫃期間或新上市
6649,2018-06-15,49.4341,49.1636,54.8718,11.0,0.900009,-0.1,往上跳（減資／反向分割）,上市日,-3003,3,興櫃期間或新上市
8438,2018-06-21,14.7593,14.7593,16.8678,14.3,0.900009,2.9,往上跳（減資／反向分割）,上市日,-2997,8,興櫃期間或新上市
3150,2018-06-26,6.0935,6.0004,7.4424,22.1,0.8,-2.3,往上跳（減資／反向分割）,上市日,-2992,47,興櫃期間或新上市
3150,2018-06-27,7.4424,7.1633,8.2983,11.5,0.900009,0.4,往上跳（減資／反向分割）,上市日,-2991,47,興櫃期間或新上市
3150,2018-06-28,8.2983,8.1959,7.1633,-13.7,1.1765,1.6,往下跳（分割／面額變更）,上市日,-2990,47,興櫃期間或新上市
6576,2018-06-29,64.2258,56.6699,54.9698,-14.4,1.1765,0.7,往下跳（分割／面額變更）,上市日,-2989,3,興櫃期間或新上市
6498,2018-07-02,20.8114,19.5614,18.47,-11.3,1.1111,-1.4,往下跳（分割／面額變更）,上市日,-2986,50,興櫃期間或新上市
8934,2018-07-03,35.05,38.05,42.4,21.0,0.849979,2.8,往上跳（減資／反向分割）,上市日,-871,5,興櫃期間或新上市
6291,2018-07-04,22.7502,19.5167,19.5167,-14.2,1.1765,0.9,往下跳（分割／面額變更）,上市日,-2984,27,興櫃期間或新上市
6597,2018-07-04,40.6053,40.5577,50.4,24.1,0.8,-0.7,往上跳（減資／反向分割）,上市日,-2984,34,興櫃期間或新上市
3150,2018-07-09,6.6982,6.7168,7.4424,11.1,0.900009,0.0,往上跳（減資／反向分割）,上市日,-2979,47,興櫃期間或新上市
3485,2018-07-11,19.7656,19.9609,17.5781,-11.1,1.1111,-1.2,往下跳（分割／面額變更）,上市日,-2977,28,興櫃期間或新上市
8028,2018-07-11,30.5945,30.5945,36.684,19.9,0.849979,1.9,往上跳（減資／反向分割）,上市日,-2977,9,興櫃期間或新上市
6612,2018-07-18,49.1609,49.5171,60.5605,23.2,0.8,-1.4,往上跳（減資／反向分割）,上市日,-2970,2,興櫃期間或新上市
6620,2018-07-18,26.4547,26.151,30.3152,14.6,0.849979,-2.6,往上跳（減資／反向分割）,上市日,-2970,41,興櫃期間或新上市
6669,2018-07-18,121.5491,121.9332,106.2624,-12.6,1.1765,2.9,往下跳（分割／面額變更）,上市日,-2970,12,興櫃期間或新上市
5468,2018-07-19,14.3123,14.6517,15.9811,11.7,0.900009,0.5,往上跳（減資／反向分割）,上市日,-2969,7,興櫃期間或新上市
3530,2018-07-20,135.8262,138.0528,152.7488,12.5,0.900009,1.2,往上跳（減資／反向分割）,上市日,-2968,15,興櫃期間或新上市
8104,2018-07-23,109.0232,108.5654,80.369,-26.3,1.3333,-1.7,往下跳（分割／面額變更）,上市日,-2965,2,興櫃期間或新上市
5468,2018-07-27,13.0395,13.8598,14.6517,12.4,0.900009,1.1,往上跳（減資／反向分割）,上市日,-2961,7,興櫃期間或新上市
4949,2018-08-09,5.7046,5.7046,4.7539,-16.7,1.1765,-2.0,往下跳（分割／面額變更）,上市日,-2948,20,興櫃期間或新上市
6649,2018-08-09,49.2569,50.3948,55.4967,12.7,0.900009,1.4,往上跳（減資／反向分割）,上市日,-2948,3,興櫃期間或新上市
6657,2018-08-10,33.6287,31.4528,39.0687,16.2,0.849979,-1.3,往上跳（減資／反向分割）,上市日,-2947,17,興櫃期間或新上市
6654,2018-08-13,74.8806,74.5176,66.1294,-11.7,1.1111,-1.9,往下跳（分割／面額變更）,上市日,-2944,6,興櫃期間或新上市
4540,2018-08-15,112.5174,104.3519,99.5691,-11.5,1.1111,-1.7,往下跳（分割／面額變更）,上市日,-2942,5,興櫃期間或新上市
5244,2018-08-15,9.1291,9.0721,10.3925,13.8,0.900009,2.5,往上跳（減資／反向分割）,上市日,-2942,10,興櫃期間或新上市
6654,2018-08-17,68.2775,65.0554,76.6354,12.2,0.900009,1.0,往上跳（減資／反向分割）,上市日,-2940,6,興櫃期間或新上市
5468,2018-08-24,13.3789,12.1626,11.7667,-12.1,1.1111,-2.3,往下跳（分割／面額變更）,上市日,-2933,7,興櫃期間或新上市
6637,2018-08-27,34.7184,34.8882,29.3706,-15.4,1.1765,-0.5,往下跳（分割／面額變更）,上市日,-2930,12,興櫃期間或新上市
5455,2018-08-31,13.15,15.0,15.4,17.1,0.849979,-0.5,往上跳（減資／反向分割）,上市日,-2926,34,興櫃期間或新上市
5468,2018-08-31,13.2941,13.0112,14.8497,11.7,0.900009,0.5,往上跳（減資／反向分割）,上市日,-2926,7,興櫃期間或新上市
3150,2018-09-10,7.7215,7.861,8.7076,12.8,0.900009,1.5,往上跳（減資／反向分割）,上市日,-2916,47,興櫃期間或新上市
6684,2018-09-10,40.565,39.9795,34.9611,-13.8,1.1765,1.4,往下跳（分割／面額變更）,上市日,-2916,22,興櫃期間或新上市
8089,2018-09-10,40.7328,40.6735,35.0365,-14.0,1.1765,1.2,往下跳（分割／面額變更）,上市日,-2916,14,興櫃期間或新上市
6103,2018-09-11,70.6724,86.3773,86.3773,22.2,0.8,-2.2,往上跳（減資／反向分割）,上市日,-2915,33,興櫃期間或新上市
6664,2018-09-12,46.4556,43.4477,40.9076,-11.9,1.1111,-2.2,往下跳（分割／面額變更）,上市日,-2914,1,興櫃期間或新上市
6144,2018-09-13,18.1462,20.2474,20.2474,11.6,0.900009,0.4,往上跳（減資／反向分割）,上市日,-2913,4,興櫃期間或新上市
6655,2018-09-13,40.974,41.1529,47.6106,16.2,0.849979,-1.2,往上跳（減資／反向分割）,上市日,-2913,3,興櫃期間或新上市
6669,2018-09-13,78.11,79.9005,67.7952,-13.2,1.1765,2.1,往下跳（分割／面額變更）,上市日,-2913,12,興櫃期間或新上市
8089,2018-09-13,32.2292,32.6736,36.518,13.3,0.900009,2.0,往上跳（減資／反向分割）,上市日,-2913,14,興櫃期間或新上市
4166,2018-09-14,16.0,16.04,18.6,16.3,0.849979,-1.2,往上跳（減資／反向分割）,上市日,-2912,25,興櫃期間或新上市
5468,2018-09-18,12.7283,11.9364,11.0595,-13.1,1.1765,2.2,往下跳（分割／面額變更）,上市日,-2908,7,興櫃期間或新上市
6103,2018-09-18,88.3404,106.6629,106.6629,20.7,0.849979,2.6,往上跳（減資／反向分割）,上市日,-2908,33,興櫃期間或新上市
6418,2018-09-25,18.6625,18.2815,21.6563,16.0,0.849979,-1.4,往上跳（減資／反向分割）,上市日,-2901,7,興櫃期間或新上市
6692,2018-09-26,29.6046,29.3695,26.2088,-11.5,1.1111,-1.6,往下跳（分割／面額變更）,上市日,-2900,8,興櫃期間或新上市
3349,2018-10-01,8.2849,7.9568,9.8435,18.8,0.849979,1.0,往上跳（減資／反向分割）,上市日,-2895,16,興櫃期間或新上市
6598,2018-10-01,40.544,38.8438,46.1398,13.8,0.900009,2.4,往上跳（減資／反向分割）,上市日,-2895,21,興櫃期間或新上市
6697,2018-10-01,26.7449,27.871,23.0273,-13.9,1.1765,1.3,往下跳（分割／面額變更）,上市日,-2895,9,興櫃期間或新上市
3150,2018-10-03,8.7448,8.4564,9.9821,14.1,0.900009,2.7,往上跳（減資／反向分割）,上市日,-2893,47,興櫃期間或新上市
3349,2018-10-03,9.9711,9.8252,8.6221,-13.5,1.1765,1.7,往下跳（分割／面額變更）,上市日,-2893,16,興櫃期間或新上市
6617,2018-10-04,71.28,67.44,80.0,12.2,0.900009,1.0,往上跳（減資／反向分割）,上市日,-2892,22,興櫃期間或新上市
6637,2018-10-04,30.559,30.559,34.8457,14.0,0.900009,2.6,往上跳（減資／反向分割）,上市日,-2892,12,興櫃期間或新上市
6144,2018-10-05,20.1519,17.917,17.8979,-11.2,1.1111,-1.3,往下跳（分割／面額變更）,上市日,-2891,4,興櫃期間或新上市
8291,2018-10-05,55.1868,44.7421,44.7421,-18.9,1.25,1.3,往下跳（分割／面額變更）,上市日,-2891,4,興櫃期間或新上市
6669,2018-10-08,64.3491,64.3413,56.3904,-12.4,1.1111,-2.6,往下跳（分割／面額變更）,上市日,-2888,12,興櫃期間或新上市
3150,2018-10-09,9.8612,9.7681,8.5588,-13.2,1.1765,2.1,往下跳（分割／面額變更）,上市日,-2887,47,興櫃期間或新上市
6679,2018-10-09,64.5515,64.7276,57.0066,-11.7,1.1111,-1.9,往下跳（分割／面額變更）,上市日,-2887,3,興櫃期間或新上市
3150,2018-10-11,8.5588,8.6797,7.5354,-12.0,1.1111,-2.2,往下跳（分割／面額變更）,上市日,-2885,47,興櫃期間或新上市
3543,2018-10-11,10.9033,10.8961,9.4495,-13.3,1.1765,2.0,往下跳（分割／面額變更）,上市日,-2885,14,興櫃期間或新上市
6643,2018-10-11,155.8345,154.9701,135.7558,-12.9,1.1765,2.5,往下跳（分割／面額變更）,上市日,-2885,2,興櫃期間或新上市
6651,2018-10-11,33.6924,34.6303,29.955,-11.1,1.1111,-1.2,往下跳（分割／面額變更）,上市日,-2885,9,興櫃期間或新上市
6657,2018-10-11,47.4759,47.6143,41.5414,-12.5,1.1111,-2.8,往下跳（分割／面額變更）,上市日,-2885,17,興櫃期間或新上市
6669,2018-10-11,59.6834,59.3487,49.8979,-16.4,1.1765,-1.6,往下跳（分割／面額變更）,上市日,-2885,12,興櫃期間或新上市
6697,2018-10-11,21.5114,21.5114,19.1004,-11.2,1.1111,-1.3,往下跳（分割／面額變更）,上市日,-2885,9,興櫃期間或新上市
8089,2018-10-11,40.4439,40.5994,35.7106,-11.7,1.1111,-1.9,往下跳（分割／面額變更）,上市日,-2885,14,興櫃期間或新上市
1563,2018-10-12,46.1258,46.5773,52.7268,14.3,0.849979,-2.8,往上跳（減資／反向分割）,上市日,-2876,4,興櫃期間或新上市
2429,2018-10-12,12.4069,10.9263,10.8242,-12.8,1.1765,2.6,往下跳（分割／面額變更）,上市日,-2884,5,興櫃期間或新上市
6669,2018-10-12,49.8979,50.0562,58.9049,18.1,0.849979,0.3,往上跳（減資／反向分割）,上市日,-2884,12,興櫃期間或新上市
4195,2018-10-19,16.8,16.8,14.91,-11.3,1.1111,-1.4,往下跳（分割／面額變更）,上市日,-2877,34,興櫃期間或新上市
3349,2018-10-29,6.38,6.38,7.2915,14.3,0.900009,2.9,往上跳（減資／反向分割）,上市日,-2867,16,興櫃期間或新上市
4767,2018-10-29,14.8515,12.86,12.7925,-13.9,1.1765,1.3,往下跳（分割／面額變更）,上市日,-2867,1,興櫃期間或新上市
6703,2018-10-30,51.1997,51.1864,45.2411,-11.6,1.1111,-1.8,往下跳（分割／面額變更）,上市日,-2866,4,興櫃期間或新上市
5259,2018-10-31,7.9,7.95,6.9,-12.7,1.1765,2.8,往下跳（分割／面額變更）,上市日,-2811,1,興櫃期間或新上市
5222,2018-11-01,34.2997,34.3058,39.2731,14.5,0.849979,-2.7,往上跳（減資／反向分割）,上市日,-2864,15,興櫃期間或新上市
2718,2018-11-06,15.7053,13.9152,13.8477,-11.8,1.1111,-2.0,往下跳（分割／面額變更）,上市日,-2859,5,興櫃期間或新上市
6698,2018-11-07,32.9012,32.547,36.7878,11.8,0.900009,0.6,往上跳（減資／反向分割）,上市日,-2858,3,興櫃期間或新上市
5228,2018-11-08,14.5967,14.5967,12.5377,-14.1,1.1765,1.1,往下跳（分割／面額變更）,上市日,-2857,9,興櫃期間或新上市
6669,2018-11-14,60.0726,60.1271,67.079,11.7,0.900009,0.5,往上跳（減資／反向分割）,上市日,-2851,12,興櫃期間或新上市
3150,2018-11-15,6.6051,6.94,7.4052,12.1,0.900009,0.9,往上跳（減資／反向分割）,上市日,-2850,47,興櫃期間或新上市
6669,2018-11-15,67.079,64.5152,76.291,13.7,0.900009,2.4,往上跳（減資／反向分割）,上市日,-2850,12,興櫃期間或新上市
6684,2018-11-15,22.5826,22.5826,25.9699,15.0,0.849979,-2.3,往上跳（減資／反向分割）,上市日,-2850,22,興櫃期間或新上市
6225,2018-11-19,17.1799,14.0016,14.0016,-18.5,1.25,1.9,往下跳（分割／面額變更）,上市日,-2846,4,興櫃期間或新上市
6620,2018-11-19,16.5881,16.5881,19.0278,14.7,0.849979,-2.5,往上跳（減資／反向分割）,上市日,-2846,41,興櫃期間或新上市
8291,2018-11-19,36.6677,39.2604,47.557,29.7,0.750019,-2.7,往上跳（減資／反向分割）,上市日,-2846,4,興櫃期間或新上市
6620,2018-11-20,19.0278,17.8912,22.0456,15.9,0.849979,-1.5,往上跳（減資／反向分割）,上市日,-2845,41,興櫃期間或新上市
4923,2018-11-21,21.1174,21.0821,24.0534,13.9,0.900009,2.5,往上跳（減資／反向分割）,上市日,-2844,45,興櫃期間或新上市
6698,2018-11-22,46.1362,46.3972,52.0081,12.7,0.900009,1.5,往上跳（減資／反向分割）,上市日,-2843,3,興櫃期間或新上市
6222,2018-11-23,17.847,16.3484,15.6672,-12.2,1.1111,-2.5,往下跳（分割／面額變更）,上市日,-2842,6,興櫃期間或新上市
2718,2018-11-28,13.5099,14.7526,15.225,12.7,0.900009,1.4,往上跳（減資／反向分割）,上市日,-2837,5,興櫃期間或新上市
6655,2018-11-28,41.6896,34.9144,34.6836,-16.8,1.1765,-2.1,往下跳（分割／面額變更）,上市日,-2837,3,興櫃期間或新上市
1418,2018-11-29,8.2,7.55,7.2,-12.2,1.1111,-2.4,往下跳（分割／面額變更）,上市日,-2836,5,興櫃期間或新上市
4766,2018-11-29,64.8752,69.0162,77.6432,19.7,0.849979,1.7,往上跳（減資／反向分割）,上市日,-2836,1,興櫃期間或新上市
6643,2018-11-30,142.9012,140.2673,158.6981,11.1,0.900009,-0.1,往上跳（減資／反向分割）,上市日,-2835,2,興櫃期間或新上市
6674,2018-12-03,35.4034,37.3059,41.8554,18.2,0.849979,0.5,往上跳（減資／反向分割）,上市日,-2832,2,興櫃期間或新上市
6706,2018-12-03,43.3331,43.171,48.6434,12.3,0.900009,1.0,往上跳（減資／反向分割）,上市日,-2832,3,興櫃期間或新上市
6516,2018-12-04,75.1247,74.852,89.9583,19.7,0.849979,1.8,往上跳（減資／反向分割）,上市日,-2831,14,興櫃期間或新上市
6236,2018-12-05,25.0,19.9,19.9,-20.4,1.25,-0.5,往下跳（分割／面額變更）,上市日,-2830,10,興櫃期間或新上市
6516,2018-12-05,89.9583,81.6898,106.2273,18.1,0.849979,0.4,往上跳（減資／反向分割）,上市日,-2830,14,興櫃期間或新上市
6558,2018-12-05,29.2378,28.2947,35.3684,21.0,0.849979,2.8,往上跳（減資／反向分割）,上市日,-2830,7,興櫃期間或新上市
2429,2018-12-06,11.0794,10.2625,9.7417,-12.1,1.1111,-2.3,往下跳（分割／面額變更）,上市日,-2829,5,興櫃期間或新上市
4419,2018-12-06,11.0,10.3625,12.475,13.4,0.900009,2.1,往上跳（減資／反向分割）,上市日,-2829,17,興櫃期間或新上市
6558,2018-12-06,35.3684,35.8399,39.4239,11.5,0.900009,0.3,往上跳（減資／反向分割）,上市日,-2829,7,興櫃期間或新上市
4538,2018-12-14,14.9955,15.1188,17.4685,16.5,0.849979,-1.0,往上跳（減資／反向分割）,上市日,-2821,5,興櫃期間或新上市
6590,2018-12-14,15.7427,15.3758,20.1003,27.7,0.8,2.1,往上跳（減資／反向分割）,上市日,-2821,4,興櫃期間或新上市
6668,2018-12-14,87.4721,89.7813,98.3714,12.5,0.900009,1.2,往上跳（減資／反向分割）,上市日,-2821,2,興櫃期間或新上市
6716,2018-12-14,22.8028,22.727,25.3513,11.2,0.900009,0.1,往上跳（減資／反向分割）,上市日,-2821,4,興櫃期間或新上市
2070,2018-12-17,33.4233,32.3678,40.108,20.0,0.849979,2.0,往上跳（減資／反向分割）,上市日,-2818,2,興櫃期間或新上市
4419,2018-12-17,13.0625,11.5875,11.5875,-11.3,1.1111,-1.4,往下跳（分割／面額變更）,上市日,-2818,17,興櫃期間或新上市
6620,2018-12-17,28.5123,28.238,32.3336,13.4,0.900009,2.1,往上跳（減資／反向分割）,上市日,-2818,41,興櫃期間或新上市
2070,2018-12-18,40.108,37.2934,34.901,-13.0,1.1765,2.4,往下跳（分割／面額變更）,上市日,-2817,2,興櫃期間或新上市
6590,2018-12-19,20.6648,19.9649,24.0007,16.1,0.849979,-1.3,往上跳（減資／反向分割）,上市日,-2816,4,興櫃期間或新上市
6716,2018-12-19,26.5177,26.5877,32.8278,23.8,0.8,-1.0,往上跳（減資／反向分割）,上市日,-2816,4,興櫃期間或新上市
4542,2018-12-21,19.0478,17.3374,16.7931,-11.8,1.1111,-2.0,往下跳（分割／面額變更）,上市日,-2814,1,興櫃期間或新上市
6590,2018-12-22,22.2735,20.8341,19.6036,-12.0,1.1111,-2.2,往下跳（分割／面額變更）,上市日,-2813,4,興櫃期間或新上市
6259,2018-12-24,15.0657,13.2735,13.2735,-11.9,1.1111,-2.1,往下跳（分割／面額變更）,上市日,-2811,2,興櫃期間或新上市
6590,2018-12-26,16.5104,16.4822,14.5912,-11.6,1.1111,-1.8,往下跳（分割／面額變更）,上市日,-2809,4,興櫃期間或新上市
8934,2018-12-27,33.65,40.5,40.5,20.4,0.849979,2.3,往上跳（減資／反向分割）,上市日,-694,5,興櫃期間或新上市
4195,2019-01-04,12.99,13.0,15.0,15.5,0.849979,-1.8,往上跳（減資／反向分割）,上市日,-2800,34,興櫃期間或新上市
6585,2019-01-04,46.7283,46.4596,41.2721,-11.7,1.1111,-1.9,往下跳（分割／面額變更）,上市日,-2800,5,興櫃期間或新上市
6695,2019-01-07,14.49,14.37,16.1,11.1,0.900009,0.0,往上跳（減資／反向分割）,上市日,-2797,21,興櫃期間或新上市
6291,2019-01-11,18.4774,20.7485,20.7485,12.3,0.900009,1.1,往上跳（減資／反向分割）,上市日,-2793,27,興櫃期間或新上市
4538,2019-01-14,15.6874,15.8723,13.8378,-11.8,1.1111,-2.0,往下跳（分割／面額變更）,上市日,-2790,5,興櫃期間或新上市
4967,2019-01-14,34.5183,30.6537,28.8327,-16.5,1.1765,-1.7,往下跳（分割／面額變更）,上市日,-2790,15,興櫃期間或新上市
6516,2019-01-14,79.9098,79.9337,91.4129,14.4,0.849979,-2.8,往上跳（減資／反向分割）,上市日,-2790,14,興櫃期間或新上市
6649,2019-01-14,48.977,49.5833,56.4295,15.2,0.849979,-2.1,往上跳（減資／反向分割）,上市日,-2790,3,興櫃期間或新上市
6692,2019-01-14,37.5282,36.3005,43.1008,14.8,0.849979,-2.4,往上跳（減資／反向分割）,上市日,-2790,8,興櫃期間或新上市
4538,2019-01-16,13.7693,14.5571,17.6055,27.9,0.8,2.3,往上跳（減資／反向分割）,上市日,-2788,5,興櫃期間或新上市
6550,2019-01-21,30.1601,30.0402,26.7735,-11.2,1.1111,-1.4,往下跳（分割／面額變更）,上市日,-2783,61,興櫃期間或新上市
6679,2019-02-11,62.8749,62.5312,70.6462,12.4,0.900009,1.1,往上跳（減資／反向分割）,上市日,-2762,3,興櫃期間或新上市
6697,2019-02-12,19.6995,19.7068,21.9373,11.4,0.900009,0.2,往上跳（減資／反向分割）,上市日,-2761,9,興櫃期間或新上市
4576,2019-02-13,74.0899,71.7247,89.2878,20.5,0.849979,2.4,往上跳（減資／反向分割）,上市日,-2760,2,興櫃期間或新上市
3349,2019-02-14,9.2055,9.2055,10.4997,14.1,0.900009,2.7,往上跳（減資／反向分割）,上市日,-2759,16,興櫃期間或新上市
6272,2019-02-18,3.7802,3.8462,4.5626,20.7,0.849979,2.6,往上跳（減資／反向分割）,上市日,-2755,67,興櫃期間或新上市
6697,2019-02-18,24.9041,24.7959,30.1015,20.9,0.849979,2.7,往上跳（減資／反向分割）,上市日,-2755,9,興櫃期間或新上市
6418,2019-02-19,20.5288,20.6843,23.4059,14.0,0.900009,2.6,往上跳（減資／反向分割）,上市日,-2754,7,興櫃期間或新上市
6498,2019-02-20,10.9141,10.7742,12.6585,16.0,0.849979,-1.4,往上跳（減資／反向分割）,上市日,-2753,50,興櫃期間或新上市
4951,2019-02-22,11.0537,11.0282,12.7543,15.4,0.849979,-1.9,往上跳（減資／反向分割）,上市日,-2751,18,興櫃期間或新上市
6620,2019-02-22,30.7659,30.8737,35.175,14.3,0.849979,-2.8,往上跳（減資／反向分割）,上市日,-2751,41,興櫃期間或新上市
3168,2019-02-26,14.5781,14.6031,16.6607,14.3,0.900009,2.9,往上跳（減資／反向分割）,上市日,-2747,16,興櫃期間或新上市
6651,2019-03-05,45.6967,45.4744,40.3545,-11.7,1.1111,-1.9,往下跳（分割／面額變更）,上市日,-2740,9,興櫃期間或新上市
6028,2019-03-07,37.68,32.9425,45.7499,21.4,0.8,-2.9,往上跳（減資／反向分割）,上市日,-2738,7,興櫃期間或新上市
8438,2019-03-07,13.4015,13.3762,16.016,19.5,0.849979,1.6,往上跳（減資／反向分割）,上市日,-2738,8,興櫃期間或新上市
6028,2019-03-08,45.7499,40.093,40.1397,-12.3,1.1111,-2.5,往下跳（分割／面額變更）,上市日,-2737,7,興櫃期間或新上市
6716,2019-03-08,24.844,24.6165,27.9932,12.7,0.900009,1.4,往上跳（減資／反向分割）,上市日,-2737,4,興櫃期間或新上市
3158,2019-03-11,39.4993,40.0508,44.3876,12.4,0.900009,1.1,往上跳（減資／反向分割）,上市日,-2734,6,興櫃期間或新上市
2743,2019-03-13,10.0107,9.9849,11.3347,13.2,0.900009,1.9,往上跳（減資／反向分割）,上市日,-2732,9,興櫃期間或新上市
3138,2019-03-14,15.1603,14.9605,18.1142,19.5,0.849979,1.6,往上跳（減資／反向分割）,上市日,-2731,20,興櫃期間或新上市
5455,2019-03-14,31.9,27.0,27.0,-15.4,1.1765,-0.4,往下跳（分割／面額變更）,上市日,-2731,34,興櫃期間或新上市
3138,2019-03-15,18.1142,15.8206,21.0247,16.1,0.849979,-1.3,往上跳（減資／反向分割）,上市日,-2730,20,興櫃期間或新上市
4419,2019-03-15,13.5625,11.0,11.0,-18.9,1.25,1.4,往下跳（分割／面額變更）,上市日,-2730,17,興櫃期間或新上市
6684,2019-03-15,15.8914,15.7743,18.6599,17.4,0.849979,-0.2,往上跳（減資／反向分割）,上市日,-2730,22,興櫃期間或新上市
4169,2019-03-19,20.6238,20.5738,23.3004,13.0,0.900009,1.7,往上跳（減資／反向分割）,上市日,-2726,25,興櫃期間或新上市
3555,2019-03-21,74.0865,68.873,65.5803,-11.5,1.1111,-1.6,往下跳（分割／面額變更）,上市日,-2724,1,興櫃期間或新上市
8284,2019-03-21,27.5291,27.221,33.4904,21.7,0.8,-2.7,往上跳（減資／反向分割）,上市日,-2724,3,興櫃期間或新上市
6637,2019-03-26,36.484,36.4925,42.0186,15.2,0.849979,-2.1,往上跳（減資／反向分割）,上市日,-2719,12,興櫃期間或新上市
3138,2019-03-27,25.7074,25.4642,31.7108,23.4,0.8,-1.3,往上跳（減資／反向分割）,上市日,-2718,20,興櫃期間或新上市
6585,2019-03-27,39.8225,39.7085,44.5703,11.9,0.900009,0.7,往上跳（減資／反向分割）,上市日,-2718,5,興櫃期間或新上市
3288,2019-03-29,14.3211,12.2364,12.2364,-14.6,1.1765,0.5,往下跳（分割／面額變更）,上市日,-2716,5,興櫃期間或新上市
3138,2019-04-01,33.4396,32.6404,29.7039,-11.2,1.1111,-1.3,往下跳（分割／面額變更）,上市日,-2713,20,興櫃期間或新上市
6291,2019-04-01,17.6696,20.4837,20.4837,15.9,0.849979,-1.5,往上跳（減資／反向分割）,上市日,-2713,27,興櫃期間或新上市
8045,2019-04-01,9.4832,9.5118,10.9143,15.1,0.849979,-2.2,往上跳（減資／反向分割）,上市日,-2713,30,興櫃期間或新上市
3485,2019-04-08,14.9121,14.9316,17.2266,15.5,0.849979,-1.8,往上跳（減資／反向分割）,上市日,-2706,28,興櫃期間或新上市
6721,2019-04-09,39.3227,38.5312,44.4793,13.1,0.900009,1.8,往上跳（減資／反向分割）,上市日,-2705,2,興櫃期間或新上市
3138,2019-04-10,29.1044,28.6613,32.7446,12.5,0.900009,1.3,往上跳（減資／反向分割）,上市日,-2704,20,興櫃期間或新上市
6131,2019-04-10,45.3415,11.6156,11.6156,-74.4,4.0,2.5,往下跳（分割／面額變更）,上市日,-2650,1,興櫃期間或新上市
6291,2019-04-10,19.5021,18.0623,16.4917,-15.4,1.1765,-0.5,往下跳（分割／面額變更）,上市日,-2704,27,興櫃期間或新上市
2429,2019-04-16,10.1935,10.4559,11.3178,11.0,0.900009,-0.1,往上跳（減資／反向分割）,上市日,-2698,5,興櫃期間或新上市
4419,2019-04-17,9.6375,9.125,10.975,13.9,0.900009,2.5,往上跳（減資／反向分割）,上市日,-2697,17,興櫃期間或新上市
4931,2019-04-17,16.3512,16.2626,19.4121,18.7,0.849979,0.9,往上跳（減資／反向分割）,上市日,-2697,7,興櫃期間或新上市
6712,2019-04-19,53.0953,53.3377,65.792,23.9,0.8,-0.9,往上跳（減資／反向分割）,上市日,-2695,7,興櫃期間或新上市
6712,2019-04-22,65.792,60.1593,98.1455,49.2,0.649984,-3.0,往上跳（減資／反向分割）,上市日,-2692,7,興櫃期間或新上市
6712,2019-04-26,103.3049,101.9487,123.5042,19.6,0.849979,1.6,往上跳（減資／反向分割）,上市日,-2688,7,興櫃期間或新上市
6689,2019-05-03,163.5263,167.338,183.9342,12.5,0.900009,1.2,往上跳（減資／反向分割）,上市日,-2681,10,興櫃期間或新上市
6516,2019-05-06,110.4047,86.1303,86.3695,-21.8,1.25,-2.2,往下跳（分割／面額變更）,上市日,-2678,14,興櫃期間或新上市
6697,2019-05-09,22.0817,22.2549,25.2651,14.4,0.849979,-2.7,往上跳（減資／反向分割）,上市日,-2675,9,興櫃期間或新上市
6720,2019-05-13,25.0,20.7975,19.1288,-23.5,1.3333,2.0,往下跳（分割／面額變更）,上市日,-2671,27,興櫃期間或新上市
6697,2019-05-15,25.7704,25.6693,29.3075,13.7,0.900009,2.4,往上跳（減資／反向分割）,上市日,-2669,9,興櫃期間或新上市
3349,2019-05-20,9.7797,9.725,10.9645,12.1,0.900009,0.9,往上跳（減資／反向分割）,上市日,-2664,16,興櫃期間或新上市
6697,2019-05-23,27.575,27.575,24.3122,-11.8,1.1111,-2.0,往下跳（分割／面額變更）,上市日,-2661,9,興櫃期間或新上市
6291,2019-05-24,15.7063,13.1541,13.1541,-16.3,1.1765,-1.5,往下跳（分割／面額變更）,上市日,-2660,27,興櫃期間或新上市
3138,2019-05-29,22.3626,22.1975,25.0211,11.9,0.900009,0.7,往上跳（減資／反向分割）,上市日,-2655,20,興櫃期間或新上市
6291,2019-05-30,13.285,14.8556,14.8556,11.8,0.900009,0.6,往上跳（減資／反向分割）,上市日,-2654,27,興櫃期間或新上市
6598,2019-05-31,36.8913,35.7983,42.8328,16.1,0.849979,-1.3,往上跳（減資／反向分割）,上市日,-2653,21,興櫃期間或新上市
6698,2019-05-31,60.3033,58.5417,69.894,15.9,0.849979,-1.5,往上跳（減資／反向分割）,上市日,-2653,3,興櫃期間或新上市
6598,2019-06-03,42.8328,38.5448,37.8255,-11.7,1.1111,-1.9,往下跳（分割／面額變更）,上市日,-2650,21,興櫃期間或新上市
8284,2019-06-05,28.8017,28.8084,32.1642,11.7,0.900009,0.5,往上跳（減資／反向分割）,上市日,-2648,3,興櫃期間或新上市
6236,2019-06-12,13.95,12.3,12.2,-12.5,1.1111,-2.8,往下跳（分割／面額變更）,上市日,-2641,10,興櫃期間或新上市
1475,2019-06-13,4.9551,5.057,5.5509,12.0,0.900009,0.8,往上跳（減資／反向分割）,上市日,-2640,2,興櫃期間或新上市
2752,2019-06-27,97.1261,91.8313,82.4185,-15.1,1.1765,-0.2,往下跳（分割／面額變更）,上市日,-2626,1,興櫃期間或新上市
6589,2019-06-28,31.9441,27.9908,28.3998,-11.1,1.1111,-1.2,往下跳（分割／面額變更）,上市日,-2625,1,興櫃期間或新上市
6598,2019-06-28,36.4055,36.4055,41.9079,15.1,0.849979,-2.2,往上跳（減資／反向分割）,上市日,-2625,21,興櫃期間或新上市
6534,2019-07-02,124.1626,123.9815,103.1498,-16.9,1.1765,-2.3,往下跳（分割／面額變更）,上市日,-2621,19,興櫃期間或新上市
6550,2019-07-02,15.8143,15.2549,17.6525,11.6,0.900009,0.5,往上跳（減資／反向分割）,上市日,-2621,61,興櫃期間或新上市
6550,2019-07-03,17.6525,16.5836,19.9003,12.7,0.900009,1.5,往上跳（減資／反向分割）,上市日,-2620,61,興櫃期間或新上市
6592,2019-07-03,86.6468,85.0856,96.9557,11.9,0.900009,0.7,往上跳（減資／反向分割）,上市日,-2620,3,興櫃期間或新上市
6690,2019-07-04,77.1311,76.5926,85.8629,11.3,0.900009,0.2,往上跳（減資／反向分割）,上市日,-2619,8,興櫃期間或新上市
2945,2019-07-05,105.1424,104.4442,93.1972,-11.4,1.1111,-1.5,往下跳（分割／面額變更）,上市日,-2618,3,興櫃期間或新上市
6691,2019-07-10,84.2259,83.8484,60.3987,-28.3,1.4286,2.4,往下跳（分割／面額變更）,上市日,-2613,6,興櫃期間或新上市
6550,2019-07-15,14.9352,15.0051,17.133,14.7,0.849979,-2.5,往上跳（減資／反向分割）,上市日,-2608,61,興櫃期間或新上市
6637,2019-07-22,47.1118,47.1627,41.1612,-12.6,1.1765,2.8,往下跳（分割／面額變更）,上市日,-2601,12,興櫃期間或新上市
8089,2019-07-24,23.3256,23.7404,20.3997,-12.5,1.1111,-2.8,往下跳（分割／面額變更）,上市日,-2599,14,興櫃期間或新上市
3138,2019-07-25,30.6421,30.6769,34.4822,12.5,0.900009,1.3,往上跳（減資／反向分割）,上市日,-2598,20,興櫃期間或新上市
6697,2019-07-30,25.9869,25.7776,31.1843,20.0,0.849979,2.0,往上跳（減資／反向分割）,上市日,-2593,9,興櫃期間或新上市
2754,2019-08-05,122.5598,120.2404,136.1367,11.1,0.900009,-0.0,往上跳（減資／反向分割）,上市日,-2587,12,興櫃期間或新上市
6692,2019-08-05,53.5495,53.593,44.9816,-16.0,1.1765,-1.2,往下跳（分割／面額變更）,上市日,-2587,8,興櫃期間或新上市
6703,2019-08-05,53.411,54.0554,44.8527,-16.0,1.1765,-1.2,往下跳（分割／面額變更）,上市日,-2587,4,興櫃期間或新上市
6690,2019-08-12,111.3307,111.0105,96.7777,-13.1,1.1765,2.3,往下跳（分割／面額變更）,上市日,-2580,8,興櫃期間或新上市
3138,2019-08-15,37.0277,37.4187,32.1452,-13.2,1.1765,2.1,往下跳（分割／面額變更）,上市日,-2577,20,興櫃期間或新上市
3349,2019-08-16,9.251,9.251,7.7654,-16.1,1.1765,-1.2,往下跳（分割／面額變更）,上市日,-2576,16,興櫃期間或新上市
4931,2019-08-19,25.8559,24.3335,32.1386,24.3,0.8,-0.6,往上跳（減資／反向分割）,上市日,-2573,7,興櫃期間或新上市
6697,2019-08-19,29.9571,30.4408,33.5664,12.0,0.900009,0.8,往上跳（減資／反向分割）,上市日,-2573,9,興櫃期間或新上市
6588,2019-08-20,70.3248,67.6906,83.5489,18.8,0.849979,1.0,往上跳（減資／反向分割）,上市日,-2572,21,興櫃期間或新上市
6588,2019-08-22,79.1143,79.0788,90.4492,14.3,0.849979,-2.8,往上跳（減資／反向分割）,上市日,-2570,21,興櫃期間或新上市
2755,2019-08-27,19.2432,19.27,21.4162,11.3,0.900009,0.2,往上跳（減資／反向分割）,上市日,-2565,6,興櫃期間或新上市
3597,2019-08-29,14.0089,13.8779,12.3424,-11.9,1.1111,-2.1,往下跳（分割／面額變更）,上市日,-2563,3,興櫃期間或新上市
4576,2019-09-04,98.7865,78.8392,85.4883,-13.5,1.1765,1.8,往下跳（分割／面額變更）,上市日,-2557,2,興櫃期間或新上市
6690,2019-09-04,96.7777,98.3858,83.1051,-14.1,1.1765,1.0,往下跳（分割／面額變更）,上市日,-2557,8,興櫃期間或新上市
6690,2019-09-05,83.1051,84.5458,94.5947,13.8,0.900009,2.4,往上跳（減資／反向分割）,上市日,-2556,8,興櫃期間或新上市
6693,2019-09-05,25.1747,25.1927,29.1582,15.8,0.849979,-1.6,往上跳（減資／反向分割）,上市日,-2556,12,興櫃期間或新上市
6695,2019-09-06,20.0,19.14,24.3,21.5,0.8,-2.8,往上跳（減資／反向分割）,上市日,-2555,21,興櫃期間或新上市
6727,2019-09-11,50.1259,49.6447,56.943,13.6,0.900009,2.2,往上跳（減資／反向分割）,上市日,-2550,2,興櫃期間或新上市
5314,2019-09-16,0.2374,0.2442,0.2665,12.2,0.900009,1.0,往上跳（減資／反向分割）,上市日,-2545,1,興櫃期間或新上市
6657,2019-09-16,61.0263,59.9778,67.8509,11.2,0.900009,0.1,往上跳（減資／反向分割）,上市日,-2545,17,興櫃期間或新上市
4931,2019-09-18,26.9433,26.9433,31.4137,16.6,0.849979,-0.9,往上跳（減資／反向分割）,上市日,-2543,7,興櫃期間或新上市
2724,2019-09-23,5.78,6.2,6.78,17.3,0.849979,-0.3,往上跳（減資／反向分割）,上市日,-2538,7,興櫃期間或新上市
6657,2019-09-23,77.3362,75.2789,89.0172,15.1,0.849979,-2.2,往上跳（減資／反向分割）,上市日,-2538,17,興櫃期間或新上市
6695,2019-09-25,21.3,20.77,26.0,22.1,0.8,-2.3,往上跳（減資／反向分割）,上市日,-2536,21,興櫃期間或新上市
6259,2019-09-26,20.1622,17.6419,17.698,-12.2,1.1111,-2.5,往下跳（分割／面額變更）,上市日,-2535,2,興櫃期間或新上市
2755,2019-09-27,23.3367,22.7284,26.7377,14.6,0.849979,-2.6,往上跳（減資／反向分割）,上市日,-2534,6,興櫃期間或新上市
6657,2019-10-01,79.5221,79.0968,89.0074,11.9,0.900009,0.7,往上跳（減資／反向分割）,上市日,-2530,17,興櫃期間或新上市
4582,2019-10-03,23.2514,23.5219,20.2858,-12.8,1.1765,2.6,往下跳（分割／面額變更）,上市日,-2528,18,興櫃期間或新上市
6690,2019-10-07,85.0334,88.7153,94.5947,11.2,0.900009,0.1,往上跳（減資／反向分割）,上市日,-2524,8,興櫃期間或新上市
6747,2019-10-09,86.5162,87.0294,106.3123,22.9,0.8,-1.7,往上跳（減資／反向分割）,上市日,-2243,5,興櫃期間或新上市
1342,2019-10-14,40.3209,40.9583,45.1636,12.0,0.900009,0.8,往上跳（減資／反向分割）,上市日,-2517,3,興櫃期間或新上市
2754,2019-10-14,112.1886,107.7006,97.122,-13.4,1.1765,1.8,往下跳（分割／面額變更）,上市日,-2517,12,興櫃期間或新上市
5364,2019-10-17,17.1133,16.2322,15.1191,-11.7,1.1111,-1.8,往下跳（分割／面額變更）,上市日,-2514,2,興櫃期間或新上市
6550,2019-10-18,12.078,11.9881,10.7493,-11.0,1.1111,-1.1,往下跳（分割／面額變更）,上市日,-2513,61,興櫃期間或新上市
6690,2019-10-22,92.7756,90.7163,138.9815,49.8,0.649984,-2.6,往上跳（減資／反向分割）,上市日,-2509,8,興櫃期間或新上市
3138,2019-10-24,34.8384,34.3258,39.2171,12.6,0.900009,1.3,往上跳（減資／反向分割）,上市日,-2507,20,興櫃期間或新上市
6690,2019-10-24,151.6572,148.9939,124.4212,-18.0,1.25,2.6,往下跳（分割／面額變更）,上市日,-2507,8,興櫃期間或新上市
6735,2019-10-24,36.4639,35.205,49.8976,36.8,0.750019,2.6,往上跳（減資／反向分割）,上市日,-2507,7,興櫃期間或新上市
6747,2019-10-29,92.389,93.2102,103.0056,11.5,0.900009,0.3,往上跳（減資／反向分割）,上市日,-2223,5,興櫃期間或新上市
6754,2019-10-29,30.1954,30.1954,36.1813,19.8,0.849979,1.8,往上跳（減資／反向分割）,上市日,-2502,4,興櫃期間或新上市
6690,2019-10-30,109.1477,94.5947,94.5947,-13.3,1.1765,2.0,往下跳（分割／面額變更）,上市日,-2501,8,興櫃期間或新上市
6597,2019-11-08,19.4468,19.4468,22.3567,15.0,0.849979,-2.3,往上跳（減資／反向分割）,上市日,-2492,34,興櫃期間或新上市
6730,2019-11-11,77.21,70.1527,61.6022,-20.2,1.25,-0.3,往下跳（分割／面額變更）,上市日,-2489,5,興櫃期間或新上市
5205,2019-11-12,24.88,21.4043,21.5293,-13.5,1.1765,1.8,往下跳（分割／面額變更）,上市日,-2488,11,興櫃期間或新上市
2237,2019-11-13,15.02,15.21,19.37,29.0,0.8,3.2,往上跳（減資／反向分割）,上市日,-2487,31,興櫃期間或新上市
5455,2019-11-13,29.0,27.7,25.6,-11.7,1.1111,-1.9,往下跳（分割／面額變更）,上市日,-2487,34,興櫃期間或新上市
6684,2019-11-18,12.8804,12.7131,15.2307,18.2,0.849979,0.5,往上跳（減資／反向分割）,上市日,-2482,22,興櫃期間或新上市
6692,2019-11-18,41.3506,41.5248,45.9219,11.1,0.900009,-0.0,往上跳（減資／反向分割）,上市日,-2482,8,興櫃期間或新上市
6222,2019-11-22,14.9179,14.9179,13.1468,-11.9,1.1111,-2.1,往下跳（分割／面額變更）,上市日,-2478,6,興櫃期間或新上市
6751,2019-11-22,60.7131,48.5234,71.4361,17.7,0.849979,0.0,往上跳（減資／反向分割）,上市日,-2478,13,興櫃期間或新上市
8487,2019-11-25,16.2787,15.5949,18.9056,16.1,0.849979,-1.3,往上跳（減資／反向分割）,上市日,-2475,15,興櫃期間或新上市
3430,2019-11-26,35.8884,35.7605,40.4939,12.8,0.900009,1.6,往上跳（減資／反向分割）,上市日,-2474,14,興櫃期間或新上市
6592,2019-11-27,81.1516,78.7355,99.124,22.1,0.8,-2.3,往上跳（減資／反向分割）,上市日,-2473,3,興櫃期間或新上市
2247,2019-11-28,166.2367,158.7127,198.0385,19.1,0.849979,1.3,往上跳（減資／反向分割）,上市日,-2472,4,興櫃期間或新上市
3597,2019-11-28,14.5547,14.5547,16.4468,13.0,0.900009,1.7,往上跳（減資／反向分割）,上市日,-2472,3,興櫃期間或新上市
6550,2019-12-02,11.2888,11.3787,12.8872,14.2,0.900009,2.7,往上跳（減資／反向分割）,上市日,-2468,61,興櫃期間或新上市
6550,2019-12-03,12.8872,12.058,15.4347,19.8,0.849979,1.8,往上跳（減資／反向分割）,上市日,-2467,61,興櫃期間或新上市
6751,2019-12-04,54.869,56.0469,48.4094,-11.8,1.1111,-2.0,往下跳（分割／面額變更）,上市日,-2466,13,興櫃期間或新上市
3543,2019-12-05,14.7486,14.6831,16.7184,13.4,0.900009,2.0,往上跳（減資／反向分割）,上市日,-2465,14,興櫃期間或新上市
6767,2019-12-06,39.4,41.01,34.85,-11.5,1.1111,-1.7,往下跳（分割／面額變更）,上市日,-2464,7,興櫃期間或新上市
6592,2019-12-09,95.1157,50.8011,60.7135,-36.2,1.5385,-1.8,往下跳（分割／面額變更）,上市日,-2461,3,興櫃期間或新上市
4419,2019-12-10,7.7625,6.95,6.375,-17.9,1.25,2.7,往下跳（分割／面額變更）,上市日,-2460,17,興櫃期間或新上市
6498,2019-12-10,11.0074,11.054,13.3488,21.3,0.8,-3.0,往上跳（減資／反向分割）,上市日,-2460,50,興櫃期間或新上市
6550,2019-12-10,17.4227,17.133,19.5806,12.4,0.900009,1.1,往上跳（減資／反向分割）,上市日,-2460,61,興櫃期間或新上市
6620,2019-12-10,22.6335,22.6335,25.6219,13.2,0.900009,1.9,往上跳（減資／反向分割）,上市日,-2460,41,興櫃期間或新上市
6751,2019-12-10,47.0034,47.7026,57.3769,22.1,0.8,-2.3,往上跳（減資／反向分割）,上市日,-2460,13,興櫃期間或新上市
6550,2019-12-11,19.5806,18.7814,23.7764,21.4,0.8,-2.9,往上跳（減資／反向分割）,上市日,-2459,61,興櫃期間或新上市
6597,2019-12-12,19.9698,19.5704,23.1079,15.7,0.849979,-1.6,往上跳（減資／反向分割）,上市日,-2458,34,興櫃期間或新上市
7556,2019-12-12,50.5178,50.2182,59.9133,18.6,0.849979,0.8,往上跳（減資／反向分割）,上市日,-2458,11,興櫃期間或新上市
6645,2019-12-16,13.2859,13.6133,15.3442,15.5,0.849979,-1.8,往上跳（減資／反向分割）,上市日,-2454,53,興櫃期間或新上市
6550,2019-12-17,24.2759,24.7854,19.7804,-18.5,1.25,1.9,往下跳（分割／面額變更）,上市日,-2453,61,興櫃期間或新上市
6757,2019-12-17,51.0,47.8687,43.7639,-14.2,1.1765,1.0,往下跳（分割／面額變更）,上市日,-2453,6,興櫃期間或新上市
6620,2019-12-20,26.9348,26.8075,30.1094,11.8,0.900009,0.6,往上跳（減資／反向分割）,上市日,-2450,41,興櫃期間或新上市
6706,2019-12-20,65.2632,65.7496,74.1001,13.5,0.900009,2.2,往上跳（減資／反向分割）,上市日,-2450,3,興櫃期間或新上市
4419,2019-12-23,7.625,6.875,6.5125,-14.6,1.1765,0.5,往下跳（分割／面額變更）,上市日,-2447,17,興櫃期間或新上市
4582,2019-12-23,20.5853,20.8461,24.6811,19.9,0.849979,1.9,往上跳（減資／反向分割）,上市日,-2447,18,興櫃期間或新上市
6617,2019-12-23,63.99,63.07,72.21,12.8,0.900009,1.6,往上跳（減資／反向分割）,上市日,-2447,22,興櫃期間或新上市
6716,2019-12-23,27.9932,28.069,31.2999,11.8,0.900009,0.6,往上跳（減資／反向分割）,上市日,-2447,4,興櫃期間或新上市
6754,2019-12-23,30.5272,30.5272,34.5024,13.0,0.900009,1.7,往上跳（減資／反向分割）,上市日,-2447,4,興櫃期間或新上市
2724,2019-12-25,5.2,5.78,5.98,15.0,0.849979,-2.3,往上跳（減資／反向分割）,上市日,-2445,7,興櫃期間或新上市
3485,2019-12-25,18.3008,18.252,21.6113,18.1,0.849979,0.4,往上跳（減資／反向分割）,上市日,-2445,28,興櫃期間或新上市
6706,2019-12-25,78.2348,80.2616,89.9903,15.0,0.849979,-2.2,往上跳（減資／反向分割）,上市日,-2445,3,興櫃期間或新上市
4582,2019-12-26,27.1347,25.4539,31.897,17.6,0.849979,-0.1,往上跳（減資／反向分割）,上市日,-2444,18,興櫃期間或新上市
6645,2019-12-26,16.8412,16.1957,19.7417,17.2,0.849979,-0.4,往上跳（減資／反向分割）,上市日,-2444,53,興櫃期間或新上市
4582,2019-12-27,31.897,31.018,36.9974,16.0,0.849979,-1.4,往上跳（減資／反向分割）,上市日,-2443,18,興櫃期間或新上市
6272,2019-12-27,3.1109,3.1486,4.3458,39.7,0.699986,-2.2,往上跳（減資／反向分割）,上市日,-2443,67,興櫃期間或新上市
6684,2019-12-27,16.1842,16.2678,19.5297,20.7,0.849979,2.6,往上跳（減資／反向分割）,上市日,-2443,22,興櫃期間或新上市
6695,2019-12-27,18.5,18.64,20.8,12.4,0.900009,1.2,往上跳（減資／反向分割）,上市日,-2443,21,興櫃期間或新上市
6550,2019-12-30,19.4807,19.211,17.203,-11.7,1.1111,-1.9,往下跳（分割／面額變更）,上市日,-2440,61,興櫃期間或新上市
6684,2019-12-30,19.5297,17.9071,22.5826,15.6,0.849979,-1.7,往上跳（減資／反向分割）,上市日,-2440,22,興櫃期間或新上市
6684,2019-12-31,22.5826,21.328,19.8643,-12.0,1.1111,-2.3,往下跳（分割／面額變更）,上市日,-2439,22,興櫃期間或新上市
6550,2020-01-02,18.7814,17.6325,21.5287,14.6,0.849979,-2.6,往上跳（減資／反向分割）,上市日,-2437,61,興櫃期間或新上市
6584,2020-01-02,37.2892,36.6174,41.6704,11.7,0.900009,0.6,往上跳（減資／反向分割）,上市日,-2437,11,興櫃期間或新上市
6756,2020-01-02,130.0386,129.4325,144.8161,11.4,0.900009,0.2,往上跳（減資／反向分割）,上市日,-2437,9,興櫃期間或新上市
6272,2020-01-03,4.1479,4.0159,4.7135,13.6,0.900009,2.3,往上跳（減資／反向分割）,上市日,-2436,67,興櫃期間或新上市
6498,2020-01-03,13.8992,13.7126,15.8674,14.2,0.900009,2.7,往上跳（減資／反向分割）,上市日,-2436,50,興櫃期間或新上市
4580,2020-01-06,78.0028,78.0096,86.828,11.3,0.900009,0.2,往上跳（減資／反向分割）,上市日,-2433,1,興櫃期間或新上市
4582,2020-01-07,29.3661,29.3082,35.7417,21.7,0.8,-2.6,往上跳（減資／反向分割）,上市日,-2432,18,興櫃期間或新上市
5455,2020-01-08,28.45,25.1,25.1,-11.8,1.1111,-2.0,往下跳（分割／面額變更）,上市日,-2431,34,興櫃期間或新上市
6771,2020-01-08,91.0,79.5469,75.6678,-16.8,1.1765,-2.2,往下跳（分割／面額變更）,上市日,-2431,1,興櫃期間或新上市
6735,2020-01-09,57.6698,57.7301,64.4545,11.8,0.900009,0.6,往上跳（減資／反向分割）,上市日,-2430,7,興櫃期間或新上市
4169,2020-01-10,21.9721,21.9421,25.168,14.5,0.849979,-2.6,往上跳（減資／反向分割）,上市日,-2429,25,興櫃期間或新上市
5547,2020-01-13,22.98,14.3534,15.6897,-31.7,1.4286,-2.5,往下跳（分割／面額變更）,上市日,-2426,6,興櫃期間或新上市
6708,2020-01-13,75.3946,82.3026,58.7806,-22.0,1.25,-2.5,往下跳（分割／面額變更）,上市日,-2426,32,興櫃期間或新上市
6534,2020-01-14,65.8752,65.6855,75.8771,15.2,0.849979,-2.1,往上跳（減資／反向分割）,上市日,-2425,19,興櫃期間或新上市
2743,2020-01-30,13.4983,13.2981,11.4962,-14.8,1.1765,0.2,往下跳（分割／面額變更）,上市日,-2409,9,興櫃期間或新上市
3138,2020-01-30,41.3804,41.0676,36.0634,-12.8,1.1765,2.5,往下跳（分割／面額變更）,上市日,-2409,20,興櫃期間或新上市
3543,2020-01-30,18.1722,18.0123,15.7008,-13.6,1.1765,1.6,往下跳（分割／面額變更）,上市日,-2409,14,興櫃期間或新上市
4923,2020-01-30,17.1203,17.0071,14.7857,-13.6,1.1765,1.6,往下跳（分割／面額變更）,上市日,-2409,45,興櫃期間或新上市
6534,2020-01-30,75.7737,73.0921,64.6766,-14.6,1.1765,0.4,往下跳（分割／面額變更）,上市日,-2409,19,興櫃期間或新上市
6550,2020-01-30,19.7804,19.7904,15.8942,-19.6,1.25,0.4,往下跳（分割／面額變更）,上市日,-2409,61,興櫃期間或新上市
6588,2020-01-30,114.4141,114.6713,96.3917,-15.8,1.1765,-0.9,往下跳（分割／面額變更）,上市日,-2409,21,興櫃期間或新上市
6708,2020-01-30,53.6312,52.7665,46.4415,-13.4,1.1765,1.9,往下跳（分割／面額變更）,上市日,-2409,32,興櫃期間或新上市
6606,2020-01-31,14.6915,14.6839,16.3426,11.2,0.900009,0.1,往上跳（減資／反向分割）,上市日,-2408,4,興櫃期間或新上市
6708,2020-02-04,42.7495,43.4102,47.8989,12.0,0.900009,0.8,往上跳（減資／反向分割）,上市日,-2404,32,興櫃期間或新上市
6684,2020-02-10,17.6478,17.5308,19.8057,12.2,0.900009,1.0,往上跳（減資／反向分割）,上市日,-2398,22,興櫃期間或新上市
6291,2020-02-11,12.8007,15.51,15.51,21.2,0.849979,3.0,往上跳（減資／反向分割）,上市日,-2397,27,興櫃期間或新上市
6515,2020-02-12,305.9261,299.9879,342.4136,11.9,0.900009,0.7,往上跳（減資／反向分割）,上市日,-2396,8,興櫃期間或新上市
6657,2020-02-13,64.0034,64.3595,71.6391,11.9,0.900009,0.7,往上跳（減資／反向分割）,上市日,-2395,17,興櫃期間或新上市
7556,2020-02-13,58.7627,57.2989,68.0152,15.7,0.849979,-1.6,往上跳（減資／反向分割）,上市日,-2395,11,興櫃期間或新上市
1563,2020-02-14,51.9231,51.7606,58.2352,12.2,0.900009,0.9,往上跳（減資／反向分割）,上市日,-2386,4,興櫃期間或新上市
6751,2020-02-14,48.6373,48.6373,62.3166,28.1,0.8,2.5,往上跳（減資／反向分割）,上市日,-2394,13,興櫃期間或新上市
6751,2020-02-17,62.3166,55.1882,54.717,-12.2,1.1111,-2.4,往下跳（分割／面額變更）,上市日,-2391,13,興櫃期間或新上市
1780,2020-02-19,17.65,17.29,19.8,12.2,0.900009,1.0,往上跳（減資／反向分割）,上市日,-2389,11,興櫃期間或新上市
4304,2020-02-19,8.15,6.99,6.99,-14.2,1.1765,0.9,往下跳（分割／面額變更）,上市日,-2389,6,興櫃期間或新上市
4951,2020-02-19,14.3273,14.4038,16.0619,12.1,0.900009,0.9,往上跳（減資／反向分割）,上市日,-2389,18,興櫃期間或新上市
6645,2020-02-19,18.3382,18.254,21.5194,17.3,0.849979,-0.3,往上跳（減資／反向分割）,上市日,-2389,53,興櫃期間或新上市
2237,2020-02-20,17.75,17.78,20.09,13.2,0.900009,1.9,往上跳（減資／反向分割）,上市日,-2388,31,興櫃期間或新上市
5292,2020-02-21,25.9448,26.0072,28.8044,11.0,0.900009,-0.1,往上跳（減資／反向分割）,上市日,-2387,14,興櫃期間或新上市
5292,2020-02-24,28.8044,27.8535,33.42,16.0,0.849979,-1.4,往上跳（減資／反向分割）,上市日,-2384,14,興櫃期間或新上市
6291,2020-02-25,17.4079,14.5938,14.5938,-16.2,1.1765,-1.4,往下跳（分割／面額變更）,上市日,-2383,27,興櫃期間或新上市
6222,2020-02-27,15.6979,13.3311,12.6549,-19.4,1.25,0.8,往下跳（分割／面額變更）,上市日,-2381,6,興櫃期間或新上市
6225,2020-03-04,9.7925,9.4489,8.6758,-11.4,1.1111,-1.6,往下跳（分割／面額變更）,上市日,-2375,4,興櫃期間或新上市
6423,2020-03-05,40.268,40.4598,46.4151,15.3,0.849979,-2.0,往上跳（減資／反向分割）,上市日,-2374,28,興櫃期間或新上市
6708,2020-03-05,37.503,37.3476,42.2637,12.7,0.900009,1.4,往上跳（減資／反向分割）,上市日,-2374,32,興櫃期間或新上市
3597,2020-03-09,13.7105,12.3715,12.0076,-12.4,1.1111,-2.7,往下跳（分割／面額變更）,上市日,-2370,3,興櫃期間或新上市
4768,2020-03-10,23.2838,23.1883,27.1766,16.7,0.849979,-0.8,往上跳（減資／反向分割）,上市日,-2369,17,興櫃期間或新上市
6645,2020-03-11,23.3906,22.8386,26.1975,12.0,0.900009,0.8,往上跳（減資／反向分割）,上市日,-2368,53,興櫃期間或新上市
6588,2020-03-12,79.6021,79.8415,63.859,-19.8,1.25,0.3,往下跳（分割／面額變更）,上市日,-2367,21,興櫃期間或新上市
6695,2020-03-12,17.0,16.78,14.69,-13.6,1.1765,1.7,往下跳（分割／面額變更）,上市日,-2367,21,興櫃期間或新上市
6728,2020-03-12,48.2476,48.2476,40.4328,-16.2,1.1765,-1.4,往下跳（分割／面額變更）,上市日,-2367,3,興櫃期間或新上市
4923,2020-03-13,11.5315,11.68,9.9043,-14.1,1.1765,1.0,往下跳（分割／面額變更）,上市日,-2366,45,興櫃期間或新上市
5364,2020-03-13,13.5423,12.9857,11.7799,-13.0,1.1765,2.3,往下跳（分割／面額變更）,上市日,-2366,2,興櫃期間或新上市
6515,2020-03-13,282.6067,284.5052,251.3899,-11.0,1.1111,-1.2,往下跳（分割／面額變更）,上市日,-2366,8,興櫃期間或新上市
6534,2020-03-13,59.4083,59.7964,52.6053,-11.5,1.1111,-1.6,往下跳（分割／面額變更）,上市日,-2366,19,興櫃期間或新上市
6620,2020-03-13,25.6611,25.5435,22.5061,-12.3,1.1111,-2.6,往下跳（分割／面額變更）,上市日,-2366,41,興櫃期間或新上市
6645,2020-03-13,25.7297,26.7214,22.7357,-11.6,1.1111,-1.8,往下跳（分割／面額變更）,上市日,-2366,53,興櫃期間或新上市
6692,2020-03-13,35.0466,34.5242,30.4753,-13.0,1.1765,2.3,往下跳（分割／面額變更）,上市日,-2366,8,興櫃期間或新上市
6515,2020-03-16,251.3899,246.9861,221.0661,-12.1,1.1111,-2.3,往下跳（分割／面額變更）,上市日,-2363,8,興櫃期間或新上市
6515,2020-03-17,221.0661,235.6472,186.8152,-15.5,1.1765,-0.6,往下跳（分割／面額變更）,上市日,-2362,8,興櫃期間或新上市
6712,2020-03-17,72.931,72.6366,63.8644,-12.4,1.1111,-2.7,往下跳（分割／面額變更）,上市日,-2362,7,興櫃期間或新上市
6733,2020-03-17,21.4492,21.4884,18.4494,-14.0,1.1765,1.2,往下跳（分割／面額變更）,上市日,-2362,11,興櫃期間或新上市
2237,2020-03-19,14.6,14.61,12.21,-16.4,1.1765,-1.6,往下跳（分割／面額變更）,上市日,-2360,31,興櫃期間或新上市
2241,2020-03-19,41.72,42.1343,36.8928,-11.6,1.1111,-1.7,往下跳（分割／面額變更）,上市日,-2360,9,興櫃期間或新上市
2754,2020-03-19,52.8933,55.6559,43.0784,-18.6,1.25,1.8,往下跳（分割／面額變更）,上市日,-2360,12,興櫃期間或新上市
3138,2020-03-19,26.9324,27.8447,23.2835,-13.5,1.1765,1.7,往下跳（分割／面額變更）,上市日,-2360,20,興櫃期間或新上市
3168,2020-03-19,16.919,17.1356,14.1616,-16.3,1.1765,-1.5,往下跳（分割／面額變更）,上市日,-2360,16,興櫃期間或新上市
3430,2020-03-19,23.8801,23.5134,21.0827,-11.7,1.1111,-1.9,往下跳（分割／面額變更）,上市日,-2360,14,興櫃期間或新上市
3485,2020-03-19,16.2891,16.3965,13.8672,-14.9,1.1765,0.2,往下跳（分割／面額變更）,上市日,-2360,28,興櫃期間或新上市
4304,2020-03-19,6.94,6.85,5.63,-18.9,1.25,1.4,往下跳（分割／面額變更）,上市日,-2360,6,興櫃期間或新上市
4923,2020-03-19,9.5506,9.5506,7.216,-24.4,1.3333,0.7,往下跳（分割／面額變更）,上市日,-2360,45,興櫃期間或新上市
4945,2020-03-19,22.5468,23.3706,19.0735,-15.4,1.1765,-0.5,往下跳（分割／面額變更）,上市日,-1995,9,興櫃期間或新上市
6272,2020-03-19,3.2052,3.1769,2.8092,-12.4,1.1111,-2.6,往下跳（分割／面額變更）,上市日,-2360,67,興櫃期間或新上市
6423,2020-03-19,34.5236,34.9552,30.6781,-11.1,1.1111,-1.3,往下跳（分割／面額變更）,上市日,-2360,28,興櫃期間或新上市
6515,2020-03-19,179.4466,189.0344,151.6194,-15.5,1.1765,-0.6,往下跳（分割／面額變更）,上市日,-2360,8,興櫃期間或新上市
6550,2020-03-19,12.5775,12.6175,10.5695,-16.0,1.1765,-1.1,往下跳（分割／面額變更）,上市日,-2360,61,興櫃期間或新上市
6584,2020-03-19,27.8452,27.8549,24.3402,-12.6,1.1765,2.8,往下跳（分割／面額變更）,上市日,-2360,11,興櫃期間或新上市
6620,2020-03-19,18.1264,18.6457,15.7259,-13.2,1.1765,2.1,往下跳（分割／面額變更）,上市日,-2360,41,興櫃期間或新上市
6657,2020-03-19,49.454,51.3333,40.0578,-19.0,1.25,1.3,往下跳（分割／面額變更）,上市日,-2360,17,興櫃期間或新上市
6708,2020-03-19,29.6332,30.2453,24.2895,-18.0,1.25,2.5,往下跳（分割／面額變更）,上市日,-2360,32,興櫃期間或新上市
6727,2020-03-19,39.2987,39.6756,34.8956,-11.2,1.1111,-1.3,往下跳（分割／面額變更）,上市日,-2360,2,興櫃期間或新上市
6733,2020-03-19,17.4495,17.6652,14.9497,-14.3,1.1765,0.8,往下跳（分割／面額變更）,上市日,-2360,11,興櫃期間或新上市
6735,2020-03-19,49.9126,49.8599,43.7235,-12.4,1.1111,-2.7,往下跳（分割／面額變更）,上市日,-2360,7,興櫃期間或新上市
6743,2020-03-19,22.5744,23.0392,17.3026,-23.4,1.3333,2.2,往下跳（分割／面額變更）,上市日,-2360,8,興櫃期間或新上市
6751,2020-03-19,45.5975,45.6279,39.5634,-13.2,1.1765,2.1,往下跳（分割／面額變更）,上市日,-2360,13,興櫃期間或新上市
6756,2020-03-19,104.2804,108.7636,89.1375,-14.5,1.1765,0.6,往下跳（分割／面額變更）,上市日,-2360,9,興櫃期間或新上市
6757,2020-03-19,21.7706,22.1713,18.0754,-17.0,1.1765,-2.3,往下跳（分割／面額變更）,上市日,-2360,6,興櫃期間或新上市
6767,2020-03-19,23.8,24.28,21.0,-11.8,1.1111,-2.0,往下跳（分割／面額變更）,上市日,-2360,7,興櫃期間或新上市
8045,2020-03-19,9.5405,9.4451,7.5274,-21.1,1.25,-1.4,往下跳（分割／面額變更）,上市日,-2360,30,興櫃期間或新上市
8487,2020-03-19,13.4266,13.4349,11.6753,-13.0,1.1765,2.3,往下跳（分割／面額變更）,上市日,-2360,15,興櫃期間或新上市
3485,2020-03-20,13.8672,14.5215,15.5273,12.0,0.900009,0.8,往上跳（減資／反向分割）,上市日,-2359,28,興櫃期間或新上市
4923,2020-03-20,7.216,7.2726,8.0649,11.8,0.900009,0.6,往上跳（減資／反向分割）,上市日,-2359,45,興櫃期間或新上市
4945,2020-03-20,19.0735,20.7635,21.256,11.4,0.900009,0.3,往上跳（減資／反向分割）,上市日,-1994,9,興櫃期間或新上市
5292,2020-03-20,23.9528,24.0569,26.8818,12.2,0.900009,1.0,往上跳（減資／反向分割）,上市日,-2359,14,興櫃期間或新上市
6515,2020-03-20,151.6194,156.4913,194.1838,28.1,0.8,2.5,往上跳（減資／反向分割）,上市日,-2359,8,興櫃期間或新上市
6550,2020-03-20,10.5695,10.8992,11.7484,11.2,0.900009,0.0,往上跳（減資／反向分割）,上市日,-2359,61,興櫃期間或新上市
6657,2020-03-20,40.0578,41.6897,47.3671,18.2,0.849979,0.5,往上跳（減資／反向分割）,上市日,-2359,17,興櫃期間或新上市
6691,2020-03-20,44.9046,46.2597,51.4456,14.6,0.849979,-2.6,往上跳（減資／反向分割）,上市日,-2359,6,興櫃期間或新上市
6695,2020-03-20,13.65,13.53,15.94,16.8,0.849979,-0.7,往上跳（減資／反向分割）,上市日,-2359,21,興櫃期間或新上市
6708,2020-03-20,24.2895,26.1549,27.4957,13.2,0.900009,1.9,往上跳（減資／反向分割）,上市日,-2359,32,興櫃期間或新上市
6712,2020-03-20,57.7123,56.4714,77.8481,34.9,0.750019,1.2,往上跳（減資／反向分割）,上市日,-2359,7,興櫃期間或新上市
6733,2020-03-20,14.9497,16.1065,16.7633,12.1,0.900009,0.9,往上跳（減資／反向分割）,上市日,-2359,11,興櫃期間或新上市
6756,2020-03-20,89.1375,94.3782,99.824,12.0,0.900009,0.8,往上跳（減資／反向分割）,上市日,-2359,9,興櫃期間或新上市
6757,2020-03-20,18.0754,18.6186,21.37,18.2,0.849979,0.5,往上跳（減資／反向分割）,上市日,-2359,6,興櫃期間或新上市
8089,2020-03-20,12.6665,13.422,14.2517,12.5,0.900009,1.3,往上跳（減資／反向分割）,上市日,-2359,14,興櫃期間或新上市
4195,2020-03-23,11.44,11.23,12.8,11.9,0.900009,0.7,往上跳（減資／反向分割）,上市日,-2356,34,興櫃期間或新上市
6708,2020-03-23,27.4957,24.8239,24.2895,-11.7,1.1111,-1.8,往下跳（分割／面額變更）,上市日,-2356,32,興櫃期間或新上市
3138,2020-03-24,23.9785,24.0307,26.6283,11.1,0.900009,-0.1,往上跳（減資／反向分割）,上市日,-2355,20,興櫃期間或新上市
6515,2020-03-24,175.1121,176.4992,194.6172,11.1,0.900009,0.0,往上跳（減資／反向分割）,上市日,-2355,8,興櫃期間或新上市
6657,2020-03-24,52.3224,49.3353,58.2568,11.3,0.900009,0.2,往上跳（減資／反向分割）,上市日,-2355,17,興櫃期間或新上市
6712,2020-03-24,75.3145,74.7201,95.2252,26.4,0.8,1.1,往上跳（減資／反向分割）,上市日,-2355,7,興櫃期間或新上市
6423,2020-03-25,30.7836,30.7644,34.2359,11.2,0.900009,0.1,往上跳（減資／反向分割）,上市日,-2354,28,興櫃期間或新上市
6645,2020-03-26,22.455,22.3614,25.2619,12.5,0.900009,1.3,往上跳（減資／反向分割）,上市日,-2353,53,興櫃期間或新上市
4945,2020-03-27,21.6552,21.6127,24.0754,11.2,0.900009,0.1,往上跳（減資／反向分割）,上市日,-1987,9,興櫃期間或新上市
6515,2020-03-27,210.2213,207.0831,242.7297,15.5,0.849979,-1.9,往上跳（減資／反向分割）,上市日,-2352,8,興櫃期間或新上市
6733,2020-03-27,18.2337,18.3024,20.9786,15.1,0.849979,-2.2,往上跳（減資／反向分割）,上市日,-2352,11,興櫃期間或新上市
3064,2020-03-31,136.2869,152.0123,152.0123,11.5,0.900009,0.4,往上跳（減資／反向分割）,上市日,-2348,1,興櫃期間或新上市
3543,2020-03-31,12.8659,12.7278,14.5014,12.7,0.900009,1.4,往上跳（減資／反向分割）,上市日,-2348,14,興櫃期間或新上市
4582,2020-03-31,27.6756,26.5454,30.9117,11.7,0.900009,0.5,往上跳（減資／反向分割）,上市日,-2348,18,興櫃期間或新上市
6291,2020-03-31,17.277,20.1565,20.1565,16.7,0.849979,-0.8,往上跳（減資／反向分割）,上市日,-2348,27,興櫃期間或新上市
3168,2020-04-01,15.4528,15.4528,17.3272,12.1,0.900009,0.9,往上跳（減資／反向分割）,上市日,-2347,16,興櫃期間或新上市
6103,2020-04-01,60.8568,53.0043,53.0043,-12.9,1.1765,2.5,往下跳（分割／面額變更）,上市日,-2347,33,興櫃期間或新上市
6291,2020-04-06,20.1565,17.6042,17.6042,-12.7,1.1765,2.8,往下跳（分割／面額變更）,上市日,-2342,27,興櫃期間或新上市
6708,2020-04-06,26.2327,26.0286,29.9247,14.1,0.900009,2.7,往上跳（減資／反向分割）,上市日,-2342,32,興櫃期間或新上市
8077,2020-04-06,59.4045,52.5501,52.3216,-11.9,1.1111,-2.1,往下跳（分割／面額變更）,上市日,-2342,3,興櫃期間或新上市
6708,2020-04-07,29.9247,28.4867,34.1511,14.1,0.900009,2.7,往上跳（減資／反向分割）,上市日,-2341,32,興櫃期間或新上市
6732,2020-04-07,349.1538,342.8729,390.268,11.8,0.900009,0.6,往上跳（減資／反向分割）,上市日,-2341,2,興櫃期間或新上市
6498,2020-04-08,11.1473,10.8675,14.179,27.2,0.8,1.8,往上跳（減資／反向分割）,上市日,-2340,50,興櫃期間或新上市
6598,2020-04-08,36.6204,36.527,43.44,18.6,0.849979,0.8,往上跳（減資／反向分割）,上市日,-2340,21,興櫃期間或新上市
6752,2020-04-08,20.8755,20.6989,23.5549,12.8,0.900009,1.6,往上跳（減資／反向分割）,上市日,-2340,7,興櫃期間或新上市
4169,2020-04-09,22.9708,23.0807,26.4164,15.0,0.849979,-2.3,往上跳（減資／反向分割）,上市日,-2339,25,興櫃期間或新上市
6222,2020-04-09,13.5726,11.2542,12.0753,-11.0,1.1111,-1.1,往下跳（分割／面額變更）,上市日,-2339,6,興櫃期間或新上市
3150,2020-04-10,6.8377,6.8191,7.6285,11.6,0.900009,0.4,往上跳（減資／反向分割）,上市日,-2338,47,興櫃期間或新上市
6550,2020-04-10,12.088,11.7783,15.4347,27.7,0.8,2.1,往上跳（減資／反向分割）,上市日,-2338,61,興櫃期間或新上市
6620,2020-04-10,18.1264,18.097,21.6537,19.5,0.849979,1.5,往上跳（減資／反向分割）,上市日,-2338,41,興櫃期間或新上市
3138,2020-04-13,29.4085,28.8785,33.4483,13.7,0.900009,2.4,往上跳（減資／反向分割）,上市日,-2335,20,興櫃期間或新上市
6584,2020-04-13,27.6505,26.2874,31.837,15.1,0.849979,-2.1,往上跳（減資／反向分割）,上市日,-2335,11,興櫃期間或新上市
6767,2020-04-13,25.0,25.14,27.9,11.6,0.900009,0.4,往上跳（減資／反向分割）,上市日,-2335,7,興櫃期間或新上市
6584,2020-04-14,31.837,31.0289,38.4575,20.8,0.849979,2.7,往上跳（減資／反向分割）,上市日,-2334,11,興櫃期間或新上市
6763,2020-04-14,15.3067,15.0205,17.2549,12.7,0.900009,1.5,往上跳（減資／反向分割）,上市日,-2334,9,興櫃期間或新上市
2754,2020-04-15,59.0218,59.1632,65.8102,11.5,0.900009,0.4,往上跳（減資／反向分割）,上市日,-2333,12,興櫃期間或新上市
6598,2020-04-15,41.1045,40.7402,46.663,13.5,0.900009,2.2,往上跳（減資／反向分割）,上市日,-2333,21,興櫃期間或新上市
6651,2020-04-15,29.8716,29.302,33.2062,11.2,0.900009,0.0,往上跳（減資／反向分割）,上市日,-2333,9,興櫃期間或新上市
6763,2020-04-15,17.2549,15.7282,19.9584,15.7,0.849979,-1.7,往上跳（減資／反向分割）,上市日,-2333,9,興櫃期間或新上市
8089,2020-04-15,18.1479,18.3553,20.8886,15.1,0.849979,-2.2,往上跳（減資／反向分割）,上市日,-2333,14,興櫃期間或新上市
3543,2020-04-16,13.7382,13.8836,17.4453,27.0,0.8,1.6,往上跳（減資／反向分割）,上市日,-2332,14,興櫃期間或新上市
6752,2020-04-17,21.7883,22.5303,24.7326,13.5,0.900009,2.2,往上跳（減資／反向分割）,上市日,-2331,7,興櫃期間或新上市
6598,2020-04-20,44.9347,45.4111,54.6503,21.6,0.8,-2.7,往上跳（減資／反向分割）,上市日,-2328,21,興櫃期間或新上市
6620,2020-04-20,24.0052,23.6721,26.6507,11.0,0.900009,-0.1,往上跳（減資／反向分割）,上市日,-2328,41,興櫃期間或新上市
6598,2020-04-23,56.9858,54.7624,63.8988,12.1,0.900009,0.9,往上跳（減資／反向分割）,上市日,-2325,21,興櫃期間或新上市
4169,2020-04-24,26.2167,26.1168,30.4113,16.0,0.849979,-1.4,往上跳（減資／反向分割）,上市日,-2324,25,興櫃期間或新上市
4768,2020-04-24,22.99,23.1001,25.7076,11.8,0.900009,0.6,往上跳（減資／反向分割）,上市日,-2324,17,興櫃期間或新上市
6598,2020-04-24,63.8988,60.0126,71.279,11.5,0.900009,0.4,往上跳（減資／反向分割）,上市日,-2324,21,興櫃期間或新上市
6645,2020-04-24,27.6945,26.9928,34.431,24.3,0.8,-0.5,往上跳（減資／反向分割）,上市日,-2324,53,興櫃期間或新上市
4195,2020-04-27,12.6,12.37,15.45,22.6,0.8,-1.9,往上跳（減資／反向分割）,上市日,-2321,34,興櫃期間或新上市
4304,2020-04-27,4.73,4.81,5.39,14.0,0.900009,2.6,往上跳（減資／反向分割）,上市日,-2321,6,興櫃期間或新上市
4945,2020-04-27,28.5763,28.4829,32.2704,12.9,0.900009,1.6,往上跳（減資／反向分割）,上市日,-1956,9,興櫃期間或新上市
6272,2020-04-27,2.8281,2.8469,3.2429,14.7,0.849979,-2.5,往上跳（減資／反向分割）,上市日,-2321,67,興櫃期間或新上市
6645,2020-04-27,34.431,30.6136,50.0559,45.4,0.699986,1.8,往上跳（減資／反向分割）,上市日,-2321,53,興櫃期間或新上市
6708,2020-04-27,31.8678,31.4403,40.8064,28.0,0.8,2.4,往上跳（減資／反向分割）,上市日,-2321,32,興櫃期間或新上市
4195,2020-04-28,15.45,15.11,18.25,18.1,0.849979,0.4,往上跳（減資／反向分割）,上市日,-2320,34,興櫃期間或新上市
6597,2020-04-28,15.2151,14.8823,19.4943,28.1,0.8,2.5,往上跳（減資／反向分割）,上市日,-2320,34,興櫃期間或新上市
6598,2020-04-28,70.9053,73.11,57.7332,-18.6,1.25,1.8,往下跳（分割／面額變更）,上市日,-2320,21,興櫃期間或新上市
6645,2020-04-28,50.0559,40.3535,37.425,-25.2,1.3333,-0.3,往下跳（分割／面額變更）,上市日,-2320,53,興櫃期間或新上市
6733,2020-04-28,22.351,22.5079,25.439,13.8,0.900009,2.4,往上跳（減資／反向分割）,上市日,-2320,11,興櫃期間或新上市
5205,2020-04-29,20.029,16.2283,16.2283,-19.0,1.25,1.3,往下跳（分割／面額變更）,上市日,-2319,11,興櫃期間或新上市
6597,2020-04-29,19.4943,17.8682,22.0619,13.2,0.900009,1.9,往上跳（減資／反向分割）,上市日,-2319,34,興櫃期間或新上市
5244,2020-04-30,11.6152,11.7782,13.8567,19.3,0.849979,1.4,往上跳（減資／反向分割）,上市日,-2318,10,興櫃期間或新上市
6598,2020-05-04,56.4253,57.593,64.0857,13.6,0.900009,2.2,往上跳（減資／反向分割）,上市日,-2314,21,興櫃期間或新上市
6645,2020-05-04,34.6181,35.6473,39.5769,14.3,0.849979,-2.8,往上跳（減資／反向分割）,上市日,-2314,53,興櫃期間或新上市
6763,2020-05-04,19.0042,19.005,21.3897,12.6,0.900009,1.3,往上跳（減資／反向分割）,上市日,-2314,9,興櫃期間或新上市
1342,2020-05-05,32.5616,32.0628,39.836,22.3,0.8,-2.1,往上跳（減資／反向分割）,上市日,-2313,3,興櫃期間或新上市
4195,2020-05-05,19.5,18.65,24.5,25.6,0.8,0.5,往上跳（減資／反向分割）,上市日,-2313,34,興櫃期間或新上市
4195,2020-05-06,24.5,23.0,30.5,24.5,0.8,-0.4,往上跳（減資／反向分割）,上市日,-2312,34,興櫃期間或新上市
4304,2020-05-06,5.17,4.24,4.31,-16.6,1.1765,-1.9,往下跳（分割／面額變更）,上市日,-2312,6,興櫃期間或新上市
5292,2020-05-06,29.8455,29.8316,34.01,14.0,0.900009,2.6,往上跳（減資／反向分割）,上市日,-2312,14,興櫃期間或新上市
6598,2020-05-06,63.9923,63.385,71.279,11.4,0.900009,0.2,往上跳（減資／反向分割）,上市日,-2312,21,興櫃期間或新上市
6617,2020-05-06,64.4,62.85,72.7,12.9,0.900009,1.6,往上跳（減資／反向分割）,上市日,-2312,22,興櫃期間或新上市
6637,2020-05-06,33.9544,34.4807,38.1987,12.5,0.900009,1.3,往上跳（減資／反向分割）,上市日,-2312,12,興櫃期間或新上市
6645,2020-05-06,39.2962,40.0635,49.5881,26.2,0.8,1.0,往上跳（減資／反向分割）,上市日,-2312,53,興櫃期間或新上市
4195,2020-05-08,28.0,27.82,22.0,-21.4,1.25,-1.8,往下跳（分割／面額變更）,上市日,-2310,34,興櫃期間或新上市
3138,2020-05-11,41.2674,41.641,48.6521,17.9,0.849979,0.2,往上跳（減資／反向分割）,上市日,-2307,20,興櫃期間或新上市
6291,2020-05-11,21.3999,18.8476,18.8476,-11.9,1.1111,-2.1,往下跳（分割／面額變更）,上市日,-2307,27,興櫃期間或新上市
6743,2020-05-11,27.5541,26.9565,31.6374,14.8,0.849979,-2.4,往上跳（減資／反向分割）,上市日,-2307,8,興櫃期間或新上市
6752,2020-05-11,27.5887,27.4768,31.9758,15.9,0.849979,-1.5,往上跳（減資／反向分割）,上市日,-2307,7,興櫃期間或新上市
6684,2020-05-12,17.606,17.606,19.9897,13.5,0.900009,2.2,往上跳（減資／反向分割）,上市日,-2306,22,興櫃期間或新上市
6598,2020-05-13,66.0475,66.0195,80.0604,21.2,0.8,-3.0,往上跳（減資／反向分割）,上市日,-2305,21,興櫃期間或新上市
6703,2020-05-13,41.0922,40.5978,45.6825,11.2,0.900009,0.1,往上跳（減資／反向分割）,上市日,-2305,4,興櫃期間或新上市
4923,2020-05-14,11.8852,11.5598,17.2618,45.2,0.699986,1.7,往上跳（減資／反向分割）,上市日,-2304,45,興櫃期間或新上市
6751,2020-05-15,48.1814,48.7741,54.717,13.6,0.900009,2.2,往上跳（減資／反向分割）,上市日,-2303,13,興櫃期間或新上市
4195,2020-05-21,23.3,23.33,30.15,29.4,0.750019,-2.9,往上跳（減資／反向分割）,上市日,-2297,34,興櫃期間或新上市
6550,2020-05-21,14.2858,14.2259,16.8333,17.8,0.849979,0.2,往上跳（減資／反向分割）,上市日,-2297,61,興櫃期間或新上市
6645,2020-05-21,45.7521,45.9392,91.5977,100.2,0.5,0.1,往上跳（減資／反向分割）,上市日,-2297,53,興櫃期間或新上市
4166,2020-05-22,15.15,15.06,35.0,131.0,0.450005,4.0,往上跳（減資／反向分割）,上市日,-2296,25,興櫃期間或新上市
4195,2020-05-22,30.15,27.92,42.15,39.8,0.699986,-2.1,往上跳（減資／反向分割）,上市日,-2296,34,興櫃期間或新上市
6598,2020-05-22,90.5234,88.3093,112.5703,24.4,0.8,-0.5,往上跳（減資／反向分割）,上市日,-2296,21,興櫃期間或新上市
6645,2020-05-22,91.5977,68.9181,121.1634,32.3,0.750019,-0.8,往上跳（減資／反向分割）,上市日,-2296,53,興櫃期間或新上市
4166,2020-05-25,35.0,22.63,30.1,-14.0,1.1765,1.2,往下跳（分割／面額變更）,上市日,-2293,25,興櫃期間或新上市
4169,2020-05-25,31.6597,31.0405,35.2552,11.4,0.900009,0.2,往上跳（減資／反向分割）,上市日,-2293,25,興櫃期間或新上市
6550,2020-05-25,17.183,16.6535,19.9802,16.3,0.849979,-1.2,往上跳（減資／反向分割）,上市日,-2293,61,興櫃期間或新上市
6598,2020-05-25,112.5703,105.6479,134.5239,19.5,0.849979,1.6,往上跳（減資／反向分割）,上市日,-2293,21,興櫃期間或新上市
6617,2020-05-25,73.5,70.37,83.5,13.6,0.900009,2.2,往上跳（減資／反向分割）,上市日,-2293,22,興櫃期間或新上市
6645,2020-05-25,121.1634,103.3865,176.3653,45.6,0.699986,1.9,往上跳（減資／反向分割）,上市日,-2293,53,興櫃期間或新上市
6661,2020-05-25,26.7664,26.1705,33.5162,25.2,0.8,0.2,往上跳（減資／反向分割）,上市日,-2293,5,興櫃期間或新上市
6733,2020-05-25,23.7725,24.3215,27.8408,17.1,0.849979,-0.5,往上跳（減資／反向分割）,上市日,-2293,11,興櫃期間或新上市
6743,2020-05-25,33.5296,33.5628,39.7708,18.6,0.849979,0.8,往上跳（減資／反向分割）,上市日,-2293,8,興櫃期間或新上市
4166,2020-05-26,30.1,28.37,23.9,-20.6,1.25,-0.7,往下跳（分割／面額變更）,上市日,-2292,25,興櫃期間或新上市
4195,2020-05-26,40.0,39.96,32.65,-18.4,1.25,2.0,往下跳（分割／面額變更）,上市日,-2292,34,興櫃期間或新上市
6598,2020-05-26,134.5239,121.0621,109.7677,-18.4,1.25,2.0,往下跳（分割／面額變更）,上市日,-2292,21,興櫃期間或新上市
6645,2020-05-26,176.3653,144.0488,143.6184,-18.6,1.25,1.8,往下跳（分割／面額變更）,上市日,-2292,53,興櫃期間或新上市
6661,2020-05-26,33.5162,32.79,28.6749,-14.4,1.1765,0.7,往下跳（分割／面額變更）,上市日,-2292,5,興櫃期間或新上市
6743,2020-05-26,39.7708,35.9796,46.4767,16.9,0.849979,-0.7,往上跳（減資／反向分割）,上市日,-2292,8,興櫃期間或新上市
6752,2020-05-26,31.5047,30.6979,35.3324,12.1,0.900009,0.9,往上跳（減資／反向分割）,上市日,-2292,7,興櫃期間或新上市
6767,2020-05-26,37.0,36.85,49.0,32.4,0.750019,-0.7,往上跳（減資／反向分割）,上市日,-2292,7,興櫃期間或新上市
4166,2020-05-27,23.9,25.74,21.2,-11.3,1.1111,-1.4,往下跳（分割／面額變更）,上市日,-2291,25,興櫃期間或新上市
4195,2020-05-27,32.65,34.25,28.1,-13.9,1.1765,1.3,往下跳（分割／面額變更）,上市日,-2291,34,興櫃期間或新上市
6645,2020-05-27,143.6184,156.1651,103.3865,-28.0,1.4286,2.8,往下跳（分割／面額變更）,上市日,-2291,53,興櫃期間或新上市
6752,2020-05-27,35.3324,33.0652,40.5144,14.7,0.849979,-2.5,往上跳（減資／反向分割）,上市日,-2291,7,興櫃期間或新上市
6767,2020-05-27,49.0,47.1,38.8,-20.8,1.25,-1.0,往下跳（分割／面額變更）,上市日,-2291,7,興櫃期間或新上市
8045,2020-05-27,9.5882,9.4832,11.2578,17.4,0.849979,-0.2,往上跳（減資／反向分割）,上市日,-2291,30,興櫃期間或新上市
8089,2020-05-27,24.8515,24.7404,28.4811,14.6,0.849979,-2.6,往上跳（減資／反向分割）,上市日,-2291,14,興櫃期間或新上市
4951,2020-05-29,18.3236,17.975,20.4918,11.8,0.900009,0.7,往上跳（減資／反向分割）,上市日,-2289,18,興櫃期間或新上市
6236,2020-06-02,7.21,8.25,8.25,14.4,0.849979,-2.7,往上跳（減資／反向分割）,上市日,-2285,10,興櫃期間或新上市
6645,2020-06-02,100.5797,99.5785,84.2062,-16.3,1.1765,-1.5,往下跳（分割／面額變更）,上市日,-2285,53,興櫃期間或新上市
4768,2020-06-03,37.019,35.2194,41.426,11.9,0.900009,0.7,往上跳（減資／反向分割）,上市日,-2284,17,興櫃期間或新上市
6743,2020-06-03,47.4063,47.0876,54.3114,14.6,0.849979,-2.6,往上跳（減資／反向分割）,上市日,-2284,8,興櫃期間或新上市
2241,2020-06-04,57.8107,57.1555,64.5552,11.7,0.900009,0.5,往上跳（減資／反向分割）,上市日,-2283,9,興櫃期間或新上市
6236,2020-06-04,8.25,7.8,7.15,-13.3,1.1765,2.0,往下跳（分割／面額變更）,上市日,-2283,10,興櫃期間或新上市
6498,2020-06-04,18.0036,18.1715,20.5222,14.0,0.900009,2.6,往上跳（減資／反向分割）,上市日,-2283,50,興櫃期間或新上市
4768,2020-06-05,45.172,43.4459,58.7603,30.1,0.750019,-2.4,往上跳（減資／反向分割）,上市日,-2282,17,興櫃期間或新上市
6693,2020-06-05,22.0705,22.1692,24.9415,13.0,0.900009,1.7,往上跳（減資／反向分割）,上市日,-2282,12,興櫃期間或新上市
4195,2020-06-08,24.8,24.96,21.95,-11.5,1.1111,-1.7,往下跳（分割／面額變更）,上市日,-2279,34,興櫃期間或新上市
4768,2020-06-08,58.7603,49.0134,83.7334,42.5,0.699986,-0.3,往上跳（減資／反向分割）,上市日,-2279,17,興櫃期間或新上市
6498,2020-06-08,20.5222,20.2517,24.5334,19.5,0.849979,1.6,往上跳（減資／反向分割）,上市日,-2279,50,興櫃期間或新上市
6550,2020-06-08,19.8303,19.8004,15.9342,-19.6,1.25,0.4,往下跳（分割／面額變更）,上市日,-2279,61,興櫃期間或新上市
6588,2020-06-08,86.9193,86.5822,98.0059,12.8,0.900009,1.5,往上跳（減資／反向分割）,上市日,-2279,21,興櫃期間或新上市
6645,2020-06-08,84.3934,84.2811,67.6457,-19.8,1.25,0.2,往下跳（分割／面額變更）,上市日,-2279,53,興櫃期間或新上市
6684,2020-06-08,23.0844,22.3651,26.7645,15.9,0.849979,-1.5,往上跳（減資／反向分割）,上市日,-2279,22,興櫃期間或新上市
6720,2020-06-08,24.209,24.209,28.5247,17.8,0.849979,0.2,往上跳（減資／反向分割）,上市日,-2279,27,興櫃期間或新上市
4768,2020-06-09,83.7334,73.5532,70.5123,-15.8,1.1765,-0.9,往下跳（分割／面額變更）,上市日,-2278,17,興櫃期間或新上市
4951,2020-06-09,20.7469,20.4238,23.8079,14.8,0.849979,-2.5,往上跳（減資／反向分割）,上市日,-2278,18,興櫃期間或新上市
6588,2020-06-09,98.0059,92.0812,115.3011,17.6,0.849979,-0.0,往上跳（減資／反向分割）,上市日,-2278,21,興櫃期間或新上市
6732,2020-06-09,502.8574,504.755,571.1701,13.6,0.900009,2.2,往上跳（減資／反向分割）,上市日,-2278,2,興櫃期間或新上市
1342,2020-06-10,42.6072,42.9951,48.1496,13.0,0.900009,1.7,往上跳（減資／反向分割）,上市日,-2277,3,興櫃期間或新上市
2755,2020-06-10,21.2708,21.2708,23.7575,11.7,0.900009,0.5,往上跳（減資／反向分割）,上市日,-2277,6,興櫃期間或新上市
4195,2020-06-10,22.9,21.46,26.8,17.0,0.849979,-0.5,往上跳（減資／反向分割）,上市日,-2277,34,興櫃期間或新上市
5547,2020-06-10,18.1466,17.181,24.4828,34.9,0.750019,1.2,往上跳（減資／反向分割）,上市日,-2277,6,興櫃期間或新上市
6598,2020-06-10,107.8994,110.2348,126.1161,16.9,0.849979,-0.7,往上跳（減資／反向分割）,上市日,-2277,21,興櫃期間或新上市
6645,2020-06-10,74.2886,67.8141,94.0303,26.6,0.8,1.3,往上跳（減資／反向分割）,上市日,-2277,53,興櫃期間或新上市
5547,2020-06-11,24.4828,20.75,20.8621,-14.8,1.1765,0.3,往下跳（分割／面額變更）,上市日,-2276,6,興櫃期間或新上市
6598,2020-06-11,126.1161,125.1819,109.7677,-13.0,1.1765,2.4,往下跳（分割／面額變更）,上市日,-2276,21,興櫃期間或新上市
6645,2020-06-15,92.9075,90.8398,107.129,15.3,0.849979,-2.0,往上跳（減資／反向分割）,上市日,-2272,53,興櫃期間或新上市
7556,2020-06-16,59.9133,59.4163,70.8066,18.2,0.849979,0.5,往上跳（減資／反向分割）,上市日,-2271,11,興櫃期間或新上市
4166,2020-06-17,19.0,18.97,26.1,37.4,0.750019,3.0,往上跳（減資／反向分割）,上市日,-2270,25,興櫃期間或新上市
4195,2020-06-17,26.75,26.74,30.2,12.9,0.900009,1.6,往上跳（減資／反向分割）,上市日,-2270,34,興櫃期間或新上市
6733,2020-06-17,27.9388,27.8408,31.4189,12.5,0.900009,1.2,往上跳（減資／反向分割）,上市日,-2270,11,興櫃期間或新上市
1780,2020-06-18,19.75,19.67,22.7,14.9,0.849979,-2.3,往上跳（減資／反向分割）,上市日,-2269,11,興櫃期間或新上市
4945,2020-06-18,41.6119,41.2977,47.4715,14.1,0.900009,2.7,往上跳（減資／反向分割）,上市日,-1904,9,興櫃期間或新上市
3138,2020-06-19,61.5102,60.9281,68.808,11.9,0.900009,0.7,往上跳（減資／反向分割）,上市日,-2268,20,興櫃期間或新上市
4166,2020-06-19,27.5,27.59,24.4,-11.3,1.1111,-1.4,往下跳（分割／面額變更）,上市日,-2268,25,興櫃期間或新上市
4945,2020-06-19,47.4715,45.1701,55.1994,16.3,0.849979,-1.2,往上跳（減資／反向分割）,上市日,-1903,9,興櫃期間或新上市
5222,2020-06-19,76.5618,75.8513,86.9742,13.6,0.900009,2.2,往上跳（減資／反向分割）,上市日,-2268,15,興櫃期間或新上市
6423,2020-06-19,39.9419,39.8364,45.0725,12.8,0.900009,1.6,往上跳（減資／反向分割）,上市日,-2268,28,興櫃期間或新上市
6735,2020-06-19,60.6852,59.8861,74.8577,23.4,0.8,-1.3,往上跳（減資／反向分割）,上市日,-2268,7,興櫃期間或新上市
6423,2020-06-22,45.0725,41.4571,56.2927,24.9,0.8,-0.1,往上跳（減資／反向分割）,上市日,-2265,28,興櫃期間或新上市
6645,2020-06-22,130.5197,118.8431,149.7,14.7,0.849979,-2.5,往上跳（減資／反向分割）,上市日,-2265,53,興櫃期間或新上市
6733,2020-06-22,30.8307,30.5758,50.4859,63.8,0.599988,-1.8,往上跳（減資／反向分割）,上市日,-2265,11,興櫃期間或新上市
6474,2020-06-23,24.3891,24.3891,27.1094,11.2,0.900009,0.0,往上跳（減資／反向分割）,上市日,-2264,7,興櫃期間或新上市
6720,2020-06-23,26.0175,26.0175,29.5933,13.7,0.900009,2.4,往上跳（減資／反向分割）,上市日,-2264,27,興櫃期間或新上市
2754,2020-06-24,89.8527,87.5616,105.1267,17.0,0.849979,-0.6,往上跳（減資／反向分割）,上市日,-2263,12,興櫃期間或新上市
6597,2020-06-24,22.157,22.195,19.3992,-12.4,1.1111,-2.7,往下跳（分割／面額變更）,上市日,-2263,34,興櫃期間或新上市
6695,2020-06-24,16.35,15.65,18.2,11.3,0.900009,0.2,往上跳（減資／反向分割）,上市日,-2263,21,興櫃期間或新上市
6733,2020-06-24,53.8189,54.9365,47.741,-11.3,1.1111,-1.4,往下跳（分割／面額變更）,上市日,-2263,11,興櫃期間或新上市
6735,2020-06-24,71.6161,73.1464,85.1855,18.9,0.849979,1.1,往上跳（減資／反向分割）,上市日,-2263,7,興櫃期間或新上市
6747,2020-06-24,94.9478,95.2411,108.1452,13.9,0.900009,2.5,往上跳（減資／反向分割）,上市日,-1984,5,興櫃期間或新上市
6756,2020-06-24,173.355,171.1536,292.3417,68.6,0.599988,1.2,往上跳（減資／反向分割）,上市日,-2263,9,興櫃期間或新上市
4768,2020-06-29,79.3264,75.0883,88.8749,12.0,0.900009,0.8,往上跳（減資／反向分割）,上市日,-2258,17,興櫃期間或新上市
6751,2020-06-29,72.1961,70.8281,82.8355,14.7,0.849979,-2.5,往上跳（減資／反向分割）,上市日,-2258,13,興櫃期間或新上市
6498,2020-06-30,25.4662,24.5614,28.9177,13.6,0.900009,2.2,往上跳（減資／反向分割）,上市日,-2257,50,興櫃期間或新上市
4166,2020-07-01,22.25,22.13,26.25,18.0,0.849979,0.3,往上跳（減資／反向分割）,上市日,-2256,25,興櫃期間或新上市
4768,2020-07-01,98.4234,92.4519,136.6176,38.8,0.699986,-2.8,往上跳（減資／反向分割）,上市日,-2256,17,興櫃期間或新上市
6695,2020-07-01,18.2,17.5,20.4,12.1,0.900009,0.9,往上跳（減資／反向分割）,上市日,-2256,21,興櫃期間或新上市
7556,2020-07-01,78.9766,78.146,89.1891,12.9,0.900009,1.6,往上跳（減資／反向分割）,上市日,-2256,11,興櫃期間或新上市
4768,2020-07-02,136.6176,121.1122,168.2012,23.1,0.8,-1.5,往上跳（減資／反向分割）,上市日,-2255,17,興櫃期間或新上市
5205,2020-07-02,34.882,23.0796,23.0796,-33.8,1.5385,1.8,往下跳（分割／面額變更）,上市日,-2255,11,興櫃期間或新上市
6756,2020-07-02,269.1682,267.8491,352.0578,30.8,0.750019,-1.9,往上跳（減資／反向分割）,上市日,-2255,9,興櫃期間或新上市
7556,2020-07-02,89.1891,86.3024,108.9333,22.1,0.8,-2.3,往上跳（減資／反向分割）,上市日,-2255,11,興櫃期間或新上市
8089,2020-07-02,44.4438,43.5475,49.9993,12.5,0.900009,1.3,往上跳（減資／反向分割）,上市日,-2255,14,興櫃期間或新上市
4582,2020-07-03,40.5716,40.6102,45.0635,11.1,0.900009,-0.0,往上跳（減資／反向分割）,上市日,-2254,18,興櫃期間或新上市
6423,2020-07-03,62.3343,59.2559,74.993,20.3,0.849979,2.3,往上跳（減資／反向分割）,上市日,-2254,28,興櫃期間或新上市
6661,2020-07-03,29.7921,29.5408,34.6334,16.2,0.849979,-1.2,往上跳（減資／反向分割）,上市日,-2254,5,興櫃期間或新上市
6684,2020-07-03,26.179,26.0787,34.2084,30.7,0.750019,-2.0,往上跳（減資／反向分割）,上市日,-2254,22,興櫃期間或新上市
6708,2020-07-03,36.9201,37.299,69.468,88.2,0.549995,3.5,往上跳（減資／反向分割）,上市日,-2254,32,興櫃期間或新上市
6720,2020-07-03,30.8264,31.2456,34.4844,11.9,0.900009,0.7,往上跳（減資／反向分割）,上市日,-2254,27,興櫃期間或新上市
7556,2020-07-03,108.9333,101.0424,93.2741,-14.4,1.1765,0.7,往下跳（分割／面額變更）,上市日,-2254,11,興櫃期間或新上市
3150,2020-07-06,7.8145,7.9913,8.7448,11.9,0.900009,0.7,往上跳（減資／反向分割）,上市日,-2251,47,興櫃期間或新上市
5547,2020-07-06,21.2931,21.3448,23.75,11.5,0.900009,0.4,往上跳（減資／反向分割）,上市日,-2251,6,興櫃期間或新上市
6617,2020-07-06,93.5,92.04,112.0,19.8,0.849979,1.8,往上跳（減資／反向分割）,上市日,-2251,22,興櫃期間或新上市
6657,2020-07-06,81.0057,75.2295,90.5009,11.7,0.900009,0.6,往上跳（減資／反向分割）,上市日,-2251,17,興櫃期間或新上市
6684,2020-07-06,34.2084,32.0254,40.1468,17.4,0.849979,-0.2,往上跳（減資／反向分割）,上市日,-2251,22,興櫃期間或新上市
6708,2020-07-06,69.468,54.2239,80.544,15.9,0.849979,-1.4,往上跳（減資／反向分割）,上市日,-2251,32,興櫃期間或新上市
6751,2020-07-06,89.6751,87.7524,105.6342,17.8,0.849979,0.1,往上跳（減資／反向分割）,上市日,-2251,13,興櫃期間或新上市
3150,2020-07-07,8.7448,8.7913,9.8612,12.8,0.900009,1.5,往上跳（減資／反向分割）,上市日,-2250,47,興櫃期間或新上市
6272,2020-07-07,3.4408,3.4597,3.8556,12.1,0.900009,0.9,往上跳（減資／反向分割）,上市日,-2250,67,興櫃期間或新上市
6423,2020-07-07,79.4043,79.2413,66.9375,-15.7,1.1765,-0.8,往下跳（分割／面額變更）,上市日,-2250,28,興櫃期間或新上市
6617,2020-07-07,112.0,102.35,168.5,50.4,0.649984,-2.2,往上跳（減資／反向分割）,上市日,-2250,22,興櫃期間或新上市
6645,2020-07-07,117.4209,120.4991,101.9831,-13.1,1.1765,2.2,往下跳（分割／面額變更）,上市日,-2250,53,興櫃期間或新上市
6708,2020-07-07,80.544,73.2183,69.468,-13.8,1.1765,1.5,往下跳（分割／面額變更）,上市日,-2250,32,興櫃期間或新上市
6767,2020-07-07,40.0,39.88,45.2,13.0,0.900009,1.7,往上跳（減資／反向分割）,上市日,-2250,7,興櫃期間或新上市
4169,2020-07-08,41.3974,41.0378,47.4397,14.6,0.849979,-2.6,往上跳（減資／反向分割）,上市日,-2249,25,興櫃期間或新上市
6620,2020-07-08,26.7977,26.6409,33.3134,24.3,0.8,-0.5,往上跳（減資／反向分割）,上市日,-2249,41,興櫃期間或新上市
6637,2020-07-08,40.9151,40.6095,73.0869,78.6,0.549995,-1.8,往上跳（減資／反向分割）,上市日,-2249,12,興櫃期間或新上市
6645,2020-07-08,101.9831,104.1257,130.5197,28.0,0.8,2.4,往上跳（減資／反向分割）,上市日,-2249,53,興櫃期間或新上市
6661,2020-07-08,30.2111,30.2763,34.261,13.4,0.900009,2.1,往上跳（減資／反向分割）,上市日,-2249,5,興櫃期間或新上市
6712,2020-07-08,87.1455,87.6187,96.9566,11.3,0.900009,0.1,往上跳（減資／反向分割）,上市日,-2249,7,興櫃期間或新上市
6550,2020-07-09,18.6815,18.152,22.5277,20.6,0.849979,2.5,往上跳（減資／反向分割）,上市日,-2248,61,興櫃期間或新上市
6617,2020-07-09,180.5,176.21,157.0,-13.0,1.1765,2.3,往下跳（分割／面額變更）,上市日,-2248,22,興櫃期間或新上市
6637,2020-07-09,73.0869,59.7768,60.2691,-17.5,1.1765,-3.0,往下跳（分割／面額變更）,上市日,-2248,12,興櫃期間或新上市
6695,2020-07-09,18.3,18.24,20.9,14.2,0.900009,2.8,往上跳（減資／反向分割）,上市日,-2248,21,興櫃期間或新上市
6617,2020-07-10,157.0,159.76,130.5,-16.9,1.1765,-2.2,往下跳（分割／面額變更）,上市日,-2247,22,興櫃期間或新上市
6637,2020-07-10,60.2691,60.5662,53.0538,-12.0,1.1111,-2.2,往下跳（分割／面額變更）,上市日,-2247,12,興櫃期間或新上市
6645,2020-07-10,127.245,126.9736,113.2106,-11.0,1.1111,-1.1,往下跳（分割／面額變更）,上市日,-2247,53,興櫃期間或新上市
6684,2020-07-10,34.7939,34.4258,45.416,30.5,0.750019,-2.1,往上跳（減資／反向分割）,上市日,-2247,22,興櫃期間或新上市
6695,2020-07-10,20.9,19.93,24.2,15.8,0.849979,-1.6,往上跳（減資／反向分割）,上市日,-2247,21,興櫃期間或新上市
6708,2020-07-10,59.7522,63.4636,50.5222,-15.4,1.1765,-0.5,往下跳（分割／面額變更）,上市日,-2247,32,興櫃期間或新上市
8089,2020-07-10,48.2215,49.1771,42.4438,-12.0,1.1111,-2.2,往下跳（分割／面額變更）,上市日,-2247,14,興櫃期間或新上市
6708,2020-07-13,50.5222,50.2599,57.6147,14.0,0.900009,2.6,往上跳（減資／反向分割）,上市日,-2244,32,興櫃期間或新上市
5205,2020-07-14,26.5053,23.2797,23.2797,-12.2,1.1111,-2.4,往下跳（分割／面額變更）,上市日,-2243,11,興櫃期間或新上市
6550,2020-07-14,23.2769,23.6266,20.4298,-12.2,1.1111,-2.5,往下跳（分割／面額變更）,上市日,-2243,61,興櫃期間或新上市
6751,2020-07-14,83.5954,84.8722,98.0347,17.3,0.849979,-0.3,往上跳（減資／反向分割）,上市日,-2243,13,興櫃期間或新上市
6756,2020-07-14,323.9823,325.3816,285.2114,-12.0,1.1111,-2.2,往下跳（分割／面額變更）,上市日,-2243,9,興櫃期間或新上市
4440,2020-07-15,31.2326,31.1118,27.3596,-12.4,1.1111,-2.7,往下跳（分割／面額變更）,上市日,-2242,5,興櫃期間或新上市
4195,2020-07-17,25.85,25.82,22.9,-11.4,1.1111,-1.6,往下跳（分割／面額變更）,上市日,-2240,34,興櫃期間或新上市
6684,2020-07-17,37.6376,37.6376,32.201,-14.4,1.1765,0.7,往下跳（分割／面額變更）,上市日,-2240,22,興櫃期間或新上市
6733,2020-07-17,48.2312,48.9076,42.2513,-12.4,1.1111,-2.7,往下跳（分割／面額變更）,上市日,-2240,11,興櫃期間或新上市
6684,2020-07-20,32.201,33.5727,37.2194,15.6,0.849979,-1.8,往上跳（減資／反向分割）,上市日,-2237,22,興櫃期間或新上市
6735,2020-07-21,71.6161,71.0733,79.5316,11.1,0.900009,-0.1,往上跳（減資／反向分割）,上市日,-2236,7,興櫃期間或新上市
6756,2020-07-21,225.0496,223.6414,270.9508,20.4,0.849979,2.3,往上跳（減資／反向分割）,上市日,-2236,9,興櫃期間或新上市
6756,2020-07-22,270.9508,262.5727,301.2545,11.2,0.900009,0.1,往上跳（減資／反向分割）,上市日,-2235,9,興櫃期間或新上市
6743,2020-07-23,57.7639,57.8104,64.3371,11.4,0.900009,0.2,往上跳（減資／反向分割）,上市日,-2234,8,興櫃期間或新上市
4768,2020-07-24,129.2726,128.8539,111.6445,-13.6,1.1765,1.6,往下跳（分割／面額變更）,上市日,-2233,17,興櫃期間或新上市
4768,2020-07-27,111.6445,113.5836,96.2199,-13.8,1.1765,1.4,往下跳（分割／面額變更）,上市日,-2230,17,興櫃期間或新上市
6645,2020-07-28,94.0303,94.6197,82.1479,-12.6,1.1765,2.8,往下跳（分割／面額變更）,上市日,-2229,53,興櫃期間或新上市
6754,2020-07-28,37.4953,36.4468,43.4681,15.9,0.849979,-1.5,往上跳（減資／反向分割）,上市日,-2229,4,興櫃期間或新上市
4768,2020-07-29,106.503,101.4643,132.9451,24.8,0.8,-0.1,往上跳（減資／反向分割）,上市日,-2228,17,興櫃期間或新上市
6743,2020-07-30,69.3831,68.7723,77.6825,12.0,0.900009,0.8,往上跳（減資／反向分割）,上市日,-2227,8,興櫃期間或新上市
7556,2020-08-03,83.0616,83.7425,92.5933,11.5,0.900009,0.3,往上跳（減資／反向分割）,上市日,-2223,11,興櫃期間或新上市
6423,2020-08-04,46.9905,47.1247,56.964,21.2,0.8,-3.0,往上跳（減資／反向分割）,上市日,-2222,28,興櫃期間或新上市
6756,2020-08-04,276.2985,268.7048,316.852,14.7,0.849979,-2.5,往上跳（減資／反向分割）,上市日,-2222,9,興櫃期間或新上市
6708,2020-08-05,48.0932,46.7913,55.8659,16.2,0.849979,-1.3,往上跳（減資／反向分割）,上市日,-2221,32,興櫃期間或新上市
8045,2020-08-10,9.2638,9.1016,10.3991,12.3,0.900009,1.0,往上跳（減資／反向分割）,上市日,-2216,30,興櫃期間或新上市
4768,2020-08-12,138.8211,138.0646,123.3965,-11.1,1.1111,-1.2,往下跳（分割／面額變更）,上市日,-2214,17,興櫃期間或新上市
5547,2020-08-13,22.3276,21.4914,17.6724,-20.8,1.25,-1.1,往下跳（分割／面額變更）,上市日,-2213,6,興櫃期間或新上市
6606,2020-08-14,17.9631,17.7796,20.6384,14.9,0.849979,-2.3,往上跳（減資／反向分割）,上市日,-2212,4,興櫃期間或新上市
6645,2020-08-17,73.0723,74.5599,62.874,-14.0,1.1765,1.2,往下跳（分割／面額變更）,上市日,-2209,53,興櫃期間或新上市
6550,2020-08-18,16.0341,16.0141,17.9822,12.1,0.900009,0.9,往上跳（減資／反向分割）,上市日,-2208,61,興櫃期間或新上市
6645,2020-08-18,62.874,63.6412,72.8852,15.9,0.849979,-1.5,往上跳（減資／反向分割）,上市日,-2208,53,興櫃期間或新上市
6645,2020-08-19,72.8852,68.2258,83.177,14.1,0.900009,2.7,往上跳（減資／反向分割）,上市日,-2207,53,興櫃期間或新上市
2754,2020-08-24,90.4184,90.5221,100.4125,11.1,0.900009,-0.1,往上跳（減資／反向分割）,上市日,-2202,12,興櫃期間或新上市
3219,2020-08-24,14.4354,17.4332,17.4332,20.8,0.849979,2.6,往上跳（減資／反向分割）,上市日,-2202,3,興櫃期間或新上市
4558,2020-08-24,16.6321,16.3439,19.2513,15.7,0.849979,-1.6,往上跳（減資／反向分割）,上市日,-2202,7,興櫃期間或新上市
6754,2020-08-25,44.8617,40.4153,37.4953,-16.4,1.1765,-1.7,往下跳（分割／面額變更）,上市日,-2201,4,興櫃期間或新上市
4558,2020-08-26,19.6442,20.4474,16.9813,-13.6,1.1765,1.7,往下跳（分割／面額變更）,上市日,-2200,7,興櫃期間或新上市
3349,2020-08-27,12.3043,12.4593,13.7626,11.9,0.900009,0.7,往上跳（減資／反向分割）,上市日,-2199,16,興櫃期間或新上市
3349,2020-08-28,13.7626,13.3069,15.4943,12.6,0.900009,1.3,往上跳（減資／反向分割）,上市日,-2198,16,興櫃期間或新上市
2248,2020-09-01,30.9817,30.9817,27.2317,-12.1,1.1111,-2.3,往下跳（分割／面額變更）,上市日,-2194,8,興櫃期間或新上市
3349,2020-09-01,16.5881,16.3693,18.5021,11.5,0.900009,0.4,往上跳（減資／反向分割）,上市日,-2194,16,興櫃期間或新上市
6689,2020-09-01,205.5283,200.304,161.1631,-21.6,1.25,-2.0,往下跳（分割／面額變更）,上市日,-2194,10,興櫃期間或新上市
6534,2020-09-07,53.7176,52.4501,59.7532,11.2,0.900009,0.1,往上跳（減資／反向分割）,上市日,-2188,19,興櫃期間或新上市
2754,2020-09-09,103.7124,100.4973,136.7118,31.8,0.750019,-1.1,往上跳（減資／反向分割）,上市日,-2186,12,興櫃期間或新上市
3150,2020-09-09,9.7681,9.7123,11.024,12.9,0.900009,1.6,往上跳（減資／反向分割）,上市日,-2186,47,興櫃期間或新上市
4166,2020-09-09,16.2,16.29,18.0,11.1,0.900009,0.0,往上跳（減資／反向分割）,上市日,-2186,25,興櫃期間或新上市
2754,2020-09-10,136.7118,122.8898,230.9958,69.0,0.599988,1.4,往上跳（減資／反向分割）,上市日,-2185,12,興櫃期間或新上市
4945,2020-09-10,46.6223,45.7391,52.7367,13.1,0.900009,1.8,往上跳（減資／反向分割）,上市日,-1820,9,興櫃期間或新上市
7556,2020-09-10,69.1046,70.3369,81.7,18.2,0.849979,0.5,往上跳（減資／反向分割）,上市日,-2185,11,興櫃期間或新上市
8089,2020-09-10,46.3697,45.4882,59.4066,28.1,0.8,2.5,往上跳（減資／反向分割）,上市日,-2185,14,興櫃期間或新上市
2247,2020-09-11,216.4691,211.7711,281.8797,30.2,0.750019,-2.3,往上跳（減資／反向分割）,上市日,-2184,4,興櫃期間或新上市
2755,2020-09-11,26.5502,26.0759,36.9561,39.2,0.699986,-2.6,往上跳（減資／反向分割）,上市日,-2184,6,興櫃期間或新上市
4945,2020-09-11,52.7367,49.5776,64.0313,21.4,0.8,-2.9,往上跳（減資／反向分割）,上市日,-1819,9,興櫃期間或新上市
6703,2020-09-11,59.1445,57.4937,68.4134,15.7,0.849979,-1.7,往上跳（減資／反向分割）,上市日,-2184,4,興櫃期間或新上市
6728,2020-09-11,46.5487,46.9089,51.985,11.7,0.900009,0.5,往上跳（減資／反向分割）,上市日,-2184,3,興櫃期間或新上市
6752,2020-09-11,41.81,41.0856,48.8764,16.9,0.849979,-0.6,往上跳（減資／反向分割）,上市日,-2184,7,興櫃期間或新上市
6767,2020-09-11,43.65,42.97,49.0,12.3,0.900009,1.0,往上跳（減資／反向分割）,上市日,-2184,7,興櫃期間或新上市
7556,2020-09-11,81.7,77.4992,96.6783,18.3,0.849979,0.6,往上跳（減資／反向分割）,上市日,-2184,11,興櫃期間或新上市
8089,2020-09-11,59.4066,54.2881,74.4434,25.3,0.8,0.2,往上跳（減資／反向分割）,上市日,-2184,14,興櫃期間或新上市
2754,2020-09-14,239.01,241.5179,202.2392,-15.4,1.1765,-0.4,往下跳（分割／面額變更）,上市日,-2181,12,興櫃期間或新上市
5222,2020-09-14,62.4744,62.6704,53.3483,-14.6,1.1765,0.5,往下跳（分割／面額變更）,上市日,-2181,15,興櫃期間或新上市
6423,2020-09-14,40.4214,40.4502,47.3741,17.2,0.849979,-0.4,往上跳（減資／反向分割）,上市日,-2181,28,興櫃期間或新上市
6661,2020-09-14,28.3956,28.3212,35.7506,25.9,0.8,0.7,往上跳（減資／反向分割）,上市日,-2181,5,興櫃期間或新上市
6708,2020-09-14,45.6643,45.2659,50.8137,11.3,0.900009,0.1,往上跳（減資／反向分割）,上市日,-2181,32,興櫃期間或新上市
6730,2020-09-14,55.7225,56.1548,62.4476,12.1,0.900009,0.9,往上跳（減資／反向分割）,上市日,-2181,5,興櫃期間或新上市
6751,2020-09-14,89.6751,91.9854,116.2737,29.7,0.750019,-2.8,往上跳（減資／反向分割）,上市日,-2181,13,興櫃期間或新上市
2754,2020-09-15,202.2392,208.7071,173.954,-14.0,1.1765,1.2,往下跳（分割／面額變更）,上市日,-2180,12,興櫃期間或新上市
2755,2020-09-15,34.8137,36.3669,30.5672,-12.2,1.1111,-2.4,往下跳（分割／面額變更）,上市日,-2180,6,興櫃期間或新上市
6752,2020-09-15,50.3486,48.8588,44.7543,-11.1,1.1111,-1.2,往下跳（分割／面額變更）,上市日,-2180,7,興櫃期間或新上市
8089,2020-09-15,68.7398,74.9323,59.1844,-13.9,1.1765,1.3,往下跳（分割／面額變更）,上市日,-2180,14,興櫃期間或新上市
6695,2020-09-16,16.8,17.62,19.8,17.9,0.849979,0.2,往上跳（減資／反向分割）,上市日,-2179,21,興櫃期間或新上市
2754,2020-09-17,179.1396,105.5981,101.8267,-43.2,1.8182,3.4,往下跳（分割／面額變更）,上市日,-2178,12,興櫃期間或新上市
6103,2020-09-17,41.6836,50.3868,50.3868,20.9,0.849979,2.7,往上跳（減資／反向分割）,上市日,-2178,33,興櫃期間或新上市
2754,2020-09-18,101.8267,98.0554,88.3441,-13.2,1.1765,2.1,往下跳（分割／面額變更）,上市日,-2177,12,興櫃期間或新上市
6645,2020-09-18,84.3934,82.9151,98.2406,16.4,0.849979,-1.1,往上跳（減資／反向分割）,上市日,-2177,53,興櫃期間或新上市
2247,2020-09-21,268.1471,269.9323,232.7314,-13.2,1.1765,2.1,往下跳（分割／面額變更）,上市日,-2174,4,興櫃期間或新上市
8089,2020-09-23,53.1104,47.7771,46.666,-12.1,1.1111,-2.4,往下跳（分割／面額變更）,上市日,-2172,14,興櫃期間或新上市
8089,2020-09-24,46.666,46.2956,51.8511,11.1,0.900009,0.0,往上跳（減資／反向分割）,上市日,-2171,14,興櫃期間或新上市
6645,2020-09-29,101.0475,103.6859,84.8612,-16.0,1.1765,-1.2,往下跳（分割／面額變更）,上市日,-2166,53,興櫃期間或新上市
5292,2020-09-30,29.8455,29.8455,36.3005,21.6,0.8,-2.7,往上跳（減資／反向分割）,上市日,-2165,14,興櫃期間或新上市
7556,2020-10-06,97.3591,96.8349,115.0608,18.2,0.849979,0.5,往上跳（減資／反向分割）,上市日,-2159,11,興櫃期間或新上市
4923,2020-10-07,12.7341,12.72,14.2198,11.7,0.900009,0.5,往上跳（減資／反向分割）,上市日,-2158,45,興櫃期間或新上市
6720,2020-10-07,25.6475,25.6969,22.3594,-12.8,1.1765,2.6,往下跳（分割／面額變更）,上市日,-2158,27,興櫃期間或新上市
6785,2020-10-07,44.682,45.0093,59.5098,33.2,0.750019,-0.1,往上跳（減資／反向分割）,上市日,-2158,16,興櫃期間或新上市
6785,2020-10-08,59.5098,54.8284,68.4363,15.0,0.849979,-2.3,往上跳（減資／反向分割）,上市日,-2157,16,興櫃期間或新上市
2247,2020-10-12,237.7908,216.8305,206.3504,-13.2,1.1765,2.1,往下跳（分割／面額變更）,上市日,-2153,4,興櫃期間或新上市
6785,2020-10-12,68.4363,68.5057,58.7164,-14.2,1.1765,0.9,往下跳（分割／面額變更）,上市日,-2153,16,興櫃期間或新上市
6272,2020-10-15,3.9122,4.0159,4.9963,27.7,0.8,2.2,往上跳（減資／反向分割）,上市日,-2150,67,興櫃期間或新上市
8934,2020-10-15,29.2,23.7,24.1,-17.5,1.1765,-2.9,往下跳（分割／面額變更）,上市日,-36,5,興櫃期間或新上市
6272,2020-10-16,4.9963,4.5061,5.8636,17.4,0.849979,-0.2,往上跳（減資／反向分割）,上市日,-2149,67,興櫃期間或新上市
6272,2020-10-19,5.8636,5.7127,4.7512,-19.0,1.25,1.3,往下跳（分割／面額變更）,上市日,-2146,67,興櫃期間或新上市
6144,2020-10-22,14.7,13.5,12.9,-12.2,1.1111,-2.5,往下跳（分割／面額變更）,上市日,-2143,4,興櫃期間或新上市
6272,2020-10-22,4.3081,4.4024,5.1565,19.7,0.849979,1.7,往上跳（減資／反向分割）,上市日,-2143,67,興櫃期間或新上市
6684,2020-10-29,43.1578,42.6727,48.2598,11.8,0.900009,0.6,往上跳（減資／反向分割）,上市日,-2136,22,興櫃期間或新上市
6597,2020-10-30,14.7872,14.1025,17.4023,17.7,0.849979,0.0,往上跳（減資／反向分割）,上市日,-2135,34,興櫃期間或新上市
7556,2020-10-30,91.9125,78.2958,72.1683,-21.5,1.25,-1.9,往下跳（分割／面額變更）,上市日,-2135,11,興櫃期間或新上市
6597,2020-11-02,17.4023,15.7191,15.3577,-11.7,1.1111,-1.9,往下跳（分割／面額變更）,上市日,-2132,34,興櫃期間或新上市
6272,2020-11-03,4.5721,4.6004,5.3545,17.1,0.849979,-0.5,往上跳（減資／反向分割）,上市日,-2131,67,興櫃期間或新上市
6272,2020-11-04,5.3545,4.7983,6.7403,25.9,0.8,0.7,往上跳（減資／反向分割）,上市日,-2130,67,興櫃期間或新上市
4923,2020-11-06,13.2293,13.1515,15.0687,13.9,0.900009,2.5,往上跳（減資／反向分割）,上市日,-2128,45,興櫃期間或新上市
6272,2020-11-09,6.5989,6.6271,8.0223,21.6,0.8,-2.7,往上跳（減資／反向分割）,上市日,-2125,67,興櫃期間或新上市
6546,2020-11-09,13.7577,13.7416,54.934,299.3,0.25,-0.2,往上跳（減資／反向分割）,上市日,-2125,3,興櫃期間或新上市
6757,2020-11-10,26.2672,26.285,29.3392,11.7,0.900009,0.5,往上跳（減資／反向分割）,上市日,-2124,6,興櫃期間或新上市
6617,2020-11-12,198.5,197.06,231.5,16.6,0.849979,-0.9,往上跳（減資／反向分割）,上市日,-2122,22,興櫃期間或新上市
6645,2020-11-13,65.868,64.2213,73.1659,11.1,0.900009,-0.0,往上跳（減資／反向分割）,上市日,-2121,53,興櫃期間或新上市
6272,2020-11-17,7.485,7.5887,6.6554,-11.1,1.1111,-1.2,往下跳（分割／面額變更）,上市日,-2117,67,興櫃期間或新上市
6657,2020-11-18,55.0918,54.7951,63.499,15.3,0.849979,-2.0,往上跳（減資／反向分割）,上市日,-2116,17,興櫃期間或新上市
6751,2020-11-18,83.9754,83.831,93.8549,11.8,0.900009,0.6,往上跳（減資／反向分割）,上市日,-2116,13,興櫃期間或新上市
4945,2020-11-20,51.3779,44.8389,43.5651,-15.2,1.1765,-0.2,往下跳（分割／面額變更）,上市日,-1749,9,興櫃期間或新上市
6597,2020-11-20,15.2151,15.9188,17.7826,16.9,0.849979,-0.7,往上跳（減資／反向分割）,上市日,-2114,34,興櫃期間或新上市
4923,2020-11-23,14.5735,14.5452,17.3326,18.9,0.849979,1.1,往上跳（減資／反向分割）,上市日,-2111,45,興櫃期間或新上市
6597,2020-11-24,19.114,18.9238,16.8317,-11.9,1.1111,-2.2,往下跳（分割／面額變更）,上市日,-2110,34,興櫃期間或新上市
3150,2020-11-27,13.8615,14.0196,15.7221,13.4,0.900009,2.1,往上跳（減資／反向分割）,上市日,-2107,47,興櫃期間或新上市
6693,2020-11-27,32.5226,31.8856,38.8926,19.6,0.849979,1.6,往上跳（減資／反向分割）,上市日,-2107,12,興櫃期間或新上市
4195,2020-11-30,20.0,19.89,23.0,15.0,0.849979,-2.3,往上跳（減資／反向分割）,上市日,-2104,34,興櫃期間或新上市
2072,2020-12-01,202.0,191.0077,169.569,-16.1,1.1765,-1.2,往下跳（分割／面額變更）,上市日,-2103,11,興櫃期間或新上市
6597,2020-12-04,18.4958,18.4007,20.5404,11.1,0.900009,-0.1,往上跳（減資／反向分割）,上市日,-2100,34,興櫃期間或新上市
6785,2020-12-04,44.5332,45.5052,49.5915,11.4,0.900009,0.2,往上跳（減資／反向分割）,上市日,-2100,16,興櫃期間或新上市
4923,2020-12-07,17.8985,17.9197,20.2331,13.0,0.900009,1.7,往上跳（減資／反向分割）,上市日,-2097,45,興櫃期間或新上市
5205,2020-12-10,29.5059,25.005,25.005,-15.3,1.1765,-0.3,往下跳（分割／面額變更）,上市日,-2094,11,興櫃期間或新上市
3138,2020-12-14,75.5845,77.3221,85.9231,13.7,0.900009,2.3,往上跳（減資／反向分割）,上市日,-2090,20,興櫃期間或新上市
6743,2020-12-14,91.2936,84.986,79.6744,-12.7,1.1765,2.7,往下跳（分割／面額變更）,上市日,-2090,8,興櫃期間或新上市
4577,2020-12-15,25.9616,25.7554,20.6258,-20.6,1.25,-0.7,往下跳（分割／面額變更）,上市日,-2089,3,興櫃期間或新上市
2755,2020-12-16,29.8403,27.1623,26.3207,-11.8,1.1111,-2.0,往下跳（分割／面額變更）,上市日,-2088,6,興櫃期間或新上市
6272,2020-12-16,6.1558,6.1181,6.9382,12.7,0.900009,1.4,往上跳（減資／反向分割）,上市日,-2088,67,興櫃期間或新上市
6198,2020-12-21,34.5549,28.6129,28.4301,-17.7,1.25,2.8,往下跳（分割／面額變更）,上市日,-2083,3,興櫃期間或新上市
4558,2020-12-22,16.5884,16.6059,18.5965,12.1,0.900009,0.9,往上跳（減資／反向分割）,上市日,-2082,7,興櫃期間或新上市
6645,2020-12-22,43.5066,44.3486,58.7572,35.1,0.750019,1.3,往上跳（減資／反向分割）,上市日,-2082,53,興櫃期間或新上市
6645,2020-12-23,58.7572,49.9624,51.2722,-12.7,1.1765,2.7,往下跳（分割／面額變更）,上市日,-2081,53,興櫃期間或新上市
6799,2020-12-23,88.2831,88.292,99.374,12.6,0.900009,1.3,往上跳（減資／反向分割）,上市日,-2081,11,興櫃期間或新上市
6751,2020-12-25,82.8355,69.5362,67.1043,-19.0,1.25,1.3,往下跳（分割／面額變更）,上市日,-2079,13,興櫃期間或新上市
3592,2020-12-28,76.7873,75.2977,90.9584,18.5,0.849979,0.7,往上跳（減資／反向分割）,上市日,-2076,10,興櫃期間或新上市
6103,2020-12-28,46.1988,47.0495,51.6955,11.9,0.900009,0.7,往上跳（減資／反向分割）,上市日,-2076,33,興櫃期間或新上市
6728,2020-12-29,35.5401,35.2003,39.8212,12.0,0.900009,0.8,往上跳（減資／反向分割）,上市日,-2075,3,興櫃期間或新上市
2248,2020-12-30,22.2318,22.0532,19.1515,-13.9,1.1765,1.3,往下跳（分割／面額變更）,上市日,-2074,8,興櫃期間或新上市
8438,2020-12-31,16.8678,16.8678,19.2715,14.3,0.900009,2.8,往上跳（減資／反向分割）,上市日,-2073,8,興櫃期間或新上市
6620,2021-01-04,23.9072,23.9072,27.5815,15.4,0.849979,-1.9,往上跳（減資／反向分割）,上市日,-2069,41,興櫃期間或新上市
3168,2021-01-05,22.5337,22.0505,26.2823,16.6,0.849979,-0.9,往上跳（減資／反向分割）,上市日,-2068,16,興櫃期間或新上市
2948,2021-01-06,45.8116,43.9181,53.3706,16.5,0.849979,-1.0,往上跳（減資／反向分割）,上市日,-2067,4,興櫃期間或新上市
5292,2021-01-06,35.3288,35.3774,39.5627,12.0,0.900009,0.8,往上跳（減資／反向分割）,上市日,-2067,14,興櫃期間或新上市
6799,2021-01-08,106.9157,102.6746,125.5484,17.4,0.849979,-0.2,往上跳（減資／反向分割）,上市日,-2065,11,興櫃期間或新上市
6811,2021-01-08,108.6972,106.1955,125.0881,15.1,0.849979,-2.2,往上跳（減資／反向分割）,上市日,-2065,9,興櫃期間或新上市
2948,2021-01-11,49.9347,49.2322,55.5848,11.3,0.900009,0.2,往上跳（減資／反向分割）,上市日,-2062,4,興櫃期間或新上市
6584,2021-01-11,31.1555,30.1526,37.3866,20.0,0.849979,2.0,往上跳（減資／反向分割）,上市日,-2062,11,興櫃期間或新上市
2237,2021-01-12,28.05,27.47,35.5,26.6,0.8,1.2,往上跳（減資／反向分割）,上市日,-2061,31,興櫃期間或新上市
2756,2021-01-12,73.6869,79.0278,63.405,-14.0,1.1765,1.2,往下跳（分割／面額變更）,上市日,-2061,7,興櫃期間或新上市
5236,2021-01-13,104.7014,104.4053,118.0976,12.8,0.900009,1.5,往上跳（減資／反向分割）,上市日,-2060,3,興櫃期間或新上市
6224,2021-01-13,83.2006,84.7977,93.0305,11.8,0.900009,0.6,往上跳（減資／反向分割）,上市日,-2060,1,興櫃期間或新上市
6811,2021-01-13,118.618,115.1328,135.0089,13.8,0.900009,2.4,往上跳（減資／反向分割）,上市日,-2060,9,興櫃期間或新上市
6753,2021-01-14,32.408,32.0494,37.0968,14.5,0.849979,-2.7,往上跳（減資／反向分割）,上市日,-2059,4,興櫃期間或新上市
6811,2021-01-19,146.655,140.159,168.2219,14.7,0.849979,-2.5,往上跳（減資／反向分割）,上市日,-2054,9,興櫃期間或新上市
6747,2021-01-20,102.2797,101.1799,118.0433,15.4,0.849979,-1.9,往上跳（減資／反向分割）,上市日,-1774,5,興櫃期間或新上市
6103,2021-01-26,58.1084,51.6955,51.6955,-11.0,1.1111,-1.2,往下跳（分割／面額變更）,上市日,-2047,33,興櫃期間或新上市
6693,2021-01-27,40.7318,40.8305,46.6531,14.5,0.849979,-2.6,往上跳（減資／反向分割）,上市日,-2046,12,興櫃期間或新上市
6730,2021-01-28,28.3416,28.3897,34.2501,20.8,0.849979,2.7,往上跳（減資／反向分割）,上市日,-2045,5,興櫃期間或新上市
6733,2021-01-28,35.5852,30.2425,30.5856,-14.0,1.1765,1.1,往下跳（分割／面額變更）,上市日,-2045,11,興櫃期間或新上市
6617,2021-02-01,188.5,196.54,144.5,-23.3,1.3333,2.2,往下跳（分割／面額變更）,上市日,-2041,22,興櫃期間或新上市
6617,2021-02-02,144.5,158.48,170.5,18.0,0.849979,0.3,往上跳（減資／反向分割）,上市日,-2040,22,興櫃期間或新上市
5222,2021-02-03,62.4744,62.5786,69.5181,11.3,0.900009,0.1,往上跳（減資／反向分割）,上市日,-2039,15,興櫃期間或新上市
6651,2021-02-03,53.1437,53.0048,60.7853,14.4,0.849979,-2.8,往上跳（減資／反向分割）,上市日,-2039,9,興櫃期間或新上市
6695,2021-02-03,20.9,20.05,23.8,13.9,0.900009,2.5,往上跳（減資／反向分割）,上市日,-2039,21,興櫃期間或新上市
7547,2021-02-04,55.1,45.8701,38.6926,-29.8,1.4286,0.3,往下跳（分割／面額變更）,上市日,-2038,26,興櫃期間或新上市
3592,2021-02-05,142.04,139.0872,159.1771,12.1,0.900009,0.9,往上跳（減資／反向分割）,上市日,-2037,10,興櫃期間或新上市
3150,2021-02-17,15.8151,15.75,17.9083,13.2,0.900009,1.9,往上跳（減資／反向分割）,上市日,-2025,47,興櫃期間或新上市
3357,2021-02-17,87.2059,85.9743,99.8278,14.5,0.849979,-2.7,往上跳（減資／反向分割）,上市日,-2025,9,興櫃期間或新上市
3592,2021-02-17,159.1771,154.1678,255.738,60.7,0.599988,-3.6,往上跳（減資／反向分割）,上市日,-2025,10,興櫃期間或新上市
4951,2021-02-17,21.6822,21.6312,24.7432,14.1,0.900009,2.7,往上跳（減資／反向分割）,上市日,-2025,18,興櫃期間或新上市
6272,2021-02-17,6.6177,6.5894,7.6358,15.4,0.849979,-1.9,往上跳（減資／反向分割）,上市日,-2025,67,興櫃期間或新上市
6770,2021-02-17,48.2258,48.0458,54.2895,12.6,0.900009,1.3,往上跳（減資／反向分割）,上市日,-2025,4,興櫃期間或新上市
4951,2021-02-18,24.7432,24.3861,28.1444,13.7,0.900009,2.4,往上跳（減資／反向分割）,上市日,-2024,18,興櫃期間或新上市
6272,2021-02-18,7.6358,7.4473,8.6068,12.7,0.900009,1.4,往上跳（減資／反向分割）,上市日,-2024,67,興櫃期間或新上市
6423,2021-02-18,45.4561,45.1684,51.4977,13.3,0.900009,2.0,往上跳（減資／反向分割）,上市日,-2024,28,興櫃期間或新上市
6620,2021-02-18,23.0254,22.9764,25.5729,11.1,0.900009,-0.0,往上跳（減資／反向分割）,上市日,-2024,41,興櫃期間或新上市
6693,2021-02-18,49.1652,48.1424,55.6249,13.1,0.900009,1.8,往上跳（減資／反向分割）,上市日,-2024,12,興櫃期間或新上市
6695,2021-02-18,24.15,24.05,29.6,22.6,0.8,-1.9,往上跳（減資／反向分割）,上市日,-2024,21,興櫃期間或新上市
6708,2021-02-18,54.3113,55.0497,62.6669,15.4,0.849979,-1.9,往上跳（減資／反向分割）,上市日,-2024,32,興櫃期間或新上市
6770,2021-02-18,54.2895,52.6883,62.4377,15.0,0.849979,-2.2,往上跳（減資／反向分割）,上市日,-2024,4,興櫃期間或新上市
6792,2021-02-18,75.9025,74.9731,91.7801,20.9,0.849979,2.8,往上跳（減資／反向分割）,上市日,-2024,4,興櫃期間或新上市
2072,2021-02-19,158.9421,160.0602,179.2719,12.8,0.900009,1.5,往上跳（減資／反向分割）,上市日,-2023,11,興櫃期間或新上市
3073,2021-02-19,12.428,19.755,19.755,59.0,0.649984,3.3,往上跳（減資／反向分割）,上市日,-2023,2,興櫃期間或新上市
6720,2021-02-19,23.5102,23.0746,27.6615,17.7,0.849979,0.0,往上跳（減資／反向分割）,上市日,-2023,27,興櫃期間或新上市
6792,2021-02-19,91.7801,83.818,109.2067,19.0,0.849979,1.1,往上跳（減資／反向分割）,上市日,-2023,4,興櫃期間或新上市
6805,2021-02-19,141.8382,142.073,159.9348,12.8,0.900009,1.5,往上跳（減資／反向分割）,上市日,-2023,19,興櫃期間或新上市
6806,2021-02-19,57.7987,57.4518,64.9743,12.4,0.900009,1.2,往上跳（減資／反向分割）,上市日,-1950,3,興櫃期間或新上市
6811,2021-02-19,127.6761,128.0384,147.949,15.9,0.849979,-1.5,往上跳（減資／反向分割）,上市日,-2023,9,興櫃期間或新上市
7547,2021-02-19,32.5018,32.231,36.9515,13.7,0.900009,2.3,往上跳（減資／反向分割）,上市日,-2023,26,興櫃期間或新上市
8045,2021-02-19,9.7313,9.6168,11.1146,14.2,0.900009,2.8,往上跳（減資／反向分割）,上市日,-2023,30,興櫃期間或新上市
2237,2021-02-22,40.2,39.77,50.3,25.1,0.8,0.1,往上跳（減資／反向分割）,上市日,-2020,31,興櫃期間或新上市
3150,2021-02-22,19.1642,18.7734,23.4435,22.3,0.8,-2.1,往上跳（減資／反向分割）,上市日,-2020,47,興櫃期間或新上市
4195,2021-02-22,16.55,16.22,18.45,11.5,0.900009,0.3,往上跳（減資／反向分割）,上市日,-2020,34,興櫃期間或新上市
4951,2021-02-22,28.0594,28.629,31.6305,12.7,0.900009,1.5,往上跳（減資／反向分割）,上市日,-2020,18,興櫃期間或新上市
5228,2021-02-22,16.6751,16.0371,24.6018,47.5,0.699986,3.3,往上跳（減資／反向分割）,上市日,-2020,9,興櫃期間或新上市
6272,2021-02-22,9.2573,9.0687,14.2347,53.8,0.649984,-0.1,往上跳（減資／反向分割）,上市日,-2020,67,興櫃期間或新上市
6474,2021-02-22,30.0173,29.7641,33.4881,11.6,0.900009,0.4,往上跳（減資／反向分割）,上市日,-2020,7,興櫃期間或新上市
6695,2021-02-22,29.8,28.58,36.5,22.5,0.8,-2.0,往上跳（減資／反向分割）,上市日,-2020,21,興櫃期間或新上市
6720,2021-02-22,27.6615,25.2941,36.0463,30.3,0.750019,-2.3,往上跳（減資／反向分割）,上市日,-2020,27,興櫃期間或新上市
6761,2021-02-22,38.555,37.6749,43.7934,13.6,0.900009,2.2,往上跳（減資／反向分割）,上市日,-2020,7,興櫃期間或新上市
6770,2021-02-22,66.6065,65.1569,79.492,19.3,0.849979,1.4,往上跳（減資／反向分割）,上市日,-2020,4,興櫃期間或新上市
7547,2021-02-22,36.9515,35.0362,45.8024,24.0,0.8,-0.8,往上跳（減資／反向分割）,上市日,-2020,26,興櫃期間或新上市
4440,2021-02-23,26.649,26.5637,30.1666,13.2,0.900009,1.9,往上跳（減資／反向分割）,上市日,-2019,5,興櫃期間或新上市
5228,2021-02-23,24.6018,22.4751,20.7834,-15.5,1.1765,-0.6,往下跳（分割／面額變更）,上市日,-2019,9,興櫃期間或新上市
6693,2021-02-23,61.0079,59.2315,67.9162,11.3,0.900009,0.2,往上跳（減資／反向分割）,上市日,-2019,12,興櫃期間或新上市
4419,2021-02-24,12.025,13.75,13.6875,13.8,0.900009,2.4,往上跳（減資／反向分割）,上市日,-2018,17,興櫃期間或新上市
6272,2021-02-24,15.0831,14.5175,13.1977,-12.5,1.1111,-2.8,往下跳（分割／面額變更）,上市日,-2018,67,興櫃期間或新上市
6620,2021-02-24,25.7689,25.2986,30.08,16.7,0.849979,-0.8,往上跳（減資／反向分割）,上市日,-2018,41,興櫃期間或新上市
6693,2021-02-24,67.9162,64.9017,82.3607,21.3,0.8,-3.0,往上跳（減資／反向分割）,上市日,-2018,12,興櫃期間或新上市
6474,2021-02-25,33.4881,33.2442,38.9287,16.2,0.849979,-1.2,往上跳（減資／反向分割）,上市日,-2017,7,興櫃期間或新上市
6617,2021-02-25,182.5,183.0,208.0,14.0,0.900009,2.6,往上跳（減資／反向分割）,上市日,-2017,22,興櫃期間或新上市
6657,2021-02-25,43.4206,42.4711,50.6409,16.6,0.849979,-0.9,往上跳（減資／反向分割）,上市日,-2017,17,興櫃期間或新上市
2248,2021-02-26,19.5533,19.6426,23.3032,19.2,0.849979,1.3,往上跳（減資／反向分割）,上市日,-2016,8,興櫃期間或新上市
2248,2021-03-02,23.3032,20.7408,26.7853,14.9,0.849979,-2.3,往上跳（減資／反向分割）,上市日,-2012,8,興櫃期間或新上市
5292,2021-03-02,40.6038,40.4511,48.794,20.2,0.849979,2.1,往上跳（減資／反向分割）,上市日,-2012,14,興櫃期間或新上市
6474,2021-03-02,39.304,37.7937,44.088,12.2,0.900009,1.0,往上跳（減資／反向分割）,上市日,-2012,7,興櫃期間或新上市
6550,2021-03-02,19.0311,18.9312,24.9253,31.0,0.750019,-1.8,往上跳（減資／反向分割）,上市日,-2012,61,興櫃期間或新上市
4558,2021-03-03,23.8786,23.8786,29.1607,22.1,0.8,-2.3,往上跳（減資／反向分割）,上市日,-2011,7,興櫃期間或新上市
5292,2021-03-03,48.794,46.0662,54.2772,11.2,0.900009,0.1,往上跳（減資／反向分割）,上市日,-2011,14,興櫃期間或新上市
6272,2021-03-04,12.1136,12.1513,13.7162,13.2,0.900009,1.9,往上跳（減資／反向分割）,上市日,-2010,67,興櫃期間或新上市
5703,2021-03-05,20.35,21.9,23.0,13.0,0.900009,1.7,往上跳（減資／反向分割）,上市日,-2009,4,興櫃期間或新上市
3430,2021-03-08,21.4068,21.3642,23.8375,11.4,0.900009,0.2,往上跳（減資／反向分割）,上市日,-2006,14,興櫃期間或新上市
3629,2021-03-08,42.6,41.05,49.9,17.1,0.849979,-0.4,往上跳（減資／反向分割）,上市日,-2006,6,興櫃期間或新上市
6272,2021-03-08,13.3863,13.358,14.9417,11.6,0.900009,0.5,往上跳（減資／反向分割）,上市日,-2006,67,興櫃期間或新上市
3150,2021-03-09,18.3734,18.392,21.5364,17.2,0.849979,-0.4,往上跳（減資／反向分割）,上市日,-2005,47,興櫃期間或新上市
3430,2021-03-09,23.8375,23.2319,27.6327,15.9,0.849979,-1.5,往上跳（減資／反向分割）,上市日,-2005,14,興櫃期間或新上市
6272,2021-03-09,14.9417,14.4609,17.0628,14.2,0.900009,2.8,往上跳（減資／反向分割）,上市日,-2005,67,興櫃期間或新上市
6550,2021-03-09,24.4258,24.1461,27.273,11.7,0.900009,0.5,往上跳（減資／反向分割）,上市日,-2005,61,興櫃期間或新上市
6804,2021-03-09,31.8077,31.7999,35.4763,11.5,0.900009,0.4,往上跳（減資／反向分割）,上市日,-2005,5,興櫃期間或新上市
6550,2021-03-10,27.273,25.5846,31.6686,16.1,0.849979,-1.3,往上跳（減資／反向分割）,上市日,-2004,61,興櫃期間或新上市
6721,2021-03-10,40.3329,40.4611,45.9871,14.0,0.900009,2.6,往上跳（減資／反向分割）,上市日,-2004,2,興櫃期間或新上市
6550,2021-03-11,31.6686,30.1901,40.2101,27.0,0.8,1.6,往上跳（減資／反向分割）,上市日,-2003,61,興櫃期間或新上市
3592,2021-03-15,227.3959,227.3761,263.3178,15.8,0.849979,-1.6,往上跳（減資／反向分割）,上市日,-1999,10,興櫃期間或新上市
6272,2021-03-15,18.0055,17.7415,20.5036,13.9,0.900009,2.5,往上跳（減資／反向分割）,上市日,-1999,67,興櫃期間或新上市
6720,2021-03-15,28.7713,28.574,32.0594,11.4,0.900009,0.3,往上跳（減資／反向分割）,上市日,-1999,27,興櫃期間或新上市
6272,2021-03-16,20.5036,19.099,25.547,24.6,0.8,-0.3,往上跳（減資／反向分割）,上市日,-1998,67,興櫃期間或新上市
6550,2021-03-16,38.1122,37.4529,42.3081,11.0,0.900009,-0.1,往上跳（減資／反向分割）,上市日,-1998,61,興櫃期間或新上市
6792,2021-03-16,85.5839,84.732,95.2654,11.3,0.900009,0.2,往上跳（減資／反向分割）,上市日,-1998,4,興櫃期間或新上市
6708,2021-03-17,78.9895,75.6375,90.357,14.4,0.849979,-2.8,往上跳（減資／反向分割）,上市日,-1997,32,興櫃期間或新上市
4768,2021-03-18,87.7731,86.8624,98.7907,12.6,0.900009,1.3,往上跳（減資／反向分割）,上市日,-1996,17,興櫃期間或新上市
6597,2021-03-18,21.1109,21.0158,23.8211,12.8,0.900009,1.6,往上跳（減資／反向分割）,上市日,-1996,34,興櫃期間或新上市
3150,2021-03-19,20.6526,21.3039,24.3738,18.0,0.849979,0.3,往上跳（減資／反向分割）,上市日,-1995,47,興櫃期間或新上市
6708,2021-03-19,89.8712,87.2771,100.5586,11.9,0.900009,0.7,往上跳（減資／反向分割）,上市日,-1995,32,興櫃期間或新上市
6761,2021-03-19,45.3999,45.4558,51.7559,14.0,0.900009,2.6,往上跳（減資／反向分割）,上市日,-1995,7,興櫃期間或新上市
6708,2021-03-22,100.5586,95.7784,121.4476,20.8,0.849979,2.7,往上跳（減資／反向分割）,上市日,-1992,32,興櫃期間或新上市
6776,2021-03-22,30.7925,29.3929,38.7706,25.9,0.8,0.7,往上跳（減資／反向分割）,上市日,-1992,2,興櫃期間或新上市
6103,2021-03-23,45.3481,54.8365,52.3499,15.4,0.849979,-1.9,往上跳（減資／反向分割）,上市日,-1991,33,興櫃期間或新上市
6272,2021-03-23,21.3992,21.6254,17.1099,-20.0,1.25,-0.1,往下跳（分割／面額變更）,上市日,-1991,67,興櫃期間或新上市
6550,2021-03-23,40.1602,40.0004,45.0553,12.2,0.900009,1.0,往上跳（減資／反向分割）,上市日,-1991,61,興櫃期間或新上市
6788,2021-03-23,77.1562,76.7819,86.7052,12.4,0.900009,1.1,往上跳（減資／反向分割）,上市日,-1991,5,興櫃期間或新上市
8438,2021-03-23,24.0788,24.0788,26.862,11.6,0.900009,0.4,往上跳（減資／反向分割）,上市日,-1991,8,興櫃期間或新上市
8487,2021-03-23,15.72,15.3113,17.7631,13.0,0.900009,1.7,往上跳（減資／反向分割）,上市日,-1991,15,興櫃期間或新上市
5236,2021-03-25,136.0766,135.3998,157.581,15.8,0.849979,-1.6,往上跳（減資／反向分割）,上市日,-1989,3,興櫃期間或新上市
4923,2021-03-29,35.3018,33.2785,39.971,13.2,0.900009,1.9,往上跳（減資／反向分割）,上市日,-1985,45,興櫃期間或新上市
4166,2021-03-30,14.9,14.76,17.0,14.1,0.900009,2.7,往上跳（減資／反向分割）,上市日,-1984,25,興櫃期間或新上市
3357,2021-03-31,116.657,115.3336,130.0439,11.5,0.900009,0.3,往上跳（減資／反向分割）,上市日,-1983,9,興櫃期間或新上市
4951,2021-03-31,29.5899,29.5388,34.9041,18.0,0.849979,0.3,往上跳（減資／反向分割）,上市日,-1983,18,興櫃期間或新上市
6776,2021-03-31,37.4409,34.6416,48.7782,30.3,0.750019,-2.3,往上跳（減資／反向分割）,上市日,-1983,2,興櫃期間或新上市
6805,2021-03-31,234.7667,233.8569,295.4147,25.8,0.8,0.7,往上跳（減資／反向分割）,上市日,-1983,19,興櫃期間或新上市
2211,2021-04-01,42.9503,42.6123,49.4985,15.2,0.849979,-2.0,往上跳（減資／反向分割）,上市日,-1982,1,興櫃期間或新上市
5244,2021-04-01,39.3693,39.1492,43.7709,11.2,0.900009,0.1,往上跳（減資／反向分割）,上市日,-1982,10,興櫃期間或新上市
6720,2021-04-01,33.2925,32.717,38.3069,15.1,0.849979,-2.2,往上跳（減資／反向分割）,上市日,-1982,27,興櫃期間或新上市
6799,2021-04-01,125.5484,124.8385,152.61,21.6,0.8,-2.8,往上跳（減資／反向分割）,上市日,-1982,11,興櫃期間或新上市
6805,2021-04-01,295.4147,282.4536,329.1624,11.4,0.900009,0.3,往上跳（減資／反向分割）,上市日,-1982,19,興櫃期間或新上市
6811,2021-04-01,135.4402,135.3712,150.537,11.1,0.900009,0.0,往上跳（減資／反向分割）,上市日,-1982,9,興櫃期間或新上市
3357,2021-04-06,135.3986,134.1058,151.4629,11.9,0.900009,0.7,往上跳（減資／反向分割）,上市日,-1977,9,興櫃期間或新上市
6423,2021-04-06,51.4018,51.1141,57.0599,11.0,0.900009,-0.1,往上跳（減資／反向分割）,上市日,-1977,28,興櫃期間或新上市
6550,2021-04-06,54.1463,54.7957,61.1394,12.9,0.900009,1.6,往上跳（減資／反向分割）,上市日,-1977,61,興櫃期間或新上市
6692,2021-04-06,47.3673,46.784,56.597,19.5,0.849979,1.6,往上跳（減資／反向分割）,上市日,-1977,8,興櫃期間或新上市
6708,2021-04-06,123.8765,121.7002,153.0239,23.5,0.8,-1.2,往上跳（減資／反向分割）,上市日,-1977,32,興櫃期間或新上市
6719,2021-04-06,229.0233,217.4631,254.4704,11.1,0.900009,0.0,往上跳（減資／反向分割）,上市日,-1977,4,興櫃期間或新上市
6788,2021-04-06,98.928,97.7057,114.2064,15.4,0.849979,-1.9,往上跳（減資／反向分割）,上市日,-1977,5,興櫃期間或新上市
6806,2021-04-06,95.8055,94.26,110.7874,15.6,0.849979,-1.7,往上跳（減資／反向分割）,上市日,-1904,3,興櫃期間或新上市
2719,2021-04-07,25.45,22.087,22.087,-13.2,1.1765,2.1,往下跳（分割／面額變更）,上市日,-1976,1,興櫃期間或新上市
4923,2021-04-07,40.6785,40.3247,46.6211,14.6,0.849979,-2.6,往上跳（減資／反向分割）,上市日,-1976,45,興櫃期間或新上市
5222,2021-04-07,98.3054,97.8889,110.249,12.1,0.900009,0.9,往上跳（減資／反向分割）,上市日,-1976,15,興櫃期間或新上市
6272,2021-04-07,16.9685,16.5537,20.7393,22.2,0.8,-2.2,往上跳（減資／反向分割）,上市日,-1976,67,興櫃期間或新上市
3168,2021-04-08,26.6572,26.2073,30.2392,13.4,0.900009,2.1,往上跳（減資／反向分割）,上市日,-1975,16,興櫃期間或新上市
3592,2021-04-08,285.7279,280.8043,320.9907,12.3,0.900009,1.1,往上跳（減資／反向分割）,上市日,-1975,10,興櫃期間或新上市
6708,2021-04-08,164.6829,154.0149,143.7939,-12.7,1.1765,2.7,往下跳（分割／面額變更）,上市日,-1975,32,興櫃期間或新上市
6720,2021-04-08,37.4438,37.5671,41.9239,12.0,0.900009,0.8,往上跳（減資／反向分割）,上市日,-1975,27,興櫃期間或新上市
6763,2021-04-08,33.2375,32.7612,37.2133,12.0,0.900009,0.8,往上跳（減資／反向分割）,上市日,-1975,9,興櫃期間或新上市
6799,2021-04-08,145.5119,145.5474,163.2572,12.2,0.900009,1.0,往上跳（減資／反向分割）,上市日,-1975,11,興櫃期間或新上市
8438,2021-04-08,28.6331,28.6837,35.4224,23.7,0.8,-1.0,往上跳（減資／反向分割）,上市日,-1975,8,興櫃期間或新上市
6550,2021-04-09,67.1335,66.0845,77.9228,16.1,0.849979,-1.3,往上跳（減資／反向分割）,上市日,-1974,61,興櫃期間或新上市
6597,2021-04-09,24.0113,23.6785,27.197,13.3,0.900009,1.9,往上跳（減資／反向分割）,上市日,-1974,34,興櫃期間或新上市
6606,2021-04-09,20.2562,19.9734,22.7023,12.1,0.900009,0.9,往上跳（減資／反向分割）,上市日,-1974,4,興櫃期間或新上市
6735,2021-04-09,71.993,68.2991,81.4162,13.1,0.900009,1.8,往上跳（減資／反向分割）,上市日,-1974,7,興櫃期間或新上市
6789,2021-04-09,492.7243,487.5849,562.1492,14.1,0.900009,2.7,往上跳（減資／反向分割）,上市日,-1974,3,興櫃期間或新上市
6792,2021-04-09,102.236,103.2816,115.4028,12.9,0.900009,1.6,往上跳（減資／反向分割）,上市日,-1974,4,興櫃期間或新上市
6794,2021-04-09,30.5,29.93,37.7,23.6,0.8,-1.1,往上跳（減資／反向分割）,上市日,-1974,8,興櫃期間或新上市
6805,2021-04-09,341.3898,339.4922,391.2778,14.6,0.849979,-2.6,往上跳（減資／反向分割）,上市日,-1974,19,興櫃期間或新上市
4951,2021-04-12,37.4125,36.8258,43.0243,15.0,0.849979,-2.3,往上跳（減資／反向分割）,上市日,-1971,18,興櫃期間或新上市
6597,2021-04-12,27.197,25.9512,30.5253,12.2,0.900009,1.0,往上跳（減資／反向分割）,上市日,-1971,34,興櫃期間或新上市
6763,2021-04-12,41.2685,39.8404,46.9141,13.7,0.900009,2.3,往上跳（減資／反向分割）,上市日,-1971,9,興櫃期間或新上市
6794,2021-04-12,37.7,35.01,45.0,19.4,0.849979,1.5,往上跳（減資／反向分割）,上市日,-1971,8,興櫃期間或新上市
8045,2021-04-12,11.2578,11.3913,12.498,11.0,0.900009,-0.1,往上跳（減資／反向分割）,上市日,-1971,30,興櫃期間或新上市
5703,2021-04-13,22.6,24.0,25.15,11.3,0.900009,0.2,往上跳（減資／反向分割）,上市日,-1970,4,興櫃期間或新上市
2724,2021-04-14,10.7,12.54,12.0,12.1,0.900009,0.9,往上跳（減資／反向分割）,上市日,-1969,7,興櫃期間或新上市
2948,2021-04-14,65.2816,64.2279,72.9169,11.7,0.900009,0.5,往上跳（減資／反向分割）,上市日,-1969,4,興櫃期間或新上市
6550,2021-04-14,77.3234,79.9008,65.9347,-14.7,1.1765,0.3,往下跳（分割／面額變更）,上市日,-1969,61,興櫃期間或新上市
1475,2021-04-15,36.967,43.4511,43.4511,17.5,0.849979,-0.1,往上跳（減資／反向分割）,上市日,-1968,2,興櫃期間或新上市
6585,2021-04-15,48.862,49.7171,57.0056,16.7,0.849979,-0.8,往上跳（減資／反向分割）,上市日,-1968,5,興櫃期間或新上市
4558,2021-04-19,29.6845,29.7369,33.5697,13.1,0.900009,1.8,往上跳（減資／反向分割）,上市日,-1964,7,興櫃期間或新上市
5228,2021-04-20,23.6835,23.6351,27.0185,14.1,0.900009,2.7,往上跳（減資／反向分割）,上市日,-1963,9,興櫃期間或新上市
3357,2021-04-21,182.8264,181.2965,161.7899,-11.5,1.1111,-1.7,往下跳（分割／面額變更）,上市日,-1962,9,興櫃期間或新上市
6534,2021-04-21,44.664,43.6725,51.0446,14.3,0.900009,2.9,往上跳（減資／反向分割）,上市日,-1962,19,興櫃期間或新上市
3485,2021-04-22,44.5801,44.3652,49.9023,11.9,0.900009,0.7,往上跳（減資／反向分割）,上市日,-1961,28,興櫃期間或新上市
6550,2021-04-22,62.9376,65.6649,54.9455,-12.7,1.1765,2.7,往下跳（分割／面額變更）,上市日,-1961,61,興櫃期間或新上市
6805,2021-04-22,325.7387,324.0465,279.7636,-14.1,1.1765,1.0,往下跳（分割／面額變更）,上市日,-1961,19,興櫃期間或新上市
6821,2021-04-22,46.8917,46.716,36.2093,-22.8,1.3333,3.0,往下跳（分割／面額變更）,上市日,-1961,4,興櫃期間或新上市
6550,2021-04-23,54.9455,57.493,47.453,-13.6,1.1765,1.6,往下跳（分割／面額變更）,上市日,-1960,61,興櫃期間或新上市
3485,2021-04-26,49.3164,49.1211,32.7148,-33.7,1.5385,2.1,往下跳（分割／面額變更）,上市日,-1957,28,興櫃期間或新上市
6550,2021-04-26,47.453,50.5299,60.8397,28.2,0.8,2.6,往上跳（減資／反向分割）,上市日,-1957,61,興櫃期間或新上市
6708,2021-04-26,99.1012,95.8853,113.1891,14.2,0.900009,2.8,往上跳（減資／反向分割）,上市日,-1957,32,興櫃期間或新上市
3357,2021-04-27,156.4351,131.5738,135.0161,-13.7,1.1765,1.5,往下跳（分割／面額變更）,上市日,-1956,9,興櫃期間或新上市
6645,2021-04-27,27.7413,27.2922,31.3434,13.0,0.900009,1.7,往上跳（減資／反向分割）,上市日,-1956,53,興櫃期間或新上市
3485,2021-04-28,31.5918,32.1484,37.4512,18.5,0.849979,0.8,往上跳（減資／反向分割）,上市日,-1955,28,興櫃期間或新上市
6550,2021-04-28,62.9376,61.579,76.2245,21.1,0.849979,2.9,往上跳（減資／反向分割）,上市日,-1955,61,興櫃期間或新上市
3357,2021-05-03,125.8366,123.1592,111.6847,-11.2,1.1111,-1.4,往下跳（分割／面額變更）,上市日,-1950,9,興櫃期間或新上市
3592,2021-05-03,304.1832,303.2802,268.9204,-11.6,1.1111,-1.8,往下跳（分割／面額變更）,上市日,-1950,10,興櫃期間或新上市
5205,2021-05-03,24.93,19.85,19.85,-20.4,1.25,-0.5,往下跳（分割／面額變更）,上市日,-1950,11,興櫃期間或新上市
6645,2021-05-03,29.7061,30.2488,33.4486,12.6,0.900009,1.3,往上跳（減資／反向分割）,上市日,-1950,53,興櫃期間或新上市
6789,2021-05-03,461.3866,464.6361,394.8544,-14.4,1.1765,0.7,往下跳（分割／面額變更）,上市日,-1950,3,興櫃期間或新上市
6821,2021-05-03,31.2149,31.2427,27.4691,-12.0,1.1111,-2.2,往下跳（分割／面額變更）,上市日,-1950,4,興櫃期間或新上市
6821,2021-05-06,27.2379,25.5639,30.4288,11.7,0.900009,0.5,往上跳（減資／反向分割）,上市日,-1947,4,興櫃期間或新上市
3150,2021-05-07,22.5132,23.9738,25.4437,13.0,0.900009,1.7,往上跳（減資／反向分割）,上市日,-1946,47,興櫃期間或新上市
5222,2021-05-07,113.924,110.6471,84.8305,-25.5,1.3333,-0.7,往下跳（分割／面額變更）,上市日,-1946,15,興櫃期間或新上市
6739,2021-05-07,66.8,47.8769,48.8955,-26.8,1.3333,-2.4,往下跳（分割／面額變更）,上市日,-1946,11,興櫃期間或新上市
6763,2021-05-07,49.7767,49.531,58.2054,16.9,0.849979,-0.6,往上跳（減資／反向分割）,上市日,-1946,9,興櫃期間或新上市
6739,2021-05-10,48.8955,49.8172,40.7463,-16.7,1.1765,-2.0,往下跳（分割／面額變更）,上市日,-1943,11,興櫃期間或新上市
3592,2021-05-11,262.6587,269.9881,232.0097,-11.7,1.1111,-1.9,往下跳（分割／面額變更）,上市日,-1942,10,興櫃期間或新上市
4923,2021-05-11,43.6498,43.5649,38.6976,-11.3,1.1111,-1.5,往下跳（分割／面額變更）,上市日,-1942,45,興櫃期間或新上市
5228,2021-05-11,29.0485,29.2128,25.4718,-12.3,1.1111,-2.6,往下跳（分割／面額變更）,上市日,-1942,9,興櫃期間或新上市
6272,2021-05-11,14.8946,14.772,13.1035,-12.0,1.1111,-2.3,往下跳（分割／面額變更）,上市日,-1942,67,興櫃期間或新上市
6708,2021-05-11,88.3167,87.7823,76.7549,-13.1,1.1765,2.2,往下跳（分割／面額變更）,上市日,-1942,32,興櫃期間或新上市
6799,2021-05-11,110.9084,111.1835,97.1558,-12.4,1.1111,-2.7,往下跳（分割／面額變更）,上市日,-1942,11,興櫃期間或新上市
3150,2021-05-12,22.3272,22.6993,19.6758,-11.9,1.1111,-2.1,往下跳（分割／面額變更）,上市日,-1941,47,興櫃期間或新上市
3430,2021-05-12,27.4195,28.0847,23.2831,-15.1,1.1765,-0.1,往下跳（分割／面額變更）,上市日,-1941,14,興櫃期間或新上市
3485,2021-05-12,29.7852,30.6445,26.1719,-12.1,1.1111,-2.4,往下跳（分割／面額變更）,上市日,-1941,28,興櫃期間或新上市
3592,2021-05-12,232.0097,242.6677,203.0085,-12.5,1.1111,-2.8,往下跳（分割／面額變更）,上市日,-1941,10,興櫃期間或新上市
4195,2021-05-12,14.9,15.03,18.4,23.5,0.8,-1.2,往上跳（減資／反向分割）,上市日,-1941,34,興櫃期間或新上市
4770,2021-05-12,204.9957,204.1978,180.8036,-11.8,1.1111,-2.0,往下跳（分割／面額變更）,上市日,-1941,1,興櫃期間或新上市
4923,2021-05-12,38.6976,40.2257,33.2502,-14.1,1.1765,1.1,往下跳（分割／面額變更）,上市日,-1941,45,興櫃期間或新上市
5236,2021-05-12,130.4361,130.7041,115.9824,-11.1,1.1111,-1.2,往下跳（分割／面額變更）,上市日,-1941,3,興櫃期間或新上市
6498,2021-05-12,43.6097,43.5911,37.7796,-13.4,1.1765,1.9,往下跳（分割／面額變更）,上市日,-1941,50,興櫃期間或新上市
6645,2021-05-12,31.9516,29.9026,56.0439,75.4,0.549995,-3.5,往上跳（減資／反向分割）,上市日,-1941,53,興櫃期間或新上市
6645,2021-05-13,56.0439,44.2176,72.0431,28.5,0.8,2.8,往上跳（減資／反向分割）,上市日,-1940,53,興櫃期間或新上市
7584,2021-05-13,103.5,89.1338,83.4637,-19.4,1.25,0.8,往下跳（分割／面額變更）,上市日,-1940,16,興櫃期間或新上市
6645,2021-05-14,72.0431,66.3358,58.9444,-18.2,1.25,2.3,往下跳（分割／面額變更）,上市日,-1939,53,興櫃期間或新上市
3430,2021-05-17,23.1552,23.2916,19.3173,-16.6,1.1765,-1.8,往下跳（分割／面額變更）,上市日,-1936,14,興櫃期間或新上市
4923,2021-05-17,33.321,33.13,28.6518,-14.0,1.1765,1.2,往下跳（分割／面額變更）,上市日,-1936,45,興櫃期間或新上市
4951,2021-05-17,29.0797,29.913,25.7636,-11.4,1.1111,-1.6,往下跳（分割／面額變更）,上市日,-1936,18,興櫃期間或新上市
6272,2021-05-17,11.7837,12.1796,9.8983,-16.0,1.1765,-1.2,往下跳（分割／面額變更）,上市日,-1936,67,興櫃期間或新上市
6645,2021-05-17,58.9444,56.5772,75.2242,27.6,0.8,2.1,往上跳（減資／反向分割）,上市日,-1936,53,興櫃期間或新上市
6695,2021-05-17,39.85,40.07,34.5,-13.4,1.1765,1.9,往下跳（分割／面額變更）,上市日,-1936,21,興櫃期間或新上市
6763,2021-05-17,55.1838,56.0004,62.1811,12.7,0.900009,1.4,往上跳（減資／反向分割）,上市日,-1936,9,興櫃期間或新上市
2237,2021-05-18,28.1,28.13,31.3,11.4,0.900009,0.3,往上跳（減資／反向分割）,上市日,-1935,31,興櫃期間或新上市
3150,2021-05-18,17.6757,18.3269,19.6758,11.3,0.900009,0.2,往上跳（減資／反向分割）,上市日,-1935,47,興櫃期間或新上市
3430,2021-05-18,19.3173,21.0657,22.5155,16.6,0.849979,-0.9,往上跳（減資／反向分割）,上市日,-1935,14,興櫃期間或新上市
3485,2021-05-18,26.9531,27.002,31.543,17.0,0.849979,-0.5,往上跳（減資／反向分割）,上市日,-1935,28,興櫃期間或新上市
3592,2021-05-18,196.4173,201.3673,221.4638,12.8,0.900009,1.5,往上跳（減資／反向分割）,上市日,-1935,10,興櫃期間或新上市
4923,2021-05-18,28.6518,30.0455,33.4271,16.7,0.849979,-0.8,往上跳（減資／反向分割）,上市日,-1935,45,興櫃期間或新上市
4951,2021-05-18,25.7636,27.2346,29.8024,15.7,0.849979,-1.7,往上跳（減資／反向分割）,上市日,-1935,18,興櫃期間或新上市
6272,2021-05-18,9.8983,10.4922,11.0295,11.4,0.900009,0.3,往上跳（減資／反向分割）,上市日,-1935,67,興櫃期間或新上市
6423,2021-05-18,42.4353,44.2765,47.2302,11.3,0.900009,0.2,往上跳（減資／反向分割）,上市日,-1935,28,興櫃期間或新上市
6645,2021-05-18,75.2242,71.3507,58.0087,-22.9,1.3333,2.8,往下跳（分割／面額變更）,上市日,-1935,53,興櫃期間或新上市
6708,2021-05-18,64.7073,64.9113,74.1316,14.6,0.849979,-2.6,往上跳（減資／反向分割）,上市日,-1935,32,興櫃期間或新上市
6770,2021-05-18,49.1732,49.6659,55.1422,12.1,0.900009,0.9,往上跳（減資／反向分割）,上市日,-1935,4,興櫃期間或新上市
6788,2021-05-18,90.9068,91.602,101.2197,11.3,0.900009,0.2,往上跳（減資／反向分割）,上市日,-1935,5,興櫃期間或新上市
6789,2021-05-18,331.2148,330.3663,377.9803,14.1,0.900009,2.7,往上跳（減資／反向分割）,上市日,-1935,3,興櫃期間或新上市
6799,2021-05-18,95.8249,94.423,110.9084,15.7,0.849979,-1.6,往上跳（減資／反向分割）,上市日,-1935,11,興櫃期間或新上市
3430,2021-05-21,21.748,21.9697,24.733,13.7,0.900009,2.4,往上跳（減資／反向分割）,上市日,-1932,14,興櫃期間或新上市
5292,2021-05-21,41.6449,41.6449,49.8351,19.7,0.849979,1.7,往上跳（減資／反向分割）,上市日,-1932,14,興櫃期間或新上市
6272,2021-05-21,11.1238,11.1615,12.6321,13.6,0.900009,2.2,往上跳（減資／反向分割）,上市日,-1932,67,興櫃期間或新上市
6645,2021-05-21,52.3014,54.3411,43.2726,-17.3,1.1765,-2.7,往下跳（分割／面額變更）,上市日,-1932,53,興櫃期間或新上市
6805,2021-05-24,252.3742,244.9986,281.2309,11.4,0.900009,0.3,往上跳（減資／反向分割）,上市日,-1929,19,興櫃期間或新上市
4440,2021-05-25,37.3085,37.5644,41.5724,11.4,0.900009,0.3,往上跳（減資／反向分割）,上市日,-1928,5,興櫃期間或新上市
6645,2021-05-25,47.1555,48.2595,40.6529,-13.8,1.1765,1.4,往下跳（分割／面額變更）,上市日,-1928,53,興櫃期間或新上市
6689,2021-05-25,244.4609,241.7809,272.5287,11.5,0.900009,0.3,往上跳（減資／反向分割）,上市日,-1928,10,興櫃期間或新上市
6550,2021-05-26,61.0395,62.3982,69.2314,13.4,0.900009,2.1,往上跳（減資／反向分割）,上市日,-1927,61,興櫃期間或新上市
6788,2021-05-28,106.9492,106.72,121.4637,13.6,0.900009,2.2,往上跳（減資／反向分割）,上市日,-1925,5,興櫃期間或新上市
4440,2021-06-08,44.5571,43.6616,31.9432,-28.3,1.4286,2.4,往下跳（分割／面額變更）,上市日,-1914,5,興櫃期間或新上市
4582,2021-06-09,64.4316,63.9003,54.6751,-15.1,1.1765,-0.2,往下跳（分割／面額變更）,上市日,-1913,18,興櫃期間或新上市
4951,2021-06-09,31.3329,31.2479,35.4143,13.0,0.900009,1.7,往上跳（減資／反向分割）,上市日,-1913,18,興櫃期間或新上市
6695,2021-06-11,40.7,40.72,45.2,11.1,0.900009,-0.0,往上跳（減資／反向分割）,上市日,-1911,21,興櫃期間或新上市
6719,2021-06-17,200.8498,199.9773,223.5704,11.3,0.900009,0.2,往上跳（減資／反向分割）,上市日,-1905,4,興櫃期間或新上市
6823,2021-06-17,126.2221,121.4305,160.7925,27.4,0.8,1.9,往上跳（減資／反向分割）,上市日,-1905,1,興櫃期間或新上市
4923,2021-06-18,36.7875,36.738,41.1029,11.7,0.900009,0.6,往上跳（減資／反向分割）,上市日,-1904,45,興櫃期間或新上市
4923,2021-06-23,38.2024,38.7966,45.2062,18.3,0.849979,0.6,往上跳（減資／反向分割）,上市日,-1899,45,興櫃期間或新上市
2237,2021-06-24,35.7,35.31,39.75,11.3,0.900009,0.2,往上跳（減資／反向分割）,上市日,-1898,31,興櫃期間或新上市
6236,2021-06-25,8.2,9.63,9.63,17.4,0.849979,-0.2,往上跳（減資／反向分割）,上市日,-1897,10,興櫃期間或新上市
4166,2021-06-28,14.9,14.63,17.1,14.8,0.849979,-2.5,往上跳（減資／反向分割）,上市日,-1894,25,興櫃期間或新上市
6811,2021-06-28,170.8099,167.8251,226.4526,32.6,0.750019,-0.6,往上跳（減資／反向分割）,上市日,-1894,9,興櫃期間或新上市
4166,2021-06-29,17.1,16.86,19.65,14.9,0.849979,-2.3,往上跳（減資／反向分割）,上市日,-1893,25,興櫃期間或新上市
6811,2021-06-29,226.4526,189.3747,190.2202,-16.0,1.1765,-1.2,往下跳（分割／面額變更）,上市日,-1893,9,興櫃期間或新上市
6657,2021-06-30,48.5639,48.8507,56.3776,16.1,0.849979,-1.3,往上跳（減資／反向分割）,上市日,-1892,17,興櫃期間或新上市
6811,2021-07-02,174.2606,174.6575,197.1216,13.1,0.900009,1.8,往上跳（減資／反向分割）,上市日,-1890,9,興櫃期間或新上市
4195,2021-07-05,14.5,14.58,16.45,13.4,0.900009,2.1,往上跳（減資／反向分割）,上市日,-1887,34,興櫃期間或新上市
6498,2021-07-05,40.7646,40.2329,46.7347,14.6,0.849979,-2.6,往上跳（減資／反向分割）,上市日,-1887,50,興櫃期間或新上市
6720,2021-07-06,28.7302,27.193,32.2238,12.2,0.900009,0.9,往上跳（減資／反向分割）,上市日,-1886,27,興櫃期間或新上市
6708,2021-07-07,90.2598,88.7053,112.2175,24.3,0.8,-0.5,往上跳（減資／反向分割）,上市日,-1885,32,興櫃期間或新上市
6272,2021-07-08,12.5378,12.2173,14.1404,12.8,0.900009,1.5,往上跳（減資／反向分割）,上市日,-1884,67,興櫃期間或新上市
6597,2021-07-12,30.5253,30.0973,35.28,15.6,0.849979,-1.8,往上跳（減資／反向分割）,上市日,-1880,34,興櫃期間或新上市
6684,2021-07-12,93.2576,92.8979,107.4762,15.2,0.849979,-2.0,往上跳（減資／反向分割）,上市日,-1880,22,興櫃期間或新上市
6691,2021-07-12,96.5647,97.1489,111.6654,15.6,0.849979,-1.7,往上跳（減資／反向分割）,上市日,-1880,6,興櫃期間或新上市
3430,2021-07-13,26.0123,26.2255,29.0399,11.6,0.900009,0.5,往上跳（減資／反向分割）,上市日,-1879,14,興櫃期間或新上市
6272,2021-07-13,13.6219,13.5748,12.0194,-11.8,1.1111,-2.0,往下跳（分割／面額變更）,上市日,-1879,67,興櫃期間或新上市
6684,2021-07-15,116.2583,112.9964,130.0588,11.9,0.900009,0.7,往上跳（減資／反向分割）,上市日,-1877,22,興櫃期間或新上市
6691,2021-07-15,112.2615,111.9356,126.766,12.9,0.900009,1.6,往上跳（減資／反向分割）,上市日,-1877,6,興櫃期間或新上市
6695,2021-07-16,52.8,51.77,59.0,11.7,0.900009,0.6,往上跳（減資／反向分割）,上市日,-1876,21,興櫃期間或新上市
6534,2021-07-19,48.4579,47.0438,54.3211,12.1,0.900009,0.9,往上跳（減資／反向分割）,上市日,-1873,19,興櫃期間或新上市
6796,2021-07-19,61.0728,60.6684,68.5831,12.3,0.900009,1.1,往上跳（減資／反向分割）,上市日,-1873,3,興櫃期間或新上市
6684,2021-07-20,136.3317,135.3197,153.8959,12.9,0.900009,1.6,往上跳（減資／反向分割）,上市日,-1872,22,興櫃期間或新上市
4951,2021-07-21,38.4753,38.2798,43.4495,12.9,0.900009,1.6,往上跳（減資／反向分割）,上市日,-1871,18,興櫃期間或新上市
6805,2021-07-22,315.4677,306.2825,244.0595,-22.6,1.3333,3.1,往下跳（分割／面額變更）,上市日,-1870,19,興櫃期間或新上市
8227,2021-07-22,47.6754,38.8716,37.7984,-20.7,1.25,-0.9,往下跳（分割／面額變更）,上市日,-1870,14,興櫃期間或新上市
6691,2021-07-26,138.6876,138.0876,93.783,-32.4,1.4286,-3.4,往下跳（分割／面額變更）,上市日,-1866,6,興櫃期間或新上市
6739,2021-07-26,36.6716,35.1776,41.2313,12.4,0.900009,1.2,往上跳（減資／反向分割）,上市日,-1866,11,興櫃期間或新上市
8227,2021-07-26,38.4157,37.0196,51.0943,33.0,0.750019,-0.2,往上跳（減資／反向分割）,上市日,-1866,14,興櫃期間或新上市
6691,2021-07-29,92.9883,93.4333,103.3203,11.1,0.900009,0.0,往上跳（減資／反向分割）,上市日,-1863,6,興櫃期間或新上市
6796,2021-07-29,72.3795,68.7894,58.1017,-19.7,1.25,0.3,往下跳（分割／面額變更）,上市日,-1863,3,興櫃期間或新上市
4169,2021-07-30,27.565,27.6249,31.46,14.1,0.900009,2.7,往上跳（減資／反向分割）,上市日,-1862,25,興櫃期間或新上市
6719,2021-07-30,251.7439,248.8447,304.0012,20.8,0.849979,2.6,往上跳（減資／反向分割）,上市日,-1862,4,興櫃期間或新上市
8227,2021-07-30,59.2618,57.049,67.2394,13.5,0.900009,2.1,往上跳（減資／反向分割）,上市日,-1862,14,興櫃期間或新上市
8227,2021-08-02,67.2394,65.4444,82.4347,22.6,0.8,-1.9,往上跳（減資／反向分割）,上市日,-1859,14,興櫃期間或新上市
4169,2021-08-04,33.1079,32.6485,37.0529,11.9,0.900009,0.7,往上跳（減資／反向分割）,上市日,-1857,25,興櫃期間或新上市
6684,2021-08-04,168.1146,161.1976,194.8791,15.9,0.849979,-1.5,往上跳（減資／反向分割）,上市日,-1857,22,興櫃期間或新上市
6788,2021-08-04,145.9092,145.1529,165.7712,13.6,0.900009,2.3,往上跳（減資／反向分割）,上市日,-1857,5,興櫃期間或新上市
3150,2021-08-05,22.3272,21.5922,25.8623,15.8,0.849979,-1.5,往上跳（減資／反向分割）,上市日,-1856,47,興櫃期間或新上市
6597,2021-08-05,37.9426,37.9426,42.7924,12.8,0.900009,1.5,往上跳（減資／反向分割）,上市日,-1856,34,興櫃期間或新上市
6761,2021-08-06,93.9429,93.7194,104.4198,11.2,0.900009,0.0,往上跳（減資／反向分割）,上市日,-1855,7,興櫃期間或新上市
6684,2021-08-11,169.7873,172.2965,145.532,-14.3,1.1765,0.8,往下跳（分割／面額變更）,上市日,-1850,22,興櫃期間或新上市
6584,2021-08-12,42.4493,42.7803,47.5121,11.9,0.900009,0.7,往上跳（減資／反向分割）,上市日,-1849,11,興櫃期間或新上市
6689,2021-08-12,383.8942,382.6991,322.779,-15.9,1.1765,-1.1,往下跳（分割／面額變更）,上市日,-1849,10,興櫃期間或新上市
8227,2021-08-12,64.3902,62.4528,71.8929,11.7,0.900009,0.5,往上跳（減資／反向分割）,上市日,-1849,14,興櫃期間或新上市
6584,2021-08-13,47.5121,46.0517,41.4757,-12.7,1.1765,2.7,往下跳（分割／面額變更）,上市日,-1848,11,興櫃期間或新上市
6831,2021-08-13,83.3808,84.4827,71.7671,-13.9,1.1765,1.3,往下跳（分割／面額變更）,上市日,-1848,17,興櫃期間或新上市
7584,2021-08-16,87.9998,85.1512,127.0101,44.3,0.699986,1.0,往上跳（減資／反向分割）,上市日,-1845,16,興櫃期間或新上市
7584,2021-08-17,127.0101,113.5107,95.7111,-24.6,1.3333,0.5,往下跳（分割／面額變更）,上市日,-1844,16,興櫃期間或新上市
6144,2021-08-20,16.55,14.7,14.7,-11.2,1.1111,-1.3,往下跳（分割／面額變更）,上市日,-1841,4,興櫃期間或新上市
2756,2021-08-23,77.9711,75.1435,65.6899,-15.8,1.1765,-0.9,往下跳（分割／面額變更）,上市日,-1838,7,興櫃期間或新上市
6739,2021-08-23,41.2799,40.4843,46.3731,12.3,0.900009,1.1,往上跳（減資／反向分割）,上市日,-1838,11,興櫃期間或新上市
7584,2021-08-23,86.2761,86.6753,96.1648,11.5,0.900009,0.3,往上跳（減資／反向分割）,上市日,-1838,16,興櫃期間或新上市
6620,2021-08-26,29.8351,29.6489,33.9502,13.8,0.900009,2.4,往上跳（減資／反向分割）,上市日,-1835,41,興櫃期間或新上市
6692,2021-08-26,49.37,49.0478,41.9689,-15.0,1.1765,0.0,往下跳（分割／面額變更）,上市日,-1835,8,興櫃期間或新上市
7584,2021-08-30,105.2369,102.2068,88.272,-16.1,1.1765,-1.3,往下跳（分割／面額變更）,上市日,-1831,16,興櫃期間或新上市
6799,2021-09-01,117.1193,115.123,139.7446,19.3,0.849979,1.4,往上跳（減資／反向分割）,上市日,-1829,11,興櫃期間或新上市
4558,2021-09-06,41.0345,40.109,50.2017,22.3,0.8,-2.1,往上跳（減資／反向分割）,上市日,-1824,7,興櫃期間或新上市
8227,2021-09-06,58.1222,57.4574,65.245,12.3,0.900009,1.0,往上跳（減資／反向分割）,上市日,-1824,14,興櫃期間或新上市
6550,2021-09-09,54.6458,56.0245,64.0365,17.2,0.849979,-0.4,往上跳（減資／反向分割）,上市日,-1821,61,興櫃期間或新上市
8227,2021-09-09,61.3512,61.883,68.6639,11.9,0.900009,0.7,往上跳（減資／反向分割）,上市日,-1821,14,興櫃期間或新上市
5205,2021-09-10,21.7,14.5,14.5,-33.2,1.5385,2.8,往下跳（分割／面額變更）,上市日,-1820,11,興櫃期間或新上市
6799,2021-09-13,147.73,141.4304,167.2499,13.2,0.900009,1.9,往上跳（減資／反向分割）,上市日,-1817,11,興櫃期間或新上市
6739,2021-09-17,50.2537,49.2448,44.5299,-11.4,1.1111,-1.5,往下跳（分割／面額變更）,上市日,-1813,11,興櫃期間或新上市
3150,2021-09-22,22.3272,20.8108,30.6999,37.5,0.750019,3.1,往上跳（減資／反向分割）,上市日,-1808,47,興櫃期間或新上市
4169,2021-09-24,38.4511,37.5223,42.9454,11.7,0.900009,0.5,往上跳（減資／反向分割）,上市日,-1806,25,興櫃期間或新上市
4304,2021-09-24,7.54,6.57,6.58,-12.7,1.1765,2.7,往下跳（分割／面額變更）,上市日,-1806,6,興櫃期間或新上市
6272,2021-09-24,11.6423,11.614,13.4805,15.8,0.849979,-1.6,往上跳（減資／反向分割）,上市日,-1806,67,興櫃期間或新上市
6620,2021-09-24,38.2124,36.4781,45.9528,20.3,0.849979,2.2,往上跳（減資／反向分割）,上市日,-1806,41,興櫃期間或新上市
8227,2021-09-24,76.9264,77.4582,85.6637,11.4,0.900009,0.2,往上跳（減資／反向分割）,上市日,-1806,14,興櫃期間或新上市
2073,2021-09-27,38.3776,35.5662,33.8704,-11.7,1.1111,-1.9,往下跳（分割／面額變更）,上市日,-1803,2,興櫃期間或新上市
4951,2021-09-27,38.6879,38.1437,44.3848,14.7,0.849979,-2.5,往上跳（減資／反向分割）,上市日,-1803,18,興櫃期間或新上市
6693,2021-09-27,69.5311,69.1184,78.772,13.3,0.900009,2.0,往上跳（減資／反向分割）,上市日,-1803,12,興櫃期間或新上市
6695,2021-09-27,56.5,55.79,68.5,21.2,0.8,-3.0,往上跳（減資／反向分割）,上市日,-1803,21,興櫃期間或新上市
6805,2021-09-27,193.1934,193.3695,214.7137,11.1,0.900009,0.0,往上跳（減資／反向分割）,上市日,-1803,19,興櫃期間或新上市
6841,2021-09-27,191.63,201.559,170.4943,-11.0,1.1111,-1.1,往下跳（分割／面額變更）,上市日,-1803,8,興櫃期間或新上市
6695,2021-09-28,68.5,62.28,80.2,17.1,0.849979,-0.5,往上跳（減資／反向分割）,上市日,-1802,21,興櫃期間或新上市
6790,2021-09-29,46.8058,40.7007,40.5553,-13.4,1.1765,1.9,往下跳（分割／面額變更）,上市日,-1801,1,興櫃期間或新上市
8227,2021-09-29,94.6859,91.096,82.9095,-12.4,1.1111,-2.7,往下跳（分割／面額變更）,上市日,-1801,14,興櫃期間或新上市
6799,2021-10-04,188.5444,188.7218,163.2572,-13.4,1.1765,1.9,往下跳（分割／面額變更）,上市日,-1796,11,興櫃期間或新上市
8227,2021-10-04,73.6974,74.4951,65.245,-11.5,1.1111,-1.6,往下跳（分割／面額變更）,上市日,-1796,14,興櫃期間或新上市
2073,2021-10-07,32.7548,32.5495,29.0955,-11.2,1.1111,-1.3,往下跳（分割／面額變更）,上市日,-1793,2,興櫃期間或新上市
6620,2021-10-07,39.976,39.2314,44.8751,12.3,0.900009,1.0,往上跳（減資／反向分割）,上市日,-1793,41,興櫃期間或新上市
8227,2021-10-07,68.9488,68.6544,78.066,13.2,0.900009,1.9,往上跳（減資／反向分割）,上市日,-1793,14,興櫃期間或新上市
6838,2021-10-08,56.0,54.57,42.95,-23.3,1.3333,2.3,往下跳（分割／面額變更）,上市日,-1792,7,興櫃期間或新上市
6838,2021-10-12,42.95,44.18,36.0,-16.2,1.1765,-1.4,往下跳（分割／面額變更）,上市日,-1788,7,興櫃期間或新上市
6806,2021-10-14,111.1817,111.4813,96.9883,-12.8,1.1765,2.6,往下跳（分割／面額變更）,上市日,-1713,3,興櫃期間或新上市
2237,2021-10-18,31.0,30.93,34.65,11.8,0.900009,0.6,往上跳（減資／反向分割）,上市日,-1782,31,興櫃期間或新上市
4166,2021-10-18,15.05,15.03,17.55,16.6,0.849979,-0.9,往上跳（減資／反向分割）,上市日,-1782,25,興櫃期間或新上市
6761,2021-10-18,93.2444,92.6507,80.3229,-13.9,1.1765,1.3,往下跳（分割／面額變更）,上市日,-1782,7,興櫃期間或新上市
2756,2021-10-19,52.2092,52.232,58.2641,11.6,0.900009,0.4,往上跳（減資／反向分割）,上市日,-1781,7,興櫃期間或新上市
5222,2021-10-20,90.9554,90.6859,101.6741,11.8,0.900009,0.6,往上跳（減資／反向分割）,上市日,-1780,15,興櫃期間或新上市
6719,2021-10-22,456.229,454.3296,515.3025,12.9,0.900009,1.7,往上跳（減資／反向分割）,上市日,-1778,4,興櫃期間或新上市
4440,2021-10-25,36.1005,31.5879,31.2681,-13.4,1.1765,1.9,往下跳（分割／面額變更）,上市日,-1775,5,興櫃期間或新上市
5222,2021-10-25,93.0992,97.9991,110.8615,19.1,0.849979,1.2,往上跳（減資／反向分割）,上市日,-1775,15,興櫃期間或新上市
6761,2021-10-25,85.9106,83.9968,96.7367,12.6,0.900009,1.3,往上跳（減資／反向分割）,上市日,-1775,7,興櫃期間或新上市
6172,2021-10-26,43.4,31.7,31.7,-27.0,1.3333,-2.6,往下跳（分割／面額變更）,上市日,-1720,1,興櫃期間或新上市
4419,2021-10-28,15.5,13.75,13.75,-11.3,1.1111,-1.4,往下跳（分割／面額變更）,上市日,-1772,17,興櫃期間或新上市
6423,2021-10-29,51.4018,51.2963,57.2517,11.4,0.900009,0.2,往上跳（減資／反向分割）,上市日,-1771,28,興櫃期間或新上市
6423,2021-11-03,60.7999,59.8793,73.7463,21.3,0.8,-3.0,往上跳（減資／反向分割）,上市日,-1766,28,興櫃期間或新上市
6498,2021-11-03,27.5185,27.3226,30.83,12.0,0.900009,0.8,往上跳（減資／反向分割）,上市日,-1766,50,興櫃期間或新上市
8438,2021-11-03,43.6876,42.7177,52.2902,19.7,0.849979,1.7,往上跳（減資／反向分割）,上市日,-1766,8,興櫃期間或新上市
6720,2021-11-04,34.7721,34.3118,38.8001,11.6,0.900009,0.4,往上跳（減資／反向分割）,上市日,-1765,27,興櫃期間或新上市
8438,2021-11-04,52.2902,50.2998,45.9648,-12.1,1.1111,-2.3,往下跳（分割／面額變更）,上市日,-1765,8,興櫃期間或新上市
6272,2021-11-08,12.4907,12.2362,14.0933,12.8,0.900009,1.5,往上跳（減資／反向分割）,上市日,-1761,67,興櫃期間或新上市
6761,2021-11-08,99.8798,107.5629,115.2459,15.4,0.849979,-1.9,往上跳（減資／反向分割）,上市日,-1761,7,興櫃期間或新上市
6782,2021-11-08,149.0953,147.0088,165.6614,11.1,0.900009,0.0,往上跳（減資／反向分割）,上市日,-1761,3,興櫃期間或新上市
3150,2021-11-09,30.9324,31.0627,34.4211,11.3,0.900009,0.2,往上跳（減資／反向分割）,上市日,-1760,47,興櫃期間或新上市
6423,2021-11-09,83.1444,81.5524,95.5153,14.9,0.849979,-2.4,往上跳（減資／反向分割）,上市日,-1760,28,興櫃期間或新上市
2756,2021-11-10,60.8346,60.8688,70.5452,16.0,0.849979,-1.4,往上跳（減資／反向分割）,上市日,-1759,7,興櫃期間或新上市
6742,2021-11-10,80.5245,81.39,90.0551,11.8,0.900009,0.7,往上跳（減資／反向分割）,上市日,-1759,7,興櫃期間或新上市
6761,2021-11-10,114.5475,115.2459,132.009,15.2,0.849979,-2.0,往上跳（減資／反向分割）,上市日,-1759,7,興櫃期間或新上市
6272,2021-11-11,13.6219,13.3957,15.1303,11.1,0.900009,-0.0,往上跳（減資／反向分割）,上市日,-1758,67,興櫃期間或新上市
6658,2021-11-11,42.5687,43.593,49.3346,15.9,0.849979,-1.5,往上跳（減資／反向分割）,上市日,-1758,4,興櫃期間或新上市
6693,2021-11-11,92.4091,91.7721,103.1752,11.7,0.900009,0.5,往上跳（減資／反向分割）,上市日,-1758,12,興櫃期間或新上市
3150,2021-11-12,34.328,34.049,38.5144,12.2,0.900009,1.0,往上跳（減資／反向分割）,上市日,-1757,47,興櫃期間或新上市
6517,2021-11-12,3.4017,3.069,20.5214,503.3,0.166667,0.5,往上跳（減資／反向分割）,上市日,-1757,21,興櫃期間或新上市
6658,2021-11-12,49.3346,44.3636,71.1358,44.2,0.699986,0.9,往上跳（減資／反向分割）,上市日,-1757,4,興櫃期間或新上市
6693,2021-11-12,103.1752,101.1655,121.1187,17.4,0.849979,-0.2,往上跳（減資／反向分割）,上市日,-1757,12,興櫃期間或新上市
6799,2021-11-12,269.7293,266.5086,302.5582,12.2,0.900009,1.0,往上跳（減資／反向分割）,上市日,-1757,11,興櫃期間或新上市
2945,2021-11-15,73.942,72.8653,82.7747,11.9,0.900009,0.8,往上跳（減資／反向分割）,上市日,-1754,3,興櫃期間或新上市
3150,2021-11-15,38.5144,37.1189,44.4683,15.5,0.849979,-1.9,往上跳（減資／反向分割）,上市日,-1754,47,興櫃期間或新上市
3168,2021-11-15,26.2407,26.199,30.5308,16.3,0.849979,-1.1,往上跳（減資／反向分割）,上市日,-1754,16,興櫃期間或新上市
3592,2021-11-15,276.8298,275.472,311.7631,12.6,0.900009,1.4,往上跳（減資／反向分割）,上市日,-1754,10,興櫃期間或新上市
4768,2021-11-15,86.6714,85.2832,102.4632,18.2,0.849979,0.5,往上跳（減資／反向分割）,上市日,-1754,17,興櫃期間或新上市
6272,2021-11-15,14.7532,14.6683,17.0628,15.7,0.849979,-1.7,往上跳（減資／反向分割）,上市日,-1754,67,興櫃期間或新上市
6720,2021-11-15,34.5666,34.3529,39.17,13.3,0.900009,2.0,往上跳（減資／反向分割）,上市日,-1754,27,興櫃期間或新上市
3150,2021-11-16,44.4683,40.068,38.6074,-13.2,1.1765,2.1,往下跳（分割／面額變更）,上市日,-1753,47,興櫃期間或新上市
3447,2021-11-16,29.319,29.2278,34.1067,16.3,0.849979,-1.1,往上跳（減資／反向分割）,上市日,-1753,4,興櫃期間或新上市
6658,2021-11-16,64.182,70.5814,54.9728,-14.3,1.1765,0.8,往下跳（分割／面額變更）,上市日,-1753,4,興櫃期間或新上市
2756,2021-11-17,73.4013,71.3735,81.9696,11.7,0.900009,0.5,往上跳（減資／反向分割）,上市日,-1752,7,興櫃期間或新上市
6695,2021-11-17,77.3,76.99,88.4,14.4,0.849979,-2.8,往上跳（減資／反向分割）,上市日,-1752,21,興櫃期間或新上市
6805,2021-11-17,243.5704,238.4545,287.1001,17.9,0.849979,0.2,往上跳（減資／反向分割）,上市日,-1752,19,興櫃期間或新上市
6841,2021-11-17,112.2538,111.8499,143.2528,27.6,0.8,2.1,往上跳（減資／反向分割）,上市日,-1752,8,興櫃期間或新上市
2740,2021-11-18,43.2707,38.18,38.18,-11.8,1.1111,-2.0,往下跳（分割／面額變更）,上市日,-1751,8,興櫃期間或新上市
6423,2021-11-18,84.3911,82.3388,96.8579,14.8,0.849979,-2.4,往上跳（減資／反向分割）,上市日,-1751,28,興櫃期間或新上市
6517,2021-11-19,16.0843,16.0011,19.8281,23.3,0.8,-1.4,往上跳（減資／反向分割）,上市日,-1750,21,興櫃期間或新上市
6838,2021-11-22,29.8,29.4,35.3,18.5,0.849979,0.7,往上跳（減資／反向分割）,上市日,-1747,7,興櫃期間或新上市
6423,2021-11-24,90.4327,90.7683,106.4478,17.7,0.849979,0.1,往上跳（減資／反向分割）,上市日,-1745,28,興櫃期間或新上市
7547,2021-11-24,29.0195,28.826,40.6273,40.0,0.699986,-2.0,往上跳（減資／反向分割）,上市日,-1745,26,興櫃期間或新上市
6423,2021-11-25,106.4478,99.4088,120.8326,13.5,0.900009,2.2,往上跳（減資／反向分割）,上市日,-1744,28,興櫃期間或新上市
5703,2021-11-26,27.85,24.5,24.5,-12.0,1.1111,-2.3,往下跳（分割／面額變更）,上市日,-1743,4,興櫃期間或新上市
6645,2021-11-26,29.8932,29.3973,34.1035,14.1,0.900009,2.7,往上跳（減資／反向分割）,上市日,-1743,53,興櫃期間或新上市
7547,2021-11-26,42.3201,45.0286,36.226,-14.4,1.1765,0.7,往下跳（分割／面額變更）,上市日,-1743,26,興櫃期間或新上市
2254,2021-11-29,217.0,195.36,165.0,-24.0,1.3333,1.4,往下跳（分割／面額變更）,上市日,-1740,9,興櫃期間或新上市
2945,2021-11-30,81.597,65.53,70.6613,-13.4,1.1765,1.9,往下跳（分割／面額變更）,上市日,-1739,3,興櫃期間或新上市
4951,2021-12-01,49.4865,49.2824,55.5235,12.2,0.900009,1.0,往上跳（減資／反向分割）,上市日,-1738,18,興櫃期間或新上市
6796,2021-12-01,49.0233,49.0315,55.2131,12.6,0.900009,1.4,往上跳（減資／反向分割）,上市日,-1738,3,興櫃期間或新上市
6861,2021-12-02,175.1395,144.8661,153.1887,-12.5,1.1111,-2.8,往下跳（分割／面額變更）,上市日,-1737,4,興櫃期間或新上市
6423,2021-12-06,136.1765,130.1924,162.0692,19.0,0.849979,1.2,往上跳（減資／反向分割）,上市日,-1733,28,興櫃期間或新上市
6693,2021-12-06,117.53,117.207,130.539,11.1,0.900009,-0.0,往上跳（減資／反向分割）,上市日,-1733,12,興櫃期間或新上市
7547,2021-12-08,35.2587,34.8137,43.5292,23.5,0.8,-1.2,往上跳（減資／反向分割）,上市日,-1731,26,興櫃期間或新上市
8487,2021-12-13,16.3871,16.2036,18.3469,12.0,0.900009,0.8,往上跳（減資／反向分割）,上市日,-1726,15,興櫃期間或新上市
6584,2021-12-14,43.8124,43.8805,49.654,13.3,0.900009,2.0,往上跳（減資／反向分割）,上市日,-1725,11,興櫃期間或新上市
6859,2021-12-14,152.3401,155.6058,134.6653,-11.6,1.1111,-1.8,往下跳（分割／面額變更）,上市日,-1725,2,興櫃期間或新上市
8045,2021-12-15,11.4486,11.4963,12.8796,12.5,0.900009,1.3,往上跳（減資／反向分割）,上市日,-1724,30,興櫃期間或新上市
3349,2021-12-16,25.0644,25.0279,28.6645,14.4,0.849979,-2.8,往上跳（減資／反向分割）,上市日,-1723,16,興櫃期間或新上市
3430,2021-12-16,40.1271,39.931,50.5747,26.0,0.8,0.8,往上跳（減資／反向分割）,上市日,-1723,14,興櫃期間或新上市
3447,2021-12-16,34.0155,32.5017,39.624,16.5,0.849979,-1.0,往上跳（減資／反向分割）,上市日,-1723,4,興櫃期間或新上市
6517,2021-12-20,17.6095,17.5264,20.3827,15.7,0.849979,-1.6,往上跳（減資／反向分割）,上市日,-1719,21,興櫃期間或新上市
4577,2021-12-21,29.7729,29.8088,35.7813,20.2,0.849979,2.2,往上跳（減資／反向分割）,上市日,-1718,3,興櫃期間或新上市
6517,2021-12-22,20.8911,19.6802,24.4038,16.8,0.849979,-0.7,往上跳（減資／反向分割）,上市日,-1717,21,興櫃期間或新上市
6620,2021-12-27,49.0882,48.2652,60.9439,24.2,0.8,-0.7,往上跳（減資／反向分割）,上市日,-1712,41,興櫃期間或新上市
6517,2021-12-28,23.4794,22.8601,33.2317,41.5,0.699986,-0.9,往上跳（減資／反向分割）,上市日,-1711,21,興櫃期間或新上市
6585,2021-12-28,68.814,68.6348,77.2834,12.3,0.900009,1.1,往上跳（減資／反向分割）,上市日,-1711,5,興櫃期間或新上市
6620,2021-12-28,60.9439,61.7179,69.0762,13.3,0.900009,2.0,往上跳（減資／反向分割）,上市日,-1711,41,興櫃期間或新上市
6763,2021-12-30,94.6235,93.9674,110.129,16.4,0.849979,-1.1,往上跳（減資／反向分割）,上市日,-1709,9,興櫃期間或新上市
6859,2022-01-04,132.1403,127.1325,147.711,11.8,0.900009,0.6,往上跳（減資／反向分割）,上市日,-1704,2,興櫃期間或新上市
2756,2022-01-05,75.115,74.281,86.2537,14.8,0.849979,-2.4,往上跳（減資／反向分割）,上市日,-1703,7,興櫃期間或新上市
3150,2022-01-05,33.2117,32.607,38.7935,16.8,0.849979,-0.7,往上跳（減資／反向分割）,上市日,-1703,47,興櫃期間或新上市
7584,2022-01-06,57.6081,57.8349,65.3195,13.4,0.900009,2.0,往上跳（減資／反向分割）,上市日,-1702,16,興櫃期間或新上市
5703,2022-01-11,34.2,29.65,29.55,-13.6,1.1765,1.7,往下跳（分割／面額變更）,上市日,-1697,4,興櫃期間或新上市
6517,2022-01-11,29.5803,29.303,33.2779,12.5,0.900009,1.3,往上跳（減資／反向分割）,上市日,-1697,21,興櫃期間或新上市
7584,2022-01-11,71.67,75.5075,60.4205,-15.7,1.1765,-0.8,往下跳（分割／面額變更）,上市日,-1697,16,興櫃期間或新上市
2756,2022-01-14,82.2552,79.3991,69.4028,-15.6,1.1765,-0.7,往下跳（分割／面額變更）,上市日,-1694,7,興櫃期間或新上市
6865,2022-01-14,130.6562,125.0866,145.7319,11.5,0.900009,0.4,往上跳（減資／反向分割）,上市日,-1694,5,興櫃期間或新上市
6742,2022-01-17,79.2602,77.9084,88.6936,11.9,0.900009,0.7,往上跳（減資／反向分割）,上市日,-1691,7,興櫃期間或新上市
6404,2022-01-20,21.9,19.35,19.45,-11.2,1.1111,-1.3,往下跳（分割／面額變更）,上市日,-673,1,興櫃期間或新上市
6805,2022-01-20,288.5674,286.474,325.7387,12.9,0.900009,1.6,往上跳（減資／反向分割）,上市日,-1688,19,興櫃期間或新上市
4441,2022-02-07,150.5,145.3167,130.6607,-13.2,1.1765,2.1,往下跳（分割／面額變更）,上市日,-1670,5,興櫃期間或新上市
6550,2022-02-07,70.1305,70.5101,78.2225,11.5,0.900009,0.4,往上跳（減資／反向分割）,上市日,-1670,61,興櫃期間或新上市
6617,2022-02-07,249.5,243.75,277.0,11.0,0.900009,-0.1,往上跳（減資／反向分割）,上市日,-1670,22,興櫃期間或新上市
6620,2022-02-08,51.9297,51.7925,61.8257,19.1,0.849979,1.2,往上跳（減資／反向分割）,上市日,-1669,41,興櫃期間或新上市
6804,2022-02-09,40.1207,40.0504,44.9601,12.1,0.900009,0.9,往上跳（減資／反向分割）,上市日,-1668,5,興櫃期間或新上市
6708,2022-02-10,67.1362,67.6026,77.3378,15.2,0.849979,-2.1,往上跳（減資／反向分割）,上市日,-1667,32,興櫃期間或新上市
6804,2022-02-11,47.9262,46.2637,55.1074,15.0,0.849979,-2.3,往上跳（減資／反向分割）,上市日,-1666,5,興櫃期間或新上市
6865,2022-02-14,138.1941,138.973,122.2808,-11.5,1.1111,-1.7,往下跳（分割／面額變更）,上市日,-1663,5,興櫃期間或新上市
3430,2022-02-15,49.6365,49.9691,57.1417,15.1,0.849979,-2.2,往上跳（減資／反向分割）,上市日,-1662,14,興櫃期間或新上市
4951,2022-02-15,72.019,71.2708,80.4368,11.7,0.900009,0.5,往上跳（減資／反向分割）,上市日,-1662,18,興櫃期間或新上市
4749,2022-02-16,137.1534,138.2213,153.8078,12.1,0.900009,0.9,往上跳（減資／反向分割）,上市日,-1661,11,興櫃期間或新上市
6821,2022-02-16,27.9316,27.9316,36.4405,30.5,0.750019,-2.1,往上跳（減資／反向分割）,上市日,-1661,4,興櫃期間或新上市
6838,2022-02-16,40.15,39.4,45.0,12.1,0.900009,0.9,往上跳（減資／反向分割）,上市日,-1661,7,興櫃期間或新上市
6550,2022-02-17,86.1147,83.737,99.8011,15.9,0.849979,-1.5,往上跳（減資／反向分割）,上市日,-1660,61,興櫃期間或新上市
6689,2022-02-17,258.9475,258.0964,287.9207,11.2,0.900009,0.1,往上跳（減資／反向分割）,上市日,-1660,10,興櫃期間或新上市
6870,2022-02-17,137.3797,126.0766,179.0776,30.4,0.750019,-2.2,往上跳（減資／反向分割）,上市日,-1660,4,興櫃期間或新上市
7584,2022-02-17,61.4184,60.0848,69.6741,13.4,0.900009,2.1,往上跳（減資／反向分割）,上市日,-1660,16,興櫃期間或新上市
6855,2022-02-18,82.0757,83.1419,99.3346,21.0,0.849979,2.9,往上跳（減資／反向分割）,上市日,-1659,2,興櫃期間或新上市
3135,2022-02-21,45.5922,44.4375,50.8616,11.6,0.900009,0.4,往上跳（減資／反向分割）,上市日,-1656,15,興櫃期間或新上市
6550,2022-02-21,102.3985,99.6113,113.8871,11.2,0.900009,0.1,往上跳（減資／反向分割）,上市日,-1656,61,興櫃期間或新上市
6855,2022-02-21,99.3346,89.4932,87.4451,-12.0,1.1111,-2.2,往下跳（分割／面額變更）,上市日,-1656,2,興櫃期間或新上市
6870,2022-02-21,160.0901,163.8578,137.752,-14.0,1.1765,1.2,往下跳（分割／面額變更）,上市日,-1656,4,興櫃期間或新上市
6534,2022-02-23,57.339,56.6664,64.9267,13.2,0.900009,1.9,往上跳（減資／反向分割）,上市日,-1654,19,興櫃期間或新上市
6550,2022-02-23,111.8891,111.4795,99.1018,-11.4,1.1111,-1.6,往下跳（分割／面額變更）,上市日,-1654,61,興櫃期間或新上市
6831,2022-02-24,53.1057,52.4704,61.543,15.9,0.849979,-1.5,往上跳（減資／反向分割）,上市日,-1653,17,興櫃期間或新上市
6804,2022-02-25,48.3946,48.4492,54.2488,12.1,0.900009,0.9,往上跳（減資／反向分割）,上市日,-1652,5,興櫃期間或新上市
6693,2022-03-01,127.3989,109.904,107.2125,-15.8,1.1765,-1.0,往下跳（分割／面額變更）,上市日,-1648,12,興櫃期間或新上市
6870,2022-03-01,135.5182,134.8927,156.3671,15.4,0.849979,-1.9,往上跳（減資／反向分割）,上市日,-1648,4,興櫃期間或新上市
7584,2022-03-03,70.1277,70.0007,61.6906,-12.0,1.1111,-2.3,往下跳（分割／面額變更）,上市日,-1646,16,興櫃期間或新上市
6423,2022-03-07,103.0913,103.6667,91.5835,-11.2,1.1111,-1.3,往下跳（分割／面額變更）,上市日,-1642,28,興櫃期間或新上市
8227,2022-03-08,77.4962,76.8029,66.4796,-14.2,1.1765,0.9,往下跳（分割／面額變更）,上市日,-1641,14,興櫃期間或新上市
6534,2022-03-09,61.6502,60.8483,70.2726,14.0,0.900009,2.6,往上跳（減資／反向分割）,上市日,-1640,19,興櫃期間或新上市
6584,2022-03-10,51.0171,51.7083,56.7614,11.3,0.900009,0.1,往上跳（減資／反向分割）,上市日,-1639,11,興櫃期間或新上市
8438,2022-03-11,47.2298,34.6212,34.1573,-27.7,1.4286,3.3,往下跳（分割／面額變更）,上市日,-1638,8,興櫃期間或新上市
6534,2022-03-14,66.3925,65.4613,73.7215,11.0,0.900009,-0.1,往上跳（減資／反向分割）,上市日,-1635,19,興櫃期間或新上市
6763,2022-03-15,71.8025,66.0774,61.545,-14.3,1.1765,0.8,往下跳（分割／面額變更）,上市日,-1634,9,興櫃期間或新上市
2254,2022-03-16,200.0,199.86,273.5,36.7,0.750019,2.6,往上跳（減資／反向分割）,上市日,-1633,9,興櫃期間或新上市
2254,2022-03-17,273.5,231.58,235.5,-13.9,1.1765,1.3,往下跳（分割／面額變更）,上市日,-1632,9,興櫃期間或新上市
4558,2022-03-17,45.7491,36.6691,38.2406,-16.4,1.1765,-1.7,往下跳（分割／面額變更）,上市日,-1632,7,興櫃期間或新上市
6753,2022-03-17,56.2658,54.5925,62.9772,11.9,0.900009,0.7,往上跳（減資／反向分割）,上市日,-1632,4,興櫃期間或新上市
6498,2022-03-21,29.6173,29.5054,35.1676,18.7,0.849979,0.9,往上跳（減資／反向分割）,上市日,-1628,50,興櫃期間或新上市
6747,2022-03-22,160.9084,166.8957,181.4898,12.8,0.900009,1.5,往上跳（減資／反向分割）,上市日,-1348,5,興櫃期間或新上市
6785,2022-03-22,47.5583,47.5384,53.5589,12.6,0.900009,1.4,往上跳（減資／反向分割）,上市日,-1627,16,興櫃期間或新上市
6875,2022-03-22,37.8,36.76,42.5,12.4,0.900009,1.2,往上跳（減資／反向分割）,上市日,-1627,10,興櫃期間或新上市
8487,2022-03-28,17.5963,17.3962,21.7661,23.7,0.8,-1.0,往上跳（減資／反向分割）,上市日,-1621,15,興櫃期間或新上市
3135,2022-03-30,43.1637,43.8326,48.1123,11.5,0.900009,0.3,往上跳（減資／反向分割）,上市日,-1619,15,興櫃期間或新上市
6804,2022-03-31,49.1751,42.8526,41.2134,-16.2,1.1765,-1.4,往下跳（分割／面額變更）,上市日,-1618,5,興櫃期間或新上市
6841,2022-03-31,92.5272,92.4239,107.0873,15.7,0.849979,-1.6,往上跳（減資／反向分割）,上市日,-1618,8,興櫃期間或新上市
6534,2022-04-11,69.4103,67.1426,85.1893,22.7,0.8,-1.8,往上跳（減資／反向分割）,上市日,-1607,19,興櫃期間或新上市
6805,2022-04-11,260.1997,262.655,227.9193,-12.4,1.1111,-2.7,往下跳（分割／面額變更）,上市日,-1607,19,興櫃期間或新上市
4768,2022-04-13,89.6094,80.7954,76.3883,-14.8,1.1765,0.3,往下跳（分割／面額變更）,上市日,-1605,17,興櫃期間或新上市
4768,2022-04-14,76.3883,77.1228,88.1404,15.4,0.849979,-1.9,往上跳（減資／反向分割）,上市日,-1604,17,興櫃期間或新上市
2724,2022-04-18,14.4,15.0,16.0,11.1,0.900009,0.0,往上跳（減資／反向分割）,上市日,-1600,7,興櫃期間或新上市
6645,2022-04-18,40.0447,39.3617,44.7696,11.8,0.900009,0.6,往上跳（減資／反向分割）,上市日,-1600,53,興櫃期間或新上市
5228,2022-04-19,27.0185,27.8885,30.4502,12.7,0.900009,1.4,往上跳（減資／反向分割）,上市日,-1599,9,興櫃期間或新上市
2237,2022-04-21,34.6,34.65,44.3,28.0,0.8,2.4,往上跳（減資／反向分割）,上市日,-1597,31,興櫃期間或新上市
6844,2022-04-22,138.4749,138.6378,155.1948,12.1,0.900009,0.9,往上跳（減資／反向分割）,上市日,-1596,1,興櫃期間或新上市
6689,2022-04-25,256.2313,255.6065,201.9066,-21.2,1.25,-1.5,往下跳（分割／面額變更）,上市日,-1593,10,興櫃期間或新上市
6689,2022-04-26,201.9066,218.8016,234.9541,16.4,0.849979,-1.1,往上跳（減資／反向分割）,上市日,-1592,10,興櫃期間或新上市
6423,2022-05-04,69.5267,68.7691,80.3633,15.6,0.849979,-1.8,往上跳（減資／反向分割）,上市日,-1584,28,興櫃期間或新上市
6423,2022-05-05,80.3633,76.4219,92.4466,15.0,0.849979,-2.2,往上跳（減資／反向分割）,上市日,-1583,28,興櫃期間或新上市
6799,2022-05-05,138.8574,138.6533,157.9336,13.7,0.900009,2.4,往上跳（減資／反向分割）,上市日,-1583,11,興櫃期間或新上市
6645,2022-05-09,43.3194,43.4223,48.1847,11.2,0.900009,0.1,往上跳（減資／反向分割）,上市日,-1579,53,興櫃期間或新上市
6550,2022-05-12,118.3827,117.1339,102.3985,-13.5,1.1765,1.8,往下跳（分割／面額變更）,上市日,-1576,61,興櫃期間或新上市
6830,2022-05-12,141.6888,138.3827,125.4825,-11.4,1.1111,-1.6,往下跳（分割／面額變更）,上市日,-1576,1,興櫃期間或新上市
4749,2022-05-13,121.4788,122.4976,135.6839,11.7,0.900009,0.5,往上跳（減資／反向分割）,上市日,-1575,11,興櫃期間或新上市
6657,2022-05-18,32.1946,31.4033,39.7116,23.3,0.8,-1.3,往上跳（減資／反向分割）,上市日,-1570,17,興櫃期間或新上市
6865,2022-05-19,100.5048,98.6622,85.0103,-15.4,1.1765,-0.5,往下跳（分割／面額變更）,上市日,-1569,5,興櫃期間或新上市
6517,2022-05-20,27.7778,27.898,31.1518,12.1,0.900009,0.9,往上跳（減資／反向分割）,上市日,-1568,21,興櫃期間或新上市
3447,2022-06-06,29.1822,28.863,33.7419,15.6,0.849979,-1.7,往上跳（減資／反向分割）,上市日,-1551,4,興櫃期間或新上市
7547,2022-06-06,26.0208,26.0208,29.9868,15.2,0.849979,-2.0,往上跳（減資／反向分割）,上市日,-1551,26,興櫃期間或新上市
3150,2022-06-07,30.2347,29.0439,33.6303,11.2,0.900009,0.1,往上跳（減資／反向分割）,上市日,-1550,47,興櫃期間或新上市
6645,2022-06-13,42.1499,41.8786,47.7169,13.2,0.900009,1.9,往上跳（減資／反向分割）,上市日,-1544,53,興櫃期間或新上市
6742,2022-06-13,93.4589,91.6112,106.0044,13.4,0.900009,2.1,往上跳（減資／反向分割）,上市日,-1544,7,興櫃期間或新上市
4577,2022-06-14,34.9742,31.3423,30.7594,-12.1,1.1111,-2.3,往下跳（分割／面額變更）,上市日,-1543,3,興櫃期間或新上市
6884,2022-06-14,49.75,34.4404,43.9228,-11.7,1.1111,-1.9,往下跳（分割／面額變更）,上市日,-1543,11,興櫃期間或新上市
6620,2022-06-15,44.1892,43.5817,51.3418,16.2,0.849979,-1.2,往上跳（減資／反向分割）,上市日,-1542,41,興櫃期間或新上市
6884,2022-06-15,43.9228,41.2559,38.7132,-11.9,1.1111,-2.1,往下跳（分割／面額變更）,上市日,-1542,11,興櫃期間或新上市
6526,2022-06-22,103.24,103.1068,683.1921,561.8,0.149999,-0.7,往上跳（減資／反向分割）,上市日,-1535,7,興櫃期間或新上市
6620,2022-06-23,44.8751,45.8745,50.46,12.4,0.900009,1.2,往上跳（減資／反向分割）,上市日,-1534,41,興櫃期間或新上市
2941,2022-07-01,42.1697,42.0836,37.1351,-11.9,1.1111,-2.2,往下跳（分割／面額變更）,上市日,-1526,3,興櫃期間或新上市
5292,2022-07-01,45.1153,42.4084,39.6321,-12.2,1.1111,-2.4,往下跳（分割／面額變更）,上市日,-1526,14,興櫃期間或新上市
6526,2022-07-01,588.04,603.1597,518.579,-11.8,1.1111,-2.0,往下跳（分割／面額變更）,上市日,-1526,7,興櫃期間或新上市
6872,2022-07-04,22.55,22.79,19.8,-12.2,1.1111,-2.4,往下跳（分割／面額變更）,上市日,-1523,10,興櫃期間或新上市
6899,2022-07-04,65.3223,67.2957,56.1875,-14.0,1.1765,1.2,往下跳（分割／面額變更）,上市日,-1523,1,興櫃期間或新上市
6785,2022-07-05,55.0466,54.154,61.7911,12.3,0.900009,1.0,往上跳（減資／反向分割）,上市日,-1522,16,興櫃期間或新上市
6785,2022-07-06,61.7911,59.242,72.602,17.5,0.849979,-0.1,往上跳（減資／反向分割）,上市日,-1521,16,興櫃期間或新上市
3150,2022-07-07,30.4208,29.7231,33.9559,11.6,0.900009,0.5,往上跳（減資／反向分割）,上市日,-1520,47,興櫃期間或新上市
4749,2022-07-07,145.4806,145.9606,165.074,13.5,0.900009,2.1,往上跳（減資／反向分割）,上市日,-1520,11,興櫃期間或新上市
6742,2022-07-07,111.3533,111.1588,125.941,13.1,0.900009,1.8,往上跳（減資／反向分割）,上市日,-1520,7,興櫃期間或新上市
6805,2022-07-07,123.7416,125.6393,137.4363,11.1,0.900009,-0.0,往上跳（減資／反向分割）,上市日,-1520,19,興櫃期間或新上市
6884,2022-07-07,33.5993,33.5993,40.4338,20.3,0.849979,2.3,往上跳（減資／反向分割）,上市日,-1520,11,興櫃期間或新上市
6785,2022-07-08,77.2636,75.4287,66.0559,-14.5,1.1765,0.6,往下跳（分割／面額變更）,上市日,-1519,16,興櫃期間或新上市
6689,2022-07-12,193.7579,194.1744,170.2172,-12.1,1.1111,-2.4,往下跳（分割／面額變更）,上市日,-1515,10,興櫃期間或新上市
6720,2022-07-12,25.5653,25.4913,20.5509,-19.6,1.25,0.5,往下跳（分割／面額變更）,上市日,-1515,27,興櫃期間或新上市
6517,2022-07-14,23.6643,23.35,26.8996,13.7,0.900009,2.3,往上跳（減資／反向分割）,上市日,-1513,21,興櫃期間或新上市
6708,2022-07-22,62.4726,60.2671,69.9538,12.0,0.900009,0.8,往上跳（減資／反向分割）,上市日,-1505,32,興櫃期間或新上市
2254,2022-07-25,253.5,245.9,167.5,-33.9,1.5385,1.7,往下跳（分割／面額變更）,上市日,-1502,9,興櫃期間或新上市
6645,2022-07-26,42.2902,42.0189,36.4426,-13.8,1.1765,1.4,往下跳（分割／面額變更）,上市日,-1501,53,興櫃期間或新上市
6657,2022-07-26,37.4861,36.774,41.6403,11.1,0.900009,-0.0,往上跳（減資／反向分割）,上市日,-1501,17,興櫃期間或新上市
6901,2022-07-26,300.0,150.84,232.0,-22.7,1.3333,3.1,往下跳（分割／面額變更）,上市日,-1501,8,興櫃期間或新上市
6901,2022-07-27,232.0,235.88,173.0,-25.4,1.3333,-0.6,往下跳（分割／面額變更）,上市日,-1500,8,興櫃期間或新上市
6901,2022-07-28,173.0,180.6,148.0,-14.5,1.1765,0.6,往下跳（分割／面額變更）,上市日,-1499,8,興櫃期間或新上市
3288,2022-07-29,24.0196,21.3759,21.3759,-11.0,1.1111,-1.1,往下跳（分割／面額變更）,上市日,-1498,5,興櫃期間或新上市
6689,2022-07-29,172.0281,171.8741,193.7579,12.6,0.900009,1.4,往上跳（減資／反向分割）,上市日,-1498,10,興櫃期間或新上市
6901,2022-07-29,148.0,152.19,129.0,-12.8,1.1765,2.5,往下跳（分割／面額變更）,上市日,-1498,8,興櫃期間或新上市
6584,2022-08-04,58.5138,59.1856,65.5238,12.0,0.900009,0.8,往上跳（減資／反向分割）,上市日,-1492,11,興櫃期間或新上市
7584,2022-08-08,73.7566,71.7607,87.7277,18.9,0.849979,1.1,往上跳（減資／反向分割）,上市日,-1488,16,興櫃期間或新上市
6811,2022-08-09,138.0282,115.5986,117.324,-15.0,1.1765,0.0,往下跳（分割／面額變更）,上市日,-1487,9,興櫃期間或新上市
6838,2022-08-10,40.35,40.9,53.0,31.4,0.750019,-1.5,往上跳（減資／反向分割）,上市日,-1486,7,興櫃期間或新上市
6877,2022-08-11,50.4654,50.1859,40.2737,-20.2,1.25,-0.2,往下跳（分割／面額變更）,上市日,-1485,4,興櫃期間或新上市
2740,2022-08-12,67.0878,75.7238,75.7238,12.9,0.900009,1.6,往上跳（減資／反向分割）,上市日,-1484,8,興櫃期間或新上市
3485,2022-08-12,36.1328,35.8398,41.0645,13.6,0.900009,2.3,往上跳（減資／反向分割）,上市日,-1484,28,興櫃期間或新上市
6517,2022-08-15,31.3829,31.2442,38.9629,24.2,0.8,-0.7,往上跳（減資／反向分割）,上市日,-1481,21,興櫃期間或新上市
6597,2022-08-15,27.6724,27.6724,24.4868,-11.5,1.1111,-1.7,往下跳（分割／面額變更）,上市日,-1481,34,興櫃期間或新上市
6785,2022-08-17,89.4631,89.5921,99.679,11.4,0.900009,0.3,往上跳（減資／反向分割）,上市日,-1479,16,興櫃期間或新上市
4749,2022-08-18,217.976,214.6353,246.8762,13.3,0.900009,1.9,往上跳（減資／反向分割）,上市日,-1478,11,興櫃期間或新上市
6872,2022-08-18,19.45,19.38,22.0,13.1,0.900009,1.8,往上跳（減資／反向分割）,上市日,-1478,10,興櫃期間或新上市
6875,2022-08-18,39.7,39.75,45.5,14.6,0.849979,-2.6,往上跳（減資／反向分割）,上市日,-1478,10,興櫃期間或新上市
6791,2022-08-19,49.9902,49.9375,58.8636,17.8,0.849979,0.1,往上跳（減資／反向分割）,上市日,-1477,1,興櫃期間或新上市
6841,2022-08-19,54.483,54.9339,61.2464,12.4,0.900009,1.2,往上跳（減資／反向分割）,上市日,-1477,8,興櫃期間或新上市
6872,2022-08-22,23.45,22.67,28.95,23.5,0.8,-1.2,往上跳（減資／反向分割）,上市日,-1474,10,興櫃期間或新上市
6874,2022-08-22,55.4337,56.4019,62.1482,12.1,0.900009,0.9,往上跳（減資／反向分割）,上市日,-1474,6,興櫃期間或新上市
6901,2022-08-22,92.8,90.0,142.5,53.6,0.649984,-0.2,往上跳（減資／反向分割）,上市日,-1474,8,興櫃期間或新上市
6498,2022-08-23,30.3169,30.6434,25.9326,-14.5,1.1765,0.6,往下跳（分割／面額變更）,上市日,-1473,50,興櫃期間或新上市
6901,2022-08-24,128.5,132.19,112.0,-12.8,1.1765,2.5,往下跳（分割／面額變更）,上市日,-1472,8,興櫃期間或新上市
6841,2022-08-25,62.5615,61.1901,71.0158,13.5,0.900009,2.2,往上跳（減資／反向分割）,上市日,-1471,8,興櫃期間或新上市
6885,2022-08-25,32.95,31.61,40.15,21.9,0.8,-2.5,往上跳（減資／反向分割）,上市日,-1471,10,興櫃期間或新上市
3135,2022-08-26,28.8216,28.0335,32.9455,14.3,0.849979,-2.8,往上跳（減資／反向分割）,上市日,-1470,15,興櫃期間或新上市
6872,2022-08-26,25.25,24.95,28.35,12.3,0.900009,1.1,往上跳（減資／反向分割）,上市日,-1470,10,興櫃期間或新上市
7584,2022-08-26,98.8864,96.9722,111.5874,12.8,0.900009,1.6,往上跳（減資／反向分割）,上市日,-1470,16,興櫃期間或新上市
6753,2022-08-29,65.7354,66.3605,58.1965,-11.5,1.1111,-1.6,往下跳（分割／面額變更）,上市日,-1467,4,興櫃期間或新上市
6517,2022-08-30,36.051,35.7645,41.0427,13.8,0.900009,2.5,往上跳（減資／反向分割）,上市日,-1466,21,興櫃期間或新上市
2924,2022-08-31,29.05,32.7,32.7,12.6,0.900009,1.3,往上跳（減資／反向分割）,上市日,-1465,6,興櫃期間或新上市
6861,2022-09-01,85.9351,87.2428,98.0781,14.1,0.900009,2.7,往上跳（減資／反向分割）,上市日,-1464,4,興櫃期間或新上市
8487,2022-09-05,23.2672,23.0337,26.5196,14.0,0.900009,2.6,往上跳（減資／反向分割）,上市日,-1460,15,興櫃期間或新上市
6841,2022-09-12,72.237,72.2464,83.2275,15.2,0.849979,-2.1,往上跳（減資／反向分割）,上市日,-1453,8,興櫃期間或新上市
6843,2022-09-12,46.2231,46.0115,54.1809,17.2,0.849979,-0.4,往上跳（減資／反向分割）,上市日,-1453,3,興櫃期間或新上市
6843,2022-09-13,54.1809,49.1607,47.3237,-12.7,1.1765,2.8,往下跳（分割／面額變更）,上市日,-1452,3,興櫃期間或新上市
6908,2022-09-14,130.0,72.2457,93.8758,-27.8,1.4286,3.2,往下跳（分割／面額變更）,上市日,-1451,12,興櫃期間或新上市
6689,2022-09-15,129.4738,128.1156,153.9198,18.9,0.849979,1.0,往上跳（減資／反向分割）,上市日,-1450,10,興櫃期間或新上市
6895,2022-09-21,70.0068,69.6368,84.1409,20.2,0.849979,2.2,往上跳（減資／反向分割）,上市日,-1444,8,興櫃期間或新上市
4772,2022-09-22,134.5,131.6239,114.7284,-14.7,1.1765,0.4,往下跳（分割／面額變更）,上市日,-1443,9,興櫃期間或新上市
6874,2022-09-22,59.3375,59.7279,70.2681,18.4,0.849979,0.7,往上跳（減資／反向分割）,上市日,-1443,6,興櫃期間或新上市
6895,2022-09-22,84.1409,77.2446,94.1961,12.0,0.900009,0.8,往上跳（減資／反向分割）,上市日,-1443,8,興櫃期間或新上市
6908,2022-09-22,73.4554,67.8713,82.3591,12.1,0.900009,0.9,往上跳（減資／反向分割）,上市日,-1443,12,興櫃期間或新上市
6272,2022-09-26,11.6423,11.4726,10.0397,-13.8,1.1765,1.5,往下跳（分割／面額變更）,上市日,-1439,67,興櫃期間或新上市
6708,2022-09-26,69.7595,69.7886,61.2096,-12.3,1.1111,-2.5,往下跳（分割／面額變更）,上市日,-1439,32,興櫃期間或新上市
6908,2022-09-26,80.1332,77.4718,69.1004,-13.8,1.1765,1.5,往下跳（分割／面額變更）,上市日,-1439,12,興櫃期間或新上市
6874,2022-09-27,68.7066,69.7528,55.1214,-19.8,1.25,0.3,往下跳（分割／面額變更）,上市日,-1438,6,興櫃期間或新上市
4749,2022-09-28,227.7727,226.7734,187.6063,-17.6,1.25,3.0,往下跳（分割／面額變更）,上市日,-1437,11,興櫃期間或新上市
6895,2022-09-29,82.8129,83.088,94.1961,13.7,0.900009,2.4,往上跳（減資／反向分割）,上市日,-1436,8,興櫃期間或新上市
1294,2022-10-03,42.1,28.9644,35.7086,-15.2,1.1765,-0.2,往下跳（分割／面額變更）,上市日,-1432,14,興櫃期間或新上市
6895,2022-10-03,86.4176,90.4776,76.8367,-11.1,1.1111,-1.2,往下跳（分割／面額變更）,上市日,-1432,8,興櫃期間或新上市
1294,2022-10-05,39.6142,38.9795,44.4962,12.3,0.900009,1.1,往上跳（減資／反向分割）,上市日,-1430,14,興櫃期間或新上市
4584,2022-10-05,46.8153,43.7155,40.2183,-14.1,1.1765,1.1,往下跳（分割／面額變更）,上市日,-1430,1,興櫃期間或新上市
6874,2022-10-05,50.7492,49.6015,44.7374,-11.8,1.1111,-2.1,往下跳（分割／面額變更）,上市日,-1430,6,興櫃期間或新上市
1294,2022-10-06,44.4962,43.0037,59.0725,32.8,0.750019,-0.4,往上跳（減資／反向分割）,上市日,-1429,14,興櫃期間或新上市
6877,2022-10-06,32.8765,32.6381,36.986,12.5,0.900009,1.3,往上跳（減資／反向分割）,上市日,-1429,4,興櫃期間或新上市
4441,2022-10-11,110.5591,109.6911,86.5285,-21.7,1.25,-2.2,往下跳（分割／面額變更）,上市日,-1424,5,興櫃期間或新上市
4749,2022-10-11,214.0573,212.5486,186.1368,-13.0,1.1765,2.3,往下跳（分割／面額變更）,上市日,-1424,11,興櫃期間或新上市
6708,2022-10-11,62.084,60.7821,54.6028,-12.1,1.1111,-2.3,往下跳（分割／面額變更）,上市日,-1424,32,興櫃期間或新上市
4749,2022-10-13,184.1775,181.3266,159.6858,-13.3,1.1765,2.0,往下跳（分割／面額變更）,上市日,-1422,11,興櫃期間或新上市
6720,2022-10-13,18.8246,18.7671,16.4407,-12.7,1.1765,2.8,往下跳（分割／面額變更）,上市日,-1422,27,興櫃期間或新上市
6757,2022-10-13,28.5823,28.4577,25.0652,-12.3,1.1111,-2.6,往下跳（分割／面額變更）,上市日,-1422,6,興櫃期間或新上市
6885,2022-10-13,37.55,36.75,31.4,-16.4,1.1765,-1.6,往下跳（分割／面額變更）,上市日,-1422,10,興櫃期間或新上市
6838,2022-10-14,40.75,41.44,47.1,15.6,0.849979,-1.8,往上跳（減資／反向分割）,上市日,-1421,7,興櫃期間或新上市
6645,2022-10-17,29.2851,28.4243,33.6825,15.0,0.849979,-2.2,往上跳（減資／反向分割）,上市日,-1418,53,興櫃期間或新上市
4749,2022-10-18,160.6655,156.9427,184.6673,14.9,0.849979,-2.3,往上跳（減資／反向分割）,上市日,-1417,11,興櫃期間或新上市
6874,2022-10-18,44.5031,45.0497,51.5299,15.8,0.849979,-1.6,往上跳（減資／反向分割）,上市日,-1417,6,興櫃期間或新上市
1294,2022-10-19,40.3116,42.1528,34.8019,-13.7,1.1765,1.6,往下跳（分割／面額變更）,上市日,-1416,14,興櫃期間或新上市
3629,2022-10-21,43.85,39.55,38.8,-11.5,1.1111,-1.7,往下跳（分割／面額變更）,上市日,-1414,6,興櫃期間或新上市
6617,2022-10-25,393.0,396.04,324.5,-17.4,1.1765,-2.9,往下跳（分割／面額變更）,上市日,-1410,22,興櫃期間或新上市
6782,2022-10-25,179.0934,179.1024,157.6022,-12.0,1.1111,-2.2,往下跳（分割／面額變更）,上市日,-1410,3,興櫃期間或新上市
6865,2022-10-25,73.7035,73.8543,59.8003,-18.9,1.25,1.4,往下跳（分割／面額變更）,上市日,-1410,5,興櫃期間或新上市
6782,2022-10-27,174.6161,169.1895,197.8982,13.3,0.900009,2.0,往上跳（減資／反向分割）,上市日,-1408,3,興櫃期間或新上市
4772,2022-11-02,72.3672,72.779,83.1536,14.9,0.849979,-2.3,往上跳（減資／反向分割）,上市日,-1402,9,興櫃期間或新上市
4772,2022-11-04,82.7614,81.8494,96.0973,16.1,0.849979,-1.3,往上跳（減資／反向分割）,上市日,-1400,9,興櫃期間或新上市
6695,2022-11-04,39.2,36.0,34.1,-13.0,1.1765,2.3,往下跳（分割／面額變更）,上市日,-1400,21,興櫃期間或新上市
4749,2022-11-07,183.1978,181.8557,158.7061,-13.4,1.1765,1.9,往下跳（分割／面額變更）,上市日,-1397,11,興櫃期間或新上市
3135,2022-11-08,33.5412,31.9008,24.606,-26.6,1.3333,-2.2,往下跳（分割／面額變更）,上市日,-1396,15,興櫃期間或新上市
3288,2022-11-08,20.6,23.0,23.8,15.5,0.849979,-1.8,往上跳（減資／反向分割）,上市日,-1396,5,興櫃期間或新上市
2072,2022-11-10,102.111,106.7407,89.2663,-12.6,1.1765,2.9,往下跳（分割／面額變更）,上市日,-1394,11,興櫃期間或新上市
6835,2022-11-10,38.5478,31.5937,33.182,-13.9,1.1765,1.3,往下跳（分割／面額變更）,上市日,-1394,1,興櫃期間或新上市
8227,2022-11-10,57.4574,57.3149,64.2003,11.7,0.900009,0.6,往上跳（減資／反向分割）,上市日,-1394,14,興櫃期間或新上市
2924,2022-11-11,32.1,27.6,28.05,-12.6,1.1765,2.8,往下跳（分割／面額變更）,上市日,-1393,6,興櫃期間或新上市
4588,2022-11-17,28.0892,27.1751,35.633,26.9,0.8,1.5,往上跳（減資／反向分割）,上市日,-1387,2,興櫃期間或新上市
6517,2022-11-17,40.7654,40.6915,45.3873,11.3,0.900009,0.2,往上跳（減資／反向分割）,上市日,-1387,21,興櫃期間或新上市
6805,2022-11-23,157.0002,155.572,176.5641,12.5,0.900009,1.2,往上跳（減資／反向分割）,上市日,-1381,19,興櫃期間或新上市
6843,2022-11-23,38.096,38.5193,44.022,15.6,0.849979,-1.8,往上跳（減資／反向分割）,上市日,-1381,3,興櫃期間或新上市
6895,2022-11-23,68.7736,68.6693,79.4928,15.6,0.849979,-1.8,往上跳（減資／反向分割）,上市日,-1381,8,興櫃期間或新上市
6620,2022-11-24,73.4854,73.4952,83.4794,13.6,0.900009,2.2,往上跳（減資／反向分割）,上市日,-1380,41,興櫃期間或新上市
6617,2022-11-25,374.5,367.12,332.0,-11.3,1.1111,-1.5,往下跳（分割／面額變更）,上市日,-1379,22,興櫃期間或新上市
6785,2022-11-25,96.9019,95.7414,107.6136,11.1,0.900009,-0.1,往上跳（減資／反向分割）,上市日,-1379,16,興櫃期間或新上市
6881,2022-11-28,67.2701,67.1861,74.9965,11.5,0.900009,0.3,往上跳（減資／反向分割）,上市日,-1376,3,興櫃期間或新上市
6874,2022-12-01,39.4282,38.7724,44.8935,13.9,0.900009,2.5,往上跳（減資／反向分割）,上市日,-1373,6,興櫃期間或新上市
6916,2022-12-01,29.3043,29.3138,32.6548,11.4,0.900009,0.3,往上跳（減資／反向分割）,上市日,-1373,2,興櫃期間或新上市
6908,2022-12-07,67.7455,67.3293,79.6493,17.6,0.849979,-0.1,往上跳（減資／反向分割）,上市日,-1367,12,興櫃期間或新上市
6908,2022-12-09,75.391,75.362,86.811,15.1,0.849979,-2.1,往上跳（減資／反向分割）,上市日,-1365,12,興櫃期間或新上市
6757,2022-12-12,25.2878,25.3501,28.4933,12.7,0.900009,1.4,往上跳（減資／反向分割）,上市日,-1362,6,興櫃期間或新上市
5455,2022-12-13,27.6,33.35,33.35,20.8,0.849979,2.7,往上跳（減資／反向分割）,上市日,-1361,34,興櫃期間或新上市
6875,2022-12-14,49.6,50.34,59.4,19.8,0.849979,1.8,往上跳（減資／反向分割）,上市日,-1360,10,興櫃期間或新上市
3447,2022-12-15,37.3897,35.9306,43.7733,17.1,0.849979,-0.5,往上跳（減資／反向分割）,上市日,-1359,4,興櫃期間或新上市
6517,2022-12-15,46.0344,46.7739,59.1607,28.5,0.8,2.8,往上跳（減資／反向分割）,上市日,-1359,21,興櫃期間或新上市
6708,2022-12-15,66.1646,65.708,73.8401,11.6,0.900009,0.4,往上跳（減資／反向分割）,上市日,-1359,32,興櫃期間或新上市
6875,2022-12-15,59.4,53.26,66.1,11.3,0.900009,0.2,往上跳（減資／反向分割）,上市日,-1359,10,興櫃期間或新上市
8227,2022-12-15,91.4569,91.077,101.6188,11.1,0.900009,0.0,往上跳（減資／反向分割）,上市日,-1359,14,興櫃期間或新上市
6865,2022-12-19,69.5158,68.226,77.8912,12.0,0.900009,0.8,往上跳（減資／反向分割）,上市日,-1355,5,興櫃期間或新上市
6872,2022-12-19,23.85,23.77,26.65,11.7,0.900009,0.6,往上跳（減資／反向分割）,上市日,-1355,10,興櫃期間或新上市
6919,2022-12-27,129.5,13.76,12.5,-90.3,10.0,-3.5,往下跳（分割／面額變更）,上市日,-1347,13,興櫃期間或新上市
6236,2022-12-28,15.0,14.2,16.9,12.7,0.900009,1.4,往上跳（減資／反向分割）,上市日,-1346,10,興櫃期間或新上市
4169,2023-01-09,31.46,31.3402,35.405,12.5,0.900009,1.3,往上跳（減資／反向分割）,上市日,-1334,25,興櫃期間或新上市
6895,2023-01-09,80.9157,80.6121,90.3069,11.6,0.900009,0.4,往上跳（減資／反向分割）,上市日,-1334,8,興櫃期間或新上市
6908,2023-01-09,81.101,80.0751,98.2309,21.1,0.849979,3.0,往上跳（減資／反向分割）,上市日,-1334,12,興櫃期間或新上市
6725,2023-01-10,51.0,45.7537,43.4291,-14.8,1.1765,0.2,往下跳（分割／面額變更）,上市日,-1333,13,興櫃期間或新上市
7584,2023-01-12,83.4637,81.5223,63.1421,-24.3,1.3333,0.9,往下跳（分割／面額變更）,上市日,-1331,16,興櫃期間或新上市
4949,2023-01-16,5.3243,5.4574,66.7442,1153.6,,,往上跳（減資／反向分割）,上市日,-1327,20,興櫃期間或新上市
6885,2023-01-16,47.55,46.58,53.0,11.5,0.900009,0.3,往上跳（減資／反向分割）,上市日,-1327,10,興櫃期間或新上市
6918,2023-01-16,42.3529,41.4306,47.3412,11.8,0.900009,0.6,往上跳（減資／反向分割）,上市日,-1327,4,興櫃期間或新上市
6919,2023-01-17,15.65,15.078,17.8,13.7,0.900009,2.4,往上跳（減資／反向分割）,上市日,-1326,13,興櫃期間或新上市
2243,2023-01-30,14.98,15.45,16.65,11.1,0.900009,0.0,往上跳（減資／反向分割）,上市日,-1313,2,興櫃期間或新上市
6794,2023-01-30,33.45,33.03,37.55,12.3,0.900009,1.0,往上跳（減資／反向分割）,上市日,-1313,8,興櫃期間或新上市
6841,2023-01-30,67.6341,67.3899,79.0943,16.9,0.849979,-0.6,往上跳（減資／反向分割）,上市日,-1313,8,興櫃期間或新上市
6885,2023-01-30,58.2,55.33,67.0,15.1,0.849979,-2.2,往上跳（減資／反向分割）,上市日,-1313,10,興櫃期間或新上市
6919,2023-01-30,17.8,16.934,20.3,14.0,0.900009,2.6,往上跳（減資／反向分割）,上市日,-1313,13,興櫃期間或新上市
6657,2023-01-31,49.0089,48.7023,56.8721,16.0,0.849979,-1.4,往上跳（減資／反向分割）,上市日,-1312,17,興櫃期間或新上市
6794,2023-01-31,37.55,37.02,42.5,13.2,0.900009,1.9,往上跳（減資／反向分割）,上市日,-1312,8,興櫃期間或新上市
6423,2023-02-01,87.4598,87.2105,101.1734,15.7,0.849979,-1.7,往上跳（減資／反向分割）,上市日,-1311,28,興櫃期間或新上市
6794,2023-02-01,42.5,39.75,49.0,15.3,0.849979,-2.0,往上跳（減資／反向分割）,上市日,-1311,8,興櫃期間或新上市
6906,2023-02-01,142.3167,143.6605,163.3142,14.8,0.849979,-2.5,往上跳（減資／反向分割）,上市日,-1311,2,興櫃期間或新上市
6805,2023-02-02,192.7043,195.3454,170.2058,-11.7,1.1111,-1.9,往下跳（分割／面額變更）,上市日,-1310,19,興櫃期間或新上市
6881,2023-02-03,108.3376,106.7168,122.1948,12.8,0.900009,1.5,往上跳（減資／反向分割）,上市日,-1309,3,興櫃期間或新上市
6884,2023-02-06,33.1691,33.1691,38.6176,16.4,0.849979,-1.0,往上跳（減資／反向分割）,上市日,-1306,11,興櫃期間或新上市
6908,2023-02-07,93.9726,94.5339,106.941,13.8,0.900009,2.4,往上跳（減資／反向分割）,上市日,-1305,12,興櫃期間或新上市
6919,2023-02-07,18.7,18.693,21.95,17.4,0.849979,-0.2,往上跳（減資／反向分割）,上市日,-1305,13,興櫃期間或新上市
4949,2023-02-08,61.9903,61.8667,71.6882,15.6,0.849979,-1.7,往上跳（減資／反向分割）,上市日,-1304,20,興櫃期間或新上市
6925,2023-02-08,56.1486,56.0029,65.28,16.3,0.849979,-1.2,往上跳（減資／反向分割）,上市日,-1304,11,興櫃期間或新上市
6925,2023-02-09,65.28,60.9571,79.1714,21.3,0.8,-3.0,往上跳（減資／反向分割）,上市日,-1303,11,興櫃期間或新上市
2949,2023-02-10,70.9065,70.7081,88.5413,24.9,0.8,-0.1,往上跳（減資／反向分割）,上市日,-1302,5,興櫃期間或新上市
6584,2023-02-10,58.4165,58.0563,65.1344,11.5,0.900009,0.4,往上跳（減資／反向分割）,上市日,-1302,11,興櫃期間或新上市
6753,2023-02-10,72.079,69.1738,81.7325,13.4,0.900009,2.1,往上跳（減資／反向分割）,上市日,-1302,4,興櫃期間或新上市
6861,2023-02-10,96.677,94.9863,109.287,13.0,0.900009,1.7,往上跳（減資／反向分割）,上市日,-1302,4,興櫃期間或新上市
2941,2023-02-13,43.7188,43.5208,49.4848,13.2,0.900009,1.9,往上跳（減資／反向分割）,上市日,-1299,3,興櫃期間或新上市
2646,2023-02-14,19.55,19.28,22.0,12.5,0.900009,1.3,往上跳（減資／反向分割）,上市日,-1298,9,興櫃期間或新上市
4169,2023-02-14,43.3948,42.8255,48.2886,11.3,0.900009,0.2,往上跳（減資／反向分割）,上市日,-1298,25,興櫃期間或新上市
2248,2023-02-15,27.7674,26.955,36.6512,32.0,0.750019,-1.0,往上跳（減資／反向分割）,上市日,-1297,8,興櫃期間或新上市
6620,2023-02-15,154.8092,152.3695,175.3851,13.3,0.900009,2.0,往上跳（減資／反向分割）,上市日,-1297,41,興櫃期間或新上市
6794,2023-02-15,71.5,69.62,88.5,23.8,0.8,-1.0,往上跳（減資／反向分割）,上市日,-1297,8,興櫃期間或新上市
2646,2023-02-16,24.0,23.75,29.25,21.9,0.8,-2.5,往上跳（減資／反向分割）,上市日,-1296,9,興櫃期間或新上市
6861,2023-02-16,100.4133,101.2633,112.5563,12.1,0.900009,0.9,往上跳（減資／反向分割）,上市日,-1296,4,興櫃期間或新上市
6931,2023-02-16,40.71,40.2696,45.652,12.1,0.900009,0.9,往上跳（減資／反向分割）,上市日,-1296,4,興櫃期間或新上市
1780,2023-02-17,14.4,14.33,18.5,28.5,0.8,2.8,往上跳（減資／反向分割）,上市日,-1295,11,興櫃期間或新上市
2646,2023-02-17,29.25,27.53,33.55,14.7,0.849979,-2.5,往上跳（減資／反向分割）,上市日,-1295,9,興櫃期間或新上市
4588,2023-02-17,43.576,44.4547,50.0548,14.9,0.849979,-2.4,往上跳（減資／反向分割）,上市日,-1295,2,興櫃期間或新上市
6841,2023-02-17,86.5153,86.2241,107.0873,23.8,0.8,-1.0,往上跳（減資／反向分割）,上市日,-1295,8,興櫃期間或新上市
2646,2023-02-20,33.55,32.23,44.95,34.0,0.750019,0.5,往上跳（減資／反向分割）,上市日,-1292,9,興櫃期間或新上市
6657,2023-02-20,57.0699,56.4468,63.8946,12.0,0.900009,0.8,往上跳（減資／反向分割）,上市日,-1292,17,興櫃期間或新上市
6869,2023-02-20,95.2874,93.7053,108.322,13.7,0.900009,2.3,往上跳（減資／反向分割）,上市日,-1292,2,興櫃期間或新上市
6872,2023-02-20,28.0,27.45,31.7,13.2,0.900009,1.9,往上跳（減資／反向分割）,上市日,-1292,10,興櫃期間或新上市
6877,2023-02-20,36.2463,36.0408,40.9723,13.0,0.900009,1.7,往上跳（減資／反向分割）,上市日,-1292,4,興櫃期間或新上市
6919,2023-02-20,20.75,20.259,23.25,12.0,0.900009,0.8,往上跳（減資／反向分割）,上市日,-1292,13,興櫃期間或新上市
2646,2023-02-21,44.95,40.15,39.3,-12.6,1.1111,-2.9,往下跳（分割／面額變更）,上市日,-1291,9,興櫃期間或新上市
6720,2023-02-21,22.1128,21.5785,25.0721,13.4,0.900009,2.0,往上跳（減資／反向分割）,上市日,-1291,27,興櫃期間或新上市
2646,2023-02-22,39.3,42.04,34.85,-11.3,1.1111,-1.5,往下跳（分割／面額變更）,上市日,-1290,9,興櫃期間或新上市
2949,2023-02-23,87.8065,88.3209,97.7261,11.3,0.900009,0.2,往上跳（減資／反向分割）,上市日,-1289,5,興櫃期間或新上市
6785,2023-02-23,152.246,151.8294,189.9356,24.8,0.8,-0.2,往上跳（減資／反向分割）,上市日,-1289,16,興櫃期間或新上市
6620,2023-03-01,211.6379,211.5987,171.9558,-18.8,1.25,1.6,往下跳（分割／面額變更）,上市日,-1283,41,興櫃期間或新上市
6931,2023-03-01,45.652,45.329,52.7469,15.5,0.849979,-1.8,往上跳（減資／反向分割）,上市日,-1283,4,興櫃期間或新上市
6423,2023-03-02,113.6402,113.3142,127.5456,12.2,0.900009,1.0,往上跳（減資／反向分割）,上市日,-1282,28,興櫃期間或新上市
6645,2023-03-02,33.4486,32.9621,37.9864,13.6,0.900009,2.2,往上跳（減資／反向分割）,上市日,-1282,53,興櫃期間或新上市
6785,2023-03-02,214.2354,210.1689,189.4397,-11.6,1.1111,-1.7,往下跳（分割／面額變更）,上市日,-1282,16,興櫃期間或新上市
6884,2023-03-02,35.4154,35.4154,42.5846,20.2,0.849979,2.2,往上跳（減資／反向分割）,上市日,-1282,11,興櫃期間或新上市
6873,2023-03-03,105.5298,102.997,117.2134,11.1,0.900009,-0.0,往上跳（減資／反向分割）,上市日,-1281,2,興櫃期間或新上市
3168,2023-03-06,40.9438,40.7189,45.6504,11.5,0.900009,0.3,往上跳（減資／反向分割）,上市日,-1278,16,興櫃期間或新上市
6873,2023-03-06,117.2134,91.2079,91.2079,-22.2,1.25,-2.7,往下跳（分割／面額變更）,上市日,-1278,2,興櫃期間或新上市
6895,2023-03-06,113.8322,113.5571,128.5355,12.9,0.900009,1.6,往上跳（減資／反向分割）,上市日,-1278,8,興櫃期間或新上市
8033,2023-03-06,53.4263,55.1199,59.4714,11.3,0.900009,0.2,往上跳（減資／反向分割）,上市日,-1278,1,興櫃期間或新上市
6597,2023-03-07,23.7736,23.7736,29.3841,23.6,0.8,-1.1,往上跳（減資／反向分割）,上市日,-1277,34,興櫃期間或新上市
8487,2023-03-08,26.3528,25.5022,33.775,28.2,0.8,2.5,往上跳（減資／反向分割）,上市日,-1276,15,興櫃期間或新上市
6869,2023-03-14,101.58,91.6917,87.197,-14.2,1.1765,1.0,往下跳（分割／面額變更）,上市日,-1270,2,興櫃期間或新上市
5292,2023-03-15,50.0433,49.8906,55.6654,11.2,0.900009,0.1,往上跳（減資／反向分割）,上市日,-1269,14,興櫃期間或新上市
7610,2023-03-15,118.0,97.1171,95.4711,-19.1,1.25,1.1,往下跳（分割／面額變更）,上市日,-1269,17,興櫃期間或新上市
6908,2023-03-16,131.6197,128.0583,114.1995,-13.2,1.1765,2.1,往下跳（分割／面額變更）,上市日,-1268,12,興櫃期間或新上市
6597,2023-03-20,23.1555,22.8131,19.6845,-15.0,1.1765,0.0,往下跳（分割／面額變更）,上市日,-1264,34,興櫃期間或新上市
6597,2023-03-21,19.6845,21.0729,24.3441,23.7,0.8,-1.1,往上跳（減資／反向分割）,上市日,-1263,34,興櫃期間或新上市
6692,2023-03-22,36.4398,36.2047,40.7063,11.7,0.900009,0.5,往上跳（減資／反向分割）,上市日,-1262,8,興櫃期間或新上市
7610,2023-03-22,95.0596,95.2653,109.874,15.6,0.849979,-1.8,往上跳（減資／反向分割）,上市日,-1262,17,興櫃期間或新上市
6922,2023-03-23,139.1044,136.9957,155.9387,12.1,0.900009,0.9,往上跳（減資／反向分割）,上市日,-1261,2,興櫃期間或新上市
6606,2023-03-24,25.1101,22.473,21.785,-13.2,1.1765,2.1,往下跳（分割／面額變更）,上市日,-1260,4,興櫃期間或新上市
6936,2023-03-27,44.65,41.9706,37.0328,-17.1,1.1765,-2.4,往下跳（分割／面額變更）,上市日,-1257,4,興櫃期間或新上市
2646,2023-03-28,29.05,29.06,33.0,13.6,0.900009,2.2,往上跳（減資／反向分割）,上市日,-1256,9,興櫃期間或新上市
2949,2023-03-30,91.8478,89.1218,103.9718,13.2,0.900009,1.9,往上跳（減資／反向分割）,上市日,-1254,5,興櫃期間或新上市
8045,2023-04-07,15.551,15.3411,17.316,11.3,0.900009,0.2,往上跳（減資／反向分割）,上市日,-1246,30,興櫃期間或新上市
8045,2023-04-10,17.316,16.5241,21.8,25.9,0.8,0.7,往上跳（減資／反向分割）,上市日,-1243,30,興櫃期間或新上市
3485,2023-04-11,51.7578,50.8984,58.1055,12.3,0.900009,1.0,往上跳（減資／反向分割）,上市日,-1242,28,興櫃期間或新上市
1294,2023-04-12,36.3362,36.3362,40.5208,11.5,0.900009,0.4,往上跳（減資／反向分割）,上市日,-1241,14,興櫃期間或新上市
2724,2023-04-12,15.85,14.45,13.8,-12.9,1.1765,2.4,往下跳（分割／面額變更）,上市日,-1241,7,興櫃期間或新上市
3135,2023-04-12,23.8729,23.4513,26.668,11.7,0.900009,0.5,往上跳（減資／反向分割）,上市日,-1241,15,興櫃期間或新上市
5548,2023-04-12,11.9959,11.9388,14.3523,19.6,0.849979,1.7,往上跳（減資／反向分割）,上市日,-1241,6,興櫃期間或新上市
7610,2023-04-12,94.648,93.8497,111.5201,17.8,0.849979,0.1,往上跳（減資／反向分割）,上市日,-1241,17,興櫃期間或新上市
6914,2023-04-17,87.7275,86.5305,98.5075,12.3,0.900009,1.1,往上跳（減資／反向分割）,上市日,-1236,3,興櫃期間或新上市
7547,2023-04-17,35.7907,34.7944,42.5135,18.8,0.849979,1.0,往上跳（減資／反向分割）,上市日,-1236,26,興櫃期間或新上市
6742,2023-04-19,91.6112,91.2124,104.0594,13.6,0.900009,2.2,往上跳（減資／反向分割）,上市日,-1234,7,興櫃期間或新上市
6805,2023-04-20,224.4956,224.6423,197.5953,-12.0,1.1111,-2.2,往下跳（分割／面額變更）,上市日,-1233,19,興櫃期間或新上市
6923,2023-04-24,116.3025,110.1242,129.1739,11.1,0.900009,-0.0,往上跳（減資／反向分割）,上市日,-1229,2,興櫃期間或新上市
6805,2023-04-26,197.1062,199.7375,223.0283,13.2,0.900009,1.8,往上跳（減資／反向分割）,上市日,-1227,19,興櫃期間或新上市
8045,2023-04-27,16.505,16.2379,19.0809,15.6,0.849979,-1.7,往上跳（減資／反向分割）,上市日,-1226,30,興櫃期間或新上市
6944,2023-04-28,102.5,74.7599,73.8415,-28.0,1.4286,2.9,往下跳（分割／面額變更）,上市日,-1225,7,興櫃期間或新上市
2254,2023-05-02,85.6,85.19,97.5,13.9,0.900009,2.5,往上跳（減資／反向分割）,上市日,-1221,9,興櫃期間或新上市
3150,2023-05-03,27.909,27.9648,32.2814,15.7,0.849979,-1.7,往上跳（減資／反向分割）,上市日,-1220,47,興櫃期間或新上市
2321,2023-05-04,23.7,22.85,21.05,-11.2,1.1111,-1.3,往下跳（分割／面額變更）,上市日,-1219,1,興櫃期間或新上市
5292,2023-05-04,49.3492,48.8148,57.6088,16.7,0.849979,-0.8,往上跳（減資／反向分割）,上市日,-1219,14,興櫃期間或新上市
6103,2023-05-11,35.4405,30.9606,30.9606,-12.6,1.1765,2.8,往下跳（分割／面額變更）,上市日,-1212,33,興櫃期間或新上市
6725,2023-05-11,57.3867,57.6007,67.016,16.8,0.849979,-0.7,往上跳（減資／反向分割）,上市日,-1212,13,興櫃期間或新上市
6722,2023-05-12,53.9,52.6873,46.6423,-13.5,1.1765,1.8,往下跳（分割／面額變更）,上市日,-1211,3,興櫃期間或新上市
6720,2023-05-22,19.4001,19.3918,23.0581,18.9,0.849979,1.0,往上跳（減資／反向分割）,上市日,-1201,27,興櫃期間或新上市
6910,2023-05-22,58.8,48.757,66.4912,13.1,0.900009,1.8,往上跳（減資／反向分割）,上市日,-1201,9,興櫃期間或新上市
6103,2023-05-23,30.3633,40.7167,40.7167,34.1,0.750019,0.6,往上跳（減資／反向分割）,上市日,-1200,33,興櫃期間或新上市
6794,2023-05-25,86.0,82.5,97.0,12.8,0.900009,1.5,往上跳（減資／反向分割）,上市日,-1198,8,興櫃期間或新上市
6951,2023-05-25,71.3,55.6559,52.5191,-26.3,1.3333,-1.8,往下跳（分割／面額變更）,上市日,-1198,2,興櫃期間或新上市
7547,2023-05-26,39.7083,38.7604,44.4482,11.9,0.900009,0.7,往上跳（減資／反向分割）,上市日,-1197,26,興櫃期間或新上市
6103,2023-05-29,36.6849,30.9606,31.8566,-13.2,1.1765,2.2,往下跳（分割／面額變更）,上市日,-1194,33,興櫃期間或新上市
6944,2023-05-29,63.9225,63.6139,71.1964,11.4,0.900009,0.2,往上跳（減資／反向分割）,上市日,-1194,7,興櫃期間或新上市
6913,2023-05-30,98.9736,98.191,84.7951,-14.3,1.1765,0.8,往下跳（分割／面額變更）,上市日,-1193,3,興櫃期間或新上市
7547,2023-05-30,44.69,44.632,39.4665,-11.7,1.1111,-1.9,往下跳（分割／面額變更）,上市日,-1193,26,興櫃期間或新上市
3135,2023-05-31,25.4308,25.3575,29.234,15.0,0.849979,-2.3,往上跳（減資／反向分割）,上市日,-1192,15,興櫃期間或新上市
6720,2023-06-01,24.9488,24.8337,28.7713,15.3,0.849979,-2.0,往上跳（減資／反向分割）,上市日,-1191,27,興櫃期間或新上市
6875,2023-06-07,83.9,83.55,95.3,13.6,0.900009,2.2,往上跳（減資／反向分割）,上市日,-1185,10,興櫃期間或新上市
8045,2023-06-07,27.5243,27.0568,31.3404,13.9,0.900009,2.5,往上跳（減資／反向分割）,上市日,-1185,30,興櫃期間或新上市
6875,2023-06-09,91.4,92.39,105.0,14.9,0.849979,-2.4,往上跳（減資／反向分割）,上市日,-1183,10,興櫃期間或新上市
6725,2023-06-13,71.9766,71.5,81.7031,13.5,0.900009,2.2,往上跳（減資／反向分割）,上市日,-1179,13,興櫃期間或新上市
3135,2023-06-16,30.1962,30.2054,33.9994,12.6,0.900009,1.3,往上跳（減資／反向分割）,上市日,-1176,15,興櫃期間或新上市
6645,2023-06-20,41.1207,39.9231,36.2087,-11.9,1.1111,-2.2,往下跳（分割／面額變更）,上市日,-1172,53,興櫃期間或新上市
6910,2023-06-20,48.1423,48.0477,53.8172,11.8,0.900009,0.6,往上跳（減資／反向分割）,上市日,-1172,9,興櫃期間或新上市
6929,2023-06-20,128.9686,130.2035,149.3845,15.8,0.849979,-1.5,往上跳（減資／反向分割）,上市日,-1172,3,興櫃期間或新上市
6877,2023-06-21,35.8353,36.2052,39.7805,11.0,0.900009,-0.1,往上跳（減資／反向分割）,上市日,-1171,4,興櫃期間或新上市
6103,2023-06-26,38.4768,33.6485,33.6485,-12.5,1.1111,-2.8,往下跳（分割／面額變更）,上市日,-1166,33,興櫃期間或新上市
6875,2023-06-28,120.5,121.32,138.5,14.9,0.849979,-2.3,往上跳（減資／反向分割）,上市日,-1164,10,興櫃期間或新上市
6903,2023-06-28,242.8884,243.3569,153.5402,-36.8,1.5385,-2.7,往下跳（分割／面額變更）,上市日,-1164,1,興櫃期間或新上市
6958,2023-06-28,55.0,48.6505,48.2397,-12.3,1.1111,-2.5,往下跳（分割／面額變更）,上市日,-1164,3,興櫃期間或新上市
6870,2023-06-29,113.5523,112.2641,128.8167,13.4,0.900009,2.1,往上跳（減資／反向分割）,上市日,-1163,4,興櫃期間或新上市
6875,2023-06-29,138.5,131.51,121.5,-12.3,1.1111,-2.5,往下跳（分割／面額變更）,上市日,-1163,10,興櫃期間或新上市
6916,2023-06-29,40.96,40.2711,34.6367,-15.4,1.1765,-0.5,往下跳（分割／面額變更）,上市日,-1163,2,興櫃期間或新上市
3067,2023-06-30,37.2,36.0,43.85,17.9,0.849979,0.2,往上跳（減資／反向分割）,上市日,-1162,1,興櫃期間或新上市
6952,2023-06-30,70.6618,68.8741,82.1408,16.2,0.849979,-1.2,往上跳（減資／反向分割）,上市日,-1162,4,興櫃期間或新上市
6958,2023-06-30,52.4345,49.6118,65.8053,25.5,0.8,0.4,往上跳（減資／反向分割）,上市日,-1162,3,興櫃期間或新上市
6831,2023-07-03,68.5907,68.2135,79.6088,16.1,0.849979,-1.3,往上跳（減資／反向分割）,上市日,-1159,17,興櫃期間或新上市
6952,2023-07-03,82.1408,78.1984,100.6766,22.6,0.8,-1.9,往上跳（減資／反向分割）,上市日,-1159,4,興櫃期間或新上市
1294,2023-07-05,73.9279,73.2165,82.2971,11.3,0.900009,0.2,往上跳（減資／反向分割）,上市日,-1157,14,興櫃期間或新上市
4582,2023-07-07,28.6416,28.6609,34.3893,20.1,0.849979,2.1,往上跳（減資／反向分割）,上市日,-1155,18,興櫃期間或新上市
6909,2023-07-11,38.8771,37.4468,43.8208,12.7,0.900009,1.4,往上跳（減資／反向分割）,上市日,-1151,4,興櫃期間或新上市
1294,2023-07-12,81.2509,82.4435,72.1843,-11.2,1.1111,-1.3,往下跳（分割／面額變更）,上市日,-1150,14,興櫃期間或新上市
8487,2023-07-12,36.6521,36.1601,41.072,12.1,0.900009,0.9,往上跳（減資／反向分割）,上市日,-1150,15,興櫃期間或新上市
6617,2023-07-17,218.5,211.72,192.5,-11.9,1.1111,-2.1,往下跳（分割／面額變更）,上市日,-1145,22,興櫃期間或新上市
6637,2023-07-17,52.5445,51.9588,59.59,13.4,0.900009,2.1,往上跳（減資／反向分割）,上市日,-1145,12,興櫃期間或新上市
6831,2023-07-17,70.2781,70.3079,78.3184,11.4,0.900009,0.3,往上跳（減資／反向分割）,上市日,-1145,17,興櫃期間或新上市
6945,2023-07-17,78.7,79.29,66.7,-15.2,1.1765,-0.3,往下跳（分割／面額變更）,上市日,-1145,17,興櫃期間或新上市
6952,2023-07-17,79.6945,80.5507,69.4386,-12.9,1.1765,2.5,往下跳（分割／面額變更）,上市日,-1145,4,興櫃期間或新上市
6658,2023-07-18,40.4074,40.2101,45.3409,12.2,0.900009,1.0,往上跳（減資／反向分割）,上市日,-1144,4,興櫃期間或新上市
6720,2023-07-18,33.8268,32.454,37.6082,11.2,0.900009,0.1,往上跳（減資／反向分割）,上市日,-1144,27,興櫃期間或新上市
2254,2023-07-20,125.5,122.9,109.5,-12.7,1.1765,2.7,往下跳（分割／面額變更）,上市日,-1142,9,興櫃期間或新上市
6908,2023-07-20,114.6834,113.0575,101.6182,-11.4,1.1111,-1.5,往下跳（分割／面額變更）,上市日,-1142,12,興櫃期間或新上市
6955,2023-07-26,86.4,62.5436,56.6043,-34.5,1.5385,0.8,往下跳（分割／面額變更）,上市日,-1136,1,興櫃期間或新上市
6884,2023-07-27,50.6618,48.9794,58.6912,15.8,0.849979,-1.5,往上跳（減資／反向分割）,上市日,-1135,11,興櫃期間或新上市
8045,2023-07-27,40.9286,41.0431,47.7978,16.8,0.849979,-0.7,往上跳（減資／反向分割）,上市日,-1135,30,興櫃期間或新上市
6617,2023-07-28,196.5,190.75,220.0,12.0,0.900009,0.8,往上跳（減資／反向分割）,上市日,-1134,22,興櫃期間或新上市
6884,2023-07-28,58.6912,55.4221,77.2353,31.6,0.750019,-1.3,往上跳（減資／反向分割）,上市日,-1134,11,興櫃期間或新上市
7547,2023-07-28,36.758,35.5005,41.5946,13.2,0.900009,1.8,往上跳（減資／反向分割）,上市日,-1134,26,興櫃期間或新上市
8162,2023-07-28,33.4084,33.5495,38.1608,14.2,0.900009,2.8,往上跳（減資／反向分割）,上市日,-1134,2,興櫃期間或新上市
6617,2023-07-31,220.0,208.57,245.5,11.6,0.900009,0.4,往上跳（減資／反向分割）,上市日,-1131,22,興櫃期間或新上市
6645,2023-07-31,38.6413,38.3138,46.4538,20.2,0.849979,2.2,往上跳（減資／反向分割）,上市日,-1131,53,興櫃期間或新上市
6884,2023-07-31,77.2353,70.7831,67.3897,-12.7,1.1765,2.7,往下跳（分割／面額變更）,上市日,-1131,11,興櫃期間或新上市
6961,2023-08-01,137.0,111.5967,112.9837,-17.5,1.1765,-3.0,往下跳（分割／面額變更）,上市日,-1130,5,興櫃期間或新上市
6884,2023-08-04,56.3971,58.1272,64.2353,13.9,0.900009,2.5,往上跳（減資／反向分割）,上市日,-1127,11,興櫃期間或新上市
6901,2023-08-07,84.4,83.65,75.0,-11.1,1.1111,-1.3,往下跳（分割／面額變更）,上市日,-1124,8,興櫃期間或新上市
6937,2023-08-07,192.7492,191.4479,215.2529,11.7,0.900009,0.5,往上跳（減資／反向分割）,上市日,-1124,2,興櫃期間或新上市
8045,2023-08-07,46.4621,46.2236,52.568,13.1,0.900009,1.8,往上跳（減資／反向分割）,上市日,-1124,30,興櫃期間或新上市
2646,2023-08-10,32.0,31.93,28.1,-12.2,1.1111,-2.4,往下跳（分割／面額變更）,上市日,-1121,9,興櫃期間或新上市
6725,2023-08-10,82.773,81.5864,106.9922,29.3,0.750019,-3.1,往上跳（減資／反向分割）,上市日,-1121,13,興櫃期間或新上市
6725,2023-08-11,106.9922,101.3508,126.9316,18.6,0.849979,0.8,往上跳（減資／反向分割）,上市日,-1120,13,興櫃期間或新上市
7610,2023-08-11,103.7013,103.0182,89.2984,-13.9,1.1765,1.3,往下跳（分割／面額變更）,上市日,-1120,17,興櫃期間或新上市
6895,2023-08-14,142.2902,142.2523,126.6383,-11.0,1.1111,-1.1,往下跳（分割／面額變更）,上市日,-1117,8,興櫃期間或新上市
7610,2023-08-15,85.5947,85.7264,66.6651,-22.1,1.25,-2.6,往下跳（分割／面額變更）,上市日,-1116,17,興櫃期間或新上市
8045,2023-08-15,50.7553,51.0224,56.4796,11.3,0.900009,0.2,往上跳（減資／反向分割）,上市日,-1116,30,興櫃期間或新上市
6742,2023-08-17,62.2411,61.7257,69.2433,11.3,0.900009,0.1,往上跳（減資／反向分割）,上市日,-1114,7,興櫃期間或新上市
6103,2023-08-18,40.4181,34.5943,34.4947,-14.7,1.1765,0.4,往下跳（分割／面額變更）,上市日,-1113,33,興櫃期間或新上市
6720,2023-08-22,35.4709,35.2982,39.5811,11.6,0.900009,0.4,往上跳（減資／反向分割）,上市日,-1109,27,興櫃期間或新上市
8045,2023-08-25,66.4017,64.8847,77.4686,16.7,0.849979,-0.8,往上跳（減資／反向分割）,上市日,-1106,30,興櫃期間或新上市
8045,2023-08-28,77.4686,73.7001,92.5426,19.5,0.849979,1.5,往上跳（減資／反向分割）,上市日,-1103,30,興櫃期間或新上市
5548,2023-08-30,15.9232,16.0517,17.9225,12.6,0.900009,1.3,往上跳（減資／反向分割）,上市日,-1101,6,興櫃期間或新上市
6785,2023-08-30,123.4829,119.5949,158.6929,28.5,0.8,2.8,往上跳（減資／反向分割）,上市日,-1101,16,興櫃期間或新上市
8045,2023-08-31,81.4756,82.7636,71.3627,-12.4,1.1111,-2.7,往下跳（分割／面額變更）,上市日,-1100,30,興櫃期間或新上市
6931,2023-09-05,55.8784,55.6142,66.6431,19.3,0.849979,1.4,往上跳（減資／反向分割）,上市日,-1095,4,興櫃期間或新上市
2948,2023-09-11,68.183,69.5344,81.6974,19.8,0.849979,1.8,往上跳（減資／反向分割）,上市日,-1089,4,興櫃期間或新上市
6805,2023-09-12,191.7261,193.5162,233.7885,21.9,0.8,-2.4,往上跳（減資／反向分割）,上市日,-1088,19,興櫃期間或新上市
2248,2023-09-14,29.4639,28.6067,33.3477,13.2,0.900009,1.9,往上跳（減資／反向分割）,上市日,-1086,8,興櫃期間或新上市
8045,2023-09-14,64.8752,66.249,72.126,11.2,0.900009,0.1,往上跳（減資／反向分割）,上市日,-1086,30,興櫃期間或新上市
6805,2023-09-15,234.2776,233.5733,270.9599,15.7,0.849979,-1.7,往上跳（減資／反向分割）,上市日,-1085,19,興櫃期間或新上市
6919,2023-09-15,38.8,38.167,43.15,11.2,0.900009,0.1,往上跳（減資／反向分割）,上市日,-1085,13,興櫃期間或新上市
6919,2023-09-18,43.15,40.554,49.45,14.6,0.849979,-2.6,往上跳（減資／反向分割）,上市日,-1082,13,興櫃期間或新上市
6901,2023-09-19,66.0,45.2,47.7,-27.7,1.4286,3.2,往下跳（分割／面額變更）,上市日,-1081,8,興櫃期間或新上市
6919,2023-09-20,47.8,47.886,42.4,-11.3,1.1111,-1.4,往下跳（分割／面額變更）,上市日,-1080,13,興櫃期間或新上市
2941,2023-09-21,94.6667,93.7802,106.7151,12.7,0.900009,1.5,往上跳（減資／反向分割）,上市日,-1079,3,興櫃期間或新上市
6922,2023-10-02,104.1068,103.079,120.0551,15.3,0.849979,-2.0,往上跳（減資／反向分割）,上市日,-1068,2,興櫃期間或新上市
6967,2023-10-02,70.0,59.6302,55.3844,-20.9,1.25,-1.1,往下跳（分割／面額變更）,上市日,-1068,4,興櫃期間或新上市
6982,2023-10-02,46.0,41.1341,38.3382,-16.7,1.1765,-1.9,往下跳（分割／面額變更）,上市日,-1068,9,興櫃期間或新上市
9105,2023-10-06,2.6957,3.2278,3.1815,18.0,0.849979,0.3,往上跳（減資／反向分割）,上市日,-425,1,興櫃期間或新上市
2254,2023-10-13,101.5,102.43,124.5,22.7,0.8,-1.9,往上跳（減資／反向分割）,上市日,-1057,9,興櫃期間或新上市
3629,2023-10-18,35.5,31.0,28.8,-18.9,1.25,1.4,往下跳（分割／面額變更）,上市日,-1052,6,興櫃期間或新上市
8272,2023-10-18,130.0,120.4978,104.3029,-19.8,1.25,0.3,往下跳（分割／面額變更）,上市日,-1052,3,興櫃期間或新上市
6526,2023-10-19,528.0942,390.1236,394.8812,-25.2,1.3333,-0.3,往下跳（分割／面額變更）,上市日,-1051,7,興櫃期間或新上市
2254,2023-10-20,110.5,87.4,78.0,-29.4,1.4286,0.8,往下跳（分割／面額變更）,上市日,-1050,9,興櫃期間或新上市
8291,2023-10-20,22.0377,25.297,25.297,14.8,0.849979,-2.4,往上跳（減資／反向分割）,上市日,-1050,4,興櫃期間或新上市
2254,2023-10-25,83.6,91.0,120.0,43.5,0.699986,0.5,往上跳（減資／反向分割）,上市日,-1045,9,興櫃期間或新上市
2072,2023-10-27,198.2155,196.0901,221.7796,11.9,0.900009,0.7,往上跳（減資／反向分割）,上市日,-1043,11,興櫃期間或新上市
8102,2023-10-30,72.3,73.1786,63.3644,-12.4,1.1111,-2.6,往下跳（分割／面額變更）,上市日,-1040,6,興櫃期間或新上市
2072,2023-10-31,237.951,232.7485,190.3608,-20.0,1.25,0.0,往下跳（分割／面額變更）,上市日,-1039,11,興櫃期間或新上市
8102,2023-11-02,56.8806,58.3051,50.2986,-11.6,1.1111,-1.7,往下跳（分割／面額變更）,上市日,-1037,6,興櫃期間或新上市
6597,2023-11-07,29.5268,28.709,32.8551,11.3,0.900009,0.1,往上跳（減資／反向分割）,上市日,-1032,34,興櫃期間或新上市
6103,2023-11-08,35.54,39.9701,39.9701,12.5,0.900009,1.2,往上跳（減資／反向分割）,上市日,-1031,33,興櫃期間或新上市
6805,2023-11-09,288.5674,290.5237,322.8042,11.9,0.900009,0.7,往上跳（減資／反向分割）,上市日,-1030,19,興櫃期間或新上市
5548,2023-11-16,20.8858,20.8501,23.2778,11.5,0.900009,0.3,往上跳（減資／反向分割）,上市日,-1023,6,興櫃期間或新上市
6928,2023-11-17,68.1122,68.6008,76.7117,12.6,0.900009,1.4,往上跳（減資／反向分割）,上市日,-1022,5,興櫃期間或新上市
4949,2023-11-21,33.6573,33.2865,39.4095,17.1,0.849979,-0.5,往上跳（減資／反向分割）,上市日,-1018,20,興櫃期間或新上市
5292,2023-11-21,82.5958,79.1253,100.2948,21.4,0.8,-2.9,往上跳（減資／反向分割）,上市日,-1018,14,興櫃期間或新上市
6272,2023-11-22,10.3225,10.0303,11.6894,13.2,0.900009,1.9,往上跳（減資／反向分割）,上市日,-1017,67,興櫃期間或新上市
6597,2023-11-22,31.5713,31.4096,37.5147,18.8,0.849979,1.0,往上跳（減資／反向分割）,上市日,-1017,34,興櫃期間或新上市
6597,2023-11-23,37.5147,37.8285,41.8415,11.5,0.900009,0.4,往上跳（減資／反向分割）,上市日,-1016,34,興櫃期間或新上市
5292,2023-11-27,95.4363,96.8244,107.9297,13.1,0.900009,1.8,往上跳（減資／反向分割）,上市日,-1012,14,興櫃期間或新上市
6967,2023-11-29,52.4739,50.9673,58.466,11.4,0.900009,0.3,往上跳（減資／反向分割）,上市日,-1010,4,興櫃期間或新上市
2751,2023-11-30,97.7195,96.4758,109.9874,12.6,0.900009,1.3,往上跳（減資／反向分割）,上市日,-1009,2,興櫃期間或新上市
2949,2023-12-01,102.1348,102.245,113.8913,11.5,0.900009,0.4,往上跳（減資／反向分割）,上市日,-1008,5,興櫃期間或新上市
6742,2023-12-05,66.6175,58.3511,58.4483,-12.3,1.1111,-2.5,往下跳（分割／面額變更）,上市日,-1004,7,興櫃期間或新上市
6904,2023-12-05,130.4671,130.0323,148.7325,14.0,0.900009,2.6,往上跳（減資／反向分割）,上市日,-1004,1,興櫃期間或新上市
3135,2023-12-08,27.9968,27.786,31.7083,13.3,0.900009,1.9,往上跳（減資／反向分割）,上市日,-1001,15,興櫃期間或新上市
6937,2023-12-13,208.404,208.404,238.2458,14.3,0.849979,-2.8,往上跳（減資／反向分割）,上市日,-996,2,興櫃期間或新上市
8045,2023-12-14,76.7054,76.133,86.1504,12.3,0.900009,1.1,往上跳（減資／反向分割）,上市日,-995,30,興櫃期間或新上市
2949,2023-12-18,116.8304,110.9522,98.8283,-15.4,1.1765,-0.5,往下跳（分割／面額變更）,上市日,-991,5,興櫃期間或新上市
6872,2023-12-19,24.25,24.09,27.4,13.0,0.900009,1.7,往上跳（減資／反向分割）,上市日,-990,10,興櫃期間或新上市
6534,2023-12-21,86.6551,70.7037,71.0486,-18.0,1.25,2.5,往下跳（分割／面額變更）,上市日,-988,19,興櫃期間或新上市
6645,2023-12-21,41.916,32.8404,35.4134,-15.5,1.1765,-0.6,往下跳（分割／面額變更）,上市日,-988,53,興櫃期間或新上市
6996,2023-12-21,292.5,255.9166,251.909,-13.9,1.1765,1.3,往下跳（分割／面額變更）,上市日,-988,1,興櫃期間或新上市
6885,2023-12-22,73.8,73.89,29.45,-60.1,2.5,-0.2,往下跳（分割／面額變更）,上市日,-987,10,興櫃期間或新上市
6994,2023-12-22,66.0,58.512,78.3723,18.7,0.849979,0.9,往上跳（減資／反向分割）,上市日,-987,7,興櫃期間或新上市
7703,2023-12-22,146.5,134.6417,128.9458,-12.0,1.1111,-2.2,往下跳（分割／面額變更）,上市日,-987,3,興櫃期間或新上市
7708,2023-12-22,150.0,111.3535,116.3301,-22.4,1.25,-3.1,往下跳（分割／面額變更）,上市日,-987,2,興櫃期間或新上市
6986,2023-12-25,58.6341,58.3355,67.1953,14.6,0.849979,-2.6,往上跳（減資／反向分割）,上市日,-984,6,興櫃期間或新上市
7705,2023-12-25,108.0,100.2959,87.4293,-19.0,1.25,1.2,往下跳（分割／面額變更）,上市日,-984,2,興櫃期間或新上市
3467,2023-12-27,52.8151,49.5582,61.8133,17.0,0.849979,-0.5,往上跳（減資／反向分割）,上市日,-982,8,興櫃期間或新上市
6983,2023-12-27,72.5,72.56,81.4,12.3,0.900009,1.0,往上跳（減資／反向分割）,上市日,-982,22,興櫃期間或新上市
6906,2023-12-29,155.3818,153.73,178.2458,14.7,0.849979,-2.5,往上跳（減資／反向分割）,上市日,-980,2,興櫃期間或新上市
6103,2024-01-03,34.8432,39.2234,39.2234,12.6,0.900009,1.3,往上跳（減資／反向分割）,上市日,-975,33,興櫃期間或新上市
7713,2024-01-03,82.5,70.0775,65.1261,-21.1,1.25,-1.3,往下跳（分割／面額變更）,上市日,-975,1,興櫃期間或新上市
7714,2024-01-05,166.5,150.666,116.1167,-30.3,1.4286,-0.4,往下跳（分割／面額變更）,上市日,-973,3,興櫃期間或新上市
7721,2024-01-05,54.1912,54.0237,68.3794,26.2,0.8,0.9,往上跳（減資／反向分割）,上市日,-973,8,興櫃期間或新上市
6103,2024-01-09,39.2234,34.0467,34.0467,-13.2,1.1765,2.1,往下跳（分割／面額變更）,上市日,-969,33,興櫃期間或新上市
7709,2024-01-09,62.5,58.5873,53.1508,-15.0,1.1765,0.1,往下跳（分割／面額變更）,上市日,-969,3,興櫃期間或新上市
6997,2024-01-10,150.0,124.9488,123.623,-17.6,1.25,3.0,往下跳（分割／面額變更）,上市日,-968,2,興櫃期間或新上市
7715,2024-01-15,47.7,43.1145,41.5794,-12.8,1.1765,2.6,往下跳（分割／面額變更）,上市日,-963,2,興櫃期間或新上市
6720,2024-01-18,59.6798,59.9265,67.407,12.9,0.900009,1.7,往上跳（減資／反向分割）,上市日,-960,27,興櫃期間或新上市
6785,2024-01-18,218.2028,215.7629,247.9577,13.6,0.900009,2.3,往上跳（減資／反向分割）,上市日,-960,16,興櫃期間或新上市
7709,2024-01-19,47.8264,47.7049,53.2442,11.3,0.900009,0.2,往上跳（減資／反向分割）,上市日,-959,3,興櫃期間或新上市
6785,2024-01-24,238.0394,210.764,200.3498,-15.8,1.1765,-1.0,往下跳（分割／面額變更）,上市日,-954,16,興櫃期間或新上市
8045,2024-01-24,103.0371,101.7968,115.9167,12.5,0.900009,1.3,往上跳（減資／反向分割）,上市日,-954,30,興櫃期間或新上市
6785,2024-01-26,219.6905,220.6823,247.4618,12.6,0.900009,1.4,往上跳（減資／反向分割）,上市日,-952,16,興櫃期間或新上市
6983,2024-01-26,85.0,84.9,96.0,12.9,0.900009,1.6,往上跳（減資／反向分割）,上市日,-952,22,興櫃期間或新上市
3150,2024-01-29,46.515,44.1892,55.818,20.0,0.849979,2.0,往上跳（減資／反向分割）,上市日,-949,47,興櫃期間或新上市
6983,2024-01-29,96.0,90.22,122.0,27.1,0.8,1.7,往上跳（減資／反向分割）,上市日,-949,22,興櫃期間或新上市
7722,2024-01-29,1030.0,695.3292,850.2114,-17.5,1.1765,-2.9,往下跳（分割／面額變更）,上市日,-949,2,興櫃期間或新上市
7714,2024-01-30,110.5873,110.2002,135.0086,22.1,0.8,-2.3,往上跳（減資／反向分割）,上市日,-948,3,興櫃期間或新上市
4772,2024-01-31,92.175,91.5474,114.2382,23.9,0.8,-0.9,往上跳（減資／反向分割）,上市日,-947,9,興櫃期間或新上市
6931,2024-01-31,97.2734,95.0716,113.5183,16.7,0.849979,-0.8,往上跳（減資／反向分割）,上市日,-947,4,興櫃期間或新上市
3150,2024-02-01,56.004,56.1063,63.7255,13.8,0.900009,2.4,往上跳（減資／反向分割）,上市日,-946,47,興櫃期間或新上市
7703,2024-02-01,130.8011,131.4227,155.8482,19.1,0.849979,1.3,往上跳（減資／反向分割）,上市日,-946,3,興櫃期間或新上市
1294,2024-02-05,83.3432,82.7574,94.8508,13.8,0.900009,2.4,往上跳（減資／反向分割）,上市日,-942,14,興櫃期間或新上市
3150,2024-02-05,62.7022,64.1906,52.0037,-17.1,1.1765,-2.4,往下跳（分割／面額變更）,上市日,-942,47,興櫃期間或新上市
4772,2024-02-05,123.0634,119.4941,138.2625,12.4,0.900009,1.1,往上跳（減資／反向分割）,上市日,-942,9,興櫃期間或新上市
6875,2024-02-05,95.3,93.92,107.0,12.3,0.900009,1.1,往上跳（減資／反向分割）,上市日,-942,10,興櫃期間或新上市
4772,2024-02-15,138.2625,132.0064,158.8548,14.9,0.849979,-2.3,往上跳（減資／反向分割）,上市日,-932,9,興櫃期間或新上市
6983,2024-02-15,128.0,126.95,151.0,18.0,0.849979,0.3,往上跳（減資／反向分割）,上市日,-932,22,興櫃期間或新上市
6725,2024-02-16,136.1719,135.4327,157.084,15.4,0.849979,-1.9,往上跳（減資／反向分割）,上市日,-931,13,興櫃期間或新上市
6994,2024-02-16,82.3305,78.7978,94.403,14.7,0.849979,-2.5,往上跳（減資／反向分割）,上市日,-931,7,興櫃期間或新上市
8045,2024-02-16,137.8598,135.0167,158.3718,14.9,0.849979,-2.4,往上跳（減資／反向分割）,上市日,-931,30,興櫃期間或新上市
3467,2024-02-19,53.891,52.9912,63.1826,17.2,0.849979,-0.3,往上跳（減資／反向分割）,上市日,-928,8,興櫃期間或新上市
5548,2024-02-19,21.8497,21.5927,24.7773,13.4,0.900009,2.1,往上跳（減資／反向分割）,上市日,-928,6,興櫃期間或新上市
6103,2024-02-19,35.5898,28.4221,28.4221,-20.1,1.25,-0.2,往下跳（分割／面額變更）,上市日,-928,33,興櫃期間或新上市
5548,2024-02-20,24.7773,22.6852,29.2044,17.9,0.849979,0.2,往上跳（減資／反向分割）,上市日,-927,6,興櫃期間或新上市
6739,2024-02-20,61.1194,60.9739,68.6866,12.4,0.900009,1.1,往上跳（減資／反向分割）,上市日,-927,11,興櫃期間或新上市
6885,2024-02-20,29.5,29.35,33.9,14.9,0.849979,-2.3,往上跳（減資／反向分割）,上市日,-927,10,興櫃期間或新上市
4772,2024-02-21,153.4616,152.2358,190.2335,24.0,0.8,-0.8,往上跳（減資／反向分割）,上市日,-926,9,興櫃期間或新上市
6739,2024-02-21,68.6866,64.6313,76.6418,11.6,0.900009,0.4,往上跳（減資／反向分割）,上市日,-926,11,興櫃期間或新上市
6983,2024-02-21,144.5,144.39,126.0,-12.8,1.1765,2.6,往下跳（分割／面額變更）,上市日,-926,22,興櫃期間或新上市
6885,2024-02-22,36.25,36.68,32.0,-11.7,1.1111,-1.9,往下跳（分割／面額變更）,上市日,-925,10,興櫃期間或新上市
6910,2024-02-22,37.4072,36.5843,43.5077,16.3,0.849979,-1.1,往上跳（減資／反向分割）,上市日,-925,9,興櫃期間或新上市
6875,2024-02-23,104.5,104.12,117.0,12.0,0.900009,0.8,往上跳（減資／反向分割）,上市日,-924,10,興櫃期間或新上市
7709,2024-02-23,48.5737,48.2,54.5519,12.3,0.900009,1.1,往上跳（減資／反向分割）,上市日,-924,3,興櫃期間或新上市
7718,2024-02-23,54.0,50.5694,44.1269,-18.3,1.25,2.1,往下跳（分割／面額變更）,上市日,-924,1,興櫃期間或新上市
6994,2024-02-26,95.4915,93.7103,108.8504,14.0,0.900009,2.6,往上跳（減資／反向分割）,上市日,-921,7,興櫃期間或新上市
6720,2024-02-29,77.8468,78.003,93.7121,20.4,0.849979,2.3,往上跳（減資／反向分割）,上市日,-918,27,興櫃期間或新上市
6909,2024-02-29,39.1651,38.3396,44.0607,12.5,0.900009,1.3,往上跳（減資／反向分割）,上市日,-918,4,興櫃期間或新上市
6928,2024-02-29,77.4935,77.5815,91.9564,18.7,0.849979,0.9,往上跳（減資／反向分割）,上市日,-918,5,興櫃期間或新上市
6929,2024-02-29,95.6061,95.6758,108.5527,13.5,0.900009,2.2,往上跳（減資／反向分割）,上市日,-918,3,興櫃期間或新上市
6994,2024-02-29,109.8399,107.7421,126.1675,14.9,0.849979,-2.4,往上跳（減資／反向分割）,上市日,-918,7,興櫃期間或新上市
8487,2024-02-29,59.4606,59.494,68.5507,15.3,0.849979,-2.0,往上跳（減資／反向分割）,上市日,-918,15,興櫃期間或新上市
6103,2024-03-01,33.8476,30.0647,30.0647,-11.2,1.1111,-1.3,往下跳（分割／面額變更）,上市日,-917,33,興櫃期間或新上市
6928,2024-03-01,91.9564,87.4807,103.0967,12.1,0.900009,0.9,往上跳（減資／反向分割）,上市日,-917,5,興櫃期間或新上市
6982,2024-03-04,48.25,48.1939,53.58,11.0,0.900009,-0.1,往上跳（減資／反向分割）,上市日,-914,9,興櫃期間或新上市
7715,2024-03-04,43.8601,43.132,50.8777,16.0,0.849979,-1.4,往上跳（減資／反向分割）,上市日,-914,2,興櫃期間或新上市
7721,2024-03-04,60.6941,60.0734,70.9412,16.9,0.849979,-0.7,往上跳（減資／反向分割）,上市日,-914,8,興櫃期間或新上市
7584,2024-03-07,66.2267,64.7661,73.8473,11.5,0.900009,0.4,往上跳（減資／反向分割）,上市日,-911,16,興櫃期間或新上市
7704,2024-03-07,89.7741,87.5554,102.0796,13.7,0.900009,2.3,往上跳（減資／反向分割）,上市日,-911,3,興櫃期間或新上市
8162,2024-03-07,57.5941,44.2308,43.1956,-25.0,1.3333,-0.0,往下跳（分割／面額變更）,上市日,-911,2,興櫃期間或新上市
1563,2024-03-08,86.7794,88.4861,76.485,-11.9,1.1111,-2.1,往下跳（分割／面額變更）,上市日,-902,4,興櫃期間或新上市
6720,2024-03-08,92.8901,91.953,107.2758,15.5,0.849979,-1.8,往上跳（減資／反向分割）,上市日,-910,27,興櫃期間或新上市
1294,2024-03-11,104.6149,102.3831,118.5636,13.3,0.900009,2.0,往上跳（減資／反向分割）,上市日,-907,14,興櫃期間或新上市
7721,2024-03-11,69.7588,69.68,86.5088,24.0,0.8,-0.8,往上跳（減資／反向分割）,上市日,-907,8,興櫃期間或新上市
4772,2024-03-12,161.7965,159.855,179.9374,11.2,0.900009,0.1,往上跳（減資／反向分割）,上市日,-906,9,興櫃期間或新上市
6103,2024-03-12,38.2777,31.8068,31.8068,-16.9,1.1765,-2.2,往下跳（分割／面額變更）,上市日,-906,33,興櫃期間或新上市
6831,2024-03-12,72.4619,72.3924,80.7007,11.4,0.900009,0.2,往上跳（減資／反向分割）,上市日,-906,17,興櫃期間或新上市
6982,2024-03-12,48.6241,50.2792,54.328,11.7,0.900009,0.6,往上跳（減資／反向分割）,上市日,-906,9,興櫃期間或新上市
6498,2024-03-13,78.824,78.6095,66.5107,-15.6,1.1765,-0.7,往下跳（分割／面額變更）,上市日,-905,50,興櫃期間或新上市
6637,2024-03-14,85.3105,85.1492,74.1904,-13.0,1.1765,2.3,往下跳（分割／面額變更）,上市日,-904,12,興櫃期間或新上市
7732,2024-03-14,51.0,43.5244,42.2975,-17.1,1.1765,-2.4,往下跳（分割／面額變更）,上市日,-904,3,興櫃期間或新上市
6597,2024-03-15,50.4,51.1893,60.48,20.0,0.849979,2.0,往上跳（減資／反向分割）,上市日,-903,34,興櫃期間或新上市
6986,2024-03-15,41.9099,43.0149,52.3625,24.9,0.8,-0.0,往上跳（減資／反向分割）,上市日,-903,6,興櫃期間或新上市
7734,2024-03-15,1450.0,854.7081,965.0596,-33.4,1.5385,2.4,往下跳（分割／面額變更）,上市日,-903,6,興櫃期間或新上市
5548,2024-03-18,25.5628,23.2421,22.7066,-11.2,1.1111,-1.3,往下跳（分割／面額變更）,上市日,-900,6,興櫃期間或新上市
6103,2024-03-18,28.6709,34.2956,34.5445,20.5,0.849979,2.4,往上跳（減資／反向分割）,上市日,-900,33,興櫃期間或新上市
7704,2024-03-18,90.147,87.9749,101.1474,12.2,0.900009,1.0,往上跳（減資／反向分割）,上市日,-900,3,興櫃期間或新上市
7728,2024-03-19,179.0,182.7876,148.5221,-17.0,1.1765,-2.4,往下跳（分割／面額變更）,上市日,-899,9,興櫃期間或新上市
3135,2024-03-20,37.0694,35.9147,32.0291,-13.6,1.1765,1.7,往下跳（分割／面額變更）,上市日,-898,15,興櫃期間或新上市
7642,2024-03-20,77.5065,75.8566,87.2908,12.6,0.900009,1.4,往上跳（減資／反向分割）,上市日,-898,4,興櫃期間或新上市
3485,2024-03-22,52.832,52.5293,64.4531,22.0,0.8,-2.4,往上跳（減資／反向分割）,上市日,-896,28,興櫃期間或新上市
7728,2024-03-25,144.6892,139.7066,171.0399,18.2,0.849979,0.5,往上跳（減資／反向分割）,上市日,-893,9,興櫃期間或新上市
3168,2024-03-26,62.4778,53.8975,52.9812,-15.2,1.1765,-0.2,往下跳（分割／面額變更）,上市日,-892,16,興櫃期間或新上市
8487,2024-03-26,73.6378,65.0481,65.3817,-11.2,1.1111,-1.3,往下跳（分割／面額變更）,上市日,-892,15,興櫃期間或新上市
7728,2024-03-27,171.519,170.7141,200.2652,16.8,0.849979,-0.8,往上跳（減資／反向分割）,上市日,-891,9,興櫃期間或新上市
6929,2024-03-28,100.0876,85.6471,82.6594,-17.4,1.1765,-2.8,往下跳（分割／面額變更）,上市日,-890,3,興櫃期間或新上市
6919,2024-03-29,48.45,48.548,25.7,-47.0,1.8182,-3.6,往下跳（分割／面額變更）,上市日,-889,13,興櫃期間或新上市
7716,2024-03-29,33.15,24.051,27.0668,-18.4,1.25,2.1,往下跳（分割／面額變更）,上市日,-889,7,興櫃期間或新上市
1294,2024-04-01,134.6045,132.9028,159.3634,18.4,0.849979,0.6,往上跳（減資／反向分割）,上市日,-886,14,興櫃期間或新上市
7728,2024-04-01,215.1175,216.4014,244.3428,13.6,0.900009,2.2,往上跳（減資／反向分割）,上市日,-886,9,興櫃期間或新上市
6919,2024-04-02,27.65,26.777,31.45,13.7,0.900009,2.4,往上跳（減資／反向分割）,上市日,-885,13,興櫃期間或新上市
7734,2024-04-02,1058.4525,1025.5159,1221.89,15.4,0.849979,-1.9,往上跳（減資／反向分割）,上市日,-885,6,興櫃期間或新上市
1294,2024-04-03,167.7326,161.5533,190.3991,13.5,0.900009,2.2,往上跳（減資／反向分割）,上市日,-884,14,興櫃期間或新上市
6919,2024-04-03,31.45,30.412,36.35,15.6,0.849979,-1.8,往上跳（減資／反向分割）,上市日,-884,13,興櫃期間或新上市
7728,2024-04-03,261.5905,252.8708,292.2531,11.7,0.900009,0.6,往上跳（減資／反向分割）,上市日,-884,9,興櫃期間或新上市
7732,2024-04-03,37.3079,36.9966,43.3504,16.2,0.849979,-1.2,往上跳（減資／反向分割）,上市日,-884,3,興櫃期間或新上市
6725,2024-04-08,177.5098,178.2393,198.4219,11.8,0.900009,0.6,往上跳（減資／反向分割）,上市日,-879,13,興櫃期間或新上市
6982,2024-04-08,65.6425,65.4274,101.9235,55.3,0.649984,0.9,往上跳（減資／反向分割）,上市日,-879,9,興櫃期間或新上市
7728,2024-04-08,292.2531,278.0333,384.7201,31.6,0.750019,-1.3,往上跳（減資／反向分割）,上市日,-879,9,興櫃期間或新上市
6597,2024-04-09,67.517,65.2917,76.5509,13.4,0.900009,2.0,往上跳（減資／反向分割）,上市日,-878,34,興櫃期間或新上市
7728,2024-04-09,384.7201,346.6601,305.668,-20.5,1.25,-0.7,往下跳（分割／面額變更）,上市日,-878,9,興櫃期間或新上市
1294,2024-04-10,195.9786,181.8835,174.0095,-11.2,1.1111,-1.3,往下跳（分割／面額變更）,上市日,-877,14,興櫃期間或新上市
7734,2024-04-11,1245.2382,1235.1129,1463.1549,17.5,0.849979,-0.1,往上跳（減資／反向分割）,上市日,-876,6,興櫃期間或新上市
8291,2024-04-11,23.4822,26.4082,26.1489,11.4,0.900009,0.2,往上跳（減資／反向分割）,上市日,-876,4,興櫃期間或新上市
6831,2024-04-12,82.3882,80.6412,97.2776,18.1,0.849979,0.4,往上跳（減資／反向分割）,上市日,-875,17,興櫃期間或新上市
7732,2024-04-12,42.3891,42.2884,48.5232,14.5,0.849979,-2.7,往上跳（減資／反向分割）,上市日,-875,3,興櫃期間或新上市
6925,2024-04-16,52.4571,51.8063,63.1429,20.4,0.849979,2.3,往上跳（減資／反向分割）,上市日,-871,11,興櫃期間或新上市
7716,2024-04-16,24.6317,24.7066,27.5351,11.8,0.900009,0.6,往上跳（減資／反向分割）,上市日,-871,7,興櫃期間或新上市
6831,2024-04-17,92.116,90.905,103.2334,12.1,0.900009,0.9,往上跳（減資／反向分割）,上市日,-870,17,興櫃期間或新上市
6928,2024-04-17,99.1878,99.6178,118.2436,19.2,0.849979,1.3,往上跳（減資／反向分割）,上市日,-870,5,興櫃期間或新上市
7642,2024-04-18,98.322,98.2932,109.8329,11.7,0.900009,0.5,往上跳（減資／反向分割）,上市日,-869,4,興櫃期間或新上市
6925,2024-04-22,62.56,64.1726,55.3714,-11.5,1.1111,-1.7,往下跳（分割／面額變更）,上市日,-865,11,興櫃期間或新上市
8045,2024-04-23,146.4462,148.2112,129.2734,-11.7,1.1111,-1.9,往下跳（分割／面額變更）,上市日,-864,30,興櫃期間或新上市
7743,2024-04-24,71.0,68.0952,58.0967,-18.2,1.25,2.3,往下跳（分割／面額變更）,上市日,-863,4,興櫃期間或新上市
6918,2024-04-25,56.6588,56.1129,64.0,13.0,0.900009,1.7,往上跳（減資／反向分割）,上市日,-862,4,興櫃期間或新上市
7631,2024-04-26,117.0083,115.5984,129.9559,11.1,0.900009,-0.0,往上跳（減資／反向分割）,上市日,-861,1,興櫃期間或新上市
7716,2024-04-29,26.0366,26.7015,30.3448,16.5,0.849979,-0.9,往上跳（減資／反向分割）,上市日,-858,7,興櫃期間或新上市
7728,2024-04-30,263.5069,261.7821,299.9188,13.8,0.900009,2.4,往上跳（減資／反向分割）,上市日,-857,9,興櫃期間或新上市
6914,2024-05-03,158.3555,147.2037,140.1409,-11.5,1.1111,-1.7,往下跳（分割／面額變更）,上市日,-854,3,興櫃期間或新上市
7547,2024-05-06,43.5292,43.5873,49.1397,12.9,0.900009,1.6,往上跳（減資／反向分割）,上市日,-851,26,興櫃期間或新上市
6881,2024-05-07,177.6233,174.6671,198.1991,11.6,0.900009,0.4,往上跳（減資／反向分割）,上市日,-850,3,興櫃期間或新上市
6914,2024-05-07,153.1513,160.5859,174.7115,14.1,0.900009,2.7,往上跳（減資／反向分割）,上市日,-850,3,興櫃期間或新上市
7584,2024-05-08,73.3029,73.5388,84.371,15.1,0.849979,-2.2,往上跳（減資／反向分割）,上市日,-849,16,興櫃期間或新上市
7716,2024-05-10,30.2043,28.8088,35.2149,16.6,0.849979,-0.9,往上跳（減資／反向分割）,上市日,-847,7,興櫃期間或新上市
6103,2024-05-14,32.8521,34.7436,37.0831,12.9,0.900009,1.6,往上跳（減資／反向分割）,上市日,-843,33,興櫃期間或新上市
6982,2024-05-14,66.297,65.9604,73.9647,11.6,0.900009,0.4,往上跳（減資／反向分割）,上市日,-843,9,興櫃期間或新上市
7712,2024-05-14,110.0951,108.3203,125.2807,13.8,0.900009,2.4,往上跳（減資／反向分割）,上市日,-843,3,興櫃期間或新上市
7716,2024-05-14,37.2754,37.1724,31.0472,-16.7,1.1765,-2.0,往下跳（分割／面額變更）,上市日,-843,7,興櫃期間或新上市
6272,2024-05-15,13.999,13.6597,18.8539,34.7,0.750019,1.0,往上跳（減資／反向分割）,上市日,-842,67,興櫃期間或新上市
6423,2024-05-15,105.9683,90.145,93.8851,-11.4,1.1111,-1.6,往下跳（分割／面額變更）,上市日,-842,28,興櫃期間或新上市
6423,2024-05-16,93.8851,96.3784,111.7223,19.0,0.849979,1.1,往上跳（減資／反向分割）,上市日,-841,28,興櫃期間或新上市
6928,2024-05-16,96.7447,84.5295,83.5523,-13.6,1.1765,1.6,往下跳（分割／面額變更）,上市日,-841,5,興櫃期間或新上市
6272,2024-05-20,19.8437,18.7502,24.3687,22.8,0.8,-1.8,往上跳（減資／反向分割）,上市日,-837,67,興櫃期間或新上市
6272,2024-05-22,24.5101,23.9067,29.5064,20.4,0.849979,2.3,往上跳（減資／反向分割）,上市日,-835,67,興櫃期間或新上市
6794,2024-05-22,73.9,75.0,85.5,15.7,0.849979,-1.7,往上跳（減資／反向分割）,上市日,-835,8,興櫃期間或新上市
6272,2024-05-27,28.8936,28.2054,37.1893,28.7,0.8,3.0,往上跳（減資／反向分割）,上市日,-830,67,興櫃期間或新上市
6620,2024-05-27,134.2333,132.9203,116.1069,-13.5,1.1765,1.8,往下跳（分割／面額變更）,上市日,-830,41,興櫃期間或新上市
7747,2024-05-28,161.0,141.6379,121.1986,-24.7,1.3333,0.4,往下跳（分割／面額變更）,上市日,-829,5,興櫃期間或新上市
6272,2024-05-31,39.5461,40.0363,32.7587,-17.2,1.1765,-2.5,往下跳（分割／面額變更）,上市日,-826,67,興櫃期間或新上市
6982,2024-06-03,83.596,84.129,71.7205,-14.2,1.1765,0.9,往下跳（分割／面額變更）,上市日,-823,9,興櫃期間或新上市
1294,2024-06-06,177.8453,174.9231,141.2301,-20.6,1.25,-0.7,往下跳（分割／面額變更）,上市日,-820,14,興櫃期間或新上市
6272,2024-06-06,35.4453,35.106,41.1486,16.1,0.849979,-1.3,往上跳（減資／反向分割）,上市日,-820,67,興櫃期間或新上市
6272,2024-06-11,39.0747,40.008,34.3612,-12.1,1.1111,-2.3,往下跳（分割／面額變更）,上市日,-815,67,興櫃期間或新上市
7734,2024-06-11,1062.3438,1053.7828,1186.8677,11.7,0.900009,0.6,往上跳（減資／反向分割）,上市日,-815,6,興櫃期間或新上市
6028,2024-06-12,71.7847,72.1674,80.6528,12.4,0.900009,1.1,往上跳（減資／反向分割）,上市日,-814,7,興櫃期間或新上市
6952,2024-06-13,61.1587,47.2333,49.9619,-18.3,1.25,2.1,往下跳（分割／面額變更）,上市日,-813,4,興櫃期間或新上市
8045,2024-06-13,122.595,123.635,138.8138,13.2,0.900009,1.9,往上跳（減資／反向分割）,上市日,-813,30,興櫃期間或新上市
6890,2024-06-14,197.365,201.4768,219.2944,11.1,0.900009,0.0,往上跳（減資／反向分割）,上市日,-812,1,興櫃期間或新上市
7751,2024-06-14,330.0,317.2172,290.472,-12.0,1.1111,-2.2,往下跳（分割／面額變更）,上市日,-812,7,興櫃期間或新上市
6885,2024-06-17,38.45,37.55,45.95,19.5,0.849979,1.6,往上跳（減資／反向分割）,上市日,-809,10,興櫃期間或新上市
7743,2024-06-17,50.9689,50.8419,63.467,24.5,0.8,-0.4,往上跳（減資／反向分割）,上市日,-809,4,興櫃期間或新上市
2646,2024-06-18,25.65,25.03,29.1,13.5,0.900009,2.1,往上跳（減資／反向分割）,上市日,-808,9,興櫃期間或新上市
6617,2024-06-18,162.5,130.5,132.0,-18.8,1.25,1.5,往下跳（分割／面額變更）,上市日,-808,22,興櫃期間或新上市
6951,2024-06-18,51.4815,44.2182,43.1806,-16.1,1.1765,-1.3,往下跳（分割／面額變更）,上市日,-808,2,興櫃期間或新上市
6637,2024-06-19,88.7059,92.5258,116.2939,31.1,0.750019,-1.7,往上跳（減資／反向分割）,上市日,-807,12,興櫃期間或新上市
7750,2024-06-19,536.0,379.8639,399.8775,-25.4,1.3333,-0.5,往下跳（分割／面額變更）,上市日,-807,5,興櫃期間或新上市
6617,2024-06-20,128.5,131.0,146.5,14.0,0.900009,2.6,往上跳（減資／反向分割）,上市日,-806,22,興櫃期間或新上市
6739,2024-06-26,100.8955,97.8881,117.3881,16.3,0.849979,-1.1,往上跳（減資／反向分割）,上市日,-800,11,興櫃期間或新上市
6957,2024-06-26,300.0,271.2493,251.2391,-16.3,1.1765,-1.5,往下跳（分割／面額變更）,上市日,-800,2,興櫃期間或新上市
6994,2024-06-26,119.7354,118.4193,136.5578,14.0,0.900009,2.6,往上跳（減資／反向分割）,上市日,-800,7,興櫃期間或新上市
6957,2024-06-27,251.2391,242.3457,213.8868,-14.9,1.1765,0.2,往下跳（分割／面額變更）,上市日,-799,2,興櫃期間或新上市
6983,2024-06-27,96.3,95.4,112.0,16.3,0.849979,-1.1,往上跳（減資／反向分割）,上市日,-799,22,興櫃期間或新上市
7757,2024-06-27,332.0,285.738,218.983,-34.0,1.5385,1.5,往下跳（分割／面額變更）,上市日,-799,2,興櫃期間或新上市
6919,2024-07-01,61.9,60.106,74.4,20.2,0.849979,2.2,往上跳（減資／反向分割）,上市日,-795,13,興櫃期間或新上市
7747,2024-07-01,123.3628,121.7267,141.1098,14.4,0.849979,-2.8,往上跳（減資／反向分割）,上市日,-795,5,興櫃期間或新上市
2429,2024-07-02,29.1565,41.5,42.75,46.6,0.699986,2.6,往上跳（減資／反向分割）,上市日,-794,5,興櫃期間或新上市
7751,2024-07-02,321.1,321.8509,361.114,12.5,0.900009,1.2,往上跳（減資／反向分割）,上市日,-794,7,興櫃期間或新上市
7712,2024-07-05,221.1393,215.5397,248.6631,12.4,0.900009,1.2,往上跳（減資／反向分割）,上市日,-791,3,興櫃期間或新上市
6272,2024-07-08,39.0276,37.5287,48.266,23.7,0.8,-1.1,往上跳（減資／反向分割）,上市日,-788,67,興櫃期間或新上市
7547,2024-07-11,48.0272,47.5726,59.9736,24.9,0.8,-0.1,往上跳（減資／反向分割）,上市日,-785,26,興櫃期間或新上市
7712,2024-07-11,268.5941,257.6985,307.9816,14.7,0.849979,-2.5,往上跳（減資／反向分割）,上市日,-785,3,興櫃期間或新上市
6272,2024-07-12,44.9194,44.7403,49.8686,11.0,0.900009,-0.1,往上跳（減資／反向分割）,上市日,-784,67,興櫃期間或新上市
7547,2024-07-12,59.9736,53.2507,73.516,22.6,0.8,-1.9,往上跳（減資／反向分割）,上市日,-784,26,興櫃期間或新上市
6720,2024-07-15,160.7081,158.2831,180.026,12.0,0.900009,0.8,往上跳（減資／反向分割）,上市日,-781,27,興櫃期間或新上市
6944,2024-07-15,263.772,260.8844,294.2637,11.6,0.900009,0.4,往上跳（減資／反向分割）,上市日,-781,7,興櫃期間或新上市
6971,2024-07-15,59.9,58.95,52.6,-12.2,1.1111,-2.4,往下跳（分割／面額變更）,上市日,-781,2,興櫃期間或新上市
7547,2024-07-15,73.516,63.3495,84.5434,15.0,0.849979,-2.3,往上跳（減資／反向分割）,上市日,-781,26,興櫃期間或新上市
7730,2024-07-15,116.9833,119.1145,131.1918,12.1,0.900009,0.9,往上跳（減資／反向分割）,上市日,-781,5,興櫃期間或新上市
6474,2024-07-16,28.282,28.282,37.5217,32.7,0.750019,-0.5,往上跳（減資／反向分割）,上市日,-780,7,興櫃期間或新上市
7547,2024-07-29,79.0297,78.2365,90.0571,14.0,0.900009,2.6,往上跳（減資／反向分割）,上市日,-767,26,興櫃期間或新上市
7584,2024-07-29,118.3915,113.4018,104.3297,-11.9,1.1111,-2.1,往下跳（分割／面額變更）,上市日,-767,16,興櫃期間或新上市
7584,2024-07-30,104.3297,100.7008,91.6287,-12.2,1.1111,-2.4,往下跳（分割／面額變更）,上市日,-766,16,興櫃期間或新上市
6720,2024-07-31,173.4497,164.2429,147.5555,-14.9,1.1765,0.1,往下跳（分割／面額變更）,上市日,-765,27,興櫃期間或新上市
6720,2024-08-02,151.2547,147.7199,130.7038,-13.6,1.1765,1.7,往下跳（分割／面額變更）,上市日,-763,27,興櫃期間或新上市
2072,2024-08-05,334.9796,333.1962,287.8515,-14.1,1.1765,1.1,往下跳（分割／面額變更）,上市日,-760,11,興櫃期間或新上市
3135,2024-08-05,31.3876,31.241,27.0804,-13.7,1.1765,1.5,往下跳（分割／面額變更）,上市日,-760,15,興櫃期間或新上市
4749,2024-08-05,577.0241,580.7077,487.8744,-15.4,1.1765,-0.5,往下跳（分割／面額變更）,上市日,-760,11,興櫃期間或新上市
6028,2024-08-05,89.2408,89.2875,79.3459,-11.1,1.1111,-1.2,往下跳（分割／面額變更）,上市日,-760,7,興櫃期間或新上市
6272,2024-08-05,40.7716,41.7331,32.9943,-19.1,1.25,1.2,往下跳（分割／面額變更）,上市日,-760,67,興櫃期間或新上市
6620,2024-08-05,79.8541,79.5308,68.8803,-13.7,1.1765,1.5,往下跳（分割／面額變更）,上市日,-760,41,興櫃期間或新上市
6725,2024-08-05,179.9414,180.8654,158.0566,-12.2,1.1111,-2.4,往下跳（分割／面額變更）,上市日,-760,13,興櫃期間或新上市
6739,2024-08-05,137.2761,137.0433,121.2687,-11.7,1.1111,-1.8,往下跳（分割／面額變更）,上市日,-760,11,興櫃期間或新上市
6885,2024-08-05,46.6,46.92,40.6,-12.9,1.1765,2.5,往下跳（分割／面額變更）,上市日,-760,10,興櫃期間或新上市
6913,2024-08-05,117.3873,118.4553,100.3546,-14.5,1.1765,0.6,往下跳（分割／面額變更）,上市日,-760,3,興櫃期間或新上市
6944,2024-08-05,285.0794,285.5423,238.056,-16.5,1.1765,-1.8,往下跳（分割／面額變更）,上市日,-760,7,興櫃期間或新上市
7547,2024-08-05,75.4507,75.5474,65.7775,-12.8,1.1765,2.6,往下跳（分割／面額變更）,上市日,-760,26,興櫃期間或新上市
7703,2024-08-05,148.8906,147.7311,127.5543,-14.3,1.1765,0.8,往下跳（分割／面額變更）,上市日,-760,3,興櫃期間或新上市
7721,2024-08-05,68.8721,68.606,56.95,-17.3,1.1765,-2.7,往下跳（分割／面額變更）,上市日,-760,8,興櫃期間或新上市
7734,2024-08-05,941.7114,940.9098,762.7084,-19.0,1.25,1.2,往下跳（分割／面額變更）,上市日,-760,6,興櫃期間或新上市
7751,2024-08-05,389.766,387.622,345.8,-11.3,1.1111,-1.4,往下跳（分割／面額變更）,上市日,-760,7,興櫃期間或新上市
6720,2024-08-06,119.1953,108.3115,138.5131,16.2,0.849979,-1.2,往上跳（減資／反向分割）,上市日,-759,27,興櫃期間或新上市
7721,2024-08-07,58.1324,58.5757,66.8029,14.9,0.849979,-2.3,往上跳（減資／反向分割）,上市日,-758,8,興櫃期間或新上市
7734,2024-08-07,770.4911,776.1181,910.5804,18.2,0.849979,0.5,往上跳（減資／反向分割）,上市日,-758,6,興櫃期間或新上市
6739,2024-08-08,126.1194,125.3627,147.9478,17.3,0.849979,-0.3,往上跳（減資／反向分割）,上市日,-757,11,興櫃期間或新上市
6272,2024-08-09,35.3511,35.3416,39.6403,12.1,0.900009,0.9,往上跳（減資／反向分割）,上市日,-756,67,興櫃期間或新上市
6967,2024-08-09,55.3844,55.5727,62.4037,12.7,0.900009,1.4,往上跳（減資／反向分割）,上市日,-756,4,興櫃期間或新上市
1295,2024-08-12,69.5598,69.2739,80.9943,16.4,0.849979,-1.0,往上跳（減資／反向分割）,上市日,-753,3,興櫃期間或新上市
6236,2024-08-12,29.2,32.85,32.85,12.5,0.900009,1.3,往上跳（減資／反向分割）,上市日,-753,10,興櫃期間或新上市
6028,2024-08-13,83.7333,86.263,95.6818,14.3,0.900009,2.8,往上跳（減資／反向分割）,上市日,-752,7,興櫃期間或新上市
6838,2024-08-13,47.3,39.05,41.95,-11.3,1.1111,-1.5,往下跳（分割／面額變更）,上市日,-752,7,興櫃期間或新上市
6620,2024-08-14,77.6005,77.9925,87.5946,12.9,0.900009,1.6,往上跳（減資／反向分割）,上市日,-751,41,興櫃期間或新上市
6961,2024-08-14,119.4137,120.8007,104.7166,-12.3,1.1111,-2.6,往下跳（分割／面額變更）,上市日,-751,5,興櫃期間或新上市
7547,2024-08-19,76.7082,73.0711,87.7356,14.4,0.849979,-2.8,往上跳（減資／反向分割）,上市日,-746,26,興櫃期間或新上市
6958,2024-08-20,32.3783,29.3633,27.5718,-14.8,1.1765,0.2,往下跳（分割／面額變更）,上市日,-745,3,興櫃期間或新上市
2740,2024-08-21,50.4522,43.6343,43.6343,-13.5,1.1765,1.8,往下跳（分割／面額變更）,上市日,-744,8,興櫃期間或新上市
6961,2024-08-22,118.4951,117.1632,102.4202,-13.6,1.1765,1.7,往下跳（分割／面額變更）,上市日,-743,5,興櫃期間或新上市
7736,2024-08-28,98.1622,98.4664,109.2227,11.3,0.900009,0.1,往上跳（減資／反向分割）,上市日,-737,2,興櫃期間或新上市
6739,2024-09-03,146.9776,143.097,167.8358,14.2,0.900009,2.8,往上跳（減資／反向分割）,上市日,-731,11,興櫃期間或新上市
2751,2024-09-10,76.1451,68.446,63.0312,-17.2,1.1765,-2.6,往下跳（分割／面額變更）,上市日,-724,2,興櫃期間或新上市
4772,2024-09-20,167.68,176.5053,193.1753,15.2,0.849979,-2.1,往上跳（減資／反向分割）,上市日,-714,9,興櫃期間或新上市
6919,2024-09-23,56.1,55.354,62.3,11.1,0.900009,-0.1,往上跳（減資／反向分割）,上市日,-711,13,興櫃期間或新上市
6923,2024-09-25,96.076,89.6403,83.9401,-12.6,1.1765,2.8,往下跳（分割／面額變更）,上市日,-709,2,興櫃期間或新上市
1294,2024-09-26,102.5226,91.3637,88.2252,-13.9,1.1765,1.2,往下跳（分割／面額變更）,上市日,-708,14,興櫃期間或新上市
6967,2024-09-26,59.9213,59.9213,68.3959,14.1,0.900009,2.7,往上跳（減資／反向分割）,上市日,-708,4,興櫃期間或新上市
7770,2024-09-26,99.1852,96.8963,113.4907,14.4,0.849979,-2.7,往上跳（減資／反向分割）,上市日,-708,3,興櫃期間或新上市
6913,2024-10-04,113.2442,105.8787,98.0529,-13.4,1.1765,1.9,往下跳（分割／面額變更）,上市日,-700,3,興櫃期間或新上市
6272,2024-10-08,37.0008,35.9261,42.1385,13.9,0.900009,2.5,往上跳（減資／反向分割）,上市日,-696,67,興櫃期間或新上市
7547,2024-10-16,81.7382,80.9547,95.7643,17.2,0.849979,-0.4,往上跳（減資／反向分割）,上市日,-688,26,興櫃期間或新上市
2248,2024-10-18,47.2314,46.9636,52.6778,11.5,0.900009,0.4,往上跳（減資／反向分割）,上市日,-686,8,興櫃期間或新上市
7740,2024-10-18,136.0,117.262,109.8237,-19.2,1.25,0.9,往下跳（分割／面額變更）,上市日,-686,7,興櫃期間或新上市
8272,2024-10-23,102.4404,107.0968,115.4783,12.7,0.900009,1.5,往上跳（減資／反向分割）,上市日,-681,3,興櫃期間或新上市
6862,2024-10-24,259.0,223.9304,208.5352,-19.5,1.25,0.6,往下跳（分割／面額變更）,上市日,-680,1,興櫃期間或新上市
7782,2024-10-24,54.2,53.2989,46.8305,-13.6,1.1765,1.7,往下跳（分割／面額變更）,上市日,-680,2,興櫃期間或新上市
8272,2024-10-24,115.4783,112.6844,144.3478,25.0,0.8,-0.0,往上跳（減資／反向分割）,上市日,-680,3,興櫃期間或新上市
6620,2024-10-29,59.0822,58.024,65.9409,11.6,0.900009,0.4,往上跳（減資／反向分割）,上市日,-675,41,興櫃期間或新上市
7780,2024-10-29,178.0,13.9011,15.4572,-91.3,,,往下跳（分割／面額變更）,上市日,-675,7,興櫃期間或新上市
7767,2024-11-01,69.0,61.7949,57.3211,-16.9,1.1765,-2.3,往下跳（分割／面額變更）,上市日,-672,3,興櫃期間或新上市
7788,2024-11-01,181.5,178.3158,156.6261,-13.7,1.1765,1.5,往下跳（分割／面額變更）,上市日,-672,2,興櫃期間或新上市
7786,2024-11-05,153.9563,148.6969,178.3406,15.8,0.849979,-1.5,往上跳（減資／反向分割）,上市日,-668,5,興櫃期間或新上市
7769,2024-11-06,849.1997,821.6501,947.9438,11.6,0.900009,0.5,往上跳（減資／反向分割）,上市日,-667,10,興櫃期間或新上市
6103,2024-11-11,42.8073,48.5315,48.3822,13.0,0.900009,1.7,往上跳（減資／反向分割）,上市日,-662,33,興櫃期間或新上市
7708,2024-11-15,110.042,94.7708,90.2793,-18.0,1.25,2.6,往下跳（分割／面額變更）,上市日,-658,2,興櫃期間或新上市
7740,2024-11-18,118.137,118.4696,143.5146,21.5,0.8,-2.8,往上跳（減資／反向分割）,上市日,-655,7,興櫃期間或新上市
7794,2024-11-18,52.0,47.62,42.0,-19.2,1.25,1.0,往下跳（分割／面額變更）,上市日,-655,3,興櫃期間或新上市
4166,2024-11-19,35.0,35.19,39.15,11.9,0.900009,0.7,往上跳（減資／反向分割）,上市日,-654,25,興櫃期間或新上市
7740,2024-11-19,143.5146,134.5625,160.1413,11.6,0.900009,0.4,往上跳（減資／反向分割）,上市日,-654,7,興櫃期間或新上市
8101,2024-11-19,1.9,10.45,10.45,450.0,0.166667,-8.3,往上跳（減資／反向分割）,上市日,-654,1,興櫃期間或新上市
7769,2024-11-21,1204.6786,1193.4712,1337.9832,11.1,0.900009,-0.0,往上跳（減資／反向分割）,上市日,-652,10,興櫃期間或新上市
7705,2024-11-26,83.1817,75.66,69.2001,-16.8,1.1765,-2.1,往下跳（分割／面額變更）,上市日,-647,2,興櫃期間或新上市
7805,2024-11-27,995.0,798.0728,749.6558,-24.7,1.3333,0.5,往下跳（分割／面額變更）,上市日,-646,4,興櫃期間或新上市
7799,2024-11-28,195.5,152.15,226.0,15.6,0.849979,-1.7,往上跳（減資／反向分割）,上市日,-645,13,興櫃期間或新上市
7799,2024-12-02,235.5,221.07,301.0,27.8,0.8,2.3,往上跳（減資／反向分割）,上市日,-641,13,興櫃期間或新上市
6994,2024-12-03,111.819,110.2654,129.1361,15.5,0.849979,-1.8,往上跳（減資／反向分割）,上市日,-640,7,興櫃期間或新上市
6924,2024-12-04,99.0,87.9126,87.4686,-11.6,1.1111,-1.8,往下跳（分割／面額變更）,上市日,-639,1,興櫃期間或新上市
7723,2024-12-04,71.3,70.4,83.3,16.8,0.849979,-0.7,往上跳（減資／反向分割）,上市日,-639,3,興櫃期間或新上市
7722,2024-12-05,557.0351,482.3224,481.3767,-13.6,1.1765,1.7,往下跳（分割／面額變更）,上市日,-638,2,興櫃期間或新上市
7799,2024-12-05,298.5,296.98,265.5,-11.1,1.1111,-1.2,往下跳（分割／面額變更）,上市日,-638,13,興櫃期間或新上市
2740,2024-12-06,46.3615,61.5426,61.5426,32.7,0.750019,-0.4,往上跳（減資／反向分割）,上市日,-637,8,興櫃期間或新上市
4178,2024-12-06,42.3,47.78,36.9,-12.8,1.1765,2.6,往下跳（分割／面額變更）,上市日,-637,6,興櫃期間或新上市
6498,2024-12-10,96.5478,95.5217,108.6746,12.6,0.900009,1.3,往上跳（減資／反向分割）,上市日,-633,50,興櫃期間或新上市
8045,2024-12-11,75.7513,69.2638,66.4971,-12.2,1.1111,-2.5,往下跳（分割／面額變更）,上市日,-632,30,興櫃期間或新上市
2740,2024-12-13,51.9067,45.4524,42.7253,-17.7,1.25,2.9,往下跳（分割／面額變更）,上市日,-630,8,興櫃期間或新上市
6885,2024-12-16,37.6,31.9,31.0,-17.6,1.1765,-3.0,往下跳（分割／面額變更）,上市日,-627,10,興櫃期間或新上市
6997,2024-12-16,125.4146,115.5606,107.0503,-14.6,1.1765,0.4,往下跳（分割／面額變更）,上市日,-627,2,興櫃期間或新上市
7704,2024-12-16,85.2994,74.6719,74.1126,-13.1,1.1765,2.2,往下跳（分割／面額變更）,上市日,-627,3,興櫃期間或新上市
6498,2024-12-18,111.0066,110.2324,129.1968,16.4,0.849979,-1.1,往上跳（減資／反向分割）,上市日,-625,50,興櫃期間或新上市
6982,2024-12-18,57.5073,48.6241,50.2137,-12.7,1.1765,2.7,往下跳（分割／面額變更）,上市日,-625,9,興櫃期間或新上市
4585,2024-12-19,328.0587,323.3422,388.8841,18.5,0.849979,0.8,往上跳（減資／反向分割）,上市日,-624,11,興櫃期間或新上市
6982,2024-12-19,50.2137,49.3721,57.0398,13.6,0.900009,2.2,往上跳（減資／反向分割）,上市日,-624,9,興櫃期間或新上市
6982,2024-12-20,57.0398,57.3203,63.8658,12.0,0.900009,0.8,往上跳（減資／反向分割）,上市日,-623,9,興櫃期間或新上市
6620,2024-12-23,53.3994,54.0068,59.3762,11.2,0.900009,0.1,往上跳（減資／反向分割）,上市日,-620,41,興櫃期間或新上市
7799,2024-12-24,200.0,199.77,232.0,16.0,0.849979,-1.4,往上跳（減資／反向分割）,上市日,-619,13,興櫃期間或新上市
4585,2024-12-25,409.824,403.6517,478.128,16.7,0.849979,-0.8,往上跳（減資／反向分割）,上市日,-618,11,興櫃期間或新上市
4590,2024-12-25,81.8885,81.7033,94.2693,15.1,0.849979,-2.2,往上跳（減資／反向分割）,上市日,-618,8,興櫃期間或新上市
6620,2024-12-25,61.6297,60.3364,73.0934,18.6,0.849979,0.8,往上跳（減資／反向分割）,上市日,-618,41,興櫃期間或新上市
7792,2024-12-25,156.5212,157.4516,179.7813,14.9,0.849979,-2.4,往上跳（減資／反向分割）,上市日,-618,5,興櫃期間或新上市
6272,2024-12-30,41.62,40.8375,46.9462,12.8,0.900009,1.5,往上跳（減資／反向分割）,上市日,-613,67,興櫃期間或新上市
4590,2025-01-03,100.4109,96.3263,113.0842,12.6,0.900009,1.4,往上跳（減資／反向分割）,上市日,-609,8,興櫃期間或新上市
6831,2025-01-03,83.3808,83.2518,95.6894,14.8,0.849979,-2.5,往上跳（減資／反向分割）,上市日,-609,17,興櫃期間或新上市
7810,2025-01-06,118.0,102.832,92.8918,-21.3,1.25,-1.6,往下跳（分割／面額變更）,上市日,-606,9,興櫃期間或新上市
7803,2025-01-07,40.5,41.4,46.25,14.2,0.900009,2.8,往上跳（減資／反向分割）,上市日,-605,5,興櫃期間或新上市
7810,2025-01-07,92.8918,96.4578,82.0091,-11.7,1.1111,-1.9,往下跳（分割／面額變更）,上市日,-605,9,興櫃期間或新上市
7811,2025-01-07,140.0,136.7205,119.4491,-14.7,1.1765,0.4,往下跳（分割／面額變更）,上市日,-605,3,興櫃期間或新上市
6945,2025-01-08,49.3,49.07,55.1,11.8,0.900009,0.6,往上跳（減資／反向分割）,上市日,-604,17,興櫃期間或新上市
6614,2025-01-09,51.1834,51.0684,58.1804,13.7,0.900009,2.3,往上跳（減資／反向分割）,上市日,-603,7,興櫃期間或新上市
7810,2025-01-09,78.8997,78.1515,88.3249,11.9,0.900009,0.8,往上跳（減資／反向分割）,上市日,-603,9,興櫃期間或新上市
7814,2025-01-10,44.0,46.36,39.0,-11.4,1.1111,-1.5,往下跳（分割／面額變更）,上市日,-602,9,興櫃期間或新上市
6910,2025-01-13,27.0978,26.6911,31.5904,16.6,0.849979,-0.9,往上跳（減資／反向分割）,上市日,-599,9,興櫃期間或新上市
4590,2025-01-14,120.3956,122.2186,135.506,12.6,0.900009,1.3,往上跳（減資／反向分割）,上市日,-598,8,興櫃期間或新上市
6994,2025-01-15,113.7981,91.0385,96.1842,-15.5,1.1765,-0.6,往下跳（分割／面額變更）,上市日,-597,7,興櫃期間或新上市
7714,2025-01-15,92.1561,80.6366,80.2679,-12.9,1.1765,2.5,往下跳（分割／面額變更）,上市日,-597,3,興櫃期間或新上市
6614,2025-01-16,55.0174,54.5189,61.8226,12.4,0.900009,1.1,往上跳（減資／反向分割）,上市日,-596,7,興櫃期間或新上市
4749,2025-01-20,674.0112,686.7469,749.4456,11.2,0.900009,0.1,往上跳（減資／反向分割）,上市日,-592,11,興櫃期間或新上市
7814,2025-01-20,29.95,30.23,25.9,-13.5,1.1765,1.7,往下跳（分割／面額變更）,上市日,-592,9,興櫃期間或新上市
3085,2025-01-21,26.2,23.1,23.2,-11.5,1.1111,-1.6,往下跳（分割／面額變更）,上市日,-591,1,興櫃期間或新上市
7814,2025-01-21,25.9,27.13,31.5,21.6,0.8,-2.7,往上跳（減資／反向分割）,上市日,-591,9,興櫃期間或新上市
2072,2025-01-22,220.3935,218.8503,244.8817,11.1,0.900009,0.0,往上跳（減資／反向分割）,上市日,-590,11,興櫃期間或新上市
6597,2025-01-22,91.2905,92.2985,108.4075,18.8,0.849979,0.9,往上跳（減資／反向分割）,上市日,-590,34,興櫃期間或新上市
6597,2025-02-03,108.4075,103.7098,123.6226,14.0,0.900009,2.6,往上跳（減資／反向分割）,上市日,-578,34,興櫃期間或新上市
7769,2025-02-03,1120.7461,1117.8035,984.4792,-12.2,1.1111,-2.4,往下跳（分割／面額變更）,上市日,-578,10,興櫃期間或新上市
7799,2025-02-03,200.5,199.01,252.0,25.7,0.8,0.5,往上跳（減資／反向分割）,上市日,-578,13,興櫃期間或新上市
7799,2025-02-04,252.0,246.7,300.0,19.0,0.849979,1.2,往上跳（減資／反向分割）,上市日,-577,13,興櫃期間或新上市
4178,2025-02-05,34.15,33.64,38.15,11.7,0.900009,0.5,往上跳（減資／反向分割）,上市日,-576,6,興櫃期間或新上市
7814,2025-02-05,30.3,30.23,34.0,12.2,0.900009,1.0,往上跳（減資／反向分割）,上市日,-576,9,興櫃期間或新上市
7728,2025-02-06,331.5396,323.0978,371.7843,12.1,0.900009,0.9,往上跳（減資／反向分割）,上市日,-575,9,興櫃期間或新上市
6872,2025-02-10,29.75,29.69,33.1,11.3,0.900009,0.1,往上跳（減資／反向分割）,上市日,-571,10,興櫃期間或新上市
7740,2025-02-10,157.0785,157.8661,175.0178,11.4,0.900009,0.3,往上跳（減資／反向分割）,上市日,-571,7,興櫃期間或新上市
6872,2025-02-11,33.1,32.29,40.2,21.5,0.8,-2.8,往上跳（減資／反向分割）,上市日,-570,10,興櫃期間或新上市
6925,2025-02-11,56.2457,53.5257,62.4629,11.1,0.900009,-0.1,往上跳（減資／反向分割）,上市日,-570,11,興櫃期間或新上市
7711,2025-02-11,317.4406,313.9016,366.5394,15.5,0.849979,-1.9,往上跳（減資／反向分割）,上市日,-570,6,興櫃期間或新上市
7794,2025-02-13,46.0,46.17,55.0,19.6,0.849979,1.6,往上跳（減資／反向分割）,上市日,-568,3,興櫃期間或新上市
7799,2025-02-13,288.0,284.11,321.0,11.5,0.900009,0.3,往上跳（減資／反向分割）,上市日,-568,13,興櫃期間或新上市
7811,2025-02-13,120.3787,120.6762,135.2517,12.4,0.900009,1.1,往上跳（減資／反向分割）,上市日,-568,3,興櫃期間或新上市
7819,2025-02-13,188.0,171.0709,165.8595,-11.8,1.1111,-2.0,往下跳（分割／面額變更）,上市日,-568,14,興櫃期間或新上市
7819,2025-02-14,165.8595,163.1577,195.6661,18.0,0.849979,0.3,往上跳（減資／反向分割）,上市日,-567,14,興櫃期間或新上市
7819,2025-02-18,204.3197,200.166,239.4146,17.2,0.849979,-0.4,往上跳（減資／反向分割）,上市日,-563,14,興櫃期間或新上市
7819,2025-02-19,239.4146,220.2614,317.2965,32.5,0.750019,-0.6,往上跳（減資／反向分割）,上市日,-562,14,興櫃期間或新上市
7711,2025-02-20,379.1787,375.8439,436.5416,15.1,0.849979,-2.1,往上跳（減資／反向分割）,上市日,-561,6,興櫃期間或新上市
7819,2025-02-20,317.2965,266.4521,385.0825,21.4,0.8,-2.9,往上跳（減資／反向分割）,上市日,-561,14,興櫃期間或新上市
7819,2025-02-21,385.0825,363.9775,329.796,-14.4,1.1765,0.8,往下跳（分割／面額變更）,上市日,-560,14,興櫃期間或新上市
3467,2025-02-24,60.8352,57.8717,68.2685,12.2,0.900009,1.0,往上跳（減資／反向分割）,上市日,-557,8,興櫃期間或新上市
3467,2025-02-26,75.3105,71.1537,84.0152,11.6,0.900009,0.4,往上跳（減資／反向分割）,上市日,-555,8,興櫃期間或新上市
6272,2025-02-26,52.9795,52.395,58.9184,11.2,0.900009,0.1,往上跳（減資／反向分割）,上市日,-555,67,興櫃期間或新上市
3467,2025-03-03,83.3306,85.2964,69.7355,-16.3,1.1765,-1.5,往下跳（分割／面額變更）,上市日,-550,8,興櫃期間或新上市
7799,2025-03-05,398.0,397.78,469.5,18.0,0.849979,0.3,往上跳（減資／反向分割）,上市日,-548,13,興櫃期間或新上市
1623,2025-03-07,208.32,209.4816,182.4,-12.4,1.1111,-2.7,往下跳（分割／面額變更）,上市日,-546,4,興櫃期間或新上市
6872,2025-03-07,37.0,32.45,30.45,-17.7,1.25,2.9,往下跳（分割／面額變更）,上市日,-546,10,興櫃期間或新上市
6965,2025-03-10,200.0,174.0526,169.635,-15.2,1.1765,-0.2,往下跳（分割／面額變更）,上市日,-543,1,興櫃期間或新上市
2248,2025-03-13,63.1241,56.2492,53.9278,-14.6,1.1765,0.5,往下跳（分割／面額變更）,上市日,-540,8,興櫃期間或新上市
3467,2025-03-18,61.3242,61.3731,71.2026,16.1,0.849979,-1.3,往上跳（減資／反向分割）,上市日,-535,8,興櫃期間或新上市
6925,2025-03-18,61.6857,61.5303,70.72,14.6,0.849979,-2.6,往上跳（減資／反向分割）,上市日,-535,11,興櫃期間或新上市
7736,2025-03-18,126.2744,110.1445,111.527,-11.7,1.1111,-1.9,往下跳（分割／面額變更）,上市日,-535,2,興櫃期間或新上市
7610,2025-03-20,50.04,49.9412,56.3773,12.7,0.900009,1.4,往上跳（減資／反向分割）,上市日,-533,17,興櫃期間或新上市
3467,2025-03-24,66.508,66.4786,73.8434,11.0,0.900009,-0.1,往上跳（減資／反向分割）,上市日,-529,8,興櫃期間或新上市
3467,2025-03-25,73.8434,67.486,65.0409,-11.9,1.1111,-2.1,往下跳（分割／面額變更）,上市日,-528,8,興櫃期間或新上市
6597,2025-03-28,129.3283,131.2301,145.4943,12.5,0.900009,1.3,往上跳（減資／反向分割）,上市日,-525,34,興櫃期間或新上市
7610,2025-03-28,58.1057,58.0563,64.5253,11.0,0.900009,-0.1,往上跳（減資／反向分割）,上市日,-525,17,興櫃期間或新上市
7822,2025-03-28,357.0,337.8407,292.0383,-18.2,1.25,2.3,往下跳（分割／面額變更）,上市日,-525,16,興櫃期間或新上市
7819,2025-03-31,228.3573,225.867,197.1084,-13.7,1.1765,1.6,往下跳（分割／面額變更）,上市日,-522,14,興櫃期間或新上市
7822,2025-03-31,292.0383,308.1203,247.3386,-15.3,1.1765,-0.4,往下跳（分割／面額變更）,上市日,-522,16,興櫃期間或新上市
7821,2025-04-01,55.1,53.79,45.75,-17.0,1.1765,-2.3,往下跳（分割／面額變更）,上市日,-521,5,興櫃期間或新上市
7822,2025-04-01,247.3386,262.318,301.9716,22.1,0.8,-2.3,往上跳（減資／反向分割）,上市日,-521,16,興櫃期間或新上市
1295,2025-04-07,70.5127,68.5498,58.6018,-16.9,1.1765,-2.2,往下跳（分割／面額變更）,上市日,-515,3,興櫃期間或新上市
1623,2025-04-07,188.16,189.984,164.16,-12.8,1.1765,2.6,往下跳（分割／面額變更）,上市日,-515,4,興櫃期間或新上市
2072,2025-04-07,249.04,249.3265,184.3543,-26.0,1.3333,-1.3,往下跳（分割／面額變更）,上市日,-515,11,興櫃期間或新上市
2237,2025-04-07,24.85,24.88,20.9,-15.9,1.1765,-1.1,往下跳（分割／面額變更）,上市日,-515,31,興櫃期間或新上市
2724,2025-04-07,30.45,28.0,27.0,-11.3,1.1111,-1.5,往下跳（分割／面額變更）,上市日,-515,7,興櫃期間或新上市
3135,2025-04-07,28.4092,28.4184,22.6357,-20.3,1.25,-0.4,往下跳（分割／面額變更）,上市日,-515,15,興櫃期間或新上市
3158,2025-04-07,132.2563,132.3684,115.4322,-12.7,1.1765,2.7,往下跳（分割／面額變更）,上市日,-515,6,興櫃期間或新上市
3485,2025-04-07,71.0938,69.9805,60.5469,-14.8,1.1765,0.2,往下跳（分割／面額變更）,上市日,-515,28,興櫃期間或新上市
4166,2025-04-07,35.8,34.97,26.1,-27.1,1.3333,-2.8,往下跳（分割／面額變更）,上市日,-515,25,興櫃期間或新上市
4169,2025-04-07,56.2285,56.0288,45.7918,-18.6,1.25,1.8,往下跳（分割／面額變更）,上市日,-515,25,興櫃期間或新上市
4178,2025-04-07,29.9,29.85,25.6,-14.4,1.1765,0.7,往下跳（分割／面額變更）,上市日,-515,6,興櫃期間或新上市
4441,2025-04-07,253.5549,252.3214,163.5544,-35.5,1.5385,-0.8,往下跳（分割／面額變更）,上市日,-515,5,興櫃期間或新上市
4585,2025-04-07,343.5143,338.5386,275.2103,-19.9,1.25,0.1,往下跳（分割／面額變更）,上市日,-515,11,興櫃期間或新上市
4590,2025-04-07,107.235,104.5931,76.0393,-29.1,1.4286,1.3,往下跳（分割／面額變更）,上市日,-515,8,興櫃期間或新上市
5547,2025-04-07,23.0172,22.931,19.9138,-13.5,1.1765,1.8,往下跳（分割／面額變更）,上市日,-515,6,興櫃期間或新上市
6028,2025-04-07,134.4213,134.3746,105.9501,-21.2,1.25,-1.5,往下跳（分割／面額變更）,上市日,-515,7,興櫃期間或新上市
6272,2025-04-07,49.8686,49.4161,32.9943,-33.8,1.5385,1.8,往下跳（分割／面額變更）,上市日,-515,67,興櫃期間或新上市
6474,2025-04-07,32.7377,32.5782,28.9386,-11.6,1.1111,-1.8,往下跳（分割／面額變更）,上市日,-515,7,興櫃期間或新上市
6498,2025-04-07,108.2081,109.029,87.8725,-18.8,1.25,1.5,往下跳（分割／面額變更）,上市日,-515,50,興櫃期間或新上市
6597,2025-04-07,134.083,135.2716,95.5698,-28.7,1.4286,1.8,往下跳（分割／面額變更）,上市日,-515,34,興櫃期間或新上市
6614,2025-04-07,49.7457,49.6211,41.4068,-16.8,1.1765,-2.1,往下跳（分割／面額變更）,上市日,-515,7,興櫃期間或新上市
6620,2025-04-07,81.3238,79.9129,58.9843,-27.5,1.3333,-3.3,往下跳（分割／面額變更）,上市日,-515,41,興櫃期間或新上市
6722,2025-04-07,52.7633,52.2318,45.6934,-13.4,1.1765,1.9,往下跳（分割／面額變更）,上市日,-515,3,興櫃期間或新上市
6725,2025-04-07,168.7559,169.0963,136.6582,-19.0,1.25,1.2,往下跳（分割／面額變更）,上市日,-515,13,興櫃期間或新上市
6730,2025-04-07,38.4293,38.2084,32.0885,-16.5,1.1765,-1.8,往下跳（分割／面額變更）,上市日,-515,5,興櫃期間或新上市
6831,2025-04-07,90.4285,88.7013,70.0796,-22.5,1.25,-3.1,往下跳（分割／面額變更）,上市日,-515,17,興櫃期間或新上市
6908,2025-04-07,63.7775,63.7775,55.0674,-13.7,1.1765,1.6,往下跳（分割／面額變更）,上市日,-515,12,興櫃期間或新上市
6909,2025-04-07,48.2844,47.9581,41.229,-14.6,1.1765,0.5,往下跳（分割／面額變更）,上市日,-515,4,興櫃期間或新上市
6910,2025-04-07,37.7382,37.237,31.4958,-16.5,1.1765,-1.8,往下跳（分割／面額變更）,上市日,-515,9,興櫃期間或新上市
6918,2025-04-07,103.0588,103.04,87.8118,-14.8,1.1765,0.2,往下跳（分割／面額變更）,上市日,-515,4,興櫃期間或新上市
6925,2025-04-07,64.1143,61.4429,51.4857,-19.7,1.25,0.4,往下跳（分割／面額變更）,上市日,-515,11,興櫃期間或新上市
6934,2025-04-07,68.1,68.1,54.9,-19.4,1.25,0.8,往下跳（分割／面額變更）,上市日,-515,8,興櫃期間或新上市
6936,2025-04-07,44.5308,44.5034,38.5416,-13.4,1.1765,1.8,往下跳（分割／面額變更）,上市日,-515,4,興櫃期間或新上市
6944,2025-04-07,307.1217,305.6228,230.3412,-25.0,1.3333,-0.0,往下跳（分割／面額變更）,上市日,-515,7,興櫃期間或新上市
6945,2025-04-07,51.8,51.6,39.6,-23.6,1.3333,1.9,往下跳（分割／面額變更）,上市日,-515,17,興櫃期間或新上市
6947,2025-04-07,80.7,80.83,67.6,-16.2,1.1765,-1.4,往下跳（分割／面額變更）,上市日,-515,2,興櫃期間或新上市
6961,2025-04-07,71.9238,71.9238,62.187,-13.5,1.1765,1.7,往下跳（分割／面額變更）,上市日,-515,5,興櫃期間或新上市
6971,2025-04-07,46.3,45.65,40.0,-13.6,1.1765,1.6,往下跳（分割／面額變更）,上市日,-515,2,興櫃期間或新上市
6983,2025-04-07,118.5,119.13,102.0,-13.9,1.1765,1.3,往下跳（分割／面額變更）,上市日,-515,22,興櫃期間或新上市
6986,2025-04-07,81.8289,81.152,70.8786,-13.4,1.1765,1.9,往下跳（分割／面額變更）,上市日,-515,6,興櫃期間或新上市
7547,2025-04-07,69.55,69.55,57.0716,-17.9,1.25,2.6,往下跳（分割／面額變更）,上市日,-515,26,興櫃期間或新上市
7610,2025-04-07,63.9492,63.7763,50.2046,-21.5,1.25,-1.9,往下跳（分割／面額變更）,上市日,-515,17,興櫃期間或新上市
7642,2025-04-07,94.7728,93.756,77.5065,-18.2,1.25,2.2,往下跳（分割／面額變更）,上市日,-515,4,興櫃期間或新上市
7711,2025-04-07,311.121,317.4892,256.6748,-17.5,1.1765,-2.9,往下跳（分割／面額變更）,上市日,-515,6,興櫃期間或新上市
7716,2025-04-07,28.3312,28.2937,25.1468,-11.2,1.1111,-1.4,往下跳（分割／面額變更）,上市日,-515,7,興櫃期間或新上市
7721,2025-04-07,77.1485,77.2766,62.4676,-19.0,1.25,1.2,往下跳（分割／面額變更）,上市日,-515,8,興櫃期間或新上市
7723,2025-04-07,67.2,66.13,55.1,-18.0,1.25,2.5,往下跳（分割／面額變更）,上市日,-515,3,興櫃期間或新上市
7740,2025-04-07,204.3333,196.9651,148.7652,-27.2,1.3333,-2.9,往下跳（分割／面額變更）,上市日,-515,7,興櫃期間或新上市
7743,2025-04-07,46.8679,47.1608,37.592,-19.8,1.25,0.3,往下跳（分割／面額變更）,上市日,-515,4,興櫃期間或新上市
7744,2025-04-07,171.0903,172.5497,136.5764,-20.2,1.25,-0.2,往下跳（分割／面額變更）,上市日,-515,6,興櫃期間或新上市
7747,2025-04-07,118.1686,117.7877,99.556,-15.8,1.1765,-0.9,往下跳（分割／面額變更）,上市日,-515,5,興櫃期間或新上市
7750,2025-04-07,554.8917,548.4048,375.6874,-32.3,1.4286,-3.3,往下跳（分割／面額變更）,上市日,-515,5,興櫃期間或新上市
7751,2025-04-07,320.606,311.8622,209.95,-34.5,1.5385,0.7,往下跳（分割／面額變更）,上市日,-515,7,興櫃期間或新上市
7753,2025-04-07,42.7087,42.399,35.4811,-16.9,1.1765,-2.3,往下跳（分割／面額變更）,上市日,-515,4,興櫃期間或新上市
7757,2025-04-07,160.4016,157.6306,140.4095,-12.5,1.1111,-2.7,往下跳（分割／面額變更）,上市日,-515,2,興櫃期間或新上市
7765,2025-04-07,314.3516,310.0257,256.6724,-18.3,1.25,2.1,往下跳（分割／面額變更）,上市日,-515,2,興櫃期間或新上市
7767,2025-04-07,54.5249,54.1241,44.7384,-17.9,1.25,2.6,往下跳（分割／面額變更）,上市日,-515,3,興櫃期間或新上市
7768,2025-04-07,148.7204,151.7838,103.2644,-30.6,1.4286,-0.8,往下跳（分割／面額變更）,上市日,-515,7,興櫃期間或新上市
7769,2025-04-07,886.7225,879.7215,589.5026,-33.5,1.5385,2.3,往下跳（分割／面額變更）,上市日,-515,10,興櫃期間或新上市
7770,2025-04-07,85.2611,85.2611,74.2935,-12.9,1.1765,2.5,往下跳（分割／面額變更）,上市日,-515,3,興櫃期間或新上市
7786,2025-04-07,185.5125,184.9005,153.0,-17.5,1.1765,-3.0,往下跳（分割／面額變更）,上市日,-515,5,興櫃期間或新上市
7792,2025-04-07,164.2746,164.827,140.0453,-14.7,1.1765,0.3,往下跳（分割／面額變更）,上市日,-515,5,興櫃期間或新上市
7799,2025-04-07,458.5,463.53,330.0,-28.0,1.4286,2.8,往下跳（分割／面額變更）,上市日,-515,13,興櫃期間或新上市
7803,2025-04-07,36.05,36.59,30.5,-15.4,1.1765,-0.5,往下跳（分割／面額變更）,上市日,-515,5,興櫃期間或新上市
7805,2025-04-07,538.8397,536.8496,441.2979,-18.1,1.25,2.4,往下跳（分割／面額變更）,上市日,-515,4,興櫃期間或新上市
7810,2025-04-07,82.9807,80.775,70.932,-14.5,1.1765,0.6,往下跳（分割／面額變更）,上市日,-515,9,興櫃期間或新上市
7811,2025-04-07,131.9983,131.0036,114.8013,-13.0,1.1765,2.3,往下跳（分割／面額變更）,上市日,-515,3,興櫃期間或新上市
7814,2025-04-07,36.75,36.28,31.0,-15.6,1.1765,-0.8,往下跳（分割／面額變更）,上市日,-515,9,興櫃期間或新上市
7818,2025-04-07,132.0879,129.4267,109.8313,-16.8,1.1765,-2.2,往下跳（分割／面額變更）,上市日,-515,5,興櫃期間或新上市
7819,2025-04-07,219.7038,212.0886,153.8407,-30.0,1.4286,0.0,往下跳（分割／面額變更）,上市日,-515,14,興櫃期間或新上市
7821,2025-04-07,43.9,43.03,32.2,-26.7,1.3333,-2.2,往下跳（分割／面額變更）,上市日,-515,5,興櫃期間或新上市
7822,2025-04-07,280.6151,290.3397,207.6055,-26.0,1.3333,-1.4,往下跳（分割／面額變更）,上市日,-515,16,興櫃期間或新上市
8102,2025-04-07,93.131,92.0798,75.8408,-18.6,1.25,1.8,往下跳（分割／面額變更）,上市日,-515,6,興櫃期間或新上市
1435,2025-04-08,37.35,31.0,31.5,-15.7,1.1765,-0.8,往下跳（分割／面額變更）,上市日,-514,1,興櫃期間或新上市
4590,2025-04-08,76.0393,78.5935,85.0081,11.8,0.900009,0.6,往上跳（減資／反向分割）,上市日,-514,8,興櫃期間或新上市
6272,2025-04-08,32.9943,36.5671,40.1588,21.7,0.8,-2.6,往上跳（減資／反向分割）,上市日,-514,67,興櫃期間或新上市
6597,2025-04-08,95.5698,105.1363,110.3094,15.4,0.849979,-1.9,往上跳（減資／反向分割）,上市日,-514,34,興櫃期間或新上市
7610,2025-04-08,50.2046,50.6573,56.2127,12.0,0.900009,0.8,往上跳（減資／反向分割）,上市日,-514,17,興櫃期間或新上市
7740,2025-04-08,148.7652,153.3594,171.0799,15.0,0.849979,-2.3,往上跳（減資／反向分割）,上市日,-514,7,興櫃期間或新上市
7768,2025-04-08,103.2644,110.3298,116.6047,12.9,0.900009,1.6,往上跳（減資／反向分割）,上市日,-514,7,興櫃期間或新上市
7769,2025-04-08,589.5026,634.4312,658.6235,11.7,0.900009,0.6,往上跳（減資／反向分割）,上市日,-514,10,興櫃期間或新上市
7799,2025-04-08,330.0,347.83,372.0,12.7,0.900009,1.5,往上跳（減資／反向分割）,上市日,-514,13,興櫃期間或新上市
7822,2025-04-08,207.6055,209.7014,236.412,13.9,0.900009,2.5,往上跳（減資／反向分割）,上市日,-514,16,興櫃期間或新上市
2072,2025-04-09,168.1829,176.5089,145.5429,-13.5,1.1765,1.8,往下跳（分割／面額變更）,上市日,-513,11,興櫃期間或新上市
3158,2025-04-09,117.3015,116.6846,103.2814,-12.0,1.1111,-2.2,往下跳（分割／面額變更）,上市日,-513,6,興櫃期間或新上市
4441,2025-04-09,168.5798,159.5249,148.935,-11.7,1.1111,-1.8,往下跳（分割／面額變更）,上市日,-513,5,興櫃期間或新上市
6620,2025-04-09,63.0994,61.5905,56.0448,-11.2,1.1111,-1.3,往下跳（分割／面額變更）,上市日,-513,41,興櫃期間或新上市
6725,2025-04-09,138.1172,138.4284,122.0684,-11.6,1.1111,-1.8,往下跳（分割／面額變更）,上市日,-513,13,興櫃期間或新上市
6831,2025-04-09,68.9877,70.0002,59.5577,-13.7,1.1765,1.6,往下跳（分割／面額變更）,上市日,-513,17,興櫃期間或新上市
6944,2025-04-09,251.2814,246.8729,216.7485,-13.7,1.1765,1.5,往下跳（分割／面額變更）,上市日,-513,7,興櫃期間或新上市
6945,2025-04-09,42.0,41.12,36.7,-12.6,1.1765,2.8,往下跳（分割／面額變更）,上市日,-513,17,興櫃期間或新上市
7547,2025-04-09,54.073,55.3788,44.3998,-17.9,1.25,2.6,往下跳（分割／面額變更）,上市日,-513,26,興櫃期間或新上市
7750,2025-04-09,413.7004,415.5566,352.4846,-14.8,1.1765,0.2,往下跳（分割／面額變更）,上市日,-513,5,興櫃期間或新上市
7751,2025-04-09,217.854,221.1045,192.66,-11.6,1.1111,-1.7,往下跳（分割／面額變更）,上市日,-513,7,興櫃期間或新上市
7769,2025-04-09,658.6235,646.5273,575.6784,-12.6,1.1765,2.8,往下跳（分割／面額變更）,上市日,-513,10,興櫃期間或新上市
2072,2025-04-10,145.5429,131.3582,212.5388,46.0,0.699986,2.2,往上跳（減資／反向分割）,上市日,-512,11,興櫃期間或新上市
2237,2025-04-10,20.5,20.7,23.5,14.6,0.849979,-2.6,往上跳（減資／反向分割）,上市日,-512,31,興櫃期間或新上市
3135,2025-04-10,21.9026,21.9759,25.4308,16.1,0.849979,-1.3,往上跳（減資／反向分割）,上市日,-512,15,興櫃期間或新上市
3158,2025-04-10,103.2814,109.9643,125.2462,21.3,0.8,-3.0,往上跳（減資／反向分割）,上市日,-512,6,興櫃期間或新上市
4166,2025-04-10,25.85,26.07,30.45,17.8,0.849979,0.1,往上跳（減資／反向分割）,上市日,-512,25,興櫃期間或新上市
4169,2025-04-10,45.3423,45.9416,53.1324,17.2,0.849979,-0.4,往上跳（減資／反向分割）,上市日,-512,25,興櫃期間或新上市
4178,2025-04-10,25.5,25.21,30.5,19.6,0.849979,1.7,往上跳（減資／反向分割）,上市日,-512,6,興櫃期間或新上市
4195,2025-04-10,14.65,14.95,17.0,16.0,0.849979,-1.4,往上跳（減資／反向分割）,上市日,-512,34,興櫃期間或新上市
4441,2025-04-10,148.935,155.669,201.0165,35.0,0.750019,1.2,往上跳（減資／反向分割）,上市日,-512,5,興櫃期間或新上市
4585,2025-04-10,279.1989,289.8284,339.0272,21.4,0.8,-2.9,往上跳（減資／反向分割）,上市日,-512,11,興櫃期間或新上市
4590,2025-04-10,76.3318,79.8121,93.4894,22.5,0.8,-2.0,往上跳（減資／反向分割）,上市日,-512,8,興櫃期間或新上市
6028,2025-04-10,109.684,113.2219,131.6208,20.0,0.849979,2.0,往上跳（減資／反向分割）,上市日,-512,7,興櫃期間或新上市
6272,2025-04-10,36.4823,35.9544,41.8557,14.7,0.849979,-2.5,往上跳（減資／反向分割）,上市日,-512,67,興櫃期間或新上市
6498,2025-04-10,82.0889,84.7475,97.0142,18.2,0.849979,0.5,往上跳（減資／反向分割）,上市日,-512,50,興櫃期間或新上市
6597,2025-04-10,99.849,102.3405,123.6226,23.8,0.8,-1.0,往上跳（減資／反向分割）,上市日,-512,34,興櫃期間或新上市
6614,2025-04-10,41.6943,42.7103,48.4996,16.3,0.849979,-1.1,往上跳（減資／反向分割）,上市日,-512,7,興櫃期間或新上市
6620,2025-04-10,56.0448,58.0044,68.9783,23.1,0.8,-1.5,往上跳（減資／反向分割）,上市日,-512,41,興櫃期間或新上市
6725,2025-04-10,122.0684,130.0636,154.166,26.3,0.8,1.0,往上跳（減資／反向分割）,上市日,-512,13,興櫃期間或新上市
6831,2025-04-10,59.5577,64.2827,81.0978,36.2,0.750019,2.1,往上跳（減資／反向分割）,上市日,-512,17,興櫃期間或新上市
6909,2025-04-10,40.509,41.1618,46.0766,13.7,0.900009,2.4,往上跳（減資／反向分割）,上市日,-512,4,興櫃期間或新上市
6910,2025-04-10,28.28,28.6016,31.4958,11.4,0.900009,0.2,往上跳（減資／反向分割）,上市日,-512,9,興櫃期間或新上市
6925,2025-04-10,47.6,48.7269,55.8571,17.3,0.849979,-0.3,往上跳（減資／反向分割）,上市日,-512,11,興櫃期間或新上市
6934,2025-04-10,51.5,52.27,57.8,12.2,0.900009,1.0,往上跳（減資／反向分割）,上市日,-512,8,興櫃期間或新上市
6936,2025-04-10,38.1301,39.6937,42.8849,12.5,0.900009,1.2,往上跳（減資／反向分割）,上市日,-512,4,興櫃期間或新上市
6944,2025-04-10,216.7485,226.6088,286.9163,32.4,0.750019,-0.7,往上跳（減資／反向分割）,上市日,-512,7,興櫃期間或新上市
6945,2025-04-10,36.7,38.65,42.0,14.4,0.849979,-2.7,往上跳（減資／反向分割）,上市日,-512,17,興櫃期間或新上市
6947,2025-04-10,66.0,66.79,73.8,11.8,0.900009,0.6,往上跳（減資／反向分割）,上市日,-512,2,興櫃期間或新上市
6986,2025-04-10,69.2858,69.8234,78.1456,12.8,0.900009,1.5,往上跳（減資／反向分割）,上市日,-512,6,興櫃期間或新上市
7547,2025-04-10,44.3998,48.4432,53.2991,20.0,0.849979,2.0,往上跳（減資／反向分割）,上市日,-512,26,興櫃期間或新上市
7610,2025-04-10,51.933,54.8876,61.1509,17.7,0.849979,0.1,往上跳（減資／反向分割）,上市日,-512,17,興櫃期間或新上市
7642,2025-04-10,77.6984,78.3507,87.7704,13.0,0.900009,1.7,往上跳（減資／反向分割）,上市日,-512,4,興櫃期間或新上市
7711,2025-04-10,249.3829,241.8091,291.6759,17.0,0.849979,-0.6,往上跳（減資／反向分割）,上市日,-512,6,興櫃期間或新上市
7721,2025-04-10,61.0882,63.5613,70.8426,16.0,0.849979,-1.4,往上跳（減資／反向分割）,上市日,-512,8,興櫃期間或新上市
7740,2025-04-10,168.4547,165.1468,193.3947,14.8,0.849979,-2.4,往上跳（減資／反向分割）,上市日,-512,7,興櫃期間或新上市
7744,2025-04-10,131.6458,130.0483,151.3681,15.0,0.849979,-2.3,往上跳（減資／反向分割）,上市日,-512,6,興櫃期間或新上市
7747,2025-04-10,90.4661,93.4441,104.3174,15.3,0.849979,-2.0,往上跳（減資／反向分割）,上市日,-512,5,興櫃期間或新上市
7750,2025-04-10,352.4846,377.5238,437.3968,24.1,0.8,-0.7,往上跳（減資／反向分割）,上市日,-512,5,興櫃期間或新上市
7751,2025-04-10,192.66,200.564,262.808,36.4,0.750019,2.3,往上跳（減資／反向分割）,上市日,-512,7,興櫃期間或新上市
7765,2025-04-10,248.9819,250.0489,307.1417,23.4,0.8,-1.3,往上跳（減資／反向分割）,上市日,-512,2,興櫃期間或新上市
7767,2025-04-10,45.6704,45.9314,50.7035,11.0,0.900009,-0.1,往上跳（減資／反向分割）,上市日,-512,3,興櫃期間或新上市
7768,2025-04-10,111.1698,114.1046,131.4274,18.2,0.849979,0.5,往上跳（減資／反向分割）,上市日,-512,7,興櫃期間或新上市
7769,2025-04-10,575.6784,601.0161,725.7695,26.1,0.8,0.9,往上跳（減資／反向分割）,上市日,-512,10,興櫃期間或新上市
7786,2025-04-10,145.35,148.257,173.0813,19.1,0.849979,1.2,往上跳（減資／反向分割）,上市日,-512,5,興櫃期間或新上市
7799,2025-04-10,358.0,364.03,416.5,16.3,0.849979,-1.1,往上跳（減資／反向分割）,上市日,-512,13,興櫃期間或新上市
7803,2025-04-10,26.95,28.25,31.0,15.0,0.849979,-2.2,往上跳（減資／反向分割）,上市日,-512,5,興櫃期間或新上市
7805,2025-04-10,419.2724,425.5575,475.1229,13.3,0.900009,2.0,往上跳（減資／反向分割）,上市日,-512,4,興櫃期間或新上市
7810,2025-04-10,64.6161,65.9473,74.8187,15.8,0.849979,-1.6,往上跳（減資／反向分割）,上市日,-512,9,興櫃期間或新上市
7818,2025-04-10,98.2192,103.0866,113.2182,15.3,0.849979,-2.0,往上跳（減資／反向分割）,上市日,-512,5,興櫃期間或新上市
7819,2025-04-10,162.4942,165.0615,220.6653,35.8,0.750019,1.9,往上跳（減資／反向分割）,上市日,-512,14,興櫃期間或新上市
7821,2025-04-10,34.85,35.09,43.15,23.8,0.8,-0.9,往上跳（減資／反向分割）,上市日,-512,5,興櫃期間或新上市
7822,2025-04-10,223.4987,238.9549,280.1184,25.3,0.8,0.3,往上跳（減資／反向分割）,上市日,-512,16,興櫃期間或新上市
8102,2025-04-10,72.6972,74.0725,81.1458,11.6,0.900009,0.5,往上跳（減資／反向分割）,上市日,-512,6,興櫃期間或新上市
7819,2025-04-11,220.6653,206.9927,183.6473,-16.8,1.1765,-2.1,往下跳（分割／面額變更）,上市日,-511,14,興櫃期間或新上市
4806,2025-04-23,18.32,20.6,20.6,12.4,0.900009,1.2,往上跳（減資／反向分割）,上市日,-499,2,興櫃期間或新上市
7820,2025-04-23,90.9,84.0856,80.4813,-11.5,1.1111,-1.6,往下跳（分割／面額變更）,上市日,-499,11,興櫃期間或新上市
4582,2025-04-25,16.0354,16.0644,17.8708,11.4,0.900009,0.3,往上跳（減資／反向分割）,上市日,-497,18,興櫃期間或新上市
6936,2025-04-28,40.6447,32.0037,35.5698,-12.5,1.1111,-2.8,往下跳（分割／面額變更）,上市日,-494,4,興櫃期間或新上市
7547,2025-04-28,55.9109,54.2664,64.8102,15.9,0.849979,-1.5,往上跳（減資／反向分割）,上市日,-494,26,興櫃期間或新上市
6272,2025-04-29,39.5932,39.2444,44.8723,13.3,0.900009,2.0,往上跳（減資／反向分割）,上市日,-493,67,興櫃期間或新上市
7799,2025-04-29,341.0,339.06,408.0,19.6,0.849979,1.7,往上跳（減資／反向分割）,上市日,-493,13,興櫃期間或新上市
6614,2025-04-30,50.2249,50.0907,57.2219,13.9,0.900009,2.5,往上跳（減資／反向分割）,上市日,-492,7,興櫃期間或新上市
7723,2025-05-02,55.1,55.4,67.6,22.7,0.8,-1.9,往上跳（減資／反向分割）,上市日,-490,3,興櫃期間或新上市
6597,2025-05-08,94.1434,80.8302,82.5419,-12.3,1.1111,-2.6,往下跳（分割／面額變更）,上市日,-484,34,興櫃期間或新上市
7828,2025-05-09,262.0,262.3366,229.3588,-12.5,1.1111,-2.7,往下跳（分割／面額變更）,上市日,-483,11,興櫃期間或新上市
6498,2025-05-14,81.3427,80.2793,90.5777,11.4,0.900009,0.2,往上跳（減資／反向分割）,上市日,-478,50,興櫃期間或新上市
7753,2025-05-16,42.8026,42.6524,50.9689,19.1,0.849979,1.2,往上跳（減資／反向分割）,上市日,-476,4,興櫃期間或新上市
7743,2025-05-20,39.3495,32.2217,32.3193,-17.9,1.25,2.7,往下跳（分割／面額變更）,上市日,-472,4,興櫃期間或新上市
6498,2025-05-23,87.3128,88.2456,99.8127,14.3,0.849979,-2.8,往上跳（減資／反向分割）,上市日,-469,50,興櫃期間或新上市
7839,2025-05-26,87.0,81.7551,70.33,-19.2,1.25,1.0,往下跳（分割／面額變更）,上市日,-466,2,興櫃期間或新上市
6925,2025-05-28,60.2286,58.2857,72.6629,20.6,0.849979,2.5,往上跳（減資／反向分割）,上市日,-464,11,興櫃期間或新上市
1295,2025-05-29,67.6541,68.4164,78.0404,15.4,0.849979,-2.0,往上跳（減資／反向分割）,上市日,-463,3,興櫃期間或新上市
6925,2025-05-29,72.6629,73.8286,100.5429,38.4,0.699986,-3.1,往上跳（減資／反向分割）,上市日,-463,11,興櫃期間或新上市
7547,2025-06-02,62.3919,60.8442,73.2258,17.4,0.849979,-0.2,往上跳（減資／反向分割）,上市日,-459,26,興櫃期間或新上市
6925,2025-06-04,100.5429,102.0,118.5143,17.9,0.849979,0.2,往上跳（減資／反向分割）,上市日,-457,11,興櫃期間或新上市
7820,2025-06-04,80.8762,80.3035,96.1825,18.9,0.849979,1.1,往上跳（減資／反向分割）,上市日,-457,11,興櫃期間或新上市
4585,2025-06-05,333.5429,333.7025,383.3999,14.9,0.849979,-2.3,往上跳（減資／反向分割）,上市日,-456,11,興櫃期間或新上市
7820,2025-06-05,96.1825,88.4899,112.575,17.0,0.849979,-0.5,往上跳（減資／反向分割）,上市日,-456,11,興櫃期間或新上市
3135,2025-06-06,29.4173,29.0874,33.1288,12.6,0.900009,1.4,往上跳（減資／反向分割）,上市日,-455,15,興櫃期間或新上市
7547,2025-06-06,71.3879,69.1341,80.5774,12.9,0.900009,1.6,往上跳（減資／反向分割）,上市日,-455,26,興櫃期間或新上市
7820,2025-06-06,112.575,107.0252,126.4,12.3,0.900009,1.1,往上跳（減資／反向分割）,上市日,-455,11,興櫃期間或新上市
6831,2025-06-09,87.4506,86.1602,99.0644,13.3,0.900009,2.0,往上跳（減資／反向分割）,上市日,-452,17,興櫃期間或新上市
7769,2025-06-09,1002.2531,999.8339,1115.8089,11.3,0.900009,0.2,往上跳（減資／反向分割）,上市日,-452,10,興櫃期間或新上市
6918,2025-06-10,105.8824,108.2353,127.0588,20.0,0.849979,2.0,往上跳（減資／反向分割）,上市日,-451,4,興櫃期間或新上市
7777,2025-06-10,13.3762,13.3762,15.3419,14.7,0.849979,-2.5,往上跳（減資／反向分割）,上市日,-451,10,興櫃期間或新上市
7751,2025-06-11,363.09,357.4288,406.562,12.0,0.900009,0.8,往上跳（減資／反向分割）,上市日,-450,7,興櫃期間或新上市
7786,2025-06-11,183.1219,176.1604,206.55,12.8,0.900009,1.5,往上跳（減資／反向分割）,上市日,-450,5,興櫃期間或新上市
7842,2025-06-11,282.5,253.52,242.0,-14.3,1.1765,0.8,往下跳（分割／面額變更）,上市日,-450,7,興櫃期間或新上市
7842,2025-06-12,242.0,253.1,205.0,-15.3,1.1765,-0.3,往下跳（分割／面額變更）,上市日,-449,7,興櫃期間或新上市
7842,2025-06-13,205.0,211.14,230.0,12.2,0.900009,1.0,往上跳（減資／反向分割）,上市日,-448,7,興櫃期間或新上市
6908,2025-06-16,51.7769,51.3898,58.0675,12.1,0.900009,0.9,往上跳（減資／反向分割）,上市日,-445,12,興櫃期間或新上市
7749,2025-06-16,635.0,601.197,565.0274,-11.0,1.1111,-1.1,往下跳（分割／面額變更）,上市日,-445,1,興櫃期間或新上市
7820,2025-06-17,129.8562,128.0788,146.15,12.5,0.900009,1.3,往上跳（減資／反向分割）,上市日,-444,11,興櫃期間或新上市
7822,2025-06-17,259.2585,259.1294,317.3682,22.4,0.8,-2.1,往上跳（減資／反向分割）,上市日,-444,16,興櫃期間或新上市
7828,2025-06-23,323.0968,311.559,373.9546,15.7,0.849979,-1.6,往上跳（減資／反向分割）,上市日,-438,11,興櫃期間或新上市
7822,2025-06-24,347.6647,335.6355,387.3978,11.4,0.900009,0.3,往上跳（減資／反向分割）,上市日,-437,16,興櫃期間或新上市
7827,2025-06-24,49.8,46.92,63.8,28.1,0.8,2.5,往上跳（減資／反向分割）,上市日,-437,7,興櫃期間或新上市
7822,2025-06-25,387.3978,384.4973,431.6009,11.4,0.900009,0.3,往上跳（減資／反向分割）,上市日,-436,16,興櫃期間或新上市
8102,2025-06-25,84.2894,83.7491,96.1764,14.1,0.900009,2.7,往上跳（減資／反向分割）,上市日,-436,6,興櫃期間或新上市
7827,2025-06-26,63.0,63.78,77.8,23.5,0.8,-1.2,往上跳（減資／反向分割）,上市日,-435,7,興櫃期間或新上市
6934,2025-06-27,55.5,53.82,66.1,19.1,0.849979,1.2,往上跳（減資／反向分割）,上市日,-434,8,興櫃期間或新上市
7772,2025-06-27,86.0,81.8765,110.6173,28.6,0.8,2.9,往上跳（減資／反向分割）,上市日,-434,17,興櫃期間或新上市
7821,2025-06-30,39.0,39.07,47.0,20.5,0.849979,2.4,往上跳（減資／反向分割）,上市日,-431,5,興櫃期間或新上市
6831,2025-07-01,116.1376,115.5817,129.5381,11.5,0.900009,0.4,往上跳（減資／反向分割）,上市日,-430,17,興櫃期間或新上市
7822,2025-07-01,434.5808,429.2864,485.7372,11.8,0.900009,0.6,往上跳（減資／反向分割）,上市日,-430,16,興櫃期間或新上市
7721,2025-07-02,73.8971,73.7296,88.5779,19.9,0.849979,1.9,往上跳（減資／反向分割）,上市日,-429,8,興櫃期間或新上市
7780,2025-07-02,17.4836,17.5157,21.1123,20.8,0.849979,2.6,往上跳（減資／反向分割）,上市日,-429,7,興櫃期間或新上市
6831,2025-07-09,131.5233,129.9947,148.8943,13.2,0.900009,1.9,往上跳（減資／反向分割）,上市日,-422,17,興櫃期間或新上市
7610,2025-07-10,57.2003,54.5749,64.3607,12.5,0.900009,1.3,往上跳（減資／反向分割）,上市日,-421,17,興櫃期間或新上市
7780,2025-07-10,21.6307,21.5892,25.0708,15.9,0.849979,-1.5,往上跳（減資／反向分割）,上市日,-421,7,興櫃期間或新上市
7820,2025-07-10,154.05,152.9539,172.3187,11.9,0.900009,0.7,往上跳（減資／反向分割）,上市日,-421,11,興櫃期間或新上市
6831,2025-07-11,163.7838,155.277,182.6437,11.5,0.900009,0.4,往上跳（減資／反向分割）,上市日,-420,17,興櫃期間或新上市
7730,2025-07-11,106.5637,105.2186,122.6667,15.1,0.849979,-2.2,往上跳（減資／反向分割）,上市日,-420,5,興櫃期間或新上市
7747,2025-07-11,145.4383,134.1841,122.4971,-15.8,1.1765,-0.9,往下跳（分割／面額變更）,上市日,-420,5,興櫃期間或新上市
3191,2025-07-14,13.6,13.95,15.15,11.4,0.900009,0.3,往上跳（減資／反向分割）,上市日,-417,2,興櫃期間或新上市
7839,2025-07-15,79.4203,77.6692,69.3731,-12.7,1.1765,2.8,往下跳（分割／面額變更）,上市日,-416,2,興櫃期間或新上市
6272,2025-07-17,43.7882,43.9767,49.3972,12.8,0.900009,1.5,往上跳（減資／反向分割）,上市日,-414,67,興櫃期間或新上市
7547,2025-07-18,101.5682,102.7483,116.5616,14.8,0.849979,-2.5,往上跳（減資／反向分割）,上市日,-413,26,興櫃期間或新上市
7780,2025-07-18,30.1133,29.7467,25.872,-14.1,1.1765,1.1,往下跳（分割／面額變更）,上市日,-413,7,興櫃期間或新上市
7769,2025-07-21,1436.7274,1433.6959,1604.5924,11.7,0.900009,0.5,往上跳（減資／反向分割）,上市日,-410,10,興櫃期間或新上市
7819,2025-07-21,127.3993,125.5436,148.5524,16.6,0.849979,-0.9,往上跳（減資／反向分割）,上市日,-410,14,興櫃期間或新上市
6103,2025-07-23,47.3867,41.8118,41.6625,-12.1,1.1111,-2.3,往下跳（分割／面額變更）,上市日,-408,33,興櫃期間或新上市
7730,2025-07-24,130.2445,127.7628,109.4054,-16.0,1.1765,-1.2,往下跳（分割／面額變更）,上市日,-407,5,興櫃期間或新上市
7772,2025-07-25,80.9877,79.7136,71.7037,-11.5,1.1111,-1.6,往下跳（分割／面額變更）,上市日,-406,17,興櫃期間或新上市
6945,2025-07-31,70.1,69.76,82.3,17.4,0.849979,-0.2,往上跳（減資／反向分割）,上市日,-400,17,興櫃期間或新上市
6945,2025-08-01,82.3,75.72,104.5,27.0,0.8,1.6,往上跳（減資／反向分割）,上市日,-399,17,興櫃期間或新上市
4169,2025-08-04,80.4977,76.1831,89.7858,11.5,0.900009,0.4,往上跳（減資／反向分割）,上市日,-396,25,興櫃期間或新上市
6945,2025-08-04,104.5,94.77,157.0,50.2,0.649984,-2.3,往上跳（減資／反向分割）,上市日,-396,17,興櫃期間或新上市
7827,2025-08-04,74.7,73.45,86.8,16.2,0.849979,-1.2,往上跳（減資／反向分割）,上市日,-396,7,興櫃期間或新上市
6983,2025-08-05,108.0,107.93,125.0,15.7,0.849979,-1.6,往上跳（減資／反向分割）,上市日,-395,22,興櫃期間或新上市
7730,2025-08-05,110.3526,110.3053,126.9292,15.0,0.849979,-2.2,往上跳（減資／反向分割）,上市日,-395,5,興櫃期間或新上市
7772,2025-08-05,66.1728,65.8568,74.3704,12.4,0.900009,1.2,往上跳（減資／反向分割）,上市日,-395,17,興櫃期間或新上市
7780,2025-08-05,31.7627,31.6043,36.4753,14.8,0.849979,-2.4,往上跳（減資／反向分割）,上市日,-395,7,興櫃期間或新上市
3135,2025-08-06,33.4495,30.5628,29.6464,-11.4,1.1111,-1.5,往下跳（分割／面額變更）,上市日,-394,15,興櫃期間或新上市
7744,2025-08-08,241.1042,237.7514,268.2222,11.2,0.900009,0.1,往上跳（減資／反向分割）,上市日,-392,6,興櫃期間或新上市
7753,2025-08-11,59.1351,53.9726,51.6259,-12.7,1.1765,2.7,往下跳（分割／面額變更）,上市日,-389,4,興櫃期間或新上市
3135,2025-08-12,28.8674,29.0965,33.9078,17.5,0.849979,-0.2,往上跳（減資／反向分割）,上市日,-388,15,興櫃期間或新上市
6725,2025-08-12,219.334,218.478,247.541,12.9,0.900009,1.6,往上跳（減資／反向分割）,上市日,-388,13,興櫃期間或新上市
7744,2025-08-13,253.9236,256.0931,289.4236,14.0,0.900009,2.6,往上跳（減資／反向分割）,上市日,-387,6,興櫃期間或新上市
7750,2025-08-13,767.1723,759.0464,878.7431,14.5,0.849979,-2.6,往上跳（減資／反向分割）,上市日,-387,5,興櫃期間或新上市
7753,2025-08-13,52.1891,53.1278,59.4167,13.8,0.900009,2.5,往上跳（減資／反向分割）,上市日,-387,4,興櫃期間或新上市
3158,2025-08-14,117.3015,117.2361,130.3869,11.2,0.900009,0.0,往上跳（減資／反向分割）,上市日,-386,6,興櫃期間或新上市
6831,2025-08-14,163.2875,159.714,184.629,13.1,0.900009,1.8,往上跳（減資／反向分割）,上市日,-386,17,興櫃期間或新上市
6945,2025-08-14,105.0,109.3,120.0,14.3,0.900009,2.9,往上跳（減資／反向分割）,上市日,-386,17,興櫃期間或新上市
7744,2025-08-14,289.4236,278.6947,335.2778,15.8,0.849979,-1.5,往上跳（減資／反向分割）,上市日,-386,6,興櫃期間或新上市
7828,2025-08-14,380.4365,381.5633,441.2664,16.0,0.849979,-1.4,往上跳（減資／反向分割）,上市日,-386,11,興櫃期間或新上市
7610,2025-08-18,60.904,61.0274,71.6033,17.6,0.849979,-0.1,往上跳（減資／反向分割）,上市日,-382,17,興櫃期間或新上市
7610,2025-08-19,71.6033,68.0396,83.9487,17.2,0.849979,-0.3,往上跳（減資／反向分割）,上市日,-381,17,興櫃期間或新上市
7820,2025-08-19,206.3875,204.3631,229.1,11.0,0.900009,-0.1,往上跳（減資／反向分割）,上市日,-381,11,興櫃期間或新上市
4195,2025-08-21,20.15,19.99,22.7,12.7,0.900009,1.4,往上跳（減資／反向分割）,上市日,-379,34,興櫃期間或新上市
6945,2025-08-21,114.0,113.71,134.5,18.0,0.849979,0.3,往上跳（減資／反向分割）,上市日,-379,17,興櫃期間或新上市
6725,2025-08-22,260.6719,256.6159,294.7148,13.1,0.900009,1.8,往上跳（減資／反向分割）,上市日,-378,13,興櫃期間或新上市
7818,2025-08-22,109.3475,108.8443,121.4434,11.1,0.900009,-0.0,往上跳（減資／反向分割）,上市日,-378,5,興櫃期間或新上市
3485,2025-08-25,65.918,65.166,74.707,13.3,0.900009,2.0,往上跳（減資／反向分割）,上市日,-375,28,興櫃期間或新上市
7610,2025-08-25,89.7099,87.3478,107.4049,19.7,0.849979,1.8,往上跳（減資／反向分割）,上市日,-375,17,興櫃期間或新上市
7610,2025-08-26,107.4049,98.0636,124.6885,16.1,0.849979,-1.3,往上跳（減資／反向分割）,上市日,-374,17,興櫃期間或新上市
4585,2025-08-27,411.3197,411.4394,614.2375,49.3,0.649984,-2.9,往上跳（減資／反向分割）,上市日,-373,11,興櫃期間或新上市
7772,2025-08-27,66.1728,65.7284,77.2346,16.7,0.849979,-0.8,往上跳（減資／反向分割）,上市日,-373,17,興櫃期間或新上市
4585,2025-08-28,614.2375,524.5249,715.9456,16.6,0.849979,-0.9,往上跳（減資／反向分割）,上市日,-372,11,興櫃期間或新上市
4590,2025-08-28,76.2343,75.7859,90.0774,18.2,0.849979,0.4,往上跳（減資／反向分割）,上市日,-372,8,興櫃期間或新上市
4585,2025-08-29,715.9456,681.6839,797.711,11.4,0.900009,0.3,往上跳（減資／反向分割）,上市日,-371,11,興櫃期間或新上市
4585,2025-09-01,797.711,775.9335,707.9685,-11.3,1.1111,-1.4,往下跳（分割／面額變更）,上市日,-368,11,興櫃期間或新上市
6272,2025-09-01,50.0571,49.0861,58.2586,16.4,0.849979,-1.1,往上跳（減資／反向分割）,上市日,-368,67,興櫃期間或新上市
7772,2025-09-01,70.4198,69.5407,78.4198,11.4,0.900009,0.2,往上跳（減資／反向分割）,上市日,-368,17,興櫃期間或新上市
7819,2025-09-01,146.6294,145.2641,172.1093,17.4,0.849979,-0.2,往上跳（減資／反向分割）,上市日,-368,14,興櫃期間或新上市
7772,2025-09-03,78.1235,78.558,68.1481,-12.8,1.1765,2.6,往下跳（分割／面額變更）,上市日,-366,17,興櫃期間或新上市
6910,2025-09-04,51.2635,51.4243,59.0192,15.1,0.849979,-2.1,往上跳（減資／反向分割）,上市日,-365,9,興櫃期間或新上市
2237,2025-09-05,24.5,24.09,28.0,14.3,0.900009,2.9,往上跳（減資／反向分割）,上市日,-364,31,興櫃期間或新上市
7610,2025-09-09,109.051,89.7099,96.2941,-11.7,1.1111,-1.9,往下跳（分割／面額變更）,上市日,-360,17,興櫃期間或新上市
7711,2025-09-09,359.7336,358.7711,401.0544,11.5,0.900009,0.3,往上跳（減資／反向分割）,上市日,-360,6,興櫃期間或新上市
7780,2025-09-09,28.1811,17.7192,20.641,-26.8,1.3333,-2.3,往下跳（分割／面額變更）,上市日,-360,7,興櫃期間或新上市
7803,2025-09-09,33.0,33.15,37.0,12.1,0.900009,0.9,往上跳（減資／反向分割）,上市日,-360,5,興櫃期間或新上市
4585,2025-09-10,622.2146,620.3001,700.9886,12.7,0.900009,1.4,往上跳（減資／反向分割）,上市日,-359,11,興櫃期間或新上市
6620,2025-09-10,82.5976,82.1958,104.8391,26.9,0.8,1.5,往上跳（減資／反向分割）,上市日,-359,41,興櫃期間或新上市
7780,2025-09-11,20.1698,20.1698,17.9077,-11.2,1.1111,-1.4,往下跳（分割／面額變更）,上市日,-358,7,興櫃期間或新上市
7777,2025-09-12,16.109,15.8981,22.917,42.3,0.699986,-0.4,往上跳（減資／反向分割）,上市日,-357,10,興櫃期間或新上市
7777,2025-09-15,22.917,18.8418,29.1976,27.4,0.8,1.9,往上跳（減資／反向分割）,上市日,-354,10,興櫃期間或新上市
7799,2025-09-16,750.0,758.0,839.0,11.9,0.900009,0.7,往上跳（減資／反向分割）,上市日,-353,13,興櫃期間或新上市
7814,2025-09-18,35.0,34.48,40.0,14.3,0.900009,2.9,往上跳（減資／反向分割）,上市日,-351,9,興櫃期間或新上市
7777,2025-09-19,25.0745,24.9977,28.0949,12.0,0.900009,0.8,往上跳（減資／反向分割）,上市日,-350,10,興櫃期間或新上市
7777,2025-09-22,28.0949,26.8388,33.6563,19.8,0.849979,1.8,往上跳（減資／反向分割）,上市日,-347,10,興櫃期間或新上市
7744,2025-09-25,326.4028,324.6376,380.1458,16.5,0.849979,-1.0,往上跳（減資／反向分割）,上市日,-344,6,興櫃期間或新上市
7777,2025-09-25,31.9304,32.4002,37.2521,16.7,0.849979,-0.8,往上跳（減資／反向分割）,上市日,-344,10,興櫃期間或新上市
4585,2025-09-26,612.2432,471.6466,491.5894,-19.7,1.25,0.4,往下跳（分割／面額變更）,上市日,-343,11,興櫃期間或新上市
7855,2025-09-30,135.0,136.44,110.5,-18.1,1.25,2.3,往下跳（分割／面額變更）,上市日,-339,2,興櫃期間或新上市
6884,2025-10-01,49.0368,49.0368,55.7279,13.6,0.900009,2.3,往上跳（減資／反向分割）,上市日,-338,11,興櫃期間或新上市
7689,2025-10-09,162.5,166.09,185.0,13.8,0.900009,2.5,往上跳（減資／反向分割）,上市日,-330,5,興櫃期間或新上市
6103,2025-10-15,41.15,37.0,35.6,-13.5,1.1765,1.8,往下跳（分割／面額變更）,上市日,-324,33,興櫃期間或新上市
7788,2025-10-16,141.7565,124.9043,111.0261,-21.7,1.25,-2.1,往下跳（分割／面額變更）,上市日,-323,2,興櫃期間或新上市
3191,2025-10-22,18.35,17.5,16.25,-11.4,1.1111,-1.6,往下跳（分割／面額變更）,上市日,-317,2,興櫃期間或新上市
4582,2025-10-22,18.3538,17.668,20.479,11.6,0.900009,0.4,往上跳（減資／反向分割）,上市日,-317,18,興櫃期間或新上市
6910,2025-10-23,38.9678,39.4502,45.3521,16.4,0.849979,-1.1,往上跳（減資／反向分割）,上市日,-316,9,興櫃期間或新上市
6945,2025-10-27,104.0,103.67,117.5,13.0,0.900009,1.7,往上跳（減資／反向分割）,上市日,-312,17,興櫃期間或新上市
7716,2025-10-28,29.9701,25.2405,25.8493,-13.7,1.1765,1.5,往下跳（分割／面額變更）,上市日,-311,7,興櫃期間或新上市
7782,2025-10-28,35.894,31.2203,31.0801,-13.4,1.1765,1.9,往下跳（分割／面額變更）,上市日,-311,2,興櫃期間或新上市
3629,2025-11-03,23.35,23.1,27.7,18.6,0.849979,0.8,往上跳（減資／反向分割）,上市日,-305,6,興櫃期間或新上市
7730,2025-11-04,104.6692,91.408,83.9248,-19.8,1.25,0.2,往下跳（分割／面額變更）,上市日,-304,5,興櫃期間或新上市
7777,2025-11-04,26.6086,26.81,23.5882,-11.4,1.1111,-1.5,往下跳（分割／面額變更）,上市日,-304,10,興櫃期間或新上市
6986,2025-11-12,51.7653,52.3426,60.7246,17.3,0.849979,-0.3,往上跳（減資／反向分割）,上市日,-296,6,興櫃期間或新上市
1780,2025-11-14,18.4,18.23,20.9,13.6,0.900009,2.2,往上跳（減資／反向分割）,上市日,-294,11,興櫃期間或新上市
3158,2025-11-17,107.4874,95.3367,93.9347,-12.6,1.1765,2.8,往下跳（分割／面額變更）,上市日,-291,6,興櫃期間或新上市
7717,2025-11-18,142.0,134.1081,168.8769,18.9,0.849979,1.1,往上跳（減資／反向分割）,上市日,-290,1,興櫃期間或新上市
7786,2025-11-18,186.4688,152.0437,143.9156,-22.8,1.3333,2.9,往下跳（分割／面額變更）,上市日,-290,5,興櫃期間或新上市
7711,2025-11-19,391.818,274.1754,270.2864,-31.0,1.4286,-1.5,往下跳（分割／面額變更）,上市日,-289,6,興櫃期間或新上市
2924,2025-11-20,23.0,28.7,28.7,24.8,0.8,-0.2,往上跳（減資／反向分割）,上市日,-288,6,興櫃期間或新上市
6614,2025-11-25,57.9887,45.8158,45.4804,-21.6,1.25,-2.0,往下跳（分割／面額變更）,上市日,-283,7,興櫃期間或新上市
6614,2025-11-26,45.4804,45.6242,52.717,15.9,0.849979,-1.5,往上跳（減資／反向分割）,上市日,-282,7,興櫃期間或新上市
6831,2025-11-26,177.1843,188.5995,227.8084,28.6,0.8,2.9,往上跳（減資／反向分割）,上市日,-282,17,興櫃期間或新上市
6945,2025-11-27,115.0,113.44,133.5,16.1,0.849979,-1.3,往上跳（減資／反向分割）,上市日,-281,17,興櫃期間或新上市
7769,2025-11-27,2582.1595,2675.9665,2903.078,12.4,0.900009,1.2,往上跳（減資／反向分割）,上市日,-281,10,興櫃期間或新上市
7795,2025-11-27,197.9837,197.9141,222.8561,12.6,0.900009,1.3,往上跳（減資／反向分割）,上市日,-281,4,興櫃期間或新上市
7777,2025-11-28,26.273,25.2854,31.5948,20.3,0.849979,2.2,往上跳（減資／反向分割）,上市日,-280,10,興櫃期間或新上市
7820,2025-11-28,150.1,142.4271,170.8375,13.8,0.900009,2.4,往上跳（減資／反向分割）,上市日,-280,11,興櫃期間或新上市
7810,2025-12-01,147.6941,146.1588,178.3017,20.7,0.849979,2.6,往上跳（減資／反向分割）,上市日,-277,9,興櫃期間或新上市
7842,2025-12-08,149.0,149.01,177.5,19.1,0.849979,1.3,往上跳（減資／反向分割）,上市日,-270,7,興櫃期間或新上市
7842,2025-12-09,177.5,169.42,156.0,-12.1,1.1111,-2.3,往下跳（分割／面額變更）,上市日,-269,7,興櫃期間或新上市
6730,2025-12-10,40.0145,36.5079,35.5471,-11.2,1.1111,-1.3,往下跳（分割／面額變更）,上市日,-268,5,興櫃期間或新上市
6945,2025-12-10,161.0,150.95,184.0,14.3,0.900009,2.9,往上跳（減資／反向分割）,上市日,-268,17,興櫃期間或新上市
7770,2025-12-10,64.375,55.887,56.1731,-12.7,1.1765,2.7,往下跳（分割／面額變更）,上市日,-268,3,興櫃期間或新上市
6910,2025-12-11,43.0348,38.3057,37.4545,-13.0,1.1765,2.4,往下跳（分割／面額變更）,上市日,-267,9,興櫃期間或新上市
7810,2025-12-11,165.1841,162.3177,184.1317,11.5,0.900009,0.3,往上跳（減資／反向分割）,上市日,-267,9,興櫃期間或新上市
6884,2025-12-17,52.8603,42.0588,42.7757,-19.1,1.25,1.2,往下跳（分割／面額變更）,上市日,-261,11,興櫃期間或新上市
4178,2025-12-19,27.1,27.09,30.75,13.5,0.900009,2.1,往上跳（減資／反向分割）,上市日,-259,6,興櫃期間或新上市
4991,2025-12-22,189.42,200.5,211.5,11.7,0.900009,0.5,往上跳（減資／反向分割）,上市日,-256,1,興櫃期間或新上市
7777,2025-12-22,27.184,21.1431,22.8691,-15.9,1.1765,-1.0,往下跳（分割／面額變更）,上市日,-256,10,興櫃期間或新上市
7805,2025-12-22,620.649,574.2379,542.7729,-12.5,1.1111,-2.8,往下跳（分割／面額變更）,上市日,-256,4,興櫃期間或新上市
8102,2025-12-22,66.3116,55.9965,58.0595,-12.4,1.1111,-2.7,往下跳（分割／面額變更）,上市日,-256,6,興櫃期間或新上市
3485,2025-12-23,94.3359,92.4219,111.3281,18.0,0.849979,0.3,往上跳（減資／反向分割）,上市日,-255,28,興櫃期間或新上市
6272,2025-12-23,46.1921,46.7577,51.4711,11.4,0.900009,0.3,往上跳（減資／反向分割）,上市日,-255,67,興櫃期間或新上市
6620,2025-12-23,101.8997,89.9461,88.0845,-13.6,1.1765,1.7,往下跳（分割／面額變更）,上市日,-255,41,興櫃期間或新上市
6934,2025-12-23,78.0,74.65,90.9,16.5,0.849979,-0.9,往上跳（減資／反向分割）,上市日,-255,8,興櫃期間或新上市
7810,2025-12-23,166.6416,163.2408,195.3059,17.2,0.849979,-0.4,往上跳（減資／反向分割）,上市日,-255,9,興櫃期間或新上市
6921,2025-12-24,63.0,66.0,92.0,46.0,0.699986,2.2,往上跳（減資／反向分割）,上市日,-254,2,興櫃期間或新上市
7810,2025-12-24,195.3059,214.2535,275.9547,41.3,0.699986,-1.1,往上跳（減資／反向分割）,上市日,-254,9,興櫃期間或新上市
4582,2025-12-26,16.7116,16.4991,18.8368,12.7,0.900009,1.4,往上跳（減資／反向分割）,上市日,-252,18,興櫃期間或新上市
6236,2025-12-26,29.3,21.75,21.75,-25.8,1.3333,-1.0,往下跳（分割／面額變更）,上市日,-252,10,興櫃期間或新上市
6921,2025-12-26,92.0,90.0,81.0,-12.0,1.1111,-2.2,往下跳（分割／面額變更）,上市日,-252,2,興櫃期間或新上市
7822,2025-12-26,629.7697,628.1506,709.2359,12.6,0.900009,1.4,往上跳（減資／反向分割）,上市日,-252,16,興櫃期間或新上市
7772,2025-12-29,72.0988,70.4494,84.8395,17.7,0.849979,0.0,往上跳（減資／反向分割）,上市日,-249,17,興櫃期間或新上市
7777,2025-12-29,23.6362,23.6362,27.9031,18.1,0.849979,0.3,往上跳（減資／反向分割）,上市日,-249,10,興櫃期間或新上市
4590,2025-12-30,88.0302,87.3965,97.9738,11.3,0.900009,0.2,往上跳（減資／反向分割）,上市日,-248,8,興櫃期間或新上市
6983,2025-12-31,150.0,145.59,180.0,20.0,0.849979,2.0,往上跳（減資／反向分割）,上市日,-247,22,興櫃期間或新上市
3485,2026-01-02,112.793,111.4844,133.7891,18.6,0.849979,0.8,往上跳（減資／反向分割）,上市日,-245,28,興櫃期間或新上市
7772,2026-01-05,83.9506,81.6395,96.0988,14.5,0.849979,-2.7,往上跳（減資／反向分割）,上市日,-242,17,興櫃期間或新上市
7795,2026-01-06,226.8356,223.2739,271.6058,19.7,0.849979,1.8,往上跳（減資／反向分割）,上市日,-241,4,興櫃期間或新上市
7827,2026-01-07,95.3,93.23,110.0,15.4,0.849979,-1.9,往上跳（減資／反向分割）,上市日,-240,7,興櫃期間或新上市
1780,2026-01-08,23.45,23.31,26.1,11.3,0.900009,0.2,往上跳（減資／反向分割）,上市日,-239,11,興櫃期間或新上市
3629,2026-01-12,22.3,26.45,25.0,12.1,0.900009,0.9,往上跳（減資／反向分割）,上市日,-235,6,興櫃期間或新上市
5301,2026-01-15,11.05,11.7,12.4,12.2,0.900009,1.0,往上跳（減資／反向分割）,上市日,-232,2,興櫃期間或新上市
6934,2026-01-15,117.0,114.24,157.5,34.6,0.750019,1.0,往上跳（減資／反向分割）,上市日,-232,8,興櫃期間或新上市
6722,2026-01-16,51.3398,42.7041,43.4633,-15.3,1.1765,-0.4,往下跳（分割／面額變更）,上市日,-231,3,興櫃期間或新上市
6934,2026-01-16,157.5,143.12,139.0,-11.7,1.1111,-1.9,往下跳（分割／面額變更）,上市日,-231,8,興櫃期間或新上市
7792,2026-01-16,231.632,227.1738,274.7601,18.6,0.849979,0.8,往上跳（減資／反向分割）,上市日,-231,5,興櫃期間或新上市
7842,2026-01-16,152.5,152.07,173.5,13.8,0.900009,2.4,往上跳（減資／反向分割）,上市日,-231,7,興櫃期間或新上市
7792,2026-01-19,274.7601,251.4903,333.8796,21.5,0.8,-2.8,往上跳（減資／反向分割）,上市日,-228,5,興櫃期間或新上市
7795,2026-01-19,290.5088,298.4679,326.8224,12.5,0.900009,1.3,往上跳（減資／反向分割）,上市日,-228,4,興櫃期間或新上市
7828,2026-01-19,587.358,574.4541,659.1573,12.2,0.900009,1.0,往上跳（減資／反向分割）,上市日,-228,11,興櫃期間或新上市
6934,2026-01-20,133.5,131.39,148.5,11.2,0.900009,0.1,往上跳（減資／反向分割）,上市日,-227,8,興櫃期間或新上市
7792,2026-01-20,333.8796,312.2283,375.5539,12.5,0.900009,1.2,往上跳（減資／反向分割）,上市日,-227,5,興櫃期間或新上市
7820,2026-01-20,159.4812,158.4246,190.5875,19.5,0.849979,1.6,往上跳（減資／反向分割）,上市日,-227,11,興櫃期間或新上市
6961,2026-01-22,65.2182,57.1349,56.8593,-12.8,1.1765,2.6,往下跳（分割／面額變更）,上市日,-225,5,興櫃期間或新上市
7795,2026-01-22,323.8377,334.2841,383.0338,18.3,0.849979,0.5,往上跳（減資／反向分割）,上市日,-225,4,興櫃期間或新上市
1623,2026-01-23,283.2,294.72,326.4,15.3,0.849979,-2.0,往上跳（減資／反向分割）,上市日,-224,4,興櫃期間或新上市
7768,2026-01-23,265.8193,259.1095,295.9586,11.3,0.900009,0.2,往上跳（減資／反向分割）,上市日,-224,7,興櫃期間或新上市
1623,2026-01-26,326.4,310.08,283.68,-13.1,1.1765,2.3,往下跳（分割／面額變更）,上市日,-221,4,興櫃期間或新上市
6983,2026-01-27,167.0,164.5,187.5,12.3,0.900009,1.0,往上跳（減資／反向分割）,上市日,-220,22,興櫃期間或新上市
7768,2026-01-27,306.3345,295.2175,391.8117,27.9,0.8,2.3,往上跳（減資／反向分割）,上市日,-220,7,興櫃期間或新上市
4582,2026-01-28,22.3144,22.0439,26.7579,19.9,0.849979,1.9,往上跳（減資／反向分割）,上市日,-219,18,興櫃期間或新上市
6934,2026-01-28,136.0,136.05,156.5,15.1,0.849979,-2.2,往上跳（減資／反向分割）,上市日,-219,8,興櫃期間或新上市
6907,2026-01-30,49.0,46.6723,42.2037,-13.9,1.1765,1.3,往下跳（分割／面額變更）,上市日,-217,1,興櫃期間或新上市
7768,2026-02-03,306.8285,310.5046,342.897,11.8,0.900009,0.6,往上跳（減資／反向分割）,上市日,-213,7,興櫃期間或新上市
7822,2026-02-03,944.6546,941.2177,1162.1934,23.0,0.8,-1.6,往上跳（減資／反向分割）,上市日,-213,16,興櫃期間或新上市
7823,2026-02-09,131.0,128.5,113.5,-13.4,1.1765,1.9,往下跳（分割／面額變更）,上市日,-207,1,興櫃期間或新上市
7828,2026-02-09,821.7029,814.0842,934.3879,13.7,0.900009,2.3,往上跳（減資／反向分割）,上市日,-207,11,興櫃期間或新上市
7822,2026-02-11,1306.2259,1292.0014,1480.0582,13.3,0.900009,2.0,往上跳（減資／反向分割）,上市日,-205,16,興櫃期間或新上市
7827,2026-02-23,130.0,129.36,150.5,15.8,0.849979,-1.6,往上跳（減資／反向分割）,上市日,-193,7,興櫃期間或新上市
7828,2026-02-25,1012.1705,1005.4892,1216.599,20.2,0.849979,2.2,往上跳（減資／反向分割）,上市日,-191,11,興櫃期間或新上市
6983,2026-02-26,198.0,194.3,262.0,32.3,0.750019,-0.8,往上跳（減資／反向分割）,上市日,-190,22,興櫃期間或新上市
6983,2026-03-02,262.0,225.19,299.0,14.1,0.900009,2.7,往上跳（減資／反向分割）,上市日,-186,22,興櫃期間或新上市
7822,2026-03-02,1489.9915,1357.2531,1306.2259,-12.3,1.1111,-2.6,往下跳（分割／面額變更）,上市日,-186,16,興櫃期間或新上市
7828,2026-03-04,1042.0869,1050.0346,895.4967,-14.1,1.1765,1.1,往下跳（分割／面額變更）,上市日,-184,11,興櫃期間或新上市
4169,2026-03-05,210.2327,207.8957,240.1946,14.3,0.900009,2.8,往上跳（減資／反向分割）,上市日,-183,25,興櫃期間或新上市
7822,2026-03-05,1196.9598,1223.3823,1340.9923,12.0,0.900009,0.8,往上跳（減資／反向分割）,上市日,-183,16,興櫃期間或新上市
7828,2026-03-05,895.4967,950.5129,997.2123,11.4,0.900009,0.2,往上跳（減資／反向分割）,上市日,-183,11,興櫃期間或新上市
7814,2026-03-11,38.7,38.99,43.15,11.5,0.900009,0.3,往上跳（減資／反向分割）,上市日,-177,9,興櫃期間或新上市
6983,2026-03-12,317.0,306.41,370.0,16.7,0.849979,-0.8,往上跳（減資／反向分割）,上市日,-176,22,興櫃期間或新上市
6945,2026-03-16,174.0,171.29,204.5,17.5,0.849979,-0.1,往上跳（減資／反向分割）,上市日,-172,17,興櫃期間或新上市
6983,2026-03-16,384.0,381.31,487.0,26.8,0.8,1.5,往上跳（減資／反向分割）,上市日,-172,22,興櫃期間或新上市
7822,2026-03-16,1355.8922,1322.4966,1549.5911,14.3,0.900009,2.9,往上跳（減資／反向分割）,上市日,-172,16,興櫃期間或新上市
4169,2026-03-17,218.7219,218.9916,186.7625,-14.6,1.1765,0.5,往下跳（分割／面額變更）,上市日,-171,25,興櫃期間或新上市
3485,2026-03-19,180.1758,179.6387,201.6602,11.9,0.900009,0.7,往上跳（減資／反向分割）,上市日,-169,28,興櫃期間或新上市
7818,2026-03-20,89.3165,88.7166,100.1545,12.1,0.900009,0.9,往上跳（減資／反向分割）,上市日,-168,5,興櫃期間或新上市
7828,2026-03-20,1201.6408,1169.032,1406.0694,17.0,0.849979,-0.5,往上跳（減資／反向分割）,上市日,-168,11,興櫃期間或新上市
7772,2026-03-23,87.9012,87.2889,98.7654,12.4,0.900009,1.1,往上跳（減資／反向分割）,上市日,-165,17,興櫃期間或新上市
6908,2026-03-25,60.487,48.3896,46.5508,-23.0,1.3333,2.6,往下跳（分割／面額變更）,上市日,-163,12,興櫃期間或新上市
6945,2026-03-25,200.0,196.98,232.0,16.0,0.849979,-1.4,往上跳（減資／反向分割）,上市日,-163,17,興櫃期間或新上市
7827,2026-03-25,126.0,125.93,141.0,11.9,0.900009,0.7,往上跳（減資／反向分割）,上市日,-163,7,興櫃期間或新上市
2072,2026-03-26,228.2482,184.8163,173.2653,-24.1,1.3333,1.2,往下跳（分割／面額變更）,上市日,-162,11,興櫃期間或新上市
6983,2026-03-27,495.0,488.04,430.0,-13.1,1.1765,2.2,往下跳（分割／面額變更）,上市日,-161,22,興櫃期間或新上市
6983,2026-03-30,430.0,414.56,363.0,-15.6,1.1765,-0.7,往下跳（分割／面額變更）,上市日,-158,22,興櫃期間或新上市
6983,2026-03-31,363.0,368.92,302.0,-16.8,1.1765,-2.1,往下跳（分割／面額變更）,上市日,-157,22,興櫃期間或新上市
6983,2026-04-01,302.0,329.24,365.0,20.9,0.849979,2.7,往上跳（減資／反向分割）,上市日,-156,22,興櫃期間或新上市
3485,2026-04-08,207.0312,204.4141,238.7695,15.3,0.849979,-2.0,往上跳（減資／反向分割）,上市日,-149,28,興櫃期間或新上市
4169,2026-04-08,170.7829,146.8133,144.8159,-15.2,1.1765,-0.2,往下跳（分割／面額變更）,上市日,-149,25,興櫃期間或新上市
4169,2026-04-09,144.8159,149.3102,168.286,16.2,0.849979,-1.2,往上跳（減資／反向分割）,上市日,-148,25,興櫃期間或新上市
7772,2026-04-09,87.8025,86.5877,100.2469,14.2,0.900009,2.8,往上跳（減資／反向分割）,上市日,-148,17,興櫃期間或新上市
3485,2026-04-10,242.6758,240.3809,293.9453,21.1,0.849979,3.0,往上跳（減資／反向分割）,上市日,-147,28,興櫃期間或新上市
6983,2026-04-10,367.0,374.41,458.0,24.8,0.8,-0.2,往上跳（減資／反向分割）,上市日,-147,22,興櫃期間或新上市
7772,2026-04-10,100.2469,93.1556,126.9136,26.6,0.8,1.3,往上跳（減資／反向分割）,上市日,-147,17,興櫃期間或新上市
7772,2026-04-13,126.9136,119.6346,143.7037,13.2,0.900009,1.9,往上跳（減資／反向分割）,上市日,-144,17,興櫃期間或新上市
6236,2026-04-14,21.6,18.0,18.0,-16.7,1.1765,-2.0,往下跳（分割／面額變更）,上市日,-143,10,興櫃期間或新上市
7689,2026-04-14,187.5,182.27,227.5,21.3,0.8,-2.9,往上跳（減資／反向分割）,上市日,-143,5,興櫃期間或新上市
4195,2026-04-16,29.45,28.76,34.95,18.7,0.849979,0.9,往上跳（減資／反向分割）,上市日,-141,34,興櫃期間或新上市
3485,2026-04-17,270.5078,276.2207,300.293,11.0,0.900009,-0.1,往上跳（減資／反向分割）,上市日,-140,28,興櫃期間或新上市
7689,2026-04-17,216.5,217.17,252.0,16.4,0.849979,-1.1,往上跳（減資／反向分割）,上市日,-140,5,興櫃期間或新上市
7772,2026-04-17,142.716,145.7284,159.5062,11.8,0.900009,0.6,往上跳（減資／反向分割）,上市日,-140,17,興櫃期間或新上市
6983,2026-04-20,410.0,432.45,473.5,15.5,0.849979,-1.8,往上跳（減資／反向分割）,上市日,-137,22,興櫃期間或新上市
7689,2026-04-20,252.0,235.2,316.5,25.6,0.8,0.5,往上跳（減資／反向分割）,上市日,-137,5,興櫃期間或新上市
7772,2026-04-20,159.5062,152.3457,294.321,84.5,0.549995,1.5,往上跳（減資／反向分割）,上市日,-137,17,興櫃期間或新上市
7820,2026-04-20,180.2188,179.6065,207.8688,15.3,0.849979,-2.0,往上跳（減資／反向分割）,上市日,-137,11,興櫃期間或新上市
7821,2026-04-20,65.1,52.6,51.8,-20.4,1.25,-0.5,往下跳（分割／面額變更）,上市日,-137,5,興櫃期間或新上市
7828,2026-04-20,1426.0136,1402.6888,1735.1494,21.7,0.8,-2.7,往上跳（減資／反向分割）,上市日,-137,11,興櫃期間或新上市
1780,2026-04-21,29.9,29.35,35.1,17.4,0.849979,-0.2,往上跳（減資／反向分割）,上市日,-136,11,興櫃期間或新上市
4582,2026-04-21,28.6899,28.7382,41.7308,45.5,0.699986,1.8,往上跳（減資／反向分割）,上市日,-136,18,興櫃期間或新上市
7794,2026-04-21,44.5,43.9,39.5,-11.2,1.1111,-1.4,往下跳（分割／面額變更）,上市日,-136,3,興櫃期間或新上市
7772,2026-04-22,314.5679,308.2568,271.1111,-13.8,1.1765,1.4,往下跳（分割／面額變更）,上市日,-135,17,興櫃期間或新上市
7819,2026-04-22,67.4976,66.44,77.2088,14.4,0.849979,-2.8,往上跳（減資／反向分割）,上市日,-135,14,興櫃期間或新上市
4582,2026-04-23,40.5716,40.2045,35.5968,-12.3,1.1111,-2.5,往下跳（分割／面額變更）,上市日,-134,18,興櫃期間或新上市
7828,2026-04-23,1555.6512,1555.6512,1376.153,-11.5,1.1111,-1.7,往下跳（分割／面額變更）,上市日,-134,11,興櫃期間或新上市
7772,2026-04-27,225.679,230.2519,198.5185,-12.0,1.1111,-2.3,往下跳（分割／面額變更）,上市日,-130,17,興櫃期間或新上市
7820,2026-04-27,185.65,148.125,142.2,-23.4,1.3333,2.1,往下跳（分割／面額變更）,上市日,-130,11,興櫃期間或新上市
2237,2026-04-28,31.2,31.7,35.15,12.7,0.900009,1.4,往上跳（減資／反向分割）,上市日,-129,31,興櫃期間或新上市
7772,2026-04-28,198.5185,196.6914,228.1481,14.9,0.849979,-2.3,往上跳（減資／反向分割）,上市日,-129,17,興櫃期間或新上市
4178,2026-04-30,24.4,18.9,19.1,-21.7,1.25,-2.2,往下跳（分割／面額變更）,上市日,-127,6,興櫃期間或新上市
7768,2026-05-07,433.8091,383.4122,379.9535,-12.4,1.1111,-2.7,往下跳（分割／面額變更）,上市日,-120,7,興櫃期間或新上市
3485,2026-05-11,263.6719,261.7188,307.1289,16.5,0.849979,-1.0,往上跳（減資／反向分割）,上市日,-116,28,興櫃期間或新上市
4195,2026-05-11,29.45,22.5,22.3,-24.3,1.3333,1.0,往下跳（分割／面額變更）,上市日,-116,34,興櫃期間或新上市
4582,2026-05-11,31.6362,31.6362,35.9832,13.7,0.900009,2.4,往上跳（減資／反向分割）,上市日,-116,18,興櫃期間或新上市
7842,2026-05-11,150.0,119.0,125.5,-16.3,1.1765,-1.6,往下跳（分割／面額變更）,上市日,-116,7,興櫃期間或新上市
2924,2026-05-12,21.55,17.25,17.25,-20.0,1.25,0.1,往下跳（分割／面額變更）,上市日,-115,6,興櫃期間或新上市
7818,2026-05-18,92.897,66.3826,61.7378,-33.5,1.5385,2.2,往下跳（分割／面額變更）,上市日,-109,5,興櫃期間或新上市
7803,2026-05-20,30.5,22.25,22.95,-24.8,1.3333,0.3,往下跳（分割／面額變更）,上市日,-107,5,興櫃期間或新上市
4582,2026-05-22,30.8151,22.894,23.3287,-24.3,1.3333,0.9,往下跳（分割／面額變更）,上市日,-105,18,興櫃期間或新上市
6983,2026-05-22,358.0,353.88,406.0,13.4,0.900009,2.1,往上跳（減資／反向分割）,上市日,-105,22,興櫃期間或新上市
6983,2026-05-26,385.0,385.5,472.0,22.6,0.8,-1.9,往上跳（減資／反向分割）,上市日,-101,22,興櫃期間或新上市
4582,2026-05-27,21.6865,22.0246,25.8403,19.2,0.849979,1.3,往上跳（減資／反向分割）,上市日,-100,18,興櫃期間或新上市
6945,2026-05-27,145.0,139.14,129.0,-11.0,1.1111,-1.2,往下跳（分割／面額變更）,上市日,-100,17,興櫃期間或新上市
7819,2026-05-27,52.8827,48.4598,44.0369,-16.7,1.1765,-2.0,往下跳（分割／面額變更）,上市日,-100,14,興櫃期間或新上市
7827,2026-06-01,137.0,137.0,153.5,12.0,0.900009,0.8,往上跳（減資／反向分割）,上市日,-95,7,興櫃期間或新上市
6945,2026-06-05,131.0,102.0,105.0,-19.8,1.25,0.2,往下跳（分割／面額變更）,上市日,-91,17,興櫃期間或新上市
6986,2026-06-26,54.254,44.7969,47.7833,-11.9,1.1111,-2.1,往下跳（分割／面額變更）,上市日,-70,6,興櫃期間或新上市
6103,2026-07-08,34.25,29.85,29.85,-12.8,1.1765,2.5,往下跳（分割／面額變更）,上市日,-58,33,興櫃期間或新上市
7610,2026-07-13,2181.02,2380.0,2425.0,11.2,0.900009,0.1,往上跳（減資／反向分割）,上市日,-53,17,興櫃期間或新上市
7814,2026-07-16,38.3,32.0,30.45,-20.5,1.25,-0.6,往下跳（分割／面額變更）,上市日,-50,9,興櫃期間或新上市
7814,2026-07-17,30.45,30.35,37.05,21.7,0.8,-2.7,往上跳（減資／反向分割）,上市日,-49,9,興櫃期間或新上市
4169,2026-07-23,275.0,223.0,223.0,-18.9,1.25,1.4,往下跳（分割／面額變更）,上市日,-43,25,興櫃期間或新上市
2724,2026-07-27,11.85,11.05,10.4,-12.2,1.1111,-2.5,往下跳（分割／面額變更）,上市日,-39,7,興櫃期間或新上市
2924,2026-07-28,18.45,17.4,15.85,-14.1,1.1765,1.1,往下跳（分割／面額變更）,上市日,-38,6,興櫃期間或新上市
6597,2026-07-28,62.6,57.1,55.6,-11.2,1.1111,-1.3,往下跳（分割／面額變更）,上市日,-38,34,興櫃期間或新上市
7689,2026-07-28,205.0,172.0,175.0,-14.6,1.1765,0.4,往下跳（分割／面額變更）,上市日,-38,5,興櫃期間或新上市
2924,2026-07-29,15.85,18.2,18.0,13.6,0.900009,2.2,往上跳（減資／反向分割）,上市日,-37,6,興櫃期間或新上市
3587,2026-07-31,208.5,251.5,251.5,20.6,0.849979,2.5,往上跳（減資／反向分割）,上市日,-35,1,興櫃期間或新上市
3664,2026-08-03,6.16,7.0,7.0,13.6,0.900009,2.3,往上跳（減資／反向分割）,上市日,-32,1,興櫃期間或新上市
2237,2026-08-10,31.15,26.65,27.0,-13.3,1.1765,2.0,往下跳（分割／面額變更）,上市日,-25,31,興櫃期間或新上市
7855,2026-08-11,82.0,44.0,43.75,-46.6,1.8182,-3.0,往下跳（分割／面額變更）,上市日,-24,2,興櫃期間或新上市
6225,2026-08-18,30.0442,48.8,48.8,62.4,0.599988,-2.5,往上跳（減資／反向分割）,上市日,-17,4,興櫃期間或新上市
