日期,代號,名稱,產業,事件,原因,收盤,RS,底部序,在榜天數,報酬20D,基準20D,報酬60D,基準60D,次日開盤,跳空%,報酬20D開,基準20D開,報酬60D開,基準60D開,月
2021-01-04,2201,裕隆,汽車工業,進榜,觸發,42.69,78.0,2.0,0,-20.5,-5.4,-9.0,9.1,42.3,-1.0,-19.7,-5.5,-8.1,9.3,2021-01
2021-01-04,2201,裕隆,汽車工業,觸發,進榜即觸發,42.69,78.0,2.0,0,-20.5,-5.4,-9.0,9.1,42.3,-1.0,-19.7,-5.5,-8.1,9.3,2021-01
2021-01-04,6279,胡連,電子零組件業,進榜,觸發,93.46,78.0,2.0,0,-7.5,-5.4,-3.3,9.1,91.9,-1.7,-5.9,-5.5,-1.7,9.3,2021-01
2021-01-04,6279,胡連,電子零組件業,觸發,進榜即觸發,93.46,78.0,2.0,0,-7.5,-5.4,-3.3,9.1,91.9,-1.7,-5.9,-5.5,-1.7,9.3,2021-01
2021-01-04,8011,台通,通信網路業,進榜,觸發,23.99,77.0,5.0,0,-26.7,-5.4,-16.7,9.1,24.3,1.1,-27.5,-5.5,-17.6,9.3,2021-01
2021-01-04,8011,台通,通信網路業,觸發,進榜即觸發,23.99,77.0,5.0,0,-26.7,-5.4,-16.7,9.1,24.3,1.1,-27.5,-5.5,-17.6,9.3,2021-01
2021-01-04,6205,詮欣,電子工業,進榜,觸發,43.01,76.0,4.0,0,-25.2,-5.4,-18.0,9.1,45.0,4.6,-28.5,-5.5,-21.5,9.3,2021-01
2021-01-04,6205,詮欣,電子工業,觸發,進榜即觸發,43.01,76.0,4.0,0,-25.2,-5.4,-18.0,9.1,45.0,4.6,-28.5,-5.5,-21.5,9.3,2021-01
2021-01-04,2393,億光,電子工業,進榜,觸發,32.05,70.0,2.0,0,-7.7,-5.4,8.6,9.1,32.6,1.7,-9.2,-5.5,6.8,9.3,2021-01
2021-01-04,2393,億光,電子工業,觸發,進榜即觸發,32.05,70.0,2.0,0,-7.7,-5.4,8.6,9.1,32.6,1.7,-9.2,-5.5,6.8,9.3,2021-01
2021-01-04,5386,青雲,電腦及週邊設備業,進榜,準備,38.74,99.0,3.0,0,-38.1,-5.4,-15.3,9.1,37.7,-2.6,-36.5,-5.5,-13.0,9.3,2021-01
2021-01-04,3484,崧騰,電子零組件業,進榜,準備,48.47,95.0,3.0,0,4.8,-5.4,33.8,9.1,48.5,0.0,4.8,-5.5,33.8,9.3,2021-01
2021-01-04,3605,宏致,電子工業,進榜,準備,40.67,83.0,3.0,0,-13.8,-5.4,6.0,9.1,41.0,0.8,-14.4,-5.5,5.2,9.3,2021-01
2021-01-04,2408,南亞科,半導體業,進榜,準備,80.59,82.0,3.0,0,-4.9,-5.4,9.3,9.1,80.2,-0.6,-4.3,-5.5,9.9,9.3,2021-01
2021-01-04,3707,漢磊,半導體業,進榜,準備,41.68,81.0,3.0,0,7.6,-5.4,59.6,9.1,40.6,-2.6,10.5,-5.5,63.9,9.3,2021-01
2021-01-04,8936,國統,其他,進榜,準備,21.54,74.0,2.0,0,-11.0,-5.4,62.0,9.1,21.8,1.2,-12.1,-5.5,60.0,9.3,2021-01
2021-01-04,2515,中工,建材營造,進榜,準備,7.83,73.0,2.0,0,-17.4,-5.4,-9.1,9.1,7.8,-1.0,-16.6,-5.5,-8.2,9.3,2021-01
2021-01-04,8215,明基材,光電業,進榜,準備,22.98,72.0,2.0,0,3.8,-5.4,24.3,9.1,23.3,1.4,2.3,-5.5,22.6,9.3,2021-01
2021-01-04,1802,台玻,玻璃陶瓷,觸發,等待後觸發,19.39,93.0,2.0,59,-24.5,-5.4,4.0,9.1,19.3,-0.7,-23.9,-5.5,4.7,9.3,2021-01
2021-01-04,2328,廣宇,電子零組件業,觸發,等待後觸發,23.93,83.0,2.0,7,45.7,-5.4,59.0,9.1,26.3,9.9,32.6,-5.5,44.7,9.3,2021-01
2021-01-04,3034,聯詠,半導體業,移出,掉出掃描母體,232.75,74.0,,31,,,,,,,,,,,2021-01
2021-01-04,6491,晶碩,生技醫療業,移出,掉出掃描母體,242.7,71.0,,76,,,,,,,,,,,2021-01
2021-01-04,3490,單井,光電業,移出,突破失敗,26.64,79.0,,5,,,,,,,,,,,2021-01
2021-01-05,6533,晶心科,電子工業,進榜,觸發,355.17,96.0,4.0,0,17.0,-4.7,50.6,8.5,358.6,1.0,15.9,-5.0,49.2,7.9,2021-01
2021-01-05,6533,晶心科,電子工業,觸發,進榜即觸發,355.17,96.0,4.0,0,17.0,-4.7,50.6,8.5,358.6,1.0,15.9,-5.0,49.2,7.9,2021-01
2021-01-05,1409,新纖,紡織纖維,進榜,準備,12.07,76.0,2.0,0,-21.5,-4.7,18.1,8.5,11.8,-1.8,-20.0,-5.0,20.3,7.9,2021-01
2021-01-05,2049,上銀,電機機械,進榜,準備,366.48,73.0,3.0,0,-1.9,-4.7,-2.7,8.5,363.8,-0.7,-1.2,-5.0,-2.0,7.9,2021-01
2021-01-05,2329,華泰,半導體業,進榜,準備,13.67,71.0,1.0,0,-3.4,-4.7,7.1,8.5,13.7,0.3,-3.7,-5.0,6.8,7.9,2021-01
2021-01-05,2330,台積電,半導體業,觸發,等待後觸發,490.93,77.0,2.0,54,16.6,-4.7,12.1,8.5,502.7,2.4,13.9,-5.0,9.5,7.9,2021-01
2021-01-05,3037,欣興,電子工業,觸發,等待後觸發,83.46,80.0,3.0,5,-5.9,-4.7,-6.7,8.5,84.5,1.3,-7.1,-5.0,-7.9,7.9,2021-01
2021-01-05,8215,明基材,光電業,觸發,等待後觸發,25.24,82.0,2.0,1,-2.3,-4.7,4.1,8.5,26.1,3.4,-5.5,-5.0,0.6,7.9,2021-01
2021-01-05,2515,中工,建材營造,移出,掉出掃描母體,7.83,73.0,,1,,,,,,,,,,,2021-01
2021-01-05,3481,群創,光電業,移出,晚期未觸發,12.09,84.0,,36,,,,,,,,,,,2021-01
2021-01-05,2610,華航,航運業,移出,掉出掃描母體,9.97,72.0,,18,,,,,,,,,,,2021-01
2021-01-05,2201,裕隆,汽車工業,移出,掉出掃描母體,42.69,78.0,,1,,,,,,,,,,,2021-01
2021-01-05,6205,詮欣,電子工業,移出,掉出掃描母體,43.01,76.0,,1,,,,,,,,,,,2021-01
2021-01-06,5274,信驊,半導體業,進榜,觸發,1488.21,84.0,4.0,0,14.6,-3.4,-2.9,9.1,1499.8,0.8,13.7,-3.8,-3.6,8.5,2021-01
2021-01-06,5274,信驊,半導體業,觸發,進榜即觸發,1488.21,84.0,4.0,0,14.6,-3.4,-2.9,9.1,1499.8,0.8,13.7,-3.8,-3.6,8.5,2021-01
2021-01-06,3380,明泰,通信網路業,進榜,觸發,32.44,76.0,4.0,0,-15.3,-3.4,-8.0,9.1,33.8,4.1,-18.6,-3.8,-11.6,8.5,2021-01
2021-01-06,3380,明泰,通信網路業,觸發,進榜即觸發,32.44,76.0,4.0,0,-15.3,-3.4,-8.0,9.1,33.8,4.1,-18.6,-3.8,-11.6,8.5,2021-01
2021-01-06,3034,聯詠,半導體業,進榜,準備,242.21,78.0,3.0,0,12.1,-3.4,53.9,9.1,238.4,-1.6,13.9,-3.8,56.3,8.5,2021-01
2021-01-06,6283,淳安,其他電子業,進榜,準備,45.9,78.0,3.0,0,-20.0,-3.4,31.6,9.1,48.0,4.6,-23.5,-3.8,25.8,8.5,2021-01
2021-01-06,3023,信邦,電子零組件業,進榜,準備,191.9,74.0,2.0,0,22.4,-3.4,10.3,9.1,193.6,0.9,21.4,-3.8,9.4,8.5,2021-01
2021-01-06,3711,日月光投控,半導體業,進榜,準備,67.88,72.0,1.0,0,10.8,-3.4,24.3,9.1,69.0,1.7,9.0,-3.8,22.2,8.5,2021-01
2021-01-06,2393,億光,電子工業,移出,掉出掃描母體,33.63,75.0,,2,,,,,,,,,,,2021-01
2021-01-06,1409,新纖,紡織纖維,移出,掉出掃描母體,12.07,76.0,,1,,,,,,,,,,,2021-01
2021-01-06,1612,宏泰,電器電纜,移出,離高點太遠,11.04,73.0,,50,,,,,,,,,,,2021-01
2021-01-06,3050,鈺德,電子工業,移出,離高點太遠,14.76,90.0,,20,,,,,,,,,,,2021-01
2021-01-06,3545,敦泰,電子工業,移出,離高點太遠,66.53,92.0,,16,,,,,,,,,,,2021-01
2021-01-06,6472,保瑞,生技醫療業,移出,突破失敗,79.73,75.0,,16,,,,,,,,,,,2021-01
2021-01-06,6229,研通,半導體業,移出,離高點太遠,24.02,91.0,,13,,,,,,,,,,,2021-01
2021-01-06,2607,榮運,航運業,移出,掉出掃描母體,27.35,73.0,,12,,,,,,,,,,,2021-01
2021-01-06,6435,大中,半導體業,移出,掉出掃描母體,95.5,72.0,,12,,,,,,,,,,,2021-01
2021-01-06,2605,新興,航運業,移出,離高點太遠,17.36,71.0,,9,,,,,,,,,,,2021-01
2021-01-06,5386,青雲,電腦及週邊設備業,移出,離高點太遠,31.5,98.0,,2,,,,,,,,,,,2021-01
2021-01-06,6279,胡連,電子零組件業,移出,掉出掃描母體,89.57,73.0,,2,,,,,,,,,,,2021-01
2021-01-07,3138,耀登,通信網路業,進榜,觸發,198.52,98.0,4.0,0,56.5,-3.9,15.3,9.8,213.7,7.7,45.3,-4.1,7.1,9.3,2021-01
2021-01-07,3138,耀登,通信網路業,觸發,進榜即觸發,198.52,98.0,4.0,0,56.5,-3.9,15.3,9.8,213.7,7.7,45.3,-4.1,7.1,9.3,2021-01
2021-01-07,2467,志聖,電子工業,進榜,觸發,33.2,84.0,2.0,0,-8.8,-3.9,34.4,9.8,34.1,2.6,-11.1,-4.1,31.1,9.3,2021-01
2021-01-07,2467,志聖,電子工業,觸發,進榜即觸發,33.2,84.0,2.0,0,-8.8,-3.9,34.4,9.8,34.1,2.6,-11.1,-4.1,31.1,9.3,2021-01
2021-01-07,1305,華夏,塑膠工業,進榜,觸發,21.8,81.0,3.0,0,-15.1,-3.9,42.8,9.8,22.2,1.8,-16.6,-4.1,40.3,9.3,2021-01
2021-01-07,1305,華夏,塑膠工業,觸發,進榜即觸發,21.8,81.0,3.0,0,-15.1,-3.9,42.8,9.8,22.2,1.8,-16.6,-4.1,40.3,9.3,2021-01
2021-01-07,3661,世芯-KY,半導體業,進榜,觸發,762.76,79.0,5.0,0,-1.6,-3.9,-33.1,9.8,772.3,1.3,-2.8,-4.1,-33.9,9.3,2021-01
2021-01-07,3661,世芯-KY,半導體業,觸發,進榜即觸發,762.76,79.0,5.0,0,-1.6,-3.9,-33.1,9.8,772.3,1.3,-2.8,-4.1,-33.9,9.3,2021-01
2021-01-07,2231,為升,汽車工業,進榜,觸發,173.5,74.0,1.0,0,-13.0,-3.9,12.1,9.8,173.5,0.0,-13.0,-4.1,12.1,9.3,2021-01
2021-01-07,2231,為升,汽車工業,觸發,進榜即觸發,173.5,74.0,1.0,0,-13.0,-3.9,12.1,9.8,173.5,0.0,-13.0,-4.1,12.1,9.3,2021-01
2021-01-07,3691,碩禾,光電業,進榜,準備,203.2,91.0,3.0,0,-21.4,-3.9,-12.0,9.8,207.4,2.1,-23.0,-4.1,-13.7,9.3,2021-01
2021-01-07,3622,洋華,光電業,進榜,準備,31.64,84.0,3.0,0,-20.8,-3.9,12.5,9.8,32.8,3.6,-23.6,-4.1,8.5,9.3,2021-01
2021-01-07,6279,胡連,電子零組件業,進榜,準備,91.9,80.0,2.0,0,-5.5,-3.9,-2.5,9.8,95.8,4.2,-9.3,-4.1,-6.5,9.3,2021-01
2021-01-07,1736,喬山,化學生技醫療,進榜,準備,90.62,78.0,2.0,0,-15.3,-3.9,-14.9,9.8,89.4,-1.3,-14.2,-4.1,-13.8,9.3,2021-01
2021-01-07,2355,敬鵬,電子工業,進榜,準備,31.29,72.0,1.0,0,-12.6,-3.9,-5.8,9.8,31.3,0.1,-12.7,-4.1,-5.9,9.3,2021-01
2021-01-07,6282,康舒,電子零組件業,進榜,準備,25.98,72.0,3.0,0,-6.9,-3.9,-7.0,9.8,26.0,0.0,-6.9,-4.1,-7.0,9.3,2021-01
2021-01-07,2472,立隆電,電子工業,進榜,準備,51.45,71.0,2.0,0,2.4,-3.9,9.8,9.8,52.8,2.6,-0.1,-4.1,7.1,9.3,2021-01
2021-01-07,6005,群益證,金融保險,進榜,準備,9.25,71.0,1.0,0,-9.9,-3.9,10.9,9.8,9.5,2.3,-11.9,-4.1,8.4,9.3,2021-01
2021-01-07,3034,聯詠,半導體業,移出,掉出掃描母體,242.21,78.0,,1,,,,,,,,,,,2021-01
2021-01-07,3711,日月光投控,半導體業,移出,掉出掃描母體,67.88,72.0,,1,,,,,,,,,,,2021-01
2021-01-07,2615,萬海,航運業,移出,離高點太遠,28.61,97.0,,79,,,,,,,,,,,2021-01
2021-01-07,2609,陽明,航運業,移出,離高點太遠,12.27,100.0,,73,,,,,,,,,,,2021-01
2021-01-07,2603,長榮,航運業,移出,離高點太遠,30.53,99.0,,50,,,,,,,,,,,2021-01
2021-01-07,5011,久陽,鋼鐵工業,移出,晚期未觸發,34.0,98.0,,20,,,,,,,,,,,2021-01
2021-01-07,8936,國統,其他,移出,掉出掃描母體,20.57,70.0,,3,,,,,,,,,,,2021-01
2021-01-07,2329,華泰,半導體業,移出,掉出掃描母體,13.42,71.0,,2,,,,,,,,,,,2021-01
2021-01-08,2239,英利-KY,汽車工業,進榜,觸發,114.69,86.0,2.0,0,-17.5,-3.6,-15.9,10.9,112.4,-2.0,-15.9,-3.8,-14.2,10.6,2021-01
2021-01-08,2239,英利-KY,汽車工業,觸發,進榜即觸發,114.69,86.0,2.0,0,-17.5,-3.6,-15.9,10.9,112.4,-2.0,-15.9,-3.8,-14.2,10.6,2021-01
2021-01-08,4760,勤凱,其他電子類,進榜,觸發,79.25,77.0,4.0,0,2.4,-3.6,18.5,10.9,81.9,3.3,-0.9,-3.8,14.7,10.6,2021-01
2021-01-08,4760,勤凱,其他電子類,觸發,進榜即觸發,79.25,77.0,4.0,0,2.4,-3.6,18.5,10.9,81.9,3.3,-0.9,-3.8,14.7,10.6,2021-01
2021-01-08,2855,統一證,金融保險,進榜,準備,13.36,80.0,2.0,0,-4.7,-3.6,26.9,10.9,13.4,0.0,-4.7,-3.8,26.9,10.6,2021-01
2021-01-08,3023,信邦,電子零組件業,觸發,等待後觸發,210.52,79.0,2.0,2,2.8,-3.6,3.1,10.9,214.2,1.8,1.0,-3.8,1.4,10.6,2021-01
2021-01-08,2472,立隆電,電子工業,觸發,等待後觸發,56.59,84.0,2.0,1,-6.1,-3.6,-0.4,10.9,56.9,0.6,-6.6,-3.8,-1.0,10.6,2021-01
2021-01-08,6282,康舒,電子零組件業,移出,掉出掃描母體,25.98,72.0,,1,,,,,,,,,,,2021-01
2021-01-08,1802,台玻,玻璃陶瓷,移出,離高點太遠,16.54,88.0,,63,,,,,,,,,,,2021-01
2021-01-08,2351,順德,電子工業,移出,離高點太遠,75.8,87.0,,49,,,,,,,,,,,2021-01
2021-01-08,2332,友訊,通信網路業,移出,晚期未觸發,25.89,71.0,,45,,,,,,,,,,,2021-01
2021-01-08,2038,海光,鋼鐵工業,移出,離高點太遠,17.84,97.0,,18,,,,,,,,,,,2021-01
2021-01-08,3015,全漢,電子工業,移出,掉出掃描母體,28.61,83.0,,16,,,,,,,,,,,2021-01
2021-01-08,8215,明基材,光電業,移出,離高點太遠,22.69,75.0,,4,,,,,,,,,,,2021-01
2021-01-11,2401,凌陽,半導體業,進榜,觸發,18.31,84.0,3.0,0,21.8,-2.7,57.7,11.7,19.2,4.6,16.4,-2.8,50.7,11.3,2021-01
2021-01-11,2401,凌陽,半導體業,觸發,進榜即觸發,18.31,84.0,3.0,0,21.8,-2.7,57.7,11.7,19.2,4.6,16.4,-2.8,50.7,11.3,2021-01
2021-01-11,2206,三陽工業,汽車工業,進榜,準備,29.14,89.0,2.0,0,-12.5,-2.7,-11.7,11.7,29.7,2.0,-14.2,-2.8,-13.5,11.3,2021-01
2021-01-11,3034,聯詠,半導體業,進榜,準備,244.42,71.0,3.0,0,35.7,-2.7,52.8,11.7,244.7,0.1,35.6,-2.8,52.6,11.3,2021-01
2021-01-11,6005,群益證,金融保險,移出,掉出掃描母體,9.28,70.0,,4,,,,,,,,,,,2021-01
2021-01-11,1718,中纖,化學工業,移出,離高點太遠,9.67,73.0,,18,,,,,,,,,,,2021-01
2021-01-12,6409,旭隼,其他電子業,進榜,觸發,1065.3,76.0,2.0,0,10.9,-0.3,-6.9,13.4,1069.6,0.4,10.5,-0.6,-7.3,13.1,2021-01
2021-01-12,6409,旭隼,其他電子業,觸發,進榜即觸發,1065.3,76.0,2.0,0,10.9,-0.3,-6.9,13.4,1069.6,0.4,10.5,-0.6,-7.3,13.1,2021-01
2021-01-12,2428,興勤,電子工業,進榜,準備,146.44,92.0,2.0,0,10.9,-0.3,5.3,13.4,148.1,1.1,9.7,-0.6,4.1,13.1,2021-01
2021-01-12,2355,敬鵬,電子工業,移出,掉出掃描母體,31.25,70.0,,5,,,,,,,,,,,2021-01
2021-01-12,3552,同致,其他電子類,移出,離高點太遠,197.87,99.0,,92,,,,,,,,,,,2021-01
2021-01-12,2031,新光鋼,鋼鐵工業,移出,離高點太遠,26.7,74.0,,33,,,,,,,,,,,2021-01
2021-01-12,2014,中鴻,鋼鐵工業,移出,離高點太遠,13.81,92.0,,32,,,,,,,,,,,2021-01
2021-01-12,2023,燁輝,鋼鐵工業,移出,掉出掃描母體,11.59,77.0,,22,,,,,,,,,,,2021-01
2021-01-12,3605,宏致,電子工業,移出,晚期未觸發,37.04,80.0,,8,,,,,,,,,,,2021-01
2021-01-12,3622,洋華,光電業,移出,離高點太遠,27.66,79.0,,5,,,,,,,,,,,2021-01
2021-01-12,2467,志聖,電子工業,移出,突破失敗,30.02,75.0,,5,,,,,,,,,,,2021-01
2021-01-12,2239,英利-KY,汽車工業,移出,突破失敗,101.89,82.0,,4,,,,,,,,,,,2021-01
2021-01-13,6233,旺玖,半導體業,進榜,觸發,34.11,94.0,6.0,0,13.4,-0.2,23.0,12.8,35.0,2.7,10.4,-0.4,19.7,12.6,2021-01
2021-01-13,6233,旺玖,半導體業,觸發,進榜即觸發,34.11,94.0,6.0,0,13.4,-0.2,23.0,12.8,35.0,2.7,10.4,-0.4,19.7,12.6,2021-01
2021-01-13,6531,愛普*,半導體業,進榜,觸發,262.93,85.0,2.0,0,28.6,-0.2,24.4,12.8,269.2,2.4,25.6,-0.4,21.4,12.6,2021-01
2021-01-13,6531,愛普*,半導體業,觸發,進榜即觸發,262.93,85.0,2.0,0,28.6,-0.2,24.4,12.8,269.2,2.4,25.6,-0.4,21.4,12.6,2021-01
2021-01-13,3443,創意,半導體業,進榜,觸發,410.0,81.0,4.0,0,-0.2,-0.2,-6.4,12.8,407.7,-0.6,0.3,-0.4,-5.9,12.6,2021-01
2021-01-13,3443,創意,半導體業,觸發,進榜即觸發,410.0,81.0,4.0,0,-0.2,-0.2,-6.4,12.8,407.7,-0.6,0.3,-0.4,-5.9,12.6,2021-01
2021-01-13,3711,日月光投控,半導體業,進榜,觸發,76.4,81.0,1.0,0,14.0,-0.2,10.4,12.8,77.9,1.9,11.8,-0.4,8.4,12.6,2021-01
2021-01-13,3711,日月光投控,半導體業,觸發,進榜即觸發,76.4,81.0,1.0,0,14.0,-0.2,10.4,12.8,77.9,1.9,11.8,-0.4,8.4,12.6,2021-01
2021-01-13,5347,世界,半導體業,進榜,觸發,95.52,73.0,4.0,0,0.4,-0.2,-8.5,12.8,94.0,-1.6,2.0,-0.4,-7.0,12.6,2021-01
2021-01-13,5347,世界,半導體業,觸發,進榜即觸發,95.52,73.0,4.0,0,0.4,-0.2,-8.5,12.8,94.0,-1.6,2.0,-0.4,-7.0,12.6,2021-01
2021-01-13,2369,菱生,電子工業,進榜,觸發,13.64,70.0,3.0,0,0.3,-0.2,22.2,12.8,14.5,6.1,-5.5,-0.4,15.2,12.6,2021-01
2021-01-13,2369,菱生,電子工業,觸發,進榜即觸發,13.64,70.0,3.0,0,0.3,-0.2,22.2,12.8,14.5,6.1,-5.5,-0.4,15.2,12.6,2021-01
2021-01-13,2454,聯發科,半導體業,進榜,準備,623.27,71.0,2.0,0,9.0,-0.2,11.8,12.8,614.8,-1.4,10.6,-0.4,13.3,12.6,2021-01
2021-01-13,3707,漢磊,半導體業,觸發,等待後觸發,45.83,86.0,3.0,9,-1.4,-0.2,59.0,12.8,46.0,0.3,-1.7,-0.4,58.5,12.6,2021-01
2021-01-13,2009,第一銅,鋼鐵工業,移出,離高點太遠,24.74,99.0,,30,,,,,,,,,,,2021-01
2021-01-13,6283,淳安,其他電子業,移出,離高點太遠,43.8,75.0,,7,,,,,,,,,,,2021-01
2021-01-13,3380,明泰,通信網路業,移出,掉出掃描母體,31.28,70.0,,7,,,,,,,,,,,2021-01
2021-01-13,2231,為升,汽車工業,移出,掉出掃描母體,162.41,76.0,,6,,,,,,,,,,,2021-01
2021-01-13,6409,旭隼,其他電子業,移出,掉出掃描母體,1065.3,76.0,,1,,,,,,,,,,,2021-01
2021-01-14,3545,敦泰,電子工業,進榜,觸發,81.91,96.0,5.0,0,2.8,0.6,66.0,10.8,83.1,1.4,1.4,0.6,63.7,10.5,2021-01
2021-01-14,3545,敦泰,電子工業,觸發,進榜即觸發,81.91,96.0,5.0,0,2.8,0.6,66.0,10.8,83.1,1.4,1.4,0.6,63.7,10.5,2021-01
2021-01-14,6409,旭隼,其他電子業,進榜,準備,1142.93,78.0,2.0,0,-0.8,0.6,-13.6,10.8,1117.1,-2.3,1.5,0.6,-11.6,10.5,2021-01
2021-01-14,6153,嘉聯益,電子零組件業,進榜,準備,38.27,74.0,3.0,0,-10.8,0.6,-10.7,10.8,38.9,1.7,-12.3,0.6,-12.2,10.5,2021-01
2021-01-14,2317,鴻海,其他電子業,進榜,準備,92.72,72.0,1.0,0,-4.3,0.6,1.3,10.8,94.3,1.7,-5.9,0.6,-0.4,10.5,2021-01
2021-01-14,3017,奇鋐,電子工業,進榜,準備,66.14,72.0,3.0,0,-9.0,0.6,-11.8,10.8,66.9,1.2,-10.1,0.6,-12.8,10.5,2021-01
2021-01-14,2454,聯發科,半導體業,移出,掉出掃描母體,623.27,71.0,,1,,,,,,,,,,,2021-01
2021-01-14,6617,共信-KY,生技醫療業,移出,逾期,250.5,87.0,,56,,,,,,,,,,,2021-01
2021-01-14,1736,喬山,化學生技醫療,移出,掉出掃描母體,85.12,73.0,,7,,,,,,,,,,,2021-01
2021-01-14,1305,華夏,塑膠工業,移出,掉出掃描母體,20.93,71.0,,7,,,,,,,,,,,2021-01
2021-01-14,5347,世界,半導體業,移出,掉出掃描母體,95.52,73.0,,1,,,,,,,,,,,2021-01
2021-01-15,2355,敬鵬,電子工業,進榜,準備,31.04,70.0,1.0,0,-5.0,2.4,-2.0,13.2,31.6,1.8,-6.7,2.5,-3.7,13.1,2021-01
2021-01-15,6153,嘉聯益,電子零組件業,移出,掉出掃描母體,38.27,74.0,,1,,,,,,,,,,,2021-01
2021-01-15,1312,國喬,塑膠工業,移出,掉出掃描母體,20.32,73.0,,15,,,,,,,,,,,2021-01
2021-01-15,3138,耀登,通信網路業,移出,離高點太遠,211.12,99.0,,8,,,,,,,,,,,2021-01
2021-01-15,2206,三陽工業,汽車工業,移出,離高點太遠,26.7,84.0,,4,,,,,,,,,,,2021-01
2021-01-18,3003,健和興,電子工業,進榜,觸發,49.08,73.0,1.0,0,-3.0,2.3,40.4,14.2,51.2,4.4,-7.0,2.0,34.6,13.7,2021-01
2021-01-18,3003,健和興,電子工業,觸發,進榜即觸發,49.08,73.0,1.0,0,-3.0,2.3,40.4,14.2,51.2,4.4,-7.0,2.0,34.6,13.7,2021-01
2021-01-18,2354,鴻準,其他電子業,進榜,準備,65.49,77.0,1.0,0,-8.7,2.3,-10.0,14.2,65.1,-0.6,-8.1,2.0,-9.4,13.7,2021-01
2021-01-18,2355,敬鵬,電子工業,移出,掉出掃描母體,31.04,70.0,,3,,,,,,,,,,,2021-01
2021-01-18,2344,華邦電,半導體業,移出,離高點太遠,23.23,93.0,,47,,,,,,,,,,,2021-01
2021-01-18,2006,東和鋼鐵,鋼鐵工業,移出,掉出掃描母體,33.86,72.0,,34,,,,,,,,,,,2021-01
2021-01-18,3704,合勤控,通信網路業,移出,離高點太遠,36.9,94.0,,33,,,,,,,,,,,2021-01
2021-01-18,5425,台半,半導體業,移出,離高點太遠,45.78,72.0,,25,,,,,,,,,,,2021-01
2021-01-18,1304,台聚,塑膠工業,移出,掉出掃描母體,16.86,82.0,,18,,,,,,,,,,,2021-01
2021-01-19,2314,台揚,通信網路業,進榜,觸發,85.76,87.0,2.0,0,-3.9,2.7,15.2,14.0,85.8,0.0,-3.9,2.8,15.2,14.3,2021-01
2021-01-19,2314,台揚,通信網路業,觸發,進榜即觸發,85.76,87.0,2.0,0,-3.9,2.7,15.2,14.0,85.8,0.0,-3.9,2.8,15.2,14.3,2021-01
2021-01-19,8011,台通,通信網路業,移出,掉出掃描母體,22.26,77.0,,15,,,,,,,,,,,2021-01
2021-01-20,2441,超豐,半導體業,進榜,準備,50.21,76.0,1.0,0,5.2,4.6,9.2,17.6,50.0,-0.4,5.7,4.3,9.7,17.1,2021-01
2021-01-20,2379,瑞昱,半導體業,進榜,準備,367.77,74.0,3.0,0,-2.9,4.6,13.6,17.6,370.5,0.7,-3.6,4.3,12.8,17.1,2021-01
2021-01-20,3264,欣銓,半導體業,進榜,準備,32.24,73.0,2.0,0,9.3,4.6,14.3,17.6,33.8,4.8,4.3,4.3,9.1,17.1,2021-01
2021-01-20,6191,精成科,電子工業,移出,掉出掃描母體,21.27,75.0,,65,,,,,,,,,,,2021-01
2021-01-20,4976,佳凌,電子工業,移出,離高點太遠,81.67,99.0,,65,,,,,,,,,,,2021-01
2021-01-20,8027,鈦昇,電機機械,移出,掉出掃描母體,81.88,74.0,,44,,,,,,,,,,,2021-01
2021-01-20,3588,通嘉,半導體業,移出,離高點太遠,43.29,84.0,,42,,,,,,,,,,,2021-01
2021-01-20,6237,驊訊,半導體業,移出,離高點太遠,85.59,99.0,,33,,,,,,,,,,,2021-01
2021-01-20,3346,麗清,汽車工業,移出,離高點太遠,39.53,83.0,,26,,,,,,,,,,,2021-01
2021-01-20,2408,南亞科,半導體業,移出,晚期未觸發,74.91,76.0,,16,,,,,,,,,,,2021-01
2021-01-20,6279,胡連,電子零組件業,移出,離高點太遠,89.57,83.0,,13,,,,,,,,,,,2021-01
2021-01-20,4760,勤凱,其他電子類,移出,離高點太遠,88.27,89.0,,12,,,,,,,,,,,2021-01
2021-01-20,3443,創意,半導體業,移出,突破失敗,373.92,78.0,,7,,,,,,,,,,,2021-01
2021-01-20,3017,奇鋐,電子工業,移出,掉出掃描母體,63.87,70.0,,6,,,,,,,,,,,2021-01
2021-01-20,2314,台揚,通信網路業,移出,突破失敗,77.29,81.0,,1,,,,,,,,,,,2021-01
2021-01-21,3105,穩懋,半導體業,進榜,準備,410.81,80.0,2.0,0,-18.9,4.4,-20.0,16.8,409.0,-0.4,-18.5,4.3,-19.6,16.5,2021-01
2021-01-21,2454,聯發科,半導體業,進榜,準備,658.52,76.0,2.0,0,-3.6,4.4,26.9,16.8,644.4,-2.1,-1.5,4.3,29.6,16.5,2021-01
2021-01-21,3665,貿聯-KY,其他電子業,進榜,準備,243.56,75.0,3.0,0,0.5,4.4,-8.7,16.8,246.1,1.0,-0.5,4.3,-9.7,16.5,2021-01
2021-01-21,8299,群聯,半導體業,進榜,準備,313.44,73.0,2.0,0,10.5,4.4,51.2,16.8,316.2,0.9,9.6,4.3,49.9,16.5,2021-01
2021-01-21,3264,欣銓,半導體業,移出,掉出掃描母體,32.24,73.0,,1,,,,,,,,,,,2021-01
2021-01-21,8261,富鼎,半導體業,移出,離高點太遠,40.04,85.0,,57,,,,,,,,,,,2021-01
2021-01-21,2436,偉詮電,半導體業,移出,離高點太遠,37.43,79.0,,43,,,,,,,,,,,2021-01
2021-01-21,3149,正達,電子工業,移出,離高點太遠,36.37,99.0,,27,,,,,,,,,,,2021-01
2021-01-21,3092,鴻碩,電子零組件業,移出,離高點太遠,56.88,91.0,,21,,,,,,,,,,,2021-01
2021-01-21,2369,菱生,電子工業,移出,掉出掃描母體,12.59,72.0,,8,,,,,,,,,,,2021-01
2021-01-21,3545,敦泰,電子工業,移出,離高點太遠,75.65,95.0,,7,,,,,,,,,,,2021-01
2021-01-22,2455,全新,通信網路業,進榜,準備,105.61,74.0,2.0,0,-13.2,4.6,-5.8,13.2,106.9,1.2,-14.3,4.7,-6.9,13.0,2021-01
2021-01-22,2441,超豐,半導體業,觸發,等待後觸發,52.07,75.0,1.0,2,-0.1,4.6,5.0,13.2,52.8,1.4,-1.5,4.7,3.5,13.0,2021-01
2021-01-22,2308,台達電,電子工業,移出,逾期,260.31,82.0,,56,,,,,,,,,,,2021-01
2021-01-25,3010,華立,電子工業,進榜,觸發,58.61,76.0,2.0,0,-5.7,3.9,-3.5,9.0,58.5,-0.1,-5.5,3.8,-3.4,9.1,2021-01
2021-01-25,3010,華立,電子工業,觸發,進榜即觸發,58.61,76.0,2.0,0,-5.7,3.9,-3.5,9.0,58.5,-0.1,-5.5,3.8,-3.4,9.1,2021-01
2021-01-25,3592,瑞鼎,電子工業,進榜,準備,117.65,95.0,1.0,0,95.8,3.9,135.3,9.0,115.6,-1.8,99.3,3.8,139.5,9.1,2021-01
2021-01-25,3141,晶宏,半導體業,進榜,準備,40.09,89.0,3.0,0,13.6,3.9,37.7,9.0,39.6,-1.3,15.1,3.8,39.4,9.1,2021-01
2021-01-25,8299,群聯,半導體業,移出,掉出掃描母體,324.81,74.0,,4,,,,,,,,,,,2021-01
2021-01-25,5443,均豪,光電業,移出,晚期未觸發,36.58,92.0,,42,,,,,,,,,,,2021-01
2021-01-25,2454,聯發科,半導體業,移出,掉出掃描母體,646.54,72.0,,4,,,,,,,,,,,2021-01
2021-01-26,3552,同致,其他電子類,進榜,觸發,247.64,100.0,3.0,0,-9.6,4.4,-47.7,10.3,261.6,5.6,-14.5,3.9,-50.5,9.9,2021-01
2021-01-26,3552,同致,其他電子類,觸發,進榜即觸發,247.64,100.0,3.0,0,-9.6,4.4,-47.7,10.3,261.6,5.6,-14.5,3.9,-50.5,9.9,2021-01
2021-01-26,4576,大銀微系統,電機機械,進榜,觸發,121.42,87.0,1.0,0,32.3,4.4,-1.6,10.3,127.2,4.7,26.3,3.9,-6.0,9.9,2021-01
2021-01-26,4576,大銀微系統,電機機械,觸發,進榜即觸發,121.42,87.0,1.0,0,32.3,4.4,-1.6,10.3,127.2,4.7,26.3,3.9,-6.0,9.9,2021-01
2021-01-26,4961,天鈺,電子工業,移出,離高點太遠,131.36,100.0,,62,,,,,,,,,,,2021-01
2021-01-26,5243,乙盛-KY,電子工業,移出,離高點太遠,56.51,93.0,,36,,,,,,,,,,,2021-01
2021-01-26,3437,榮創,光電業,移出,離高點太遠,31.5,78.0,,26,,,,,,,,,,,2021-01
2021-01-26,3691,碩禾,光電業,移出,晚期未觸發,193.85,91.0,,19,,,,,,,,,,,2021-01
2021-01-26,6233,旺玖,半導體業,移出,離高點太遠,34.25,96.0,,13,,,,,,,,,,,2021-01
2021-01-26,2379,瑞昱,半導體業,移出,掉出掃描母體,383.31,71.0,,6,,,,,,,,,,,2021-01
2021-01-26,3105,穩懋,半導體業,移出,掉出掃描母體,404.53,71.0,,5,,,,,,,,,,,2021-01
2021-01-26,3010,華立,電子工業,移出,掉出掃描母體,58.61,76.0,,1,,,,,,,,,,,2021-01
2021-01-27,1533,車王電,汽車工業,進榜,準備,67.87,96.0,1.0,0,-5.4,3.8,-19.4,9.9,65.1,-4.1,-1.4,4.7,-15.9,10.7,2021-01
2021-01-27,3169,亞信,半導體業,進榜,準備,52.73,91.0,2.0,0,65.4,3.8,94.4,9.9,51.5,-2.4,69.3,4.7,99.0,10.7,2021-01
2021-01-27,2441,超豐,半導體業,移出,掉出掃描母體,51.85,72.0,,7,,,,,,,,,,,2021-01
2021-01-28,3138,耀登,通信網路業,進榜,觸發,267.59,100.0,4.0,0,57.1,5.0,-29.9,12.6,276.3,3.2,52.2,4.7,-32.1,12.3,2021-01
2021-01-28,3138,耀登,通信網路業,觸發,進榜即觸發,267.59,100.0,4.0,0,57.1,5.0,-29.9,12.6,276.3,3.2,52.2,4.7,-32.1,12.3,2021-01
2021-01-28,3323,加百裕,電腦及週邊設備業,進榜,觸發,44.8,78.0,3.0,0,-3.7,5.0,-10.9,12.6,45.0,0.4,-4.1,4.7,-11.2,12.3,2021-01
2021-01-28,3323,加百裕,電腦及週邊設備業,觸發,進榜即觸發,44.8,78.0,3.0,0,-3.7,5.0,-10.9,12.6,45.0,0.4,-4.1,4.7,-11.2,12.3,2021-01
2021-01-28,6116,彩晶,電子工業,移出,掉出掃描母體,10.85,84.0,,64,,,,,,,,,,,2021-01
2021-01-28,3006,晶豪科,電子工業,移出,離高點太遠,50.37,79.0,,31,,,,,,,,,,,2021-01
2021-01-28,2049,上銀,電機機械,移出,晚期未觸發,362.49,81.0,,23,,,,,,,,,,,2021-01
2021-01-28,2455,全新,通信網路業,移出,掉出掃描母體,100.81,72.0,,6,,,,,,,,,,,2021-01
2021-01-29,5014,建錩,鋼鐵工業,進榜,觸發,13.11,95.0,4.0,0,5.8,6.6,23.8,13.3,13.7,4.3,1.4,6.7,18.6,13.4,2021-01
2021-01-29,5014,建錩,鋼鐵工業,觸發,進榜即觸發,13.11,95.0,4.0,0,5.8,6.6,23.8,13.3,13.7,4.3,1.4,6.7,18.6,13.4,2021-01
2021-01-29,6187,萬潤,其他電子類,移出,離高點太遠,93.51,91.0,,86,,,,,,,,,,,2021-01
2021-01-29,5483,中美晶,半導體業,移出,掉出掃描母體,123.38,88.0,,64,,,,,,,,,,,2021-01
2021-01-29,6488,環球晶,半導體業,移出,掉出掃描母體,566.77,85.0,,60,,,,,,,,,,,2021-01
2021-01-29,1590,亞德客-KY,電機機械,移出,離高點太遠,886.39,85.0,,51,,,,,,,,,,,2021-01
2021-01-29,6284,佳邦,電子零組件業,移出,離高點太遠,60.25,94.0,,35,,,,,,,,,,,2021-01
2021-01-29,5285,界霖,電子工業,移出,離高點太遠,53.8,85.0,,32,,,,,,,,,,,2021-01
2021-01-29,8255,朋程,電機機械,移出,掉出掃描母體,101.92,79.0,,30,,,,,,,,,,,2021-01
2021-01-29,3037,欣興,電子工業,移出,掉出掃描母體,77.97,72.0,,29,,,,,,,,,,,2021-01
2021-01-29,3707,漢磊,半導體業,移出,離高點太遠,43.83,85.0,,25,,,,,,,,,,,2021-01
2021-01-29,3711,日月光投控,半導體業,移出,掉出掃描母體,72.49,73.0,,16,,,,,,,,,,,2021-01
2021-01-29,3003,健和興,電子工業,移出,離高點太遠,45.48,71.0,,11,,,,,,,,,,,2021-01
2021-01-29,3552,同致,其他電子類,移出,離高點太遠,235.7,100.0,,3,,,,,,,,,,,2021-01
2021-01-29,3323,加百裕,電腦及週邊設備業,移出,突破失敗,40.33,70.0,,1,,,,,,,,,,,2021-01
2021-02-01,2409,友達,光電業,進榜,觸發,13.79,84.0,4.0,0,16.4,7.6,52.7,9.9,14.3,3.5,12.5,7.2,47.6,9.7,2021-02
2021-02-01,2409,友達,光電業,觸發,進榜即觸發,13.79,84.0,4.0,0,16.4,7.6,52.7,9.9,14.3,3.5,12.5,7.2,47.6,9.7,2021-02
2021-02-01,4915,致伸,電子零組件業,進榜,準備,41.92,74.0,2.0,0,13.5,7.6,-7.8,9.9,42.0,0.2,13.3,7.2,-7.9,9.7,2021-02
2021-02-01,3592,瑞鼎,電子工業,觸發,等待後觸發,138.09,98.0,1.0,7,63.0,7.6,68.0,9.9,133.9,-3.1,68.2,7.2,73.3,9.7,2021-02
2021-02-01,2481,強茂,半導體業,移出,掉出掃描母體,42.33,90.0,,77,,,,,,,,,,,2021-02
2021-02-01,2401,凌陽,半導體業,移出,離高點太遠,21.31,94.0,,21,,,,,,,,,,,2021-02
2021-02-01,1533,車王電,汽車工業,移出,離高點太遠,59.31,95.0,,5,,,,,,,,,,,2021-02
2021-02-02,8358,金居,電子零組件業,進榜,準備,44.77,75.0,3.0,0,6.2,6.7,19.0,4.1,44.5,-0.7,6.9,6.5,19.9,3.7,2021-02
2021-02-02,2454,聯發科,半導體業,進榜,準備,656.41,70.0,2.0,0,-3.4,6.7,-4.6,4.1,667.7,1.7,-5.1,6.5,-6.2,3.7,2021-02
2021-02-02,4915,致伸,電子零組件業,觸發,等待後觸發,43.36,75.0,2.0,1,8.0,6.7,-15.7,4.1,43.6,0.5,7.5,6.5,-16.1,3.7,2021-02
2021-02-02,8070,長華*,電子工業,移出,掉出掃描母體,21.49,88.0,,74,,,,,,,,,,,2021-02
2021-02-03,8215,明基材,光電業,進榜,準備,27.13,92.0,3.0,0,-11.1,7.5,-27.7,3.3,26.9,-0.9,-10.2,7.7,-27.1,3.5,2021-02
2021-02-03,4960,誠美材,電子工業,進榜,準備,11.17,76.0,2.0,0,0.0,7.5,2.6,3.3,11.1,-0.9,0.9,7.7,3.5,3.5,2021-02
2021-02-03,2379,瑞昱,半導體業,進榜,準備,386.02,72.0,2.0,0,-11.1,7.5,-9.4,3.3,386.0,0.0,-11.1,7.7,-9.4,3.5,2021-02
2021-02-03,2855,統一證,金融保險,移出,掉出掃描母體,12.77,73.0,,26,,,,,,,,,,,2021-02
2021-02-03,3141,晶宏,半導體業,移出,掉出掃描母體,38.07,90.0,,9,,,,,,,,,,,2021-02
2021-02-04,4961,天鈺,電子工業,進榜,準備,163.68,100.0,3.0,0,63.4,8.1,47.8,3.5,164.7,0.6,62.3,7.6,46.8,3.2,2021-02
2021-02-04,3264,欣銓,半導體業,進榜,準備,36.7,76.0,2.0,0,-8.4,8.1,-19.4,3.5,36.5,-0.6,-7.8,7.6,-18.8,3.2,2021-02
2021-02-04,2379,瑞昱,半導體業,移出,掉出掃描母體,386.02,72.0,,1,,,,,,,,,,,2021-02
2021-02-04,3661,世芯-KY,半導體業,移出,掉出掃描母體,781.88,76.0,,28,,,,,,,,,,,2021-02
2021-02-05,2344,華邦電,半導體業,進榜,準備,25.53,95.0,3.0,0,-0.5,7.9,-9.4,-0.4,26.5,3.9,-4.3,6.8,-12.8,-1.4,2021-02
2021-02-05,8924,大田,其他,進榜,準備,42.64,82.0,3.0,0,35.6,7.9,65.7,-0.4,43.5,2.1,32.7,6.8,62.2,-1.4,2021-02
2021-02-05,6491,晶碩,生技醫療業,進榜,準備,232.41,74.0,3.0,0,28.0,7.9,42.8,-0.4,238.8,2.8,24.6,6.8,39.0,-1.4,2021-02
2021-02-05,3169,亞信,半導體業,觸發,等待後觸發,61.0,95.0,2.0,9,87.7,7.9,37.5,-0.4,67.0,9.9,70.8,6.8,25.2,-1.4,2021-02
2021-02-05,4961,天鈺,電子工業,觸發,等待後觸發,179.84,100.0,3.0,1,45.5,7.9,22.0,-0.4,197.0,9.6,32.8,6.8,11.4,-1.4,2021-02
2021-02-05,2457,飛宏,電子工業,移出,掉出掃描母體,15.65,90.0,,66,,,,,,,,,,,2021-02
2021-02-17,6547,高端疫苗,生技醫療業,進榜,觸發,109.43,91.0,3.0,0,27.6,6.7,130.4,1.6,120.2,9.8,16.2,6.5,109.8,1.6,2021-02
2021-02-17,6547,高端疫苗,生技醫療業,觸發,進榜即觸發,109.43,91.0,3.0,0,27.6,6.7,130.4,1.6,120.2,9.8,16.2,6.5,109.8,1.6,2021-02
2021-02-17,8070,長華*,電子工業,進榜,觸發,24.87,91.0,3.0,0,18.2,6.7,-8.7,1.6,25.8,3.9,13.7,6.5,-12.1,1.6,2021-02
2021-02-17,8070,長華*,電子工業,觸發,進榜即觸發,24.87,91.0,3.0,0,18.2,6.7,-8.7,1.6,25.8,3.9,13.7,6.5,-12.1,1.6,2021-02
2021-02-17,3711,日月光投控,半導體業,進榜,觸發,88.98,89.0,1.0,0,-8.2,6.7,-8.2,1.6,90.5,1.7,-9.7,6.5,-9.7,1.6,2021-02
2021-02-17,3711,日月光投控,半導體業,觸發,進榜即觸發,88.98,89.0,1.0,0,-8.2,6.7,-8.2,1.6,90.5,1.7,-9.7,6.5,-9.7,1.6,2021-02
2021-02-17,2338,光罩,半導體業,進榜,觸發,40.21,79.0,3.0,0,26.5,6.7,51.2,1.6,39.4,-1.9,28.9,6.5,54.1,1.6,2021-02
2021-02-17,2338,光罩,半導體業,觸發,進榜即觸發,40.21,79.0,3.0,0,26.5,6.7,51.2,1.6,39.4,-1.9,28.9,6.5,54.1,1.6,2021-02
2021-02-17,2492,華新科,電子工業,進榜,觸發,220.9,78.0,3.0,0,-2.9,6.7,-25.0,1.6,221.3,0.2,-3.1,6.5,-25.2,1.6,2021-02
2021-02-17,2492,華新科,電子工業,觸發,進榜即觸發,220.9,78.0,3.0,0,-2.9,6.7,-25.0,1.6,221.3,0.2,-3.1,6.5,-25.2,1.6,2021-02
2021-02-17,5371,中光電,光電業,進榜,觸發,36.0,71.0,1.0,0,15.4,6.7,18.8,1.6,35.9,-0.2,15.7,6.5,19.1,1.6,2021-02
2021-02-17,5371,中光電,光電業,觸發,進榜即觸發,36.0,71.0,1.0,0,15.4,6.7,18.8,1.6,35.9,-0.2,15.7,6.5,19.1,1.6,2021-02
2021-02-17,2441,超豐,半導體業,進榜,準備,56.61,81.0,1.0,0,-8.5,6.7,-13.5,1.6,56.9,0.5,-9.0,6.5,-14.0,1.6,2021-02
2021-02-17,2467,志聖,電子工業,進榜,準備,31.46,77.0,3.0,0,15.2,6.7,17.1,1.6,31.6,0.5,14.6,6.5,16.5,1.6,2021-02
2021-02-17,2379,瑞昱,半導體業,進榜,準備,400.01,72.0,2.0,0,-10.2,6.7,-8.7,1.6,401.6,0.4,-10.5,6.5,-9.1,1.6,2021-02
2021-02-17,3034,聯詠,半導體業,觸發,等待後觸發,331.78,92.0,3.0,37,2.5,6.7,-2.5,1.6,331.8,0.0,2.5,6.5,-2.5,1.6,2021-02
2021-02-17,2354,鴻準,其他電子業,移出,掉出掃描母體,59.65,72.0,,30,,,,,,,,,,,2021-02
2021-02-17,4960,誠美材,電子工業,移出,掉出掃描母體,10.69,71.0,,14,,,,,,,,,,,2021-02
2021-02-18,2415,錩新,電子工業,進榜,觸發,27.44,97.0,2.0,0,14.2,4.8,-10.8,0.8,27.0,-1.7,16.1,4.9,-9.2,1.1,2021-02
2021-02-18,2415,錩新,電子工業,觸發,進榜即觸發,27.44,97.0,2.0,0,14.2,4.8,-10.8,0.8,27.0,-1.7,16.1,4.9,-9.2,1.1,2021-02
2021-02-18,3141,晶宏,半導體業,進榜,觸發,44.08,90.0,3.0,0,35.4,4.8,20.0,0.8,44.3,0.4,34.9,4.9,19.5,1.1,2021-02
2021-02-18,3141,晶宏,半導體業,觸發,進榜即觸發,44.08,90.0,3.0,0,35.4,4.8,20.0,0.8,44.3,0.4,34.9,4.9,19.5,1.1,2021-02
2021-02-18,3529,力旺,半導體業,進榜,觸發,848.99,84.0,5.0,0,-7.2,4.8,-5.4,0.8,860.4,1.3,-8.4,4.9,-6.6,1.1,2021-02
2021-02-18,3529,力旺,半導體業,觸發,進榜即觸發,848.99,84.0,5.0,0,-7.2,4.8,-5.4,0.8,860.4,1.3,-8.4,4.9,-6.6,1.1,2021-02
2021-02-18,3661,世芯-KY,半導體業,進榜,觸發,930.99,83.0,5.0,0,-4.3,4.8,-54.8,0.8,940.6,1.0,-5.3,4.9,-55.3,1.1,2021-02
2021-02-18,3661,世芯-KY,半導體業,觸發,進榜即觸發,930.99,83.0,5.0,0,-4.3,4.8,-54.8,0.8,940.6,1.0,-5.3,4.9,-55.3,1.1,2021-02
2021-02-18,2337,旺宏,半導體業,進榜,觸發,38.87,79.0,4.0,0,-2.3,4.8,-16.2,0.8,38.9,0.0,-2.3,4.9,-16.2,1.1,2021-02
2021-02-18,2337,旺宏,半導體業,觸發,進榜即觸發,38.87,79.0,4.0,0,-2.3,4.8,-16.2,0.8,38.9,0.0,-2.3,4.9,-16.2,1.1,2021-02
2021-02-18,8183,精星,其他電子類,進榜,觸發,21.43,71.0,4.0,0,69.6,4.8,49.5,0.8,21.8,1.5,67.0,4.9,47.2,1.1,2021-02
2021-02-18,8183,精星,其他電子類,觸發,進榜即觸發,21.43,71.0,4.0,0,69.6,4.8,49.5,0.8,21.8,1.5,67.0,4.9,47.2,1.1,2021-02
2021-02-18,6457,紘康,半導體業,進榜,準備,95.09,94.0,3.0,0,14.8,4.8,27.5,0.8,95.1,0.0,14.8,4.9,27.5,1.1,2021-02
2021-02-18,2408,南亞科,半導體業,進榜,準備,79.88,84.0,3.0,0,2.9,4.8,-16.5,0.8,81.7,2.3,0.5,4.9,-18.4,1.1,2021-02
2021-02-18,6712,長聖,生技醫療業,進榜,準備,154.09,81.0,3.0,0,61.0,4.8,58.2,0.8,151.5,-1.7,63.8,4.9,61.0,1.1,2021-02
2021-02-18,1304,台聚,塑膠工業,進榜,準備,17.72,80.0,3.0,0,10.1,4.8,45.3,0.8,17.8,0.2,9.9,4.9,45.0,1.1,2021-02
2021-02-18,3419,譁裕,電子工業,進榜,準備,20.48,76.0,3.0,0,0.2,4.8,-17.3,0.8,20.2,-1.4,1.7,4.9,-16.2,1.1,2021-02
2021-02-18,8454,富邦媒,貿易百貨,進榜,準備,395.48,71.0,3.0,0,5.4,4.8,44.5,0.8,396.4,0.2,5.2,4.9,44.2,1.1,2021-02
2021-02-18,5439,高技,電子零組件業,進榜,準備,47.66,70.0,3.0,0,8.9,4.8,-11.5,0.8,46.8,-1.8,10.9,4.9,-9.8,1.1,2021-02
2021-02-18,8299,群聯,半導體業,進榜,準備,325.99,70.0,2.0,0,12.3,4.8,10.6,0.8,327.2,0.4,11.9,4.9,10.2,1.1,2021-02
2021-02-18,3484,崧騰,電子零組件業,觸發,等待後觸發,56.44,95.0,3.0,45,9.0,4.8,-11.1,0.8,56.4,-0.1,9.2,4.9,-11.0,1.1,2021-02
2021-02-18,8924,大田,其他,觸發,等待後觸發,47.35,86.0,3.0,13,23.3,4.8,60.8,0.8,48.0,1.4,21.6,4.9,58.6,1.1,2021-02
2021-02-18,2344,華邦電,半導體業,觸發,等待後觸發,28.41,95.0,3.0,13,-10.5,4.8,-8.4,0.8,28.1,-1.3,-9.3,4.9,-7.2,1.1,2021-02
2021-02-18,3264,欣銓,半導體業,移出,掉出掃描母體,37.62,74.0,,14,,,,,,,,,,,2021-02
2021-02-18,6491,晶碩,生技醫療業,移出,掉出掃描母體,239.27,75.0,,13,,,,,,,,,,,2021-02
2021-02-18,2379,瑞昱,半導體業,移出,掉出掃描母體,400.01,72.0,,1,,,,,,,,,,,2021-02
2021-02-19,3481,群創,光電業,進榜,觸發,13.35,90.0,3.0,0,22.0,4.7,34.6,0.0,13.6,1.6,20.1,4.3,32.5,-0.2,2021-02
2021-02-19,3481,群創,光電業,觸發,進榜即觸發,13.35,90.0,3.0,0,22.0,4.7,34.6,0.0,13.6,1.6,20.1,4.3,32.5,-0.2,2021-02
2021-02-19,6224,聚鼎,電子零組件業,進榜,觸發,105.79,86.0,5.0,0,-1.6,4.7,-18.0,0.0,108.7,2.7,-4.2,4.3,-20.2,-0.2,2021-02
2021-02-19,6224,聚鼎,電子零組件業,觸發,進榜即觸發,105.79,86.0,5.0,0,-1.6,4.7,-18.0,0.0,108.7,2.7,-4.2,4.3,-20.2,-0.2,2021-02
2021-02-19,5471,松翰,電子工業,進榜,觸發,66.25,79.0,5.0,0,6.5,4.7,-0.9,0.0,68.0,2.6,3.8,4.3,-3.4,-0.2,2021-02
2021-02-19,5471,松翰,電子工業,觸發,進榜即觸發,66.25,79.0,5.0,0,6.5,4.7,-0.9,0.0,68.0,2.6,3.8,4.3,-3.4,-0.2,2021-02
2021-02-19,3078,僑威,電子零組件業,進榜,觸發,35.4,78.0,2.0,0,1.3,4.7,-9.7,0.0,37.0,4.6,-3.1,4.3,-13.7,-0.2,2021-02
2021-02-19,3078,僑威,電子零組件業,觸發,進榜即觸發,35.4,78.0,2.0,0,1.3,4.7,-9.7,0.0,37.0,4.6,-3.1,4.3,-13.7,-0.2,2021-02
2021-02-19,3015,全漢,電子工業,進榜,觸發,34.28,76.0,5.0,0,-0.1,4.7,-17.2,0.0,36.2,5.5,-5.3,4.3,-21.5,-0.2,2021-02
2021-02-19,3015,全漢,電子工業,觸發,進榜即觸發,34.28,76.0,5.0,0,-0.1,4.7,-17.2,0.0,36.2,5.5,-5.3,4.3,-21.5,-0.2,2021-02
2021-02-19,1815,富喬,電子零組件業,進榜,觸發,12.64,73.0,2.0,0,14.1,4.7,-4.8,0.0,13.1,3.8,10.0,4.3,-8.3,-0.2,2021-02
2021-02-19,1815,富喬,電子零組件業,觸發,進榜即觸發,12.64,73.0,2.0,0,14.1,4.7,-4.8,0.0,13.1,3.8,10.0,4.3,-8.3,-0.2,2021-02
2021-02-19,4976,佳凌,電子工業,進榜,準備,97.89,99.0,3.0,0,1.5,4.7,-33.8,0.0,103.6,5.9,-4.2,4.3,-37.5,-0.2,2021-02
2021-02-19,2727,王品,觀光事業,進榜,準備,98.19,87.0,3.0,0,28.6,4.7,-10.5,0.0,100.0,1.8,26.3,4.3,-12.1,-0.2,2021-02
2021-02-19,2103,台橡,橡膠工業,進榜,準備,20.94,73.0,1.0,0,5.6,4.7,11.8,0.0,20.9,0.0,5.6,4.3,11.8,-0.2,2021-02
2021-02-19,8454,富邦媒,貿易百貨,移出,掉出掃描母體,395.48,71.0,,1,,,,,,,,,,,2021-02
2021-02-19,5439,高技,電子零組件業,移出,掉出掃描母體,47.66,70.0,,1,,,,,,,,,,,2021-02
2021-02-19,2317,鴻海,其他電子業,移出,掉出掃描母體,90.32,71.0,,36,,,,,,,,,,,2021-02
2021-02-19,3665,貿聯-KY,其他電子業,移出,掉出掃描母體,266.13,73.0,,29,,,,,,,,,,,2021-02
2021-02-22,3228,金麗科,半導體業,進榜,觸發,338.53,100.0,4.0,0,38.7,2.5,-36.7,0.0,337.1,-0.4,39.3,2.7,-36.4,-0.4,2021-02
2021-02-22,3228,金麗科,半導體業,觸發,進榜即觸發,338.53,100.0,4.0,0,38.7,2.5,-36.7,0.0,337.1,-0.4,39.3,2.7,-36.4,-0.4,2021-02
2021-02-22,2486,一詮,光電業,進榜,觸發,20.87,95.0,4.0,0,24.8,2.5,21.9,0.0,20.9,0.0,24.8,2.7,21.9,-0.4,2021-02
2021-02-22,2486,一詮,光電業,觸發,進榜即觸發,20.87,95.0,4.0,0,24.8,2.5,21.9,0.0,20.9,0.0,24.8,2.7,21.9,-0.4,2021-02
2021-02-22,3006,晶豪科,電子工業,進榜,觸發,70.26,93.0,4.0,0,15.8,2.5,29.4,0.0,71.3,1.5,14.1,2.7,27.5,-0.4,2021-02
2021-02-22,3006,晶豪科,電子工業,觸發,進榜即觸發,70.26,93.0,4.0,0,15.8,2.5,29.4,0.0,71.3,1.5,14.1,2.7,27.5,-0.4,2021-02
2021-02-22,6488,環球晶,半導體業,進榜,觸發,675.63,92.0,4.0,0,-8.3,2.5,-2.8,0.0,672.2,-0.5,-7.8,2.7,-2.3,-0.4,2021-02
2021-02-22,6488,環球晶,半導體業,觸發,進榜即觸發,675.63,92.0,4.0,0,-8.3,2.5,-2.8,0.0,672.2,-0.5,-7.8,2.7,-2.3,-0.4,2021-02
2021-02-22,3443,創意,半導體業,進榜,觸發,449.82,82.0,4.0,0,-16.8,2.5,-29.1,0.0,440.5,-2.1,-15.0,2.7,-27.6,-0.4,2021-02
2021-02-22,3443,創意,半導體業,觸發,進榜即觸發,449.82,82.0,4.0,0,-16.8,2.5,-29.1,0.0,440.5,-2.1,-15.0,2.7,-27.6,-0.4,2021-02
2021-02-22,2009,第一銅,鋼鐵工業,進榜,準備,28.34,99.0,3.0,0,-4.0,2.5,94.8,0.0,28.3,0.0,-4.0,2.7,94.8,-0.4,2021-02
2021-02-22,3552,同致,其他電子類,進榜,準備,298.6,99.0,3.0,0,-25.1,2.5,-52.1,0.0,286.7,-4.0,-21.9,2.7,-50.1,-0.4,2021-02
2021-02-22,3317,尼克森,半導體業,進榜,準備,33.36,73.0,3.0,0,-1.0,2.5,5.0,0.0,32.8,-1.5,0.6,2.7,6.6,-0.4,2021-02
2021-02-22,8255,朋程,電機機械,進榜,準備,106.64,72.0,2.0,0,-7.2,2.5,-14.5,0.0,107.1,0.4,-7.6,2.7,-14.8,-0.4,2021-02
2021-02-22,3260,威剛,半導體業,進榜,準備,60.37,71.0,3.0,0,-2.1,2.5,6.7,0.0,60.0,-0.6,-1.5,2.7,7.4,-0.4,2021-02
2021-02-22,6409,旭隼,其他電子業,移出,掉出掃描母體,1211.94,80.0,,39,,,,,,,,,,,2021-02
2021-02-22,2454,聯發科,半導體業,移出,掉出掃描母體,679.67,72.0,,20,,,,,,,,,,,2021-02
2021-02-22,3419,譁裕,電子工業,移出,掉出掃描母體,20.05,73.0,,4,,,,,,,,,,,2021-02
2021-02-23,2014,中鴻,鋼鐵工業,進榜,觸發,15.13,92.0,4.0,0,0.6,2.3,161.9,-0.1,15.4,1.7,-1.1,2.0,157.4,-0.5,2021-02
2021-02-23,2014,中鴻,鋼鐵工業,觸發,進榜即觸發,15.13,92.0,4.0,0,0.6,2.3,161.9,-0.1,15.4,1.7,-1.1,2.0,157.4,-0.5,2021-02
2021-02-23,5223,安力-KY,電腦及週邊設備業,進榜,觸發,84.74,81.0,4.0,0,-6.7,2.3,-35.9,-0.1,86.8,2.5,-8.9,2.0,-37.5,-0.5,2021-02
2021-02-23,5223,安力-KY,電腦及週邊設備業,觸發,進榜即觸發,84.74,81.0,4.0,0,-6.7,2.3,-35.9,-0.1,86.8,2.5,-8.9,2.0,-37.5,-0.5,2021-02
2021-02-23,8454,富邦媒,貿易百貨,進榜,觸發,439.37,80.0,3.0,0,-3.2,2.3,27.0,-0.1,457.2,4.1,-7.0,2.0,22.0,-0.5,2021-02
2021-02-23,8454,富邦媒,貿易百貨,觸發,進榜即觸發,439.37,80.0,3.0,0,-3.2,2.3,27.0,-0.1,457.2,4.1,-7.0,2.0,22.0,-0.5,2021-02
2021-02-23,1305,華夏,塑膠工業,進榜,觸發,23.4,77.0,4.0,0,15.9,2.3,8.2,-0.1,24.4,4.2,11.3,2.0,3.9,-0.5,2021-02
2021-02-23,1305,華夏,塑膠工業,觸發,進榜即觸發,23.4,77.0,4.0,0,15.9,2.3,8.2,-0.1,24.4,4.2,11.3,2.0,3.9,-0.5,2021-02
2021-02-23,6203,海韻電,電子零組件業,進榜,觸發,72.61,75.0,4.0,0,2.8,2.3,-5.2,-0.1,76.4,5.2,-2.3,2.0,-9.9,-0.5,2021-02
2021-02-23,6203,海韻電,電子零組件業,觸發,進榜即觸發,72.61,75.0,4.0,0,2.8,2.3,-5.2,-0.1,76.4,5.2,-2.3,2.0,-9.9,-0.5,2021-02
2021-02-23,1907,永豐餘,造紙工業,進榜,準備,22.22,83.0,3.0,0,4.5,2.3,28.2,-0.1,22.2,0.0,4.5,2.0,28.2,-0.5,2021-02
2021-02-23,6116,彩晶,電子工業,進榜,準備,12.02,80.0,3.0,0,1.9,2.3,47.0,-0.1,12.0,-0.4,2.2,2.0,47.6,-0.5,2021-02
2021-02-23,8390,金益鼎,其他,進榜,準備,34.26,79.0,3.0,0,-7.8,2.3,3.8,-0.1,34.6,0.9,-8.6,2.0,2.9,-0.5,2021-02
2021-02-23,1313,聯成,塑膠工業,進榜,準備,15.88,75.0,3.0,0,1.3,2.3,32.3,-0.1,15.9,0.0,1.3,2.0,32.3,-0.5,2021-02
2021-02-23,3419,譁裕,電子工業,進榜,準備,21.2,72.0,2.0,0,7.2,2.3,-15.4,-0.1,21.2,0.0,7.2,2.0,-15.4,-0.5,2021-02
2021-02-23,2467,志聖,電子工業,觸發,等待後觸發,35.83,82.0,3.0,6,3.0,2.3,7.0,-0.1,38.8,8.3,-4.9,2.0,-1.1,-0.5,2021-02
2021-02-23,8299,群聯,半導體業,觸發,等待後觸發,347.17,74.0,2.0,5,5.2,2.3,2.4,-0.1,349.9,0.8,4.4,2.0,1.6,-0.5,2021-02
2021-02-23,5371,中光電,光電業,移出,掉出掃描母體,38.96,73.0,,6,,,,,,,,,,,2021-02
2021-02-23,6547,高端疫苗,生技醫療業,移出,離高點太遠,130.58,95.0,,6,,,,,,,,,,,2021-02
2021-02-23,6712,長聖,生技醫療業,移出,掉出掃描母體,152.07,71.0,,5,,,,,,,,,,,2021-02
2021-02-23,3592,瑞鼎,電子工業,移出,離高點太遠,233.0,99.0,,29,,,,,,,,,,,2021-02
2021-02-23,3138,耀登,通信網路業,移出,離高點太遠,332.31,100.0,,26,,,,,,,,,,,2021-02
2021-02-23,6457,紘康,半導體業,移出,離高點太遠,84.61,89.0,,5,,,,,,,,,,,2021-02
2021-02-23,3529,力旺,半導體業,移出,掉出掃描母體,826.17,76.0,,5,,,,,,,,,,,2021-02
2021-02-24,6129,普誠,半導體業,進榜,觸發,21.11,99.0,2.0,0,77.0,2.6,46.2,0.1,22.4,6.2,66.7,1.8,37.7,0.0,2021-02
2021-02-24,6129,普誠,半導體業,觸發,進榜即觸發,21.11,99.0,2.0,0,77.0,2.6,46.2,0.1,22.4,6.2,66.7,1.8,37.7,0.0,2021-02
2021-02-24,6525,捷敏-KY,半導體業,進榜,觸發,62.72,78.0,1.0,0,-3.9,2.6,-13.2,0.1,62.8,0.1,-4.0,1.8,-13.3,0.0,2021-02
2021-02-24,6525,捷敏-KY,半導體業,觸發,進榜即觸發,62.72,78.0,1.0,0,-3.9,2.6,-13.2,0.1,62.8,0.1,-4.0,1.8,-13.3,0.0,2021-02
2021-02-24,3419,譁裕,電子工業,觸發,等待後觸發,21.64,77.0,2.0,1,2.2,2.6,-17.1,0.1,21.7,0.2,2.0,1.8,-17.3,0.0,2021-02
2021-02-24,2327,國巨*,電子工業,移出,逾期,137.34,84.0,,56,,,,,,,,,,,2021-02
2021-02-24,1313,聯成,塑膠工業,移出,掉出掃描母體,15.88,75.0,,1,,,,,,,,,,,2021-02
2021-02-24,2330,台積電,半導體業,移出,掉出掃描母體,580.6,71.0,,104,,,,,,,,,,,2021-02
2021-02-24,3711,日月光投控,半導體業,移出,突破失敗,81.31,81.0,,7,,,,,,,,,,,2021-02
2021-02-24,3661,世芯-KY,半導體業,移出,突破失敗,842.1,71.0,,6,,,,,,,,,,,2021-02
2021-02-24,5223,安力-KY,電腦及週邊設備業,移出,掉出掃描母體,84.74,81.0,,1,,,,,,,,,,,2021-02
2021-02-24,1305,華夏,塑膠工業,移出,掉出掃描母體,23.4,77.0,,1,,,,,,,,,,,2021-02
2021-02-25,1612,宏泰,電器電纜,進榜,觸發,14.2,84.0,3.0,0,-0.9,2.3,10.8,0.0,14.2,0.0,-0.9,3.1,10.8,0.6,2021-02
2021-02-25,1612,宏泰,電器電纜,觸發,進榜即觸發,14.2,84.0,3.0,0,-0.9,2.3,10.8,0.0,14.2,0.0,-0.9,3.1,10.8,0.6,2021-02
2021-02-25,2610,華航,航運業,進榜,觸發,11.3,83.0,3.0,0,13.6,2.3,17.7,0.0,11.2,-1.1,14.9,3.1,19.1,0.6,2021-02
2021-02-25,2610,華航,航運業,觸發,進榜即觸發,11.3,83.0,3.0,0,13.6,2.3,17.7,0.0,11.2,-1.1,14.9,3.1,19.1,0.6,2021-02
2021-02-25,1802,台玻,玻璃陶瓷,進榜,準備,17.85,81.0,3.0,0,-2.0,2.3,53.9,0.0,17.5,-1.8,-0.3,3.1,56.7,0.6,2021-02
2021-02-25,2027,大成鋼,鋼鐵工業,進榜,準備,19.95,71.0,1.0,0,-3.6,2.3,31.7,0.0,19.7,-1.5,-2.1,3.1,33.7,0.6,2021-02
2021-02-25,1815,富喬,電子零組件業,移出,掉出掃描母體,13.29,78.0,,6,,,,,,,,,,,2021-02
2021-02-25,5274,信驊,半導體業,移出,離高點太遠,1472.71,82.0,,50,,,,,,,,,,,2021-02
2021-02-25,2441,超豐,半導體業,移出,掉出掃描母體,52.97,70.0,,8,,,,,,,,,,,2021-02
2021-02-25,8183,精星,其他電子類,移出,掉出掃描母體,23.12,78.0,,7,,,,,,,,,,,2021-02
2021-02-25,2486,一詮,光電業,移出,突破失敗,19.19,91.0,,3,,,,,,,,,,,2021-02
2021-02-25,6525,捷敏-KY,半導體業,移出,掉出掃描母體,62.72,78.0,,1,,,,,,,,,,,2021-02
2021-02-26,8936,國統,其他,進榜,觸發,29.07,91.0,3.0,0,18.2,3.6,-15.9,0.3,28.2,-3.0,21.9,2.9,-13.3,0.0,2021-02
2021-02-26,8936,國統,其他,觸發,進榜即觸發,29.07,91.0,3.0,0,18.2,3.6,-15.9,0.3,28.2,-3.0,21.9,2.9,-13.3,0.0,2021-02
2021-02-26,5223,安力-KY,電腦及週邊設備業,進榜,觸發,94.02,86.0,4.0,0,-17.0,3.6,-41.3,0.3,96.5,2.7,-19.1,2.9,-42.8,0.0,2021-02
2021-02-26,5223,安力-KY,電腦及週邊設備業,觸發,進榜即觸發,94.02,86.0,4.0,0,-17.0,3.6,-41.3,0.3,96.5,2.7,-19.1,2.9,-42.8,0.0,2021-02
2021-02-26,8054,安國,半導體業,進榜,準備,36.12,96.0,3.0,0,20.1,3.6,3.5,0.3,37.1,2.7,17.0,2.9,0.9,0.0,2021-02
2021-02-26,5285,界霖,電子工業,進榜,準備,58.76,83.0,3.0,0,6.2,3.6,-1.8,0.3,59.7,1.7,4.5,2.9,-3.4,0.0,2021-02
2021-02-26,3483,力致,電腦及週邊設備業,進榜,準備,73.65,77.0,2.0,0,-1.3,3.6,-20.7,0.3,76.3,3.6,-4.7,2.9,-23.4,0.0,2021-02
2021-02-26,8016,矽創,半導體業,進榜,準備,120.9,71.0,1.0,0,25.1,3.6,32.6,0.3,128.1,5.9,18.0,2.9,25.1,0.0,2021-02
2021-02-26,6531,愛普*,半導體業,移出,離高點太遠,298.56,92.0,,44,,,,,,,,,,,2021-02
2021-02-26,3015,全漢,電子工業,移出,離高點太遠,33.8,73.0,,7,,,,,,,,,,,2021-02
2021-03-02,5351,鈺創,半導體業,進榜,觸發,22.85,72.0,3.0,0,-10.3,4.4,1.0,1.4,23.1,1.2,-11.3,4.2,-0.2,1.4,2021-03
2021-03-02,5351,鈺創,半導體業,觸發,進榜即觸發,22.85,72.0,3.0,0,-10.3,4.4,1.0,1.4,23.1,1.2,-11.3,4.2,-0.2,1.4,2021-03
2021-03-02,8016,矽創,半導體業,觸發,等待後觸發,132.77,84.0,1.0,4,12.5,4.4,25.2,1.4,131.8,-0.7,13.3,4.2,26.1,1.4,2021-03
2021-03-02,2338,光罩,半導體業,移出,離高點太遠,42.45,83.0,,13,,,,,,,,,,,2021-03
2021-03-02,3078,僑威,電子零組件業,移出,離高點太遠,34.93,75.0,,11,,,,,,,,,,,2021-03
2021-03-02,2009,第一銅,鋼鐵工業,移出,離高點太遠,27.38,99.0,,8,,,,,,,,,,,2021-03
2021-03-02,3552,同致,其他電子類,移出,離高點太遠,250.03,98.0,,8,,,,,,,,,,,2021-03
2021-03-02,3443,創意,半導體業,移出,離高點太遠,402.97,75.0,,8,,,,,,,,,,,2021-03
2021-03-02,8454,富邦媒,貿易百貨,移出,掉出掃描母體,442.12,72.0,,7,,,,,,,,,,,2021-03
2021-03-02,8390,金益鼎,其他,移出,掉出掃描母體,31.37,71.0,,7,,,,,,,,,,,2021-03
2021-03-03,6219,富旺,建材營造,進榜,準備,29.16,83.0,3.0,0,18.5,3.9,4.6,1.2,29.0,-0.7,19.3,4.1,5.3,1.4,2021-03
2021-03-03,6712,長聖,生技醫療業,進榜,準備,164.48,80.0,3.0,0,64.0,3.9,64.0,1.2,161.6,-1.8,67.0,4.1,67.0,1.4,2021-03
2021-03-03,6203,海韻電,電子零組件業,移出,掉出掃描母體,69.51,76.0,,8,,,,,,,,,,,2021-03
2021-03-03,5351,鈺創,半導體業,移出,掉出掃描母體,22.85,72.0,,1,,,,,,,,,,,2021-03
2021-03-04,2723,美食-KY,觀光事業,進榜,觸發,140.65,76.0,1.0,0,5.4,4.4,4.8,2.4,138.1,-1.8,7.4,4.9,6.7,2.7,2021-03
2021-03-04,2723,美食-KY,觀光事業,觸發,進榜即觸發,140.65,76.0,1.0,0,5.4,4.4,4.8,2.4,138.1,-1.8,7.4,4.9,6.7,2.7,2021-03
2021-03-04,1305,華夏,塑膠工業,進榜,準備,24.15,78.0,3.0,0,19.2,4.4,16.6,2.4,24.6,1.9,16.9,4.9,14.3,2.7,2021-03
2021-03-04,2006,東和鋼鐵,鋼鐵工業,進榜,準備,37.53,71.0,2.0,0,16.4,4.4,26.8,2.4,37.7,0.5,15.8,4.9,26.1,2.7,2021-03
2021-03-04,8021,尖點,其他電子業,進榜,準備,25.37,71.0,3.0,0,8.5,4.4,28.5,2.4,25.1,-0.9,9.5,4.9,29.7,2.7,2021-03
2021-03-04,2231,為升,汽車工業,進榜,準備,177.85,70.0,1.0,0,10.0,4.4,-10.2,2.4,176.7,-0.7,10.8,4.9,-9.6,2.7,2021-03
2021-03-04,2303,聯電,半導體業,移出,掉出掃描母體,38.51,94.0,,101,,,,,,,,,,,2021-03
2021-03-04,4915,致伸,電子零組件業,移出,掉出掃描母體,44.16,72.0,,31,,,,,,,,,,,2021-03
2021-03-04,8358,金居,電子零組件業,移出,晚期未觸發,45.75,71.0,,30,,,,,,,,,,,2021-03
2021-03-04,2337,旺宏,半導體業,移出,掉出掃描母體,37.51,71.0,,14,,,,,,,,,,,2021-03
2021-03-04,6224,聚鼎,電子零組件業,移出,離高點太遠,97.97,81.0,,13,,,,,,,,,,,2021-03
2021-03-04,6488,環球晶,半導體業,移出,離高點太遠,604.78,89.0,,10,,,,,,,,,,,2021-03
2021-03-04,6116,彩晶,電子工業,移出,掉出掃描母體,11.57,81.0,,9,,,,,,,,,,,2021-03
2021-03-04,8054,安國,半導體業,移出,晚期未觸發,34.75,96.0,,6,,,,,,,,,,,2021-03
2021-03-04,5223,安力-KY,電腦及週邊設備業,移出,離高點太遠,82.89,80.0,,6,,,,,,,,,,,2021-03
2021-03-05,6491,晶碩,生技醫療業,進榜,觸發,263.29,81.0,3.0,0,24.6,5.5,73.3,2.2,266.7,1.3,23.0,4.7,71.1,1.5,2021-03
2021-03-05,6491,晶碩,生技醫療業,觸發,進榜即觸發,263.29,81.0,3.0,0,24.6,5.5,73.3,2.2,266.7,1.3,23.0,4.7,71.1,1.5,2021-03
2021-03-05,5243,乙盛-KY,電子工業,進榜,準備,62.62,94.0,2.0,0,8.1,5.5,-15.3,2.2,64.4,2.8,5.1,4.7,-17.6,1.5,2021-03
2021-03-05,5439,高技,電子零組件業,進榜,準備,50.63,77.0,3.0,0,-1.5,5.5,-11.0,2.2,51.6,1.9,-3.3,4.7,-12.6,1.5,2021-03
2021-03-05,6712,長聖,生技醫療業,觸發,等待後觸發,182.66,87.0,3.0,2,53.9,5.5,37.4,2.2,200.8,10.0,39.9,4.7,25.0,1.5,2021-03
2021-03-05,8021,尖點,其他電子業,移出,掉出掃描母體,25.37,71.0,,1,,,,,,,,,,,2021-03
2021-03-05,2231,為升,汽車工業,移出,掉出掃描母體,177.85,70.0,,1,,,,,,,,,,,2021-03
2021-03-05,2375,凱美,電子工業,移出,離高點太遠,129.48,98.0,,92,,,,,,,,,,,2021-03
2021-03-05,3034,聯詠,半導體業,移出,離高點太遠,296.14,89.0,,53,,,,,,,,,,,2021-03
2021-03-05,5014,建錩,鋼鐵工業,移出,離高點太遠,12.92,90.0,,35,,,,,,,,,,,2021-03
2021-03-05,2344,華邦電,半導體業,移出,掉出掃描母體,25.48,95.0,,28,,,,,,,,,,,2021-03
2021-03-05,2408,南亞科,半導體業,移出,晚期未觸發,79.71,83.0,,15,,,,,,,,,,,2021-03
2021-03-05,3317,尼克森,半導體業,移出,掉出掃描母體,33.55,72.0,,11,,,,,,,,,,,2021-03
2021-03-05,2723,美食-KY,觀光事業,移出,掉出掃描母體,140.65,76.0,,1,,,,,,,,,,,2021-03
2021-03-08,1309,台達化,塑膠工業,進榜,觸發,28.07,86.0,5.0,0,9.7,6.3,13.0,2.4,28.2,0.6,9.0,6.1,12.3,2.3,2021-03
2021-03-08,1309,台達化,塑膠工業,觸發,進榜即觸發,28.07,86.0,5.0,0,9.7,6.3,13.0,2.4,28.2,0.6,9.0,6.1,12.3,2.3,2021-03
2021-03-08,3138,耀登,通信網路業,進榜,準備,427.01,100.0,3.0,0,-17.2,6.3,-60.6,2.4,431.4,1.0,-18.0,6.1,-61.0,2.3,2021-03
2021-03-08,2049,上銀,電機機械,進榜,準備,383.34,75.0,3.0,0,-5.9,6.3,-12.8,2.4,383.8,0.1,-6.0,6.1,-12.9,2.3,2021-03
2021-03-08,3169,亞信,半導體業,移出,離高點太遠,87.2,98.0,,40,,,,,,,,,,,2021-03
2021-03-08,8215,明基材,光電業,移出,掉出掃描母體,23.68,71.0,,33,,,,,,,,,,,2021-03
2021-03-08,4961,天鈺,電子工業,移出,離高點太遠,196.0,100.0,,32,,,,,,,,,,,2021-03
2021-03-08,2492,華新科,電子工業,移出,離高點太遠,204.72,75.0,,19,,,,,,,,,,,2021-03
2021-03-08,2415,錩新,電子工業,移出,離高點太遠,27.72,98.0,,18,,,,,,,,,,,2021-03
2021-03-08,4976,佳凌,電子工業,移出,離高點太遠,102.68,99.0,,17,,,,,,,,,,,2021-03
2021-03-08,8255,朋程,電機機械,移出,掉出掃描母體,104.92,75.0,,14,,,,,,,,,,,2021-03
2021-03-08,2027,大成鋼,鋼鐵工業,移出,掉出掃描母體,19.5,72.0,,11,,,,,,,,,,,2021-03
2021-03-08,5285,界霖,電子工業,移出,掉出掃描母體,56.56,85.0,,10,,,,,,,,,,,2021-03
2021-03-09,4760,勤凱,其他電子類,進榜,觸發,99.16,90.0,4.0,0,-1.9,7.1,-8.0,1.7,101.4,2.3,-4.1,6.6,-10.0,1.5,2021-03
2021-03-09,4760,勤凱,其他電子類,觸發,進榜即觸發,99.16,90.0,4.0,0,-1.9,7.1,-8.0,1.7,101.4,2.3,-4.1,6.6,-10.0,1.5,2021-03
2021-03-09,1909,榮成,造紙工業,進榜,觸發,23.65,88.0,5.0,0,-3.2,7.1,-4.3,1.7,23.7,0.2,-3.4,6.6,-4.5,1.5,2021-03
2021-03-09,1909,榮成,造紙工業,觸發,進榜即觸發,23.65,88.0,5.0,0,-3.2,7.1,-4.3,1.7,23.7,0.2,-3.4,6.6,-4.5,1.5,2021-03
2021-03-09,3211,順達,電腦及週邊設備業,進榜,準備,71.28,71.0,2.0,0,15.9,7.1,-2.3,1.7,72.6,1.8,13.8,6.6,-4.0,1.5,2021-03
2021-03-09,2049,上銀,電機機械,移出,掉出掃描母體,383.34,75.0,,1,,,,,,,,,,,2021-03
2021-03-09,4968,立積,電子工業,移出,離高點太遠,363.86,96.0,,120,,,,,,,,,,,2021-03
2021-03-09,8046,南電,電子工業,移出,離高點太遠,235.98,94.0,,103,,,,,,,,,,,2021-03
2021-03-09,2428,興勤,電子工業,移出,離高點太遠,148.49,81.0,,56,,,,,,,,,,,2021-03
2021-03-09,8924,大田,其他,移出,離高點太遠,53.87,90.0,,32,,,,,,,,,,,2021-03
2021-03-09,3419,譁裕,電子工業,移出,掉出掃描母體,19.77,71.0,,14,,,,,,,,,,,2021-03
2021-03-10,6283,淳安,其他電子業,進榜,觸發,47.6,89.0,3.0,0,37.2,6.7,-2.4,1.1,48.0,0.8,36.0,6.4,-3.2,1.1,2021-03
2021-03-10,6283,淳安,其他電子業,觸發,進榜即觸發,47.6,89.0,3.0,0,37.2,6.7,-2.4,1.1,48.0,0.8,36.0,6.4,-3.2,1.1,2021-03
2021-03-10,2013,中鋼構,鋼鐵工業,進榜,準備,33.75,79.0,3.0,0,4.3,6.7,-1.4,1.1,33.9,0.3,3.9,6.4,-1.7,1.1,2021-03
2021-03-10,2317,鴻海,其他電子業,進榜,準備,92.32,79.0,2.0,0,3.9,6.7,-4.3,1.1,93.1,0.9,3.0,6.4,-5.2,1.1,2021-03
2021-03-10,6472,保瑞,生技醫療業,進榜,準備,84.86,76.0,3.0,0,26.7,6.7,33.0,1.1,85.5,0.8,25.7,6.4,32.0,1.1,2021-03
2021-03-10,6670,復盛應用,其他,進榜,準備,166.05,74.0,2.0,0,-3.5,6.7,-7.3,1.1,164.3,-1.0,-2.5,6.4,-6.3,1.1,2021-03
2021-03-10,8016,矽創,半導體業,移出,掉出掃描母體,118.71,71.0,,12,,,,,,,,,,,2021-03
2021-03-10,3138,耀登,通信網路業,移出,晚期未觸發,394.43,100.0,,2,,,,,,,,,,,2021-03
2021-03-11,6485,點序,半導體業,進榜,觸發,90.54,99.0,2.0,0,35.9,6.5,14.4,0.7,91.4,1.0,34.6,6.3,13.3,0.8,2021-03
2021-03-11,6485,點序,半導體業,觸發,進榜即觸發,90.54,99.0,2.0,0,35.9,6.5,14.4,0.7,91.4,1.0,34.6,6.3,13.3,0.8,2021-03
2021-03-11,2486,一詮,光電業,進榜,觸發,22.69,93.0,4.0,0,55.4,6.5,25.3,0.7,23.1,1.8,52.6,6.3,23.0,0.8,2021-03
2021-03-11,2486,一詮,光電業,觸發,進榜即觸發,22.69,93.0,4.0,0,55.4,6.5,25.3,0.7,23.1,1.8,52.6,6.3,23.0,0.8,2021-03
2021-03-11,8040,九暘,半導體業,進榜,準備,31.72,96.0,3.0,0,82.5,6.5,36.6,0.7,34.9,10.0,65.9,6.3,24.2,0.8,2021-03
2021-03-11,5285,界霖,電子工業,進榜,準備,60.55,84.0,3.0,0,8.1,6.5,4.3,0.7,61.8,2.0,5.9,6.3,2.2,0.8,2021-03
2021-03-11,4915,致伸,電子零組件業,進榜,準備,47.56,77.0,2.0,0,-6.4,6.5,-21.2,0.7,47.3,-0.5,-6.0,6.3,-20.8,0.8,2021-03
2021-03-11,6472,保瑞,生技醫療業,移出,掉出掃描母體,84.86,76.0,,1,,,,,,,,,,,2021-03
2021-03-11,6670,復盛應用,其他,移出,掉出掃描母體,166.05,74.0,,1,,,,,,,,,,,2021-03
2021-03-12,3169,亞信,半導體業,進榜,觸發,112.82,99.0,2.0,0,30.8,5.6,0.0,0.4,121.9,8.1,21.0,5.3,-7.5,0.4,2021-03
2021-03-12,3169,亞信,半導體業,觸發,進榜即觸發,112.82,99.0,2.0,0,30.8,5.6,0.0,0.4,121.9,8.1,21.0,5.3,-7.5,0.4,2021-03
2021-03-12,3545,敦泰,電子工業,進榜,觸發,95.04,97.0,6.0,0,64.6,5.6,101.6,0.4,97.4,2.4,60.7,5.3,96.8,0.4,2021-03
2021-03-12,3545,敦泰,電子工業,觸發,進榜即觸發,95.04,97.0,6.0,0,64.6,5.6,101.6,0.4,97.4,2.4,60.7,5.3,96.8,0.4,2021-03
2021-03-12,6457,紘康,半導體業,進榜,觸發,98.71,95.0,3.0,0,51.4,5.6,23.7,0.4,100.7,2.0,48.4,5.3,21.2,0.4,2021-03
2021-03-12,6457,紘康,半導體業,觸發,進榜即觸發,98.71,95.0,3.0,0,51.4,5.6,23.7,0.4,100.7,2.0,48.4,5.3,21.2,0.4,2021-03
2021-03-12,8431,匯鑽科,其他電子類,進榜,準備,77.34,78.0,1.0,0,-12.5,5.6,-33.3,0.4,77.9,0.7,-13.1,5.3,-33.7,0.4,2021-03
2021-03-12,2354,鴻準,其他電子業,進榜,準備,62.1,73.0,2.0,0,-1.6,5.6,-13.5,0.4,62.2,0.1,-1.8,5.3,-13.6,0.4,2021-03
2021-03-12,8040,九暘,半導體業,觸發,等待後觸發,34.89,97.0,3.0,1,51.3,5.6,28.6,0.4,36.3,4.1,45.3,5.3,23.5,0.4,2021-03
2021-03-12,2006,東和鋼鐵,鋼鐵工業,移出,掉出掃描母體,39.15,70.0,,8,,,,,,,,,,,2021-03
2021-03-15,4961,天鈺,電子工業,進榜,觸發,243.44,100.0,3.0,0,43.7,3.8,37.3,0.1,256.5,5.4,36.4,3.6,30.3,0.0,2021-03
2021-03-15,4961,天鈺,電子工業,觸發,進榜即觸發,243.44,100.0,3.0,0,43.7,3.8,37.3,0.1,256.5,5.4,36.4,3.6,30.3,0.0,2021-03
2021-03-15,2609,陽明,航運業,進榜,觸發,14.8,98.0,4.0,0,45.4,3.8,253.0,0.1,14.7,-0.6,46.3,3.6,255.3,0.0,2021-03
2021-03-15,2609,陽明,航運業,觸發,進榜即觸發,14.8,98.0,4.0,0,45.4,3.8,253.0,0.1,14.7,-0.6,46.3,3.6,255.3,0.0,2021-03
2021-03-15,6284,佳邦,電子零組件業,進榜,觸發,72.36,92.0,5.0,0,-15.4,3.8,-27.7,0.1,74.1,2.4,-17.4,3.6,-29.4,0.0,2021-03
2021-03-15,6284,佳邦,電子零組件業,觸發,進榜即觸發,72.36,92.0,5.0,0,-15.4,3.8,-27.7,0.1,74.1,2.4,-17.4,3.6,-29.4,0.0,2021-03
2021-03-15,3048,益登,電子通路業,進榜,觸發,23.26,89.0,2.0,0,6.2,3.8,-0.1,0.1,23.5,0.9,5.2,3.6,-1.0,0.0,2021-03
2021-03-15,3048,益登,電子通路業,觸發,進榜即觸發,23.26,89.0,2.0,0,6.2,3.8,-0.1,0.1,23.5,0.9,5.2,3.6,-1.0,0.0,2021-03
2021-03-15,8261,富鼎,半導體業,進榜,觸發,47.73,88.0,5.0,0,6.9,3.8,21.4,0.1,49.3,3.3,3.5,3.6,17.5,0.0,2021-03
2021-03-15,8261,富鼎,半導體業,觸發,進榜即觸發,47.73,88.0,5.0,0,6.9,3.8,21.4,0.1,49.3,3.3,3.5,3.6,17.5,0.0,2021-03
2021-03-15,6016,康和證,金融業,進榜,觸發,9.03,78.0,3.0,0,1.3,3.8,-0.6,0.1,9.1,0.6,0.6,3.6,-1.3,0.0,2021-03
2021-03-15,6016,康和證,金融業,觸發,進榜即觸發,9.03,78.0,3.0,0,1.3,3.8,-0.6,0.1,9.1,0.6,0.6,3.6,-1.3,0.0,2021-03
2021-03-15,6138,茂達,半導體業,進榜,準備,90.37,78.0,3.0,0,15.0,3.8,23.3,0.1,90.4,0.0,15.0,3.6,23.3,0.0,2021-03
2021-03-15,3317,尼克森,半導體業,進榜,準備,35.34,72.0,3.0,0,2.4,3.8,16.3,0.1,35.1,-0.7,3.1,3.6,17.1,0.0,2021-03
2021-03-15,8112,至上,電子工業,進榜,準備,25.39,70.0,2.0,0,7.7,3.8,3.1,0.1,25.5,0.4,7.3,3.6,2.8,0.0,2021-03
2021-03-15,1304,台聚,塑膠工業,觸發,等待後觸發,21.02,88.0,3.0,25,13.0,3.8,39.3,0.1,20.9,-0.4,13.4,3.6,39.9,0.0,2021-03
2021-03-15,3260,威剛,半導體業,移出,掉出掃描母體,60.37,72.0,,21,,,,,,,,,,,2021-03
2021-03-15,3483,力致,電腦及週邊設備業,移出,掉出掃描母體,71.02,73.0,,17,,,,,,,,,,,2021-03
2021-03-16,3149,正達,電子工業,進榜,觸發,42.22,97.0,4.0,0,40.9,4.6,-0.9,0.0,44.2,4.6,34.7,4.3,-5.3,0.0,2021-03
2021-03-16,3149,正達,電子工業,觸發,進榜即觸發,42.22,97.0,4.0,0,40.9,4.6,-0.9,0.0,44.2,4.6,34.7,4.3,-5.3,0.0,2021-03
2021-03-16,6237,驊訊,半導體業,進榜,觸發,105.08,96.0,4.0,0,39.8,4.6,14.9,0.0,108.4,3.2,35.5,4.3,11.4,0.0,2021-03
2021-03-16,6237,驊訊,半導體業,觸發,進榜即觸發,105.08,96.0,4.0,0,39.8,4.6,14.9,0.0,108.4,3.2,35.5,4.3,11.4,0.0,2021-03
2021-03-16,8054,安國,半導體業,進榜,觸發,42.29,96.0,3.0,0,13.7,4.6,0.2,0.0,46.5,9.8,3.5,4.3,-8.8,0.0,2021-03
2021-03-16,8054,安國,半導體業,觸發,進榜即觸發,42.29,96.0,3.0,0,13.7,4.6,0.2,0.0,46.5,9.8,3.5,4.3,-8.8,0.0,2021-03
2021-03-16,5371,中光電,光電業,進榜,觸發,41.09,79.0,1.0,0,8.9,4.6,14.8,0.0,42.5,3.3,5.4,4.3,11.1,0.0,2021-03
2021-03-16,5371,中光電,光電業,觸發,進榜即觸發,41.09,79.0,1.0,0,8.9,4.6,14.8,0.0,42.5,3.3,5.4,4.3,11.1,0.0,2021-03
2021-03-16,6411,晶焱,半導體業,進榜,觸發,96.74,78.0,1.0,0,20.8,4.6,2.8,0.0,99.8,3.2,17.1,4.3,-0.4,0.0,2021-03
2021-03-16,6411,晶焱,半導體業,觸發,進榜即觸發,96.74,78.0,1.0,0,20.8,4.6,2.8,0.0,99.8,3.2,17.1,4.3,-0.4,0.0,2021-03
2021-03-16,5608,四維航,航運業,進榜,準備,11.02,92.0,2.0,0,64.6,4.6,187.0,0.0,11.2,1.4,62.3,4.3,182.9,0.0,2021-03
2021-03-16,8016,矽創,半導體業,進榜,準備,141.83,86.0,1.0,0,4.4,4.6,28.4,0.0,145.0,2.2,2.2,4.3,25.6,0.0,2021-03
2021-03-16,8021,尖點,其他電子業,進榜,準備,26.54,71.0,3.0,0,26.3,4.6,15.4,0.0,26.8,0.9,25.2,4.3,14.4,0.0,2021-03
2021-03-16,3317,尼克森,半導體業,移出,掉出掃描母體,35.34,72.0,,1,,,,,,,,,,,2021-03
2021-03-16,2352,佳世達,電腦及週邊設備業,移出,掉出掃描母體,25.44,74.0,,104,,,,,,,,,,,2021-03
2021-03-16,1802,台玻,玻璃陶瓷,移出,掉出掃描母體,17.94,82.0,,19,,,,,,,,,,,2021-03
2021-03-16,1612,宏泰,電器電纜,移出,掉出掃描母體,14.13,79.0,,19,,,,,,,,,,,2021-03
2021-03-16,3048,益登,電子通路業,移出,突破失敗,21.34,84.0,,1,,,,,,,,,,,2021-03
2021-03-17,6531,愛普*,半導體業,進榜,觸發,382.0,96.0,3.0,0,-13.7,5.1,-18.1,0.0,391.0,2.4,-15.7,4.7,-20.0,0.0,2021-03
2021-03-17,6531,愛普*,半導體業,觸發,進榜即觸發,382.0,96.0,3.0,0,-13.7,5.1,-18.1,0.0,391.0,2.4,-15.7,4.7,-20.0,0.0,2021-03
2021-03-17,2457,飛宏,電子工業,進榜,觸發,20.56,89.0,4.0,0,72.1,5.1,72.8,0.0,21.6,5.2,63.6,4.7,64.3,0.0,2021-03
2021-03-17,2457,飛宏,電子工業,觸發,進榜即觸發,20.56,89.0,4.0,0,72.1,5.1,72.8,0.0,21.6,5.2,63.6,4.7,64.3,0.0,2021-03
2021-03-17,2399,映泰,電子工業,進榜,觸發,18.1,80.0,4.0,0,82.4,5.1,46.7,0.0,19.9,9.8,66.1,4.7,33.6,0.0,2021-03
2021-03-17,2399,映泰,電子工業,觸發,進榜即觸發,18.1,80.0,4.0,0,82.4,5.1,46.7,0.0,19.9,9.8,66.1,4.7,33.6,0.0,2021-03
2021-03-17,4912,聯德控股-KY,電子工業,進榜,觸發,138.93,79.0,2.0,0,1.6,5.1,-9.5,0.0,136.7,-1.6,3.2,4.7,-8.0,0.0,2021-03
2021-03-17,4912,聯德控股-KY,電子工業,觸發,進榜即觸發,138.93,79.0,2.0,0,1.6,5.1,-9.5,0.0,136.7,-1.6,3.2,4.7,-8.0,0.0,2021-03
2021-03-17,3092,鴻碩,電子零組件業,進榜,準備,74.17,91.0,3.0,0,-9.7,5.1,-15.7,0.0,74.1,-0.1,-9.6,4.7,-15.6,0.0,2021-03
2021-03-17,5871,中租-KY,其他,進榜,準備,128.21,70.0,1.0,0,9.9,5.1,8.6,0.0,128.2,0.0,9.9,4.7,8.6,0.0,2021-03
2021-03-17,2354,鴻準,其他電子業,移出,掉出掃描母體,61.42,71.0,,5,,,,,,,,,,,2021-03
2021-03-17,8112,至上,電子工業,移出,掉出掃描母體,25.51,70.0,,2,,,,,,,,,,,2021-03
2021-03-17,8021,尖點,其他電子業,移出,掉出掃描母體,26.54,71.0,,1,,,,,,,,,,,2021-03
2021-03-17,5439,高技,電子零組件業,移出,掉出掃描母體,51.33,73.0,,12,,,,,,,,,,,2021-03
2021-03-17,8431,匯鑽科,其他電子類,移出,掉出掃描母體,75.12,72.0,,5,,,,,,,,,,,2021-03
2021-03-17,6237,驊訊,半導體業,移出,突破失敗,95.1,95.0,,1,,,,,,,,,,,2021-03
2021-03-18,2603,長榮,航運業,進榜,觸發,33.07,92.0,3.0,0,63.3,5.5,220.5,0.0,32.7,-1.2,65.2,5.8,224.4,-0.2,2021-03
2021-03-18,2603,長榮,航運業,觸發,進榜即觸發,33.07,92.0,3.0,0,63.3,5.5,220.5,0.0,32.7,-1.2,65.2,5.8,224.4,-0.2,2021-03
2021-03-18,3094,聯傑,半導體業,進榜,觸發,36.21,90.0,4.0,0,-6.0,5.5,-17.2,0.0,36.3,0.2,-6.2,5.8,-17.4,-0.2,2021-03
2021-03-18,3094,聯傑,半導體業,觸發,進榜即觸發,36.21,90.0,4.0,0,-6.0,5.5,-17.2,0.0,36.3,0.2,-6.2,5.8,-17.4,-0.2,2021-03
2021-03-18,3605,宏致,電子工業,進榜,觸發,44.13,84.0,4.0,0,-5.5,5.5,-12.6,0.0,43.8,-0.8,-4.7,5.8,-11.9,-0.2,2021-03
2021-03-18,3605,宏致,電子工業,觸發,進榜即觸發,44.13,84.0,4.0,0,-5.5,5.5,-12.6,0.0,43.8,-0.8,-4.7,5.8,-11.9,-0.2,2021-03
2021-03-18,2357,華碩,電子工業,進榜,觸發,236.57,73.0,1.0,0,7.7,5.5,8.4,0.0,243.2,2.8,4.8,5.8,5.4,-0.2,2021-03
2021-03-18,2357,華碩,電子工業,觸發,進榜即觸發,236.57,73.0,1.0,0,7.7,5.5,8.4,0.0,243.2,2.8,4.8,5.8,5.4,-0.2,2021-03
2021-03-18,3034,聯詠,半導體業,進榜,準備,339.98,94.0,3.0,0,9.8,5.5,-5.4,0.0,334.3,-1.7,11.7,5.8,-3.8,-0.2,2021-03
2021-03-18,1568,倉佑,汽車工業,進榜,準備,26.93,89.0,3.0,0,0.0,5.5,-24.7,0.0,26.8,-0.5,0.5,5.8,-24.3,-0.2,2021-03
2021-03-18,2641,正德,航運業,進榜,準備,10.41,81.0,3.0,0,28.1,5.5,108.9,0.0,10.4,0.0,28.1,5.8,108.9,-0.2,2021-03
2021-03-18,2489,瑞軒,光電業,進榜,準備,15.15,77.0,2.0,0,13.2,5.5,0.9,0.0,15.0,-0.9,14.2,5.8,1.8,-0.2,2021-03
2021-03-18,6525,捷敏-KY,半導體業,進榜,準備,61.86,75.0,2.0,0,-5.2,5.5,-8.8,0.0,61.6,-0.5,-4.8,5.8,-8.4,-0.2,2021-03
2021-03-18,3003,健和興,電子工業,進榜,準備,52.0,73.0,2.0,0,28.4,5.5,29.2,0.0,51.7,-0.7,29.2,5.8,30.1,-0.2,2021-03
2021-03-18,5439,高技,電子零組件業,進榜,準備,51.96,72.0,3.0,0,-0.5,5.5,-4.7,0.0,52.0,0.0,-0.5,5.8,-4.7,-0.2,2021-03
2021-03-18,2354,鴻準,其他電子業,進榜,準備,63.37,70.0,2.0,0,-4.9,5.5,-13.6,0.0,62.9,-0.8,-4.2,5.8,-12.9,-0.2,2021-03
2021-03-18,5608,四維航,航運業,觸發,等待後觸發,12.34,93.0,2.0,2,77.7,5.5,210.0,0.0,13.0,5.2,69.0,5.8,194.8,-0.2,2021-03
2021-03-18,3211,順達,電腦及週邊設備業,觸發,等待後觸發,82.62,80.0,2.0,9,-5.5,5.5,-17.6,0.0,82.6,0.0,-5.5,5.8,-17.6,-0.2,2021-03
2021-03-18,5285,界霖,電子工業,觸發,等待後觸發,66.25,85.0,3.0,7,0.7,5.5,-4.3,0.0,66.9,1.0,-0.2,5.8,-5.2,-0.2,2021-03
2021-03-18,5871,中租-KY,其他,移出,掉出掃描母體,128.21,70.0,,1,,,,,,,,,,,2021-03
2021-03-18,2472,立隆電,電子工業,移出,掉出掃描母體,61.97,74.0,,70,,,,,,,,,,,2021-03
2021-03-18,1909,榮成,造紙工業,移出,掉出掃描母體,22.23,75.0,,9,,,,,,,,,,,2021-03
2021-03-18,2013,中鋼構,鋼鐵工業,移出,掉出掃描母體,32.81,74.0,,8,,,,,,,,,,,2021-03
2021-03-19,8183,精星,其他電子類,進榜,觸發,36.34,95.0,4.0,0,19.8,6.0,-1.6,0.0,38.9,7.0,11.9,5.9,-8.1,0.0,2021-03
2021-03-19,8183,精星,其他電子類,觸發,進榜即觸發,36.34,95.0,4.0,0,19.8,6.0,-1.6,0.0,38.9,7.0,11.9,5.9,-8.1,0.0,2021-03
2021-03-19,3058,立德,電子零組件業,進榜,觸發,14.83,90.0,5.0,0,33.0,6.0,-2.2,0.0,15.4,4.1,27.7,5.9,-6.1,0.0,2021-03
2021-03-19,3058,立德,電子零組件業,觸發,進榜即觸發,14.83,90.0,5.0,0,33.0,6.0,-2.2,0.0,15.4,4.1,27.7,5.9,-6.1,0.0,2021-03
2021-03-19,3346,麗清,汽車工業,進榜,觸發,50.68,86.0,4.0,0,2.6,6.0,-24.5,0.0,54.3,7.1,-4.2,5.9,-29.5,0.0,2021-03
2021-03-19,3346,麗清,汽車工業,觸發,進榜即觸發,50.68,86.0,4.0,0,2.6,6.0,-24.5,0.0,54.3,7.1,-4.2,5.9,-29.5,0.0,2021-03
2021-03-19,2460,建通,電子工業,進榜,準備,29.09,91.0,3.0,0,40.4,6.0,17.9,0.0,29.8,2.5,36.9,5.9,15.0,0.0,2021-03
2021-03-19,2637,慧洋-KY,航運業,進榜,準備,22.58,71.0,1.0,0,53.1,6.0,134.4,0.0,22.9,1.6,50.8,5.9,130.8,0.0,2021-03
2021-03-19,4956,光鋐,電子工業,進榜,準備,26.08,70.0,3.0,0,2.2,6.0,-12.5,0.0,25.8,-1.1,3.4,5.9,-11.6,0.0,2021-03
2021-03-19,2354,鴻準,其他電子業,移出,掉出掃描母體,63.37,70.0,,1,,,,,,,,,,,2021-03
2021-03-19,2103,台橡,橡膠工業,移出,掉出掃描母體,22.27,70.0,,28,,,,,,,,,,,2021-03
2021-03-19,6284,佳邦,電子零組件業,移出,離高點太遠,67.33,89.0,,4,,,,,,,,,,,2021-03
2021-03-22,2615,萬海,航運業,進榜,觸發,32.93,93.0,4.0,0,64.4,5.3,315.6,-0.2,33.2,0.7,63.2,5.1,312.6,-0.5,2021-03
2021-03-22,2615,萬海,航運業,觸發,進榜即觸發,32.93,93.0,4.0,0,64.4,5.3,315.6,-0.2,33.2,0.7,63.2,5.1,312.6,-0.5,2021-03
2021-03-22,6203,海韻電,電子零組件業,進榜,觸發,87.75,88.0,4.0,0,-9.4,5.3,-12.5,-0.2,83.3,-5.1,-4.5,5.1,-7.9,-0.5,2021-03
2021-03-22,6203,海韻電,電子零組件業,觸發,進榜即觸發,87.75,88.0,4.0,0,-9.4,5.3,-12.5,-0.2,83.3,-5.1,-4.5,5.1,-7.9,-0.5,2021-03
2021-03-22,3707,漢磊,半導體業,進榜,觸發,55.47,87.0,4.0,0,31.4,5.3,54.3,-0.2,57.7,4.1,26.3,5.1,48.3,-0.5,2021-03
2021-03-22,3707,漢磊,半導體業,觸發,進榜即觸發,55.47,87.0,4.0,0,31.4,5.3,54.3,-0.2,57.7,4.1,26.3,5.1,48.3,-0.5,2021-03
2021-03-22,6127,九豪,電子零組件業,進榜,觸發,28.25,82.0,6.0,0,22.0,5.3,-5.8,-0.2,28.2,-0.2,22.2,5.1,-5.6,-0.5,2021-03
2021-03-22,6127,九豪,電子零組件業,觸發,進榜即觸發,28.25,82.0,6.0,0,22.0,5.3,-5.8,-0.2,28.2,-0.2,22.2,5.1,-5.6,-0.5,2021-03
2021-03-22,2605,新興,航運業,進榜,準備,18.92,74.0,2.0,0,35.9,5.3,43.5,-0.2,18.8,-0.7,36.8,5.1,44.4,-0.5,2021-03
2021-03-22,3062,建漢,通信網路業,進榜,準備,22.09,73.0,2.0,0,-5.8,5.3,-16.1,-0.2,22.1,0.0,-5.8,5.1,-16.1,-0.5,2021-03
2021-03-22,2354,鴻準,其他電子業,進榜,準備,62.7,72.0,2.0,0,-4.3,5.3,-11.2,-0.2,64.4,2.7,-6.8,5.1,-13.6,-0.5,2021-03
2021-03-22,2460,建通,電子工業,觸發,等待後觸發,31.99,94.0,3.0,3,31.5,5.3,2.8,-0.2,32.6,2.0,28.9,5.1,0.8,-0.5,2021-03
2021-03-22,4956,光鋐,電子工業,移出,掉出掃描母體,26.08,70.0,,3,,,,,,,,,,,2021-03
2021-03-22,1304,台聚,塑膠工業,移出,掉出掃描母體,19.51,73.0,,32,,,,,,,,,,,2021-03
2021-03-22,1309,台達化,塑膠工業,移出,掉出掃描母體,29.93,72.0,,14,,,,,,,,,,,2021-03
2021-03-22,3092,鴻碩,電子零組件業,移出,晚期未觸發,66.53,86.0,,5,,,,,,,,,,,2021-03
2021-03-22,6531,愛普*,半導體業,移出,突破失敗,345.47,94.0,,5,,,,,,,,,,,2021-03
2021-03-22,3605,宏致,電子工業,移出,突破失敗,40.5,76.0,,4,,,,,,,,,,,2021-03
2021-03-23,3711,日月光投控,半導體業,進榜,準備,82.84,84.0,2.0,0,0.0,4.2,4.6,-0.5,82.8,0.0,0.0,4.2,4.6,-0.4,2021-03
2021-03-23,3005,神基,電子工業,進榜,準備,47.18,70.0,2.0,0,-9.4,4.2,-16.7,-0.5,46.8,-0.9,-8.6,4.2,-15.9,-0.4,2021-03
2021-03-23,8150,南茂,電子工業,進榜,準備,32.73,70.0,2.0,0,7.3,4.2,6.9,-0.5,32.6,-0.5,7.7,4.2,7.4,-0.4,2021-03
2021-03-23,3062,建漢,通信網路業,移出,掉出掃描母體,22.09,73.0,,1,,,,,,,,,,,2021-03
2021-03-23,2331,精英,電子工業,移出,離高點太遠,26.73,94.0,,96,,,,,,,,,,,2021-03
2021-03-23,6712,長聖,生技醫療業,移出,離高點太遠,216.71,89.0,,20,,,,,,,,,,,2021-03
2021-03-23,8054,安國,半導體業,移出,離高點太遠,42.34,96.0,,7,,,,,,,,,,,2021-03
2021-03-23,6203,海韻電,電子零組件業,移出,突破失敗,79.15,81.0,,1,,,,,,,,,,,2021-03
2021-03-23,3707,漢磊,半導體業,移出,突破失敗,50.87,85.0,,1,,,,,,,,,,,2021-03
2021-03-24,6547,高端疫苗,生技醫療業,進榜,觸發,167.17,98.0,3.0,0,5.2,4.6,2.6,-0.4,180.3,7.8,-2.4,4.5,-4.8,-0.9,2021-03
2021-03-24,6547,高端疫苗,生技醫療業,觸發,進榜即觸發,167.17,98.0,3.0,0,5.2,4.6,2.6,-0.4,180.3,7.8,-2.4,4.5,-4.8,-0.9,2021-03
2021-03-24,3588,通嘉,半導體業,進榜,觸發,58.15,91.0,6.0,0,2.9,4.6,-1.5,-0.4,61.5,5.8,-2.7,4.5,-6.9,-0.9,2021-03
2021-03-24,3588,通嘉,半導體業,觸發,進榜即觸發,58.15,91.0,6.0,0,2.9,4.6,-1.5,-0.4,61.5,5.8,-2.7,4.5,-6.9,-0.9,2021-03
2021-03-24,3419,譁裕,電子工業,進榜,觸發,22.74,80.0,3.0,0,2.1,4.6,-22.4,-0.4,23.7,4.0,-1.8,4.5,-25.4,-0.9,2021-03
2021-03-24,3419,譁裕,電子工業,觸發,進榜即觸發,22.74,80.0,3.0,0,2.1,4.6,-22.4,-0.4,23.7,4.0,-1.8,4.5,-25.4,-0.9,2021-03
2021-03-24,3622,洋華,光電業,進榜,觸發,30.37,74.0,3.0,0,12.7,4.6,-18.4,-0.4,30.6,0.7,12.0,4.5,-19.0,-0.9,2021-03
2021-03-24,3622,洋華,光電業,觸發,進榜即觸發,30.37,74.0,3.0,0,12.7,4.6,-18.4,-0.4,30.6,0.7,12.0,4.5,-19.0,-0.9,2021-03
2021-03-24,8150,南茂,電子工業,移出,掉出掃描母體,32.73,70.0,,1,,,,,,,,,,,2021-03
2021-03-24,6129,普誠,半導體業,移出,離高點太遠,36.0,99.0,,28,,,,,,,,,,,2021-03
2021-03-24,8040,九暘,半導體業,移出,離高點太遠,48.86,99.0,,13,,,,,,,,,,,2021-03
2021-03-24,5608,四維航,航運業,移出,離高點太遠,13.65,95.0,,8,,,,,,,,,,,2021-03
2021-03-24,2641,正德,航運業,移出,晚期未觸發,10.45,84.0,,6,,,,,,,,,,,2021-03
2021-03-24,2489,瑞軒,光電業,移出,離高點太遠,15.29,79.0,,6,,,,,,,,,,,2021-03
2021-03-24,5439,高技,電子零組件業,移出,掉出掃描母體,50.71,72.0,,6,,,,,,,,,,,2021-03
2021-03-24,2605,新興,航運業,移出,掉出掃描母體,17.93,71.0,,2,,,,,,,,,,,2021-03
2021-03-25,6589,台康生技,生技醫療業,進榜,觸發,109.74,93.0,4.0,0,24.8,5.7,41.2,0.0,99.0,-9.8,38.5,5.4,56.6,-0.4,2021-03
2021-03-25,6589,台康生技,生技醫療業,觸發,進榜即觸發,109.74,93.0,4.0,0,24.8,5.7,41.2,0.0,99.0,-9.8,38.5,5.4,56.6,-0.4,2021-03
2021-03-25,2454,聯發科,半導體業,進榜,準備,669.1,76.0,3.0,0,12.8,5.7,-0.8,0.0,670.5,0.2,12.5,5.4,-1.1,-0.4,2021-03
2021-03-25,2723,美食-KY,觀光事業,進榜,準備,147.86,76.0,2.0,0,5.4,5.7,0.3,0.0,149.1,0.9,4.5,5.4,-0.6,-0.4,2021-03
2021-03-25,3005,神基,電子工業,移出,掉出掃描母體,47.11,70.0,,2,,,,,,,,,,,2021-03
2021-03-25,4915,致伸,電子零組件業,移出,掉出掃描母體,45.9,72.0,,14,,,,,,,,,,,2021-03
2021-03-25,2615,萬海,航運業,移出,突破失敗,30.15,92.0,,3,,,,,,,,,,,2021-03
2021-03-25,6127,九豪,電子零組件業,移出,突破失敗,25.64,74.0,,3,,,,,,,,,,,2021-03
2021-03-25,3622,洋華,光電業,移出,掉出掃描母體,30.37,74.0,,1,,,,,,,,,,,2021-03
2021-03-26,1440,南紡,紡織纖維,進榜,觸發,16.58,75.0,3.0,0,41.3,5.3,42.6,0.0,17.6,6.0,33.3,4.9,34.6,-0.3,2021-03
2021-03-26,1440,南紡,紡織纖維,觸發,進榜即觸發,16.58,75.0,3.0,0,41.3,5.3,42.6,0.0,17.6,6.0,33.3,4.9,34.6,-0.3,2021-03
2021-03-26,9914,美利達,其他,進榜,觸發,283.34,73.0,3.0,0,-4.7,5.3,-8.5,0.0,281.7,-0.6,-4.1,4.9,-8.0,-0.3,2021-03
2021-03-26,9914,美利達,其他,觸發,進榜即觸發,283.34,73.0,3.0,0,-4.7,5.3,-8.5,0.0,281.7,-0.6,-4.1,4.9,-8.0,-0.3,2021-03
2021-03-26,1409,新纖,紡織纖維,進榜,觸發,12.4,72.0,2.0,0,30.7,5.3,31.6,0.0,12.7,2.7,27.3,4.9,28.2,-0.3,2021-03
2021-03-26,1409,新纖,紡織纖維,觸發,進榜即觸發,12.4,72.0,2.0,0,30.7,5.3,31.6,0.0,12.7,2.7,27.3,4.9,28.2,-0.3,2021-03
2021-03-26,3362,先進光,光電業,進榜,準備,80.57,95.0,1.0,0,17.3,5.3,18.4,0.0,81.9,1.7,15.4,4.9,16.4,-0.3,2021-03
2021-03-26,8150,南茂,電子工業,進榜,準備,33.14,73.0,2.0,0,9.4,5.3,8.0,0.0,33.5,1.2,8.1,4.9,6.6,-0.3,2021-03
2021-03-26,6138,茂達,半導體業,觸發,等待後觸發,107.69,88.0,3.0,11,0.0,5.3,17.5,0.0,109.6,1.7,-1.7,4.9,15.5,-0.3,2021-03
2021-03-26,2723,美食-KY,觀光事業,移出,掉出掃描母體,147.86,76.0,,1,,,,,,,,,,,2021-03
2021-03-26,3023,信邦,電子零組件業,移出,掉出掃描母體,223.34,71.0,,79,,,,,,,,,,,2021-03
2021-03-29,6712,長聖,生技醫療業,進榜,觸發,267.21,94.0,3.0,0,-6.2,4.8,-9.5,0.0,271.8,1.7,-7.7,4.6,-11.0,-0.4,2021-03
2021-03-29,6712,長聖,生技醫療業,觸發,進榜即觸發,267.21,94.0,3.0,0,-6.2,4.8,-9.5,0.0,271.8,1.7,-7.7,4.6,-11.0,-0.4,2021-03
2021-03-29,3178,公準,電機機械,進榜,觸發,89.78,89.0,4.0,0,-19.5,4.8,-21.4,0.0,95.2,6.0,-24.0,4.6,-25.8,-0.4,2021-03
2021-03-29,3178,公準,電機機械,觸發,進榜即觸發,89.78,89.0,4.0,0,-19.5,4.8,-21.4,0.0,95.2,6.0,-24.0,4.6,-25.8,-0.4,2021-03
2021-03-29,3305,昇貿,其他電子業,進榜,觸發,36.52,84.0,3.0,0,10.6,4.8,10.0,0.0,37.5,2.7,7.7,4.6,7.1,-0.4,2021-03
2021-03-29,3305,昇貿,其他電子業,觸發,進榜即觸發,36.52,84.0,3.0,0,10.6,4.8,10.0,0.0,37.5,2.7,7.7,4.6,7.1,-0.4,2021-03
2021-03-29,6116,彩晶,電子工業,進榜,觸發,13.59,76.0,4.0,0,90.4,4.8,48.2,0.0,13.7,1.0,88.6,4.6,46.7,-0.4,2021-03
2021-03-29,6116,彩晶,電子工業,觸發,進榜即觸發,13.59,76.0,4.0,0,90.4,4.8,48.2,0.0,13.7,1.0,88.6,4.6,46.7,-0.4,2021-03
2021-03-29,5299,杰力,半導體業,進榜,觸發,120.04,73.0,2.0,0,11.4,4.8,3.1,0.0,121.2,0.9,10.4,4.6,2.1,-0.4,2021-03
2021-03-29,5299,杰力,半導體業,觸發,進榜即觸發,120.04,73.0,2.0,0,11.4,4.8,3.1,0.0,121.2,0.9,10.4,4.6,2.1,-0.4,2021-03
2021-03-29,3592,瑞鼎,電子工業,進榜,準備,259.36,100.0,2.0,0,17.9,4.8,-11.3,0.0,257.4,-0.8,18.8,4.6,-10.6,-0.4,2021-03
2021-03-29,6550,北極星藥業-KY,生技醫療業,進榜,準備,52.35,98.0,2.0,0,45.6,4.8,38.4,0.0,51.5,-1.5,47.9,4.6,40.5,-0.4,2021-03
2021-03-29,6531,愛普*,半導體業,進榜,準備,400.94,95.0,3.0,0,-15.4,4.8,-30.3,0.0,408.6,1.9,-17.0,4.6,-31.6,-0.4,2021-03
2021-03-29,2352,佳世達,電腦及週邊設備業,進榜,準備,28.52,74.0,3.0,0,9.9,4.8,-7.2,0.0,29.0,1.5,8.2,4.6,-8.5,-0.4,2021-03
2021-03-29,1313,聯成,塑膠工業,進榜,準備,17.59,71.0,3.0,0,48.5,4.8,32.6,0.0,17.5,-0.2,48.8,4.6,33.0,-0.4,2021-03
2021-03-29,8150,南茂,電子工業,移出,掉出掃描母體,33.14,73.0,,3,,,,,,,,,,,2021-03
2021-03-29,2354,鴻準,其他電子業,移出,掉出掃描母體,62.53,71.0,,7,,,,,,,,,,,2021-03
2021-03-30,6494,九齊,半導體業,進榜,觸發,76.28,97.0,3.0,0,16.7,3.9,27.5,0.0,78.1,2.5,13.9,3.6,24.4,-0.5,2021-03
2021-03-30,6494,九齊,半導體業,觸發,進榜即觸發,76.28,97.0,3.0,0,16.7,3.9,27.5,0.0,78.1,2.5,13.9,3.6,24.4,-0.5,2021-03
2021-03-30,8046,南電,電子工業,進榜,觸發,307.17,95.0,6.0,0,-10.5,3.9,8.8,0.0,307.6,0.1,-10.7,3.6,8.7,-0.5,2021-03
2021-03-30,8046,南電,電子工業,觸發,進榜即觸發,307.17,95.0,6.0,0,-10.5,3.9,8.8,0.0,307.6,0.1,-10.7,3.6,8.7,-0.5,2021-03
2021-03-30,6150,撼訊,電腦及週邊設備業,進榜,準備,115.54,90.0,3.0,0,51.8,3.9,6.5,0.0,117.2,1.4,49.6,3.6,5.0,-0.5,2021-03
2021-03-30,2204,中華,汽車工業,進榜,準備,43.15,75.0,2.0,0,7.5,3.9,15.3,0.0,43.2,0.0,7.5,3.6,15.3,-0.5,2021-03
2021-03-30,2723,美食-KY,觀光事業,進榜,準備,151.67,70.0,2.0,0,4.2,3.9,-3.4,0.0,151.7,0.0,4.2,3.6,-3.4,-0.5,2021-03
2021-03-30,5483,中美晶,半導體業,進榜,準備,131.22,70.0,3.0,0,16.7,3.9,14.3,0.0,131.6,0.3,16.4,3.6,14.0,-0.5,2021-03
2021-03-30,8150,南茂,電子工業,進榜,準備,33.32,70.0,2.0,0,6.2,3.9,6.5,0.0,33.8,1.3,4.8,3.6,5.1,-0.5,2021-03
2021-03-30,1313,聯成,塑膠工業,移出,掉出掃描母體,17.59,71.0,,1,,,,,,,,,,,2021-03
2021-03-31,2108,南帝,橡膠工業,進榜,觸發,82.73,90.0,4.0,0,26.9,1.3,36.3,-0.8,86.1,4.1,21.9,1.1,30.9,-1.0,2021-03
2021-03-31,2108,南帝,橡膠工業,觸發,進榜即觸發,82.73,90.0,4.0,0,26.9,1.3,36.3,-0.8,86.1,4.1,21.9,1.1,30.9,-1.0,2021-03
2021-03-31,3483,力致,電腦及週邊設備業,進榜,觸發,81.21,84.0,3.0,0,-9.7,1.3,-28.5,-0.8,82.9,2.0,-11.5,1.1,-29.9,-1.0,2021-03
2021-03-31,3483,力致,電腦及週邊設備業,觸發,進榜即觸發,81.21,84.0,3.0,0,-9.7,1.3,-28.5,-0.8,82.9,2.0,-11.5,1.1,-29.9,-1.0,2021-03
2021-03-31,6233,旺玖,半導體業,進榜,觸發,41.79,83.0,6.0,0,-10.3,1.3,-19.6,-0.8,45.9,9.8,-18.3,1.1,-26.8,-1.0,2021-03
2021-03-31,6233,旺玖,半導體業,觸發,進榜即觸發,41.79,83.0,6.0,0,-10.3,1.3,-19.6,-0.8,45.9,9.8,-18.3,1.1,-26.8,-1.0,2021-03
2021-03-31,8454,富邦媒,貿易百貨,進榜,觸發,452.63,73.0,4.0,0,1.0,1.3,81.8,-0.8,457.2,1.0,0.0,1.1,80.0,-1.0,2021-03
2021-03-31,8454,富邦媒,貿易百貨,觸發,進榜即觸發,452.63,73.0,4.0,0,1.0,1.3,81.8,-0.8,457.2,1.0,0.0,1.1,80.0,-1.0,2021-03
2021-03-31,2855,統一證,金融保險,進榜,觸發,14.71,70.0,2.0,0,24.0,1.3,12.1,-0.8,14.7,0.2,23.8,1.1,11.9,-1.0,2021-03
2021-03-31,2855,統一證,金融保險,觸發,進榜即觸發,14.71,70.0,2.0,0,24.0,1.3,12.1,-0.8,14.7,0.2,23.8,1.1,11.9,-1.0,2021-03
2021-03-31,8040,九暘,半導體業,進榜,準備,60.95,98.0,1.0,0,-27.6,1.3,7.1,-0.8,62.4,2.4,-29.2,1.1,4.6,-1.0,2021-03
2021-03-31,1612,宏泰,電器電纜,進榜,準備,15.86,72.0,3.0,0,29.2,1.3,14.2,-0.8,15.8,-0.2,29.4,1.1,14.4,-1.0,2021-03
2021-03-31,1305,華夏,塑膠工業,觸發,等待後觸發,29.24,84.0,3.0,27,15.7,1.3,-0.8,-0.8,28.9,-1.1,16.9,1.1,0.3,-1.0,2021-03
2021-03-31,6150,撼訊,電腦及週邊設備業,觸發,等待後觸發,126.76,93.0,3.0,1,35.7,1.3,-6.6,-0.8,136.3,7.5,26.2,1.1,-13.1,-1.0,2021-03
2021-03-31,2723,美食-KY,觀光事業,移出,掉出掃描母體,151.67,70.0,,1,,,,,,,,,,,2021-03
2021-03-31,8150,南茂,電子工業,移出,掉出掃描母體,33.32,70.0,,1,,,,,,,,,,,2021-03
2021-03-31,3003,健和興,電子工業,移出,掉出掃描母體,51.74,71.0,,13,,,,,,,,,,,2021-03
2021-03-31,3419,譁裕,電子工業,移出,掉出掃描母體,22.07,74.0,,7,,,,,,,,,,,2021-03
2021-03-31,1440,南紡,紡織纖維,移出,掉出掃描母體,16.49,72.0,,5,,,,,,,,,,,2021-03
2021-04-01,2408,南亞科,半導體業,進榜,觸發,89.3,77.0,4.0,0,-15.1,-1.0,-20.7,-0.4,89.7,0.5,-15.5,-1.4,-21.1,-1.0,2021-04
2021-04-01,2408,南亞科,半導體業,觸發,進榜即觸發,89.3,77.0,4.0,0,-15.1,-1.0,-20.7,-0.4,89.7,0.5,-15.5,-1.4,-21.1,-1.0,2021-04
2021-04-01,3587,閎康,其他電子類,進榜,觸發,103.56,71.0,5.0,0,2.0,-1.0,-0.4,-0.4,110.9,7.1,-4.8,-1.4,-7.0,-1.0,2021-04
2021-04-01,3587,閎康,其他電子類,觸發,進榜即觸發,103.56,71.0,5.0,0,2.0,-1.0,-0.4,-0.4,110.9,7.1,-4.8,-1.4,-7.0,-1.0,2021-04
2021-04-01,3003,健和興,電子工業,進榜,準備,51.91,70.0,2.0,0,20.8,-1.0,40.0,-0.4,53.3,2.6,17.7,-1.4,36.4,-1.0,2021-04
2021-04-01,3362,先進光,光電業,觸發,等待後觸發,117.2,98.0,1.0,6,-37.4,-1.0,-20.4,-0.4,121.1,3.3,-39.4,-1.4,-23.0,-1.0,2021-04
2021-04-01,8261,富鼎,半導體業,移出,掉出掃描母體,48.48,78.0,,17,,,,,,,,,,,2021-04
2021-04-01,6525,捷敏-KY,半導體業,移出,掉出掃描母體,61.93,71.0,,14,,,,,,,,,,,2021-04
2021-04-01,8454,富邦媒,貿易百貨,移出,掉出掃描母體,452.63,73.0,,1,,,,,,,,,,,2021-04
2021-04-06,6237,驊訊,半導體業,進榜,觸發,127.43,96.0,4.0,0,-9.0,-1.4,6.3,-1.4,133.1,4.5,-12.9,-1.6,1.8,-1.7,2021-04
2021-04-06,6237,驊訊,半導體業,觸發,進榜即觸發,127.43,96.0,4.0,0,-9.0,-1.4,6.3,-1.4,133.1,4.5,-12.9,-1.6,1.8,-1.7,2021-04
2021-04-06,3707,漢磊,半導體業,進榜,觸發,64.37,88.0,4.0,0,-11.9,-1.4,16.2,-1.4,66.0,2.6,-14.1,-1.6,13.3,-1.7,2021-04
2021-04-06,3707,漢磊,半導體業,觸發,進榜即觸發,64.37,88.0,4.0,0,-11.9,-1.4,16.2,-1.4,66.0,2.6,-14.1,-1.6,13.3,-1.7,2021-04
2021-04-06,8924,大田,其他,進榜,觸發,68.38,86.0,4.0,0,20.8,-1.4,62.7,-1.4,71.0,3.8,16.4,-1.6,56.8,-1.7,2021-04
2021-04-06,8924,大田,其他,觸發,進榜即觸發,68.38,86.0,4.0,0,20.8,-1.4,62.7,-1.4,71.0,3.8,16.4,-1.6,56.8,-1.7,2021-04
2021-04-06,6187,萬潤,其他電子類,進榜,觸發,112.72,84.0,6.0,0,-3.8,-1.4,-7.6,-1.4,117.8,4.5,-8.0,-1.6,-11.6,-1.7,2021-04
2021-04-06,6187,萬潤,其他電子類,觸發,進榜即觸發,112.72,84.0,6.0,0,-3.8,-1.4,-7.6,-1.4,117.8,4.5,-8.0,-1.6,-11.6,-1.7,2021-04
2021-04-06,8021,尖點,其他電子業,進榜,觸發,30.27,79.0,3.0,0,-0.6,-1.4,4.3,-1.4,32.4,7.1,-7.3,-1.6,-2.7,-1.7,2021-04
2021-04-06,8021,尖點,其他電子業,觸發,進榜即觸發,30.27,79.0,3.0,0,-0.6,-1.4,4.3,-1.4,32.4,7.1,-7.3,-1.6,-2.7,-1.7,2021-04
2021-04-06,6438,迅得,其他電子類,進榜,觸發,85.22,74.0,2.0,0,-8.9,-1.4,-10.7,-1.4,89.4,4.9,-13.2,-1.6,-14.9,-1.7,2021-04
2021-04-06,6438,迅得,其他電子類,觸發,進榜即觸發,85.22,74.0,2.0,0,-8.9,-1.4,-10.7,-1.4,89.4,4.9,-13.2,-1.6,-14.9,-1.7,2021-04
2021-04-06,1802,台玻,玻璃陶瓷,進榜,觸發,20.25,73.0,3.0,0,41.1,-1.4,68.3,-1.4,20.4,0.9,39.8,-1.6,66.8,-1.7,2021-04
2021-04-06,1802,台玻,玻璃陶瓷,觸發,進榜即觸發,20.25,73.0,3.0,0,41.1,-1.4,68.3,-1.4,20.4,0.9,39.8,-1.6,66.8,-1.7,2021-04
2021-04-06,6472,保瑞,生技醫療業,進榜,觸發,100.47,71.0,3.0,0,5.5,-1.4,18.7,-1.4,105.4,4.9,0.6,-1.6,13.2,-1.7,2021-04
2021-04-06,6472,保瑞,生技醫療業,觸發,進榜即觸發,100.47,71.0,3.0,0,5.5,-1.4,18.7,-1.4,105.4,4.9,0.6,-1.6,13.2,-1.7,2021-04
2021-04-06,6129,普誠,半導體業,進榜,準備,44.3,100.0,3.0,0,-32.4,-1.4,-26.5,-1.4,45.4,2.5,-34.1,-1.6,-28.3,-1.7,2021-04
2021-04-06,1905,華紙,造紙工業,進榜,準備,14.08,70.0,3.0,0,56.8,-1.4,97.6,-1.4,14.0,-0.7,57.9,-1.6,99.0,-1.7,2021-04
2021-04-06,3592,瑞鼎,電子工業,觸發,等待後觸發,279.8,99.0,2.0,8,-8.1,-1.4,-10.5,-1.4,276.6,-1.1,-7.1,-1.6,-9.5,-1.7,2021-04
2021-04-06,5483,中美晶,半導體業,觸發,等待後觸發,136.31,72.0,3.0,7,-2.0,-1.4,7.5,-1.4,136.7,0.3,-2.3,-1.6,7.2,-1.7,2021-04
2021-04-06,3711,日月光投控,半導體業,觸發,等待後觸發,85.53,81.0,2.0,14,-4.5,-1.4,-0.4,-1.4,86.3,0.9,-5.3,-1.6,-1.3,-1.7,2021-04
2021-04-06,2357,華碩,電子工業,移出,掉出掃描母體,245.49,71.0,,19,,,,,,,,,,,2021-04
2021-04-06,9914,美利達,其他,移出,掉出掃描母體,292.48,72.0,,11,,,,,,,,,,,2021-04
2021-04-07,2465,麗臺,電腦及週邊設備業,進榜,觸發,48.98,97.0,5.0,0,-26.5,-2.0,32.5,-1.8,53.7,9.7,-33.0,-2.2,20.8,-2.1,2021-04
2021-04-07,2465,麗臺,電腦及週邊設備業,觸發,進榜即觸發,48.98,97.0,5.0,0,-26.5,-2.0,32.5,-1.8,53.7,9.7,-33.0,-2.2,20.8,-2.1,2021-04
2021-04-07,8054,安國,半導體業,進榜,觸發,53.13,96.0,3.0,0,-28.7,-2.0,-21.9,-1.8,54.9,3.3,-31.0,-2.2,-24.3,-2.1,2021-04
2021-04-07,8054,安國,半導體業,觸發,進榜即觸發,53.13,96.0,3.0,0,-28.7,-2.0,-21.9,-1.8,54.9,3.3,-31.0,-2.2,-24.3,-2.1,2021-04
2021-04-07,3048,益登,電子通路業,進榜,觸發,25.52,86.0,2.0,0,-7.4,-2.0,-8.3,-1.8,27.0,5.9,-12.5,-2.2,-13.4,-2.1,2021-04
2021-04-07,3048,益登,電子通路業,觸發,進榜即觸發,25.52,86.0,2.0,0,-7.4,-2.0,-8.3,-1.8,27.0,5.9,-12.5,-2.2,-13.4,-2.1,2021-04
2021-04-07,8938,明安,其他,進榜,觸發,53.31,85.0,4.0,0,5.7,-2.0,13.1,-1.8,54.2,1.6,4.0,-2.2,11.3,-2.1,2021-04
2021-04-07,8938,明安,其他,觸發,進榜即觸發,53.31,85.0,4.0,0,5.7,-2.0,13.1,-1.8,54.2,1.6,4.0,-2.2,11.3,-2.1,2021-04
2021-04-07,2027,大成鋼,鋼鐵工業,進榜,觸發,24.44,76.0,1.0,0,30.6,-2.0,58.3,-1.8,24.6,0.7,29.8,-2.2,57.2,-2.1,2021-04
2021-04-07,2027,大成鋼,鋼鐵工業,觸發,進榜即觸發,24.44,76.0,1.0,0,30.6,-2.0,58.3,-1.8,24.6,0.7,29.8,-2.2,57.2,-2.1,2021-04
2021-04-07,2369,菱生,電子工業,進榜,觸發,16.19,72.0,3.0,0,-8.7,-2.0,7.6,-1.8,16.7,3.3,-11.5,-2.2,4.2,-2.1,2021-04
2021-04-07,2369,菱生,電子工業,觸發,進榜即觸發,16.19,72.0,3.0,0,-8.7,-2.0,7.6,-1.8,16.7,3.3,-11.5,-2.2,4.2,-2.1,2021-04
2021-04-07,3059,華晶科,光電業,進榜,觸發,39.02,71.0,4.0,0,-17.6,-2.0,-16.0,-1.8,39.4,1.0,-18.4,-2.2,-16.8,-2.1,2021-04
2021-04-07,3059,華晶科,光電業,觸發,進榜即觸發,39.02,71.0,4.0,0,-17.6,-2.0,-16.0,-1.8,39.4,1.0,-18.4,-2.2,-16.8,-2.1,2021-04
2021-04-07,2415,錩新,電子工業,進榜,準備,31.1,94.0,3.0,0,-21.5,-2.0,1.7,-1.8,31.1,0.0,-21.5,-2.2,1.7,-2.1,2021-04
2021-04-07,2476,鉅祥,電子零組件業,進榜,準備,29.16,84.0,1.0,0,0.3,-2.0,22.4,-1.8,29.4,0.7,-0.4,-2.2,21.5,-2.1,2021-04
2021-04-07,2428,興勤,電子工業,進榜,準備,161.98,81.0,3.0,0,-15.2,-2.0,-0.5,-1.8,163.2,0.8,-15.8,-2.2,-1.3,-2.1,2021-04
2021-04-07,1409,新纖,紡織纖維,移出,掉出掃描母體,13.55,75.0,,12,,,,,,,,,,,2021-04
2021-04-07,2204,中華,汽車工業,移出,掉出掃描母體,42.77,70.0,,8,,,,,,,,,,,2021-04
2021-04-07,1905,華紙,造紙工業,移出,掉出掃描母體,14.08,70.0,,1,,,,,,,,,,,2021-04
2021-04-07,5483,中美晶,半導體業,移出,掉出掃描母體,136.31,72.0,,8,,,,,,,,,,,2021-04
2021-04-07,6472,保瑞,生技醫療業,移出,掉出掃描母體,100.47,71.0,,1,,,,,,,,,,,2021-04
2021-04-08,2009,第一銅,鋼鐵工業,進榜,觸發,32.17,95.0,4.0,0,83.8,-1.8,75.6,-1.7,33.8,5.0,75.1,-2.2,67.3,-2.3,2021-04
2021-04-08,2009,第一銅,鋼鐵工業,觸發,進榜即觸發,32.17,95.0,4.0,0,83.8,-1.8,75.6,-1.7,33.8,5.0,75.1,-2.2,67.3,-2.3,2021-04
2021-04-08,6127,九豪,電子零組件業,進榜,觸發,31.26,81.0,6.0,0,-3.6,-1.8,-6.2,-1.7,32.7,4.7,-8.0,-2.2,-10.4,-2.3,2021-04
2021-04-08,6127,九豪,電子零組件業,觸發,進榜即觸發,31.26,81.0,6.0,0,-3.6,-1.8,-6.2,-1.7,32.7,4.7,-8.0,-2.2,-10.4,-2.3,2021-04
2021-04-08,2038,海光,鋼鐵工業,進榜,觸發,19.23,78.0,3.0,0,58.8,-1.8,172.5,-1.7,19.6,1.8,56.0,-2.2,167.7,-2.3,2021-04
2021-04-08,2038,海光,鋼鐵工業,觸發,進榜即觸發,19.23,78.0,3.0,0,58.8,-1.8,172.5,-1.7,19.6,1.8,56.0,-2.2,167.7,-2.3,2021-04
2021-04-08,1590,亞德客-KY,電機機械,進榜,觸發,1041.5,75.0,5.0,0,-8.9,-1.8,0.1,-1.7,1041.5,0.0,-8.9,-2.2,0.1,-2.3,2021-04
2021-04-08,1590,亞德客-KY,電機機械,觸發,進榜即觸發,1041.5,75.0,5.0,0,-8.9,-1.8,0.1,-1.7,1041.5,0.0,-8.9,-2.2,0.1,-2.3,2021-04
2021-04-08,5608,四維航,航運業,進榜,準備,15.64,91.0,3.0,0,64.6,-1.8,220.6,-1.7,15.9,1.8,61.8,-2.2,215.0,-2.3,2021-04
2021-04-08,1440,南紡,紡織纖維,進榜,準備,18.56,77.0,3.0,0,36.0,-1.8,29.7,-1.7,19.5,5.3,29.1,-2.2,23.1,-2.3,2021-04
2021-04-08,1905,華紙,造紙工業,進榜,準備,15.38,76.0,3.0,0,45.1,-1.8,81.2,-1.7,15.8,2.5,41.6,-2.2,76.8,-2.3,2021-04
2021-04-08,1597,直得,電機機械,進榜,準備,112.72,75.0,3.0,0,-16.7,-1.8,-10.2,-1.7,112.7,0.0,-16.7,-2.2,-10.2,-2.3,2021-04
2021-04-08,1409,新纖,紡織纖維,進榜,準備,13.77,71.0,2.0,0,21.5,-1.8,17.7,-1.7,13.8,0.0,21.5,-2.2,17.7,-2.3,2021-04
2021-04-08,8150,南茂,電子工業,進榜,準備,35.25,71.0,2.0,0,-3.4,-1.8,3.7,-1.7,35.6,1.1,-4.4,-2.2,2.6,-2.3,2021-04
2021-04-08,6191,精成科,電子工業,進榜,準備,27.61,70.0,3.0,0,-0.4,-1.8,6.7,-1.7,28.3,2.5,-2.9,-2.2,4.1,-2.3,2021-04
2021-04-08,6550,北極星藥業-KY,生技醫療業,觸發,等待後觸發,67.13,98.0,2.0,10,6.3,-1.8,5.7,-1.7,66.1,-1.6,7.9,-2.2,7.3,-2.3,2021-04
2021-04-08,3228,金麗科,半導體業,移出,離高點太遠,496.64,98.0,,45,,,,,,,,,,,2021-04
2021-04-08,2317,鴻海,其他電子業,移出,掉出掃描母體,98.71,71.0,,29,,,,,,,,,,,2021-04
2021-04-09,2344,華邦電,半導體業,進榜,觸發,30.94,88.0,4.0,0,-4.4,-1.9,1.2,-2.1,31.1,0.6,-4.9,-2.3,0.6,-2.4,2021-04
2021-04-09,2344,華邦電,半導體業,觸發,進榜即觸發,30.94,88.0,4.0,0,-4.4,-1.9,1.2,-2.1,31.1,0.6,-4.9,-2.3,0.6,-2.4,2021-04
2021-04-09,3014,聯陽,半導體業,進榜,觸發,78.36,78.0,6.0,0,-4.3,-1.9,6.8,-2.1,81.7,4.3,-8.2,-2.3,2.5,-2.4,2021-04
2021-04-09,3014,聯陽,半導體業,觸發,進榜即觸發,78.36,78.0,6.0,0,-4.3,-1.9,6.8,-2.1,81.7,4.3,-8.2,-2.3,2.5,-2.4,2021-04
2021-04-09,6472,保瑞,生技醫療業,進榜,觸發,107.52,77.0,3.0,0,1.0,-1.9,9.7,-2.1,118.2,9.9,-8.1,-2.3,-0.2,-2.4,2021-04
2021-04-09,6472,保瑞,生技醫療業,觸發,進榜即觸發,107.52,77.0,3.0,0,1.0,-1.9,9.7,-2.1,118.2,9.9,-8.1,-2.3,-0.2,-2.4,2021-04
2021-04-09,1313,聯成,塑膠工業,進榜,觸發,20.42,75.0,3.0,0,23.7,-1.9,19.6,-2.1,20.6,0.9,22.7,-2.3,18.5,-2.4,2021-04
2021-04-09,1313,聯成,塑膠工業,觸發,進榜即觸發,20.42,75.0,3.0,0,23.7,-1.9,19.6,-2.1,20.6,0.9,22.7,-2.3,18.5,-2.4,2021-04
2021-04-09,3622,洋華,光電業,進榜,準備,32.3,71.0,3.0,0,-5.3,-1.9,-19.0,-2.1,35.3,9.2,-13.3,-2.3,-25.8,-2.4,2021-04
2021-04-09,2415,錩新,電子工業,觸發,等待後觸發,33.17,94.0,3.0,2,-20.7,-1.9,15.3,-2.1,33.8,1.9,-22.1,-2.3,13.1,-2.4,2021-04
2021-04-09,2454,聯發科,半導體業,移出,掉出掃描母體,719.16,72.0,,15,,,,,,,,,,,2021-04
2021-04-09,2855,統一證,金融保險,移出,掉出掃描母體,15.46,70.0,,9,,,,,,,,,,,2021-04
2021-04-09,2369,菱生,電子工業,移出,掉出掃描母體,16.58,74.0,,2,,,,,,,,,,,2021-04
2021-04-09,1409,新纖,紡織纖維,移出,掉出掃描母體,13.77,71.0,,1,,,,,,,,,,,2021-04
2021-04-09,3211,順達,電腦及週邊設備業,移出,掉出掃描母體,82.62,71.0,,31,,,,,,,,,,,2021-04
2021-04-09,5285,界霖,電子工業,移出,掉出掃描母體,65.52,70.0,,29,,,,,,,,,,,2021-04
2021-04-09,6531,愛普*,半導體業,移出,離高點太遠,357.19,89.0,,11,,,,,,,,,,,2021-04
2021-04-09,5299,杰力,半導體業,移出,掉出掃描母體,130.79,73.0,,11,,,,,,,,,,,2021-04
2021-04-09,2428,興勤,電子工業,移出,掉出掃描母體,160.35,78.0,,2,,,,,,,,,,,2021-04
2021-04-09,8054,安國,半導體業,移出,離高點太遠,52.76,95.0,,2,,,,,,,,,,,2021-04
2021-04-12,1304,台聚,塑膠工業,進榜,觸發,23.42,72.0,3.0,0,17.7,-5.6,31.1,-2.4,24.4,4.0,13.2,-5.9,26.1,-2.9,2021-04
2021-04-12,1304,台聚,塑膠工業,觸發,進榜即觸發,23.42,72.0,3.0,0,17.7,-5.6,31.1,-2.4,24.4,4.0,13.2,-5.9,26.1,-2.9,2021-04
2021-04-12,1309,台達化,塑膠工業,進榜,觸發,34.84,72.0,5.0,0,-13.7,-5.6,-7.3,-2.4,35.8,2.9,-16.1,-5.9,-9.9,-2.9,2021-04
2021-04-12,1309,台達化,塑膠工業,觸發,進榜即觸發,34.84,72.0,5.0,0,-13.7,-5.6,-7.3,-2.4,35.8,2.9,-16.1,-5.9,-9.9,-2.9,2021-04
2021-04-12,2314,台揚,通信網路業,進榜,觸發,92.73,71.0,3.0,0,-13.9,-5.6,22.8,-2.4,95.2,2.6,-16.1,-5.9,19.6,-2.9,2021-04
2021-04-12,2314,台揚,通信網路業,觸發,進榜即觸發,92.73,71.0,3.0,0,-13.9,-5.6,22.8,-2.4,95.2,2.6,-16.1,-5.9,19.6,-2.9,2021-04
2021-04-12,2006,東和鋼鐵,鋼鐵工業,進榜,準備,51.16,74.0,2.0,0,6.3,-5.6,5.0,-2.4,50.8,-0.8,7.1,-5.9,5.8,-2.9,2021-04
2021-04-12,4919,新唐,半導體業,進榜,準備,58.5,71.0,2.0,0,0.4,-5.6,43.2,-2.4,60.3,3.1,-2.6,-5.9,38.8,-2.9,2021-04
2021-04-12,2855,統一證,金融保險,進榜,準備,16.02,70.0,2.0,0,14.3,-5.6,8.0,-2.4,16.3,1.6,12.5,-5.9,6.3,-2.9,2021-04
2021-04-12,3622,洋華,光電業,觸發,等待後觸發,35.51,79.0,3.0,3,-20.1,-5.6,-26.4,-2.4,39.0,10.0,-27.4,-5.9,-33.1,-2.9,2021-04
2021-04-12,1907,永豐餘,造紙工業,觸發,等待後觸發,27.79,76.0,3.0,48,4.2,-5.6,34.7,-2.4,28.9,3.9,0.3,-5.9,29.7,-2.9,2021-04
2021-04-12,1905,華紙,造紙工業,觸發,等待後觸發,17.26,81.0,3.0,4,50.8,-5.6,82.4,-2.4,19.0,9.8,37.4,-5.9,66.2,-2.9,2021-04
2021-04-12,2408,南亞科,半導體業,移出,掉出掃描母體,91.08,73.0,,11,,,,,,,,,,,2021-04
2021-04-12,8150,南茂,電子工業,移出,掉出掃描母體,34.77,71.0,,4,,,,,,,,,,,2021-04
2021-04-12,6191,精成科,電子工業,移出,掉出掃描母體,28.06,72.0,,4,,,,,,,,,,,2021-04
2021-04-12,3141,晶宏,半導體業,移出,離高點太遠,66.12,90.0,,53,,,,,,,,,,,2021-04
2021-04-12,6219,富旺,建材營造,移出,掉出掃描母體,32.12,73.0,,40,,,,,,,,,,,2021-04
2021-04-12,6283,淳安,其他電子業,移出,離高點太遠,62.7,83.0,,33,,,,,,,,,,,2021-04
2021-04-12,3169,亞信,半導體業,移出,離高點太遠,144.64,99.0,,31,,,,,,,,,,,2021-04
2021-04-12,3545,敦泰,電子工業,移出,離高點太遠,156.48,98.0,,31,,,,,,,,,,,2021-04
2021-04-12,4961,天鈺,電子工業,移出,離高點太遠,344.05,100.0,,28,,,,,,,,,,,2021-04
2021-04-12,1568,倉佑,汽車工業,移出,晚期未觸發,28.47,87.0,,25,,,,,,,,,,,2021-04
2021-04-12,3588,通嘉,半導體業,移出,離高點太遠,58.86,86.0,,19,,,,,,,,,,,2021-04
2021-04-12,3592,瑞鼎,電子工業,移出,離高點太遠,284.41,99.0,,14,,,,,,,,,,,2021-04
2021-04-12,3178,公準,電機機械,移出,離高點太遠,82.04,84.0,,14,,,,,,,,,,,2021-04
2021-04-12,8046,南電,電子工業,移出,突破失敗,278.69,91.0,,13,,,,,,,,,,,2021-04
2021-04-12,8040,九暘,半導體業,移出,離高點太遠,57.88,98.0,,12,,,,,,,,,,,2021-04
2021-04-12,6233,旺玖,半導體業,移出,離高點太遠,43.15,77.0,,12,,,,,,,,,,,2021-04
2021-04-12,6129,普誠,半導體業,移出,離高點太遠,45.71,99.0,,6,,,,,,,,,,,2021-04
2021-04-12,8938,明安,其他,移出,突破失敗,48.36,78.0,,5,,,,,,,,,,,2021-04
2021-04-13,5608,四維航,航運業,觸發,等待後觸發,17.23,93.0,3.0,5,59.1,-9.2,215.5,-1.6,17.8,3.2,54.1,-9.5,205.6,-2.0,2021-04
2021-04-13,2855,統一證,金融保險,移出,掉出掃描母體,16.02,70.0,,1,,,,,,,,,,,2021-04
2021-04-13,2399,映泰,電子工業,移出,離高點太遠,30.2,94.0,,27,,,,,,,,,,,2021-04
2021-04-13,3094,聯傑,半導體業,移出,離高點太遠,34.22,85.0,,26,,,,,,,,,,,2021-04
2021-04-13,3305,昇貿,其他電子業,移出,離高點太遠,37.63,82.0,,15,,,,,,,,,,,2021-04
2021-04-13,2415,錩新,電子工業,移出,離高點太遠,29.8,92.0,,6,,,,,,,,,,,2021-04
2021-04-13,1590,亞德客-KY,電機機械,移出,掉出掃描母體,1014.91,72.0,,5,,,,,,,,,,,2021-04
2021-04-13,6472,保瑞,生技醫療業,移出,離高點太遠,106.45,76.0,,4,,,,,,,,,,,2021-04
2021-04-14,1815,富喬,電子零組件業,進榜,觸發,15.51,71.0,2.0,0,-19.7,-8.9,4.8,-0.9,15.2,-2.2,-17.8,-9.0,7.2,-1.4,2021-04
2021-04-14,1815,富喬,電子零組件業,觸發,進榜即觸發,15.51,71.0,2.0,0,-19.7,-8.9,4.8,-0.9,15.2,-2.2,-17.8,-9.0,7.2,-1.4,2021-04
2021-04-14,2855,統一證,金融保險,進榜,準備,16.06,72.0,2.0,0,0.6,-8.9,7.6,-0.9,16.2,0.6,0.0,-9.0,7.0,-1.4,2021-04
2021-04-14,2328,廣宇,電子零組件業,移出,掉出掃描母體,37.55,91.0,,107,,,,,,,,,,,2021-04
2021-04-14,6533,晶心科,電子工業,移出,離高點太遠,516.44,95.0,,99,,,,,,,,,,,2021-04
2021-04-14,6485,點序,半導體業,移出,離高點太遠,111.76,100.0,,34,,,,,,,,,,,2021-04
2021-04-14,6457,紘康,半導體業,移出,離高點太遠,143.44,94.0,,33,,,,,,,,,,,2021-04
2021-04-14,6411,晶焱,半導體業,移出,離高點太遠,111.44,74.0,,29,,,,,,,,,,,2021-04
2021-04-14,8016,矽創,半導體業,移出,離高點太遠,141.83,74.0,,29,,,,,,,,,,,2021-04
2021-04-14,3149,正達,電子工業,移出,離高點太遠,57.67,98.0,,29,,,,,,,,,,,2021-04
2021-04-14,2457,飛宏,電子工業,移出,離高點太遠,34.12,97.0,,28,,,,,,,,,,,2021-04
2021-04-14,3058,立德,電子零組件業,移出,離高點太遠,19.4,93.0,,26,,,,,,,,,,,2021-04
2021-04-14,3362,先進光,光電業,移出,離高點太遠,106.94,97.0,,19,,,,,,,,,,,2021-04
2021-04-14,6550,北極星藥業-KY,生技醫療業,移出,掉出掃描母體,77.32,99.0,,16,,,,,,,,,,,2021-04
2021-04-14,2108,南帝,橡膠工業,移出,離高點太遠,104.97,94.0,,14,,,,,,,,,,,2021-04
2021-04-14,3483,力致,電腦及週邊設備業,移出,離高點太遠,76.28,73.0,,14,,,,,,,,,,,2021-04
2021-04-14,6237,驊訊,半導體業,移出,離高點太遠,135.99,96.0,,8,,,,,,,,,,,2021-04
2021-04-14,2465,麗臺,電腦及週邊設備業,移出,離高點太遠,44.58,98.0,,7,,,,,,,,,,,2021-04
2021-04-14,4919,新唐,半導體業,移出,掉出掃描母體,57.54,70.0,,2,,,,,,,,,,,2021-04
2021-04-14,1309,台達化,塑膠工業,移出,掉出掃描母體,33.19,70.0,,2,,,,,,,,,,,2021-04
2021-04-15,2436,偉詮電,半導體業,進榜,觸發,59.7,88.0,5.0,0,-21.0,-9.8,25.4,-1.5,59.3,-0.7,-20.5,-10.1,26.3,-1.9,2021-04
2021-04-15,2436,偉詮電,半導體業,觸發,進榜即觸發,59.7,88.0,5.0,0,-21.0,-9.8,25.4,-1.5,59.3,-0.7,-20.5,-10.1,26.3,-1.9,2021-04
2021-04-15,2103,台橡,橡膠工業,進榜,觸發,25.74,74.0,1.0,0,-8.5,-9.8,5.5,-1.5,26.2,1.9,-10.2,-10.1,3.5,-1.9,2021-04
2021-04-15,2103,台橡,橡膠工業,觸發,進榜即觸發,25.74,74.0,1.0,0,-8.5,-9.8,5.5,-1.5,26.2,1.9,-10.2,-10.1,3.5,-1.9,2021-04
2021-04-15,2010,春源,鋼鐵工業,進榜,準備,15.49,82.0,3.0,0,-8.7,-9.8,57.9,-1.5,15.6,0.5,-9.1,-10.1,57.1,-1.9,2021-04
2021-04-15,1455,集盛,紡織纖維,進榜,準備,14.95,80.0,3.0,0,25.7,-9.8,37.6,-1.5,14.9,-0.6,26.4,-10.1,38.4,-1.9,2021-04
2021-04-15,2023,燁輝,鋼鐵工業,進榜,準備,15.04,72.0,3.0,0,17.4,-9.8,123.8,-1.5,15.1,0.6,16.8,-10.1,122.5,-1.9,2021-04
2021-04-15,2723,美食-KY,觀光事業,進榜,準備,150.4,70.0,2.0,0,-16.6,-9.8,-7.9,-1.5,149.6,-0.6,-16.1,-10.1,-7.4,-1.9,2021-04
2021-04-15,1815,富喬,電子零組件業,移出,掉出掃描母體,15.51,71.0,,1,,,,,,,,,,,2021-04
2021-04-16,2615,萬海,航運業,進榜,觸發,44.29,92.0,4.0,0,6.7,-15.3,252.7,-2.7,46.1,4.1,2.5,-15.5,238.8,-3.1,2021-04
2021-04-16,2615,萬海,航運業,觸發,進榜即觸發,44.29,92.0,4.0,0,6.7,-15.3,252.7,-2.7,46.1,4.1,2.5,-15.5,238.8,-3.1,2021-04
2021-04-16,8261,富鼎,半導體業,進榜,觸發,57.28,78.0,5.0,0,-25.1,-15.3,30.0,-2.7,60.8,6.2,-29.5,-15.5,22.5,-3.1,2021-04
2021-04-16,8261,富鼎,半導體業,觸發,進榜即觸發,57.28,78.0,5.0,0,-25.1,-15.3,30.0,-2.7,60.8,6.2,-29.5,-15.5,22.5,-3.1,2021-04
2021-04-16,1308,亞聚,塑膠工業,進榜,觸發,24.36,75.0,4.0,0,-22.0,-15.3,12.4,-2.7,25.2,3.3,-24.5,-15.5,8.8,-3.1,2021-04
2021-04-16,1308,亞聚,塑膠工業,觸發,進榜即觸發,24.36,75.0,4.0,0,-22.0,-15.3,12.4,-2.7,25.2,3.3,-24.5,-15.5,8.8,-3.1,2021-04
2021-04-16,2028,威致,鋼鐵工業,進榜,準備,30.76,95.0,3.0,0,-30.1,-15.3,43.4,-2.7,32.1,4.3,-33.0,-15.5,37.5,-3.1,2021-04
2021-04-16,3357,臺慶科,電子零組件業,進榜,準備,164.85,93.0,3.0,0,-49.9,-15.3,-23.7,-2.7,164.3,-0.3,-49.7,-15.5,-23.5,-3.1,2021-04
2021-04-16,1815,富喬,電子零組件業,進榜,準備,16.38,74.0,2.0,0,-33.0,-15.3,8.0,-2.7,16.7,2.1,-34.4,-15.5,5.7,-3.1,2021-04
2021-04-16,4919,新唐,半導體業,進榜,準備,62.36,73.0,2.0,0,-19.5,-15.3,73.0,-2.7,63.5,1.8,-21.0,-15.5,69.9,-3.1,2021-04
2021-04-16,1409,新纖,紡織纖維,進榜,準備,14.77,70.0,2.0,0,-10.8,-15.3,5.8,-2.7,15.2,2.8,-13.2,-15.5,2.9,-3.1,2021-04
2021-04-16,2002,中鋼,鋼鐵工業,進榜,準備,29.16,70.0,2.0,0,-10.0,-15.3,3.8,-2.7,30.5,4.7,-14.0,-15.5,-0.8,-3.1,2021-04
2021-04-16,2727,王品,觀光事業,移出,逾期,136.62,90.0,,56,,,,,,,,,,,2021-04
2021-04-16,2723,美食-KY,觀光事業,移出,掉出掃描母體,150.4,70.0,,1,,,,,,,,,,,2021-04
2021-04-16,4760,勤凱,其他電子類,移出,掉出掃描母體,94.28,73.0,,38,,,,,,,,,,,2021-04
2021-04-16,3059,華晶科,光電業,移出,掉出掃描母體,38.22,70.0,,9,,,,,,,,,,,2021-04
2021-04-16,2103,台橡,橡膠工業,移出,掉出掃描母體,25.74,74.0,,1,,,,,,,,,,,2021-04
2021-04-19,2641,正德,航運業,進榜,觸發,13.34,84.0,4.0,0,-7.8,-11.9,91.1,-3.5,14.7,9.8,-16.1,-12.2,74.0,-3.9,2021-04
2021-04-19,2641,正德,航運業,觸發,進榜即觸發,13.34,84.0,4.0,0,-7.8,-11.9,91.1,-3.5,14.7,9.8,-16.1,-12.2,74.0,-3.9,2021-04
2021-04-19,2013,中鋼構,鋼鐵工業,進榜,觸發,40.03,74.0,3.0,0,-22.6,-11.9,-13.8,-3.5,40.5,1.2,-23.5,-12.2,-14.8,-3.9,2021-04
2021-04-19,2013,中鋼構,鋼鐵工業,觸發,進榜即觸發,40.03,74.0,3.0,0,-22.6,-11.9,-13.8,-3.5,40.5,1.2,-23.5,-12.2,-14.8,-3.9,2021-04
2021-04-19,2617,台航,航運業,進榜,觸發,22.0,74.0,3.0,0,9.1,-11.9,78.8,-3.5,24.2,9.9,-0.8,-12.2,62.7,-3.9,2021-04
2021-04-19,2617,台航,航運業,觸發,進榜即觸發,22.0,74.0,3.0,0,9.1,-11.9,78.8,-3.5,24.2,9.9,-0.8,-12.2,62.7,-3.9,2021-04
2021-04-19,1447,力鵬,紡織纖維,進榜,觸發,12.55,73.0,5.0,0,-13.1,-11.9,-4.4,-3.5,12.8,2.4,-15.2,-12.2,-6.6,-3.9,2021-04
2021-04-19,1447,力鵬,紡織纖維,觸發,進榜即觸發,12.55,73.0,5.0,0,-13.1,-11.9,-4.4,-3.5,12.8,2.4,-15.2,-12.2,-6.6,-3.9,2021-04
2021-04-19,1312,國喬,塑膠工業,進榜,觸發,28.3,70.0,4.0,0,-23.9,-11.9,-8.0,-3.5,28.2,-0.3,-23.7,-12.2,-7.7,-3.9,2021-04
2021-04-19,1312,國喬,塑膠工業,觸發,進榜即觸發,28.3,70.0,4.0,0,-23.9,-11.9,-8.0,-3.5,28.2,-0.3,-23.7,-12.2,-7.7,-3.9,2021-04
2021-04-19,2723,美食-KY,觀光事業,進榜,準備,158.87,71.0,2.0,0,-25.9,-11.9,-16.0,-3.5,155.1,-2.4,-24.0,-12.2,-13.9,-3.9,2021-04
2021-04-19,6005,群益證,金融保險,進榜,準備,11.57,71.0,2.0,0,-14.5,-11.9,-9.0,-3.5,11.4,-1.1,-13.6,-12.2,-8.0,-3.9,2021-04
2021-04-19,2023,燁輝,鋼鐵工業,觸發,等待後觸發,17.67,82.0,3.0,4,-1.0,-11.9,66.8,-3.5,17.9,1.5,-2.4,-12.2,64.4,-3.9,2021-04
2021-04-19,2002,中鋼,鋼鐵工業,觸發,等待後觸發,32.07,78.0,2.0,3,-10.0,-11.9,-7.1,-3.5,32.2,0.4,-10.3,-12.2,-7.5,-3.9,2021-04
2021-04-19,4576,大銀微系統,電機機械,移出,掉出掃描母體,148.67,87.0,,83,,,,,,,,,,,2021-04
2021-04-19,8936,國統,其他,移出,離高點太遠,31.27,82.0,,52,,,,,,,,,,,2021-04
2021-04-19,6438,迅得,其他電子類,移出,掉出掃描母體,88.26,71.0,,13,,,,,,,,,,,2021-04
2021-04-20,1608,華榮,電器電纜,進榜,觸發,18.86,91.0,4.0,0,3.0,-12.0,7.6,-3.2,18.6,-1.2,4.3,-12.0,8.9,-3.3,2021-04
2021-04-20,1608,華榮,電器電纜,觸發,進榜即觸發,18.86,91.0,4.0,0,3.0,-12.0,7.6,-3.2,18.6,-1.2,4.3,-12.0,8.9,-3.3,2021-04
2021-04-20,2605,新興,航運業,進榜,觸發,23.41,76.0,2.0,0,-13.4,-12.0,63.1,-3.2,23.7,1.2,-14.4,-12.0,61.1,-3.3,2021-04
2021-04-20,2605,新興,航運業,觸發,進榜即觸發,23.41,76.0,2.0,0,-13.4,-12.0,63.1,-3.2,23.7,1.2,-14.4,-12.0,61.1,-3.3,2021-04
2021-04-20,5483,中美晶,半導體業,進榜,觸發,148.84,74.0,3.0,0,-21.1,-12.0,12.4,-3.2,150.8,1.3,-22.1,-12.0,10.9,-3.3,2021-04
2021-04-20,5483,中美晶,半導體業,觸發,進榜即觸發,148.84,74.0,3.0,0,-21.1,-12.0,12.4,-3.2,150.8,1.3,-22.1,-12.0,10.9,-3.3,2021-04
2021-04-20,2606,裕民,航運業,進榜,準備,42.01,78.0,3.0,0,-9.2,-12.0,31.3,-3.2,41.6,-0.9,-8.4,-12.0,32.4,-3.3,2021-04
2021-04-20,2031,新光鋼,鋼鐵工業,進榜,準備,40.92,72.0,3.0,0,8.8,-12.0,31.9,-3.2,43.7,6.7,2.0,-12.0,23.6,-3.3,2021-04
2021-04-20,2855,統一證,金融保險,移出,掉出掃描母體,17.59,75.0,,6,,,,,,,,,,,2021-04
2021-04-20,6005,群益證,金融保險,移出,掉出掃描母體,11.57,71.0,,1,,,,,,,,,,,2021-04
2021-04-20,4912,聯德控股-KY,電子工業,移出,掉出掃描母體,137.83,72.0,,34,,,,,,,,,,,2021-04
2021-04-20,6712,長聖,生技醫療業,移出,離高點太遠,245.85,89.0,,22,,,,,,,,,,,2021-04
2021-04-20,1312,國喬,塑膠工業,移出,掉出掃描母體,28.3,70.0,,1,,,,,,,,,,,2021-04
2021-04-21,2636,台驊控股,航運業,進榜,觸發,41.57,84.0,5.0,0,0.1,-12.7,257.2,-3.1,42.1,1.3,-1.2,-13.4,252.6,-3.6,2021-04
2021-04-21,2636,台驊控股,航運業,觸發,進榜即觸發,41.57,84.0,5.0,0,0.1,-12.7,257.2,-3.1,42.1,1.3,-1.2,-13.4,252.6,-3.6,2021-04
2021-04-21,8110,華東,電子工業,進榜,觸發,17.03,75.0,2.0,0,-28.3,-12.7,17.3,-3.1,18.7,9.7,-34.6,-13.4,6.9,-3.6,2021-04
2021-04-21,8110,華東,電子工業,觸發,進榜即觸發,17.03,75.0,2.0,0,-28.3,-12.7,17.3,-3.1,18.7,9.7,-34.6,-13.4,6.9,-3.6,2021-04
2021-04-21,2601,益航,貿易百貨,進榜,觸發,15.4,73.0,2.0,0,-25.0,-12.7,34.4,-3.1,16.0,3.9,-27.8,-13.4,29.4,-3.6,2021-04
2021-04-21,2601,益航,貿易百貨,觸發,進榜即觸發,15.4,73.0,2.0,0,-25.0,-12.7,34.4,-3.1,16.0,3.9,-27.8,-13.4,29.4,-3.6,2021-04
2021-04-21,8016,矽創,半導體業,進榜,準備,172.75,86.0,1.0,0,-15.2,-12.7,15.5,-3.1,176.5,2.2,-17.0,-13.4,13.1,-3.6,2021-04
2021-04-21,2618,長榮航,航運業,進榜,準備,15.61,74.0,2.0,0,-22.0,-12.7,0.3,-3.1,15.8,1.0,-22.9,-13.4,-0.8,-3.6,2021-04
2021-04-21,1314,中石化,塑膠工業,進榜,準備,14.09,72.0,2.0,0,-19.7,-12.7,-9.4,-3.1,14.3,1.3,-20.8,-13.4,-10.6,-3.6,2021-04
2021-04-21,2855,統一證,金融保險,進榜,準備,17.4,72.0,2.0,0,-6.8,-12.7,0.9,-3.1,17.5,0.5,-7.3,-13.4,0.4,-3.6,2021-04
2021-04-21,3317,尼克森,半導體業,進榜,準備,43.46,71.0,2.0,0,-22.9,-12.7,16.5,-3.1,44.7,2.8,-25.0,-13.4,13.3,-3.6,2021-04
2021-04-21,8150,南茂,電子工業,進榜,準備,36.88,70.0,2.0,0,-16.1,-12.7,11.1,-3.1,37.8,2.6,-18.2,-13.4,8.2,-3.6,2021-04
2021-04-21,2637,慧洋-KY,航運業,觸發,等待後觸發,38.04,91.0,1.0,33,14.5,-12.7,63.3,-3.1,40.2,5.8,8.2,-13.4,54.4,-3.6,2021-04
2021-04-21,2606,裕民,航運業,觸發,等待後觸發,46.19,85.0,3.0,1,-25.1,-12.7,14.7,-3.1,49.8,7.8,-30.5,-13.4,6.4,-3.6,2021-04
2021-04-21,1409,新纖,紡織纖維,觸發,等待後觸發,15.7,79.0,2.0,5,-6.4,-12.7,-0.2,-3.1,16.1,2.8,-8.9,-13.4,-3.0,-3.6,2021-04
2021-04-21,3711,日月光投控,半導體業,移出,掉出掃描母體,86.68,71.0,,29,,,,,,,,,,,2021-04
2021-04-21,5243,乙盛-KY,電子工業,移出,離高點太遠,63.07,73.0,,47,,,,,,,,,,,2021-04
2021-04-21,8183,精星,其他電子類,移出,離高點太遠,42.94,94.0,,33,,,,,,,,,,,2021-04
2021-04-21,6589,台康生技,生技醫療業,移出,離高點太遠,151.0,96.0,,27,,,,,,,,,,,2021-04
2021-04-21,6150,撼訊,電腦及週邊設備業,移出,離高點太遠,167.9,96.0,,22,,,,,,,,,,,2021-04
2021-04-21,3587,閎康,其他電子類,移出,掉出掃描母體,114.61,72.0,,20,,,,,,,,,,,2021-04
2021-04-21,1597,直得,電機機械,移出,掉出掃描母體,110.21,73.0,,13,,,,,,,,,,,2021-04
2021-04-21,2013,中鋼構,鋼鐵工業,移出,掉出掃描母體,38.86,70.0,,2,,,,,,,,,,,2021-04
2021-04-22,1477,聚陽,紡織纖維,進榜,準備,186.41,71.0,2.0,0,6.5,-9.7,-4.3,-1.7,186.0,-0.2,6.7,-10.0,-4.1,-1.9,2021-04
2021-04-22,6127,九豪,電子零組件業,移出,掉出掃描母體,34.46,76.0,,14,,,,,,,,,,,2021-04
2021-04-22,5608,四維航,航運業,移出,離高點太遠,23.88,99.0,,14,,,,,,,,,,,2021-04
2021-04-22,8150,南茂,電子工業,移出,掉出掃描母體,36.88,70.0,,1,,,,,,,,,,,2021-04
2021-04-22,3484,崧騰,電子零組件業,移出,掉出掃描母體,60.23,79.0,,108,,,,,,,,,,,2021-04
2021-04-22,2486,一詮,光電業,移出,離高點太遠,29.26,91.0,,42,,,,,,,,,,,2021-04
2021-04-22,3346,麗清,汽車工業,移出,離高點太遠,48.85,73.0,,34,,,,,,,,,,,2021-04
2021-04-22,6547,高端疫苗,生技醫療業,移出,離高點太遠,173.88,96.0,,29,,,,,,,,,,,2021-04
2021-04-22,2314,台揚,通信網路業,移出,離高點太遠,94.12,74.0,,10,,,,,,,,,,,2021-04
2021-04-22,3357,臺慶科,電子零組件業,移出,離高點太遠,149.55,91.0,,6,,,,,,,,,,,2021-04
2021-04-22,2028,威致,鋼鐵工業,移出,晚期未觸發,28.41,95.0,,6,,,,,,,,,,,2021-04
2021-04-23,3532,台勝科,半導體業,進榜,觸發,172.72,76.0,3.0,0,-20.6,-9.7,5.6,-2.9,178.0,3.1,-23.0,-10.3,2.5,-3.6,2021-04
2021-04-23,3532,台勝科,半導體業,觸發,進榜即觸發,172.72,76.0,3.0,0,-20.6,-9.7,5.6,-2.9,178.0,3.1,-23.0,-10.3,2.5,-3.6,2021-04
2021-04-23,2363,矽統,半導體業,進榜,觸發,23.74,73.0,4.0,0,-12.6,-9.7,0.7,-2.9,25.7,8.2,-19.3,-10.3,-7.0,-3.6,2021-04
2021-04-23,2363,矽統,半導體業,觸發,進榜即觸發,23.74,73.0,4.0,0,-12.6,-9.7,0.7,-2.9,25.7,8.2,-19.3,-10.3,-7.0,-3.6,2021-04
2021-04-23,8454,富邦媒,貿易百貨,進榜,觸發,502.93,70.0,4.0,0,10.9,-9.7,89.4,-2.9,502.9,0.0,10.9,-10.3,89.4,-3.6,2021-04
2021-04-23,8454,富邦媒,貿易百貨,觸發,進榜即觸發,502.93,70.0,4.0,0,10.9,-9.7,89.4,-2.9,502.9,0.0,10.9,-10.3,89.4,-3.6,2021-04
2021-04-23,3260,威剛,半導體業,進榜,準備,76.2,72.0,3.0,0,-10.1,-9.7,11.6,-2.9,81.7,7.2,-16.2,-10.3,4.1,-3.6,2021-04
2021-04-23,6182,合晶,半導體業,進榜,準備,50.69,71.0,3.0,0,-23.0,-9.7,11.7,-2.9,52.3,3.1,-25.3,-10.3,8.3,-3.6,2021-04
2021-04-23,8016,矽創,半導體業,觸發,等待後觸發,187.44,89.0,1.0,2,-13.0,-9.7,3.6,-2.9,190.6,1.7,-14.4,-10.3,1.9,-3.6,2021-04
2021-04-23,3317,尼克森,半導體業,觸發,等待後觸發,45.95,78.0,2.0,2,-22.0,-9.7,14.3,-2.9,50.5,9.9,-29.0,-10.3,4.1,-3.6,2021-04
2021-04-23,1477,聚陽,紡織纖維,移出,掉出掃描母體,186.41,71.0,,1,,,,,,,,,,,2021-04
2021-04-23,2603,長榮,航運業,移出,離高點太遠,55.5,98.0,,36,,,,,,,,,,,2021-04
2021-04-23,2010,春源,鋼鐵工業,移出,晚期未觸發,17.02,87.0,,8,,,,,,,,,,,2021-04
2021-04-23,1308,亞聚,塑膠工業,移出,掉出掃描母體,23.32,73.0,,7,,,,,,,,,,,2021-04
2021-04-23,2615,萬海,航運業,移出,離高點太遠,49.55,95.0,,7,,,,,,,,,,,2021-04
2021-04-26,2303,聯電,半導體業,進榜,觸發,45.86,74.0,6.0,0,-16.0,-9.8,-17.8,-4.2,46.0,0.3,-16.3,-10.2,-18.1,-4.5,2021-04
2021-04-26,2303,聯電,半導體業,觸發,進榜即觸發,45.86,74.0,6.0,0,-16.0,-9.8,-17.8,-4.2,46.0,0.3,-16.3,-10.2,-18.1,-4.5,2021-04
2021-04-26,4967,十銓,半導體業,進榜,觸發,75.4,74.0,3.0,0,-15.4,-9.8,8.1,-4.2,77.3,2.5,-17.5,-10.2,5.4,-4.5,2021-04
2021-04-26,4967,十銓,半導體業,觸發,進榜即觸發,75.4,74.0,3.0,0,-15.4,-9.8,8.1,-4.2,77.3,2.5,-17.5,-10.2,5.4,-4.5,2021-04
2021-04-26,3711,日月光投控,半導體業,進榜,觸發,90.51,72.0,2.0,0,-8.1,-9.8,1.3,-4.2,89.7,-0.8,-7.3,-10.2,2.1,-4.5,2021-04
2021-04-26,3711,日月光投控,半導體業,觸發,進榜即觸發,90.51,72.0,2.0,0,-8.1,-9.8,1.3,-4.2,89.7,-0.8,-7.3,-10.2,2.1,-4.5,2021-04
2021-04-26,6005,群益證,金融保險,進榜,準備,11.57,70.0,2.0,0,-11.3,-9.8,-8.2,-4.2,11.8,1.8,-13.0,-10.2,-9.8,-4.5,2021-04
2021-04-26,3260,威剛,半導體業,觸發,等待後觸發,83.57,80.0,3.0,3,-10.1,-9.8,-1.8,-4.2,82.5,-1.3,-8.9,-10.2,-0.4,-4.5,2021-04
2021-04-26,6182,合晶,半導體業,移出,掉出掃描母體,50.69,71.0,,3,,,,,,,,,,,2021-04
2021-04-26,3532,台勝科,半導體業,移出,掉出掃描母體,172.72,76.0,,3,,,,,,,,,,,2021-04
2021-04-26,8454,富邦媒,貿易百貨,移出,掉出掃描母體,502.93,70.0,,3,,,,,,,,,,,2021-04
2021-04-27,8390,金益鼎,其他,進榜,觸發,42.2,80.0,4.0,0,-13.9,-9.8,-14.5,-3.9,46.4,9.9,-21.7,-9.8,-22.3,-4.1,2021-04
2021-04-27,8390,金益鼎,其他,觸發,進榜即觸發,42.2,80.0,4.0,0,-13.9,-9.8,-14.5,-3.9,46.4,9.9,-21.7,-9.8,-22.3,-4.1,2021-04
2021-04-27,1609,大亞,電器電纜,進榜,準備,24.69,72.0,3.0,0,-17.4,-9.8,-16.6,-3.9,25.6,3.7,-20.4,-9.8,-19.6,-4.1,2021-04
2021-04-27,6005,群益證,金融保險,移出,掉出掃描母體,11.57,70.0,,1,,,,,,,,,,,2021-04
2021-04-27,3707,漢磊,半導體業,移出,離高點太遠,64.76,84.0,,21,,,,,,,,,,,2021-04
2021-04-27,3622,洋華,光電業,移出,掉出掃描母體,33.9,72.0,,18,,,,,,,,,,,2021-04
2021-04-27,4919,新唐,半導體業,移出,掉出掃描母體,66.13,73.0,,11,,,,,,,,,,,2021-04
2021-04-27,1447,力鵬,紡織纖維,移出,掉出掃描母體,13.15,70.0,,8,,,,,,,,,,,2021-04
2021-04-28,2457,飛宏,電子工業,進榜,觸發,43.84,97.0,4.0,0,-31.8,-9.9,-11.2,-3.6,44.1,0.7,-32.3,-10.2,-11.8,-3.8,2021-04
2021-04-28,2457,飛宏,電子工業,觸發,進榜即觸發,43.84,97.0,4.0,0,-31.8,-9.9,-11.2,-3.6,44.1,0.7,-32.3,-10.2,-11.8,-3.8,2021-04
2021-04-28,2489,瑞軒,光電業,進榜,觸發,19.11,82.0,3.0,0,-19.5,-9.9,-15.2,-3.6,20.6,7.6,-25.2,-10.2,-21.2,-3.8,2021-04
2021-04-28,2489,瑞軒,光電業,觸發,進榜即觸發,19.11,82.0,3.0,0,-19.5,-9.9,-15.2,-3.6,20.6,7.6,-25.2,-10.2,-21.2,-3.8,2021-04
2021-04-28,1605,華新,電器電纜,進榜,觸發,24.69,76.0,3.0,0,-20.2,-9.9,-5.5,-3.6,25.9,5.0,-24.0,-10.2,-10.0,-3.8,2021-04
2021-04-28,1605,華新,電器電纜,觸發,進榜即觸發,24.69,76.0,3.0,0,-20.2,-9.9,-5.5,-3.6,25.9,5.0,-24.0,-10.2,-10.0,-3.8,2021-04
2021-04-28,8150,南茂,電子工業,進榜,準備,37.33,71.0,2.0,0,-11.8,-9.9,0.8,-3.6,37.5,0.4,-12.2,-10.2,0.4,-3.8,2021-04
2021-04-28,1815,富喬,電子零組件業,觸發,等待後觸發,18.74,83.0,2.0,12,-30.2,-9.9,-7.4,-3.6,19.0,1.4,-31.2,-10.2,-8.7,-3.8,2021-04
2021-04-28,2467,志聖,電子工業,移出,掉出掃描母體,42.87,75.0,,70,,,,,,,,,,,2021-04
2021-04-28,8070,長華*,電子工業,移出,掉出掃描母體,28.82,77.0,,70,,,,,,,,,,,2021-04
2021-04-29,4912,聯德控股-KY,電子工業,進榜,觸發,159.4,76.0,2.0,0,-17.2,-8.4,-11.6,-2.9,159.4,0.0,-17.2,-8.2,-11.6,-2.9,2021-04
2021-04-29,4912,聯德控股-KY,電子工業,觸發,進榜即觸發,159.4,76.0,2.0,0,-17.2,-8.4,-11.6,-2.9,159.4,0.0,-17.2,-8.2,-11.6,-2.9,2021-04
2021-04-29,3529,力旺,半導體業,進榜,觸發,979.24,74.0,6.0,0,-8.9,-8.4,28.9,-2.9,1012.5,3.4,-11.9,-8.2,24.7,-2.9,2021-04
2021-04-29,3529,力旺,半導體業,觸發,進榜即觸發,979.24,74.0,6.0,0,-8.9,-8.4,28.9,-2.9,1012.5,3.4,-11.9,-8.2,24.7,-2.9,2021-04
2021-04-29,8150,南茂,電子工業,移出,掉出掃描母體,37.33,71.0,,1,,,,,,,,,,,2021-04
2021-04-29,5471,松翰,電子工業,移出,掉出掃描母體,84.5,70.0,,69,,,,,,,,,,,2021-04
2021-04-29,8021,尖點,其他電子業,移出,離高點太遠,32.32,72.0,,23,,,,,,,,,,,2021-04
2021-04-29,3014,聯陽,半導體業,移出,掉出掃描母體,83.72,73.0,,20,,,,,,,,,,,2021-04
2021-04-29,2303,聯電,半導體業,移出,掉出掃描母體,44.52,72.0,,3,,,,,,,,,,,2021-04
2021-05-03,2603,長榮,航運業,進榜,準備,68.76,99.0,3.0,0,13.9,-5.7,46.1,-1.7,68.8,0.0,13.9,-5.8,46.1,-1.9,2021-05
2021-05-03,1718,中纖,化學工業,進榜,準備,13.15,75.0,3.0,0,-26.4,-5.7,-21.7,-1.7,13.3,1.1,-27.2,-5.8,-22.6,-1.9,2021-05
2021-05-03,2881,富邦金,金融保險,進榜,準備,41.4,72.0,1.0,0,5.1,-5.7,15.1,-1.7,41.9,1.2,3.9,-5.8,13.8,-1.9,2021-05
2021-05-03,1440,南紡,紡織纖維,觸發,等待後觸發,26.74,93.0,3.0,25,-9.8,-5.7,-21.4,-1.7,27.0,1.1,-10.8,-5.8,-22.3,-1.9,2021-05
2021-05-03,2723,美食-KY,觀光事業,移出,掉出掃描母體,158.02,71.0,,14,,,,,,,,,,,2021-05
2021-05-03,2409,友達,光電業,移出,離高點太遠,25.96,92.0,,91,,,,,,,,,,,2021-05
2021-05-03,3481,群創,光電業,移出,離高點太遠,23.41,93.0,,73,,,,,,,,,,,2021-05
2021-05-03,6494,九齊,半導體業,移出,離高點太遠,80.39,95.0,,34,,,,,,,,,,,2021-05
2021-05-03,1905,華紙,造紙工業,移出,離高點太遠,23.2,95.0,,25,,,,,,,,,,,2021-05
2021-05-03,1815,富喬,電子零組件業,移出,離高點太遠,16.3,77.0,,17,,,,,,,,,,,2021-05
2021-05-03,1608,華榮,電器電纜,移出,離高點太遠,21.81,94.0,,13,,,,,,,,,,,2021-05
2021-05-03,8110,華東,電子工業,移出,掉出掃描母體,17.08,74.0,,12,,,,,,,,,,,2021-05
2021-05-03,3317,尼克森,半導體業,移出,離高點太遠,41.6,71.0,,12,,,,,,,,,,,2021-05
2021-05-03,3711,日月光投控,半導體業,移出,掉出掃描母體,90.51,70.0,,7,,,,,,,,,,,2021-05
2021-05-03,8390,金益鼎,其他,移出,離高點太遠,41.57,82.0,,6,,,,,,,,,,,2021-05
2021-05-03,2457,飛宏,電子工業,移出,離高點太遠,37.62,96.0,,5,,,,,,,,,,,2021-05
2021-05-03,2489,瑞軒,光電業,移出,離高點太遠,17.33,80.0,,5,,,,,,,,,,,2021-05
2021-05-03,4912,聯德控股-KY,電子工業,移出,突破失敗,143.68,70.0,,4,,,,,,,,,,,2021-05
2021-05-04,3035,智原,半導體業,進榜,準備,66.47,77.0,1.0,0,-6.0,-1.9,43.5,0.0,64.9,-2.3,-3.7,-1.9,46.8,0.0,2021-05
2021-05-04,1718,中纖,化學工業,移出,掉出掃描母體,13.15,75.0,,1,,,,,,,,,,,2021-05
2021-05-04,3006,晶豪科,電子工業,移出,離高點太遠,116.53,96.0,,71,,,,,,,,,,,2021-05
2021-05-04,2014,中鴻,鋼鐵工業,移出,離高點太遠,34.56,98.0,,70,,,,,,,,,,,2021-05
2021-05-04,2610,華航,航運業,移出,離高點太遠,15.35,88.0,,68,,,,,,,,,,,2021-05
2021-05-04,1305,華夏,塑膠工業,移出,離高點太遠,30.62,83.0,,61,,,,,,,,,,,2021-05
2021-05-04,6138,茂達,半導體業,移出,離高點太遠,99.78,79.0,,50,,,,,,,,,,,2021-05
2021-05-04,2352,佳世達,電腦及週邊設備業,移出,晚期未觸發,28.61,73.0,,36,,,,,,,,,,,2021-05
2021-05-04,6116,彩晶,電子工業,移出,離高點太遠,21.22,94.0,,36,,,,,,,,,,,2021-05
2021-05-04,1612,宏泰,電器電纜,移出,離高點太遠,18.56,86.0,,34,,,,,,,,,,,2021-05
2021-05-04,1802,台玻,玻璃陶瓷,移出,離高點太遠,28.06,91.0,,28,,,,,,,,,,,2021-05
2021-05-04,2027,大成鋼,鋼鐵工業,移出,離高點太遠,28.21,87.0,,27,,,,,,,,,,,2021-05
2021-05-04,2038,海光,鋼鐵工業,移出,離高點太遠,26.02,96.0,,26,,,,,,,,,,,2021-05
2021-05-04,2009,第一銅,鋼鐵工業,移出,離高點太遠,48.38,99.0,,26,,,,,,,,,,,2021-05
2021-05-04,1304,台聚,塑膠工業,移出,離高點太遠,28.59,88.0,,22,,,,,,,,,,,2021-05
2021-05-04,2006,東和鋼鐵,鋼鐵工業,移出,離高點太遠,52.43,83.0,,22,,,,,,,,,,,2021-05
2021-05-04,2436,偉詮電,半導體業,移出,離高點太遠,65.51,91.0,,19,,,,,,,,,,,2021-05
2021-05-04,1455,集盛,紡織纖維,移出,晚期未觸發,14.24,86.0,,19,,,,,,,,,,,2021-05
2021-05-04,8261,富鼎,半導體業,移出,離高點太遠,60.9,79.0,,18,,,,,,,,,,,2021-05
2021-05-04,2641,正德,航運業,移出,離高點太遠,14.73,92.0,,15,,,,,,,,,,,2021-05
2021-05-04,2031,新光鋼,鋼鐵工業,移出,離高點太遠,50.01,91.0,,14,,,,,,,,,,,2021-05
2021-05-04,2606,裕民,航運業,移出,離高點太遠,47.16,89.0,,14,,,,,,,,,,,2021-05
2021-05-04,2605,新興,航運業,移出,離高點太遠,24.64,86.0,,14,,,,,,,,,,,2021-05
2021-05-04,2601,益航,貿易百貨,移出,離高點太遠,14.15,76.0,,13,,,,,,,,,,,2021-05
2021-05-04,2618,長榮航,航運業,移出,離高點太遠,14.05,73.0,,13,,,,,,,,,,,2021-05
2021-05-04,2363,矽統,半導體業,移出,離高點太遠,23.69,76.0,,11,,,,,,,,,,,2021-05
2021-05-04,4967,十銓,半導體業,移出,離高點太遠,65.6,71.0,,8,,,,,,,,,,,2021-05
2021-05-04,1609,大亞,電器電纜,移出,離高點太遠,23.59,77.0,,7,,,,,,,,,,,2021-05
2021-05-04,1605,華新,電器電纜,移出,離高點太遠,21.73,74.0,,6,,,,,,,,,,,2021-05
2021-05-04,2617,台航,航運業,移出,離高點太遠,30.98,94.0,,15,,,,,,,,,,,2021-05
2021-05-05,3035,智原,半導體業,移出,掉出掃描母體,66.47,77.0,,1,,,,,,,,,,,2021-05
2021-05-05,3034,聯詠,半導體業,移出,掉出掃描母體,366.47,85.0,,48,,,,,,,,,,,2021-05
2021-05-05,6187,萬潤,其他電子類,移出,離高點太遠,108.45,70.0,,29,,,,,,,,,,,2021-05
2021-05-05,2344,華邦電,半導體業,移出,離高點太遠,28.32,75.0,,26,,,,,,,,,,,2021-05
2021-05-05,5483,中美晶,半導體業,移出,掉出掃描母體,143.36,75.0,,15,,,,,,,,,,,2021-05
2021-05-05,8016,矽創,半導體業,移出,離高點太遠,171.82,86.0,,14,,,,,,,,,,,2021-05
2021-05-05,3260,威剛,半導體業,移出,離高點太遠,75.47,80.0,,12,,,,,,,,,,,2021-05
2021-05-05,3529,力旺,半導體業,移出,掉出掃描母體,974.49,77.0,,6,,,,,,,,,,,2021-05
2021-05-06,2014,中鴻,鋼鐵工業,進榜,觸發,41.77,99.0,3.0,0,8.6,-1.9,2.9,0.0,43.6,4.3,4.1,-2.6,-1.3,-0.2,2021-05
2021-05-06,2014,中鴻,鋼鐵工業,觸發,進榜即觸發,41.77,99.0,3.0,0,8.6,-1.9,2.9,0.0,43.6,4.3,4.1,-2.6,-1.3,-0.2,2021-05
2021-05-06,1455,集盛,紡織纖維,進榜,觸發,16.78,93.0,3.0,0,50.5,-1.9,12.2,0.0,17.8,5.9,42.2,-2.6,6.0,-0.2,2021-05
2021-05-06,1455,集盛,紡織纖維,觸發,進榜即觸發,16.78,93.0,3.0,0,50.5,-1.9,12.2,0.0,17.8,5.9,42.2,-2.6,6.0,-0.2,2021-05
2021-05-06,1476,儒鴻,紡織纖維,進榜,準備,467.05,71.0,1.0,0,14.3,-1.9,7.4,0.0,472.8,1.2,12.9,-2.6,6.1,-0.2,2021-05
2021-05-06,2353,宏碁,電子工業,進榜,準備,25.76,71.0,3.0,0,-8.1,-1.9,-18.3,0.0,26.1,1.4,-9.4,-2.6,-19.4,-0.2,2021-05
2021-05-06,2460,建通,電子工業,移出,離高點太遠,37.05,93.0,,48,,,,,,,,,,,2021-05
2021-05-07,1476,儒鴻,紡織纖維,移出,掉出掃描母體,467.05,71.0,,1,,,,,,,,,,,2021-05
2021-05-07,2353,宏碁,電子工業,移出,掉出掃描母體,25.76,71.0,,1,,,,,,,,,,,2021-05
2021-05-07,1314,中石化,塑膠工業,移出,離高點太遠,13.53,75.0,,16,,,,,,,,,,,2021-05
2021-05-10,2009,第一銅,鋼鐵工業,進榜,觸發,64.99,100.0,4.0,0,-11.7,-4.6,-16.0,-0.4,63.7,-2.0,-9.9,-3.7,-14.3,0.1,2021-05
2021-05-10,2009,第一銅,鋼鐵工業,觸發,進榜即觸發,64.99,100.0,4.0,0,-11.7,-4.6,-16.0,-0.4,63.7,-2.0,-9.9,-3.7,-14.3,0.1,2021-05
2021-05-10,1608,華榮,電器電纜,進榜,觸發,26.24,97.0,4.0,0,-20.8,-4.6,-22.9,-0.4,25.7,-2.0,-19.1,-3.7,-21.4,0.1,2021-05
2021-05-10,1608,華榮,電器電纜,觸發,進榜即觸發,26.24,97.0,4.0,0,-20.8,-4.6,-22.9,-0.4,25.7,-2.0,-19.1,-3.7,-21.4,0.1,2021-05
2021-05-10,2022,聚亨,鋼鐵工業,進榜,觸發,25.71,97.0,3.0,0,-22.6,-4.6,10.3,-0.4,23.8,-7.6,-16.2,-3.7,19.4,0.1,2021-05
2021-05-10,2022,聚亨,鋼鐵工業,觸發,進榜即觸發,25.71,97.0,3.0,0,-22.6,-4.6,10.3,-0.4,23.8,-7.6,-16.2,-3.7,19.4,0.1,2021-05
2021-05-10,1802,台玻,玻璃陶瓷,進榜,觸發,33.4,94.0,3.0,0,-3.9,-4.6,7.1,-0.4,33.4,0.0,-3.9,-3.7,7.1,0.1,2021-05
2021-05-10,1802,台玻,玻璃陶瓷,觸發,進榜即觸發,33.4,94.0,3.0,0,-3.9,-4.6,7.1,-0.4,33.4,0.0,-3.9,-3.7,7.1,0.1,2021-05
2021-05-10,2641,正德,航運業,進榜,觸發,17.93,94.0,4.0,0,-20.4,-4.6,33.3,-0.4,17.6,-1.9,-18.9,-3.7,35.9,0.1,2021-05
2021-05-10,2641,正德,航運業,觸發,進榜即觸發,17.93,94.0,4.0,0,-20.4,-4.6,33.3,-0.4,17.6,-1.9,-18.9,-3.7,35.9,0.1,2021-05
2021-05-10,2030,彰源,鋼鐵工業,進榜,觸發,16.97,87.0,2.0,0,-0.4,-4.6,96.4,-0.4,16.7,-1.6,1.1,-3.7,99.5,0.1,2021-05
2021-05-10,2030,彰源,鋼鐵工業,觸發,進榜即觸發,16.97,87.0,2.0,0,-0.4,-4.6,96.4,-0.4,16.7,-1.6,1.1,-3.7,99.5,0.1,2021-05
2021-05-10,5608,四維航,航運業,進榜,準備,28.29,99.0,3.0,0,-5.6,-4.6,44.0,-0.4,28.8,1.8,-7.3,-3.7,41.4,0.1,2021-05
2021-05-10,6015,宏遠證,金融業,進榜,準備,17.35,95.0,3.0,0,7.3,-4.6,-4.8,-0.4,17.7,2.1,5.1,-3.7,-6.8,0.1,2021-05
2021-05-10,2027,大成鋼,鋼鐵工業,進榜,準備,34.22,90.0,2.0,0,-10.2,-4.6,0.9,-0.4,33.1,-3.2,-7.2,-3.7,4.3,0.1,2021-05
2021-05-10,2605,新興,航運業,進榜,準備,28.79,90.0,3.0,0,-25.1,-4.6,10.6,-0.4,27.4,-4.9,-21.3,-3.7,16.3,0.1,2021-05
2021-05-10,1476,儒鴻,紡織纖維,進榜,準備,504.05,73.0,1.0,0,4.2,-4.6,0.3,-0.4,509.0,1.0,3.2,-3.7,-0.6,0.1,2021-05
2021-05-10,2204,中華,汽車工業,進榜,準備,46.65,73.0,2.0,0,0.4,-4.6,3.6,-0.4,46.4,-0.6,1.0,-3.7,4.1,0.1,2021-05
2021-05-10,2883,凱基金,金融保險,進榜,準備,10.46,70.0,1.0,0,-6.4,-4.6,6.4,-0.4,10.4,-0.4,-6.0,-3.7,6.8,0.1,2021-05
2021-05-10,2603,長榮,航運業,觸發,等待後觸發,74.24,99.0,3.0,7,18.2,-4.6,50.8,-0.4,72.7,-2.0,20.6,-3.7,53.9,0.1,2021-05
2021-05-11,2889,國票金,金融保險,進榜,準備,12.71,71.0,1.0,0,-5.9,-0.9,-3.8,2.4,12.6,-1.1,-4.9,-0.2,-2.7,3.0,2021-05
2021-05-11,8299,群聯,半導體業,移出,掉出掃描母體,429.16,77.0,,82,,,,,,,,,,,2021-05
2021-05-11,3048,益登,電子通路業,移出,離高點太遠,22.95,83.0,,34,,,,,,,,,,,2021-05
2021-05-11,1608,華榮,電器電纜,移出,突破失敗,23.63,96.0,,1,,,,,,,,,,,2021-05
2021-05-12,6547,高端疫苗,生技醫療業,進榜,觸發,221.55,99.0,4.0,0,-24.1,3.8,-14.5,7.7,228.3,3.0,-26.3,6.1,-17.1,10.1,2021-05
2021-05-12,6547,高端疫苗,生技醫療業,觸發,進榜即觸發,221.55,99.0,4.0,0,-24.1,3.8,-14.5,7.7,228.3,3.0,-26.3,6.1,-17.1,10.1,2021-05
2021-05-12,1907,永豐餘,造紙工業,移出,掉出掃描母體,28.96,83.0,,78,,,,,,,,,,,2021-05
2021-05-12,2609,陽明,航運業,移出,離高點太遠,41.58,100.0,,58,,,,,,,,,,,2021-05
2021-05-12,5371,中光電,光電業,移出,掉出掃描母體,43.83,78.0,,57,,,,,,,,,,,2021-05
2021-05-12,2637,慧洋-KY,航運業,移出,離高點太遠,45.03,97.0,,54,,,,,,,,,,,2021-05
2021-05-12,3003,健和興,電子工業,移出,離高點太遠,57.75,82.0,,41,,,,,,,,,,,2021-05
2021-05-12,8924,大田,其他,移出,離高點太遠,75.16,91.0,,36,,,,,,,,,,,2021-05
2021-05-12,2476,鉅祥,電子零組件業,移出,掉出掃描母體,27.17,79.0,,35,,,,,,,,,,,2021-05
2021-05-12,1313,聯成,塑膠工業,移出,離高點太遠,21.45,88.0,,33,,,,,,,,,,,2021-05
2021-05-12,1409,新纖,紡織纖維,移出,離高點太遠,15.66,87.0,,26,,,,,,,,,,,2021-05
2021-05-12,2002,中鋼,鋼鐵工業,移出,離高點太遠,31.82,87.0,,26,,,,,,,,,,,2021-05
2021-05-12,2636,台驊控股,航運業,移出,離高點太遠,42.67,89.0,,21,,,,,,,,,,,2021-05
2021-05-12,2014,中鴻,鋼鐵工業,移出,離高點太遠,44.85,99.0,,6,,,,,,,,,,,2021-05
2021-05-12,6015,宏遠證,金融業,移出,離高點太遠,15.95,96.0,,2,,,,,,,,,,,2021-05
2021-05-12,2027,大成鋼,鋼鐵工業,移出,離高點太遠,28.21,90.0,,2,,,,,,,,,,,2021-05
2021-05-12,2605,新興,航運業,移出,離高點太遠,23.61,89.0,,2,,,,,,,,,,,2021-05
2021-05-12,2009,第一銅,鋼鐵工業,移出,離高點太遠,55.49,100.0,,2,,,,,,,,,,,2021-05
2021-05-12,2022,聚亨,鋼鐵工業,移出,離高點太遠,22.64,98.0,,2,,,,,,,,,,,2021-05
2021-05-12,2641,正德,航運業,移出,離高點太遠,15.27,93.0,,2,,,,,,,,,,,2021-05
2021-05-12,2030,彰源,鋼鐵工業,移出,離高點太遠,15.52,90.0,,2,,,,,,,,,,,2021-05
2021-05-12,1455,集盛,紡織纖維,移出,離高點太遠,18.79,95.0,,6,,,,,,,,,,,2021-05
2021-05-13,6491,晶碩,生技醫療業,移出,離高點太遠,362.77,88.0,,69,,,,,,,,,,,2021-05
2021-05-13,6016,康和證,金融業,移出,掉出掃描母體,9.57,86.0,,59,,,,,,,,,,,2021-05
2021-05-13,1440,南紡,紡織纖維,移出,離高點太遠,23.46,93.0,,35,,,,,,,,,,,2021-05
2021-05-13,2023,燁輝,鋼鐵工業,移出,離高點太遠,19.59,92.0,,28,,,,,,,,,,,2021-05
2021-05-13,2855,統一證,金融保險,移出,離高點太遠,16.15,82.0,,22,,,,,,,,,,,2021-05
2021-05-13,2603,長榮,航運業,移出,離高點太遠,61.53,98.0,,10,,,,,,,,,,,2021-05
2021-05-13,5608,四維航,航運業,移出,離高點太遠,24.71,99.0,,3,,,,,,,,,,,2021-05
2021-05-13,1802,台玻,玻璃陶瓷,移出,離高點太遠,28.79,95.0,,3,,,,,,,,,,,2021-05
2021-05-17,6589,台康生技,生技醫療業,進榜,觸發,188.5,100.0,5.0,0,-9.0,11.5,-28.1,12.5,179.5,-4.8,-4.5,9.8,-24.5,11.0,2021-05
2021-05-17,6589,台康生技,生技醫療業,觸發,進榜即觸發,188.5,100.0,5.0,0,-9.0,11.5,-28.1,12.5,179.5,-4.8,-4.5,9.8,-24.5,11.0,2021-05
2021-05-17,8454,富邦媒,貿易百貨,進榜,觸發,539.5,90.0,4.0,0,18.6,11.5,112.6,12.5,564.6,4.7,13.4,9.8,103.1,11.0,2021-05
2021-05-17,8454,富邦媒,貿易百貨,觸發,進榜即觸發,539.5,90.0,4.0,0,18.6,11.5,112.6,12.5,564.6,4.7,13.4,9.8,103.1,11.0,2021-05
2021-05-17,6472,保瑞,生技醫療業,進榜,觸發,120.56,89.0,6.0,0,-6.0,11.5,-2.1,12.5,124.4,3.2,-8.9,9.8,-5.2,11.0,2021-05
2021-05-17,6472,保瑞,生技醫療業,觸發,進榜即觸發,120.56,89.0,6.0,0,-6.0,11.5,-2.1,12.5,124.4,3.2,-8.9,9.8,-5.2,11.0,2021-05
2021-05-17,2881,富邦金,金融保險,移出,離高點太遠,39.47,86.0,,14,,,,,,,,,,,2021-05
2021-05-17,2883,凱基金,金融保險,移出,離高點太遠,8.77,75.0,,7,,,,,,,,,,,2021-05
2021-05-17,2889,國票金,金融保險,移出,掉出掃描母體,12.07,74.0,,6,,,,,,,,,,,2021-05
2021-05-18,2357,華碩,電子工業,進榜,準備,253.75,79.0,1.0,0,1.0,5.3,-9.2,5.6,257.7,1.6,-0.5,5.5,-10.6,5.5,2021-05
2021-05-19,6547,高端疫苗,生技醫療業,移出,離高點太遠,231.29,99.0,,7,,,,,,,,,,,2021-05
2021-05-19,6589,台康生技,生技醫療業,移出,離高點太遠,160.0,99.0,,2,,,,,,,,,,,2021-05
2021-05-20,4746,台耀,化學生技醫療,進榜,觸發,62.23,83.0,3.0,0,11.8,5.9,-5.2,5.0,67.2,8.1,3.5,4.9,-12.3,4.0,2021-05
2021-05-20,4746,台耀,化學生技醫療,觸發,進榜即觸發,62.23,83.0,3.0,0,11.8,5.9,-5.2,5.0,67.2,8.1,3.5,4.9,-12.3,4.0,2021-05
2021-05-21,2615,萬海,航運業,進榜,觸發,68.89,98.0,4.0,0,118.4,2.9,88.6,2.3,70.7,2.6,112.8,3.4,83.8,2.8,2021-05
2021-05-21,2615,萬海,航運業,觸發,進榜即觸發,68.89,98.0,4.0,0,118.4,2.9,88.6,2.3,70.7,2.6,112.8,3.4,83.8,2.8,2021-05
2021-05-24,1455,集盛,紡織纖維,進榜,觸發,23.3,98.0,3.0,0,-4.4,2.4,-28.4,0.6,25.6,10.0,-13.1,2.0,-34.9,0.3,2021-05
2021-05-24,1455,集盛,紡織纖維,觸發,進榜即觸發,23.3,98.0,3.0,0,-4.4,2.4,-28.4,0.6,25.6,10.0,-13.1,2.0,-34.9,0.3,2021-05
2021-05-26,1477,聚陽,紡織纖維,進榜,準備,208.06,81.0,2.0,0,-4.2,2.7,-23.8,-0.8,207.0,-0.5,-3.7,2.9,-23.4,-0.7,2021-05
2021-05-26,6472,保瑞,生技醫療業,移出,離高點太遠,117.14,77.0,,9,,,,,,,,,,,2021-05
2021-05-27,2636,台驊控股,航運業,進榜,觸發,51.86,94.0,5.0,0,160.6,3.2,107.7,-0.4,57.0,10.0,136.9,2.5,88.9,-1.0,2021-05
2021-05-27,2636,台驊控股,航運業,觸發,進榜即觸發,51.86,94.0,5.0,0,160.6,3.2,107.7,-0.4,57.0,10.0,136.9,2.5,88.9,-1.0,2021-05
2021-05-27,2642,宅配通,航運業,進榜,觸發,60.82,93.0,2.0,0,62.4,3.2,17.5,-0.4,64.3,5.6,53.7,2.5,11.2,-1.0,2021-05
2021-05-27,2642,宅配通,航運業,觸發,進榜即觸發,60.82,93.0,2.0,0,62.4,3.2,17.5,-0.4,64.3,5.6,53.7,2.5,11.2,-1.0,2021-05
2021-05-27,4919,新唐,半導體業,進榜,準備,63.15,85.0,3.0,0,17.1,3.2,101.2,-0.4,65.0,2.9,13.8,2.5,95.5,-1.0,2021-05
2021-05-28,4919,新唐,半導體業,觸發,等待後觸發,69.46,87.0,3.0,1,7.2,2.6,89.2,0.0,72.2,3.9,3.2,2.3,82.1,-0.3,2021-05
2021-05-31,2465,麗臺,電腦及週邊設備業,進榜,觸發,48.9,96.0,6.0,0,38.0,1.7,13.9,-0.5,48.2,-1.4,39.9,1.5,15.5,-0.8,2021-05
2021-05-31,2465,麗臺,電腦及週邊設備業,觸發,進榜即觸發,48.9,96.0,6.0,0,38.0,1.7,13.9,-0.5,48.2,-1.4,39.9,1.5,15.5,-0.8,2021-05
2021-05-31,2608,嘉里大榮,航運業,進榜,觸發,51.43,83.0,2.0,0,2.8,1.7,-24.6,-0.5,54.1,5.2,-2.2,1.5,-28.3,-0.8,2021-05
2021-05-31,2608,嘉里大榮,航運業,觸發,進榜即觸發,51.43,83.0,2.0,0,2.8,1.7,-24.6,-0.5,54.1,5.2,-2.2,1.5,-28.3,-0.8,2021-05
2021-05-31,3003,健和興,電子工業,進榜,準備,64.82,83.0,3.0,0,13.2,1.7,38.1,-0.5,64.5,-0.5,13.8,1.5,38.9,-0.8,2021-05
2021-05-31,6672,騰輝電子-KY,電子工業,進榜,準備,84.7,71.0,1.0,0,34.4,1.7,44.2,-0.5,83.9,-0.9,35.6,1.5,45.5,-0.8,2021-05
2021-05-31,2204,中華,汽車工業,移出,掉出掃描母體,43.87,71.0,,21,,,,,,,,,,,2021-05
2021-06-01,6015,宏遠證,金融業,進榜,觸發,19.95,98.0,3.0,0,-3.9,1.5,-26.6,-0.3,20.2,1.1,-5.0,1.3,-27.4,-0.7,2021-06
2021-06-01,6015,宏遠證,金融業,觸發,進榜即觸發,19.95,98.0,3.0,0,-3.9,1.5,-26.6,-0.3,20.2,1.1,-5.0,1.3,-27.4,-0.7,2021-06
2021-06-01,2028,威致,鋼鐵工業,進榜,觸發,32.82,89.0,4.0,0,48.2,1.5,12.9,-0.3,35.9,9.2,35.7,1.3,3.4,-0.7,2021-06
2021-06-01,2028,威致,鋼鐵工業,觸發,進榜即觸發,32.82,89.0,4.0,0,48.2,1.5,12.9,-0.3,35.9,9.2,35.7,1.3,3.4,-0.7,2021-06
2021-06-01,2603,長榮,航運業,進榜,準備,85.75,99.0,3.0,0,82.4,1.5,36.0,-0.3,87.3,1.9,79.1,1.3,33.5,-0.7,2021-06
2021-06-01,2476,鉅祥,電子零組件業,進榜,準備,29.81,81.0,2.0,0,18.1,1.5,60.4,-0.3,30.1,1.0,17.0,1.3,58.9,-0.7,2021-06
2021-06-01,3048,益登,電子通路業,進榜,準備,24.39,80.0,3.0,0,-4.3,1.5,1.5,-0.3,24.5,0.4,-4.7,1.3,1.1,-0.7,2021-06
2021-06-02,2038,海光,鋼鐵工業,進榜,觸發,39.58,99.0,4.0,0,26.9,1.5,-5.1,-0.3,41.4,4.6,21.3,1.2,-9.3,-0.7,2021-06
2021-06-02,2038,海光,鋼鐵工業,觸發,進榜即觸發,39.58,99.0,4.0,0,26.9,1.5,-5.1,-0.3,41.4,4.6,21.3,1.2,-9.3,-0.7,2021-06
2021-06-02,1907,永豐餘,造紙工業,進榜,觸發,34.49,84.0,4.0,0,9.4,1.5,-11.2,-0.3,35.5,2.9,6.3,1.2,-13.7,-0.7,2021-06
2021-06-02,1907,永豐餘,造紙工業,觸發,進榜即觸發,34.49,84.0,4.0,0,9.4,1.5,-11.2,-0.3,35.5,2.9,6.3,1.2,-13.7,-0.7,2021-06
2021-06-02,5609,中菲行,航運業,進榜,觸發,55.2,77.0,4.0,0,36.7,1.5,25.7,-0.3,58.1,5.2,29.9,1.2,19.5,-0.7,2021-06
2021-06-02,5609,中菲行,航運業,觸發,進榜即觸發,55.2,77.0,4.0,0,36.7,1.5,25.7,-0.3,58.1,5.2,29.9,1.2,19.5,-0.7,2021-06
2021-06-02,5371,中光電,光電業,進榜,準備,44.75,75.0,2.0,0,2.0,1.5,-0.1,-0.3,44.7,0.0,2.0,1.2,-0.1,-0.7,2021-06
2021-06-02,2204,中華,汽車工業,進榜,準備,46.45,73.0,3.0,0,7.0,1.5,1.2,-0.3,46.8,0.7,6.2,1.2,0.5,-0.7,2021-06
2021-06-02,8150,南茂,電子工業,進榜,準備,34.92,72.0,3.0,0,2.4,1.5,24.7,-0.3,35.3,1.0,1.5,1.2,23.5,-0.7,2021-06
2021-06-03,1905,華紙,造紙工業,進榜,觸發,27.92,96.0,4.0,0,-1.2,1.1,-11.9,-0.4,28.9,3.6,-4.7,1.3,-15.0,-0.4,2021-06
2021-06-03,1905,華紙,造紙工業,觸發,進榜即觸發,27.92,96.0,4.0,0,-1.2,1.1,-11.9,-0.4,28.9,3.6,-4.7,1.3,-15.0,-0.4,2021-06
2021-06-03,3141,晶宏,半導體業,進榜,觸發,75.58,89.0,3.0,0,71.3,1.1,83.5,-0.4,75.6,0.0,71.3,1.3,83.5,-0.4,2021-06
2021-06-03,3141,晶宏,半導體業,觸發,進榜即觸發,75.58,89.0,3.0,0,71.3,1.1,83.5,-0.4,75.6,0.0,71.3,1.3,83.5,-0.4,2021-06
2021-06-03,2618,長榮航,航運業,進榜,觸發,16.43,74.0,3.0,0,0.5,1.1,-5.0,-0.4,17.9,9.0,-7.8,1.3,-12.8,-0.4,2021-06
2021-06-03,2618,長榮航,航運業,觸發,進榜即觸發,16.43,74.0,3.0,0,0.5,1.1,-5.0,-0.4,17.9,9.0,-7.8,1.3,-12.8,-0.4,2021-06
2021-06-03,3037,欣興,電子工業,進榜,觸發,107.53,72.0,4.0,0,4.1,1.1,20.1,-0.4,105.8,-1.6,5.9,1.3,22.1,-0.4,2021-06
2021-06-03,3037,欣興,電子工業,觸發,進榜即觸發,107.53,72.0,4.0,0,4.1,1.1,20.1,-0.4,105.8,-1.6,5.9,1.3,22.1,-0.4,2021-06
2021-06-03,3035,智原,半導體業,進榜,準備,63.77,70.0,2.0,0,9.7,1.1,47.4,-0.4,63.9,0.3,9.4,1.3,47.0,-0.4,2021-06
2021-06-03,6672,騰輝電子-KY,電子工業,觸發,等待後觸發,99.79,83.0,1.0,3,27.1,1.1,19.2,-0.4,99.0,-0.8,28.1,1.3,20.1,-0.4,2021-06
2021-06-03,8150,南茂,電子工業,移出,掉出掃描母體,34.92,72.0,,1,,,,,,,,,,,2021-06
2021-06-03,2357,華碩,電子工業,移出,掉出掃描母體,260.03,73.0,,16,,,,,,,,,,,2021-06
2021-06-03,4746,台耀,化學生技醫療,移出,離高點太遠,76.53,86.0,,14,,,,,,,,,,,2021-06
2021-06-04,1477,聚陽,紡織纖維,移出,掉出掃描母體,201.45,71.0,,9,,,,,,,,,,,2021-06
2021-06-04,2642,宅配通,航運業,移出,離高點太遠,67.95,94.0,,8,,,,,,,,,,,2021-06
2021-06-04,3048,益登,電子通路業,移出,掉出掃描母體,23.98,76.0,,3,,,,,,,,,,,2021-06
2021-06-04,3037,欣興,電子工業,移出,掉出掃描母體,107.53,72.0,,1,,,,,,,,,,,2021-06
2021-06-07,6494,九齊,半導體業,進榜,觸發,95.34,97.0,4.0,0,0.8,2.7,23.9,0.6,97.2,2.0,-1.2,2.5,21.6,0.5,2021-06
2021-06-07,6494,九齊,半導體業,觸發,進榜即觸發,95.34,97.0,4.0,0,0.8,2.7,23.9,0.6,97.2,2.0,-1.2,2.5,21.6,0.5,2021-06
2021-06-07,2351,順德,電子工業,進榜,觸發,93.32,71.0,3.0,0,33.3,2.7,37.1,0.6,97.3,4.2,27.9,2.5,31.5,0.5,2021-06
2021-06-07,2351,順德,電子工業,觸發,進榜即觸發,93.32,71.0,3.0,0,33.3,2.7,37.1,0.6,97.3,4.2,27.9,2.5,31.5,0.5,2021-06
2021-06-07,1904,正隆,造紙工業,進榜,準備,39.83,78.0,3.0,0,-1.9,2.7,-23.0,0.6,39.7,-0.3,-1.6,2.5,-22.8,0.5,2021-06
2021-06-07,2028,威致,鋼鐵工業,移出,離高點太遠,33.71,93.0,,6,,,,,,,,,,,2021-06
2021-06-07,2038,海光,鋼鐵工業,移出,離高點太遠,36.37,98.0,,5,,,,,,,,,,,2021-06
2021-06-08,8150,南茂,電子工業,進榜,觸發,36.36,73.0,3.0,0,4.5,2.5,26.8,0.9,36.1,-0.7,5.2,2.6,27.7,0.9,2021-06
2021-06-08,8150,南茂,電子工業,觸發,進榜即觸發,36.36,73.0,3.0,0,4.5,2.5,26.8,0.9,36.1,-0.7,5.2,2.6,27.7,0.9,2021-06
2021-06-08,2476,鉅祥,電子零組件業,移出,掉出掃描母體,28.43,78.0,,7,,,,,,,,,,,2021-06
2021-06-08,2351,順德,電子工業,移出,掉出掃描母體,93.32,71.0,,1,,,,,,,,,,,2021-06
2021-06-09,3545,敦泰,電子工業,進榜,觸發,191.63,98.0,6.0,0,-9.3,3.2,-25.0,0.6,193.6,1.0,-10.2,2.9,-25.7,0.5,2021-06
2021-06-09,3545,敦泰,電子工業,觸發,進榜即觸發,191.63,98.0,6.0,0,-9.3,3.2,-25.0,0.6,193.6,1.0,-10.2,2.9,-25.7,0.5,2021-06
2021-06-09,3014,聯陽,半導體業,進榜,觸發,88.41,85.0,6.0,0,-3.8,3.2,-11.2,0.6,89.1,0.8,-4.5,2.9,-11.8,0.5,2021-06
2021-06-09,3014,聯陽,半導體業,觸發,進榜即觸發,88.41,85.0,6.0,0,-3.8,3.2,-11.2,0.6,89.1,0.8,-4.5,2.9,-11.8,0.5,2021-06
2021-06-09,6015,宏遠證,金融業,移出,突破失敗,18.33,97.0,,8,,,,,,,,,,,2021-06
2021-06-10,3529,力旺,半導體業,進榜,觸發,1121.85,88.0,6.0,0,16.1,2.3,42.4,0.4,1145.6,2.1,13.7,2.1,39.4,0.3,2021-06
2021-06-10,3529,力旺,半導體業,觸發,進榜即觸發,1121.85,88.0,6.0,0,16.1,2.3,42.4,0.4,1145.6,2.1,13.7,2.1,39.4,0.3,2021-06
2021-06-10,6202,盛群,半導體業,進榜,觸發,88.11,74.0,4.0,0,-4.1,2.3,22.0,0.4,88.5,0.5,-4.5,2.1,21.4,0.3,2021-06
2021-06-10,6202,盛群,半導體業,觸發,進榜即觸發,88.11,74.0,4.0,0,-4.1,2.3,22.0,0.4,88.5,0.5,-4.5,2.1,21.4,0.3,2021-06
2021-06-10,1455,集盛,紡織纖維,移出,離高點太遠,21.42,96.0,,17,,,,,,,,,,,2021-06
2021-06-10,1904,正隆,造紙工業,移出,掉出掃描母體,36.66,70.0,,3,,,,,,,,,,,2021-06
2021-06-11,2641,正德,航運業,進榜,觸發,18.01,95.0,5.0,0,74.7,2.7,34.5,0.0,18.4,2.4,70.7,2.4,31.4,-0.4,2021-06
2021-06-11,2641,正德,航運業,觸發,進榜即觸發,18.01,95.0,5.0,0,74.7,2.7,34.5,0.0,18.4,2.4,70.7,2.4,31.4,-0.4,2021-06
2021-06-11,2390,云辰,電子工業,進榜,觸發,30.62,91.0,2.0,0,-21.0,2.7,-32.0,0.0,29.3,-4.5,-17.3,2.4,-28.8,-0.4,2021-06
2021-06-11,2390,云辰,電子工業,觸發,進榜即觸發,30.62,91.0,2.0,0,-21.0,2.7,-32.0,0.0,29.3,-4.5,-17.3,2.4,-28.8,-0.4,2021-06
2021-06-11,3305,昇貿,其他電子業,進榜,觸發,43.19,85.0,3.0,0,15.3,2.7,-10.7,0.0,43.2,0.0,15.3,2.4,-10.7,-0.4,2021-06
2021-06-11,3305,昇貿,其他電子業,觸發,進榜即觸發,43.19,85.0,3.0,0,15.3,2.7,-10.7,0.0,43.2,0.0,15.3,2.4,-10.7,-0.4,2021-06
2021-06-11,2314,台揚,通信網路業,進榜,觸發,117.21,79.0,4.0,0,4.0,2.7,17.0,0.0,118.8,1.4,2.5,2.4,15.4,-0.4,2021-06
2021-06-11,2314,台揚,通信網路業,觸發,進榜即觸發,117.21,79.0,4.0,0,4.0,2.7,17.0,0.0,118.8,1.4,2.5,2.4,15.4,-0.4,2021-06
2021-06-11,6409,旭隼,其他電子業,進榜,準備,1112.74,71.0,3.0,0,-0.4,2.7,-5.3,0.0,1108.4,-0.4,0.0,2.4,-4.9,-0.4,2021-06
2021-06-11,3711,日月光投控,半導體業,進榜,準備,90.9,70.0,3.0,0,-5.1,2.7,8.6,0.0,91.3,0.4,-5.5,2.4,8.1,-0.4,2021-06
2021-06-11,3035,智原,半導體業,觸發,等待後觸發,70.34,81.0,2.0,8,41.5,2.7,40.7,0.0,71.6,1.8,39.0,2.4,38.2,-0.4,2021-06
2021-06-11,6202,盛群,半導體業,移出,掉出掃描母體,88.11,74.0,,1,,,,,,,,,,,2021-06
2021-06-15,5608,四維航,航運業,進榜,觸發,34.78,100.0,3.0,0,24.5,1.8,31.8,-0.7,36.6,5.3,18.3,1.8,25.2,-0.8,2021-06
2021-06-15,5608,四維航,航運業,觸發,進榜即觸發,34.78,100.0,3.0,0,24.5,1.8,31.8,-0.7,36.6,5.3,18.3,1.8,25.2,-0.8,2021-06
2021-06-15,2338,光罩,半導體業,進榜,觸發,80.59,92.0,4.0,0,-3.7,1.8,-5.4,-0.7,80.5,-0.1,-3.6,1.8,-5.3,-0.8,2021-06
2021-06-15,2338,光罩,半導體業,觸發,進榜即觸發,80.59,92.0,4.0,0,-3.7,1.8,-5.4,-0.7,80.5,-0.1,-3.6,1.8,-5.3,-0.8,2021-06
2021-06-15,3707,漢磊,半導體業,進榜,觸發,78.17,92.0,6.0,0,13.9,1.8,24.0,-0.7,78.1,-0.1,14.1,1.8,24.1,-0.8,2021-06
2021-06-15,3707,漢磊,半導體業,觸發,進榜即觸發,78.17,92.0,6.0,0,13.9,1.8,24.0,-0.7,78.1,-0.1,14.1,1.8,24.1,-0.8,2021-06
2021-06-15,2614,東森,貿易百貨,進榜,觸發,39.71,80.0,5.0,0,167.1,1.8,29.3,-0.7,41.9,5.6,152.9,1.8,22.4,-0.8,2021-06
2021-06-15,2614,東森,貿易百貨,觸發,進榜即觸發,39.71,80.0,5.0,0,167.1,1.8,29.3,-0.7,41.9,5.6,152.9,1.8,22.4,-0.8,2021-06
2021-06-15,2607,榮運,航運業,進榜,準備,33.95,74.0,3.0,0,50.0,1.8,35.3,-0.7,34.1,0.4,49.4,1.8,34.8,-0.8,2021-06
2021-06-15,6409,旭隼,其他電子業,移出,掉出掃描母體,1112.74,71.0,,4,,,,,,,,,,,2021-06
2021-06-15,3711,日月光投控,半導體業,移出,掉出掃描母體,90.9,70.0,,4,,,,,,,,,,,2021-06
2021-06-15,2390,云辰,電子工業,移出,突破失敗,28.12,88.0,,4,,,,,,,,,,,2021-06
2021-06-16,3687,歐買尬,文化創意業,進榜,準備,83.81,90.0,3.0,0,29.9,1.9,29.9,-1.3,86.4,3.0,26.1,2.1,26.1,-1.2,2021-06
2021-06-16,8406,金可-KY,生技醫療業,進榜,準備,218.54,74.0,1.0,0,11.1,1.9,-9.4,-1.3,216.6,-0.9,12.1,2.1,-8.6,-1.2,2021-06
2021-06-16,6409,旭隼,其他電子業,進榜,準備,1121.37,71.0,3.0,0,1.9,1.9,-4.0,-1.3,1112.7,-0.8,2.7,2.1,-3.3,-1.2,2021-06
2021-06-16,2608,嘉里大榮,航運業,移出,離高點太遠,46.43,76.0,,16,,,,,,,,,,,2021-06
2021-06-16,3545,敦泰,電子工業,移出,突破失敗,172.32,96.0,,7,,,,,,,,,,,2021-06
2021-06-17,2609,陽明,航運業,進榜,觸發,66.46,100.0,4.0,0,27.4,2.0,-13.5,-1.4,65.5,-1.4,29.2,2.0,-12.3,-1.6,2021-06
2021-06-17,2609,陽明,航運業,觸發,進榜即觸發,66.46,100.0,4.0,0,27.4,2.0,-13.5,-1.4,65.5,-1.4,29.2,2.0,-12.3,-1.6,2021-06
2021-06-17,2611,志信,航運業,進榜,觸發,15.73,95.0,3.0,0,49.7,2.0,28.6,-1.4,17.3,9.8,36.4,2.0,17.1,-1.6,2021-06
2021-06-17,2611,志信,航運業,觸發,進榜即觸發,15.73,95.0,3.0,0,49.7,2.0,28.6,-1.4,17.3,9.8,36.4,2.0,17.1,-1.6,2021-06
2021-06-17,3530,晶相光,半導體業,進榜,準備,169.63,76.0,2.0,0,26.7,2.0,-11.6,-1.4,171.0,0.8,25.7,2.0,-12.3,-1.6,2021-06
2021-06-17,3687,歐買尬,文化創意業,觸發,等待後觸發,92.01,91.0,3.0,1,21.8,2.0,7.9,-1.4,101.1,9.9,10.9,2.0,-1.8,-1.6,2021-06
2021-06-17,2607,榮運,航運業,觸發,等待後觸發,36.82,79.0,3.0,2,52.0,2.0,22.5,-1.4,40.4,9.7,38.5,2.0,11.6,-1.6,2021-06
2021-06-17,8150,南茂,電子工業,移出,掉出掃描母體,36.1,72.0,,9,,,,,,,,,,,2021-06
2021-06-17,6409,旭隼,其他電子業,移出,掉出掃描母體,1121.37,71.0,,1,,,,,,,,,,,2021-06
2021-06-18,2637,慧洋-KY,航運業,進榜,觸發,58.23,98.0,3.0,0,6.7,2.3,-2.8,-0.7,63.9,9.7,-2.8,2.8,-11.4,-0.5,2021-06
2021-06-18,2637,慧洋-KY,航運業,觸發,進榜即觸發,58.23,98.0,3.0,0,6.7,2.3,-2.8,-0.7,63.9,9.7,-2.8,2.8,-11.4,-0.5,2021-06
2021-06-18,2617,台航,航運業,進榜,觸發,37.89,96.0,4.0,0,9.4,2.3,-10.5,-0.7,40.7,7.5,1.8,2.8,-16.7,-0.5,2021-06
2021-06-18,2617,台航,航運業,觸發,進榜即觸發,37.89,96.0,4.0,0,9.4,2.3,-10.5,-0.7,40.7,7.5,1.8,2.8,-16.7,-0.5,2021-06
2021-06-18,2642,宅配通,航運業,進榜,觸發,84.19,96.0,3.0,0,-0.1,2.3,-10.1,-0.7,88.5,5.1,-5.0,2.8,-14.5,-0.5,2021-06
2021-06-18,2642,宅配通,航運業,觸發,進榜即觸發,84.19,96.0,3.0,0,-0.1,2.3,-10.1,-0.7,88.5,5.1,-5.0,2.8,-14.5,-0.5,2021-06
2021-06-18,5603,陸海,航運業,進榜,觸發,23.15,92.0,3.0,0,-17.7,2.3,-25.4,-0.7,23.9,3.1,-20.2,2.8,-27.7,-0.5,2021-06
2021-06-18,5603,陸海,航運業,觸發,進榜即觸發,23.15,92.0,3.0,0,-17.7,2.3,-25.4,-0.7,23.9,3.1,-20.2,2.8,-27.7,-0.5,2021-06
2021-06-18,2606,裕民,航運業,進榜,觸發,51.34,91.0,4.0,0,3.2,2.3,-6.8,-0.7,56.4,9.9,-6.1,2.8,-15.2,-0.5,2021-06
2021-06-18,2606,裕民,航運業,觸發,進榜即觸發,51.34,91.0,4.0,0,3.2,2.3,-6.8,-0.7,56.4,9.9,-6.1,2.8,-15.2,-0.5,2021-06
2021-06-18,2613,中櫃,航運業,進榜,觸發,29.59,90.0,5.0,0,11.2,2.3,-10.0,-0.7,31.2,5.5,5.4,2.8,-14.7,-0.5,2021-06
2021-06-18,2613,中櫃,航運業,觸發,進榜即觸發,29.59,90.0,5.0,0,11.2,2.3,-10.0,-0.7,31.2,5.5,5.4,2.8,-14.7,-0.5,2021-06
2021-06-18,2605,新興,航運業,進榜,觸發,27.15,87.0,3.0,0,35.9,2.3,10.0,-0.7,29.9,10.0,23.6,2.8,-0.0,-0.5,2021-06
2021-06-18,2605,新興,航運業,觸發,進榜即觸發,27.15,87.0,3.0,0,35.9,2.3,10.0,-0.7,29.9,10.0,23.6,2.8,-0.0,-0.5,2021-06
2021-06-18,2612,中航,航運業,進榜,觸發,42.17,86.0,3.0,0,34.0,2.3,29.9,-0.7,46.4,9.9,21.9,2.8,18.1,-0.5,2021-06
2021-06-18,2612,中航,航運業,觸發,進榜即觸發,42.17,86.0,3.0,0,34.0,2.3,29.9,-0.7,46.4,9.9,21.9,2.8,18.1,-0.5,2021-06
2021-06-18,6138,茂達,半導體業,進榜,觸發,118.99,80.0,4.0,0,11.4,2.3,-1.6,-0.7,119.0,0.0,11.4,2.8,-1.6,-0.5,2021-06
2021-06-18,6138,茂達,半導體業,觸發,進榜即觸發,118.99,80.0,4.0,0,11.4,2.3,-1.6,-0.7,119.0,0.0,11.4,2.8,-1.6,-0.5,2021-06
2021-06-18,2601,益航,貿易百貨,進榜,觸發,15.85,79.0,3.0,0,30.6,2.3,-2.5,-0.7,16.4,3.5,26.2,2.8,-5.8,-0.5,2021-06
2021-06-18,2601,益航,貿易百貨,觸發,進榜即觸發,15.85,79.0,3.0,0,30.6,2.3,-2.5,-0.7,16.4,3.5,26.2,2.8,-5.8,-0.5,2021-06
2021-06-18,2376,技嘉,電子工業,進榜,觸發,92.37,74.0,4.0,0,-18.1,2.3,-24.4,-0.7,90.9,-1.6,-16.8,2.8,-23.2,-0.5,2021-06
2021-06-18,2376,技嘉,電子工業,觸發,進榜即觸發,92.37,74.0,4.0,0,-18.1,2.3,-24.4,-0.7,90.9,-1.6,-16.8,2.8,-23.2,-0.5,2021-06
2021-06-21,2038,海光,鋼鐵工業,進榜,觸發,45.81,99.0,4.0,0,-1.1,3.5,-24.2,0.0,48.5,5.9,-6.6,3.0,-28.4,-0.4,2021-06
2021-06-21,2038,海光,鋼鐵工業,觸發,進榜即觸發,45.81,99.0,4.0,0,-1.1,3.5,-24.2,0.0,48.5,5.9,-6.6,3.0,-28.4,-0.4,2021-06
2021-06-21,2028,威致,鋼鐵工業,進榜,觸發,42.01,96.0,4.0,0,1.2,3.5,-13.7,0.0,44.8,6.7,-5.2,3.0,-19.1,-0.4,2021-06
2021-06-21,2028,威致,鋼鐵工業,觸發,進榜即觸發,42.01,96.0,4.0,0,1.2,3.5,-13.7,0.0,44.8,6.7,-5.2,3.0,-19.1,-0.4,2021-06
2021-06-21,2608,嘉里大榮,航運業,進榜,觸發,56.05,87.0,3.0,0,-19.9,3.5,-31.7,0.0,58.2,3.8,-22.8,3.0,-34.2,-0.4,2021-06
2021-06-21,2608,嘉里大榮,航運業,觸發,進榜即觸發,56.05,87.0,3.0,0,-19.9,3.5,-31.7,0.0,58.2,3.8,-22.8,3.0,-34.2,-0.4,2021-06
2021-06-21,2208,台船,航運業,進榜,觸發,29.91,75.0,3.0,0,-17.7,3.5,-25.1,0.0,30.9,3.4,-20.4,3.0,-27.5,-0.4,2021-06
2021-06-21,2208,台船,航運業,觸發,進榜即觸發,29.91,75.0,3.0,0,-17.7,3.5,-25.1,0.0,30.9,3.4,-20.4,3.0,-27.5,-0.4,2021-06
2021-06-21,3530,晶相光,半導體業,移出,掉出掃描母體,171.97,76.0,,4,,,,,,,,,,,2021-06
2021-06-21,2338,光罩,半導體業,移出,突破失敗,73.79,88.0,,6,,,,,,,,,,,2021-06
2021-06-21,2376,技嘉,電子工業,移出,掉出掃描母體,92.37,74.0,,3,,,,,,,,,,,2021-06
2021-06-22,2010,春源,鋼鐵工業,進榜,觸發,18.3,89.0,4.0,0,28.4,2.4,21.7,0.0,19.2,4.8,22.5,2.0,16.1,-0.4,2021-06
2021-06-22,2010,春源,鋼鐵工業,觸發,進榜即觸發,18.3,89.0,4.0,0,28.4,2.4,21.7,0.0,19.2,4.8,22.5,2.0,16.1,-0.4,2021-06
2021-06-22,3189,景碩,半導體業,進榜,觸發,116.78,80.0,6.0,0,35.3,2.4,48.1,0.0,118.5,1.5,33.3,2.0,46.0,-0.4,2021-06
2021-06-22,3189,景碩,半導體業,觸發,進榜即觸發,116.78,80.0,6.0,0,35.3,2.4,48.1,0.0,118.5,1.5,33.3,2.0,46.0,-0.4,2021-06
2021-06-22,3218,大學光,生技醫療業,進榜,觸發,289.99,70.0,6.0,0,-9.0,2.4,-20.8,0.0,300.0,3.5,-12.1,2.0,-23.5,-0.4,2021-06
2021-06-22,3218,大學光,生技醫療業,觸發,進榜即觸發,289.99,70.0,6.0,0,-9.0,2.4,-20.8,0.0,300.0,3.5,-12.1,2.0,-23.5,-0.4,2021-06
2021-06-22,2351,順德,電子工業,進榜,準備,104.28,77.0,3.0,0,17.6,2.4,8.0,0.0,108.2,3.8,13.4,2.0,4.0,-0.4,2021-06
2021-06-22,3014,聯陽,半導體業,移出,突破失敗,81.04,78.0,,13,,,,,,,,,,,2021-06
2021-06-22,3305,昇貿,其他電子業,移出,突破失敗,39.67,77.0,,11,,,,,,,,,,,2021-06
2021-06-23,2476,鉅祥,電子零組件業,進榜,觸發,30.82,81.0,2.0,0,60.8,1.1,52.7,-0.9,31.1,1.1,59.1,0.8,51.1,-1.3,2021-06
2021-06-23,2476,鉅祥,電子零組件業,觸發,進榜即觸發,30.82,81.0,2.0,0,60.8,1.1,52.7,-0.9,31.1,1.1,59.1,0.8,51.1,-1.3,2021-06
2021-06-23,2481,強茂,半導體業,進榜,觸發,62.44,77.0,4.0,0,38.9,1.1,25.6,-0.9,62.9,0.8,37.8,0.8,24.6,-1.3,2021-06
2021-06-23,2481,強茂,半導體業,觸發,進榜即觸發,62.44,77.0,4.0,0,38.9,1.1,25.6,-0.9,62.9,0.8,37.8,0.8,24.6,-1.3,2021-06
2021-06-23,6182,合晶,半導體業,進榜,觸發,56.08,75.0,4.0,0,2.9,1.1,6.7,-0.9,55.6,-0.8,3.7,0.8,7.5,-1.3,2021-06
2021-06-23,6182,合晶,半導體業,觸發,進榜即觸發,56.08,75.0,4.0,0,2.9,1.1,6.7,-0.9,55.6,-0.8,3.7,0.8,7.5,-1.3,2021-06
2021-06-23,6562,聯亞藥,生技醫療業,進榜,準備,215.0,100.0,2.0,0,-21.9,1.1,-41.6,-0.9,191.5,-10.9,-12.3,0.8,-34.5,-1.3,2021-06
2021-06-23,8182,加高,電子零組件業,進榜,準備,36.8,79.0,2.0,0,6.2,1.1,4.3,-0.9,38.0,3.3,2.9,0.8,1.0,-1.3,2021-06
2021-06-23,2615,萬海,航運業,移出,離高點太遠,136.57,99.0,,33,,,,,,,,,,,2021-06
2021-06-23,2636,台驊控股,航運業,移出,離高點太遠,111.99,99.0,,27,,,,,,,,,,,2021-06
2021-06-23,2465,麗臺,電腦及週邊設備業,移出,離高點太遠,66.95,98.0,,23,,,,,,,,,,,2021-06
2021-06-23,2603,長榮,航運業,移出,晚期未觸發,109.96,99.0,,22,,,,,,,,,,,2021-06
2021-06-23,5609,中菲行,航運業,移出,離高點太遠,76.03,90.0,,21,,,,,,,,,,,2021-06
2021-06-23,2642,宅配通,航運業,移出,離高點太遠,83.85,97.0,,5,,,,,,,,,,,2021-06
2021-06-23,5603,陸海,航運業,移出,離高點太遠,22.7,91.0,,5,,,,,,,,,,,2021-06
2021-06-23,2608,嘉里大榮,航運業,移出,離高點太遠,51.2,80.0,,2,,,,,,,,,,,2021-06
2021-06-23,2208,台船,航運業,移出,掉出掃描母體,30.05,76.0,,2,,,,,,,,,,,2021-06
2021-06-23,2038,海光,鋼鐵工業,移出,離高點太遠,45.29,98.0,,2,,,,,,,,,,,2021-06
2021-06-23,2028,威致,鋼鐵工業,移出,離高點太遠,41.93,95.0,,2,,,,,,,,,,,2021-06
2021-06-24,2022,聚亨,鋼鐵工業,進榜,觸發,25.5,96.0,4.0,0,18.1,0.9,-1.9,-1.6,28.0,9.9,7.5,0.5,-10.7,-2.0,2021-06
2021-06-24,2022,聚亨,鋼鐵工業,觸發,進榜即觸發,25.5,96.0,4.0,0,18.1,0.9,-1.9,-1.6,28.0,9.9,7.5,0.5,-10.7,-2.0,2021-06
2021-06-24,2108,南帝,橡膠工業,進榜,觸發,128.3,94.0,5.0,0,-25.2,0.9,-38.2,-1.6,129.1,0.6,-25.6,0.5,-38.6,-2.0,2021-06
2021-06-24,2108,南帝,橡膠工業,觸發,進榜即觸發,128.3,94.0,5.0,0,-25.2,0.9,-38.2,-1.6,129.1,0.6,-25.6,0.5,-38.6,-2.0,2021-06
2021-06-24,6488,環球晶,半導體業,進榜,觸發,807.82,71.0,4.0,0,-5.4,0.9,-5.4,-1.6,803.5,-0.5,-4.9,0.5,-4.9,-2.0,2021-06
2021-06-24,6488,環球晶,半導體業,觸發,進榜即觸發,807.82,71.0,4.0,0,-5.4,0.9,-5.4,-1.6,803.5,-0.5,-4.9,0.5,-4.9,-2.0,2021-06
2021-06-24,2030,彰源,鋼鐵工業,進榜,準備,19.52,89.0,3.0,0,63.3,0.9,42.0,-1.6,21.5,10.0,48.5,0.5,29.1,-2.0,2021-06
2021-06-24,2204,中華,汽車工業,觸發,等待後觸發,48.2,74.0,3.0,22,-6.2,0.9,6.9,-1.6,48.3,0.3,-6.4,0.5,6.6,-2.0,2021-06
2021-06-24,2641,正德,航運業,移出,離高點太遠,26.64,98.0,,13,,,,,,,,,,,2021-06
2021-06-25,2615,萬海,航運業,進榜,觸發,164.97,100.0,5.0,0,-12.1,1.3,-15.0,-1.7,173.4,5.1,-16.4,1.0,-19.1,-2.0,2021-06
2021-06-25,2615,萬海,航運業,觸發,進榜即觸發,164.97,100.0,5.0,0,-12.1,1.3,-15.0,-1.7,173.4,5.1,-16.4,1.0,-19.1,-2.0,2021-06
2021-06-25,1708,東鹼,化學工業,進榜,觸發,27.46,83.0,3.0,0,-13.1,1.3,-16.2,-1.7,28.2,2.8,-15.5,1.0,-18.5,-2.0,2021-06
2021-06-25,1708,東鹼,化學工業,觸發,進榜即觸發,27.46,83.0,3.0,0,-13.1,1.3,-16.2,-1.7,28.2,2.8,-15.5,1.0,-18.5,-2.0,2021-06
2021-06-25,2484,希華,電子工業,進榜,觸發,28.34,75.0,5.0,0,5.4,1.3,-7.6,-1.7,29.2,3.0,2.3,1.0,-10.2,-2.0,2021-06
2021-06-25,2484,希華,電子工業,觸發,進榜即觸發,28.34,75.0,5.0,0,5.4,1.3,-7.6,-1.7,29.2,3.0,2.3,1.0,-10.2,-2.0,2021-06
2021-06-25,4739,康普,化學工業,進榜,觸發,80.92,74.0,2.0,0,27.7,1.3,21.7,-1.7,83.6,3.3,23.6,1.0,17.8,-2.0,2021-06
2021-06-25,4739,康普,化學工業,觸發,進榜即觸發,80.92,74.0,2.0,0,27.7,1.3,21.7,-1.7,83.6,3.3,23.6,1.0,17.8,-2.0,2021-06
2021-06-25,2881,富邦金,金融保險,進榜,準備,43.87,73.0,2.0,0,16.6,1.3,24.5,-1.7,44.0,0.3,16.3,1.0,24.1,-2.0,2021-06
2021-06-25,6411,晶焱,半導體業,進榜,準備,126.15,70.0,3.0,0,2.5,1.3,30.5,-1.7,126.9,0.6,1.8,1.0,29.7,-2.0,2021-06
2021-06-25,2030,彰源,鋼鐵工業,觸發,等待後觸發,21.47,90.0,3.0,1,58.1,1.3,30.6,-1.7,23.6,9.9,43.8,1.0,18.8,-2.0,2021-06
2021-06-25,5608,四維航,航運業,移出,離高點太遠,47.27,99.0,,10,,,,,,,,,,,2021-06
2021-06-25,3218,大學光,生技醫療業,移出,掉出掃描母體,297.31,71.0,,3,,,,,,,,,,,2021-06
2021-06-25,6488,環球晶,半導體業,移出,掉出掃描母體,807.82,71.0,,1,,,,,,,,,,,2021-06
2021-06-28,2636,台驊控股,航運業,進榜,觸發,148.51,99.0,5.0,0,-15.4,1.0,-37.6,-3.1,154.0,3.7,-18.4,1.0,-39.9,-3.3,2021-06
2021-06-28,2636,台驊控股,航運業,觸發,進榜即觸發,148.51,99.0,5.0,0,-15.4,1.0,-37.6,-3.1,154.0,3.7,-18.4,1.0,-39.9,-3.3,2021-06
2021-06-28,2642,宅配通,航運業,進榜,觸發,108.68,98.0,3.0,0,-25.1,1.0,-37.7,-3.1,119.4,9.9,-31.9,1.0,-43.3,-3.3,2021-06
2021-06-28,2642,宅配通,航運業,觸發,進榜即觸發,108.68,98.0,3.0,0,-25.1,1.0,-37.7,-3.1,119.4,9.9,-31.9,1.0,-43.3,-3.3,2021-06
2021-06-28,8924,大田,其他,進榜,觸發,118.93,95.0,4.0,0,-8.4,1.0,-14.3,-3.1,118.6,-0.3,-8.1,1.0,-14.0,-3.3,2021-06
2021-06-28,8924,大田,其他,觸發,進榜即觸發,118.93,95.0,4.0,0,-8.4,1.0,-14.3,-3.1,118.6,-0.3,-8.1,1.0,-14.0,-3.3,2021-06
2021-06-28,2017,官田鋼,鋼鐵工業,進榜,觸發,21.27,91.0,5.0,0,10.7,1.0,-18.5,-3.1,22.4,5.5,5.0,1.0,-22.7,-3.3,2021-06
2021-06-28,2017,官田鋼,鋼鐵工業,觸發,進榜即觸發,21.27,91.0,5.0,0,10.7,1.0,-18.5,-3.1,22.4,5.5,5.0,1.0,-22.7,-3.3,2021-06
2021-06-28,2023,燁輝,鋼鐵工業,進榜,觸發,24.05,89.0,4.0,0,28.7,1.0,1.1,-3.1,26.5,10.0,17.0,1.0,-8.1,-3.3,2021-06
2021-06-28,2023,燁輝,鋼鐵工業,觸發,進榜即觸發,24.05,89.0,4.0,0,28.7,1.0,1.1,-3.1,26.5,10.0,17.0,1.0,-8.1,-3.3,2021-06
2021-06-28,2020,美亞,鋼鐵工業,進榜,觸發,21.51,88.0,2.0,0,-1.2,1.0,-16.9,-3.1,21.8,1.5,-2.7,1.0,-18.1,-3.3,2021-06
2021-06-28,2020,美亞,鋼鐵工業,觸發,進榜即觸發,21.51,88.0,2.0,0,-1.2,1.0,-16.9,-3.1,21.8,1.5,-2.7,1.0,-18.1,-3.3,2021-06
2021-06-28,2069,運錩,鋼鐵工業,進榜,觸發,22.45,84.0,3.0,0,36.0,1.0,18.6,-3.1,24.7,9.9,23.8,1.0,7.9,-3.3,2021-06
2021-06-28,2069,運錩,鋼鐵工業,觸發,進榜即觸發,22.45,84.0,3.0,0,36.0,1.0,18.6,-3.1,24.7,9.9,23.8,1.0,7.9,-3.3,2021-06
2021-06-28,2027,大成鋼,鋼鐵工業,進榜,觸發,34.03,82.0,3.0,0,0.2,1.0,-9.8,-3.1,35.1,3.2,-2.9,1.0,-12.6,-3.3,2021-06
2021-06-28,2027,大成鋼,鋼鐵工業,觸發,進榜即觸發,34.03,82.0,3.0,0,0.2,1.0,-9.8,-3.1,35.1,3.2,-2.9,1.0,-12.6,-3.3,2021-06
2021-06-28,3605,宏致,電子工業,進榜,觸發,47.55,75.0,5.0,0,11.0,1.0,-11.9,-3.1,47.7,0.4,10.6,1.0,-12.3,-3.3,2021-06
2021-06-28,3605,宏致,電子工業,觸發,進榜即觸發,47.55,75.0,5.0,0,11.0,1.0,-11.9,-3.1,47.7,0.4,10.6,1.0,-12.3,-3.3,2021-06
2021-06-28,2603,長榮,航運業,進榜,準備,139.74,99.0,3.0,0,-20.2,1.0,-27.6,-3.1,142.9,2.3,-21.9,1.0,-29.2,-3.3,2021-06
2021-06-28,6485,點序,半導體業,進榜,準備,126.49,97.0,2.0,0,0.0,1.0,-12.0,-3.1,126.9,0.3,-0.3,1.0,-12.3,-3.3,2021-06
2021-06-28,3317,尼克森,半導體業,進榜,準備,45.95,75.0,3.0,0,26.6,1.0,-4.2,-3.1,45.8,-0.3,26.9,1.0,-3.9,-3.3,2021-06
2021-06-28,2204,中華,汽車工業,移出,掉出掃描母體,48.85,72.0,,26,,,,,,,,,,,2021-06
2021-06-28,5371,中光電,光電業,移出,掉出掃描母體,45.96,72.0,,26,,,,,,,,,,,2021-06
2021-06-28,6562,聯亞藥,生技醫療業,移出,離高點太遠,246.0,100.0,,5,,,,,,,,,,,2021-06
2021-06-29,1608,華榮,電器電纜,進榜,觸發,24.88,93.0,5.0,0,-19.5,0.9,-30.2,-1.9,25.2,1.2,-20.5,0.7,-31.0,-2.4,2021-06
2021-06-29,1608,華榮,電器電纜,觸發,進榜即觸發,24.88,93.0,5.0,0,-19.5,0.9,-30.2,-1.9,25.2,1.2,-20.5,0.7,-31.0,-2.4,2021-06
2021-06-29,2007,燁興,鋼鐵工業,進榜,觸發,18.95,90.0,4.0,0,43.3,0.9,45.6,-1.9,20.8,9.8,30.5,0.7,32.7,-2.4,2021-06
2021-06-29,2007,燁興,鋼鐵工業,觸發,進榜即觸發,18.95,90.0,4.0,0,43.3,0.9,45.6,-1.9,20.8,9.8,30.5,0.7,32.7,-2.4,2021-06
2021-06-29,2012,春雨,鋼鐵工業,進榜,觸發,27.49,88.0,3.0,0,-8.2,0.9,-14.8,-1.9,28.8,4.6,-12.3,0.7,-18.5,-2.4,2021-06
2021-06-29,2012,春雨,鋼鐵工業,觸發,進榜即觸發,27.49,88.0,3.0,0,-8.2,0.9,-14.8,-1.9,28.8,4.6,-12.3,0.7,-18.5,-2.4,2021-06
2021-06-29,2029,盛餘,鋼鐵工業,進榜,觸發,33.78,88.0,3.0,0,-1.0,0.9,-16.3,-1.9,34.4,1.9,-2.9,0.7,-17.9,-2.4,2021-06
2021-06-29,2029,盛餘,鋼鐵工業,觸發,進榜即觸發,33.78,88.0,3.0,0,-1.0,0.9,-16.3,-1.9,34.4,1.9,-2.9,0.7,-17.9,-2.4,2021-06
2021-06-29,2034,允強,鋼鐵工業,進榜,觸發,30.48,76.0,3.0,0,-0.8,0.9,-14.6,-1.9,32.5,6.6,-7.0,0.7,-19.9,-2.4,2021-06
2021-06-29,2034,允強,鋼鐵工業,觸發,進榜即觸發,30.48,76.0,3.0,0,-0.8,0.9,-14.6,-1.9,32.5,6.6,-7.0,0.7,-19.9,-2.4,2021-06
2021-06-29,5009,榮剛,鋼鐵工業,進榜,觸發,19.54,74.0,3.0,0,1.8,0.9,-1.2,-1.9,19.9,1.6,0.2,0.7,-2.7,-2.4,2021-06
2021-06-29,5009,榮剛,鋼鐵工業,觸發,進榜即觸發,19.54,74.0,3.0,0,1.8,0.9,-1.2,-1.9,19.9,1.6,0.2,0.7,-2.7,-2.4,2021-06
2021-06-29,6509,聚和,化學工業,進榜,觸發,32.22,74.0,4.0,0,44.9,0.9,46.8,-1.9,35.4,9.9,31.8,0.7,33.6,-2.4,2021-06
2021-06-29,6509,聚和,化學工業,觸發,進榜即觸發,32.22,74.0,4.0,0,44.9,0.9,46.8,-1.9,35.4,9.9,31.8,0.7,33.6,-2.4,2021-06
2021-06-29,5014,建錩,鋼鐵工業,進榜,觸發,17.79,70.0,5.0,0,8.3,0.9,1.7,-1.9,18.2,2.6,5.6,0.7,-0.8,-2.4,2021-06
2021-06-29,5014,建錩,鋼鐵工業,觸發,進榜即觸發,17.79,70.0,5.0,0,8.3,0.9,1.7,-1.9,18.2,2.6,5.6,0.7,-0.8,-2.4,2021-06
2021-06-29,6411,晶焱,半導體業,移出,掉出掃描母體,125.38,70.0,,4,,,,,,,,,,,2021-06
2021-06-29,2618,長榮航,航運業,移出,掉出掃描母體,17.09,70.0,,26,,,,,,,,,,,2021-06
2021-06-29,2314,台揚,通信網路業,移出,掉出掃描母體,116.98,73.0,,18,,,,,,,,,,,2021-06
2021-06-29,2108,南帝,橡膠工業,移出,離高點太遠,112.75,91.0,,5,,,,,,,,,,,2021-06
2021-06-30,2486,一詮,光電業,進榜,觸發,37.55,85.0,5.0,0,43.4,-0.3,57.8,-2.0,39.4,5.0,36.6,-0.5,50.3,-2.5,2021-06
2021-06-30,2486,一詮,光電業,觸發,進榜即觸發,37.55,85.0,5.0,0,43.4,-0.3,57.8,-2.0,39.4,5.0,36.6,-0.5,50.3,-2.5,2021-06
2021-06-30,8255,朋程,電機機械,進榜,觸發,143.89,70.0,3.0,0,38.2,-0.3,20.2,-2.0,146.9,2.1,35.4,-0.5,17.8,-2.5,2021-06
2021-06-30,8255,朋程,電機機械,觸發,進榜即觸發,143.89,70.0,3.0,0,38.2,-0.3,20.2,-2.0,146.9,2.1,35.4,-0.5,17.8,-2.5,2021-06
2021-06-30,8016,矽創,半導體業,進榜,準備,195.56,84.0,2.0,0,12.7,-0.3,-15.0,-2.0,198.1,1.3,11.3,-0.5,-16.0,-2.5,2021-06
2021-06-30,4564,元翎,電機機械,進榜,準備,44.28,75.0,2.0,0,4.7,-0.3,-7.8,-2.0,45.1,1.9,2.7,-0.5,-9.5,-2.5,2021-06
2021-06-30,2351,順德,電子工業,移出,晚期未觸發,109.97,79.0,,8,,,,,,,,,,,2021-06
2021-06-30,2484,希華,電子工業,移出,掉出掃描母體,27.74,71.0,,5,,,,,,,,,,,2021-06
2021-06-30,6485,點序,半導體業,移出,離高點太遠,113.06,94.0,,2,,,,,,,,,,,2021-06
2021-06-30,3605,宏致,電子工業,移出,掉出掃描母體,45.01,71.0,,2,,,,,,,,,,,2021-06
2021-07-01,1304,台聚,塑膠工業,進榜,觸發,33.24,86.0,4.0,0,-17.3,0.5,0.2,-1.5,36.0,8.2,-23.6,0.4,-7.4,-1.8,2021-07
2021-07-01,1304,台聚,塑膠工業,觸發,進榜即觸發,33.24,86.0,4.0,0,-17.3,0.5,0.2,-1.5,36.0,8.2,-23.6,0.4,-7.4,-1.8,2021-07
2021-07-01,1308,亞聚,塑膠工業,進榜,觸發,29.54,85.0,5.0,0,-6.6,0.5,35.1,-1.5,32.5,10.0,-15.1,0.4,22.8,-1.8,2021-07
2021-07-01,1308,亞聚,塑膠工業,觸發,進榜即觸發,29.54,85.0,5.0,0,-6.6,0.5,35.1,-1.5,32.5,10.0,-15.1,0.4,22.8,-1.8,2021-07
2021-07-01,2643,捷迅,航運業,進榜,觸發,83.53,85.0,3.0,0,-26.2,0.5,-36.4,-1.5,85.8,2.8,-28.2,0.4,-38.1,-1.8,2021-07
2021-07-01,2643,捷迅,航運業,觸發,進榜即觸發,83.53,85.0,3.0,0,-26.2,0.5,-36.4,-1.5,85.8,2.8,-28.2,0.4,-38.1,-1.8,2021-07
2021-07-01,1313,聯成,塑膠工業,進榜,觸發,26.83,83.0,4.0,0,-10.9,0.5,-12.2,-1.5,27.6,3.0,-13.5,0.4,-14.8,-1.8,2021-07
2021-07-01,1313,聯成,塑膠工業,觸發,進榜即觸發,26.83,83.0,4.0,0,-10.9,0.5,-12.2,-1.5,27.6,3.0,-13.5,0.4,-14.8,-1.8,2021-07
2021-07-01,5608,四維航,航運業,進榜,準備,54.91,99.0,3.0,0,-21.2,0.5,-15.7,-1.5,57.7,5.1,-25.0,0.4,-19.7,-1.8,2021-07
2021-07-01,8040,九暘,半導體業,進榜,準備,76.5,97.0,2.0,0,-13.8,0.5,-16.8,-1.5,75.8,-0.9,-13.0,0.4,-16.1,-1.8,2021-07
2021-07-01,1452,宏益,紡織纖維,進榜,準備,21.71,80.0,3.0,0,-6.4,0.5,-11.6,-1.5,22.1,2.0,-8.2,0.4,-13.3,-1.8,2021-07
2021-07-01,2204,中華,汽車工業,進榜,準備,49.69,71.0,3.0,0,-6.3,0.5,5.9,-1.5,49.8,0.3,-6.5,0.4,5.6,-1.8,2021-07
2021-07-01,3189,景碩,半導體業,移出,掉出掃描母體,114.66,73.0,,9,,,,,,,,,,,2021-07
2021-07-01,6182,合晶,半導體業,移出,突破失敗,51.12,71.0,,8,,,,,,,,,,,2021-07
2021-07-01,1608,華榮,電器電纜,移出,離高點太遠,21.89,90.0,,2,,,,,,,,,,,2021-07
2021-07-02,2032,新鋼,鋼鐵工業,進榜,觸發,31.76,95.0,4.0,0,-3.2,0.0,-24.6,-1.9,34.4,8.2,-10.5,-0.4,-30.3,-2.5,2021-07
2021-07-02,2032,新鋼,鋼鐵工業,觸發,進榜即觸發,31.76,95.0,4.0,0,-3.2,0.0,-24.6,-1.9,34.4,8.2,-10.5,-0.4,-30.3,-2.5,2021-07
2021-07-02,3006,晶豪科,電子工業,進榜,觸發,148.54,94.0,5.0,0,3.7,0.0,-23.0,-1.9,152.0,2.3,1.4,-0.4,-24.8,-2.5,2021-07
2021-07-02,3006,晶豪科,電子工業,觸發,進榜即觸發,148.54,94.0,5.0,0,3.7,0.0,-23.0,-1.9,152.0,2.3,1.4,-0.4,-24.8,-2.5,2021-07
2021-07-02,2031,新光鋼,鋼鐵工業,進榜,觸發,62.5,90.0,4.0,0,-12.5,0.0,-27.1,-1.9,64.8,3.7,-15.6,-0.4,-29.7,-2.5,2021-07
2021-07-02,2031,新光鋼,鋼鐵工業,觸發,進榜即觸發,62.5,90.0,4.0,0,-12.5,0.0,-27.1,-1.9,64.8,3.7,-15.6,-0.4,-29.7,-2.5,2021-07
2021-07-02,8261,富鼎,半導體業,進榜,觸發,68.23,74.0,5.0,0,47.8,0.0,7.4,-1.9,68.7,0.7,46.7,-0.4,6.6,-2.5,2021-07
2021-07-02,8261,富鼎,半導體業,觸發,進榜即觸發,68.23,74.0,5.0,0,47.8,0.0,7.4,-1.9,68.7,0.7,46.7,-0.4,6.6,-2.5,2021-07
2021-07-02,3317,尼克森,半導體業,觸發,等待後觸發,49.02,78.0,3.0,4,7.6,0.0,-8.7,-1.9,50.4,2.9,4.6,-0.4,-11.3,-2.5,2021-07
2021-07-02,5608,四維航,航運業,移出,晚期未觸發,53.72,99.0,,1,,,,,,,,,,,2021-07
2021-07-02,2204,中華,汽車工業,移出,掉出掃描母體,49.69,71.0,,1,,,,,,,,,,,2021-07
2021-07-02,2017,官田鋼,鋼鐵工業,移出,離高點太遠,23.51,93.0,,4,,,,,,,,,,,2021-07
2021-07-02,2012,春雨,鋼鐵工業,移出,離高點太遠,26.69,85.0,,3,,,,,,,,,,,2021-07
2021-07-02,1304,台聚,塑膠工業,移出,離高點太遠,30.95,82.0,,1,,,,,,,,,,,2021-07
2021-07-02,1313,聯成,塑膠工業,移出,突破失敗,24.68,74.0,,1,,,,,,,,,,,2021-07
2021-07-05,3169,亞信,半導體業,進榜,觸發,163.65,95.0,4.0,0,-12.9,-0.4,-31.9,-4.0,161.2,-1.5,-11.5,-0.7,-30.8,-4.3,2021-07
2021-07-05,3169,亞信,半導體業,觸發,進榜即觸發,163.65,95.0,4.0,0,-12.9,-0.4,-31.9,-4.0,161.2,-1.5,-11.5,-0.7,-30.8,-4.3,2021-07
2021-07-05,3260,威剛,半導體業,進榜,觸發,90.56,78.0,4.0,0,-6.1,-0.4,-33.1,-4.0,90.9,0.4,-6.5,-0.7,-33.3,-4.3,2021-07
2021-07-05,3260,威剛,半導體業,觸發,進榜即觸發,90.56,78.0,4.0,0,-6.1,-0.4,-33.1,-4.0,90.9,0.4,-6.5,-0.7,-33.3,-4.3,2021-07
2021-07-05,3530,晶相光,半導體業,進榜,觸發,186.92,78.0,2.0,0,1.3,-0.4,-28.6,-4.0,186.5,-0.3,1.5,-0.7,-28.4,-4.3,2021-07
2021-07-05,3530,晶相光,半導體業,觸發,進榜即觸發,186.92,78.0,2.0,0,1.3,-0.4,-28.6,-4.0,186.5,-0.3,1.5,-0.7,-28.4,-4.3,2021-07
2021-07-05,6224,聚鼎,電子零組件業,進榜,觸發,131.77,73.0,6.0,0,-2.3,-0.4,-24.5,-4.0,135.2,2.6,-4.7,-0.7,-26.4,-4.3,2021-07
2021-07-05,6224,聚鼎,電子零組件業,觸發,進榜即觸發,131.77,73.0,6.0,0,-2.3,-0.4,-24.5,-4.0,135.2,2.6,-4.7,-0.7,-26.4,-4.3,2021-07
2021-07-05,2351,順德,電子工業,進榜,準備,127.06,87.0,3.0,0,4.5,-0.4,-17.5,-4.0,128.8,1.4,3.1,-0.7,-18.6,-4.3,2021-07
2021-07-05,1476,儒鴻,紡織纖維,移出,逾期,544.35,73.0,,56,,,,,,,,,,,2021-07
2021-07-05,2607,榮運,航運業,移出,離高點太遠,61.02,91.0,,20,,,,,,,,,,,2021-07
2021-07-05,2611,志信,航運業,移出,離高點太遠,27.71,98.0,,18,,,,,,,,,,,2021-07
2021-07-05,2606,裕民,航運業,移出,離高點太遠,58.21,89.0,,17,,,,,,,,,,,2021-07
2021-07-05,2637,慧洋-KY,航運業,移出,離高點太遠,70.08,98.0,,17,,,,,,,,,,,2021-07
2021-07-05,2605,新興,航運業,移出,離高點太遠,40.31,92.0,,17,,,,,,,,,,,2021-07
2021-07-05,2642,宅配通,航運業,移出,離高點太遠,109.96,99.0,,7,,,,,,,,,,,2021-07
2021-07-05,1452,宏益,紡織纖維,移出,晚期未觸發,20.81,73.0,,4,,,,,,,,,,,2021-07
2021-07-05,2643,捷迅,航運業,移出,離高點太遠,73.3,78.0,,4,,,,,,,,,,,2021-07
2021-07-06,2612,中航,航運業,移出,離高點太遠,60.57,89.0,,18,,,,,,,,,,,2021-07
2021-07-06,2615,萬海,航運業,移出,離高點太遠,178.87,99.0,,11,,,,,,,,,,,2021-07
2021-07-06,2069,運錩,鋼鐵工業,移出,離高點太遠,29.27,90.0,,8,,,,,,,,,,,2021-07
2021-07-06,3169,亞信,半導體業,移出,離高點太遠,150.84,92.0,,1,,,,,,,,,,,2021-07
2021-07-07,6548,長科*,半導體業,進榜,觸發,30.24,72.0,6.0,0,11.1,0.0,1.0,-5.1,30.6,1.1,9.8,-0.3,-0.1,-5.5,2021-07
2021-07-07,6548,長科*,半導體業,觸發,進榜即觸發,30.24,72.0,6.0,0,11.1,0.0,1.0,-5.1,30.6,1.1,9.8,-0.3,-0.1,-5.5,2021-07
2021-07-07,3305,昇貿,其他電子業,進榜,準備,44.75,75.0,3.0,0,-1.5,0.0,-4.5,-5.1,45.0,0.5,-2.0,-0.3,-5.0,-5.5,2021-07
2021-07-07,2613,中櫃,航運業,移出,離高點太遠,36.06,91.0,,19,,,,,,,,,,,2021-07
2021-07-07,2010,春源,鋼鐵工業,移出,離高點太遠,22.97,90.0,,15,,,,,,,,,,,2021-07
2021-07-07,1708,東鹼,化學工業,移出,離高點太遠,25.43,74.0,,12,,,,,,,,,,,2021-07
2021-07-07,2603,長榮,航運業,移出,晚期未觸發,160.38,99.0,,9,,,,,,,,,,,2021-07
2021-07-07,2023,燁輝,鋼鐵工業,移出,離高點太遠,29.91,94.0,,9,,,,,,,,,,,2021-07
2021-07-07,5009,榮剛,鋼鐵工業,移出,掉出掃描母體,19.89,73.0,,8,,,,,,,,,,,2021-07
2021-07-07,2034,允強,鋼鐵工業,移出,掉出掃描母體,30.59,74.0,,8,,,,,,,,,,,2021-07
2021-07-08,2641,正德,航運業,進榜,觸發,32.89,98.0,6.0,0,-30.0,-0.3,-33.7,-6.5,33.4,1.6,-31.1,-0.1,-34.8,-6.2,2021-07
2021-07-08,2641,正德,航運業,觸發,進榜即觸發,32.89,98.0,6.0,0,-30.0,-0.3,-33.7,-6.5,33.4,1.6,-31.1,-0.1,-34.8,-6.2,2021-07
2021-07-08,3588,通嘉,半導體業,進榜,觸發,74.65,74.0,5.0,0,17.2,-0.3,17.3,-6.5,73.9,-1.0,18.4,-0.1,18.4,-6.2,2021-07
2021-07-08,3588,通嘉,半導體業,觸發,進榜即觸發,74.65,74.0,5.0,0,17.2,-0.3,17.3,-6.5,73.9,-1.0,18.4,-0.1,18.4,-6.2,2021-07
2021-07-08,2369,菱生,電子工業,進榜,觸發,20.35,72.0,4.0,0,34.3,-0.3,5.6,-6.5,20.4,0.4,33.7,-0.1,5.2,-6.2,2021-07
2021-07-08,2369,菱生,電子工業,觸發,進榜即觸發,20.35,72.0,4.0,0,34.3,-0.3,5.6,-6.5,20.4,0.4,33.7,-0.1,5.2,-6.2,2021-07
2021-07-08,8110,華東,電子工業,進榜,觸發,19.28,71.0,3.0,0,19.5,-0.3,-23.8,-6.5,18.8,-2.4,22.4,-0.1,-21.9,-6.2,2021-07
2021-07-08,8110,華東,電子工業,觸發,進榜即觸發,19.28,71.0,3.0,0,19.5,-0.3,-23.8,-6.5,18.8,-2.4,22.4,-0.1,-21.9,-6.2,2021-07
2021-07-08,2883,凱基金,金融保險,進榜,準備,10.93,70.0,2.0,0,2.2,-0.3,3.7,-6.5,10.8,-0.7,2.9,-0.1,4.4,-6.2,2021-07
2021-07-08,8406,金可-KY,生技醫療業,觸發,等待後觸發,291.39,86.0,1.0,22,-28.0,-0.3,-38.2,-6.5,282.2,-3.2,-25.6,-0.1,-36.2,-6.2,2021-07
2021-07-08,8040,九暘,半導體業,移出,離高點太遠,66.23,95.0,,7,,,,,,,,,,,2021-07
2021-07-09,5285,界霖,電子工業,進榜,觸發,92.37,73.0,4.0,0,3.5,-0.2,-18.0,-5.8,97.7,5.7,-2.1,-0.8,-22.5,-6.6,2021-07
2021-07-09,5285,界霖,電子工業,觸發,進榜即觸發,92.37,73.0,4.0,0,3.5,-0.2,-18.0,-5.8,97.7,5.7,-2.1,-0.8,-22.5,-6.6,2021-07
2021-07-09,9945,潤泰新,其他,進榜,準備,27.61,71.0,3.0,0,4.4,-0.2,26.5,-5.8,28.0,1.3,3.1,-0.8,25.0,-6.6,2021-07
2021-07-09,3687,歐買尬,文化創意業,移出,離高點太遠,113.93,95.0,,23,,,,,,,,,,,2021-07
2021-07-09,2609,陽明,航運業,移出,離高點太遠,92.47,100.0,,22,,,,,,,,,,,2021-07
2021-07-09,2617,台航,航運業,移出,離高點太遠,45.82,96.0,,21,,,,,,,,,,,2021-07
2021-07-12,4989,榮科,電子零組件業,進榜,觸發,49.75,84.0,3.0,0,-7.0,-1.2,-20.3,-6.6,51.9,4.4,-10.9,-1.6,-23.6,-7.3,2021-07
2021-07-12,4989,榮科,電子零組件業,觸發,進榜即觸發,49.75,84.0,3.0,0,-7.0,-1.2,-20.3,-6.6,51.9,4.4,-10.9,-1.6,-23.6,-7.3,2021-07
2021-07-12,2401,凌陽,半導體業,進榜,觸發,34.3,83.0,5.0,0,5.2,-1.2,-12.3,-6.6,35.6,3.8,1.4,-1.6,-15.5,-7.3,2021-07
2021-07-12,2401,凌陽,半導體業,觸發,進榜即觸發,34.3,83.0,5.0,0,5.2,-1.2,-12.3,-6.6,35.6,3.8,1.4,-1.6,-15.5,-7.3,2021-07
2021-07-12,6202,盛群,半導體業,進榜,觸發,92.92,71.0,4.0,0,13.4,-1.2,-4.9,-6.6,96.5,3.9,9.1,-1.6,-8.4,-7.3,2021-07
2021-07-12,6202,盛群,半導體業,觸發,進榜即觸發,92.92,71.0,4.0,0,13.4,-1.2,-4.9,-6.6,96.5,3.9,9.1,-1.6,-8.4,-7.3,2021-07
2021-07-12,5475,德宏,電子零組件業,進榜,準備,39.8,100.0,2.0,0,-12.1,-1.2,-30.9,-6.6,43.8,9.9,-20.0,-1.6,-37.1,-7.3,2021-07
2021-07-12,3003,健和興,電子工業,觸發,等待後觸發,85.53,86.0,3.0,42,-5.6,-1.2,-13.4,-6.6,86.9,1.6,-7.1,-1.6,-14.8,-7.3,2021-07
2021-07-12,2883,凱基金,金融保險,移出,掉出掃描母體,10.73,70.0,,4,,,,,,,,,,,2021-07
2021-07-12,1907,永豐餘,造紙工業,移出,掉出掃描母體,36.2,76.0,,40,,,,,,,,,,,2021-07
2021-07-12,1905,華紙,造紙工業,移出,離高點太遠,27.05,87.0,,39,,,,,,,,,,,2021-07
2021-07-12,8406,金可-KY,生技醫療業,移出,離高點太遠,236.02,75.0,,26,,,,,,,,,,,2021-07
2021-07-12,2601,益航,貿易百貨,移出,離高點太遠,21.95,86.0,,24,,,,,,,,,,,2021-07
2021-07-13,3532,台勝科,半導體業,進榜,觸發,193.38,78.0,3.0,0,-16.6,-1.3,-29.2,-4.3,193.4,0.0,-16.6,-1.7,-29.2,-4.7,2021-07
2021-07-13,3532,台勝科,半導體業,觸發,進榜即觸發,193.38,78.0,3.0,0,-16.6,-1.3,-29.2,-4.3,193.4,0.0,-16.6,-1.7,-29.2,-4.7,2021-07
2021-07-13,6187,萬潤,其他電子類,進榜,觸發,126.81,71.0,6.0,0,-6.4,-1.3,-26.3,-4.3,130.2,2.7,-8.9,-1.7,-28.2,-4.7,2021-07
2021-07-13,6187,萬潤,其他電子類,觸發,進榜即觸發,126.81,71.0,6.0,0,-6.4,-1.3,-26.3,-4.3,130.2,2.7,-8.9,-1.7,-28.2,-4.7,2021-07
2021-07-13,6485,點序,半導體業,進榜,準備,129.96,98.0,2.0,0,9.7,-1.3,-25.4,-4.3,129.1,-0.7,10.4,-1.7,-24.9,-4.7,2021-07
2021-07-13,3141,晶宏,半導體業,移出,離高點太遠,126.73,97.0,,40,,,,,,,,,,,2021-07
2021-07-13,2636,台驊控股,航運業,移出,離高點太遠,153.38,100.0,,15,,,,,,,,,,,2021-07
2021-07-13,8924,大田,其他,移出,突破失敗,109.27,95.0,,15,,,,,,,,,,,2021-07
2021-07-13,2020,美亞,鋼鐵工業,移出,離高點太遠,21.72,86.0,,15,,,,,,,,,,,2021-07
2021-07-13,1308,亞聚,塑膠工業,移出,離高點太遠,27.39,76.0,,12,,,,,,,,,,,2021-07
2021-07-13,2031,新光鋼,鋼鐵工業,移出,離高點太遠,54.56,86.0,,11,,,,,,,,,,,2021-07
2021-07-13,2641,正德,航運業,移出,離高點太遠,28.31,96.0,,5,,,,,,,,,,,2021-07
2021-07-14,3527,聚積,半導體業,進榜,觸發,125.11,72.0,2.0,0,8.9,-2.0,20.5,-4.1,124.7,-0.3,9.3,-2.4,20.9,-4.4,2021-07
2021-07-14,3527,聚積,半導體業,觸發,進榜即觸發,125.11,72.0,2.0,0,8.9,-2.0,20.5,-4.1,124.7,-0.3,9.3,-2.4,20.9,-4.4,2021-07
2021-07-14,8081,致新,半導體業,進榜,觸發,179.06,72.0,5.0,0,-1.4,-2.0,-13.0,-4.1,187.3,4.6,-5.8,-2.4,-16.8,-4.4,2021-07
2021-07-14,8081,致新,半導體業,觸發,進榜即觸發,179.06,72.0,5.0,0,-1.4,-2.0,-13.0,-4.1,187.3,4.6,-5.8,-2.4,-16.8,-4.4,2021-07
2021-07-14,3003,健和興,電子工業,移出,離高點太遠,77.06,80.0,,44,,,,,,,,,,,2021-07
2021-07-14,8182,加高,電子零組件業,移出,離高點太遠,38.08,76.0,,21,,,,,,,,,,,2021-07
2021-07-14,2481,強茂,半導體業,移出,離高點太遠,82.22,86.0,,21,,,,,,,,,,,2021-07
2021-07-14,2030,彰源,鋼鐵工業,移出,離高點太遠,27.23,96.0,,20,,,,,,,,,,,2021-07
2021-07-14,2022,聚亨,鋼鐵工業,移出,離高點太遠,30.74,97.0,,20,,,,,,,,,,,2021-07
2021-07-14,5014,建錩,鋼鐵工業,移出,離高點太遠,18.32,72.0,,15,,,,,,,,,,,2021-07
2021-07-14,2007,燁興,鋼鐵工業,移出,離高點太遠,21.5,92.0,,15,,,,,,,,,,,2021-07
2021-07-14,2029,盛餘,鋼鐵工業,移出,離高點太遠,36.81,88.0,,15,,,,,,,,,,,2021-07
2021-07-14,2032,新鋼,鋼鐵工業,移出,離高點太遠,29.53,92.0,,12,,,,,,,,,,,2021-07
2021-07-14,3006,晶豪科,電子工業,移出,離高點太遠,135.73,89.0,,12,,,,,,,,,,,2021-07
2021-07-14,6224,聚鼎,電子零組件業,移出,離高點太遠,129.65,73.0,,9,,,,,,,,,,,2021-07
2021-07-14,3305,昇貿,其他電子業,移出,晚期未觸發,45.15,82.0,,7,,,,,,,,,,,2021-07
2021-07-15,5299,杰力,半導體業,進榜,觸發,167.09,78.0,4.0,0,-3.4,-2.6,-23.4,-5.9,167.1,0.0,-3.4,-2.4,-23.4,-5.8,2021-07
2021-07-15,5299,杰力,半導體業,觸發,進榜即觸發,167.09,78.0,4.0,0,-3.4,-2.6,-23.4,-5.9,167.1,0.0,-3.4,-2.4,-23.4,-5.8,2021-07
2021-07-15,2614,東森,貿易百貨,移出,離高點太遠,86.01,99.0,,30,,,,,,,,,,,2021-07
2021-07-15,2351,順德,電子工業,移出,晚期未觸發,122.24,75.0,,10,,,,,,,,,,,2021-07
2021-07-15,8110,華東,電子工業,移出,離高點太遠,19.56,75.0,,7,,,,,,,,,,,2021-07
2021-07-15,6187,萬潤,其他電子類,移出,掉出掃描母體,134.5,73.0,,2,,,,,,,,,,,2021-07
2021-07-16,2383,台光電,電子工業,進榜,觸發,205.47,72.0,4.0,0,-12.8,-4.0,-13.6,-6.7,205.5,0.0,-12.8,-4.1,-13.6,-6.8,2021-07
2021-07-16,2383,台光電,電子工業,觸發,進榜即觸發,205.47,72.0,4.0,0,-12.8,-4.0,-13.6,-6.7,205.5,0.0,-12.8,-4.1,-13.6,-6.8,2021-07
2021-07-16,2883,凱基金,金融保險,進榜,準備,11.51,72.0,2.0,0,1.2,-4.0,-0.2,-6.7,11.6,0.7,0.5,-4.1,-0.9,-6.8,2021-07
2021-07-16,3036,文曄,電子工業,進榜,準備,46.19,70.0,2.0,0,5.6,-4.0,0.3,-6.7,46.7,1.1,4.4,-4.1,-0.8,-6.8,2021-07
2021-07-16,3317,尼克森,半導體業,移出,掉出掃描母體,51.25,71.0,,18,,,,,,,,,,,2021-07
2021-07-16,8081,致新,半導體業,移出,掉出掃描母體,178.72,70.0,,2,,,,,,,,,,,2021-07
2021-07-19,2030,彰源,鋼鐵工業,進榜,觸發,34.01,97.0,3.0,0,-19.7,-5.8,-34.0,-6.8,35.1,3.1,-22.2,-5.4,-36.0,-6.3,2021-07
2021-07-19,2030,彰源,鋼鐵工業,觸發,進榜即觸發,34.01,97.0,3.0,0,-19.7,-5.8,-34.0,-6.8,35.1,3.1,-22.2,-5.4,-36.0,-6.3,2021-07
2021-07-19,2007,燁興,鋼鐵工業,進榜,觸發,26.5,95.0,4.0,0,8.9,-5.8,-11.5,-6.8,27.0,1.7,7.1,-5.4,-13.0,-6.3,2021-07
2021-07-19,2007,燁興,鋼鐵工業,觸發,進榜即觸發,26.5,95.0,4.0,0,8.9,-5.8,-11.5,-6.8,27.0,1.7,7.1,-5.4,-13.0,-6.3,2021-07
2021-07-19,4952,凌通,電子工業,進榜,觸發,64.34,87.0,5.0,0,-16.5,-5.8,-27.6,-6.8,64.3,0.0,-16.5,-5.4,-27.6,-6.3,2021-07
2021-07-19,4952,凌通,電子工業,觸發,進榜即觸發,64.34,87.0,5.0,0,-16.5,-5.8,-27.6,-6.8,64.3,0.0,-16.5,-5.4,-27.6,-6.3,2021-07
2021-07-19,1795,美時,化學生技醫療,進榜,觸發,133.85,86.0,1.0,0,-21.0,-5.8,-33.1,-6.8,137.0,2.4,-22.8,-5.4,-34.6,-6.3,2021-07
2021-07-19,1795,美時,化學生技醫療,觸發,進榜即觸發,133.85,86.0,1.0,0,-21.0,-5.8,-33.1,-6.8,137.0,2.4,-22.8,-5.4,-34.6,-6.3,2021-07
2021-07-19,5475,德宏,電子零組件業,觸發,等待後觸發,47.3,100.0,2.0,7,-40.3,-5.8,-40.8,-6.8,48.2,1.8,-41.3,-5.4,-41.8,-6.3,2021-07
2021-07-19,2883,凱基金,金融保險,移出,掉出掃描母體,11.51,72.0,,3,,,,,,,,,,,2021-07
2021-07-19,3036,文曄,電子工業,移出,掉出掃描母體,46.19,70.0,,3,,,,,,,,,,,2021-07
2021-07-19,3532,台勝科,半導體業,移出,掉出掃描母體,182.83,71.0,,6,,,,,,,,,,,2021-07
2021-07-19,3527,聚積,半導體業,移出,掉出掃描母體,127.18,71.0,,5,,,,,,,,,,,2021-07
2021-07-20,3122,笙泉,半導體業,進榜,觸發,53.74,96.0,5.0,0,-24.1,-5.9,-30.4,-5.4,57.3,6.6,-28.8,-6.4,-34.7,-6.0,2021-07
2021-07-20,3122,笙泉,半導體業,觸發,進榜即觸發,53.74,96.0,5.0,0,-24.1,-5.9,-30.4,-5.4,57.3,6.6,-28.8,-6.4,-34.7,-6.0,2021-07
2021-07-20,3587,閎康,其他電子類,進榜,觸發,121.98,72.0,5.0,0,-11.4,-5.9,2.3,-5.4,126.5,3.7,-14.6,-6.4,-1.3,-6.0,2021-07
2021-07-20,3587,閎康,其他電子類,觸發,進榜即觸發,121.98,72.0,5.0,0,-11.4,-5.9,2.3,-5.4,126.5,3.7,-14.6,-6.4,-1.3,-6.0,2021-07
2021-07-20,2383,台光電,電子工業,移出,掉出掃描母體,208.92,72.0,,4,,,,,,,,,,,2021-07
2021-07-21,8054,安國,半導體業,進榜,觸發,61.36,96.0,4.0,0,-27.5,-4.3,-32.0,-4.5,62.9,2.5,-29.3,-4.8,-33.7,-5.0,2021-07
2021-07-21,8054,安國,半導體業,觸發,進榜即觸發,61.36,96.0,4.0,0,-27.5,-4.3,-32.0,-4.5,62.9,2.5,-29.3,-4.8,-33.7,-5.0,2021-07
2021-07-21,2338,光罩,半導體業,進榜,觸發,88.65,89.0,4.0,0,-22.0,-4.3,-21.2,-4.5,91.3,3.0,-24.3,-4.8,-23.5,-5.0,2021-07
2021-07-21,2338,光罩,半導體業,觸發,進榜即觸發,88.65,89.0,4.0,0,-22.0,-4.3,-21.2,-4.5,91.3,3.0,-24.3,-4.8,-23.5,-5.0,2021-07
2021-07-21,5351,鈺創,半導體業,進榜,觸發,37.67,85.0,4.0,0,-0.6,-4.3,1.6,-4.5,38.4,1.9,-2.5,-4.8,-0.4,-5.0,2021-07
2021-07-21,5351,鈺創,半導體業,觸發,進榜即觸發,37.67,85.0,4.0,0,-0.6,-4.3,1.6,-4.5,38.4,1.9,-2.5,-4.8,-0.4,-5.0,2021-07
2021-07-21,6472,保瑞,生技醫療業,進榜,觸發,132.96,74.0,6.0,0,-14.1,-4.3,-18.5,-4.5,131.2,-1.3,-13.0,-4.8,-17.4,-5.0,2021-07
2021-07-21,6472,保瑞,生技醫療業,觸發,進榜即觸發,132.96,74.0,6.0,0,-14.1,-4.3,-18.5,-4.5,131.2,-1.3,-13.0,-4.8,-17.4,-5.0,2021-07
2021-07-21,8415,大國鋼,鋼鐵工業,進榜,準備,34.46,73.0,2.0,0,-12.0,-4.3,-18.9,-4.5,34.2,-0.7,-11.4,-4.8,-18.4,-5.0,2021-07
2021-07-21,2030,彰源,鋼鐵工業,移出,離高點太遠,34.21,98.0,,2,,,,,,,,,,,2021-07
2021-07-21,3260,威剛,半導體業,移出,掉出掃描母體,85.04,74.0,,16,,,,,,,,,,,2021-07
2021-07-21,3587,閎康,其他電子類,移出,掉出掃描母體,121.98,72.0,,1,,,,,,,,,,,2021-07
2021-07-22,3006,晶豪科,電子工業,進榜,觸發,167.75,94.0,5.0,0,-32.9,-6.3,-37.8,-4.5,170.7,1.8,-34.0,-6.8,-38.8,-5.0,2021-07
2021-07-22,3006,晶豪科,電子工業,觸發,進榜即觸發,167.75,94.0,5.0,0,-32.9,-6.3,-37.8,-4.5,170.7,1.8,-34.0,-6.8,-38.8,-5.0,2021-07
2021-07-22,3545,敦泰,電子工業,進榜,觸發,190.09,91.0,6.0,0,-23.0,-6.3,-39.8,-4.5,197.8,4.1,-26.0,-6.8,-42.1,-5.0,2021-07
2021-07-22,3545,敦泰,電子工業,觸發,進榜即觸發,190.09,91.0,6.0,0,-23.0,-6.3,-39.8,-4.5,197.8,4.1,-26.0,-6.8,-42.1,-5.0,2021-07
2021-07-22,3675,德微,半導體業,進榜,準備,140.2,91.0,3.0,0,-16.9,-6.3,14.0,-4.5,136.3,-2.8,-14.5,-6.8,17.3,-5.0,2021-07
2021-07-22,2351,順德,電子工業,進榜,準備,139.33,85.0,3.0,0,-13.8,-6.3,-9.1,-4.5,138.0,-0.9,-13.0,-6.8,-8.2,-5.0,2021-07
2021-07-22,3556,禾瑞亞,半導體業,進榜,準備,71.81,80.0,3.0,0,-13.1,-6.3,-23.4,-4.5,72.2,0.5,-13.6,-6.8,-23.8,-5.0,2021-07
2021-07-22,2441,超豐,半導體業,進榜,準備,66.65,72.0,2.0,0,-3.1,-6.3,-10.1,-4.5,68.3,2.5,-5.4,-6.8,-12.3,-5.0,2021-07
2021-07-22,8415,大國鋼,鋼鐵工業,移出,掉出掃描母體,34.46,73.0,,1,,,,,,,,,,,2021-07
2021-07-22,2027,大成鋼,鋼鐵工業,移出,離高點太遠,34.61,74.0,,24,,,,,,,,,,,2021-07
2021-07-22,2007,燁興,鋼鐵工業,移出,離高點太遠,26.8,95.0,,3,,,,,,,,,,,2021-07
2021-07-22,6472,保瑞,生技醫療業,移出,掉出掃描母體,132.96,74.0,,1,,,,,,,,,,,2021-07
2021-07-23,3141,晶宏,半導體業,進榜,準備,154.74,99.0,3.0,0,-18.4,-6.8,8.2,-4.9,169.9,9.8,-25.7,-7.3,-1.5,-5.3,2021-07
2021-07-23,3527,聚積,半導體業,進榜,準備,143.28,79.0,2.0,0,23.9,-6.8,12.7,-4.9,143.3,0.0,23.9,-7.3,12.7,-5.3,2021-07
2021-07-23,2441,超豐,半導體業,移出,掉出掃描母體,66.65,72.0,,1,,,,,,,,,,,2021-07
2021-07-23,3529,力旺,半導體業,移出,離高點太遠,1253.09,85.0,,43,,,,,,,,,,,2021-07
2021-07-23,5475,德宏,電子零組件業,移出,離高點太遠,44.25,100.0,,11,,,,,,,,,,,2021-07
2021-07-26,6168,宏齊,光電業,進榜,觸發,29.4,86.0,5.0,0,-20.9,-5.8,-30.6,-5.1,29.9,1.8,-22.3,-6.0,-31.8,-5.4,2021-07
2021-07-26,6168,宏齊,光電業,觸發,進榜即觸發,29.4,86.0,5.0,0,-20.9,-5.8,-30.6,-5.1,29.9,1.8,-22.3,-6.0,-31.8,-5.4,2021-07
2021-07-26,3526,凡甲,電子零組件業,進榜,觸發,143.75,77.0,4.0,0,-7.8,-5.8,-23.0,-5.1,144.8,0.7,-8.5,-6.0,-23.6,-5.4,2021-07
2021-07-26,3526,凡甲,電子零組件業,觸發,進榜即觸發,143.75,77.0,4.0,0,-7.8,-5.8,-23.0,-5.1,144.8,0.7,-8.5,-6.0,-23.6,-5.4,2021-07
2021-07-26,3014,聯陽,半導體業,進榜,觸發,89.75,74.0,6.0,0,-9.3,-5.8,-21.9,-5.1,91.8,2.2,-11.3,-6.0,-23.6,-5.4,2021-07
2021-07-26,3014,聯陽,半導體業,觸發,進榜即觸發,89.75,74.0,6.0,0,-9.3,-5.8,-21.9,-5.1,91.8,2.2,-11.3,-6.0,-23.6,-5.4,2021-07
2021-07-26,3587,閎康,其他電子類,進榜,觸發,132.21,74.0,6.0,0,-10.5,-5.8,-6.2,-5.1,132.6,0.3,-10.8,-6.0,-6.5,-5.4,2021-07
2021-07-26,3587,閎康,其他電子類,觸發,進榜即觸發,132.21,74.0,6.0,0,-10.5,-5.8,-6.2,-5.1,132.6,0.3,-10.8,-6.0,-6.5,-5.4,2021-07
2021-07-26,2340,台亞,光電業,進榜,觸發,33.37,72.0,3.0,0,-13.2,-5.8,-6.8,-5.1,33.5,0.4,-13.5,-6.0,-7.2,-5.4,2021-07
2021-07-26,2340,台亞,光電業,觸發,進榜即觸發,33.37,72.0,3.0,0,-13.2,-5.8,-6.8,-5.1,33.5,0.4,-13.5,-6.0,-7.2,-5.4,2021-07
2021-07-26,6261,久元,半導體業,進榜,觸發,73.45,72.0,5.0,0,-14.3,-5.8,-18.3,-5.1,73.8,0.5,-14.7,-6.0,-18.7,-5.4,2021-07
2021-07-26,6261,久元,半導體業,觸發,進榜即觸發,73.45,72.0,5.0,0,-14.3,-5.8,-18.3,-5.1,73.8,0.5,-14.7,-6.0,-18.7,-5.4,2021-07
2021-07-26,6104,創惟,半導體業,進榜,準備,116.61,86.0,2.0,0,-7.5,-5.8,4.2,-5.1,117.5,0.8,-8.2,-6.0,3.4,-5.4,2021-07
2021-07-26,3141,晶宏,半導體業,觸發,等待後觸發,169.89,99.0,3.0,3,-20.8,-5.8,-6.6,-5.1,183.7,8.1,-26.8,-6.0,-13.6,-5.4,2021-07
2021-07-26,8016,矽創,半導體業,觸發,等待後觸發,234.86,85.0,2.0,26,-9.3,-5.8,-34.9,-5.1,237.7,1.2,-10.4,-6.0,-35.7,-5.4,2021-07
2021-07-26,3556,禾瑞亞,半導體業,觸發,等待後觸發,77.79,84.0,3.0,4,-14.4,-5.8,-28.1,-5.1,78.8,1.4,-15.5,-6.0,-29.1,-5.4,2021-07
2021-07-27,4739,康普,化學工業,移出,離高點太遠,97.19,76.0,,32,,,,,,,,,,,2021-07
2021-07-27,6509,聚和,化學工業,移出,離高點太遠,46.67,92.0,,28,,,,,,,,,,,2021-07
2021-07-27,2486,一詮,光電業,移出,離高點太遠,51.71,96.0,,27,,,,,,,,,,,2021-07
2021-07-27,8255,朋程,電機機械,移出,離高點太遠,192.35,87.0,,27,,,,,,,,,,,2021-07
2021-07-27,5285,界霖,電子工業,移出,離高點太遠,97.26,79.0,,18,,,,,,,,,,,2021-07
2021-07-27,3122,笙泉,半導體業,移出,離高點太遠,47.05,95.0,,7,,,,,,,,,,,2021-07
2021-07-27,3675,德微,半導體業,移出,晚期未觸發,122.88,87.0,,5,,,,,,,,,,,2021-07
2021-07-27,3141,晶宏,半導體業,移出,離高點太遠,153.36,99.0,,4,,,,,,,,,,,2021-07
2021-07-27,3526,凡甲,電子零組件業,移出,突破失敗,130.17,71.0,,1,,,,,,,,,,,2021-07
2021-07-27,6261,久元,半導體業,移出,掉出掃描母體,73.45,72.0,,1,,,,,,,,,,,2021-07
2021-07-28,2441,超豐,半導體業,進榜,準備,68.74,72.0,2.0,0,-1.5,-2.7,-10.7,-2.7,72.0,4.8,-6.0,-3.0,-14.8,-3.1,2021-07
2021-07-28,4919,新唐,半導體業,移出,離高點太遠,116.21,96.0,,62,,,,,,,,,,,2021-07
2021-07-28,3707,漢磊,半導體業,移出,離高點太遠,102.72,90.0,,43,,,,,,,,,,,2021-07
2021-07-28,4564,元翎,電機機械,移出,晚期未觸發,46.36,73.0,,28,,,,,,,,,,,2021-07
2021-07-28,3530,晶相光,半導體業,移出,離高點太遠,186.94,78.0,,23,,,,,,,,,,,2021-07
2021-07-28,3588,通嘉,半導體業,移出,離高點太遠,84.65,80.0,,20,,,,,,,,,,,2021-07
2021-07-28,4989,榮科,電子零組件業,移出,離高點太遠,45.64,86.0,,16,,,,,,,,,,,2021-07
2021-07-28,6485,點序,半導體業,移出,離高點太遠,117.83,97.0,,15,,,,,,,,,,,2021-07
2021-07-28,8054,安國,半導體業,移出,離高點太遠,55.37,93.0,,7,,,,,,,,,,,2021-07
2021-07-28,2338,光罩,半導體業,移出,離高點太遠,86.69,90.0,,7,,,,,,,,,,,2021-07
2021-07-28,2351,順德,電子工業,移出,離高點太遠,117.86,76.0,,6,,,,,,,,,,,2021-07
2021-07-28,3006,晶豪科,電子工業,移出,離高點太遠,149.39,92.0,,6,,,,,,,,,,,2021-07
2021-07-28,6168,宏齊,光電業,移出,離高點太遠,24.77,78.0,,2,,,,,,,,,,,2021-07
2021-07-28,3014,聯陽,半導體業,移出,掉出掃描母體,90.42,77.0,,2,,,,,,,,,,,2021-07
2021-07-28,3587,閎康,其他電子類,移出,突破失敗,120.75,70.0,,2,,,,,,,,,,,2021-07
2021-07-28,2340,台亞,光電業,移出,掉出掃描母體,31.24,70.0,,2,,,,,,,,,,,2021-07
2021-07-29,3037,欣興,電子工業,進榜,觸發,134.08,73.0,4.0,0,-7.9,-3.6,4.0,-3.2,135.0,0.7,-8.5,-3.6,3.3,-3.2,2021-07
2021-07-29,3037,欣興,電子工業,觸發,進榜即觸發,134.08,73.0,4.0,0,-7.9,-3.6,4.0,-3.2,135.0,0.7,-8.5,-3.6,3.3,-3.2,2021-07
2021-07-29,9945,潤泰新,其他,移出,掉出掃描母體,27.36,70.0,,20,,,,,,,,,,,2021-07
2021-07-30,2329,華泰,半導體業,進榜,觸發,22.93,80.0,4.0,0,0.0,-2.9,-8.0,-2.4,22.8,-0.6,0.6,-3.2,-7.4,-2.9,2021-07
2021-07-30,2329,華泰,半導體業,觸發,進榜即觸發,22.93,80.0,4.0,0,0.0,-2.9,-8.0,-2.4,22.8,-0.6,0.6,-3.2,-7.4,-2.9,2021-07
2021-07-30,6485,點序,半導體業,進榜,準備,141.22,98.0,2.0,0,-7.7,-2.9,-22.7,-2.4,146.8,4.0,-11.2,-3.2,-25.7,-2.9,2021-07
2021-07-30,2476,鉅祥,電子零組件業,移出,離高點太遠,44.37,89.0,,37,,,,,,,,,,,2021-07
2021-07-30,3527,聚積,半導體業,移出,掉出掃描母體,135.85,75.0,,7,,,,,,,,,,,2021-07
2021-07-30,2441,超豐,半導體業,移出,掉出掃描母體,71.04,70.0,,2,,,,,,,,,,,2021-07
2021-08-02,3526,凡甲,電子零組件業,進榜,觸發,148.62,78.0,4.0,0,-7.6,-3.2,-23.3,-2.9,149.3,0.5,-8.0,-3.2,-23.7,-2.9,2021-08
2021-08-02,3526,凡甲,電子零組件業,觸發,進榜即觸發,148.62,78.0,4.0,0,-7.6,-3.2,-23.3,-2.9,149.3,0.5,-8.0,-3.2,-23.7,-2.9,2021-08
2021-08-02,3527,聚積,半導體業,進榜,準備,140.8,76.0,2.0,0,44.0,-3.2,29.8,-2.9,138.3,-1.8,46.6,-3.2,32.1,-2.9,2021-08
2021-08-02,6485,點序,半導體業,觸發,等待後觸發,155.08,98.0,2.0,3,-16.2,-3.2,-29.4,-2.9,159.4,2.8,-18.5,-3.2,-31.3,-2.9,2021-08
2021-08-02,2881,富邦金,金融保險,移出,掉出掃描母體,46.78,70.0,,38,,,,,,,,,,,2021-08
2021-08-02,3037,欣興,電子工業,移出,掉出掃描母體,129.22,70.0,,4,,,,,,,,,,,2021-08
2021-08-04,6411,晶焱,半導體業,進榜,準備,138.56,73.0,3.0,0,-2.3,-2.6,23.1,-2.7,139.0,0.3,-2.6,-2.8,22.8,-2.9,2021-08
2021-08-04,4952,凌通,電子工業,移出,離高點太遠,59.34,83.0,,16,,,,,,,,,,,2021-08
2021-08-05,2486,一詮,光電業,進榜,觸發,62.39,98.0,5.0,0,-16.6,-3.1,-4.7,-3.0,61.8,-0.9,-15.8,-3.3,-3.8,-3.3,2021-08
2021-08-05,2486,一詮,光電業,觸發,進榜即觸發,62.39,98.0,5.0,0,-16.6,-3.1,-4.7,-3.0,61.8,-0.9,-15.8,-3.3,-3.8,-3.3,2021-08
2021-08-05,2476,鉅祥,電子零組件業,進榜,準備,51.28,92.0,3.0,0,2.7,-3.1,3.1,-3.0,50.9,-0.6,3.4,-3.3,3.7,-3.3,2021-08
2021-08-06,6672,騰輝電子-KY,電子工業,移出,離高點太遠,129.64,89.0,,67,,,,,,,,,,,2021-08
2021-08-06,3035,智原,半導體業,移出,離高點太遠,90.18,82.0,,64,,,,,,,,,,,2021-08
2021-08-06,3526,凡甲,電子零組件業,移出,掉出掃描母體,146.88,73.0,,4,,,,,,,,,,,2021-08
2021-08-09,3036,文曄,電子工業,進榜,準備,51.84,73.0,2.0,0,-6.7,-2.7,-2.0,-1.4,52.2,0.8,-7.4,-3.0,-2.7,-1.7,2021-08
2021-08-09,6138,茂達,半導體業,移出,離高點太遠,130.3,85.0,,52,,,,,,,,,,,2021-08
2021-08-09,8261,富鼎,半導體業,移出,離高點太遠,88.89,90.0,,38,,,,,,,,,,,2021-08
2021-08-09,2401,凌陽,半導體業,移出,離高點太遠,36.09,70.0,,28,,,,,,,,,,,2021-08
2021-08-09,5299,杰力,半導體業,移出,離高點太遠,163.71,82.0,,25,,,,,,,,,,,2021-08
2021-08-09,1795,美時,化學生技醫療,移出,突破失敗,122.5,88.0,,21,,,,,,,,,,,2021-08
2021-08-09,3556,禾瑞亞,半導體業,移出,離高點太遠,71.1,81.0,,18,,,,,,,,,,,2021-08
2021-08-09,3545,敦泰,電子工業,移出,離高點太遠,194.72,94.0,,18,,,,,,,,,,,2021-08
2021-08-09,6104,創惟,半導體業,移出,離高點太遠,107.37,88.0,,14,,,,,,,,,,,2021-08
2021-08-09,2486,一詮,光電業,移出,突破失敗,56.5,97.0,,4,,,,,,,,,,,2021-08
2021-08-11,6494,九齊,半導體業,移出,離高點太遠,114.74,95.0,,65,,,,,,,,,,,2021-08
2021-08-11,2369,菱生,電子工業,移出,離高點太遠,24.04,88.0,,34,,,,,,,,,,,2021-08
2021-08-11,6202,盛群,半導體業,移出,離高點太遠,101.65,79.0,,30,,,,,,,,,,,2021-08
2021-08-11,5351,鈺創,半導體業,移出,離高點太遠,39.47,91.0,,21,,,,,,,,,,,2021-08
2021-08-11,2329,華泰,半導體業,移出,離高點太遠,23.99,87.0,,12,,,,,,,,,,,2021-08
2021-08-11,6485,點序,半導體業,移出,離高點太遠,128.66,96.0,,12,,,,,,,,,,,2021-08
2021-08-11,6411,晶焱,半導體業,移出,掉出掃描母體,126.55,71.0,,7,,,,,,,,,,,2021-08
2021-08-12,9945,潤泰新,其他,進榜,準備,29.86,72.0,3.0,0,17.2,-2.0,41.0,0.0,30.5,2.2,14.6,-2.1,38.0,0.3,2021-08
2021-08-13,2883,凱基金,金融保險,進榜,準備,11.65,70.0,2.0,0,-2.8,-0.3,0.3,1.5,11.7,0.0,-2.8,0.0,0.3,1.9,2021-08
2021-08-13,8016,矽創,半導體業,移出,離高點太遠,224.28,88.0,,44,,,,,,,,,,,2021-08
2021-08-13,2476,鉅祥,電子零組件業,移出,離高點太遠,44.16,91.0,,8,,,,,,,,,,,2021-08
2021-08-13,3036,文曄,電子工業,移出,掉出掃描母體,50.9,71.0,,4,,,,,,,,,,,2021-08
2021-08-16,4721,美琪瑪,化學工業,進榜,觸發,88.68,86.0,6.0,0,23.1,1.2,61.5,3.3,87.0,-1.9,25.5,1.1,64.7,3.0,2021-08
2021-08-16,4721,美琪瑪,化學工業,觸發,進榜即觸發,88.68,86.0,6.0,0,23.1,1.2,61.5,3.3,87.0,-1.9,25.5,1.1,64.7,3.0,2021-08
2021-08-16,2883,凱基金,金融保險,移出,掉出掃描母體,11.65,70.0,,3,,,,,,,,,,,2021-08
2021-08-17,8454,富邦媒,貿易百貨,移出,離高點太遠,1018.47,97.0,,92,,,,,,,,,,,2021-08
2021-08-18,8367,建新國際,航運業,進榜,觸發,50.65,96.0,5.0,0,-4.0,0.6,-21.6,3.7,51.4,1.4,-5.4,1.1,-22.7,4.2,2021-08
2021-08-18,8367,建新國際,航運業,觸發,進榜即觸發,50.65,96.0,5.0,0,-4.0,0.6,-21.6,3.7,51.4,1.4,-5.4,1.1,-22.7,4.2,2021-08
2021-08-18,3527,聚積,半導體業,觸發,等待後觸發,155.67,92.0,2.0,16,11.5,0.6,7.0,3.7,161.4,3.7,7.5,1.1,3.1,4.2,2021-08
2021-08-23,3003,健和興,電子工業,進榜,觸發,85.62,84.0,6.0,0,-8.9,0.0,1.9,4.5,85.6,0.0,-8.9,-0.2,1.9,4.1,2021-08
2021-08-23,3003,健和興,電子工業,觸發,進榜即觸發,85.62,84.0,6.0,0,-8.9,0.0,1.9,4.5,85.6,0.0,-8.9,-0.2,1.9,4.1,2021-08
2021-08-23,9941,裕融,其他,進榜,準備,91.15,83.0,2.0,0,5.7,0.0,14.5,4.5,93.1,2.1,3.5,-0.2,12.1,4.1,2021-08
2021-08-23,2881,富邦金,金融保險,進榜,準備,49.28,75.0,2.0,0,8.4,0.0,7.4,4.5,49.3,0.0,8.4,-0.2,7.4,4.1,2021-08
2021-08-23,5871,中租-KY,其他,進榜,準備,175.34,71.0,1.0,0,2.3,0.0,4.1,4.5,179.3,2.3,0.0,-0.2,1.8,4.1,2021-08
2021-08-24,4919,新唐,半導體業,進榜,觸發,144.24,99.0,6.0,0,-23.9,0.4,-17.1,4.2,145.6,0.9,-24.5,0.2,-17.9,3.9,2021-08
2021-08-24,4919,新唐,半導體業,觸發,進榜即觸發,144.24,99.0,6.0,0,-23.9,0.4,-17.1,4.2,145.6,0.9,-24.5,0.2,-17.9,3.9,2021-08
2021-08-24,6469,大樹,生技醫療業,進榜,觸發,91.18,97.0,3.0,0,-4.0,0.4,-1.3,4.2,92.6,1.6,-5.5,0.2,-2.8,3.9,2021-08
2021-08-24,6469,大樹,生技醫療業,觸發,進榜即觸發,91.18,97.0,3.0,0,-4.0,0.4,-1.3,4.2,92.6,1.6,-5.5,0.2,-2.8,3.9,2021-08
2021-08-24,2612,中航,航運業,進榜,觸發,70.79,96.0,4.0,0,-23.9,0.4,-38.2,4.2,68.3,-3.6,-21.0,0.2,-35.9,3.9,2021-08
2021-08-24,2612,中航,航運業,觸發,進榜即觸發,70.79,96.0,4.0,0,-23.9,0.4,-38.2,4.2,68.3,-3.6,-21.0,0.2,-35.9,3.9,2021-08
2021-08-24,2013,中鋼構,鋼鐵工業,進榜,觸發,47.57,87.0,4.0,0,4.0,0.4,-13.2,4.2,49.0,3.0,1.0,0.2,-15.7,3.9,2021-08
2021-08-24,2013,中鋼構,鋼鐵工業,觸發,進榜即觸發,47.57,87.0,4.0,0,4.0,0.4,-13.2,4.2,49.0,3.0,1.0,0.2,-15.7,3.9,2021-08
2021-08-24,2520,冠德,建材營造,進榜,準備,28.1,71.0,3.0,0,-5.1,0.4,-6.3,4.2,28.1,-0.1,-5.0,0.2,-6.2,3.9,2021-08
2021-08-24,9941,裕融,其他,觸發,等待後觸發,96.35,85.0,2.0,1,1.2,0.4,7.1,4.2,96.9,0.6,0.6,0.2,6.4,3.9,2021-08
2021-08-25,3504,揚明光,光電業,進榜,準備,106.0,79.0,2.0,0,-0.9,0.0,28.8,3.6,113.5,7.1,-7.5,0.0,20.3,3.4,2021-08
2021-08-25,5871,中租-KY,其他,移出,掉出掃描母體,177.86,78.0,,2,,,,,,,,,,,2021-08
2021-08-25,2520,冠德,建材營造,移出,掉出掃描母體,28.1,71.0,,1,,,,,,,,,,,2021-08
2021-08-26,3529,力旺,半導體業,進榜,觸發,1396.57,84.0,6.0,0,40.4,0.3,54.8,2.8,1415.7,1.4,38.5,0.3,52.7,2.9,2021-08
2021-08-26,3529,力旺,半導體業,觸發,進榜即觸發,1396.57,84.0,6.0,0,40.4,0.3,54.8,2.8,1415.7,1.4,38.5,0.3,52.7,2.9,2021-08
2021-08-26,5871,中租-KY,其他,進榜,觸發,182.9,75.0,1.0,0,-2.8,0.3,-3.1,2.8,179.3,-2.0,-0.8,0.3,-1.2,2.9,2021-08
2021-08-26,5871,中租-KY,其他,觸發,進榜即觸發,182.9,75.0,1.0,0,-2.8,0.3,-3.1,2.8,179.3,-2.0,-0.8,0.3,-1.2,2.9,2021-08
2021-08-26,3504,揚明光,光電業,觸發,等待後觸發,116.5,84.0,2.0,1,-5.2,0.3,12.9,2.8,115.5,-0.9,-4.3,0.3,13.9,2.9,2021-08
2021-08-27,3264,欣銓,半導體業,進榜,觸發,53.05,83.0,4.0,0,-9.5,0.0,-16.4,2.9,53.4,0.6,-10.0,-0.2,-16.8,2.7,2021-08
2021-08-27,3264,欣銓,半導體業,觸發,進榜即觸發,53.05,83.0,4.0,0,-9.5,0.0,-16.4,2.9,53.4,0.6,-10.0,-0.2,-16.8,2.7,2021-08
2021-08-27,2881,富邦金,金融保險,觸發,等待後觸發,52.08,79.0,2.0,4,3.1,0.0,-1.0,2.9,52.3,0.4,2.7,-0.2,-1.4,2.7,2021-08
2021-08-27,4919,新唐,半導體業,移出,突破失敗,132.33,98.0,,3,,,,,,,,,,,2021-08
2021-08-27,2612,中航,航運業,移出,突破失敗,62.46,95.0,,3,,,,,,,,,,,2021-08
2021-08-30,6568,宏觀,半導體業,進榜,觸發,227.22,96.0,4.0,0,22.7,-1.3,35.2,2.3,231.3,1.8,20.6,-1.3,32.8,2.1,2021-08
2021-08-30,6568,宏觀,半導體業,觸發,進榜即觸發,227.22,96.0,4.0,0,22.7,-1.3,35.2,2.3,231.3,1.8,20.6,-1.3,32.8,2.1,2021-08
2021-08-30,2887,台新新光金,金融保險,進榜,觸發,13.25,74.0,1.0,0,-1.2,-1.3,2.7,2.3,13.2,-0.3,-0.9,-1.3,2.9,2.1,2021-08
2021-08-30,2887,台新新光金,金融保險,觸發,進榜即觸發,13.25,74.0,1.0,0,-1.2,-1.3,2.7,2.3,13.2,-0.3,-0.9,-1.3,2.9,2.1,2021-08
2021-08-30,2883,凱基金,金融保險,進榜,準備,11.57,73.0,2.0,0,-1.1,-1.3,18.3,2.3,11.6,0.0,-1.1,-1.3,18.3,2.1,2021-08
2021-08-30,2915,潤泰全,貿易百貨,進榜,準備,62.45,70.0,2.0,0,17.1,-1.3,26.9,2.3,62.5,0.0,17.1,-1.3,26.9,2.1,2021-08
2021-08-31,8415,大國鋼,鋼鐵工業,進榜,準備,31.89,71.0,3.0,0,-4.8,-0.9,-15.7,0.9,32.8,2.7,-7.4,-0.9,-18.0,0.9,2021-08
2021-08-31,2887,台新新光金,金融保險,移出,掉出掃描母體,13.25,74.0,,1,,,,,,,,,,,2021-08
2021-09-01,6104,創惟,半導體業,進榜,觸發,126.29,95.0,3.0,0,-5.9,-3.0,28.9,0.0,134.7,6.6,-11.8,-3.0,20.9,0.2,2021-09
2021-09-01,6104,創惟,半導體業,觸發,進榜即觸發,126.29,95.0,3.0,0,-5.9,-3.0,28.9,0.0,134.7,6.6,-11.8,-3.0,20.9,0.2,2021-09
2021-09-01,2476,鉅祥,電子零組件業,進榜,準備,52.85,93.0,3.0,0,-24.3,-3.0,-7.5,0.0,52.9,0.0,-24.3,-3.0,-7.5,0.2,2021-09
2021-09-01,2883,凱基金,金融保險,移出,掉出掃描母體,11.57,72.0,,2,,,,,,,,,,,2021-09
2021-09-01,8367,建新國際,航運業,移出,離高點太遠,54.22,96.0,,14,,,,,,,,,,,2021-09
2021-09-02,6138,茂達,半導體業,進榜,觸發,140.77,86.0,5.0,0,-19.6,-3.6,41.9,1.2,141.9,0.8,-20.2,-3.9,40.7,0.8,2021-09
2021-09-02,6138,茂達,半導體業,觸發,進榜即觸發,140.77,86.0,5.0,0,-19.6,-3.6,41.9,1.2,141.9,0.8,-20.2,-3.9,40.7,0.8,2021-09
2021-09-02,6756,威鋒電子,半導體業,進榜,準備,467.39,93.0,3.0,0,-22.4,-3.6,7.2,1.2,472.8,1.2,-23.3,-3.9,5.9,0.8,2021-09
2021-09-03,6494,九齊,半導體業,進榜,觸發,131.56,94.0,5.0,0,-23.3,-3.6,-7.0,1.2,132.3,0.6,-23.7,-3.7,-7.5,1.2,2021-09
2021-09-03,6494,九齊,半導體業,觸發,進榜即觸發,131.56,94.0,5.0,0,-23.3,-3.6,-7.0,1.2,132.3,0.6,-23.7,-3.7,-7.5,1.2,2021-09
2021-09-03,2363,矽統,半導體業,進榜,觸發,33.72,88.0,5.0,0,-16.7,-3.6,-6.8,1.2,34.0,0.9,-17.4,-3.7,-7.6,1.2,2021-09
2021-09-03,2363,矽統,半導體業,觸發,進榜即觸發,33.72,88.0,5.0,0,-16.7,-3.6,-6.8,1.2,34.0,0.9,-17.4,-3.7,-7.6,1.2,2021-09
2021-09-03,2303,聯電,半導體業,進榜,觸發,53.63,74.0,6.0,0,-12.7,-3.6,-4.3,1.2,52.9,-1.3,-11.6,-3.7,-3.0,1.2,2021-09
2021-09-03,2303,聯電,半導體業,觸發,進榜即觸發,53.63,74.0,6.0,0,-12.7,-3.6,-4.3,1.2,52.9,-1.3,-11.6,-3.7,-3.0,1.2,2021-09
2021-09-06,3189,景碩,半導體業,進榜,觸發,195.63,96.0,6.0,0,-16.2,-3.1,0.4,1.6,192.6,-1.5,-14.9,-3.0,2.0,1.6,2021-09
2021-09-06,3189,景碩,半導體業,觸發,進榜即觸發,195.63,96.0,6.0,0,-16.2,-3.1,0.4,1.6,192.6,-1.5,-14.9,-3.0,2.0,1.6,2021-09
2021-09-06,6586,醣基,生技醫療業,進榜,準備,69.9,97.0,2.0,0,29.6,-3.1,14.3,1.6,68.3,-2.3,32.7,-3.0,17.0,1.6,2021-09
2021-09-06,2887,台新新光金,金融保險,進榜,準備,13.08,71.0,1.0,0,-0.7,-3.1,3.4,1.6,13.2,1.2,-1.9,-3.0,2.2,1.6,2021-09
2021-09-06,6138,茂達,半導體業,移出,掉出掃描母體,134.96,83.0,,4,,,,,,,,,,,2021-09
2021-09-07,9945,潤泰新,其他,觸發,等待後觸發,33.91,86.0,3.0,26,3.8,-1.4,16.6,2.2,34.1,0.5,3.2,-1.4,16.0,2.3,2021-09
2021-09-07,6494,九齊,半導體業,移出,突破失敗,118.18,92.0,,4,,,,,,,,,,,2021-09
2021-09-07,4721,美琪瑪,化學工業,移出,離高點太遠,100.19,92.0,,22,,,,,,,,,,,2021-09
2021-09-07,3003,健和興,電子工業,移出,掉出掃描母體,85.18,85.0,,15,,,,,,,,,,,2021-09
2021-09-07,6104,創惟,半導體業,移出,離高點太遠,119.69,95.0,,6,,,,,,,,,,,2021-09
2021-09-07,2476,鉅祥,電子零組件業,移出,離高點太遠,46.56,90.0,,6,,,,,,,,,,,2021-09
2021-09-07,6756,威鋒電子,半導體業,移出,離高點太遠,409.53,87.0,,5,,,,,,,,,,,2021-09
2021-09-08,3189,景碩,半導體業,移出,突破失敗,171.28,93.0,,2,,,,,,,,,,,2021-09
2021-09-08,6548,長科*,半導體業,移出,離高點太遠,32.43,84.0,,63,,,,,,,,,,,2021-09
2021-09-08,3264,欣銓,半導體業,移出,突破失敗,48.37,79.0,,12,,,,,,,,,,,2021-09
2021-09-09,3689,湧德,電子零組件業,進榜,準備,42.36,88.0,2.0,0,-20.3,-1.5,-12.9,3.4,42.7,0.8,-20.9,-1.8,-13.6,3.1,2021-09
2021-09-10,3036,文曄,電子工業,進榜,準備,50.11,72.0,3.0,0,-7.5,-2.4,2.5,3.1,50.0,-0.2,-7.4,-2.5,2.7,3.1,2021-09
2021-09-10,2915,潤泰全,貿易百貨,觸發,等待後觸發,76.66,86.0,2.0,11,-13.9,-2.4,-1.9,3.1,77.0,0.4,-14.2,-2.5,-2.3,3.1,2021-09
2021-09-10,3527,聚積,半導體業,移出,離高點太遠,191.5,96.0,,39,,,,,,,,,,,2021-09
2021-09-10,6469,大樹,生技醫療業,移出,離高點太遠,100.26,98.0,,17,,,,,,,,,,,2021-09
2021-09-10,3504,揚明光,光電業,移出,離高點太遠,103.5,80.0,,16,,,,,,,,,,,2021-09
2021-09-13,1727,中華化,化學工業,進榜,觸發,27.27,98.0,3.0,0,24.6,-2.6,73.4,3.1,28.3,3.8,20.0,-2.8,67.0,2.8,2021-09
2021-09-13,1727,中華化,化學工業,觸發,進榜即觸發,27.27,98.0,3.0,0,24.6,-2.6,73.4,3.1,28.3,3.8,20.0,-2.8,67.0,2.8,2021-09
2021-09-13,2358,廷鑫,其他,進榜,觸發,25.28,93.0,5.0,0,-13.3,-2.6,-16.5,3.1,26.9,6.4,-18.4,-2.8,-21.5,2.8,2021-09
2021-09-13,2358,廷鑫,其他,觸發,進榜即觸發,25.28,93.0,5.0,0,-13.3,-2.6,-16.5,3.1,26.9,6.4,-18.4,-2.8,-21.5,2.8,2021-09
2021-09-13,2883,凱基金,金融保險,進榜,準備,11.49,70.0,2.0,0,-0.7,-2.6,18.1,3.1,11.5,0.4,-1.1,-2.8,17.7,2.8,2021-09
2021-09-14,1711,永光,化學工業,進榜,觸發,23.27,80.0,4.0,0,6.6,-1.9,7.4,2.6,24.0,3.2,3.3,-1.9,4.1,2.8,2021-09
2021-09-14,1711,永光,化學工業,觸發,進榜即觸發,23.27,80.0,4.0,0,6.6,-1.9,7.4,2.6,24.0,3.2,3.3,-1.9,4.1,2.8,2021-09
2021-09-14,3033,威健,電子工業,進榜,準備,20.01,75.0,3.0,0,-8.4,-1.9,2.1,2.6,20.0,-0.2,-8.2,-1.9,2.3,2.8,2021-09
2021-09-14,2204,中華,汽車工業,進榜,準備,51.1,71.0,3.0,0,-1.7,-1.9,-9.3,2.6,50.7,-0.7,-1.0,-1.9,-8.6,2.8,2021-09
2021-09-15,6411,晶焱,半導體業,進榜,觸發,150.58,81.0,5.0,0,1.9,-1.5,30.1,3.1,151.8,0.8,1.1,-1.7,29.0,3.0,2021-09
2021-09-15,6411,晶焱,半導體業,觸發,進榜即觸發,150.58,81.0,5.0,0,1.9,-1.5,30.1,3.1,151.8,0.8,1.1,-1.7,29.0,3.0,2021-09
2021-09-15,2883,凱基金,金融保險,觸發,等待後觸發,11.69,77.0,2.0,2,-1.0,-1.5,16.0,3.1,11.7,0.0,-1.0,-1.7,16.0,3.0,2021-09
2021-09-15,3033,威健,電子工業,移出,掉出掃描母體,20.01,75.0,,1,,,,,,,,,,,2021-09
2021-09-15,2013,中鋼構,鋼鐵工業,移出,離高點太遠,54.35,88.0,,22,,,,,,,,,,,2021-09
2021-09-16,1308,亞聚,塑膠工業,進榜,觸發,34.49,90.0,6.0,0,3.2,-0.9,-15.4,2.2,34.6,0.2,2.9,-1.0,-15.6,2.3,2021-09
2021-09-16,1308,亞聚,塑膠工業,觸發,進榜即觸發,34.49,90.0,6.0,0,3.2,-0.9,-15.4,2.2,34.6,0.2,2.9,-1.0,-15.6,2.3,2021-09
2021-09-16,5272,笙科,半導體業,進榜,觸發,41.86,81.0,4.0,0,-26.5,-0.9,-11.4,2.2,42.3,1.1,-27.3,-1.0,-12.4,2.3,2021-09
2021-09-16,5272,笙科,半導體業,觸發,進榜即觸發,41.86,81.0,4.0,0,-26.5,-0.9,-11.4,2.2,42.3,1.1,-27.3,-1.0,-12.4,2.3,2021-09
2021-09-16,2882,國泰金,金融保險,進榜,準備,47.19,71.0,2.0,0,-2.2,-0.9,0.8,2.2,47.3,0.3,-2.5,-1.0,0.5,2.3,2021-09
2021-09-17,3033,威健,電子工業,進榜,準備,20.25,77.0,3.0,0,-7.2,-0.9,0.9,2.3,19.8,-2.4,-4.9,0.0,3.4,3.7,2021-09
2021-09-17,2882,國泰金,金融保險,移出,掉出掃描母體,47.19,71.0,,1,,,,,,,,,,,2021-09
2021-09-17,6586,醣基,生技醫療業,移出,離高點太遠,71.5,99.0,,11,,,,,,,,,,,2021-09
2021-09-17,1727,中華化,化學工業,移出,離高點太遠,29.96,99.0,,4,,,,,,,,,,,2021-09
2021-09-17,5272,笙科,半導體業,移出,掉出掃描母體,41.86,81.0,,1,,,,,,,,,,,2021-09
2021-09-22,2314,台揚,通信網路業,進榜,觸發,167.58,93.0,6.0,0,-5.0,0.0,7.8,4.2,166.0,-1.0,-4.1,-0.2,8.8,3.5,2021-09
2021-09-22,2314,台揚,通信網路業,觸發,進榜即觸發,167.58,93.0,6.0,0,-5.0,0.0,7.8,4.2,166.0,-1.0,-4.1,-0.2,8.8,3.5,2021-09
2021-09-22,8415,大國鋼,鋼鐵工業,移出,掉出掃描母體,31.69,83.0,,22,,,,,,,,,,,2021-09
2021-09-22,2363,矽統,半導體業,移出,突破失敗,30.5,85.0,,19,,,,,,,,,,,2021-09
2021-09-22,2358,廷鑫,其他,移出,離高點太遠,24.16,94.0,,9,,,,,,,,,,,2021-09
2021-09-23,2486,一詮,光電業,進榜,觸發,56.97,96.0,6.0,0,-10.9,-0.2,-15.0,3.1,57.8,1.5,-12.2,-0.6,-16.3,2.7,2021-09
2021-09-23,2486,一詮,光電業,觸發,進榜即觸發,56.97,96.0,6.0,0,-10.9,-0.2,-15.0,3.1,57.8,1.5,-12.2,-0.6,-16.3,2.7,2021-09
2021-09-23,8046,南電,電子工業,進榜,觸發,408.52,82.0,6.0,0,-6.2,-0.2,20.3,3.1,407.2,-0.3,-5.9,-0.6,20.7,2.7,2021-09
2021-09-23,8046,南電,電子工業,觸發,進榜即觸發,408.52,82.0,6.0,0,-6.2,-0.2,20.3,3.1,407.2,-0.3,-5.9,-0.6,20.7,2.7,2021-09
2021-09-23,6409,旭隼,其他電子業,進榜,觸發,1330.97,78.0,3.0,0,8.6,-0.2,-1.0,3.1,1352.9,1.7,6.8,-0.6,-2.6,2.7,2021-09
2021-09-23,6409,旭隼,其他電子業,觸發,進榜即觸發,1330.97,78.0,3.0,0,8.6,-0.2,-1.0,3.1,1352.9,1.7,6.8,-0.6,-2.6,2.7,2021-09
2021-09-23,2371,大同,電機機械,進榜,觸發,33.35,76.0,3.0,0,-1.6,-0.2,-8.3,3.1,33.5,0.6,-2.1,-0.6,-8.9,2.7,2021-09
2021-09-23,2371,大同,電機機械,觸發,進榜即觸發,33.35,76.0,3.0,0,-1.6,-0.2,-8.3,3.1,33.5,0.6,-2.1,-0.6,-8.9,2.7,2021-09
2021-09-23,6586,醣基,生技醫療業,進榜,準備,82.8,99.0,3.0,0,-12.7,-0.2,6.8,3.1,81.3,-1.8,-11.0,-0.6,8.8,2.7,2021-09
2021-09-24,6143,振曜,通信網路業,進榜,觸發,46.8,70.0,3.0,0,-8.5,-0.6,-1.7,2.2,47.2,0.8,-9.3,-0.8,-2.5,2.2,2021-09
2021-09-24,6143,振曜,通信網路業,觸發,進榜即觸發,46.8,70.0,3.0,0,-8.5,-0.6,-1.7,2.2,47.2,0.8,-9.3,-0.8,-2.5,2.2,2021-09
2021-09-24,2204,中華,汽車工業,移出,掉出掃描母體,53.19,78.0,,10,,,,,,,,,,,2021-09
2021-09-27,2915,潤泰全,貿易百貨,移出,離高點太遠,71.33,84.0,,28,,,,,,,,,,,2021-09
2021-09-28,2436,偉詮電,半導體業,進榜,觸發,76.97,88.0,6.0,0,-8.9,-0.4,8.7,2.8,74.8,-2.8,-6.3,0.2,11.8,3.7,2021-09
2021-09-28,2436,偉詮電,半導體業,觸發,進榜即觸發,76.97,88.0,6.0,0,-8.9,-0.4,8.7,2.8,74.8,-2.8,-6.3,0.2,11.8,3.7,2021-09
2021-09-28,1304,台聚,塑膠工業,進榜,觸發,34.57,87.0,4.0,0,-14.1,-0.4,-24.6,2.8,34.4,-0.6,-13.6,0.2,-24.2,3.7,2021-09
2021-09-28,1304,台聚,塑膠工業,觸發,進榜即觸發,34.57,87.0,4.0,0,-14.1,-0.4,-24.6,2.8,34.4,-0.6,-13.6,0.2,-24.2,3.7,2021-09
2021-09-28,1305,華夏,塑膠工業,進榜,準備,37.91,80.0,3.0,0,-14.9,-0.4,-21.2,2.8,37.5,-1.0,-14.0,0.2,-20.3,3.7,2021-09
2021-09-28,6143,振曜,通信網路業,移出,掉出掃描母體,47.03,73.0,,4,,,,,,,,,,,2021-09
2021-09-28,3689,湧德,電子零組件業,移出,離高點太遠,37.51,88.0,,19,,,,,,,,,,,2021-09
2021-09-28,2371,大同,電機機械,移出,掉出掃描母體,32.34,72.0,,5,,,,,,,,,,,2021-09
2021-09-29,5321,美而快,電子零組件業,進榜,觸發,77.56,100.0,4.0,0,5.4,0.7,-11.2,4.3,77.9,0.4,5.0,0.6,-11.6,4.2,2021-09
2021-09-29,5321,美而快,電子零組件業,觸發,進榜即觸發,77.56,100.0,4.0,0,5.4,0.7,-11.2,4.3,77.9,0.4,5.0,0.6,-11.6,4.2,2021-09
2021-09-29,4192,杏國,生技醫療業,進榜,準備,479.22,99.0,1.0,0,-38.2,0.7,-74.9,4.3,481.1,0.4,-38.4,0.6,-75.0,4.2,2021-09
2021-09-29,1734,杏輝,化學生技醫療,進榜,準備,30.93,84.0,1.0,0,-31.0,0.7,-31.6,4.3,30.6,-1.2,-30.2,0.6,-30.8,4.2,2021-09
2021-09-29,5871,中租-KY,其他,移出,離高點太遠,172.82,80.0,,34,,,,,,,,,,,2021-09
2021-09-29,6568,宏觀,半導體業,移出,離高點太遠,278.86,99.0,,30,,,,,,,,,,,2021-09
2021-09-29,2303,聯電,半導體業,移出,突破失敗,48.27,77.0,,26,,,,,,,,,,,2021-09
2021-09-29,3036,文曄,電子工業,移出,掉出掃描母體,48.46,77.0,,19,,,,,,,,,,,2021-09
2021-09-29,8046,南電,電子工業,移出,掉出掃描母體,402.87,77.0,,6,,,,,,,,,,,2021-09
2021-09-29,2486,一詮,光電業,移出,離高點太遠,52.5,94.0,,6,,,,,,,,,,,2021-09
2021-09-30,1722,台肥,化學工業,進榜,觸發,55.02,72.0,2.0,0,0.1,0.2,1.3,3.3,54.4,-1.2,1.3,0.7,2.5,3.9,2021-09
2021-09-30,1722,台肥,化學工業,觸發,進榜即觸發,55.02,72.0,2.0,0,0.1,0.2,1.3,3.3,54.4,-1.2,1.3,0.7,2.5,3.9,2021-09
2021-09-30,1304,台聚,塑膠工業,移出,突破失敗,31.63,78.0,,2,,,,,,,,,,,2021-09
2021-10-01,1308,亞聚,塑膠工業,移出,離高點太遠,35.5,93.0,,15,,,,,,,,,,,2021-10
2021-10-04,3551,世禾,其他電子類,進榜,準備,55.42,84.0,3.0,0,5.6,3.5,7.2,8.1,54.4,-1.9,7.7,4.1,9.3,9.0,2021-10
2021-10-04,2823,中壽,金融保險,進榜,準備,27.78,73.0,2.0,0,4.6,3.5,10.0,8.1,27.8,0.2,4.4,4.1,9.8,9.0,2021-10
2021-10-04,6586,醣基,生技醫療業,移出,離高點太遠,84.0,99.0,,11,,,,,,,,,,,2021-10
2021-10-04,1711,永光,化學工業,移出,離高點太遠,22.48,87.0,,20,,,,,,,,,,,2021-10
2021-10-04,6411,晶焱,半導體業,移出,離高點太遠,144.17,83.0,,19,,,,,,,,,,,2021-10
2021-10-04,2436,偉詮電,半導體業,移出,掉出掃描母體,71.74,84.0,,6,,,,,,,,,,,2021-10
2021-10-04,5321,美而快,電子零組件業,移出,離高點太遠,68.19,100.0,,5,,,,,,,,,,,2021-10
2021-10-04,1734,杏輝,化學生技醫療,移出,掉出掃描母體,29.24,83.0,,5,,,,,,,,,,,2021-10
2021-10-05,1301,台塑,塑膠工業,進榜,準備,97.37,72.0,2.0,0,-6.5,3.3,-8.3,7.9,97.8,0.4,-6.9,3.1,-8.7,7.5,2021-10
2021-10-05,3551,世禾,其他電子類,觸發,等待後觸發,58.52,87.0,3.0,1,1.1,3.3,7.4,7.9,58.4,-0.1,1.3,3.1,7.5,7.5,2021-10
2021-10-06,2890,永豐金,金融保險,進榜,準備,10.43,71.0,0.0,0,1.8,4.0,16.2,8.6,10.4,0.0,1.8,3.4,16.2,7.9,2021-10
2021-10-06,2314,台揚,通信網路業,移出,離高點太遠,166.89,97.0,,14,,,,,,,,,,,2021-10
2021-10-07,3443,創意,半導體業,進榜,觸發,501.98,81.0,4.0,0,17.0,2.5,,,506.7,0.9,15.9,2.3,,,2021-10
2021-10-07,3443,創意,半導體業,觸發,進榜即觸發,501.98,81.0,4.0,0,17.0,2.5,,,506.7,0.9,15.9,2.3,,,2021-10
2021-10-07,8422,可寧衛,其他,進榜,準備,15.91,81.0,0.0,0,4.4,2.5,,,15.8,-0.5,4.9,2.3,,,2021-10
2021-10-07,1303,南亞,塑膠工業,進榜,準備,75.69,71.0,2.0,0,-6.4,2.5,,,76.3,0.8,-7.1,2.3,,,2021-10
2021-10-07,2890,永豐金,金融保險,移出,掉出掃描母體,10.43,71.0,,1,,,,,,,,,,,2021-10
2021-10-08,3035,智原,半導體業,進榜,觸發,118.06,98.0,6.0,0,39.2,2.7,,,119.4,1.2,37.6,3.2,,,2021-10
2021-10-08,3035,智原,半導體業,觸發,進榜即觸發,118.06,98.0,6.0,0,39.2,2.7,,,119.4,1.2,37.6,3.2,,,2021-10
2021-10-08,1229,聯華,食品工業,進榜,準備,37.71,81.0,0.0,0,2.0,2.7,,,37.4,-0.9,2.9,3.2,,,2021-10
2021-10-08,3653,健策,電子工業,進榜,準備,303.51,74.0,3.0,0,6.6,2.7,,,295.8,-2.5,9.4,3.2,,,2021-10
2021-10-08,2204,中華,汽車工業,進榜,準備,52.97,73.0,2.0,0,-5.6,2.7,,,51.9,-2.0,-3.6,3.2,,,2021-10
2021-10-08,1303,南亞,塑膠工業,移出,掉出掃描母體,75.69,71.0,,1,,,,,,,,,,,2021-10
2021-10-08,4192,杏國,生技醫療業,移出,離高點太遠,455.35,99.0,,9,,,,,,,,,,,2021-10
2021-10-12,2430,燦坤,電子工業,進榜,準備,45.37,95.0,1.0,0,-12.1,3.9,,,44.7,-1.6,-10.7,3.6,,,2021-10
2021-10-12,2890,永豐金,金融保險,進榜,準備,10.4,71.0,0.0,0,2.2,3.9,,,10.4,0.0,2.2,3.6,,,2021-10
2021-10-12,2204,中華,汽車工業,移出,掉出掃描母體,52.97,73.0,,4,,,,,,,,,,,2021-10
2021-10-13,1727,中華化,化學工業,進榜,觸發,37.65,100.0,3.0,0,43.6,4.9,,,40.6,7.8,33.3,4.3,,,2021-10
2021-10-13,1727,中華化,化學工業,觸發,進榜即觸發,37.65,100.0,3.0,0,43.6,4.9,,,40.6,7.8,33.3,4.3,,,2021-10
2021-10-13,3504,揚明光,光電業,進榜,觸發,121.5,92.0,3.0,0,9.9,4.9,,,125.0,2.9,6.8,4.3,,,2021-10
2021-10-13,3504,揚明光,光電業,觸發,進榜即觸發,121.5,92.0,3.0,0,9.9,4.9,,,125.0,2.9,6.8,4.3,,,2021-10
2021-10-13,2371,大同,電機機械,進榜,準備,33.16,90.0,3.0,0,-5.3,4.9,,,33.7,1.7,-7.0,4.3,,,2021-10
2021-10-13,2301,光寶科,電腦及週邊設備業,進榜,準備,51.56,75.0,0.0,0,-4.7,4.9,,,52.2,1.2,-5.8,4.3,,,2021-10
2021-10-13,1101,台泥,水泥工業,進榜,準備,39.89,72.0,1.0,0,-3.6,4.9,,,40.0,0.2,-3.8,4.3,,,2021-10
2021-10-13,2430,燦坤,電子工業,觸發,等待後觸發,46.27,98.0,1.0,1,-14.6,4.9,,,45.7,-1.2,-13.5,4.3,,,2021-10
2021-10-13,1305,華夏,塑膠工業,移出,晚期未觸發,35.71,82.0,,15,,,,,,,,,,,2021-10
2021-10-13,3551,世禾,其他電子類,移出,突破失敗,51.99,79.0,,9,,,,,,,,,,,2021-10
2021-10-14,3305,昇貿,其他電子業,進榜,準備,47.02,78.0,3.0,0,41.0,4.5,,,48.5,3.2,36.6,3.9,,,2021-10
2021-10-14,2890,永豐金,金融保險,移出,掉出掃描母體,10.43,72.0,,2,,,,,,,,,,,2021-10
2021-10-14,1101,台泥,水泥工業,移出,掉出掃描母體,39.89,72.0,,1,,,,,,,,,,,2021-10
2021-10-14,9941,裕融,其他,移出,掉出掃描母體,94.27,87.0,,52,,,,,,,,,,,2021-10
2021-10-14,1727,中華化,化學工業,移出,離高點太遠,33.97,99.0,,1,,,,,,,,,,,2021-10
2021-10-14,3504,揚明光,光電業,移出,突破失敗,109.5,87.0,,1,,,,,,,,,,,2021-10
2021-10-15,1301,台塑,塑膠工業,移出,掉出掃描母體,96.53,73.0,,10,,,,,,,,,,,2021-10
2021-10-18,1727,中華化,化學工業,進榜,準備,41.09,100.0,3.0,0,25.1,3.7,,,44.2,7.5,16.5,3.6,,,2021-10
2021-10-18,2882,國泰金,金融保險,進榜,準備,46.4,77.0,1.0,0,1.7,3.7,,,46.6,0.5,1.2,3.6,,,2021-10
2021-10-19,3189,景碩,半導體業,進榜,觸發,202.89,97.0,6.0,0,-0.6,3.0,,,204.2,0.6,-1.3,2.8,,,2021-10
2021-10-19,3189,景碩,半導體業,觸發,進榜即觸發,202.89,97.0,6.0,0,-0.6,3.0,,,204.2,0.6,-1.3,2.8,,,2021-10
2021-10-19,3675,德微,半導體業,進榜,觸發,159.79,96.0,4.0,0,18.7,3.0,,,163.8,2.5,15.8,2.8,,,2021-10
2021-10-19,3675,德微,半導體業,觸發,進榜即觸發,159.79,96.0,4.0,0,18.7,3.0,,,163.8,2.5,15.8,2.8,,,2021-10
2021-10-19,2301,光寶科,電腦及週邊設備業,移出,掉出掃描母體,52.05,76.0,,6,,,,,,,,,,,2021-10
2021-10-20,6706,惠特,光電業,進榜,觸發,176.77,75.0,2.0,0,6.1,3.3,,,175.0,-1.0,7.1,3.2,,,2021-10
2021-10-20,6706,惠特,光電業,觸發,進榜即觸發,176.77,75.0,2.0,0,6.1,3.3,,,175.0,-1.0,7.1,3.2,,,2021-10
2021-10-20,8255,朋程,電機機械,進榜,準備,213.45,95.0,3.0,0,-0.2,3.3,,,216.5,1.4,-1.6,3.2,,,2021-10
2021-10-20,2881,富邦金,金融保險,移出,掉出掃描母體,51.83,84.0,,58,,,,,,,,,,,2021-10
2021-10-21,5258,虹堡,電子工業,進榜,觸發,25.04,70.0,2.0,0,12.3,3.1,,,25.4,1.3,10.8,3.2,,,2021-10
2021-10-21,5258,虹堡,電子工業,觸發,進榜即觸發,25.04,70.0,2.0,0,12.3,3.1,,,25.4,1.3,10.8,3.2,,,2021-10
2021-10-21,3036,文曄,電子工業,進榜,準備,49.56,81.0,2.0,0,3.5,3.1,,,49.6,0.0,3.5,3.2,,,2021-10
2021-10-22,3141,晶宏,半導體業,進榜,觸發,174.28,98.0,3.0,0,32.3,3.1,,,178.4,2.4,29.2,3.3,,,2021-10
2021-10-22,3141,晶宏,半導體業,觸發,進榜即觸發,174.28,98.0,3.0,0,32.3,3.1,,,178.4,2.4,29.2,3.3,,,2021-10
2021-10-22,8201,無敵,其他電子業,進榜,觸發,18.45,96.0,3.0,0,-1.4,3.1,,,18.5,0.3,-1.6,3.3,,,2021-10
2021-10-22,8201,無敵,其他電子業,觸發,進榜即觸發,18.45,96.0,3.0,0,-1.4,3.1,,,18.5,0.3,-1.6,3.3,,,2021-10
2021-10-22,3504,揚明光,光電業,進榜,觸發,134.0,95.0,3.0,0,4.5,3.1,,,137.0,2.2,2.2,3.3,,,2021-10
2021-10-22,3504,揚明光,光電業,觸發,進榜即觸發,134.0,95.0,3.0,0,4.5,3.1,,,137.0,2.2,2.2,3.3,,,2021-10
2021-10-22,6531,愛普*,半導體業,進榜,準備,440.95,87.0,3.0,0,7.2,3.1,,,444.6,0.8,6.3,3.3,,,2021-10
2021-10-22,3551,世禾,其他電子類,進榜,準備,60.32,85.0,3.0,0,-6.1,3.1,,,59.6,-1.2,-4.9,3.3,,,2021-10
2021-10-25,5321,美而快,電子零組件業,進榜,觸發,90.17,100.0,5.0,0,-24.4,3.2,,,98.9,9.7,-31.0,2.9,,,2021-10
2021-10-25,5321,美而快,電子零組件業,觸發,進榜即觸發,90.17,100.0,5.0,0,-24.4,3.2,,,98.9,9.7,-31.0,2.9,,,2021-10
2021-10-25,4721,美琪瑪,化學工業,進榜,觸發,121.08,97.0,6.0,0,14.1,3.2,,,128.8,6.3,7.3,2.9,,,2021-10
2021-10-25,4721,美琪瑪,化學工業,觸發,進榜即觸發,121.08,97.0,6.0,0,14.1,3.2,,,128.8,6.3,7.3,2.9,,,2021-10
2021-10-25,6509,聚和,化學工業,進榜,觸發,56.56,97.0,4.0,0,3.7,3.2,,,59.6,5.5,-1.7,2.9,,,2021-10
2021-10-25,6509,聚和,化學工業,觸發,進榜即觸發,56.56,97.0,4.0,0,3.7,3.2,,,59.6,5.5,-1.7,2.9,,,2021-10
2021-10-25,4739,康普,化學工業,進榜,觸發,124.92,94.0,5.0,0,6.8,3.2,,,128.9,3.2,3.4,2.9,,,2021-10
2021-10-25,4739,康普,化學工業,觸發,進榜即觸發,124.92,94.0,5.0,0,6.8,3.2,,,128.9,3.2,3.4,2.9,,,2021-10
2021-10-25,6217,中探針,電子零組件業,進榜,觸發,48.96,87.0,4.0,0,-1.4,3.2,,,50.1,2.2,-3.5,2.9,,,2021-10
2021-10-25,6217,中探針,電子零組件業,觸發,進榜即觸發,48.96,87.0,4.0,0,-1.4,3.2,,,50.1,2.2,-3.5,2.9,,,2021-10
2021-10-25,6706,惠特,光電業,移出,掉出掃描母體,174.18,73.0,,5,,,,,,,,,,,2021-10
2021-10-26,2498,宏達電,通信網路業,進榜,觸發,57.67,91.0,3.0,0,34.5,2.2,,,58.9,2.1,31.8,2.3,,,2021-10
2021-10-26,2498,宏達電,通信網路業,觸發,進榜即觸發,57.67,91.0,3.0,0,34.5,2.2,,,58.9,2.1,31.8,2.3,,,2021-10
2021-10-26,9941,裕融,其他,進榜,準備,99.31,89.0,1.0,0,2.4,2.2,,,99.6,0.3,2.1,2.3,,,2021-10
2021-10-26,5871,中租-KY,其他,進榜,準備,184.34,86.0,1.0,0,-3.9,2.2,,,185.4,0.6,-4.5,2.3,,,2021-10
2021-10-26,2881,富邦金,金融保險,進榜,準備,52.31,83.0,1.0,0,-1.6,2.2,,,51.9,-0.8,-0.8,2.3,,,2021-10
2021-10-26,2059,川湖,電子工業,進榜,準備,369.3,73.0,2.0,0,21.4,2.2,,,372.1,0.8,20.5,2.3,,,2021-10
2021-10-26,2356,英業達,電子工業,進榜,準備,22.16,72.0,2.0,0,-3.7,2.2,,,22.2,0.0,-3.7,2.3,,,2021-10
2021-10-26,2890,永豐金,金融保險,進榜,準備,10.62,71.0,0.0,0,8.1,2.2,,,10.6,-0.4,8.5,2.3,,,2021-10
2021-10-26,2430,燦坤,電子工業,移出,離高點太遠,42.33,94.0,,14,,,,,,,,,,,2021-10
2021-10-26,5321,美而快,電子零組件業,移出,離高點太遠,81.44,100.0,,1,,,,,,,,,,,2021-10
2021-10-27,2340,台亞,光電業,進榜,觸發,37.58,89.0,5.0,0,44.3,2.3,,,37.5,-0.1,44.5,2.4,,,2021-10
2021-10-27,2340,台亞,光電業,觸發,進榜即觸發,37.58,89.0,5.0,0,44.3,2.3,,,37.5,-0.1,44.5,2.4,,,2021-10
2021-10-27,5274,信驊,半導體業,進榜,觸發,2125.79,81.0,4.0,0,9.8,2.3,,,2212.1,4.1,5.5,2.4,,,2021-10
2021-10-27,5274,信驊,半導體業,觸發,進榜即觸發,2125.79,81.0,4.0,0,9.8,2.3,,,2212.1,4.1,5.5,2.4,,,2021-10
2021-10-27,3689,湧德,電子零組件業,進榜,準備,40.59,95.0,2.0,0,-14.1,2.3,,,40.2,-0.9,-13.3,2.4,,,2021-10
2021-10-27,2476,鉅祥,電子零組件業,進榜,準備,51.53,93.0,3.0,0,-1.4,2.3,,,52.5,1.9,-3.3,2.4,,,2021-10
2021-10-27,2915,潤泰全,貿易百貨,進榜,準備,80.03,93.0,2.0,0,-0.5,2.3,,,78.9,-1.4,1.0,2.4,,,2021-10
2021-10-27,8044,網家,電子商務業,進榜,準備,137.94,89.0,3.0,0,-4.2,2.3,,,137.0,-0.7,-3.6,2.4,,,2021-10
2021-10-27,6706,惠特,光電業,進榜,準備,188.84,75.0,2.0,0,-0.9,2.3,,,188.0,-0.5,-0.5,2.4,,,2021-10
2021-10-27,1476,儒鴻,紡織纖維,進榜,準備,508.16,71.0,3.0,0,0.8,2.3,,,509.0,0.2,0.7,2.4,,,2021-10
2021-10-27,9941,裕融,其他,觸發,等待後觸發,100.5,86.0,1.0,1,1.8,2.3,,,100.5,0.0,1.8,2.4,,,2021-10
2021-10-27,5871,中租-KY,其他,觸發,等待後觸發,194.78,87.0,1.0,1,-8.9,2.3,,,194.1,-0.4,-8.5,2.4,,,2021-10
2021-10-27,6531,愛普*,半導體業,觸發,等待後觸發,483.68,91.0,3.0,5,-3.8,2.3,,,498.2,3.0,-6.6,2.4,,,2021-10
2021-10-27,2883,凱基金,金融保險,移出,掉出掃描母體,11.65,71.0,,44,,,,,,,,,,,2021-10
2021-10-27,2881,富邦金,金融保險,移出,掉出掃描母體,52.31,83.0,,1,,,,,,,,,,,2021-10
2021-10-27,2356,英業達,電子工業,移出,掉出掃描母體,22.16,72.0,,1,,,,,,,,,,,2021-10
2021-10-27,2890,永豐金,金融保險,移出,掉出掃描母體,10.62,71.0,,1,,,,,,,,,,,2021-10
2021-10-28,6170,統振,通信網路業,進榜,觸發,38.25,95.0,4.0,0,-9.4,2.0,,,38.9,1.7,-10.9,1.8,,,2021-10
2021-10-28,6170,統振,通信網路業,觸發,進榜即觸發,38.25,95.0,4.0,0,-9.4,2.0,,,38.9,1.7,-10.9,1.8,,,2021-10
2021-10-28,6104,創惟,半導體業,進榜,準備,130.69,96.0,3.0,0,21.9,2.0,,,131.1,0.3,21.5,1.8,,,2021-10
2021-10-29,5351,鈺創,半導體業,進榜,觸發,53.65,95.0,6.0,0,40.7,0.8,,,59.0,9.9,28.0,0.6,,,2021-10
2021-10-29,5351,鈺創,半導體業,觸發,進榜即觸發,53.65,95.0,6.0,0,40.7,0.8,,,59.0,9.9,28.0,0.6,,,2021-10
2021-10-29,5227,立凱-KY,電子零組件業,進榜,準備,71.56,98.0,2.0,0,-16.8,0.8,,,73.2,2.3,-18.6,0.6,,,2021-10
2021-10-29,1560,中砂,電機機械,進榜,準備,69.49,70.0,3.0,0,15.7,0.8,,,70.5,1.5,14.1,0.6,,,2021-10
2021-10-29,3305,昇貿,其他電子業,觸發,等待後觸發,59.47,89.0,3.0,15,14.6,0.8,,,62.2,4.7,9.5,0.6,,,2021-10
2021-10-29,1476,儒鴻,紡織纖維,移出,掉出掃描母體,510.67,71.0,,2,,,,,,,,,,,2021-10
2021-10-29,1727,中華化,化學工業,移出,晚期未觸發,41.61,100.0,,11,,,,,,,,,,,2021-10
2021-10-29,6706,惠特,光電業,移出,掉出掃描母體,184.53,75.0,,2,,,,,,,,,,,2021-10
2021-11-01,3491,昇達科,通信網路業,進榜,觸發,124.72,96.0,1.0,0,24.5,0.0,,,127.9,2.6,21.4,-0.2,,,2021-11
2021-11-01,3491,昇達科,通信網路業,觸發,進榜即觸發,124.72,96.0,1.0,0,24.5,0.0,,,127.9,2.6,21.4,-0.2,,,2021-11
2021-11-01,5285,界霖,電子工業,進榜,觸發,111.38,90.0,6.0,0,-20.1,0.0,,,114.3,2.6,-22.2,-0.2,,,2021-11
2021-11-01,5285,界霖,電子工業,觸發,進榜即觸發,111.38,90.0,6.0,0,-20.1,0.0,,,114.3,2.6,-22.2,-0.2,,,2021-11
2021-11-01,8155,博智,電子零組件業,進榜,觸發,131.47,87.0,1.0,0,-15.9,0.0,,,132.3,0.6,-16.4,-0.2,,,2021-11
2021-11-01,8155,博智,電子零組件業,觸發,進榜即觸發,131.47,87.0,1.0,0,-15.9,0.0,,,132.3,0.6,-16.4,-0.2,,,2021-11
2021-11-01,3016,嘉晶,半導體業,進榜,觸發,96.65,82.0,4.0,0,42.1,0.0,,,99.0,2.4,38.8,-0.2,,,2021-11
2021-11-01,3016,嘉晶,半導體業,觸發,進榜即觸發,96.65,82.0,4.0,0,42.1,0.0,,,99.0,2.4,38.8,-0.2,,,2021-11
2021-11-01,8924,大田,其他,進榜,觸發,122.59,81.0,6.0,0,-15.8,0.0,,,121.6,-0.8,-15.1,-0.2,,,2021-11
2021-11-01,8924,大田,其他,觸發,進榜即觸發,122.59,81.0,6.0,0,-15.8,0.0,,,121.6,-0.8,-15.1,-0.2,,,2021-11
2021-11-01,5222,全訊,電子工業,進榜,觸發,120.05,76.0,2.0,0,6.4,0.0,,,123.4,2.8,3.5,-0.2,,,2021-11
2021-11-01,5222,全訊,電子工業,觸發,進榜即觸發,120.05,76.0,2.0,0,6.4,0.0,,,123.4,2.8,3.5,-0.2,,,2021-11
2021-11-01,2887,台新新光金,金融保險,移出,逾期,13.28,79.0,,56,,,,,,,,,,,2021-11
2021-11-01,2882,國泰金,金融保險,移出,掉出掃描母體,45.92,71.0,,14,,,,,,,,,,,2021-11
2021-11-01,3036,文曄,電子工業,移出,掉出掃描母體,49.32,74.0,,11,,,,,,,,,,,2021-11
2021-11-02,3701,大眾控,電子工業,進榜,觸發,54.05,100.0,3.0,0,55.6,0.8,,,57.1,5.7,47.2,0.7,,,2021-11
2021-11-02,3701,大眾控,電子工業,觸發,進榜即觸發,54.05,100.0,3.0,0,55.6,0.8,,,57.1,5.7,47.2,0.7,,,2021-11
2021-11-02,6706,惠特,光電業,進榜,準備,194.01,80.0,2.0,0,-6.9,0.8,,,194.4,0.2,-7.1,0.7,,,2021-11
2021-11-02,3036,文曄,電子工業,進榜,準備,50.11,74.0,2.0,0,-0.6,0.8,,,50.2,0.2,-0.8,0.7,,,2021-11
2021-11-02,3583,辛耘,半導體業,進榜,準備,66.37,72.0,2.0,0,11.4,0.8,,,66.5,0.1,11.3,0.7,,,2021-11
2021-11-02,1229,聯華,食品工業,觸發,等待後觸發,39.72,81.0,0.0,25,-2.7,0.8,,,39.7,0.0,-2.7,0.7,,,2021-11
2021-11-02,3689,湧德,電子零組件業,移出,離高點太遠,37.84,91.0,,6,,,,,,,,,,,2021-11
2021-11-02,5285,界霖,電子工業,移出,突破失敗,100.58,87.0,,1,,,,,,,,,,,2021-11
2021-11-03,3033,威健,電子工業,觸發,等待後觸發,19.98,77.0,3.0,47,3.8,0.6,,,20.2,1.0,2.8,0.4,,,2021-11
2021-11-03,2823,中壽,金融保險,移出,掉出掃描母體,29.05,73.0,,30,,,,,,,,,,,2021-11
2021-11-03,6509,聚和,化學工業,移出,離高點太遠,58.39,96.0,,9,,,,,,,,,,,2021-11
2021-11-03,8155,博智,電子零組件業,移出,突破失敗,120.2,83.0,,2,,,,,,,,,,,2021-11
2021-11-04,3689,湧德,電子零組件業,進榜,準備,41.62,94.0,2.0,0,-16.1,0.1,,,40.9,-1.8,-14.6,0.0,,,2021-11
2021-11-04,8103,瀚荃,電子工業,進榜,準備,46.29,72.0,2.0,0,-5.9,0.1,,,46.3,0.0,-5.9,0.0,,,2021-11
2021-11-04,3675,德微,半導體業,移出,離高點太遠,204.02,97.0,,16,,,,,,,,,,,2021-11
2021-11-04,6531,愛普*,半導體業,移出,離高點太遠,469.13,90.0,,13,,,,,,,,,,,2021-11
2021-11-04,3141,晶宏,半導體業,移出,離高點太遠,199.64,99.0,,13,,,,,,,,,,,2021-11
2021-11-04,4739,康普,化學工業,移出,離高點太遠,132.48,95.0,,10,,,,,,,,,,,2021-11
2021-11-04,6104,創惟,半導體業,移出,掉出掃描母體,121.89,92.0,,7,,,,,,,,,,,2021-11
2021-11-04,8924,大田,其他,移出,突破失敗,112.27,74.0,,3,,,,,,,,,,,2021-11
2021-11-05,1721,三晃,化學工業,進榜,觸發,19.42,96.0,3.0,0,46.3,0.4,,,21.1,8.4,34.9,0.3,,,2021-11
2021-11-05,1721,三晃,化學工業,觸發,進榜即觸發,19.42,96.0,3.0,0,46.3,0.4,,,21.1,8.4,34.9,0.3,,,2021-11
2021-11-05,8046,南電,電子工業,進榜,觸發,485.53,92.0,6.0,0,7.7,0.4,,,478.6,-1.4,9.3,0.3,,,2021-11
2021-11-05,8046,南電,電子工業,觸發,進榜即觸發,485.53,92.0,6.0,0,7.7,0.4,,,478.6,-1.4,9.3,0.3,,,2021-11
2021-11-05,1711,永光,化學工業,進榜,觸發,27.49,91.0,6.0,0,-10.9,0.4,,,28.1,2.2,-12.8,0.3,,,2021-11
2021-11-05,1711,永光,化學工業,觸發,進榜即觸發,27.49,91.0,6.0,0,-10.9,0.4,,,28.1,2.2,-12.8,0.3,,,2021-11
2021-11-05,1727,中華化,化學工業,進榜,準備,48.69,100.0,3.0,0,1.2,0.4,,,50.7,4.1,-2.8,0.3,,,2021-11
2021-11-05,2823,中壽,金融保險,進榜,準備,28.85,70.0,2.0,0,6.2,0.4,,,28.8,0.0,6.2,0.3,,,2021-11
2021-11-05,2476,鉅祥,電子零組件業,移出,晚期未觸發,50.04,87.0,,9,,,,,,,,,,,2021-11
2021-11-05,6170,統振,通信網路業,移出,離高點太遠,35.14,92.0,,8,,,,,,,,,,,2021-11
2021-11-08,1316,上曜,建材營造,進榜,觸發,17.11,86.0,2.0,0,14.6,0.5,,,17.1,-0.3,14.9,0.4,,,2021-11
2021-11-08,1316,上曜,建材營造,觸發,進榜即觸發,17.11,86.0,2.0,0,14.6,0.5,,,17.1,-0.3,14.9,0.4,,,2021-11
2021-11-08,4722,國精化,化學工業,進榜,準備,38.16,80.0,2.0,0,-5.4,0.5,,,38.1,-0.2,-5.2,0.4,,,2021-11
2021-11-08,5522,遠雄,建材營造,進榜,準備,49.18,80.0,2.0,0,-5.6,0.5,,,49.3,0.3,-5.8,0.4,,,2021-11
2021-11-08,5371,中光電,光電業,進榜,準備,55.39,76.0,3.0,0,25.4,0.5,,,55.0,-0.7,26.4,0.4,,,2021-11
2021-11-08,2823,中壽,金融保險,移出,掉出掃描母體,28.85,70.0,,3,,,,,,,,,,,2021-11
2021-11-08,3035,智原,半導體業,移出,離高點太遠,164.37,98.0,,31,,,,,,,,,,,2021-11
2021-11-08,8255,朋程,電機機械,移出,離高點太遠,219.1,95.0,,19,,,,,,,,,,,2021-11
2021-11-08,3016,嘉晶,半導體業,移出,離高點太遠,89.34,81.0,,7,,,,,,,,,,,2021-11
2021-11-08,3689,湧德,電子零組件業,移出,掉出掃描母體,38.37,89.0,,4,,,,,,,,,,,2021-11
2021-11-08,8103,瀚荃,電子工業,移出,掉出掃描母體,45.41,71.0,,4,,,,,,,,,,,2021-11
2021-11-09,2618,長榮航,航運業,進榜,觸發,20.45,83.0,4.0,0,11.8,0.4,,,20.4,-0.2,12.0,0.4,,,2021-11
2021-11-09,2618,長榮航,航運業,觸發,進榜即觸發,20.45,83.0,4.0,0,11.8,0.4,,,20.4,-0.2,12.0,0.4,,,2021-11
2021-11-09,3036,文曄,電子工業,移出,掉出掃描母體,51.05,72.0,,7,,,,,,,,,,,2021-11
2021-11-09,5258,虹堡,電子工業,移出,離高點太遠,26.15,86.0,,19,,,,,,,,,,,2021-11
2021-11-09,5222,全訊,電子工業,移出,離高點太遠,112.09,84.0,,8,,,,,,,,,,,2021-11
2021-11-10,6271,同欣電,半導體業,進榜,觸發,211.1,86.0,6.0,0,1.7,0.5,,,209.6,-0.7,2.4,0.8,,,2021-11
2021-11-10,6271,同欣電,半導體業,觸發,進榜即觸發,211.1,86.0,6.0,0,1.7,0.5,,,209.6,-0.7,2.4,0.8,,,2021-11
2021-11-10,5871,中租-KY,其他,移出,掉出掃描母體,187.58,77.0,,15,,,,,,,,,,,2021-11
2021-11-10,2340,台亞,光電業,移出,離高點太遠,38.3,87.0,,14,,,,,,,,,,,2021-11
2021-11-11,6104,創惟,半導體業,進榜,觸發,146.53,97.0,3.0,0,12.0,0.7,,,148.7,1.5,10.4,0.5,,,2021-11
2021-11-11,6104,創惟,半導體業,觸發,進榜即觸發,146.53,97.0,3.0,0,12.0,0.7,,,148.7,1.5,10.4,0.5,,,2021-11
2021-11-11,3515,華擎,電子工業,進榜,觸發,182.17,86.0,3.0,0,21.1,0.7,,,182.9,0.4,20.5,0.5,,,2021-11
2021-11-11,3515,華擎,電子工業,觸發,進榜即觸發,182.17,86.0,3.0,0,21.1,0.7,,,182.9,0.4,20.5,0.5,,,2021-11
2021-11-11,5222,全訊,電子工業,進榜,準備,129.85,92.0,2.0,0,0.9,0.7,,,132.0,1.7,-0.7,0.5,,,2021-11
2021-11-11,1722,台肥,化學工業,移出,掉出掃描母體,58.19,71.0,,42,,,,,,,,,,,2021-11
2021-11-11,2059,川湖,電子工業,移出,掉出掃描母體,434.42,71.0,,16,,,,,,,,,,,2021-11
2021-11-11,8044,網家,電子商務業,移出,掉出掃描母體,145.74,81.0,,15,,,,,,,,,,,2021-11
2021-11-12,2436,偉詮電,半導體業,進榜,觸發,87.86,89.0,6.0,0,-11.3,0.5,,,90.0,2.4,-13.4,0.4,,,2021-11
2021-11-12,2436,偉詮電,半導體業,觸發,進榜即觸發,87.86,89.0,6.0,0,-11.3,0.5,,,90.0,2.4,-13.4,0.4,,,2021-11
2021-11-12,3122,笙泉,半導體業,進榜,觸發,56.53,89.0,6.0,0,-3.6,0.5,,,57.9,2.5,-5.9,0.4,,,2021-11
2021-11-12,3122,笙泉,半導體業,觸發,進榜即觸發,56.53,89.0,6.0,0,-3.6,0.5,,,57.9,2.5,-5.9,0.4,,,2021-11
2021-11-12,5371,中光電,光電業,觸發,等待後觸發,67.37,84.0,3.0,4,-1.2,0.5,,,69.7,3.5,-4.6,0.4,,,2021-11
2021-11-12,2371,大同,電機機械,移出,掉出掃描母體,31.38,76.0,,30,,,,,,,,,,,2021-11
2021-11-12,8201,無敵,其他電子業,移出,突破失敗,16.8,88.0,,21,,,,,,,,,,,2021-11
2021-11-12,4722,國精化,化學工業,移出,掉出掃描母體,38.03,71.0,,4,,,,,,,,,,,2021-11
2021-11-15,6411,晶焱,半導體業,進榜,觸發,232.27,96.0,5.0,0,-15.7,0.4,,,238.3,2.6,-17.8,0.3,,,2021-11
2021-11-15,6411,晶焱,半導體業,觸發,進榜即觸發,232.27,96.0,5.0,0,-15.7,0.4,,,238.3,2.6,-17.8,0.3,,,2021-11
2021-11-15,8040,九暘,半導體業,進榜,觸發,76.5,89.0,5.0,0,-8.8,0.4,,,77.6,1.4,-10.0,0.3,,,2021-11
2021-11-15,8040,九暘,半導體業,觸發,進榜即觸發,76.5,89.0,5.0,0,-8.8,0.4,,,77.6,1.4,-10.0,0.3,,,2021-11
2021-11-15,3221,台嘉碩,通信網路業,進榜,觸發,31.37,88.0,4.0,0,7.7,0.4,,,34.4,9.7,-1.9,0.3,,,2021-11
2021-11-15,3221,台嘉碩,通信網路業,觸發,進榜即觸發,31.37,88.0,4.0,0,7.7,0.4,,,34.4,9.7,-1.9,0.3,,,2021-11
2021-11-15,6138,茂達,半導體業,進榜,觸發,165.2,83.0,4.0,0,15.3,0.4,,,169.1,2.3,12.6,0.3,,,2021-11
2021-11-15,6138,茂達,半導體業,觸發,進榜即觸發,165.2,83.0,4.0,0,15.3,0.4,,,169.1,2.3,12.6,0.3,,,2021-11
2021-11-15,2484,希華,電子工業,進榜,觸發,31.87,76.0,5.0,0,1.4,0.4,,,32.7,2.5,-1.0,0.3,,,2021-11
2021-11-15,2484,希華,電子工業,觸發,進榜即觸發,31.87,76.0,5.0,0,1.4,0.4,,,32.7,2.5,-1.0,0.3,,,2021-11
2021-11-15,6457,紘康,半導體業,進榜,準備,174.12,74.0,3.0,0,-9.1,0.4,,,173.7,-0.2,-8.8,0.3,,,2021-11
2021-11-15,1229,聯華,食品工業,移出,掉出掃描母體,39.52,71.0,,38,,,,,,,,,,,2021-11
2021-11-15,5522,遠雄,建材營造,移出,掉出掃描母體,49.39,71.0,,7,,,,,,,,,,,2021-11
2021-11-16,3169,亞信,半導體業,進榜,觸發,206.11,94.0,3.0,0,7.3,-0.3,,,193.9,-5.9,14.1,-0.4,,,2021-11
2021-11-16,3169,亞信,半導體業,觸發,進榜即觸發,206.11,94.0,3.0,0,7.3,-0.3,,,193.9,-5.9,14.1,-0.4,,,2021-11
2021-11-16,4925,智微,半導體業,進榜,觸發,302.5,90.0,4.0,0,-28.8,-0.3,,,294.7,-2.6,-26.9,-0.4,,,2021-11
2021-11-16,4925,智微,半導體業,觸發,進榜即觸發,302.5,90.0,4.0,0,-28.8,-0.3,,,294.7,-2.6,-26.9,-0.4,,,2021-11
2021-11-16,3016,嘉晶,半導體業,進榜,觸發,107.28,88.0,4.0,0,14.7,-0.3,,,110.1,2.6,11.8,-0.4,,,2021-11
2021-11-16,3016,嘉晶,半導體業,觸發,進榜即觸發,107.28,88.0,4.0,0,14.7,-0.3,,,110.1,2.6,11.8,-0.4,,,2021-11
2021-11-16,8054,安國,半導體業,進榜,觸發,61.54,85.0,4.0,0,-10.3,-0.3,,,66.3,7.8,-16.8,-0.4,,,2021-11
2021-11-16,8054,安國,半導體業,觸發,進榜即觸發,61.54,85.0,4.0,0,-10.3,-0.3,,,66.3,7.8,-16.8,-0.4,,,2021-11
2021-11-16,8182,加高,電子零組件業,進榜,觸發,44.23,82.0,4.0,0,0.0,-0.3,,,45.5,2.9,-2.8,-0.4,,,2021-11
2021-11-16,8182,加高,電子零組件業,觸發,進榜即觸發,44.23,82.0,4.0,0,0.0,-0.3,,,45.5,2.9,-2.8,-0.4,,,2021-11
2021-11-16,2376,技嘉,電子工業,進榜,準備,108.63,74.0,3.0,0,7.8,-0.3,,,108.2,-0.4,8.2,-0.4,,,2021-11
2021-11-16,3551,世禾,其他電子類,移出,掉出掃描母體,57.46,72.0,,25,,,,,,,,,,,2021-11
2021-11-16,2498,宏達電,通信網路業,移出,離高點太遠,81.22,96.0,,21,,,,,,,,,,,2021-11
2021-11-16,1727,中華化,化學工業,移出,離高點太遠,49.26,100.0,,11,,,,,,,,,,,2021-11
2021-11-16,1721,三晃,化學工業,移出,離高點太遠,22.74,97.0,,11,,,,,,,,,,,2021-11
2021-11-17,6756,威鋒電子,半導體業,進榜,觸發,510.78,94.0,2.0,0,-7.4,-0.2,,,513.5,0.5,-7.9,-0.3,,,2021-11
2021-11-17,6756,威鋒電子,半導體業,觸發,進榜即觸發,510.78,94.0,2.0,0,-7.4,-0.2,,,513.5,0.5,-7.9,-0.3,,,2021-11
2021-11-17,8155,博智,電子零組件業,進榜,準備,131.47,84.0,1.0,0,-2.9,-0.2,,,128.5,-2.2,-0.6,-0.3,,,2021-11
2021-11-17,2883,凱基金,金融保險,進榜,準備,13.81,71.0,1.0,0,-2.4,-0.2,,,13.9,0.9,-3.2,-0.3,,,2021-11
2021-11-17,3033,威健,電子工業,移出,掉出掃描母體,20.92,73.0,,61,,,,,,,,,,,2021-11
2021-11-18,8103,瀚荃,電子工業,進榜,準備,48.13,72.0,2.0,0,-6.3,0.0,,,47.9,-0.6,-5.8,-0.3,,,2021-11
2021-11-18,1711,永光,化學工業,移出,離高點太遠,25.8,82.0,,13,,,,,,,,,,,2021-11
2021-11-18,6411,晶焱,半導體業,移出,突破失敗,212.25,95.0,,3,,,,,,,,,,,2021-11
2021-11-18,3169,亞信,半導體業,移出,突破失敗,188.87,91.0,,2,,,,,,,,,,,2021-11
2021-11-19,2340,台亞,光電業,進榜,觸發,50.62,95.0,5.0,0,7.2,0.0,,,54.7,8.1,-0.8,-0.2,,,2021-11
2021-11-19,2340,台亞,光電業,觸發,進榜即觸發,50.62,95.0,5.0,0,7.2,0.0,,,54.7,8.1,-0.8,-0.2,,,2021-11
2021-11-19,8069,元太,光電業,進榜,觸發,104.55,92.0,5.0,0,22.2,0.0,,,107.2,2.6,19.2,-0.2,,,2021-11
2021-11-19,8069,元太,光電業,觸發,進榜即觸發,104.55,92.0,5.0,0,22.2,0.0,,,107.2,2.6,19.2,-0.2,,,2021-11
2021-11-19,8103,瀚荃,電子工業,移出,掉出掃描母體,48.13,72.0,,1,,,,,,,,,,,2021-11
2021-11-22,4916,事欣科,電腦及週邊設備業,進榜,觸發,36.33,90.0,3.0,0,-18.5,-0.5,,,37.3,2.7,-20.7,-0.5,,,2021-11
2021-11-22,4916,事欣科,電腦及週邊設備業,觸發,進榜即觸發,36.33,90.0,3.0,0,-18.5,-0.5,,,37.3,2.7,-20.7,-0.5,,,2021-11
2021-11-22,3169,亞信,半導體業,進榜,準備,209.48,93.0,3.0,0,8.6,-0.5,,,207.0,-1.2,10.0,-0.5,,,2021-11
2021-11-22,6190,萬泰科,通信網路業,進榜,準備,24.41,71.0,1.0,0,31.7,-0.5,,,25.6,4.7,25.8,-0.5,,,2021-11
2021-11-22,8155,博智,電子零組件業,移出,晚期未觸發,123.54,83.0,,5,,,,,,,,,,,2021-11
2021-11-23,6190,萬泰科,通信網路業,觸發,等待後觸發,26.82,83.0,1.0,1,23.7,0.0,,,28.0,4.3,18.6,0.0,,,2021-11
2021-11-23,6217,中探針,電子零組件業,移出,離高點太遠,46.11,85.0,,29,,,,,,,,,,,2021-11
2021-11-23,3122,笙泉,半導體業,移出,離高點太遠,57.46,85.0,,11,,,,,,,,,,,2021-11
2021-11-23,4916,事欣科,電腦及週邊設備業,移出,突破失敗,32.73,84.0,,1,,,,,,,,,,,2021-11
2021-11-24,6182,合晶,半導體業,進榜,觸發,68.1,78.0,4.0,0,6.0,0.0,,,68.6,0.8,5.2,-0.0,,,2021-11
2021-11-24,6182,合晶,半導體業,觸發,進榜即觸發,68.1,78.0,4.0,0,6.0,0.0,,,68.6,0.8,5.2,-0.0,,,2021-11
2021-11-24,3551,世禾,其他電子類,進榜,準備,60.4,72.0,3.0,0,-5.4,0.0,,,61.4,1.6,-6.9,-0.0,,,2021-11
2021-11-24,3529,力旺,半導體業,移出,掉出掃描母體,2161.81,96.0,,90,,,,,,,,,,,2021-11
2021-11-24,3504,揚明光,光電業,移出,離高點太遠,127.0,87.0,,33,,,,,,,,,,,2021-11
2021-11-24,5351,鈺創,半導體業,移出,離高點太遠,79.03,99.0,,26,,,,,,,,,,,2021-11
2021-11-25,2374,佳能,光電業,進榜,觸發,18.29,88.0,4.0,0,19.9,0.3,,,18.2,-0.6,20.7,0.4,,,2021-11
2021-11-25,2374,佳能,光電業,觸發,進榜即觸發,18.29,88.0,4.0,0,19.9,0.3,,,18.2,-0.6,20.7,0.4,,,2021-11
2021-11-25,2383,台光電,電子工業,進榜,觸發,239.34,86.0,5.0,0,4.3,0.3,,,232.2,-3.0,7.5,0.4,,,2021-11
2021-11-25,2383,台光電,電子工業,觸發,進榜即觸發,239.34,86.0,5.0,0,4.3,0.3,,,232.2,-3.0,7.5,0.4,,,2021-11
2021-11-25,6409,旭隼,其他電子業,移出,掉出掃描母體,1445.18,73.0,,63,,,,,,,,,,,2021-11
2021-11-25,5227,立凱-KY,電子零組件業,移出,離高點太遠,63.86,96.0,,27,,,,,,,,,,,2021-11
2021-11-25,6706,惠特,光電業,移出,掉出掃描母體,187.11,76.0,,23,,,,,,,,,,,2021-11
2021-11-25,2436,偉詮電,半導體業,移出,離高點太遠,82.03,80.0,,13,,,,,,,,,,,2021-11
2021-11-26,6423,億而得,半導體業,進榜,準備,118.91,98.0,1.0,0,4.8,1.4,,,114.3,-3.9,9.1,2.6,,,2021-11
2021-11-26,4721,美琪瑪,化學工業,移出,離高點太遠,133.44,97.0,,32,,,,,,,,,,,2021-11
2021-11-26,5222,全訊,電子工業,移出,掉出掃描母體,132.3,89.0,,15,,,,,,,,,,,2021-11
2021-11-26,8040,九暘,半導體業,移出,離高點太遠,68.54,81.0,,11,,,,,,,,,,,2021-11
2021-11-26,3221,台嘉碩,通信網路業,移出,離高點太遠,30.25,86.0,,11,,,,,,,,,,,2021-11
2021-11-26,4925,智微,半導體業,移出,離高點太遠,261.0,72.0,,10,,,,,,,,,,,2021-11
2021-11-26,6756,威鋒電子,半導體業,移出,離高點太遠,479.14,93.0,,9,,,,,,,,,,,2021-11
2021-11-26,2340,台亞,光電業,移出,離高點太遠,50.89,96.0,,7,,,,,,,,,,,2021-11
2021-11-26,3551,世禾,其他電子類,移出,晚期未觸發,56.65,72.0,,2,,,,,,,,,,,2021-11
2021-11-29,2915,潤泰全,貿易百貨,移出,掉出掃描母體,77.34,86.0,,33,,,,,,,,,,,2021-11
2021-11-29,5371,中光電,光電業,移出,離高點太遠,64.19,84.0,,21,,,,,,,,,,,2021-11
2021-11-29,2618,長榮航,航運業,移出,離高點太遠,19.46,78.0,,20,,,,,,,,,,,2021-11
2021-11-29,8054,安國,半導體業,移出,離高點太遠,57.12,80.0,,13,,,,,,,,,,,2021-11
2021-11-30,4927,泰鼎-KY,電子工業,進榜,準備,95.7,96.0,2.0,0,11.4,1.9,,,92.8,-3.1,14.9,2.1,,,2021-11
2021-11-30,2059,川湖,電子工業,進榜,準備,447.91,73.0,2.0,0,7.4,1.9,,,447.9,0.0,7.4,2.1,,,2021-11
2021-11-30,1229,聯華,食品工業,進榜,準備,38.65,71.0,0.0,0,8.2,1.9,,,38.5,-0.3,8.6,2.1,,,2021-11
2021-11-30,3653,健策,電子工業,觸發,等待後觸發,374.27,87.0,3.0,53,-8.2,1.9,,,371.7,-0.7,-7.6,2.1,,,2021-11
2021-11-30,6457,紘康,半導體業,移出,晚期未觸發,177.97,81.0,,15,,,,,,,,,,,2021-11
2021-11-30,3169,亞信,半導體業,移出,晚期未觸發,206.11,94.0,,8,,,,,,,,,,,2021-11
2021-12-01,1721,三晃,化學工業,進榜,觸發,30.24,99.0,3.0,0,-7.1,1.8,,,32.4,7.2,-13.3,1.9,,,2021-12
2021-12-01,1721,三晃,化學工業,觸發,進榜即觸發,30.24,99.0,3.0,0,-7.1,1.8,,,32.4,7.2,-13.3,1.9,,,2021-12
2021-12-01,8289,泰藝,電子零組件業,進榜,觸發,34.31,94.0,4.0,0,-3.6,1.8,,,33.8,-1.5,-2.1,1.9,,,2021-12
2021-12-01,8289,泰藝,電子零組件業,觸發,進榜即觸發,34.31,94.0,4.0,0,-3.6,1.8,,,33.8,-1.5,-2.1,1.9,,,2021-12
2021-12-01,2883,凱基金,金融保險,移出,掉出掃描母體,13.36,73.0,,14,,,,,,,,,,,2021-12
2021-12-02,5347,世界,半導體業,進榜,觸發,130.46,77.0,4.0,0,-4.2,2.6,,,131.6,0.9,-5.1,2.2,,,2021-12
2021-12-02,5347,世界,半導體業,觸發,進榜即觸發,130.46,77.0,4.0,0,-4.2,2.6,,,131.6,0.9,-5.1,2.2,,,2021-12
2021-12-02,8422,可寧衛,其他,移出,逾期,18.48,83.0,,56,,,,,,,,,,,2021-12
2021-12-02,3305,昇貿,其他電子業,移出,離高點太遠,65.44,91.0,,49,,,,,,,,,,,2021-12
2021-12-03,6265,方土昶,電子通路業,進榜,準備,19.1,95.0,3.0,0,,,,,19.4,1.6,,,,,2021-12
2021-12-03,3363,上詮,通信網路業,進榜,準備,31.34,81.0,3.0,0,,,,,31.6,0.8,,,,,2021-12
2021-12-03,1229,聯華,食品工業,移出,掉出掃描母體,38.45,73.0,,3,,,,,,,,,,,2021-12
2021-12-03,4927,泰鼎-KY,電子工業,移出,離高點太遠,80.84,89.0,,3,,,,,,,,,,,2021-12
2021-12-06,6118,建達,電子通路業,進榜,觸發,32.66,98.0,4.0,0,,,,,35.7,9.4,,,,,2021-12
2021-12-06,6118,建達,電子通路業,觸發,進榜即觸發,32.66,98.0,4.0,0,,,,,35.7,9.4,,,,,2021-12
2021-12-06,2342,茂矽,半導體業,進榜,觸發,50.17,82.0,6.0,0,,,,,50.2,0.0,,,,,2021-12
2021-12-06,2342,茂矽,半導體業,觸發,進榜即觸發,50.17,82.0,6.0,0,,,,,50.2,0.0,,,,,2021-12
2021-12-06,6586,醣基,生技醫療業,進榜,準備,92.8,95.0,2.0,0,,,,,90.6,-2.4,,,,,2021-12
2021-12-06,1708,東鹼,化學工業,進榜,準備,27.94,78.0,3.0,0,,,,,27.9,-0.3,,,,,2021-12
2021-12-06,3363,上詮,通信網路業,觸發,等待後觸發,34.43,87.0,3.0,3,,,,,34.7,0.9,,,,,2021-12
2021-12-06,9945,潤泰新,其他,移出,掉出掃描母體,39.55,87.0,,116,,,,,,,,,,,2021-12
2021-12-06,3583,辛耘,半導體業,移出,掉出掃描母體,73.24,71.0,,34,,,,,,,,,,,2021-12
2021-12-06,8182,加高,電子零組件業,移出,離高點太遠,42.87,75.0,,20,,,,,,,,,,,2021-12
2021-12-06,6190,萬泰科,通信網路業,移出,離高點太遠,27.35,76.0,,14,,,,,,,,,,,2021-12
2021-12-06,8289,泰藝,電子零組件業,移出,離高點太遠,31.7,91.0,,5,,,,,,,,,,,2021-12
2021-12-07,6446,藥華藥,生技醫療業,進榜,準備,230.98,99.0,1.0,0,,,,,234.2,1.4,,,,,2021-12
2021-12-07,6706,惠特,光電業,進榜,準備,196.17,73.0,2.0,0,,,,,200.9,2.4,,,,,2021-12
2021-12-07,1229,聯華,食品工業,進榜,準備,38.51,71.0,0.0,0,,,,,38.8,0.7,,,,,2021-12
2021-12-07,3189,景碩,半導體業,移出,掉出掃描母體,202.46,87.0,,49,,,,,,,,,,,2021-12
2021-12-07,2484,希華,電子工業,移出,離高點太遠,31.66,74.0,,22,,,,,,,,,,,2021-12
2021-12-07,1721,三晃,化學工業,移出,離高點太遠,27.76,99.0,,6,,,,,,,,,,,2021-12
2021-12-08,6792,詠業,通信網路業,進榜,觸發,154.9,90.0,3.0,0,,,,,153.0,-1.3,,,,,2021-12
2021-12-08,6792,詠業,通信網路業,觸發,進榜即觸發,154.9,90.0,3.0,0,,,,,153.0,-1.3,,,,,2021-12
2021-12-08,4755,三福化,化學工業,進榜,觸發,86.39,88.0,2.0,0,,,,,89.0,3.0,,,,,2021-12
2021-12-08,4755,三福化,化學工業,觸發,進榜即觸發,86.39,88.0,2.0,0,,,,,89.0,3.0,,,,,2021-12
2021-12-08,6190,萬泰科,通信網路業,進榜,準備,33.05,90.0,1.0,0,,,,,34.4,4.0,,,,,2021-12
2021-12-08,6706,惠特,光電業,移出,掉出掃描母體,196.17,73.0,,1,,,,,,,,,,,2021-12
2021-12-08,1229,聯華,食品工業,移出,掉出掃描母體,38.51,71.0,,1,,,,,,,,,,,2021-12
2021-12-08,5347,世界,半導體業,移出,掉出掃描母體,128.08,70.0,,6,,,,,,,,,,,2021-12
2021-12-09,2406,國碩,光電業,進榜,準備,27.08,76.0,3.0,0,,,,,27.1,0.2,,,,,2021-12
2021-12-09,6446,藥華藥,生技醫療業,觸發,等待後觸發,260.85,100.0,1.0,2,,,,,269.2,3.2,,,,,2021-12
2021-12-09,2059,川湖,電子工業,移出,掉出掃描母體,457.68,71.0,,9,,,,,,,,,,,2021-12
2021-12-10,2406,國碩,光電業,觸發,等待後觸發,29.77,84.0,3.0,1,,,,,31.9,7.2,,,,,2021-12
2021-12-10,2342,茂矽,半導體業,移出,離高點太遠,44.76,74.0,,4,,,,,,,,,,,2021-12
2021-12-13,8215,明基材,光電業,進榜,觸發,36.55,83.0,4.0,0,,,,,37.0,1.3,,,,,2021-12
2021-12-13,8215,明基材,光電業,觸發,進榜即觸發,36.55,83.0,4.0,0,,,,,37.0,1.3,,,,,2021-12
2021-12-13,2059,川湖,電子工業,進榜,準備,466.05,73.0,2.0,0,,,,,466.0,0.0,,,,,2021-12
2021-12-13,1560,中砂,電機機械,觸發,等待後觸發,91.09,84.0,3.0,45,,,,,92.4,1.4,,,,,2021-12
2021-12-13,6190,萬泰科,通信網路業,觸發,等待後觸發,35.3,93.0,1.0,5,,,,,38.7,9.7,,,,,2021-12
2021-12-13,3363,上詮,通信網路業,移出,離高點太遠,29.33,75.0,,10,,,,,,,,,,,2021-12
2021-12-14,5227,立凱-KY,電子零組件業,進榜,準備,81.17,97.0,2.0,0,,,,,77.1,-5.0,,,,,2021-12
2021-12-14,2823,中壽,金融保險,進榜,準備,30.85,71.0,2.0,0,,,,,30.8,-0.2,,,,,2021-12
2021-12-14,9941,裕融,其他,移出,掉出掃描母體,100.79,72.0,,49,,,,,,,,,,,2021-12
2021-12-14,3701,大眾控,電子工業,移出,離高點太遠,78.43,100.0,,42,,,,,,,,,,,2021-12
2021-12-14,6138,茂達,半導體業,移出,離高點太遠,178.78,90.0,,29,,,,,,,,,,,2021-12
2021-12-14,6423,億而得,半導體業,移出,離高點太遠,138.09,99.0,,18,,,,,,,,,,,2021-12
2021-12-14,6265,方土昶,電子通路業,移出,離高點太遠,17.2,93.0,,11,,,,,,,,,,,2021-12
2021-12-14,6446,藥華藥,生技醫療業,移出,離高點太遠,283.95,100.0,,7,,,,,,,,,,,2021-12
2021-12-14,8215,明基材,光電業,移出,突破失敗,33.07,80.0,,1,,,,,,,,,,,2021-12
2021-12-15,5258,虹堡,電子工業,進榜,觸發,30.91,87.0,3.0,0,,,,,31.8,3.0,,,,,2021-12
2021-12-15,5258,虹堡,電子工業,觸發,進榜即觸發,30.91,87.0,3.0,0,,,,,31.8,3.0,,,,,2021-12
2021-12-15,3687,歐買尬,文化創意業,進榜,觸發,143.21,85.0,3.0,0,,,,,157.4,9.9,,,,,2021-12
2021-12-15,3687,歐買尬,文化創意業,觸發,進榜即觸發,143.21,85.0,3.0,0,,,,,157.4,9.9,,,,,2021-12
2021-12-15,2059,川湖,電子工業,移出,掉出掃描母體,458.61,70.0,,2,,,,,,,,,,,2021-12
2021-12-15,2823,中壽,金融保險,移出,掉出掃描母體,30.85,71.0,,1,,,,,,,,,,,2021-12
2021-12-16,8478,東哥遊艇,其他,進榜,觸發,147.24,98.0,2.0,0,,,,,152.4,3.5,,,,,2021-12
2021-12-16,8478,東哥遊艇,其他,觸發,進榜即觸發,147.24,98.0,2.0,0,,,,,152.4,3.5,,,,,2021-12
2021-12-16,3035,智原,半導體業,進榜,觸發,197.52,97.0,6.0,0,,,,,198.9,0.7,,,,,2021-12
2021-12-16,3035,智原,半導體業,觸發,進榜即觸發,197.52,97.0,6.0,0,,,,,198.9,0.7,,,,,2021-12
2021-12-16,3141,晶宏,半導體業,進榜,觸發,269.72,97.0,4.0,0,,,,,263.7,-2.2,,,,,2021-12
2021-12-16,3141,晶宏,半導體業,觸發,進榜即觸發,269.72,97.0,4.0,0,,,,,263.7,-2.2,,,,,2021-12
2021-12-16,8155,博智,電子零組件業,進榜,準備,126.46,77.0,3.0,0,,,,,122.7,-3.0,,,,,2021-12
2021-12-16,6706,惠特,光電業,進榜,準備,203.07,75.0,2.0,0,,,,,198.8,-2.1,,,,,2021-12
2021-12-16,1708,東鹼,化學工業,移出,掉出掃描母體,26.14,73.0,,10,,,,,,,,,,,2021-12
2021-12-17,2883,凱基金,金融保險,進榜,準備,13.73,75.0,1.0,0,,,,,13.7,0.0,,,,,2021-12
2021-12-17,2347,聯強,電子工業,進榜,準備,50.51,73.0,2.0,0,,,,,50.4,-0.2,,,,,2021-12
2021-12-17,6706,惠特,光電業,移出,掉出掃描母體,203.07,75.0,,1,,,,,,,,,,,2021-12
2021-12-17,6118,建達,電子通路業,移出,離高點太遠,40.36,99.0,,11,,,,,,,,,,,2021-12
2021-12-17,6190,萬泰科,通信網路業,移出,離高點太遠,32.55,91.0,,9,,,,,,,,,,,2021-12
2021-12-20,2103,台橡,橡膠工業,進榜,觸發,34.12,72.0,5.0,0,,,,,34.1,0.0,,,,,2021-12
2021-12-20,2103,台橡,橡膠工業,觸發,進榜即觸發,34.12,72.0,5.0,0,,,,,34.1,0.0,,,,,2021-12
2021-12-20,2347,聯強,電子工業,移出,掉出掃描母體,50.51,73.0,,3,,,,,,,,,,,2021-12
2021-12-20,3141,晶宏,半導體業,移出,突破失敗,241.6,96.0,,4,,,,,,,,,,,2021-12
2021-12-21,4927,泰鼎-KY,電子工業,進榜,準備,99.06,94.0,2.0,0,,,,,99.9,0.8,,,,,2021-12
2021-12-21,6182,合晶,半導體業,移出,掉出掃描母體,73.27,76.0,,27,,,,,,,,,,,2021-12
2021-12-22,6111,光聚晶電,文化創意業,進榜,觸發,63.96,90.0,4.0,0,,,,,66.4,3.8,,,,,2021-12
2021-12-22,6111,光聚晶電,文化創意業,觸發,進榜即觸發,63.96,90.0,4.0,0,,,,,66.4,3.8,,,,,2021-12
2021-12-22,2476,鉅祥,電子零組件業,進榜,觸發,58.98,89.0,4.0,0,,,,,60.5,2.5,,,,,2021-12
2021-12-22,2476,鉅祥,電子零組件業,觸發,進榜即觸發,58.98,89.0,4.0,0,,,,,60.5,2.5,,,,,2021-12
2021-12-22,3167,大量,電機機械,進榜,觸發,86.3,86.0,5.0,0,,,,,87.6,1.5,,,,,2021-12
2021-12-22,3167,大量,電機機械,觸發,進榜即觸發,86.3,86.0,5.0,0,,,,,87.6,1.5,,,,,2021-12
2021-12-22,2457,飛宏,電子工業,進榜,觸發,46.03,79.0,5.0,0,,,,,46.7,1.5,,,,,2021-12
2021-12-22,2457,飛宏,電子工業,觸發,進榜即觸發,46.03,79.0,5.0,0,,,,,46.7,1.5,,,,,2021-12
2021-12-22,2103,台橡,橡膠工業,移出,掉出掃描母體,35.06,76.0,,2,,,,,,,,,,,2021-12
2021-12-22,3016,嘉晶,半導體業,移出,離高點太遠,121.15,89.0,,36,,,,,,,,,,,2021-12
2021-12-22,2383,台光電,電子工業,移出,掉出掃描母體,244.67,71.0,,27,,,,,,,,,,,2021-12
2021-12-23,3037,欣興,電子工業,進榜,觸發,214.55,93.0,5.0,0,,,,,215.4,0.4,,,,,2021-12
2021-12-23,3037,欣興,電子工業,觸發,進榜即觸發,214.55,93.0,5.0,0,,,,,215.4,0.4,,,,,2021-12
2021-12-23,3689,湧德,電子零組件業,進榜,觸發,43.42,85.0,2.0,0,,,,,45.5,4.7,,,,,2021-12
2021-12-23,3689,湧德,電子零組件業,觸發,進榜即觸發,43.42,85.0,2.0,0,,,,,45.5,4.7,,,,,2021-12
2021-12-23,3533,嘉澤,電子工業,進榜,觸發,664.36,75.0,5.0,0,,,,,667.9,0.5,,,,,2021-12
2021-12-23,3533,嘉澤,電子工業,觸發,進榜即觸發,664.36,75.0,5.0,0,,,,,667.9,0.5,,,,,2021-12
2021-12-23,6196,帆宣,其他電子業,進榜,準備,140.95,82.0,3.0,0,,,,,140.1,-0.6,,,,,2021-12
2021-12-23,2347,聯強,電子工業,進榜,準備,51.5,74.0,2.0,0,,,,,51.5,0.0,,,,,2021-12
2021-12-23,4927,泰鼎-KY,電子工業,觸發,等待後觸發,108.3,95.0,2.0,2,,,,,108.3,0.0,,,,,2021-12
2021-12-23,6586,醣基,生技醫療業,移出,離高點太遠,84.9,93.0,,17,,,,,,,,,,,2021-12
2021-12-24,6282,康舒,電子零組件業,進榜,觸發,34.72,84.0,4.0,0,,,,,34.7,0.0,,,,,2021-12
2021-12-24,6282,康舒,電子零組件業,觸發,進榜即觸發,34.72,84.0,4.0,0,,,,,34.7,0.0,,,,,2021-12
2021-12-24,3010,華立,電子工業,進榜,準備,79.16,77.0,2.0,0,,,,,80.7,1.9,,,,,2021-12
2021-12-24,3551,世禾,其他電子類,進榜,準備,59.42,74.0,3.0,0,,,,,59.4,0.0,,,,,2021-12
2021-12-24,2059,川湖,電子工業,進榜,準備,472.56,73.0,2.0,0,,,,,471.6,-0.2,,,,,2021-12
2021-12-24,8478,東哥遊艇,其他,移出,離高點太遠,133.9,96.0,,8,,,,,,,,,,,2021-12
2021-12-24,6111,光聚晶電,文化創意業,移出,突破失敗,57.93,84.0,,2,,,,,,,,,,,2021-12
2021-12-27,2340,台亞,光電業,進榜,觸發,71.9,98.0,6.0,0,,,,,70.7,-1.6,,,,,2021-12
2021-12-27,2340,台亞,光電業,觸發,進榜即觸發,71.9,98.0,6.0,0,,,,,70.7,-1.6,,,,,2021-12
2021-12-27,3624,光頡,電子零組件業,進榜,觸發,62.74,95.0,5.0,0,,,,,63.6,1.4,,,,,2021-12
2021-12-27,3624,光頡,電子零組件業,觸發,進榜即觸發,62.74,95.0,5.0,0,,,,,63.6,1.4,,,,,2021-12
2021-12-27,3041,揚智,半導體業,進榜,觸發,71.15,86.0,3.0,0,,,,,72.0,1.2,,,,,2021-12
2021-12-27,3041,揚智,半導體業,觸發,進榜即觸發,71.15,86.0,3.0,0,,,,,72.0,1.2,,,,,2021-12
2021-12-27,3033,威健,電子工業,進榜,觸發,22.7,75.0,4.0,0,,,,,23.0,1.4,,,,,2021-12
2021-12-27,3033,威健,電子工業,觸發,進榜即觸發,22.7,75.0,4.0,0,,,,,23.0,1.4,,,,,2021-12
2021-12-27,3583,辛耘,半導體業,進榜,觸發,78.46,73.0,2.0,0,,,,,79.6,1.5,,,,,2021-12
2021-12-27,3583,辛耘,半導體業,觸發,進榜即觸發,78.46,73.0,2.0,0,,,,,79.6,1.5,,,,,2021-12
2021-12-27,5483,中美晶,半導體業,進榜,準備,188.58,71.0,3.0,0,,,,,189.0,0.2,,,,,2021-12
2021-12-27,5227,立凱-KY,電子零組件業,觸發,等待後觸發,92.64,99.0,2.0,13,,,,,92.8,0.2,,,,,2021-12
2021-12-27,3653,健策,電子工業,移出,掉出掃描母體,343.16,76.0,,80,,,,,,,,,,,2021-12
2021-12-28,1229,聯華,食品工業,進榜,準備,41.81,71.0,0.0,0,,,,,42.2,1.0,,,,,2021-12
2021-12-28,2454,聯發科,半導體業,進榜,準備,861.76,71.0,3.0,0,,,,,865.4,0.4,,,,,2021-12
2021-12-28,5871,中租-KY,其他,進榜,準備,190.1,71.0,1.0,0,,,,,190.1,0.0,,,,,2021-12
2021-12-28,3689,湧德,電子零組件業,移出,突破失敗,39.81,79.0,,5,,,,,,,,,,,2021-12
2021-12-29,6138,茂達,半導體業,進榜,觸發,221.05,93.0,5.0,0,,,,,217.6,-1.6,,,,,2021-12
2021-12-29,6138,茂達,半導體業,觸發,進榜即觸發,221.05,93.0,5.0,0,,,,,217.6,-1.6,,,,,2021-12
2021-12-29,6208,日揚,電子零組件業,進榜,觸發,65.49,84.0,2.0,0,,,,,65.5,0.0,,,,,2021-12
2021-12-29,6208,日揚,電子零組件業,觸發,進榜即觸發,65.49,84.0,2.0,0,,,,,65.5,0.0,,,,,2021-12
2021-12-29,3455,由田,光電業,進榜,觸發,62.81,83.0,2.0,0,,,,,60.9,-3.1,,,,,2021-12
2021-12-29,3455,由田,光電業,觸發,進榜即觸發,62.81,83.0,2.0,0,,,,,60.9,-3.1,,,,,2021-12
2021-12-29,1773,勝一,化學生技醫療,進榜,觸發,107.42,81.0,4.0,0,,,,,107.4,0.0,,,,,2021-12
2021-12-29,1773,勝一,化學生技醫療,觸發,進榜即觸發,107.42,81.0,4.0,0,,,,,107.4,0.0,,,,,2021-12
2021-12-29,5234,達興材料,電子工業,進榜,準備,118.93,88.0,3.0,0,,,,,120.6,1.4,,,,,2021-12
2021-12-29,5222,全訊,電子工業,進榜,準備,132.3,86.0,3.0,0,,,,,132.3,0.0,,,,,2021-12
2021-12-29,3036,文曄,電子工業,進榜,準備,56.16,72.0,2.0,0,,,,,57.9,3.1,,,,,2021-12
2021-12-29,6196,帆宣,其他電子業,觸發,等待後觸發,150.72,89.0,3.0,6,,,,,155.8,3.4,,,,,2021-12
2021-12-29,1229,聯華,食品工業,移出,掉出掃描母體,41.81,71.0,,1,,,,,,,,,,,2021-12
2021-12-29,5871,中租-KY,其他,移出,掉出掃描母體,190.1,71.0,,1,,,,,,,,,,,2021-12
2021-12-29,6282,康舒,電子零組件業,移出,突破失敗,31.85,72.0,,5,,,,,,,,,,,2021-12
2021-12-30,8289,泰藝,電子零組件業,進榜,觸發,34.27,93.0,5.0,0,,,,,,,,,,,2021-12
2021-12-30,8289,泰藝,電子零組件業,觸發,進榜即觸發,34.27,93.0,5.0,0,,,,,,,,,,,2021-12
2021-12-30,1611,中電,電器電纜,進榜,準備,18.1,94.0,2.0,0,,,,,,,,,,,2021-12
2021-12-30,5234,達興材料,電子工業,觸發,等待後觸發,130.83,91.0,3.0,1,,,,,,,,,,,2021-12
2021-12-30,2347,聯強,電子工業,移出,掉出掃描母體,50.66,71.0,,7,,,,,,,,,,,2021-12
2021-12-30,3551,世禾,其他電子類,移出,掉出掃描母體,62.85,75.0,,6,,,,,,,,,,,2021-12
2021-12-30,5483,中美晶,半導體業,移出,掉出掃描母體,190.18,71.0,,3,,,,,,,,,,,2021-12
2021-12-30,3443,創意,半導體業,移出,掉出掃描母體,561.87,74.0,,84,,,,,,,,,,,2021-12
2021-12-30,2340,台亞,光電業,移出,突破失敗,64.38,97.0,,3,,,,,,,,,,,2021-12
