日期,代號,名稱,產業,事件,原因,收盤,RS,底部序,在榜天數,報酬20D,基準20D,報酬60D,基準60D,次日開盤,跳空%,報酬20D開,基準20D開,報酬60D開,基準60D開,月
2019-01-02,4736,泰博,生技醫療業,進榜,觸發,100.51,95.0,4.0,0,-1.4,2.1,-6.8,9.1,100.5,0.0,-1.4,2.2,-6.8,9.0,2019-01
2019-01-02,4736,泰博,生技醫療業,觸發,進榜即觸發,100.51,95.0,4.0,0,-1.4,2.1,-6.8,9.1,100.5,0.0,-1.4,2.2,-6.8,9.0,2019-01
2019-01-02,4536,拓凱,其他,進榜,準備,76.82,94.0,2.0,0,22.3,2.1,32.3,9.1,75.4,-1.8,24.5,2.2,34.7,9.0,2019-01
2019-01-02,1477,聚陽,紡織纖維,進榜,準備,107.42,93.0,3.0,0,8.9,2.1,20.1,9.1,108.0,0.6,8.3,2.2,19.4,9.0,2019-01
2019-01-02,6285,啟碁,通信網路業,進榜,準備,59.45,89.0,1.0,0,-6.8,2.1,-1.2,9.1,58.9,-1.0,-5.9,2.2,-0.2,9.0,2019-01
2019-01-02,2501,國建,建材營造,移出,掉出掃描母體,13.56,91.0,,61,,,,,,,,,,,2019-01
2019-01-03,9910,豐泰,其他,進榜,準備,101.32,89.0,2.0,0,3.1,2.8,22.3,9.1,100.3,-1.0,4.2,3.3,23.6,9.5,2019-01
2019-01-03,8038,長園科,電子零組件業,觸發,等待後觸發,68.37,100.0,2.0,9,-11.5,2.8,-5.4,9.1,66.8,-2.3,-9.4,3.3,-3.2,9.5,2019-01
2019-01-03,4958,臻鼎-KY,電子零組件業,移出,掉出掃描母體,58.45,93.0,,51,,,,,,,,,,,2019-01
2019-01-04,3176,基亞,生技醫療業,進榜,準備,52.0,98.0,2.0,0,10.0,3.9,53.8,9.9,53.5,2.9,6.9,3.1,49.5,8.8,2019-01
2019-01-04,3491,昇達科,通信網路業,移出,掉出掃描母體,59.49,77.0,,35,,,,,,,,,,,2019-01
2019-01-04,6176,瑞儀,光電業,移出,掉出掃描母體,62.88,97.0,,22,,,,,,,,,,,2019-01
2019-01-04,3338,泰碩,電子工業,移出,離高點太遠,23.22,98.0,,11,,,,,,,,,,,2019-01
2019-01-07,3324,雙鴻,其他電子類,進榜,準備,84.79,99.0,2.0,0,36.3,3.1,43.8,8.8,85.6,1.0,35.0,2.9,42.4,8.7,2019-01
2019-01-07,4927,泰鼎-KY,電子工業,進榜,準備,25.82,95.0,2.0,0,29.1,3.1,44.7,8.8,25.8,0.0,29.1,2.9,44.7,8.7,2019-01
2019-01-07,3363,上詮,通信網路業,進榜,準備,24.68,91.0,1.0,0,15.8,3.1,65.8,8.8,26.0,5.4,9.8,2.9,57.3,8.7,2019-01
2019-01-07,2834,臺企銀,金融保險,進榜,準備,6.22,82.0,0.0,0,4.2,3.1,12.7,8.8,6.2,0.0,4.2,2.9,12.7,8.7,2019-01
2019-01-08,3163,波若威,通信網路業,進榜,觸發,31.47,95.0,2.0,0,-5.2,3.5,16.6,8.9,32.0,1.7,-6.8,3.0,14.6,8.5,2019-01
2019-01-08,3163,波若威,通信網路業,觸發,進榜即觸發,31.47,95.0,2.0,0,-5.2,3.5,16.6,8.9,32.0,1.7,-6.8,3.0,14.6,8.5,2019-01
2019-01-08,3338,泰碩,電子工業,進榜,準備,27.52,99.0,3.0,0,-3.3,3.5,91.4,8.9,28.0,1.9,-5.1,3.0,87.9,8.5,2019-01
2019-01-08,2308,台達電,電子工業,進榜,準備,118.18,94.0,1.0,0,10.0,3.5,15.3,8.9,118.6,0.4,9.6,3.0,14.9,8.5,2019-01
2019-01-08,3176,基亞,生技醫療業,觸發,等待後觸發,57.2,99.0,2.0,4,8.9,3.5,46.0,8.9,57.8,1.0,7.8,3.0,44.5,8.5,2019-01
2019-01-09,2301,光寶科,電腦及週邊設備業,進榜,觸發,28.07,91.0,1.0,0,5.3,2.8,2.3,7.3,27.7,-1.2,6.5,2.8,3.5,6.9,2019-01
2019-01-09,2301,光寶科,電腦及週邊設備業,觸發,進榜即觸發,28.07,91.0,1.0,0,5.3,2.8,2.3,7.3,27.7,-1.2,6.5,2.8,3.5,6.9,2019-01
2019-01-09,3653,健策,電子工業,進榜,準備,67.05,93.0,3.0,0,17.4,2.8,49.3,7.3,68.4,2.0,15.1,2.8,46.4,6.9,2019-01
2019-01-09,9910,豐泰,其他,觸發,等待後觸發,105.84,89.0,2.0,6,-2.3,2.8,20.9,7.3,101.3,-4.3,2.1,2.8,26.2,6.9,2019-01
2019-01-09,3324,雙鴻,其他電子類,觸發,等待後觸發,97.02,100.0,2.0,2,3.9,2.8,33.9,7.3,95.8,-1.3,5.3,2.8,35.7,6.9,2019-01
2019-01-10,4953,緯致,資訊服務業,進榜,觸發,53.6,99.0,4.0,0,31.9,3.3,47.0,7.7,53.1,-1.0,33.2,3.2,48.4,7.4,2019-01
2019-01-10,4953,緯致,資訊服務業,觸發,進榜即觸發,53.6,99.0,4.0,0,31.9,3.3,47.0,7.7,53.1,-1.0,33.2,3.2,48.4,7.4,2019-01
2019-01-10,6176,瑞儀,光電業,進榜,準備,67.22,98.0,3.0,0,7.5,3.3,16.8,7.7,67.4,0.2,7.2,3.2,16.5,7.4,2019-01
2019-01-10,5234,達興材料,電子工業,進榜,準備,67.9,90.0,2.0,0,4.1,3.3,2.5,7.7,67.9,0.0,4.1,3.2,2.5,7.4,2019-01
2019-01-10,6121,新普,電腦及週邊設備業,進榜,準備,125.02,85.0,3.0,0,9.7,3.3,32.5,7.7,127.1,1.7,7.9,3.2,30.3,7.4,2019-01
2019-01-10,2834,臺企銀,金融保險,觸發,等待後觸發,6.34,80.0,0.0,3,4.2,3.3,10.2,7.7,6.3,0.0,4.2,3.2,10.2,7.4,2019-01
2019-01-10,2308,台達電,電子工業,觸發,等待後觸發,121.96,93.0,1.0,2,6.2,3.3,9.7,7.7,121.1,-0.7,6.9,3.2,10.4,7.4,2019-01
2019-01-10,4728,雙美,生技醫療業,移出,掉出掃描母體,38.7,97.0,,28,,,,,,,,,,,2019-01
2019-01-10,9910,豐泰,其他,移出,掉出掃描母體,105.84,89.0,,7,,,,,,,,,,,2019-01
2019-01-11,2404,漢唐,其他電子業,進榜,準備,60.95,97.0,3.0,0,-1.7,3.7,20.8,8.2,61.1,0.2,-1.9,3.7,20.6,8.0,2019-01
2019-01-11,6285,啟碁,通信網路業,移出,掉出掃描母體,59.23,85.0,,9,,,,,,,,,,,2019-01
2019-01-14,3004,豐達科,鋼鐵工業,進榜,觸發,63.25,97.0,3.0,0,-3.0,4.4,0.2,8.1,63.4,0.2,-3.2,4.2,0.0,8.0,2019-01
2019-01-14,3004,豐達科,鋼鐵工業,觸發,進榜即觸發,63.25,97.0,3.0,0,-3.0,4.4,0.2,8.1,63.4,0.2,-3.2,4.2,0.0,8.0,2019-01
2019-01-14,5269,祥碩,半導體業,進榜,觸發,465.87,80.0,3.0,0,14.6,4.4,5.2,8.1,459.8,-1.3,16.1,4.2,6.6,8.0,2019-01
2019-01-14,5269,祥碩,半導體業,觸發,進榜即觸發,465.87,80.0,3.0,0,14.6,4.4,5.2,8.1,459.8,-1.3,16.1,4.2,6.6,8.0,2019-01
2019-01-14,6558,興能高,其他電子業,進榜,準備,47.54,96.0,1.0,0,43.1,4.4,28.4,8.1,47.6,0.2,42.8,4.2,28.1,8.0,2019-01
2019-01-14,3548,兆利,電子零組件業,觸發,等待後觸發,47.47,97.0,1.0,17,15.3,4.4,9.2,8.1,48.2,1.6,13.5,4.2,7.5,8.0,2019-01
2019-01-14,4927,泰鼎-KY,電子工業,觸發,等待後觸發,28.14,94.0,2.0,7,17.8,4.4,32.7,8.1,28.4,0.8,16.9,4.2,31.7,8.0,2019-01
2019-01-14,2301,光寶科,電腦及週邊設備業,移出,掉出掃描母體,27.85,91.0,,5,,,,,,,,,,,2019-01
2019-01-15,2379,瑞昱,半導體業,進榜,觸發,110.28,93.0,4.0,0,17.5,4.1,36.1,7.8,110.3,0.0,17.5,4.1,36.1,7.5,2019-01
2019-01-15,2379,瑞昱,半導體業,觸發,進榜即觸發,110.28,93.0,4.0,0,17.5,4.1,36.1,7.8,110.3,0.0,17.5,4.1,36.1,7.5,2019-01
2019-01-15,2885,元大金,金融保險,進榜,觸發,9.69,84.0,0.0,0,5.9,4.1,10.8,7.8,9.7,-0.3,6.2,4.1,11.2,7.5,2019-01
2019-01-15,2885,元大金,金融保險,觸發,進榜即觸發,9.69,84.0,0.0,0,5.9,4.1,10.8,7.8,9.7,-0.3,6.2,4.1,11.2,7.5,2019-01
2019-01-15,3454,晶睿,光電業,進榜,準備,83.97,91.0,1.0,0,22.3,4.1,11.7,7.8,85.2,1.5,20.6,4.1,10.0,7.5,2019-01
2019-01-15,2301,光寶科,電腦及週邊設備業,進榜,準備,27.91,89.0,1.0,0,5.7,4.1,3.7,7.8,27.7,-0.7,6.4,4.1,4.4,7.5,2019-01
2019-01-15,2633,台灣高鐵,航運業,進榜,準備,23.94,87.0,1.0,0,-0.3,4.1,20.8,7.8,23.9,0.0,-0.3,4.1,20.8,7.5,2019-01
2019-01-15,5876,上海商銀,金融保險,進榜,準備,29.91,85.0,0.0,0,10.3,4.1,11.9,7.8,30.1,0.7,9.5,4.1,11.1,7.5,2019-01
2019-01-15,9910,豐泰,其他,進榜,準備,104.77,85.0,2.0,0,-2.3,4.1,23.9,7.8,104.8,0.0,-2.3,4.1,23.9,7.5,2019-01
2019-01-16,3596,智易,通信網路業,進榜,觸發,57.8,96.0,5.0,0,4.4,4.0,7.0,7.6,58.7,1.6,2.7,3.7,5.3,7.2,2019-01
2019-01-16,3596,智易,通信網路業,觸發,進榜即觸發,57.8,96.0,5.0,0,4.4,4.0,7.0,7.6,58.7,1.6,2.7,3.7,5.3,7.2,2019-01
2019-01-16,6245,立端,通信網路業,進榜,準備,33.58,92.0,2.0,0,20.9,4.0,48.6,7.6,33.2,-1.1,22.2,3.7,50.3,7.2,2019-01
2019-01-16,3491,昇達科,通信網路業,進榜,準備,61.64,75.0,1.0,0,2.2,4.0,29.5,7.6,61.0,-1.0,3.3,3.7,30.8,7.2,2019-01
2019-01-16,5288,豐祥-KY,電機機械,觸發,等待後觸發,97.35,98.0,1.0,35,0.7,4.0,14.6,7.6,99.9,2.6,-1.8,3.7,11.6,7.2,2019-01
2019-01-16,2633,台灣高鐵,航運業,移出,掉出掃描母體,23.94,87.0,,1,,,,,,,,,,,2019-01
2019-01-17,4536,拓凱,其他,觸發,等待後觸發,90.43,98.0,2.0,15,12.7,4.3,4.2,6.8,91.1,0.8,11.9,4.1,3.4,6.7,2019-01
2019-01-17,6176,瑞儀,光電業,移出,掉出掃描母體,67.68,98.0,,7,,,,,,,,,,,2019-01
2019-01-18,1704,榮化,化學工業,移出,掉出掃描母體,52.9,80.0,,30,,,,,,,,,,,2019-01
2019-01-21,6278,台表科,光電業,進榜,觸發,29.58,96.0,2.0,0,24.3,3.7,41.0,5.8,29.7,0.4,23.9,3.7,40.5,5.8,2019-01
2019-01-21,6278,台表科,光電業,觸發,進榜即觸發,29.58,96.0,2.0,0,24.3,3.7,41.0,5.8,29.7,0.4,23.9,3.7,40.5,5.8,2019-01
2019-01-21,4942,嘉彰,光電業,進榜,準備,22.53,94.0,2.0,0,2.6,3.7,22.8,5.8,22.5,0.0,2.6,3.7,22.8,5.8,2019-01
2019-01-21,9914,美利達,其他,進榜,準備,122.29,79.0,2.0,0,5.6,3.7,18.0,5.8,122.3,0.0,5.6,3.7,18.0,5.8,2019-01
2019-01-21,3491,昇達科,通信網路業,移出,掉出掃描母體,60.88,71.0,,5,,,,,,,,,,,2019-01
2019-01-21,8038,長園科,電子零組件業,移出,離高點太遠,59.85,99.0,,27,,,,,,,,,,,2019-01
2019-01-21,3163,波若威,通信網路業,移出,掉出掃描母體,30.93,95.0,,13,,,,,,,,,,,2019-01
2019-01-22,5288,豐祥-KY,電機機械,移出,離高點太遠,84.64,96.0,,41,,,,,,,,,,,2019-01
2019-01-22,5234,達興材料,電子工業,移出,離高點太遠,62.66,84.0,,12,,,,,,,,,,,2019-01
2019-01-23,2501,國建,建材營造,進榜,準備,13.66,84.0,1.0,0,5.5,4.3,27.6,6.6,13.7,0.0,5.5,4.2,27.6,6.4,2019-01
2019-01-23,2301,光寶科,電腦及週邊設備業,觸發,等待後觸發,28.59,86.0,1.0,8,-2.3,4.3,-0.9,6.6,28.5,-0.2,-2.0,4.2,-0.7,6.4,2019-01
2019-01-24,5522,遠雄,建材營造,進榜,觸發,20.54,79.0,1.0,0,0.1,4.4,1.2,5.2,20.6,0.4,-0.3,4.1,0.8,4.8,2019-01
2019-01-24,5522,遠雄,建材營造,觸發,進榜即觸發,20.54,79.0,1.0,0,0.1,4.4,1.2,5.2,20.6,0.4,-0.3,4.1,0.8,4.8,2019-01
2019-01-24,1730,花仙子,化學工業,進榜,準備,44.01,88.0,2.0,0,4.6,4.4,16.8,5.2,44.5,1.2,3.4,4.1,15.4,4.8,2019-01
2019-01-24,3211,順達,電腦及週邊設備業,進榜,準備,27.01,87.0,1.0,0,6.9,4.4,2.9,5.2,27.0,0.0,6.9,4.1,2.9,4.8,2019-01
2019-01-24,3491,昇達科,通信網路業,進榜,準備,60.19,70.0,1.0,0,3.7,4.4,26.5,5.2,60.6,0.6,3.0,4.1,25.7,4.8,2019-01
2019-01-24,9910,豐泰,其他,移出,掉出掃描母體,102.11,79.0,,9,,,,,,,,,,,2019-01
2019-01-25,2104,國際中橡,橡膠工業,進榜,準備,35.51,78.0,3.0,0,3.4,3.4,-3.0,5.3,35.5,-0.1,3.5,3.2,-2.9,4.9,2019-01
2019-01-25,4958,臻鼎-KY,電子零組件業,進榜,準備,58.67,74.0,3.0,0,10.9,3.4,41.4,5.3,58.1,-1.0,12.0,3.2,42.9,4.9,2019-01
2019-01-25,6245,立端,通信網路業,觸發,等待後觸發,37.96,97.0,2.0,9,8.3,3.4,18.0,5.3,37.8,-0.5,8.9,3.2,18.5,4.9,2019-01
2019-01-25,3211,順達,電腦及週邊設備業,移出,掉出掃描母體,27.01,87.0,,1,,,,,,,,,,,2019-01
2019-01-25,5522,遠雄,建材營造,移出,掉出掃描母體,20.54,79.0,,1,,,,,,,,,,,2019-01
2019-01-28,3630,新鉅科,光電業,進榜,準備,74.55,91.0,3.0,0,40.0,3.0,34.2,4.6,74.5,-0.1,40.2,3.2,34.4,4.8,2019-01
2019-01-28,2633,台灣高鐵,航運業,進榜,準備,23.87,78.0,1.0,0,11.0,3.0,20.7,4.6,23.8,-0.2,11.2,3.2,20.9,4.8,2019-01
2019-01-28,3363,上詮,通信網路業,觸發,等待後觸發,29.21,97.0,1.0,21,3.9,3.0,26.0,4.6,29.1,-0.4,4.3,3.2,26.6,4.8,2019-01
2019-01-28,3491,昇達科,通信網路業,移出,掉出掃描母體,60.42,70.0,,4,,,,,,,,,,,2019-01
2019-01-29,3491,昇達科,通信網路業,進榜,準備,60.65,71.0,1.0,0,0.1,3.5,27.8,3.6,60.8,0.3,-0.1,3.3,27.5,3.5,2019-01
2019-01-29,4958,臻鼎-KY,電子零組件業,移出,掉出掃描母體,58.3,72.0,,4,,,,,,,,,,,2019-01
2019-01-29,3338,泰碩,電子工業,移出,離高點太遠,25.74,99.0,,21,,,,,,,,,,,2019-01
2019-01-30,6176,瑞儀,光電業,進榜,準備,66.38,88.0,3.0,0,8.4,3.4,16.5,2.9,67.2,1.3,7.0,2.9,15.1,2.6,2019-01
2019-01-30,4958,臻鼎-KY,電子零組件業,進榜,準備,58.52,74.0,3.0,0,13.9,3.4,31.6,2.9,59.3,1.3,12.5,2.9,30.0,2.6,2019-01
2019-01-30,4942,嘉彰,光電業,移出,掉出掃描母體,21.85,92.0,,9,,,,,,,,,,,2019-01
2019-02-11,8210,勤誠,電子工業,進榜,觸發,38.18,92.0,1.0,0,14.1,3.2,19.8,1.2,38.2,0.0,14.1,3.1,19.8,1.3,2019-02
2019-02-11,8210,勤誠,電子工業,觸發,進榜即觸發,38.18,92.0,1.0,0,14.1,3.2,19.8,1.2,38.2,0.0,14.1,3.1,19.8,1.3,2019-02
2019-02-11,6462,神盾,半導體業,進榜,準備,155.63,99.0,1.0,0,-2.3,3.2,8.6,1.2,155.6,0.0,-2.3,3.1,8.6,1.3,2019-02
2019-02-11,4942,嘉彰,光電業,進榜,準備,23.49,95.0,2.0,0,12.3,3.2,6.1,1.2,24.2,3.0,9.0,3.1,2.9,1.3,2019-02
2019-02-11,3211,順達,電腦及週邊設備業,進榜,準備,27.58,86.0,1.0,0,3.7,3.2,-0.6,1.2,27.8,0.8,2.9,3.1,-1.4,1.3,2019-02
2019-02-11,2458,義隆,半導體業,觸發,等待後觸發,56.07,96.0,2.0,55,-6.1,3.2,-22.4,1.2,55.7,-0.7,-5.4,3.1,-21.8,1.3,2019-02
2019-02-11,6558,興能高,其他電子業,觸發,等待後觸發,52.91,98.0,1.0,28,21.2,3.2,3.9,1.2,53.6,1.2,19.7,3.1,2.6,1.3,2019-02
2019-02-11,3454,晶睿,光電業,觸發,等待後觸發,90.49,90.0,1.0,27,11.3,3.2,0.5,1.2,92.9,2.7,8.3,3.1,-2.2,1.3,2019-02
2019-02-12,6266,泰詠,電子零組件業,進榜,觸發,12.74,99.0,4.0,0,0.5,2.5,-6.6,0.8,13.0,1.9,-1.4,2.2,-8.3,0.7,2019-02
2019-02-12,6266,泰詠,電子零組件業,觸發,進榜即觸發,12.74,99.0,4.0,0,0.5,2.5,-6.6,0.8,13.0,1.9,-1.4,2.2,-8.3,0.7,2019-02
2019-02-12,3541,西柏,其他電子類,進榜,準備,56.1,87.0,1.0,0,6.5,2.5,3.1,0.8,58.7,4.7,1.7,2.2,-1.5,0.7,2019-02
2019-02-12,8016,矽創,半導體業,進榜,準備,66.31,85.0,2.0,0,17.8,2.5,14.8,0.8,67.2,1.3,16.3,2.2,13.3,0.7,2019-02
2019-02-12,3034,聯詠,半導體業,進榜,準備,93.11,77.0,3.0,0,9.3,2.5,25.8,0.8,93.1,0.0,9.3,2.2,25.8,0.7,2019-02
2019-02-12,6176,瑞儀,光電業,觸發,等待後觸發,74.23,92.0,3.0,13,0.0,2.5,1.1,0.8,73.9,-0.4,0.4,2.2,1.5,0.7,2019-02
2019-02-12,2633,台灣高鐵,航運業,移出,掉出掃描母體,23.83,80.0,,15,,,,,,,,,,,2019-02
2019-02-13,3037,欣興,電子工業,進榜,準備,20.48,97.0,3.0,0,7.5,2.4,55.6,1.1,20.6,0.4,7.0,2.2,55.0,1.0,2019-02
2019-02-13,8415,大國鋼,鋼鐵工業,進榜,準備,25.47,72.0,3.0,0,-9.4,2.4,-7.9,1.1,25.4,-0.3,-9.2,2.2,-7.7,1.0,2019-02
2019-02-13,2501,國建,建材營造,移出,掉出掃描母體,13.96,82.0,,21,,,,,,,,,,,2019-02
2019-02-13,8016,矽創,半導體業,移出,掉出掃描母體,66.31,85.0,,1,,,,,,,,,,,2019-02
2019-02-14,6104,創惟,半導體業,進榜,觸發,26.77,76.0,1.0,0,-4.5,2.2,-4.5,0.3,26.9,0.5,-5.0,2.1,-5.0,0.4,2019-02
2019-02-14,6104,創惟,半導體業,觸發,進榜即觸發,26.77,76.0,1.0,0,-4.5,2.2,-4.5,0.3,26.9,0.5,-5.0,2.1,-5.0,0.4,2019-02
2019-02-14,1784,訊聯,生技醫療業,進榜,準備,32.94,96.0,3.0,0,-3.3,2.2,-2.1,0.3,35.0,6.3,-9.0,2.1,-7.9,0.4,2019-02
2019-02-14,3533,嘉澤,電子工業,進榜,準備,181.14,79.0,3.0,0,6.0,2.2,-5.3,0.3,182.3,0.7,5.3,2.1,-5.9,0.4,2019-02
2019-02-14,2633,台灣高鐵,航運業,進榜,準備,23.94,77.0,1.0,0,12.6,2.2,30.3,0.3,23.9,0.0,12.6,2.1,30.3,0.4,2019-02
2019-02-14,6147,頎邦,半導體業,進榜,準備,41.9,73.0,3.0,0,2.9,2.2,-1.0,0.3,42.3,1.0,1.9,2.1,-2.0,0.4,2019-02
2019-02-14,3653,健策,電子工業,觸發,等待後觸發,77.7,96.0,3.0,36,19.1,2.2,2.7,0.3,79.7,2.6,16.1,2.1,0.1,0.4,2019-02
2019-02-14,8415,大國鋼,鋼鐵工業,移出,掉出掃描母體,25.47,72.0,,1,,,,,,,,,,,2019-02
2019-02-15,4728,雙美,生技醫療業,進榜,準備,38.63,97.0,3.0,0,27.7,2.4,40.2,0.0,38.9,0.8,26.7,2.0,39.1,-0.3,2019-02
2019-02-15,8016,矽創,半導體業,進榜,準備,65.74,81.0,2.0,0,23.7,2.4,5.7,0.0,66.3,0.9,22.6,2.0,4.8,-0.3,2019-02
2019-02-15,5349,先豐,電子零組件業,進榜,準備,33.9,71.0,3.0,0,-1.2,2.4,-15.8,0.0,34.1,0.6,-1.8,2.0,-16.3,-0.3,2019-02
2019-02-15,2885,元大金,金融保險,移出,掉出掃描母體,10.26,73.0,,31,,,,,,,,,,,2019-02
2019-02-15,3037,欣興,電子工業,移出,晚期未觸發,20.56,96.0,,2,,,,,,,,,,,2019-02
2019-02-15,6462,神盾,半導體業,移出,離高點太遠,140.07,98.0,,4,,,,,,,,,,,2019-02
2019-02-18,3483,力致,電腦及週邊設備業,進榜,觸發,17.33,95.0,4.0,0,15.8,2.3,5.4,-0.5,17.3,0.0,15.8,2.1,5.4,-0.9,2019-02
2019-02-18,3483,力致,電腦及週邊設備業,觸發,進榜即觸發,17.33,95.0,4.0,0,15.8,2.3,5.4,-0.5,17.3,0.0,15.8,2.1,5.4,-0.9,2019-02
2019-02-18,2390,云辰,電子工業,進榜,準備,12.35,87.0,2.0,0,-9.2,2.3,-16.5,-0.5,12.2,-1.1,-8.1,2.1,-15.5,-0.9,2019-02
2019-02-18,1733,五鼎,化學生技醫療,進榜,準備,25.13,86.0,1.0,0,-0.3,2.3,-9.2,-0.5,25.4,1.1,-1.4,2.1,-10.2,-0.9,2019-02
2019-02-18,8213,志超,電子工業,進榜,準備,20.18,85.0,1.0,0,-0.6,2.3,9.2,-0.5,20.4,0.9,-1.5,2.1,8.2,-0.9,2019-02
2019-02-18,3376,新日興,電子零組件業,進榜,準備,71.79,80.0,3.0,0,7.9,2.3,7.9,-0.5,73.2,2.0,5.8,2.1,5.8,-0.9,2019-02
2019-02-18,8016,矽創,半導體業,觸發,等待後觸發,72.08,90.0,2.0,3,10.0,2.3,-8.4,-0.5,71.2,-1.2,11.3,2.1,-7.3,-0.9,2019-02
2019-02-18,6147,頎邦,半導體業,移出,掉出掃描母體,42.2,75.0,,4,,,,,,,,,,,2019-02
2019-02-19,5234,達興材料,電子工業,進榜,觸發,77.52,94.0,3.0,0,-3.7,2.0,-19.2,-0.2,78.2,0.9,-4.6,1.9,-19.9,-0.4,2019-02
2019-02-19,5234,達興材料,電子工業,觸發,進榜即觸發,77.52,94.0,3.0,0,-3.7,2.0,-19.2,-0.2,78.2,0.9,-4.6,1.9,-19.9,-0.4,2019-02
2019-02-19,9921,巨大,其他,進榜,準備,136.32,88.0,1.0,0,20.5,2.0,34.5,-0.2,138.8,1.8,18.4,1.9,32.2,-0.4,2019-02
2019-02-19,3491,昇達科,通信網路業,觸發,等待後觸發,65.41,80.0,1.0,21,-3.2,2.0,7.5,-0.2,65.4,0.0,-3.2,1.9,7.5,-0.4,2019-02
2019-02-19,2834,臺企銀,金融保險,移出,掉出掃描母體,6.61,70.0,,43,,,,,,,,,,,2019-02
2019-02-19,2104,國際中橡,橡膠工業,移出,掉出掃描母體,36.25,72.0,,25,,,,,,,,,,,2019-02
2019-02-19,2633,台灣高鐵,航運業,移出,掉出掃描母體,23.94,73.0,,5,,,,,,,,,,,2019-02
2019-02-19,6104,創惟,半導體業,移出,掉出掃描母體,26.55,75.0,,5,,,,,,,,,,,2019-02
2019-02-19,5349,先豐,電子零組件業,移出,掉出掃描母體,34.0,73.0,,4,,,,,,,,,,,2019-02
2019-02-20,6552,易華電,半導體業,進榜,觸發,111.87,98.0,5.0,0,29.1,1.7,-9.7,-0.5,112.9,0.9,27.9,1.5,-10.5,-0.9,2019-02
2019-02-20,6552,易華電,半導體業,觸發,進榜即觸發,111.87,98.0,5.0,0,29.1,1.7,-9.7,-0.5,112.9,0.9,27.9,1.5,-10.5,-0.9,2019-02
2019-02-20,3611,鼎翰,電腦及週邊設備業,進榜,準備,136.09,76.0,2.0,0,3.2,1.7,3.0,-0.5,136.4,0.2,3.0,1.5,2.8,-0.9,2019-02
2019-02-20,4763,材料*-KY,化學工業,進榜,準備,6.53,74.0,1.0,0,-6.7,1.7,4.9,-0.5,6.5,0.0,-6.7,1.5,4.9,-0.9,2019-02
2019-02-20,5876,上海商銀,金融保險,觸發,等待後觸發,32.06,80.0,0.0,36,2.7,1.7,16.4,-0.5,32.1,0.2,2.5,1.5,16.2,-0.9,2019-02
2019-02-20,3376,新日興,電子零組件業,觸發,等待後觸發,79.21,88.0,3.0,2,-3.1,1.7,2.7,-0.5,78.5,-0.9,-2.3,1.5,3.6,-0.9,2019-02
2019-02-20,8016,矽創,半導體業,移出,掉出掃描母體,69.77,88.0,,5,,,,,,,,,,,2019-02
2019-02-21,5288,豐祥-KY,電機機械,進榜,觸發,102.44,97.0,2.0,0,-8.2,0.7,1.1,-1.4,103.5,1.1,-9.1,0.7,0.0,-1.6,2019-02
2019-02-21,5288,豐祥-KY,電機機械,觸發,進榜即觸發,102.44,97.0,2.0,0,-8.2,0.7,1.1,-1.4,103.5,1.1,-9.1,0.7,0.0,-1.6,2019-02
2019-02-21,4763,材料*-KY,化學工業,移出,掉出掃描母體,6.53,74.0,,1,,,,,,,,,,,2019-02
2019-02-21,1507,永大,電機機械,移出,逾期,54.19,74.0,,56,,,,,,,,,,,2019-02
2019-02-21,4958,臻鼎-KY,電子零組件業,移出,掉出掃描母體,65.34,74.0,,22,,,,,,,,,,,2019-02
2019-02-22,6426,統新,通信網路業,進榜,準備,72.38,100.0,1.0,0,-6.9,1.2,-24.7,-1.2,76.2,5.3,-11.6,0.9,-28.6,-1.7,2019-02
2019-02-22,6111,光聚晶電,文化創意業,進榜,準備,68.75,93.0,3.0,0,-7.2,1.2,-41.3,-1.2,70.1,2.0,-9.0,0.9,-42.4,-1.7,2019-02
2019-02-22,2404,漢唐,其他電子業,觸發,等待後觸發,62.19,92.0,3.0,42,7.5,1.2,37.3,-1.2,63.7,2.5,4.9,0.9,34.0,-1.7,2019-02
2019-02-22,6121,新普,電腦及週邊設備業,移出,掉出掃描母體,137.46,72.0,,43,,,,,,,,,,,2019-02
2019-02-22,4728,雙美,生技醫療業,移出,掉出掃描母體,39.3,96.0,,7,,,,,,,,,,,2019-02
2019-02-22,3611,鼎翰,電腦及週邊設備業,移出,掉出掃描母體,135.26,71.0,,2,,,,,,,,,,,2019-02
2019-02-25,3338,泰碩,電子工業,進榜,準備,29.52,99.0,3.0,0,-1.2,0.9,24.7,-1.6,30.7,4.0,-5.0,0.7,19.9,-1.8,2019-02
2019-02-25,3037,欣興,電子工業,進榜,準備,20.86,87.0,3.0,0,20.8,0.9,14.7,-1.6,20.9,0.2,20.5,0.7,14.4,-1.8,2019-02
2019-02-25,3630,新鉅科,光電業,觸發,等待後觸發,98.12,98.0,3.0,28,2.9,0.9,6.4,-1.6,98.6,0.5,2.4,0.7,5.9,-1.8,2019-02
2019-02-25,4736,泰博,生技醫療業,移出,掉出掃描母體,98.88,75.0,,54,,,,,,,,,,,2019-02
2019-02-25,1784,訊聯,生技醫療業,移出,晚期未觸發,32.33,93.0,,11,,,,,,,,,,,2019-02
2019-02-26,2633,台灣高鐵,航運業,進榜,準備,24.83,73.0,1.0,0,10.6,0.8,27.3,-1.5,24.9,0.2,10.4,0.9,27.1,-1.8,2019-02
2019-02-26,5269,祥碩,半導體業,移出,離高點太遠,488.3,83.0,,43,,,,,,,,,,,2019-02
2019-02-26,3533,嘉澤,電子工業,移出,掉出掃描母體,185.96,73.0,,12,,,,,,,,,,,2019-02
2019-02-26,2390,云辰,電子工業,移出,離高點太遠,11.55,88.0,,8,,,,,,,,,,,2019-02
2019-02-27,2312,金寶,其他電子業,進榜,準備,9.9,78.0,2.0,0,-4.2,1.0,-15.6,-1.6,10.0,0.8,-5.0,0.9,-16.3,-2.0,2019-02
2019-02-27,2885,元大金,金融保險,進榜,準備,10.47,71.0,0.0,0,0.6,1.0,0.3,-1.6,10.5,0.0,0.6,0.9,0.3,-2.0,2019-02
2019-02-27,2633,台灣高鐵,航運業,觸發,等待後觸發,25.45,75.0,1.0,1,9.1,1.0,27.3,-1.6,25.5,0.3,8.8,0.9,26.9,-2.0,2019-02
2019-02-27,1477,聚陽,紡織纖維,移出,逾期,115.42,70.0,,56,,,,,,,,,,,2019-02
2019-03-04,2439,美律,通信網路業,進榜,觸發,119.39,85.0,1.0,0,-6.1,0.6,-15.8,-1.5,119.4,0.0,-6.1,0.8,-15.8,-1.5,2019-03
2019-03-04,2439,美律,通信網路業,觸發,進榜即觸發,119.39,85.0,1.0,0,-6.1,0.6,-15.8,-1.5,119.4,0.0,-6.1,0.8,-15.8,-1.5,2019-03
2019-03-04,3511,矽瑪,電子零組件業,進榜,準備,22.39,79.0,3.0,0,56.3,0.6,22.1,-1.5,22.0,-1.5,58.8,0.8,24.0,-1.5,2019-03
2019-03-04,6282,康舒,電子零組件業,進榜,準備,17.34,76.0,1.0,0,-10.7,0.6,-16.1,-1.5,17.0,-2.2,-8.7,0.8,-14.2,-1.5,2019-03
2019-03-04,6409,旭隼,其他電子業,進榜,準備,440.7,71.0,1.0,0,-0.2,0.6,1.0,-1.5,440.7,0.0,-0.2,0.8,1.0,-1.5,2019-03
2019-03-04,3211,順達,電腦及週邊設備業,觸發,等待後觸發,30.41,86.0,1.0,21,-5.8,0.6,-9.3,-1.5,30.1,-1.1,-4.7,0.8,-8.3,-1.5,2019-03
2019-03-04,3037,欣興,電子工業,觸發,等待後觸發,22.3,94.0,3.0,7,23.0,0.6,9.0,-1.5,21.7,-2.9,26.7,0.8,12.2,-1.5,2019-03
2019-03-04,2885,元大金,金融保險,移出,掉出掃描母體,10.47,71.0,,5,,,,,,,,,,,2019-03
2019-03-04,6230,尼得科超眾,電子工業,移出,掉出掃描母體,127.92,92.0,,77,,,,,,,,,,,2019-03
2019-03-04,3324,雙鴻,其他電子類,移出,離高點太遠,96.18,98.0,,56,,,,,,,,,,,2019-03
2019-03-05,3541,西柏,其他電子類,觸發,等待後觸發,61.4,90.0,1.0,21,5.2,0.9,-0.6,-1.1,62.3,1.5,3.7,0.9,-2.0,-1.2,2019-03
2019-03-05,6282,康舒,電子零組件業,移出,掉出掃描母體,17.34,76.0,,1,,,,,,,,,,,2019-03
2019-03-05,3596,智易,通信網路業,移出,掉出掃描母體,60.52,95.0,,48,,,,,,,,,,,2019-03
2019-03-05,3491,昇達科,通信網路業,移出,掉出掃描母體,61.41,70.0,,35,,,,,,,,,,,2019-03
2019-03-05,6426,統新,通信網路業,移出,離高點太遠,66.38,98.0,,11,,,,,,,,,,,2019-03
2019-03-06,4908,前鼎,通信網路業,進榜,準備,19.85,85.0,2.0,0,0.8,0.8,-14.3,-1.6,19.9,0.4,0.4,0.9,-14.6,-1.8,2019-03
2019-03-07,2885,元大金,金融保險,進榜,觸發,10.56,71.0,0.0,0,0.3,1.7,0.9,-1.3,10.5,-0.3,0.6,1.9,1.1,-1.2,2019-03
2019-03-07,2885,元大金,金融保險,觸發,進榜即觸發,10.56,71.0,0.0,0,0.3,1.7,0.9,-1.3,10.5,-0.3,0.6,1.9,1.1,-1.2,2019-03
2019-03-07,4119,旭富,化學生技醫療,進榜,準備,53.24,79.0,1.0,0,7.5,1.7,6.7,-1.3,54.6,2.5,4.9,1.9,4.1,-1.2,2019-03
2019-03-07,1507,永大,電機機械,進榜,準備,54.19,76.0,1.0,0,7.7,1.7,13.1,-1.3,54.1,-0.2,7.9,1.9,13.3,-1.2,2019-03
2019-03-07,3541,西柏,其他電子類,移出,掉出掃描母體,59.37,86.0,,23,,,,,,,,,,,2019-03
2019-03-07,3338,泰碩,電子工業,移出,掉出掃描母體,27.56,99.0,,10,,,,,,,,,,,2019-03
2019-03-08,3169,亞信,半導體業,進榜,觸發,29.59,94.0,1.0,0,14.0,1.8,18.9,-1.3,30.4,2.7,11.0,1.9,15.7,-1.3,2019-03
2019-03-08,3169,亞信,半導體業,觸發,進榜即觸發,29.59,94.0,1.0,0,14.0,1.8,18.9,-1.3,30.4,2.7,11.0,1.9,15.7,-1.3,2019-03
2019-03-08,6282,康舒,電子零組件業,進榜,準備,17.04,78.0,1.0,0,-3.5,1.8,-14.2,-1.3,16.2,-4.6,1.2,1.9,-10.0,-1.3,2019-03
2019-03-08,2101,南港,橡膠工業,進榜,準備,29.39,76.0,2.0,0,8.4,1.8,18.0,-1.3,29.6,0.7,7.7,1.9,17.2,-1.3,2019-03
2019-03-08,3511,矽瑪,電子零組件業,觸發,等待後觸發,22.95,88.0,3.0,4,47.5,1.8,21.6,-1.3,23.7,3.2,42.9,1.9,17.8,-1.3,2019-03
2019-03-08,1532,勤美,電機機械,移出,掉出掃描母體,25.89,81.0,,93,,,,,,,,,,,2019-03
2019-03-11,4728,雙美,生技醫療業,進榜,觸發,46.08,99.0,4.0,0,15.7,1.9,22.0,-1.7,46.8,1.5,13.9,1.6,20.2,-2.2,2019-03
2019-03-11,4728,雙美,生技醫療業,觸發,進榜即觸發,46.08,99.0,4.0,0,15.7,1.9,22.0,-1.7,46.8,1.5,13.9,1.6,20.2,-2.2,2019-03
2019-03-11,3535,晶彩科,光電業,進榜,觸發,17.67,92.0,4.0,0,85.8,1.9,67.5,-1.7,18.7,6.1,75.1,1.6,57.9,-2.2,2019-03
2019-03-11,3535,晶彩科,光電業,觸發,進榜即觸發,17.67,92.0,4.0,0,85.8,1.9,67.5,-1.7,18.7,6.1,75.1,1.6,57.9,-2.2,2019-03
2019-03-11,3592,瑞鼎,電子工業,進榜,準備,57.66,96.0,1.0,0,3.5,1.9,-4.2,-1.7,57.4,-0.5,4.0,1.6,-3.7,-2.2,2019-03
2019-03-11,1532,勤美,電機機械,進榜,準備,26.56,84.0,2.0,0,-2.9,1.9,-11.4,-1.7,26.8,0.9,-3.8,1.6,-12.2,-2.2,2019-03
2019-03-11,2488,漢平,其他電子業,進榜,準備,24.48,80.0,2.0,0,-0.5,1.9,-6.1,-1.7,24.9,1.9,-2.4,1.6,-7.8,-2.2,2019-03
2019-03-11,2834,臺企銀,金融保險,進榜,準備,6.96,70.0,0.0,0,2.1,1.9,14.3,-1.7,7.0,0.8,1.3,1.6,13.4,-2.2,2019-03
2019-03-11,4908,前鼎,通信網路業,移出,掉出掃描母體,19.89,87.0,,5,,,,,,,,,,,2019-03
2019-03-11,6282,康舒,電子零組件業,移出,掉出掃描母體,17.04,78.0,,3,,,,,,,,,,,2019-03
2019-03-12,4426,利勤,紡織纖維,進榜,觸發,42.39,77.0,1.0,0,42.1,1.3,38.4,-1.6,42.4,0.0,42.1,1.2,38.4,-1.9,2019-03
2019-03-12,4426,利勤,紡織纖維,觸發,進榜即觸發,42.39,77.0,1.0,0,42.1,1.3,38.4,-1.6,42.4,0.0,42.1,1.2,38.4,-1.9,2019-03
2019-03-12,2316,楠梓電,電子工業,進榜,準備,19.39,75.0,1.0,0,3.5,1.3,8.7,-1.6,19.3,-0.5,4.0,1.2,9.2,-1.9,2019-03
2019-03-12,4927,泰鼎-KY,電子工業,移出,離高點太遠,29.79,70.0,,64,,,,,,,,,,,2019-03
2019-03-12,2308,台達電,電子工業,移出,掉出掃描母體,127.85,85.0,,63,,,,,,,,,,,2019-03
2019-03-12,8213,志超,電子工業,移出,掉出掃描母體,19.97,74.0,,22,,,,,,,,,,,2019-03
2019-03-12,6111,光聚晶電,文化創意業,移出,掉出掃描母體,64.91,85.0,,18,,,,,,,,,,,2019-03
2019-03-12,6409,旭隼,其他電子業,移出,掉出掃描母體,443.66,73.0,,8,,,,,,,,,,,2019-03
2019-03-13,2108,南帝,橡膠工業,進榜,觸發,24.45,77.0,1.0,0,-12.2,0.9,-4.5,-1.5,24.6,0.4,-12.6,0.8,-4.9,-1.8,2019-03
2019-03-13,2108,南帝,橡膠工業,觸發,進榜即觸發,24.45,77.0,1.0,0,-12.2,0.9,-4.5,-1.5,24.6,0.4,-12.6,0.8,-4.9,-1.8,2019-03
2019-03-13,2480,敦陽科,資訊服務業,進榜,準備,34.98,93.0,1.0,0,-2.9,0.9,-3.4,-1.5,35.4,1.1,-3.9,0.8,-4.5,-1.8,2019-03
2019-03-13,1477,聚陽,紡織纖維,進榜,準備,122.5,78.0,3.0,0,5.0,0.9,3.0,-1.5,123.4,0.8,4.2,0.8,2.2,-1.8,2019-03
2019-03-13,1808,潤隆,建材營造,進榜,準備,16.61,72.0,2.0,0,4.0,0.9,-4.1,-1.5,16.7,0.8,3.2,0.8,-4.8,-1.8,2019-03
2019-03-14,4564,元翎,電機機械,進榜,準備,46.77,97.0,2.0,0,15.4,1.2,-10.3,-1.5,48.7,4.2,10.7,1.0,-14.0,-1.9,2019-03
2019-03-14,6409,旭隼,其他電子業,進榜,準備,457.73,75.0,1.0,0,-0.8,1.2,-5.3,-1.5,457.0,-0.2,-0.6,1.0,-5.2,-1.9,2019-03
2019-03-14,2383,台光電,電子工業,進榜,準備,77.89,73.0,1.0,0,5.9,1.2,-4.8,-1.5,78.5,0.7,5.2,1.0,-5.5,-1.9,2019-03
2019-03-14,2395,研華,電子工業,進榜,準備,170.96,73.0,3.0,0,-0.8,1.2,4.0,-1.5,170.6,-0.2,-0.6,1.0,4.2,-1.9,2019-03
2019-03-14,9910,豐泰,其他,進榜,準備,114.61,72.0,2.0,0,11.6,1.2,8.8,-1.5,114.6,0.0,11.6,1.0,8.8,-1.9,2019-03
2019-03-14,2834,臺企銀,金融保險,移出,掉出掃描母體,6.99,71.0,,3,,,,,,,,,,,2019-03
2019-03-14,2301,光寶科,電腦及週邊設備業,移出,掉出掃描母體,28.36,71.0,,58,,,,,,,,,,,2019-03
2019-03-14,3454,晶睿,光電業,移出,離高點太遠,92.12,84.0,,58,,,,,,,,,,,2019-03
2019-03-15,3455,由田,光電業,進榜,準備,47.44,92.0,3.0,0,3.8,1.1,-8.7,-1.8,48.4,2.0,1.7,1.0,-10.5,-2.2,2019-03
2019-03-15,6277,宏正,電子工業,進榜,準備,59.17,75.0,1.0,0,-4.3,1.1,-8.6,-1.8,59.7,0.9,-5.1,1.0,-9.5,-2.2,2019-03
2019-03-15,8213,志超,電子工業,進榜,準備,20.46,71.0,1.0,0,17.3,1.1,10.3,-1.8,20.2,-1.1,18.6,1.0,11.5,-2.2,2019-03
2019-03-15,4564,元翎,電機機械,觸發,等待後觸發,51.44,98.0,2.0,1,0.6,1.1,-18.3,-1.8,52.7,2.5,-1.8,1.0,-20.3,-2.2,2019-03
2019-03-15,2383,台光電,電子工業,移出,掉出掃描母體,77.89,73.0,,1,,,,,,,,,,,2019-03
2019-03-18,3023,信邦,電子零組件業,進榜,觸發,76.49,70.0,2.0,0,3.4,1.3,8.5,-2.3,76.6,0.1,3.3,1.2,8.4,-2.5,2019-03
2019-03-18,3023,信邦,電子零組件業,觸發,進榜即觸發,76.49,70.0,2.0,0,3.4,1.3,8.5,-2.3,76.6,0.1,3.3,1.2,8.4,-2.5,2019-03
2019-03-18,6462,神盾,半導體業,進榜,準備,162.71,92.0,1.0,0,21.7,1.3,2.4,-2.3,167.7,3.0,18.1,1.2,-0.6,-2.5,2019-03
2019-03-18,5871,中租-KY,其他,進榜,準備,70.61,75.0,3.0,0,10.8,1.3,1.2,-2.3,70.9,0.4,10.3,1.2,0.8,-2.5,2019-03
2019-03-18,9914,美利達,其他,觸發,等待後觸發,143.14,85.0,2.0,56,-6.4,1.3,2.0,-2.3,142.7,-0.3,-6.2,1.2,2.2,-2.5,2019-03
2019-03-18,3034,聯詠,半導體業,觸發,等待後觸發,109.02,88.0,3.0,34,3.7,1.3,-13.0,-2.3,109.3,0.3,3.4,1.2,-13.2,-2.5,2019-03
2019-03-18,1507,永大,電機機械,觸發,等待後觸發,54.46,74.0,1.0,11,7.5,1.3,13.3,-2.3,54.5,0.0,7.5,1.2,13.3,-2.5,2019-03
2019-03-18,2316,楠梓電,電子工業,觸發,等待後觸發,20.45,82.0,1.0,6,10.8,1.3,1.2,-2.3,20.3,-0.9,11.8,1.2,2.1,-2.5,2019-03
2019-03-18,3455,由田,光電業,觸發,等待後觸發,52.15,95.0,3.0,3,-5.4,1.3,-17.0,-2.3,53.2,2.0,-7.2,1.2,-18.5,-2.5,2019-03
2019-03-18,8213,志超,電子工業,移出,掉出掃描母體,20.46,71.0,,3,,,,,,,,,,,2019-03
2019-03-18,3176,基亞,生技醫療業,移出,離高點太遠,60.0,100.0,,73,,,,,,,,,,,2019-03
2019-03-19,2885,元大金,金融保險,移出,掉出掃描母體,10.62,71.0,,12,,,,,,,,,,,2019-03
2019-03-19,3630,新鉅科,光電業,移出,離高點太遠,92.54,94.0,,50,,,,,,,,,,,2019-03
2019-03-19,3211,順達,電腦及週邊設備業,移出,掉出掃描母體,28.88,81.0,,36,,,,,,,,,,,2019-03
2019-03-19,2108,南帝,橡膠工業,移出,掉出掃描母體,24.55,77.0,,6,,,,,,,,,,,2019-03
2019-03-19,6409,旭隼,其他電子業,移出,掉出掃描母體,454.77,71.0,,5,,,,,,,,,,,2019-03
2019-03-20,3324,雙鴻,其他電子類,進榜,準備,109.68,100.0,2.0,0,16.9,0.4,8.1,-2.4,110.5,0.8,16.0,0.3,7.3,-2.5,2019-03
2019-03-20,3141,晶宏,半導體業,進榜,準備,38.66,76.0,1.0,0,-7.8,0.4,-26.4,-2.4,38.4,-0.8,-7.0,0.3,-25.9,-2.5,2019-03
2019-03-20,5439,高技,電子零組件業,進榜,準備,34.86,73.0,2.0,0,2.6,0.4,-19.1,-2.4,35.2,1.0,1.6,0.3,-19.9,-2.5,2019-03
2019-03-20,2345,智邦,通信網路業,進榜,準備,102.31,70.0,2.0,0,7.1,0.4,1.2,-2.4,101.5,-0.8,8.0,0.3,2.1,-2.5,2019-03
2019-03-20,2312,金寶,其他電子業,移出,掉出掃描母體,10.02,71.0,,21,,,,,,,,,,,2019-03
2019-03-20,1507,永大,電機機械,移出,掉出掃描母體,54.28,71.0,,13,,,,,,,,,,,2019-03
2019-03-20,9910,豐泰,其他,移出,掉出掃描母體,116.47,72.0,,6,,,,,,,,,,,2019-03
2019-03-21,3360,尚立,電子通路業,進榜,準備,19.73,88.0,3.0,0,-12.5,0.4,-22.8,-1.9,20.0,1.3,-13.6,0.2,-23.8,-2.4,2019-03
2019-03-21,2308,台達電,電子工業,進榜,準備,135.0,81.0,1.0,0,-0.3,0.4,-1.6,-1.9,136.3,0.9,-1.2,0.2,-2.5,-2.4,2019-03
2019-03-21,2383,台光電,電子工業,進榜,準備,79.26,75.0,1.0,0,9.7,0.4,-2.3,-1.9,80.1,1.0,8.6,0.2,-3.3,-2.4,2019-03
2019-03-21,2395,研華,電子工業,移出,掉出掃描母體,177.8,74.0,,7,,,,,,,,,,,2019-03
2019-03-21,1730,花仙子,化學工業,移出,逾期,46.52,84.0,,56,,,,,,,,,,,2019-03
2019-03-21,5288,豐祥-KY,電機機械,移出,突破失敗,93.72,89.0,,28,,,,,,,,,,,2019-03
2019-03-21,4119,旭富,化學生技醫療,移出,掉出掃描母體,58.39,77.0,,14,,,,,,,,,,,2019-03
2019-03-21,6277,宏正,電子工業,移出,掉出掃描母體,59.23,73.0,,6,,,,,,,,,,,2019-03
2019-03-22,8213,志超,電子工業,進榜,觸發,23.45,85.0,1.0,0,1.7,0.2,-2.7,-1.7,23.5,0.3,1.5,0.8,-2.9,-1.1,2019-03
2019-03-22,8213,志超,電子工業,觸發,進榜即觸發,23.45,85.0,1.0,0,1.7,0.2,-2.7,-1.7,23.5,0.3,1.5,0.8,-2.9,-1.1,2019-03
2019-03-22,4942,嘉彰,光電業,移出,掉出掃描母體,25.13,71.0,,39,,,,,,,,,,,2019-03
2019-03-25,1507,永大,電機機械,進榜,準備,58.36,78.0,1.0,0,-5.1,0.9,8.7,-0.9,58.4,0.0,-5.1,0.7,8.7,-1.4,2019-03
2019-03-25,4953,緯致,資訊服務業,移出,離高點太遠,74.27,97.0,,74,,,,,,,,,,,2019-03
2019-03-25,1733,五鼎,化學生技醫療,移出,掉出掃描母體,25.09,77.0,,35,,,,,,,,,,,2019-03
2019-03-25,3360,尚立,電子通路業,移出,掉出掃描母體,19.36,87.0,,4,,,,,,,,,,,2019-03
2019-03-25,2383,台光電,電子工業,移出,掉出掃描母體,77.73,72.0,,4,,,,,,,,,,,2019-03
2019-03-26,3147,大綜,資訊服務業,進榜,觸發,31.71,100.0,2.0,0,-17.1,0.4,-31.2,-1.2,31.9,0.6,-17.6,0.4,-31.6,-1.4,2019-03
2019-03-26,3147,大綜,資訊服務業,觸發,進榜即觸發,31.71,100.0,2.0,0,-17.1,0.4,-31.2,-1.2,31.9,0.6,-17.6,0.4,-31.6,-1.4,2019-03
2019-03-26,5519,隆大,建材營造,進榜,準備,7.62,81.0,1.0,0,0.0,0.4,14.1,-1.2,7.7,1.3,-1.3,0.4,12.7,-1.4,2019-03
2019-03-26,4119,旭富,化學生技醫療,進榜,準備,64.98,78.0,1.0,0,-12.3,0.4,-7.0,-1.2,63.4,-2.4,-10.1,0.4,-4.7,-1.4,2019-03
2019-03-26,2308,台達電,電子工業,觸發,等待後觸發,136.26,86.0,1.0,5,0.3,0.4,-2.2,-1.2,134.6,-1.2,1.6,0.4,-0.9,-1.4,2019-03
2019-03-26,2439,美律,通信網路業,移出,掉出掃描母體,112.11,72.0,,22,,,,,,,,,,,2019-03
2019-03-27,2207,和泰車,汽車工業,進榜,準備,293.81,91.0,1.0,0,12.9,0.0,37.4,-1.7,291.0,-0.9,14.0,0.0,38.7,-1.7,2019-03
2019-03-27,5315,光聯,光電業,進榜,準備,14.18,88.0,2.0,0,-9.0,0.0,-18.0,-1.7,13.9,-1.9,-7.2,0.0,-16.4,-1.7,2019-03
2019-03-27,2395,研華,電子工業,進榜,準備,179.17,70.0,2.0,0,-5.0,0.0,0.6,-1.7,177.1,-1.1,-3.9,0.0,1.7,-1.7,2019-03
2019-03-27,3548,兆利,電子零組件業,移出,掉出掃描母體,52.07,89.0,,89,,,,,,,,,,,2019-03
2019-03-27,2488,漢平,其他電子業,移出,掉出掃描母體,24.51,75.0,,16,,,,,,,,,,,2019-03
2019-03-28,4933,友輝,光電業,進榜,準備,20.56,96.0,1.0,0,-12.1,-0.2,-16.8,-1.5,20.9,1.8,-13.6,-0.4,-18.2,-1.8,2019-03
2019-03-28,6121,新普,電腦及週邊設備業,進榜,準備,157.79,81.0,3.0,0,3.1,-0.2,-2.9,-1.5,163.9,3.8,-0.7,-0.4,-6.5,-1.8,2019-03
2019-03-28,1532,勤美,電機機械,移出,掉出掃描母體,27.04,75.0,,17,,,,,,,,,,,2019-03
2019-03-28,2395,研華,電子工業,移出,掉出掃描母體,179.17,70.0,,1,,,,,,,,,,,2019-03
2019-03-28,6558,興能高,其他電子業,移出,離高點太遠,59.04,94.0,,73,,,,,,,,,,,2019-03
2019-03-29,9921,巨大,其他,觸發,等待後觸發,178.51,95.0,1.0,38,7.0,-0.2,12.3,-1.5,178.5,0.0,7.0,-0.4,12.3,-1.8,2019-03
2019-03-29,1808,潤隆,建材營造,移出,掉出掃描母體,17.64,72.0,,16,,,,,,,,,,,2019-03
2019-03-29,1507,永大,電機機械,移出,掉出掃描母體,58.36,76.0,,4,,,,,,,,,,,2019-03
2019-03-29,1515,力山,電機機械,移出,掉出掃描母體,65.57,93.0,,119,,,,,,,,,,,2019-03
2019-03-29,2101,南港,橡膠工業,移出,掉出掃描母體,30.18,70.0,,21,,,,,,,,,,,2019-03
2019-03-29,4119,旭富,化學生技醫療,移出,掉出掃描母體,59.45,71.0,,3,,,,,,,,,,,2019-03
2019-04-01,3338,泰碩,電子工業,進榜,準備,31.26,96.0,3.0,0,60.2,0.0,55.7,-1.4,32.0,2.5,56.3,-0.1,51.8,-1.8,2019-04
2019-04-01,6462,神盾,半導體業,觸發,等待後觸發,175.09,98.0,1.0,14,3.0,0.0,-2.0,-1.4,176.9,1.0,2.0,-0.1,-3.0,-1.8,2019-04
2019-04-01,3592,瑞鼎,電子工業,移出,掉出掃描母體,59.06,91.0,,21,,,,,,,,,,,2019-04
2019-04-01,3004,豐達科,鋼鐵工業,移出,離高點太遠,74.21,96.0,,77,,,,,,,,,,,2019-04
2019-04-01,9914,美利達,其他,移出,掉出掃描母體,137.93,74.0,,70,,,,,,,,,,,2019-04
2019-04-02,8038,長園科,電子零組件業,進榜,準備,69.35,92.0,2.0,0,-13.9,0.0,-25.8,-1.2,69.3,-0.1,-13.8,0.0,-25.7,-1.3,2019-04
2019-04-02,2501,國建,建材營造,進榜,準備,15.97,76.0,1.0,0,9.1,0.0,18.5,-1.2,16.0,0.0,9.1,0.0,18.5,-1.3,2019-04
2019-04-02,5519,隆大,建材營造,移出,掉出掃描母體,8.04,86.0,,7,,,,,,,,,,,2019-04
2019-04-02,3023,信邦,電子零組件業,移出,掉出掃描母體,77.58,72.0,,15,,,,,,,,,,,2019-04
2019-04-03,5288,豐祥-KY,電機機械,進榜,準備,100.98,86.0,3.0,0,5.4,-0.9,-2.2,-1.2,102.4,1.4,3.9,-1.3,-3.5,-1.7,2019-04
2019-04-03,4927,泰鼎-KY,電子工業,進榜,準備,32.92,83.0,3.0,0,11.9,-0.9,21.5,-1.2,33.6,2.0,9.6,-1.3,19.1,-1.7,2019-04
2019-04-08,5340,建榮,電子零組件業,進榜,觸發,35.5,100.0,4.0,0,3.1,-0.9,-3.1,-1.8,36.8,3.6,-0.5,-1.1,-6.5,-2.0,2019-04
2019-04-08,5340,建榮,電子零組件業,觸發,進榜即觸發,35.5,100.0,4.0,0,3.1,-0.9,-3.1,-1.8,36.8,3.6,-0.5,-1.1,-6.5,-2.0,2019-04
2019-04-08,8215,明基材,光電業,進榜,準備,23.66,96.0,2.0,0,-11.1,-0.9,-19.6,-1.8,23.7,0.0,-11.1,-1.1,-19.6,-2.0,2019-04
2019-04-08,4958,臻鼎-KY,電子零組件業,進榜,準備,76.3,88.0,3.0,0,8.7,-0.9,2.9,-1.8,76.3,0.0,8.7,-1.1,2.9,-2.0,2019-04
2019-04-08,6146,耕興,其他電子類,進榜,準備,119.69,79.0,1.0,0,0.3,-0.9,1.1,-1.8,119.7,0.0,0.3,-1.1,1.1,-2.0,2019-04
2019-04-08,2101,南港,橡膠工業,進榜,準備,31.41,70.0,2.0,0,8.2,-0.9,11.6,-1.8,31.3,-0.5,8.7,-1.1,12.2,-2.0,2019-04
2019-04-08,5871,中租-KY,其他,觸發,等待後觸發,78.52,77.0,3.0,21,-1.1,-0.9,-2.2,-1.8,77.9,-0.7,-0.4,-1.1,-1.5,-2.0,2019-04
2019-04-08,3338,泰碩,電子工業,觸發,等待後觸發,37.91,99.0,3.0,7,14.2,-0.9,31.3,-1.8,38.2,0.7,13.4,-1.1,30.3,-2.0,2019-04
2019-04-08,2633,台灣高鐵,航運業,移出,掉出掃描母體,27.34,72.0,,41,,,,,,,,,,,2019-04
2019-04-09,4953,緯致,資訊服務業,進榜,觸發,89.45,99.0,5.0,0,-18.4,-1.4,-27.4,-1.5,89.4,0.0,-18.4,-1.4,-27.4,-1.5,2019-04
2019-04-09,4953,緯致,資訊服務業,觸發,進榜即觸發,89.45,99.0,5.0,0,-18.4,-1.4,-27.4,-1.5,89.4,0.0,-18.4,-1.4,-27.4,-1.5,2019-04
2019-04-09,6426,統新,通信網路業,進榜,準備,72.87,92.0,1.0,0,-14.1,-1.4,1.1,-1.5,74.6,2.4,-16.1,-1.4,-1.2,-1.5,2019-04
2019-04-09,6230,尼得科超眾,電子工業,進榜,準備,132.14,88.0,3.0,0,24.1,-1.4,19.9,-1.5,133.1,0.7,23.2,-1.4,19.0,-1.5,2019-04
2019-04-09,2439,美律,通信網路業,進榜,準備,117.41,79.0,2.0,0,1.4,-1.4,-3.1,-1.5,118.1,0.6,0.8,-1.4,-3.6,-1.5,2019-04
2019-04-09,6643,M31,半導體業,進榜,準備,208.69,72.0,2.0,0,2.3,-1.4,-3.0,-1.5,211.1,1.1,1.1,-1.4,-4.1,-1.5,2019-04
2019-04-09,3363,上詮,通信網路業,移出,離高點太遠,36.27,95.0,,92,,,,,,,,,,,2019-04
2019-04-09,3141,晶宏,半導體業,移出,掉出掃描母體,37.74,71.0,,20,,,,,,,,,,,2019-04
2019-04-09,3147,大綜,資訊服務業,移出,離高點太遠,31.41,100.0,,14,,,,,,,,,,,2019-04
2019-04-10,3176,基亞,生技醫療業,進榜,觸發,74.0,94.0,4.0,0,-2.7,-2.6,7.4,-1.3,81.4,10.0,-11.5,-2.7,-2.3,-1.6,2019-04
2019-04-10,3176,基亞,生技醫療業,觸發,進榜即觸發,74.0,94.0,4.0,0,-2.7,-2.6,7.4,-1.3,81.4,10.0,-11.5,-2.7,-2.3,-1.6,2019-04
2019-04-10,3023,信邦,電子零組件業,進榜,準備,82.23,72.0,2.0,0,5.7,-2.6,11.3,-1.3,82.6,0.5,5.2,-2.7,10.8,-1.6,2019-04
2019-04-10,3044,健鼎,電子工業,進榜,準備,69.59,71.0,1.0,0,-5.3,-2.6,6.3,-1.3,69.6,0.0,-5.3,-2.7,6.3,-1.6,2019-04
2019-04-10,5349,先豐,電子零組件業,進榜,準備,37.4,70.0,2.0,0,-15.0,-2.6,-19.9,-1.3,37.5,0.3,-15.2,-2.7,-20.1,-1.6,2019-04
2019-04-11,6188,廣明,電腦及週邊設備業,進榜,準備,34.52,99.0,2.0,0,7.3,-2.5,-7.8,-1.2,34.9,1.1,6.1,-2.7,-8.9,-1.4,2019-04
2019-04-11,3163,波若威,通信網路業,進榜,準備,33.3,86.0,3.0,0,-17.4,-2.5,-3.7,-1.2,33.4,0.4,-17.7,-2.7,-4.0,-1.4,2019-04
2019-04-11,2390,云辰,電子工業,進榜,準備,15.43,80.0,2.0,0,-28.5,-2.5,-25.2,-1.2,14.7,-4.6,-25.1,-2.7,-21.5,-1.4,2019-04
2019-04-11,1507,永大,電機機械,進榜,準備,58.27,70.0,1.0,0,-0.3,-2.5,5.1,-1.2,58.4,0.2,-0.5,-2.7,5.0,-1.4,2019-04
2019-04-11,2501,國建,建材營造,移出,掉出掃描母體,16.27,71.0,,9,,,,,,,,,,,2019-04
2019-04-11,3023,信邦,電子零組件業,移出,掉出掃描母體,82.23,72.0,,1,,,,,,,,,,,2019-04
2019-04-11,3044,健鼎,電子工業,移出,掉出掃描母體,69.59,71.0,,1,,,,,,,,,,,2019-04
2019-04-11,5234,達興材料,電子工業,移出,掉出掃描母體,75.37,71.0,,51,,,,,,,,,,,2019-04
2019-04-12,6275,元山,其他電子類,進榜,準備,19.08,93.0,2.0,0,-18.1,-3.1,-16.7,-0.9,19.2,0.8,-18.7,-3.7,-17.4,-1.5,2019-04
2019-04-12,9910,豐泰,其他,進榜,準備,123.92,74.0,3.0,0,10.3,-3.1,3.6,-0.9,125.0,0.9,9.4,-3.7,2.8,-1.5,2019-04
2019-04-12,3163,波若威,通信網路業,觸發,等待後觸發,34.11,87.0,3.0,1,-21.1,-3.1,-7.7,-0.9,35.5,4.2,-24.3,-3.7,-11.4,-1.5,2019-04
2019-04-12,4536,拓凱,其他,移出,掉出掃描母體,101.61,92.0,,100,,,,,,,,,,,2019-04
2019-04-12,6552,易華電,半導體業,移出,離高點太遠,129.12,86.0,,51,,,,,,,,,,,2019-04
2019-04-12,3535,晶彩科,光電業,移出,離高點太遠,29.33,99.0,,32,,,,,,,,,,,2019-04
2019-04-12,8215,明基材,光電業,移出,晚期未觸發,21.2,94.0,,4,,,,,,,,,,,2019-04
2019-04-12,5349,先豐,電子零組件業,移出,掉出掃描母體,36.6,70.0,,2,,,,,,,,,,,2019-04
2019-04-15,3293,鈊象,文化創意業,進榜,準備,45.31,96.0,3.0,0,-0.6,-3.6,18.1,-1.2,45.2,-0.2,-0.4,-3.7,18.3,-1.4,2019-04
2019-04-15,4942,嘉彰,光電業,進榜,準備,28.53,85.0,3.0,0,-13.3,-3.6,-16.5,-1.2,28.3,-1.0,-12.5,-3.7,-15.7,-1.4,2019-04
2019-04-15,9802,鈺齊-KY,其他,進榜,準備,47.2,83.0,1.0,0,-7.4,-3.6,13.3,-1.2,47.6,0.7,-8.0,-3.7,12.5,-1.4,2019-04
2019-04-15,2328,廣宇,電子零組件業,進榜,準備,20.17,72.0,1.0,0,-3.4,-3.6,-9.5,-1.2,20.3,0.8,-4.2,-3.7,-10.2,-1.4,2019-04
2019-04-15,3044,健鼎,電子工業,進榜,準備,69.26,72.0,1.0,0,-9.0,-3.6,5.6,-1.2,69.3,0.0,-9.0,-3.7,5.6,-1.4,2019-04
2019-04-15,5349,先豐,電子零組件業,進榜,準備,37.7,71.0,2.0,0,-19.8,-3.6,-24.5,-1.2,38.4,1.9,-21.2,-3.7,-25.9,-1.4,2019-04
2019-04-15,6230,尼得科超眾,電子工業,觸發,等待後觸發,145.72,81.0,3.0,6,7.1,-3.6,12.5,-1.2,149.0,2.3,4.7,-3.7,10.1,-1.4,2019-04
2019-04-15,3324,雙鴻,其他電子類,觸發,等待後觸發,122.76,99.0,2.0,26,-17.5,-3.6,4.8,-1.2,124.4,1.4,-18.6,-3.7,3.4,-1.4,2019-04
2019-04-15,4927,泰鼎-KY,電子工業,觸發,等待後觸發,37.56,92.0,3.0,12,-0.4,-3.6,-1.6,-1.2,37.5,-0.2,-0.2,-3.7,-1.4,-1.4,2019-04
2019-04-15,1507,永大,電機機械,移出,掉出掃描母體,58.45,70.0,,4,,,,,,,,,,,2019-04
2019-04-15,2390,云辰,電子工業,移出,掉出掃描母體,13.92,70.0,,4,,,,,,,,,,,2019-04
2019-04-16,4909,新復興,通信網路業,進榜,準備,22.86,87.0,2.0,0,-22.2,-3.1,-23.9,-1.1,22.9,0.0,-22.2,-3.2,-23.9,-1.4,2019-04
2019-04-16,2501,國建,建材營造,進榜,準備,16.27,72.0,1.0,0,12.5,-3.1,1.8,-1.1,16.3,0.0,12.5,-3.2,1.8,-1.4,2019-04
2019-04-16,5349,先豐,電子零組件業,觸發,等待後觸發,40.3,77.0,2.0,1,-25.4,-3.1,-28.4,-1.1,40.4,0.2,-25.6,-3.2,-28.6,-1.4,2019-04
2019-04-17,3017,奇鋐,電子工業,進榜,準備,36.26,94.0,1.0,0,-8.2,-4.0,-5.2,-1.5,36.5,0.6,-8.7,-4.2,-5.7,-1.7,2019-04
2019-04-17,9910,豐泰,其他,移出,掉出掃描母體,128.97,73.0,,5,,,,,,,,,,,2019-04
2019-04-17,2501,國建,建材營造,移出,掉出掃描母體,16.27,72.0,,1,,,,,,,,,,,2019-04
2019-04-17,2439,美律,通信網路業,移出,掉出掃描母體,114.43,73.0,,8,,,,,,,,,,,2019-04
2019-04-17,5349,先豐,電子零組件業,移出,掉出掃描母體,40.3,77.0,,2,,,,,,,,,,,2019-04
2019-04-18,3551,世禾,其他電子類,進榜,準備,39.78,95.0,1.0,0,-20.7,-3.7,-13.1,-0.4,39.6,-0.4,-20.4,-4.0,-12.8,-0.8,2019-04
2019-04-18,5871,中租-KY,其他,移出,掉出掃描母體,78.22,75.0,,31,,,,,,,,,,,2019-04
2019-04-18,3044,健鼎,電子工業,移出,掉出掃描母體,69.26,71.0,,3,,,,,,,,,,,2019-04
2019-04-18,2458,義隆,半導體業,移出,掉出掃描母體,53.86,77.0,,121,,,,,,,,,,,2019-04
2019-04-18,4564,元翎,電機機械,移出,離高點太遠,50.02,96.0,,35,,,,,,,,,,,2019-04
2019-04-18,8038,長園科,電子零組件業,移出,掉出掃描母體,64.85,83.0,,16,,,,,,,,,,,2019-04
2019-04-18,4953,緯致,資訊服務業,移出,突破失敗,81.05,98.0,,9,,,,,,,,,,,2019-04
2019-04-19,5876,上海商銀,金融保險,移出,掉出掃描母體,33.61,70.0,,94,,,,,,,,,,,2019-04
2019-04-19,3483,力致,電腦及週邊設備業,移出,離高點太遠,29.92,99.0,,60,,,,,,,,,,,2019-04
2019-04-19,1477,聚陽,紡織纖維,移出,掉出掃描母體,131.12,72.0,,37,,,,,,,,,,,2019-04
2019-04-19,2308,台達電,電子工業,移出,掉出掃描母體,135.42,72.0,,29,,,,,,,,,,,2019-04
2019-04-19,6426,統新,通信網路業,移出,掉出掃描母體,68.27,89.0,,10,,,,,,,,,,,2019-04
2019-04-22,3704,合勤控,通信網路業,進榜,觸發,23.42,98.0,2.0,0,-9.5,-3.9,-0.6,-0.7,23.7,1.4,-10.8,-4.0,-2.0,-1.0,2019-04
2019-04-22,3704,合勤控,通信網路業,觸發,進榜即觸發,23.42,98.0,2.0,0,-9.5,-3.9,-0.6,-0.7,23.7,1.4,-10.8,-4.0,-2.0,-1.0,2019-04
2019-04-22,3491,昇達科,通信網路業,進榜,觸發,80.61,80.0,2.0,0,-12.8,-3.9,-10.8,-0.7,81.8,1.4,-14.0,-4.0,-12.0,-1.0,2019-04
2019-04-22,3491,昇達科,通信網路業,觸發,進榜即觸發,80.61,80.0,2.0,0,-12.8,-3.9,-10.8,-0.7,81.8,1.4,-14.0,-4.0,-12.0,-1.0,2019-04
2019-04-22,5871,中租-KY,其他,進榜,準備,77.64,71.0,3.0,0,-10.9,-3.9,4.2,-0.7,77.1,-0.8,-10.3,-4.0,4.9,-1.0,2019-04
2019-04-23,2439,美律,通信網路業,進榜,準備,119.39,75.0,1.0,0,-10.8,-3.7,-10.2,-0.9,121.7,1.9,-12.5,-3.9,-12.0,-1.2,2019-04
2019-04-23,2345,智邦,通信網路業,觸發,等待後觸發,118.93,84.0,2.0,34,-14.7,-3.7,-5.0,-0.9,120.2,1.1,-15.6,-3.9,-6.0,-1.2,2019-04
2019-04-23,5871,中租-KY,其他,移出,掉出掃描母體,77.64,71.0,,1,,,,,,,,,,,2019-04
2019-04-23,3324,雙鴻,其他電子類,移出,離高點太遠,112.21,98.0,,34,,,,,,,,,,,2019-04
2019-04-23,5439,高技,電子零組件業,移出,掉出掃描母體,35.7,76.0,,34,,,,,,,,,,,2019-04
2019-04-23,4933,友輝,光電業,移出,離高點太遠,20.02,88.0,,26,,,,,,,,,,,2019-04
2019-04-24,3049,精金,電子工業,進榜,準備,13.34,99.0,2.0,0,-9.4,-4.2,-1.3,-0.4,13.5,1.3,-10.6,-4.5,-2.6,-0.7,2019-04
2019-04-24,3363,上詮,通信網路業,進榜,準備,42.5,97.0,3.0,0,-20.6,-4.2,-10.6,-0.4,42.3,-0.6,-20.1,-4.5,-10.1,-0.7,2019-04
2019-04-24,9910,豐泰,其他,進榜,準備,129.77,70.0,2.0,0,3.9,-4.2,-4.3,-0.4,129.0,-0.6,4.5,-4.5,-3.7,-0.7,2019-04
2019-04-24,5315,光聯,光電業,移出,掉出掃描母體,13.44,73.0,,28,,,,,,,,,,,2019-04
2019-04-25,8070,長華*,電子工業,進榜,準備,10.95,80.0,1.0,0,-13.4,-4.2,-2.8,-0.4,10.9,-0.3,-13.2,-4.1,-2.5,-0.4,2019-04
2019-04-25,5871,中租-KY,其他,進榜,準備,77.93,72.0,3.0,0,-13.2,-4.2,4.9,-0.4,77.9,0.0,-13.2,-4.1,4.9,-0.4,2019-04
2019-04-25,2101,南港,橡膠工業,移出,掉出掃描母體,33.54,75.0,,17,,,,,,,,,,,2019-04
2019-04-25,6146,耕興,其他電子類,移出,掉出掃描母體,118.72,74.0,,17,,,,,,,,,,,2019-04
2019-04-25,3653,健策,電子工業,移出,離高點太遠,90.12,91.0,,106,,,,,,,,,,,2019-04
2019-04-25,3455,由田,光電業,移出,掉出掃描母體,47.7,75.0,,41,,,,,,,,,,,2019-04
2019-04-26,6158,禾昌,電子零組件業,進榜,觸發,47.31,99.0,4.0,0,-13.7,-3.7,-13.8,0.0,49.3,4.2,-17.2,-3.8,-17.2,0.0,2019-04
2019-04-26,6158,禾昌,電子零組件業,觸發,進榜即觸發,47.31,99.0,4.0,0,-13.7,-3.7,-13.8,0.0,49.3,4.2,-17.2,-3.8,-17.2,0.0,2019-04
2019-04-26,2101,南港,橡膠工業,進榜,準備,34.87,80.0,2.0,0,0.3,-3.7,7.1,0.0,35.3,1.1,-0.8,-3.8,5.9,0.0,2019-04
2019-04-26,2467,志聖,電子工業,進榜,準備,21.79,72.0,3.0,0,-10.2,-3.7,-10.8,0.0,22.2,1.7,-11.7,-3.8,-12.3,0.0,2019-04
2019-04-26,6275,元山,其他電子類,移出,離高點太遠,17.32,77.0,,14,,,,,,,,,,,2019-04
2019-04-26,2439,美律,通信網路業,移出,掉出掃描母體,126.67,74.0,,3,,,,,,,,,,,2019-04
2019-04-29,2501,國建,建材營造,進榜,準備,16.55,73.0,1.0,0,17.0,-3.1,-2.1,0.7,16.5,-0.2,17.3,-3.1,-1.9,0.8,2019-04
2019-04-29,2633,台灣高鐵,航運業,進榜,準備,28.96,71.0,1.0,0,9.2,-3.1,15.2,0.7,29.0,0.0,9.2,-3.1,15.2,0.8,2019-04
2019-04-29,8210,勤誠,電子工業,移出,離高點太遠,48.56,96.0,,77,,,,,,,,,,,2019-04
2019-04-29,6266,泰詠,電子零組件業,移出,掉出掃描母體,13.71,93.0,,76,,,,,,,,,,,2019-04
2019-04-29,3037,欣興,電子工業,移出,離高點太遠,27.62,97.0,,63,,,,,,,,,,,2019-04
2019-04-29,3169,亞信,半導體業,移出,離高點太遠,32.28,88.0,,52,,,,,,,,,,,2019-04
2019-04-29,4728,雙美,生技醫療業,移出,離高點太遠,49.97,96.0,,49,,,,,,,,,,,2019-04
2019-04-29,4426,利勤,紡織纖維,移出,離高點太遠,56.72,93.0,,48,,,,,,,,,,,2019-04
2019-04-29,6462,神盾,半導體業,移出,離高點太遠,176.5,98.0,,42,,,,,,,,,,,2019-04
2019-04-29,3163,波若威,通信網路業,移出,離高點太遠,32.11,82.0,,18,,,,,,,,,,,2019-04
2019-04-29,4909,新復興,通信網路業,移出,掉出掃描母體,19.74,81.0,,13,,,,,,,,,,,2019-04
2019-04-29,3551,世禾,其他電子類,移出,離高點太遠,33.3,85.0,,11,,,,,,,,,,,2019-04
2019-04-29,3704,合勤控,通信網路業,移出,突破失敗,21.38,97.0,,7,,,,,,,,,,,2019-04
2019-04-30,5876,上海商銀,金融保險,進榜,觸發,34.48,70.0,0.0,0,12.9,-3.5,7.6,0.5,34.5,0.0,12.9,-3.7,7.6,0.6,2019-04
2019-04-30,5876,上海商銀,金融保險,觸發,進榜即觸發,34.48,70.0,0.0,0,12.9,-3.5,7.6,0.5,34.5,0.0,12.9,-3.7,7.6,0.6,2019-04
2019-04-30,9914,美利達,其他,進榜,準備,144.34,73.0,2.0,0,-1.9,-3.5,10.8,0.5,143.5,-0.6,-1.4,-3.7,11.5,0.6,2019-04
2019-04-30,2633,台灣高鐵,航運業,移出,掉出掃描母體,28.96,71.0,,1,,,,,,,,,,,2019-04
2019-04-30,3511,矽瑪,電子零組件業,移出,離高點太遠,32.03,97.0,,57,,,,,,,,,,,2019-04
2019-04-30,6121,新普,電腦及週邊設備業,移出,掉出掃描母體,162.65,77.0,,33,,,,,,,,,,,2019-04
2019-04-30,5340,建榮,電子零組件業,移出,離高點太遠,37.28,100.0,,22,,,,,,,,,,,2019-04
2019-05-02,3029,零壹,資訊服務業,進榜,觸發,18.41,88.0,3.0,0,-6.0,-3.5,9.1,0.2,18.4,-0.2,-5.8,-3.6,9.3,0.1,2019-05
2019-05-02,3029,零壹,資訊服務業,觸發,進榜即觸發,18.41,88.0,3.0,0,-6.0,-3.5,9.1,0.2,18.4,-0.2,-5.8,-3.6,9.3,0.1,2019-05
2019-05-02,3217,優群,電子零組件業,進榜,準備,33.92,93.0,3.0,0,-9.4,-3.5,15.5,0.2,34.4,1.5,-10.8,-3.6,13.8,0.1,2019-05
2019-05-02,2501,國建,建材營造,觸發,等待後觸發,17.67,76.0,1.0,3,11.3,-3.5,-8.3,0.2,17.7,0.2,11.1,-3.6,-8.5,0.1,2019-05
2019-05-02,5876,上海商銀,金融保險,移出,掉出掃描母體,34.48,70.0,,2,,,,,,,,,,,2019-05
2019-05-03,8081,致新,半導體業,進榜,準備,56.5,82.0,2.0,0,2.3,-3.2,10.5,0.0,55.8,-1.3,3.7,-2.9,12.0,0.4,2019-05
2019-05-03,2467,志聖,電子工業,移出,掉出掃描母體,21.95,71.0,,7,,,,,,,,,,,2019-05
2019-05-03,9910,豐泰,其他,移出,掉出掃描母體,134.82,77.0,,9,,,,,,,,,,,2019-05
2019-05-06,6245,立端,通信網路業,移出,掉出掃描母體,46.86,92.0,,110,,,,,,,,,,,2019-05
2019-05-06,6643,M31,半導體業,移出,掉出掃描母體,228.27,82.0,,27,,,,,,,,,,,2019-05
2019-05-06,9914,美利達,其他,移出,掉出掃描母體,143.54,73.0,,6,,,,,,,,,,,2019-05
2019-05-07,9910,豐泰,其他,進榜,準備,138.01,82.0,2.0,0,-10.0,-3.2,-9.0,0.1,137.0,-0.8,-9.3,-2.7,-8.3,1.0,2019-05
2019-05-07,3338,泰碩,電子工業,移出,離高點太遠,43.3,99.0,,36,,,,,,,,,,,2019-05
2019-05-08,3083,網龍,文化創意業,進榜,觸發,56.39,74.0,3.0,0,1.1,-2.7,-5.6,0.2,57.3,1.6,-0.5,-2.8,-7.1,0.3,2019-05
2019-05-08,3083,網龍,文化創意業,觸發,進榜即觸發,56.39,74.0,3.0,0,1.1,-2.7,-5.6,0.2,57.3,1.6,-0.5,-2.8,-7.1,0.3,2019-05
2019-05-08,3038,全台,光電業,進榜,準備,10.53,92.0,1.0,0,-2.2,-2.7,17.3,0.2,10.6,0.6,-2.9,-2.8,16.6,0.3,2019-05
2019-05-08,3092,鴻碩,電子零組件業,進榜,準備,37.79,79.0,2.0,0,-2.9,-2.7,0.5,0.2,37.8,0.0,-2.9,-2.8,0.5,0.3,2019-05
2019-05-08,6176,瑞儀,光電業,移出,掉出掃描母體,78.88,72.0,,98,,,,,,,,,,,2019-05
2019-05-08,2480,敦陽科,資訊服務業,移出,逾期,34.72,81.0,,56,,,,,,,,,,,2019-05
2019-05-08,3176,基亞,生技醫療業,移出,離高點太遠,75.3,91.0,,28,,,,,,,,,,,2019-05
2019-05-08,9802,鈺齊-KY,其他,移出,掉出掃描母體,46.23,71.0,,23,,,,,,,,,,,2019-05
2019-05-08,2101,南港,橡膠工業,移出,掉出掃描母體,33.98,71.0,,12,,,,,,,,,,,2019-05
2019-05-09,2467,志聖,電子工業,進榜,準備,22.39,78.0,3.0,0,-11.7,-1.8,-13.8,0.5,22.6,1.1,-12.7,-2.0,-14.8,0.4,2019-05
2019-05-09,5288,豐祥-KY,電機機械,移出,晚期未觸發,103.89,87.0,,36,,,,,,,,,,,2019-05
2019-05-09,4942,嘉彰,光電業,移出,掉出掃描母體,28.01,88.0,,24,,,,,,,,,,,2019-05
2019-05-09,3293,鈊象,文化創意業,移出,晚期未觸發,42.76,95.0,,24,,,,,,,,,,,2019-05
2019-05-09,3049,精金,電子工業,移出,離高點太遠,11.73,98.0,,15,,,,,,,,,,,2019-05
2019-05-09,3363,上詮,通信網路業,移出,掉出掃描母體,36.82,94.0,,15,,,,,,,,,,,2019-05
2019-05-09,3217,優群,電子零組件業,移出,晚期未觸發,34.3,95.0,,7,,,,,,,,,,,2019-05
2019-05-10,3023,信邦,電子零組件業,進榜,準備,88.44,75.0,2.0,0,-3.9,-1.1,17.6,0.0,89.2,0.9,-4.8,-1.1,16.5,0.1,2019-05
2019-05-10,5871,中租-KY,其他,移出,掉出掃描母體,75.88,76.0,,15,,,,,,,,,,,2019-05
2019-05-13,4119,旭富,化學生技醫療,進榜,準備,61.09,74.0,2.0,0,-6.5,0.0,1.5,0.8,60.3,-1.2,-5.3,1.1,2.8,2.0,2019-05
2019-05-13,2316,楠梓電,電子工業,移出,離高點太遠,21.36,88.0,,62,,,,,,,,,,,2019-05
2019-05-13,4958,臻鼎-KY,電子零組件業,移出,晚期未觸發,74.45,79.0,,35,,,,,,,,,,,2019-05
2019-05-13,6188,廣明,電腦及週邊設備業,移出,離高點太遠,35.35,99.0,,32,,,,,,,,,,,2019-05
2019-05-13,8070,長華*,電子工業,移出,掉出掃描母體,10.31,72.0,,18,,,,,,,,,,,2019-05
2019-05-13,2467,志聖,電子工業,移出,掉出掃描母體,21.16,71.0,,4,,,,,,,,,,,2019-05
2019-05-14,9914,美利達,其他,進榜,準備,144.34,89.0,2.0,0,-2.5,0.0,4.7,0.8,145.1,0.6,-3.0,0.0,4.1,0.6,2019-05
2019-05-14,5519,隆大,建材營造,進榜,準備,8.17,87.0,1.0,0,2.5,0.0,0.3,0.8,8.4,2.5,0.0,0.0,-2.1,0.6,2019-05
2019-05-15,3630,新鉅科,光電業,進榜,準備,109.18,97.0,3.0,0,-4.0,-0.3,-6.6,0.9,110.1,0.9,-4.8,-0.5,-7.4,1.0,2019-05
2019-05-15,2449,京元電子,半導體業,進榜,準備,20.28,90.0,1.0,0,-14.6,-0.3,10.8,0.9,20.3,0.0,-14.6,-0.5,10.8,1.0,2019-05
2019-05-15,4536,拓凱,其他,進榜,準備,103.7,87.0,3.0,0,-1.0,-0.3,13.9,0.9,103.0,-0.7,-0.3,-0.5,14.7,1.0,2019-05
2019-05-15,2633,台灣高鐵,航運業,進榜,準備,31.81,78.0,0.0,0,11.6,-0.3,2.9,0.9,31.8,0.0,11.6,-0.5,2.9,1.0,2019-05
2019-05-16,5876,上海商銀,金融保險,進榜,觸發,35.31,74.0,0.0,0,10.2,0.0,-2.4,1.5,35.3,0.0,10.2,-0.0,-2.4,1.3,2019-05
2019-05-16,5876,上海商銀,金融保險,觸發,進榜即觸發,35.31,74.0,0.0,0,10.2,0.0,-2.4,1.5,35.3,0.0,10.2,-0.0,-2.4,1.3,2019-05
2019-05-16,1477,聚陽,紡織纖維,進榜,準備,132.35,71.0,3.0,0,-5.6,0.0,-12.1,1.5,134.5,1.6,-7.1,-0.0,-13.5,1.3,2019-05
2019-05-16,4536,拓凱,其他,移出,掉出掃描母體,103.7,87.0,,1,,,,,,,,,,,2019-05
2019-05-16,6230,尼得科超眾,電子工業,移出,離高點太遠,146.66,82.0,,37,,,,,,,,,,,2019-05
2019-05-16,2328,廣宇,電子零組件業,移出,掉出掃描母體,19.29,78.0,,31,,,,,,,,,,,2019-05
2019-05-16,3017,奇鋐,電子工業,移出,離高點太遠,33.28,96.0,,29,,,,,,,,,,,2019-05
2019-05-16,3491,昇達科,通信網路業,移出,離高點太遠,70.63,72.0,,24,,,,,,,,,,,2019-05
2019-05-16,6158,禾昌,電子零組件業,移出,離高點太遠,41.21,98.0,,20,,,,,,,,,,,2019-05
2019-05-17,2449,京元電子,半導體業,移出,掉出掃描母體,19.98,91.0,,2,,,,,,,,,,,2019-05
2019-05-17,3034,聯詠,半導體業,移出,掉出掃描母體,112.78,83.0,,94,,,,,,,,,,,2019-05
2019-05-17,3376,新日興,電子零組件業,移出,掉出掃描母體,81.34,89.0,,88,,,,,,,,,,,2019-05
2019-05-17,2345,智邦,通信網路業,移出,掉出掃描母體,107.0,80.0,,58,,,,,,,,,,,2019-05
2019-05-17,3038,全台,光電業,移出,掉出掃描母體,9.99,93.0,,9,,,,,,,,,,,2019-05
2019-05-20,8213,志超,電子工業,移出,掉出掃描母體,22.89,87.0,,59,,,,,,,,,,,2019-05
2019-05-21,6486,互動,通信網路業,進榜,準備,34.67,90.0,3.0,0,16.4,0.9,17.7,0.8,34.8,0.3,16.0,0.8,17.3,0.7,2019-05
2019-05-21,4536,拓凱,其他,進榜,準備,102.31,87.0,3.0,0,15.4,0.9,16.9,0.8,102.0,-0.3,15.8,0.8,17.3,0.7,2019-05
2019-05-21,2207,和泰車,汽車工業,觸發,等待後觸發,393.33,99.0,1.0,55,3.6,0.9,-13.8,0.8,389.0,-1.1,4.8,0.8,-12.8,0.7,2019-05
2019-05-21,2379,瑞昱,半導體業,移出,離高點太遠,146.43,88.0,,126,,,,,,,,,,,2019-05
2019-05-22,3290,東浦,電子零組件業,進榜,準備,29.92,90.0,3.0,0,-9.9,1.2,-19.0,1.4,29.8,-0.5,-9.4,1.6,-18.5,1.7,2019-05
2019-05-22,3454,晶睿,光電業,進榜,準備,105.16,77.0,3.0,0,-4.3,1.2,-17.5,1.4,105.6,0.4,-4.6,1.6,-17.8,1.7,2019-05
2019-05-23,1736,喬山,化學生技醫療,進榜,觸發,53.28,98.0,3.0,0,12.5,2.0,48.1,2.3,53.3,0.0,12.5,2.1,48.1,2.3,2019-05
2019-05-23,1736,喬山,化學生技醫療,觸發,進榜即觸發,53.28,98.0,3.0,0,12.5,2.0,48.1,2.3,53.3,0.0,12.5,2.1,48.1,2.3,2019-05
2019-05-23,9802,鈺齊-KY,其他,進榜,準備,46.58,87.0,1.0,0,5.1,2.0,38.5,2.3,46.9,0.6,4.4,2.1,37.7,2.3,2019-05
2019-05-23,2108,南帝,橡膠工業,進榜,準備,23.91,73.0,2.0,0,3.4,2.0,-5.6,2.3,23.9,0.1,3.2,2.1,-5.7,2.3,2019-05
2019-05-23,2404,漢唐,其他電子業,移出,離高點太遠,86.01,98.0,,132,,,,,,,,,,,2019-05
2019-05-23,4927,泰鼎-KY,電子工業,移出,掉出掃描母體,36.05,86.0,,50,,,,,,,,,,,2019-05
2019-05-23,3092,鴻碩,電子零組件業,移出,掉出掃描母體,37.72,82.0,,15,,,,,,,,,,,2019-05
2019-05-23,3083,網龍,文化創意業,移出,突破失敗,51.26,89.0,,15,,,,,,,,,,,2019-05
2019-05-23,4119,旭富,化學生技醫療,移出,掉出掃描母體,59.33,83.0,,10,,,,,,,,,,,2019-05
2019-05-24,2732,六角,觀光事業,進榜,準備,88.65,98.0,3.0,0,26.4,2.2,47.8,2.3,89.4,0.8,25.4,2.1,46.6,2.1,2019-05
2019-05-24,2884,玉山金,金融保險,進榜,準備,14.72,75.0,1.0,0,1.5,2.2,6.3,2.3,14.8,0.4,1.1,2.1,5.9,2.1,2019-05
2019-05-24,2548,華固,建材營造,進榜,準備,38.86,73.0,0.0,0,3.6,2.2,5.5,2.3,39.3,1.2,2.3,2.1,4.2,2.1,2019-05
2019-05-24,2108,南帝,橡膠工業,移出,掉出掃描母體,23.91,73.0,,1,,,,,,,,,,,2019-05
2019-05-27,1730,花仙子,化學工業,進榜,觸發,60.11,97.0,2.0,0,0.3,1.6,-5.1,2.3,60.0,-0.2,0.6,1.5,-4.9,2.1,2019-05
2019-05-27,1730,花仙子,化學工業,觸發,進榜即觸發,60.11,97.0,2.0,0,0.3,1.6,-5.1,2.3,60.0,-0.2,0.6,1.5,-4.9,2.1,2019-05
2019-05-27,8462,柏文,觀光事業,進榜,準備,172.27,97.0,2.0,0,2.4,1.6,2.6,2.3,170.6,-1.0,3.4,1.5,3.7,2.1,2019-05
2019-05-27,2108,南帝,橡膠工業,進榜,準備,23.95,71.0,2.0,0,2.5,1.6,-6.3,2.3,24.0,0.4,2.1,1.5,-6.7,2.1,2019-05
2019-05-27,6278,台表科,光電業,移出,掉出掃描母體,40.7,93.0,,126,,,,,,,,,,,2019-05
2019-05-27,9914,美利達,其他,移出,掉出掃描母體,140.33,85.0,,13,,,,,,,,,,,2019-05
2019-05-28,1201,味全,食品工業,進榜,準備,22.99,85.0,2.0,0,26.2,1.5,-2.9,2.2,22.9,-0.4,26.6,1.8,-2.6,2.4,2019-05
2019-05-28,2101,南港,橡膠工業,進榜,準備,34.82,81.0,2.0,0,-0.4,1.5,9.7,2.2,34.8,0.0,-0.4,1.8,9.7,2.4,2019-05
2019-05-28,6143,振曜,通信網路業,進榜,準備,29.43,81.0,1.0,0,1.2,1.5,-1.5,2.2,29.6,0.7,0.5,1.8,-2.2,2.4,2019-05
2019-05-29,3038,全台,光電業,進榜,準備,10.46,95.0,2.0,0,1.6,1.9,23.0,2.1,10.5,0.0,1.6,1.8,23.0,2.0,2019-05
2019-05-29,4714,永捷,化學工業,進榜,準備,12.6,81.0,2.0,0,-5.6,1.9,-8.3,2.1,12.6,-0.3,-5.3,1.8,-8.0,2.0,2019-05
2019-05-29,8938,明安,其他,進榜,準備,29.32,77.0,2.0,0,-6.3,1.9,-6.6,2.1,29.4,0.4,-6.7,1.8,-7.0,2.0,2019-05
2019-05-29,2108,南帝,橡膠工業,移出,掉出掃描母體,24.28,71.0,,2,,,,,,,,,,,2019-05
2019-05-29,3023,信邦,電子零組件業,移出,掉出掃描母體,82.23,76.0,,19,,,,,,,,,,,2019-05
2019-05-30,5904,寶雅,貿易百貨,進榜,準備,25.52,75.0,1.0,0,17.3,1.5,14.6,1.0,25.4,-0.4,17.8,1.4,15.1,0.9,2019-05
2019-05-30,2884,玉山金,金融保險,觸發,等待後觸發,15.34,79.0,1.0,6,-4.4,1.5,-0.0,1.0,15.3,0.0,-4.4,1.4,-0.0,0.9,2019-05
2019-05-30,4536,拓凱,其他,移出,掉出掃描母體,104.05,90.0,,9,,,,,,,,,,,2019-05
2019-05-31,3169,亞信,半導體業,進榜,準備,35.33,96.0,3.0,0,-5.5,1.5,5.0,0.8,35.2,-0.3,-5.1,1.8,5.3,1.1,2019-05
2019-05-31,6491,晶碩,生技醫療業,進榜,準備,190.95,82.0,2.0,0,-1.8,1.5,-11.5,0.8,187.3,-1.9,0.2,1.8,-9.8,1.1,2019-05
2019-05-31,2454,聯發科,半導體業,進榜,準備,209.3,81.0,2.0,0,1.0,1.5,14.3,0.8,207.6,-0.8,1.8,1.8,15.2,1.1,2019-05
2019-05-31,3044,健鼎,電子工業,進榜,準備,67.57,71.0,3.0,0,10.9,1.5,20.8,0.8,67.2,-0.5,11.5,1.8,21.4,1.1,2019-05
2019-05-31,2385,群光,電子工業,進榜,準備,46.04,70.0,1.0,0,8.4,1.5,23.7,0.8,45.9,-0.4,8.9,1.8,24.2,1.1,2019-05
2019-05-31,2633,台灣高鐵,航運業,觸發,等待後觸發,33.55,85.0,0.0,16,2.9,1.5,-12.8,0.8,33.5,0.0,2.9,1.8,-12.8,1.1,2019-05
2019-05-31,1477,聚陽,紡織纖維,移出,掉出掃描母體,133.28,73.0,,15,,,,,,,,,,,2019-05
2019-06-03,2108,南帝,橡膠工業,進榜,準備,24.42,73.0,2.0,0,0.1,2.0,-7.5,1.5,24.6,0.8,-0.7,2.0,-8.3,1.4,2019-06
2019-06-03,2834,臺企銀,金融保險,進榜,準備,7.69,72.0,0.0,0,1.1,2.0,0.4,1.5,7.7,0.0,1.1,2.0,0.4,1.4,2019-06
2019-06-03,2101,南港,橡膠工業,觸發,等待後觸發,35.42,85.0,2.0,6,-2.1,2.0,7.0,1.5,35.4,0.0,-2.1,2.0,7.0,1.4,2019-06
2019-06-03,3044,健鼎,電子工業,移出,掉出掃描母體,67.57,71.0,,3,,,,,,,,,,,2019-06
2019-06-03,2385,群光,電子工業,移出,掉出掃描母體,46.04,70.0,,3,,,,,,,,,,,2019-06
2019-06-03,9910,豐泰,其他,移出,掉出掃描母體,127.11,78.0,,27,,,,,,,,,,,2019-06
2019-06-04,3029,零壹,資訊服務業,移出,掉出掃描母體,17.15,83.0,,33,,,,,,,,,,,2019-06
2019-06-04,6486,互動,通信網路業,移出,掉出掃描母體,33.63,87.0,,14,,,,,,,,,,,2019-06
2019-06-05,2812,台中銀,金融保險,進榜,觸發,6.85,72.0,0.0,0,-0.4,2.6,2.0,2.2,6.9,0.4,-0.8,2.6,1.6,2.2,2019-06
2019-06-05,2812,台中銀,金融保險,觸發,進榜即觸發,6.85,72.0,0.0,0,-0.4,2.6,2.0,2.2,6.9,0.4,-0.8,2.6,1.6,2.2,2019-06
2019-06-05,4107,邦特,生技醫療業,進榜,準備,86.44,82.0,3.0,0,9.0,2.6,17.5,2.2,86.4,0.0,9.0,2.6,17.5,2.2,2019-06
2019-06-05,2385,群光,電子工業,進榜,準備,46.22,72.0,1.0,0,9.0,2.6,23.2,2.2,46.7,0.9,8.0,2.6,22.1,2.2,2019-06
2019-06-06,4107,邦特,生技醫療業,觸發,等待後觸發,87.17,82.0,3.0,1,9.3,3.2,16.5,2.8,87.5,0.4,8.9,3.0,16.0,2.5,2019-06
2019-06-06,4714,永捷,化學工業,移出,掉出掃描母體,12.26,83.0,,8,,,,,,,,,,,2019-06
2019-06-10,2707,晶華,觀光事業,進榜,觸發,114.2,77.0,1.0,0,7.6,2.7,-1.3,2.6,113.6,-0.6,8.2,2.6,-0.7,2.5,2019-06
2019-06-10,2707,晶華,觀光事業,觸發,進榜即觸發,114.2,77.0,1.0,0,7.6,2.7,-1.3,2.6,113.6,-0.6,8.2,2.6,-0.7,2.5,2019-06
2019-06-10,3704,合勤控,通信網路業,進榜,準備,22.52,98.0,2.0,0,-8.4,2.7,-1.7,2.6,22.6,0.4,-8.8,2.6,-2.1,2.5,2019-06
2019-06-10,4536,拓凱,其他,進榜,準備,105.45,91.0,3.0,0,8.6,2.7,6.2,2.6,105.4,0.0,8.6,2.6,6.2,2.5,2019-06
2019-06-10,4763,材料*-KY,化學工業,進榜,準備,7.57,84.0,1.0,0,-6.4,2.7,-9.4,2.6,7.6,0.3,-6.7,2.6,-9.7,2.5,2019-06
2019-06-10,2108,南帝,橡膠工業,移出,掉出掃描母體,24.82,76.0,,7,,,,,,,,,,,2019-06
2019-06-10,3454,晶睿,光電業,移出,掉出掃描母體,102.72,75.0,,19,,,,,,,,,,,2019-06
2019-06-11,1515,力山,電機機械,進榜,觸發,65.57,84.0,3.0,0,6.4,2.4,5.5,2.6,65.6,0.0,6.4,2.4,5.5,2.6,2019-06
2019-06-11,1515,力山,電機機械,觸發,進榜即觸發,65.57,84.0,3.0,0,6.4,2.4,5.5,2.6,65.6,0.0,6.4,2.4,5.5,2.6,2019-06
2019-06-11,9938,百和,其他,進榜,準備,56.8,89.0,1.0,0,10.8,2.4,5.0,2.6,58.6,3.2,7.4,2.4,1.8,2.6,2019-06
2019-06-11,8938,明安,其他,移出,掉出掃描母體,29.03,74.0,,13,,,,,,,,,,,2019-06
2019-06-11,3038,全台,光電業,移出,掉出掃描母體,10.5,92.0,,13,,,,,,,,,,,2019-06
2019-06-11,3290,東浦,電子零組件業,移出,晚期未觸發,26.92,79.0,,20,,,,,,,,,,,2019-06
2019-06-12,2812,台中銀,金融保險,移出,掉出掃描母體,6.88,70.0,,7,,,,,,,,,,,2019-06
2019-06-14,4728,雙美,生技醫療業,進榜,觸發,62.82,97.0,4.0,0,11.1,2.7,21.0,2.8,63.4,0.9,10.1,2.7,19.9,2.9,2019-06
2019-06-14,4728,雙美,生技醫療業,觸發,進榜即觸發,62.82,97.0,4.0,0,11.1,2.7,21.0,2.8,63.4,0.9,10.1,2.7,19.9,2.9,2019-06
2019-06-14,5469,瀚宇博,電子零組件業,進榜,觸發,23.5,81.0,5.0,0,3.3,2.7,28.8,2.8,23.3,-0.9,4.3,2.7,30.0,2.9,2019-06
2019-06-14,5469,瀚宇博,電子零組件業,觸發,進榜即觸發,23.5,81.0,5.0,0,3.3,2.7,28.8,2.8,23.3,-0.9,4.3,2.7,30.0,2.9,2019-06
2019-06-14,4994,傳奇,資訊服務業,進榜,準備,110.99,98.0,2.0,0,-6.3,2.7,2.9,2.8,112.3,1.2,-7.4,2.7,1.7,2.9,2019-06
2019-06-14,6143,振曜,通信網路業,移出,掉出掃描母體,29.33,72.0,,17,,,,,,,,,,,2019-06
2019-06-14,3169,亞信,半導體業,移出,掉出掃描母體,34.0,89.0,,14,,,,,,,,,,,2019-06
2019-06-14,3704,合勤控,通信網路業,移出,掉出掃描母體,21.38,98.0,,4,,,,,,,,,,,2019-06
2019-06-17,8016,矽創,半導體業,進榜,觸發,80.44,74.0,4.0,0,4.7,2.7,21.7,2.5,81.9,1.8,2.8,2.6,19.6,2.3,2019-06
2019-06-17,8016,矽創,半導體業,觸發,進榜即觸發,80.44,74.0,4.0,0,4.7,2.7,21.7,2.5,81.9,1.8,2.8,2.6,19.6,2.3,2019-06
2019-06-17,9914,美利達,其他,進榜,準備,149.96,83.0,2.0,0,-2.4,2.7,-0.6,2.5,151.6,1.1,-3.4,2.6,-1.6,2.3,2019-06
2019-06-17,1227,佳格,食品工業,進榜,準備,43.34,77.0,1.0,0,2.0,2.7,9.4,2.5,43.4,0.2,1.8,2.6,9.3,2.3,2019-06
2019-06-17,2812,台中銀,金融保險,進榜,準備,6.85,76.0,0.0,0,1.2,2.7,3.3,2.5,6.9,0.4,0.8,2.6,2.9,2.3,2019-06
2019-06-17,6670,復盛應用,其他,進榜,準備,115.03,73.0,2.0,0,9.9,2.7,-0.5,2.5,116.6,1.4,8.4,2.6,-1.8,2.3,2019-06
2019-06-17,1507,永大,電機機械,進榜,準備,61.99,71.0,2.0,0,-0.4,2.7,-3.1,2.5,61.7,-0.4,0.0,2.6,-2.7,2.3,2019-06
2019-06-18,4968,立積,電子工業,進榜,準備,50.95,96.0,1.0,0,30.8,2.9,85.8,2.5,52.0,2.1,28.2,2.6,82.0,2.4,2019-06
2019-06-18,3023,信邦,電子零組件業,進榜,準備,85.34,85.0,2.0,0,10.9,2.9,22.3,2.5,86.1,0.9,9.9,2.6,21.2,2.4,2019-06
2019-06-18,3029,零壹,資訊服務業,進榜,準備,17.72,85.0,3.0,0,15.6,2.9,27.9,2.5,18.0,1.4,14.0,2.6,26.1,2.4,2019-06
2019-06-18,8016,矽創,半導體業,移出,掉出掃描母體,80.44,74.0,,1,,,,,,,,,,,2019-06
2019-06-19,3324,雙鴻,其他電子類,進榜,準備,126.13,97.0,3.0,0,0.3,2.3,18.3,2.1,125.7,-0.3,0.7,2.2,18.7,2.0,2019-06
2019-06-19,2520,冠德,建材營造,進榜,準備,15.8,95.0,1.0,0,-6.3,2.3,1.5,2.1,15.8,-0.2,-6.2,2.2,1.6,2.0,2019-06
2019-06-19,3708,上緯投控,化學工業,進榜,準備,75.02,90.0,2.0,0,-18.5,2.3,-19.8,2.1,74.7,-0.5,-18.1,2.2,-19.5,2.0,2019-06
2019-06-19,9941,裕融,其他,進榜,準備,43.74,77.0,1.0,0,10.5,2.3,13.3,2.1,43.5,-0.4,11.0,2.2,13.8,2.0,2019-06
2019-06-19,4536,拓凱,其他,觸發,等待後觸發,118.02,97.0,3.0,9,3.8,2.3,-5.4,2.1,118.0,0.0,3.8,2.2,-5.4,2.0,2019-06
2019-06-19,1507,永大,電機機械,移出,掉出掃描母體,61.81,71.0,,2,,,,,,,,,,,2019-06
2019-06-19,1515,力山,電機機械,移出,掉出掃描母體,62.98,75.0,,8,,,,,,,,,,,2019-06
2019-06-20,3293,鈊象,文化創意業,進榜,準備,56.16,99.0,3.0,0,-3.6,1.5,22.4,1.7,55.5,-1.1,-2.5,1.4,23.8,1.4,2019-06
2019-06-20,6472,保瑞,生技醫療業,進榜,準備,36.56,81.0,3.0,0,14.7,1.5,34.2,1.7,36.4,-0.3,15.1,1.4,34.7,1.4,2019-06
2019-06-20,1712,興農,化學工業,進榜,準備,13.04,80.0,0.0,0,-4.9,1.5,-5.9,1.7,13.1,0.2,-5.2,1.4,-6.1,1.4,2019-06
2019-06-20,3092,鴻碩,電子零組件業,進榜,準備,37.44,74.0,3.0,0,1.7,1.5,-3.5,1.7,37.6,0.4,1.3,1.4,-3.9,1.4,2019-06
2019-06-20,4119,旭富,化學生技醫療,進榜,準備,59.52,72.0,3.0,0,9.7,1.5,5.9,1.7,60.3,1.3,8.3,1.4,4.6,1.4,2019-06
2019-06-20,2108,南帝,橡膠工業,進榜,準備,24.52,70.0,2.0,0,-3.2,1.5,-8.4,1.7,24.8,1.0,-4.1,1.4,-9.2,1.4,2019-06
2019-06-20,2812,台中銀,金融保險,移出,掉出掃描母體,6.9,73.0,,3,,,,,,,,,,,2019-06
2019-06-20,6670,復盛應用,其他,移出,掉出掃描母體,117.53,71.0,,3,,,,,,,,,,,2019-06
2019-06-21,1102,亞泥,水泥工業,進榜,準備,28.19,87.0,2.0,0,-1.0,1.8,0.3,1.6,28.3,0.3,-1.3,1.8,0.0,1.4,2019-06
2019-06-21,3044,健鼎,電子工業,進榜,準備,71.61,74.0,3.0,0,4.1,1.8,17.0,1.6,71.3,-0.5,4.6,1.8,17.5,1.4,2019-06
2019-06-21,8341,日友,其他,進榜,準備,191.75,74.0,2.0,0,0.1,1.8,4.3,1.6,192.4,0.4,-0.2,1.8,3.9,1.4,2019-06
2019-06-21,2732,六角,觀光事業,觸發,等待後觸發,108.11,100.0,3.0,28,20.5,1.8,10.9,1.6,108.5,0.3,20.1,1.8,10.6,1.4,2019-06
2019-06-21,4994,傳奇,資訊服務業,移出,離高點太遠,95.5,94.0,,7,,,,,,,,,,,2019-06
2019-06-21,3708,上緯投控,化學工業,移出,掉出掃描母體,74.3,90.0,,2,,,,,,,,,,,2019-06
2019-06-24,1215,卜蜂,食品工業,進榜,觸發,42.43,90.0,1.0,0,7.6,1.6,3.4,1.7,43.1,1.5,6.0,1.6,1.9,1.8,2019-06
2019-06-24,1215,卜蜂,食品工業,觸發,進榜即觸發,42.43,90.0,1.0,0,7.6,1.6,3.4,1.7,43.1,1.5,6.0,1.6,1.9,1.8,2019-06
2019-06-24,1101,台泥,水泥工業,進榜,觸發,26.2,81.0,2.0,0,-1.5,1.6,1.0,1.7,26.2,0.0,-1.5,1.6,1.0,1.8,2019-06
2019-06-24,1101,台泥,水泥工業,觸發,進榜即觸發,26.2,81.0,2.0,0,-1.5,1.6,1.0,1.7,26.2,0.0,-1.5,1.6,1.0,1.8,2019-06
2019-06-24,2890,永豐金,金融保險,進榜,觸發,8.32,76.0,0.0,0,1.9,1.6,1.9,1.7,8.3,0.0,1.9,1.6,1.9,1.8,2019-06
2019-06-24,2890,永豐金,金融保險,觸發,進榜即觸發,8.32,76.0,0.0,0,1.9,1.6,1.9,1.7,8.3,0.0,1.9,1.6,1.9,1.8,2019-06
2019-06-24,3038,全台,光電業,進榜,準備,10.67,93.0,2.0,0,17.4,1.6,24.3,1.7,10.7,0.3,17.1,1.6,23.9,1.8,2019-06
2019-06-24,1464,得力,紡織纖維,進榜,準備,18.37,84.0,1.0,0,-5.1,1.6,-1.1,1.7,18.5,0.9,-6.0,1.6,-2.0,1.8,2019-06
2019-06-24,8299,群聯,半導體業,進榜,準備,212.29,70.0,2.0,0,13.4,1.6,3.4,1.7,212.6,0.2,13.2,1.6,3.3,1.8,2019-06
2019-06-24,4119,旭富,化學生技醫療,移出,掉出掃描母體,59.08,74.0,,4,,,,,,,,,,,2019-06
2019-06-25,9955,佳龍,其他,進榜,觸發,22.64,98.0,1.0,0,-19.6,1.8,-18.3,2.0,22.6,0.0,-19.6,1.9,-18.3,2.1,2019-06
2019-06-25,9955,佳龍,其他,觸發,進榜即觸發,22.64,98.0,1.0,0,-19.6,1.8,-18.3,2.0,22.6,0.0,-19.6,1.9,-18.3,2.1,2019-06
2019-06-25,1210,大成,食品工業,進榜,準備,25.74,80.0,1.0,0,-2.5,1.8,4.2,2.0,26.0,1.0,-3.4,1.9,3.2,2.1,2019-06
2019-06-25,3376,新日興,電子零組件業,進榜,準備,82.75,79.0,3.0,0,6.8,1.8,8.7,2.0,83.1,0.4,6.4,1.9,8.2,2.1,2019-06
2019-06-25,2345,智邦,通信網路業,進榜,準備,109.98,77.0,2.0,0,7.1,1.8,37.5,2.0,110.8,0.8,6.3,1.9,36.4,2.1,2019-06
2019-06-25,3703,欣陸,建材營造,進榜,準備,11.27,72.0,1.0,0,1.4,1.8,-9.5,2.0,11.3,0.0,1.4,1.9,-9.5,2.1,2019-06
2019-06-25,4119,旭富,化學生技醫療,進榜,準備,59.83,71.0,3.0,0,13.6,1.8,11.9,2.0,60.0,0.3,13.2,1.9,11.6,2.1,2019-06
2019-06-25,2812,台中銀,金融保險,進榜,準備,6.85,70.0,0.0,0,2.8,1.8,3.3,2.0,6.8,0.0,2.8,1.9,3.3,2.1,2019-06
2019-06-25,1201,味全,食品工業,觸發,等待後觸發,28.93,96.0,2.0,28,-14.7,1.8,-24.9,2.0,28.9,0.0,-14.7,1.9,-24.9,2.1,2019-06
2019-06-25,8299,群聯,半導體業,移出,掉出掃描母體,212.29,70.0,,1,,,,,,,,,,,2019-06
2019-06-26,2903,遠百,貿易百貨,進榜,觸發,15.06,90.0,1.0,0,3.7,1.8,13.6,2.1,14.9,-0.9,4.7,1.6,14.7,1.9,2019-06
2019-06-26,2903,遠百,貿易百貨,觸發,進榜即觸發,15.06,90.0,1.0,0,3.7,1.8,13.6,2.1,14.9,-0.9,4.7,1.6,14.7,1.9,2019-06
2019-06-26,5457,宣德,電子零組件業,進榜,觸發,54.15,87.0,2.0,0,0.9,1.8,4.3,2.1,54.6,0.7,0.1,1.6,3.5,1.9,2019-06
2019-06-26,5457,宣德,電子零組件業,觸發,進榜即觸發,54.15,87.0,2.0,0,0.9,1.8,4.3,2.1,54.6,0.7,0.1,1.6,3.5,1.9,2019-06
2019-06-26,6278,台表科,光電業,進榜,準備,40.91,91.0,3.0,0,28.8,1.8,39.3,2.1,41.8,2.3,25.9,1.6,36.2,1.9,2019-06
2019-06-26,6679,鈺太,半導體業,進榜,準備,81.32,90.0,1.0,0,15.5,1.8,25.1,2.1,81.3,0.0,15.5,1.6,25.1,1.9,2019-06
2019-06-26,6670,復盛應用,其他,進榜,準備,123.15,79.0,2.0,0,-7.0,1.8,-1.4,2.1,126.3,2.5,-9.3,1.6,-3.8,1.9,2019-06
2019-06-26,3231,緯創,電子工業,進榜,準備,16.25,71.0,3.0,0,6.5,1.8,11.1,2.1,16.3,0.4,6.0,1.6,10.6,1.9,2019-06
2019-06-26,6409,旭隼,其他電子業,進榜,準備,475.51,70.0,2.0,0,2.6,1.8,14.6,2.1,475.5,0.0,2.6,1.6,14.6,1.9,2019-06
2019-06-26,2345,智邦,通信網路業,觸發,等待後觸發,111.69,79.0,2.0,1,7.0,1.8,33.0,2.1,112.1,0.4,6.6,1.6,32.5,1.9,2019-06
2019-06-26,4968,立積,電子工業,觸發,等待後觸發,59.67,99.0,1.0,8,34.6,1.8,90.4,2.1,59.7,0.0,34.6,1.6,90.4,1.9,2019-06
2019-06-26,3092,鴻碩,電子零組件業,移出,掉出掃描母體,37.3,77.0,,6,,,,,,,,,,,2019-06
2019-06-26,3703,欣陸,建材營造,移出,掉出掃描母體,11.27,72.0,,1,,,,,,,,,,,2019-06
2019-06-26,2812,台中銀,金融保險,移出,掉出掃描母體,6.85,70.0,,1,,,,,,,,,,,2019-06
2019-06-26,4107,邦特,生技醫療業,移出,掉出掃描母體,89.76,74.0,,21,,,,,,,,,,,2019-06
2019-06-26,2890,永豐金,金融保險,移出,掉出掃描母體,8.32,79.0,,2,,,,,,,,,,,2019-06
2019-06-27,6213,聯茂,電子工業,進榜,觸發,83.83,99.0,4.0,0,17.2,1.9,49.5,1.9,84.6,0.9,16.1,1.9,48.2,1.8,2019-06
2019-06-27,6213,聯茂,電子工業,觸發,進榜即觸發,83.83,99.0,4.0,0,17.2,1.9,49.5,1.9,84.6,0.9,16.1,1.9,48.2,1.8,2019-06
2019-06-27,2379,瑞昱,半導體業,進榜,觸發,174.54,95.0,4.0,0,-8.2,1.9,-1.5,1.9,173.8,-0.4,-7.8,1.9,-1.1,1.8,2019-06
2019-06-27,2379,瑞昱,半導體業,觸發,進榜即觸發,174.54,95.0,4.0,0,-8.2,1.9,-1.5,1.9,173.8,-0.4,-7.8,1.9,-1.1,1.8,2019-06
2019-06-27,8924,大田,其他,進榜,準備,22.69,100.0,3.0,0,21.1,1.9,33.5,1.9,22.6,-0.3,21.4,1.9,33.9,1.8,2019-06
2019-06-27,2316,楠梓電,電子工業,進榜,準備,23.37,90.0,2.0,0,14.8,1.9,88.5,1.9,23.1,-1.2,16.2,1.9,90.9,1.8,2019-06
2019-06-27,6561,是方,通信網路業,進榜,準備,147.96,82.0,2.0,0,14.7,1.9,20.4,1.9,148.0,0.0,14.7,1.9,20.4,1.8,2019-06
2019-06-27,3611,鼎翰,電腦及週邊設備業,進榜,準備,151.76,81.0,2.0,0,7.5,1.9,2.1,1.9,153.7,1.3,6.2,1.9,0.9,1.8,2019-06
2019-06-27,2367,燿華,電子工業,進榜,準備,18.52,78.0,1.0,0,16.7,1.9,67.3,1.9,18.6,0.5,16.1,1.9,66.5,1.8,2019-06
2019-06-27,2890,永豐金,金融保險,進榜,準備,8.32,76.0,0.0,0,1.9,1.9,-0.9,1.9,8.3,-0.8,2.7,1.9,-0.1,1.8,2019-06
2019-06-27,1102,亞泥,水泥工業,觸發,等待後觸發,29.55,88.0,2.0,6,-8.4,1.9,-6.1,1.9,29.2,-1.1,-7.4,1.9,-5.1,1.8,2019-06
2019-06-27,9941,裕融,其他,移出,掉出掃描母體,43.93,72.0,,8,,,,,,,,,,,2019-06
2019-06-27,4119,旭富,化學生技醫療,移出,掉出掃描母體,60.4,73.0,,2,,,,,,,,,,,2019-06
2019-06-27,6409,旭隼,其他電子業,移出,掉出掃描母體,475.51,70.0,,1,,,,,,,,,,,2019-06
2019-06-27,2108,南帝,橡膠工業,移出,掉出掃描母體,24.45,72.0,,7,,,,,,,,,,,2019-06
2019-06-27,6472,保瑞,生技醫療業,移出,掉出掃描母體,35.1,75.0,,7,,,,,,,,,,,2019-06
2019-06-28,3529,力旺,半導體業,進榜,準備,348.3,87.0,1.0,0,4.0,1.9,-12.2,2.0,358.4,2.9,1.0,1.5,-14.7,1.4,2019-06
2019-06-28,6274,台燿,電子零組件業,進榜,準備,90.89,81.0,2.0,0,3.6,1.9,21.2,2.0,94.9,4.4,-0.8,1.5,16.0,1.4,2019-06
2019-06-28,4119,旭富,化學生技醫療,進榜,準備,61.21,76.0,3.0,0,9.4,1.9,9.9,2.0,61.5,0.4,9.0,1.5,9.5,1.4,2019-06
2019-06-28,6409,旭隼,其他電子業,進榜,準備,501.43,76.0,2.0,0,-1.9,1.9,8.2,2.0,507.4,1.2,-3.1,1.5,7.0,1.4,2019-06
2019-06-28,3092,鴻碩,電子零組件業,進榜,準備,37.16,73.0,3.0,0,2.4,1.9,-6.0,2.0,37.5,0.9,1.5,1.5,-6.9,1.4,2019-06
2019-06-28,1210,大成,食品工業,移出,掉出掃描母體,25.52,73.0,,3,,,,,,,,,,,2019-06
2019-06-28,3231,緯創,電子工業,移出,掉出掃描母體,16.38,70.0,,2,,,,,,,,,,,2019-06
2019-06-28,8081,致新,半導體業,移出,逾期,57.69,87.0,,56,,,,,,,,,,,2019-06
2019-06-28,6491,晶碩,生技醫療業,移出,掉出掃描母體,187.57,74.0,,28,,,,,,,,,,,2019-06
2019-07-01,2383,台光電,電子工業,進榜,觸發,83.31,77.0,2.0,0,18.0,1.5,28.4,1.1,82.1,-1.5,19.7,1.4,30.3,1.1,2019-07
2019-07-01,2383,台光電,電子工業,觸發,進榜即觸發,83.31,77.0,2.0,0,18.0,1.5,28.4,1.1,82.1,-1.5,19.7,1.4,30.3,1.1,2019-07
2019-07-01,6217,中探針,電子零組件業,進榜,準備,28.12,98.0,2.0,0,-1.4,1.5,11.5,1.1,28.1,0.0,-1.4,1.4,11.5,1.1,2019-07
2019-07-01,2404,漢唐,其他電子業,進榜,準備,96.53,97.0,3.0,0,11.6,1.5,11.6,1.1,99.0,2.6,8.8,1.4,8.8,1.1,2019-07
2019-07-01,2461,光群雷,其他電子業,進榜,準備,15.59,96.0,1.0,0,-2.1,1.5,12.6,1.1,15.5,-0.7,-1.4,1.4,13.5,1.1,2019-07
2019-07-01,3217,優群,電子零組件業,進榜,準備,36.18,96.0,3.0,0,11.9,1.5,5.7,1.1,36.5,0.9,10.9,1.4,4.7,1.1,2019-07
2019-07-01,3037,欣興,電子工業,進榜,準備,32.93,95.0,3.0,0,5.8,1.5,19.7,1.1,32.8,-0.4,6.2,1.4,20.2,1.1,2019-07
2019-07-01,3017,奇鋐,電子工業,進榜,準備,35.42,94.0,2.0,0,7.6,1.5,-4.0,1.1,35.5,0.2,7.3,1.4,-4.3,1.1,2019-07
2019-07-01,6558,興能高,其他電子業,進榜,準備,64.98,87.0,2.0,0,6.8,1.5,-4.9,1.1,65.0,0.0,6.8,1.4,-4.9,1.1,2019-07
2019-07-01,2439,美律,通信網路業,進榜,準備,120.38,83.0,2.0,0,-13.2,1.5,-9.5,1.1,119.7,-0.5,-12.7,1.4,-9.0,1.1,2019-07
2019-07-01,4163,鐿鈦,生技醫療業,進榜,準備,78.82,83.0,3.0,0,23.2,1.5,20.7,1.1,78.8,0.0,23.2,1.4,20.7,1.1,2019-07
2019-07-01,2449,京元電子,半導體業,進榜,準備,19.71,76.0,1.0,0,15.1,1.5,35.6,1.1,19.7,0.0,15.1,1.4,35.6,1.1,2019-07
2019-07-01,8299,群聯,半導體業,進榜,準備,222.59,75.0,2.0,0,9.5,1.5,-3.4,1.1,223.3,0.3,9.1,1.4,-3.7,1.1,2019-07
2019-07-01,1504,東元,電機機械,進榜,準備,17.04,70.0,1.0,0,8.6,1.5,12.9,1.1,17.1,0.4,8.1,1.4,12.4,1.1,2019-07
2019-07-01,3038,全台,光電業,觸發,等待後觸發,11.71,97.0,2.0,7,13.5,1.5,6.9,1.1,11.8,1.2,12.2,1.4,5.7,1.1,2019-07
2019-07-01,1227,佳格,食品工業,移出,掉出掃描母體,43.85,75.0,,14,,,,,,,,,,,2019-07
2019-07-01,9955,佳龍,其他,移出,突破失敗,19.98,96.0,,6,,,,,,,,,,,2019-07
2019-07-01,6670,復盛應用,其他,移出,掉出掃描母體,123.78,71.0,,5,,,,,,,,,,,2019-07
2019-07-01,3092,鴻碩,電子零組件業,移出,掉出掃描母體,37.16,73.0,,3,,,,,,,,,,,2019-07
2019-07-01,4763,材料*-KY,化學工業,移出,掉出掃描母體,7.23,72.0,,21,,,,,,,,,,,2019-07
2019-07-02,1784,訊聯,生技醫療業,進榜,觸發,38.79,93.0,5.0,0,5.4,0.7,7.4,0.6,39.4,1.6,3.8,0.7,5.7,0.5,2019-07
2019-07-02,1784,訊聯,生技醫療業,觸發,進榜即觸發,38.79,93.0,5.0,0,5.4,0.7,7.4,0.6,39.4,1.6,3.8,0.7,5.7,0.5,2019-07
2019-07-02,4107,邦特,生技醫療業,進榜,觸發,94.19,73.0,3.0,0,0.4,0.7,2.2,0.6,93.8,-0.4,0.8,0.7,2.6,0.5,2019-07
2019-07-02,4107,邦特,生技醫療業,觸發,進榜即觸發,94.19,73.0,3.0,0,0.4,0.7,2.2,0.6,93.8,-0.4,0.8,0.7,2.6,0.5,2019-07
2019-07-02,3105,穩懋,半導體業,進榜,準備,190.96,91.0,1.0,0,24.8,0.7,30.3,0.6,190.1,-0.5,25.3,0.7,30.9,0.5,2019-07
2019-07-02,2467,志聖,電子工業,進榜,準備,21.44,74.0,3.0,0,-7.1,0.7,-14.0,0.6,21.4,0.0,-7.1,0.7,-14.0,0.5,2019-07
2019-07-02,4163,鐿鈦,生技醫療業,觸發,等待後觸發,81.38,86.0,3.0,1,16.1,0.7,14.9,0.6,82.0,0.8,15.2,0.7,14.0,0.5,2019-07
2019-07-02,2834,臺企銀,金融保險,移出,掉出掃描母體,8.02,75.0,,29,,,,,,,,,,,2019-07
2019-07-02,2501,國建,建材營造,移出,掉出掃描母體,18.92,80.0,,64,,,,,,,,,,,2019-07
2019-07-02,5519,隆大,建材營造,移出,掉出掃描母體,8.39,71.0,,49,,,,,,,,,,,2019-07
2019-07-02,2884,玉山金,金融保險,移出,掉出掃描母體,14.67,71.0,,39,,,,,,,,,,,2019-07
2019-07-03,9946,三發地產,建材營造,進榜,準備,12.62,94.0,2.0,0,5.7,1.0,17.8,0.2,12.7,0.2,5.5,0.7,17.5,0.0,2019-07
2019-07-03,4438,廣越,紡織纖維,進榜,準備,113.39,86.0,3.0,0,4.8,1.0,-6.7,0.2,113.8,0.3,4.5,0.7,-7.0,0.0,2019-07
2019-07-03,6491,晶碩,生技醫療業,進榜,準備,190.11,76.0,2.0,0,-4.4,1.0,-14.2,0.2,185.8,-2.3,-2.2,0.7,-12.2,0.0,2019-07
2019-07-03,3092,鴻碩,電子零組件業,進榜,準備,37.93,75.0,3.0,0,1.0,1.0,-7.5,0.2,38.3,1.1,-0.1,0.7,-8.5,0.0,2019-07
2019-07-03,1227,佳格,食品工業,進榜,準備,44.28,70.0,1.0,0,2.2,1.0,5.6,0.2,44.2,-0.2,2.4,0.7,5.8,0.0,2019-07
2019-07-03,2108,南帝,橡膠工業,進榜,準備,24.62,70.0,2.0,0,-5.2,1.0,-9.6,0.2,24.6,0.0,-5.2,0.7,-9.6,0.0,2019-07
2019-07-03,3023,信邦,電子零組件業,觸發,等待後觸發,93.48,88.0,2.0,15,10.4,1.0,3.5,0.2,95.0,1.7,8.6,0.7,1.8,0.0,2019-07
2019-07-03,2345,智邦,通信網路業,移出,掉出掃描母體,116.38,80.0,,8,,,,,,,,,,,2019-07
2019-07-03,2890,永豐金,金融保險,移出,掉出掃描母體,8.32,72.0,,6,,,,,,,,,,,2019-07
2019-07-03,2439,美律,通信網路業,移出,掉出掃描母體,117.74,76.0,,2,,,,,,,,,,,2019-07
2019-07-03,2449,京元電子,半導體業,移出,掉出掃描母體,19.67,71.0,,2,,,,,,,,,,,2019-07
2019-07-03,8299,群聯,半導體業,移出,掉出掃描母體,223.72,76.0,,2,,,,,,,,,,,2019-07
2019-07-03,3630,新鉅科,光電業,移出,晚期未觸發,109.66,96.0,,49,,,,,,,,,,,2019-07
2019-07-04,6125,廣運,光電業,進榜,準備,11.25,96.0,2.0,0,-6.7,0.3,-2.7,0.0,11.4,1.3,-7.9,0.0,-3.9,-0.1,2019-07
2019-07-04,9910,豐泰,其他,進榜,準備,131.9,82.0,3.0,0,-5.5,0.3,0.6,0.0,131.4,-0.4,-5.1,0.0,1.1,-0.1,2019-07
2019-07-04,6568,宏觀,半導體業,進榜,準備,134.48,81.0,1.0,0,11.8,0.3,7.9,0.0,137.3,2.1,9.5,0.0,5.6,-0.1,2019-07
2019-07-04,4766,南寶,化學工業,進榜,準備,113.19,76.0,2.0,0,7.6,0.3,-8.1,0.0,113.5,0.3,7.3,0.0,-8.3,-0.1,2019-07
2019-07-04,6472,保瑞,生技醫療業,進榜,準備,36.68,73.0,3.0,0,39.9,0.3,50.5,0.0,37.0,1.0,38.6,0.0,49.0,-0.1,2019-07
2019-07-04,8070,長華*,電子工業,進榜,準備,10.68,72.0,2.0,0,-1.8,0.3,-0.9,0.0,10.7,0.0,-1.8,0.0,-0.9,-0.1,2019-07
2019-07-04,6409,旭隼,其他電子業,移出,掉出掃描母體,501.43,73.0,,6,,,,,,,,,,,2019-07
2019-07-04,4438,廣越,紡織纖維,移出,掉出掃描母體,113.39,86.0,,1,,,,,,,,,,,2019-07
2019-07-04,3092,鴻碩,電子零組件業,移出,掉出掃描母體,37.93,75.0,,1,,,,,,,,,,,2019-07
2019-07-04,1227,佳格,食品工業,移出,掉出掃描母體,44.28,70.0,,1,,,,,,,,,,,2019-07
2019-07-04,2108,南帝,橡膠工業,移出,掉出掃描母體,24.62,70.0,,1,,,,,,,,,,,2019-07
2019-07-05,3169,亞信,半導體業,進榜,準備,35.27,84.0,3.0,0,11.2,-0.7,-3.5,0.0,35.3,0.1,11.1,-0.8,-3.6,-0.1,2019-07
2019-07-05,8299,群聯,半導體業,進榜,準備,227.1,74.0,2.0,0,-0.7,-0.7,-8.8,0.0,226.3,-0.3,-0.3,-0.8,-8.5,-0.1,2019-07
2019-07-05,2890,永豐金,金融保險,進榜,準備,8.35,72.0,0.0,0,-2.9,-0.7,-2.1,0.0,8.4,0.0,-2.9,-0.8,-2.1,-0.1,2019-07
2019-07-05,1227,佳格,食品工業,進榜,準備,44.43,71.0,1.0,0,-0.8,-0.7,5.8,0.0,44.3,-0.3,-0.5,-0.8,6.1,-0.1,2019-07
2019-07-05,1229,聯華,食品工業,進榜,準備,17.15,71.0,1.0,0,2.0,-0.7,-3.1,0.0,17.2,0.0,2.0,-0.8,-3.1,-0.1,2019-07
2019-07-05,6491,晶碩,生技醫療業,移出,掉出掃描母體,194.33,77.0,,2,,,,,,,,,,,2019-07
2019-07-05,9910,豐泰,其他,移出,掉出掃描母體,131.9,82.0,,1,,,,,,,,,,,2019-07
2019-07-05,8070,長華*,電子工業,移出,掉出掃描母體,10.68,72.0,,1,,,,,,,,,,,2019-07
2019-07-08,6158,禾昌,電子零組件業,進榜,觸發,46.95,98.0,5.0,0,-24.4,-1.5,-29.1,0.0,47.4,0.9,-25.1,-1.6,-29.8,-0.2,2019-07
2019-07-08,6158,禾昌,電子零組件業,觸發,進榜即觸發,46.95,98.0,5.0,0,-24.4,-1.5,-29.1,0.0,47.4,0.9,-25.1,-1.6,-29.8,-0.2,2019-07
2019-07-08,4438,廣越,紡織纖維,進榜,觸發,114.84,84.0,3.0,0,0.3,-1.5,-7.9,0.0,115.6,0.6,-0.3,-1.6,-8.5,-0.2,2019-07
2019-07-08,4438,廣越,紡織纖維,觸發,進榜即觸發,114.84,84.0,3.0,0,0.3,-1.5,-7.9,0.0,115.6,0.6,-0.3,-1.6,-8.5,-0.2,2019-07
2019-07-08,2201,裕隆,汽車工業,進榜,準備,30.23,70.0,2.0,0,-0.1,-1.5,-15.6,0.0,30.2,0.0,-0.1,-1.6,-15.6,-0.2,2019-07
2019-07-08,2467,志聖,電子工業,移出,掉出掃描母體,21.35,72.0,,6,,,,,,,,,,,2019-07
2019-07-08,2207,和泰車,汽車工業,移出,掉出掃描母體,388.98,97.0,,103,,,,,,,,,,,2019-07
2019-07-08,2520,冠德,建材營造,移出,離高點太遠,14.36,82.0,,19,,,,,,,,,,,2019-07
2019-07-08,6274,台燿,電子零組件業,移出,掉出掃描母體,90.53,81.0,,10,,,,,,,,,,,2019-07
2019-07-09,2387,精元,電子工業,進榜,準備,16.63,92.0,2.0,0,40.1,-1.6,40.1,0.0,16.5,-0.8,41.2,-2.0,41.2,-0.3,2019-07
2019-07-09,3218,大學光,生技醫療業,進榜,準備,27.84,91.0,1.0,0,1.3,-1.6,39.4,0.0,27.8,-0.3,1.6,-2.0,39.8,-0.3,2019-07
2019-07-09,1515,力山,電機機械,進榜,準備,69.78,78.0,3.0,0,-0.4,-1.6,-3.2,0.0,68.7,-1.6,1.1,-2.0,-1.7,-0.3,2019-07
2019-07-09,2884,玉山金,金融保險,進榜,準備,14.78,71.0,1.0,0,4.9,-1.6,9.7,0.0,14.9,0.8,4.1,-2.0,8.9,-0.3,2019-07
2019-07-09,8213,志超,電子工業,進榜,準備,23.64,71.0,2.0,0,-0.0,-1.6,-0.8,0.0,23.6,-0.3,0.3,-2.0,-0.6,-0.3,2019-07
2019-07-09,2108,南帝,橡膠工業,進榜,準備,24.15,70.0,2.0,0,-6.7,-1.6,-8.0,0.0,24.1,0.0,-6.7,-2.0,-8.0,-0.3,2019-07
2019-07-09,4119,旭富,化學生技醫療,觸發,等待後觸發,67.8,89.0,3.0,11,-8.6,-1.6,-1.7,0.0,66.5,-1.9,-6.8,-2.0,0.1,-0.3,2019-07
2019-07-09,2548,華固,建材營造,移出,掉出掃描母體,40.98,70.0,,46,,,,,,,,,,,2019-07
2019-07-09,1712,興農,化學工業,移出,掉出掃描母體,12.98,73.0,,19,,,,,,,,,,,2019-07
2019-07-09,1504,東元,電機機械,移出,掉出掃描母體,17.5,74.0,,8,,,,,,,,,,,2019-07
2019-07-09,2890,永豐金,金融保險,移出,掉出掃描母體,8.35,72.0,,4,,,,,,,,,,,2019-07
2019-07-10,9941,裕融,其他,進榜,觸發,47.75,73.0,1.0,0,4.2,-1.8,1.0,-0.2,48.3,1.2,3.0,-2.1,-0.2,-0.7,2019-07
2019-07-10,9941,裕融,其他,觸發,進榜即觸發,47.75,73.0,1.0,0,4.2,-1.8,1.0,-0.2,48.3,1.2,3.0,-2.1,-0.2,-0.7,2019-07
2019-07-10,3363,上詮,通信網路業,進榜,準備,39.37,91.0,2.0,0,-8.7,-1.8,-17.8,-0.2,39.4,0.1,-8.8,-2.1,-17.9,-0.7,2019-07
2019-07-10,8086,宏捷科,半導體業,進榜,準備,60.34,91.0,2.0,0,2.2,-1.8,29.7,-0.2,61.0,1.2,1.0,-2.1,28.2,-0.7,2019-07
2019-07-10,8446,華研,文化創意業,進榜,準備,78.13,88.0,1.0,0,-0.8,-1.8,0.8,-0.2,79.1,1.2,-2.0,-2.1,-0.4,-0.7,2019-07
2019-07-10,9910,豐泰,其他,進榜,準備,132.43,82.0,3.0,0,-7.7,-1.8,0.0,-0.2,132.4,0.0,-7.7,-2.1,0.0,-0.7,2019-07
2019-07-10,4401,東隆興,紡織纖維,進榜,準備,38.38,78.0,1.0,0,-13.1,-1.8,-16.5,-0.2,38.4,0.2,-13.2,-2.1,-16.7,-0.7,2019-07
2019-07-10,2548,華固,建材營造,進榜,準備,40.78,76.0,0.0,0,1.1,-1.8,1.9,-0.2,40.8,0.0,1.1,-2.1,1.9,-0.7,2019-07
2019-07-10,6176,瑞儀,光電業,進榜,準備,86.21,75.0,3.0,0,11.4,-1.8,17.1,-0.2,87.8,1.9,9.3,-2.1,14.9,-0.7,2019-07
2019-07-10,6561,是方,通信網路業,觸發,等待後觸發,155.71,86.0,2.0,13,6.6,-1.8,16.8,-0.2,155.7,0.0,6.6,-2.1,16.8,-0.7,2019-07
2019-07-10,1101,台泥,水泥工業,移出,掉出掃描母體,26.43,70.0,,16,,,,,,,,,,,2019-07
2019-07-10,4766,南寶,化學工業,移出,掉出掃描母體,111.81,74.0,,6,,,,,,,,,,,2019-07
2019-07-10,1229,聯華,食品工業,移出,掉出掃描母體,17.22,74.0,,5,,,,,,,,,,,2019-07
2019-07-10,1515,力山,電機機械,移出,掉出掃描母體,69.78,78.0,,1,,,,,,,,,,,2019-07
2019-07-10,8213,志超,電子工業,移出,掉出掃描母體,23.64,71.0,,1,,,,,,,,,,,2019-07
2019-07-10,2108,南帝,橡膠工業,移出,掉出掃描母體,24.15,70.0,,1,,,,,,,,,,,2019-07
2019-07-10,1464,得力,紡織纖維,移出,掉出掃描母體,18.07,81.0,,16,,,,,,,,,,,2019-07
2019-07-10,2379,瑞昱,半導體業,移出,突破失敗,159.94,87.0,,13,,,,,,,,,,,2019-07
2019-07-11,6230,尼得科超眾,電子工業,進榜,觸發,167.75,75.0,5.0,0,57.8,-1.3,40.1,-0.5,170.1,1.4,55.6,-1.5,38.2,-1.0,2019-07
2019-07-11,6230,尼得科超眾,電子工業,觸發,進榜即觸發,167.75,75.0,5.0,0,57.8,-1.3,40.1,-0.5,170.1,1.4,55.6,-1.5,38.2,-1.0,2019-07
2019-07-11,4935,茂林-KY,光電業,進榜,準備,39.27,98.0,1.0,0,26.8,-1.3,72.8,-0.5,39.5,0.5,26.1,-1.5,71.9,-1.0,2019-07
2019-07-11,4766,南寶,化學工業,進榜,準備,112.5,74.0,2.0,0,9.9,-1.3,-4.0,-0.5,112.5,0.0,9.9,-1.5,-4.0,-1.0,2019-07
2019-07-11,2890,永豐金,金融保險,進榜,準備,8.52,70.0,0.0,0,-5.5,-1.3,-3.2,-0.5,8.5,-0.4,-5.2,-1.5,-2.8,-1.0,2019-07
2019-07-11,6670,復盛應用,其他,進榜,準備,124.09,70.0,2.0,0,-9.9,-1.3,-3.2,-0.5,125.0,0.8,-10.6,-1.5,-3.9,-1.0,2019-07
2019-07-11,2404,漢唐,其他電子業,觸發,等待後觸發,101.75,97.0,3.0,10,1.9,-1.3,4.5,-0.5,102.4,0.6,1.3,-1.5,3.9,-1.0,2019-07
2019-07-11,6176,瑞儀,光電業,觸發,等待後觸發,94.79,85.0,3.0,1,3.4,-1.3,4.3,-0.5,94.4,-0.4,3.9,-1.5,4.8,-1.0,2019-07
2019-07-11,6278,台表科,光電業,觸發,等待後觸發,52.69,98.0,3.0,15,1.0,-1.3,-0.4,-0.5,52.2,-1.0,2.0,-1.5,0.6,-1.0,2019-07
2019-07-11,5457,宣德,電子零組件業,移出,掉出掃描母體,58.85,77.0,,15,,,,,,,,,,,2019-07
2019-07-11,9910,豐泰,其他,移出,掉出掃描母體,132.43,82.0,,1,,,,,,,,,,,2019-07
2019-07-11,2548,華固,建材營造,移出,掉出掃描母體,40.78,76.0,,1,,,,,,,,,,,2019-07
2019-07-11,4107,邦特,生技醫療業,移出,掉出掃描母體,94.19,71.0,,9,,,,,,,,,,,2019-07
2019-07-11,6158,禾昌,電子零組件業,移出,掉出掃描母體,44.0,97.0,,3,,,,,,,,,,,2019-07
2019-07-12,1762,中化生,化學生技醫療,進榜,準備,35.01,97.0,3.0,0,-18.3,-1.1,-14.2,-1.0,35.2,0.5,-18.7,-1.4,-14.7,-1.2,2019-07
2019-07-12,8081,致新,半導體業,進榜,準備,65.24,92.0,2.0,0,1.7,-1.1,21.9,-1.0,65.6,0.5,1.3,-1.4,21.3,-1.2,2019-07
2019-07-12,6290,良維,電子零組件業,進榜,準備,39.29,91.0,1.0,0,2.6,-1.1,18.3,-1.0,39.6,0.7,1.9,-1.4,17.4,-1.2,2019-07
2019-07-12,6214,精誠,資訊服務業,進榜,準備,52.49,74.0,0.0,0,-1.5,-1.1,-3.7,-1.0,52.6,0.3,-1.7,-1.4,-4.0,-1.2,2019-07
2019-07-12,2449,京元電子,半導體業,進榜,準備,21.13,73.0,1.0,0,7.8,-1.1,17.4,-1.0,21.3,0.8,7.0,-1.4,16.5,-1.2,2019-07
2019-07-12,1229,聯華,食品工業,進榜,準備,17.38,72.0,1.0,0,-0.9,-1.1,-3.2,-1.0,17.4,0.4,-1.3,-1.4,-3.6,-1.2,2019-07
2019-07-12,4107,邦特,生技醫療業,進榜,準備,94.93,72.0,3.0,0,-0.4,-1.1,2.2,-1.0,95.3,0.4,-0.8,-1.4,1.8,-1.2,2019-07
2019-07-12,2834,臺企銀,金融保險,進榜,準備,7.99,70.0,0.0,0,-0.7,-1.1,-1.7,-1.0,8.0,0.0,-0.7,-1.4,-1.7,-1.2,2019-07
2019-07-12,8213,志超,電子工業,進榜,準備,23.89,70.0,2.0,0,-2.8,-1.1,-3.0,-1.0,24.2,1.2,-4.0,-1.4,-4.1,-1.2,2019-07
2019-07-12,2367,燿華,電子工業,觸發,等待後觸發,20.81,91.0,1.0,15,-2.4,-1.1,51.2,-1.0,21.2,2.1,-4.4,-1.4,48.1,-1.2,2019-07
2019-07-12,1227,佳格,食品工業,移出,掉出掃描母體,44.79,73.0,,7,,,,,,,,,,,2019-07
2019-07-12,2201,裕隆,汽車工業,移出,掉出掃描母體,30.68,71.0,,4,,,,,,,,,,,2019-07
2019-07-12,2890,永豐金,金融保險,移出,掉出掃描母體,8.52,70.0,,1,,,,,,,,,,,2019-07
2019-07-12,1730,花仙子,化學工業,移出,掉出掃描母體,58.2,83.0,,46,,,,,,,,,,,2019-07
2019-07-12,9914,美利達,其他,移出,掉出掃描母體,146.75,74.0,,25,,,,,,,,,,,2019-07
2019-07-15,4953,緯致,資訊服務業,進榜,觸發,81.05,92.0,6.0,0,11.9,-1.8,-6.8,-0.4,82.3,1.6,10.1,-2.1,-8.2,-0.8,2019-07
2019-07-15,4953,緯致,資訊服務業,觸發,進榜即觸發,81.05,92.0,6.0,0,11.9,-1.8,-6.8,-0.4,82.3,1.6,10.1,-2.1,-8.2,-0.8,2019-07
2019-07-15,4164,承業醫,化學生技醫療,進榜,觸發,35.54,88.0,4.0,0,-0.8,-1.8,-10.3,-0.4,35.8,0.6,-1.5,-2.1,-10.9,-0.8,2019-07
2019-07-15,4164,承業醫,化學生技醫療,觸發,進榜即觸發,35.54,88.0,4.0,0,-0.8,-1.8,-10.3,-0.4,35.8,0.6,-1.5,-2.1,-10.9,-0.8,2019-07
2019-07-15,3704,合勤控,通信網路業,進榜,準備,22.52,94.0,2.0,0,3.2,-1.8,-16.6,-0.4,22.3,-0.8,4.0,-2.1,-15.9,-0.8,2019-07
2019-07-15,4994,傳奇,資訊服務業,進榜,準備,114.33,93.0,3.0,0,1.4,-1.8,-3.0,-0.4,116.6,2.0,-0.6,-2.1,-4.9,-0.8,2019-07
2019-07-15,2201,裕隆,汽車工業,進榜,準備,30.62,75.0,2.0,0,-4.1,-1.8,-16.4,-0.4,30.6,-0.2,-3.9,-2.1,-16.2,-0.8,2019-07
2019-07-15,1504,東元,電機機械,進榜,準備,17.81,70.0,1.0,0,2.2,-1.8,12.8,-0.4,17.8,0.0,2.2,-2.1,12.8,-0.8,2019-07
2019-07-15,2316,楠梓電,電子工業,觸發,等待後觸發,25.24,94.0,2.0,18,29.0,-1.8,69.8,-0.4,25.3,0.4,28.5,-2.1,69.1,-0.8,2019-07
2019-07-15,3169,亞信,半導體業,觸發,等待後觸發,40.95,89.0,3.0,10,-13.9,-1.8,-28.0,-0.4,41.0,0.0,-13.9,-2.1,-28.0,-0.8,2019-07
2019-07-15,2884,玉山金,金融保險,觸發,等待後觸發,15.51,74.0,1.0,6,-0.3,-1.8,5.1,-0.4,15.5,0.0,-0.3,-2.1,5.1,-0.8,2019-07
2019-07-15,3218,大學光,生技醫療業,觸發,等待後觸發,30.39,95.0,1.0,6,-3.9,-1.8,30.9,-0.4,30.1,-0.9,-3.1,-2.1,32.0,-0.8,2019-07
2019-07-15,8341,日友,其他,移出,掉出掃描母體,193.1,71.0,,24,,,,,,,,,,,2019-07
2019-07-15,2834,臺企銀,金融保險,移出,掉出掃描母體,7.99,70.0,,3,,,,,,,,,,,2019-07
2019-07-15,8213,志超,電子工業,移出,掉出掃描母體,23.89,70.0,,3,,,,,,,,,,,2019-07
2019-07-16,1795,美時,化學生技醫療,進榜,準備,112.16,88.0,3.0,0,-22.3,-1.7,-26.6,-0.5,112.6,0.4,-22.6,-1.9,-26.9,-1.0,2019-07
2019-07-16,9914,美利達,其他,進榜,準備,152.76,74.0,2.0,0,1.1,-1.7,-12.8,-0.5,155.2,1.6,-0.5,-1.9,-14.2,-1.0,2019-07
2019-07-16,2344,華邦電,半導體業,進榜,準備,15.18,72.0,1.0,0,3.5,-1.7,1.8,-0.5,15.1,-0.6,4.2,-1.9,2.4,-1.0,2019-07
2019-07-16,8213,志超,電子工業,進榜,準備,24.32,71.0,2.0,0,-3.8,-1.7,-3.2,-0.5,24.5,0.8,-4.5,-1.9,-4.0,-1.0,2019-07
2019-07-16,8446,華研,文化創意業,觸發,等待後觸發,81.89,91.0,1.0,6,-4.2,-1.7,-4.6,-0.5,82.2,0.4,-4.6,-1.9,-5.0,-1.0,2019-07
2019-07-16,3376,新日興,電子零組件業,移出,掉出掃描母體,84.17,71.0,,21,,,,,,,,,,,2019-07
2019-07-16,6214,精誠,資訊服務業,移出,掉出掃描母體,51.93,70.0,,4,,,,,,,,,,,2019-07
2019-07-16,1504,東元,電機機械,移出,掉出掃描母體,17.81,70.0,,1,,,,,,,,,,,2019-07
2019-07-17,3049,精金,電子工業,進榜,觸發,13.47,97.0,4.0,0,-6.9,-2.3,-4.9,-0.5,13.5,0.0,-6.9,-2.4,-4.9,-0.7,2019-07
2019-07-17,3049,精金,電子工業,觸發,進榜即觸發,13.47,97.0,4.0,0,-6.9,-2.3,-4.9,-0.5,13.5,0.0,-6.9,-2.4,-4.9,-0.7,2019-07
2019-07-17,1504,東元,電機機械,進榜,準備,17.7,70.0,1.0,0,1.8,-2.3,12.9,-0.5,17.7,0.0,1.8,-2.4,12.9,-0.7,2019-07
2019-07-17,2385,群光,電子工業,觸發,等待後觸發,52.51,73.0,1.0,42,7.4,-2.3,14.4,-0.5,52.5,0.0,7.4,-2.4,14.4,-0.7,2019-07
2019-07-17,3704,合勤控,通信網路業,觸發,等待後觸發,23.28,96.0,2.0,2,-4.3,-2.3,-15.4,-0.5,22.9,-1.4,-2.9,-2.4,-14.2,-0.7,2019-07
2019-07-17,4401,東隆興,紡織纖維,移出,掉出掃描母體,38.74,73.0,,7,,,,,,,,,,,2019-07
2019-07-17,6670,復盛應用,其他,移出,掉出掃描母體,124.73,71.0,,6,,,,,,,,,,,2019-07
2019-07-17,8213,志超,電子工業,移出,掉出掃描母體,24.32,71.0,,1,,,,,,,,,,,2019-07
2019-07-17,2633,台灣高鐵,航運業,移出,掉出掃描母體,33.55,82.0,,63,,,,,,,,,,,2019-07
2019-07-17,3611,鼎翰,電腦及週邊設備業,移出,掉出掃描母體,160.28,71.0,,20,,,,,,,,,,,2019-07
2019-07-18,3653,健策,電子工業,進榜,觸發,107.34,91.0,4.0,0,17.8,-1.6,8.2,0.0,109.3,1.9,15.6,-2.0,6.2,-0.6,2019-07
2019-07-18,3653,健策,電子工業,觸發,進榜即觸發,107.34,91.0,4.0,0,17.8,-1.6,8.2,0.0,109.3,1.9,15.6,-2.0,6.2,-0.6,2019-07
2019-07-18,3680,家登,半導體業,進榜,準備,47.46,98.0,1.0,0,39.7,-1.6,111.1,0.0,48.3,1.8,37.3,-2.0,107.4,-0.6,2019-07
2019-07-18,6533,晶心科,電子工業,進榜,準備,130.29,90.0,3.0,0,-11.6,-1.6,-5.6,0.0,130.3,0.0,-11.6,-2.0,-5.6,-0.6,2019-07
2019-07-18,1519,華城,電機機械,進榜,準備,18.18,87.0,2.0,0,-19.3,-1.6,-6.3,0.0,18.3,0.9,-20.1,-2.0,-7.2,-0.6,2019-07
2019-07-18,2313,華通,電子工業,進榜,準備,22.94,85.0,1.0,0,1.5,-1.6,40.6,0.0,23.2,1.0,0.5,-2.0,39.2,-0.6,2019-07
2019-07-18,8213,志超,電子工業,進榜,準備,24.35,73.0,2.0,0,-3.1,-1.6,-2.9,0.0,24.7,1.3,-4.3,-2.0,-4.2,-0.6,2019-07
2019-07-18,1227,佳格,食品工業,進榜,準備,45.1,71.0,1.0,0,-2.7,-1.6,2.2,0.0,45.1,0.0,-2.7,-2.0,2.2,-0.6,2019-07
2019-07-18,5457,宣德,電子零組件業,進榜,準備,58.61,71.0,2.0,0,-7.5,-1.6,-6.5,0.0,58.5,-0.3,-7.2,-2.0,-6.3,-0.6,2019-07
2019-07-18,9802,鈺齊-KY,其他,移出,逾期,56.7,91.0,,56,,,,,,,,,,,2019-07
2019-07-18,9914,美利達,其他,移出,掉出掃描母體,155.57,73.0,,2,,,,,,,,,,,2019-07
2019-07-18,8462,柏文,觀光事業,移出,離高點太遠,187.02,97.0,,52,,,,,,,,,,,2019-07
2019-07-18,6125,廣運,光電業,移出,掉出掃描母體,10.86,88.0,,14,,,,,,,,,,,2019-07
2019-07-19,1256,鮮活果汁-KY,食品工業,進榜,觸發,183.61,97.0,2.0,0,-15.0,-1.6,-15.2,-0.2,186.0,1.3,-16.1,-1.8,-16.3,-0.5,2019-07
2019-07-19,1256,鮮活果汁-KY,食品工業,觸發,進榜即觸發,183.61,97.0,2.0,0,-15.0,-1.6,-15.2,-0.2,186.0,1.3,-16.1,-1.8,-16.3,-0.5,2019-07
2019-07-19,8028,昇陽半導體,半導體業,進榜,觸發,45.73,92.0,4.0,0,41.8,-1.6,24.5,-0.2,47.2,3.2,37.4,-1.8,20.6,-0.5,2019-07
2019-07-19,8028,昇陽半導體,半導體業,觸發,進榜即觸發,45.73,92.0,4.0,0,41.8,-1.6,24.5,-0.2,47.2,3.2,37.4,-1.8,20.6,-0.5,2019-07
2019-07-19,9914,美利達,其他,進榜,準備,161.18,76.0,2.0,0,-6.5,-1.6,-12.0,-0.2,161.2,0.0,-6.5,-1.8,-12.0,-0.5,2019-07
2019-07-19,8039,台虹,電子工業,進榜,準備,31.7,73.0,1.0,0,-5.0,-1.6,-5.7,-0.2,31.7,0.0,-5.0,-1.8,-5.7,-0.5,2019-07
2019-07-19,2345,智邦,通信網路業,進榜,準備,116.03,71.0,2.0,0,15.2,-1.6,43.6,-0.2,116.5,0.4,14.7,-1.8,43.0,-0.5,2019-07
2019-07-19,6472,保瑞,生技醫療業,觸發,等待後觸發,43.51,88.0,3.0,15,10.2,-1.6,20.6,-0.2,44.5,2.2,7.8,-1.8,17.9,-0.5,2019-07
2019-07-19,2385,群光,電子工業,移出,掉出掃描母體,52.64,72.0,,44,,,,,,,,,,,2019-07
2019-07-19,1227,佳格,食品工業,移出,掉出掃描母體,45.1,71.0,,1,,,,,,,,,,,2019-07
2019-07-19,5457,宣德,電子零組件業,移出,掉出掃描母體,58.61,71.0,,1,,,,,,,,,,,2019-07
2019-07-19,6290,良維,電子零組件業,移出,掉出掃描母體,37.28,74.0,,7,,,,,,,,,,,2019-07
2019-07-22,5215,科嘉-KY,電腦及週邊設備業,進榜,準備,34.35,98.0,1.0,0,15.1,-1.7,48.3,0.0,34.3,0.0,15.1,-2.0,48.3,-0.3,2019-07
2019-07-22,3527,聚積,半導體業,進榜,準備,93.17,76.0,2.0,0,4.1,-1.7,-2.6,0.0,94.7,1.6,2.4,-2.0,-4.2,-0.3,2019-07
2019-07-22,6426,統新,通信網路業,進榜,準備,90.37,74.0,2.0,0,17.3,-1.7,17.7,0.0,92.0,1.8,15.2,-2.0,15.6,-0.3,2019-07
2019-07-22,3105,穩懋,半導體業,觸發,等待後觸發,227.75,98.0,1.0,20,3.3,-1.7,16.3,0.0,232.1,1.9,1.3,-2.0,14.2,-0.3,2019-07
2019-07-22,2345,智邦,通信網路業,觸發,等待後觸發,119.98,70.0,2.0,3,12.1,-1.7,37.0,0.0,121.3,1.1,10.9,-2.0,35.5,-0.3,2019-07
2019-07-22,2201,裕隆,汽車工業,移出,掉出掃描母體,29.91,72.0,,7,,,,,,,,,,,2019-07
2019-07-23,2612,中航,航運業,進榜,觸發,30.86,84.0,1.0,0,-20.5,-1.3,-21.5,0.0,30.3,-1.7,-19.1,-1.5,-20.1,-0.3,2019-07
2019-07-23,2612,中航,航運業,觸發,進榜即觸發,30.86,84.0,1.0,0,-20.5,-1.3,-21.5,0.0,30.3,-1.7,-19.1,-1.5,-20.1,-0.3,2019-07
2019-07-23,3376,新日興,電子零組件業,進榜,觸發,88.41,82.0,3.0,0,-1.6,-1.3,2.1,0.0,90.5,2.4,-3.9,-1.5,-0.3,-0.3,2019-07
2019-07-23,3376,新日興,電子零組件業,觸發,進榜即觸發,88.41,82.0,3.0,0,-1.6,-1.3,2.1,0.0,90.5,2.4,-3.9,-1.5,-0.3,-0.3,2019-07
2019-07-23,6163,華電網,通信網路業,進榜,準備,18.09,88.0,2.0,0,-18.3,-1.3,-19.6,0.0,18.6,3.0,-20.7,-1.5,-22.0,-0.3,2019-07
2019-07-23,2408,南亞科,半導體業,進榜,準備,62.67,87.0,2.0,0,-2.9,-1.3,-1.9,0.0,62.1,-0.8,-2.1,-1.5,-1.1,-0.3,2019-07
2019-07-23,3056,富華新,建材營造,進榜,準備,7.44,85.0,1.0,0,4.0,-1.3,8.3,0.0,7.6,2.3,1.7,-1.5,5.8,-0.3,2019-07
2019-07-23,2615,萬海,航運業,進榜,準備,11.39,71.0,1.0,0,-1.3,-1.3,-6.6,0.0,11.6,1.8,-3.0,-1.5,-8.3,-0.3,2019-07
2019-07-23,6271,同欣電,半導體業,進榜,準備,115.08,71.0,1.0,0,5.1,-1.3,5.1,0.0,116.0,0.8,4.3,-1.5,4.3,-0.3,2019-07
2019-07-23,2385,群光,電子工業,進榜,準備,52.84,70.0,1.0,0,6.5,-1.3,13.2,0.0,52.4,-0.9,7.4,-1.5,14.2,-0.3,2019-07
2019-07-23,1229,聯華,食品工業,移出,掉出掃描母體,17.33,71.0,,11,,,,,,,,,,,2019-07
2019-07-23,9914,美利達,其他,移出,掉出掃描母體,159.18,71.0,,4,,,,,,,,,,,2019-07
2019-07-23,9921,巨大,其他,移出,掉出掃描母體,192.71,82.0,,154,,,,,,,,,,,2019-07
2019-07-23,1201,味全,食品工業,移出,掉出掃描母體,25.66,85.0,,56,,,,,,,,,,,2019-07
2019-07-23,2345,智邦,通信網路業,移出,掉出掃描母體,119.98,70.0,,4,,,,,,,,,,,2019-07
2019-07-24,2455,全新,通信網路業,進榜,準備,85.75,86.0,2.0,0,-3.8,-1.5,16.3,0.0,86.6,1.0,-4.7,-1.7,15.2,-0.5,2019-07
2019-07-24,3144,新揚科,電子零組件業,進榜,準備,28.68,79.0,2.0,0,2.7,-1.5,3.0,0.0,28.5,-0.6,3.3,-1.7,3.7,-0.5,2019-07
2019-07-24,6146,耕興,其他電子類,進榜,準備,133.87,77.0,1.0,0,4.5,-1.5,-6.0,0.0,129.5,-3.3,8.0,-1.7,-2.8,-0.5,2019-07
2019-07-24,3611,鼎翰,電腦及週邊設備業,進榜,準備,164.09,75.0,2.0,0,0.2,-1.5,-6.1,0.0,164.4,0.2,0.0,-1.7,-6.3,-0.5,2019-07
2019-07-24,6290,良維,電子零組件業,進榜,準備,40.08,74.0,1.0,0,22.2,-1.5,29.0,0.0,40.7,1.4,20.5,-1.7,27.2,-0.5,2019-07
2019-07-24,9914,美利達,其他,進榜,準備,157.98,73.0,2.0,0,-5.1,-1.5,-11.6,0.0,159.2,0.8,-5.8,-1.7,-12.2,-0.5,2019-07
2019-07-24,1229,聯華,食品工業,進榜,準備,17.31,71.0,1.0,0,-5.6,-1.5,-0.8,0.0,17.3,0.0,-5.6,-1.7,-0.8,-0.5,2019-07
2019-07-24,2345,智邦,通信網路業,進榜,準備,119.54,71.0,2.0,0,14.0,-1.5,40.4,0.0,119.5,0.0,14.0,-1.7,40.4,-0.5,2019-07
2019-07-24,9946,三發地產,建材營造,觸發,等待後觸發,13.73,96.0,2.0,21,16.1,-1.5,12.0,0.0,13.7,-0.2,16.3,-1.7,12.3,-0.5,2019-07
2019-07-24,3527,聚積,半導體業,觸發,等待後觸發,99.23,79.0,2.0,2,-3.1,-1.5,-4.2,0.0,100.0,0.8,-3.8,-1.7,-4.9,-0.5,2019-07
2019-07-24,3056,富華新,建材營造,移出,掉出掃描母體,7.44,85.0,,1,,,,,,,,,,,2019-07
2019-07-24,2385,群光,電子工業,移出,掉出掃描母體,52.84,70.0,,1,,,,,,,,,,,2019-07
2019-07-24,5876,上海商銀,金融保險,移出,掉出掃描母體,39.67,79.0,,69,,,,,,,,,,,2019-07
2019-07-24,2707,晶華,觀光事業,移出,掉出掃描母體,117.21,75.0,,44,,,,,,,,,,,2019-07
2019-07-24,1102,亞泥,水泥工業,移出,掉出掃描母體,28.28,71.0,,33,,,,,,,,,,,2019-07
2019-07-24,6558,興能高,其他電子業,移出,掉出掃描母體,62.81,74.0,,23,,,,,,,,,,,2019-07
2019-07-24,2313,華通,電子工業,移出,掉出掃描母體,22.27,77.0,,6,,,,,,,,,,,2019-07
2019-07-25,3491,昇達科,通信網路業,進榜,觸發,84.83,74.0,3.0,0,10.3,-1.8,-3.3,-0.0,84.8,0.0,10.3,-1.9,-3.3,-0.2,2019-07
2019-07-25,3491,昇達科,通信網路業,觸發,進榜即觸發,84.83,74.0,3.0,0,10.3,-1.8,-3.3,-0.0,84.8,0.0,10.3,-1.9,-3.3,-0.2,2019-07
2019-07-25,2344,華邦電,半導體業,觸發,等待後觸發,16.56,81.0,1.0,9,-5.4,-1.8,-3.2,-0.0,16.7,1.1,-6.4,-1.9,-4.3,-0.2,2019-07
2019-07-25,6271,同欣電,半導體業,移出,掉出掃描母體,117.27,73.0,,2,,,,,,,,,,,2019-07
2019-07-25,2345,智邦,通信網路業,移出,掉出掃描母體,119.54,71.0,,1,,,,,,,,,,,2019-07
2019-07-25,5904,寶雅,貿易百貨,移出,逾期,30.97,78.0,,56,,,,,,,,,,,2019-07
2019-07-26,3056,富華新,建材營造,進榜,準備,7.57,87.0,1.0,0,3.1,-2.7,7.9,-0.0,7.7,1.5,1.6,-2.9,6.4,-0.4,2019-07
2019-07-26,2201,裕隆,汽車工業,進榜,準備,31.53,78.0,2.0,0,-13.4,-2.7,-17.8,-0.0,31.5,0.0,-13.4,-2.9,-17.8,-0.4,2019-07
2019-07-26,6143,振曜,通信網路業,進榜,準備,32.12,72.0,1.0,0,-12.4,-2.7,-8.6,-0.0,32.6,1.4,-13.6,-2.9,-9.9,-0.4,2019-07
2019-07-26,4401,東隆興,紡織纖維,進榜,準備,38.3,71.0,1.0,0,-20.3,-2.7,-7.5,-0.0,38.5,0.4,-20.7,-2.9,-7.9,-0.4,2019-07
2019-07-26,1504,東元,電機機械,移出,掉出掃描母體,18.74,74.0,,9,,,,,,,,,,,2019-07
2019-07-26,3611,鼎翰,電腦及週邊設備業,移出,掉出掃描母體,163.15,71.0,,2,,,,,,,,,,,2019-07
2019-07-26,6290,良維,電子零組件業,移出,掉出掃描母體,40.3,73.0,,2,,,,,,,,,,,2019-07
2019-07-26,9914,美利達,其他,移出,掉出掃描母體,159.98,74.0,,2,,,,,,,,,,,2019-07
2019-07-26,1229,聯華,食品工業,移出,掉出掃描母體,17.47,70.0,,2,,,,,,,,,,,2019-07
2019-07-26,2454,聯發科,半導體業,移出,逾期,217.07,71.0,,56,,,,,,,,,,,2019-07
2019-07-26,3324,雙鴻,其他電子類,移出,掉出掃描母體,135.09,72.0,,37,,,,,,,,,,,2019-07
2019-07-26,2612,中航,航運業,移出,掉出掃描母體,28.72,72.0,,3,,,,,,,,,,,2019-07
2019-07-29,6558,興能高,其他電子業,進榜,觸發,69.39,79.0,3.0,0,-10.8,-2.4,-3.9,-0.3,69.0,-0.6,-10.3,-2.6,-3.3,-0.7,2019-07
2019-07-29,6558,興能高,其他電子業,觸發,進榜即觸發,69.39,79.0,3.0,0,-10.8,-2.4,-3.9,-0.3,69.0,-0.6,-10.3,-2.6,-3.3,-0.7,2019-07
2019-07-29,6191,精成科,電子工業,進榜,觸發,14.04,78.0,3.0,0,-2.8,-2.4,-1.4,-0.3,14.4,2.3,-5.0,-2.6,-3.6,-0.7,2019-07
2019-07-29,6191,精成科,電子工業,觸發,進榜即觸發,14.04,78.0,3.0,0,-2.8,-2.4,-1.4,-0.3,14.4,2.3,-5.0,-2.6,-3.6,-0.7,2019-07
2019-07-29,1229,聯華,食品工業,進榜,觸發,17.87,71.0,1.0,0,-10.7,-2.4,-4.1,-0.3,17.9,0.1,-10.8,-2.6,-4.2,-0.7,2019-07
2019-07-29,1229,聯華,食品工業,觸發,進榜即觸發,17.87,71.0,1.0,0,-10.7,-2.4,-4.1,-0.3,17.9,0.1,-10.8,-2.6,-4.2,-0.7,2019-07
2019-07-29,6486,互動,通信網路業,進榜,準備,42.11,82.0,3.0,0,4.8,-2.4,3.6,-0.3,42.2,0.3,4.5,-2.6,3.4,-0.7,2019-07
2019-07-29,1504,東元,電機機械,進榜,準備,18.51,72.0,1.0,0,4.6,-2.4,10.0,-0.3,18.5,0.0,4.6,-2.6,10.0,-0.7,2019-07
2019-07-29,3380,明泰,通信網路業,進榜,準備,18.79,71.0,1.0,0,8.9,-2.4,1.5,-0.3,19.0,1.1,7.8,-2.6,0.4,-0.7,2019-07
2019-07-29,2884,玉山金,金融保險,移出,掉出掃描母體,16.21,72.0,,20,,,,,,,,,,,2019-07
2019-07-29,3527,聚積,半導體業,移出,掉出掃描母體,99.23,79.0,,7,,,,,,,,,,,2019-07
2019-07-29,3376,新日興,電子零組件業,移出,掉出掃描母體,89.47,75.0,,6,,,,,,,,,,,2019-07
2019-07-29,3491,昇達科,通信網路業,移出,掉出掃描母體,85.59,75.0,,4,,,,,,,,,,,2019-07
2019-07-29,3044,健鼎,電子工業,移出,掉出掃描母體,75.59,74.0,,38,,,,,,,,,,,2019-07
2019-07-29,6533,晶心科,電子工業,移出,掉出掃描母體,133.21,76.0,,11,,,,,,,,,,,2019-07
2019-07-30,9914,美利達,其他,進榜,準備,157.98,72.0,2.0,0,-9.0,-1.6,-11.0,0.0,158.8,0.5,-9.4,-1.7,-11.5,-0.3,2019-07
2019-07-30,3529,力旺,半導體業,移出,掉出掃描母體,363.02,74.0,,32,,,,,,,,,,,2019-07
2019-07-30,4119,旭富,化學生技醫療,移出,掉出掃描母體,66.97,76.0,,32,,,,,,,,,,,2019-07
2019-07-30,6143,振曜,通信網路業,移出,掉出掃描母體,32.83,78.0,,4,,,,,,,,,,,2019-07
2019-07-30,3017,奇鋐,電子工業,移出,晚期未觸發,34.33,83.0,,29,,,,,,,,,,,2019-07
2019-07-30,1784,訊聯,生技醫療業,移出,離高點太遠,40.91,82.0,,28,,,,,,,,,,,2019-07
2019-07-30,1762,中化生,化學生技醫療,移出,離高點太遠,29.34,87.0,,18,,,,,,,,,,,2019-07
2019-07-30,1795,美時,化學生技醫療,移出,掉出掃描母體,108.99,92.0,,14,,,,,,,,,,,2019-07
2019-07-30,1256,鮮活果汁-KY,食品工業,移出,突破失敗,165.88,92.0,,11,,,,,,,,,,,2019-07
2019-07-31,9935,慶豐富,其他,進榜,觸發,19.5,75.0,1.0,0,28.2,-1.6,66.3,0.0,19.4,-0.7,29.1,-1.4,67.6,0.0,2019-07
2019-07-31,9935,慶豐富,其他,觸發,進榜即觸發,19.5,75.0,1.0,0,28.2,-1.6,66.3,0.0,19.4,-0.7,29.1,-1.4,67.6,0.0,2019-07
2019-07-31,6269,台郡,電子工業,進榜,觸發,75.91,71.0,1.0,0,-2.8,-1.6,9.7,0.0,76.5,0.8,-3.6,-1.4,8.8,0.0,2019-07
2019-07-31,6269,台郡,電子工業,觸發,進榜即觸發,75.91,71.0,1.0,0,-2.8,-1.6,9.7,0.0,76.5,0.8,-3.6,-1.4,8.8,0.0,2019-07
2019-07-31,3324,雙鴻,其他電子類,進榜,準備,136.37,77.0,3.0,0,25.0,-1.6,46.6,0.0,134.2,-1.6,27.0,-1.4,48.9,0.0,2019-07
2019-07-31,6274,台燿,電子零組件業,進榜,準備,93.81,77.0,3.0,0,5.3,-1.6,5.7,0.0,92.4,-1.6,7.0,-1.4,7.4,0.0,2019-07
2019-07-31,6271,同欣電,半導體業,進榜,準備,118.18,72.0,1.0,0,-10.1,-1.6,6.2,0.0,116.4,-1.6,-8.7,-1.4,7.9,0.0,2019-07
2019-07-31,1229,聯華,食品工業,移出,掉出掃描母體,17.71,74.0,,2,,,,,,,,,,,2019-07
2019-07-31,9914,美利達,其他,移出,掉出掃描母體,157.98,72.0,,1,,,,,,,,,,,2019-07
2019-07-31,8299,群聯,半導體業,移出,掉出掃描母體,246.65,81.0,,26,,,,,,,,,,,2019-07
2019-07-31,1519,華城,電機機械,移出,掉出掃描母體,17.03,80.0,,13,,,,,,,,,,,2019-07
2019-07-31,4401,東隆興,紡織纖維,移出,掉出掃描母體,38.76,79.0,,5,,,,,,,,,,,2019-07
2019-08-01,3491,昇達科,通信網路業,進榜,觸發,87.51,80.0,3.0,0,2.6,-0.8,-8.7,0.0,86.7,-0.9,3.5,-0.4,-7.9,0.3,2019-08
2019-08-01,3491,昇達科,通信網路業,觸發,進榜即觸發,87.51,80.0,3.0,0,2.6,-0.8,-8.7,0.0,86.7,-0.9,3.5,-0.4,-7.9,0.3,2019-08
2019-08-01,9802,鈺齊-KY,其他,進榜,準備,65.67,94.0,2.0,0,-5.1,-0.8,33.9,0.0,64.8,-1.3,-3.8,-0.4,35.7,0.3,2019-08
2019-08-01,6415,矽力*-KY,半導體業,進榜,準備,154.03,86.0,2.0,0,8.7,-0.8,33.6,0.0,152.6,-0.9,9.7,-0.4,34.9,0.3,2019-08
2019-08-01,2228,劍麟,汽車工業,進榜,準備,74.05,80.0,1.0,0,23.1,-0.8,28.3,0.0,73.0,-1.4,24.9,-0.4,30.1,0.3,2019-08
2019-08-01,2480,敦陽科,資訊服務業,進榜,準備,37.71,80.0,2.0,0,-8.9,-0.8,-1.3,0.0,36.9,-2.1,-6.9,-0.4,0.9,0.3,2019-08
2019-08-01,3376,新日興,電子零組件業,進榜,準備,89.47,76.0,3.0,0,-1.9,-0.8,-1.1,0.0,88.4,-1.2,-0.8,-0.4,0.1,0.3,2019-08
2019-08-01,1229,聯華,食品工業,進榜,準備,17.69,72.0,1.0,0,-5.9,-0.8,-3.5,0.0,17.6,-0.3,-5.6,-0.4,-3.3,0.3,2019-08
2019-08-01,6163,華電網,通信網路業,移出,掉出掃描母體,16.91,77.0,,9,,,,,,,,,,,2019-08
2019-08-01,6191,精成科,電子工業,移出,掉出掃描母體,13.6,74.0,,3,,,,,,,,,,,2019-08
2019-08-01,6269,台郡,電子工業,移出,掉出掃描母體,75.91,71.0,,1,,,,,,,,,,,2019-08
2019-08-02,6409,旭隼,其他電子業,進榜,準備,506.62,74.0,2.0,0,1.9,0.2,7.7,0.9,508.1,0.3,1.6,0.4,7.4,1.0,2019-08
2019-08-02,5434,崇越,電子工業,進榜,準備,61.72,70.0,1.0,0,7.5,0.2,12.8,0.9,61.8,0.1,7.4,0.4,12.7,1.0,2019-08
2019-08-02,3363,上詮,通信網路業,移出,離高點太遠,36.72,80.0,,23,,,,,,,,,,,2019-08
2019-08-02,8446,華研,文化創意業,移出,掉出掃描母體,79.38,86.0,,23,,,,,,,,,,,2019-08
2019-08-02,3049,精金,電子工業,移出,離高點太遠,12.76,93.0,,16,,,,,,,,,,,2019-08
2019-08-02,8039,台虹,電子工業,移出,掉出掃描母體,31.81,71.0,,14,,,,,,,,,,,2019-08
2019-08-02,6558,興能高,其他電子業,移出,突破失敗,61.61,76.0,,4,,,,,,,,,,,2019-08
2019-08-02,6274,台燿,電子零組件業,移出,掉出掃描母體,92.72,71.0,,2,,,,,,,,,,,2019-08
2019-08-05,9955,佳龍,其他,進榜,準備,21.06,98.0,2.0,0,-1.6,1.2,-11.2,2.0,22.4,6.5,-7.7,2.8,-16.7,3.8,2019-08
2019-08-05,2520,冠德,建材營造,進榜,準備,15.39,89.0,2.0,0,5.5,1.2,11.8,2.0,15.2,-1.3,6.8,2.8,13.3,3.8,2019-08
2019-08-05,2228,劍麟,汽車工業,觸發,等待後觸發,83.48,94.0,1.0,4,7.9,1.2,13.4,2.0,81.4,-2.5,10.7,2.8,16.3,3.8,2019-08
2019-08-05,4536,拓凱,其他,移出,掉出掃描母體,117.06,79.0,,56,,,,,,,,,,,2019-08
2019-08-05,4728,雙美,生技醫療業,移出,掉出掃描母體,63.77,95.0,,52,,,,,,,,,,,2019-08
2019-08-05,6679,鈺太,半導體業,移出,離高點太遠,86.77,87.0,,40,,,,,,,,,,,2019-08
2019-08-05,8924,大田,其他,移出,離高點太遠,25.96,99.0,,39,,,,,,,,,,,2019-08
2019-08-05,3217,優群,電子零組件業,移出,掉出掃描母體,38.71,88.0,,35,,,,,,,,,,,2019-08
2019-08-05,6217,中探針,電子零組件業,移出,掉出掃描母體,26.59,92.0,,35,,,,,,,,,,,2019-08
2019-08-05,3037,欣興,電子工業,移出,晚期未觸發,31.11,92.0,,35,,,,,,,,,,,2019-08
2019-08-05,6472,保瑞,生技醫療業,移出,離高點太遠,46.34,96.0,,32,,,,,,,,,,,2019-08
2019-08-05,3218,大學光,生技醫療業,移出,離高點太遠,27.06,89.0,,27,,,,,,,,,,,2019-08
2019-08-05,8081,致新,半導體業,移出,掉出掃描母體,59.74,85.0,,24,,,,,,,,,,,2019-08
2019-08-05,6415,矽力*-KY,半導體業,移出,離高點太遠,142.51,79.0,,4,,,,,,,,,,,2019-08
2019-08-06,5289,宜鼎,電腦及週邊設備業,進榜,準備,81.97,73.0,1.0,0,9.8,1.9,16.8,2.7,82.9,1.1,8.6,1.6,15.5,2.3,2019-08
2019-08-06,3324,雙鴻,其他電子類,觸發,等待後觸發,155.12,94.0,3.0,6,-2.7,1.9,27.7,2.7,158.5,2.2,-4.8,1.6,25.0,2.3,2019-08
2019-08-06,3293,鈊象,文化創意業,觸發,等待後觸發,59.33,98.0,3.0,47,29.2,1.9,21.1,2.7,61.1,3.0,25.4,1.6,17.6,2.3,2019-08
2019-08-06,5434,崇越,電子工業,移出,掉出掃描母體,61.37,73.0,,4,,,,,,,,,,,2019-08
2019-08-06,2520,冠德,建材營造,移出,掉出掃描母體,15.39,89.0,,1,,,,,,,,,,,2019-08
2019-08-06,9938,百和,其他,移出,逾期,64.41,83.0,,56,,,,,,,,,,,2019-08
2019-08-06,4438,廣越,紡織纖維,移出,掉出掃描母體,115.2,71.0,,29,,,,,,,,,,,2019-08
2019-08-06,2387,精元,電子工業,移出,離高點太遠,23.31,99.0,,28,,,,,,,,,,,2019-08
2019-08-06,6486,互動,通信網路業,移出,掉出掃描母體,39.75,84.0,,8,,,,,,,,,,,2019-08
2019-08-06,3376,新日興,電子零組件業,移出,掉出掃描母體,83.46,71.0,,5,,,,,,,,,,,2019-08
2019-08-07,2520,冠德,建材營造,進榜,準備,15.67,88.0,3.0,0,5.5,1.9,11.4,2.5,15.6,-0.7,6.3,1.8,12.2,2.3,2019-08
2019-08-07,5434,崇越,電子工業,進榜,準備,62.01,73.0,1.0,0,8.1,1.9,12.9,2.5,62.3,0.5,7.6,1.8,12.4,2.3,2019-08
2019-08-07,8358,金居,電子零組件業,進榜,準備,26.02,73.0,1.0,0,38.8,1.9,24.8,2.5,26.0,-0.1,39.0,1.8,25.0,2.3,2019-08
2019-08-07,6271,同欣電,半導體業,移出,掉出掃描母體,112.23,74.0,,7,,,,,,,,,,,2019-08
2019-08-07,6409,旭隼,其他電子業,移出,掉出掃描母體,488.84,73.0,,5,,,,,,,,,,,2019-08
2019-08-08,3338,泰碩,電子工業,進榜,觸發,55.61,97.0,5.0,0,31.3,1.5,34.1,1.5,57.6,3.6,26.7,1.4,29.4,1.6,2019-08
2019-08-08,3338,泰碩,電子工業,觸發,進榜即觸發,55.61,97.0,5.0,0,31.3,1.5,34.1,1.5,57.6,3.6,26.7,1.4,29.4,1.6,2019-08
2019-08-08,2345,智邦,通信網路業,進榜,觸發,132.73,84.0,4.0,0,8.6,1.5,15.2,1.5,128.3,-3.3,12.3,1.4,19.2,1.6,2019-08
2019-08-08,2345,智邦,通信網路業,觸發,進榜即觸發,132.73,84.0,4.0,0,8.6,1.5,15.2,1.5,128.3,-3.3,12.3,1.4,19.2,1.6,2019-08
2019-08-08,3479,安勤,電腦及週邊設備業,進榜,準備,45.69,91.0,1.0,0,23.2,1.5,26.2,1.5,46.3,1.4,21.5,1.4,24.5,1.6,2019-08
2019-08-08,5904,寶雅,貿易百貨,進榜,準備,31.43,84.0,1.0,0,-3.6,1.5,-8.2,1.5,31.4,0.0,-3.6,1.4,-8.2,1.6,2019-08
2019-08-08,6415,矽力*-KY,半導體業,進榜,準備,158.1,83.0,1.0,0,3.9,1.5,30.8,1.5,155.7,-1.5,5.5,1.4,32.8,1.6,2019-08
2019-08-08,6486,互動,通信網路業,進榜,準備,41.34,83.0,3.0,0,8.1,1.5,8.1,1.5,41.2,-0.3,8.4,1.4,8.4,1.6,2019-08
2019-08-08,6274,台燿,電子零組件業,進榜,準備,100.02,79.0,3.0,0,4.5,1.5,-3.5,1.5,100.0,0.0,4.5,1.4,-3.5,1.6,2019-08
2019-08-08,6669,緯穎,電子工業,進榜,準備,333.88,79.0,2.0,0,7.9,1.5,21.1,1.5,331.9,-0.6,8.5,1.4,21.9,1.6,2019-08
2019-08-08,5388,中磊,電子工業,進榜,準備,59.87,75.0,1.0,0,5.8,1.5,0.8,1.5,60.1,0.4,5.4,1.4,0.4,1.6,2019-08
2019-08-08,4935,茂林-KY,光電業,觸發,等待後觸發,49.79,98.0,1.0,28,3.4,1.5,31.7,1.5,49.6,-0.3,3.7,1.4,32.1,1.6,2019-08
2019-08-08,5434,崇越,電子工業,移出,掉出掃描母體,62.01,73.0,,1,,,,,,,,,,,2019-08
2019-08-08,4107,邦特,生技醫療業,移出,掉出掃描母體,93.82,71.0,,27,,,,,,,,,,,2019-08
2019-08-08,4994,傳奇,資訊服務業,移出,晚期未觸發,117.19,94.0,,24,,,,,,,,,,,2019-08
2019-08-08,8213,志超,電子工業,移出,掉出掃描母體,23.5,71.0,,21,,,,,,,,,,,2019-08
2019-08-08,5289,宜鼎,電腦及週邊設備業,移出,掉出掃描母體,81.34,74.0,,2,,,,,,,,,,,2019-08
2019-08-12,2453,凌群,資訊服務業,進榜,觸發,14.29,95.0,3.0,0,-19.1,1.1,-16.7,1.2,13.8,-3.4,-16.2,1.3,-13.7,1.7,2019-08
2019-08-12,2453,凌群,資訊服務業,觸發,進榜即觸發,14.29,95.0,3.0,0,-19.1,1.1,-16.7,1.2,13.8,-3.4,-16.2,1.3,-13.7,1.7,2019-08
2019-08-12,2385,群光,電子工業,進榜,觸發,56.65,81.0,1.0,0,3.1,1.1,7.0,1.2,56.6,0.0,3.1,1.3,7.0,1.7,2019-08
2019-08-12,2385,群光,電子工業,觸發,進榜即觸發,56.65,81.0,1.0,0,3.1,1.1,7.0,1.2,56.6,0.0,3.1,1.3,7.0,1.7,2019-08
2019-08-12,6217,中探針,電子零組件業,進榜,準備,30.96,96.0,2.0,0,3.6,1.1,-3.8,1.2,31.4,1.3,2.3,1.3,-5.1,1.7,2019-08
2019-08-12,8081,致新,半導體業,進榜,準備,66.38,90.0,3.0,0,14.4,1.1,24.8,1.2,66.7,0.5,13.8,1.3,24.1,1.7,2019-08
2019-08-12,6244,茂迪,光電業,進榜,準備,17.1,87.0,2.0,0,-20.0,1.1,-25.0,1.2,16.8,-1.6,-18.7,1.3,-23.8,1.7,2019-08
2019-08-12,6672,騰輝電子-KY,電子工業,進榜,準備,67.88,82.0,2.0,0,-0.3,1.1,0.3,1.2,67.2,-1.0,0.7,1.3,1.3,1.7,2019-08
2019-08-12,2454,聯發科,半導體業,進榜,準備,223.65,76.0,2.0,0,18.4,1.1,28.2,1.2,222.6,-0.5,19.0,1.3,28.8,1.7,2019-08
2019-08-12,6409,旭隼,其他電子業,進榜,準備,514.02,72.0,2.0,0,-0.7,1.1,7.6,1.2,514.0,0.0,-0.7,1.3,7.6,1.7,2019-08
2019-08-12,5434,崇越,電子工業,進榜,準備,62.79,71.0,1.0,0,5.8,1.1,12.2,1.2,62.8,0.0,5.8,1.3,12.2,1.7,2019-08
2019-08-12,3056,富華新,建材營造,觸發,等待後觸發,7.79,86.0,1.0,17,-4.1,1.1,7.7,1.2,7.8,0.0,-4.1,1.3,7.7,1.7,2019-08
2019-08-12,8358,金居,電子零組件業,觸發,等待後觸發,29.46,85.0,1.0,5,22.0,1.1,7.6,1.2,29.9,1.3,20.5,1.3,6.2,1.7,2019-08
2019-08-12,1229,聯華,食品工業,移出,掉出掃描母體,17.44,74.0,,11,,,,,,,,,,,2019-08
2019-08-12,3169,亞信,半導體業,移出,掉出掃描母體,37.08,86.0,,38,,,,,,,,,,,2019-08
2019-08-12,6146,耕興,其他電子類,移出,掉出掃描母體,137.9,72.0,,19,,,,,,,,,,,2019-08
2019-08-13,5305,敦南,半導體業,進榜,觸發,38.8,86.0,2.0,0,5.8,1.5,7.3,1.1,40.6,4.6,1.1,1.0,2.6,0.7,2019-08
2019-08-13,5305,敦南,半導體業,觸發,進榜即觸發,38.8,86.0,2.0,0,5.8,1.5,7.3,1.1,40.6,4.6,1.1,1.0,2.6,0.7,2019-08
2019-08-13,3044,健鼎,電子工業,進榜,準備,77.72,81.0,3.0,0,2.3,1.5,25.1,1.1,79.8,2.7,-0.4,1.0,21.8,0.7,2019-08
2019-08-13,6290,良維,電子零組件業,進榜,準備,41.66,74.0,1.0,0,11.9,1.5,27.7,1.1,44.4,6.6,5.0,1.0,19.8,0.7,2019-08
2019-08-13,6146,耕興,其他電子類,進榜,準備,138.9,73.0,1.0,0,-3.1,1.5,-7.7,1.1,138.2,-0.5,-2.7,1.0,-7.3,0.7,2019-08
2019-08-13,3029,零壹,資訊服務業,移出,逾期,22.17,94.0,,56,,,,,,,,,,,2019-08
2019-08-13,9935,慶豐富,其他,移出,掉出掃描母體,21.07,82.0,,13,,,,,,,,,,,2019-08
2019-08-13,9941,裕融,其他,移出,掉出掃描母體,49.11,72.0,,34,,,,,,,,,,,2019-08
2019-08-13,2344,華邦電,半導體業,移出,離高點太遠,15.13,73.0,,28,,,,,,,,,,,2019-08
2019-08-13,2201,裕隆,汽車工業,移出,掉出掃描母體,30.54,74.0,,18,,,,,,,,,,,2019-08
2019-08-14,6683,雍智科技,半導體業,進榜,觸發,126.58,89.0,1.0,0,36.8,1.4,45.5,1.1,124.1,-2.0,39.5,2.4,48.5,2.2,2019-08
2019-08-14,6683,雍智科技,半導體業,觸發,進榜即觸發,126.58,89.0,1.0,0,36.8,1.4,45.5,1.1,124.1,-2.0,39.5,2.4,48.5,2.2,2019-08
2019-08-14,8924,大田,其他,進榜,準備,31.36,100.0,2.0,0,-6.3,1.4,-9.4,1.1,30.8,-1.7,-4.6,2.4,-7.8,2.2,2019-08
2019-08-14,9921,巨大,其他,進榜,準備,200.42,87.0,2.0,0,-7.7,1.4,-7.7,1.1,196.4,-2.0,-5.8,2.4,-5.8,2.2,2019-08
2019-08-14,8210,勤誠,電子工業,進榜,準備,53.75,81.0,2.0,0,4.8,1.4,12.9,1.1,52.7,-1.9,6.9,2.4,15.1,2.2,2019-08
2019-08-14,9935,慶豐富,其他,進榜,準備,21.03,75.0,1.0,0,14.9,1.4,67.5,1.1,20.7,-1.4,16.5,2.4,69.8,2.2,2019-08
2019-08-14,5274,信驊,半導體業,進榜,準備,580.6,74.0,2.0,0,6.7,1.4,7.2,1.1,568.4,-2.1,9.0,2.4,9.5,2.2,2019-08
2019-08-14,5215,科嘉-KY,電腦及週邊設備業,觸發,等待後觸發,41.87,99.0,1.0,23,1.4,1.4,5.7,1.1,41.5,-0.9,2.3,2.4,6.7,2.2,2019-08
2019-08-14,6290,良維,電子零組件業,觸發,等待後觸發,45.8,85.0,1.0,1,-0.2,1.4,17.0,1.1,45.5,-0.6,0.5,2.4,17.7,2.2,2019-08
2019-08-14,8081,致新,半導體業,觸發,等待後觸發,70.32,93.0,3.0,2,13.6,1.4,10.3,1.1,68.4,-2.8,16.8,2.4,13.5,2.2,2019-08
2019-08-14,6230,尼得科超眾,電子工業,移出,離高點太遠,234.07,96.0,,34,,,,,,,,,,,2019-08
2019-08-14,6244,茂迪,光電業,移出,離高點太遠,15.27,74.0,,2,,,,,,,,,,,2019-08
2019-08-14,2453,凌群,資訊服務業,移出,突破失敗,12.22,86.0,,2,,,,,,,,,,,2019-08
2019-08-15,2485,兆赫,通信網路業,進榜,觸發,24.0,72.0,1.0,0,-3.3,2.4,-16.0,1.9,24.2,0.6,-3.9,2.0,-16.6,1.8,2019-08
2019-08-15,2485,兆赫,通信網路業,觸發,進榜即觸發,24.0,72.0,1.0,0,-3.3,2.4,-16.0,1.9,24.2,0.6,-3.9,2.0,-16.6,1.8,2019-08
2019-08-15,6411,晶焱,半導體業,進榜,準備,71.39,91.0,3.0,0,1.2,2.4,-11.4,1.9,74.1,3.7,-2.4,2.0,-14.6,1.8,2019-08
2019-08-15,8105,凌巨,光電業,進榜,準備,13.88,91.0,1.0,0,-0.3,2.4,-7.3,1.9,14.2,2.4,-2.7,2.0,-9.6,1.8,2019-08
2019-08-15,8016,矽創,半導體業,進榜,準備,86.29,74.0,3.0,0,23.2,2.4,16.3,1.9,86.3,0.0,23.2,2.0,16.3,1.8,2019-08
2019-08-15,9935,慶豐富,其他,移出,掉出掃描母體,21.03,75.0,,1,,,,,,,,,,,2019-08
2019-08-15,2615,萬海,航運業,移出,離高點太遠,11.53,76.0,,23,,,,,,,,,,,2019-08
2019-08-15,6146,耕興,其他電子類,移出,掉出掃描母體,137.56,71.0,,2,,,,,,,,,,,2019-08
2019-08-16,2313,華通,電子工業,進榜,準備,23.29,84.0,2.0,0,22.9,1.5,76.9,1.0,23.8,2.4,20.0,1.3,72.8,0.8,2019-08
2019-08-16,8105,凌巨,光電業,觸發,等待後觸發,15.24,95.0,1.0,1,-11.1,1.5,-18.2,1.0,15.5,1.9,-12.8,1.3,-19.7,0.8,2019-08
2019-08-16,9921,巨大,其他,移出,掉出掃描母體,195.55,87.0,,2,,,,,,,,,,,2019-08
2019-08-16,5274,信驊,半導體業,移出,掉出掃描母體,569.93,73.0,,2,,,,,,,,,,,2019-08
2019-08-16,6426,統新,通信網路業,移出,晚期未觸發,87.91,85.0,,25,,,,,,,,,,,2019-08
2019-08-16,5904,寶雅,貿易百貨,移出,掉出掃描母體,30.29,81.0,,8,,,,,,,,,,,2019-08
2019-08-16,2485,兆赫,通信網路業,移出,掉出掃描母體,24.0,72.0,,1,,,,,,,,,,,2019-08
2019-08-19,3661,世芯-KY,半導體業,進榜,觸發,107.45,88.0,4.0,0,21.2,1.0,107.5,0.8,108.9,1.3,19.7,0.9,104.8,0.7,2019-08
2019-08-19,3661,世芯-KY,半導體業,觸發,進榜即觸發,107.45,88.0,4.0,0,21.2,1.0,107.5,0.8,108.9,1.3,19.7,0.9,104.8,0.7,2019-08
2019-08-19,5607,遠雄港,航運業,進榜,準備,14.78,76.0,2.0,0,-4.9,1.0,0.1,0.8,14.8,0.4,-5.3,0.9,-0.4,0.7,2019-08
2019-08-19,4566,時碩工業,電機機械,進榜,準備,42.78,75.0,1.0,0,0.0,1.0,3.5,0.8,43.8,2.3,-2.3,0.9,1.1,0.7,2019-08
2019-08-19,5274,信驊,半導體業,進榜,準備,605.74,75.0,2.0,0,2.9,1.0,8.9,0.8,605.7,0.0,2.9,0.9,8.9,0.7,2019-08
2019-08-19,6412,群電,電子工業,進榜,準備,39.99,75.0,1.0,0,-0.7,1.0,8.9,0.8,40.3,0.9,-1.5,0.9,8.0,0.7,2019-08
2019-08-19,4107,邦特,生技醫療業,進榜,準備,100.84,72.0,3.0,0,-5.3,1.0,-0.0,0.8,101.6,0.7,-6.0,0.9,-0.7,0.7,2019-08
2019-08-19,1604,聲寶,電器電纜,進榜,準備,10.91,71.0,1.0,0,0.6,1.0,16.2,0.8,10.9,-0.3,0.9,0.9,16.6,0.7,2019-08
2019-08-19,2376,技嘉,電子工業,進榜,準備,36.42,71.0,3.0,0,0.8,1.0,-3.4,0.8,36.9,1.4,-0.6,0.9,-4.8,0.7,2019-08
2019-08-19,2454,聯發科,半導體業,觸發,等待後觸發,244.42,81.0,2.0,7,8.5,1.0,19.5,0.8,243.4,-0.4,9.0,0.9,20.1,0.7,2019-08
2019-08-19,8016,矽創,半導體業,觸發,等待後觸發,94.35,89.0,3.0,4,10.4,1.0,5.1,0.8,97.0,2.8,7.4,0.9,2.2,0.7,2019-08
2019-08-19,1215,卜蜂,食品工業,移出,掉出掃描母體,45.47,72.0,,56,,,,,,,,,,,2019-08
2019-08-19,2480,敦陽科,資訊服務業,移出,掉出掃描母體,34.88,71.0,,18,,,,,,,,,,,2019-08
2019-08-20,6192,巨路,其他電子業,進榜,觸發,72.66,87.0,1.0,0,-10.5,1.2,-22.5,0.8,73.4,1.0,-11.3,1.1,-23.2,0.8,2019-08
2019-08-20,6192,巨路,其他電子業,觸發,進榜即觸發,72.66,87.0,1.0,0,-10.5,1.2,-22.5,0.8,73.4,1.0,-11.3,1.1,-23.2,0.8,2019-08
2019-08-20,6245,立端,通信網路業,進榜,觸發,49.87,73.0,2.0,0,-5.1,1.2,-12.6,0.8,49.9,0.0,-5.1,1.1,-12.6,0.8,2019-08
2019-08-20,6245,立端,通信網路業,觸發,進榜即觸發,49.87,73.0,2.0,0,-5.1,1.2,-12.6,0.8,49.9,0.0,-5.1,1.1,-12.6,0.8,2019-08
2019-08-20,6426,統新,通信網路業,進榜,準備,105.98,95.0,3.0,0,-4.7,1.2,14.1,0.8,110.9,4.7,-9.0,1.1,9.0,0.8,2019-08
2019-08-20,6679,鈺太,半導體業,進榜,準備,97.9,84.0,2.0,0,5.2,1.2,28.7,0.8,97.9,0.0,5.2,1.1,28.7,0.8,2019-08
2019-08-20,3317,尼克森,半導體業,進榜,準備,27.78,79.0,2.0,0,2.7,1.2,4.5,0.8,27.2,-2.0,4.8,1.1,6.6,0.8,2019-08
2019-08-20,6271,同欣電,半導體業,進榜,準備,120.47,78.0,2.0,0,-11.4,1.2,-1.1,0.8,120.9,0.4,-11.7,1.1,-1.5,0.8,2019-08
2019-08-20,9935,慶豐富,其他,進榜,準備,22.01,74.0,1.0,0,14.5,1.2,60.8,0.8,22.0,0.0,14.5,1.1,60.8,0.8,2019-08
2019-08-20,6141,柏承,電子工業,進榜,準備,22.26,71.0,1.0,0,-5.5,1.2,-9.3,0.8,22.3,0.2,-5.7,1.1,-9.5,0.8,2019-08
2019-08-20,5274,信驊,半導體業,觸發,等待後觸發,647.65,86.0,2.0,1,-3.9,1.2,6.6,0.8,643.1,-0.7,-3.2,1.1,7.3,0.8,2019-08
2019-08-20,4107,邦特,生技醫療業,移出,掉出掃描母體,100.84,72.0,,1,,,,,,,,,,,2019-08
2019-08-21,3083,網龍,文化創意業,進榜,觸發,62.02,90.0,6.0,0,41.7,0.9,27.1,0.6,64.1,3.3,37.1,0.8,23.0,0.2,2019-08
2019-08-21,3083,網龍,文化創意業,觸發,進榜即觸發,62.02,90.0,6.0,0,41.7,0.9,27.1,0.6,64.1,3.3,37.1,0.8,23.0,0.2,2019-08
2019-08-21,6125,廣運,光電業,進榜,觸發,11.76,90.0,2.0,0,-3.2,0.9,-5.4,0.6,12.2,3.5,-6.4,0.8,-8.5,0.2,2019-08
2019-08-21,6125,廣運,光電業,觸發,進榜即觸發,11.76,90.0,2.0,0,-3.2,0.9,-5.4,0.6,12.2,3.5,-6.4,0.8,-8.5,0.2,2019-08
2019-08-21,8499,鼎炫-KY,其他,進榜,觸發,122.94,89.0,3.0,0,-4.9,0.9,-15.7,0.6,124.7,1.4,-6.3,0.8,-16.9,0.2,2019-08
2019-08-21,8499,鼎炫-KY,其他,觸發,進榜即觸發,122.94,89.0,3.0,0,-4.9,0.9,-15.7,0.6,124.7,1.4,-6.3,0.8,-16.9,0.2,2019-08
2019-08-21,5243,乙盛-KY,電子工業,進榜,準備,35.68,79.0,1.0,0,-5.0,0.9,-13.6,0.6,36.0,0.9,-5.8,0.8,-14.4,0.2,2019-08
2019-08-21,6672,騰輝電子-KY,電子工業,觸發,等待後觸發,75.74,89.0,2.0,9,-8.1,0.9,-11.2,0.6,73.6,-2.9,-5.3,0.8,-8.5,0.2,2019-08
2019-08-21,6426,統新,通信網路業,觸發,等待後觸發,115.84,97.0,3.0,1,-16.4,0.9,5.4,0.6,113.0,-2.5,-14.3,0.8,8.1,0.2,2019-08
2019-08-21,6141,柏承,電子工業,觸發,等待後觸發,23.83,79.0,1.0,1,-12.6,0.9,-14.0,0.6,23.5,-1.2,-11.5,0.8,-12.9,0.2,2019-08
2019-08-21,2313,華通,電子工業,觸發,等待後觸發,24.16,84.0,2.0,5,20.8,0.9,65.4,0.6,24.5,1.3,19.2,0.8,63.2,0.2,2019-08
2019-08-21,1604,聲寶,電器電纜,移出,掉出掃描母體,10.91,72.0,,2,,,,,,,,,,,2019-08
2019-08-21,2404,漢唐,其他電子業,移出,掉出掃描母體,99.44,87.0,,51,,,,,,,,,,,2019-08
2019-08-21,4766,南寶,化學工業,移出,掉出掃描母體,120.04,71.0,,41,,,,,,,,,,,2019-08
2019-08-22,8431,匯鑽科,其他電子類,進榜,觸發,60.66,96.0,1.0,0,1.6,1.2,-17.1,0.5,60.1,-0.8,2.4,1.1,-16.4,0.5,2019-08
2019-08-22,8431,匯鑽科,其他電子類,觸發,進榜即觸發,60.66,96.0,1.0,0,1.6,1.2,-17.1,0.5,60.1,-0.8,2.4,1.1,-16.4,0.5,2019-08
2019-08-22,5356,協益,電腦及週邊設備業,進榜,準備,23.38,94.0,1.0,0,-10.5,1.2,-15.8,0.5,24.7,5.7,-15.4,1.1,-20.4,0.5,2019-08
2019-08-22,3218,大學光,生技醫療業,進榜,準備,29.98,86.0,3.0,0,26.0,1.2,59.1,0.5,30.2,0.6,25.2,1.1,58.1,0.5,2019-08
2019-08-22,3042,晶技,電子工業,進榜,準備,28.66,71.0,2.0,0,0.4,1.2,-5.3,0.5,28.9,0.7,-0.4,1.1,-6.0,0.5,2019-08
2019-08-22,6224,聚鼎,電子零組件業,進榜,準備,49.3,71.0,3.0,0,1.8,1.2,3.5,0.5,49.5,0.3,1.5,1.1,3.2,0.5,2019-08
2019-08-22,1736,喬山,化學生技醫療,移出,離高點太遠,76.87,97.0,,91,,,,,,,,,,,2019-08
2019-08-22,4164,承業醫,化學生技醫療,移出,離高點太遠,33.52,78.0,,38,,,,,,,,,,,2019-08
2019-08-23,4551,智伸科,汽車工業,進榜,準備,121.91,79.0,1.0,0,3.0,1.3,21.3,0.4,118.2,-3.0,6.3,2.2,25.1,1.3,2019-08
2019-08-23,3711,日月光投控,半導體業,進榜,準備,52.68,71.0,1.0,0,3.4,1.3,9.8,0.4,51.4,-2.4,5.9,2.2,12.5,1.3,2019-08
2019-08-23,6669,緯穎,電子工業,移出,掉出掃描母體,368.72,77.0,,15,,,,,,,,,,,2019-08
2019-08-23,3042,晶技,電子工業,移出,掉出掃描母體,28.66,71.0,,1,,,,,,,,,,,2019-08
2019-08-23,3704,合勤控,通信網路業,移出,掉出掃描母體,22.19,87.0,,39,,,,,,,,,,,2019-08
2019-08-23,5215,科嘉-KY,電腦及週邊設備業,移出,離高點太遠,37.85,98.0,,32,,,,,,,,,,,2019-08
2019-08-23,3144,新揚科,電子零組件業,移出,掉出掃描母體,29.45,71.0,,30,,,,,,,,,,,2019-08
2019-08-23,9955,佳龍,其他,移出,晚期未觸發,19.79,92.0,,18,,,,,,,,,,,2019-08
2019-08-23,5274,信驊,半導體業,移出,掉出掃描母體,615.65,81.0,,4,,,,,,,,,,,2019-08
2019-08-26,4119,旭富,化學生技醫療,進榜,準備,65.99,75.0,3.0,0,2.0,2.2,11.9,1.4,66.3,0.5,1.5,1.9,11.3,1.1,2019-08
2019-08-26,6411,晶焱,半導體業,觸發,等待後觸發,89.23,97.0,3.0,11,-18.6,2.2,-28.2,1.4,92.1,3.2,-21.2,1.9,-30.4,1.1,2019-08
2019-08-26,4551,智伸科,汽車工業,移出,掉出掃描母體,121.91,79.0,,3,,,,,,,,,,,2019-08
2019-08-26,3711,日月光投控,半導體業,移出,掉出掃描母體,52.68,71.0,,3,,,,,,,,,,,2019-08
2019-08-26,2732,六角,觀光事業,移出,離高點太遠,122.89,97.0,,94,,,,,,,,,,,2019-08
2019-08-26,2461,光群雷,其他電子業,移出,逾期,17.57,97.0,,56,,,,,,,,,,,2019-08
2019-08-26,4163,鐿鈦,生技醫療業,移出,掉出掃描母體,93.83,78.0,,56,,,,,,,,,,,2019-08
2019-08-26,8086,宏捷科,半導體業,移出,掉出掃描母體,61.31,92.0,,47,,,,,,,,,,,2019-08
2019-08-26,2455,全新,通信網路業,移出,掉出掃描母體,81.08,84.0,,33,,,,,,,,,,,2019-08
2019-08-26,2228,劍麟,汽車工業,移出,離高點太遠,90.12,93.0,,25,,,,,,,,,,,2019-08
2019-08-26,6217,中探針,電子零組件業,移出,離高點太遠,28.54,93.0,,14,,,,,,,,,,,2019-08
2019-08-26,5607,遠雄港,航運業,移出,掉出掃描母體,14.57,73.0,,7,,,,,,,,,,,2019-08
2019-08-26,4566,時碩工業,電機機械,移出,掉出掃描母體,41.79,71.0,,7,,,,,,,,,,,2019-08
2019-08-26,6271,同欣電,半導體業,移出,掉出掃描母體,113.6,73.0,,6,,,,,,,,,,,2019-08
2019-08-26,8499,鼎炫-KY,其他,移出,突破失敗,112.33,85.0,,5,,,,,,,,,,,2019-08
2019-08-27,6664,群翊,電子零組件業,進榜,觸發,55.12,88.0,1.0,0,-11.9,1.5,-13.8,1.3,56.1,1.8,-13.5,1.5,-15.3,1.1,2019-08
2019-08-27,6664,群翊,電子零組件業,觸發,進榜即觸發,55.12,88.0,1.0,0,-11.9,1.5,-13.8,1.3,56.1,1.8,-13.5,1.5,-15.3,1.1,2019-08
2019-08-27,3004,豐達科,鋼鐵工業,進榜,觸發,85.3,84.0,3.0,0,-10.1,1.5,-8.3,1.3,86.5,1.4,-11.3,1.5,-9.6,1.1,2019-08
2019-08-27,3004,豐達科,鋼鐵工業,觸發,進榜即觸發,85.3,84.0,3.0,0,-10.1,1.5,-8.3,1.3,86.5,1.4,-11.3,1.5,-9.6,1.1,2019-08
2019-08-27,4142,國光生,化學生技醫療,進榜,觸發,23.98,77.0,2.0,0,5.4,1.5,6.0,1.3,24.2,0.8,4.5,1.5,5.1,1.1,2019-08
2019-08-27,4142,國光生,化學生技醫療,觸發,進榜即觸發,23.98,77.0,2.0,0,5.4,1.5,6.0,1.3,24.2,0.8,4.5,1.5,5.1,1.1,2019-08
2019-08-27,4551,智伸科,汽車工業,進榜,準備,122.32,77.0,1.0,0,-1.0,1.5,19.9,1.3,123.6,1.0,-2.0,1.5,18.7,1.1,2019-08
2019-08-27,3479,安勤,電腦及週邊設備業,觸發,等待後觸發,58.45,97.0,1.0,19,-0.9,1.5,-2.9,1.3,58.1,-0.6,-0.2,1.5,-2.3,1.1,2019-08
2019-08-27,6224,聚鼎,電子零組件業,移出,掉出掃描母體,47.55,71.0,,5,,,,,,,,,,,2019-08
2019-08-28,8088,品安,半導體業,進榜,準備,16.66,93.0,3.0,0,-0.2,1.3,8.3,1.4,16.9,1.7,-1.9,1.2,6.5,1.2,2019-08
2019-08-28,6224,聚鼎,電子零組件業,進榜,準備,49.15,73.0,3.0,0,5.9,1.3,4.3,1.4,49.8,1.4,4.4,1.2,2.9,1.2,2019-08
2019-08-28,6121,新普,電腦及週邊設備業,進榜,準備,164.81,71.0,3.0,0,0.6,1.3,18.8,1.4,165.1,0.2,0.4,1.2,18.6,1.2,2019-08
2019-08-28,3218,大學光,生技醫療業,觸發,等待後觸發,33.23,94.0,3.0,6,19.5,1.3,53.7,1.4,34.8,4.6,14.3,1.2,47.0,1.2,2019-08
2019-08-28,6245,立端,通信網路業,移出,掉出掃描母體,50.61,75.0,,8,,,,,,,,,,,2019-08
2019-08-29,3144,新揚科,電子零組件業,進榜,準備,30.67,80.0,2.0,0,-2.9,0.4,-10.9,1.1,31.3,2.1,-4.9,0.1,-12.7,0.8,2019-08
2019-08-29,5263,智崴,文化創意業,進榜,準備,194.67,79.0,3.0,0,-5.0,0.4,-16.3,1.1,198.3,1.9,-6.7,0.1,-17.8,0.8,2019-08
2019-08-29,6191,精成科,電子工業,進榜,準備,14.12,78.0,3.0,0,-4.2,0.4,-2.5,1.1,14.4,1.7,-5.8,0.1,-4.2,0.8,2019-08
2019-08-29,2338,光罩,半導體業,進榜,準備,25.76,77.0,2.0,0,-1.8,0.4,5.7,1.1,25.8,0.3,-2.2,0.1,5.4,0.8,2019-08
2019-08-29,2485,兆赫,通信網路業,進榜,準備,24.5,71.0,1.0,0,-5.5,0.4,-15.9,1.1,25.0,1.8,-7.2,0.1,-17.4,0.8,2019-08
2019-08-29,6568,宏觀,半導體業,移出,逾期,151.38,84.0,,56,,,,,,,,,,,2019-08
2019-08-29,8028,昇陽半導體,半導體業,移出,離高點太遠,54.4,94.0,,41,,,,,,,,,,,2019-08
2019-08-30,4728,雙美,生技醫療業,進榜,觸發,79.36,96.0,4.0,0,-14.0,0.2,-11.9,0.6,83.6,5.4,-18.4,0.0,-16.3,0.6,2019-08
2019-08-30,4728,雙美,生技醫療業,觸發,進榜即觸發,79.36,96.0,4.0,0,-14.0,0.2,-11.9,0.6,83.6,5.4,-18.4,0.0,-16.3,0.6,2019-08
2019-08-30,3231,緯創,電子工業,進榜,準備,17.84,70.0,2.0,0,3.2,0.2,14.7,0.6,17.9,0.2,3.0,0.0,14.4,0.6,2019-08
2019-08-30,2376,技嘉,電子工業,移出,掉出掃描母體,37.71,72.0,,11,,,,,,,,,,,2019-08
2019-08-30,6121,新普,電腦及週邊設備業,移出,掉出掃描母體,165.45,70.0,,2,,,,,,,,,,,2019-08
2019-08-30,2485,兆赫,通信網路業,移出,掉出掃描母體,24.5,71.0,,1,,,,,,,,,,,2019-08
2019-08-30,6683,雍智科技,半導體業,移出,離高點太遠,169.71,98.0,,16,,,,,,,,,,,2019-08
2019-09-02,3707,漢磊,半導體業,進榜,觸發,27.73,88.0,2.0,0,-2.6,0.0,-7.2,0.0,27.7,0.0,-2.6,-0.3,-7.2,-0.1,2019-09
2019-09-02,3707,漢磊,半導體業,觸發,進榜即觸發,27.73,88.0,2.0,0,-2.6,0.0,-7.2,0.0,27.7,0.0,-2.6,-0.3,-7.2,-0.1,2019-09
2019-09-02,2337,旺宏,半導體業,進榜,觸發,24.73,86.0,1.0,0,7.1,0.0,9.3,0.0,24.7,0.0,7.1,-0.3,9.3,-0.1,2019-09
2019-09-02,2337,旺宏,半導體業,觸發,進榜即觸發,24.73,86.0,1.0,0,7.1,0.0,9.3,0.0,24.7,0.0,7.1,-0.3,9.3,-0.1,2019-09
2019-09-02,3376,新日興,電子零組件業,進榜,觸發,96.52,80.0,3.0,0,-9.5,0.0,-5.3,0.0,96.1,-0.4,-9.1,-0.3,-4.9,-0.1,2019-09
2019-09-02,3376,新日興,電子零組件業,觸發,進榜即觸發,96.52,80.0,3.0,0,-9.5,0.0,-5.3,0.0,96.1,-0.4,-9.1,-0.3,-4.9,-0.1,2019-09
2019-09-02,6462,神盾,半導體業,進榜,觸發,205.42,79.0,4.0,0,-3.9,0.0,-17.4,0.0,204.7,-0.4,-3.6,-0.3,-17.1,-0.1,2019-09
2019-09-02,6462,神盾,半導體業,觸發,進榜即觸發,205.42,79.0,4.0,0,-3.9,0.0,-17.4,0.0,204.7,-0.4,-3.6,-0.3,-17.1,-0.1,2019-09
2019-09-02,6166,凌華,電腦及週邊設備業,進榜,觸發,46.97,72.0,1.0,0,-7.0,0.0,-12.0,0.0,47.2,0.6,-7.6,-0.3,-12.5,-0.1,2019-09
2019-09-02,6166,凌華,電腦及週邊設備業,觸發,進榜即觸發,46.97,72.0,1.0,0,-7.0,0.0,-12.0,0.0,47.2,0.6,-7.6,-0.3,-12.5,-0.1,2019-09
2019-09-02,2360,致茂,其他電子業,進榜,觸發,133.13,71.0,2.0,0,-2.5,0.0,-11.7,0.0,133.1,0.0,-2.5,-0.3,-11.7,-0.1,2019-09
2019-09-02,2360,致茂,其他電子業,觸發,進榜即觸發,133.13,71.0,2.0,0,-2.5,0.0,-11.7,0.0,133.1,0.0,-2.5,-0.3,-11.7,-0.1,2019-09
2019-09-02,3029,零壹,資訊服務業,進榜,準備,22.67,88.0,3.0,0,-3.2,0.0,-11.4,0.0,22.7,0.3,-3.5,-0.3,-11.6,-0.1,2019-09
2019-09-02,3169,亞信,半導體業,進榜,準備,38.68,83.0,3.0,0,-12.0,0.0,-18.3,0.0,39.5,2.2,-13.9,-0.3,-20.0,-0.1,2019-09
2019-09-02,8150,南茂,電子工業,進榜,準備,21.92,79.0,3.0,0,5.6,0.0,9.8,0.0,22.0,0.3,5.3,-0.3,9.4,-0.1,2019-09
2019-09-02,3042,晶技,電子工業,進榜,準備,29.22,76.0,2.0,0,-4.5,0.0,-0.7,0.0,29.7,1.7,-6.1,-0.3,-2.4,-0.1,2019-09
2019-09-02,8039,台虹,電子工業,進榜,準備,31.84,72.0,3.0,0,-3.6,0.0,-0.2,0.0,32.0,0.6,-4.1,-0.3,-0.8,-0.1,2019-09
2019-09-02,6257,矽格,半導體業,進榜,準備,23.64,70.0,2.0,0,-0.6,0.0,3.4,0.0,23.9,1.0,-1.6,-0.3,2.3,-0.1,2019-09
2019-09-02,6679,鈺太,半導體業,觸發,等待後觸發,113.65,94.0,2.0,13,-8.2,0.0,13.9,0.0,113.2,-0.4,-7.9,-0.3,14.3,-0.1,2019-09
2019-09-02,3144,新揚科,電子零組件業,觸發,等待後觸發,33.35,84.0,2.0,4,-6.0,0.0,-12.4,0.0,34.3,2.9,-8.6,-0.3,-14.8,-0.1,2019-09
2019-09-02,3056,富華新,建材營造,移出,掉出掃描母體,7.79,78.0,,38,,,,,,,,,,,2019-09
2019-09-02,6409,旭隼,其他電子業,移出,掉出掃描母體,522.17,74.0,,21,,,,,,,,,,,2019-09
2019-09-02,3231,緯創,電子工業,移出,掉出掃描母體,17.84,70.0,,3,,,,,,,,,,,2019-09
2019-09-02,3324,雙鴻,其他電子類,移出,離高點太遠,151.29,91.0,,33,,,,,,,,,,,2019-09
2019-09-03,2323,中環,光電業,進榜,準備,10.32,77.0,1.0,0,-12.0,-0.1,-20.0,-0.2,10.6,2.3,-13.9,-0.2,-21.7,-0.4,2019-09
2019-09-03,1569,濱川,電腦及週邊設備業,進榜,準備,17.8,74.0,1.0,0,-4.4,-0.1,12.0,-0.2,17.9,0.4,-4.8,-0.2,11.5,-0.4,2019-09
2019-09-03,2606,裕民,航運業,進榜,準備,25.41,72.0,3.0,0,-9.0,-0.1,-7.6,-0.2,25.4,0.1,-9.1,-0.2,-7.7,-0.4,2019-09
2019-09-03,3260,威剛,半導體業,進榜,準備,37.1,72.0,1.0,0,-3.2,-0.1,-1.9,-0.2,37.5,1.2,-4.3,-0.2,-3.1,-0.4,2019-09
2019-09-03,2340,台亞,光電業,進榜,準備,23.01,71.0,2.0,0,-6.4,-0.1,-5.5,-0.2,22.9,-0.4,-6.0,-0.2,-5.1,-0.4,2019-09
2019-09-03,5289,宜鼎,電腦及週邊設備業,進榜,準備,89.36,70.0,1.0,0,4.9,-0.1,14.3,-0.2,89.0,-0.4,5.3,-0.2,14.7,-0.4,2019-09
2019-09-03,3044,健鼎,電子工業,移出,掉出掃描母體,80.56,71.0,,21,,,,,,,,,,,2019-09
2019-09-03,6412,群電,電子工業,移出,掉出掃描母體,39.92,71.0,,15,,,,,,,,,,,2019-09
2019-09-03,8039,台虹,電子工業,移出,掉出掃描母體,31.84,72.0,,1,,,,,,,,,,,2019-09
2019-09-03,3338,泰碩,電子工業,移出,離高點太遠,71.99,100.0,,26,,,,,,,,,,,2019-09
2019-09-03,6141,柏承,電子工業,移出,掉出掃描母體,24.12,78.0,,14,,,,,,,,,,,2019-09
2019-09-03,3004,豐達科,鋼鐵工業,移出,掉出掃描母體,82.08,75.0,,7,,,,,,,,,,,2019-09
2019-09-03,2360,致茂,其他電子業,移出,掉出掃描母體,133.13,71.0,,1,,,,,,,,,,,2019-09
2019-09-04,5258,虹堡,電子工業,進榜,觸發,24.1,96.0,4.0,0,-3.2,-0.6,-5.1,-0.3,23.8,-1.2,-2.1,-0.9,-4.0,-0.7,2019-09
2019-09-04,5258,虹堡,電子工業,觸發,進榜即觸發,24.1,96.0,4.0,0,-3.2,-0.6,-5.1,-0.3,23.8,-1.2,-2.1,-0.9,-4.0,-0.7,2019-09
2019-09-04,1762,中化生,化學生技醫療,進榜,觸發,32.51,88.0,3.0,0,-10.2,-0.6,-0.8,-0.3,32.9,1.3,-11.3,-0.9,-2.1,-0.7,2019-09
2019-09-04,1762,中化生,化學生技醫療,觸發,進榜即觸發,32.51,88.0,3.0,0,-10.2,-0.6,-0.8,-0.3,32.9,1.3,-11.3,-0.9,-2.1,-0.7,2019-09
2019-09-04,3374,精材,半導體業,進榜,準備,44.35,80.0,2.0,0,-2.0,-0.6,32.7,-0.3,45.0,1.5,-3.5,-0.9,30.7,-0.7,2019-09
2019-09-04,3056,富華新,建材營造,進榜,準備,7.66,74.0,1.0,0,-1.2,-0.6,19.0,-0.3,7.7,0.0,-1.2,-0.9,19.0,-0.7,2019-09
2019-09-04,1522,堤維西,汽車工業,進榜,準備,23.93,72.0,1.0,0,-2.3,-0.6,-7.8,-0.3,23.9,0.0,-2.3,-0.9,-7.8,-0.7,2019-09
2019-09-04,2323,中環,光電業,觸發,等待後觸發,11.36,87.0,1.0,1,-19.6,-0.6,-29.7,-0.3,11.7,3.2,-22.1,-0.9,-31.8,-0.7,2019-09
2019-09-04,2606,裕民,航運業,移出,掉出掃描母體,25.41,72.0,,1,,,,,,,,,,,2019-09
2019-09-04,2340,台亞,光電業,移出,掉出掃描母體,23.01,71.0,,1,,,,,,,,,,,2019-09
2019-09-04,5289,宜鼎,電腦及週邊設備業,移出,掉出掃描母體,89.36,70.0,,1,,,,,,,,,,,2019-09
2019-09-04,4728,雙美,生技醫療業,移出,離高點太遠,80.41,95.0,,5,,,,,,,,,,,2019-09
2019-09-05,6217,中探針,電子零組件業,進榜,準備,33.34,94.0,3.0,0,-11.3,-0.6,-11.1,-0.5,33.1,-0.8,-10.6,-0.9,-10.3,-0.8,2019-09
2019-09-05,3312,弘憶股,電子工業,進榜,準備,10.28,91.0,3.0,0,-0.9,-0.6,0.0,-0.5,10.3,0.0,-0.9,-0.9,0.0,-0.8,2019-09
2019-09-05,8039,台虹,電子工業,進榜,準備,31.95,73.0,3.0,0,-4.9,-0.6,0.4,-0.5,31.8,-0.4,-4.5,-0.9,0.9,-0.8,2019-09
2019-09-05,3044,健鼎,電子工業,進榜,準備,80.56,70.0,2.0,0,-2.6,-0.6,10.1,-0.5,80.9,0.4,-3.1,-0.9,9.6,-0.8,2019-09
2019-09-05,3056,富華新,建材營造,移出,掉出掃描母體,7.66,74.0,,1,,,,,,,,,,,2019-09
2019-09-05,4953,緯致,資訊服務業,移出,掉出掃描母體,89.59,70.0,,52,,,,,,,,,,,2019-09
2019-09-05,4119,旭富,化學生技醫療,移出,掉出掃描母體,64.94,72.0,,10,,,,,,,,,,,2019-09
2019-09-06,3483,力致,電腦及週邊設備業,進榜,準備,32.13,97.0,3.0,0,8.9,-0.8,24.1,-0.3,32.1,-0.2,9.1,-1.0,24.3,-0.6,2019-09
2019-09-06,8499,鼎炫-KY,其他,進榜,準備,125.6,91.0,3.0,0,-8.0,-0.8,-24.5,-0.3,125.6,0.0,-8.0,-1.0,-24.5,-0.6,2019-09
2019-09-06,2344,華邦電,半導體業,進榜,準備,16.38,82.0,3.0,0,-3.8,-0.8,2.2,-0.3,16.6,1.1,-4.9,-1.0,1.1,-0.6,2019-09
2019-09-06,8182,加高,電子零組件業,進榜,準備,16.5,75.0,3.0,0,-3.9,-0.8,43.9,-0.3,16.8,1.8,-5.6,-1.0,41.3,-0.6,2019-09
2019-09-06,3558,神準,通信網路業,進榜,準備,87.57,71.0,1.0,0,-1.3,-0.8,8.2,-0.3,87.6,0.0,-1.3,-1.0,8.2,-0.6,2019-09
2019-09-06,6269,台郡,電子工業,進榜,準備,78.85,70.0,1.0,0,-6.8,-0.8,9.2,-0.3,78.5,-0.5,-6.4,-1.0,9.7,-0.6,2019-09
2019-09-06,3169,亞信,半導體業,移出,掉出掃描母體,40.03,82.0,,4,,,,,,,,,,,2019-09
2019-09-06,1522,堤維西,汽車工業,移出,掉出掃描母體,23.64,71.0,,2,,,,,,,,,,,2019-09
2019-09-06,6176,瑞儀,光電業,移出,掉出掃描母體,93.97,74.0,,58,,,,,,,,,,,2019-09
2019-09-06,2449,京元電子,半導體業,移出,逾期,24.78,87.0,,56,,,,,,,,,,,2019-09
2019-09-06,6426,統新,通信網路業,移出,離高點太遠,99.3,93.0,,17,,,,,,,,,,,2019-09
2019-09-06,9935,慶豐富,其他,移出,掉出掃描母體,23.72,73.0,,17,,,,,,,,,,,2019-09
2019-09-06,6664,群翊,電子零組件業,移出,突破失敗,50.68,83.0,,10,,,,,,,,,,,2019-09
2019-09-09,5340,建榮,電子零組件業,進榜,觸發,59.23,100.0,5.0,0,6.2,-1.1,-3.7,0.0,59.8,1.0,5.1,-1.2,-4.6,-0.2,2019-09
2019-09-09,5340,建榮,電子零組件業,觸發,進榜即觸發,59.23,100.0,5.0,0,6.2,-1.1,-3.7,0.0,59.8,1.0,5.1,-1.2,-4.6,-0.2,2019-09
2019-09-09,9951,皇田,電機機械,進榜,準備,76.54,74.0,1.0,0,-5.7,-1.1,-10.0,0.0,78.1,2.0,-7.6,-1.2,-11.7,-0.2,2019-09
2019-09-09,3227,原相,半導體業,進榜,準備,82.16,73.0,1.0,0,-2.2,-1.1,14.8,0.0,82.5,0.4,-2.6,-1.2,14.3,-0.2,2019-09
2019-09-09,2376,技嘉,電子工業,進榜,準備,38.21,72.0,2.0,0,-7.4,-1.1,-5.3,0.0,38.2,0.0,-7.4,-1.2,-5.3,-0.2,2019-09
2019-09-09,8446,華研,文化創意業,進榜,準備,82.52,72.0,1.0,0,-6.5,-1.1,-0.1,0.0,82.2,-0.4,-6.1,-1.2,0.3,-0.2,2019-09
2019-09-09,9941,裕融,其他,進榜,準備,49.98,71.0,1.0,0,-4.4,-1.1,2.6,0.0,50.4,0.9,-5.2,-1.2,1.7,-0.2,2019-09
2019-09-09,3260,威剛,半導體業,移出,掉出掃描母體,37.1,72.0,,6,,,,,,,,,,,2019-09
2019-09-09,3558,神準,通信網路業,移出,掉出掃描母體,87.57,71.0,,3,,,,,,,,,,,2019-09
2019-09-09,6269,台郡,電子工業,移出,掉出掃描母體,78.85,70.0,,3,,,,,,,,,,,2019-09
2019-09-09,3653,健策,電子工業,移出,離高點太遠,110.76,76.0,,53,,,,,,,,,,,2019-09
2019-09-09,5388,中磊,電子工業,移出,掉出掃描母體,63.35,74.0,,32,,,,,,,,,,,2019-09
2019-09-09,5356,協益,電腦及週邊設備業,移出,離高點太遠,20.95,86.0,,18,,,,,,,,,,,2019-09
2019-09-09,3376,新日興,電子零組件業,移出,掉出掃描母體,92.49,72.0,,7,,,,,,,,,,,2019-09
2019-09-09,1762,中化生,化學生技醫療,移出,掉出掃描母體,31.24,86.0,,5,,,,,,,,,,,2019-09
2019-09-09,8039,台虹,電子工業,移出,掉出掃描母體,31.07,72.0,,4,,,,,,,,,,,2019-09
2019-09-10,2884,玉山金,金融保險,進榜,觸發,16.43,74.0,1.0,0,-0.8,-0.5,2.8,0.0,16.5,0.4,-1.1,-0.6,2.4,0.0,2019-09
2019-09-10,2884,玉山金,金融保險,觸發,進榜即觸發,16.43,74.0,1.0,0,-0.8,-0.5,2.8,0.0,16.5,0.4,-1.1,-0.6,2.4,0.0,2019-09
2019-09-10,6176,瑞儀,光電業,進榜,準備,97.24,80.0,3.0,0,-1.3,-0.5,0.4,0.0,98.9,1.7,-2.9,-0.6,-1.2,0.0,2019-09
2019-09-10,6239,力成,半導體業,進榜,準備,59.48,73.0,1.0,0,5.1,-0.5,12.2,0.0,59.8,0.5,4.6,-0.6,11.7,0.0,2019-09
2019-09-10,4919,新唐,半導體業,進榜,準備,42.61,71.0,1.0,0,-1.8,-0.5,-7.8,0.0,42.6,0.0,-1.8,-0.6,-7.8,0.0,2019-09
2019-09-10,3231,緯創,電子工業,進榜,準備,17.98,70.0,2.0,0,4.8,-0.5,16.3,0.0,18.0,0.0,4.8,-0.6,16.3,0.0,2019-09
2019-09-10,6121,新普,電腦及週邊設備業,進榜,準備,167.98,70.0,3.0,0,3.6,-0.5,16.2,0.0,168.3,0.2,3.4,-0.6,16.0,0.0,2019-09
2019-09-10,8446,華研,文化創意業,移出,掉出掃描母體,82.52,72.0,,1,,,,,,,,,,,2019-09
2019-09-10,6672,騰輝電子-KY,電子工業,移出,掉出掃描母體,67.66,71.0,,29,,,,,,,,,,,2019-09
2019-09-10,8924,大田,其他,移出,掉出掃描母體,28.9,99.0,,27,,,,,,,,,,,2019-09
2019-09-10,8105,凌巨,光電業,移出,離高點太遠,13.49,83.0,,26,,,,,,,,,,,2019-09
2019-09-10,6411,晶焱,半導體業,移出,離高點太遠,78.76,93.0,,26,,,,,,,,,,,2019-09
2019-09-11,1522,堤維西,汽車工業,進榜,準備,23.52,74.0,1.0,0,-2.8,-0.7,-7.9,0.0,23.8,1.1,-3.9,-0.9,-8.9,0.0,2019-09
2019-09-11,1319,東陽,汽車工業,進榜,準備,36.54,72.0,1.0,0,-1.7,-0.7,-4.7,0.0,36.7,0.5,-2.2,-0.9,-5.2,0.0,2019-09
2019-09-11,1227,佳格,食品工業,進榜,準備,47.89,70.0,1.0,0,-3.9,-0.7,8.8,0.0,48.0,0.2,-4.1,-0.9,8.6,0.0,2019-09
2019-09-11,3260,威剛,半導體業,進榜,準備,36.81,70.0,1.0,0,-3.8,-0.7,15.6,0.0,36.9,0.2,-4.0,-0.9,15.4,0.0,2019-09
2019-09-11,2376,技嘉,電子工業,移出,掉出掃描母體,38.21,73.0,,2,,,,,,,,,,,2019-09
2019-09-11,9941,裕融,其他,移出,掉出掃描母體,50.2,70.0,,2,,,,,,,,,,,2019-09
2019-09-11,3231,緯創,電子工業,移出,掉出掃描母體,17.98,70.0,,1,,,,,,,,,,,2019-09
2019-09-11,6121,新普,電腦及週邊設備業,移出,掉出掃描母體,167.98,70.0,,1,,,,,,,,,,,2019-09
2019-09-11,6192,巨路,其他電子業,移出,掉出掃描母體,69.05,81.0,,22,,,,,,,,,,,2019-09
2019-09-12,8039,台虹,電子工業,進榜,觸發,32.27,73.0,3.0,0,-9.0,-0.6,3.1,0.0,32.3,0.0,-9.0,-0.9,3.1,-0.0,2019-09
2019-09-12,8039,台虹,電子工業,觸發,進榜即觸發,32.27,73.0,3.0,0,-9.0,-0.6,3.1,0.0,32.3,0.0,-9.0,-0.9,3.1,-0.0,2019-09
2019-09-12,5289,宜鼎,電腦及週邊設備業,進榜,準備,94.74,77.0,1.0,0,-4.3,-0.6,11.7,0.0,96.1,1.4,-5.6,-0.9,10.1,-0.0,2019-09
2019-09-12,6121,新普,電腦及週邊設備業,進榜,準備,169.88,71.0,3.0,0,1.7,-0.6,14.9,0.0,170.8,0.6,1.1,-0.9,14.3,-0.0,2019-09
2019-09-12,6274,台燿,電子零組件業,觸發,等待後觸發,114.66,89.0,3.0,35,-17.1,-0.6,-7.2,0.0,113.5,-1.0,-16.3,-0.9,-6.3,-0.0,2019-09
2019-09-12,3044,健鼎,電子工業,觸發,等待後觸發,83.75,77.0,2.0,7,-7.6,-0.6,5.9,0.0,84.1,0.4,-8.0,-0.9,5.5,-0.0,2019-09
2019-09-12,4919,新唐,半導體業,移出,掉出掃描母體,43.03,71.0,,2,,,,,,,,,,,2019-09
2019-09-12,2884,玉山金,金融保險,移出,掉出掃描母體,16.46,73.0,,2,,,,,,,,,,,2019-09
2019-09-12,3680,家登,半導體業,移出,逾期,64.15,99.0,,56,,,,,,,,,,,2019-09
2019-09-16,6538,倉和,電子零組件業,進榜,準備,56.72,95.0,3.0,0,23.9,-0.3,120.7,0.0,57.3,1.0,22.7,-0.4,118.5,-0.1,2019-09
2019-09-16,2455,全新,通信網路業,進榜,準備,86.6,87.0,1.0,0,16.2,-0.3,11.3,0.0,87.4,1.0,15.0,-0.4,10.2,-0.1,2019-09
2019-09-16,6288,聯嘉,汽車工業,進榜,準備,19.22,75.0,1.0,0,3.7,-0.3,17.3,0.0,19.2,0.0,3.7,-0.4,17.3,-0.1,2019-09
2019-09-16,2884,玉山金,金融保險,進榜,準備,16.33,70.0,1.0,0,0.0,-0.3,4.0,0.0,16.3,-0.2,0.2,-0.4,4.2,-0.1,2019-09
2019-09-16,3711,日月光投控,半導體業,進榜,準備,53.72,70.0,1.0,0,7.4,-0.3,17.3,0.0,53.9,0.4,6.9,-0.4,16.9,-0.1,2019-09
2019-09-16,1522,堤維西,汽車工業,移出,掉出掃描母體,23.64,72.0,,5,,,,,,,,,,,2019-09
2019-09-16,6121,新普,電腦及週邊設備業,移出,掉出掃描母體,169.88,71.0,,4,,,,,,,,,,,2019-09
2019-09-16,1569,濱川,電腦及週邊設備業,移出,掉出掃描母體,18.27,70.0,,13,,,,,,,,,,,2019-09
2019-09-16,2323,中環,光電業,移出,掉出掃描母體,10.5,79.0,,13,,,,,,,,,,,2019-09
2019-09-17,8046,南電,電子工業,進榜,觸發,41.77,82.0,4.0,0,5.1,-0.3,-1.9,0.0,41.4,-0.8,6.0,-0.4,-1.1,-0.3,2019-09
2019-09-17,8046,南電,電子工業,觸發,進榜即觸發,41.77,82.0,4.0,0,5.1,-0.3,-1.9,0.0,41.4,-0.8,6.0,-0.4,-1.1,-0.3,2019-09
2019-09-17,5264,鎧勝-KY,電腦及週邊設備業,進榜,觸發,56.96,74.0,1.0,0,-3.8,-0.3,-21.0,0.0,57.0,0.0,-3.8,-0.4,-21.0,-0.3,2019-09
2019-09-17,5264,鎧勝-KY,電腦及週邊設備業,觸發,進榜即觸發,56.96,74.0,1.0,0,-3.8,-0.3,-21.0,0.0,57.0,0.0,-3.8,-0.4,-21.0,-0.3,2019-09
2019-09-17,9935,慶豐富,其他,進榜,準備,25.1,85.0,1.0,0,27.0,-0.3,16.8,0.0,25.1,0.0,27.0,-0.4,16.8,-0.3,2019-09
2019-09-17,1522,堤維西,汽車工業,進榜,準備,23.41,71.0,1.0,0,-6.3,-0.3,-7.9,0.0,23.5,0.3,-6.6,-0.4,-8.2,-0.3,2019-09
2019-09-17,2408,南亞科,半導體業,移出,逾期,71.08,91.0,,56,,,,,,,,,,,2019-09
2019-09-17,3483,力致,電腦及週邊設備業,移出,離高點太遠,29.49,95.0,,11,,,,,,,,,,,2019-09
2019-09-17,1227,佳格,食品工業,移出,掉出掃描母體,48.11,70.0,,6,,,,,,,,,,,2019-09
2019-09-17,8039,台虹,電子工業,移出,掉出掃描母體,32.09,71.0,,5,,,,,,,,,,,2019-09
2019-09-17,5243,乙盛-KY,電子工業,移出,掉出掃描母體,33.66,74.0,,27,,,,,,,,,,,2019-09
2019-09-18,2404,漢唐,其他電子業,進榜,觸發,106.05,90.0,4.0,0,-2.8,-0.4,13.4,0.0,107.0,0.9,-3.7,-0.5,12.3,-0.3,2019-09
2019-09-18,2404,漢唐,其他電子業,觸發,進榜即觸發,106.05,90.0,4.0,0,-2.8,-0.4,13.4,0.0,107.0,0.9,-3.7,-0.5,12.3,-0.3,2019-09
2019-09-18,2461,光群雷,其他電子業,進榜,準備,18.39,96.0,1.0,0,-6.9,-0.4,-22.9,0.0,18.4,0.2,-7.1,-0.5,-23.0,-0.3,2019-09
2019-09-18,6472,保瑞,生技醫療業,進榜,準備,51.65,94.0,3.0,0,-0.9,-0.4,-7.5,0.0,53.3,3.1,-3.9,-0.5,-10.3,-0.3,2019-09
2019-09-18,6669,緯穎,電子工業,進榜,準備,365.89,80.0,1.0,0,8.4,-0.4,36.9,0.0,372.0,1.7,6.6,-0.5,34.6,-0.3,2019-09
2019-09-18,3014,聯陽,半導體業,進榜,準備,25.51,75.0,1.0,0,5.5,-0.4,12.0,0.0,25.3,-0.9,6.5,-0.5,13.0,-0.3,2019-09
2019-09-18,1227,佳格,食品工業,進榜,準備,48.19,71.0,1.0,0,-2.8,-0.4,9.5,0.0,48.3,0.3,-3.1,-0.5,9.2,-0.3,2019-09
2019-09-18,3231,緯創,電子工業,進榜,準備,18.02,70.0,2.0,0,6.2,-0.4,16.5,0.0,18.1,0.2,6.0,-0.5,16.3,-0.3,2019-09
2019-09-18,9802,鈺齊-KY,其他,觸發,等待後觸發,66.04,90.0,2.0,48,30.9,-0.4,34.8,0.0,66.5,0.8,29.9,-0.5,33.8,-0.3,2019-09
2019-09-18,2455,全新,通信網路業,觸發,等待後觸發,98.48,89.0,1.0,2,-1.7,-0.4,-3.0,0.0,98.5,0.0,-1.7,-0.5,-3.0,-0.3,2019-09
2019-09-18,2884,玉山金,金融保險,移出,掉出掃描母體,16.33,70.0,,2,,,,,,,,,,,2019-09
2019-09-18,3023,信邦,電子零組件業,移出,掉出掃描母體,103.16,80.0,,92,,,,,,,,,,,2019-09
2019-09-18,8499,鼎炫-KY,其他,移出,掉出掃描母體,113.22,74.0,,12,,,,,,,,,,,2019-09
2019-09-18,6288,聯嘉,汽車工業,移出,掉出掃描母體,18.95,72.0,,2,,,,,,,,,,,2019-09
2019-09-19,6510,精測,半導體業,進榜,觸發,707.44,98.0,1.0,0,9.2,-0.3,38.2,0.0,713.7,0.9,8.2,-0.3,37.0,0.0,2019-09
2019-09-19,6510,精測,半導體業,觸發,進榜即觸發,707.44,98.0,1.0,0,9.2,-0.3,38.2,0.0,713.7,0.9,8.2,-0.3,37.0,0.0,2019-09
2019-09-19,4163,鐿鈦,生技醫療業,進榜,準備,95.82,84.0,3.0,0,-10.7,-0.3,-10.0,0.0,95.8,0.0,-10.7,-0.3,-10.0,0.0,2019-09
2019-09-19,3231,緯創,電子工業,移出,掉出掃描母體,18.02,70.0,,1,,,,,,,,,,,2019-09
2019-09-19,5264,鎧勝-KY,電腦及週邊設備業,移出,掉出掃描母體,55.58,71.0,,2,,,,,,,,,,,2019-09
2019-09-20,5215,科嘉-KY,電腦及週邊設備業,進榜,準備,42.19,98.0,2.0,0,17.2,-0.5,1.4,0.0,42.6,1.1,16.0,-0.7,0.3,0.0,2019-09
2019-09-20,5203,訊連,電子工業,進榜,準備,82.48,90.0,1.0,0,-6.4,-0.5,8.7,0.0,81.7,-1.0,-5.5,-0.7,9.7,0.0,2019-09
2019-09-20,5274,信驊,半導體業,進榜,準備,660.6,78.0,2.0,0,-8.0,-0.5,10.5,0.0,654.5,-0.9,-7.1,-0.7,11.5,0.0,2019-09
2019-09-20,6288,聯嘉,汽車工業,進榜,準備,19.18,72.0,1.0,0,3.3,-0.5,23.5,0.0,19.4,1.4,1.9,-0.7,21.8,0.0,2019-09
2019-09-20,8926,台汽電,油電燃氣業,進榜,準備,19.96,71.0,1.0,0,-4.7,-0.5,-4.1,0.0,20.0,0.3,-5.0,-0.7,-4.4,0.0,2019-09
2019-09-20,1319,東陽,汽車工業,移出,掉出掃描母體,38.23,72.0,,9,,,,,,,,,,,2019-09
2019-09-20,3711,日月光投控,半導體業,移出,掉出掃描母體,54.54,71.0,,4,,,,,,,,,,,2019-09
2019-09-20,6176,瑞儀,光電業,移出,掉出掃描母體,100.51,81.0,,10,,,,,,,,,,,2019-09
2019-09-23,3530,晶相光,半導體業,進榜,觸發,99.96,76.0,1.0,0,-10.0,-0.3,-8.7,0.0,104.1,4.1,-13.5,-0.4,-12.3,0.0,2019-09
2019-09-23,3530,晶相光,半導體業,觸發,進榜即觸發,99.96,76.0,1.0,0,-10.0,-0.3,-8.7,0.0,104.1,4.1,-13.5,-0.4,-12.3,0.0,2019-09
2019-09-23,2449,京元電子,半導體業,進榜,準備,25.95,89.0,1.0,0,0.4,-0.3,6.4,0.0,26.3,1.4,-0.9,-0.4,5.0,0.0,2019-09
2019-09-23,3231,緯創,電子工業,進榜,準備,18.63,73.0,2.0,0,5.2,-0.3,14.4,0.0,18.8,0.8,4.4,-0.4,13.5,0.0,2019-09
2019-09-23,5434,崇越,電子工業,觸發,等待後觸發,69.01,77.0,1.0,42,1.1,-0.3,11.3,0.0,69.2,0.2,0.9,-0.4,11.1,0.0,2019-09
2019-09-23,3374,精材,半導體業,觸發,等待後觸發,46.71,88.0,2.0,19,10.7,-0.3,60.9,0.0,47.1,0.8,9.8,-0.4,59.6,0.0,2019-09
2019-09-23,1504,東元,電機機械,移出,逾期,19.17,71.0,,56,,,,,,,,,,,2019-09
2019-09-23,4163,鐿鈦,生技醫療業,移出,掉出掃描母體,94.83,84.0,,4,,,,,,,,,,,2019-09
2019-09-23,8926,台汽電,油電燃氣業,移出,掉出掃描母體,19.96,71.0,,3,,,,,,,,,,,2019-09
2019-09-23,3380,明泰,通信網路業,移出,逾期,19.98,77.0,,56,,,,,,,,,,,2019-09
2019-09-23,6486,互動,通信網路業,移出,掉出掃描母體,44.82,73.0,,46,,,,,,,,,,,2019-09
2019-09-23,8210,勤誠,電子工業,移出,掉出掃描母體,57.94,74.0,,40,,,,,,,,,,,2019-09
2019-09-24,4163,鐿鈦,生技醫療業,進榜,準備,97.14,86.0,3.0,0,-8.8,-0.4,-9.9,0.0,96.8,-0.3,-8.5,-0.4,-9.6,0.0,2019-09
2019-09-24,3014,聯陽,半導體業,移出,掉出掃描母體,25.7,73.0,,6,,,,,,,,,,,2019-09
2019-09-24,6288,聯嘉,汽車工業,移出,掉出掃描母體,19.76,73.0,,4,,,,,,,,,,,2019-09
2019-09-24,3038,全台,光電業,移出,掉出掃描母體,13.05,86.0,,92,,,,,,,,,,,2019-09
2019-09-24,3044,健鼎,電子工業,移出,掉出掃描母體,83.04,71.0,,19,,,,,,,,,,,2019-09
2019-09-24,9951,皇田,電機機械,移出,掉出掃描母體,79.58,74.0,,15,,,,,,,,,,,2019-09
2019-09-25,3062,建漢,通信網路業,進榜,觸發,18.88,78.0,2.0,0,-5.7,-0.1,-7.3,0.0,18.7,-1.0,-4.7,-0.3,-6.3,0.1,2019-09
2019-09-25,3062,建漢,通信網路業,觸發,進榜即觸發,18.88,78.0,2.0,0,-5.7,-0.1,-7.3,0.0,18.7,-1.0,-4.7,-0.3,-6.3,0.1,2019-09
2019-09-25,6153,嘉聯益,電子零組件業,進榜,準備,36.62,81.0,1.0,0,-3.0,-0.1,-9.6,0.0,36.7,0.3,-3.3,-0.3,-9.9,0.1,2019-09
2019-09-25,3014,聯陽,半導體業,進榜,準備,25.6,74.0,1.0,0,12.5,-0.1,9.9,0.0,25.7,0.5,11.9,-0.3,9.3,0.1,2019-09
2019-09-25,1785,光洋科,其他電子類,進榜,準備,18.86,70.0,2.0,0,-4.2,-0.1,-7.1,0.0,18.9,0.2,-4.4,-0.3,-7.3,0.1,2019-09
2019-09-25,3231,緯創,電子工業,移出,掉出掃描母體,18.7,73.0,,2,,,,,,,,,,,2019-09
2019-09-25,8088,品安,半導體業,移出,晚期未觸發,16.66,94.0,,28,,,,,,,,,,,2019-09
2019-09-25,5263,智崴,文化創意業,移出,晚期未觸發,189.16,79.0,,27,,,,,,,,,,,2019-09
2019-09-26,4566,時碩工業,電機機械,進榜,準備,42.95,77.0,1.0,0,8.4,-0.2,-5.2,0.2,43.3,0.8,7.6,-0.3,-5.9,0.3,2019-09
2019-09-26,6271,同欣電,半導體業,進榜,準備,114.98,74.0,2.0,0,7.2,-0.2,16.3,0.2,115.0,0.0,7.2,-0.3,16.3,0.3,2019-09
2019-09-26,4551,智伸科,汽車工業,觸發,等待後觸發,133.03,88.0,1.0,30,9.9,-0.2,3.4,0.2,134.3,0.9,8.9,-0.3,2.5,0.3,2019-09
2019-09-26,1227,佳格,食品工業,移出,掉出掃描母體,48.57,71.0,,8,,,,,,,,,,,2019-09
2019-09-26,4163,鐿鈦,生技醫療業,移出,掉出掃描母體,95.16,84.0,,2,,,,,,,,,,,2019-09
2019-09-26,2520,冠德,建材營造,移出,掉出掃描母體,15.95,80.0,,50,,,,,,,,,,,2019-09
2019-09-26,6290,良維,電子零組件業,移出,掉出掃描母體,45.58,71.0,,44,,,,,,,,,,,2019-09
2019-09-26,3374,精材,半導體業,移出,掉出掃描母體,43.99,82.0,,22,,,,,,,,,,,2019-09
2019-09-26,5340,建榮,電子零組件業,移出,離高點太遠,61.8,100.0,,17,,,,,,,,,,,2019-09
2019-09-27,5904,寶雅,貿易百貨,進榜,準備,31.39,71.0,1.0,0,-5.8,0.3,-3.6,1.2,31.6,0.8,-6.5,0.2,-4.4,0.9,2019-09
2019-09-27,6278,台表科,光電業,移出,掉出掃描母體,55.24,91.0,,93,,,,,,,,,,,2019-09
2019-09-27,6561,是方,通信網路業,移出,掉出掃描母體,176.74,85.0,,92,,,,,,,,,,,2019-09
2019-09-27,2383,台光電,電子工業,移出,掉出掃描母體,108.18,87.0,,88,,,,,,,,,,,2019-09
2019-09-27,3491,昇達科,通信網路業,移出,掉出掃描母體,87.27,85.0,,57,,,,,,,,,,,2019-09
2019-09-27,8358,金居,電子零組件業,移出,離高點太遠,31.4,87.0,,51,,,,,,,,,,,2019-09
2019-09-27,6125,廣運,光電業,移出,掉出掃描母體,11.24,75.0,,37,,,,,,,,,,,2019-09
2019-09-27,2338,光罩,半導體業,移出,離高點太遠,25.29,73.0,,29,,,,,,,,,,,2019-09
2019-09-27,3144,新揚科,電子零組件業,移出,掉出掃描母體,30.62,77.0,,29,,,,,,,,,,,2019-09
2019-09-27,6257,矽格,半導體業,移出,掉出掃描母體,23.43,71.0,,25,,,,,,,,,,,2019-09
2019-09-27,6462,神盾,半導體業,移出,掉出掃描母體,206.52,74.0,,25,,,,,,,,,,,2019-09
2019-09-27,6217,中探針,電子零組件業,移出,掉出掃描母體,31.12,93.0,,22,,,,,,,,,,,2019-09
2019-09-27,2344,華邦電,半導體業,移出,掉出掃描母體,16.25,81.0,,21,,,,,,,,,,,2019-09
2019-09-27,3227,原相,半導體業,移出,掉出掃描母體,81.44,71.0,,18,,,,,,,,,,,2019-09
2019-09-27,3260,威剛,半導體業,移出,掉出掃描母體,36.88,74.0,,16,,,,,,,,,,,2019-09
2019-10-01,5483,中美晶,半導體業,進榜,觸發,62.57,72.0,2.0,0,7.4,0.0,18.7,1.1,62.8,0.4,7.0,0.2,18.3,1.1,2019-10
2019-10-01,5483,中美晶,半導體業,觸發,進榜即觸發,62.57,72.0,2.0,0,7.4,0.0,18.7,1.1,62.8,0.4,7.0,0.2,18.3,1.1,2019-10
2019-10-01,3546,宇峻,文化創意業,進榜,準備,39.16,85.0,1.0,0,-3.8,0.0,19.6,1.1,39.1,-0.1,-3.7,0.2,19.7,1.1,2019-10
2019-10-01,8155,博智,電子零組件業,進榜,準備,58.93,81.0,2.0,0,17.9,0.0,29.4,1.1,58.6,-0.6,18.7,0.2,30.2,1.1,2019-10
2019-10-01,2207,和泰車,汽車工業,進榜,準備,396.68,74.0,2.0,0,9.8,0.0,40.6,1.1,390.6,-1.5,11.5,0.2,42.8,1.1,2019-10
2019-10-01,8046,南電,電子工業,移出,掉出掃描母體,43.31,76.0,,14,,,,,,,,,,,2019-10
2019-10-01,9946,三發地產,建材營造,移出,掉出掃描母體,14.87,92.0,,90,,,,,,,,,,,2019-10
2019-10-01,3530,晶相光,半導體業,移出,掉出掃描母體,94.03,74.0,,8,,,,,,,,,,,2019-10
2019-10-02,3406,玉晶光,光電業,進榜,觸發,399.88,79.0,2.0,0,-7.5,0.0,13.4,1.1,389.1,-2.7,-5.0,0.5,16.5,1.6,2019-10
2019-10-02,3406,玉晶光,光電業,觸發,進榜即觸發,399.88,79.0,2.0,0,-7.5,0.0,13.4,1.1,389.1,-2.7,-5.0,0.5,16.5,1.6,2019-10
2019-10-02,6643,M31,半導體業,進榜,觸發,242.13,77.0,3.0,0,10.6,0.0,-3.3,1.1,241.4,-0.3,10.9,0.5,-3.0,1.6,2019-10
2019-10-02,6643,M31,半導體業,觸發,進榜即觸發,242.13,77.0,3.0,0,10.6,0.0,-3.3,1.1,241.4,-0.3,10.9,0.5,-3.0,1.6,2019-10
2019-10-02,4155,訊映,生技醫療業,進榜,準備,27.0,91.0,2.0,0,1.6,0.0,-11.4,1.1,26.9,-0.4,2.0,0.5,-11.1,1.6,2019-10
2019-10-02,8155,博智,電子零組件業,觸發,等待後觸發,60.46,84.0,2.0,1,12.7,0.0,25.6,1.1,58.9,-2.5,15.6,0.5,28.8,1.6,2019-10
2019-10-02,2207,和泰車,汽車工業,移出,掉出掃描母體,396.68,74.0,,1,,,,,,,,,,,2019-10
2019-10-02,3312,弘憶股,電子工業,移出,掉出掃描母體,9.81,89.0,,27,,,,,,,,,,,2019-10
2019-10-02,3062,建漢,通信網路業,移出,掉出掃描母體,18.05,70.0,,7,,,,,,,,,,,2019-10
2019-10-03,8086,宏捷科,半導體業,進榜,準備,77.89,93.0,3.0,0,30.2,0.5,12.1,1.4,78.8,1.1,28.8,0.4,10.9,1.4,2019-10
2019-10-03,3483,力致,電腦及週邊設備業,進榜,準備,33.95,85.0,3.0,0,22.1,0.5,20.4,1.4,34.1,0.5,21.5,0.4,19.8,1.4,2019-10
2019-10-03,6415,矽力*-KY,半導體業,移出,逾期,191.93,93.0,,56,,,,,,,,,,,2019-10
2019-10-03,6166,凌華,電腦及週邊設備業,移出,突破失敗,43.21,75.0,,31,,,,,,,,,,,2019-10
2019-10-04,6426,統新,通信網路業,進榜,觸發,116.75,95.0,4.0,0,-4.6,0.7,25.5,1.7,118.0,1.1,-5.6,0.5,24.2,1.6,2019-10
2019-10-04,6426,統新,通信網路業,觸發,進榜即觸發,116.75,95.0,4.0,0,-4.6,0.7,25.5,1.7,118.0,1.1,-5.6,0.5,24.2,1.6,2019-10
2019-10-04,2801,彰銀,金融保險,進榜,準備,14.82,71.0,0.0,0,8.1,0.7,5.1,1.7,14.8,0.0,8.1,0.5,5.1,1.6,2019-10
2019-10-04,3406,玉晶光,光電業,移出,掉出掃描母體,401.54,72.0,,2,,,,,,,,,,,2019-10
2019-10-04,6191,精成科,電子工業,移出,掉出掃描母體,13.52,79.0,,36,,,,,,,,,,,2019-10
2019-10-04,6153,嘉聯益,電子零組件業,移出,掉出掃描母體,34.48,75.0,,9,,,,,,,,,,,2019-10
2019-10-07,3324,雙鴻,其他電子類,進榜,觸發,190.07,94.0,4.0,0,2.5,0.5,,,193.0,1.6,0.9,0.4,,,2019-10
2019-10-07,3324,雙鴻,其他電子類,觸發,進榜即觸發,190.07,94.0,4.0,0,2.5,0.5,,,193.0,1.6,0.9,0.4,,,2019-10
2019-10-07,3680,家登,半導體業,進榜,準備,87.79,100.0,1.0,0,24.4,0.5,,,89.5,2.0,22.0,0.4,,,2019-10
2019-10-07,2338,光罩,半導體業,進榜,準備,29.13,86.0,2.0,0,-6.5,0.5,,,29.0,-0.3,-6.3,0.4,,,2019-10
2019-10-07,5388,中磊,電子工業,進榜,準備,63.82,80.0,1.0,0,-3.9,0.5,,,63.9,0.1,-4.0,0.4,,,2019-10
2019-10-07,6451,訊芯-KY,半導體業,進榜,準備,119.72,76.0,2.0,0,23.2,0.5,,,118.8,-0.7,24.1,0.4,,,2019-10
2019-10-07,1504,東元,電機機械,進榜,準備,19.98,75.0,1.0,0,3.7,0.5,,,20.0,0.0,3.7,0.4,,,2019-10
2019-10-07,6679,鈺太,半導體業,移出,掉出掃描母體,103.01,79.0,,48,,,,,,,,,,,2019-10
2019-10-07,3083,網龍,文化創意業,移出,離高點太遠,83.65,95.0,,47,,,,,,,,,,,2019-10
2019-10-08,6284,佳邦,電子零組件業,進榜,準備,32.22,77.0,2.0,0,-5.3,0.4,,,32.3,0.1,-5.4,0.5,,,2019-10
2019-10-08,2330,台積電,半導體業,進榜,準備,250.51,73.0,3.0,0,7.9,0.4,,,247.9,-1.0,9.0,0.5,,,2019-10
2019-10-08,3443,創意,半導體業,進榜,準備,241.59,72.0,2.0,0,0.9,0.4,,,239.8,-0.8,1.7,0.5,,,2019-10
2019-10-08,3680,家登,半導體業,觸發,等待後觸發,96.35,100.0,1.0,1,10.7,0.4,,,97.2,0.9,9.7,0.5,,,2019-10
2019-10-08,5483,中美晶,半導體業,移出,掉出掃描母體,61.76,70.0,,7,,,,,,,,,,,2019-10
2019-10-08,5469,瀚宇博,電子零組件業,移出,掉出掃描母體,31.59,92.0,,116,,,,,,,,,,,2019-10
2019-10-08,3707,漢磊,半導體業,移出,離高點太遠,26.56,85.0,,36,,,,,,,,,,,2019-10
2019-10-08,4566,時碩工業,電機機械,移出,掉出掃描母體,41.71,78.0,,12,,,,,,,,,,,2019-10
2019-10-09,2504,國產,建材營造,進榜,觸發,7.74,84.0,1.0,0,31.5,0.9,,,7.8,0.9,30.2,0.5,,,2019-10
2019-10-09,2504,國產,建材營造,觸發,進榜即觸發,7.74,84.0,1.0,0,31.5,0.9,,,7.8,0.9,30.2,0.5,,,2019-10
2019-10-09,6251,定穎,電子零組件業,進榜,準備,14.6,91.0,3.0,0,7.1,0.9,,,15.1,3.6,3.4,0.5,,,2019-10
2019-10-09,3558,神準,通信網路業,進榜,準備,88.32,74.0,1.0,0,13.7,0.9,,,90.6,2.6,10.8,0.5,,,2019-10
2019-10-09,2884,玉山金,金融保險,進榜,準備,16.27,70.0,1.0,0,5.1,0.9,,,16.4,0.8,4.3,0.5,,,2019-10
2019-10-09,8086,宏捷科,半導體業,觸發,等待後觸發,88.65,97.0,3.0,6,8.0,0.9,,,92.6,4.5,3.3,0.5,,,2019-10
2019-10-09,6451,訊芯-KY,半導體業,觸發,等待後觸發,130.28,81.0,2.0,2,6.1,0.9,,,134.7,3.4,2.6,0.5,,,2019-10
2019-10-09,2316,楠梓電,電子工業,移出,離高點太遠,38.97,98.0,,104,,,,,,,,,,,2019-10
2019-10-09,6274,台燿,電子零組件業,移出,掉出掃描母體,104.86,82.0,,62,,,,,,,,,,,2019-10
2019-10-09,4142,國光生,化學生技醫療,移出,掉出掃描母體,25.07,80.0,,43,,,,,,,,,,,2019-10
2019-10-09,3042,晶技,電子工業,移出,掉出掃描母體,27.63,79.0,,37,,,,,,,,,,,2019-10
2019-10-09,8182,加高,電子零組件業,移出,掉出掃描母體,15.86,77.0,,33,,,,,,,,,,,2019-10
2019-10-09,2461,光群雷,其他電子業,移出,掉出掃描母體,17.27,94.0,,21,,,,,,,,,,,2019-10
2019-10-14,5225,東科-KY,其他電子業,進榜,觸發,46.32,95.0,3.0,0,-13.1,0.0,,,46.5,0.5,-13.5,-0.2,,,2019-10
2019-10-14,5225,東科-KY,其他電子業,觸發,進榜即觸發,46.32,95.0,3.0,0,-13.1,0.0,,,46.5,0.5,-13.5,-0.2,,,2019-10
2019-10-14,2392,正崴,電子零組件業,進榜,觸發,32.6,76.0,2.0,0,1.5,0.0,,,32.9,0.9,0.6,-0.2,,,2019-10
2019-10-14,2392,正崴,電子零組件業,觸發,進榜即觸發,32.6,76.0,2.0,0,1.5,0.0,,,32.9,0.9,0.6,-0.2,,,2019-10
2019-10-14,6561,是方,通信網路業,進榜,準備,181.91,88.0,1.0,0,-4.1,0.0,,,181.9,0.0,-4.1,-0.2,,,2019-10
2019-10-14,1464,得力,紡織纖維,進榜,準備,19.76,77.0,1.0,0,-4.4,0.0,,,19.7,-0.4,-4.1,-0.2,,,2019-10
2019-10-14,5483,中美晶,半導體業,進榜,準備,65.35,76.0,2.0,0,-3.5,0.0,,,65.8,0.7,-4.1,-0.2,,,2019-10
2019-10-14,9935,慶豐富,其他,觸發,等待後觸發,29.8,96.0,1.0,27,15.0,0.0,,,30.1,0.9,14.0,-0.2,,,2019-10
2019-10-14,6251,定穎,電子零組件業,觸發,等待後觸發,16.06,95.0,3.0,5,-2.6,0.0,,,16.5,2.9,-5.4,-0.2,,,2019-10
2019-10-14,3558,神準,通信網路業,觸發,等待後觸發,97.0,85.0,1.0,5,0.4,0.0,,,98.1,1.2,-0.8,-0.2,,,2019-10
2019-10-14,3483,力致,電腦及週邊設備業,觸發,等待後觸發,38.06,92.0,3.0,11,6.9,0.0,,,41.8,9.9,-2.7,-0.2,,,2019-10
2019-10-14,3443,創意,半導體業,觸發,等待後觸發,253.97,82.0,2.0,6,-3.6,0.0,,,252.1,-0.7,-2.9,-0.2,,,2019-10
2019-10-14,2884,玉山金,金融保險,移出,掉出掃描母體,16.27,70.0,,5,,,,,,,,,,,2019-10
2019-10-14,6472,保瑞,生技醫療業,移出,晚期未觸發,53.91,93.0,,26,,,,,,,,,,,2019-10
2019-10-14,3546,宇峻,文化創意業,移出,掉出掃描母體,37.36,73.0,,13,,,,,,,,,,,2019-10
2019-10-15,2387,精元,電子工業,進榜,觸發,28.13,99.0,2.0,0,-15.2,0.0,,,28.6,1.8,-16.7,0.0,,,2019-10
2019-10-15,2387,精元,電子工業,觸發,進榜即觸發,28.13,99.0,2.0,0,-15.2,0.0,,,28.6,1.8,-16.7,0.0,,,2019-10
2019-10-15,3515,華擎,電子工業,進榜,觸發,56.37,86.0,1.0,0,-6.3,0.0,,,57.1,1.3,-7.4,0.0,,,2019-10
2019-10-15,3515,華擎,電子工業,觸發,進榜即觸發,56.37,86.0,1.0,0,-6.3,0.0,,,57.1,1.3,-7.4,0.0,,,2019-10
2019-10-15,3227,原相,半導體業,進榜,準備,84.3,81.0,3.0,0,4.2,0.0,,,85.4,1.3,2.9,0.0,,,2019-10
2019-10-15,6191,精成科,電子工業,進榜,準備,14.12,81.0,3.0,0,-5.9,0.0,,,14.1,0.0,-5.9,0.0,,,2019-10
2019-10-15,3211,順達,電腦及週邊設備業,進榜,準備,35.85,78.0,1.0,0,7.1,0.0,,,35.7,-0.5,7.7,0.0,,,2019-10
2019-10-15,2929,淘帝-KY,貿易百貨,進榜,準備,75.38,75.0,1.0,0,-0.5,0.0,,,75.7,0.5,-1.0,0.0,,,2019-10
2019-10-15,6672,騰輝電子-KY,電子工業,進榜,準備,72.39,70.0,3.0,0,-5.7,0.0,,,72.8,0.6,-6.3,0.0,,,2019-10
2019-10-15,6561,是方,通信網路業,觸發,等待後觸發,186.33,89.0,1.0,1,-5.7,0.0,,,187.4,0.6,-6.3,0.0,,,2019-10
2019-10-15,5215,科嘉-KY,電腦及週邊設備業,觸發,等待後觸發,45.49,99.0,2.0,25,-2.7,0.0,,,47.4,4.3,-6.7,0.0,,,2019-10
2019-10-15,3317,尼克森,半導體業,移出,逾期,28.9,89.0,,56,,,,,,,,,,,2019-10
2019-10-15,8150,南茂,電子工業,移出,掉出掃描母體,22.41,78.0,,43,,,,,,,,,,,2019-10
2019-10-15,2404,漢唐,其他電子業,移出,掉出掃描母體,104.07,87.0,,27,,,,,,,,,,,2019-10
2019-10-15,5904,寶雅,貿易百貨,移出,掉出掃描母體,31.71,73.0,,18,,,,,,,,,,,2019-10
2019-10-16,3048,益登,電子通路業,進榜,準備,13.1,93.0,1.0,0,-1.5,0.0,,,13.2,0.7,-2.2,-0.2,,,2019-10
2019-10-16,9946,三發地產,建材營造,進榜,準備,15.16,88.0,2.0,0,11.4,0.0,,,15.3,0.6,10.7,-0.2,,,2019-10
2019-10-16,4142,國光生,化學生技醫療,進榜,準備,25.47,75.0,2.0,0,-4.7,0.0,,,25.6,0.4,-5.0,-0.2,,,2019-10
2019-10-16,3711,日月光投控,半導體業,進榜,準備,57.37,71.0,1.0,0,1.3,0.0,,,57.7,0.5,0.8,-0.2,,,2019-10
2019-10-16,6538,倉和,電子零組件業,觸發,等待後觸發,69.65,95.0,3.0,30,40.1,0.0,,,70.3,0.9,38.8,-0.2,,,2019-10
2019-10-16,1504,東元,電機機械,移出,掉出掃描母體,20.14,73.0,,9,,,,,,,,,,,2019-10
2019-10-16,5225,東科-KY,其他電子業,移出,突破失敗,42.47,92.0,,2,,,,,,,,,,,2019-10
2019-10-16,6672,騰輝電子-KY,電子工業,移出,掉出掃描母體,72.39,70.0,,1,,,,,,,,,,,2019-10
2019-10-16,6213,聯茂,電子工業,移出,掉出掃描母體,121.06,96.0,,111,,,,,,,,,,,2019-10
2019-10-16,8431,匯鑽科,其他電子類,移出,掉出掃描母體,57.32,85.0,,55,,,,,,,,,,,2019-10
2019-10-16,5274,信驊,半導體業,移出,掉出掃描母體,601.17,85.0,,26,,,,,,,,,,,2019-10
2019-10-17,6155,鈞寶,電子零組件業,進榜,觸發,22.76,87.0,2.0,0,-15.6,-0.4,,,22.8,0.0,-15.6,-0.5,,,2019-10
2019-10-17,6155,鈞寶,電子零組件業,觸發,進榜即觸發,22.76,87.0,2.0,0,-15.6,-0.4,,,22.8,0.0,-15.6,-0.5,,,2019-10
2019-10-17,4958,臻鼎-KY,電子零組件業,進榜,觸發,101.37,81.0,4.0,0,6.5,-0.4,,,102.1,0.8,5.7,-0.5,,,2019-10
2019-10-17,4958,臻鼎-KY,電子零組件業,觸發,進榜即觸發,101.37,81.0,4.0,0,6.5,-0.4,,,102.1,0.8,5.7,-0.5,,,2019-10
2019-10-17,4566,時碩工業,電機機械,進榜,準備,45.17,86.0,1.0,0,-2.0,-0.4,,,44.9,-0.5,-1.5,-0.5,,,2019-10
2019-10-17,6257,矽格,半導體業,進榜,準備,24.4,78.0,1.0,0,3.3,-0.4,,,24.2,-0.7,4.0,-0.5,,,2019-10
2019-10-17,1504,東元,電機機械,進榜,準備,20.25,72.0,1.0,0,4.0,-0.4,,,20.3,0.0,4.0,-0.5,,,2019-10
2019-10-17,3711,日月光投控,半導體業,移出,掉出掃描母體,57.37,71.0,,1,,,,,,,,,,,2019-10
2019-10-17,6224,聚鼎,電子零組件業,移出,掉出掃描母體,50.51,71.0,,50,,,,,,,,,,,2019-10
2019-10-18,3380,明泰,通信網路業,進榜,準備,20.06,83.0,1.0,0,-7.3,-0.3,,,19.9,-0.8,-6.6,-0.5,,,2019-10
2019-10-18,8210,勤誠,電子工業,進榜,準備,64.14,78.0,2.0,0,1.0,-0.3,,,64.1,0.0,1.0,-0.5,,,2019-10
2019-10-18,6284,佳邦,電子零組件業,移出,掉出掃描母體,32.26,78.0,,10,,,,,,,,,,,2019-10
2019-10-18,2929,淘帝-KY,貿易百貨,移出,掉出掃描母體,75.38,73.0,,3,,,,,,,,,,,2019-10
2019-10-18,1522,堤維西,汽車工業,移出,掉出掃描母體,22.97,71.0,,31,,,,,,,,,,,2019-10
2019-10-21,3312,弘憶股,電子工業,進榜,觸發,11.33,95.0,4.0,0,-8.7,-0.6,,,11.4,0.3,-8.9,-0.8,,,2019-10
2019-10-21,3312,弘憶股,電子工業,觸發,進榜即觸發,11.33,95.0,4.0,0,-8.7,-0.6,,,11.4,0.3,-8.9,-0.8,,,2019-10
2019-10-21,3526,凡甲,電子零組件業,進榜,準備,68.22,85.0,2.0,0,-7.7,-0.6,,,68.7,0.6,-8.3,-0.8,,,2019-10
2019-10-21,4119,旭富,化學生技醫療,進榜,準備,72.19,76.0,3.0,0,-5.0,-0.6,,,74.2,2.7,-7.5,-0.8,,,2019-10
2019-10-21,2929,淘帝-KY,貿易百貨,進榜,準備,76.11,72.0,1.0,0,0.5,-0.6,,,76.1,0.0,0.5,-0.8,,,2019-10
2019-10-21,3374,精材,半導體業,進榜,準備,45.89,71.0,2.0,0,25.2,-0.6,,,46.8,2.0,22.8,-0.8,,,2019-10
2019-10-21,6488,環球晶,半導體業,進榜,準備,302.85,70.0,2.0,0,-8.0,-0.6,,,306.1,1.1,-8.9,-0.8,,,2019-10
2019-10-21,2330,台積電,半導體業,移出,掉出掃描母體,256.19,72.0,,13,,,,,,,,,,,2019-10
2019-10-21,3380,明泰,通信網路業,移出,掉出掃描母體,20.06,83.0,,3,,,,,,,,,,,2019-10
2019-10-21,6426,統新,通信網路業,移出,突破失敗,106.36,91.0,,17,,,,,,,,,,,2019-10
2019-10-22,4943,康控-KY,電子工業,進榜,觸發,306.09,89.0,2.0,0,-8.9,-0.8,,,310.0,1.3,-10.1,-0.8,,,2019-10
2019-10-22,4943,康控-KY,電子工業,觸發,進榜即觸發,306.09,89.0,2.0,0,-8.9,-0.8,,,310.0,1.3,-10.1,-0.8,,,2019-10
2019-10-22,6679,鈺太,半導體業,進榜,觸發,115.35,87.0,3.0,0,6.3,-0.8,,,118.3,2.6,3.6,-0.8,,,2019-10
2019-10-22,6679,鈺太,半導體業,觸發,進榜即觸發,115.35,87.0,3.0,0,6.3,-0.8,,,118.3,2.6,3.6,-0.8,,,2019-10
2019-10-22,8046,南電,電子工業,進榜,觸發,47.85,81.0,4.0,0,-3.4,-0.8,,,48.4,1.3,-4.6,-0.8,,,2019-10
2019-10-22,8046,南電,電子工業,觸發,進榜即觸發,47.85,81.0,4.0,0,-3.4,-0.8,,,48.4,1.3,-4.6,-0.8,,,2019-10
2019-10-22,2301,光寶科,電腦及週邊設備業,進榜,觸發,35.6,74.0,2.0,0,-2.1,-0.8,,,35.2,-1.0,-1.2,-0.8,,,2019-10
2019-10-22,2301,光寶科,電腦及週邊設備業,觸發,進榜即觸發,35.6,74.0,2.0,0,-2.1,-0.8,,,35.2,-1.0,-1.2,-0.8,,,2019-10
2019-10-22,2520,冠德,建材營造,進榜,準備,16.79,88.0,3.0,0,-0.5,-0.8,,,16.9,0.7,-1.2,-0.8,,,2019-10
2019-10-22,1560,中砂,電機機械,進榜,準備,61.84,81.0,1.0,0,-8.5,-0.8,,,62.3,0.7,-9.1,-0.8,,,2019-10
2019-10-22,6153,嘉聯益,電子零組件業,進榜,準備,37.27,76.0,1.0,0,-8.6,-0.8,,,37.9,1.6,-10.1,-0.8,,,2019-10
2019-10-22,2352,佳世達,電腦及週邊設備業,進榜,準備,18.83,71.0,2.0,0,-1.1,-0.8,,,18.9,0.2,-1.3,-0.8,,,2019-10
2019-10-22,2801,彰銀,金融保險,觸發,等待後觸發,15.03,71.0,0.0,18,4.6,-0.8,,,15.0,0.0,4.6,-0.8,,,2019-10
2019-10-22,3374,精材,半導體業,觸發,等待後觸發,48.33,82.0,2.0,1,20.0,-0.8,,,49.3,2.1,17.6,-0.8,,,2019-10
2019-10-22,4142,國光生,化學生技醫療,移出,掉出掃描母體,25.56,73.0,,6,,,,,,,,,,,2019-10
2019-10-22,2929,淘帝-KY,貿易百貨,移出,掉出掃描母體,76.11,72.0,,1,,,,,,,,,,,2019-10
2019-10-22,6488,環球晶,半導體業,移出,掉出掃描母體,302.85,70.0,,1,,,,,,,,,,,2019-10
2019-10-22,3293,鈊象,文化創意業,移出,掉出掃描母體,70.65,92.0,,124,,,,,,,,,,,2019-10
2019-10-22,1785,光洋科,其他電子類,移出,掉出掃描母體,18.43,71.0,,27,,,,,,,,,,,2019-10
2019-10-22,6643,M31,半導體業,移出,掉出掃描母體,258.05,74.0,,20,,,,,,,,,,,2019-10
2019-10-23,2362,藍天,電子工業,進榜,準備,29.91,85.0,1.0,0,1.1,-0.6,,,30.7,2.7,-1.5,-0.8,,,2019-10
2019-10-23,2207,和泰車,汽車工業,進榜,準備,406.4,71.0,2.0,0,15.7,-0.6,,,406.4,0.0,15.7,-0.8,,,2019-10
2019-10-23,2395,研華,電子工業,進榜,準備,203.21,71.0,1.0,0,10.5,-0.6,,,205.3,1.0,9.4,-0.8,,,2019-10
2019-10-23,4977,眾達-KY,電子工業,進榜,準備,78.5,70.0,3.0,0,-4.8,-0.6,,,79.2,1.0,-5.7,-0.8,,,2019-10
2019-10-23,6284,佳邦,電子零組件業,進榜,準備,33.57,70.0,2.0,0,-9.1,-0.6,,,34.0,1.3,-10.3,-0.8,,,2019-10
2019-10-23,6561,是方,通信網路業,移出,掉出掃描母體,181.17,85.0,,9,,,,,,,,,,,2019-10
2019-10-23,4119,旭富,化學生技醫療,移出,掉出掃描母體,70.23,72.0,,2,,,,,,,,,,,2019-10
2019-10-23,2301,光寶科,電腦及週邊設備業,移出,掉出掃描母體,35.6,74.0,,1,,,,,,,,,,,2019-10
2019-10-24,6683,雍智科技,半導體業,進榜,觸發,204.25,98.0,2.0,0,-17.3,-1.1,,,205.5,0.6,-17.8,-1.3,,,2019-10
2019-10-24,6683,雍智科技,半導體業,觸發,進榜即觸發,204.25,98.0,2.0,0,-17.3,-1.1,,,205.5,0.6,-17.8,-1.3,,,2019-10
2019-10-24,6278,台表科,光電業,進榜,觸發,64.94,87.0,4.0,0,16.2,-1.1,,,65.8,1.3,14.6,-1.3,,,2019-10
2019-10-24,6278,台表科,光電業,觸發,進榜即觸發,64.94,87.0,4.0,0,16.2,-1.1,,,65.8,1.3,14.6,-1.3,,,2019-10
2019-10-24,6462,神盾,半導體業,進榜,觸發,229.55,79.0,5.0,0,-23.2,-1.1,,,228.1,-0.6,-22.8,-1.3,,,2019-10
2019-10-24,6462,神盾,半導體業,觸發,進榜即觸發,229.55,79.0,5.0,0,-23.2,-1.1,,,228.1,-0.6,-22.8,-1.3,,,2019-10
2019-10-24,2228,劍麟,汽車工業,進榜,準備,97.11,95.0,2.0,0,-15.5,-1.1,,,98.2,1.1,-16.4,-1.3,,,2019-10
2019-10-24,6415,矽力*-KY,半導體業,進榜,準備,200.33,94.0,1.0,0,7.1,-1.1,,,203.7,1.7,5.3,-1.3,,,2019-10
2019-10-24,3707,漢磊,半導體業,進榜,準備,29.45,91.0,2.0,0,-11.6,-1.1,,,29.9,1.5,-12.9,-1.3,,,2019-10
2019-10-24,6224,聚鼎,電子零組件業,進榜,準備,52.86,76.0,2.0,0,-2.7,-1.1,,,54.5,3.0,-5.6,-1.3,,,2019-10
2019-10-24,2303,聯電,半導體業,進榜,準備,10.28,72.0,1.0,0,0.7,-1.1,,,10.2,-1.0,1.7,-1.3,,,2019-10
2019-10-24,2301,光寶科,電腦及週邊設備業,進榜,準備,34.63,71.0,2.0,0,1.0,-1.1,,,34.6,0.0,1.0,-1.3,,,2019-10
2019-10-24,6176,瑞儀,光電業,進榜,準備,100.92,70.0,3.0,0,-4.5,-1.1,,,101.3,0.4,-4.8,-1.3,,,2019-10
2019-10-24,2207,和泰車,汽車工業,觸發,等待後觸發,418.54,74.0,2.0,1,10.1,-1.1,,,418.5,0.0,10.1,-1.3,,,2019-10
2019-10-24,1504,東元,電機機械,移出,掉出掃描母體,20.49,73.0,,7,,,,,,,,,,,2019-10
2019-10-24,4977,眾達-KY,電子工業,移出,掉出掃描母體,78.5,70.0,,1,,,,,,,,,,,2019-10
2019-10-24,6284,佳邦,電子零組件業,移出,掉出掃描母體,33.57,70.0,,1,,,,,,,,,,,2019-10
2019-10-24,5388,中磊,電子工業,移出,掉出掃描母體,63.43,78.0,,17,,,,,,,,,,,2019-10
2019-10-24,3443,創意,半導體業,移出,掉出掃描母體,249.38,72.0,,16,,,,,,,,,,,2019-10
2019-10-25,2301,光寶科,電腦及週邊設備業,移出,掉出掃描母體,34.63,71.0,,1,,,,,,,,,,,2019-10
2019-10-25,6176,瑞儀,光電業,移出,掉出掃描母體,100.92,70.0,,1,,,,,,,,,,,2019-10
2019-10-25,5258,虹堡,電子工業,移出,掉出掃描母體,23.56,82.0,,51,,,,,,,,,,,2019-10
2019-10-25,6191,精成科,電子工業,移出,掉出掃描母體,14.0,70.0,,10,,,,,,,,,,,2019-10
2019-10-28,4908,前鼎,通信網路業,進榜,觸發,34.49,97.0,2.0,0,12.6,-0.7,,,35.3,2.4,10.0,-0.9,,,2019-10
2019-10-28,4908,前鼎,通信網路業,觸發,進榜即觸發,34.49,97.0,2.0,0,12.6,-0.7,,,35.3,2.4,10.0,-0.9,,,2019-10
2019-10-28,3653,健策,電子工業,進榜,觸發,135.05,85.0,4.0,0,14.3,-0.7,,,135.9,0.6,13.6,-0.9,,,2019-10
2019-10-28,3653,健策,電子工業,觸發,進榜即觸發,135.05,85.0,4.0,0,14.3,-0.7,,,135.9,0.6,13.6,-0.9,,,2019-10
2019-10-28,6288,聯嘉,汽車工業,進榜,觸發,23.36,81.0,2.0,0,-1.5,-0.7,,,23.7,1.3,-2.9,-0.9,,,2019-10
2019-10-28,6288,聯嘉,汽車工業,觸發,進榜即觸發,23.36,81.0,2.0,0,-1.5,-0.7,,,23.7,1.3,-2.9,-0.9,,,2019-10
2019-10-28,5274,信驊,半導體業,進榜,準備,628.6,80.0,2.0,0,6.5,-0.7,,,640.8,1.9,4.5,-0.9,,,2019-10
2019-10-28,3044,健鼎,電子工業,進榜,準備,80.91,71.0,3.0,0,11.4,-0.7,,,80.9,0.0,11.4,-0.9,,,2019-10
2019-10-28,4155,訊映,生技醫療業,觸發,等待後觸發,29.0,92.0,2.0,26,-15.1,-0.7,,,28.7,-1.0,-14.3,-0.9,,,2019-10
2019-10-28,2303,聯電,半導體業,移出,掉出掃描母體,10.18,71.0,,4,,,,,,,,,,,2019-10
2019-10-28,3029,零壹,資訊服務業,移出,逾期,22.8,77.0,,56,,,,,,,,,,,2019-10
2019-10-28,3227,原相,半導體業,移出,掉出掃描母體,85.37,71.0,,13,,,,,,,,,,,2019-10
2019-10-28,8210,勤誠,電子工業,移出,掉出掃描母體,61.56,71.0,,10,,,,,,,,,,,2019-10
2019-10-29,3004,豐達科,鋼鐵工業,進榜,觸發,84.09,80.0,2.0,0,-5.9,-0.3,,,83.7,-0.5,-5.5,-0.4,,,2019-10
2019-10-29,3004,豐達科,鋼鐵工業,觸發,進榜即觸發,84.09,80.0,2.0,0,-5.9,-0.3,,,83.7,-0.5,-5.5,-0.4,,,2019-10
2019-10-29,6558,興能高,其他電子業,進榜,觸發,73.33,77.0,2.0,0,-6.7,-0.3,,,79.0,7.7,-13.4,-0.4,,,2019-10
2019-10-29,6558,興能高,其他電子業,觸發,進榜即觸發,73.33,77.0,2.0,0,-6.7,-0.3,,,79.0,7.7,-13.4,-0.4,,,2019-10
2019-10-29,1762,中化生,化學生技醫療,進榜,準備,32.23,83.0,2.0,0,3.8,-0.3,,,32.2,-0.1,3.9,-0.4,,,2019-10
2019-10-29,6643,M31,半導體業,進榜,準備,279.49,77.0,3.0,0,-9.4,-0.3,,,279.8,0.1,-9.5,-0.4,,,2019-10
2019-10-29,3673,TPK-KY,光電業,進榜,準備,59.42,76.0,1.0,0,-18.8,-0.3,,,59.7,0.4,-19.1,-0.4,,,2019-10
2019-10-29,6196,帆宣,其他電子業,進榜,準備,51.03,75.0,1.0,0,16.2,-0.3,,,51.0,0.0,16.2,-0.4,,,2019-10
2019-10-29,1504,東元,電機機械,進榜,準備,20.49,70.0,1.0,0,2.6,-0.3,,,20.4,-0.2,2.8,-0.4,,,2019-10
2019-10-29,2395,研華,電子工業,移出,掉出掃描母體,207.77,73.0,,6,,,,,,,,,,,2019-10
2019-10-29,3044,健鼎,電子工業,移出,掉出掃描母體,80.91,71.0,,1,,,,,,,,,,,2019-10
2019-10-29,5434,崇越,電子工業,移出,掉出掃描母體,69.37,73.0,,78,,,,,,,,,,,2019-10
2019-10-29,5289,宜鼎,電腦及週邊設備業,移出,掉出掃描母體,90.71,72.0,,47,,,,,,,,,,,2019-10
2019-10-29,9946,三發地產,建材營造,移出,掉出掃描母體,15.29,83.0,,13,,,,,,,,,,,2019-10
2019-10-30,3131,弘塑,其他電子類,進榜,觸發,154.19,89.0,1.0,0,17.9,-0.4,,,158.3,2.7,14.8,-0.6,,,2019-10
2019-10-30,3131,弘塑,其他電子類,觸發,進榜即觸發,154.19,89.0,1.0,0,17.9,-0.4,,,158.3,2.7,14.8,-0.6,,,2019-10
2019-10-30,4991,環宇-KY,半導體業,進榜,觸發,69.11,71.0,2.0,0,-0.3,-0.4,,,71.3,3.1,-3.3,-0.6,,,2019-10
2019-10-30,4991,環宇-KY,半導體業,觸發,進榜即觸發,69.11,71.0,2.0,0,-0.3,-0.4,,,71.3,3.1,-3.3,-0.6,,,2019-10
2019-10-30,6217,中探針,電子零組件業,進榜,準備,30.84,82.0,3.0,0,-3.1,-0.4,,,30.8,0.0,-3.1,-0.6,,,2019-10
2019-10-30,4119,旭富,化學生技醫療,進榜,準備,75.79,77.0,3.0,0,-2.6,-0.4,,,75.8,0.0,-2.6,-0.6,,,2019-10
2019-10-30,2395,研華,電子工業,進榜,準備,209.87,71.0,1.0,0,1.8,-0.4,,,211.3,0.7,1.2,-0.6,,,2019-10
2019-10-30,4142,國光生,化學生技醫療,進榜,準備,25.32,71.0,3.0,0,-1.2,-0.4,,,25.6,1.0,-2.1,-0.6,,,2019-10
2019-10-30,2330,台積電,半導體業,進榜,準備,261.87,70.0,2.0,0,3.8,-0.4,,,262.3,0.2,3.7,-0.6,,,2019-10
2019-10-30,2367,燿華,電子工業,移出,離高點太遠,29.54,97.0,,125,,,,,,,,,,,2019-10
2019-10-30,1464,得力,紡織纖維,移出,掉出掃描母體,19.18,72.0,,16,,,,,,,,,,,2019-10
2019-10-30,2387,精元,電子工業,移出,掉出掃描母體,26.54,98.0,,15,,,,,,,,,,,2019-10
2019-10-30,1560,中砂,電機機械,移出,掉出掃描母體,59.47,74.0,,8,,,,,,,,,,,2019-10
2019-10-31,3044,健鼎,電子工業,進榜,準備,83.75,75.0,3.0,0,8.1,-0.1,,,84.1,0.4,7.6,-0.2,,,2019-10
2019-10-31,3231,緯創,電子工業,進榜,準備,20.02,72.0,2.0,0,2.1,-0.1,,,20.0,-0.4,2.5,-0.2,,,2019-10
2019-10-31,2301,光寶科,電腦及週邊設備業,進榜,準備,34.7,70.0,2.0,0,-2.2,-0.1,,,34.6,-0.4,-1.8,-0.2,,,2019-10
2019-10-31,6643,M31,半導體業,移出,掉出掃描母體,273.96,74.0,,2,,,,,,,,,,,2019-10
2019-10-31,6217,中探針,電子零組件業,移出,掉出掃描母體,30.84,82.0,,1,,,,,,,,,,,2019-10
2019-10-31,4142,國光生,化學生技醫療,移出,掉出掃描母體,25.32,71.0,,1,,,,,,,,,,,2019-10
2019-10-31,2330,台積電,半導體業,移出,掉出掃描母體,261.87,70.0,,1,,,,,,,,,,,2019-10
2019-10-31,5215,科嘉-KY,電腦及週邊設備業,移出,離高點太遠,44.72,98.0,,41,,,,,,,,,,,2019-10
2019-10-31,6155,鈞寶,電子零組件業,移出,突破失敗,20.7,80.0,,14,,,,,,,,,,,2019-10
2019-10-31,6153,嘉聯益,電子零組件業,移出,掉出掃描母體,35.97,72.0,,9,,,,,,,,,,,2019-10
2019-10-31,6462,神盾,半導體業,移出,掉出掃描母體,216.75,73.0,,7,,,,,,,,,,,2019-10
2019-10-31,5274,信驊,半導體業,移出,掉出掃描母體,615.65,71.0,,3,,,,,,,,,,,2019-10
2019-10-31,6288,聯嘉,汽車工業,移出,掉出掃描母體,22.51,77.0,,3,,,,,,,,,,,2019-10
2019-10-31,3004,豐達科,鋼鐵工業,移出,掉出掃描母體,82.08,78.0,,2,,,,,,,,,,,2019-10
2019-10-31,4991,環宇-KY,半導體業,移出,掉出掃描母體,69.11,71.0,,1,,,,,,,,,,,2019-10
2019-11-01,4991,環宇-KY,半導體業,進榜,觸發,74.76,82.0,2.0,0,-9.2,-0.6,,,75.5,1.0,-10.2,-0.9,,,2019-11
2019-11-01,4991,環宇-KY,半導體業,觸發,進榜即觸發,74.76,82.0,2.0,0,-9.2,-0.6,,,75.5,1.0,-10.2,-0.9,,,2019-11
2019-11-01,5291,邑昇,電子零組件業,進榜,準備,23.86,94.0,3.0,0,-9.3,-0.6,,,24.2,1.6,-10.7,-0.9,,,2019-11
2019-11-01,3546,宇峻,文化創意業,進榜,準備,39.45,81.0,2.0,0,11.2,-0.6,,,39.8,0.9,10.2,-0.9,,,2019-11
2019-11-01,6269,台郡,電子工業,進榜,準備,90.03,78.0,2.0,0,-0.4,-0.6,,,90.4,0.4,-0.9,-0.9,,,2019-11
2019-11-01,6486,互動,通信網路業,進榜,準備,44.41,77.0,1.0,0,-0.3,-0.6,,,44.8,0.9,-1.2,-0.9,,,2019-11
2019-11-01,3227,原相,半導體業,進榜,準備,87.16,76.0,3.0,0,6.6,-0.6,,,87.9,0.8,5.7,-0.9,,,2019-11
2019-11-01,4142,國光生,化學生技醫療,進榜,準備,25.42,74.0,3.0,0,2.1,-0.6,,,25.8,1.6,0.6,-0.9,,,2019-11
2019-11-01,1590,亞德客-KY,電機機械,進榜,準備,390.87,71.0,2.0,0,-0.7,-0.6,,,396.2,1.4,-2.0,-0.9,,,2019-11
2019-11-01,5203,訊連,電子工業,觸發,等待後觸發,80.89,86.0,1.0,42,6.4,-0.6,,,82.1,1.5,4.8,-0.9,,,2019-11
2019-11-01,1504,東元,電機機械,移出,掉出掃描母體,20.95,75.0,,3,,,,,,,,,,,2019-11
2019-11-01,3231,緯創,電子工業,移出,掉出掃描母體,20.02,72.0,,1,,,,,,,,,,,2019-11
2019-11-01,3479,安勤,電腦及週邊設備業,移出,掉出掃描母體,57.38,95.0,,85,,,,,,,,,,,2019-11
2019-11-01,6271,同欣電,半導體業,移出,掉出掃描母體,124.14,73.0,,36,,,,,,,,,,,2019-11
2019-11-01,6224,聚鼎,電子零組件業,移出,掉出掃描母體,51.95,71.0,,8,,,,,,,,,,,2019-11
2019-11-04,3511,矽瑪,電子零組件業,進榜,觸發,41.57,79.0,6.0,0,-8.1,-1.2,,,42.0,1.1,-9.1,-1.5,,,2019-11
2019-11-04,3511,矽瑪,電子零組件業,觸發,進榜即觸發,41.57,79.0,6.0,0,-8.1,-1.2,,,42.0,1.1,-9.1,-1.5,,,2019-11
2019-11-04,2474,可成,電子工業,進榜,準備,186.98,75.0,1.0,0,-12.6,-1.2,,,188.3,0.7,-13.2,-1.5,,,2019-11
2019-11-04,1560,中砂,電機機械,進榜,準備,60.82,74.0,1.0,0,-5.8,-1.2,,,61.2,0.7,-6.5,-1.5,,,2019-11
2019-11-04,1464,得力,紡織纖維,進榜,準備,19.65,73.0,1.0,0,-3.7,-1.2,,,19.5,-0.9,-2.8,-1.5,,,2019-11
2019-11-04,2330,台積電,半導體業,進榜,準備,268.43,73.0,2.0,0,0.2,-1.2,,,268.9,0.2,0.0,-1.5,,,2019-11
2019-11-04,4977,眾達-KY,電子工業,進榜,準備,78.13,72.0,3.0,0,-2.9,-1.2,,,78.5,0.5,-3.3,-1.5,,,2019-11
2019-11-04,3231,緯創,電子工業,進榜,準備,20.35,71.0,2.0,0,-2.1,-1.2,,,20.3,0.0,-2.1,-1.5,,,2019-11
2019-11-04,3673,TPK-KY,光電業,移出,掉出掃描母體,59.33,74.0,,6,,,,,,,,,,,2019-11
2019-11-04,1590,亞德客-KY,電機機械,移出,掉出掃描母體,390.87,71.0,,3,,,,,,,,,,,2019-11
2019-11-04,2228,劍麟,汽車工業,移出,晚期未觸發,94.66,92.0,,11,,,,,,,,,,,2019-11
2019-11-05,6412,群電,電子工業,進榜,觸發,45.41,73.0,2.0,0,-2.4,-1.2,,,45.7,0.6,-3.0,-1.3,,,2019-11
2019-11-05,6412,群電,電子工業,觸發,進榜即觸發,45.41,73.0,2.0,0,-2.4,-1.2,,,45.7,0.6,-3.0,-1.3,,,2019-11
2019-11-05,8358,金居,電子零組件業,進榜,準備,35.03,88.0,2.0,0,-1.8,-1.2,,,35.0,0.0,-1.8,-1.3,,,2019-11
2019-11-05,5289,宜鼎,電腦及週邊設備業,進榜,準備,95.75,73.0,2.0,0,7.7,-1.2,,,96.4,0.7,7.0,-1.3,,,2019-11
2019-11-05,3044,健鼎,電子工業,觸發,等待後觸發,86.24,76.0,3.0,5,0.8,-1.2,,,85.2,-1.2,2.1,-1.3,,,2019-11
2019-11-05,2330,台積電,半導體業,觸發,等待後觸發,271.49,73.0,2.0,1,-1.1,-1.2,,,270.2,-0.5,-0.6,-1.3,,,2019-11
2019-11-05,6239,力成,半導體業,移出,逾期,68.81,80.0,,56,,,,,,,,,,,2019-11
2019-11-05,3227,原相,半導體業,移出,掉出掃描母體,87.87,72.0,,4,,,,,,,,,,,2019-11
2019-11-05,2474,可成,電子工業,移出,掉出掃描母體,186.98,75.0,,1,,,,,,,,,,,2019-11
2019-11-05,1464,得力,紡織纖維,移出,掉出掃描母體,19.65,73.0,,1,,,,,,,,,,,2019-11
2019-11-05,3231,緯創,電子工業,移出,掉出掃描母體,20.35,71.0,,1,,,,,,,,,,,2019-11
2019-11-05,6669,緯穎,電子工業,移出,離高點太遠,397.09,86.0,,48,,,,,,,,,,,2019-11
2019-11-05,2338,光罩,半導體業,移出,掉出掃描母體,27.02,76.0,,29,,,,,,,,,,,2019-11
2019-11-06,3206,志豐,電子零組件業,進榜,觸發,24.25,89.0,3.0,0,-7.2,-1.1,,,24.3,0.3,-7.5,-1.2,,,2019-11
2019-11-06,3206,志豐,電子零組件業,觸發,進榜即觸發,24.25,89.0,3.0,0,-7.2,-1.1,,,24.3,0.3,-7.5,-1.2,,,2019-11
2019-11-06,5274,信驊,半導體業,進榜,準備,632.41,74.0,2.0,0,3.6,-1.1,,,638.5,1.0,2.6,-1.2,,,2019-11
2019-11-06,2474,可成,電子工業,進榜,準備,184.32,71.0,1.0,0,-10.1,-1.1,,,183.7,-0.4,-9.8,-1.2,,,2019-11
2019-11-06,6488,環球晶,半導體業,進榜,準備,308.48,70.0,1.0,0,-8.6,-1.1,,,306.1,-0.8,-7.9,-1.2,,,2019-11
2019-11-06,2301,光寶科,電腦及週邊設備業,移出,掉出掃描母體,35.6,71.0,,6,,,,,,,,,,,2019-11
2019-11-06,8358,金居,電子零組件業,移出,掉出掃描母體,35.03,88.0,,1,,,,,,,,,,,2019-11
2019-11-06,4155,訊映,生技醫療業,移出,突破失敗,25.03,75.0,,35,,,,,,,,,,,2019-11
2019-11-06,1560,中砂,電機機械,移出,掉出掃描母體,60.48,73.0,,2,,,,,,,,,,,2019-11
2019-11-06,4977,眾達-KY,電子工業,移出,掉出掃描母體,77.75,71.0,,2,,,,,,,,,,,2019-11
2019-11-07,8150,南茂,電子工業,進榜,觸發,23.47,76.0,3.0,0,5.4,-0.6,,,23.7,1.2,4.1,-0.9,,,2019-11
2019-11-07,8150,南茂,電子工業,觸發,進榜即觸發,23.47,76.0,3.0,0,5.4,-0.6,,,23.7,1.2,4.1,-0.9,,,2019-11
2019-11-07,8463,潤泰材,其他,進榜,準備,44.74,99.0,2.0,0,-17.1,-0.6,,,44.7,0.0,-17.1,-0.9,,,2019-11
2019-11-07,9946,三發地產,建材營造,進榜,準備,15.74,79.0,2.0,0,13.6,-0.6,,,16.0,1.7,11.8,-0.9,,,2019-11
2019-11-07,1504,東元,電機機械,進榜,準備,20.87,70.0,1.0,0,0.4,-0.6,,,20.9,0.0,0.4,-0.9,,,2019-11
2019-11-07,2362,藍天,電子工業,觸發,等待後觸發,31.17,86.0,1.0,15,-9.6,-0.6,,,31.1,-0.2,-9.4,-0.9,,,2019-11
2019-11-07,5274,信驊,半導體業,移出,掉出掃描母體,632.41,74.0,,1,,,,,,,,,,,2019-11
2019-11-07,6488,環球晶,半導體業,移出,掉出掃描母體,308.48,70.0,,1,,,,,,,,,,,2019-11
2019-11-07,4968,立積,電子工業,移出,離高點太遠,142.3,100.0,,142,,,,,,,,,,,2019-11
2019-11-07,8016,矽創,半導體業,移出,掉出掃描母體,104.8,84.0,,84,,,,,,,,,,,2019-11
2019-11-07,2337,旺宏,半導體業,移出,掉出掃描母體,25.67,79.0,,66,,,,,,,,,,,2019-11
2019-11-07,3707,漢磊,半導體業,移出,掉出掃描母體,27.98,86.0,,14,,,,,,,,,,,2019-11
2019-11-07,6683,雍智科技,半導體業,移出,掉出掃描母體,191.04,98.0,,14,,,,,,,,,,,2019-11
2019-11-07,5291,邑昇,電子零組件業,移出,晚期未觸發,21.92,90.0,,6,,,,,,,,,,,2019-11
2019-11-08,4938,和碩,電子工業,進榜,觸發,45.26,85.0,2.0,0,2.5,-0.6,,,45.5,0.4,2.1,-0.6,,,2019-11
2019-11-08,4938,和碩,電子工業,觸發,進榜即觸發,45.26,85.0,2.0,0,2.5,-0.6,,,45.5,0.4,2.1,-0.6,,,2019-11
2019-11-08,4977,眾達-KY,電子工業,進榜,準備,83.74,83.0,2.0,0,-8.5,-0.6,,,84.9,1.3,-9.7,-0.6,,,2019-11
2019-11-08,4974,亞泰,電子零組件業,進榜,準備,34.53,75.0,2.0,0,-2.0,-0.6,,,34.6,0.2,-2.2,-0.6,,,2019-11
2019-11-08,6219,富旺,建材營造,進榜,準備,22.6,75.0,2.0,0,-13.6,-0.6,,,22.7,0.5,-14.1,-0.6,,,2019-11
2019-11-08,3231,緯創,電子工業,進榜,準備,20.31,71.0,2.0,0,3.0,-0.6,,,20.3,-0.2,3.2,-0.6,,,2019-11
2019-11-08,5274,信驊,半導體業,進榜,準備,633.94,70.0,2.0,0,7.0,-0.6,,,635.5,0.2,6.7,-0.6,,,2019-11
2019-11-08,2345,智邦,通信網路業,移出,掉出掃描母體,152.95,81.0,,92,,,,,,,,,,,2019-11
2019-11-08,3324,雙鴻,其他電子類,移出,離高點太遠,175.58,85.0,,32,,,,,,,,,,,2019-11
2019-11-08,8046,南電,電子工業,移出,掉出掃描母體,46.99,78.0,,17,,,,,,,,,,,2019-11
2019-11-08,4119,旭富,化學生技醫療,移出,掉出掃描母體,72.52,70.0,,9,,,,,,,,,,,2019-11
2019-11-08,6269,台郡,電子工業,移出,掉出掃描母體,88.44,73.0,,7,,,,,,,,,,,2019-11
2019-11-08,4142,國光生,化學生技醫療,移出,掉出掃描母體,25.22,74.0,,7,,,,,,,,,,,2019-11
2019-11-11,5272,笙科,半導體業,進榜,準備,28.02,87.0,2.0,0,0.2,0.3,,,28.7,2.4,-2.2,0.1,,,2019-11
2019-11-11,1569,濱川,電腦及週邊設備業,進榜,準備,20.99,85.0,1.0,0,-2.4,0.3,,,20.9,-0.4,-2.0,0.1,,,2019-11
2019-11-11,6409,旭隼,其他電子業,進榜,準備,566.71,74.0,2.0,0,0.8,0.3,,,561.9,-0.8,1.7,0.1,,,2019-11
2019-11-11,3548,兆利,電子零組件業,進榜,準備,61.86,71.0,2.0,0,0.9,0.3,,,62.4,0.9,0.0,0.1,,,2019-11
2019-11-11,2352,佳世達,電腦及週邊設備業,移出,掉出掃描母體,18.87,71.0,,20,,,,,,,,,,,2019-11
2019-11-11,6486,互動,通信網路業,移出,掉出掃描母體,44.82,74.0,,10,,,,,,,,,,,2019-11
2019-11-11,6412,群電,電子工業,移出,掉出掃描母體,45.55,73.0,,6,,,,,,,,,,,2019-11
2019-11-11,2474,可成,電子工業,移出,掉出掃描母體,185.32,76.0,,5,,,,,,,,,,,2019-11
2019-11-11,6219,富旺,建材營造,移出,掉出掃描母體,22.6,75.0,,3,,,,,,,,,,,2019-11
2019-11-11,8081,致新,半導體業,移出,掉出掃描母體,82.81,92.0,,91,,,,,,,,,,,2019-11
2019-11-11,2385,群光,電子工業,移出,掉出掃描母體,60.59,75.0,,91,,,,,,,,,,,2019-11
2019-11-11,8086,宏捷科,半導體業,移出,離高點太遠,90.86,97.0,,39,,,,,,,,,,,2019-11
2019-11-11,6558,興能高,其他電子業,移出,掉出掃描母體,75.06,80.0,,13,,,,,,,,,,,2019-11
2019-11-11,4991,環宇-KY,半導體業,移出,掉出掃描母體,70.28,71.0,,10,,,,,,,,,,,2019-11
2019-11-12,3037,欣興,電子工業,進榜,觸發,43.33,88.0,5.0,0,-12.0,0.0,,,41.5,-4.2,-8.1,0.0,,,2019-11
2019-11-12,3037,欣興,電子工業,觸發,進榜即觸發,43.33,88.0,5.0,0,-12.0,0.0,,,41.5,-4.2,-8.1,0.0,,,2019-11
2019-11-12,1464,得力,紡織纖維,進榜,觸發,20.38,75.0,1.0,0,-6.2,0.0,,,20.7,1.8,-7.9,0.0,,,2019-11
2019-11-12,1464,得力,紡織纖維,觸發,進榜即觸發,20.38,75.0,1.0,0,-6.2,0.0,,,20.7,1.8,-7.9,0.0,,,2019-11
2019-11-12,8088,品安,半導體業,進榜,觸發,17.37,70.0,4.0,0,4.1,0.0,,,17.5,0.8,3.2,0.0,,,2019-11
2019-11-12,8088,品安,半導體業,觸發,進榜即觸發,17.37,70.0,4.0,0,4.1,0.0,,,17.5,0.8,3.2,0.0,,,2019-11
2019-11-12,6233,旺玖,半導體業,進榜,準備,15.28,99.0,2.0,0,-12.2,0.0,,,15.2,-0.6,-11.7,0.0,,,2019-11
2019-11-12,1752,南光,化學生技醫療,進榜,準備,31.4,89.0,1.0,0,4.6,0.0,,,31.3,-0.2,4.9,0.0,,,2019-11
2019-11-12,2352,佳世達,電腦及週邊設備業,進榜,準備,18.99,72.0,1.0,0,-6.1,0.0,,,19.0,-0.2,-5.9,0.0,,,2019-11
2019-11-12,6415,矽力*-KY,半導體業,觸發,等待後觸發,230.56,96.0,1.0,19,-5.9,0.0,,,232.5,0.8,-6.7,0.0,,,2019-11
2019-11-12,2449,京元電子,半導體業,觸發,等待後觸發,28.0,83.0,1.0,50,-2.8,0.0,,,27.9,-0.3,-2.5,0.0,,,2019-11
2019-11-12,5274,信驊,半導體業,移出,掉出掃描母體,626.32,72.0,,4,,,,,,,,,,,2019-11
2019-11-12,6409,旭隼,其他電子業,移出,掉出掃描母體,566.71,74.0,,1,,,,,,,,,,,2019-11
2019-11-12,5483,中美晶,半導體業,移出,掉出掃描母體,63.08,72.0,,29,,,,,,,,,,,2019-11
2019-11-13,6667,信紘科,其他電子類,進榜,準備,46.58,97.0,1.0,0,21.0,0.0,,,47.5,1.9,18.7,0.0,,,2019-11
2019-11-13,3221,台嘉碩,通信網路業,進榜,準備,20.07,77.0,1.0,0,9.1,0.0,,,19.9,-1.0,10.1,0.0,,,2019-11
2019-11-13,6486,互動,通信網路業,進榜,準備,44.82,73.0,1.0,0,-1.2,0.0,,,44.9,0.1,-1.3,0.0,,,2019-11
2019-11-13,2929,淘帝-KY,貿易百貨,進榜,準備,76.84,71.0,1.0,0,-0.7,0.0,,,77.2,0.5,-1.2,0.0,,,2019-11
2019-11-13,2352,佳世達,電腦及週邊設備業,移出,掉出掃描母體,18.99,72.0,,1,,,,,,,,,,,2019-11
2019-11-13,5203,訊連,電子工業,移出,離高點太遠,87.24,89.0,,54,,,,,,,,,,,2019-11
2019-11-13,4566,時碩工業,電機機械,移出,掉出掃描母體,44.84,75.0,,27,,,,,,,,,,,2019-11
2019-11-13,2520,冠德,建材營造,移出,掉出掃描母體,16.79,77.0,,22,,,,,,,,,,,2019-11
2019-11-14,6426,統新,通信網路業,進榜,觸發,125.47,96.0,5.0,0,18.9,0.4,,,125.5,0.0,18.9,0.3,,,2019-11
2019-11-14,6426,統新,通信網路業,觸發,進榜即觸發,125.47,96.0,5.0,0,18.9,0.4,,,125.5,0.0,18.9,0.3,,,2019-11
2019-11-14,6288,聯嘉,汽車工業,進榜,準備,23.36,89.0,2.0,0,-3.5,0.4,,,23.4,0.0,-3.5,0.3,,,2019-11
2019-11-14,3062,建漢,通信網路業,進榜,準備,18.64,82.0,2.0,0,-4.7,0.4,,,18.7,0.5,-5.2,0.3,,,2019-11
2019-11-14,3078,僑威,電子零組件業,進榜,準備,18.69,74.0,1.0,0,-4.7,0.4,,,18.8,0.4,-5.1,0.3,,,2019-11
2019-11-14,5274,信驊,半導體業,進榜,準備,637.75,70.0,1.0,0,14.7,0.4,,,645.4,1.2,13.3,0.3,,,2019-11
2019-11-14,6486,互動,通信網路業,移出,掉出掃描母體,44.82,73.0,,1,,,,,,,,,,,2019-11
2019-11-14,6451,訊芯-KY,半導體業,移出,離高點太遠,131.16,93.0,,38,,,,,,,,,,,2019-11
2019-11-14,4977,眾達-KY,電子工業,移出,掉出掃描母體,78.5,75.0,,6,,,,,,,,,,,2019-11
2019-11-14,5272,笙科,半導體業,移出,掉出掃描母體,28.64,86.0,,3,,,,,,,,,,,2019-11
2019-11-15,5498,凱崴,電子零組件業,進榜,觸發,12.14,93.0,2.0,0,-9.6,0.0,,,12.7,4.4,-13.4,0.0,,,2019-11
2019-11-15,5498,凱崴,電子零組件業,觸發,進榜即觸發,12.14,93.0,2.0,0,-9.6,0.0,,,12.7,4.4,-13.4,0.0,,,2019-11
2019-11-15,1103,嘉泥,水泥工業,進榜,準備,14.85,86.0,2.0,0,-0.5,0.0,,,15.0,1.2,-1.7,0.0,,,2019-11
2019-11-15,2474,可成,電子工業,進榜,準備,184.32,82.0,1.0,0,-12.1,0.0,,,184.7,0.2,-12.2,0.0,,,2019-11
2019-11-15,6486,互動,通信網路業,進榜,準備,44.94,71.0,1.0,0,3.8,0.0,,,45.0,0.1,3.7,0.0,,,2019-11
2019-11-15,2929,淘帝-KY,貿易百貨,移出,掉出掃描母體,76.84,71.0,,2,,,,,,,,,,,2019-11
2019-11-15,3312,弘憶股,電子工業,移出,突破失敗,10.38,85.0,,25,,,,,,,,,,,2019-11
2019-11-18,3217,優群,電子零組件業,進榜,觸發,47.5,90.0,4.0,0,-6.5,0.3,,,48.2,1.4,-7.8,0.3,,,2019-11
2019-11-18,3217,優群,電子零組件業,觸發,進榜即觸發,47.5,90.0,4.0,0,-6.5,0.3,,,48.2,1.4,-7.8,0.3,,,2019-11
2019-11-18,2367,燿華,電子工業,進榜,準備,31.91,96.0,3.0,0,-8.6,0.3,,,32.1,0.7,-9.2,0.3,,,2019-11
2019-11-18,8210,勤誠,電子工業,進榜,準備,67.51,81.0,2.0,0,-0.5,0.3,,,67.4,-0.2,-0.2,0.3,,,2019-11
2019-11-18,6269,台郡,電子工業,進榜,準備,89.24,78.0,1.0,0,0.4,0.3,,,90.0,0.9,-0.4,0.3,,,2019-11
2019-11-18,6121,新普,電腦及週邊設備業,進榜,準備,195.24,73.0,2.0,0,1.6,0.3,,,194.6,-0.3,2.0,0.3,,,2019-11
2019-11-18,2317,鴻海,其他電子業,進榜,準備,68.8,71.0,1.0,0,1.2,0.3,,,68.8,0.0,1.2,0.3,,,2019-11
2019-11-18,1504,東元,電機機械,移出,掉出掃描母體,20.91,72.0,,11,,,,,,,,,,,2019-11
2019-11-18,6486,互動,通信網路業,移出,掉出掃描母體,44.94,71.0,,3,,,,,,,,,,,2019-11
2019-11-18,1464,得力,紡織纖維,移出,掉出掃描母體,19.91,71.0,,6,,,,,,,,,,,2019-11
2019-11-19,6412,群電,電子工業,進榜,準備,46.65,80.0,2.0,0,-5.6,0.4,,,46.2,-0.9,-4.8,0.4,,,2019-11
2019-11-19,3231,緯創,電子工業,觸發,等待後觸發,20.96,76.0,2.0,11,1.9,0.4,,,20.9,-0.2,2.1,0.4,,,2019-11
2019-11-19,3078,僑威,電子零組件業,移出,掉出掃描母體,18.82,72.0,,5,,,,,,,,,,,2019-11
2019-11-19,2801,彰銀,金融保險,移出,掉出掃描母體,15.65,71.0,,46,,,,,,,,,,,2019-11
2019-11-19,4943,康控-KY,電子工業,移出,掉出掃描母體,291.29,87.0,,28,,,,,,,,,,,2019-11
2019-11-20,2337,旺宏,半導體業,進榜,準備,26.74,85.0,1.0,0,12.4,0.7,,,26.6,-0.6,13.1,1.0,,,2019-11
2019-11-20,6239,力成,半導體業,進榜,準備,68.53,83.0,2.0,0,8.2,0.7,,,68.4,-0.2,8.5,1.0,,,2019-11
2019-11-20,3034,聯詠,半導體業,進榜,準備,132.45,71.0,3.0,0,5.0,0.7,,,130.6,-1.4,6.5,1.0,,,2019-11
2019-11-20,5305,敦南,半導體業,移出,掉出掃描母體,41.6,71.0,,99,,,,,,,,,,,2019-11
2019-11-20,3014,聯陽,半導體業,移出,掉出掃描母體,26.76,72.0,,56,,,,,,,,,,,2019-11
2019-11-20,3483,力致,電腦及週邊設備業,移出,離高點太遠,38.41,96.0,,48,,,,,,,,,,,2019-11
2019-11-20,6679,鈺太,半導體業,移出,離高點太遠,114.93,87.0,,29,,,,,,,,,,,2019-11
2019-11-20,3131,弘塑,其他電子類,移出,離高點太遠,168.21,94.0,,21,,,,,,,,,,,2019-11
2019-11-20,6667,信紘科,其他電子類,移出,離高點太遠,49.17,99.0,,7,,,,,,,,,,,2019-11
2019-11-20,3062,建漢,通信網路業,移出,掉出掃描母體,18.29,76.0,,6,,,,,,,,,,,2019-11
2019-11-21,1103,嘉泥,水泥工業,觸發,等待後觸發,15.74,85.0,2.0,6,-5.4,0.7,,,15.7,0.0,-5.4,0.5,,,2019-11
2019-11-21,8210,勤誠,電子工業,觸發,等待後觸發,68.8,82.0,2.0,3,-1.2,0.7,,,69.0,0.4,-1.5,0.5,,,2019-11
2019-11-21,2207,和泰車,汽車工業,移出,掉出掃描母體,470.35,77.0,,29,,,,,,,,,,,2019-11
2019-11-21,2395,研華,電子工業,移出,掉出掃描母體,224.61,73.0,,22,,,,,,,,,,,2019-11
2019-11-21,3048,益登,電子通路業,移出,掉出掃描母體,12.39,88.0,,36,,,,,,,,,,,2019-11
2019-11-22,2395,研華,電子工業,進榜,準備,221.81,73.0,1.0,0,-4.6,0.5,,,220.8,-0.5,-4.1,0.4,,,2019-11
2019-11-22,2207,和泰車,汽車工業,進榜,準備,463.07,72.0,2.0,0,20.8,0.5,,,466.3,0.7,20.0,0.4,,,2019-11
2019-11-22,2548,華固,建材營造,進榜,準備,48.22,70.0,0.0,0,-1.8,0.5,,,48.2,-0.1,-1.7,0.4,,,2019-11
2019-11-22,3034,聯詠,半導體業,觸發,等待後觸發,144.3,87.0,3.0,2,-10.5,0.5,,,142.8,-1.1,-9.6,0.4,,,2019-11
2019-11-22,2101,南港,橡膠工業,移出,掉出掃描母體,53.15,91.0,,178,,,,,,,,,,,2019-11
2019-11-22,3661,世芯-KY,半導體業,移出,離高點太遠,195.85,99.0,,95,,,,,,,,,,,2019-11
2019-11-22,2504,國產,建材營造,移出,離高點太遠,9.81,94.0,,44,,,,,,,,,,,2019-11
2019-11-22,2474,可成,電子工業,移出,掉出掃描母體,179.34,80.0,,7,,,,,,,,,,,2019-11
2019-11-25,2207,和泰車,汽車工業,觸發,等待後觸發,471.97,72.0,2.0,3,19.0,0.3,,,472.8,0.2,18.8,0.2,,,2019-11
2019-11-25,2548,華固,建材營造,移出,掉出掃描母體,48.22,70.0,,3,,,,,,,,,,,2019-11
2019-11-25,6510,精測,半導體業,移出,掉出掃描母體,802.06,97.0,,67,,,,,,,,,,,2019-11
2019-11-25,6415,矽力*-KY,半導體業,移出,離高點太遠,206.57,93.0,,32,,,,,,,,,,,2019-11
2019-11-25,3511,矽瑪,電子零組件業,移出,突破失敗,37.98,71.0,,21,,,,,,,,,,,2019-11
2019-11-25,3037,欣興,電子工業,移出,掉出掃描母體,40.73,88.0,,13,,,,,,,,,,,2019-11
2019-11-26,1736,喬山,化學生技醫療,進榜,觸發,85.44,82.0,4.0,0,-15.1,0.2,,,86.0,0.6,-15.6,0.1,,,2019-11
2019-11-26,1736,喬山,化學生技醫療,觸發,進榜即觸發,85.44,82.0,4.0,0,-15.1,0.2,,,86.0,0.6,-15.6,0.1,,,2019-11
2019-11-26,8040,九暘,半導體業,進榜,準備,27.68,100.0,2.0,0,-15.6,0.2,,,27.9,0.7,-16.2,0.1,,,2019-11
2019-11-26,2395,研華,電子工業,移出,掉出掃描母體,220.4,71.0,,4,,,,,,,,,,,2019-11
2019-11-26,4974,亞泰,電子零組件業,移出,掉出掃描母體,34.28,74.0,,18,,,,,,,,,,,2019-11
2019-11-27,6612,奈米醫材,生技醫療業,進榜,準備,67.8,91.0,2.0,0,-14.4,0.3,,,68.7,1.4,-15.6,0.3,,,2019-11
2019-11-27,2338,光罩,半導體業,進榜,準備,27.23,79.0,1.0,0,10.0,0.3,,,27.3,0.3,9.7,0.3,,,2019-11
2019-11-27,5607,遠雄港,航運業,進榜,準備,17.55,79.0,1.0,0,-2.1,0.3,,,17.8,1.5,-3.5,0.3,,,2019-11
2019-11-27,6452,康友-KY,生技醫療業,進榜,準備,215.5,75.0,2.0,0,-1.4,0.3,,,217.0,0.7,-2.1,0.3,,,2019-11
2019-11-27,3546,宇峻,文化創意業,觸發,等待後觸發,46.24,93.0,2.0,26,3.0,0.3,,,46.5,0.6,2.4,0.3,,,2019-11
2019-11-27,1103,嘉泥,水泥工業,移出,掉出掃描母體,15.07,75.0,,12,,,,,,,,,,,2019-11
2019-11-28,5457,宣德,電子零組件業,進榜,觸發,65.22,76.0,5.0,0,5.1,0.4,,,66.0,1.2,3.9,0.4,,,2019-11
2019-11-28,5457,宣德,電子零組件業,觸發,進榜即觸發,65.22,76.0,5.0,0,5.1,0.4,,,66.0,1.2,3.9,0.4,,,2019-11
2019-11-28,5607,遠雄港,航運業,觸發,等待後觸發,19.28,89.0,1.0,1,-11.4,0.4,,,19.6,1.7,-12.9,0.4,,,2019-11
2019-11-28,3231,緯創,電子工業,移出,掉出掃描母體,20.78,70.0,,20,,,,,,,,,,,2019-11
2019-11-28,2455,全新,通信網路業,移出,掉出掃描母體,101.88,89.0,,73,,,,,,,,,,,2019-11
2019-11-28,8463,潤泰材,其他,移出,離高點太遠,38.51,96.0,,21,,,,,,,,,,,2019-11
2019-11-29,6669,緯穎,電子工業,進榜,準備,448.14,89.0,1.0,0,9.6,1.0,,,450.6,0.5,9.0,1.1,,,2019-11
2019-11-29,2338,光罩,半導體業,移出,掉出掃描母體,27.62,78.0,,2,,,,,,,,,,,2019-11
2019-11-29,3105,穩懋,半導體業,移出,掉出掃描母體,268.04,94.0,,150,,,,,,,,,,,2019-11
2019-11-29,3558,神準,通信網路業,移出,掉出掃描母體,95.49,76.0,,51,,,,,,,,,,,2019-11
2019-11-29,6257,矽格,半導體業,移出,掉出掃描母體,24.93,73.0,,43,,,,,,,,,,,2019-11
2019-11-29,3548,兆利,電子零組件業,移出,掉出掃描母體,64.94,72.0,,18,,,,,,,,,,,2019-11
2019-11-29,5498,凱崴,電子零組件業,移出,掉出掃描母體,11.51,71.0,,14,,,,,,,,,,,2019-11
2019-11-29,5457,宣德,電子零組件業,移出,掉出掃描母體,65.22,76.0,,1,,,,,,,,,,,2019-11
2019-12-02,2338,光罩,半導體業,進榜,準備,28.01,82.0,1.0,0,7.1,1.5,,,27.7,-1.2,8.4,1.6,,,2019-12
2019-12-02,3042,晶技,電子工業,進榜,準備,31.39,76.0,2.0,0,9.1,1.5,,,31.4,0.0,9.1,1.6,,,2019-12
2019-12-02,2367,燿華,電子工業,移出,掉出掃描母體,31.74,96.0,,14,,,,,,,,,,,2019-12
2019-12-02,6452,康友-KY,生技醫療業,移出,掉出掃描母體,213.5,71.0,,5,,,,,,,,,,,2019-12
2019-12-02,2449,京元電子,半導體業,移出,掉出掃描母體,26.16,79.0,,70,,,,,,,,,,,2019-12
2019-12-02,3044,健鼎,電子工業,移出,掉出掃描母體,89.79,75.0,,32,,,,,,,,,,,2019-12
2019-12-02,6233,旺玖,半導體業,移出,掉出掃描母體,14.21,96.0,,20,,,,,,,,,,,2019-12
2019-12-02,8040,九暘,半導體業,移出,離高點太遠,23.84,99.0,,6,,,,,,,,,,,2019-12
2019-12-03,6591,動力-KY,電子工業,進榜,觸發,36.54,81.0,1.0,0,10.3,1.3,,,37.2,1.8,8.3,1.5,,,2019-12
2019-12-03,6591,動力-KY,電子工業,觸發,進榜即觸發,36.54,81.0,1.0,0,10.3,1.3,,,37.2,1.8,8.3,1.5,,,2019-12
2019-12-03,6155,鈞寶,電子零組件業,進榜,準備,21.01,81.0,1.0,0,8.9,1.3,,,20.9,-0.4,9.3,1.5,,,2019-12
2019-12-03,3231,緯創,電子工業,進榜,準備,20.7,75.0,2.0,0,-1.9,1.3,,,20.7,0.0,-1.9,1.5,,,2019-12
2019-12-03,4551,智伸科,汽車工業,移出,掉出掃描母體,143.32,90.0,,98,,,,,,,,,,,2019-12
2019-12-03,8155,博智,電子零組件業,移出,離高點太遠,69.42,93.0,,63,,,,,,,,,,,2019-12
2019-12-03,4958,臻鼎-KY,電子零組件業,移出,掉出掃描母體,104.08,88.0,,47,,,,,,,,,,,2019-12
2019-12-04,8182,加高,電子零組件業,進榜,準備,21.6,93.0,3.0,0,,,,,21.6,0.2,,,,,2019-12
2019-12-04,8358,金居,電子零組件業,進榜,準備,34.99,87.0,2.0,0,,,,,35.7,1.9,,,,,2019-12
2019-12-04,6452,康友-KY,生技醫療業,進榜,準備,215.5,77.0,2.0,0,,,,,217.0,0.7,,,,,2019-12
2019-12-04,2338,光罩,半導體業,移出,掉出掃描母體,27.62,78.0,,2,,,,,,,,,,,2019-12
2019-12-04,1736,喬山,化學生技醫療,移出,突破失敗,78.55,75.0,,8,,,,,,,,,,,2019-12
2019-12-05,2303,聯電,半導體業,進榜,準備,11.7,76.0,1.0,0,,,,,11.7,-0.3,,,,,2019-12
2019-12-05,2344,華邦電,半導體業,進榜,準備,16.74,72.0,2.0,0,,,,,17.0,1.6,,,,,2019-12
2019-12-05,5483,中美晶,半導體業,進榜,準備,70.62,71.0,1.0,0,,,,,71.7,1.6,,,,,2019-12
2019-12-05,6257,矽格,半導體業,進榜,準備,25.7,71.0,2.0,0,,,,,25.7,0.1,,,,,2019-12
2019-12-05,8182,加高,電子零組件業,觸發,等待後觸發,23.74,94.0,3.0,1,,,,,23.6,-0.6,,,,,2019-12
2019-12-05,9935,慶豐富,其他,移出,離高點太遠,31.88,93.0,,79,,,,,,,,,,,2019-12
2019-12-05,1762,中化生,化學生技醫療,移出,掉出掃描母體,31.74,72.0,,37,,,,,,,,,,,2019-12
2019-12-06,3661,世芯-KY,半導體業,進榜,準備,226.75,99.0,2.0,0,,,,,228.2,0.6,,,,,2019-12
2019-12-06,6510,精測,半導體業,進榜,準備,894.89,99.0,2.0,0,,,,,905.7,1.2,,,,,2019-12
2019-12-06,5905,南仁湖,貿易百貨,進榜,準備,14.61,98.0,3.0,0,,,,,14.8,1.3,,,,,2019-12
2019-12-06,6185,幃翔,電子零組件業,進榜,準備,21.41,96.0,1.0,0,,,,,21.1,-1.6,,,,,2019-12
2019-12-06,2505,國揚,建材營造,進榜,準備,20.85,86.0,1.0,0,,,,,20.8,0.0,,,,,2019-12
2019-12-06,2338,光罩,半導體業,進榜,準備,27.62,75.0,1.0,0,,,,,28.1,1.7,,,,,2019-12
2019-12-06,6488,環球晶,半導體業,進榜,準備,291.61,75.0,1.0,0,,,,,291.6,0.0,,,,,2019-12
2019-12-06,5434,崇越,電子工業,進榜,準備,75.01,72.0,1.0,0,,,,,75.7,1.0,,,,,2019-12
2019-12-06,3042,晶技,電子工業,移出,掉出掃描母體,31.74,73.0,,4,,,,,,,,,,,2019-12
2019-12-06,3211,順達,電腦及週邊設備業,移出,掉出掃描母體,38.28,80.0,,52,,,,,,,,,,,2019-12
2019-12-09,3048,益登,電子通路業,進榜,觸發,13.0,89.0,2.0,0,,,,,12.9,-0.7,,,,,2019-12
2019-12-09,3048,益登,電子通路業,觸發,進榜即觸發,13.0,89.0,2.0,0,,,,,12.9,-0.7,,,,,2019-12
2019-12-09,2421,建準,電子工業,進榜,觸發,35.18,83.0,2.0,0,,,,,35.0,-0.5,,,,,2019-12
2019-12-09,2421,建準,電子工業,觸發,進榜即觸發,35.18,83.0,2.0,0,,,,,35.0,-0.5,,,,,2019-12
2019-12-09,3014,聯陽,半導體業,進榜,準備,27.94,76.0,2.0,0,,,,,27.9,0.0,,,,,2019-12
2019-12-09,3227,原相,半導體業,進榜,準備,101.09,75.0,2.0,0,,,,,102.5,1.4,,,,,2019-12
2019-12-09,3260,威剛,半導體業,進榜,準備,40.26,70.0,1.0,0,,,,,40.3,0.0,,,,,2019-12
2019-12-09,2303,聯電,半導體業,移出,掉出掃描母體,11.45,71.0,,4,,,,,,,,,,,2019-12
2019-12-09,2344,華邦電,半導體業,移出,掉出掃描母體,16.65,70.0,,4,,,,,,,,,,,2019-12
2019-12-09,6257,矽格,半導體業,移出,掉出掃描母體,25.84,71.0,,4,,,,,,,,,,,2019-12
2019-12-09,2903,遠百,貿易百貨,移出,掉出掃描母體,18.46,82.0,,166,,,,,,,,,,,2019-12
2019-12-09,4935,茂林-KY,光電業,移出,離高點太遠,80.73,99.0,,151,,,,,,,,,,,2019-12
2019-12-09,3206,志豐,電子零組件業,移出,掉出掃描母體,22.76,74.0,,33,,,,,,,,,,,2019-12
2019-12-10,6667,信紘科,其他電子類,進榜,準備,60.79,100.0,2.0,0,,,,,58.2,-4.3,,,,,2019-12
2019-12-10,6138,茂達,半導體業,進榜,準備,58.4,91.0,2.0,0,,,,,58.6,0.4,,,,,2019-12
2019-12-10,3056,富華新,建材營造,進榜,準備,9.64,90.0,1.0,0,,,,,9.6,0.0,,,,,2019-12
2019-12-10,3042,晶技,電子工業,進榜,準備,33.87,84.0,2.0,0,,,,,33.8,-0.2,,,,,2019-12
2019-12-10,2449,京元電子,半導體業,進榜,準備,27.22,83.0,2.0,0,,,,,27.4,0.5,,,,,2019-12
2019-12-10,3711,日月光投控,半導體業,進榜,準備,59.68,73.0,3.0,0,,,,,59.7,0.0,,,,,2019-12
2019-12-10,2344,華邦電,半導體業,進榜,準備,17.06,72.0,2.0,0,,,,,17.1,0.3,,,,,2019-12
2019-12-10,6257,矽格,半導體業,進榜,準備,25.63,70.0,2.0,0,,,,,25.6,0.0,,,,,2019-12
2019-12-10,3260,威剛,半導體業,觸發,等待後觸發,42.56,81.0,1.0,1,,,,,43.3,1.7,,,,,2019-12
2019-12-10,3231,緯創,電子工業,移出,掉出掃描母體,20.92,72.0,,7,,,,,,,,,,,2019-12
2019-12-10,6488,環球晶,半導體業,移出,掉出掃描母體,290.4,74.0,,4,,,,,,,,,,,2019-12
2019-12-10,6121,新普,電腦及週邊設備業,移出,掉出掃描母體,195.24,71.0,,22,,,,,,,,,,,2019-12
2019-12-11,3131,弘塑,其他電子類,進榜,觸發,209.43,98.0,2.0,0,,,,,216.0,3.1,,,,,2019-12
2019-12-11,3131,弘塑,其他電子類,觸發,進榜即觸發,209.43,98.0,2.0,0,,,,,216.0,3.1,,,,,2019-12
2019-12-11,3438,類比科,半導體業,進榜,準備,43.12,93.0,2.0,0,,,,,43.1,0.0,,,,,2019-12
2019-12-11,3317,尼克森,半導體業,進榜,準備,31.08,88.0,1.0,0,,,,,31.8,2.2,,,,,2019-12
2019-12-11,3231,緯創,電子工業,進榜,準備,21.13,71.0,2.0,0,,,,,21.3,0.8,,,,,2019-12
2019-12-11,5434,崇越,電子工業,觸發,等待後觸發,79.3,80.0,1.0,5,,,,,79.7,0.5,,,,,2019-12
2019-12-11,5483,中美晶,半導體業,移出,掉出掃描母體,70.84,75.0,,6,,,,,,,,,,,2019-12
2019-12-11,6257,矽格,半導體業,移出,掉出掃描母體,25.63,70.0,,1,,,,,,,,,,,2019-12
2019-12-11,3217,優群,電子零組件業,移出,掉出掃描母體,47.57,85.0,,23,,,,,,,,,,,2019-12
2019-12-12,6121,新普,電腦及週邊設備業,進榜,觸發,202.85,77.0,2.0,0,,,,,205.4,1.3,,,,,2019-12
2019-12-12,6121,新普,電腦及週邊設備業,觸發,進榜即觸發,202.85,77.0,2.0,0,,,,,205.4,1.3,,,,,2019-12
2019-12-12,6415,矽力*-KY,半導體業,進榜,準備,239.92,97.0,2.0,0,,,,,237.3,-1.1,,,,,2019-12
2019-12-12,6438,迅得,其他電子類,進榜,準備,61.55,93.0,3.0,0,,,,,63.0,2.3,,,,,2019-12
2019-12-12,3406,玉晶光,光電業,進榜,準備,404.08,77.0,1.0,0,,,,,409.6,1.4,,,,,2019-12
2019-12-12,6257,矽格,半導體業,進榜,準備,26.33,74.0,2.0,0,,,,,26.5,0.7,,,,,2019-12
2019-12-12,6488,環球晶,半導體業,進榜,準備,295.22,70.0,1.0,0,,,,,300.0,1.6,,,,,2019-12
2019-12-12,6196,帆宣,其他電子業,觸發,等待後觸發,71.28,97.0,1.0,44,,,,,72.9,2.3,,,,,2019-12
2019-12-12,2338,光罩,半導體業,觸發,等待後觸發,31.6,91.0,1.0,6,,,,,32.0,1.2,,,,,2019-12
2019-12-12,3711,日月光投控,半導體業,觸發,等待後觸發,63.04,81.0,3.0,2,,,,,64.8,2.8,,,,,2019-12
2019-12-12,2344,華邦電,半導體業,移出,掉出掃描母體,17.01,71.0,,2,,,,,,,,,,,2019-12
2019-12-12,4908,前鼎,通信網路業,移出,離高點太遠,42.81,99.0,,45,,,,,,,,,,,2019-12
2019-12-12,6412,群電,電子工業,移出,掉出掃描母體,43.7,71.0,,23,,,,,,,,,,,2019-12
2019-12-12,6612,奈米醫材,生技醫療業,移出,離高點太遠,59.48,84.0,,15,,,,,,,,,,,2019-12
2019-12-13,2408,南亞科,半導體業,進榜,準備,68.99,77.0,1.0,0,,,,,69.3,0.5,,,,,2019-12
2019-12-13,2344,華邦電,半導體業,進榜,準備,17.01,74.0,2.0,0,,,,,17.3,1.6,,,,,2019-12
2019-12-13,3406,玉晶光,光電業,觸發,等待後觸發,419.25,81.0,1.0,1,,,,,428.1,2.1,,,,,2019-12
2019-12-13,3438,類比科,半導體業,觸發,等待後觸發,46.39,96.0,2.0,2,,,,,48.2,4.0,,,,,2019-12
2019-12-13,2362,藍天,電子工業,移出,掉出掃描母體,28.69,77.0,,51,,,,,,,,,,,2019-12
2019-12-13,6591,動力-KY,電子工業,移出,掉出掃描母體,34.7,70.0,,10,,,,,,,,,,,2019-12
2019-12-13,3048,益登,電子通路業,移出,掉出掃描母體,12.74,86.0,,4,,,,,,,,,,,2019-12
2019-12-16,2387,精元,電子工業,進榜,準備,27.97,97.0,3.0,0,,,,,27.7,-0.9,,,,,2019-12
2019-12-16,8155,博智,電子零組件業,進榜,準備,83.43,96.0,1.0,0,,,,,83.8,0.5,,,,,2019-12
2019-12-16,4551,智伸科,汽車工業,進榜,準備,150.74,87.0,2.0,0,,,,,150.7,0.0,,,,,2019-12
2019-12-16,3558,神準,通信網路業,進榜,準備,97.38,82.0,1.0,0,,,,,97.8,0.4,,,,,2019-12
2019-12-16,2317,鴻海,其他電子業,移出,掉出掃描母體,69.18,72.0,,28,,,,,,,,,,,2019-12
2019-12-16,3515,華擎,電子工業,移出,掉出掃描母體,55.51,72.0,,62,,,,,,,,,,,2019-12
2019-12-16,3526,凡甲,電子零組件業,移出,逾期,65.73,76.0,,56,,,,,,,,,,,2019-12
2019-12-16,1569,濱川,電腦及週邊設備業,移出,掉出掃描母體,19.83,70.0,,35,,,,,,,,,,,2019-12
2019-12-16,6452,康友-KY,生技醫療業,移出,掉出掃描母體,209.5,71.0,,12,,,,,,,,,,,2019-12
2019-12-16,6185,幃翔,電子零組件業,移出,離高點太遠,20.77,95.0,,10,,,,,,,,,,,2019-12
2019-12-17,4974,亞泰,電子零組件業,進榜,觸發,35.92,77.0,2.0,0,,,,,36.7,2.1,,,,,2019-12
2019-12-17,4974,亞泰,電子零組件業,觸發,進榜即觸發,35.92,77.0,2.0,0,,,,,36.7,2.1,,,,,2019-12
2019-12-17,6531,愛普*,半導體業,進榜,準備,41.17,99.0,1.0,0,,,,,41.2,0.0,,,,,2019-12
2019-12-17,2303,聯電,半導體業,進榜,準備,12.01,72.0,1.0,0,,,,,11.9,-0.6,,,,,2019-12
2019-12-17,6155,鈞寶,電子零組件業,移出,掉出掃描母體,21.01,75.0,,14,,,,,,,,,,,2019-12
2019-12-17,3558,神準,通信網路業,移出,掉出掃描母體,97.38,82.0,,1,,,,,,,,,,,2019-12
2019-12-18,6155,鈞寶,電子零組件業,進榜,準備,21.55,72.0,1.0,0,,,,,21.8,1.1,,,,,2019-12
2019-12-18,2317,鴻海,其他電子業,進榜,準備,70.24,71.0,1.0,0,,,,,69.9,-0.4,,,,,2019-12
2019-12-18,6257,矽格,半導體業,移出,掉出掃描母體,26.22,73.0,,6,,,,,,,,,,,2019-12
2019-12-18,2392,正崴,電子零組件業,移出,掉出掃描母體,32.12,83.0,,65,,,,,,,,,,,2019-12
2019-12-18,1752,南光,化學生技醫療,移出,掉出掃描母體,31.25,82.0,,36,,,,,,,,,,,2019-12
2019-12-18,8358,金居,電子零組件業,移出,掉出掃描母體,34.22,75.0,,14,,,,,,,,,,,2019-12
2019-12-18,3227,原相,半導體業,移出,掉出掃描母體,107.16,78.0,,9,,,,,,,,,,,2019-12
2019-12-19,3003,健和興,電子工業,進榜,準備,42.05,73.0,3.0,0,,,,,42.4,0.8,,,,,2019-12
2019-12-19,3006,晶豪科,電子工業,進榜,準備,32.3,70.0,1.0,0,,,,,31.8,-1.5,,,,,2019-12
2019-12-19,2387,精元,電子工業,移出,離高點太遠,25.28,95.0,,3,,,,,,,,,,,2019-12
2019-12-19,6155,鈞寶,電子零組件業,移出,掉出掃描母體,21.55,72.0,,1,,,,,,,,,,,2019-12
2019-12-19,2317,鴻海,其他電子業,移出,掉出掃描母體,70.24,71.0,,1,,,,,,,,,,,2019-12
2019-12-19,9802,鈺齊-KY,其他,移出,掉出掃描母體,90.11,92.0,,140,,,,,,,,,,,2019-12
2019-12-19,2313,華通,電子工業,移出,掉出掃描母體,36.32,92.0,,125,,,,,,,,,,,2019-12
2019-12-19,6667,信紘科,其他電子類,移出,離高點太遠,52.93,99.0,,9,,,,,,,,,,,2019-12
2019-12-20,6155,鈞寶,電子零組件業,進榜,觸發,23.22,87.0,1.0,0,,,,,23.7,2.2,,,,,2019-12
2019-12-20,6155,鈞寶,電子零組件業,觸發,進榜即觸發,23.22,87.0,1.0,0,,,,,23.7,2.2,,,,,2019-12
2019-12-20,6706,惠特,光電業,進榜,準備,74.1,86.0,3.0,0,,,,,74.0,-0.1,,,,,2019-12
2019-12-20,5483,中美晶,半導體業,進榜,準備,71.57,71.0,1.0,0,,,,,72.3,1.0,,,,,2019-12
2019-12-20,3003,健和興,電子工業,移出,掉出掃描母體,42.05,73.0,,1,,,,,,,,,,,2019-12
2019-12-20,3006,晶豪科,電子工業,移出,掉出掃描母體,32.3,70.0,,1,,,,,,,,,,,2019-12
2019-12-20,6251,定穎,電子零組件業,移出,掉出掃描母體,17.63,93.0,,72,,,,,,,,,,,2019-12
2019-12-20,3034,聯詠,半導體業,移出,掉出掃描母體,137.0,81.0,,30,,,,,,,,,,,2019-12
2019-12-20,4551,智伸科,汽車工業,移出,掉出掃描母體,147.03,90.0,,4,,,,,,,,,,,2019-12
2019-12-23,8271,宇瞻,半導體業,進榜,準備,30.48,85.0,1.0,0,,,,,30.7,0.6,,,,,2019-12
2019-12-23,2317,鴻海,其他電子業,進榜,準備,69.56,72.0,1.0,0,,,,,69.6,0.0,,,,,2019-12
2019-12-23,3218,大學光,生技醫療業,移出,掉出掃描母體,49.54,95.0,,123,,,,,,,,,,,2019-12
2019-12-23,3680,家登,半導體業,移出,離高點太遠,138.26,100.0,,77,,,,,,,,,,,2019-12
2019-12-23,3221,台嘉碩,通信網路業,移出,掉出掃描母體,20.3,75.0,,40,,,,,,,,,,,2019-12
2019-12-23,6510,精測,半導體業,移出,晚期未觸發,928.23,98.0,,17,,,,,,,,,,,2019-12
2019-12-23,6121,新普,電腦及週邊設備業,移出,掉出掃描母體,199.04,71.0,,11,,,,,,,,,,,2019-12
2019-12-24,2327,國巨*,電子工業,進榜,準備,85.78,96.0,1.0,0,,,,,85.8,0.0,,,,,2019-12
2019-12-24,3551,世禾,其他電子類,進榜,準備,42.6,87.0,2.0,0,,,,,43.1,1.3,,,,,2019-12
2019-12-24,3003,健和興,電子工業,進榜,準備,41.47,70.0,3.0,0,,,,,41.8,0.8,,,,,2019-12
2019-12-24,3661,世芯-KY,半導體業,移出,晚期未觸發,209.63,98.0,,18,,,,,,,,,,,2019-12
2019-12-24,3231,緯創,電子工業,移出,掉出掃描母體,20.88,71.0,,13,,,,,,,,,,,2019-12
2019-12-25,3605,宏致,電子工業,進榜,準備,25.18,83.0,3.0,0,,,,,25.5,1.2,,,,,2019-12
2019-12-25,3548,兆利,電子零組件業,進榜,準備,66.44,77.0,2.0,0,,,,,66.6,0.2,,,,,2019-12
2019-12-25,3006,晶豪科,電子工業,進榜,準備,33.05,73.0,1.0,0,,,,,32.6,-1.4,,,,,2019-12
2019-12-25,2428,興勤,電子工業,進榜,準備,78.02,72.0,1.0,0,,,,,78.5,0.6,,,,,2019-12
2019-12-25,6706,惠特,光電業,觸發,等待後觸發,89.99,94.0,3.0,5,,,,,90.0,0.0,,,,,2019-12
2019-12-25,2317,鴻海,其他電子業,移出,掉出掃描母體,69.1,71.0,,2,,,,,,,,,,,2019-12
2019-12-26,6591,動力-KY,電子工業,進榜,觸發,39.31,89.0,1.0,0,,,,,39.6,0.8,,,,,2019-12
2019-12-26,6591,動力-KY,電子工業,觸發,進榜即觸發,39.31,89.0,1.0,0,,,,,39.6,0.8,,,,,2019-12
2019-12-26,4150,優你康,生技醫療業,進榜,準備,31.1,99.0,2.0,0,,,,,31.1,-0.1,,,,,2019-12
2019-12-26,1103,嘉泥,水泥工業,進榜,準備,15.96,72.0,1.0,0,,,,,16.0,0.2,,,,,2019-12
2019-12-26,6257,矽格,半導體業,進榜,準備,26.19,72.0,2.0,0,,,,,26.2,-0.1,,,,,2019-12
2019-12-26,3317,尼克森,半導體業,觸發,等待後觸發,32.2,88.0,1.0,15,,,,,33.6,4.2,,,,,2019-12
2019-12-26,2344,華邦電,半導體業,移出,掉出掃描母體,17.59,72.0,,13,,,,,,,,,,,2019-12
2019-12-26,2303,聯電,半導體業,移出,掉出掃描母體,11.77,71.0,,9,,,,,,,,,,,2019-12
2019-12-26,3003,健和興,電子工業,移出,掉出掃描母體,42.05,71.0,,2,,,,,,,,,,,2019-12
2019-12-26,3006,晶豪科,電子工業,移出,掉出掃描母體,33.05,73.0,,1,,,,,,,,,,,2019-12
2019-12-26,2428,興勤,電子工業,移出,掉出掃描母體,78.02,72.0,,1,,,,,,,,,,,2019-12
2019-12-26,2449,京元電子,半導體業,移出,掉出掃描母體,26.94,80.0,,16,,,,,,,,,,,2019-12
2019-12-27,3144,新揚科,電子零組件業,進榜,觸發,34.33,76.0,2.0,0,,,,,33.9,-1.2,,,,,2019-12
2019-12-27,3144,新揚科,電子零組件業,觸發,進榜即觸發,34.33,76.0,2.0,0,,,,,33.9,-1.2,,,,,2019-12
2019-12-27,1339,昭輝,汽車工業,進榜,準備,36.6,88.0,1.0,0,,,,,36.2,-1.1,,,,,2019-12
2019-12-27,2392,正崴,電子零組件業,進榜,準備,33.66,88.0,3.0,0,,,,,34.0,1.1,,,,,2019-12
2019-12-27,2368,金像電,電子零組件業,進榜,準備,16.14,80.0,1.0,0,,,,,16.3,1.2,,,,,2019-12
2019-12-27,3227,原相,半導體業,進榜,準備,108.23,79.0,2.0,0,,,,,110.0,1.7,,,,,2019-12
2019-12-27,3707,漢磊,半導體業,進榜,準備,28.18,77.0,1.0,0,,,,,27.9,-0.9,,,,,2019-12
2019-12-27,2344,華邦電,半導體業,進榜,準備,17.5,71.0,2.0,0,,,,,17.5,0.3,,,,,2019-12
2019-12-27,2458,義隆,半導體業,進榜,準備,59.39,70.0,3.0,0,,,,,59.7,0.5,,,,,2019-12
2019-12-30,3152,璟德,通信網路業,進榜,觸發,481.65,87.0,2.0,0,,,,,487.2,1.2,,,,,2019-12
2019-12-30,3152,璟德,通信網路業,觸發,進榜即觸發,481.65,87.0,2.0,0,,,,,487.2,1.2,,,,,2019-12
2019-12-30,9802,鈺齊-KY,其他,進榜,準備,95.22,96.0,3.0,0,,,,,94.5,-0.8,,,,,2019-12
2019-12-30,2504,國產,建材營造,進榜,準備,10.57,95.0,2.0,0,,,,,10.6,0.0,,,,,2019-12
2019-12-30,2456,奇力新,電子零組件業,進榜,準備,123.02,92.0,1.0,0,,,,,122.5,-0.4,,,,,2019-12
2019-12-30,3533,嘉澤,電子工業,進榜,準備,269.06,86.0,3.0,0,,,,,268.6,-0.2,,,,,2019-12
2019-12-30,3526,凡甲,電子零組件業,進榜,準備,67.28,80.0,2.0,0,,,,,67.3,0.0,,,,,2019-12
2019-12-30,5469,瀚宇博,電子零組件業,進榜,準備,34.16,78.0,3.0,0,,,,,33.9,-0.7,,,,,2019-12
2019-12-30,5347,世界,半導體業,進榜,準備,59.33,74.0,1.0,0,,,,,58.7,-1.0,,,,,2019-12
2019-12-30,3289,宜特,其他電子類,進榜,準備,36.72,73.0,1.0,0,,,,,36.8,0.2,,,,,2019-12
2019-12-30,3548,兆利,電子零組件業,觸發,等待後觸發,73.0,87.0,2.0,5,,,,,74.2,1.6,,,,,2019-12
2019-12-30,2344,華邦電,半導體業,移出,掉出掃描母體,17.5,71.0,,3,,,,,,,,,,,2019-12
2019-12-30,2458,義隆,半導體業,移出,掉出掃描母體,59.39,70.0,,3,,,,,,,,,,,2019-12
2019-12-30,6438,迅得,其他電子類,移出,掉出掃描母體,58.05,90.0,,18,,,,,,,,,,,2019-12
2019-12-30,5483,中美晶,半導體業,移出,掉出掃描母體,73.91,72.0,,10,,,,,,,,,,,2019-12
2019-12-30,6155,鈞寶,電子零組件業,移出,掉出掃描母體,22.37,71.0,,10,,,,,,,,,,,2019-12
2019-12-31,6005,群益證,金融保險,進榜,觸發,6.4,73.0,1.0,0,,,,,,,,,,,2019-12
2019-12-31,6005,群益證,金融保險,觸發,進榜即觸發,6.4,73.0,1.0,0,,,,,,,,,,,2019-12
2019-12-31,3687,歐買尬,文化創意業,進榜,準備,39.58,92.0,2.0,0,,,,,,,,,,,2019-12
2019-12-31,2383,台光電,電子工業,進榜,準備,114.0,71.0,3.0,0,,,,,,,,,,,2019-12
2019-12-31,2929,淘帝-KY,貿易百貨,進榜,準備,81.45,70.0,1.0,0,,,,,,,,,,,2019-12
2019-12-31,4150,優你康,生技醫療業,觸發,等待後觸發,35.49,100.0,2.0,5,,,,,,,,,,,2019-12
2019-12-31,6257,矽格,半導體業,移出,掉出掃描母體,26.05,71.0,,5,,,,,,,,,,,2019-12
2019-12-31,5289,宜鼎,電腦及週邊設備業,移出,逾期,116.24,87.0,,56,,,,,,,,,,,2019-12
2019-12-31,8150,南茂,電子工業,移出,掉出掃描母體,24.66,83.0,,54,,,,,,,,,,,2019-12
2019-12-31,5434,崇越,電子工業,移出,掉出掃描母體,76.08,70.0,,25,,,,,,,,,,,2019-12
2019-12-31,5905,南仁湖,貿易百貨,移出,掉出掃描母體,13.48,95.0,,25,,,,,,,,,,,2019-12
2019-12-31,3711,日月光投控,半導體業,移出,掉出掃描母體,62.89,80.0,,21,,,,,,,,,,,2019-12
2019-12-31,3707,漢磊,半導體業,移出,掉出掃描母體,27.69,70.0,,4,,,,,,,,,,,2019-12
