日期,代號,名稱,產業,事件,原因,收盤,RS,底部序,在榜天數,報酬20D,基準20D,報酬60D,基準60D,次日開盤,跳空%,報酬20D開,基準20D開,報酬60D開,基準60D開,月
2018-01-02,5457,宣德,電子零組件業,進榜,觸發,52.56,95.0,4.0,0,-13.3,0.1,-21.5,0.1,53.4,1.7,-14.8,0.0,-22.8,0.0,2018-01
2018-01-02,5457,宣德,電子零組件業,觸發,進榜即觸發,52.56,95.0,4.0,0,-13.3,0.1,-21.5,0.1,53.4,1.7,-14.8,0.0,-22.8,0.0,2018-01
2018-01-02,6525,捷敏-KY,半導體業,進榜,觸發,48.91,91.0,5.0,0,-11.1,0.1,-8.4,0.1,50.5,3.1,-13.8,0.0,-11.2,0.0,2018-01
2018-01-02,6525,捷敏-KY,半導體業,觸發,進榜即觸發,48.91,91.0,5.0,0,-11.1,0.1,-8.4,0.1,50.5,3.1,-13.8,0.0,-11.2,0.0,2018-01
2018-01-02,2481,強茂,半導體業,進榜,準備,27.46,94.0,3.0,0,13.9,0.1,66.7,0.1,27.8,1.2,12.5,0.0,64.6,0.0,2018-01
2018-01-02,5425,台半,半導體業,進榜,準備,54.49,94.0,3.0,0,-5.6,0.1,1.6,0.1,54.8,0.5,-6.1,0.0,1.1,0.0,2018-01
2018-01-02,2049,上銀,電機機械,進榜,準備,244.31,84.0,3.0,0,17.3,0.1,38.8,0.1,246.2,0.8,16.4,0.0,37.7,0.0,2018-01
2018-01-02,6123,上奇,電腦及週邊設備業,進榜,準備,21.1,79.0,3.0,0,21.6,0.1,17.9,0.1,21.3,1.1,20.2,0.0,16.6,0.0,2018-01
2018-01-02,2359,所羅門,其他電子業,進榜,準備,19.51,77.0,3.0,0,-1.8,0.1,-12.8,0.1,19.9,2.2,-3.8,0.0,-14.6,0.0,2018-01
2018-01-02,2534,宏盛,建材營造,觸發,等待後觸發,18.27,75.0,1.0,28,-0.4,0.1,28.7,0.1,18.4,0.6,-0.9,0.0,28.0,0.0,2018-01
2018-01-02,3090,日電貿,電子工業,觸發,等待後觸發,20.6,82.0,0.0,4,-7.2,0.1,43.1,0.1,20.8,1.2,-8.2,0.0,41.5,0.0,2018-01
2018-01-02,2888,新光金,金融保險,移出,掉出掃描母體,8.28,70.0,,20,,,,,,,,,,,2018-01
2018-01-02,2444,兆勁,通信網路業,移出,掉出掃描母體,41.58,96.0,,4,,,,,,,,,,,2018-01
2018-01-02,5536,聖暉*,其他電子類,移出,掉出掃描母體,51.65,70.0,,18,,,,,,,,,,,2018-01
2018-01-02,4971,IET-KY,半導體業,移出,掉出掃描母體,95.0,75.0,,15,,,,,,,,,,,2018-01
2018-01-03,6150,撼訊,電腦及週邊設備業,進榜,觸發,62.77,99.0,4.0,0,92.9,0.0,351.4,0.0,63.9,1.8,89.4,-0.2,343.3,-0.3,2018-01
2018-01-03,6150,撼訊,電腦及週邊設備業,觸發,進榜即觸發,62.77,99.0,4.0,0,92.9,0.0,351.4,0.0,63.9,1.8,89.4,-0.2,343.3,-0.3,2018-01
2018-01-03,5289,宜鼎,電腦及週邊設備業,進榜,準備,76.65,77.0,3.0,0,-7.7,0.0,-1.1,0.0,76.1,-0.8,-6.9,-0.2,-0.4,-0.3,2018-01
2018-01-03,8042,金山電,電子零組件業,進榜,準備,49.99,72.0,1.0,0,-0.6,0.0,-8.7,0.0,50.0,0.0,-0.6,-0.2,-8.7,-0.3,2018-01
2018-01-03,2377,微星,電子工業,進榜,準備,56.64,71.0,1.0,0,13.3,0.0,16.0,0.0,57.4,1.4,11.7,-0.2,14.4,-0.3,2018-01
2018-01-03,2327,國巨*,電子工業,觸發,等待後觸發,57.52,99.0,2.0,16,-0.5,0.0,40.1,0.0,59.3,3.1,-3.5,-0.2,35.9,-0.3,2018-01
2018-01-03,5234,達興材料,電子工業,觸發,等待後觸發,49.59,93.0,1.0,14,2.0,0.0,20.9,0.0,49.0,-1.3,3.3,-0.2,22.4,-0.3,2018-01
2018-01-03,2723,美食-KY,觀光事業,移出,掉出掃描母體,298.57,75.0,,30,,,,,,,,,,,2018-01
2018-01-03,1455,集盛,紡織纖維,移出,掉出掃描母體,10.65,77.0,,7,,,,,,,,,,,2018-01
2018-01-04,9958,世紀鋼,鋼鐵工業,進榜,觸發,23.35,99.0,2.0,0,70.5,-0.3,205.5,0.0,23.4,0.2,70.2,-0.6,205.0,-0.3,2018-01
2018-01-04,9958,世紀鋼,鋼鐵工業,觸發,進榜即觸發,23.35,99.0,2.0,0,70.5,-0.3,205.5,0.0,23.4,0.2,70.2,-0.6,205.0,-0.3,2018-01
2018-01-04,6182,合晶,半導體業,進榜,觸發,35.17,97.0,4.0,0,3.2,-0.3,-3.1,0.0,35.5,1.1,2.1,-0.6,-4.1,-0.3,2018-01
2018-01-04,6182,合晶,半導體業,觸發,進榜即觸發,35.17,97.0,4.0,0,3.2,-0.3,-3.1,0.0,35.5,1.1,2.1,-0.6,-4.1,-0.3,2018-01
2018-01-04,8176,智捷,通信網路業,進榜,觸發,18.25,94.0,2.0,0,-17.4,-0.3,-31.2,0.0,18.2,-0.5,-17.0,-0.6,-30.9,-0.3,2018-01
2018-01-04,8176,智捷,通信網路業,觸發,進榜即觸發,18.25,94.0,2.0,0,-17.4,-0.3,-31.2,0.0,18.2,-0.5,-17.0,-0.6,-30.9,-0.3,2018-01
2018-01-04,3059,華晶科,光電業,進榜,觸發,30.62,80.0,4.0,0,-10.1,-0.3,-20.5,0.0,30.8,0.6,-10.5,-0.6,-21.0,-0.3,2018-01
2018-01-04,3059,華晶科,光電業,觸發,進榜即觸發,30.62,80.0,4.0,0,-10.1,-0.3,-20.5,0.0,30.8,0.6,-10.5,-0.6,-21.0,-0.3,2018-01
2018-01-04,2456,奇力新,電子零組件業,進榜,觸發,129.21,79.0,4.0,0,-13.1,-0.3,-8.6,0.0,129.8,0.5,-13.5,-0.6,-9.0,-0.3,2018-01
2018-01-04,2456,奇力新,電子零組件業,觸發,進榜即觸發,129.21,79.0,4.0,0,-13.1,-0.3,-8.6,0.0,129.8,0.5,-13.5,-0.6,-9.0,-0.3,2018-01
2018-01-04,3533,嘉澤,電子工業,進榜,觸發,168.08,77.0,4.0,0,-16.9,-0.3,-5.5,0.0,167.7,-0.2,-16.7,-0.6,-5.3,-0.3,2018-01
2018-01-04,3533,嘉澤,電子工業,觸發,進榜即觸發,168.08,77.0,4.0,0,-16.9,-0.3,-5.5,0.0,167.7,-0.2,-16.7,-0.6,-5.3,-0.3,2018-01
2018-01-04,6290,良維,電子零組件業,進榜,準備,50.78,89.0,2.0,0,6.4,-0.3,-35.7,0.0,50.3,-1.0,7.5,-0.6,-35.0,-0.3,2018-01
2018-01-04,6213,聯茂,電子工業,進榜,準備,49.12,84.0,3.0,0,-7.7,-0.3,3.9,0.0,49.6,1.0,-8.7,-0.6,2.9,-0.3,2018-01
2018-01-04,5349,先豐,電子零組件業,進榜,準備,38.65,81.0,1.0,0,-9.6,-0.3,-23.5,0.0,39.1,1.2,-10.6,-0.6,-24.4,-0.3,2018-01
2018-01-04,5351,鈺創,半導體業,進榜,準備,29.03,76.0,2.0,0,-7.4,-0.3,-30.1,0.0,28.3,-2.4,-5.2,-0.6,-28.4,-0.3,2018-01
2018-01-04,2426,鼎元,光電業,進榜,準備,14.08,71.0,3.0,0,-0.9,-0.3,-3.1,0.0,14.2,1.1,-2.0,-0.6,-4.2,-0.3,2018-01
2018-01-04,2359,所羅門,其他電子業,觸發,等待後觸發,21.27,78.0,3.0,2,-7.4,-0.3,-18.7,0.0,21.3,0.0,-7.4,-0.6,-18.7,-0.3,2018-01
2018-01-04,1444,力麗,紡織纖維,移出,掉出掃描母體,9.95,71.0,,35,,,,,,,,,,,2018-01
2018-01-04,5392,能率,光電業,移出,掉出掃描母體,45.75,72.0,,13,,,,,,,,,,,2018-01
2018-01-04,2515,中工,建材營造,移出,掉出掃描母體,5.78,71.0,,13,,,,,,,,,,,2018-01
2018-01-04,2027,大成鋼,鋼鐵工業,移出,掉出掃描母體,10.95,73.0,,8,,,,,,,,,,,2018-01
2018-01-05,6153,嘉聯益,電子零組件業,進榜,準備,40.86,97.0,3.0,0,-6.2,-0.7,-12.1,-0.4,41.7,2.1,-8.2,-0.9,-13.9,-0.8,2018-01
2018-01-05,2027,大成鋼,鋼鐵工業,進榜,準備,11.75,78.0,2.0,0,0.2,-0.7,35.1,-0.4,11.9,1.7,-1.5,-0.9,32.8,-0.8,2018-01
2018-01-05,2408,南亞科,半導體業,進榜,準備,61.89,70.0,2.0,0,-4.7,-0.7,10.8,-0.4,62.6,1.2,-5.8,-0.9,9.5,-0.8,2018-01
2018-01-05,3018,隆銘綠能,其他電子業,觸發,等待後觸發,170.12,95.0,3.0,7,-12.9,-0.7,-10.8,-0.4,172.5,1.4,-14.1,-0.9,-12.0,-0.8,2018-01
2018-01-05,2534,宏盛,建材營造,移出,掉出掃描母體,18.24,72.0,,31,,,,,,,,,,,2018-01
2018-01-05,2426,鼎元,光電業,移出,掉出掃描母體,14.08,71.0,,1,,,,,,,,,,,2018-01
2018-01-08,6208,日揚,電子零組件業,進榜,觸發,26.85,88.0,3.0,0,-1.2,-1.4,-8.8,-0.5,26.2,-2.4,1.2,-1.5,-6.5,-0.6,2018-01
2018-01-08,6208,日揚,電子零組件業,觸發,進榜即觸發,26.85,88.0,3.0,0,-1.2,-1.4,-8.8,-0.5,26.2,-2.4,1.2,-1.5,-6.5,-0.6,2018-01
2018-01-08,5481,新華,電子零組件業,進榜,準備,32.42,95.0,2.0,0,20.6,-1.4,7.0,-0.5,32.9,1.5,18.7,-1.5,5.3,-0.6,2018-01
2018-01-08,2534,宏盛,建材營造,進榜,準備,19.1,76.0,0.0,0,-1.8,-1.4,18.8,-0.5,19.0,-0.5,-1.3,-1.5,19.5,-0.6,2018-01
2018-01-08,5534,長虹,建材營造,進榜,準備,46.17,74.0,2.0,0,-2.5,-1.4,-1.0,-0.5,46.2,0.0,-2.5,-1.5,-1.0,-0.6,2018-01
2018-01-08,1710,東聯,化學工業,進榜,準備,26.51,72.0,1.0,0,-8.0,-1.4,-0.5,-0.5,27.4,3.2,-10.9,-1.5,-3.6,-0.6,2018-01
2018-01-08,2014,中鴻,鋼鐵工業,進榜,準備,11.67,70.0,2.0,0,-4.1,-1.4,-15.3,-0.5,11.7,0.4,-4.5,-1.5,-15.6,-0.6,2018-01
2018-01-08,6123,上奇,電腦及週邊設備業,移出,掉出掃描母體,21.39,75.0,,6,,,,,,,,,,,2018-01
2018-01-08,8176,智捷,通信網路業,移出,突破失敗,16.55,92.0,,4,,,,,,,,,,,2018-01
2018-01-08,1586,和勤,電機機械,移出,逾期,36.76,80.0,,56,,,,,,,,,,,2018-01
2018-01-08,3698,隆達,光電業,移出,掉出掃描母體,25.66,81.0,,46,,,,,,,,,,,2018-01
2018-01-08,6278,台表科,光電業,移出,掉出掃描母體,23.37,75.0,,26,,,,,,,,,,,2018-01
2018-01-08,5317,?,,移出,離高點太遠,69.07,98.0,,18,,,,,,,,,,,2018-01
2018-01-08,5289,宜鼎,電腦及週邊設備業,移出,掉出掃描母體,75.77,73.0,,5,,,,,,,,,,,2018-01
2018-01-08,5351,鈺創,半導體業,移出,掉出掃描母體,27.82,72.0,,4,,,,,,,,,,,2018-01
2018-01-09,2888,新光金,金融保險,進榜,觸發,8.51,71.0,1.0,0,-8.2,-5.6,10.2,-0.4,8.6,0.5,-8.7,-5.8,9.7,-0.5,2018-01
2018-01-09,2888,新光金,金融保險,觸發,進榜即觸發,8.51,71.0,1.0,0,-8.2,-5.6,10.2,-0.4,8.6,0.5,-8.7,-5.8,9.7,-0.5,2018-01
2018-01-09,2049,上銀,電機機械,觸發,等待後觸發,261.87,87.0,3.0,7,1.5,-5.6,46.1,-0.4,262.6,0.3,1.2,-5.8,45.6,-0.5,2018-01
2018-01-09,2408,南亞科,半導體業,移出,掉出掃描母體,61.89,70.0,,4,,,,,,,,,,,2018-01
2018-01-09,3533,嘉澤,電子工業,移出,掉出掃描母體,161.93,70.0,,5,,,,,,,,,,,2018-01
2018-01-09,2456,奇力新,電子零組件業,移出,突破失敗,118.15,72.0,,5,,,,,,,,,,,2018-01
2018-01-10,1609,大亞,電器電纜,進榜,準備,10.12,98.0,3.0,0,-16.7,-4.1,6.7,-1.2,10.5,3.3,-19.4,-4.3,3.2,-1.3,2018-01
2018-01-10,2009,第一銅,鋼鐵工業,進榜,準備,13.65,90.0,2.0,0,-22.7,-4.1,-23.1,-1.2,13.6,0.0,-22.7,-4.3,-23.1,-1.3,2018-01
2018-01-10,6123,上奇,電腦及週邊設備業,進榜,準備,21.25,81.0,3.0,0,16.2,-4.1,17.5,-1.2,21.3,0.5,15.6,-4.3,17.0,-1.3,2018-01
2018-01-10,1457,宜進,紡織纖維,進榜,準備,8.11,78.0,2.0,0,-13.9,-4.1,-5.1,-1.2,8.1,0.0,-13.9,-4.3,-5.1,-1.3,2018-01
2018-01-10,2377,微星,電子工業,移出,掉出掃描母體,58.7,72.0,,7,,,,,,,,,,,2018-01
2018-01-10,6552,易華電,半導體業,移出,離高點太遠,60.05,95.0,,70,,,,,,,,,,,2018-01
2018-01-10,5425,台半,半導體業,移出,晚期未觸發,51.45,90.0,,8,,,,,,,,,,,2018-01
2018-01-10,6525,捷敏-KY,半導體業,移出,突破失敗,43.79,85.0,,8,,,,,,,,,,,2018-01
2018-01-10,1710,東聯,化學工業,移出,掉出掃描母體,26.51,70.0,,2,,,,,,,,,,,2018-01
2018-01-11,2377,微星,電子工業,進榜,準備,59.7,76.0,1.0,0,-1.7,-4.1,4.9,-0.9,60.3,1.0,-2.7,-4.3,3.9,-1.3,2018-01
2018-01-11,2426,鼎元,光電業,進榜,準備,13.83,75.0,3.0,0,-2.3,-4.1,-2.6,-0.9,13.8,0.0,-2.3,-4.3,-2.6,-1.3,2018-01
2018-01-11,3048,益登,電子通路業,進榜,準備,12.04,74.0,2.0,0,-11.1,-4.1,-17.1,-0.9,12.4,2.6,-13.3,-4.3,-19.2,-1.3,2018-01
2018-01-11,2464,盟立,其他電子業,進榜,準備,35.97,73.0,1.0,0,0.4,-4.1,-15.1,-0.9,37.0,2.9,-2.5,-4.3,-17.5,-1.3,2018-01
2018-01-11,2610,華航,航運業,進榜,準備,10.36,73.0,2.0,0,-8.3,-4.1,-17.7,-0.9,10.5,1.2,-9.3,-4.3,-18.7,-1.3,2018-01
2018-01-11,2929,淘帝-KY,貿易百貨,進榜,準備,74.42,73.0,1.0,0,-10.6,-4.1,-9.7,-0.9,75.1,0.9,-11.4,-4.3,-10.5,-1.3,2018-01
2018-01-11,2888,新光金,金融保險,移出,掉出掃描母體,8.55,74.0,,2,,,,,,,,,,,2018-01
2018-01-11,6123,上奇,電腦及週邊設備業,移出,掉出掃描母體,21.25,81.0,,1,,,,,,,,,,,2018-01
2018-01-11,8039,台虹,電子工業,移出,晚期未觸發,35.79,80.0,,22,,,,,,,,,,,2018-01
2018-01-11,5457,宣德,電子零組件業,移出,突破失敗,47.23,84.0,,9,,,,,,,,,,,2018-01
2018-01-11,3059,華晶科,光電業,移出,突破失敗,28.05,74.0,,7,,,,,,,,,,,2018-01
2018-01-12,3624,光頡,電子零組件業,進榜,準備,24.28,91.0,1.0,0,-1.0,-5.4,14.3,-0.9,25.1,3.5,-4.3,-5.8,10.4,-1.2,2018-01
2018-01-12,2809,京城銀,金融保險,進榜,準備,30.85,75.0,0.0,0,-6.2,-5.4,-15.7,-0.9,30.9,0.0,-6.2,-5.8,-15.7,-1.2,2018-01
2018-01-12,2377,微星,電子工業,移出,掉出掃描母體,59.7,76.0,,1,,,,,,,,,,,2018-01
2018-01-12,2345,智邦,通信網路業,移出,掉出掃描母體,93.06,78.0,,15,,,,,,,,,,,2018-01
2018-01-15,2455,全新,通信網路業,進榜,觸發,86.63,92.0,5.0,0,-6.9,-5.1,-0.9,-1.3,87.4,0.9,-7.8,-5.3,-1.8,-1.4,2018-01
2018-01-15,2455,全新,通信網路業,觸發,進榜即觸發,86.63,92.0,5.0,0,-6.9,-5.1,-0.9,-1.3,87.4,0.9,-7.8,-5.3,-1.8,-1.4,2018-01
2018-01-15,6215,和椿,其他電子業,進榜,觸發,18.01,90.0,3.0,0,4.8,-5.1,-15.3,-1.3,18.3,1.7,3.0,-5.3,-16.7,-1.4,2018-01
2018-01-15,6215,和椿,其他電子業,觸發,進榜即觸發,18.01,90.0,3.0,0,4.8,-5.1,-15.3,-1.3,18.3,1.7,3.0,-5.3,-16.7,-1.4,2018-01
2018-01-15,2338,光罩,半導體業,進榜,觸發,18.61,71.0,3.0,0,-23.0,-5.1,-20.3,-1.3,18.4,-0.9,-22.3,-5.3,-19.5,-1.4,2018-01
2018-01-15,2338,光罩,半導體業,觸發,進榜即觸發,18.61,71.0,3.0,0,-23.0,-5.1,-20.3,-1.3,18.4,-0.9,-22.3,-5.3,-19.5,-1.4,2018-01
2018-01-15,8431,匯鑽科,其他電子類,進榜,準備,66.22,91.0,2.0,0,-15.6,-5.1,5.9,-1.3,65.7,-0.8,-15.0,-5.3,6.8,-1.4,2018-01
2018-01-15,8437,大地-KY,其他,進榜,準備,144.4,86.0,1.0,0,-3.2,-5.1,-4.0,-1.3,144.4,0.0,-3.2,-5.3,-4.0,-1.4,2018-01
2018-01-15,6147,頎邦,半導體業,進榜,準備,38.25,72.0,2.0,0,-4.2,-5.1,0.0,-1.3,38.4,0.5,-4.6,-5.3,-0.5,-1.4,2018-01
2018-01-15,2610,華航,航運業,移出,掉出掃描母體,10.4,71.0,,4,,,,,,,,,,,2018-01
2018-01-15,2327,國巨*,電子工業,移出,離高點太遠,52.35,97.0,,28,,,,,,,,,,,2018-01
2018-01-15,9958,世紀鋼,鋼鐵工業,移出,離高點太遠,30.4,100.0,,11,,,,,,,,,,,2018-01
2018-01-15,2014,中鴻,鋼鐵工業,移出,掉出掃描母體,12.11,76.0,,7,,,,,,,,,,,2018-01
2018-01-15,6208,日揚,電子零組件業,移出,突破失敗,24.65,76.0,,7,,,,,,,,,,,2018-01
2018-01-15,1609,大亞,電器電纜,移出,晚期未觸發,9.58,96.0,,5,,,,,,,,,,,2018-01
2018-01-15,1457,宜進,紡織纖維,移出,掉出掃描母體,7.97,70.0,,5,,,,,,,,,,,2018-01
2018-01-16,8163,達方,電子工業,進榜,觸發,21.14,77.0,4.0,0,-17.0,-3.8,-7.8,-2.0,20.9,-1.3,-15.9,-3.9,-6.6,-2.2,2018-01
2018-01-16,8163,達方,電子工業,觸發,進榜即觸發,21.14,77.0,4.0,0,-17.0,-3.8,-7.8,-2.0,20.9,-1.3,-15.9,-3.9,-6.6,-2.2,2018-01
2018-01-16,3540,曜越,電腦及週邊設備業,進榜,準備,21.04,86.0,2.0,0,-6.0,-3.8,3.0,-2.0,21.1,0.3,-6.3,-3.9,2.7,-2.2,2018-01
2018-01-16,3443,創意,半導體業,進榜,準備,257.61,83.0,3.0,0,1.4,-3.8,-16.6,-2.0,253.2,-1.7,3.1,-3.9,-15.1,-2.2,2018-01
2018-01-16,2371,大同,電機機械,觸發,等待後觸發,26.26,98.0,2.0,33,-8.4,-3.8,-6.8,-2.0,26.1,-0.5,-7.9,-3.9,-6.2,-2.2,2018-01
2018-01-16,2338,光罩,半導體業,移出,掉出掃描母體,18.61,71.0,,1,,,,,,,,,,,2018-01
2018-01-17,3354,律勝,電子零組件業,進榜,觸發,34.19,100.0,3.0,0,-24.0,-3.8,-51.1,-3.3,35.6,4.1,-27.0,-4.1,-53.0,-3.7,2018-01
2018-01-17,3354,律勝,電子零組件業,觸發,進榜即觸發,34.19,100.0,3.0,0,-24.0,-3.8,-51.1,-3.3,35.6,4.1,-27.0,-4.1,-53.0,-3.7,2018-01
2018-01-17,2377,微星,電子工業,進榜,準備,61.5,72.0,1.0,0,-7.9,-3.8,-0.3,-3.3,62.2,1.1,-8.9,-4.1,-1.4,-3.7,2018-01
2018-01-17,2610,華航,航運業,進榜,準備,10.32,71.0,2.0,0,-10.7,-3.8,-17.8,-3.3,10.4,0.4,-11.0,-4.1,-18.1,-3.7,2018-01
2018-01-17,6175,立敦,電子零組件業,移出,離高點太遠,28.12,96.0,,23,,,,,,,,,,,2018-01
2018-01-17,8163,達方,電子工業,移出,掉出掃描母體,21.14,77.0,,1,,,,,,,,,,,2018-01
2018-01-18,8924,大田,其他,進榜,觸發,25.81,98.0,3.0,0,0.4,-3.1,0.3,-3.2,28.4,10.0,-8.7,-3.2,-8.8,-3.5,2018-01
2018-01-18,8924,大田,其他,觸發,進榜即觸發,25.81,98.0,3.0,0,0.4,-3.1,0.3,-3.2,28.4,10.0,-8.7,-3.2,-8.8,-3.5,2018-01
2018-01-18,1597,直得,電機機械,進榜,觸發,64.19,91.0,6.0,0,26.6,-3.1,57.8,-3.2,66.3,3.2,22.7,-3.2,52.9,-3.5,2018-01
2018-01-18,1597,直得,電機機械,觸發,進榜即觸發,64.19,91.0,6.0,0,26.6,-3.1,57.8,-3.2,66.3,3.2,22.7,-3.2,52.9,-3.5,2018-01
2018-01-18,8091,翔名,電子零組件業,進榜,準備,80.7,79.0,2.0,0,-16.9,-3.1,-17.7,-3.2,80.1,-0.8,-16.3,-3.2,-17.0,-3.5,2018-01
2018-01-18,2888,新光金,金融保險,進榜,準備,8.47,72.0,1.0,0,12.1,-3.1,12.1,-3.2,8.5,0.5,11.6,-3.2,11.6,-3.5,2018-01
2018-01-18,3583,辛耘,半導體業,進榜,準備,71.47,71.0,3.0,0,-14.7,-3.1,-34.6,-3.2,70.9,-0.8,-14.0,-3.2,-34.1,-3.5,2018-01
2018-01-18,2377,微星,電子工業,移出,掉出掃描母體,61.5,72.0,,1,,,,,,,,,,,2018-01
2018-01-18,2929,淘帝-KY,貿易百貨,移出,掉出掃描母體,73.11,71.0,,7,,,,,,,,,,,2018-01
2018-01-18,3354,律勝,電子零組件業,移出,突破失敗,30.84,100.0,,1,,,,,,,,,,,2018-01
2018-01-19,5483,中美晶,半導體業,進榜,觸發,61.13,86.0,5.0,0,2.3,-2.7,44.7,-4.1,62.8,2.7,-0.4,-2.7,40.9,-4.2,2018-01
2018-01-19,5483,中美晶,半導體業,觸發,進榜即觸發,61.13,86.0,5.0,0,2.3,-2.7,44.7,-4.1,62.8,2.7,-0.4,-2.7,40.9,-4.2,2018-01
2018-01-19,5521,工信,建材營造,進榜,準備,13.89,88.0,1.0,0,2.4,-2.7,-18.2,-4.1,14.0,0.6,1.8,-2.7,-18.7,-4.2,2018-01
2018-01-19,6123,上奇,電腦及週邊設備業,進榜,準備,24.34,83.0,3.0,0,5.2,-2.7,8.3,-4.1,24.9,2.4,2.7,-2.7,5.8,-4.2,2018-01
2018-01-19,2417,圓剛,電子工業,進榜,準備,15.82,80.0,3.0,0,-9.5,-2.7,-22.7,-4.1,15.7,-0.7,-8.9,-2.7,-22.2,-4.2,2018-01
2018-01-19,3583,辛耘,半導體業,移出,掉出掃描母體,71.47,71.0,,1,,,,,,,,,,,2018-01
2018-01-19,1312,國喬,塑膠工業,移出,突破失敗,24.42,78.0,,23,,,,,,,,,,,2018-01
2018-01-19,6120,達運,電子工業,移出,離高點太遠,33.08,98.0,,22,,,,,,,,,,,2018-01
2018-01-19,6213,聯茂,電子工業,移出,掉出掃描母體,47.33,78.0,,15,,,,,,,,,,,2018-01
2018-01-22,3016,嘉晶,半導體業,進榜,觸發,34.42,90.0,5.0,0,-20.2,-2.7,-6.2,-3.7,34.6,0.4,-20.5,-2.9,-6.6,-3.8,2018-01
2018-01-22,3016,嘉晶,半導體業,觸發,進榜即觸發,34.42,90.0,5.0,0,-20.2,-2.7,-6.2,-3.7,34.6,0.4,-20.5,-2.9,-6.6,-3.8,2018-01
2018-01-22,4991,環宇-KY,半導體業,進榜,觸發,85.76,81.0,4.0,0,-8.2,-2.7,-28.6,-3.7,85.8,0.0,-8.2,-2.9,-28.6,-3.8,2018-01
2018-01-22,4991,環宇-KY,半導體業,觸發,進榜即觸發,85.76,81.0,4.0,0,-8.2,-2.7,-28.6,-3.7,85.8,0.0,-8.2,-2.9,-28.6,-3.8,2018-01
2018-01-22,3413,京鼎,半導體業,進榜,觸發,179.27,77.0,5.0,0,-13.0,-2.7,-30.5,-3.7,182.2,1.6,-14.4,-2.9,-31.7,-3.8,2018-01
2018-01-22,3413,京鼎,半導體業,觸發,進榜即觸發,179.27,77.0,5.0,0,-13.0,-2.7,-30.5,-3.7,182.2,1.6,-14.4,-2.9,-31.7,-3.8,2018-01
2018-01-22,2327,國巨*,電子工業,進榜,準備,61.36,98.0,2.0,0,-20.4,-2.7,42.9,-3.7,61.6,0.4,-20.6,-2.9,42.4,-3.8,2018-01
2018-01-22,3444,利機,電子通路業,進榜,準備,23.69,93.0,2.0,0,-14.0,-2.7,-33.8,-3.7,24.4,3.1,-16.6,-2.9,-35.8,-3.8,2018-01
2018-01-22,8069,元太,光電業,進榜,準備,39.2,85.0,3.0,0,-11.5,-2.7,-39.5,-3.7,40.0,2.1,-13.3,-2.9,-40.7,-3.8,2018-01
2018-01-22,2929,淘帝-KY,貿易百貨,進榜,準備,74.42,72.0,1.0,0,-6.6,-2.7,-12.5,-3.7,74.4,0.0,-6.6,-2.9,-12.5,-3.8,2018-01
2018-01-22,3443,創意,半導體業,觸發,等待後觸發,296.29,89.0,3.0,6,-8.0,-2.7,-23.4,-3.7,309.0,4.3,-11.8,-2.9,-26.6,-3.8,2018-01
2018-01-22,2610,華航,航運業,移出,掉出掃描母體,10.28,70.0,,5,,,,,,,,,,,2018-01
2018-01-22,2367,燿華,電子工業,移出,離高點太遠,19.51,97.0,,83,,,,,,,,,,,2018-01
2018-01-22,1605,華新,電器電纜,移出,掉出掃描母體,12.01,72.0,,41,,,,,,,,,,,2018-01
2018-01-22,2359,所羅門,其他電子業,移出,掉出掃描母體,19.55,71.0,,20,,,,,,,,,,,2018-01
2018-01-22,5349,先豐,電子零組件業,移出,掉出掃描母體,34.35,74.0,,18,,,,,,,,,,,2018-01
2018-01-22,2009,第一銅,鋼鐵工業,移出,掉出掃描母體,11.73,72.0,,12,,,,,,,,,,,2018-01
2018-01-23,6261,久元,半導體業,進榜,準備,35.8,73.0,1.0,0,-11.1,-2.4,-5.6,-3.1,36.0,0.5,-11.5,-2.4,-6.1,-3.0,2018-01
2018-01-23,6147,頎邦,半導體業,移出,掉出掃描母體,39.74,70.0,,8,,,,,,,,,,,2018-01
2018-01-23,3264,欣銓,半導體業,移出,掉出掃描母體,26.33,83.0,,76,,,,,,,,,,,2018-01
2018-01-23,3645,達邁,電子零組件業,移出,離高點太遠,67.14,97.0,,57,,,,,,,,,,,2018-01
2018-01-23,2375,凱美,電子工業,移出,離高點太遠,56.38,91.0,,33,,,,,,,,,,,2018-01
2018-01-23,1313,聯成,塑膠工業,移出,掉出掃描母體,13.13,75.0,,27,,,,,,,,,,,2018-01
2018-01-24,3035,智原,半導體業,進榜,觸發,56.62,92.0,4.0,0,0.4,-2.7,-2.5,-3.1,57.2,1.0,-0.6,-2.9,-3.5,-3.5,2018-01
2018-01-24,3035,智原,半導體業,觸發,進榜即觸發,56.62,92.0,4.0,0,0.4,-2.7,-2.5,-3.1,57.2,1.0,-0.6,-2.9,-3.5,-3.5,2018-01
2018-01-24,6208,日揚,電子零組件業,進榜,準備,28.08,84.0,3.0,0,-12.9,-2.7,-19.9,-3.1,28.2,0.3,-13.2,-2.9,-20.1,-3.5,2018-01
2018-01-24,2731,雄獅,觀光事業,進榜,準備,98.59,79.0,2.0,0,-5.6,-2.7,-18.9,-3.1,100.8,2.2,-7.6,-2.9,-20.7,-3.5,2018-01
2018-01-24,6290,良維,電子零組件業,觸發,等待後觸發,58.66,93.0,2.0,20,-18.3,-2.7,-53.8,-3.1,58.2,-0.7,-17.7,-2.9,-53.5,-3.5,2018-01
2018-01-24,8341,日友,其他,移出,掉出掃描母體,169.56,86.0,,75,,,,,,,,,,,2018-01
2018-01-24,2464,盟立,其他電子業,移出,晚期未觸發,38.79,76.0,,13,,,,,,,,,,,2018-01
2018-01-24,3016,嘉晶,半導體業,移出,突破失敗,31.52,82.0,,2,,,,,,,,,,,2018-01
2018-01-25,3661,世芯-KY,半導體業,進榜,觸發,110.61,76.0,6.0,0,4.6,-2.8,9.7,-3.2,114.8,3.8,0.8,-3.0,5.7,-3.6,2018-01
2018-01-25,3661,世芯-KY,半導體業,觸發,進榜即觸發,110.61,76.0,6.0,0,4.6,-2.8,9.7,-3.2,114.8,3.8,0.8,-3.0,5.7,-3.6,2018-01
2018-01-25,6147,頎邦,半導體業,進榜,準備,39.68,74.0,2.0,0,0.9,-2.8,-11.5,-3.2,40.2,1.2,-0.3,-3.0,-12.6,-3.6,2018-01
2018-01-25,2377,微星,電子工業,進榜,準備,62.24,72.0,1.0,0,-7.9,-2.8,3.9,-3.2,63.3,1.7,-9.5,-3.0,2.1,-3.6,2018-01
2018-01-25,3508,位速,其他電子類,移出,掉出掃描母體,52.3,99.0,,105,,,,,,,,,,,2018-01
2018-01-25,2353,宏碁,電子工業,移出,離高點太遠,18.33,95.0,,73,,,,,,,,,,,2018-01
2018-01-25,2371,大同,電機機械,移出,離高點太遠,22.37,94.0,,42,,,,,,,,,,,2018-01
2018-01-25,3018,隆銘綠能,其他電子業,移出,離高點太遠,147.67,85.0,,27,,,,,,,,,,,2018-01
2018-01-25,8069,元太,光電業,移出,掉出掃描母體,37.58,84.0,,3,,,,,,,,,,,2018-01
2018-01-25,2929,淘帝-KY,貿易百貨,移出,掉出掃描母體,73.77,71.0,,3,,,,,,,,,,,2018-01
2018-01-25,6261,久元,半導體業,移出,掉出掃描母體,35.52,72.0,,2,,,,,,,,,,,2018-01
2018-01-26,8279,生展,生技醫療業,進榜,準備,120.49,83.0,3.0,0,-22.3,-2.6,-12.3,-3.2,122.8,1.9,-23.8,-2.9,-13.9,-3.5,2018-01
2018-01-26,2363,矽統,半導體業,進榜,準備,9.04,74.0,3.0,0,-7.8,-2.6,-12.5,-3.2,9.4,4.5,-11.7,-2.9,-16.3,-3.5,2018-01
2018-01-26,3540,曜越,電腦及週邊設備業,觸發,等待後觸發,23.26,91.0,2.0,10,7.9,-2.6,-12.7,-3.2,24.4,5.0,2.7,-2.9,-16.9,-3.5,2018-01
2018-01-26,3026,禾伸堂,電子工業,移出,離高點太遠,63.49,98.0,,39,,,,,,,,,,,2018-01
2018-01-29,3317,尼克森,半導體業,進榜,觸發,28.88,97.0,4.0,0,-14.1,-2.6,-27.4,-3.2,29.3,1.4,-15.3,-2.7,-28.4,-3.4,2018-01
2018-01-29,3317,尼克森,半導體業,觸發,進榜即觸發,28.88,97.0,4.0,0,-14.1,-2.6,-27.4,-3.2,29.3,1.4,-15.3,-2.7,-28.4,-3.4,2018-01
2018-01-29,1326,台化,塑膠工業,進榜,觸發,82.24,70.0,0.0,0,-7.9,-2.6,-3.5,-3.2,81.2,-1.3,-6.6,-2.7,-2.2,-3.4,2018-01
2018-01-29,1326,台化,塑膠工業,觸發,進榜即觸發,82.24,70.0,0.0,0,-7.9,-2.6,-3.5,-3.2,81.2,-1.3,-6.6,-2.7,-2.2,-3.4,2018-01
2018-01-29,6202,盛群,半導體業,進榜,準備,53.73,79.0,1.0,0,0.9,-2.6,-11.0,-3.2,53.7,0.0,0.9,-2.7,-11.0,-3.4,2018-01
2018-01-29,1907,永豐餘,造紙工業,進榜,準備,9.62,74.0,1.0,0,-1.8,-2.6,-8.6,-3.2,9.7,0.7,-2.5,-2.7,-9.3,-3.4,2018-01
2018-01-29,2377,微星,電子工業,觸發,等待後觸發,69.63,83.0,1.0,4,-13.0,-2.6,-5.2,-3.2,70.0,0.5,-13.4,-2.7,-5.6,-3.4,2018-01
2018-01-29,2363,矽統,半導體業,觸發,等待後觸發,9.94,82.0,3.0,3,-8.1,-2.6,-19.8,-3.2,9.9,0.0,-8.1,-2.7,-19.8,-3.4,2018-01
2018-01-29,1526,日馳,電機機械,移出,離高點太遠,60.29,100.0,,47,,,,,,,,,,,2018-01
2018-01-29,1802,台玻,玻璃陶瓷,移出,掉出掃描母體,17.16,75.0,,35,,,,,,,,,,,2018-01
2018-01-29,3048,益登,電子通路業,移出,掉出掃描母體,11.9,73.0,,18,,,,,,,,,,,2018-01
2018-01-29,3624,光頡,電子零組件業,移出,離高點太遠,22.22,85.0,,17,,,,,,,,,,,2018-01
2018-01-30,8069,元太,光電業,進榜,準備,38.97,88.0,3.0,0,-16.0,-1.6,-40.6,-2.0,39.9,2.3,-17.9,-1.3,-41.9,-2.0,2018-01
2018-01-30,1309,台達化,塑膠工業,移出,掉出掃描母體,9.53,80.0,,40,,,,,,,,,,,2018-01
2018-01-30,1785,光洋科,其他電子類,移出,離高點太遠,17.32,87.0,,32,,,,,,,,,,,2018-01
2018-01-30,8091,翔名,電子零組件業,移出,掉出掃描母體,77.67,72.0,,12,,,,,,,,,,,2018-01
2018-01-30,3413,京鼎,半導體業,移出,掉出掃描母體,176.32,70.0,,8,,,,,,,,,,,2018-01
2018-01-30,1326,台化,塑膠工業,移出,掉出掃描母體,82.24,70.0,,1,,,,,,,,,,,2018-01
2018-01-31,6123,上奇,電腦及週邊設備業,觸發,等待後觸發,28.22,87.0,3.0,12,-13.2,-1.7,-2.9,-2.5,28.2,-0.2,-13.1,-1.9,-2.7,-2.8,2018-01
2018-01-31,6153,嘉聯益,電子零組件業,移出,掉出掃描母體,38.98,96.0,,26,,,,,,,,,,,2018-01
2018-01-31,2417,圓剛,電子工業,移出,晚期未觸發,15.77,79.0,,12,,,,,,,,,,,2018-01
2018-02-01,9958,世紀鋼,鋼鐵工業,進榜,觸發,39.81,100.0,3.0,0,31.0,-1.4,1.2,-2.3,42.9,7.7,21.7,-1.4,-6.0,-2.4,2018-02
2018-02-01,9958,世紀鋼,鋼鐵工業,觸發,進榜即觸發,39.81,100.0,3.0,0,31.0,-1.4,1.2,-2.3,42.9,7.7,21.7,-1.4,-6.0,-2.4,2018-02
2018-02-01,6531,愛普*,半導體業,進榜,觸發,40.18,84.0,3.0,0,4.6,-1.4,-12.5,-2.3,39.8,-1.0,5.7,-1.4,-11.6,-2.4,2018-02
2018-02-01,6531,愛普*,半導體業,觸發,進榜即觸發,40.18,84.0,3.0,0,4.6,-1.4,-12.5,-2.3,39.8,-1.0,5.7,-1.4,-11.6,-2.4,2018-02
2018-02-01,6581,鋼聯,其他,進榜,準備,96.06,79.0,3.0,0,-16.0,-1.4,-22.0,-2.3,92.5,-3.7,-12.8,-1.4,-19.0,-2.4,2018-02
2018-02-01,2723,美食-KY,觀光事業,進榜,準備,304.25,71.0,2.0,0,-8.9,-1.4,-17.1,-2.3,299.6,-1.5,-7.5,-1.4,-15.8,-2.4,2018-02
2018-02-01,8924,大田,其他,移出,離高點太遠,25.51,99.0,,14,,,,,,,,,,,2018-02
2018-02-01,1907,永豐餘,造紙工業,移出,掉出掃描母體,9.38,72.0,,3,,,,,,,,,,,2018-02
2018-02-02,2360,致茂,其他電子業,進榜,準備,138.86,91.0,3.0,0,-5.5,-0.7,-6.0,-2.4,134.9,-2.9,-2.7,0.5,-3.3,-1.1,2018-02
2018-02-02,6182,合晶,半導體業,移出,離高點太遠,35.7,96.0,,29,,,,,,,,,,,2018-02
2018-02-02,3317,尼克森,半導體業,移出,離高點太遠,26.41,95.0,,4,,,,,,,,,,,2018-02
2018-02-02,8069,元太,光電業,移出,掉出掃描母體,37.73,87.0,,3,,,,,,,,,,,2018-02
2018-02-05,2472,立隆電,電子工業,移出,掉出掃描母體,41.73,87.0,,98,,,,,,,,,,,2018-02
2018-02-05,2481,強茂,半導體業,移出,晚期未觸發,30.35,92.0,,34,,,,,,,,,,,2018-02
2018-02-05,3540,曜越,電腦及週邊設備業,移出,離高點太遠,22.2,87.0,,20,,,,,,,,,,,2018-02
2018-02-05,2888,新光金,金融保險,移出,掉出掃描母體,8.39,73.0,,18,,,,,,,,,,,2018-02
2018-02-05,4991,環宇-KY,半導體業,移出,掉出掃描母體,83.13,77.0,,14,,,,,,,,,,,2018-02
2018-02-05,3661,世芯-KY,半導體業,移出,離高點太遠,101.78,78.0,,11,,,,,,,,,,,2018-02
2018-02-05,2363,矽統,半導體業,移出,掉出掃描母體,8.65,70.0,,10,,,,,,,,,,,2018-02
2018-02-06,3030,德律,其他電子業,進榜,準備,34.87,89.0,3.0,0,0.2,5.2,3.0,2.4,36.4,4.3,-3.9,3.6,-1.3,1.1,2018-02
2018-02-06,2723,美食-KY,觀光事業,移出,掉出掃描母體,304.61,73.0,,5,,,,,,,,,,,2018-02
2018-02-06,8436,大江,生技醫療業,移出,掉出掃描母體,168.98,93.0,,96,,,,,,,,,,,2018-02
2018-02-06,8489,三貝德,文化創意業,移出,離高點太遠,198.34,97.0,,64,,,,,,,,,,,2018-02
2018-02-06,2376,技嘉,電子工業,移出,離高點太遠,40.99,94.0,,54,,,,,,,,,,,2018-02
2018-02-06,1815,富喬,電子零組件業,移出,掉出掃描母體,18.27,88.0,,47,,,,,,,,,,,2018-02
2018-02-06,5285,界霖,電子工業,移出,掉出掃描母體,61.15,92.0,,43,,,,,,,,,,,2018-02
2018-02-06,6451,訊芯-KY,半導體業,移出,掉出掃描母體,123.34,81.0,,42,,,,,,,,,,,2018-02
2018-02-06,2104,國際中橡,橡膠工業,移出,掉出掃描母體,33.69,84.0,,39,,,,,,,,,,,2018-02
2018-02-06,8042,金山電,電子零組件業,移出,掉出掃描母體,49.49,79.0,,34,,,,,,,,,,,2018-02
2018-02-06,6150,撼訊,電腦及週邊設備業,移出,離高點太遠,111.83,100.0,,34,,,,,,,,,,,2018-02
2018-02-06,6290,良維,電子零組件業,移出,離高點太遠,48.76,93.0,,33,,,,,,,,,,,2018-02
2018-02-06,2027,大成鋼,鋼鐵工業,移出,掉出掃描母體,11.52,73.0,,32,,,,,,,,,,,2018-02
2018-02-06,5481,新華,電子零組件業,移出,離高點太遠,35.17,99.0,,29,,,,,,,,,,,2018-02
2018-02-06,2426,鼎元,光電業,移出,掉出掃描母體,13.99,76.0,,26,,,,,,,,,,,2018-02
2018-02-06,2455,全新,通信網路業,移出,掉出掃描母體,88.23,92.0,,22,,,,,,,,,,,2018-02
2018-02-06,6215,和椿,其他電子業,移出,離高點太遠,18.83,91.0,,22,,,,,,,,,,,2018-02
2018-02-06,3443,創意,半導體業,移出,離高點太遠,269.92,91.0,,21,,,,,,,,,,,2018-02
2018-02-06,2327,國巨*,電子工業,移出,離高點太遠,52.35,98.0,,15,,,,,,,,,,,2018-02
2018-02-06,3444,利機,電子通路業,移出,掉出掃描母體,21.08,90.0,,15,,,,,,,,,,,2018-02
2018-02-06,3035,智原,半導體業,移出,離高點太遠,56.45,92.0,,13,,,,,,,,,,,2018-02
2018-02-06,6208,日揚,電子零組件業,移出,掉出掃描母體,26.53,83.0,,13,,,,,,,,,,,2018-02
2018-02-06,2377,微星,電子工業,移出,離高點太遠,55.91,72.0,,12,,,,,,,,,,,2018-02
2018-02-06,8279,生展,生技醫療業,移出,掉出掃描母體,117.8,81.0,,11,,,,,,,,,,,2018-02
2018-02-06,6531,愛普*,半導體業,移出,掉出掃描母體,37.44,77.0,,5,,,,,,,,,,,2018-02
2018-02-07,3624,光頡,電子零組件業,進榜,準備,25.8,96.0,3.0,0,2.3,3.8,17.9,1.2,26.7,3.3,-1.0,3.7,14.2,1.1,2018-02
2018-02-07,6238,勝麗,其他電子類,進榜,準備,239.29,80.0,2.0,0,-8.4,3.8,-19.5,1.2,238.0,-0.5,-7.9,3.7,-19.0,1.1,2018-02
2018-02-07,9958,世紀鋼,鋼鐵工業,移出,離高點太遠,40.6,100.0,,6,,,,,,,,,,,2018-02
2018-02-07,2360,致茂,其他電子業,移出,掉出掃描母體,133.28,92.0,,5,,,,,,,,,,,2018-02
2018-02-08,6238,勝麗,其他電子類,移出,掉出掃描母體,239.29,80.0,,1,,,,,,,,,,,2018-02
2018-02-08,6449,鈺邦,電子工業,移出,離高點太遠,41.61,94.0,,76,,,,,,,,,,,2018-02
2018-02-08,6123,上奇,電腦及週邊設備業,移出,離高點太遠,23.81,82.0,,20,,,,,,,,,,,2018-02
2018-02-08,6581,鋼聯,其他,移出,掉出掃描母體,88.37,78.0,,7,,,,,,,,,,,2018-02
2018-02-09,8431,匯鑽科,其他電子類,移出,掉出掃描母體,59.03,93.0,,25,,,,,,,,,,,2018-02
2018-02-09,5483,中美晶,半導體業,移出,離高點太遠,61.27,88.0,,21,,,,,,,,,,,2018-02
2018-02-09,3624,光頡,電子零組件業,移出,晚期未觸發,24.05,95.0,,2,,,,,,,,,,,2018-02
2018-02-12,6150,撼訊,電腦及週邊設備業,進榜,觸發,138.81,100.0,4.0,0,74.9,4.8,-15.1,2.4,145.6,4.9,66.8,3.6,-19.0,1.5,2018-02
2018-02-12,6150,撼訊,電腦及週邊設備業,觸發,進榜即觸發,138.81,100.0,4.0,0,74.9,4.8,-15.1,2.4,145.6,4.9,66.8,3.6,-19.0,1.5,2018-02
2018-02-12,2888,新光金,金融保險,進榜,觸發,8.71,82.0,1.0,0,7.2,4.8,10.0,2.4,8.9,2.3,4.9,3.6,7.5,1.5,2018-02
2018-02-12,2888,新光金,金融保險,觸發,進榜即觸發,8.71,82.0,1.0,0,7.2,4.8,10.0,2.4,8.9,2.3,4.9,3.6,7.5,1.5,2018-02
2018-02-12,6213,聯茂,電子工業,進榜,準備,49.98,81.0,3.0,0,9.0,4.8,-8.8,2.4,52.0,4.0,4.8,3.6,-12.3,1.5,2018-02
2018-02-21,4560,強信-KY,電機機械,進榜,觸發,38.61,88.0,2.0,0,16.3,2.3,2.2,0.4,38.9,0.7,15.5,2.4,1.5,0.5,2018-02
2018-02-21,4560,強信-KY,電機機械,觸發,進榜即觸發,38.61,88.0,2.0,0,16.3,2.3,2.2,0.4,38.9,0.7,15.5,2.4,1.5,0.5,2018-02
2018-02-21,2614,東森,貿易百貨,進榜,準備,15.93,84.0,2.0,0,25.7,2.3,18.6,0.4,15.9,-0.4,26.3,2.4,19.1,0.5,2018-02
2018-02-21,8042,金山電,電子零組件業,進榜,準備,50.56,84.0,2.0,0,-3.5,2.3,-11.8,0.4,50.0,-1.1,-2.4,2.4,-10.8,0.5,2018-02
2018-02-21,2027,大成鋼,鋼鐵工業,進榜,準備,12.25,83.0,3.0,0,18.6,2.3,33.1,0.4,12.3,0.2,18.3,2.4,32.8,0.5,2018-02
2018-02-21,2014,中鴻,鋼鐵工業,進榜,準備,11.8,79.0,3.0,0,-12.9,2.3,-18.1,0.4,12.0,1.5,-14.2,2.4,-19.3,0.5,2018-02
2018-02-21,1723,中碳,化學生技醫療,進榜,準備,102.67,75.0,1.0,0,7.6,2.3,11.5,0.4,103.4,0.7,6.9,2.4,10.7,0.5,2018-02
2018-02-21,5521,工信,建材營造,觸發,等待後觸發,14.59,93.0,1.0,33,-13.7,2.3,-32.5,0.4,14.5,-0.3,-13.5,2.4,-32.3,0.5,2018-02
2018-02-21,6257,矽格,半導體業,移出,逾期,22.17,82.0,,61,,,,,,,,,,,2018-02
2018-02-22,9958,世紀鋼,鋼鐵工業,進榜,準備,52.01,100.0,3.0,0,7.7,0.7,-5.6,0.0,54.3,4.5,3.1,0.3,-9.6,-0.3,2018-02
2018-02-23,5299,杰力,半導體業,進榜,觸發,75.27,99.0,6.0,0,-9.6,0.3,-12.4,-0.5,73.9,-1.8,-8.0,0.0,-10.8,-0.9,2018-02
2018-02-23,5299,杰力,半導體業,觸發,進榜即觸發,75.27,99.0,6.0,0,-9.6,0.3,-12.4,-0.5,73.9,-1.8,-8.0,0.0,-10.8,-0.9,2018-02
2018-02-23,8431,匯鑽科,其他電子類,進榜,準備,68.02,97.0,1.0,0,0.6,0.3,-9.4,-0.5,66.7,-1.9,2.6,0.0,-7.7,-0.9,2018-02
2018-02-23,2104,國際中橡,橡膠工業,進榜,準備,35.24,81.0,3.0,0,-4.2,0.3,-5.8,-0.5,35.7,1.2,-5.3,0.0,-6.9,-0.9,2018-02
2018-02-23,1457,宜進,紡織纖維,進榜,準備,7.78,74.0,3.0,0,-2.1,0.3,4.6,-0.5,7.8,0.4,-2.5,0.0,4.2,-0.9,2018-02
2018-02-23,9958,世紀鋼,鋼鐵工業,移出,離高點太遠,46.87,100.0,,1,,,,,,,,,,,2018-02
2018-02-23,6274,台燿,電子零組件業,移出,逾期,62.51,75.0,,56,,,,,,,,,,,2018-02
2018-02-26,2465,麗臺,電腦及週邊設備業,進榜,觸發,25.38,98.0,5.0,0,-21.2,0.5,-25.5,-1.0,24.7,-2.8,-18.9,0.0,-23.4,-1.4,2018-02
2018-02-26,2465,麗臺,電腦及週邊設備業,觸發,進榜即觸發,25.38,98.0,5.0,0,-21.2,0.5,-25.5,-1.0,24.7,-2.8,-18.9,0.0,-23.4,-1.4,2018-02
2018-02-26,2399,映泰,電子工業,進榜,觸發,17.51,83.0,3.0,0,14.2,0.5,-11.5,-1.0,17.5,0.0,14.2,0.0,-11.5,-1.4,2018-02
2018-02-26,2399,映泰,電子工業,觸發,進榜即觸發,17.51,83.0,3.0,0,14.2,0.5,-11.5,-1.0,17.5,0.0,14.2,0.0,-11.5,-1.4,2018-02
2018-02-26,6237,驊訊,半導體業,進榜,準備,34.24,91.0,1.0,0,-10.4,0.5,-18.1,-1.0,33.6,-2.0,-8.6,0.0,-16.4,-1.4,2018-02
2018-02-26,1907,永豐餘,造紙工業,進榜,準備,10.0,74.0,2.0,0,-10.7,0.5,-12.4,-1.0,10.1,1.0,-11.6,0.0,-13.3,-1.4,2018-02
2018-02-26,6213,聯茂,電子工業,觸發,等待後觸發,55.79,81.0,3.0,14,-9.8,0.5,-18.6,-1.0,55.6,-0.3,-9.5,0.0,-18.4,-1.4,2018-02
2018-02-27,8436,大江,生技醫療業,進榜,準備,175.63,95.0,2.0,0,21.5,0.2,24.4,-0.5,174.6,-0.6,22.3,0.5,25.2,-0.2,2018-02
2018-02-27,1457,宜進,紡織纖維,移出,掉出掃描母體,7.75,72.0,,4,,,,,,,,,,,2018-02
2018-02-27,2809,京城銀,金融保險,移出,掉出掃描母體,28.98,73.0,,46,,,,,,,,,,,2018-02
2018-02-27,2399,映泰,電子工業,移出,掉出掃描母體,17.51,83.0,,1,,,,,,,,,,,2018-02
2018-03-01,2388,威盛,半導體業,進榜,觸發,20.93,99.0,3.0,0,86.4,0.0,72.4,-0.7,21.4,2.1,82.7,0.6,68.9,-0.5,2018-03
2018-03-01,2388,威盛,半導體業,觸發,進榜即觸發,20.93,99.0,3.0,0,86.4,0.0,72.4,-0.7,21.4,2.1,82.7,0.6,68.9,-0.5,2018-03
2018-03-01,2038,海光,鋼鐵工業,進榜,觸發,13.42,98.0,1.0,0,-22.3,0.0,-24.5,-0.7,13.3,-0.6,-21.8,0.6,-24.0,-0.5,2018-03
2018-03-01,2038,海光,鋼鐵工業,觸發,進榜即觸發,13.42,98.0,1.0,0,-22.3,0.0,-24.5,-0.7,13.3,-0.6,-21.8,0.6,-24.0,-0.5,2018-03
2018-03-01,3224,三顧,電子通路業,進榜,準備,60.89,94.0,2.0,0,-4.4,0.0,-3.1,-0.7,61.7,1.3,-5.6,0.6,-4.3,-0.5,2018-03
2018-03-01,5285,界霖,電子工業,進榜,準備,65.06,92.0,3.0,0,-3.4,0.0,-8.8,-0.7,64.6,-0.6,-2.8,0.6,-8.2,-0.5,2018-03
2018-03-01,2426,鼎元,光電業,進榜,準備,13.83,77.0,3.0,0,-3.5,0.0,-9.0,-0.7,13.8,-0.3,-3.2,0.6,-8.7,-0.5,2018-03
2018-03-01,1457,宜進,紡織纖維,進榜,準備,7.72,72.0,3.0,0,-1.1,0.0,4.3,-0.7,7.7,0.0,-1.1,0.6,4.3,-0.5,2018-03
2018-03-01,2027,大成鋼,鋼鐵工業,觸發,等待後觸發,13.84,89.0,3.0,8,0.5,0.0,18.2,-0.7,13.8,-0.2,0.7,0.6,18.4,-0.5,2018-03
2018-03-01,5534,長虹,建材營造,移出,掉出掃描母體,44.31,71.0,,52,,,,,,,,,,,2018-03
2018-03-02,2399,映泰,電子工業,進榜,觸發,18.28,87.0,3.0,0,4.2,0.5,-15.5,-0.7,19.4,6.3,-2.0,0.4,-20.5,-1.0,2018-03
2018-03-02,2399,映泰,電子工業,觸發,進榜即觸發,18.28,87.0,3.0,0,4.2,0.5,-15.5,-0.7,19.4,6.3,-2.0,0.4,-20.5,-1.0,2018-03
2018-03-02,2425,承啟,電子工業,進榜,準備,31.09,99.0,1.0,0,-15.4,0.5,-9.8,-0.7,31.1,0.0,-15.4,0.4,-9.8,-1.0,2018-03
2018-03-02,2014,中鴻,鋼鐵工業,移出,掉出掃描母體,12.07,73.0,,9,,,,,,,,,,,2018-03
2018-03-02,1457,宜進,紡織纖維,移出,掉出掃描母體,7.72,72.0,,1,,,,,,,,,,,2018-03
2018-03-02,1229,聯華,食品工業,移出,掉出掃描母體,14.87,83.0,,123,,,,,,,,,,,2018-03
2018-03-02,3030,德律,其他電子業,移出,晚期未觸發,34.74,84.0,,24,,,,,,,,,,,2018-03
2018-03-02,1907,永豐餘,造紙工業,移出,掉出掃描母體,9.83,71.0,,4,,,,,,,,,,,2018-03
2018-03-05,5481,新華,電子零組件業,進榜,準備,41.24,98.0,3.0,0,-18.1,1.2,-47.3,0.0,41.4,0.5,-18.5,0.7,-47.5,-0.2,2018-03
2018-03-05,8046,南電,電子工業,進榜,準備,26.97,83.0,3.0,0,4.0,1.2,-22.7,0.0,27.7,2.8,1.2,0.7,-24.7,-0.2,2018-03
2018-03-05,2534,宏盛,建材營造,移出,逾期,19.72,80.0,,56,,,,,,,,,,,2018-03
2018-03-05,2038,海光,鋼鐵工業,移出,離高點太遠,11.73,96.0,,4,,,,,,,,,,,2018-03
2018-03-06,3661,世芯-KY,半導體業,進榜,觸發,126.88,94.0,6.0,0,-10.6,1.0,-0.4,0.2,125.0,-1.5,-9.3,1.0,1.1,0.0,2018-03
2018-03-06,3661,世芯-KY,半導體業,觸發,進榜即觸發,126.88,94.0,6.0,0,-10.6,1.0,-0.4,0.2,125.0,-1.5,-9.3,1.0,1.1,0.0,2018-03
2018-03-06,6127,九豪,電子零組件業,進榜,觸發,24.03,92.0,5.0,0,-14.1,1.0,36.0,0.2,24.3,1.0,-14.9,1.0,34.7,0.0,2018-03
2018-03-06,6127,九豪,電子零組件業,觸發,進榜即觸發,24.03,92.0,5.0,0,-14.1,1.0,36.0,0.2,24.3,1.0,-14.9,1.0,34.7,0.0,2018-03
2018-03-06,6531,愛普*,半導體業,進榜,觸發,42.04,78.0,2.0,0,2.5,1.0,-11.0,0.2,41.1,-2.3,4.8,1.0,-9.0,0.0,2018-03
2018-03-06,6531,愛普*,半導體業,觸發,進榜即觸發,42.04,78.0,2.0,0,2.5,1.0,-11.0,0.2,41.1,-2.3,4.8,1.0,-9.0,0.0,2018-03
2018-03-06,1785,光洋科,其他電子類,進榜,準備,19.77,90.0,2.0,0,-10.4,1.0,-6.4,0.2,19.9,0.6,-10.9,1.0,-7.0,0.0,2018-03
2018-03-06,1457,宜進,紡織纖維,進榜,準備,7.72,76.0,3.0,0,5.7,1.0,6.1,0.2,7.7,-0.4,6.1,1.0,6.5,0.0,2018-03
2018-03-06,5521,工信,建材營造,移出,掉出掃描母體,13.4,89.0,,46,,,,,,,,,,,2018-03
2018-03-07,5274,信驊,半導體業,進榜,觸發,624.69,83.0,5.0,0,-1.9,1.0,5.6,0.5,632.0,1.2,-3.0,0.6,4.4,0.4,2018-03
2018-03-07,5274,信驊,半導體業,觸發,進榜即觸發,624.69,83.0,5.0,0,-1.9,1.0,5.6,0.5,632.0,1.2,-3.0,0.6,4.4,0.4,2018-03
2018-03-07,1707,葡萄王,化學生技醫療,進榜,準備,158.95,78.0,1.0,0,9.2,1.0,6.1,0.5,159.6,0.4,8.7,0.6,5.7,0.4,2018-03
2018-03-07,5536,聖暉*,其他電子類,進榜,準備,56.14,78.0,2.0,0,-3.3,1.0,2.0,0.5,56.8,1.1,-4.4,0.6,0.9,0.4,2018-03
2018-03-07,6446,藥華藥,生技醫療業,進榜,準備,139.08,78.0,2.0,0,-3.9,1.0,0.3,0.5,138.7,-0.3,-3.7,0.6,0.6,0.4,2018-03
2018-03-07,6414,樺漢,電子工業,進榜,準備,354.2,74.0,1.0,0,-14.9,1.0,-7.9,0.5,351.5,-0.8,-14.3,0.6,-7.2,0.4,2018-03
2018-03-07,1457,宜進,紡織纖維,移出,掉出掃描母體,7.72,76.0,,1,,,,,,,,,,,2018-03
2018-03-07,8042,金山電,電子零組件業,移出,掉出掃描母體,49.2,79.0,,14,,,,,,,,,,,2018-03
2018-03-08,5425,台半,半導體業,進榜,觸發,59.92,95.0,4.0,0,-7.6,0.5,-2.8,0.2,60.5,1.0,-8.5,0.3,-3.7,0.0,2018-03
2018-03-08,5425,台半,半導體業,觸發,進榜即觸發,59.92,95.0,4.0,0,-7.6,0.5,-2.8,0.2,60.5,1.0,-8.5,0.3,-3.7,0.0,2018-03
2018-03-08,2327,國巨*,電子工業,進榜,準備,59.22,97.0,3.0,0,32.8,0.5,155.9,0.2,59.1,-0.1,33.0,0.3,156.2,0.0,2018-03
2018-03-08,2360,致茂,其他電子業,進榜,準備,136.87,85.0,3.0,0,0.6,0.5,-6.4,0.2,146.0,6.7,-5.7,0.3,-12.3,0.0,2018-03
2018-03-08,1457,宜進,紡織纖維,進榜,準備,7.72,73.0,3.0,0,7.5,0.5,5.4,0.2,7.7,-0.7,8.3,0.3,6.1,0.0,2018-03
2018-03-08,6414,樺漢,電子工業,移出,掉出掃描母體,354.2,74.0,,1,,,,,,,,,,,2018-03
2018-03-08,6150,撼訊,電腦及週邊設備業,移出,離高點太遠,198.81,100.0,,24,,,,,,,,,,,2018-03
2018-03-08,2465,麗臺,電腦及週邊設備業,移出,離高點太遠,26.95,98.0,,10,,,,,,,,,,,2018-03
2018-03-08,6127,九豪,電子零組件業,移出,離高點太遠,22.51,85.0,,2,,,,,,,,,,,2018-03
2018-03-09,3532,台勝科,半導體業,進榜,準備,202.01,91.0,3.0,0,-14.9,0.2,14.1,0.6,206.4,2.2,-16.7,0.0,11.7,0.2,2018-03
2018-03-09,6168,宏齊,光電業,進榜,準備,15.97,85.0,3.0,0,-7.8,0.2,-8.5,0.6,16.0,0.2,-8.0,0.0,-8.7,0.2,2018-03
2018-03-09,2408,南亞科,半導體業,進榜,準備,61.74,74.0,2.0,0,10.3,0.2,20.0,0.6,62.1,0.6,9.7,0.0,19.3,0.2,2018-03
2018-03-09,8436,大江,生技醫療業,觸發,等待後觸發,211.82,98.0,2.0,10,16.1,0.2,11.3,0.6,214.5,1.3,14.6,0.0,9.9,0.2,2018-03
2018-03-09,1457,宜進,紡織纖維,移出,掉出掃描母體,7.72,73.0,,1,,,,,,,,,,,2018-03
2018-03-09,6213,聯茂,電子工業,移出,掉出掃描母體,51.06,71.0,,25,,,,,,,,,,,2018-03
2018-03-09,5299,杰力,半導體業,移出,突破失敗,68.0,93.0,,14,,,,,,,,,,,2018-03
2018-03-09,2425,承啟,電子工業,移出,離高點太遠,27.52,98.0,,7,,,,,,,,,,,2018-03
2018-03-09,2399,映泰,電子工業,移出,離高點太遠,19.69,88.0,,7,,,,,,,,,,,2018-03
2018-03-12,6257,矽格,半導體業,進榜,準備,23.19,84.0,0.0,0,-1.3,0.3,-1.1,0.5,23.3,0.4,-1.7,0.2,-1.5,0.4,2018-03
2018-03-12,5871,中租-KY,其他,進榜,準備,58.45,79.0,2.0,0,-0.5,0.3,6.2,0.5,57.6,-1.4,1.0,0.2,7.7,0.4,2018-03
2018-03-12,1201,味全,食品工業,進榜,準備,18.91,74.0,3.0,0,5.8,0.3,4.3,0.5,18.9,0.0,5.8,0.2,4.3,0.4,2018-03
2018-03-12,6446,藥華藥,生技醫療業,觸發,等待後觸發,151.58,83.0,2.0,5,-11.9,0.3,-9.3,0.5,150.4,-0.8,-11.2,0.2,-8.6,0.4,2018-03
2018-03-12,8437,大地-KY,其他,移出,逾期,158.14,91.0,,56,,,,,,,,,,,2018-03
2018-03-13,5534,長虹,建材營造,進榜,準備,44.84,73.0,1.0,0,2.4,0.0,12.4,0.0,45.2,0.8,1.5,0.0,11.5,0.0,2018-03
2018-03-14,3034,聯詠,半導體業,進榜,觸發,75.99,71.0,1.0,0,-6.9,0.0,4.7,0.0,75.7,-0.4,-6.5,-0.1,5.1,0.0,2018-03
2018-03-14,3034,聯詠,半導體業,觸發,進榜即觸發,75.99,71.0,1.0,0,-6.9,0.0,4.7,0.0,75.7,-0.4,-6.5,-0.1,5.1,0.0,2018-03
2018-03-15,2455,全新,通信網路業,進榜,觸發,112.29,98.0,5.0,0,-16.8,-0.6,-14.6,0.0,112.3,0.0,-16.8,-0.7,-14.6,-0.2,2018-03
2018-03-15,2455,全新,通信網路業,觸發,進榜即觸發,112.29,98.0,5.0,0,-16.8,-0.6,-14.6,0.0,112.3,0.0,-16.8,-0.7,-14.6,-0.2,2018-03
2018-03-15,3105,穩懋,半導體業,進榜,觸發,265.69,93.0,5.0,0,3.0,-0.6,-23.2,0.0,265.7,0.0,3.0,-0.7,-23.2,-0.2,2018-03
2018-03-15,3105,穩懋,半導體業,觸發,進榜即觸發,265.69,93.0,5.0,0,3.0,-0.6,-23.2,0.0,265.7,0.0,3.0,-0.7,-23.2,-0.2,2018-03
2018-03-15,3217,優群,電子零組件業,進榜,觸發,23.94,81.0,2.0,0,21.5,-0.6,12.0,0.0,23.9,0.0,21.5,-0.7,12.0,-0.2,2018-03
2018-03-15,3217,優群,電子零組件業,觸發,進榜即觸發,23.94,81.0,2.0,0,21.5,-0.6,12.0,0.0,23.9,0.0,21.5,-0.7,12.0,-0.2,2018-03
2018-03-15,6451,訊芯-KY,半導體業,進榜,準備,129.77,86.0,1.0,0,8.9,-0.6,5.6,0.0,128.9,-0.7,9.6,-0.7,6.3,-0.2,2018-03
2018-03-15,2915,潤泰全,貿易百貨,進榜,準備,41.5,71.0,2.0,0,2.4,-0.6,9.2,0.0,41.6,0.2,2.3,-0.7,9.0,-0.2,2018-03
2018-03-15,5534,長虹,建材營造,移出,掉出掃描母體,45.21,73.0,,2,,,,,,,,,,,2018-03
2018-03-16,5534,長虹,建材營造,進榜,觸發,46.33,75.0,1.0,0,-2.9,-1.5,10.0,0.0,45.9,-0.9,-2.0,-1.7,11.0,-0.3,2018-03
2018-03-16,5534,長虹,建材營造,觸發,進榜即觸發,46.33,75.0,1.0,0,-2.9,-1.5,10.0,0.0,45.9,-0.9,-2.0,-1.7,11.0,-0.3,2018-03
2018-03-16,2408,南亞科,半導體業,觸發,等待後觸發,69.82,86.0,2.0,7,-5.0,-1.5,-0.2,0.0,70.4,0.8,-5.8,-1.7,-1.1,-0.3,2018-03
2018-03-16,5871,中租-KY,其他,觸發,等待後觸發,59.28,81.0,2.0,4,-4.7,-1.5,1.9,0.0,59.8,0.9,-5.6,-1.7,0.9,-0.3,2018-03
2018-03-16,2426,鼎元,光電業,移出,掉出掃描母體,13.83,73.0,,15,,,,,,,,,,,2018-03
2018-03-19,4540,全球傳動,電機機械,進榜,觸發,83.03,99.0,5.0,0,50.8,-1.4,30.9,-0.6,82.0,-1.3,52.8,-1.4,32.6,-0.4,2018-03
2018-03-19,4540,全球傳動,電機機械,觸發,進榜即觸發,83.03,99.0,5.0,0,50.8,-1.4,30.9,-0.6,82.0,-1.3,52.8,-1.4,32.6,-0.4,2018-03
2018-03-19,4137,麗豐-KY,化學生技醫療,進榜,準備,97.75,84.0,3.0,0,23.7,-1.4,65.5,-0.6,98.0,0.3,23.4,-1.4,65.0,-0.4,2018-03
2018-03-19,3029,零壹,資訊服務業,進榜,準備,14.44,80.0,2.0,0,-18.6,-1.4,-2.9,-0.6,14.2,-1.6,-17.3,-1.4,-1.2,-0.4,2018-03
2018-03-19,2534,宏盛,建材營造,進榜,準備,20.42,73.0,0.0,0,13.7,-1.4,33.2,-0.6,20.3,-0.3,14.1,-1.4,33.6,-0.4,2018-03
2018-03-19,1586,和勤,電機機械,進榜,準備,36.25,71.0,3.0,0,-8.9,-1.4,-9.2,-0.6,36.4,0.4,-9.3,-1.4,-9.6,-0.4,2018-03
2018-03-19,2104,國際中橡,橡膠工業,移出,掉出掃描母體,34.53,73.0,,24,,,,,,,,,,,2018-03
2018-03-19,6451,訊芯-KY,半導體業,移出,掉出掃描母體,125.91,83.0,,4,,,,,,,,,,,2018-03
2018-03-20,3026,禾伸堂,電子工業,進榜,觸發,74.27,98.0,2.0,0,23.5,-1.0,71.8,-0.3,75.1,1.2,22.1,-1.3,69.8,-0.7,2018-03
2018-03-20,3026,禾伸堂,電子工業,觸發,進榜即觸發,74.27,98.0,2.0,0,23.5,-1.0,71.8,-0.3,75.1,1.2,22.1,-1.3,69.8,-0.7,2018-03
2018-03-20,2454,聯發科,半導體業,進榜,準備,222.41,72.0,2.0,0,5.3,-1.0,-8.0,-0.3,226.0,1.6,3.6,-1.3,-9.5,-0.7,2018-03
2018-03-20,2327,國巨*,電子工業,觸發,等待後觸發,69.05,98.0,3.0,12,39.2,-1.0,143.0,-0.3,69.4,0.5,38.4,-1.3,141.7,-0.7,2018-03
2018-03-20,3034,聯詠,半導體業,移出,掉出掃描母體,75.72,70.0,,6,,,,,,,,,,,2018-03
2018-03-20,5534,長虹,建材營造,移出,掉出掃描母體,45.21,71.0,,4,,,,,,,,,,,2018-03
2018-03-20,1586,和勤,電機機械,移出,掉出掃描母體,36.25,71.0,,1,,,,,,,,,,,2018-03
2018-03-20,1201,味全,食品工業,移出,掉出掃描母體,18.43,71.0,,8,,,,,,,,,,,2018-03
2018-03-21,1565,精華,生技醫療業,進榜,準備,613.22,78.0,2.0,0,-11.6,-1.2,-24.6,-1.1,613.2,0.0,-11.6,-1.5,-24.6,-1.3,2018-03
2018-03-21,5439,高技,電子零組件業,進榜,準備,26.01,78.0,3.0,0,5.1,-1.2,4.4,-1.1,26.0,0.0,5.1,-1.5,4.4,-1.3,2018-03
2018-03-21,6196,帆宣,其他電子業,進榜,準備,34.34,74.0,2.0,0,23.9,-1.2,56.3,-1.1,34.6,0.6,23.1,-1.5,55.3,-1.3,2018-03
2018-03-21,2379,瑞昱,半導體業,進榜,準備,87.93,70.0,3.0,0,2.4,-1.2,-8.8,-1.1,87.9,0.0,2.4,-1.5,-8.8,-1.3,2018-03
2018-03-21,2614,東森,貿易百貨,觸發,等待後觸發,20.76,94.0,2.0,28,-12.0,-1.2,-14.2,-1.1,20.8,0.3,-12.3,-1.5,-14.5,-1.3,2018-03
2018-03-21,6446,藥華藥,生技醫療業,移出,掉出掃描母體,149.24,81.0,,14,,,,,,,,,,,2018-03
2018-03-21,2731,雄獅,觀光事業,移出,逾期,94.57,80.0,,56,,,,,,,,,,,2018-03
2018-03-22,2377,微星,電子工業,進榜,準備,62.97,85.0,2.0,0,1.6,-1.1,12.2,-0.9,60.3,-4.2,6.1,0.1,17.1,0.4,2018-03
2018-03-22,1326,台化,塑膠工業,進榜,準備,79.73,71.0,0.0,0,-2.7,-1.1,3.2,-0.9,77.6,-2.7,0.0,0.1,6.0,0.4,2018-03
2018-03-22,1565,精華,生技醫療業,移出,掉出掃描母體,613.22,78.0,,1,,,,,,,,,,,2018-03
2018-03-22,2379,瑞昱,半導體業,移出,掉出掃描母體,87.93,70.0,,1,,,,,,,,,,,2018-03
2018-03-22,6147,頎邦,半導體業,移出,逾期,41.35,80.0,,56,,,,,,,,,,,2018-03
2018-03-22,6237,驊訊,半導體業,移出,離高點太遠,31.01,89.0,,24,,,,,,,,,,,2018-03
2018-03-22,5285,界霖,電子工業,移出,掉出掃描母體,64.36,83.0,,21,,,,,,,,,,,2018-03
2018-03-22,6531,愛普*,半導體業,移出,離高點太遠,43.49,79.0,,16,,,,,,,,,,,2018-03
2018-03-22,1785,光洋科,其他電子類,移出,掉出掃描母體,19.14,87.0,,16,,,,,,,,,,,2018-03
2018-03-22,2455,全新,通信網路業,移出,突破失敗,101.46,96.0,,7,,,,,,,,,,,2018-03
2018-03-23,5281,大峽谷-KY,光電業,進榜,觸發,105.66,100.0,4.0,0,-13.7,-1.2,-28.4,0.2,113.8,7.7,-19.8,-1.3,-33.5,0.3,2018-03
2018-03-23,5281,大峽谷-KY,光電業,觸發,進榜即觸發,105.66,100.0,4.0,0,-13.7,-1.2,-28.4,0.2,113.8,7.7,-19.8,-1.3,-33.5,0.3,2018-03
2018-03-23,6150,撼訊,電腦及週邊設備業,進榜,觸發,275.84,100.0,4.0,0,-58.0,-1.2,-64.7,0.2,287.6,4.2,-59.8,-1.3,-66.2,0.3,2018-03
2018-03-23,6150,撼訊,電腦及週邊設備業,觸發,進榜即觸發,275.84,100.0,4.0,0,-58.0,-1.2,-64.7,0.2,287.6,4.2,-59.8,-1.3,-66.2,0.3,2018-03
2018-03-23,2347,聯強,電子工業,進榜,準備,26.44,71.0,0.0,0,0.7,-1.2,7.3,0.2,26.2,-0.8,1.5,-1.3,8.1,0.3,2018-03
2018-03-23,9945,潤泰新,其他,進榜,準備,12.97,71.0,2.0,0,6.5,-1.2,6.2,0.2,12.9,-0.6,7.1,-1.3,6.8,0.3,2018-03
2018-03-23,2388,威盛,半導體業,移出,離高點太遠,32.71,99.0,,22,,,,,,,,,,,2018-03
2018-03-23,8046,南電,電子工業,移出,晚期未觸發,25.32,77.0,,18,,,,,,,,,,,2018-03
2018-03-23,5481,新華,電子零組件業,移出,掉出掃描母體,39.78,98.0,,18,,,,,,,,,,,2018-03
2018-03-23,6168,宏齊,光電業,移出,掉出掃描母體,15.17,73.0,,14,,,,,,,,,,,2018-03
2018-03-23,3532,台勝科,半導體業,移出,掉出掃描母體,188.83,83.0,,14,,,,,,,,,,,2018-03
2018-03-23,3105,穩懋,半導體業,移出,突破失敗,243.79,87.0,,8,,,,,,,,,,,2018-03
2018-03-23,3029,零壹,資訊服務業,移出,掉出掃描母體,13.14,71.0,,4,,,,,,,,,,,2018-03
2018-03-23,2454,聯發科,半導體業,移出,掉出掃描母體,218.19,73.0,,3,,,,,,,,,,,2018-03
2018-03-26,1201,味全,食品工業,進榜,觸發,19.19,78.0,2.0,0,0.6,-1.4,-1.1,-0.5,19.4,0.8,-0.2,-2.1,-1.9,-1.2,2018-03
2018-03-26,1201,味全,食品工業,觸發,進榜即觸發,19.19,78.0,2.0,0,0.6,-1.4,-1.1,-0.5,19.4,0.8,-0.2,-2.1,-1.9,-1.2,2018-03
2018-03-26,3708,上緯投控,化學工業,進榜,觸發,68.44,71.0,1.0,0,65.3,-1.4,2.2,-0.5,71.7,4.8,57.8,-2.1,-2.4,-1.2,2018-03
2018-03-26,3708,上緯投控,化學工業,觸發,進榜即觸發,68.44,71.0,1.0,0,65.3,-1.4,2.2,-0.5,71.7,4.8,57.8,-2.1,-2.4,-1.2,2018-03
2018-03-26,3265,台星科,半導體業,進榜,準備,25.91,93.0,3.0,0,-0.8,-1.4,-15.1,-0.5,26.7,3.1,-3.7,-2.1,-17.7,-1.2,2018-03
2018-03-26,2454,聯發科,半導體業,進榜,準備,225.33,74.0,2.0,0,-2.9,-1.4,-10.5,-0.5,222.7,-1.2,-1.7,-2.1,-9.5,-1.2,2018-03
2018-03-26,5439,高技,電子零組件業,觸發,等待後觸發,28.68,86.0,3.0,5,-13.0,-1.4,-3.4,-0.5,29.9,4.2,-16.5,-2.1,-7.3,-1.2,2018-03
2018-03-26,2347,聯強,電子工業,觸發,等待後觸發,26.62,70.0,0.0,3,-0.3,-1.4,6.5,-0.5,26.7,0.1,-0.5,-2.1,6.4,-1.2,2018-03
2018-03-26,4137,麗豐-KY,化學生技醫療,觸發,等待後觸發,106.56,90.0,3.0,7,12.4,-1.4,51.0,-0.5,108.0,1.4,10.9,-2.1,48.9,-1.2,2018-03
2018-03-26,9945,潤泰新,其他,移出,掉出掃描母體,12.97,71.0,,3,,,,,,,,,,,2018-03
2018-03-26,6202,盛群,半導體業,移出,逾期,52.6,80.0,,56,,,,,,,,,,,2018-03
2018-03-27,2481,強茂,半導體業,進榜,觸發,39.33,98.0,4.0,0,3.0,-2.8,22.2,-1.0,40.4,2.8,0.2,-2.7,18.9,-1.0,2018-03
2018-03-27,2481,強茂,半導體業,觸發,進榜即觸發,39.33,98.0,4.0,0,3.0,-2.8,22.2,-1.0,40.4,2.8,0.2,-2.7,18.9,-1.0,2018-03
2018-03-27,5536,聖暉*,其他電子類,移出,掉出掃描母體,54.65,71.0,,20,,,,,,,,,,,2018-03
2018-03-27,1326,台化,塑膠工業,移出,掉出掃描母體,78.65,70.0,,5,,,,,,,,,,,2018-03
2018-03-27,2347,聯強,電子工業,移出,掉出掃描母體,26.62,70.0,,4,,,,,,,,,,,2018-03
2018-03-28,2379,瑞昱,半導體業,進榜,準備,88.63,73.0,3.0,0,-13.1,-2.1,-11.1,-1.2,89.0,0.4,-13.4,-2.5,-11.5,-1.5,2018-03
2018-03-28,2454,聯發科,半導體業,移出,掉出掃描母體,222.41,72.0,,2,,,,,,,,,,,2018-03
2018-03-28,2888,新光金,金融保險,移出,掉出掃描母體,9.14,70.0,,44,,,,,,,,,,,2018-03
2018-03-28,6150,撼訊,電腦及週邊設備業,移出,離高點太遠,248.51,100.0,,5,,,,,,,,,,,2018-03
2018-03-28,5281,大峽谷-KY,光電業,移出,離高點太遠,104.3,100.0,,5,,,,,,,,,,,2018-03
2018-03-29,9958,世紀鋼,鋼鐵工業,進榜,觸發,62.96,100.0,4.0,0,-3.7,-2.2,-17.4,-1.6,66.4,5.4,-8.6,-2.5,-21.6,-1.9,2018-03
2018-03-29,9958,世紀鋼,鋼鐵工業,觸發,進榜即觸發,62.96,100.0,4.0,0,-3.7,-2.2,-17.4,-1.6,66.4,5.4,-8.6,-2.5,-21.6,-1.9,2018-03
2018-03-29,5201,凱衛,資訊服務業,進榜,觸發,27.93,99.0,1.0,0,-17.3,-2.2,-11.5,-1.6,28.5,1.9,-18.8,-2.5,-13.2,-1.9,2018-03
2018-03-29,5201,凱衛,資訊服務業,觸發,進榜即觸發,27.93,99.0,1.0,0,-17.3,-2.2,-11.5,-1.6,28.5,1.9,-18.8,-2.5,-13.2,-1.9,2018-03
2018-03-29,1312,國喬,塑膠工業,進榜,觸發,25.55,72.0,5.0,0,8.2,-2.2,-4.4,-1.6,25.5,0.0,8.2,-2.5,-4.4,-1.9,2018-03
2018-03-29,1312,國喬,塑膠工業,觸發,進榜即觸發,25.55,72.0,5.0,0,8.2,-2.2,-4.4,-1.6,25.5,0.0,8.2,-2.5,-4.4,-1.9,2018-03
2018-03-29,8046,南電,電子工業,進榜,準備,29.49,88.0,3.0,0,-24.8,-2.2,-18.8,-1.6,29.2,-1.1,-23.9,-2.5,-17.8,-1.9,2018-03
2018-03-29,4736,泰博,生技醫療業,進榜,準備,59.61,78.0,1.0,0,26.1,-2.2,27.0,-1.6,61.5,3.1,22.3,-2.5,23.2,-1.9,2018-03
2018-03-29,2379,瑞昱,半導體業,移出,晚期未觸發,88.28,73.0,,1,,,,,,,,,,,2018-03
2018-03-29,2408,南亞科,半導體業,移出,掉出掃描母體,67.22,70.0,,20,,,,,,,,,,,2018-03
2018-03-29,6257,矽格,半導體業,移出,掉出掃描母體,22.66,82.0,,17,,,,,,,,,,,2018-03
2018-03-30,2031,新光鋼,鋼鐵工業,進榜,觸發,23.34,82.0,3.0,0,9.1,-2.3,3.5,-1.9,23.9,2.3,6.6,-2.4,1.2,-2.1,2018-03
2018-03-30,2031,新光鋼,鋼鐵工業,觸發,進榜即觸發,23.34,82.0,3.0,0,9.1,-2.3,3.5,-1.9,23.9,2.3,6.6,-2.4,1.2,-2.1,2018-03
2018-03-30,1229,聯華,食品工業,進榜,準備,15.15,76.0,0.0,0,-4.2,-2.3,-3.9,-1.9,15.2,0.1,-4.4,-2.4,-4.0,-2.1,2018-03
2018-03-30,6274,台燿,電子零組件業,進榜,準備,70.33,76.0,3.0,0,-13.0,-2.3,8.1,-1.9,69.1,-1.8,-11.4,-2.4,10.1,-2.1,2018-03
2018-03-30,5534,長虹,建材營造,進榜,準備,45.43,73.0,1.0,0,0.9,-2.3,10.3,-1.9,45.4,0.0,0.9,-2.4,10.3,-2.1,2018-03
2018-03-30,3661,世芯-KY,半導體業,移出,離高點太遠,111.08,85.0,,24,,,,,,,,,,,2018-03
2018-03-30,5201,凱衛,資訊服務業,移出,突破失敗,25.35,99.0,,1,,,,,,,,,,,2018-03
2018-03-31,2388,威盛,半導體業,進榜,準備,39.88,99.0,2.0,0,-23.0,-2.7,21.6,-1.7,40.7,2.2,-24.7,-3.1,19.0,-2.0,2018-03
2018-03-31,6411,晶焱,半導體業,進榜,準備,62.46,73.0,3.0,0,-13.5,-2.7,-1.0,-1.7,63.1,1.0,-14.3,-3.1,-1.9,-2.0,2018-03
2018-03-31,2454,聯發科,半導體業,進榜,準備,221.11,70.0,2.0,0,-6.0,-2.7,-11.9,-1.7,223.1,0.9,-6.8,-3.1,-12.7,-2.0,2018-03
2018-03-31,6196,帆宣,其他電子業,觸發,等待後觸發,39.39,84.0,2.0,10,8.2,-2.7,34.2,-1.7,42.2,7.2,0.9,-3.1,25.1,-2.0,2018-03
2018-04-02,2347,聯強,電子工業,進榜,準備,26.99,72.0,0.0,0,-2.8,-3.2,1.5,-2.2,26.8,-0.8,-2.1,-2.9,2.3,-1.9,2018-04
2018-04-02,2454,聯發科,半導體業,移出,掉出掃描母體,221.11,70.0,,2,,,,,,,,,,,2018-04
2018-04-03,3563,牧德,光電業,進榜,觸發,219.62,98.0,5.0,0,13.6,-2.8,33.1,-2.8,222.9,1.5,12.0,-3.2,31.2,-3.1,2018-04
2018-04-03,3563,牧德,光電業,觸發,進榜即觸發,219.62,98.0,5.0,0,13.6,-2.8,33.1,-2.8,222.9,1.5,12.0,-3.2,31.2,-3.1,2018-04
2018-04-03,1519,華城,電機機械,進榜,觸發,18.27,84.0,2.0,0,-14.3,-2.8,-23.8,-2.8,19.8,8.4,-21.0,-3.2,-29.7,-3.1,2018-04
2018-04-03,1519,華城,電機機械,觸發,進榜即觸發,18.27,84.0,2.0,0,-14.3,-2.8,-23.8,-2.8,19.8,8.4,-21.0,-3.2,-29.7,-3.1,2018-04
2018-04-03,1786,科妍,化學生技醫療,進榜,準備,64.86,99.0,2.0,0,-29.4,-2.8,-27.8,-2.8,66.6,2.7,-31.2,-3.2,-29.7,-3.1,2018-04
2018-04-03,2208,台船,航運業,進榜,準備,37.46,94.0,1.0,0,9.5,-2.8,-15.4,-2.8,41.2,10.0,-0.5,-3.2,-23.1,-3.1,2018-04
2018-04-03,5512,力麒,建材營造,進榜,準備,10.47,89.0,1.0,0,-23.8,-2.8,-28.7,-2.8,10.5,0.7,-24.3,-3.2,-29.2,-3.1,2018-04
2018-04-03,2534,宏盛,建材營造,觸發,等待後觸發,23.14,84.0,0.0,15,6.7,-2.8,13.1,-2.8,23.4,0.9,5.8,-3.2,12.1,-3.1,2018-04
2018-04-03,2347,聯強,電子工業,移出,掉出掃描母體,26.99,72.0,,1,,,,,,,,,,,2018-04
2018-04-03,5274,信驊,半導體業,移出,掉出掃描母體,628.34,74.0,,27,,,,,,,,,,,2018-04
2018-04-03,1312,國喬,塑膠工業,移出,掉出掃描母體,24.96,71.0,,5,,,,,,,,,,,2018-04
2018-04-09,2013,中鋼構,鋼鐵工業,進榜,觸發,28.14,97.0,3.0,0,-30.3,-2.8,-24.2,-3.1,28.9,2.6,-32.1,-2.8,-26.2,-3.3,2018-04
2018-04-09,2013,中鋼構,鋼鐵工業,觸發,進榜即觸發,28.14,97.0,3.0,0,-30.3,-2.8,-24.2,-3.1,28.9,2.6,-32.1,-2.8,-26.2,-3.3,2018-04
2018-04-09,1514,亞力,電機機械,進榜,觸發,11.35,93.0,4.0,0,-18.0,-2.8,-17.5,-3.1,12.1,6.6,-23.1,-2.8,-22.6,-3.3,2018-04
2018-04-09,1514,亞力,電機機械,觸發,進榜即觸發,11.35,93.0,4.0,0,-18.0,-2.8,-17.5,-3.1,12.1,6.6,-23.1,-2.8,-22.6,-3.3,2018-04
2018-04-09,2478,大毅,電子工業,進榜,觸發,37.83,90.0,4.0,0,48.5,-2.8,144.7,-3.1,37.8,0.0,48.5,-2.8,144.7,-3.3,2018-04
2018-04-09,2478,大毅,電子工業,觸發,進榜即觸發,37.83,90.0,4.0,0,48.5,-2.8,144.7,-3.1,37.8,0.0,48.5,-2.8,144.7,-3.3,2018-04
2018-04-09,1611,中電,電器電纜,進榜,觸發,9.02,85.0,4.0,0,-10.4,-2.8,-10.4,-3.1,9.6,6.7,-16.0,-2.8,-16.0,-3.3,2018-04
2018-04-09,1611,中電,電器電纜,觸發,進榜即觸發,9.02,85.0,4.0,0,-10.4,-2.8,-10.4,-3.1,9.6,6.7,-16.0,-2.8,-16.0,-3.3,2018-04
2018-04-09,6461,益得,生技醫療業,進榜,觸發,49.25,83.0,3.0,0,-11.7,-2.8,-35.9,-3.1,54.2,10.0,-19.7,-2.8,-41.7,-3.3,2018-04
2018-04-09,6461,益得,生技醫療業,觸發,進榜即觸發,49.25,83.0,3.0,0,-11.7,-2.8,-35.9,-3.1,54.2,10.0,-19.7,-2.8,-41.7,-3.3,2018-04
2018-04-09,1608,華榮,電器電纜,進榜,觸發,8.73,76.0,3.0,0,-8.7,-2.8,-15.2,-3.1,8.8,1.1,-9.7,-2.8,-16.1,-3.3,2018-04
2018-04-09,1608,華榮,電器電纜,觸發,進榜即觸發,8.73,76.0,3.0,0,-8.7,-2.8,-15.2,-3.1,8.8,1.1,-9.7,-2.8,-16.1,-3.3,2018-04
2018-04-09,2208,台船,航運業,觸發,等待後觸發,41.18,95.0,1.0,6,-5.4,-2.8,-27.1,-3.1,45.3,10.0,-14.0,-2.8,-33.7,-3.3,2018-04
2018-04-09,8431,匯鑽科,其他電子類,移出,掉出掃描母體,68.1,86.0,,45,,,,,,,,,,,2018-04
2018-04-09,3224,三顧,電子通路業,移出,離高點太遠,56.26,87.0,,39,,,,,,,,,,,2018-04
2018-04-09,8046,南電,電子工業,移出,晚期未觸發,25.73,76.0,,11,,,,,,,,,,,2018-04
2018-04-09,6274,台燿,電子零組件業,移出,掉出掃描母體,68.55,75.0,,10,,,,,,,,,,,2018-04
2018-04-10,6451,訊芯-KY,半導體業,進榜,觸發,141.33,87.0,3.0,0,-12.1,-2.6,-9.7,-3.5,141.3,0.0,-12.1,-3.0,-9.7,-4.0,2018-04
2018-04-10,6451,訊芯-KY,半導體業,觸發,進榜即觸發,141.33,87.0,3.0,0,-12.1,-2.6,-9.7,-3.5,141.3,0.0,-12.1,-3.0,-9.7,-4.0,2018-04
2018-04-10,9945,潤泰新,其他,進榜,準備,13.62,72.0,2.0,0,-0.4,-2.6,-5.1,-3.5,13.7,0.8,-1.3,-3.0,-5.8,-4.0,2018-04
2018-04-10,5425,台半,半導體業,移出,突破失敗,54.93,75.0,,33,,,,,,,,,,,2018-04
2018-04-10,2388,威盛,半導體業,移出,離高點太遠,34.63,99.0,,10,,,,,,,,,,,2018-04
2018-04-10,1786,科妍,化學生技醫療,移出,離高點太遠,59.65,98.0,,7,,,,,,,,,,,2018-04
2018-04-10,9958,世紀鋼,鋼鐵工業,移出,離高點太遠,69.1,100.0,,12,,,,,,,,,,,2018-04
2018-04-10,1608,華榮,電器電纜,移出,掉出掃描母體,8.73,76.0,,1,,,,,,,,,,,2018-04
2018-04-11,2323,中環,光電業,進榜,觸發,6.12,71.0,4.0,0,22.8,-2.4,54.0,-4.2,6.6,7.3,14.5,-2.7,43.6,-4.4,2018-04
2018-04-11,2323,中環,光電業,觸發,進榜即觸發,6.12,71.0,4.0,0,22.8,-2.4,54.0,-4.2,6.6,7.3,14.5,-2.7,43.6,-4.4,2018-04
2018-04-11,8454,富邦媒,貿易百貨,進榜,準備,120.71,79.0,2.0,0,-9.2,-2.4,-24.5,-4.2,123.4,2.3,-11.2,-2.7,-26.2,-4.4,2018-04
2018-04-11,9941,裕融,其他,進榜,準備,47.91,74.0,1.0,0,-2.7,-2.4,-14.4,-4.2,48.3,0.8,-3.4,-2.7,-15.0,-4.4,2018-04
2018-04-11,5536,聖暉*,其他電子類,進榜,準備,56.52,72.0,2.0,0,-1.3,-2.4,-1.0,-4.2,56.5,0.0,-1.3,-2.7,-1.0,-4.4,2018-04
2018-04-11,5534,長虹,建材營造,移出,掉出掃描母體,46.12,73.0,,12,,,,,,,,,,,2018-04
2018-04-11,1229,聯華,食品工業,移出,掉出掃描母體,14.85,70.0,,12,,,,,,,,,,,2018-04
2018-04-11,6411,晶焱,半導體業,移出,掉出掃描母體,62.76,72.0,,11,,,,,,,,,,,2018-04
2018-04-11,1519,華城,電機機械,移出,離高點太遠,17.37,80.0,,8,,,,,,,,,,,2018-04
2018-04-12,6141,柏承,電子工業,進榜,觸發,32.72,96.0,4.0,0,-19.8,-2.7,-39.2,-3.8,32.9,0.6,-20.3,-3.0,-39.5,-4.1,2018-04
2018-04-12,6141,柏承,電子工業,觸發,進榜即觸發,32.72,96.0,4.0,0,-19.8,-2.7,-39.2,-3.8,32.9,0.6,-20.3,-3.0,-39.5,-4.1,2018-04
2018-04-12,6175,立敦,電子零組件業,進榜,觸發,31.22,91.0,6.0,0,-2.9,-2.7,29.3,-3.8,32.0,2.6,-5.3,-3.0,26.1,-4.1,2018-04
2018-04-12,6175,立敦,電子零組件業,觸發,進榜即觸發,31.22,91.0,6.0,0,-2.9,-2.7,29.3,-3.8,32.0,2.6,-5.3,-3.0,26.1,-4.1,2018-04
2018-04-12,5536,聖暉*,其他電子類,移出,掉出掃描母體,56.52,72.0,,1,,,,,,,,,,,2018-04
2018-04-12,5234,達興材料,電子工業,移出,掉出掃描母體,58.81,94.0,,113,,,,,,,,,,,2018-04
2018-04-13,4803,VHQ-KY,文化創意業,進榜,觸發,112.91,71.0,1.0,0,12.7,-2.6,-16.5,-3.3,114.1,1.1,11.5,-2.8,-17.4,-3.4,2018-04
2018-04-13,4803,VHQ-KY,文化創意業,觸發,進榜即觸發,112.91,71.0,1.0,0,12.7,-2.6,-16.5,-3.3,114.1,1.1,11.5,-2.8,-17.4,-3.4,2018-04
2018-04-13,5536,聖暉*,其他電子類,進榜,準備,58.51,75.0,2.0,0,-3.8,-2.6,7.3,-3.3,58.8,0.4,-4.2,-2.8,6.8,-3.4,2018-04
2018-04-13,4560,強信-KY,電機機械,移出,離高點太遠,43.68,90.0,,51,,,,,,,,,,,2018-04
2018-04-13,5512,力麒,建材營造,移出,離高點太遠,8.71,75.0,,10,,,,,,,,,,,2018-04
2018-04-13,1514,亞力,電機機械,移出,離高點太遠,9.92,88.0,,4,,,,,,,,,,,2018-04
2018-04-13,1611,中電,電器電纜,移出,離高點太遠,8.29,80.0,,4,,,,,,,,,,,2018-04
2018-04-16,2492,華新科,電子工業,進榜,觸發,106.95,93.0,6.0,0,114.8,-2.6,179.4,-3.1,110.3,3.1,108.3,-2.8,171.0,-3.1,2018-04
2018-04-16,2492,華新科,電子工業,觸發,進榜即觸發,106.95,93.0,6.0,0,114.8,-2.6,179.4,-3.1,110.3,3.1,108.3,-2.8,171.0,-3.1,2018-04
2018-04-16,6173,信昌電,電子零組件業,進榜,觸發,43.44,88.0,6.0,0,43.1,-2.6,124.9,-3.1,44.5,2.4,39.7,-2.8,119.6,-3.1,2018-04
2018-04-16,6173,信昌電,電子零組件業,觸發,進榜即觸發,43.44,88.0,6.0,0,43.1,-2.6,124.9,-3.1,44.5,2.4,39.7,-2.8,119.6,-3.1,2018-04
2018-04-16,1313,聯成,塑膠工業,進榜,準備,14.67,74.0,2.0,0,-3.8,-2.6,-2.4,-3.1,14.8,0.7,-4.5,-2.8,-3.1,-3.1,2018-04
2018-04-16,1710,東聯,化學工業,進榜,準備,26.96,72.0,2.0,0,2.1,-2.6,6.7,-3.1,27.0,0.0,2.1,-2.8,6.7,-3.1,2018-04
2018-04-16,8454,富邦媒,貿易百貨,移出,掉出掃描母體,116.29,78.0,,5,,,,,,,,,,,2018-04
2018-04-17,1808,潤隆,建材營造,進榜,準備,12.96,86.0,1.0,0,18.1,-1.7,6.2,-1.5,13.0,0.2,17.9,-2.0,6.0,-2.1,2018-04
2018-04-17,4147,中裕,生技醫療業,進榜,準備,245.11,81.0,2.0,0,30.1,-1.7,6.8,-1.5,247.1,0.8,29.0,-2.0,6.0,-2.1,2018-04
2018-04-17,4107,邦特,生技醫療業,進榜,準備,74.65,72.0,1.0,0,18.7,-1.7,11.5,-1.5,76.1,1.9,16.4,-2.0,9.4,-2.1,2018-04
2018-04-17,1710,東聯,化學工業,移出,掉出掃描母體,26.96,72.0,,1,,,,,,,,,,,2018-04
2018-04-17,2614,東森,貿易百貨,移出,掉出掃描母體,17.94,84.0,,55,,,,,,,,,,,2018-04
2018-04-17,2481,強茂,半導體業,移出,離高點太遠,40.31,95.0,,21,,,,,,,,,,,2018-04
2018-04-17,6461,益得,生技醫療業,移出,離高點太遠,44.43,70.0,,8,,,,,,,,,,,2018-04
2018-04-17,9941,裕融,其他,移出,掉出掃描母體,47.91,74.0,,6,,,,,,,,,,,2018-04
2018-04-18,6123,上奇,電腦及週邊設備業,進榜,觸發,27.44,88.0,4.0,0,-3.4,-1.7,-8.5,-1.1,27.6,0.7,-4.0,-2.0,-9.2,-1.5,2018-04
2018-04-18,6123,上奇,電腦及週邊設備業,觸發,進榜即觸發,27.44,88.0,4.0,0,-3.4,-1.7,-8.5,-1.1,27.6,0.7,-4.0,-2.0,-9.2,-1.5,2018-04
2018-04-18,2903,遠百,貿易百貨,進榜,觸發,12.44,78.0,0.0,0,1.0,-1.7,-3.4,-1.1,12.6,1.6,-0.5,-2.0,-4.9,-1.5,2018-04
2018-04-18,2903,遠百,貿易百貨,觸發,進榜即觸發,12.44,78.0,0.0,0,1.0,-1.7,-3.4,-1.1,12.6,1.6,-0.5,-2.0,-4.9,-1.5,2018-04
2018-04-18,2456,奇力新,電子零組件業,進榜,觸發,132.7,74.0,4.0,0,-3.1,-1.7,62.3,-1.1,139.1,4.8,-7.5,-2.0,54.8,-1.5,2018-04
2018-04-18,2456,奇力新,電子零組件業,觸發,進榜即觸發,132.7,74.0,4.0,0,-3.1,-1.7,62.3,-1.1,139.1,4.8,-7.5,-2.0,54.8,-1.5,2018-04
2018-04-18,5371,中光電,光電業,進榜,準備,27.96,80.0,2.0,0,-13.6,-1.7,-2.7,-1.1,28.1,0.6,-14.0,-2.0,-3.2,-1.5,2018-04
2018-04-18,2454,聯發科,半導體業,進榜,準備,235.07,76.0,2.0,0,-14.4,-1.7,-18.4,-1.1,240.3,2.2,-16.2,-2.0,-20.2,-1.5,2018-04
2018-04-18,2888,新光金,金融保險,進榜,準備,9.5,76.0,2.0,0,0.0,-1.7,-3.3,-1.1,9.5,0.4,-0.4,-2.0,-3.7,-1.5,2018-04
2018-04-18,1710,東聯,化學工業,進榜,準備,26.43,72.0,2.0,0,3.7,-1.7,11.3,-1.1,27.0,2.3,1.4,-2.0,8.8,-1.5,2018-04
2018-04-18,4107,邦特,生技醫療業,觸發,等待後觸發,81.8,80.0,1.0,1,7.9,-1.7,2.2,-1.1,84.3,3.1,4.7,-2.0,-0.8,-1.5,2018-04
2018-04-18,1723,中碳,化學生技醫療,移出,逾期,108.37,70.0,,56,,,,,,,,,,,2018-04
2018-04-18,1201,味全,食品工業,移出,掉出掃描母體,19.07,73.0,,23,,,,,,,,,,,2018-04
2018-04-19,2371,大同,電機機械,進榜,準備,24.91,94.0,2.0,0,-11.3,-2.2,41.9,-1.6,24.6,-1.3,-10.1,-2.1,43.9,-1.6,2018-04
2018-04-19,2426,鼎元,光電業,進榜,準備,13.91,72.0,3.0,0,-11.0,-2.2,40.8,-1.6,13.8,-0.9,-10.2,-2.1,42.0,-1.6,2018-04
2018-04-19,2454,聯發科,半導體業,移出,掉出掃描母體,235.07,76.0,,1,,,,,,,,,,,2018-04
2018-04-19,2360,致茂,其他電子業,移出,掉出掃描母體,135.27,76.0,,42,,,,,,,,,,,2018-04
2018-04-19,1313,聯成,塑膠工業,移出,掉出掃描母體,14.29,72.0,,3,,,,,,,,,,,2018-04
2018-04-20,6153,嘉聯益,電子零組件業,進榜,準備,39.59,82.0,3.0,0,46.5,-1.6,19.7,-1.4,40.1,1.2,44.7,-1.6,18.2,-1.5,2018-04
2018-04-20,2426,鼎元,光電業,移出,掉出掃描母體,13.91,72.0,,1,,,,,,,,,,,2018-04
2018-04-20,2013,中鋼構,鋼鐵工業,移出,突破失敗,25.77,95.0,,11,,,,,,,,,,,2018-04
2018-04-23,3224,三顧,電子通路業,進榜,觸發,63.76,94.0,3.0,0,-7.1,-1.4,-13.0,-0.8,69.0,8.2,-14.2,-1.3,-19.6,-0.9,2018-04
2018-04-23,3224,三顧,電子通路業,觸發,進榜即觸發,63.76,94.0,3.0,0,-7.1,-1.4,-13.0,-0.8,69.0,8.2,-14.2,-1.3,-19.6,-0.9,2018-04
2018-04-23,5439,高技,電子零組件業,移出,掉出掃描母體,27.35,80.0,,33,,,,,,,,,,,2018-04
2018-04-23,6451,訊芯-KY,半導體業,移出,突破失敗,127.2,75.0,,13,,,,,,,,,,,2018-04
2018-04-23,6141,柏承,電子工業,移出,離高點太遠,31.86,95.0,,11,,,,,,,,,,,2018-04
2018-04-23,5371,中光電,光電業,移出,掉出掃描母體,27.5,74.0,,5,,,,,,,,,,,2018-04
2018-04-24,2903,遠百,貿易百貨,移出,掉出掃描母體,12.41,78.0,,6,,,,,,,,,,,2018-04
2018-04-24,2049,上銀,電機機械,移出,離高點太遠,338.22,89.0,,112,,,,,,,,,,,2018-04
2018-04-24,1597,直得,電機機械,移出,離高點太遠,95.4,96.0,,96,,,,,,,,,,,2018-04
2018-04-24,4540,全球傳動,電機機械,移出,離高點太遠,117.23,100.0,,36,,,,,,,,,,,2018-04
2018-04-24,4137,麗豐-KY,化學生技醫療,移出,離高點太遠,110.96,95.0,,36,,,,,,,,,,,2018-04
2018-04-24,2377,微星,電子工業,移出,掉出掃描母體,63.97,81.0,,33,,,,,,,,,,,2018-04
2018-04-24,3265,台星科,半導體業,移出,晚期未觸發,25.78,92.0,,29,,,,,,,,,,,2018-04
2018-04-24,3708,上緯投控,化學工業,移出,離高點太遠,109.31,96.0,,29,,,,,,,,,,,2018-04
2018-04-24,5536,聖暉*,其他電子類,移出,掉出掃描母體,57.02,72.0,,11,,,,,,,,,,,2018-04
2018-04-24,6123,上奇,電腦及週邊設備業,移出,掉出掃描母體,26.81,84.0,,6,,,,,,,,,,,2018-04
2018-04-24,2456,奇力新,電子零組件業,移出,掉出掃描母體,135.61,75.0,,6,,,,,,,,,,,2018-04
2018-04-25,2856,元富證,金融保險,進榜,觸發,10.82,81.0,1.0,0,-0.9,0.0,-3.0,0.0,10.8,-0.5,-0.5,-0.2,-2.5,0.0,2018-04
2018-04-25,2856,元富證,金融保險,觸發,進榜即觸發,10.82,81.0,1.0,0,-0.9,0.0,-3.0,0.0,10.8,-0.5,-0.5,-0.2,-2.5,0.0,2018-04
2018-04-25,1439,雋揚,紡織纖維,進榜,準備,36.77,98.0,3.0,0,-8.4,0.0,-26.6,0.0,37.2,1.1,-9.4,-0.2,-27.4,0.0,2018-04
2018-04-25,8926,台汽電,油電燃氣業,進榜,準備,17.6,75.0,0.0,0,-11.0,0.0,-10.4,0.0,17.6,-0.2,-10.8,-0.2,-10.3,0.0,2018-04
2018-04-25,2327,國巨*,電子工業,移出,離高點太遠,86.35,98.0,,48,,,,,,,,,,,2018-04
2018-04-25,3026,禾伸堂,電子工業,移出,離高點太遠,79.22,96.0,,36,,,,,,,,,,,2018-04
2018-04-25,6175,立敦,電子零組件業,移出,離高點太遠,28.37,88.0,,13,,,,,,,,,,,2018-04
2018-04-25,6173,信昌電,電子零組件業,移出,離高點太遠,39.25,84.0,,9,,,,,,,,,,,2018-04
2018-04-25,1710,東聯,化學工業,移出,掉出掃描母體,25.7,72.0,,7,,,,,,,,,,,2018-04
2018-04-25,2371,大同,電機機械,移出,掉出掃描母體,23.62,92.0,,6,,,,,,,,,,,2018-04
2018-04-26,8489,三貝德,文化創意業,進榜,觸發,237.29,94.0,4.0,0,-5.5,0.7,-18.6,0.5,238.0,0.3,-5.8,0.4,-18.8,0.2,2018-04
2018-04-26,8489,三貝德,文化創意業,觸發,進榜即觸發,237.29,94.0,4.0,0,-5.5,0.7,-18.6,0.5,238.0,0.3,-5.8,0.4,-18.8,0.2,2018-04
2018-04-26,3090,日電貿,電子工業,移出,離高點太遠,36.18,98.0,,118,,,,,,,,,,,2018-04
2018-04-26,2031,新光鋼,鋼鐵工業,移出,離高點太遠,26.88,91.0,,27,,,,,,,,,,,2018-04
2018-04-26,2208,台船,航運業,移出,離高點太遠,39.97,95.0,,23,,,,,,,,,,,2018-04
2018-04-26,2478,大毅,電子工業,移出,離高點太遠,45.28,96.0,,17,,,,,,,,,,,2018-04
2018-04-26,2323,中環,光電業,移出,離高點太遠,6.73,84.0,,15,,,,,,,,,,,2018-04
2018-04-26,3224,三顧,電子通路業,移出,離高點太遠,57.24,90.0,,3,,,,,,,,,,,2018-04
2018-04-27,3661,世芯-KY,半導體業,進榜,觸發,126.88,81.0,6.0,0,7.0,0.5,-1.5,0.5,129.2,1.8,5.0,0.3,-3.2,0.2,2018-04
2018-04-27,3661,世芯-KY,半導體業,觸發,進榜即觸發,126.88,81.0,6.0,0,7.0,0.5,-1.5,0.5,129.2,1.8,5.0,0.3,-3.2,0.2,2018-04
2018-04-30,2732,六角,觀光事業,進榜,觸發,71.21,80.0,2.0,0,-19.4,0.0,-18.4,0.0,71.9,0.9,-20.1,0.0,-19.2,0.0,2018-04
2018-04-30,2732,六角,觀光事業,觸發,進榜即觸發,71.21,80.0,2.0,0,-19.4,0.0,-18.4,0.0,71.9,0.9,-20.1,0.0,-19.2,0.0,2018-04
2018-04-30,2903,遠百,貿易百貨,進榜,準備,12.63,81.0,0.0,0,-0.8,0.0,-4.4,0.0,12.7,0.5,-1.3,0.0,-4.8,0.0,2018-04
2018-04-30,6446,藥華藥,生技醫療業,進榜,準備,142.21,78.0,1.0,0,-5.8,0.0,-5.5,0.0,143.8,1.1,-6.8,0.0,-6.5,0.0,2018-04
2018-04-30,5289,宜鼎,電腦及週邊設備業,進榜,準備,77.53,71.0,2.0,0,15.9,0.0,6.1,0.0,78.1,0.8,15.0,0.0,5.3,0.0,2018-04
2018-04-30,9945,潤泰新,其他,移出,掉出掃描母體,13.6,70.0,,20,,,,,,,,,,,2018-04
2018-05-02,9945,潤泰新,其他,進榜,準備,13.78,70.0,1.0,0,-1.9,0.0,-0.6,0.3,13.8,-0.1,-1.8,0.0,-0.4,0.4,2018-05
2018-05-02,4147,中裕,生技醫療業,觸發,等待後觸發,319.28,94.0,2.0,15,-4.9,0.0,-21.5,0.3,322.2,0.9,-5.8,0.0,-22.3,0.4,2018-05
2018-05-02,1808,潤隆,建材營造,觸發,等待後觸發,13.96,91.0,1.0,15,5.3,0.0,0.5,0.3,14.0,0.0,5.3,0.0,0.5,0.4,2018-05
2018-05-02,1707,葡萄王,化學生技醫療,移出,逾期,172.48,83.0,,56,,,,,,,,,,,2018-05
2018-05-03,6153,嘉聯益,電子零組件業,觸發,等待後觸發,43.82,84.0,3.0,13,35.0,0.5,12.8,0.9,45.1,2.8,31.2,0.5,9.7,1.0,2018-05
2018-05-03,3661,世芯-KY,半導體業,移出,掉出掃描母體,134.31,82.0,,6,,,,,,,,,,,2018-05
2018-05-04,3026,禾伸堂,電子工業,進榜,準備,93.78,98.0,3.0,0,33.9,1.2,29.9,0.8,97.0,3.4,29.4,1.0,25.6,0.6,2018-05
2018-05-04,8926,台汽電,油電燃氣業,移出,掉出掃描母體,16.81,72.0,,9,,,,,,,,,,,2018-05
2018-05-04,9945,潤泰新,其他,移出,掉出掃描母體,13.58,71.0,,2,,,,,,,,,,,2018-05
2018-05-07,6173,信昌電,電子零組件業,進榜,觸發,48.61,93.0,6.0,0,29.1,1.7,76.8,0.9,49.4,1.7,27.0,1.6,73.9,0.7,2018-05
2018-05-07,6173,信昌電,電子零組件業,觸發,進榜即觸發,48.61,93.0,6.0,0,29.1,1.7,76.8,0.9,49.4,1.7,27.0,1.6,73.9,0.7,2018-05
2018-05-07,8163,達方,電子工業,進榜,觸發,22.3,81.0,5.0,0,82.6,1.7,54.0,0.9,22.5,0.8,81.1,1.6,52.7,0.7,2018-05
2018-05-07,8163,達方,電子工業,觸發,進榜即觸發,22.3,81.0,5.0,0,82.6,1.7,54.0,0.9,22.5,0.8,81.1,1.6,52.7,0.7,2018-05
2018-05-07,2327,國巨*,電子工業,進榜,準備,109.57,99.0,3.0,0,44.4,1.7,27.9,0.9,111.8,2.0,41.5,1.6,25.4,0.7,2018-05
2018-05-07,6257,矽格,半導體業,進榜,準備,23.16,79.0,1.0,0,-2.7,1.7,2.5,0.9,23.0,-0.8,-1.9,1.6,3.3,0.7,2018-05
2018-05-07,3033,威健,電子工業,進榜,準備,11.68,78.0,1.0,0,2.7,1.7,1.3,0.9,11.8,0.7,2.0,1.6,0.7,0.7,2018-05
2018-05-07,8942,森鉅,其他,進榜,準備,40.43,77.0,1.0,0,3.1,1.7,16.6,0.9,40.3,-0.4,3.5,1.6,17.0,0.7,2018-05
2018-05-07,5289,宜鼎,電腦及週邊設備業,觸發,等待後觸發,84.88,80.0,2.0,7,12.8,1.7,-1.4,0.9,84.6,-0.3,13.2,1.6,-1.0,0.7,2018-05
2018-05-07,2732,六角,觀光事業,移出,掉出掃描母體,65.56,73.0,,7,,,,,,,,,,,2018-05
2018-05-08,3016,嘉晶,半導體業,進榜,觸發,36.52,78.0,5.0,0,65.8,1.5,71.1,1.1,37.8,3.5,60.1,1.4,65.3,0.9,2018-05
2018-05-08,3016,嘉晶,半導體業,觸發,進榜即觸發,36.52,78.0,5.0,0,65.8,1.5,71.1,1.1,37.8,3.5,60.1,1.4,65.3,0.9,2018-05
2018-05-08,1710,東聯,化學工業,進榜,準備,26.84,74.0,2.0,0,-0.2,1.5,4.8,1.1,26.8,-0.3,0.2,1.4,5.1,0.9,2018-05
2018-05-08,1439,雋揚,紡織纖維,移出,離高點太遠,37.01,98.0,,13,,,,,,,,,,,2018-05
2018-05-09,2478,大毅,電子工業,進榜,觸發,61.76,99.0,3.0,0,70.7,2.3,27.3,0.7,63.8,3.3,65.3,1.9,23.2,0.5,2018-05
2018-05-09,2478,大毅,電子工業,觸發,進榜即觸發,61.76,99.0,3.0,0,70.7,2.3,27.3,0.7,63.8,3.3,65.3,1.9,23.2,0.5,2018-05
2018-05-09,6485,點序,半導體業,進榜,準備,45.78,94.0,3.0,0,-7.3,2.3,-17.1,0.7,47.1,2.9,-9.9,1.9,-19.4,0.5,2018-05
2018-05-09,8043,蜜望實,電子零組件業,進榜,準備,28.4,93.0,3.0,0,59.2,2.3,75.6,0.7,29.5,3.9,53.2,1.9,69.0,0.5,2018-05
2018-05-09,2535,達欣工,建材營造,進榜,準備,15.56,84.0,1.0,0,8.1,2.3,-3.3,0.7,15.8,1.2,6.8,1.9,-4.5,0.5,2018-05
2018-05-09,3026,禾伸堂,電子工業,觸發,等待後觸發,110.09,99.0,3.0,5,15.9,2.3,1.4,0.7,115.3,4.8,10.6,1.9,-3.2,0.5,2018-05
2018-05-09,3217,優群,電子零組件業,移出,離高點太遠,26.27,85.0,,55,,,,,,,,,,,2018-05
2018-05-10,1605,華新,電器電纜,進榜,觸發,15.32,85.0,4.0,0,13.8,2.1,3.6,0.8,15.4,0.5,13.3,2.0,3.1,0.8,2018-05
2018-05-10,1605,華新,電器電纜,觸發,進榜即觸發,15.32,85.0,4.0,0,13.8,2.1,3.6,0.8,15.4,0.5,13.3,2.0,3.1,0.8,2018-05
2018-05-10,3527,聚積,半導體業,進榜,觸發,65.21,85.0,3.0,0,40.5,2.1,47.1,0.8,67.5,3.5,35.8,2.0,42.1,0.8,2018-05
2018-05-10,3527,聚積,半導體業,觸發,進榜即觸發,65.21,85.0,3.0,0,40.5,2.1,47.1,0.8,67.5,3.5,35.8,2.0,42.1,0.8,2018-05
2018-05-10,2349,錸德,光電業,進榜,觸發,18.38,84.0,3.0,0,127.8,2.1,92.5,0.8,18.7,1.8,123.8,2.0,89.1,0.8,2018-05
2018-05-10,2349,錸德,光電業,觸發,進榜即觸發,18.38,84.0,3.0,0,127.8,2.1,92.5,0.8,18.7,1.8,123.8,2.0,89.1,0.8,2018-05
2018-05-10,3596,智易,通信網路業,進榜,準備,38.43,76.0,1.0,0,18.2,2.1,22.4,0.8,38.4,0.0,18.2,2.0,22.4,0.8,2018-05
2018-05-10,1102,亞泥,水泥工業,進榜,準備,19.42,71.0,2.0,0,3.9,2.1,23.6,0.8,19.7,1.2,2.7,2.0,22.2,0.8,2018-05
2018-05-10,2327,國巨*,電子工業,觸發,等待後觸發,124.95,99.0,3.0,3,45.6,2.1,4.8,0.8,127.2,1.8,43.0,2.0,3.0,0.8,2018-05
2018-05-10,8043,蜜望實,電子零組件業,觸發,等待後觸發,31.24,96.0,3.0,1,40.4,2.1,58.6,0.8,32.7,4.8,34.0,2.0,51.3,0.8,2018-05
2018-05-10,2915,潤泰全,貿易百貨,移出,掉出掃描母體,42.07,71.0,,56,,,,,,,,,,,2018-05
2018-05-11,2323,中環,光電業,進榜,觸發,8.26,91.0,3.0,0,77.3,2.1,10.5,1.3,8.7,5.0,68.9,2.0,5.3,1.3,2018-05
2018-05-11,2323,中環,光電業,觸發,進榜即觸發,8.26,91.0,3.0,0,77.3,2.1,10.5,1.3,8.7,5.0,68.9,2.0,5.3,1.3,2018-05
2018-05-11,3532,台勝科,半導體業,進榜,觸發,211.52,79.0,3.0,0,5.2,2.1,-6.6,1.3,219.6,3.8,1.3,2.0,-10.1,1.3,2018-05
2018-05-11,3532,台勝科,半導體業,觸發,進榜即觸發,211.52,79.0,3.0,0,5.2,2.1,-6.6,1.3,219.6,3.8,1.3,2.0,-10.1,1.3,2018-05
2018-05-11,1326,台化,塑膠工業,進榜,觸發,82.24,71.0,0.0,0,1.3,2.1,10.0,1.3,82.6,0.4,0.9,2.0,9.5,1.3,2018-05
2018-05-11,1326,台化,塑膠工業,觸發,進榜即觸發,82.24,71.0,0.0,0,1.3,2.1,10.0,1.3,82.6,0.4,0.9,2.0,9.5,1.3,2018-05
2018-05-11,1723,中碳,化學生技醫療,進榜,準備,114.07,76.0,1.0,0,-4.4,2.1,-5.2,1.3,114.1,0.0,-4.4,2.0,-5.2,1.3,2018-05
2018-05-11,2915,潤泰全,貿易百貨,進榜,準備,42.07,72.0,2.0,0,11.7,2.1,10.8,1.3,42.2,0.3,11.3,2.0,10.4,1.3,2018-05
2018-05-11,1710,東聯,化學工業,觸發,等待後觸發,28.15,78.0,2.0,3,-6.5,2.1,-2.0,1.3,28.4,0.7,-7.2,2.0,-2.8,1.3,2018-05
2018-05-11,4736,泰博,生技醫療業,觸發,等待後觸發,84.4,96.0,1.0,43,-8.1,2.1,11.6,1.3,85.7,1.6,-9.5,2.0,9.8,1.3,2018-05
2018-05-11,4803,VHQ-KY,文化創意業,移出,離高點太遠,126.68,86.0,,28,,,,,,,,,,,2018-05
2018-05-14,5483,中美晶,半導體業,進榜,觸發,103.95,93.0,6.0,0,-16.9,2.2,-30.3,1.4,104.0,0.0,-16.9,2.0,-30.3,1.3,2018-05
2018-05-14,5483,中美晶,半導體業,觸發,進榜即觸發,103.95,93.0,6.0,0,-16.9,2.2,-30.3,1.4,104.0,0.0,-16.9,2.0,-30.3,1.3,2018-05
2018-05-14,6488,環球晶,半導體業,進榜,觸發,426.76,91.0,5.0,0,-5.5,2.2,-11.7,1.4,439.2,2.9,-8.2,2.0,-14.2,1.3,2018-05
2018-05-14,6488,環球晶,半導體業,觸發,進榜即觸發,426.76,91.0,5.0,0,-5.5,2.2,-11.7,1.4,439.2,2.9,-8.2,2.0,-14.2,1.3,2018-05
2018-05-14,6182,合晶,半導體業,進榜,觸發,44.41,88.0,4.0,0,20.0,2.2,2.4,1.4,44.9,1.0,18.7,2.0,1.4,1.3,2018-05
2018-05-14,6182,合晶,半導體業,觸發,進榜即觸發,44.41,88.0,4.0,0,20.0,2.2,2.4,1.4,44.9,1.0,18.7,2.0,1.4,1.3,2018-05
2018-05-14,6024,群益期,金融保險,進榜,觸發,30.73,83.0,1.0,0,6.0,2.2,-2.4,1.4,30.9,0.5,5.5,2.0,-2.9,1.3,2018-05
2018-05-14,6024,群益期,金融保險,觸發,進榜即觸發,30.73,83.0,1.0,0,6.0,2.2,-2.4,1.4,30.9,0.5,5.5,2.0,-2.9,1.3,2018-05
2018-05-14,3090,日電貿,電子工業,進榜,準備,43.15,98.0,1.0,0,17.2,2.2,-1.6,1.4,44.4,2.8,14.0,2.0,-4.3,1.3,2018-05
2018-05-14,2377,微星,電子工業,進榜,準備,73.63,84.0,2.0,0,5.9,2.2,-8.1,1.4,73.3,-0.5,6.4,2.0,-7.7,1.3,2018-05
2018-05-14,1101,台泥,水泥工業,進榜,準備,21.79,75.0,1.0,0,3.4,2.2,5.9,1.4,21.8,0.1,3.2,2.0,5.7,1.3,2018-05
2018-05-14,6446,藥華藥,生技醫療業,移出,掉出掃描母體,138.3,75.0,,14,,,,,,,,,,,2018-05
2018-05-15,3537,堡達,電子零組件業,進榜,觸發,19.71,95.0,3.0,0,9.8,2.5,-6.9,1.9,20.5,3.8,5.8,2.5,-10.3,1.9,2018-05
2018-05-15,3537,堡達,電子零組件業,觸發,進榜即觸發,19.71,95.0,3.0,0,9.8,2.5,-6.9,1.9,20.5,3.8,5.8,2.5,-10.3,1.9,2018-05
2018-05-15,2376,技嘉,電子工業,進榜,觸發,50.11,87.0,4.0,0,-2.4,2.5,-22.5,1.9,51.1,1.9,-4.2,2.5,-23.9,1.9,2018-05
2018-05-15,2376,技嘉,電子工業,觸發,進榜即觸發,50.11,87.0,4.0,0,-2.4,2.5,-22.5,1.9,51.1,1.9,-4.2,2.5,-23.9,1.9,2018-05
2018-05-15,5478,智冠,文化創意業,進榜,觸發,56.5,80.0,2.0,0,-3.7,2.5,-11.9,1.9,56.2,-0.5,-3.2,2.5,-11.4,1.9,2018-05
2018-05-15,5478,智冠,文化創意業,觸發,進榜即觸發,56.5,80.0,2.0,0,-3.7,2.5,-11.9,1.9,56.2,-0.5,-3.2,2.5,-11.4,1.9,2018-05
2018-05-15,4190,佐登-KY,化學生技醫療,進榜,準備,92.25,96.0,2.0,0,12.6,2.5,12.6,1.9,91.5,-0.8,13.6,2.5,13.6,1.9,2018-05
2018-05-15,2614,東森,貿易百貨,進榜,準備,19.56,83.0,3.0,0,-8.2,2.5,-4.5,1.9,19.4,-1.0,-7.3,2.5,-3.5,1.9,2018-05
2018-05-15,4306,炎洲,塑膠工業,進榜,準備,11.58,82.0,3.0,0,5.2,2.5,-4.4,1.9,11.7,0.8,4.4,2.5,-5.1,1.9,2018-05
2018-05-15,6257,矽格,半導體業,移出,掉出掃描母體,22.79,73.0,,8,,,,,,,,,,,2018-05
2018-05-15,1326,台化,塑膠工業,移出,掉出掃描母體,82.24,71.0,,4,,,,,,,,,,,2018-05
2018-05-16,2408,南亞科,半導體業,進榜,準備,75.97,76.0,2.0,0,-8.3,2.4,-25.0,1.3,78.6,3.4,-11.3,2.2,-27.5,1.2,2018-05
2018-05-16,6274,台燿,電子零組件業,進榜,準備,68.41,75.0,3.0,0,4.9,2.4,30.7,1.3,68.9,0.7,4.1,2.2,29.8,1.2,2018-05
2018-05-16,1210,大成,食品工業,進榜,準備,23.29,74.0,1.0,0,-4.8,2.4,-1.9,1.3,23.5,0.7,-5.5,2.2,-2.6,1.2,2018-05
2018-05-16,5536,聖暉*,其他電子類,進榜,準備,58.02,73.0,2.0,0,1.9,2.4,17.9,1.3,58.0,0.0,1.9,2.2,17.9,1.2,2018-05
2018-05-16,1326,台化,塑膠工業,進榜,準備,82.96,70.0,0.0,0,0.0,2.4,9.5,1.3,83.3,0.4,-0.4,2.2,9.0,1.2,2018-05
2018-05-16,1723,中碳,化學生技醫療,觸發,等待後觸發,116.57,76.0,1.0,5,-6.7,2.4,-7.9,1.3,117.6,0.9,-7.6,2.2,-8.7,1.2,2018-05
2018-05-16,8489,三貝德,文化創意業,移出,掉出掃描母體,226.31,88.0,,20,,,,,,,,,,,2018-05
2018-05-17,1785,光洋科,其他電子類,進榜,觸發,18.98,84.0,1.0,0,-1.9,1.9,-11.7,1.2,18.8,-0.8,-1.1,1.9,-10.9,1.1,2018-05
2018-05-17,1785,光洋科,其他電子類,觸發,進榜即觸發,18.98,84.0,1.0,0,-1.9,1.9,-11.7,1.2,18.8,-0.8,-1.1,1.9,-10.9,1.1,2018-05
2018-05-17,2347,聯強,電子工業,進榜,準備,28.67,74.0,0.0,0,-0.9,1.9,-5.4,1.2,29.0,1.3,-2.1,1.9,-6.6,1.1,2018-05
2018-05-17,3558,神準,通信網路業,進榜,準備,105.51,73.0,1.0,0,-2.2,1.9,-11.3,1.2,106.5,1.0,-3.2,1.9,-12.1,1.1,2018-05
2018-05-17,2535,達欣工,建材營造,觸發,等待後觸發,16.64,87.0,1.0,8,-4.6,1.9,-10.2,1.2,16.6,0.0,-4.6,1.9,-10.2,1.1,2018-05
2018-05-17,8436,大江,生技醫療業,移出,掉出掃描母體,223.53,93.0,,79,,,,,,,,,,,2018-05
2018-05-17,3026,禾伸堂,電子工業,移出,離高點太遠,125.82,99.0,,13,,,,,,,,,,,2018-05
2018-05-17,6173,信昌電,電子零組件業,移出,離高點太遠,53.63,97.0,,10,,,,,,,,,,,2018-05
2018-05-17,2327,國巨*,電子工業,移出,離高點太遠,124.8,99.0,,10,,,,,,,,,,,2018-05
2018-05-17,2478,大毅,電子工業,移出,離高點太遠,63.44,99.0,,8,,,,,,,,,,,2018-05
2018-05-17,8043,蜜望實,電子零組件業,移出,離高點太遠,33.72,95.0,,8,,,,,,,,,,,2018-05
2018-05-17,5483,中美晶,半導體業,移出,突破失敗,93.97,90.0,,3,,,,,,,,,,,2018-05
2018-05-18,4137,麗豐-KY,化學生技醫療,進榜,準備,156.75,98.0,3.0,0,2.1,1.8,4.4,-0.4,157.3,0.4,1.7,1.7,4.0,-0.6,2018-05
2018-05-18,1313,聯成,塑膠工業,進榜,準備,14.81,73.0,2.0,0,-3.8,1.8,-11.6,-0.4,15.1,1.7,-5.4,1.7,-13.0,-0.6,2018-05
2018-05-18,2915,潤泰全,貿易百貨,移出,掉出掃描母體,43.16,71.0,,7,,,,,,,,,,,2018-05
2018-05-18,6274,台燿,電子零組件業,移出,掉出掃描母體,67.27,71.0,,2,,,,,,,,,,,2018-05
2018-05-18,1210,大成,食品工業,移出,掉出掃描母體,23.12,72.0,,2,,,,,,,,,,,2018-05
2018-05-18,1326,台化,塑膠工業,移出,掉出掃描母體,84.4,72.0,,2,,,,,,,,,,,2018-05
2018-05-18,3558,神準,通信網路業,移出,掉出掃描母體,105.51,73.0,,1,,,,,,,,,,,2018-05
2018-05-18,2614,東森,貿易百貨,移出,掉出掃描母體,19.22,88.0,,3,,,,,,,,,,,2018-05
2018-05-21,2915,潤泰全,貿易百貨,進榜,準備,44.82,73.0,2.0,0,1.3,0.9,2.4,-0.4,45.0,0.5,0.8,0.7,1.9,-0.6,2018-05
2018-05-21,5871,中租-KY,其他,移出,掉出掃描母體,58.73,75.0,,70,,,,,,,,,,,2018-05
2018-05-22,2425,承啟,電子工業,進榜,觸發,30.65,96.0,3.0,0,-13.9,0.7,0.9,-0.9,30.7,0.0,-13.9,0.7,0.9,-0.9,2018-05
2018-05-22,2425,承啟,電子工業,觸發,進榜即觸發,30.65,96.0,3.0,0,-13.9,0.7,0.9,-0.9,30.7,0.0,-13.9,0.7,0.9,-0.9,2018-05
2018-05-22,2478,大毅,電子工業,進榜,準備,76.29,99.0,3.0,0,54.5,0.7,-10.5,-0.9,77.9,2.1,51.3,0.7,-12.4,-0.9,2018-05
2018-05-22,3558,神準,通信網路業,進榜,準備,104.83,73.0,1.0,0,-5.2,0.7,-17.5,-0.9,105.5,0.6,-5.8,0.7,-18.0,-0.9,2018-05
2018-05-22,2377,微星,電子工業,觸發,等待後觸發,83.96,89.0,2.0,8,-15.9,0.7,-20.9,-0.9,84.0,0.0,-15.9,0.7,-20.9,-0.9,2018-05
2018-05-22,1313,聯成,塑膠工業,移出,掉出掃描母體,14.92,73.0,,4,,,,,,,,,,,2018-05
2018-05-22,1710,東聯,化學工業,移出,掉出掃描母體,27.53,70.0,,14,,,,,,,,,,,2018-05
2018-05-23,2915,潤泰全,貿易百貨,移出,掉出掃描母體,44.75,73.0,,2,,,,,,,,,,,2018-05
2018-05-23,2888,新光金,金融保險,移出,掉出掃描母體,9.54,71.0,,35,,,,,,,,,,,2018-05
2018-05-23,1723,中碳,化學生技醫療,移出,掉出掃描母體,114.43,73.0,,12,,,,,,,,,,,2018-05
2018-05-23,6488,環球晶,半導體業,移出,離高點太遠,393.82,80.0,,9,,,,,,,,,,,2018-05
2018-05-23,5478,智冠,文化創意業,移出,掉出掃描母體,54.77,71.0,,8,,,,,,,,,,,2018-05
2018-05-24,3508,位速,其他電子類,進榜,觸發,56.5,85.0,4.0,0,11.5,0.4,-12.7,-1.1,56.0,-0.9,12.5,0.4,-12.0,-1.4,2018-05
2018-05-24,3508,位速,其他電子類,觸發,進榜即觸發,56.5,85.0,4.0,0,11.5,0.4,-12.7,-1.1,56.0,-0.9,12.5,0.4,-12.0,-1.4,2018-05
2018-05-24,2456,奇力新,電子零組件業,進榜,觸發,157.15,82.0,4.0,0,19.3,0.4,-20.6,-1.1,164.1,4.4,14.2,0.4,-24.0,-1.4,2018-05
2018-05-24,2456,奇力新,電子零組件業,觸發,進榜即觸發,157.15,82.0,4.0,0,19.3,0.4,-20.6,-1.1,164.1,4.4,14.2,0.4,-24.0,-1.4,2018-05
2018-05-24,3114,好德,電子零組件業,進榜,準備,15.82,91.0,2.0,0,47.4,0.4,45.1,-1.1,15.8,-0.2,47.7,0.4,45.3,-1.4,2018-05
2018-05-24,6191,精成科,電子工業,進榜,準備,12.66,80.0,3.0,0,-9.5,0.4,-10.4,-1.1,12.4,-2.1,-7.6,0.4,-8.5,-1.4,2018-05
2018-05-24,5439,高技,電子零組件業,進榜,準備,28.71,77.0,3.0,0,-3.5,0.4,-3.8,-1.1,28.7,0.0,-3.5,0.4,-3.8,-1.4,2018-05
2018-05-24,2472,立隆電,電子工業,進榜,準備,43.02,71.0,3.0,0,20.8,0.4,-6.2,-1.1,43.8,1.9,18.5,0.4,-7.9,-1.4,2018-05
2018-05-24,3033,威健,電子工業,移出,掉出掃描母體,11.99,72.0,,17,,,,,,,,,,,2018-05
2018-05-24,5536,聖暉*,其他電子類,移出,掉出掃描母體,56.39,71.0,,8,,,,,,,,,,,2018-05
2018-05-25,3624,光頡,電子零組件業,進榜,觸發,39.45,96.0,5.0,0,28.2,0.4,-7.0,-1.4,42.0,6.5,20.4,0.3,-12.7,-1.6,2018-05
2018-05-25,3624,光頡,電子零組件業,觸發,進榜即觸發,39.45,96.0,5.0,0,28.2,0.4,-7.0,-1.4,42.0,6.5,20.4,0.3,-12.7,-1.6,2018-05
2018-05-25,6532,瑞耘,半導體業,進榜,觸發,26.9,83.0,5.0,0,-3.7,0.4,-6.4,-1.4,27.5,2.3,-5.9,0.3,-8.5,-1.6,2018-05
2018-05-25,6532,瑞耘,半導體業,觸發,進榜即觸發,26.9,83.0,5.0,0,-3.7,0.4,-6.4,-1.4,27.5,2.3,-5.9,0.3,-8.5,-1.6,2018-05
2018-05-25,3707,漢磊,半導體業,進榜,觸發,28.31,73.0,4.0,0,26.2,0.4,-6.0,-1.4,29.8,5.1,20.1,0.3,-10.6,-1.6,2018-05
2018-05-25,3707,漢磊,半導體業,觸發,進榜即觸發,28.31,73.0,4.0,0,26.2,0.4,-6.0,-1.4,29.8,5.1,20.1,0.3,-10.6,-1.6,2018-05
2018-05-25,3030,德律,其他電子業,進榜,準備,36.82,75.0,3.0,0,15.2,0.4,-6.5,-1.4,37.2,1.1,14.0,0.3,-7.4,-1.6,2018-05
2018-05-25,2472,立隆電,電子工業,觸發,等待後觸發,47.32,83.0,3.0,1,8.8,0.4,-14.8,-1.4,49.8,5.2,3.4,0.3,-19.0,-1.6,2018-05
2018-05-25,5289,宜鼎,電腦及週邊設備業,移出,掉出掃描母體,91.63,71.0,,25,,,,,,,,,,,2018-05
2018-05-25,6024,群益期,金融保險,移出,掉出掃描母體,30.49,78.0,,11,,,,,,,,,,,2018-05
2018-05-25,1102,亞泥,水泥工業,移出,掉出掃描母體,19.92,70.0,,15,,,,,,,,,,,2018-05
2018-05-25,1101,台泥,水泥工業,移出,掉出掃描母體,22.6,73.0,,11,,,,,,,,,,,2018-05
2018-05-25,2408,南亞科,半導體業,移出,掉出掃描母體,75.6,71.0,,9,,,,,,,,,,,2018-05
2018-05-28,5317,?,,進榜,觸發,74.63,94.0,3.0,0,23.0,0.0,-2.4,-1.2,81.3,8.9,13.0,0.0,-10.4,-1.3,2018-05
2018-05-28,5317,?,,觸發,進榜即觸發,74.63,94.0,3.0,0,23.0,0.0,-2.4,-1.2,81.3,8.9,13.0,0.0,-10.4,-1.3,2018-05
2018-05-28,5469,瀚宇博,電子零組件業,進榜,觸發,22.77,93.0,2.0,0,-7.6,0.0,-15.0,-1.2,22.8,0.0,-7.6,0.0,-15.0,-1.3,2018-05
2018-05-28,5469,瀚宇博,電子零組件業,觸發,進榜即觸發,22.77,93.0,2.0,0,-7.6,0.0,-15.0,-1.2,22.8,0.0,-7.6,0.0,-15.0,-1.3,2018-05
2018-05-28,6175,立敦,電子零組件業,進榜,觸發,37.1,93.0,6.0,0,14.8,0.0,-23.5,-1.2,40.7,9.8,4.6,0.0,-30.3,-1.3,2018-05
2018-05-28,6175,立敦,電子零組件業,觸發,進榜即觸發,37.1,93.0,6.0,0,14.8,0.0,-23.5,-1.2,40.7,9.8,4.6,0.0,-30.3,-1.3,2018-05
2018-05-28,6449,鈺邦,電子工業,進榜,觸發,56.47,92.0,5.0,0,-5.2,0.0,-33.4,-1.2,57.9,2.5,-7.6,0.0,-35.1,-1.3,2018-05
2018-05-28,6449,鈺邦,電子工業,觸發,進榜即觸發,56.47,92.0,5.0,0,-5.2,0.0,-33.4,-1.2,57.9,2.5,-7.6,0.0,-35.1,-1.3,2018-05
2018-05-28,3236,千如,電子零組件業,進榜,觸發,36.22,79.0,5.0,0,3.1,0.0,-27.4,-1.2,36.5,0.8,2.3,0.0,-28.0,-1.3,2018-05
2018-05-28,3236,千如,電子零組件業,觸發,進榜即觸發,36.22,79.0,5.0,0,3.1,0.0,-27.4,-1.2,36.5,0.8,2.3,0.0,-28.0,-1.3,2018-05
2018-05-28,6127,九豪,電子零組件業,進榜,觸發,24.52,79.0,6.0,0,79.2,0.0,17.2,-1.2,27.0,10.0,63.0,0.0,6.6,-1.3,2018-05
2018-05-28,6127,九豪,電子零組件業,觸發,進榜即觸發,24.52,79.0,6.0,0,79.2,0.0,17.2,-1.2,27.0,10.0,63.0,0.0,6.6,-1.3,2018-05
2018-05-28,5299,杰力,半導體業,進榜,觸發,70.98,77.0,6.0,0,25.1,0.0,22.3,-1.2,75.3,6.0,18.0,0.0,15.4,-1.3,2018-05
2018-05-28,5299,杰力,半導體業,觸發,進榜即觸發,70.98,77.0,6.0,0,25.1,0.0,22.3,-1.2,75.3,6.0,18.0,0.0,15.4,-1.3,2018-05
2018-05-28,2332,友訊,通信網路業,進榜,觸發,13.03,73.0,1.0,0,-0.4,0.0,-14.9,-1.2,13.3,1.8,-2.1,0.0,-16.4,-1.3,2018-05
2018-05-28,2332,友訊,通信網路業,觸發,進榜即觸發,13.03,73.0,1.0,0,-0.4,0.0,-14.9,-1.2,13.3,1.8,-2.1,0.0,-16.4,-1.3,2018-05
2018-05-28,2327,國巨*,電子工業,進榜,準備,157.48,100.0,2.0,0,-2.8,0.0,-23.3,-1.2,147.9,-6.1,3.5,0.0,-18.3,-1.3,2018-05
2018-05-28,8043,蜜望實,電子零組件業,進榜,準備,40.7,96.0,3.0,0,41.1,0.0,23.1,-1.2,42.5,4.5,35.1,0.0,17.8,-1.3,2018-05
2018-05-28,2375,凱美,電子工業,進榜,準備,62.55,89.0,3.0,0,57.6,0.0,36.7,-1.2,64.4,2.9,53.1,0.0,32.8,-1.3,2018-05
2018-05-28,3030,德律,其他電子業,觸發,等待後觸發,38.96,76.0,3.0,3,8.3,0.0,-11.6,-1.2,40.3,3.3,4.8,0.0,-14.4,-1.3,2018-05
2018-05-28,2425,承啟,電子工業,移出,離高點太遠,28.52,93.0,,6,,,,,,,,,,,2018-05
2018-05-29,2342,茂矽,半導體業,進榜,觸發,37.59,97.0,5.0,0,5.4,0.0,-26.7,-1.2,37.9,0.8,4.6,0.2,-27.2,-0.9,2018-05
2018-05-29,2342,茂矽,半導體業,觸發,進榜即觸發,37.59,97.0,5.0,0,5.4,0.0,-26.7,-1.2,37.9,0.8,4.6,0.2,-27.2,-0.9,2018-05
2018-05-29,6138,茂達,半導體業,進榜,觸發,48.83,72.0,3.0,0,4.9,0.0,0.6,-1.2,49.3,0.9,4.0,0.2,-0.3,-0.9,2018-05
2018-05-29,6138,茂達,半導體業,觸發,進榜即觸發,48.83,72.0,3.0,0,4.9,0.0,0.6,-1.2,49.3,0.9,4.0,0.2,-0.3,-0.9,2018-05
2018-05-29,2478,大毅,電子工業,觸發,等待後觸發,103.67,100.0,3.0,7,8.5,0.0,-34.2,-1.2,99.7,-3.8,12.9,0.2,-31.6,-0.9,2018-05
2018-05-29,8043,蜜望實,電子零組件業,觸發,等待後觸發,44.72,96.0,3.0,1,34.4,0.0,9.2,-1.2,42.6,-4.8,41.1,0.2,14.6,-0.9,2018-05
2018-05-29,6485,點序,半導體業,移出,掉出掃描母體,41.35,86.0,,20,,,,,,,,,,,2018-05
2018-05-30,6284,佳邦,電子零組件業,進榜,觸發,42.48,94.0,6.0,0,-11.8,0.0,-36.4,-0.9,44.2,3.9,-15.2,-0.3,-38.8,-1.5,2018-05
2018-05-30,6284,佳邦,電子零組件業,觸發,進榜即觸發,42.48,94.0,6.0,0,-11.8,0.0,-36.4,-0.9,44.2,3.9,-15.2,-0.3,-38.8,-1.5,2018-05
2018-05-30,5443,均豪,光電業,進榜,準備,19.42,80.0,1.0,0,-2.5,0.0,3.8,-0.9,20.0,3.0,-5.3,-0.3,0.8,-1.5,2018-05
2018-05-30,2347,聯強,電子工業,移出,掉出掃描母體,29.06,71.0,,13,,,,,,,,,,,2018-05
2018-05-30,3114,好德,電子零組件業,移出,掉出掃描母體,15.93,93.0,,6,,,,,,,,,,,2018-05
2018-05-30,5439,高技,電子零組件業,移出,掉出掃描母體,27.48,71.0,,6,,,,,,,,,,,2018-05
2018-05-31,6207,雷科,電子零組件業,進榜,觸發,26.38,74.0,1.0,0,28.3,0.0,8.3,-2.0,26.8,1.5,26.4,0.0,6.7,-2.3,2018-05
2018-05-31,6207,雷科,電子零組件業,觸發,進榜即觸發,26.38,74.0,1.0,0,28.3,0.0,8.3,-2.0,26.8,1.5,26.4,0.0,6.7,-2.3,2018-05
2018-05-31,2347,聯強,電子工業,進榜,準備,29.28,71.0,0.0,0,-4.2,0.0,-11.5,-2.0,29.1,-0.7,-3.5,0.0,-10.9,-2.3,2018-05
2018-05-31,3558,神準,通信網路業,移出,掉出掃描母體,103.14,71.0,,9,,,,,,,,,,,2018-05
2018-05-31,6138,茂達,半導體業,移出,掉出掃描母體,49.35,73.0,,2,,,,,,,,,,,2018-05
2018-06-01,2481,強茂,半導體業,進榜,觸發,56.46,96.0,4.0,0,-11.0,-0.9,-40.5,-2.0,57.2,1.4,-12.1,-1.2,-41.3,-2.6,2018-06
2018-06-01,2481,強茂,半導體業,觸發,進榜即觸發,56.46,96.0,4.0,0,-11.0,-0.9,-40.5,-2.0,57.2,1.4,-12.1,-1.2,-41.3,-2.6,2018-06
2018-06-01,1795,美時,化學生技醫療,進榜,觸發,78.06,93.0,2.0,0,-9.7,-0.9,-29.0,-2.0,81.4,4.3,-13.4,-1.2,-31.9,-2.6,2018-06
2018-06-01,1795,美時,化學生技醫療,觸發,進榜即觸發,78.06,93.0,2.0,0,-9.7,-0.9,-29.0,-2.0,81.4,4.3,-13.4,-1.2,-31.9,-2.6,2018-06
2018-06-01,5907,大洋-KY,貿易百貨,進榜,準備,27.22,90.0,2.0,0,-7.8,-0.9,-7.0,-2.0,27.4,0.6,-8.4,-1.2,-7.5,-2.6,2018-06
2018-06-01,5289,宜鼎,電腦及週邊設備業,進榜,準備,94.57,73.0,2.0,0,-10.2,-0.9,-9.0,-2.0,96.9,2.5,-12.4,-1.2,-11.2,-2.6,2018-06
2018-06-01,3596,智易,通信網路業,觸發,等待後觸發,43.72,79.0,1.0,22,7.1,-0.9,-5.7,-2.0,45.4,3.8,3.1,-1.2,-9.2,-2.6,2018-06
2018-06-01,2347,聯強,電子工業,移出,掉出掃描母體,29.28,71.0,,1,,,,,,,,,,,2018-06
2018-06-01,8043,蜜望實,電子零組件業,移出,離高點太遠,45.12,97.0,,4,,,,,,,,,,,2018-06
2018-06-01,6207,雷科,電子零組件業,移出,掉出掃描母體,26.38,74.0,,1,,,,,,,,,,,2018-06
2018-06-04,6161,捷波,電腦及週邊設備業,進榜,觸發,19.03,86.0,4.0,0,-11.3,-2.1,-20.6,-2.3,19.4,2.0,-13.0,-2.3,-22.2,-2.8,2018-06
2018-06-04,6161,捷波,電腦及週邊設備業,觸發,進榜即觸發,19.03,86.0,4.0,0,-11.3,-2.1,-20.6,-2.3,19.4,2.0,-13.0,-2.3,-22.2,-2.8,2018-06
2018-06-04,2388,威盛,半導體業,進榜,準備,40.7,99.0,3.0,0,18.2,-2.1,-17.3,-2.3,39.3,-3.3,22.2,-2.3,-14.4,-2.8,2018-06
2018-06-04,6024,群益期,金融保險,進榜,準備,31.46,75.0,1.0,0,2.6,-2.1,-4.1,-2.3,31.5,0.2,2.5,-2.3,-4.3,-2.8,2018-06
2018-06-04,3558,神準,通信網路業,進榜,準備,108.22,71.0,1.0,0,-11.6,-2.1,-20.7,-2.3,109.6,1.3,-12.7,-2.3,-21.7,-2.8,2018-06
2018-06-04,2375,凱美,電子工業,觸發,等待後觸發,67.19,91.0,3.0,7,56.4,-2.1,23.1,-2.3,68.4,1.8,53.6,-2.3,20.9,-2.8,2018-06
2018-06-04,6191,精成科,電子工業,移出,掉出掃描母體,12.17,72.0,,11,,,,,,,,,,,2018-06
2018-06-05,2347,聯強,電子工業,進榜,準備,29.37,71.0,0.0,0,-6.4,-2.3,-10.3,-2.1,29.3,-0.1,-6.3,-2.6,-10.2,-2.5,2018-06
2018-06-05,2915,潤泰全,貿易百貨,進榜,準備,46.56,71.0,2.0,0,-5.7,-2.3,2.9,-2.1,46.6,0.2,-5.9,-2.6,2.8,-2.5,2018-06
2018-06-05,1785,光洋科,其他電子類,移出,掉出掃描母體,18.78,71.0,,19,,,,,,,,,,,2018-06
2018-06-05,5289,宜鼎,電腦及週邊設備業,移出,掉出掃描母體,95.74,73.0,,4,,,,,,,,,,,2018-06
2018-06-05,2388,威盛,半導體業,移出,離高點太遠,36.75,98.0,,1,,,,,,,,,,,2018-06
2018-06-05,2376,技嘉,電子工業,移出,離高點太遠,48.27,84.0,,21,,,,,,,,,,,2018-06
2018-06-05,2472,立隆電,電子工業,移出,離高點太遠,47.59,73.0,,12,,,,,,,,,,,2018-06
2018-06-05,6532,瑞耘,半導體業,移出,掉出掃描母體,27.04,83.0,,11,,,,,,,,,,,2018-06
2018-06-05,3707,漢磊,半導體業,移出,離高點太遠,33.6,84.0,,11,,,,,,,,,,,2018-06
2018-06-05,5469,瀚宇博,電子零組件業,移出,突破失敗,20.78,88.0,,8,,,,,,,,,,,2018-06
2018-06-05,6449,鈺邦,電子工業,移出,離高點太遠,52.09,80.0,,8,,,,,,,,,,,2018-06
2018-06-05,2342,茂矽,半導體業,移出,離高點太遠,38.55,97.0,,7,,,,,,,,,,,2018-06
2018-06-05,2481,強茂,半導體業,移出,突破失敗,51.37,94.0,,4,,,,,,,,,,,2018-06
2018-06-06,2363,矽統,半導體業,進榜,觸發,10.89,77.0,3.0,0,-5.0,-3.6,-14.0,-2.7,11.3,4.1,-8.7,-3.9,-17.5,-3.4,2018-06
2018-06-06,2363,矽統,半導體業,觸發,進榜即觸發,10.89,77.0,3.0,0,-5.0,-3.6,-14.0,-2.7,11.3,4.1,-8.7,-3.9,-17.5,-3.4,2018-06
2018-06-06,5469,瀚宇博,電子零組件業,進榜,準備,22.48,91.0,2.0,0,-4.5,-3.6,-2.7,-2.7,22.9,1.9,-6.3,-3.9,-4.5,-3.4,2018-06
2018-06-06,5534,長虹,建材營造,進榜,準備,52.74,72.0,1.0,0,-6.5,-3.6,-11.8,-2.7,52.7,0.0,-6.5,-3.9,-11.8,-3.4,2018-06
2018-06-06,2327,國巨*,電子工業,觸發,等待後觸發,166.35,99.0,2.0,9,-0.9,-3.6,-24.9,-2.7,170.8,2.7,-3.5,-3.9,-26.9,-3.4,2018-06
2018-06-06,2347,聯強,電子工業,移出,掉出掃描母體,29.37,71.0,,1,,,,,,,,,,,2018-06
2018-06-07,5871,中租-KY,其他,進榜,準備,62.05,71.0,2.0,0,-15.4,-4.1,-1.3,-2.9,62.1,0.0,-15.4,-4.3,-1.3,-3.1,2018-06
2018-06-07,2915,潤泰全,貿易百貨,移出,掉出掃描母體,46.99,71.0,,2,,,,,,,,,,,2018-06
2018-06-07,5534,長虹,建材營造,移出,掉出掃描母體,52.74,72.0,,1,,,,,,,,,,,2018-06
2018-06-07,4736,泰博,生技醫療業,移出,掉出掃描母體,81.23,88.0,,70,,,,,,,,,,,2018-06
2018-06-07,2349,錸德,光電業,移出,離高點太遠,41.87,99.0,,28,,,,,,,,,,,2018-06
2018-06-08,3661,世芯-KY,半導體業,進榜,觸發,153.37,92.0,6.0,0,-17.3,-3.8,-33.0,-3.4,153.4,0.0,-17.3,-4.0,-33.0,-3.6,2018-06
2018-06-08,3661,世芯-KY,半導體業,觸發,進榜即觸發,153.37,92.0,6.0,0,-17.3,-3.8,-33.0,-3.4,153.4,0.0,-17.3,-4.0,-33.0,-3.6,2018-06
2018-06-08,2915,潤泰全,貿易百貨,進榜,準備,46.99,71.0,2.0,0,-5.2,-3.8,1.3,-3.4,47.1,0.3,-5.5,-4.0,1.0,-3.6,2018-06
2018-06-08,6024,群益期,金融保險,移出,掉出掃描母體,32.43,78.0,,4,,,,,,,,,,,2018-06
2018-06-08,3532,台勝科,半導體業,移出,離高點太遠,222.5,78.0,,28,,,,,,,,,,,2018-06
2018-06-11,6173,信昌電,電子零組件業,進榜,觸發,91.0,98.0,5.0,0,12.8,-3.5,-22.2,-3.1,90.6,-0.4,13.2,-3.6,-21.9,-3.5,2018-06
2018-06-11,6173,信昌電,電子零組件業,觸發,進榜即觸發,91.0,98.0,5.0,0,12.8,-3.5,-22.2,-3.1,90.6,-0.4,13.2,-3.6,-21.9,-3.5,2018-06
2018-06-11,2338,光罩,半導體業,進榜,觸發,26.28,90.0,4.0,0,-3.5,-3.5,-2.1,-3.1,26.5,1.0,-4.4,-3.6,-3.0,-3.5,2018-06
2018-06-11,2338,光罩,半導體業,觸發,進榜即觸發,26.28,90.0,4.0,0,-3.5,-3.5,-2.1,-3.1,26.5,1.0,-4.4,-3.6,-3.0,-3.5,2018-06
2018-06-11,6155,鈞寶,電子零組件業,進榜,準備,26.66,92.0,2.0,0,30.8,-3.5,-1.2,-3.1,26.8,0.6,30.1,-3.6,-1.7,-3.5,2018-06
2018-06-11,6224,聚鼎,電子零組件業,進榜,準備,51.9,77.0,2.0,0,-8.5,-3.5,-10.3,-3.1,51.4,-0.9,-7.7,-3.6,-9.5,-3.5,2018-06
2018-06-11,5871,中租-KY,其他,移出,掉出掃描母體,61.5,71.0,,4,,,,,,,,,,,2018-06
2018-06-11,3558,神準,通信網路業,移出,掉出掃描母體,107.88,75.0,,7,,,,,,,,,,,2018-06
2018-06-11,3661,世芯-KY,半導體業,移出,突破失敗,140.36,88.0,,3,,,,,,,,,,,2018-06
2018-06-12,6532,瑞耘,半導體業,進榜,觸發,28.59,84.0,5.0,0,-19.6,-4.0,-7.3,-3.6,29.3,2.5,-21.6,-4.2,-9.6,-3.9,2018-06
2018-06-12,6532,瑞耘,半導體業,觸發,進榜即觸發,28.59,84.0,5.0,0,-19.6,-4.0,-7.3,-3.6,29.3,2.5,-21.6,-4.2,-9.6,-3.9,2018-06
2018-06-12,3645,達邁,電子零組件業,進榜,觸發,73.65,78.0,2.0,0,-20.6,-4.0,-23.1,-3.6,76.2,3.4,-23.2,-4.2,-25.6,-3.9,2018-06
2018-06-12,3645,達邁,電子零組件業,觸發,進榜即觸發,73.65,78.0,2.0,0,-20.6,-4.0,-23.1,-3.6,76.2,3.4,-23.2,-4.2,-25.6,-3.9,2018-06
2018-06-12,2371,大同,電機機械,進榜,觸發,24.67,77.0,2.0,0,25.0,-4.0,37.5,-3.6,24.6,-0.4,25.5,-4.2,38.0,-3.9,2018-06
2018-06-12,2371,大同,電機機械,觸發,進榜即觸發,24.67,77.0,2.0,0,25.0,-4.0,37.5,-3.6,24.6,-0.4,25.5,-4.2,38.0,-3.9,2018-06
2018-06-12,8436,大江,生技醫療業,進榜,準備,239.5,84.0,3.0,0,18.0,-4.0,49.3,-3.6,240.0,0.2,17.7,-4.2,49.0,-3.9,2018-06
2018-06-12,6485,點序,半導體業,進榜,準備,42.53,83.0,3.0,0,-12.8,-4.0,-24.2,-3.6,42.3,-0.5,-12.4,-4.2,-23.8,-3.9,2018-06
2018-06-12,4728,雙美,生技醫療業,進榜,準備,30.39,78.0,1.0,0,-9.6,-4.0,-20.4,-3.6,30.9,1.8,-11.2,-4.2,-21.8,-3.9,2018-06
2018-06-12,6191,精成科,電子工業,進榜,準備,12.92,76.0,3.0,0,-7.8,-4.0,-13.1,-3.6,13.0,0.9,-8.6,-4.2,-13.9,-3.9,2018-06
2018-06-12,4137,麗豐-KY,化學生技醫療,觸發,等待後觸發,176.72,96.0,3.0,25,2.5,-4.0,-10.3,-3.6,178.8,1.2,1.3,-4.2,-11.4,-3.9,2018-06
2018-06-12,2856,元富證,金融保險,移出,掉出掃描母體,10.87,72.0,,48,,,,,,,,,,,2018-06
2018-06-12,2915,潤泰全,貿易百貨,移出,掉出掃描母體,46.63,71.0,,4,,,,,,,,,,,2018-06
2018-06-13,3694,海華,通信網路業,進榜,觸發,25.76,90.0,5.0,0,8.2,-3.3,-18.4,-3.7,25.7,-0.2,8.4,-3.3,-18.2,-4.0,2018-06
2018-06-13,3694,海華,通信網路業,觸發,進榜即觸發,25.76,90.0,5.0,0,8.2,-3.3,-18.4,-3.7,25.7,-0.2,8.4,-3.3,-18.2,-4.0,2018-06
2018-06-13,1101,台泥,水泥工業,進榜,準備,22.95,75.0,1.0,0,-6.1,-3.3,4.6,-3.7,22.7,-1.0,-5.1,-3.3,5.7,-4.0,2018-06
2018-06-13,4107,邦特,生技醫療業,移出,掉出掃描母體,84.3,72.0,,57,,,,,,,,,,,2018-06
2018-06-13,2323,中環,光電業,移出,離高點太遠,13.3,97.0,,33,,,,,,,,,,,2018-06
2018-06-13,6173,信昌電,電子零組件業,移出,離高點太遠,79.39,98.0,,2,,,,,,,,,,,2018-06
2018-06-13,3645,達邁,電子零組件業,移出,掉出掃描母體,73.65,78.0,,1,,,,,,,,,,,2018-06
2018-06-14,8261,富鼎,半導體業,進榜,準備,46.54,95.0,2.0,0,-15.3,-2.4,-35.3,-5.0,45.5,-2.3,-13.3,-2.7,-33.7,-5.3,2018-06
2018-06-14,3059,華晶科,光電業,進榜,準備,36.78,83.0,3.0,0,-11.0,-2.4,-32.7,-5.0,37.5,1.8,-12.6,-2.7,-33.9,-5.3,2018-06
2018-06-14,4147,中裕,生技醫療業,移出,掉出掃描母體,299.14,86.0,,58,,,,,,,,,,,2018-06
2018-06-14,2377,微星,電子工業,移出,離高點太遠,72.63,84.0,,31,,,,,,,,,,,2018-06
2018-06-14,3624,光頡,電子零組件業,移出,離高點太遠,51.36,98.0,,20,,,,,,,,,,,2018-06
2018-06-15,2388,威盛,半導體業,進榜,準備,41.27,99.0,3.0,0,11.9,-2.3,-18.4,-6.7,42.3,2.6,9.1,-2.2,-20.5,-6.5,2018-06
2018-06-15,6274,台燿,電子零組件業,進榜,準備,77.08,78.0,3.0,0,5.5,-2.3,-6.7,-6.7,77.4,0.5,5.0,-2.2,-7.1,-6.5,2018-06
2018-06-15,1808,潤隆,建材營造,移出,掉出掃描母體,14.07,81.0,,59,,,,,,,,,,,2018-06
2018-06-15,3090,日電貿,電子工業,移出,離高點太遠,46.31,96.0,,32,,,,,,,,,,,2018-06
2018-06-19,8043,蜜望實,電子零組件業,進榜,觸發,53.8,98.0,3.0,0,10.0,-1.7,-17.1,-5.4,55.2,2.6,7.1,-1.8,-19.2,-5.7,2018-06
2018-06-19,8043,蜜望實,電子零組件業,觸發,進榜即觸發,53.8,98.0,3.0,0,10.0,-1.7,-17.1,-5.4,55.2,2.6,7.1,-1.8,-19.2,-5.7,2018-06
2018-06-19,4944,兆遠,光電業,進榜,準備,137.36,85.0,3.0,0,-12.5,-1.7,-38.2,-5.4,133.1,-3.1,-9.7,-1.8,-36.2,-5.7,2018-06
2018-06-19,6485,點序,半導體業,觸發,等待後觸發,45.7,87.0,3.0,7,-19.4,-1.7,-34.4,-5.4,46.5,1.8,-20.8,-1.8,-35.6,-5.7,2018-06
2018-06-19,2388,威盛,半導體業,觸發,等待後觸發,45.36,99.0,3.0,4,0.2,-1.7,-23.5,-5.4,43.3,-4.6,5.0,-1.8,-19.9,-5.7,2018-06
2018-06-19,2535,達欣工,建材營造,移出,掉出掃描母體,15.66,79.0,,41,,,,,,,,,,,2018-06
2018-06-19,1605,華新,電器電纜,移出,離高點太遠,15.91,79.0,,40,,,,,,,,,,,2018-06
2018-06-19,2456,奇力新,電子零組件業,移出,離高點太遠,201.38,94.0,,26,,,,,,,,,,,2018-06
2018-06-19,5299,杰力,半導體業,移出,離高點太遠,91.77,92.0,,22,,,,,,,,,,,2018-06
2018-06-19,2327,國巨*,電子工業,移出,離高點太遠,153.04,99.0,,22,,,,,,,,,,,2018-06
2018-06-19,6224,聚鼎,電子零組件業,移出,掉出掃描母體,50.14,71.0,,8,,,,,,,,,,,2018-06
2018-06-19,8436,大江,生技醫療業,移出,掉出掃描母體,233.11,80.0,,7,,,,,,,,,,,2018-06
2018-06-19,6191,精成科,電子工業,移出,掉出掃描母體,12.51,74.0,,7,,,,,,,,,,,2018-06
2018-06-20,2492,華新科,電子工業,移出,離高點太遠,262.41,100.0,,65,,,,,,,,,,,2018-06
2018-06-20,3016,嘉晶,半導體業,移出,離高點太遠,68.22,97.0,,43,,,,,,,,,,,2018-06
2018-06-20,3527,聚積,半導體業,移出,離高點太遠,98.38,95.0,,41,,,,,,,,,,,2018-06
2018-06-20,6182,合晶,半導體業,移出,離高點太遠,46.32,85.0,,37,,,,,,,,,,,2018-06
2018-06-20,3537,堡達,電子零組件業,移出,離高點太遠,20.26,92.0,,36,,,,,,,,,,,2018-06
2018-06-20,6284,佳邦,電子零組件業,移出,離高點太遠,39.38,91.0,,21,,,,,,,,,,,2018-06
2018-06-20,5469,瀚宇博,電子零組件業,移出,離高點太遠,20.17,89.0,,14,,,,,,,,,,,2018-06
2018-06-20,4728,雙美,生技醫療業,移出,掉出掃描母體,29.21,77.0,,8,,,,,,,,,,,2018-06
2018-06-21,2340,台亞,光電業,進榜,觸發,29.21,86.0,4.0,0,-18.9,-1.7,-35.2,-5.5,29.9,2.4,-20.8,-1.6,-36.8,-5.4,2018-06
2018-06-21,2340,台亞,光電業,觸發,進榜即觸發,29.21,86.0,4.0,0,-18.9,-1.7,-35.2,-5.5,29.9,2.4,-20.8,-1.6,-36.8,-5.4,2018-06
2018-06-21,1210,大成,食品工業,進榜,觸發,23.57,72.0,1.0,0,-6.0,-1.7,-1.8,-5.5,23.5,-0.1,-5.8,-1.6,-1.6,-5.4,2018-06
2018-06-21,1210,大成,食品工業,觸發,進榜即觸發,23.57,72.0,1.0,0,-6.0,-1.7,-1.8,-5.5,23.5,-0.1,-5.8,-1.6,-1.6,-5.4,2018-06
2018-06-21,3114,好德,電子零組件業,進榜,準備,22.48,96.0,2.0,0,10.9,-1.7,-12.1,-5.5,23.0,2.2,8.6,-1.6,-14.0,-5.4,2018-06
2018-06-21,6435,大中,半導體業,進榜,準備,111.18,90.0,3.0,0,-19.5,-1.7,-36.5,-5.5,112.1,0.9,-20.2,-1.6,-37.0,-5.4,2018-06
2018-06-21,8436,大江,生技醫療業,進榜,準備,239.76,86.0,3.0,0,25.6,-1.7,47.1,-5.5,237.1,-1.1,27.0,-1.6,48.7,-5.4,2018-06
2018-06-21,6138,茂達,半導體業,進榜,準備,54.35,80.0,3.0,0,-10.6,-1.7,-9.8,-5.5,52.4,-3.7,-7.2,-1.6,-6.4,-5.4,2018-06
2018-06-21,2426,鼎元,光電業,進榜,準備,17.33,78.0,3.0,0,4.9,-1.7,-14.9,-5.5,18.3,5.3,-0.4,-1.6,-19.2,-5.4,2018-06
2018-06-21,2856,元富證,金融保險,進榜,準備,10.62,71.0,1.0,0,-1.2,-1.7,5.9,-5.5,10.6,0.0,-1.2,-1.6,5.9,-5.4,2018-06
2018-06-21,6155,鈞寶,電子零組件業,觸發,等待後觸發,27.94,94.0,2.0,10,9.1,-1.7,-17.4,-5.5,28.6,2.5,6.5,-1.6,-19.4,-5.4,2018-06
2018-06-21,6153,嘉聯益,電子零組件業,移出,離高點太遠,56.82,87.0,,62,,,,,,,,,,,2018-06
2018-06-21,2478,大毅,電子工業,移出,離高點太遠,113.86,100.0,,30,,,,,,,,,,,2018-06
2018-06-22,8111,立碁,光電業,進榜,觸發,11.2,90.0,2.0,0,-24.5,-1.4,-29.5,-4.3,11.6,3.4,-27.0,-1.7,-31.8,-4.6,2018-06
2018-06-22,8111,立碁,光電業,觸發,進榜即觸發,11.2,90.0,2.0,0,-24.5,-1.4,-29.5,-4.3,11.6,3.4,-27.0,-1.7,-31.8,-4.6,2018-06
2018-06-22,8016,矽創,半導體業,進榜,準備,68.59,87.0,1.0,0,-19.6,-1.4,-28.4,-4.3,68.9,0.4,-19.9,-1.7,-28.7,-4.6,2018-06
2018-06-22,6207,雷科,電子零組件業,進榜,準備,30.22,86.0,2.0,0,1.0,-1.4,-3.9,-4.3,31.4,3.8,-2.7,-1.7,-7.5,-4.6,2018-06
2018-06-22,5269,祥碩,半導體業,進榜,準備,389.74,73.0,2.0,0,7.4,-1.4,19.8,-4.3,389.7,0.0,7.4,-1.7,19.8,-4.6,2018-06
2018-06-22,6446,藥華藥,生技醫療業,進榜,準備,148.46,72.0,1.0,0,-8.4,-1.4,-7.4,-4.3,150.8,1.6,-9.8,-1.7,-8.8,-4.6,2018-06
2018-06-22,2426,鼎元,光電業,觸發,等待後觸發,19.06,86.0,3.0,1,-7.4,-1.4,-20.3,-4.3,20.5,7.4,-13.8,-1.7,-25.7,-4.6,2018-06
2018-06-22,6161,捷波,電腦及週邊設備業,移出,突破失敗,17.43,83.0,,18,,,,,,,,,,,2018-06
2018-06-22,8261,富鼎,半導體業,移出,離高點太遠,38.65,91.0,,8,,,,,,,,,,,2018-06
2018-06-22,3059,華晶科,光電業,移出,掉出掃描母體,33.49,71.0,,8,,,,,,,,,,,2018-06
2018-06-25,4123,晟德,生技醫療業,進榜,準備,29.65,82.0,3.0,0,21.3,-1.4,10.4,-4.1,29.5,-0.5,22.0,-1.2,11.0,-3.8,2018-06
2018-06-25,2903,遠百,貿易百貨,移出,掉出掃描母體,12.7,75.0,,56,,,,,,,,,,,2018-06
2018-06-25,3563,牧德,光電業,移出,掉出掃描母體,284.59,94.0,,83,,,,,,,,,,,2018-06
2018-06-25,8163,達方,電子工業,移出,離高點太遠,48.0,99.0,,49,,,,,,,,,,,2018-06
2018-06-25,3596,智易,通信網路業,移出,離高點太遠,42.3,79.0,,46,,,,,,,,,,,2018-06
2018-06-25,3030,德律,其他電子業,移出,離高點太遠,42.41,85.0,,31,,,,,,,,,,,2018-06
2018-06-25,2332,友訊,通信網路業,移出,離高點太遠,12.6,74.0,,28,,,,,,,,,,,2018-06
2018-06-25,2363,矽統,半導體業,移出,離高點太遠,10.71,77.0,,19,,,,,,,,,,,2018-06
2018-06-25,2338,光罩,半導體業,移出,離高點太遠,26.65,94.0,,14,,,,,,,,,,,2018-06
2018-06-25,6532,瑞耘,半導體業,移出,突破失敗,25.9,80.0,,13,,,,,,,,,,,2018-06
2018-06-25,6485,點序,半導體業,移出,掉出掃描母體,42.23,82.0,,13,,,,,,,,,,,2018-06
2018-06-25,2388,威盛,半導體業,移出,離高點太遠,42.81,100.0,,10,,,,,,,,,,,2018-06
2018-06-25,2340,台亞,光電業,移出,離高點太遠,26.98,82.0,,4,,,,,,,,,,,2018-06
2018-06-26,4944,兆遠,光電業,觸發,等待後觸發,145.94,90.0,3.0,7,-19.3,-0.7,-44.1,-4.0,147.2,0.8,-20.0,-0.8,-44.6,-4.3,2018-06
2018-06-26,8016,矽創,半導體業,觸發,等待後觸發,70.23,88.0,1.0,4,-18.7,-0.7,-31.4,-4.0,71.3,1.6,-20.0,-0.8,-32.5,-4.3,2018-06
2018-06-26,2375,凱美,電子工業,移出,離高點太遠,98.59,95.0,,29,,,,,,,,,,,2018-06
2018-06-26,1795,美時,化學生技醫療,移出,掉出掃描母體,73.99,92.0,,25,,,,,,,,,,,2018-06
2018-06-27,3221,台嘉碩,通信網路業,進榜,觸發,21.82,89.0,1.0,0,4.7,-0.5,-30.5,-3.5,22.4,2.8,1.9,-0.4,-32.3,-3.5,2018-06
2018-06-27,3221,台嘉碩,通信網路業,觸發,進榜即觸發,21.82,89.0,1.0,0,4.7,-0.5,-30.5,-3.5,22.4,2.8,1.9,-0.4,-32.3,-3.5,2018-06
2018-06-27,2413,環科,電子工業,進榜,準備,41.83,96.0,3.0,0,-45.5,-0.5,-46.4,-3.5,42.0,0.5,-45.8,-0.4,-46.7,-3.5,2018-06
2018-06-27,6118,建達,電子通路業,進榜,準備,19.36,95.0,3.0,0,-10.0,-0.5,-24.9,-3.5,20.4,5.1,-14.4,-0.4,-28.5,-3.5,2018-06
2018-06-27,2903,遠百,貿易百貨,進榜,準備,12.8,77.0,0.0,0,-5.6,-0.5,-7.7,-3.5,12.7,-1.0,-4.6,-0.4,-6.8,-3.5,2018-06
2018-06-27,6207,雷科,電子零組件業,觸發,等待後觸發,34.02,90.0,2.0,5,-5.0,-0.5,-19.0,-3.5,35.2,3.5,-8.2,-0.4,-21.8,-3.5,2018-06
2018-06-27,5443,均豪,光電業,移出,掉出掃描母體,19.04,79.0,,28,,,,,,,,,,,2018-06
2018-06-27,8016,矽創,半導體業,移出,突破失敗,63.37,82.0,,5,,,,,,,,,,,2018-06
2018-06-28,6118,建達,電子通路業,觸發,等待後觸發,21.3,97.0,3.0,1,-18.6,-0.1,-32.6,-3.7,21.8,2.6,-20.7,-0.4,-34.3,-4.1,2018-06
2018-06-28,2856,元富證,金融保險,移出,掉出掃描母體,10.62,74.0,,7,,,,,,,,,,,2018-06
2018-06-28,2903,遠百,貿易百貨,移出,掉出掃描母體,12.8,77.0,,1,,,,,,,,,,,2018-06
2018-06-28,5907,大洋-KY,貿易百貨,移出,離高點太遠,25.32,85.0,,27,,,,,,,,,,,2018-06
2018-06-28,1101,台泥,水泥工業,移出,掉出掃描母體,21.71,73.0,,15,,,,,,,,,,,2018-06
2018-06-29,3026,禾伸堂,電子工業,進榜,準備,142.71,97.0,3.0,0,-5.3,-0.4,-40.1,-3.8,144.5,1.2,-6.4,-0.5,-40.8,-4.1,2018-06
2018-06-29,2903,遠百,貿易百貨,進榜,準備,12.67,75.0,0.0,0,-4.1,-0.4,-7.3,-3.8,12.6,-0.8,-3.3,-0.5,-6.6,-4.1,2018-06
2018-06-29,6127,九豪,電子零組件業,移出,離高點太遠,38.86,95.0,,32,,,,,,,,,,,2018-06
2018-06-29,2413,環科,電子工業,移出,離高點太遠,36.44,94.0,,2,,,,,,,,,,,2018-06
2018-07-02,2492,華新科,電子工業,進榜,觸發,337.01,100.0,6.0,0,-16.7,-0.3,-48.2,-3.6,349.1,3.6,-19.6,-0.5,-50.0,-3.8,2018-07
2018-07-02,2492,華新科,電子工業,觸發,進榜即觸發,337.01,100.0,6.0,0,-16.7,-0.3,-48.2,-3.6,349.1,3.6,-19.6,-0.5,-50.0,-3.8,2018-07
2018-07-02,6173,信昌電,電子零組件業,進榜,觸發,97.36,99.0,5.0,0,-12.5,-0.3,-38.1,-3.6,102.6,5.4,-17.0,-0.5,-41.3,-3.8,2018-07
2018-07-02,6173,信昌電,電子零組件業,觸發,進榜即觸發,97.36,99.0,5.0,0,-12.5,-0.3,-38.1,-3.6,102.6,5.4,-17.0,-0.5,-41.3,-3.8,2018-07
2018-07-02,2327,國巨*,電子工業,進榜,準備,181.88,99.0,3.0,0,-17.1,-0.3,-50.1,-3.6,190.0,4.5,-20.7,-0.5,-52.2,-3.8,2018-07
2018-07-02,1102,亞泥,水泥工業,進榜,準備,20.01,74.0,2.0,0,22.1,-0.3,20.8,-3.6,20.2,1.2,20.6,-0.5,19.4,-3.8,2018-07
2018-07-02,1326,台化,塑膠工業,進榜,準備,88.71,71.0,0.0,0,1.5,-0.3,8.4,-3.6,88.3,-0.4,2.0,-0.5,8.8,-3.8,2018-07
2018-07-02,8436,大江,生技醫療業,觸發,等待後觸發,275.69,90.0,3.0,11,6.9,-0.3,10.8,-3.6,279.4,1.4,5.5,-0.5,9.3,-3.8,2018-07
2018-07-02,3026,禾伸堂,電子工業,觸發,等待後觸發,156.98,98.0,3.0,3,-22.4,-0.3,-46.1,-3.6,163.1,3.9,-25.3,-0.5,-48.2,-3.8,2018-07
2018-07-02,8942,森鉅,其他,移出,逾期,42.11,79.0,,56,,,,,,,,,,,2018-07
2018-07-02,2903,遠百,貿易百貨,移出,掉出掃描母體,12.67,75.0,,3,,,,,,,,,,,2018-07
2018-07-03,2534,宏盛,建材營造,移出,掉出掃描母體,27.84,87.0,,106,,,,,,,,,,,2018-07
2018-07-03,6196,帆宣,其他電子業,移出,掉出掃描母體,53.6,92.0,,104,,,,,,,,,,,2018-07
2018-07-03,4190,佐登-KY,化學生技醫療,移出,離高點太遠,92.64,95.0,,49,,,,,,,,,,,2018-07
2018-07-03,6155,鈞寶,電子零組件業,移出,離高點太遠,32.39,97.0,,22,,,,,,,,,,,2018-07
2018-07-03,3694,海華,通信網路業,移出,離高點太遠,25.07,87.0,,20,,,,,,,,,,,2018-07
2018-07-03,4944,兆遠,光電業,移出,離高點太遠,132.76,89.0,,14,,,,,,,,,,,2018-07
2018-07-03,8111,立碁,光電業,移出,離高點太遠,10.15,88.0,,11,,,,,,,,,,,2018-07
2018-07-04,3090,日電貿,電子工業,進榜,準備,51.85,98.0,2.0,0,-14.8,1.3,-32.6,-2.2,53.0,2.2,-16.7,1.2,-34.1,-2.6,2018-07
2018-07-04,6283,淳安,其他電子業,進榜,準備,58.7,82.0,2.0,0,-2.7,1.3,-25.1,-2.2,59.1,0.7,-3.4,1.2,-25.6,-2.6,2018-07
2018-07-04,1326,台化,塑膠工業,觸發,等待後觸發,91.22,76.0,0.0,2,0.0,1.3,6.2,-2.2,90.5,-0.8,0.8,1.2,7.1,-2.6,2018-07
2018-07-05,1402,遠東新,紡織纖維,進榜,準備,20.41,73.0,1.0,0,3.2,1.6,19.9,-1.5,20.6,0.8,2.4,1.5,18.9,-1.8,2018-07
2018-07-05,1216,統一,食品工業,進榜,準備,53.0,70.0,0.0,0,3.2,1.6,11.3,-1.5,53.3,0.6,2.5,1.5,10.6,-1.8,2018-07
2018-07-05,4306,炎洲,塑膠工業,移出,掉出掃描母體,11.92,84.0,,51,,,,,,,,,,,2018-07
2018-07-05,6435,大中,半導體業,移出,離高點太遠,94.62,88.0,,14,,,,,,,,,,,2018-07
2018-07-05,6138,茂達,半導體業,移出,離高點太遠,46.16,71.0,,14,,,,,,,,,,,2018-07
2018-07-05,4123,晟德,生技醫療業,移出,掉出掃描母體,28.68,83.0,,10,,,,,,,,,,,2018-07
2018-07-05,6118,建達,電子通路業,移出,離高點太遠,19.51,96.0,,8,,,,,,,,,,,2018-07
2018-07-05,3221,台嘉碩,通信網路業,移出,離高點太遠,21.06,91.0,,8,,,,,,,,,,,2018-07
2018-07-05,2327,國巨*,電子工業,移出,晚期未觸發,164.87,99.0,,3,,,,,,,,,,,2018-07
2018-07-05,2492,華新科,電子工業,移出,突破失敗,307.24,100.0,,3,,,,,,,,,,,2018-07
2018-07-06,3236,千如,電子零組件業,移出,離高點太遠,35.33,76.0,,39,,,,,,,,,,,2018-07
2018-07-06,1210,大成,食品工業,移出,掉出掃描母體,22.2,73.0,,15,,,,,,,,,,,2018-07
2018-07-09,2912,統一超,貿易百貨,進榜,準備,249.56,77.0,0.0,0,-4.4,2.0,8.8,-1.6,249.6,0.0,-4.4,1.8,8.8,-2.0,2018-07
2018-07-09,6175,立敦,電子零組件業,移出,離高點太遠,40.38,88.0,,42,,,,,,,,,,,2018-07
2018-07-09,8043,蜜望實,電子零組件業,移出,離高點太遠,61.76,99.0,,20,,,,,,,,,,,2018-07
2018-07-09,3026,禾伸堂,電子工業,移出,離高點太遠,145.62,97.0,,10,,,,,,,,,,,2018-07
2018-07-09,1326,台化,塑膠工業,移出,掉出掃描母體,85.9,71.0,,7,,,,,,,,,,,2018-07
2018-07-10,4736,泰博,生技醫療業,進榜,準備,80.97,89.0,3.0,0,10.1,1.6,-7.1,-2.5,79.7,-1.6,11.9,1.9,-5.5,-2.2,2018-07
2018-07-10,4123,晟德,生技醫療業,進榜,準備,29.81,85.0,3.0,0,27.3,1.6,5.4,-2.5,30.0,0.5,26.6,1.9,4.8,-2.2,2018-07
2018-07-10,1409,新纖,紡織纖維,進榜,準備,7.85,77.0,1.0,0,11.7,1.6,3.2,-2.5,7.9,0.4,11.3,1.9,2.8,-2.2,2018-07
2018-07-10,3376,新日興,電子零組件業,進榜,準備,66.57,76.0,2.0,0,-3.0,1.6,-8.3,-2.5,64.6,-2.9,-0.1,1.9,-5.6,-2.2,2018-07
2018-07-10,5536,聖暉*,其他電子類,進榜,準備,62.79,72.0,2.0,0,8.2,1.6,-4.1,-2.5,62.2,-1.0,9.3,1.9,-3.2,-2.2,2018-07
2018-07-10,3114,好德,電子零組件業,觸發,等待後觸發,26.67,98.0,2.0,19,-6.9,1.6,-21.8,-2.5,25.6,-3.8,-3.2,1.9,-18.6,-2.2,2018-07
2018-07-12,6196,帆宣,其他電子業,進榜,準備,55.12,93.0,3.0,0,-1.5,1.1,-27.1,-4.7,55.5,0.7,-2.2,0.9,-27.6,-5.2,2018-07
2018-07-12,3596,智易,通信網路業,進榜,準備,48.25,87.0,2.0,0,-5.1,1.1,-31.8,-4.7,49.2,1.9,-6.9,0.9,-33.1,-5.2,2018-07
2018-07-12,4114,健喬,生技醫療業,進榜,準備,12.49,74.0,3.0,0,3.4,1.1,-9.0,-4.7,12.5,0.0,3.4,0.9,-9.0,-5.2,2018-07
2018-07-12,2915,潤泰全,貿易百貨,進榜,準備,45.18,70.0,1.0,0,4.8,1.1,2.1,-4.7,45.3,0.2,4.7,0.9,1.9,-5.2,2018-07
2018-07-12,1216,統一,食品工業,移出,掉出掃描母體,55.13,72.0,,7,,,,,,,,,,,2018-07
2018-07-12,3508,位速,其他電子類,移出,離高點太遠,63.7,79.0,,49,,,,,,,,,,,2018-07
2018-07-13,6155,鈞寶,電子零組件業,進榜,準備,38.36,98.0,3.0,0,-28.5,0.3,-52.9,-5.7,40.7,6.2,-32.7,0.2,-55.6,-5.9,2018-07
2018-07-13,4190,佐登-KY,化學生技醫療,進榜,準備,104.66,97.0,2.0,0,-0.7,0.3,-23.4,-5.7,106.2,1.5,-2.2,0.2,-24.5,-5.9,2018-07
2018-07-13,6283,淳安,其他電子業,觸發,等待後觸發,66.9,88.0,2.0,9,-14.9,0.3,-39.9,-5.7,70.8,5.8,-19.6,0.2,-43.2,-5.9,2018-07
2018-07-13,3376,新日興,電子零組件業,移出,掉出掃描母體,66.44,73.0,,3,,,,,,,,,,,2018-07
2018-07-13,5536,聖暉*,其他電子類,移出,掉出掃描母體,63.24,72.0,,3,,,,,,,,,,,2018-07
2018-07-13,2915,潤泰全,貿易百貨,移出,掉出掃描母體,45.18,70.0,,1,,,,,,,,,,,2018-07
2018-07-16,8261,富鼎,半導體業,進榜,準備,43.32,96.0,3.0,0,-23.8,-1.3,-40.5,-6.3,43.6,0.5,-24.2,-1.4,-40.9,-6.8,2018-07
2018-07-16,5443,均豪,光電業,進榜,準備,21.99,89.0,2.0,0,-14.3,-1.3,-17.3,-6.3,21.6,-2.0,-12.6,-1.4,-15.6,-6.8,2018-07
2018-07-16,8942,森鉅,其他,進榜,準備,45.44,85.0,1.0,0,-4.5,-1.3,-25.8,-6.3,45.5,0.1,-4.7,-1.4,-25.9,-6.8,2018-07
2018-07-16,3034,聯詠,半導體業,進榜,準備,78.94,75.0,2.0,0,13.6,-1.3,0.4,-6.3,79.8,1.1,12.3,-1.4,-0.7,-6.8,2018-07
2018-07-16,9910,豐泰,其他,進榜,準備,84.03,72.0,2.0,0,9.8,-1.3,12.0,-6.3,83.8,-0.3,10.2,-1.4,12.4,-6.8,2018-07
2018-07-16,5536,聖暉*,其他電子類,進榜,準備,64.61,71.0,2.0,0,-0.2,-1.3,-13.6,-6.3,65.2,0.9,-1.2,-1.4,-14.4,-6.8,2018-07
2018-07-16,2915,潤泰全,貿易百貨,進榜,準備,45.25,70.0,1.0,0,0.7,-1.3,0.9,-6.3,45.3,0.0,0.7,-1.4,0.9,-6.8,2018-07
2018-07-16,4123,晟德,生技醫療業,觸發,等待後觸發,36.74,94.0,3.0,6,-5.7,-1.3,-23.4,-6.3,36.8,0.1,-5.8,-1.4,-23.5,-6.8,2018-07
2018-07-17,2221,大甲,其他,進榜,觸發,27.94,92.0,4.0,0,-23.8,-1.0,-34.5,-12.5,27.4,-1.7,-22.4,-1.2,-33.3,-12.7,2018-07
2018-07-17,2221,大甲,其他,觸發,進榜即觸發,27.94,92.0,4.0,0,-23.8,-1.0,-34.5,-12.5,27.4,-1.7,-22.4,-1.2,-33.3,-12.7,2018-07
2018-07-17,6472,保瑞,生技醫療業,進榜,準備,33.76,99.0,3.0,0,-8.7,-1.0,-31.1,-12.5,33.9,0.4,-9.0,-1.2,-31.4,-12.7,2018-07
2018-07-17,8942,森鉅,其他,觸發,等待後觸發,46.13,86.0,1.0,1,-0.8,-1.0,-33.0,-12.5,46.1,0.0,-0.8,-1.2,-33.0,-12.7,2018-07
2018-07-17,8261,富鼎,半導體業,移出,離高點太遠,39.34,94.0,,1,,,,,,,,,,,2018-07
2018-07-17,3090,日電貿,電子工業,移出,掉出掃描母體,48.48,96.0,,13,,,,,,,,,,,2018-07
2018-07-17,6155,鈞寶,電子零組件業,移出,離高點太遠,33.39,97.0,,4,,,,,,,,,,,2018-07
2018-07-18,2362,藍天,電子工業,進榜,準備,25.21,78.0,1.0,0,-7.2,-1.9,-23.1,-11.8,25.3,0.4,-7.6,-2.0,-23.4,-12.1,2018-07
2018-07-18,3376,新日興,電子零組件業,進榜,準備,65.95,75.0,2.0,0,-5.6,-1.9,-14.2,-11.8,66.3,0.5,-6.1,-2.0,-14.7,-12.1,2018-07
2018-07-18,1216,統一,食品工業,進榜,準備,56.72,74.0,0.0,0,-2.4,-1.9,-4.9,-11.8,56.5,-0.4,-2.1,-2.0,-4.5,-12.1,2018-07
2018-07-18,3596,智易,通信網路業,觸發,等待後觸發,53.75,91.0,2.0,6,-20.5,-1.9,-41.4,-11.8,53.6,-0.4,-20.2,-2.0,-41.2,-12.1,2018-07
2018-07-18,5317,?,,移出,離高點太遠,86.15,83.0,,51,,,,,,,,,,,2018-07
2018-07-18,6446,藥華藥,生技醫療業,移出,掉出掃描母體,141.42,72.0,,26,,,,,,,,,,,2018-07
2018-07-18,6207,雷科,電子零組件業,移出,離高點太遠,32.44,91.0,,26,,,,,,,,,,,2018-07
2018-07-18,6173,信昌電,電子零組件業,移出,離高點太遠,86.71,98.0,,16,,,,,,,,,,,2018-07
2018-07-19,1102,亞泥,水泥工業,觸發,等待後觸發,22.21,80.0,2.0,17,13.4,-1.9,3.7,-11.6,22.1,-0.4,13.8,-1.9,4.1,-11.8,2018-07
2018-07-19,2915,潤泰全,貿易百貨,移出,掉出掃描母體,45.54,72.0,,3,,,,,,,,,,,2018-07
2018-07-19,3376,新日興,電子零組件業,移出,掉出掃描母體,65.95,75.0,,1,,,,,,,,,,,2018-07
2018-07-19,6283,淳安,其他電子業,移出,離高點太遠,61.7,84.0,,15,,,,,,,,,,,2018-07
2018-07-19,4114,健喬,生技醫療業,移出,掉出掃描母體,12.14,75.0,,7,,,,,,,,,,,2018-07
2018-07-19,6472,保瑞,生技醫療業,移出,離高點太遠,30.47,99.0,,2,,,,,,,,,,,2018-07
2018-07-20,2303,聯電,半導體業,進榜,準備,12.11,82.0,2.0,0,-3.6,-1.6,-26.1,-11.0,12.5,3.1,-6.5,-1.7,-28.3,-11.3,2018-07
2018-07-20,8028,昇陽半導體,半導體業,進榜,準備,36.5,82.0,3.0,0,-17.5,-1.6,-39.9,-11.0,35.6,-2.5,-15.4,-1.7,-38.4,-11.3,2018-07
2018-07-20,5347,世界,半導體業,進榜,準備,49.57,72.0,2.0,0,6.5,-1.6,-21.0,-11.0,50.8,2.6,3.9,-1.7,-23.0,-11.3,2018-07
2018-07-20,3114,好德,電子零組件業,移出,離高點太遠,23.37,99.0,,29,,,,,,,,,,,2018-07
2018-07-20,2426,鼎元,光電業,移出,離高點太遠,17.64,84.0,,29,,,,,,,,,,,2018-07
2018-07-20,2221,大甲,其他,移出,突破失敗,23.88,87.0,,3,,,,,,,,,,,2018-07
2018-07-23,5371,中光電,光電業,進榜,準備,27.08,72.0,2.0,0,17.6,-1.4,15.3,-10.6,27.4,1.2,16.2,-1.4,13.9,-10.9,2018-07
2018-07-23,1704,榮化,化學工業,進榜,準備,49.68,71.0,2.0,0,3.7,-1.4,4.5,-10.6,50.9,2.5,1.2,-1.4,2.0,-10.9,2018-07
2018-07-23,4736,泰博,生技醫療業,移出,掉出掃描母體,80.97,87.0,,13,,,,,,,,,,,2018-07
2018-07-23,6196,帆宣,其他電子業,移出,掉出掃描母體,55.35,95.0,,11,,,,,,,,,,,2018-07
2018-07-23,4190,佐登-KY,化學生技醫療,移出,離高點太遠,100.01,97.0,,10,,,,,,,,,,,2018-07
2018-07-24,1101,台泥,水泥工業,進榜,準備,22.98,70.0,2.0,0,7.3,-1.4,-5.0,-11.3,22.8,-0.8,8.1,-1.6,-4.2,-11.5,2018-07
2018-07-24,1216,統一,食品工業,移出,掉出掃描母體,55.13,73.0,,6,,,,,,,,,,,2018-07
2018-07-25,6472,保瑞,生技醫療業,進榜,準備,33.64,99.0,3.0,0,-11.2,-1.6,-29.5,-11.8,34.4,2.2,-13.1,-2.0,-31.0,-12.2,2018-07
2018-07-25,2912,統一超,貿易百貨,移出,掉出掃描母體,260.92,80.0,,16,,,,,,,,,,,2018-07
2018-07-25,1101,台泥,水泥工業,移出,掉出掃描母體,22.98,70.0,,1,,,,,,,,,,,2018-07
2018-07-26,2534,宏盛,建材營造,進榜,準備,27.64,84.0,0.0,0,0.7,-1.8,-12.1,-11.6,27.9,1.1,-0.5,-1.9,-13.1,-11.8,2018-07
2018-07-26,4114,健喬,生技醫療業,進榜,準備,12.37,71.0,3.0,0,-7.6,-1.8,-10.4,-11.6,12.4,0.0,-7.6,-1.9,-10.4,-11.8,2018-07
2018-07-26,2614,東森,貿易百貨,進榜,準備,19.31,70.0,2.0,0,-2.0,-1.8,-8.9,-11.6,19.3,0.0,-2.0,-1.9,-8.9,-11.8,2018-07
2018-07-27,4927,泰鼎-KY,電子工業,進榜,準備,23.57,89.0,1.0,0,3.4,-2.4,-7.8,-12.9,23.6,0.0,3.4,-2.5,-7.8,-12.9,2018-07
2018-07-27,8064,東捷,光電業,進榜,準備,13.76,75.0,1.0,0,-10.5,-2.4,-11.3,-12.9,13.9,0.8,-11.2,-2.5,-12.0,-12.9,2018-07
2018-07-27,5371,中光電,光電業,觸發,等待後觸發,31.2,85.0,2.0,4,4.6,-2.4,0.6,-12.9,31.2,0.0,4.6,-2.5,0.6,-12.9,2018-07
2018-07-27,2614,東森,貿易百貨,移出,掉出掃描母體,19.31,70.0,,1,,,,,,,,,,,2018-07
2018-07-30,1808,潤隆,建材營造,進榜,準備,14.58,81.0,2.0,0,1.9,-1.6,-5.9,-12.6,14.5,-0.9,2.8,-1.7,-5.1,-12.9,2018-07
2018-07-30,2014,中鴻,鋼鐵工業,進榜,準備,12.33,73.0,2.0,0,5.7,-1.6,-16.3,-12.6,12.4,0.4,5.3,-1.7,-16.5,-12.9,2018-07
2018-07-30,4137,麗豐-KY,化學生技醫療,移出,掉出掃描母體,172.04,96.0,,73,,,,,,,,,,,2018-07
2018-07-31,1773,勝一,化學生技醫療,進榜,準備,44.95,86.0,3.0,0,0.9,-1.7,-30.9,-15.1,45.4,0.9,0.0,-1.9,-31.5,-15.4,2018-07
2018-07-31,3088,艾訊,電腦及週邊設備業,進榜,準備,37.23,74.0,1.0,0,-1.9,-1.7,-18.6,-15.1,37.2,0.0,-1.9,-1.9,-18.6,-15.4,2018-07
2018-07-31,4114,健喬,生技醫療業,移出,掉出掃描母體,12.47,74.0,,5,,,,,,,,,,,2018-07
2018-07-31,6472,保瑞,生技醫療業,移出,晚期未觸發,34.61,100.0,,6,,,,,,,,,,,2018-07
2018-08-01,2360,致茂,其他電子業,進榜,觸發,155.49,76.0,2.0,0,-8.7,-1.9,-41.4,-15.8,155.9,0.3,-8.9,-1.9,-41.6,-15.9,2018-08
2018-08-01,2360,致茂,其他電子業,觸發,進榜即觸發,155.49,76.0,2.0,0,-8.7,-1.9,-41.4,-15.8,155.9,0.3,-8.9,-1.9,-41.6,-15.9,2018-08
2018-08-01,3228,金麗科,半導體業,進榜,準備,50.92,97.0,3.0,0,-13.7,-1.9,-61.8,-15.8,51.1,0.4,-14.0,-1.9,-62.0,-15.9,2018-08
2018-08-01,1101,台泥,水泥工業,進榜,準備,23.59,74.0,2.0,0,5.7,-1.9,-18.4,-15.8,23.5,-0.2,6.0,-1.9,-18.2,-15.9,2018-08
2018-08-02,4736,泰博,生技醫療業,進榜,準備,88.88,92.0,3.0,0,4.8,-1.2,-21.5,-15.7,90.7,2.1,2.7,-1.5,-23.1,-16.1,2018-08
2018-08-02,4114,健喬,生技醫療業,進榜,準備,12.45,74.0,3.0,0,-6.4,-1.2,-19.8,-15.7,12.6,0.9,-7.2,-1.5,-20.5,-16.1,2018-08
2018-08-02,2915,潤泰全,貿易百貨,進榜,準備,45.36,71.0,1.0,0,7.0,-1.2,-16.1,-15.7,45.6,0.5,6.4,-1.5,-16.5,-16.1,2018-08
2018-08-03,6213,聯茂,電子工業,進榜,準備,56.89,80.0,3.0,0,-12.9,-1.4,-50.9,-16.3,57.7,1.4,-14.1,-1.6,-51.6,-16.6,2018-08
2018-08-03,2534,宏盛,建材營造,觸發,等待後觸發,28.95,87.0,0.0,8,-3.6,-1.4,-23.5,-16.3,29.1,0.4,-3.9,-1.6,-23.8,-16.6,2018-08
2018-08-03,5269,祥碩,半導體業,移出,離高點太遠,392.29,85.0,,42,,,,,,,,,,,2018-08
2018-08-06,1760,寶齡富錦,化學生技醫療,進榜,準備,105.07,95.0,2.0,0,-17.9,-2.4,-50.2,-15.3,103.4,-1.6,-16.5,-2.4,-49.3,-15.6,2018-08
2018-08-06,2884,玉山金,金融保險,進榜,準備,12.21,74.0,0.0,0,3.7,-2.4,-5.3,-15.3,12.2,0.2,3.5,-2.4,-5.5,-15.6,2018-08
2018-08-06,4114,健喬,生技醫療業,觸發,等待後觸發,13.06,81.0,3.0,4,-12.5,-2.4,-22.1,-15.3,13.1,0.7,-13.1,-2.4,-22.7,-15.6,2018-08
2018-08-06,3088,艾訊,電腦及週邊設備業,移出,掉出掃描母體,37.07,73.0,,6,,,,,,,,,,,2018-08
2018-08-06,6213,聯茂,電子工業,移出,掉出掃描母體,56.89,80.0,,3,,,,,,,,,,,2018-08
2018-08-07,5310,天剛,資訊服務業,進榜,準備,125.26,97.0,3.0,0,24.6,-2.0,-4.4,-14.7,123.1,-1.8,26.8,-2.3,-2.7,-15.2,2018-08
2018-08-08,2379,瑞昱,半導體業,進榜,觸發,100.59,77.0,4.0,0,4.5,-2.4,-5.6,-14.3,99.2,-1.4,6.0,-2.4,-4.3,-14.5,2018-08
2018-08-08,2379,瑞昱,半導體業,觸發,進榜即觸發,100.59,77.0,4.0,0,4.5,-2.4,-5.6,-14.3,99.2,-1.4,6.0,-2.4,-4.3,-14.5,2018-08
2018-08-08,1210,大成,食品工業,進榜,準備,23.09,70.0,1.0,0,1.1,-2.4,-15.3,-14.3,23.1,0.1,1.0,-2.4,-15.4,-14.5,2018-08
2018-08-08,5347,世界,半導體業,觸發,等待後觸發,58.43,88.0,2.0,19,-12.9,-2.4,-26.7,-14.3,58.2,-0.5,-12.5,-2.4,-26.4,-14.5,2018-08
2018-08-08,3596,智易,通信網路業,移出,掉出掃描母體,46.72,87.0,,27,,,,,,,,,,,2018-08
2018-08-08,8028,昇陽半導體,半導體業,移出,晚期未觸發,33.24,79.0,,19,,,,,,,,,,,2018-08
2018-08-08,2014,中鴻,鋼鐵工業,移出,掉出掃描母體,12.24,73.0,,9,,,,,,,,,,,2018-08
2018-08-08,1773,勝一,化學生技醫療,移出,晚期未觸發,44.95,85.0,,8,,,,,,,,,,,2018-08
2018-08-09,4119,旭富,化學生技醫療,進榜,準備,44.89,76.0,1.0,0,11.9,-2.4,1.1,-13.9,45.3,0.8,11.0,-2.4,0.3,-14.0,2018-08
2018-08-09,1210,大成,食品工業,移出,掉出掃描母體,23.09,70.0,,1,,,,,,,,,,,2018-08
2018-08-10,2014,中鴻,鋼鐵工業,進榜,準備,12.41,75.0,2.0,0,-5.3,-3.2,-18.2,-14.0,12.5,0.4,-5.6,-2.9,-18.5,-13.8,2018-08
2018-08-10,1210,大成,食品工業,進榜,準備,23.01,71.0,1.0,0,-0.7,-3.2,-15.0,-14.0,22.7,-1.5,0.7,-2.9,-13.7,-13.8,2018-08
2018-08-10,2614,東森,貿易百貨,進榜,準備,19.12,71.0,2.0,0,-3.6,-3.2,-10.9,-14.0,19.1,0.0,-3.6,-2.9,-10.9,-13.8,2018-08
2018-08-10,6274,台燿,電子零組件業,移出,逾期,90.16,88.0,,56,,,,,,,,,,,2018-08
2018-08-10,2360,致茂,其他電子業,移出,掉出掃描母體,158.78,77.0,,9,,,,,,,,,,,2018-08
2018-08-10,1760,寶齡富錦,化學生技醫療,移出,離高點太遠,95.67,96.0,,4,,,,,,,,,,,2018-08
2018-08-13,2425,承啟,電子工業,進榜,準備,30.52,93.0,2.0,0,52.1,-2.4,-11.6,-11.1,30.5,-0.1,52.3,-2.6,-11.4,-11.3,2018-08
2018-08-13,1477,聚陽,紡織纖維,進榜,準備,90.49,74.0,1.0,0,2.4,-2.4,11.9,-11.1,91.4,1.0,1.3,-2.6,10.8,-11.3,2018-08
2018-08-13,4119,旭富,化學生技醫療,移出,掉出掃描母體,44.39,77.0,,4,,,,,,,,,,,2018-08
2018-08-13,1210,大成,食品工業,移出,掉出掃描母體,23.01,71.0,,3,,,,,,,,,,,2018-08
2018-08-13,2614,東森,貿易百貨,移出,掉出掃描母體,19.12,71.0,,3,,,,,,,,,,,2018-08
2018-08-13,4123,晟德,生技醫療業,移出,離高點太遠,34.64,95.0,,34,,,,,,,,,,,2018-08
2018-08-13,5443,均豪,光電業,移出,掉出掃描母體,20.23,86.0,,28,,,,,,,,,,,2018-08
2018-08-13,8942,森鉅,其他,移出,掉出掃描母體,45.81,85.0,,28,,,,,,,,,,,2018-08
2018-08-13,2362,藍天,電子工業,移出,掉出掃描母體,25.24,76.0,,26,,,,,,,,,,,2018-08
2018-08-13,3228,金麗科,半導體業,移出,離高點太遠,43.55,98.0,,12,,,,,,,,,,,2018-08
2018-08-13,4114,健喬,生技醫療業,移出,掉出掃描母體,12.73,78.0,,11,,,,,,,,,,,2018-08
2018-08-14,4119,旭富,化學生技醫療,進榜,準備,45.14,81.0,1.0,0,21.8,-2.7,-5.4,-11.3,45.2,0.1,21.7,-2.9,-5.6,-11.2,2018-08
2018-08-14,2614,東森,貿易百貨,進榜,準備,19.18,74.0,2.0,0,-4.3,-2.7,-9.9,-11.3,19.2,0.3,-4.6,-2.9,-10.2,-11.2,2018-08
2018-08-14,1326,台化,塑膠工業,進榜,準備,89.7,71.0,0.0,0,0.4,-2.7,-6.8,-11.3,89.7,0.0,0.4,-2.9,-6.8,-11.2,2018-08
2018-08-14,8064,東捷,光電業,移出,掉出掃描母體,13.39,75.0,,18,,,,,,,,,,,2018-08
2018-08-15,4953,緯致,資訊服務業,進榜,觸發,45.03,100.0,4.0,0,-7.2,-2.5,-21.4,-10.7,44.0,-2.4,-5.0,-2.0,-19.5,-10.4,2018-08
2018-08-15,4953,緯致,資訊服務業,觸發,進榜即觸發,45.03,100.0,4.0,0,-7.2,-2.5,-21.4,-10.7,44.0,-2.4,-5.0,-2.0,-19.5,-10.4,2018-08
2018-08-15,2108,南帝,橡膠工業,進榜,準備,21.66,92.0,0.0,0,-1.6,-2.5,-9.9,-10.7,21.5,-0.9,-0.6,-2.0,-9.1,-10.4,2018-08
2018-08-15,6121,新普,電腦及週邊設備業,進榜,準備,121.38,71.0,2.0,0,4.5,-2.5,-7.5,-10.7,120.5,-0.7,5.3,-2.0,-6.8,-10.4,2018-08
2018-08-15,2614,東森,貿易百貨,移出,掉出掃描母體,19.18,74.0,,1,,,,,,,,,,,2018-08
2018-08-15,1326,台化,塑膠工業,移出,掉出掃描母體,89.7,71.0,,1,,,,,,,,,,,2018-08
2018-08-15,8436,大江,生技醫療業,移出,離高點太遠,297.98,96.0,,55,,,,,,,,,,,2018-08
2018-08-15,2303,聯電,半導體業,移出,掉出掃描母體,11.81,78.0,,26,,,,,,,,,,,2018-08
2018-08-16,1216,統一,食品工業,進榜,準備,55.57,72.0,0.0,0,-0.1,-1.7,-3.6,-10.5,56.1,0.9,-1.1,-2.0,-4.5,-10.6,2018-08
2018-08-16,4119,旭富,化學生技醫療,觸發,等待後觸發,46.08,83.0,1.0,2,21.3,-1.7,-8.0,-10.5,46.5,1.0,20.1,-2.0,-8.9,-10.6,2018-08
2018-08-17,1476,儒鴻,紡織纖維,進榜,準備,301.51,80.0,1.0,0,0.8,-1.1,-0.4,-11.0,301.5,0.0,0.8,-1.3,-0.4,-11.0,2018-08
2018-08-17,1216,統一,食品工業,觸發,等待後觸發,56.98,76.0,0.0,1,-2.1,-1.1,-2.6,-11.0,57.1,0.1,-2.2,-1.3,-2.7,-11.0,2018-08
2018-08-20,2890,永豐金,金融保險,進榜,觸發,7.07,71.0,0.0,0,1.4,-1.0,-3.2,-10.3,7.0,-0.5,1.8,-1.2,-2.7,-10.5,2018-08
2018-08-20,2890,永豐金,金融保險,觸發,進榜即觸發,7.07,71.0,0.0,0,1.4,-1.0,-3.2,-10.3,7.0,-0.5,1.8,-1.2,-2.7,-10.5,2018-08
2018-08-20,2425,承啟,電子工業,觸發,等待後觸發,34.53,93.0,2.0,7,12.1,-1.0,-24.3,-10.3,34.8,0.8,11.3,-1.2,-24.9,-10.5,2018-08
2018-08-20,5310,天剛,資訊服務業,移出,離高點太遠,138.22,99.0,,13,,,,,,,,,,,2018-08
2018-08-20,2371,大同,電機機械,移出,離高點太遠,33.44,92.0,,69,,,,,,,,,,,2018-08
2018-08-21,1904,正隆,造紙工業,進榜,觸發,14.47,82.0,2.0,0,24.5,-1.8,7.1,-10.0,14.6,1.0,23.3,-1.8,6.0,-10.3,2018-08
2018-08-21,1904,正隆,造紙工業,觸發,進榜即觸發,14.47,82.0,2.0,0,24.5,-1.8,7.1,-10.0,14.6,1.0,23.3,-1.8,6.0,-10.3,2018-08
2018-08-21,1718,中纖,化學工業,進榜,觸發,9.39,71.0,2.0,0,0.3,-1.8,-8.1,-10.0,9.6,1.8,-1.4,-1.8,-9.7,-10.3,2018-08
2018-08-21,1718,中纖,化學工業,觸發,進榜即觸發,9.39,71.0,2.0,0,0.3,-1.8,-8.1,-10.0,9.6,1.8,-1.4,-1.8,-9.7,-10.3,2018-08
2018-08-21,2303,聯電,半導體業,進榜,準備,12.22,80.0,2.0,0,-15.0,-1.8,-37.8,-10.0,12.1,-0.6,-14.5,-1.8,-37.4,-10.3,2018-08
2018-08-21,2834,臺企銀,金融保險,進榜,準備,5.95,78.0,0.0,0,7.1,-1.8,6.1,-10.0,6.0,0.0,7.1,-1.8,6.1,-10.3,2018-08
2018-08-22,5439,高技,電子零組件業,進榜,觸發,30.86,75.0,3.0,0,-5.5,-1.4,-20.9,-10.0,32.7,5.9,-10.7,-1.5,-25.3,-10.0,2018-08
2018-08-22,5439,高技,電子零組件業,觸發,進榜即觸發,30.86,75.0,3.0,0,-5.5,-1.4,-20.9,-10.0,32.7,5.9,-10.7,-1.5,-25.3,-10.0,2018-08
2018-08-22,2912,統一超,貿易百貨,進榜,準備,247.73,75.0,1.0,0,11.1,-1.4,-1.9,-10.0,249.3,0.6,10.5,-1.5,-2.5,-10.0,2018-08
2018-08-22,1710,東聯,化學工業,進榜,準備,28.91,70.0,3.0,0,-3.7,-1.4,-23.3,-10.0,28.9,-0.1,-3.6,-1.5,-23.2,-10.0,2018-08
2018-08-22,4736,泰博,生技醫療業,觸發,等待後觸發,97.52,94.0,3.0,20,-18.9,-1.4,-21.7,-10.0,97.0,-0.6,-18.5,-1.5,-21.3,-10.0,2018-08
2018-08-22,1808,潤隆,建材營造,移出,掉出掃描母體,14.71,76.0,,23,,,,,,,,,,,2018-08
2018-08-22,2890,永豐金,金融保險,移出,掉出掃描母體,7.07,70.0,,2,,,,,,,,,,,2018-08
2018-08-22,5536,聖暉*,其他電子類,移出,掉出掃描母體,63.55,80.0,,37,,,,,,,,,,,2018-08
2018-08-23,2356,英業達,電子工業,進榜,觸發,18.59,80.0,2.0,0,0.2,-1.9,-16.2,-9.7,18.6,0.0,0.2,-1.9,-16.2,-9.8,2018-08
2018-08-23,2356,英業達,電子工業,觸發,進榜即觸發,18.59,80.0,2.0,0,0.2,-1.9,-16.2,-9.7,18.6,0.0,0.2,-1.9,-16.2,-9.8,2018-08
2018-08-23,1326,台化,塑膠工業,進榜,觸發,93.5,75.0,0.0,0,-0.8,-1.9,-12.2,-9.7,93.5,0.0,-0.8,-1.9,-12.2,-9.8,2018-08
2018-08-23,1326,台化,塑膠工業,觸發,進榜即觸發,93.5,75.0,0.0,0,-0.8,-1.9,-12.2,-9.7,93.5,0.0,-0.8,-1.9,-12.2,-9.8,2018-08
2018-08-23,1402,遠東新,紡織纖維,觸發,等待後觸發,25.53,91.0,1.0,49,-3.9,-1.9,-20.9,-9.7,25.5,-0.1,-3.8,-1.9,-20.8,-9.8,2018-08
2018-08-23,1710,東聯,化學工業,移出,掉出掃描母體,28.91,70.0,,1,,,,,,,,,,,2018-08
2018-08-24,5310,天剛,資訊服務業,進榜,準備,161.96,100.0,3.0,0,-3.7,-1.2,-17.2,-9.8,162.6,0.4,-4.1,-1.4,-17.6,-10.0,2018-08
2018-08-24,5474,聰泰,電腦及週邊設備業,進榜,準備,50.44,98.0,1.0,0,9.6,-1.2,-11.2,-9.8,50.7,0.5,9.1,-1.4,-11.7,-10.0,2018-08
2018-08-24,6505,台塑化,油電燃氣業,進榜,準備,103.08,75.0,1.0,0,15.7,-1.2,-9.4,-9.8,103.1,0.0,15.7,-1.4,-9.4,-10.0,2018-08
2018-08-24,1710,東聯,化學工業,進榜,準備,29.08,72.0,3.0,0,0.7,-1.2,-24.0,-9.8,29.3,0.6,0.1,-1.4,-24.5,-10.0,2018-08
2018-08-24,1301,台塑,塑膠工業,進榜,準備,83.89,71.0,0.0,0,4.4,-1.2,-10.7,-9.8,84.3,0.4,4.0,-1.4,-11.1,-10.0,2018-08
2018-08-24,2303,聯電,半導體業,移出,掉出掃描母體,11.98,80.0,,3,,,,,,,,,,,2018-08
2018-08-24,5347,世界,半導體業,移出,掉出掃描母體,51.97,78.0,,35,,,,,,,,,,,2018-08
2018-08-24,2534,宏盛,建材營造,移出,掉出掃描母體,27.82,81.0,,29,,,,,,,,,,,2018-08
2018-08-24,4953,緯致,資訊服務業,移出,離高點太遠,45.72,100.0,,9,,,,,,,,,,,2018-08
2018-08-27,1210,大成,食品工業,進榜,準備,22.84,74.0,1.0,0,2.6,-1.8,-12.4,-9.9,22.9,0.4,2.2,-2.0,-12.8,-10.2,2018-08
2018-08-27,2834,臺企銀,金融保險,觸發,等待後觸發,6.2,83.0,0.0,6,4.2,-1.8,0.4,-9.9,6.2,0.4,3.7,-2.0,-0.0,-10.2,2018-08
2018-08-27,1710,東聯,化學工業,移出,掉出掃描母體,29.08,72.0,,3,,,,,,,,,,,2018-08
2018-08-27,1301,台塑,塑膠工業,移出,掉出掃描母體,83.89,71.0,,3,,,,,,,,,,,2018-08
2018-08-28,1301,台塑,塑膠工業,進榜,觸發,85.01,71.0,0.0,0,0.4,-2.0,-11.4,-10.4,85.0,0.0,0.4,-2.1,-11.4,-10.6,2018-08
2018-08-28,1301,台塑,塑膠工業,觸發,進榜即觸發,85.01,71.0,0.0,0,0.4,-2.0,-11.4,-10.4,85.0,0.0,0.4,-2.1,-11.4,-10.6,2018-08
2018-08-28,2884,玉山金,金融保險,觸發,等待後觸發,12.66,79.0,0.0,22,0.4,-2.0,-7.1,-10.4,12.7,0.0,0.4,-2.1,-7.1,-10.6,2018-08
2018-08-28,1210,大成,食品工業,移出,掉出掃描母體,22.84,74.0,,1,,,,,,,,,,,2018-08
2018-08-29,3630,新鉅科,光電業,進榜,準備,65.41,98.0,3.0,0,2.2,-2.1,-21.9,-11.0,65.6,0.3,1.9,-2.4,-22.1,-11.3,2018-08
2018-08-29,2371,大同,電機機械,進榜,準備,36.41,95.0,3.0,0,3.0,-2.1,2.8,-11.0,36.6,0.5,2.5,-2.4,2.2,-11.3,2018-08
2018-08-29,2303,聯電,半導體業,進榜,準備,11.91,80.0,2.0,0,-9.1,-2.1,-36.5,-11.0,11.9,-0.3,-8.9,-2.4,-36.3,-11.3,2018-08
2018-08-29,5289,宜鼎,電腦及週邊設備業,進榜,準備,88.4,74.0,3.0,0,-15.4,-2.1,-29.6,-11.0,89.5,1.3,-16.5,-2.4,-30.5,-11.3,2018-08
2018-08-29,1210,大成,食品工業,進榜,準備,23.15,73.0,1.0,0,1.9,-2.1,-13.9,-11.0,23.0,-0.5,2.4,-2.4,-13.5,-11.3,2018-08
2018-08-29,6505,台塑化,油電燃氣業,移出,掉出掃描母體,103.89,71.0,,5,,,,,,,,,,,2018-08
2018-08-29,2014,中鴻,鋼鐵工業,移出,掉出掃描母體,12.59,72.0,,19,,,,,,,,,,,2018-08
2018-08-30,2890,永豐金,金融保險,進榜,準備,7.1,72.0,0.0,0,0.5,-2.2,-3.6,-10.4,7.1,0.0,0.5,-2.2,-3.6,-10.4,2018-08
2018-08-30,2404,漢唐,其他電子業,進榜,準備,46.45,70.0,2.0,0,-5.0,-2.2,4.8,-10.4,46.3,-0.3,-4.7,-2.2,5.2,-10.4,2018-08
2018-08-30,2889,國票金,金融保險,進榜,準備,6.79,70.0,0.0,0,0.0,-2.2,-7.2,-10.4,6.8,0.0,0.0,-2.2,-7.2,-10.4,2018-08
2018-08-30,6202,盛群,半導體業,進榜,準備,59.57,70.0,2.0,0,-6.0,-2.2,-30.5,-10.4,59.7,0.2,-6.3,-2.2,-30.7,-10.4,2018-08
2018-08-30,1301,台塑,塑膠工業,移出,掉出掃描母體,84.63,70.0,,2,,,,,,,,,,,2018-08
2018-08-30,2303,聯電,半導體業,移出,掉出掃描母體,11.91,80.0,,1,,,,,,,,,,,2018-08
2018-08-30,5289,宜鼎,電腦及週邊設備業,移出,掉出掃描母體,88.4,74.0,,1,,,,,,,,,,,2018-08
2018-08-31,6138,茂達,半導體業,進榜,觸發,54.35,87.0,4.0,0,-11.2,-2.0,-22.3,-10.0,54.9,1.0,-12.1,-2.2,-23.1,-10.3,2018-08
2018-08-31,6138,茂達,半導體業,觸發,進榜即觸發,54.35,87.0,4.0,0,-11.2,-2.0,-22.3,-10.0,54.9,1.0,-12.1,-2.2,-23.1,-10.3,2018-08
2018-08-31,6224,聚鼎,電子零組件業,進榜,觸發,48.61,76.0,3.0,0,-14.5,-2.0,-19.7,-10.0,47.9,-1.5,-13.2,-2.2,-18.5,-10.3,2018-08
2018-08-31,6224,聚鼎,電子零組件業,觸發,進榜即觸發,48.61,76.0,3.0,0,-14.5,-2.0,-19.7,-10.0,47.9,-1.5,-13.2,-2.2,-18.5,-10.3,2018-08
2018-08-31,5269,祥碩,半導體業,進榜,準備,460.7,94.0,3.0,0,-6.8,-2.0,-9.4,-10.0,459.8,-0.2,-6.7,-2.2,-9.2,-10.3,2018-08
2018-08-31,5289,宜鼎,電腦及週邊設備業,進榜,準備,89.19,72.0,3.0,0,-15.1,-2.0,-28.9,-10.0,89.2,0.0,-15.1,-2.2,-28.9,-10.3,2018-08
2018-08-31,1301,台塑,塑膠工業,進榜,準備,83.89,71.0,0.0,0,4.4,-2.0,-12.0,-10.0,83.9,0.0,4.4,-2.2,-12.0,-10.3,2018-08
2018-08-31,3630,新鉅科,光電業,觸發,等待後觸發,67.14,98.0,3.0,2,1.1,-2.0,-20.5,-10.0,68.3,1.7,-0.6,-2.2,-21.8,-10.3,2018-08
2018-08-31,1210,大成,食品工業,移出,掉出掃描母體,23.35,72.0,,2,,,,,,,,,,,2018-08
2018-08-31,2404,漢唐,其他電子業,移出,掉出掃描母體,46.45,70.0,,1,,,,,,,,,,,2018-08
2018-08-31,2889,國票金,金融保險,移出,掉出掃描母體,6.79,70.0,,1,,,,,,,,,,,2018-08
2018-08-31,6202,盛群,半導體業,移出,掉出掃描母體,59.57,70.0,,1,,,,,,,,,,,2018-08
2018-09-03,8436,大江,生技醫療業,進榜,準備,346.52,99.0,3.0,0,-17.0,-1.8,-11.0,-8.6,347.1,0.2,-17.2,-2.0,-11.2,-8.9,2018-09
2018-09-03,1210,大成,食品工業,進榜,準備,23.43,73.0,1.0,0,0.6,-1.8,-12.9,-8.6,23.3,-0.6,1.2,-2.0,-12.4,-8.9,2018-09
2018-09-03,2889,國票金,金融保險,進榜,準備,6.76,72.0,0.0,0,-0.5,-1.8,-6.4,-8.6,6.7,-0.5,0.0,-2.0,-5.9,-8.9,2018-09
2018-09-03,5269,祥碩,半導體業,觸發,等待後觸發,494.34,97.0,3.0,3,-11.7,-1.8,-16.2,-8.6,489.2,-1.0,-10.8,-2.0,-15.3,-8.9,2018-09
2018-09-03,1301,台塑,塑膠工業,移出,掉出掃描母體,83.89,71.0,,3,,,,,,,,,,,2018-09
2018-09-03,6224,聚鼎,電子零組件業,移出,掉出掃描母體,48.61,76.0,,3,,,,,,,,,,,2018-09
2018-09-04,1301,台塑,塑膠工業,進榜,準備,83.89,72.0,0.0,0,0.4,-2.4,-11.6,-8.7,83.1,-0.9,1.3,-2.3,-10.8,-8.6,2018-09
2018-09-04,2404,漢唐,其他電子業,進榜,準備,46.38,71.0,2.0,0,-4.8,-2.4,3.2,-8.7,46.4,0.0,-4.8,-2.3,3.2,-8.6,2018-09
2018-09-04,8436,大江,生技醫療業,觸發,等待後觸發,358.8,99.0,3.0,1,-19.6,-2.4,-14.0,-8.7,364.3,1.5,-20.8,-2.3,-15.3,-8.6,2018-09
2018-09-04,1210,大成,食品工業,移出,掉出掃描母體,23.43,73.0,,1,,,,,,,,,,,2018-09
2018-09-04,1409,新纖,紡織纖維,移出,逾期,8.83,90.0,,56,,,,,,,,,,,2018-09
2018-09-04,1476,儒鴻,紡織纖維,移出,掉出掃描母體,294.15,78.0,,18,,,,,,,,,,,2018-09
2018-09-05,2442,新美齊,電子工業,進榜,準備,10.65,98.0,3.0,0,9.4,-2.5,3.5,-8.1,10.7,0.3,9.0,-2.5,3.1,-8.2,2018-09
2018-09-05,1210,大成,食品工業,進榜,準備,23.35,71.0,1.0,0,-0.3,-2.5,-12.6,-8.1,23.5,0.5,-0.8,-2.5,-13.0,-8.2,2018-09
2018-09-05,2890,永豐金,金融保險,移出,掉出掃描母體,7.1,70.0,,6,,,,,,,,,,,2018-09
2018-09-05,5289,宜鼎,電腦及週邊設備業,移出,掉出掃描母體,88.25,71.0,,5,,,,,,,,,,,2018-09
2018-09-05,2889,國票金,金融保險,移出,掉出掃描母體,6.76,71.0,,2,,,,,,,,,,,2018-09
2018-09-05,1301,台塑,塑膠工業,移出,掉出掃描母體,83.89,72.0,,1,,,,,,,,,,,2018-09
2018-09-05,2915,潤泰全,貿易百貨,移出,掉出掃描母體,47.53,77.0,,34,,,,,,,,,,,2018-09
2018-09-05,2371,大同,電機機械,移出,掉出掃描母體,34.98,96.0,,7,,,,,,,,,,,2018-09
2018-09-06,2856,元富證,金融保險,進榜,準備,11.35,80.0,0.0,0,-3.5,-3.6,-3.5,-6.3,11.3,-0.4,-3.1,-3.6,-3.1,-6.2,2018-09
2018-09-06,2890,永豐金,金融保險,進榜,準備,7.07,71.0,0.0,0,-1.4,-3.6,-2.7,-6.3,7.0,-1.4,0.0,-3.6,-1.4,-6.2,2018-09
2018-09-06,2442,新美齊,電子工業,觸發,等待後觸發,11.68,99.0,3.0,1,0.0,-3.6,-8.5,-6.3,11.5,-1.3,1.3,-3.6,-7.4,-6.2,2018-09
2018-09-06,1210,大成,食品工業,移出,掉出掃描母體,23.35,71.0,,1,,,,,,,,,,,2018-09
2018-09-06,1477,聚陽,紡織纖維,移出,掉出掃描母體,89.57,73.0,,24,,,,,,,,,,,2018-09
2018-09-06,2404,漢唐,其他電子業,移出,掉出掃描母體,45.93,71.0,,2,,,,,,,,,,,2018-09
2018-09-07,1210,大成,食品工業,進榜,準備,22.84,72.0,1.0,0,-0.1,-2.9,-9.9,-5.0,22.8,0.0,-0.1,-2.9,-9.9,-5.0,2018-09
2018-09-07,2890,永豐金,金融保險,移出,掉出掃描母體,7.07,71.0,,1,,,,,,,,,,,2018-09
2018-09-07,5439,高技,電子零組件業,移出,離高點太遠,31.56,85.0,,16,,,,,,,,,,,2018-09
2018-09-07,5310,天剛,資訊服務業,移出,晚期未觸發,146.13,100.0,,14,,,,,,,,,,,2018-09
2018-09-07,6138,茂達,半導體業,移出,掉出掃描母體,50.03,79.0,,7,,,,,,,,,,,2018-09
2018-09-10,1210,大成,食品工業,移出,掉出掃描母體,22.84,72.0,,3,,,,,,,,,,,2018-09
2018-09-10,1102,亞泥,水泥工業,移出,掉出掃描母體,24.11,93.0,,70,,,,,,,,,,,2018-09
2018-09-10,9910,豐泰,其他,移出,逾期,95.47,95.0,,56,,,,,,,,,,,2018-09
2018-09-10,3034,聯詠,半導體業,移出,逾期,90.51,88.0,,56,,,,,,,,,,,2018-09
2018-09-10,1101,台泥,水泥工業,移出,掉出掃描母體,23.73,83.0,,40,,,,,,,,,,,2018-09
2018-09-10,4736,泰博,生技醫療業,移出,掉出掃描母體,87.2,95.0,,39,,,,,,,,,,,2018-09
2018-09-10,2442,新美齊,電子工業,移出,離高點太遠,9.5,97.0,,5,,,,,,,,,,,2018-09
2018-09-11,4513,福裕,電機機械,進榜,觸發,15.18,99.0,2.0,0,-30.0,-8.8,-33.4,-5.9,14.9,-2.0,-28.6,-8.9,-32.1,-6.1,2018-09
2018-09-11,4513,福裕,電機機械,觸發,進榜即觸發,15.18,99.0,2.0,0,-30.0,-8.8,-33.4,-5.9,14.9,-2.0,-28.6,-8.9,-32.1,-6.1,2018-09
2018-09-11,2912,統一超,貿易百貨,觸發,等待後觸發,266.13,89.0,1.0,20,-8.1,-8.8,-11.5,-5.9,264.2,-0.7,-7.4,-8.9,-10.9,-6.1,2018-09
2018-09-12,1476,儒鴻,紡織纖維,進榜,準備,302.28,88.0,1.0,0,-12.2,-7.3,-15.0,-4.7,301.9,-0.1,-12.1,-7.6,-14.9,-5.0,2018-09
2018-09-12,2542,興富發,建材營造,進榜,準備,21.78,78.0,1.0,0,-1.4,-7.3,-1.3,-4.7,21.8,0.2,-1.6,-7.6,-1.5,-5.0,2018-09
2018-09-12,2890,永豐金,金融保險,進榜,準備,7.07,75.0,0.0,0,-5.9,-7.3,-5.4,-4.7,7.1,0.5,-6.3,-7.6,-5.9,-5.0,2018-09
2018-09-12,1704,榮化,化學工業,觸發,等待後觸發,52.0,90.0,2.0,51,-0.4,-7.3,-0.2,-4.7,52.0,0.0,-0.4,-7.6,-0.2,-5.0,2018-09
2018-09-12,1718,中纖,化學工業,移出,離高點太遠,9.07,80.0,,22,,,,,,,,,,,2018-09
2018-09-12,1326,台化,塑膠工業,移出,掉出掃描母體,90.08,81.0,,20,,,,,,,,,,,2018-09
2018-09-13,6505,台塑化,油電燃氣業,進榜,觸發,107.95,87.0,1.0,0,-7.5,-8.1,-15.0,-6.2,107.9,0.0,-7.5,-8.5,-15.0,-6.6,2018-09
2018-09-13,6505,台塑化,油電燃氣業,觸發,進榜即觸發,107.95,87.0,1.0,0,-7.5,-8.1,-15.0,-6.2,107.9,0.0,-7.5,-8.5,-15.0,-6.6,2018-09
2018-09-13,9945,潤泰新,其他,進榜,觸發,14.13,70.0,2.0,0,-11.7,-8.1,-9.1,-6.2,14.2,0.4,-12.0,-8.5,-9.5,-6.6,2018-09
2018-09-13,9945,潤泰新,其他,觸發,進榜即觸發,14.13,70.0,2.0,0,-11.7,-8.1,-9.1,-6.2,14.2,0.4,-12.0,-8.5,-9.5,-6.6,2018-09
2018-09-13,1326,台化,塑膠工業,進榜,準備,91.6,86.0,0.0,0,-4.1,-8.1,-12.9,-6.2,91.2,-0.4,-3.8,-8.5,-12.5,-6.6,2018-09
2018-09-13,1301,台塑,塑膠工業,進榜,準備,83.89,83.0,0.0,0,-8.0,-8.1,-11.6,-6.2,84.3,0.4,-8.4,-8.5,-11.9,-6.6,2018-09
2018-09-13,1210,大成,食品工業,進榜,準備,23.16,81.0,1.0,0,-9.0,-8.1,-13.5,-6.2,23.3,0.4,-9.4,-8.5,-13.8,-6.6,2018-09
2018-09-13,1216,統一,食品工業,移出,掉出掃描母體,56.53,85.0,,28,,,,,,,,,,,2018-09
2018-09-13,2356,英業達,電子工業,移出,掉出掃描母體,18.66,91.0,,21,,,,,,,,,,,2018-09
2018-09-14,8046,南電,電子工業,進榜,準備,28.6,83.0,3.0,0,-27.2,-8.3,17.6,-6.7,29.0,1.5,-28.3,-8.6,15.9,-6.8,2018-09
2018-09-14,8936,國統,其他,進榜,準備,19.41,74.0,2.0,0,-7.5,-8.3,-9.4,-6.7,19.7,1.3,-8.7,-8.6,-10.6,-6.8,2018-09
2018-09-14,9945,潤泰新,其他,移出,掉出掃描母體,14.13,70.0,,1,,,,,,,,,,,2018-09
2018-09-17,1539,巨庭,電機機械,進榜,準備,23.09,100.0,2.0,0,-20.6,-7.9,-19.3,-5.5,23.3,1.0,-21.3,-7.9,-20.1,-5.5,2018-09
2018-09-17,6576,逸達,生技醫療業,進榜,準備,85.29,94.0,3.0,0,-24.0,-7.9,-31.8,-5.5,84.5,-0.9,-23.4,-7.9,-31.2,-5.5,2018-09
2018-09-17,2425,承啟,電子工業,移出,離高點太遠,38.71,95.0,,35,,,,,,,,,,,2018-09
2018-09-18,2356,英業達,電子工業,進榜,準備,18.97,89.0,1.0,0,-10.4,-7.9,-20.4,-5.0,19.1,0.9,-11.2,-8.4,-21.1,-5.5,2018-09
2018-09-18,1216,統一,食品工業,進榜,準備,58.01,84.0,0.0,0,-7.3,-7.9,-10.3,-5.0,58.1,0.1,-7.4,-8.4,-10.4,-5.5,2018-09
2018-09-18,1808,潤隆,建材營造,進榜,準備,14.86,84.0,2.0,0,-4.8,-7.9,-4.1,-5.0,14.9,0.3,-5.1,-8.4,-4.4,-5.5,2018-09
2018-09-18,9945,潤泰新,其他,進榜,準備,14.35,73.0,2.0,0,-15.2,-7.9,-8.4,-5.0,14.4,0.3,-15.5,-8.4,-8.7,-5.5,2018-09
2018-09-18,3630,新鉅科,光電業,移出,掉出掃描母體,63.77,97.0,,20,,,,,,,,,,,2018-09
2018-09-18,8436,大江,生技醫療業,移出,掉出掃描母體,333.0,98.0,,15,,,,,,,,,,,2018-09
2018-09-19,8415,大國鋼,鋼鐵工業,進榜,準備,24.39,98.0,2.0,0,-1.8,-8.8,-5.0,-5.6,24.8,1.7,-3.4,-9.1,-6.5,-5.9,2018-09
2018-09-19,9945,潤泰新,其他,移出,掉出掃描母體,14.35,73.0,,1,,,,,,,,,,,2018-09
2018-09-19,4513,福裕,電機機械,移出,離高點太遠,14.14,95.0,,8,,,,,,,,,,,2018-09
2018-09-19,6576,逸達,生技醫療業,移出,離高點太遠,79.62,93.0,,2,,,,,,,,,,,2018-09
2018-09-20,5871,中租-KY,其他,進榜,觸發,63.57,76.0,3.0,0,-16.8,-7.8,-9.4,-5.5,63.6,0.0,-16.8,-8.1,-9.4,-5.7,2018-09
2018-09-20,5871,中租-KY,其他,觸發,進榜即觸發,63.57,76.0,3.0,0,-16.8,-7.8,-9.4,-5.5,63.6,0.0,-16.8,-8.1,-9.4,-5.7,2018-09
2018-09-20,4942,嘉彰,光電業,進榜,準備,20.43,97.0,1.0,0,-12.1,-7.8,13.6,-5.5,20.8,1.7,-13.6,-8.1,11.8,-5.7,2018-09
2018-09-20,1477,聚陽,紡織纖維,進榜,準備,96.34,87.0,2.0,0,4.2,-7.8,6.1,-5.5,96.0,-0.3,4.5,-8.1,6.4,-5.7,2018-09
2018-09-20,1218,泰山,食品工業,進榜,準備,15.07,80.0,1.0,0,-23.3,-7.8,-17.2,-5.5,15.3,1.5,-24.4,-8.1,-18.4,-5.7,2018-09
2018-09-20,4927,泰鼎-KY,電子工業,移出,掉出掃描母體,23.75,98.0,,55,,,,,,,,,,,2018-09
2018-09-20,5269,祥碩,半導體業,移出,離高點太遠,430.5,88.0,,20,,,,,,,,,,,2018-09
2018-09-21,1434,福懋,紡織纖維,進榜,觸發,26.79,87.0,0.0,0,-12.3,-9.3,-6.2,-6.6,26.5,-1.1,-11.3,-9.3,-5.2,-6.6,2018-09
2018-09-21,1434,福懋,紡織纖維,觸發,進榜即觸發,26.79,87.0,0.0,0,-12.3,-9.3,-6.2,-6.6,26.5,-1.1,-11.3,-9.3,-5.2,-6.6,2018-09
2018-09-21,2885,元大金,金融保險,進榜,觸發,9.6,85.0,0.0,0,-6.6,-9.3,-4.7,-6.6,9.6,-0.3,-6.3,-9.3,-4.4,-6.6,2018-09
2018-09-21,2885,元大金,金融保險,觸發,進榜即觸發,9.6,85.0,0.0,0,-6.6,-9.3,-4.7,-6.6,9.6,-0.3,-6.3,-9.3,-4.4,-6.6,2018-09
2018-09-21,5907,大洋-KY,貿易百貨,進榜,準備,28.76,96.0,2.0,0,-5.4,-9.3,-5.3,-6.6,28.6,-0.7,-4.7,-9.3,-4.6,-6.6,2018-09
2018-09-21,2612,中航,航運業,進榜,準備,25.09,86.0,2.0,0,-6.2,-9.3,-8.9,-6.6,25.4,1.1,-7.2,-9.3,-9.9,-6.6,2018-09
2018-09-21,1710,東聯,化學工業,進榜,準備,29.3,81.0,3.0,0,-13.5,-9.3,-22.8,-6.6,29.3,0.1,-13.7,-9.3,-22.9,-6.6,2018-09
2018-09-21,8046,南電,電子工業,移出,掉出掃描母體,26.92,71.0,,7,,,,,,,,,,,2018-09
2018-09-25,2633,台灣高鐵,航運業,進榜,觸發,21.63,88.0,1.0,0,4.3,-9.7,9.6,-6.8,21.6,-0.2,4.5,-9.9,9.8,-7.0,2018-09
2018-09-25,2633,台灣高鐵,航運業,觸發,進榜即觸發,21.63,88.0,1.0,0,4.3,-9.7,9.6,-6.8,21.6,-0.2,4.5,-9.9,9.8,-7.0,2018-09
2018-09-25,9910,豐泰,其他,進榜,準備,110.62,98.0,2.0,0,-14.9,-9.7,-15.6,-6.8,110.1,-0.5,-14.5,-9.9,-15.2,-7.0,2018-09
2018-09-25,2031,新光鋼,鋼鐵工業,進榜,準備,30.83,96.0,3.0,0,-26.9,-9.7,-34.5,-6.8,30.8,0.0,-26.9,-9.9,-34.5,-7.0,2018-09
2018-09-25,2617,台航,航運業,進榜,準備,12.48,90.0,2.0,0,10.9,-9.7,4.9,-6.8,12.5,0.0,10.9,-9.9,4.9,-7.0,2018-09
2018-09-25,1310,台苯,塑膠工業,進榜,準備,19.54,80.0,2.0,0,-6.3,-9.7,11.2,-6.8,19.6,0.2,-6.5,-9.9,10.9,-7.0,2018-09
2018-09-25,3037,欣興,電子工業,進榜,準備,17.25,80.0,2.0,0,-19.0,-9.7,9.6,-6.8,17.0,-1.5,-17.7,-9.9,11.3,-7.0,2018-09
2018-09-25,9945,潤泰新,其他,進榜,準備,14.59,72.0,2.0,0,-18.2,-9.7,-12.6,-6.8,14.6,0.3,-18.5,-9.9,-12.8,-7.0,2018-09
2018-09-25,1476,儒鴻,紡織纖維,觸發,等待後觸發,328.99,88.0,1.0,13,-17.6,-9.7,-20.1,-6.8,312.7,-4.9,-13.4,-9.9,-16.0,-7.0,2018-09
2018-09-25,1218,泰山,食品工業,移出,掉出掃描母體,14.85,78.0,,5,,,,,,,,,,,2018-09
2018-09-26,2442,新美齊,電子工業,進榜,觸發,11.83,99.0,3.0,0,-18.1,-11.8,-16.3,-7.6,12.1,2.2,-19.9,-11.8,-18.0,-7.7,2018-09
2018-09-26,2442,新美齊,電子工業,觸發,進榜即觸發,11.83,99.0,3.0,0,-18.1,-11.8,-16.3,-7.6,12.1,2.2,-19.9,-11.8,-18.0,-7.7,2018-09
2018-09-26,9958,世紀鋼,鋼鐵工業,進榜,觸發,84.3,97.0,4.0,0,-20.0,-11.8,-41.0,-7.6,81.9,-2.8,-17.7,-11.8,-39.3,-7.7,2018-09
2018-09-26,9958,世紀鋼,鋼鐵工業,觸發,進榜即觸發,84.3,97.0,4.0,0,-20.0,-11.8,-41.0,-7.6,81.9,-2.8,-17.7,-11.8,-39.3,-7.7,2018-09
2018-09-26,2329,華泰,半導體業,進榜,觸發,13.8,86.0,3.0,0,-39.1,-11.8,-26.0,-7.6,13.7,-0.4,-38.8,-11.8,-25.6,-7.7,2018-09
2018-09-26,2329,華泰,半導體業,觸發,進榜即觸發,13.8,86.0,3.0,0,-39.1,-11.8,-26.0,-7.6,13.7,-0.4,-38.8,-11.8,-25.6,-7.7,2018-09
2018-09-26,2014,中鴻,鋼鐵工業,進榜,準備,12.76,88.0,3.0,0,-24.6,-11.8,-24.9,-7.6,12.7,-0.3,-24.3,-11.8,-24.7,-7.7,2018-09
2018-09-26,2883,凱基金,金融保險,進榜,準備,7.99,73.0,0.0,0,-15.5,-11.8,-14.4,-7.6,8.0,0.0,-15.5,-11.8,-14.4,-7.7,2018-09
2018-09-26,2108,南帝,橡膠工業,移出,掉出掃描母體,20.85,91.0,,42,,,,,,,,,,,2018-09
2018-09-26,2885,元大金,金融保險,移出,掉出掃描母體,9.6,85.0,,5,,,,,,,,,,,2018-09
2018-09-27,2885,元大金,金融保險,進榜,觸發,9.78,89.0,0.0,0,-10.7,-12.3,-7.4,-7.4,9.8,0.3,-11.0,-12.6,-7.6,-7.7,2018-09
2018-09-27,2885,元大金,金融保險,觸發,進榜即觸發,9.78,89.0,0.0,0,-10.7,-12.3,-7.4,-7.4,9.8,0.3,-11.0,-12.6,-7.6,-7.7,2018-09
2018-09-27,2547,日勝生,建材營造,進榜,準備,12.24,98.0,1.0,0,-14.0,-12.3,-19.8,-7.4,12.2,0.0,-14.0,-12.6,-19.8,-7.7,2018-09
2018-09-27,2883,凱基金,金融保險,觸發,等待後觸發,8.13,77.0,0.0,1,-16.6,-12.3,-14.7,-7.4,8.1,0.0,-16.6,-12.6,-14.7,-7.7,2018-09
2018-09-27,9945,潤泰新,其他,移出,掉出掃描母體,14.51,70.0,,2,,,,,,,,,,,2018-09
2018-09-27,2014,中鴻,鋼鐵工業,移出,晚期未觸發,12.85,87.0,,1,,,,,,,,,,,2018-09
2018-09-27,2442,新美齊,電子工業,移出,突破失敗,10.65,99.0,,1,,,,,,,,,,,2018-09
2018-09-28,1102,亞泥,水泥工業,進榜,準備,25.08,95.0,3.0,0,-25.9,-12.9,-17.0,-7.3,25.2,0.5,-26.3,-13.1,-17.4,-7.3,2018-09
2018-09-28,1722,台肥,化學工業,進榜,準備,33.24,86.0,0.0,0,-9.4,-12.9,-4.3,-7.3,33.6,1.1,-10.3,-13.1,-5.3,-7.3,2018-09
2018-09-28,1101,台泥,水泥工業,進榜,準備,23.61,84.0,2.0,0,-17.5,-12.9,-13.7,-7.3,23.8,1.0,-18.3,-13.1,-14.6,-7.3,2018-09
2018-09-28,9945,潤泰新,其他,進榜,準備,14.51,71.0,2.0,0,-20.9,-12.9,-14.8,-7.3,14.6,0.8,-21.6,-13.1,-15.5,-7.3,2018-09
2018-09-28,5907,大洋-KY,貿易百貨,觸發,等待後觸發,30.44,97.0,2.0,7,-14.5,-12.9,-11.7,-7.3,30.3,-0.4,-14.2,-13.1,-11.4,-7.3,2018-09
2018-09-28,9958,世紀鋼,鋼鐵工業,移出,突破失敗,76.63,92.0,,2,,,,,,,,,,,2018-09
2018-09-28,2612,中航,航運業,移出,掉出掃描母體,25.12,87.0,,7,,,,,,,,,,,2018-09
2018-09-28,3037,欣興,電子工業,移出,掉出掃描母體,16.61,75.0,,3,,,,,,,,,,,2018-09
2018-10-01,4764,雙鍵,化學工業,進榜,觸發,64.06,95.0,3.0,0,-22.4,-13.5,-15.3,-7.6,64.8,1.1,-23.3,-13.5,-16.2,-7.7,2018-10
2018-10-01,4764,雙鍵,化學工業,觸發,進榜即觸發,64.06,95.0,3.0,0,-22.4,-13.5,-15.3,-7.6,64.8,1.1,-23.3,-13.5,-16.2,-7.7,2018-10
2018-10-01,1718,中纖,化學工業,進榜,準備,10.31,89.0,2.0,0,-18.3,-13.5,-9.9,-7.6,10.2,-1.3,-17.2,-13.5,-8.7,-7.7,2018-10
2018-10-01,2915,潤泰全,貿易百貨,進榜,準備,47.45,75.0,3.0,0,-20.3,-13.5,-16.2,-7.6,47.5,0.2,-20.4,-13.5,-16.3,-7.7,2018-10
2018-10-02,3630,新鉅科,光電業,進榜,準備,68.3,98.0,3.0,0,-28.0,-11.9,-10.8,-8.2,67.8,-0.7,-27.5,-12.0,-10.2,-8.3,2018-10
2018-10-02,1102,亞泥,水泥工業,移出,掉出掃描母體,25.02,94.0,,4,,,,,,,,,,,2018-10
2018-10-02,1101,台泥,水泥工業,移出,掉出掃描母體,23.59,83.0,,4,,,,,,,,,,,2018-10
2018-10-02,2379,瑞昱,半導體業,移出,掉出掃描母體,99.32,80.0,,55,,,,,,,,,,,2018-10
2018-10-02,6121,新普,電腦及週邊設備業,移出,掉出掃描母體,124.41,83.0,,48,,,,,,,,,,,2018-10
2018-10-02,1476,儒鴻,紡織纖維,移出,掉出掃描母體,291.06,72.0,,20,,,,,,,,,,,2018-10
2018-10-02,2356,英業達,電子工業,移出,掉出掃描母體,18.59,85.0,,14,,,,,,,,,,,2018-10
2018-10-02,1434,福懋,紡織纖維,移出,掉出掃描母體,25.98,83.0,,11,,,,,,,,,,,2018-10
2018-10-03,2520,冠德,建材營造,進榜,準備,12.38,72.0,2.0,0,-25.5,-10.6,-11.8,-8.1,12.4,-0.2,-25.3,-10.6,-11.6,-8.1,2018-10
2018-10-03,2915,潤泰全,貿易百貨,觸發,等待後觸發,47.91,79.0,3.0,2,-19.5,-10.6,-18.8,-8.1,47.9,0.0,-19.5,-10.6,-18.8,-8.1,2018-10
2018-10-03,2883,凱基金,金融保險,移出,掉出掃描母體,7.96,71.0,,7,,,,,,,,,,,2018-10
2018-10-03,2031,新光鋼,鋼鐵工業,移出,離高點太遠,27.11,73.0,,8,,,,,,,,,,,2018-10
2018-10-04,2888,新光金,金融保險,進榜,準備,9.66,70.0,2.0,0,-13.2,-9.4,-22.6,-6.9,9.6,-0.4,-12.8,-9.1,-22.3,-6.5,2018-10
2018-10-04,2890,永豐金,金融保險,移出,掉出掃描母體,7.07,75.0,,22,,,,,,,,,,,2018-10
2018-10-04,1216,統一,食品工業,移出,掉出掃描母體,57.94,81.0,,16,,,,,,,,,,,2018-10
2018-10-04,2885,元大金,金融保險,移出,掉出掃描母體,9.66,91.0,,7,,,,,,,,,,,2018-10
2018-10-04,3630,新鉅科,光電業,移出,掉出掃描母體,67.43,99.0,,2,,,,,,,,,,,2018-10
2018-10-05,2884,玉山金,金融保險,移出,掉出掃描母體,12.52,86.0,,60,,,,,,,,,,,2018-10
2018-10-05,1722,台肥,化學工業,移出,掉出掃描母體,33.74,90.0,,7,,,,,,,,,,,2018-10
2018-10-05,2915,潤泰全,貿易百貨,移出,掉出掃描母體,47.37,76.0,,4,,,,,,,,,,,2018-10
2018-10-05,2888,新光金,金融保險,移出,掉出掃描母體,9.66,70.0,,1,,,,,,,,,,,2018-10
2018-10-05,5371,中光電,光電業,移出,掉出掃描母體,35.18,94.0,,74,,,,,,,,,,,2018-10
2018-10-05,5474,聰泰,電腦及週邊設備業,移出,離高點太遠,48.38,96.0,,42,,,,,,,,,,,2018-10
2018-10-05,1210,大成,食品工業,移出,掉出掃描母體,23.28,78.0,,22,,,,,,,,,,,2018-10
2018-10-05,1326,台化,塑膠工業,移出,掉出掃描母體,94.26,83.0,,22,,,,,,,,,,,2018-10
2018-10-05,1301,台塑,塑膠工業,移出,掉出掃描母體,84.26,77.0,,22,,,,,,,,,,,2018-10
2018-10-05,1808,潤隆,建材營造,移出,掉出掃描母體,15.11,86.0,,17,,,,,,,,,,,2018-10
2018-10-05,8415,大國鋼,鋼鐵工業,移出,離高點太遠,23.48,98.0,,16,,,,,,,,,,,2018-10
2018-10-05,9910,豐泰,其他,移出,掉出掃描母體,100.52,95.0,,10,,,,,,,,,,,2018-10
2018-10-05,2329,華泰,半導體業,移出,離高點太遠,13.07,83.0,,9,,,,,,,,,,,2018-10
2018-10-08,2885,元大金,金融保險,進榜,準備,9.63,90.0,0.0,0,-4.0,-7.6,,,9.5,-0.9,-3.1,-7.6,,,2018-10
2018-10-08,9945,潤泰新,其他,移出,掉出掃描母體,14.51,75.0,,10,,,,,,,,,,,2018-10
2018-10-08,1539,巨庭,電機機械,移出,離高點太遠,20.05,99.0,,21,,,,,,,,,,,2018-10
2018-10-08,5871,中租-KY,其他,移出,掉出掃描母體,60.64,79.0,,18,,,,,,,,,,,2018-10
2018-10-09,6452,康友-KY,生技醫療業,進榜,觸發,393.61,96.0,2.0,0,-72.9,-6.0,,,377.4,-4.1,-71.7,-2.1,,,2018-10
2018-10-09,6452,康友-KY,生技醫療業,觸發,進榜即觸發,393.61,96.0,2.0,0,-72.9,-6.0,,,377.4,-4.1,-71.7,-2.1,,,2018-10
2018-10-09,2884,玉山金,金融保險,進榜,準備,12.61,90.0,0.0,0,-5.6,-6.0,,,12.4,-1.6,-4.1,-2.1,,,2018-10
2018-10-09,2617,台航,航運業,觸發,等待後觸發,13.85,97.0,2.0,14,-8.9,-6.0,,,13.3,-4.2,-4.9,-2.1,,,2018-10
2018-10-09,2885,元大金,金融保險,移出,掉出掃描母體,9.63,90.0,,1,,,,,,,,,,,2018-10
2018-10-09,2542,興富發,建材營造,移出,掉出掃描母體,21.87,83.0,,27,,,,,,,,,,,2018-10
2018-10-09,4764,雙鍵,化學工業,移出,突破失敗,57.57,92.0,,8,,,,,,,,,,,2018-10
2018-10-11,2884,玉山金,金融保險,移出,掉出掃描母體,12.61,90.0,,2,,,,,,,,,,,2018-10
2018-10-11,2027,大成鋼,鋼鐵工業,移出,掉出掃描母體,27.05,100.0,,232,,,,,,,,,,,2018-10
2018-10-11,1402,遠東新,紡織纖維,移出,掉出掃描母體,24.57,95.0,,98,,,,,,,,,,,2018-10
2018-10-11,4119,旭富,化學生技醫療,移出,掉出掃描母體,50.35,93.0,,58,,,,,,,,,,,2018-10
2018-10-11,1904,正隆,造紙工業,移出,掉出掃描母體,17.07,98.0,,51,,,,,,,,,,,2018-10
2018-10-11,2912,統一超,貿易百貨,移出,掉出掃描母體,265.37,89.0,,50,,,,,,,,,,,2018-10
2018-10-11,6505,台塑化,油電燃氣業,移出,掉出掃描母體,109.57,88.0,,28,,,,,,,,,,,2018-10
2018-10-11,8936,國統,其他,移出,掉出掃描母體,19.41,88.0,,27,,,,,,,,,,,2018-10
2018-10-11,4942,嘉彰,光電業,移出,掉出掃描母體,18.79,96.0,,21,,,,,,,,,,,2018-10
2018-10-11,5907,大洋-KY,貿易百貨,移出,掉出掃描母體,27.78,95.0,,20,,,,,,,,,,,2018-10
2018-10-11,1710,東聯,化學工業,移出,掉出掃描母體,28.99,76.0,,20,,,,,,,,,,,2018-10
2018-10-11,2547,日勝生,建材營造,移出,掉出掃描母體,11.46,99.0,,14,,,,,,,,,,,2018-10
2018-10-11,1718,中纖,化學工業,移出,掉出掃描母體,9.64,88.0,,10,,,,,,,,,,,2018-10
2018-10-11,2520,冠德,建材營造,移出,掉出掃描母體,12.27,82.0,,8,,,,,,,,,,,2018-10
2018-10-15,2637,慧洋-KY,航運業,進榜,準備,19.91,92.0,1.0,0,-12.5,-0.7,,,20.2,1.7,-14.0,-0.9,,,2018-10
2018-10-16,2637,慧洋-KY,航運業,移出,掉出掃描母體,19.91,92.0,,1,,,,,,,,,,,2018-10
2018-10-17,2371,大同,電機機械,進榜,觸發,39.53,99.0,5.0,0,-6.4,-0.9,,,38.9,-1.6,-4.9,-1.1,,,2018-10
2018-10-17,2371,大同,電機機械,觸發,進榜即觸發,39.53,99.0,5.0,0,-6.4,-0.9,,,38.9,-1.6,-4.9,-1.1,,,2018-10
2018-10-17,2834,臺企銀,金融保險,移出,掉出掃描母體,6.25,95.0,,57,,,,,,,,,,,2018-10
2018-10-18,2856,元富證,金融保險,移出,掉出掃描母體,10.95,89.0,,42,,,,,,,,,,,2018-10
2018-10-18,1310,台苯,塑膠工業,移出,掉出掃描母體,19.75,91.0,,23,,,,,,,,,,,2018-10
2018-10-18,2371,大同,電機機械,移出,掉出掃描母體,39.53,99.0,,1,,,,,,,,,,,2018-10
2018-10-19,1704,榮化,化學工業,移出,掉出掃描母體,51.9,92.0,,88,,,,,,,,,,,2018-10
2018-10-23,1704,榮化,化學工業,進榜,準備,51.8,90.0,1.0,0,1.4,0.5,,,51.8,0.0,1.4,0.7,,,2018-10
2018-10-23,6452,康友-KY,生技醫療業,移出,掉出掃描母體,372.43,96.0,,14,,,,,,,,,,,2018-10
2018-10-24,1704,榮化,化學工業,移出,掉出掃描母體,51.8,90.0,,1,,,,,,,,,,,2018-10
2018-10-25,1704,榮化,化學工業,進榜,準備,51.8,93.0,1.0,0,1.4,3.0,,,51.7,-0.2,1.5,2.4,,,2018-10
2018-10-29,9910,豐泰,其他,進榜,準備,102.38,98.0,2.0,0,-3.4,4.4,,,102.1,-0.3,-3.1,4.5,,,2018-10
2018-10-29,1704,榮化,化學工業,移出,掉出掃描母體,51.9,94.0,,4,,,,,,,,,,,2018-10
2018-10-30,2912,統一超,貿易百貨,進榜,準備,265.75,96.0,2.0,0,-6.9,5.0,,,265.4,-0.1,-6.8,4.4,,,2018-10
2018-10-31,1704,榮化,化學工業,進榜,準備,51.9,93.0,1.0,0,0.6,4.3,,,51.9,0.0,0.6,4.1,,,2018-10
2018-11-01,4958,臻鼎-KY,電子零組件業,進榜,準備,54.0,91.0,2.0,0,8.6,3.6,,,53.6,-0.8,9.5,3.2,,,2018-11
2018-11-01,1216,統一,食品工業,進榜,準備,56.38,88.0,1.0,0,-5.2,3.6,,,56.4,0.0,-5.2,3.2,,,2018-11
2018-11-01,2617,台航,航運業,移出,離高點太遠,12.94,92.0,,37,,,,,,,,,,,2018-11
2018-11-01,9910,豐泰,其他,移出,掉出掃描母體,98.92,98.0,,3,,,,,,,,,,,2018-11
2018-11-02,2501,國建,建材營造,進榜,準備,12.74,92.0,1.0,0,6.9,3.4,,,12.7,-0.5,7.5,3.6,,,2018-11
2018-11-02,4958,臻鼎-KY,電子零組件業,移出,掉出掃描母體,54.0,91.0,,1,,,,,,,,,,,2018-11
2018-11-02,1216,統一,食品工業,移出,掉出掃描母體,56.38,88.0,,1,,,,,,,,,,,2018-11
2018-11-05,1216,統一,食品工業,進榜,準備,56.46,90.0,1.0,0,-3.9,5.1,,,56.8,0.5,-4.4,4.8,,,2018-11
2018-11-05,8936,國統,其他,進榜,準備,19.41,90.0,3.0,0,-10.5,5.1,,,19.7,1.8,-12.1,4.8,,,2018-11
2018-11-05,2912,統一超,貿易百貨,移出,掉出掃描母體,262.3,95.0,,6,,,,,,,,,,,2018-11
2018-11-06,6266,泰詠,電子零組件業,進榜,準備,7.98,95.0,3.0,0,32.3,5.7,,,8.0,0.6,31.6,5.1,,,2018-11
2018-11-06,1216,統一,食品工業,移出,掉出掃描母體,56.46,90.0,,1,,,,,,,,,,,2018-11
2018-11-07,3455,由田,光電業,進榜,準備,32.69,92.0,3.0,0,38.3,3.8,,,33.5,2.3,35.2,3.1,,,2018-11
2018-11-07,5907,大洋-KY,貿易百貨,進榜,準備,27.62,91.0,3.0,0,-5.0,3.8,,,28.1,1.8,-6.7,3.1,,,2018-11
2018-11-07,1216,統一,食品工業,進榜,準備,56.24,90.0,1.0,0,-8.8,3.8,,,55.9,-0.5,-8.3,3.1,,,2018-11
2018-11-07,1476,儒鴻,紡織纖維,進榜,準備,302.28,84.0,2.0,0,-14.9,3.8,,,303.8,0.5,-15.3,3.1,,,2018-11
2018-11-08,2834,臺企銀,金融保險,進榜,準備,6.25,93.0,0.0,0,-0.5,1.6,,,6.3,0.0,-0.5,1.7,,,2018-11
2018-11-08,1310,台苯,塑膠工業,進榜,準備,19.58,90.0,3.0,0,10.5,1.6,,,19.1,-2.5,13.4,1.7,,,2018-11
2018-11-08,2501,國建,建材營造,觸發,等待後觸發,13.52,93.0,1.0,6,-2.0,1.6,,,13.5,0.0,-2.0,1.7,,,2018-11
2018-11-08,1216,統一,食品工業,移出,掉出掃描母體,56.24,90.0,,1,,,,,,,,,,,2018-11
2018-11-09,9910,豐泰,其他,進榜,準備,101.58,97.0,2.0,0,0.0,2.8,,,101.1,-0.5,0.5,2.8,,,2018-11
2018-11-09,1704,榮化,化學工業,移出,掉出掃描母體,51.9,91.0,,9,,,,,,,,,,,2018-11
2018-11-09,2834,臺企銀,金融保險,移出,掉出掃描母體,6.25,93.0,,1,,,,,,,,,,,2018-11
2018-11-09,1310,台苯,塑膠工業,移出,掉出掃描母體,19.58,90.0,,1,,,,,,,,,,,2018-11
2018-11-12,4942,嘉彰,光電業,進榜,準備,19.37,97.0,1.0,0,15.0,1.9,,,18.8,-3.2,18.8,3.2,,,2018-11
2018-11-12,1704,榮化,化學工業,進榜,準備,52.2,90.0,1.0,0,-0.8,1.9,,,52.2,0.0,-0.8,3.2,,,2018-11
2018-11-12,5907,大洋-KY,貿易百貨,移出,掉出掃描母體,27.99,91.0,,5,,,,,,,,,,,2018-11
2018-11-13,3511,矽瑪,電子零組件業,進榜,準備,21.14,100.0,3.0,0,-7.1,2.5,,,21.1,-0.2,-6.9,2.0,,,2018-11
2018-11-13,4927,泰鼎-KY,電子工業,進榜,準備,25.23,98.0,2.0,0,0.0,2.5,,,25.7,1.8,-1.7,2.0,,,2018-11
2018-11-13,4958,臻鼎-KY,電子零組件業,進榜,準備,53.78,85.0,2.0,0,9.0,2.5,,,53.8,0.0,9.0,2.0,,,2018-11
2018-11-14,2834,臺企銀,金融保險,進榜,觸發,6.31,92.0,0.0,0,-0.5,2.9,,,6.3,0.0,-0.5,2.8,,,2018-11
2018-11-14,2834,臺企銀,金融保險,觸發,進榜即觸發,6.31,92.0,0.0,0,-0.5,2.9,,,6.3,0.0,-0.5,2.8,,,2018-11
2018-11-14,8936,國統,其他,移出,掉出掃描母體,19.66,91.0,,9,,,,,,,,,,,2018-11
2018-11-15,2547,日勝生,建材營造,進榜,準備,11.42,98.0,2.0,0,-8.7,2.8,,,11.4,0.0,-8.7,2.6,,,2018-11
2018-11-15,1310,台苯,塑膠工業,進榜,準備,19.58,84.0,3.0,0,9.2,2.8,,,19.7,0.4,8.8,2.6,,,2018-11
2018-11-15,1477,聚陽,紡織纖維,觸發,等待後觸發,107.42,95.0,2.0,56,-2.6,2.8,,,107.7,0.3,-2.9,2.6,,,2018-11
2018-11-16,2371,大同,電機機械,進榜,觸發,39.29,100.0,5.0,0,-21.0,2.2,,,39.0,-0.7,-20.4,1.9,,,2018-11
2018-11-16,2371,大同,電機機械,觸發,進榜即觸發,39.29,100.0,5.0,0,-21.0,2.2,,,39.0,-0.7,-20.4,1.9,,,2018-11
2018-11-16,6230,尼得科超眾,電子工業,進榜,觸發,99.34,97.0,1.0,0,-7.0,2.2,,,99.3,0.0,-7.0,1.9,,,2018-11
2018-11-16,6230,尼得科超眾,電子工業,觸發,進榜即觸發,99.34,97.0,1.0,0,-7.0,2.2,,,99.3,0.0,-7.0,1.9,,,2018-11
2018-11-19,1216,統一,食品工業,進榜,準備,56.38,86.0,1.0,0,-8.4,1.5,,,56.1,-0.5,-7.9,1.9,,,2018-11
2018-11-19,3455,由田,光電業,觸發,等待後觸發,41.21,99.0,3.0,12,13.4,1.5,,,41.3,0.3,13.1,1.9,,,2018-11
2018-11-19,3511,矽瑪,電子零組件業,移出,晚期未觸發,19.8,99.0,,6,,,,,,,,,,,2018-11
2018-11-20,3454,晶睿,光電業,進榜,觸發,81.52,97.0,1.0,0,-5.9,1.1,,,81.9,0.5,-6.4,1.5,,,2018-11
2018-11-20,3454,晶睿,光電業,觸發,進榜即觸發,81.52,97.0,1.0,0,-5.9,1.1,,,81.9,0.5,-6.4,1.5,,,2018-11
2018-11-20,2834,臺企銀,金融保險,移出,掉出掃描母體,6.31,92.0,,6,,,,,,,,,,,2018-11
2018-11-20,2547,日勝生,建材營造,移出,掉出掃描母體,11.32,97.0,,5,,,,,,,,,,,2018-11
2018-11-20,1216,統一,食品工業,移出,掉出掃描母體,56.38,86.0,,1,,,,,,,,,,,2018-11
2018-11-22,1310,台苯,塑膠工業,觸發,等待後觸發,20.73,93.0,3.0,7,0.0,0.4,,,20.7,0.0,0.0,0.4,,,2018-11
2018-11-22,6230,尼得科超眾,電子工業,移出,掉出掃描母體,97.93,96.0,,6,,,,,,,,,,,2018-11
2018-11-26,9910,豐泰,其他,移出,掉出掃描母體,99.72,97.0,,17,,,,,,,,,,,2018-11
2018-11-27,1808,潤隆,建材營造,進榜,準備,14.51,71.0,2.0,0,-4.0,0.0,,,14.5,0.2,-4.2,0.0,,,2018-11
2018-11-27,4942,嘉彰,光電業,觸發,等待後觸發,21.88,99.0,1.0,15,-3.5,0.0,,,22.5,3.0,-6.3,0.0,,,2018-11
2018-11-28,9910,豐泰,其他,進榜,準備,103.18,96.0,2.0,0,-11.6,-1.1,,,103.7,0.5,-12.1,-1.7,,,2018-11
2018-11-28,2834,臺企銀,金融保險,進榜,準備,6.25,92.0,0.0,0,-3.8,-1.1,,,6.3,0.9,-4.7,-1.7,,,2018-11
2018-11-29,2834,臺企銀,金融保險,移出,掉出掃描母體,6.25,92.0,,1,,,,,,,,,,,2018-11
2018-11-30,1515,力山,電機機械,進榜,準備,44.07,98.0,1.0,0,20.2,-1.4,,,44.5,0.9,19.2,-2.0,,,2018-11
2018-11-30,3491,昇達科,通信網路業,進榜,準備,60.42,86.0,1.0,0,-3.6,-1.4,,,62.6,3.7,-7.0,-2.0,,,2018-11
2018-12-03,2834,臺企銀,金融保險,進榜,準備,6.25,90.0,0.0,0,-2.8,-2.3,,,6.3,0.0,-2.8,-2.3,,,2018-12
2018-12-04,2913,農林,貿易百貨,進榜,準備,17.65,94.0,1.0,0,,,,,17.5,-0.8,,,,,2018-12
2018-12-04,1515,力山,電機機械,觸發,等待後觸發,47.27,99.0,1.0,4,,,,,45.8,-3.1,,,,,2018-12
2018-12-04,1808,潤隆,建材營造,移出,掉出掃描母體,14.48,74.0,,7,,,,,,,,,,,2018-12
2018-12-04,1476,儒鴻,紡織纖維,移出,掉出掃描母體,292.99,74.0,,27,,,,,,,,,,,2018-12
2018-12-05,1532,勤美,電機機械,進榜,觸發,22.66,92.0,2.0,0,,,,,22.8,0.6,,,,,2018-12
2018-12-05,1532,勤美,電機機械,觸發,進榜即觸發,22.66,92.0,2.0,0,,,,,22.8,0.6,,,,,2018-12
2018-12-05,1722,台肥,化學工業,進榜,準備,33.13,89.0,1.0,0,,,,,33.1,0.0,,,,,2018-12
2018-12-05,2371,大同,電機機械,移出,掉出掃描母體,37.18,98.0,,19,,,,,,,,,,,2018-12
2018-12-06,1704,榮化,化學工業,移出,掉出掃描母體,52.0,91.0,,24,,,,,,,,,,,2018-12
2018-12-06,2913,農林,貿易百貨,移出,掉出掃描母體,17.75,95.0,,2,,,,,,,,,,,2018-12
2018-12-06,1722,台肥,化學工業,移出,掉出掃描母體,33.13,89.0,,1,,,,,,,,,,,2018-12
2018-12-06,3454,晶睿,光電業,移出,離高點太遠,77.2,94.0,,16,,,,,,,,,,,2018-12
2018-12-10,6552,易華電,半導體業,進榜,觸發,106.45,100.0,5.0,0,,,,,109.4,2.8,,,,,2018-12
2018-12-10,6552,易華電,半導體業,觸發,進榜即觸發,106.45,100.0,5.0,0,,,,,109.4,2.8,,,,,2018-12
2018-12-10,2633,台灣高鐵,航運業,移出,掉出掃描母體,23.56,97.0,,76,,,,,,,,,,,2018-12
2018-12-10,9910,豐泰,其他,移出,掉出掃描母體,101.58,97.0,,12,,,,,,,,,,,2018-12
2018-12-12,5288,豐祥-KY,電機機械,進榜,準備,77.01,96.0,1.0,0,,,,,77.7,0.9,,,,,2018-12
2018-12-12,2404,漢唐,其他電子業,進榜,準備,51.05,88.0,3.0,0,,,,,51.1,0.1,,,,,2018-12
2018-12-12,5907,大洋-KY,貿易百貨,進榜,準備,28.27,81.0,3.0,0,,,,,28.3,0.0,,,,,2018-12
2018-12-13,4728,雙美,生技醫療業,進榜,準備,41.48,99.0,2.0,0,,,,,41.8,0.8,,,,,2018-12
2018-12-13,6176,瑞儀,光電業,進榜,準備,65.47,98.0,3.0,0,,,,,64.8,-1.0,,,,,2018-12
2018-12-17,6230,尼得科超眾,電子工業,進榜,準備,96.06,91.0,1.0,0,,,,,96.1,0.0,,,,,2018-12
2018-12-17,1477,聚陽,紡織纖維,移出,掉出掃描母體,103.73,94.0,,88,,,,,,,,,,,2018-12
2018-12-18,2458,義隆,半導體業,進榜,準備,46.08,93.0,2.0,0,,,,,46.7,1.3,,,,,2018-12
2018-12-18,6230,尼得科超眾,電子工業,觸發,等待後觸發,105.43,96.0,1.0,1,,,,,112.5,6.7,,,,,2018-12
2018-12-18,2834,臺企銀,金融保險,移出,掉出掃描母體,6.22,85.0,,15,,,,,,,,,,,2018-12
2018-12-19,1704,榮化,化學工業,進榜,準備,52.7,92.0,1.0,0,,,,,52.7,0.0,,,,,2018-12
2018-12-20,6266,泰詠,電子零組件業,移出,晚期未觸發,9.79,98.0,,44,,,,,,,,,,,2018-12
2018-12-20,4942,嘉彰,光電業,移出,離高點太遠,20.98,97.0,,38,,,,,,,,,,,2018-12
2018-12-24,3338,泰碩,電子工業,進榜,準備,27.75,100.0,2.0,0,,,,,27.2,-2.1,,,,,2018-12
2018-12-24,6470,宇智,通信網路業,進榜,準備,31.12,97.0,1.0,0,,,,,30.4,-2.2,,,,,2018-12
2018-12-24,1704,榮化,化學工業,觸發,等待後觸發,52.8,87.0,1.0,5,,,,,52.7,-0.2,,,,,2018-12
2018-12-25,8038,長園科,電子零組件業,進榜,準備,62.79,100.0,2.0,0,,,,,63.7,1.4,,,,,2018-12
2018-12-25,3455,由田,光電業,移出,離高點太遠,43.31,98.0,,48,,,,,,,,,,,2018-12
2018-12-25,4927,泰鼎-KY,電子工業,移出,掉出掃描母體,25.45,96.0,,42,,,,,,,,,,,2018-12
2018-12-25,6552,易華電,半導體業,移出,離高點太遠,100.04,98.0,,15,,,,,,,,,,,2018-12
2018-12-25,5907,大洋-KY,貿易百貨,移出,掉出掃描母體,27.0,71.0,,13,,,,,,,,,,,2018-12
2018-12-26,2404,漢唐,其他電子業,移出,晚期未觸發,53.65,94.0,,14,,,,,,,,,,,2018-12
2018-12-26,6470,宇智,通信網路業,移出,離高點太遠,27.51,95.0,,2,,,,,,,,,,,2018-12
2018-12-27,1507,永大,電機機械,進榜,準備,53.73,94.0,1.0,0,,,,,53.7,0.0,,,,,2018-12
2018-12-27,1310,台苯,塑膠工業,移出,掉出掃描母體,20.08,86.0,,42,,,,,,,,,,,2018-12
2018-12-28,3548,兆利,電子零組件業,進榜,準備,43.47,94.0,1.0,0,,,,,,,,,,,2018-12
